0	0	0	0	0	0	0	0	0	0	0	0	0	0	0	0	0	0	0	0	0	0	0	0	0	0	0	0	0	0	0	0	0	0	0	0	0	0	0	0	0	0	0	0	0	0	0	0	0	0	0	0	0	0	0	0	0	0	0	0	0	0	0	0	0	0	0	0	0	0	0	0	0	0	0	0	0	0	0	0	0	0	0	0	0	0	0	0	0	0	0	0	0	0	0	0	0	0	0	0	0	12	12	12	12	12	12	12	12	12	12	12	12	12	12	12	12	12	12	12	12	12	12	12	12	12	12	12	12	12	12	12	12	12	12	12	12	12	12	12	12	12	12	12	12	12	12	12	12	12	12	12	12	12	12	12	12	12	12	12	12	12	12	12	12	12	12	12	12	12	12	12	12	12	12	12	12	12	12	12	12	12	12	12	12	12	12	12	12	12	12	12	12	12	12	12	12	12	12	12	12	24	24	24	24	24	24	24	24	24	24	24	24	24	24	24	24	24	24	24	24	24	24	24	24	24	24	24	24	24	24	24	24	24	24	24	24	24	24	24	24	24	24	24	24	24	24	24	24	24	24	24	24	24	24	24	24	24	24	24	24	24	24	24	24	24	24	24	24	24	24	24	24	24	24	24	24	24	24	24	24	24	24	24	24	24	24	24	24	24	24	24	24	24	24	24	24	24	24	24	24	48	48	48	48	48	48	48	48	48	48	48	48	48	48	48	48	48	48	48	48	48	48	48	48	48	48	48	48	48	48	48	48	48	48	48	48	48	48	48	48	48	48	48	48	48	48	48	48	48	48	48	48	48	48	48	48	48	48	48	48	48	48	48	48	48	48	48	48	48	48	48	48	48	48	48	48	48	48	48	48	48	48	48	48	48	48	48	48	48	48	48	48	48	48	48	48	48	48	48	48	72	72	72	72	72	72	72	72	72	72	72	72	72	72	72	72	72	72	72	72	72	72	72	72	72	72	72	72	72	72	72	72	72	72	72	72	72	72	72	72	72	72	72	72	72	72	72	72	72	72	72	72	72	72	72	72	72	72	72	72	72	72	72	72	72	72	72	72	72	72	72	72	72	72	72	72	72	72	72	72	72	72	72	72	72	72	72	72	72	72	72	72	72	72	72	72	72	72	72	72	96	96	96	96	96	96	96	96	96	96	96	96	96	96	96	96	96	96	96	96	96	96	96	96	96	96	96	96	96	96	96	96	96	96	96	96	96	96	96	96	96	96	96	96	96	96	96	96	96	96	96	96	96	96	96	96	96	96	96	96	96	96	96	96	96	96	96	96	96	96	96	96	96	96	96	96	96	96	96	96	96	96	96	96	96	96	96	96	96	96	96	96	96	96	96	96	96	96	96	96	120	120	120	120	120	120	120	120	120	120	120	120	120	120	120	120	120	120	120	120	120	120	120	120	120	120	120	120	120	120	120	120	120	120	120	120	120	120	120	120	120	120	120	120	120	120	120	120	120	120	120	120	120	120	120	120	120	120	120	120	120	120	120	120	120	120	120	120	120	120	120	120	120	120	120	120	120	120	120	120	120	120	120	120	120	120	120	120	120	120	120	120	120	120	120	120	120	120	120	120	144	144	144	144	144	144	144	144	144	144	144	144	144	144	144	144	144	144	144	144	144	144	144	144	144	144	144	144	144	144	144	144	144	144	144	144	144	144	144	144	144	144	144	144	144	144	144	144	144	144	144	144	144	144	144	144	144	144	144	144	144	144	144	144	144	144	144	144	144	144	144	144	144	144	144	144	144	144	144	144	144	144	144	144	144	144	144	144	144	144	144	144	144	144	144	144	144	144	144	144	180	180	180	180	180	180	180	180	180	180	180	180	180	180	180	180	180	180	180	180	180	180	180	180	180	180	180	180	180	180	180	180	180	180	180	180	180	180	180	180	180	180	180	180	180	180	180	180	180	180	180	180	180	180	180	180	180	180	180	180	180	180	180	180	180	180	180	180	180	180	180	180	180	180	180	180	180	180	180	180	180	180	180	180	180	180	180	180	180	180	180	180	180	180	180	180	180	180	180	180	240	240	240	240	240	240	240	240	240	240	240	240	240	240	240	240	240	240	240	240	240	240	240	240	240	240	240	240	240	240	240	240	240	240	240	240	240	240	240	240	240	240	240	240	240	240	240	240	240	240	240	240	240	240	240	240	240	240	240	240	240	240	240	240	240	240	240	240	240	240	240	240	240	240	240	240	240	240	240	240	240	240	240	240	240	240	240	240	240	240	240	240	240	240	240	240	240	240	240	240	300	300	300	300	300	300	300	300	300	300	300	300	300	300	300	300	300	300	300	300	300	300	300	300	300	300	300	300	300	300	300	300	300	300	300	300	300	300	300	300	300	300	300	300	300	300	300	300	300	300	300	300	300	300	300	300	300	300	300	300	300	300	300	300	300	300	300	300	300	300	300	300	300	300	300	300	300	300	300	300	300	300	300	300	300	300	300	300	300	300	300	300	300	300	300	300	300	300	300	300
0	0	0	0	0	0	0	0	0	0	0	0	0	0	0	0	0	0	0	0	0	0	0	0	0	0	0	0	0	0	0	0	0	0	0	0	0	0	0	0	0	0	0	0	0	0	0	0	0	0	0	0	0	0	0	0	0	0	0	0	0	0	0	0	0	0	0	0	0	0	0	0	0	0	0	0	0	0	0	0	0	0	0	0	0	0	0	0	0	0	0	0	0	0	0	0	0	0	0	0	0	100	100	100	100	100	100	100	100	100	100	100	100	100	100	100	100	100	100	100	100	100	100	100	100	100	100	100	100	100	100	100	100	100	100	100	100	100	100	100	100	100	100	100	100	100	100	100	100	100	100	100	100	100	100	100	100	100	100	100	100	100	100	100	100	100	100	100	100	100	100	100	100	100	100	100	100	100	100	100	100	100	100	100	100	100	100	100	100	100	100	100	100	100	100	100	100	100	100	100	100	100	100	100	100	100	100	100	100	100	100	100	100	100	100	100	100	100	100	100	100	100	100	100	100	100	100	100	100	100	100	100	100	100	100	100	100	100	100	100	100	100	100	100	100	100	100	100	100	100	100	100	100	100	100	100	100	100	100	100	100	100	100	100	100	100	100	100	100	100	100	100	100	100	100	100	100	100	100	100	100	100	100	100	100	100	100	100	100	100	100	100	100	100	100	100	100	100	100	100	100	100	100	100	100	100	100	100	100	100	100	100	100	100	100	100	100	100	100	100	100	100	100	100	100	100	100	100	100	100	100	100	100	100	100	100	100	100	100	100	100	100	100	100	100	100	100	100	100	100	100	100	100	100	100	100	100	100	100	100	100	100	100	100	100	100	100	100	100	100	100	100	100	100	100	100	100	100	100	100	100	100	100	100	100	100	100	100	100	100	100	100	100	100	100	100	100	100	100	100	100	100	100	100	100	100	100	100	100	100	100	100	100	100	100	100	100	100	100	100	100	100	100	100	100	100	100	100	100	100	100	100	100	100	100	100	100	100	100	100	100	100	100	100	100	100	100	100	100	100	100	100	100	100	100	100	100	100	100	100	100	100	100	100	100	100	100	100	100	100	100	100	100	100	100	100	100	100	100	100	100	100	100	100	100	100	100	100	100	100	100	100	100	100	100	100	100	100	100	100	100	100	100	100	100	100	100	100	100	100	100	100	100	100	100	100	100	100	100	100	100	100	100	100	100	100	100	100	100	100	100	100	100	100	100	100	100	100	100	100	100	100	100	100	100	100	100	100	100	100	100	100	100	100	100	100	100	100	100	100	100	100	100	100	100	100	100	100	100	100	100	100	100	100	100	100	100	100	100	100	100	100	100	100	100	100	100	100	100	100	100	100	100	100	100	100	100	100	100	100	100	100	100	100	100	100	100	100	100	100	100	100	100	100	100	100	100	100	100	100	100	100	100	100	100	100	100	100	100	100	100	100	100	100	100	100	100	100	100	100	100	100	100	100	100	100	100	100	100	100	100	100	100	100	100	100	100	100	100	100	100	100	100	100	100	100	100	100	100	100	100	100	100	100	100	100	100	100	100	100	100	100	100	100	100	100	100	100	100	100	100	100	100	100	100	100	100	100	100	100	100	100	100	100	100	100	100	100	100	100	100	100	100	100	100	100	100	100	100	100	100	100	100	100	100	100	100	100	100	100	100	100	100	100	100	100	100	100	100	100	100	100	100	100	100	100	100	100	100	100	100	100	100	100	100	100	100	100	100	100	100	100	100	100	100	100	100	100	100	100	100	100	100	100	100	100	100	100	100	100	100	100	100	100	100	100	100	100	100	100	100	100	100	100	100	100	100	100	100	100	100	100	100	100	100	100	100	100	100	100	100	100	100	100	100	100	100	100	100	100	100	100	100	100	100	100	100	100	100	100	100	100	100	100	100	100	100	100	100	100	100	100	100	100	100	100	100	100	100	100	100	100	100	100	100	100	100	100	100	100	100	100	100	100	100	100	100	100	100	100	100	100	100	100	100	100	100	100	100	100	100	100	100	100	100	100	100	100	100	100	100	100	100	100	100	100	100	100	100	100	100	100	100	100	100	100	100	100	100	100	100	100	100	100	100	100	100	100	100	100	100	100	100	100	100	100	100	100	100	100	100	100	100	100	100	100	100	100	100	100	100	100	100	100	100	100	100	100	100	100	100	100	100	100	100	100	100	100	100	100	100	100	100	100	100	100	100	100	100	100	100	100	100	100	100	100	100	100	100	100	100	100	100	100	100	100	100	100	100	100	100	100	100	100	100	100	100	100	100	100	100	100	100	100	100	100	100	100	100	100	100	100	100	100	100	100	100	100	100	100	100	100	100	100	100	100	100	100	100	100	100	100	100	100	100	100	100	100	100	100	100	100	100	100	100	100	100	100	100	100	100	100	100	100	100	100	100	100	100	100	100	100	100	100	100	100	100	100	100	100	100	100	100	100	100	100	100	100	100	100	100	100	100	100	100	100	100	100	100	100	100	100	100	100	100	100	100	100	100	100	100
1	0	0	0	0	0	0	0	0	0	0	0	0	0	0	0	0	0	0	0	0	0	0	0	0	0	0	0	0	0	0	0	0	0	0	0	0	0	0	0	0	0	0	0	0	0	0	0	0	0	0	0	0	0	0	0	0	0	0	0	0	0	0	0	0	0	0	0	0	0	0	0	0	0	0	0	0	0	0	0	0	0	0	0	0	0	0	0	0	0	0	0	0	0	0	0	0	0	0	0	0	0	0	0	0	0	146	0	0	0	0	0	0	0	0	0	0	0	0	0	218	29	152	0	1	0	0	0	15	0	5	0	0	0	0	66	0	0	0	191	0	0	0	0	0	0	14	0	46	10	0	0	0	77	28	0	72	0	0	34	22	1	3	0	1	7	0	0	27	0	0	0	0	23	0	0	0	18	0	62	0	275	5	3	0	67	8	3	29	0	187	0	0	0	0	0	16	0	0	30	1	0	0	14	0	0	6	13	12	0	0	9	1	5	0	42	0	16	47	0	9	2	22	0	0	9	79	0	0	108	15	0	0	3	16	0	0	3	0	152	0	8	2	0	23	0	4	9	12	6	0	11	13	0	34	0	20	15	0	75	11	101	0	0	0	1	0	0	94	7	0	0	0	1	14	0	0	12	15	113	0	9	0	0	11	0	0	13	0	0	2	0	18	0	0	83	0	12	29	0	0	90	74	169	0	39	0	0	48	7	23	62	0	7	1	42	3	3	188	0	9	8	42	0	12	0	53	133	18	21	14	0	3	47	29	141	42	39	0	0	230	19	2	0	77	0	57	129	11	0	114	1	10	20	2	0	1	0	86	0	3	0	70	42	8	1	167	76	88	0	0	2	0	0	1	21	0	0	10	19	1	0	63	32	0	0	9	22	16	81	13	48	133	10	12	155	0	2	0	48	0	213	72	95	10	0	140	8	4	8	130	86	85	11	1	37	100	34	0	6	0	10	44	59	8	18	0	7	27	91	42	151	22	41	35	79	19	64	0	144	0	78	4	13	63	28	0	49	1	62	1	6	103	101	4	20	13	3	64	69	27	27	5	0	43	251	158	1	43	10	67	0	6	0	0	6	1	325	36	40	105	34	8	10	78	142	0	0	81	0	33	66	21	53	189	0	46	54	0	26	0	27	69	6	3	49	0	17	16	89	188	0	112	14	0	97	0	83	17	8	54	0	36	187	113	60	181	130	144	3	0	125	82	0	59	70	0	0	53	27	49	37	38	209	7	9	2	170	57	44	44	28	2	159	7	14	81	39	57	3	60	1	15	77	36	111	11	36	23	11	20	45	87	54	0	284	61	93	0	80	54	13	126	0	23	0	16	112	207	0	1	52	2	97	76	399	84	0	114	22	23	144	32	59	133	191	98	0	53	0	83	0	38	20	72	167	42	96	62	209	32	0	79	171	170	150	21	18	171	9	58	158	58	60	61	106	85	0	260	149	13	175	58	104	64	28	71	21	7	100	57	19	24	127	42	27	42	9	65	121	137	33	0	221	0	115	112	0	18	13	76	65	273	18	32	55	155	92	148	107	0	10	98	112	177	15	45	0	214	108	84	0	60	160	101	81	41	30	47	141	61	0	103	81	23	41	43	47	31	73	149	182	62	16	162	92	12	28	50	93	46	89	62	49	20	184	51	164	263	195	70	135	118	7	65	144	23	10	21	1	46	15	17	35	62	189	54	99	102	106	108	131	0	0	210	6	383	129	55	178	125	65	52	30	3	17	128	66	191	118	227	187	26	0	0	56	35	42	0	150	0	14	0	20	85	56	83	180	370	15	316	30	100	0	48	148	112	31	163	0	71	88	54	84	58	193	175	55	18	261	107	77	113	139	356	57	53	108	73	87	0	1	38	69	117	89	0	0	19	7	25	24	110	55	141	1	80	0	71	48	46	85	116	133	34	101	4	159	3	78	0	96	27	223	131	145	112	44	66	37	147	69	109	179	283	64	121	70	83	63	23	76	2	214	58	56	67	64	154	146	190	63	65	24	74	44	38	69	6	8	108	49	114	40	36	52	36	31	119	71	92	68	155	143	246	146	250	98	167	63	44	180	262	162	200	12	58	56	150	61	55	41	112	42	87	40	142	213	65	136	0	120	18	259	93	186	97	85	134	115	28	99	41	41	65	106	35	186	151	90	20	220	71	15	27	46	77	33	186	116	28	144	109	37	71	66	137	51	20	92	77	44	141	20	150	57	121	50	74	215	47	277	52	114	163	20	1	132	139	62	60	67	141	2	32	0	79	221	1	120	41	190	118	69	148	42	59	129	77	173	81	63	13	18	156	185	39	87	81	21	65	199	44	120	34	33	70	65	82	214	142	6	81	114	24	220	43	177	18	171	115	32	137	57	38	33	223	130	12	130	132	102	94	4	6	124	31	87	50	37	21	66	24	36	44	39	137	118	31	104	80	14	1	110	89	170	153	71	34	15	95	41	121	16	99	7	218	134	97	96	45	154	50	92	43	104	68	231	199	233	129
2	0	0	0	0	0	0	0	0	0	0	0	0	0	0	0	0	0	0	0	0	0	0	0	0	0	0	0	0	0	0	0	0	0	0	0	0	0	0	0	0	0	0	0	0	0	0	0	0	0	0	0	0	0	0	0	0	0	0	0	0	0	0	0	0	0	0	0	0	0	0	0	0	0	0	0	0	0	0	0	0	0	0	0	0	0	0	0	0	0	0	0	0	0	0	0	0	0	0	0	0	0	0	0	0	0	0	0	0	0	0	0	27	0	0	13	0	0	8	15	0	0	34	19	28	0	0	0	0	0	0	25	0	142	0	0	6	0	0	33	9	0	0	0	10	0	3	0	5	41	0	0	0	100	0	0	41	0	0	0	0	2	8	0	0	135	6	0	147	0	4	0	0	62	0	2	0	0	8	0	0	45	84	174	0	7	50	0	0	18	0	0	47	0	0	0	0	0	8	7	2	8	24	2	0	34	0	5	0	0	0	0	76	0	0	0	2	0	126	47	0	1	6	40	0	0	7	1	1	0	0	0	0	0	0	0	0	74	0	0	2	39	1	0	2	0	0	1	9	16	34	126	42	0	0	11	1	0	0	133	0	4	0	0	0	0	32	0	34	0	0	21	0	0	0	0	41	0	0	165	0	0	0	0	0	0	13	38	1	0	0	95	0	0	0	0	0	32	14	95	1	2	3	5	0	0	0	0	10	10	0	148	13	4	0	41	2	0	8	0	0	0	76	10	0	0	20	1	0	0	575	0	7	9	9	38	0	0	18	0	129	0	2	35	66	0	55	6	2	0	73	0	19	70	1	0	1	0	46	28	0	48	24	9	0	0	88	85	2	2	6	0	0	0	2	29	0	0	4	31	1	12	4	0	7	0	0	5	2	128	55	0	2	6	2	139	23	3	0	1	104	217	34	105	1	31	7	22	231	101	37	6	64	9	7	0	1	24	31	10	0	0	0	59	0	172	0	1	26	178	24	241	0	1	0	8	0	1	0	3	0	69	6	54	102	13	4	0	0	0	0	4	33	80	0	33	52	0	25	80	2	0	5	0	0	26	10	13	0	6	133	0	0	46	22	0	16	101	132	147	3	44	0	0	191	130	0	0	37	0	43	3	11	69	17	0	87	131	1	11	0	47	96	5	0	41	0	45	0	152	73	1	73	7	0	40	28	162	170	10	207	47	58	131	73	47	89	5	65	0	0	46	298	78	20	0	10	5	64	25	4	26	85	75	0	43	0	43	51	5	169	118	0	296	53	0	42	28	173	1	87	52	0	14	0	43	0	6	152	55	0	19	138	108	74	84	1	186	22	184	176	0	129	26	2	0	80	61	1	1	0	187	0	7	7	23	79	0	0	7	102	83	34	120	41	85	5	0	11	139	24	6	68	48	87	57	74	77	67	62	117	2	202	12	8	129	100	0	68	2	45	78	2	0	7	186	88	10	78	243	46	44	258	0	56	33	52	93	28	76	88	82	104	146	0	26	0	11	15	71	94	77	0	314	3	17	80	37	36	10	50	71	121	54	0	56	91	143	94	33	6	13	53	17	90	11	122	0	125	59	152	67	25	48	0	119	21	286	47	259	143	10	29	63	77	79	48	41	141	71	95	90	73	167	19	23	56	223	58	16	66	114	1	164	1	100	201	182	2	60	29	29	0	0	6	168	105	0	0	46	143	55	77	26	49	100	109	58	16	149	44	120	3	45	246	127	39	16	154	94	205	203	86	18	5	185	6	42	14	148	19	29	67	1	0	24	45	0	0	0	4	0	15	103	19	0	72	128	214	122	178	82	175	3	49	150	46	12	30	33	0	101	71	30	171	25	24	82	38	73	26	24	60	80	153	119	166	41	145	168	0	0	55	10	106	93	0	0	20	5	229	144	173	119	267	0	159	0	101	141	89	87	69	156	91	123	0	70	6	85	0	92	280	27	273	153	39	223	122	38	34	102	103	103	165	26	135	197	135	113	158	187	6	153	90	73	19	150	65	112	417	3	15	117	2	69	193	48	9	112	164	73	123	204	4	171	131	98	210	70	135	72	22	156	249	141	139	66	18	67	117	166	89	43	31	14	74	70	198	0	54	31	51	22	0	109	97	66	109	197	1	176	42	286	59	110	381	26	19	78	113	41	49	62	50	54	64	121	83	8	3	37	387	45	131	314	151	8	93	98	115	23	218	59	276	53	82	178	56	125	79	69	18	208	31	183	122	85	57	104	110	117	74	56	224	28	0	27	146	123	114	17	211	19	102	8	70	24	7	19	77	152	46	65	103	152	54	62	103	23	63	73	62	34	116	109	32	99	173	126	47	54	74	56	126	93	20	45	45	218	68	63	122	142	2	79	0	86	68	74	80	358	17	58	86	109	57	302	320	149	6	134	96	55	18	25	70	299	12	176	110	154	43	121	60	168	156	12	97	146	29	57	2	187	27	72	76	171	133	20	58	61	21	41	119	27	98	336	38	121	28	77	64	70	25	70	98	68	118	15	30
3	0	0	0	0	0	0	0	0	0	0	0	0	0	0	0	0	0	0	0	0	0	0	0	0	0	0	0	0	0	0	0	0	0	0	0	0	0	0	0	0	0	0	0	0	0	0	0	0	0	0	0	0	0	0	0	0	0	0	0	0	0	0	0	0	0	0	0	0	0	0	0	0	0	0	0	0	0	0	0	0	0	0	0	0	0	0	0	0	0	0	0	0	0	0	0	0	0	0	0	0	0	0	0	0	0	0	0	0	0	0	0	0	0	0	0	0	0	0	0	0	0	48	0	0	0	0	0	0	0	0	0	0	0	0	0	0	0	0	0	0	0	0	0	0	0	0	0	6	0	0	0	0	0	0	0	0	0	0	0	0	0	0	0	0	0	0	0	0	0	0	0	0	0	0	0	0	0	0	0	0	0	0	0	0	0	0	0	0	0	0	0	0	0	0	0	0	0	0	0	0	0	0	0	0	0	0	0	0	0	0	0	0	0	0	0	0	0	0	0	0	0	0	0	0	0	0	0	0	0	0	0	0	0	0	0	0	0	0	0	0	0	0	0	0	0	0	0	0	0	0	0	0	0	0	0	0	0	0	0	0	0	0	0	0	0	4	0	0	0	0	0	0	0	0	0	0	0	0	0	0	0	0	0	0	0	0	0	0	0	0	0	0	0	0	0	0	0	0	0	0	0	0	0	0	0	0	0	0	0	0	0	0	0	0	0	0	0	29	0	0	0	0	0	0	0	0	0	0	0	122	0	0	0	0	0	10	0	0	0	96	0	0	0	0	0	0	0	0	0	0	0	0	0	0	0	0	0	0	0	0	0	0	0	0	0	2	122	0	0	0	0	0	0	0	0	0	0	0	0	0	0	0	0	0	0	0	0	0	0	0	0	0	0	0	178	0	0	0	0	0	0	0	52	0	0	0	0	37	0	0	0	58	0	0	0	0	28	0	0	0	0	0	0	0	55	0	0	0	108	0	0	0	0	0	0	0	0	0	0	0	0	0	0	226	0	0	0	0	0	0	0	0	16	0	112	0	0	214	24	0	0	0	0	0	0	37	0	0	0	158	0	0	0	0	0	0	88	0	106	0	0	0	0	21	39	0	0	0	0	0	0	0	0	0	0	0	87	0	0	0	117	45	0	0	55	0	0	0	157	0	0	97	0	0	81	0	0	96	0	0	0	0	33	8	0	0	77	81	0	0	76	0	0	0	0	0	0	85	140	107	67	146	181	0	18	0	278	0	0	0	28	0	149	0	0	0	0	125	0	146	0	0	3	0	0	0	0	169	0	0	0	110	11	0	165	0	96	0	81	93	0	144	0	0	0	0	0	0	0	0	1	0	1	0	51	99	0	0	0	150	56	0	25	102	4	0	0	2	0	0	0	250	0	76	52	50	90	42	222	27	0	50	132	99	71	33	0	22	0	0	34	0	0	0	266	0	0	0	26	0	96	169	0	0	87	144	33	0	125	0	0	13	0	0	105	0	0	186	32	1	177	0	45	0	0	21	0	55	0	27	80	100	0	0	41	36	145	0	78	0	0	99	11	0	0	173	0	211	244	34	0	14	34	0	4	81	173	46	18	137	0	139	82	69	73	136	0	95	0	87	248	288	157	0	28	26	28	36	234	12	240	0	256	0	34	32	67	99	104	205	3	0	0	0	25	226	0	0	0	61	189	0	169	16	54	120	53	134	31	84	70	0	0	41	0	127	0	88	39	67	103	20	148	0	159	135	77	27	122	155	61	6	0	0	52	0	0	0	0	0	0	0	23	47	5	30	59	15	54	141	229	23	0	91	115	119	15	22	0	0	116	116	72	179	100	70	60	13	225	29	37	335	54	158	197	40	59	40	124	0	0	49	0	65	55	0	0	88	0	117	107	32	10	251	0	124	0	180	125	97	0	28	53	20	101	0	129	0	122	0	2	65	0	69	159	40	111	27	71	93	252	107	224	16	154	203	70	47	141	0	76	0	132	38	17	18	40	310	108	58	56	65	119	0	40	89	0	0	178	80	108	96	236	0	22	106	162	181	29	53	113	82	151	258	89	122	114	54	50	60	60	55	7	129	93	90	44	179	0	24	84	116	6	0	28	263	74	124	173	0	195	28	69	40	270	117	87	8	86	257	22	73	100	95	173	129	39	42	43	0	263	55	45	257	125	72	113	296	160	69	59	150	178	22	49	47	78	62	141	19	473	173	130	183	139	108	33	60	82	137	72	68	262	6	333	0	99	0	285	29	87	60	0	111	0	130	46	0	83	610	74	0	49	202	52	130	56	111	22	138	40	62	31	217	150	123	184	47	64	30	199	145	21	120	56	209	62	118	46	64	73	31	11	0	12	0	7	0	78	68	126	89	93	196	155	203	87	16	102	35	135	52	42	138	49	167	48	55	93	164	37	58	26	28	112	68	59	90	312	95	104	0	179	188	151	45	36	112	26	132	174	60	191	155	75	150	65	41	159	214	8	13	153	276	38	35	70	319	126	85
4	0	0	0	0	0	0	0	0	0	0	0	0	0	0	0	0	0	0	0	0	0	0	0	0	0	0	0	0	0	0	0	0	0	0	0	0	0	0	0	0	0	0	0	0	0	0	0	0	0	0	0	0	0	0	0	0	0	0	0	0	0	0	0	0	0	0	0	0	0	0	0	0	0	0	0	0	0	0	0	0	0	0	0	0	0	0	0	0	0	0	0	0	0	0	0	0	0	0	0	0	0	0	0	0	0	0	0	0	0	0	0	0	0	0	0	0	0	0	0	0	0	0	0	0	0	0	0	0	0	0	0	0	0	0	0	0	0	0	0	0	0	0	0	0	0	0	0	0	0	0	0	0	0	0	0	0	0	0	0	0	0	0	0	0	0	0	0	0	0	0	0	0	0	0	0	0	0	0	0	0	24	0	0	0	0	0	0	0	0	0	0	0	0	0	0	0	0	0	0	0	0	0	0	0	0	0	0	0	0	0	0	0	0	0	0	0	0	9	9	0	0	0	0	0	0	0	0	0	0	0	0	0	0	0	0	0	0	0	0	0	0	0	0	0	0	0	0	0	0	0	0	0	0	0	0	0	0	0	0	0	0	0	0	0	0	0	0	0	0	0	0	0	0	0	0	0	0	0	0	0	0	0	0	0	0	0	0	0	0	5	0	0	0	0	21	0	0	0	0	0	0	11	0	0	0	0	0	0	0	0	0	0	0	0	0	0	0	201	0	0	0	0	0	0	0	0	0	0	0	3	0	0	0	0	0	0	0	0	0	0	0	0	0	0	0	0	0	0	0	0	0	0	16	0	0	0	0	5	0	0	0	0	0	0	0	0	0	0	0	0	0	0	0	0	0	0	0	0	0	0	0	0	0	0	0	0	0	0	0	0	0	0	0	0	26	0	0	0	0	0	0	0	0	0	0	0	5	58	0	0	0	60	0	0	0	0	71	0	0	0	0	0	0	0	12	0	0	0	0	0	0	0	0	0	0	0	0	0	0	0	0	0	0	76	0	0	0	0	0	0	0	0	51	0	64	0	0	83	35	0	0	0	0	0	0	89	0	0	0	75	0	0	0	0	1	0	0	0	69	0	119	0	0	5	158	0	0	0	0	0	1	0	0	0	0	0	65	0	0	0	259	64	0	0	226	0	0	0	59	0	0	19	0	0	115	0	0	121	0	10	0	0	43	37	0	45	31	20	0	0	72	0	0	0	0	0	0	42	65	58	205	64	18	0	417	0	63	0	0	0	77	0	109	0	0	0	0	48	0	40	0	0	0	0	0	0	0	41	0	0	0	22	49	0	137	0	42	0	1	82	0	19	0	0	0	0	0	0	0	0	109	0	0	0	96	0	0	0	0	136	157	0	22	37	0	0	0	0	0	0	0	1	0	52	72	200	172	29	383	0	0	68	23	20	73	155	19	128	0	0	119	0	0	0	64	0	0	0	48	0	20	5	0	0	86	62	5	0	85	0	0	37	0	0	136	0	0	30	0	12	21	0	108	0	0	105	0	76	0	76	74	108	0	0	25	0	41	7	68	0	0	130	0	0	0	186	0	35	49	156	0	63	271	1	7	285	34	25	117	201	3	269	114	66	171	33	0	288	0	101	68	38	248	85	30	77	77	62	111	103	34	0	148	0	58	0	98	15	74	26	116	0	0	0	223	136	0	0	0	226	51	111	153	283	195	120	41	216	86	61	4	0	0	70	0	34	0	79	190	100	92	173	24	0	51	81	59	0	69	63	70	89	0	0	11	0	0	0	7	12	0	0	109	14	0	68	0	52	144	27	111	0	0	156	197	6	0	26	0	0	103	228	33	115	32	67	30	38	124	162	0	7	18	128	52	35	118	92	59	0	1	99	0	70	77	0	0	171	0	162	166	466	91	124	0	179	0	91	68	182	0	132	219	163	250	0	18	0	159	0	110	297	0	44	60	164	389	141	105	160	102	11	23	72	141	51	0	69	85	9	126	0	76	87	32	0	206	119	78	69	91	87	9	0	47	183	0	0	50	21	62	32	122	79	136	25	24	16	29	33	84	29	48	66	32	105	211	19	136	56	95	151	120	123	148	178	131	51	2	52	170	51	300	0	149	366	104	54	200	0	40	41	22	83	32	47	5	193	48	65	123	201	218	140	57	129	202	91	157	0	81	115	68	147	67	45	156	76	193	69	144	92	57	161	73	47	22	23	55	37	104	104	19	93	217	173	208	93	75	21	156	192	78	17	11	0	126	78	119	94	71	95	0	84	0	190	55	0	82	80	284	0	272	137	59	80	103	84	30	88	108	276	9	132	127	88	26	25	20	62	115	42	82	154	212	152	328	98	28	116	52	69	19	0	94	0	152	82	40	136	20	56	38	122	69	82	9	33	114	0	49	67	376	81	39	66	94	12	27	20	154	145	17	97	95	153	65	321	92	86	295	0	178	131	33	97	67	69	37	58	64	89	221	60	10	221	128	104	136	184	44	102	37	69	340	116	47	88	399	177
5	0	0	0	0	0	0	0	0	0	0	0	0	0	0	0	0	0	0	0	0	0	0	0	0	0	0	0	0	0	0	0	0	0	0	0	0	0	0	0	0	0	0	0	0	0	0	0	0	0	0	0	0	0	0	0	0	0	0	0	0	0	0	0	0	0	0	0	0	0	0	0	0	0	0	0	0	0	0	0	0	0	0	0	0	0	0	0	0	0	0	0	0	0	0	0	0	0	0	0	0	0	0	0	0	0	0	0	0	0	0	0	0	0	0	0	0	0	0	0	0	0	0	0	0	0	0	0	0	0	0	0	0	0	0	0	0	0	0	0	0	0	0	0	0	0	0	0	0	0	0	0	0	0	0	0	0	0	0	0	0	0	0	61	0	0	0	0	0	0	0	0	0	0	0	0	0	0	0	0	0	0	0	0	0	0	0	0	0	0	0	0	0	0	0	0	0	0	0	0	0	0	0	0	0	0	0	0	0	0	0	0	0	0	0	0	0	0	18	0	0	0	0	0	0	0	0	0	0	0	0	0	0	0	0	0	0	0	0	0	0	0	0	0	0	0	0	0	0	0	0	17	0	0	0	0	0	0	0	0	0	0	0	0	0	0	0	0	0	0	0	0	0	0	0	0	0	0	0	0	0	0	0	0	0	0	0	0	0	0	0	0	0	0	0	0	0	0	0	0	0	0	0	0	0	0	0	0	0	0	0	0	1	0	0	0	0	0	0	0	7	0	0	0	0	0	0	0	0	0	0	0	0	0	0	0	0	0	0	0	0	0	0	0	0	0	0	0	0	0	0	0	0	0	0	0	0	0	0	0	0	0	2	1	0	0	0	221	0	0	0	0	0	0	0	0	0	0	0	0	0	0	0	0	0	0	0	0	0	0	0	0	0	0	0	64	0	0	0	0	0	0	0	0	0	0	0	0	0	0	0	0	5	0	0	0	0	0	0	0	0	0	0	0	0	3	0	0	0	0	0	0	0	0	0	0	0	0	0	0	0	0	0	0	22	0	0	0	0	0	0	0	0	0	0	5	0	0	185	0	0	0	0	0	0	0	2	0	0	0	0	0	0	0	0	0	0	0	9	58	0	0	0	0	0	212	0	0	0	0	0	0	0	0	0	0	0	4	0	0	0	17	88	0	0	0	0	0	0	0	0	0	0	0	0	0	0	0	22	0	0	0	7	3	0	0	0	0	0	0	0	0	0	0	0	0	0	0	0	3	26	0	10	0	0	25	0	116	0	108	0	1	0	14	0	0	0	0	0	0	80	0	0	0	0	0	0	0	1	0	0	0	4	0	0	13	0	148	0	0	13	0	0	0	0	0	0	0	0	0	0	0	0	0	0	1	0	0	0	0	12	6	0	0	1	0	0	0	0	0	0	0	52	0	1	220	3	3	0	33	0	0	2	3	4	1	0	0	0	0	0	0	0	0	0	27	0	0	10	1	0	11	16	0	0	8	0	0	0	21	0	0	7	0	0	1	0	0	0	0	0	0	0	92	0	0	34	0	2	0	6	0	11	0	0	16	0	27	0	86	0	0	0	0	0	0	0	0	2	0	4	0	0	39	0	0	0	0	2	7	0	0	1	36	53	0	0	0	13	0	9	0	0	42	0	34	6	2	0	4	0	1	0	45	0	0	0	2	0	1	1	0	0	0	0	0	123	0	0	0	63	10	0	52	17	7	0	8	2	0	16	0	0	0	1	0	1	61	3	141	1	9	0	4	0	2	35	40	0	8	14	39	0	0	0	4	0	0	0	0	0	0	0	11	3	0	10	0	40	0	9	18	0	0	5	4	38	0	0	0	0	111	18	0	28	6	0	1	2	0	0	17	257	19	1	57	21	9	4	1	0	0	1	0	19	6	0	0	0	0	0	1	70	4	0	0	0	0	12	2	10	0	19	5	0	0	0	0	0	21	0	1	4	0	77	0	0	14	2	7	94	12	0	0	0	0	27	0	2	32	0	1	0	1	82	28	0	0	0	1	0	48	0	6	0	12	139	0	0	0	5	44	21	6	0	0	24	0	53	8	0	69	47	14	0	26	2	27	9	9	54	65	0	2	4	4	11	4	4	0	0	45	0	7	0	0	0	0	28	0	0	0	0	179	81	67	24	23	0	1	0	0	1	38	1	1	6	6	51	7	0	0	21	5	27	13	97	1	64	0	7	6	4	22	4	0	1	6	1	1	3	6	95	0	99	50	36	0	16	0	24	5	0	3	3	0	0	0	0	11	20	5	0	0	7	0	0	65	0	0	31	0	0	4	0	1	44	4	7	0	99	6	27	0	2	0	61	7	27	0	0	0	0	4	3	0	8	0	36	1	31	0	1	88	0	7	0	4	0	4	12	143	86	21	10	6	1	0	38	5	0	15	26	0	1	0	2	0	14	0	15	0	0	6	7	0	58	1	67	59	37	22	25	47	0	10	5	28	0	23	138	53	1	47	3	0	6	0	1	3	0	15	0	194	0	156	26	26	1	6	21
6	0	0	0	0	0	0	0	0	0	0	0	0	0	0	0	0	0	0	0	0	0	0	0	0	0	0	0	0	0	0	0	0	0	0	0	0	0	0	0	0	0	0	0	0	0	0	0	0	0	0	0	0	0	0	0	0	0	0	0	0	0	0	0	0	0	0	0	0	0	0	0	0	0	0	0	0	0	0	0	0	0	0	0	0	0	0	0	0	0	0	0	0	0	0	0	0	0	0	0	0	0	0	0	0	0	0	0	0	0	0	0	0	0	0	0	0	0	0	0	0	0	0	0	0	0	0	0	0	0	0	0	0	0	0	0	0	0	0	0	0	0	0	0	0	0	0	0	0	0	0	0	0	0	0	0	0	0	0	0	0	0	0	0	0	0	0	0	0	0	0	0	0	0	0	0	0	0	0	0	0	0	0	0	0	0	0	0	0	0	0	0	0	0	0	0	0	0	0	0	0	0	0	0	0	0	0	0	0	0	0	0	0	0	0	0	0	0	0	0	0	0	0	0	0	0	0	0	0	0	0	0	0	0	0	0	0	0	0	0	0	0	0	0	0	0	0	0	0	0	0	19	0	0	0	0	0	0	0	0	0	0	0	0	0	0	0	0	0	0	0	0	0	0	0	0	0	0	0	0	6	0	0	0	0	0	0	0	0	0	0	0	0	0	0	0	0	0	0	0	0	0	0	0	0	0	0	0	0	0	0	0	0	0	0	0	0	0	58	0	0	0	0	0	0	0	0	0	0	5	33	0	0	0	0	0	0	0	0	0	0	0	0	0	0	0	0	0	0	0	0	0	0	10	0	0	0	0	0	0	0	0	0	0	0	0	0	14	0	0	0	0	0	0	0	0	0	0	0	0	0	0	0	0	0	0	0	0	0	0	0	0	0	22	0	168	0	0	0	0	0	0	0	15	0	0	0	0	71	0	0	0	37	0	0	0	0	0	0	0	0	0	0	0	0	9	0	0	0	0	0	0	0	0	0	0	0	0	0	0	0	0	0	0	60	0	0	0	0	0	0	0	0	123	0	18	4	0	133	0	0	0	0	0	0	2	106	0	0	0	29	0	0	0	0	0	0	0	0	111	0	0	0	0	0	44	0	0	0	0	0	0	0	0	0	0	0	233	0	0	0	84	70	1	0	13	0	0	0	0	0	8	0	0	0	33	0	9	97	0	29	0	100	201	4	0	0	10	0	0	0	19	0	0	0	0	0	0	13	159	242	98	126	51	0	128	0	66	0	0	0	43	0	69	0	0	0	0	44	0	81	0	0	0	0	0	0	0	66	0	0	0	184	126	0	21	0	142	0	0	79	0	110	0	0	0	0	0	0	0	0	44	0	0	0	39	0	0	0	0	36	81	0	82	102	0	0	0	0	0	0	0	114	0	195	109	17	55	25	21	0	0	187	3	166	28	33	0	149	0	0	86	13	0	0	25	0	0	0	63	0	74	70	0	0	198	77	126	0	140	21	0	8	0	0	17	0	0	116	0	3	175	0	36	0	0	141	0	70	0	99	0	61	0	0	204	21	137	0	16	0	0	23	0	0	0	80	0	106	0	215	0	78	74	0	0	129	141	228	25	37	0	9	131	20	62	0	2	2	0	49	65	236	233	0	184	55	70	40	154	73	164	0	13	0	19	0	127	10	228	54	46	0	0	0	34	194	0	0	0	51	51	0	166	53	40	89	136	51	28	64	0	0	0	40	0	71	0	41	10	23	61	248	68	0	0	276	21	0	77	11	59	94	0	0	152	0	0	0	43	0	0	0	125	22	0	26	0	127	65	12	54	0	0	55	23	12	0	1	0	0	112	94	56	7	57	18	130	74	48	5	1	40	43	55	313	59	67	64	119	0	0	125	0	178	51	0	0	127	0	36	31	189	202	55	0	34	0	18	13	57	0	82	109	9	55	0	0	0	21	0	0	161	0	77	31	170	59	153	55	87	77	327	51	168	46	120	0	85	24	0	93	0	157	63	76	0	73	0	21	15	43	106	9	0	93	178	0	0	67	23	109	67	84	0	62	17	46	120	38	125	94	149	50	104	75	123	40	23	278	139	81	28	138	65	212	127	289	49	0	51	506	7	17	0	37	149	27	20	143	0	203	31	29	32	49	24	164	152	32	36	169	60	111	363	146	6	9	32	33	0	73	144	58	77	102	88	47	64	123	154	46	96	46	49	112	58	49	89	172	117	252	165	0	35	118	13	26	58	87	43	237	83	150	0	213	0	44	0	34	72	134	5	0	25	0	163	197	0	40	158	22	0	83	115	87	115	161	93	119	163	186	33	0	161	273	72	171	19	203	30	50	94	114	105	13	115	201	123	73	73	251	127	186	0	9	0	65	6	126	57	21	44	39	226	69	203	102	99	71	0	26	9	35	86	108	236	26	95	94	29	86	116	87	87	61	143	65	235	59	35	17	0	144	144	73	54	55	74	95	16	42	205	105	44	193	72	44	113	108	16	273	30	110	32	103	26	41	80	62	193
7	0	0	0	0	0	0	0	0	0	0	0	0	0	0	0	0	0	0	0	0	0	0	0	0	0	0	0	0	0	0	0	0	0	0	0	0	0	0	0	0	0	0	0	0	0	31	0	0	0	0	0	0	0	0	0	0	0	0	0	0	0	0	0	0	0	0	0	0	0	0	0	0	0	0	0	0	0	0	0	0	0	0	0	0	0	0	0	0	0	0	0	0	0	0	0	0	0	0	0	0	0	0	0	0	0	0	0	0	0	0	0	0	0	0	0	0	0	0	0	0	0	0	0	0	0	0	0	0	0	0	0	0	0	0	0	0	0	0	0	0	0	0	0	0	0	0	0	0	0	0	0	0	0	0	0	0	0	0	0	0	0	0	0	0	0	0	0	0	0	0	0	0	0	0	0	0	0	0	0	0	48	0	0	0	0	0	0	0	0	0	0	0	0	0	0	0	0	2	0	0	0	0	0	0	0	0	0	0	0	0	0	0	0	0	0	0	0	0	0	0	0	0	0	0	0	0	0	0	0	0	0	0	0	0	0	0	0	0	0	0	0	0	0	0	0	0	0	0	0	0	0	0	0	0	0	0	0	0	0	0	0	0	0	0	0	0	0	0	0	0	0	0	0	0	0	0	0	0	0	0	0	0	0	0	0	0	0	0	0	0	0	0	0	0	0	0	0	0	0	0	0	0	0	0	0	0	0	0	0	0	0	0	0	0	0	0	0	0	0	0	0	0	0	0	0	0	0	0	0	3	0	0	0	0	0	0	0	0	0	0	0	0	0	0	0	0	0	0	0	0	0	0	0	0	0	0	0	1	0	0	0	0	0	0	0	0	33	0	0	0	0	0	0	0	0	0	0	0	0	0	0	0	39	0	0	0	0	0	0	0	0	0	0	0	76	0	0	0	0	0	0	0	0	0	0	0	0	81	0	0	0	22	0	0	0	0	4	0	0	0	0	0	0	0	92	0	0	0	61	0	40	0	0	0	0	0	0	0	0	0	0	0	0	56	0	0	0	0	0	0	0	0	43	0	99	1	0	53	0	0	0	0	0	0	0	45	0	0	0	89	0	0	0	0	0	0	0	0	52	0	0	0	0	127	211	0	0	0	0	0	0	0	0	0	0	85	40	0	0	0	165	133	0	0	133	0	0	0	0	0	0	22	0	0	56	0	0	12	0	9	0	0	149	0	0	0	93	34	0	0	141	0	0	0	0	0	0	70	75	53	16	183	101	0	71	0	79	0	0	0	87	0	128	0	0	0	0	13	0	31	0	0	0	0	0	0	0	230	0	0	0	66	96	0	68	0	69	0	0	190	0	441	0	0	0	0	0	0	0	0	124	0	0	0	25	0	0	15	0	6	45	0	347	69	0	0	0	0	0	0	0	109	0	270	236	64	18	63	86	60	0	127	232	30	41	54	0	19	0	0	15	0	0	0	242	24	0	14	77	0	29	0	0	0	115	97	263	0	87	31	0	138	0	0	16	0	0	37	0	7	70	0	101	0	0	54	0	12	0	110	0	144	0	0	31	0	111	0	145	0	0	48	0	0	0	39	0	237	99	199	0	91	116	0	0	257	81	42	102	129	0	53	60	8	78	105	0	7	14	173	108	130	102	0	31	190	155	36	44	192	100	0	25	0	0	0	20	32	43	59	0	0	0	0	4	56	0	0	0	41	25	0	118	62	66	67	70	57	27	86	0	0	0	103	0	83	0	153	39	113	61	62	166	1	138	146	62	0	86	83	15	33	0	0	21	0	0	0	10	0	0	0	94	8	0	45	43	55	142	88	95	0	0	92	105	146	0	0	0	0	75	138	122	54	50	151	16	100	43	29	0	47	215	117	197	113	58	140	264	0	0	94	0	64	181	0	0	76	0	138	58	55	206	77	0	75	0	203	2	52	0	49	188	169	91	0	20	0	101	0	56	100	0	61	42	102	147	90	4	107	74	137	344	311	46	122	0	93	23	0	49	0	24	50	178	0	0	197	106	134	26	87	19	0	175	37	0	0	166	20	70	190	32	0	53	199	92	125	0	101	64	62	31	287	217	189	122	219	48	58	75	28	60	63	72	113	7	64	0	77	68	148	97	0	123	67	34	104	52	0	137	37	108	17	236	85	128	75	32	63	180	79	54	57	58	70	39	98	80	0	95	91	296	61	125	234	46	18	145	61	110	69	30	108	78	91	40	65	71	36	125	52	0	89	17	58	16	77	26	90	123	57	90	208	247	0	202	6	54	173	33	35	0	276	0	62	184	0	135	157	108	0	55	30	228	124	73	84	56	83	181	162	0	55	112	111	15	69	59	26	88	15	40	84	117	61	94	94	53	146	41	87	48	0	90	0	271	0	24	129	124	172	47	51	125	20	109	233	46	0	141	73	33	156	21	224	17	13	41	31	292	13	75	151	153	23	146	18	173	195	54	0	26	60	180	71	28	130	233	117	50	141	108	80	75	60	11	108	30	110	196	60	51	279	32	31	109	273	170	74
8	0	0	0	0	0	0	0	0	0	0	0	0	0	0	0	0	0	0	0	0	0	0	0	0	0	0	0	0	0	0	0	0	0	0	0	0	0	0	0	0	0	0	0	0	0	0	0	0	0	0	0	0	0	0	0	0	0	0	0	0	0	0	0	0	0	0	0	0	0	0	0	0	0	0	0	0	0	0	0	0	0	0	0	0	0	0	0	0	0	0	0	0	0	0	0	0	0	0	0	0	0	0	0	0	0	0	0	0	0	0	0	0	0	0	0	0	0	0	0	0	0	0	0	0	0	0	0	0	0	0	0	0	0	0	0	0	0	0	0	0	0	0	0	0	0	0	0	0	0	0	0	0	0	0	0	0	0	0	0	0	0	0	0	0	0	0	0	0	0	0	0	0	0	0	0	0	0	0	0	0	0	0	0	0	0	0	0	0	0	0	0	0	0	0	0	0	0	0	0	0	0	0	0	0	0	0	0	0	0	0	0	0	0	0	0	0	0	0	0	0	0	0	0	0	0	0	0	0	0	0	0	0	0	0	0	0	0	0	0	0	0	0	0	0	0	0	0	0	0	0	0	0	0	0	0	0	0	0	0	0	0	0	0	0	0	0	0	0	0	0	0	0	0	0	0	0	0	0	0	0	0	0	0	0	0	0	0	0	0	0	0	0	0	0	0	0	0	0	0	0	0	0	0	0	0	0	0	0	0	0	4	0	0	0	0	0	0	0	0	0	0	0	0	0	0	0	1	0	0	0	0	0	0	0	0	0	0	0	0	0	0	0	0	0	0	0	0	0	0	0	0	0	0	0	0	0	0	0	0	0	0	0	0	0	0	0	39	0	0	0	0	0	0	0	0	0	0	0	0	0	0	0	0	0	0	0	0	0	0	0	0	0	0	0	238	0	0	0	0	0	0	0	0	0	0	0	0	0	0	0	0	0	0	0	0	0	11	0	0	0	0	0	0	0	4	0	0	0	0	0	0	0	0	0	0	0	0	0	0	0	0	0	0	10	0	0	0	0	0	0	0	0	0	0	0	0	0	17	0	0	0	0	0	0	0	0	0	0	0	0	0	0	0	0	0	0	0	0	30	0	0	0	0	0	18	0	0	0	0	0	0	0	0	0	0	0	1	0	0	0	0	0	0	0	1	0	0	0	0	0	0	0	0	0	0	0	0	23	0	5	0	0	13	0	0	0	0	0	0	0	2	0	0	0	0	0	0	24	91	44	0	0	24	0	37	0	47	13	0	0	0	0	0	0	0	0	0	0	0	0	0	0	0	0	0	0	0	0	0	0	0	0	0	0	2	0	19	0	0	8	0	3	0	0	0	0	0	0	0	0	26	0	0	0	0	0	0	0	0	0	25	0	46	26	0	0	0	0	0	0	0	11	0	0	71	45	18	0	13	0	0	32	38	2	0	0	0	0	0	0	0	0	0	0	11	0	0	0	14	10	7	0	0	0	0	108	5	0	1	0	0	0	0	0	20	0	0	5	0	0	0	0	39	44	0	0	0	1	0	4	0	2	0	0	4	0	1	0	82	0	0	5	0	0	0	19	0	0	0	5	0	0	0	0	0	17	7	0	0	1	0	0	27	53	0	0	0	0	0	29	0	0	0	0	0	3	23	0	2	0	1	0	4	0	0	0	62	0	10	4	0	0	0	0	0	119	0	0	0	0	2	0	7	69	99	0	3	4	0	0	0	0	0	1	0	22	0	20	8	0	3	24	0	0	0	0	42	4	31	34	47	25	0	0	76	0	0	0	0	0	0	0	1	32	0	10	0	36	0	6	6	0	0	17	1	0	0	0	0	0	44	48	1	63	21	2	0	0	0	0	0	110	24	148	3	3	0	2	0	0	0	1	0	93	0	0	0	5	0	3	0	20	4	0	0	0	0	4	0	41	0	4	2	0	0	0	0	0	2	0	0	1	0	0	0	0	93	0	0	48	4	0	0	2	0	0	0	0	8	0	88	0	0	12	4	0	9	29	3	1	10	0	0	0	10	75	0	0	24	2	0	41	5	0	0	21	3	155	0	0	52	21	2	7	40	0	116	2	0	10	90	34	16	0	0	14	0	0	0	21	15	0	0	0	88	0	0	1	24	0	4	7	21	4	97	102	10	23	20	15	0	2	0	11	29	72	0	5	10	0	0	155	1	4	12	8	0	22	0	18	11	23	50	0	2	0	41	0	31	12	16	2	0	4	0	48	0	110	1	17	9	12	6	0	0	0	143	0	14	5	8	0	0	1	0	0	2	0	0	2	0	0	0	54	0	0	33	10	0	0	1	2	0	16	0	13	9	3	0	0	43	21	41	0	7	23	2	0	6	15	3	31	118	0	20	0	0	0	31	5	37	0	28	10	0	36	8	0	13	0	83	18	8	2	35	1	1	26	21	15	0	2	22	54	0	0	1	1	4	24	0	0	197	0	56	0	0	0	29	77	166	14	3	0	0	90	0	18	2	0	13	0	16	0	5	3	6	0	4	0
9	0	0	0	0	0	0	0	0	0	0	0	0	0	0	0	0	0	0	0	0	0	0	0	0	0	0	0	0	0	0	0	0	0	0	0	0	0	0	0	0	0	0	0	0	0	0	0	0	0	0	0	0	0	0	0	0	0	0	0	0	0	0	0	0	0	0	0	0	0	0	0	0	0	0	0	0	0	0	0	0	0	0	0	0	0	0	0	0	0	0	0	0	0	0	0	0	0	0	0	0	0	28	0	0	0	0	0	0	0	0	0	0	0	0	0	0	0	0	0	0	0	0	0	0	0	0	0	0	0	0	0	0	0	0	0	0	0	0	0	0	0	0	0	0	0	0	0	0	0	0	0	0	0	0	0	0	0	0	0	0	0	0	0	0	0	0	15	0	0	0	0	0	0	0	0	0	0	0	0	0	0	0	0	0	0	0	0	0	0	0	0	0	0	0	0	0	0	0	0	0	0	0	0	0	0	0	0	0	0	0	0	0	0	0	0	0	0	0	0	0	0	0	0	0	0	0	0	0	0	0	0	0	0	0	0	0	0	0	0	0	0	0	0	0	0	0	0	0	0	0	0	0	0	0	0	0	0	0	0	0	0	0	0	0	0	0	0	0	0	0	0	0	0	0	0	0	0	0	0	0	0	0	0	0	0	0	0	0	0	0	17	0	0	0	0	0	0	0	0	0	0	0	0	0	0	0	0	0	0	0	0	0	0	0	0	0	0	0	0	0	0	0	0	0	0	0	0	0	0	120	0	0	0	0	0	0	0	0	0	0	0	0	0	0	0	0	0	0	0	0	0	0	0	0	0	0	0	0	0	0	0	0	0	0	0	0	174	0	0	0	0	0	0	0	0	0	0	0	0	0	0	0	0	0	0	0	0	0	0	0	0	0	0	0	87	0	0	0	0	0	0	0	0	0	0	0	0	304	0	0	0	69	0	0	0	0	0	0	0	0	0	0	0	0	111	0	0	0	0	0	0	0	0	0	0	0	0	0	0	0	0	0	0	158	0	0	0	0	0	0	0	0	14	0	128	0	0	61	2	0	0	0	0	0	0	61	0	0	0	2	0	0	0	0	0	0	0	0	53	0	0	0	0	2	2	0	0	0	0	0	26	0	0	0	0	3	62	0	0	0	61	207	0	0	91	0	0	0	115	0	0	28	0	0	111	0	0	118	0	33	0	0	121	0	0	0	19	105	0	0	23	0	0	0	0	0	0	31	72	98	36	103	266	0	229	0	68	0	0	6	2	0	265	0	0	0	0	0	0	36	0	0	0	0	0	0	0	108	0	0	0	278	243	0	154	0	427	0	29	62	0	113	0	0	0	0	0	0	0	0	80	0	0	0	96	0	0	0	0	17	106	23	187	114	0	0	0	0	0	0	0	142	0	36	88	135	90	81	130	0	0	46	56	35	120	133	0	98	0	0	50	0	0	0	64	8	0	1	172	0	17	38	0	3	175	263	60	0	179	0	0	277	0	0	213	0	0	40	0	0	107	0	210	0	0	200	3	152	0	86	0	99	0	0	37	0	31	0	36	0	0	87	0	0	22	203	0	165	0	58	0	96	121	0	0	41	28	166	144	45	0	72	135	46	101	79	3	35	0	94	52	69	106	0	57	176	449	124	188	12	39	0	53	0	0	54	28	191	255	471	0	0	0	0	84	78	0	0	0	2	87	0	137	156	56	70	57	144	81	49	0	0	0	123	0	3	0	75	94	145	96	68	42	0	13	110	92	0	77	53	25	89	0	1	60	0	0	0	0	0	0	0	48	40	0	25	0	143	132	120	75	0	0	63	156	40	0	0	0	0	176	65	66	24	17	89	101	63	154	26	35	18	52	45	130	143	33	72	133	0	0	15	0	54	78	1	0	132	0	34	149	178	281	62	0	66	0	35	88	49	0	124	46	153	42	0	33	0	38	0	0	148	0	247	106	31	62	103	89	45	170	123	40	156	109	130	0	306	49	0	133	0	96	78	16	0	46	31	81	116	132	94	39	0	35	167	11	0	53	91	80	197	50	0	146	47	77	93	84	133	33	45	30	58	93	55	9	68	74	140	219	119	150	107	79	100	92	150	0	33	36	156	130	0	53	155	27	120	121	0	65	29	106	223	125	4	54	95	103	75	78	189	77	64	32	120	122	176	358	0	164	46	30	52	60	98	25	15	238	190	72	152	137	90	71	160	87	10	98	17	58	27	0	85	305	114	87	68	174	28	33	25	51	57	50	0	15	12	78	39	83	79	0	52	4	59	49	0	83	284	54	0	66	89	27	51	467	22	272	50	105	137	0	31	158	107	27	174	77	76	38	155	38	140	115	20	101	59	89	46	96	132	101	0	53	0	23	13	35	21	39	102	67	60	28	27	102	119	199	0	107	32	190	98	63	248	85	184	56	68	121	138	46	54	39	15	175	137	91	44	178	0	61	46	95	170	265	135	156	78	473	73	134	95	2	185	268	51	15	256	138	21	66	137	83	125	103	87	13	67
10	0	0	0	0	0	0	0	0	0	0	0	0	0	0	0	0	0	0	0	0	0	0	0	0	0	0	0	0	0	0	0	0	0	0	0	0	0	0	0	0	0	0	0	0	0	0	0	0	0	0	0	0	0	79	0	0	0	0	0	0	0	0	0	0	0	0	0	0	0	0	0	0	0	0	0	0	0	0	0	0	0	0	0	0	0	0	0	0	0	0	0	0	0	0	0	0	0	0	0	0	0	0	0	0	0	0	0	0	0	0	0	0	0	0	0	0	0	0	0	0	0	0	0	0	0	0	0	0	0	0	0	0	0	0	0	0	0	0	0	0	0	0	0	0	0	0	0	0	0	0	0	0	0	0	0	0	0	0	0	0	0	0	0	0	0	0	0	0	0	0	0	0	0	0	0	0	0	0	0	0	0	0	0	0	0	0	0	0	0	0	0	0	0	0	0	0	0	0	0	0	0	0	0	0	0	0	0	0	0	0	0	0	0	0	0	0	0	11	0	0	0	0	0	0	0	0	0	0	0	0	0	0	0	0	0	0	0	0	0	0	0	0	0	0	0	0	0	0	0	0	0	0	0	0	0	0	0	0	0	0	0	0	0	0	0	0	0	0	0	0	0	0	0	0	0	0	0	0	0	0	0	0	0	0	0	0	0	0	0	0	0	0	0	0	0	0	0	0	0	0	0	0	0	0	0	0	0	0	0	0	0	0	0	0	0	0	0	39	0	0	0	0	0	0	0	0	0	0	0	214	0	0	0	0	0	0	0	0	0	0	0	0	0	0	0	0	0	0	0	0	0	0	0	0	0	0	0	0	0	0	0	0	0	0	0	0	27	0	0	0	2	0	0	0	0	0	0	0	0	0	0	0	0	0	0	0	0	0	0	0	0	0	0	0	42	0	0	0	0	0	0	0	6	0	0	0	0	113	4	0	0	53	0	0	0	0	0	0	0	0	0	0	0	0	30	0	0	0	0	4	4	0	0	0	0	0	0	0	0	0	0	0	0	100	0	0	0	0	0	0	0	0	93	0	138	0	0	49	56	0	0	0	0	0	0	114	0	0	0	82	0	0	0	0	0	0	0	0	76	0	0	3	0	63	73	0	0	0	0	0	0	0	0	0	0	84	130	0	0	0	62	75	0	0	121	0	0	0	50	0	0	82	0	0	86	0	0	112	0	0	1	0	69	0	0	7	28	200	0	0	96	0	0	0	0	0	0	27	84	566	196	75	240	0	117	0	71	19	0	2	91	0	25	0	11	3	0	56	0	85	0	0	0	0	0	0	0	39	0	0	0	92	53	0	28	0	87	0	8	39	0	88	0	0	0	0	0	0	0	0	55	0	0	0	14	0	0	0	0	58	71	0	126	64	2	0	0	0	0	0	0	67	0	101	56	73	89	187	108	60	0	6	70	69	133	130	0	61	0	0	262	0	0	0	63	4	0	5	87	0	134	25	0	0	89	46	41	0	46	0	1	27	0	0	45	0	0	65	0	0	69	0	83	0	3	25	0	118	0	76	0	63	0	0	60	49	62	0	62	0	0	97	0	0	0	190	0	131	0	20	0	205	89	0	0	297	120	115	270	170	0	127	81	199	334	17	7	36	0	118	111	58	292	0	56	115	145	28	58	82	246	0	69	0	137	6	58	21	38	215	14	0	0	0	11	101	0	0	0	107	48	0	59	5	31	9	34	64	38	55	48	0	0	20	0	115	69	160	136	155	14	125	17	0	61	76	83	0	214	85	51	58	0	0	27	0	0	0	0	0	0	0	296	0	0	237	54	70	62	303	38	27	0	12	64	100	0	36	0	0	61	204	76	100	11	19	85	96	76	193	0	157	131	45	30	39	57	99	138	0	0	270	0	129	107	0	0	43	0	114	106	223	83	40	0	344	0	263	230	123	0	309	51	116	104	0	4	1	91	0	11	18	0	46	109	71	29	150	39	66	39	141	191	0	17	41	34	29	119	0	17	0	24	336	67	0	14	262	34	79	118	185	90	0	85	94	0	0	77	26	81	102	44	0	23	82	143	11	31	84	139	81	86	131	49	83	94	53	183	82	35	95	34	131	101	49	176	97	0	112	129	11	30	0	78	89	85	68	76	0	153	4	9	152	168	18	28	112	163	113	142	101	60	58	174	373	11	79	48	0	170	55	103	102	143	114	68	50	306	161	142	247	180	111	10	186	65	106	68	99	26	245	20	139	53	75	98	97	181	51	43	151	211	159	208	0	112	12	80	90	74	67	0	85	0	113	61	0	172	129	121	5	361	71	93	63	46	66	53	70	63	149	36	98	53	201	207	375	88	11	30	177	49	94	93	80	80	55	199	91	230	59	26	0	29	0	127	7	112	86	33	26	46	61	118	126	17	89	132	12	152	262	54	178	201	28	44	161	8	179	124	10	69	56	25	79	180	20	78	22	103	0	88	75	81	15	60	49	101	270	154	15	332	28	69	69	30	67	152	170	143	77	101	129	39	52	123	15	36	88
11	0	0	0	0	0	0	0	0	0	0	0	0	0	0	0	0	0	0	0	0	0	0	0	0	0	0	0	0	0	0	0	0	0	0	0	0	0	0	0	0	0	0	0	0	0	0	0	0	0	0	0	0	0	0	0	0	0	0	0	0	0	0	0	0	0	0	0	0	0	0	0	0	0	0	0	0	0	0	0	0	0	0	0	0	0	0	0	0	0	0	0	0	0	0	0	0	0	0	0	0	0	0	0	0	0	0	0	0	0	0	0	0	0	0	0	0	0	0	0	0	0	0	0	0	0	0	0	0	0	0	0	0	0	0	0	0	0	0	0	0	0	0	0	0	0	0	0	0	0	0	0	0	0	0	0	0	0	0	0	0	0	0	0	0	0	0	0	0	0	0	0	0	0	0	0	0	0	0	0	0	72	0	0	0	0	3	0	0	0	0	0	0	0	0	0	0	0	0	0	0	0	0	0	0	0	0	0	0	0	0	0	0	0	0	0	0	0	3	0	0	0	0	0	0	0	0	0	0	0	0	0	0	0	0	0	0	0	0	0	0	0	0	0	0	0	0	0	41	0	0	0	0	0	0	0	0	0	0	0	0	0	0	0	0	0	0	0	0	0	0	0	0	0	0	0	0	0	0	0	0	0	0	0	0	0	0	0	0	0	0	0	0	0	0	0	0	0	0	0	0	0	0	0	0	0	0	0	0	0	0	0	0	0	0	0	0	0	0	0	0	0	0	0	0	0	0	0	0	0	4	0	0	0	0	0	0	0	0	0	0	0	0	0	0	0	0	43	0	0	0	0	0	1	0	0	0	0	0	0	0	0	0	0	0	0	122	35	0	0	0	0	0	0	0	0	0	0	0	0	0	0	0	0	0	0	0	0	0	0	10	0	0	0	0	134	0	0	0	0	0	0	0	12	0	0	0	0	65	0	0	0	0	0	0	0	0	0	0	0	0	0	0	0	0	97	0	0	0	41	0	0	0	0	0	0	0	0	0	0	0	0	0	0	124	0	0	0	0	0	0	0	2	28	0	20	0	0	42	0	0	0	0	0	0	0	83	0	0	0	0	0	0	0	0	0	0	118	0	205	0	0	0	0	144	137	0	0	3	0	0	0	0	0	0	0	24	72	0	0	0	171	43	0	0	40	0	0	0	0	0	0	37	0	0	67	0	24	165	0	2	0	0	117	0	0	31	50	112	0	0	75	0	0	0	0	0	0	50	13	145	126	55	62	0	62	0	72	0	0	0	159	0	36	0	0	0	1	36	0	88	0	0	0	0	0	0	0	67	0	0	0	41	16	0	94	0	66	0	19	80	0	56	0	0	0	0	0	0	0	0	34	0	0	0	71	12	4	0	0	50	70	0	3	135	0	0	0	5	0	0	0	32	0	50	12	64	54	34	46	0	0	125	34	38	7	120	0	123	0	0	52	0	0	0	231	0	0	0	84	0	21	134	0	0	9	115	43	0	101	0	0	95	0	0	19	0	0	27	0	0	136	0	93	0	0	42	0	106	0	12	0	40	0	0	69	0	102	0	150	0	0	24	0	0	0	95	0	82	36	301	2	120	45	0	0	21	100	187	80	103	0	92	206	65	176	134	40	86	0	35	47	211	92	0	113	36	47	3	254	15	103	0	34	0	0	44	13	114	132	12	77	0	0	0	29	185	0	0	0	60	115	0	45	85	71	13	28	35	136	61	0	0	0	55	0	93	0	63	124	9	63	8	164	0	55	83	319	38	99	123	142	51	0	0	70	0	0	0	0	0	3	0	36	10	0	290	2	14	86	56	68	0	0	127	57	53	0	72	0	0	23	35	67	171	284	141	59	85	30	130	0	60	51	115	26	43	157	45	113	0	0	125	0	167	100	0	0	114	0	55	99	13	42	35	0	22	0	106	36	77	0	84	119	39	14	0	51	0	68	0	3	119	0	39	93	110	59	225	88	51	159	54	21	38	62	147	71	60	179	0	85	0	28	104	39	0	0	18	137	99	82	78	28	0	219	122	0	0	62	291	68	170	142	0	43	136	19	8	5	37	58	138	153	26	51	68	40	233	81	172	103	135	96	11	20	20	123	145	0	5	81	42	26	0	67	164	66	33	113	0	58	316	25	63	19	80	30	93	7	99	38	25	196	122	209	28	41	154	103	0	144	21	193	21	118	171	80	99	55	194	205	99	141	168	54	21	98	84	129	144	76	27	16	55	110	119	110	203	24	49	77	41	47	2	9	0	172	22	63	64	79	383	0	109	0	113	43	0	90	117	214	0	24	43	125	155	116	33	45	31	50	51	0	205	112	189	122	122	93	121	123	179	27	114	104	160	107	28	73	78	109	75	43	0	126	0	37	3	72	39	68	136	41	60	225	100	43	16	34	0	83	114	68	167	123	141	204	43	277	152	49	109	59	80	75	86	81	244	188	81	302	0	85	70	185	99	124	123	140	94	32	122	168	464	28	54	77	106	70	290	239	37	49	120	63	142	60	134	18	56
12	0	0	0	0	0	0	0	0	0	0	0	0	0	0	0	0	0	0	0	0	0	0	0	0	0	0	0	0	0	0	0	0	0	0	0	0	0	0	0	0	0	0	0	0	0	0	0	0	0	0	0	0	0	0	0	0	0	0	0	0	0	0	0	0	0	0	0	0	0	0	0	0	0	0	0	0	0	0	0	0	0	0	0	0	0	0	0	0	0	0	0	0	0	0	0	0	0	0	0	0	0	0	0	0	0	0	0	0	0	0	0	0	0	0	0	0	0	0	0	0	0	0	0	0	0	0	0	0	0	0	0	0	0	0	0	0	0	0	0	0	0	0	0	0	0	0	0	33	0	0	0	0	0	0	0	0	0	0	0	0	0	0	0	0	0	0	0	0	0	0	0	0	0	0	0	0	0	0	0	0	0	0	0	0	0	0	0	0	0	0	0	0	0	0	0	0	0	0	0	0	0	0	0	0	0	0	17	0	0	0	0	0	0	0	0	0	0	0	0	0	0	0	0	0	0	0	0	0	0	0	0	0	0	0	0	0	14	0	0	0	0	0	0	0	0	0	0	0	0	0	0	0	0	0	0	0	0	0	0	0	0	0	0	0	0	0	0	0	0	0	0	0	0	0	0	0	0	0	0	0	0	0	0	0	0	0	0	0	0	0	0	0	0	0	0	0	0	0	0	0	0	0	0	0	0	0	0	0	0	0	0	0	0	0	0	0	0	0	0	0	0	0	0	0	0	0	0	0	0	0	0	0	0	0	0	0	0	0	0	0	0	0	0	0	0	0	0	0	0	0	0	0	0	0	0	0	0	0	0	0	0	0	0	0	0	0	31	0	0	0	0	0	0	0	0	0	0	0	0	0	0	0	0	0	0	0	0	0	0	0	0	0	0	0	120	0	0	0	0	0	0	0	1	0	0	6	0	1	0	0	0	6	0	0	0	0	0	0	0	0	0	0	0	0	7	0	0	0	18	0	0	0	0	0	0	0	0	0	0	0	0	0	0	134	0	0	0	0	0	0	0	0	10	0	7	1	0	17	0	0	6	0	0	0	0	0	0	0	0	11	0	0	0	0	0	0	0	0	92	0	0	0	0	0	195	0	0	0	0	0	0	0	0	0	0	0	0	0	0	0	180	29	0	0	125	0	175	0	0	0	0	0	0	0	0	0	0	18	0	0	0	0	36	0	0	36	22	0	0	0	0	0	0	0	0	0	0	145	0	16	0	21	6	0	88	0	63	0	0	0	0	0	61	0	0	0	0	39	0	237	0	0	0	0	0	0	0	189	0	0	0	3	6	0	83	0	34	0	1	141	0	76	0	0	0	0	0	0	0	0	11	0	0	0	42	0	0	0	0	0	101	0	78	1	25	0	0	0	0	0	0	74	0	80	3	96	96	0	83	0	0	87	9	0	140	8	0	1	0	0	0	0	0	0	79	0	0	0	18	0	10	0	0	0	14	9	48	0	22	0	0	6	0	0	1	0	0	3	0	0	26	0	17	0	2	47	0	1	0	15	0	66	0	0	36	0	86	0	62	0	0	23	0	0	0	25	0	2	1	0	0	0	41	0	0	19	4	51	18	41	0	140	82	73	19	0	0	0	0	72	1	25	26	0	73	23	20	0	32	12	62	0	42	0	0	0	21	17	126	2	0	0	0	0	12	193	0	0	4	0	6	0	6	38	20	149	88	142	68	0	0	0	0	0	0	35	0	53	31	39	71	5	71	0	0	6	74	0	0	45	24	47	0	0	2	0	0	0	0	0	0	0	123	0	0	55	15	66	13	21	37	0	0	9	80	26	0	3	0	0	60	217	0	138	25	13	64	10	68	39	0	43	30	97	74	58	12	2	21	0	0	22	0	57	0	0	0	184	0	145	7	33	93	0	0	1	0	21	17	14	0	56	0	22	9	0	0	0	15	0	0	24	0	17	122	4	59	4	4	10	5	2	0	30	0	75	0	1	55	0	135	0	141	129	127	21	0	138	1	2	40	104	0	0	16	66	0	0	9	74	85	31	5	0	55	73	19	109	0	9	116	261	0	25	49	57	82	10	104	83	82	44	14	73	0	10	47	64	0	8	49	37	30	0	27	4	0	0	4	0	106	44	1	38	82	43	53	2	36	195	19	29	9	18	16	9	100	85	4	0	33	20	128	31	103	131	28	62	22	33	78	71	34	22	0	1	14	22	13	102	68	1	0	16	14	157	0	37	2	48	4	2	84	0	3	0	4	29	11	28	38	0	0	101	0	4	109	0	2	53	0	0	1	31	14	19	20	100	30	26	76	7	0	137	3	20	161	29	37	31	45	92	162	13	102	15	23	8	31	47	26	3	81	0	37	0	105	0	45	100	7	40	56	95	79	36	10	8	217	9	49	62	12	6	45	1	98	26	57	92	0	0	26	1	5	66	62	18	11	87	1	0	35	9	87	41	45	3	23	200	113	63	36	2	0	27	46	46	67	2	57	0	18	14	73	161	103	7	45	18
13	0	0	0	0	0	0	0	0	0	0	0	0	0	0	0	0	0	0	0	0	0	0	0	0	0	0	0	0	0	0	0	0	0	0	0	0	0	0	0	0	0	0	0	0	0	0	0	0	0	0	0	0	0	0	0	0	0	0	0	0	0	0	0	0	0	0	0	0	0	0	0	0	0	0	0	0	0	0	0	0	0	0	0	0	0	0	0	0	0	0	0	0	0	0	0	0	0	0	0	0	0	0	0	0	0	0	0	0	0	0	0	0	0	0	0	0	0	0	0	0	0	0	0	0	0	0	0	0	0	0	0	0	0	0	0	0	0	0	0	0	0	0	0	0	0	0	0	0	0	0	0	0	0	0	0	0	0	0	0	0	0	0	0	0	0	0	0	0	0	0	0	0	0	0	0	0	0	0	0	0	16	0	0	0	0	0	0	0	0	0	0	0	0	0	0	0	0	0	0	0	0	0	0	0	0	0	0	0	0	0	0	0	0	0	0	0	0	0	0	0	0	0	0	0	0	0	0	0	0	0	0	0	0	0	0	0	0	0	0	0	0	0	0	0	0	0	0	0	0	0	0	0	0	0	0	0	0	0	26	0	0	0	0	0	0	0	0	0	0	0	0	0	0	0	0	0	0	0	0	0	0	0	0	0	0	0	0	0	0	0	0	0	0	0	0	0	0	0	0	0	0	0	0	0	0	0	0	0	0	0	0	0	0	0	0	0	0	17	0	0	0	0	0	0	0	0	0	0	0	101	0	0	0	0	0	0	0	0	0	0	0	24	0	0	0	0	0	0	0	0	0	0	0	0	0	0	0	0	0	0	0	0	0	0	0	34	154	0	0	0	0	0	0	0	0	0	0	0	0	0	0	0	0	0	0	0	0	4	0	0	0	0	0	0	84	0	0	0	0	0	0	0	31	0	0	17	0	27	0	0	0	73	0	0	0	5	1	0	0	0	0	3	0	0	46	0	0	0	50	14	0	0	0	0	0	0	0	0	0	0	0	0	0	93	0	0	0	0	0	0	0	3	56	0	53	0	0	15	4	0	0	0	0	0	11	255	0	0	0	17	0	0	0	0	0	0	35	53	42	0	0	0	0	0	50	0	0	6	0	1	47	0	0	0	0	42	16	0	0	0	256	30	0	0	13	0	0	0	10	0	0	117	0	0	89	0	1	35	0	64	0	0	151	0	0	11	60	51	0	0	337	10	0	0	0	0	0	102	50	133	27	133	99	0	194	0	123	0	0	0	72	0	42	0	0	0	0	150	0	61	0	0	12	0	0	0	0	57	0	0	0	110	68	0	405	0	24	0	0	259	0	32	0	0	0	0	49	0	0	0	74	0	1	0	82	0	0	0	0	99	42	0	64	135	0	0	0	0	0	0	0	45	0	48	199	311	189	56	119	19	0	105	16	28	112	109	0	55	0	0	146	0	0	0	94	2	0	0	42	0	119	230	0	0	39	102	57	0	66	80	0	23	0	0	282	0	0	187	1	43	52	0	151	0	0	63	0	34	0	16	150	95	0	0	107	2	90	0	88	0	0	57	0	0	30	81	0	168	79	3	0	25	59	34	0	164	23	120	103	209	0	70	139	67	112	40	10	169	0	66	125	329	33	0	321	74	40	109	106	86	158	0	333	0	33	13	42	74	92	91	21	0	0	0	89	46	0	0	0	316	58	22	121	20	94	165	156	194	7	70	0	0	0	66	0	74	0	52	23	93	57	209	38	0	55	97	192	0	106	33	222	67	0	0	88	0	0	0	126	0	0	0	147	121	0	102	50	146	107	39	59	0	0	55	125	147	0	54	0	0	105	132	42	129	139	89	111	40	196	50	0	28	144	81	115	40	67	70	280	0	0	37	0	86	158	0	0	41	0	172	150	81	51	91	0	137	0	145	87	271	0	53	10	129	139	0	32	0	40	0	38	120	0	274	141	63	42	20	67	44	200	108	25	109	340	128	19	114	253	0	74	0	53	37	79	0	9	95	120	36	101	101	34	0	91	56	0	0	15	125	111	158	63	0	179	104	16	93	75	154	43	90	261	116	70	106	270	154	136	34	44	215	207	73	49	115	95	176	0	65	99	16	134	0	27	23	46	143	159	0	49	221	155	125	60	27	187	33	194	34	54	68	98	88	83	75	116	180	74	0	111	63	47	314	125	139	10	58	77	245	75	69	88	57	139	73	16	95	157	263	85	30	31	61	40	182	71	102	79	6	135	23	135	19	129	0	152	132	119	72	91	43	0	51	0	20	22	0	53	225	149	0	120	45	132	347	90	11	60	116	71	116	0	45	130	251	7	104	29	17	118	45	5	144	3	28	157	78	46	119	203	54	13	0	198	0	36	5	136	92	81	32	53	114	48	200	184	253	5	0	220	137	108	221	196	300	200	29	64	73	26	113	118	226	57	189	63	139	150	35	98	0	40	76	70	206	62	443	132	213	116	176	195	87	190	81	226	115	118	101	112	45	40	16	64	25	221	91	44	262
14	0	0	0	0	0	0	0	0	0	0	0	0	0	0	0	0	0	0	0	0	0	0	0	0	0	0	0	0	0	0	0	0	0	0	0	0	0	0	0	0	0	0	0	0	0	0	0	0	0	0	0	0	0	0	0	0	0	0	0	0	0	0	0	0	0	0	0	0	0	0	0	0	0	0	0	0	0	0	0	0	0	0	0	0	0	0	0	0	0	0	0	0	0	0	0	0	0	0	0	0	0	0	0	0	0	0	0	0	0	0	0	0	0	0	0	0	0	0	0	0	0	0	0	0	0	0	0	0	0	0	0	0	0	0	0	0	0	0	0	0	0	0	1	0	0	0	0	0	0	0	0	0	0	0	0	0	0	0	0	0	0	0	0	0	0	0	0	0	0	0	0	0	0	0	0	0	0	0	0	0	0	0	0	0	0	0	0	0	0	0	0	0	0	0	0	0	0	0	0	0	0	0	0	0	0	0	0	0	0	0	0	0	0	0	0	0	0	0	0	0	0	0	0	0	0	0	0	0	0	0	0	0	0	0	0	0	0	0	0	0	0	0	0	0	0	0	0	0	0	0	0	0	0	0	0	0	0	0	0	0	0	0	0	0	0	0	0	0	0	0	0	0	0	1	0	0	0	0	0	0	0	0	0	0	0	0	0	0	0	0	0	0	0	0	20	0	0	0	0	0	0	0	0	0	0	0	0	0	0	0	32	0	0	0	0	0	0	13	0	0	0	22	0	0	0	0	0	0	0	1	0	0	0	0	0	0	0	0	0	0	0	0	0	0	0	0	0	0	0	0	0	0	0	0	0	0	0	0	0	0	0	0	0	0	0	11	37	0	0	0	0	0	0	0	0	0	0	0	0	0	0	0	0	0	0	0	0	0	0	0	0	0	0	0	23	0	0	0	0	0	66	0	38	0	0	0	0	27	0	0	0	86	0	0	0	0	0	0	0	0	0	0	0	0	36	0	0	1	0	1	0	0	0	0	0	0	0	0	0	0	0	0	0	187	0	0	0	0	0	0	0	0	53	0	255	0	0	57	0	0	0	0	0	0	0	6	0	0	0	0	0	0	0	0	0	0	18	0	53	0	0	0	0	128	90	0	0	0	0	0	0	0	0	0	0	0	67	0	0	0	137	74	0	0	2	0	0	0	7	0	0	39	0	0	4	0	0	58	0	34	0	0	56	0	0	25	234	42	0	0	141	20	0	0	0	0	0	21	86	27	116	76	113	0	97	0	14	0	0	0	48	0	117	0	0	52	0	17	0	40	0	0	0	0	0	0	0	142	0	0	0	196	93	0	16	0	52	0	24	50	0	37	0	0	0	0	0	0	0	0	30	0	3	0	13	6	0	0	0	47	98	0	78	80	0	0	0	0	0	0	0	112	0	62	80	90	104	30	110	0	0	8	79	34	94	25	0	25	0	0	44	0	0	0	0	0	0	0	296	0	135	83	0	0	32	21	101	0	157	54	4	196	0	0	122	0	0	71	10	1	93	0	51	0	0	43	0	12	0	41	0	197	0	0	107	23	104	0	43	0	0	101	0	11	0	9	0	62	92	95	0	61	141	0	0	78	235	150	45	37	0	39	149	77	222	123	0	116	0	65	104	45	22	0	56	52	169	129	131	120	19	0	9	0	38	0	78	72	114	60	0	0	0	0	53	215	0	0	0	249	112	0	72	92	74	136	103	73	38	213	0	0	0	71	0	111	0	54	242	69	380	114	158	0	166	37	47	0	56	77	134	56	0	0	257	0	0	0	0	0	0	0	29	169	0	84	45	185	139	206	108	0	0	334	25	77	0	79	0	0	185	75	141	11	62	24	273	232	171	86	0	73	12	116	71	72	143	105	59	0	0	57	0	42	51	0	0	48	0	46	24	183	148	81	0	62	0	179	8	249	0	120	122	39	178	0	65	0	234	0	6	158	0	41	95	23	64	265	52	175	47	67	67	55	76	137	19	80	13	0	85	0	15	111	223	0	12	301	35	181	59	29	59	0	91	104	0	0	55	137	62	21	45	0	58	97	83	45	155	161	204	175	75	72	135	130	10	22	185	164	82	154	39	11	185	462	88	60	0	272	45	49	139	0	15	77	95	242	96	0	283	213	101	83	130	125	72	156	133	31	201	350	132	204	62	29	29	180	237	0	53	56	114	37	49	13	66	57	83	65	54	180	99	273	57	156	120	73	366	183	73	75	21	135	70	51	172	22	155	21	165	132	56	87	179	0	12	18	101	132	26	76	0	118	0	27	113	0	127	147	85	0	120	189	99	110	202	140	58	200	220	120	0	103	21	109	97	25	268	158	134	44	48	49	124	218	237	167	17	37	69	44	52	0	110	0	21	0	138	105	103	130	136	38	15	308	65	79	122	0	202	124	211	155	35	74	44	106	57	90	97	69	90	181	84	28	65	247	19	40	69	0	53	46	68	44	32	49	77	58	16	71	36	131	42	68	114	136	94	148	18	64	67	362	37	163	158	119	118	9
15	0	0	0	0	0	0	0	0	0	0	0	0	0	0	0	0	0	0	0	0	0	0	0	0	0	0	0	0	0	0	0	0	0	0	0	0	0	0	0	0	0	0	0	0	0	0	0	0	0	0	0	0	0	0	0	0	0	0	0	0	0	0	0	0	0	0	0	0	0	0	0	0	0	0	0	0	0	0	0	0	0	0	0	0	0	0	0	0	0	0	0	0	0	0	0	0	0	0	0	0	0	0	0	0	0	0	0	0	0	0	0	0	0	0	0	0	0	0	0	0	0	0	0	0	0	0	0	0	0	0	0	0	0	0	0	0	0	0	0	0	0	0	0	0	0	0	0	0	0	0	0	0	0	0	0	0	0	0	0	0	0	0	0	0	0	0	0	0	0	0	0	0	0	0	0	0	0	0	0	0	0	0	0	0	0	0	0	0	0	0	0	0	0	0	0	0	0	0	0	0	0	0	0	0	0	0	0	0	0	0	0	0	0	0	0	0	0	0	0	0	0	0	0	0	0	0	0	0	0	0	36	0	0	0	0	0	0	0	0	0	0	0	0	0	0	0	0	0	0	0	0	0	0	0	0	0	0	0	0	0	0	0	0	0	0	0	0	0	0	0	2	0	0	0	0	0	0	0	0	0	0	0	0	0	0	0	0	0	0	0	0	0	0	0	0	0	0	0	0	0	0	0	0	0	0	0	0	0	0	0	0	0	0	0	0	0	0	28	0	0	0	0	0	0	0	0	0	0	0	7	0	0	0	0	0	0	0	0	0	0	0	0	0	0	0	0	0	0	0	0	0	0	0	0	0	0	0	1	0	0	0	0	0	0	0	0	63	0	0	0	0	0	0	0	0	0	0	0	8	0	0	0	0	0	0	0	0	0	0	0	0	0	0	0	78	0	0	0	0	0	0	0	8	0	0	0	0	100	0	0	0	58	0	0	0	0	13	0	0	0	0	0	0	0	28	0	0	0	0	0	0	0	0	0	0	0	0	0	0	0	0	71	0	41	0	0	0	0	0	0	0	6	21	0	59	0	0	251	2	0	0	4	0	1	0	15	0	0	0	56	0	0	0	0	0	0	0	0	215	0	0	16	0	0	75	0	0	0	0	0	0	0	0	0	0	3	80	0	0	0	95	141	0	0	132	0	0	0	21	18	0	95	0	0	188	0	0	132	0	42	0	0	29	34	0	0	3	121	0	0	69	0	0	0	0	0	0	140	102	77	44	35	118	0	29	0	127	0	0	0	127	0	26	0	0	0	0	23	0	108	0	0	1	0	0	0	0	27	0	0	0	93	218	0	85	0	53	0	155	75	0	148	0	0	0	0	0	0	0	0	226	0	0	0	16	5	0	0	0	413	56	0	128	95	0	0	0	0	0	0	0	51	0	122	85	71	267	46	37	8	0	46	108	35	58	41	10	237	0	0	68	1	0	0	160	21	0	0	161	0	117	35	0	0	274	151	94	0	29	0	0	45	0	0	65	0	1	157	0	0	60	0	72	0	0	105	0	234	0	260	218	92	0	1	54	103	84	0	202	0	0	98	0	0	0	54	1	69	4	1	0	24	121	0	0	54	73	233	44	52	0	208	199	122	33	132	67	274	0	120	95	10	85	0	126	54	210	0	49	236	106	0	27	0	51	119	244	252	93	49	52	0	0	0	111	42	0	0	0	176	97	0	39	258	60	9	94	40	49	54	2	0	0	27	0	46	0	279	71	81	9	99	52	0	96	39	64	0	20	41	150	149	0	0	25	0	0	0	0	0	0	0	194	66	0	61	40	44	77	6	31	3	0	52	86	47	0	58	0	0	82	50	41	67	14	68	20	145	372	39	0	38	37	20	118	53	65	159	30	0	0	244	0	130	51	0	0	122	0	166	71	74	43	118	0	63	0	82	54	114	0	166	149	178	155	0	225	0	118	0	11	77	0	34	131	161	119	152	36	147	19	59	158	38	155	103	36	94	27	0	72	0	75	1	35	6	22	173	93	191	31	207	116	0	113	47	0	0	95	233	150	79	2	0	151	75	35	217	27	25	42	107	413	42	131	101	29	73	48	180	20	172	229	23	196	86	14	20	0	10	18	31	107	0	44	52	77	118	53	0	75	216	92	41	138	96	53	49	6	96	80	161	96	105	76	64	104	32	114	0	149	83	44	152	71	57	225	26	22	148	25	42	39	6	37	69	47	60	122	18	76	35	170	177	6	78	33	105	6	109	22	131	170	75	133	0	46	214	50	31	69	99	0	90	0	47	140	0	204	51	28	0	27	64	71	85	199	51	39	327	52	21	0	187	127	9	170	100	145	154	122	56	117	77	130	48	207	44	295	55	16	70	167	0	41	0	118	17	123	90	74	84	24	113	31	204	96	72	73	0	125	114	81	92	67	43	135	63	74	141	58	173	51	34	103	47	28	108	158	192	51	0	73	135	61	162	20	101	31	48	261	68	422	40	92	83	197	135	79	49	199	39	19	84	46	69	20	145	91	85
16	0	0	0	0	0	0	0	0	0	0	0	0	0	0	0	0	0	0	0	0	0	0	0	0	0	0	0	0	0	0	0	0	0	0	0	0	0	0	0	0	0	0	0	0	0	0	0	0	0	0	0	0	0	0	0	0	0	0	0	0	0	0	0	0	0	0	0	0	0	0	0	0	0	0	0	0	0	0	0	0	0	0	0	0	0	0	0	0	0	0	0	0	0	0	0	0	0	0	0	0	0	0	0	0	0	0	0	24	0	0	0	0	0	0	0	0	0	0	0	0	0	0	0	0	0	0	0	0	0	0	0	0	0	0	0	0	0	0	75	0	0	0	0	0	0	0	0	0	0	0	0	0	0	0	0	0	0	0	0	0	0	0	0	0	0	0	0	0	0	0	0	0	0	0	0	0	0	0	0	0	0	0	0	0	0	0	0	0	0	0	0	0	0	0	0	0	0	0	0	0	0	0	0	0	0	0	0	0	0	0	0	0	0	0	0	0	0	29	0	0	0	0	0	0	0	0	0	0	0	0	0	0	0	0	0	0	0	0	0	0	0	0	0	0	0	0	0	0	0	0	0	0	0	0	0	0	0	0	0	0	0	0	0	0	0	0	0	0	0	0	0	0	0	0	0	0	0	0	0	0	0	0	0	0	0	0	0	0	0	0	0	0	0	0	5	0	0	0	0	0	0	0	0	0	0	0	0	0	0	0	0	0	4	0	0	0	0	0	0	0	0	0	0	0	0	0	0	0	0	68	0	0	0	0	0	0	0	0	0	0	0	0	0	0	0	0	0	0	0	0	0	0	0	0	0	0	0	0	0	0	0	0	0	1	0	0	4	0	0	0	0	0	0	0	0	0	0	0	0	0	0	0	0	0	0	0	0	0	0	0	0	0	0	0	132	0	0	0	0	0	10	0	0	0	0	4	0	106	0	0	0	5	0	0	0	0	15	0	0	0	0	56	0	0	27	0	0	0	12	0	7	0	0	0	0	0	0	0	0	0	0	0	0	16	0	0	0	0	0	0	0	10	30	0	65	0	0	37	0	0	0	0	0	0	4	32	0	0	0	95	0	0	0	0	0	0	43	0	145	56	0	0	0	216	149	0	0	33	0	0	0	48	0	0	0	11	41	0	0	0	105	30	20	0	42	0	0	0	0	0	0	116	0	0	67	0	0	17	0	57	0	16	210	0	28	0	89	165	0	0	222	3	0	0	0	0	0	17	62	44	19	37	191	0	250	0	17	0	0	0	143	0	155	0	0	3	0	52	0	196	0	0	0	0	0	0	0	323	0	0	0	47	76	0	170	0	75	0	52	75	0	170	0	0	0	0	0	0	0	0	99	0	51	0	97	14	0	0	0	217	162	0	24	42	0	0	0	0	0	0	0	208	0	222	51	68	94	48	23	0	0	65	22	185	65	91	0	21	0	6	22	0	0	0	57	0	0	0	5	0	80	111	0	0	62	53	189	0	51	0	0	189	22	0	131	0	0	24	126	0	176	0	145	0	0	305	0	149	0	110	39	64	0	0	45	0	41	0	50	0	0	198	0	9	0	125	0	229	0	47	0	134	7	0	0	44	91	182	103	88	0	325	106	101	137	97	53	46	0	49	167	79	76	0	32	119	120	143	11	105	305	0	178	0	48	0	71	167	19	40	0	0	0	0	86	184	0	0	0	91	57	0	64	134	103	66	315	67	315	44	57	0	0	228	0	315	0	16	18	34	97	109	124	0	82	187	116	29	28	88	120	64	0	0	59	0	0	0	63	0	0	0	38	48	0	70	106	106	33	21	67	0	0	33	90	247	0	112	0	0	42	48	8	156	16	31	71	189	40	26	18	87	86	230	174	127	137	187	46	0	0	129	0	172	49	0	0	18	0	98	84	71	136	101	0	49	0	149	76	108	0	173	41	33	30	0	48	0	51	0	20	81	0	262	59	75	228	115	48	127	30	14	77	60	32	289	72	90	185	0	121	0	148	235	22	0	71	66	155	8	24	78	3	0	39	65	0	0	156	171	141	267	252	0	86	6	15	58	31	11	56	242	119	97	38	19	96	14	28	103	77	84	71	74	73	54	156	43	0	49	66	236	5	0	469	71	36	104	19	0	12	77	80	113	159	113	70	29	41	77	184	70	231	101	121	56	46	59	47	0	14	239	272	117	82	38	10	207	116	184	13	98	74	130	147	79	15	37	271	61	226	105	59	36	76	68	32	57	148	142	146	41	48	56	78	0	142	0	33	77	59	60	0	53	0	97	60	0	91	91	110	0	22	132	59	113	81	32	100	73	60	105	0	36	56	90	75	27	40	24	140	44	62	76	98	50	186	79	85	125	35	124	100	0	62	0	25	8	67	111	198	51	98	17	221	18	48	106	102	0	117	139	112	52	90	43	34	108	150	164	24	141	139	136	122	62	28	116	53	5	7	0	39	17	92	63	93	84	49	177	125	133	98	18	44	120	115	67	134	83	134	104	53	44	51	68	74	15	216	46
17	0	0	0	0	0	0	0	0	0	0	0	0	0	0	0	0	0	0	0	0	0	0	0	0	0	0	0	0	0	0	0	0	0	0	0	0	0	0	0	0	0	0	0	0	0	0	0	0	0	0	0	0	0	0	0	0	0	0	0	0	0	0	0	0	0	0	0	0	0	0	0	0	0	0	0	0	0	0	0	0	0	0	0	0	0	0	0	0	0	0	0	0	0	0	0	0	0	0	0	0	0	0	0	0	0	0	0	0	0	0	0	0	0	0	0	4	0	0	0	0	0	0	0	0	0	0	0	0	0	0	0	0	0	0	0	0	0	0	0	0	0	0	0	0	0	0	0	0	0	0	0	0	0	0	0	0	0	0	0	0	0	0	0	0	0	0	0	0	0	0	0	0	0	0	0	0	0	0	0	0	0	0	0	0	0	0	0	0	0	0	0	0	0	0	0	0	0	0	0	0	0	0	0	0	0	0	0	0	0	0	0	26	0	0	0	0	0	0	0	0	0	0	0	0	0	0	0	0	0	0	0	0	0	0	0	0	0	0	0	0	0	0	0	0	0	0	0	0	0	0	0	0	0	0	0	0	0	0	0	0	0	0	0	0	0	0	0	0	0	0	0	0	0	0	0	0	0	0	0	0	0	0	0	0	0	0	104	0	0	0	0	0	0	0	0	0	0	0	0	0	0	0	0	0	0	0	0	0	0	0	0	0	0	0	0	0	0	9	0	0	0	0	0	0	0	0	0	0	0	42	0	0	0	0	0	0	0	0	0	0	0	0	0	0	0	0	0	0	0	0	0	0	0	0	0	0	0	0	0	0	0	0	0	0	0	24	6	0	0	0	0	0	0	0	0	0	0	0	0	0	0	0	0	0	0	0	0	0	0	0	0	0	0	0	343	0	0	0	0	0	0	0	1	0	0	0	0	99	0	0	0	81	0	0	0	0	144	0	0	0	0	0	0	0	28	1	0	0	0	0	0	0	0	0	0	0	0	0	0	0	5	0	0	38	2	0	0	0	0	0	0	0	52	0	133	0	0	93	0	0	0	0	0	0	0	212	0	0	0	0	0	0	0	0	0	0	13	0	42	0	0	0	0	39	60	0	0	0	0	0	0	0	0	0	0	42	73	0	0	0	42	105	0	0	47	0	0	0	0	0	0	34	0	0	151	0	0	169	0	13	0	0	63	22	0	0	0	144	0	0	124	0	0	285	0	0	0	94	177	39	48	23	139	0	59	0	392	0	0	0	188	0	39	0	0	0	0	47	0	163	0	0	47	0	0	0	0	97	0	0	0	133	61	0	121	0	139	0	18	141	0	71	1	0	0	0	0	0	0	0	77	0	0	0	36	33	0	0	0	125	47	0	16	90	1	0	0	0	0	0	0	106	0	9	128	183	125	98	141	0	0	66	135	0	141	95	0	88	0	0	129	0	0	0	78	0	0	0	16	0	327	11	0	0	22	16	44	0	45	0	0	179	0	0	136	0	0	94	0	0	116	0	46	0	0	109	0	67	0	175	62	51	0	0	81	5	42	0	105	0	0	156	3	0	0	140	0	19	0	73	0	22	210	0	35	71	233	44	107	127	0	44	100	55	12	85	8	104	0	60	79	169	162	0	114	217	106	22	68	46	81	0	53	0	142	37	51	34	91	75	25	0	0	0	121	71	0	0	0	95	43	22	41	58	31	23	77	107	118	6	0	0	0	178	0	76	0	70	97	65	51	17	25	0	59	24	86	0	91	114	13	238	0	0	25	26	0	0	12	0	0	0	75	3	0	52	114	149	94	243	51	34	0	71	133	0	0	15	0	0	37	161	89	117	54	19	67	41	36	105	0	448	169	100	60	81	48	91	65	0	0	30	0	119	26	0	0	92	0	13	78	88	65	76	0	101	0	59	215	120	0	159	103	84	153	0	109	0	452	0	14	92	0	132	54	13	106	164	70	151	85	76	29	87	46	127	1	83	102	2	77	0	79	49	158	0	28	46	72	27	81	11	154	0	98	128	0	0	534	50	77	64	50	0	93	74	116	45	3	19	101	99	101	37	210	97	61	49	57	42	210	92	100	99	110	75	30	61	0	169	95	127	315	0	105	36	120	63	116	0	102	92	116	99	82	50	78	27	83	57	134	150	99	51	283	37	148	84	71	0	27	120	65	96	151	20	104	294	186	47	32	31	54	199	175	34	194	80	79	114	105	103	2	46	63	133	103	39	98	83	54	97	62	62	42	0	85	0	23	83	82	40	0	38	0	19	41	0	76	260	185	0	120	21	147	78	88	69	119	143	18	182	0	182	114	122	78	79	127	236	173	49	75	87	167	46	75	25	180	173	93	108	37	0	67	0	40	8	81	168	103	187	179	5	239	30	50	72	72	0	132	111	44	58	20	97	138	84	169	78	115	73	149	60	58	45	118	72	138	76	56	0	55	43	23	64	73	422	22	72	104	78	168	35	215	32	182	43	72	121	120	180	72	292	56	303	15	110	57	104
18	0	0	0	0	0	0	0	0	0	0	0	0	0	0	0	0	0	0	0	0	0	0	0	0	0	0	0	0	0	0	0	0	0	0	0	0	0	0	0	0	0	0	0	0	0	0	0	0	0	0	0	0	0	0	0	0	0	0	0	0	0	0	0	0	0	0	0	0	0	0	0	0	0	0	0	0	0	0	0	0	0	0	0	0	0	0	0	0	0	0	0	0	0	0	0	0	0	0	0	0	0	0	0	0	0	0	0	0	0	0	0	0	0	0	0	0	0	0	0	0	0	0	0	0	0	0	0	0	0	0	0	0	0	0	0	0	0	0	0	0	0	0	0	0	0	0	0	0	0	0	0	0	0	0	0	0	0	0	0	0	0	0	0	0	0	0	0	0	0	0	0	0	0	0	0	0	0	0	0	0	0	0	0	0	0	0	0	0	0	0	0	0	0	0	0	0	0	0	0	0	0	0	0	0	0	0	0	0	0	0	0	0	0	0	0	0	0	0	0	0	0	0	0	0	0	0	0	0	0	0	0	0	0	0	0	0	0	0	0	0	0	0	0	0	0	0	0	0	0	0	0	0	0	41	0	0	0	0	266	0	0	0	0	0	0	0	0	8	0	0	0	0	0	0	0	0	0	0	0	0	0	0	0	0	0	0	0	0	0	0	0	0	0	0	0	0	0	0	0	0	0	0	0	0	0	0	0	0	0	0	0	0	0	0	0	0	0	0	0	0	0	0	0	0	0	0	0	0	0	86	0	0	0	0	0	0	0	0	0	2	1	0	0	0	0	0	0	0	0	0	0	0	0	0	0	0	0	0	0	0	11	8	0	10	0	0	64	0	0	0	0	0	0	0	0	0	0	0	0	0	0	0	0	0	0	0	0	0	0	0	0	0	0	0	217	0	0	0	0	0	0	0	0	0	0	0	0	156	0	0	0	49	0	0	0	0	0	0	0	0	0	0	0	0	193	0	0	0	0	0	0	0	0	0	0	0	0	0	0	0	0	0	0	62	0	0	0	0	0	0	0	0	0	0	42	0	0	157	0	0	0	0	0	0	0	92	0	0	0	32	0	0	0	0	0	0	241	0	42	0	0	0	0	19	114	0	0	0	0	0	0	0	0	0	0	14	22	0	0	0	78	66	0	0	82	0	0	0	0	0	0	69	0	0	76	0	0	56	0	2	42	16	159	0	7	0	15	41	0	0	67	0	0	0	0	0	0	83	27	86	113	152	258	0	23	0	87	0	0	0	79	0	180	0	0	0	0	22	0	32	0	0	0	0	0	0	0	62	0	0	0	34	87	0	26	0	98	0	15	20	0	250	0	0	0	0	0	0	0	0	184	0	0	0	47	0	0	0	0	120	52	0	181	54	0	0	0	0	0	0	0	91	0	127	51	13	20	7	59	0	0	65	120	159	8	128	0	76	0	0	52	0	0	0	133	19	0	0	115	0	10	139	5	0	64	10	75	0	220	0	0	63	0	0	60	0	0	59	0	0	75	0	141	0	0	116	0	55	0	45	0	87	0	0	44	0	58	0	10	0	0	13	0	0	0	62	0	155	26	37	0	165	17	0	0	109	83	154	77	192	0	80	9	90	235	143	0	73	0	86	9	189	137	0	42	37	285	37	411	71	42	0	109	0	17	10	155	72	88	122	22	0	0	0	75	27	0	0	0	30	49	0	35	65	83	103	29	116	92	58	5	0	0	117	0	26	0	47	216	138	57	169	9	0	94	25	46	0	73	22	64	35	0	0	25	0	0	0	18	0	0	0	99	18	0	149	41	184	62	134	201	0	0	249	33	42	0	134	0	0	156	32	95	250	21	114	156	99	172	109	0	69	70	33	1	56	27	76	169	0	0	33	0	7	211	0	0	210	0	267	70	115	62	67	0	91	0	64	117	84	0	63	103	190	105	0	15	0	28	0	21	109	0	92	60	41	24	32	126	276	158	135	85	21	18	75	0	66	23	0	48	0	23	37	106	0	147	99	223	254	50	145	111	0	132	26	0	0	121	204	52	18	63	0	126	30	91	45	70	144	60	163	69	24	161	54	65	141	167	23	21	165	80	179	268	29	77	50	0	271	287	215	42	0	58	196	44	40	210	0	222	67	123	77	107	53	106	74	207	91	310	24	39	143	85	84	18	177	207	0	34	59	78	104	15	129	104	136	120	76	40	178	158	138	143	82	113	178	89	66	91	209	7	27	154	265	53	26	75	156	312	48	104	130	66	0	95	0	366	54	238	75	0	104	0	21	50	0	48	59	181	9	101	51	43	101	67	69	96	138	140	84	0	204	22	152	66	310	34	91	24	20	224	77	36	88	142	78	27	106	47	212	105	0	143	0	115	0	177	61	25	120	63	49	317	47	70	129	98	0	188	170	20	56	37	115	344	70	38	87	93	225	69	84	85	140	42	23	11	164	29	0	159	109	49	260	141	17	92	55	72	66	113	76	135	185	100	26	94	105	269	220	56	19	9	115	118	68	77	97
19	0	0	0	0	0	0	0	0	0	0	0	0	0	0	0	0	0	0	0	0	0	0	0	0	0	0	0	0	0	0	0	0	0	0	0	0	0	0	0	0	0	0	9	0	0	0	0	0	0	0	0	0	0	0	0	0	0	0	0	0	0	0	0	0	0	0	0	0	0	0	0	0	0	0	0	0	0	0	0	0	0	0	0	0	0	0	0	0	0	0	0	0	0	0	0	0	0	0	0	0	0	0	0	0	0	0	0	0	0	0	0	0	0	0	0	0	0	0	0	0	0	0	0	0	0	0	0	0	0	0	0	0	0	0	0	0	0	0	0	0	0	0	0	0	0	0	0	0	0	0	0	0	0	0	0	0	0	0	0	0	0	0	0	0	0	0	0	0	0	0	0	0	0	0	0	0	0	0	0	0	0	0	0	0	0	0	0	0	0	0	0	0	0	0	0	0	0	0	0	0	0	0	0	0	0	0	0	0	0	0	0	0	0	0	0	0	0	93	0	0	0	0	0	0	0	0	0	0	0	0	0	0	0	0	0	0	0	0	0	0	0	0	0	0	0	0	0	0	0	0	0	0	0	0	0	0	0	0	20	0	0	0	0	0	0	0	0	0	0	0	0	0	0	0	0	0	0	0	0	0	0	0	0	0	0	0	0	0	0	0	0	0	0	0	0	0	0	0	0	0	0	0	0	0	0	0	0	0	0	0	6	0	0	0	0	0	69	0	0	0	0	0	0	0	0	0	0	0	0	16	0	0	0	0	0	0	0	0	0	0	0	0	0	0	0	0	0	0	0	0	0	0	0	0	0	0	0	0	0	0	0	0	0	0	0	20	131	0	0	0	0	0	0	0	0	0	0	0	0	0	0	0	0	0	0	0	0	0	0	0	0	0	0	0	76	0	0	0	0	0	0	0	0	0	0	0	0	179	0	0	0	98	0	0	0	0	0	0	0	0	0	0	0	0	115	0	0	2	0	0	195	0	0	0	0	0	0	0	0	0	0	0	0	97	0	0	0	0	0	0	0	5	0	0	45	3	0	106	0	0	0	0	0	0	0	58	0	0	0	3	0	0	0	0	0	0	80	0	81	0	0	0	0	24	57	0	0	5	0	0	0	0	4	0	0	0	141	0	0	0	42	43	0	0	49	0	0	24	80	0	0	42	0	0	227	0	0	276	0	50	0	0	113	0	0	66	16	195	0	0	128	6	0	0	0	0	0	91	248	140	63	68	98	0	82	0	132	0	0	0	72	0	68	0	0	0	0	173	0	23	0	0	0	0	0	0	0	60	0	0	0	77	36	0	110	0	97	0	236	127	0	255	0	0	0	0	0	0	0	0	75	0	0	0	181	0	0	0	0	47	90	0	165	96	0	0	0	0	0	0	0	64	0	109	232	24	31	267	49	0	0	33	223	68	55	85	0	34	0	2	98	0	0	0	41	0	0	0	126	0	20	38	0	0	133	457	73	0	103	3	0	45	0	0	57	0	0	59	0	0	177	0	94	0	0	121	0	85	0	60	0	57	0	0	19	91	146	0	135	0	0	70	3	0	0	20	0	85	0	72	0	144	95	8	65	38	78	221	58	82	0	127	63	158	274	192	4	1	0	46	139	45	76	0	71	19	391	116	31	66	66	0	50	0	0	0	31	132	37	209	0	0	0	0	21	47	0	0	0	67	197	33	20	298	33	36	125	83	78	76	2	0	0	69	0	98	0	63	163	139	57	111	201	0	33	66	96	0	34	63	59	174	0	0	4	0	0	0	52	0	0	0	19	172	0	50	63	60	61	86	76	0	0	27	27	76	0	94	0	0	210	180	112	173	72	214	36	106	81	218	0	148	99	132	43	148	37	97	48	0	2	74	0	189	133	0	0	76	0	8	49	112	17	215	0	68	0	144	189	128	0	69	178	53	11	0	91	0	63	0	0	190	0	124	329	51	256	117	113	147	236	147	86	193	20	115	0	170	91	0	47	0	76	120	64	10	5	142	38	65	108	25	74	0	162	45	0	0	97	90	70	43	140	0	47	87	70	20	13	43	313	124	346	46	181	127	68	68	251	38	38	236	147	83	37	21	222	53	0	64	30	191	27	0	26	122	53	29	191	3	92	138	150	172	58	91	88	138	28	325	85	38	62	138	46	13	28	79	77	0	71	19	75	3	34	175	109	27	108	29	70	210	102	200	32	141	208	80	72	65	99	15	5	69	80	46	80	63	13	32	299	68	227	66	10	0	173	93	190	87	80	146	0	46	0	80	47	0	103	117	82	0	21	99	128	350	76	154	29	144	51	170	0	207	46	30	102	59	33	19	216	53	44	133	53	21	98	93	62	79	95	55	140	0	78	0	28	0	133	132	106	71	55	160	87	73	52	139	309	0	58	77	36	63	153	41	105	71	49	18	80	82	80	52	169	159	68	136	49	124	59	0	20	51	121	221	142	162	66	55	152	124	29	67	50	126	133	145	33	231	29	27	130	101	107	17	314	43	81	61
20	0	0	0	0	0	0	0	0	0	0	0	0	0	0	0	0	0	0	0	0	0	0	0	0	0	0	0	0	0	0	0	0	0	0	0	0	0	0	0	0	0	0	0	0	0	0	0	0	0	0	0	0	0	0	0	0	0	0	0	0	0	0	0	0	0	0	0	0	0	0	0	0	0	0	0	0	0	0	0	0	0	0	0	0	0	0	0	0	0	0	0	0	0	0	0	0	0	0	0	0	0	0	0	0	0	0	0	0	0	0	0	0	0	0	0	0	0	0	0	0	0	0	0	0	0	0	0	0	0	0	0	0	0	0	0	0	0	0	0	0	0	0	0	0	0	0	0	0	0	0	0	0	0	0	0	0	0	0	0	0	0	0	0	0	0	0	0	0	0	0	0	0	0	0	0	0	0	0	0	0	0	20	0	0	0	0	0	0	0	0	0	0	0	0	0	0	0	0	0	0	0	0	33	0	0	0	12	0	0	0	0	0	0	0	0	0	0	0	0	0	0	0	0	0	0	0	0	0	0	0	0	0	0	0	0	0	0	0	0	0	0	0	0	0	0	0	0	80	0	0	0	0	0	0	0	0	0	0	58	0	0	0	0	0	0	0	0	0	0	0	0	0	0	0	0	0	0	0	0	0	0	0	0	0	0	0	0	0	0	0	0	0	0	0	0	0	0	0	0	0	0	0	0	0	0	0	0	0	0	0	0	0	0	0	0	0	0	88	0	0	0	0	0	0	0	0	0	0	0	54	0	0	19	0	0	0	0	0	0	0	0	0	0	0	0	0	0	0	0	0	0	0	21	0	0	0	0	2	0	0	0	71	0	0	0	0	95	0	0	0	0	0	0	0	0	0	0	0	0	0	0	0	0	0	0	0	0	0	0	48	0	0	0	0	88	0	0	0	0	0	0	0	4	0	0	2	0	30	0	0	0	52	0	0	0	0	142	0	0	0	0	0	0	0	44	0	0	0	0	0	0	0	0	0	0	0	0	1	0	0	0	0	0	25	0	0	0	0	0	0	0	0	27	0	20	33	0	117	53	0	0	0	0	0	27	72	0	0	0	43	0	0	0	0	0	0	7	0	81	0	0	0	0	99	128	0	0	35	0	0	1	110	0	0	0	0	12	0	0	0	14	173	0	0	11	0	0	0	19	0	0	50	0	0	21	0	17	173	0	53	0	1	54	49	0	50	45	66	0	0	54	0	0	0	0	0	0	234	141	17	96	46	53	0	97	0	70	1	0	0	203	0	126	0	0	0	0	54	0	24	0	0	43	0	4	0	0	127	0	3	0	129	89	0	96	0	34	0	17	139	0	109	0	0	0	0	0	0	0	0	47	0	0	0	65	0	0	0	0	104	97	6	127	206	0	103	0	0	0	0	0	24	0	83	200	47	66	47	171	5	0	97	181	156	130	64	0	367	0	0	57	0	0	0	65	0	0	5	80	0	40	132	0	0	84	97	154	0	50	0	0	180	28	0	115	0	0	52	120	51	71	0	214	0	0	80	0	3	0	86	13	49	0	0	135	28	165	0	107	0	0	118	0	0	0	110	0	63	0	43	0	385	53	0	0	252	76	26	54	180	0	244	108	96	221	416	22	58	6	197	28	51	86	0	136	68	110	56	74	261	79	0	255	0	75	74	27	78	52	176	2	0	0	0	149	78	0	0	0	155	39	15	163	21	41	17	46	52	185	285	135	0	0	93	0	65	0	6	37	309	81	62	20	0	273	91	253	0	71	148	48	219	0	0	131	0	0	0	21	0	0	0	259	43	0	138	189	92	47	48	205	0	0	23	84	136	0	33	0	0	43	135	34	143	99	277	76	87	39	167	0	99	145	81	47	88	111	26	71	0	0	101	0	38	62	0	0	130	0	227	44	138	25	103	0	47	0	172	232	105	0	28	101	63	11	0	155	0	53	0	15	28	0	185	156	71	62	98	26	127	163	238	28	133	285	74	84	174	124	0	83	0	22	41	35	0	52	200	152	172	56	12	6	0	86	113	0	0	131	37	157	171	189	0	58	157	48	283	304	36	12	143	22	47	74	82	37	48	120	167	139	79	20	44	86	14	167	58	0	161	138	104	116	0	64	61	120	142	154	0	11	46	7	41	10	1	80	48	130	98	182	51	85	64	56	204	128	85	32	1	119	130	108	81	148	39	42	90	121	23	283	179	34	90	244	43	159	334	30	133	26	218	101	34	23	65	26	26	61	32	4	40	61	131	111	0	127	94	47	109	88	91	0	97	0	24	99	0	197	15	143	0	77	98	38	317	63	8	250	16	106	22	0	174	43	33	76	45	28	131	11	11	87	65	93	124	46	32	14	255	69	97	130	0	117	0	3	51	85	23	246	86	12	290	150	206	221	73	106	0	82	177	77	192	94	118	127	37	7	47	217	74	11	22	117	103	125	24	112	77	20	0	298	42	63	206	82	128	96	191	50	74	125	55	224	328	26	92	7	113	26	49	169	73	55	178	59	35	72	216
21	0	0	0	39	0	0	0	0	0	0	0	0	0	0	0	0	0	0	0	0	0	0	0	0	0	0	0	0	0	0	0	0	0	0	0	0	0	0	0	0	0	0	0	0	0	0	0	0	0	0	0	0	0	0	0	0	0	0	0	0	0	0	0	0	0	0	0	0	0	0	0	0	0	0	0	0	0	0	0	0	0	0	0	0	0	0	0	0	0	0	0	0	0	0	0	0	0	0	0	0	0	0	0	0	0	0	0	0	0	0	0	0	0	0	0	0	0	0	0	0	0	0	0	0	0	0	0	0	0	0	0	0	0	0	0	0	0	0	0	0	0	0	0	0	0	0	0	0	0	0	0	9	0	0	0	0	0	0	0	0	0	0	0	0	0	0	0	0	0	0	0	0	0	0	0	0	0	0	0	0	60	0	0	0	0	0	0	0	0	0	0	0	0	0	0	0	0	0	0	0	0	0	0	0	0	0	0	0	0	0	0	0	0	0	0	0	0	0	0	0	0	0	0	0	0	0	0	0	0	0	0	0	0	0	0	0	0	0	0	0	0	0	0	0	0	0	0	0	0	0	0	0	0	0	0	0	0	0	1	0	0	0	0	0	1	0	0	0	0	0	0	0	0	0	0	0	0	0	0	0	0	0	0	0	0	0	0	0	0	0	0	0	0	0	0	0	0	0	0	0	0	0	0	0	0	0	0	0	0	0	0	0	0	0	0	0	0	0	0	0	0	0	0	0	0	0	0	0	0	0	0	0	0	0	0	0	0	0	1	0	0	0	0	0	0	0	0	0	0	0	0	0	0	0	7	0	0	0	0	0	0	9	18	0	0	0	120	0	0	0	0	0	0	0	0	0	0	0	0	0	0	0	0	0	0	0	0	0	0	0	0	0	0	0	134	0	0	0	0	0	0	0	59	0	0	0	0	2	0	0	0	5	0	0	0	0	0	0	0	0	0	0	0	0	5	0	0	0	34	0	0	0	19	0	0	0	0	0	0	0	0	0	0	70	0	0	0	0	0	0	0	0	0	0	22	0	0	40	0	0	0	0	0	0	0	0	0	0	0	0	0	0	0	0	0	0	0	0	52	0	0	0	0	5	27	0	0	0	0	0	0	0	11	0	0	0	8	0	0	0	168	217	0	0	4	0	0	0	0	0	0	0	0	0	7	0	0	62	0	0	0	7	33	0	0	0	2	0	0	0	14	0	0	0	0	0	0	4	1	46	0	74	54	0	94	0	46	0	0	0	3	0	19	0	0	0	0	6	0	12	0	0	0	0	0	0	0	24	0	0	0	2	0	0	51	0	14	0	6	101	0	112	0	0	0	0	0	0	0	0	10	0	0	0	23	0	0	0	0	0	38	0	27	109	0	0	0	0	0	0	0	15	0	7	124	34	108	18	24	0	0	43	93	136	106	0	0	18	0	0	0	0	0	0	20	0	0	4	152	2	18	89	0	0	44	4	0	0	86	0	0	19	0	0	239	0	0	81	0	0	7	0	204	0	0	9	0	9	0	6	0	129	0	0	101	0	107	36	177	0	0	0	0	0	0	48	0	66	0	19	0	33	86	0	0	48	1	8	21	45	0	13	105	29	11	0	2	38	0	0	18	0	34	0	0	3	54	0	12	3	17	0	1	0	0	0	22	2	129	53	4	0	0	0	3	195	0	0	0	18	9	0	48	22	112	172	70	30	93	211	0	0	0	12	0	193	0	38	268	25	155	0	15	0	0	61	9	0	22	49	19	6	0	0	8	0	0	0	22	0	0	0	7	39	0	3	33	86	0	71	76	0	0	7	25	3	0	75	0	0	52	128	12	69	17	3	3	26	1	24	0	107	73	19	6	17	30	10	289	0	0	43	0	21	0	0	0	78	0	19	56	16	27	1	0	0	0	21	18	30	0	9	2	5	0	0	0	0	117	0	0	60	0	13	1	9	52	1	49	45	32	32	1	13	1	25	24	10	38	0	0	0	14	41	27	0	0	25	25	108	57	54	4	0	16	86	0	0	7	146	20	84	31	0	25	38	89	62	0	2	24	47	58	81	112	36	43	47	28	25	129	96	102	51	9	105	0	2	0	115	62	54	7	0	10	45	36	7	42	0	52	43	12	91	57	103	44	149	67	4	41	5	13	4	53	71	301	92	73	0	1	21	5	5	10	129	5	8	1	108	92	134	22	155	68	20	22	4	54	76	31	42	0	26	17	40	2	25	17	3	174	1	152	38	3	0	79	0	6	32	88	44	0	28	0	93	26	0	1	24	24	0	0	9	8	62	57	46	14	21	1	8	0	51	1	52	112	22	3	47	6	88	228	9	152	20	86	18	38	9	7	5	78	0	313	0	10	0	120	22	82	198	91	76	13	56	49	143	33	0	182	270	22	59	113	18	3	193	108	45	0	29	5	3	0	3	20	4	84	73	20	0	154	3	43	45	25	25	122	178	3	48	22	9	39	101	25	30	21	0	103	0	43	0	195	11	85	12	41	10
22	0	0	0	0	0	0	0	0	0	0	0	0	0	0	0	0	0	0	0	0	0	0	0	0	0	0	0	0	0	0	0	0	0	0	0	0	0	0	0	0	0	0	0	0	0	0	0	0	0	0	0	0	0	0	0	0	0	0	0	0	0	0	0	0	0	0	0	0	0	0	0	0	0	0	0	0	0	0	0	0	0	0	0	0	0	0	0	0	0	0	0	0	0	0	0	0	0	0	0	0	0	0	0	0	0	0	0	0	0	0	0	0	0	0	0	0	0	0	0	0	0	0	0	0	0	0	0	0	0	0	101	0	0	0	0	0	0	0	0	0	0	0	0	0	0	0	0	0	0	0	0	0	0	0	0	0	0	0	0	0	0	0	0	0	0	0	0	0	0	0	0	0	0	0	0	0	0	0	0	0	6	0	0	0	0	0	0	0	0	0	0	0	0	0	0	0	0	0	0	0	0	0	0	0	0	0	4	0	0	0	0	0	0	0	0	0	0	0	0	0	1	0	0	0	0	0	0	0	0	0	0	0	0	0	0	0	0	0	0	0	0	0	0	0	30	0	0	0	0	0	2	0	0	0	0	0	0	0	28	0	0	0	0	0	0	0	0	0	0	0	0	0	0	0	0	0	0	0	0	0	0	0	0	0	0	0	0	0	0	0	0	0	0	0	1	0	0	0	0	0	0	0	0	0	0	0	0	0	0	0	0	0	0	0	0	0	0	27	0	0	0	5	0	0	0	0	0	0	0	77	0	0	0	0	0	0	0	0	0	0	0	0	0	0	0	0	0	0	0	0	0	0	0	0	0	0	0	14	0	0	0	137	0	0	0	11	43	0	0	0	0	0	0	0	0	0	0	0	0	0	0	0	0	0	0	0	0	0	0	0	1	0	0	0	153	0	0	0	0	0	127	0	0	0	0	0	0	77	0	0	0	138	0	0	0	0	0	0	0	0	0	0	0	0	25	0	0	0	95	0	0	0	0	0	0	0	0	0	0	0	0	0	0	143	0	0	0	0	0	0	0	0	148	0	96	0	0	70	9	0	0	0	0	0	0	38	0	0	0	80	0	0	0	0	0	0	43	0	70	0	0	0	0	0	84	0	0	5	0	0	41	0	0	0	0	61	109	0	0	0	240	208	25	0	138	0	0	0	33	0	0	108	0	0	21	0	0	67	0	21	0	0	16	0	21	0	88	184	0	0	75	1	0	0	0	0	0	78	103	192	153	196	25	0	28	0	214	0	0	0	12	0	202	0	0	0	0	104	0	64	0	0	0	0	0	0	0	11	0	0	0	139	43	0	2	0	33	0	0	90	0	117	0	0	0	0	0	0	0	0	67	0	0	0	55	3	0	0	0	57	79	0	120	64	0	0	0	22	0	0	0	55	0	27	77	152	293	141	51	0	0	300	114	11	109	121	0	170	0	0	59	0	0	7	337	0	0	0	80	0	9	0	0	0	301	257	212	0	63	15	0	118	0	0	37	0	0	73	0	75	47	0	292	0	0	39	0	29	0	9	48	240	0	1	69	52	174	0	88	0	0	36	0	4	0	128	0	138	69	27	0	103	120	0	0	112	224	132	54	9	0	89	115	101	57	104	3	162	0	55	226	123	164	0	42	253	209	188	126	9	421	0	53	0	19	0	130	81	81	136	75	0	0	0	163	464	0	0	0	130	279	0	64	217	133	14	50	149	39	64	11	0	0	118	0	89	0	75	47	164	30	392	97	0	204	172	25	0	56	107	90	39	0	0	89	0	0	0	30	0	0	0	81	46	0	42	13	26	35	121	228	0	0	97	68	18	0	1	0	0	39	190	52	191	84	90	151	84	77	38	9	217	133	91	223	91	95	41	93	0	0	132	0	106	180	0	0	69	0	74	93	11	188	71	24	108	0	94	128	79	0	79	129	247	48	0	17	0	124	0	1	49	0	200	57	113	65	75	88	93	217	121	391	32	55	22	55	153	68	0	25	0	103	225	94	0	85	58	81	153	54	99	40	0	92	19	0	0	108	125	57	20	152	0	117	169	128	245	59	36	167	71	182	82	84	36	229	135	175	364	39	40	219	45	126	70	55	238	0	24	55	563	104	0	223	153	81	62	15	0	180	94	143	30	347	126	236	137	119	36	95	36	73	8	73	254	85	131	73	0	120	109	59	36	53	38	22	18	220	187	14	156	165	19	127	118	64	27	30	81	85	175	23	141	90	21	189	43	36	151	22	204	95	28	59	0	133	179	60	153	44	103	0	188	0	136	95	0	137	78	115	0	142	55	138	51	52	139	55	128	99	77	0	10	274	111	36	96	118	88	51	32	42	43	84	74	85	47	30	25	87	105	149	0	99	0	41	60	241	99	172	52	10	114	188	29	209	74	46	4	52	10	21	20	102	95	94	41	24	4	10	164	3	280	41	23	144	27	424	36	53	0	26	72	126	20	99	134	114	68	188	151	157	165	163	245	151	44	67	198	74	91	133	23	108	98	143	50	87	22
23	0	0	0	0	0	0	0	0	0	0	0	0	0	0	0	0	0	0	0	0	0	0	0	0	0	0	0	0	0	0	0	0	0	0	0	0	0	0	0	0	0	0	0	0	0	0	0	0	0	0	0	0	0	0	0	0	0	0	0	0	0	0	0	0	0	0	0	0	0	0	0	0	0	0	0	0	0	0	0	0	0	0	0	0	0	0	0	0	0	0	0	0	0	0	0	0	0	0	0	0	0	0	0	0	0	0	0	0	0	0	0	0	0	0	0	0	0	0	0	0	0	0	0	0	0	0	0	0	0	0	0	0	0	0	0	0	0	0	0	0	0	0	0	0	0	0	0	0	0	0	0	0	0	0	0	0	0	0	0	0	0	0	0	0	0	0	0	0	0	0	0	0	0	0	0	0	0	0	0	0	0	0	0	0	0	0	0	0	0	0	0	0	0	0	0	0	0	0	0	0	0	0	0	0	0	0	0	0	0	0	0	0	0	0	0	0	0	80	0	0	0	0	0	0	0	0	0	0	0	0	0	0	0	0	0	0	0	0	0	0	0	0	0	0	0	0	0	0	0	0	0	0	0	0	0	0	0	0	0	0	0	0	0	0	0	0	0	0	0	0	0	0	0	0	0	0	0	0	0	0	0	0	0	0	0	0	0	0	0	0	0	0	0	0	0	0	0	0	0	0	0	0	0	0	0	0	2	0	0	0	0	0	0	0	0	0	0	37	0	0	0	0	0	0	0	0	0	0	0	22	0	0	0	0	0	0	0	0	0	0	0	0	0	0	0	0	0	0	0	0	0	0	29	0	0	0	1	0	0	0	0	0	0	0	0	0	109	0	0	0	0	0	0	0	0	0	0	0	0	0	0	0	0	0	0	0	0	0	0	0	0	0	0	0	164	0	0	0	0	0	1	0	2	0	0	0	0	30	0	0	0	118	0	0	0	0	0	0	0	0	0	0	0	0	103	0	0	0	0	0	0	0	0	0	2	0	0	0	0	0	0	0	0	91	0	0	0	0	0	0	0	42	52	0	80	4	0	71	0	0	0	0	0	0	0	46	0	0	0	26	0	0	0	0	0	0	32	0	60	0	0	0	0	0	118	0	0	0	0	0	3	0	1	0	0	11	43	0	0	0	175	80	0	0	37	0	0	0	0	249	0	37	0	0	167	0	0	43	0	40	0	0	122	0	0	67	106	28	0	0	200	0	0	0	0	0	0	81	10	70	238	46	114	0	98	0	128	0	0	20	230	0	62	0	0	0	0	60	0	32	0	0	0	0	0	0	0	202	0	0	0	104	110	0	167	0	40	0	2	69	0	65	0	0	0	0	0	0	0	0	171	0	0	0	203	6	0	0	0	104	45	0	68	119	0	0	0	0	0	0	0	135	0	302	52	49	42	148	1	43	0	146	29	58	148	115	0	132	0	0	5	0	0	0	249	0	0	0	9	0	55	58	0	0	75	71	93	0	288	35	0	63	0	0	234	0	0	112	1	19	62	0	73	0	0	13	0	51	0	55	0	77	0	0	155	0	62	0	35	0	0	113	0	0	0	103	0	42	56	44	0	24	41	2	0	114	92	17	188	63	0	56	39	45	291	19	58	43	0	72	163	88	93	0	56	57	21	168	62	110	75	0	71	0	2	0	234	41	200	43	85	0	0	0	95	113	0	0	0	202	48	7	48	150	95	201	110	13	45	189	41	0	0	55	0	66	0	14	19	66	96	136	82	0	231	31	28	0	166	174	100	24	0	0	112	0	0	0	92	0	0	0	22	3	0	25	39	115	30	26	125	35	0	159	86	109	0	115	0	0	12	100	22	63	50	43	77	37	269	76	0	160	119	45	122	64	117	148	254	0	0	135	0	118	43	0	0	102	0	72	49	68	88	91	0	60	0	103	110	33	0	72	144	124	50	0	157	0	18	0	63	14	0	71	72	92	168	151	230	23	23	78	15	114	181	139	261	241	36	0	480	0	77	49	71	0	11	160	105	257	207	65	181	0	79	137	0	0	199	164	123	89	26	0	155	98	37	62	99	92	97	120	120	241	114	81	78	94	118	164	108	166	85	153	129	46	43	76	0	126	153	58	103	0	74	140	101	236	108	0	102	58	20	110	182	31	95	122	46	64	132	37	13	74	34	115	84	83	60	0	20	123	190	69	45	88	158	39	438	95	195	223	81	75	90	17	239	76	98	65	20	50	44	99	68	71	134	160	89	122	83	564	67	121	128	0	113	79	76	80	149	52	0	50	0	80	133	0	33	29	161	0	21	66	37	120	115	139	173	86	20	282	2	35	55	42	109	53	137	158	113	23	87	167	143	94	181	92	151	106	105	84	52	0	67	0	191	0	21	31	144	214	82	31	193	48	126	67	54	0	118	84	12	281	135	17	14	79	103	5	231	59	61	34	52	55	89	143	77	18	63	0	56	47	122	61	98	5	44	98	49	105	128	17	160	262	41	63	82	20	116	60	63	38	114	162	168	85	17	110
24	0	0	0	0	0	0	0	0	0	0	0	0	0	0	0	0	0	0	0	0	0	0	0	0	0	0	0	0	62	0	0	0	0	0	0	0	0	0	0	0	0	0	0	0	0	0	0	0	0	0	0	0	0	0	0	0	0	0	0	0	0	0	0	0	0	0	0	0	0	0	0	0	0	0	0	0	0	0	0	0	0	0	0	0	0	0	0	0	0	0	0	0	0	0	0	0	0	0	0	0	0	0	0	0	0	0	0	0	0	0	0	0	0	0	0	0	0	0	0	0	0	0	0	0	0	0	0	0	0	0	0	0	0	0	0	0	0	0	0	0	0	0	0	0	0	0	0	0	0	0	0	0	11	0	0	0	0	0	0	0	0	0	0	0	0	0	0	0	0	0	0	0	0	0	0	0	0	0	0	0	0	0	0	0	0	0	0	0	0	0	0	0	0	0	0	0	0	0	0	0	0	0	0	0	0	0	0	0	1	0	0	0	0	0	1	0	0	42	0	0	0	0	0	0	0	0	0	0	0	0	0	0	0	0	0	0	0	0	0	0	0	0	0	0	0	0	0	0	0	0	0	0	0	0	0	0	0	0	0	0	0	0	0	0	0	0	0	0	0	0	0	0	0	0	0	0	0	0	0	0	0	4	0	8	0	0	0	0	0	0	0	0	0	0	0	0	0	0	0	0	0	0	0	0	0	0	0	0	0	0	0	0	0	0	0	0	0	22	0	0	0	0	0	0	0	0	0	0	0	56	0	0	1	0	0	0	0	0	0	0	0	0	0	0	0	0	0	0	0	0	0	0	0	0	0	0	0	0	0	0	0	0	0	10	0	0	70	0	0	0	0	0	0	0	0	0	0	0	0	0	0	0	0	0	0	0	0	0	0	0	0	0	0	0	65	0	0	0	0	0	0	0	0	0	0	0	0	83	0	0	0	0	0	0	0	0	0	0	0	0	0	0	0	0	240	0	0	0	0	0	0	0	0	0	0	0	0	0	0	0	0	0	0	136	0	0	0	0	0	0	0	0	10	0	50	18	0	165	1	0	0	0	0	0	59	31	0	0	0	102	0	0	0	0	0	0	0	0	10	0	0	0	0	84	75	0	0	2	0	0	0	0	0	0	0	13	38	0	0	0	85	36	0	0	29	0	0	0	0	0	0	52	0	0	108	0	0	4	0	36	0	60	5	0	0	11	126	77	0	0	108	0	0	0	0	0	0	51	27	48	43	80	254	0	61	0	96	0	0	0	69	0	83	0	64	2	0	51	0	225	0	0	0	0	0	0	0	110	0	0	0	98	61	0	43	0	104	0	69	193	0	72	0	0	0	0	0	0	0	0	4	0	0	0	40	0	0	0	0	6	449	0	145	307	0	0	0	2	0	0	0	35	0	57	113	5	35	164	104	0	0	133	64	187	33	34	0	95	1	0	236	0	0	0	19	0	0	0	68	0	183	11	0	0	131	104	25	0	83	78	0	26	0	0	154	0	0	78	0	22	35	0	50	0	0	147	0	84	0	224	0	79	0	0	87	0	142	0	78	0	0	77	0	111	0	77	0	71	121	92	0	27	21	0	0	41	140	119	98	73	0	91	133	212	48	92	0	112	0	107	60	44	70	0	85	193	124	61	88	95	2	0	89	0	19	49	28	53	54	97	190	0	0	0	103	139	0	0	0	15	38	0	37	132	129	82	74	86	92	71	0	0	0	157	0	32	0	244	164	76	70	49	210	0	37	204	77	0	40	166	140	210	0	0	2	0	0	0	0	15	0	0	51	48	0	10	5	185	82	28	43	0	0	64	164	0	0	10	0	0	18	265	15	79	95	94	112	448	159	71	0	103	510	161	53	160	127	11	13	0	0	109	0	136	146	0	0	96	0	238	102	76	40	74	0	43	0	62	31	221	0	51	136	194	33	0	39	0	101	0	63	16	0	120	48	69	41	118	143	33	42	61	270	65	276	150	27	49	54	0	48	0	29	21	40	0	64	41	70	33	69	72	116	0	81	69	0	0	47	144	56	53	118	41	89	67	96	144	16	104	52	200	110	222	89	29	131	11	125	62	2	96	59	182	39	137	25	106	0	103	103	115	27	0	232	11	60	86	47	0	158	62	46	25	111	105	164	94	158	96	134	158	54	72	64	35	37	19	35	0	83	40	39	90	17	3	12	43	177	68	36	133	208	73	255	150	10	131	101	174	73	67	110	229	11	175	62	290	240	147	107	240	335	36	105	0	277	0	10	61	151	75	0	113	0	66	42	0	159	95	53	0	208	98	59	17	166	242	175	74	97	57	0	202	87	54	56	20	142	34	18	125	134	62	9	205	87	97	247	13	120	5	92	0	88	0	83	0	210	63	195	71	217	28	39	2	41	114	255	0	86	17	54	96	155	480	67	58	162	201	70	152	118	180	51	98	115	35	112	97	104	0	14	109	8	186	114	120	106	273	150	34	87	91	112	124	102	209	116	188	64	345	218	196	29	34	65	57	36	120
25	0	0	0	0	0	0	0	0	0	0	0	0	0	0	0	0	0	0	0	0	0	0	0	0	0	0	0	0	0	0	0	0	0	0	0	0	0	0	0	0	0	0	0	0	0	0	0	0	0	0	0	0	0	0	0	0	0	0	0	0	0	0	0	0	0	0	0	0	0	0	0	0	0	0	0	0	0	0	0	0	0	0	0	0	0	0	0	0	0	0	0	0	0	0	0	0	0	0	0	0	0	0	0	0	0	0	0	0	0	0	0	0	0	0	0	0	0	0	0	0	0	0	0	0	0	0	0	0	0	0	0	0	0	0	0	0	0	0	0	0	0	0	0	0	0	0	0	0	0	0	0	0	0	0	0	0	0	0	0	0	0	0	0	0	0	0	0	0	0	0	0	0	0	0	0	0	0	0	0	0	0	0	0	0	0	0	0	0	0	0	0	0	0	0	0	0	0	0	0	0	0	0	0	0	0	0	0	0	0	0	0	0	0	0	0	0	0	0	0	0	0	0	27	0	0	0	0	0	0	0	0	0	0	0	0	0	0	0	0	0	0	0	0	0	0	0	0	0	0	0	0	0	0	0	0	0	0	0	14	0	0	0	0	0	0	0	2	0	0	0	0	0	0	0	0	0	0	0	0	0	0	0	0	0	0	0	0	0	0	0	0	0	0	0	0	0	0	0	0	0	0	0	0	0	0	0	0	0	0	0	0	0	0	0	0	0	0	60	0	0	0	0	0	0	4	1	0	0	0	36	0	0	0	0	0	0	0	0	0	0	0	0	0	0	0	0	0	0	0	0	0	0	0	0	0	0	0	1	0	13	0	50	0	0	0	14	0	0	0	0	0	0	0	0	0	0	0	0	0	0	0	0	0	0	0	0	0	0	0	0	0	0	0	0	105	0	0	0	0	0	0	0	1	0	0	0	0	125	0	0	0	172	0	0	0	0	3	0	0	0	0	0	0	0	92	0	0	0	7	0	0	0	0	0	0	0	0	0	0	0	0	0	0	247	0	0	0	0	0	0	0	0	31	0	109	0	0	67	9	0	0	0	0	0	1	112	0	5	0	177	0	0	0	0	0	1	34	0	77	0	0	0	0	17	145	0	0	59	0	0	0	0	2	0	0	0	151	0	0	0	216	33	0	0	110	0	0	0	1	44	0	28	0	0	189	0	0	99	0	18	0	12	23	27	0	13	6	22	0	0	129	0	0	0	0	0	0	101	92	136	63	55	140	0	43	0	70	0	0	0	63	0	21	0	0	0	0	63	0	130	0	0	51	0	0	3	0	186	0	0	0	56	138	0	127	0	43	0	200	139	0	18	0	0	0	0	111	0	0	0	82	0	0	0	87	7	0	3	0	98	129	3	80	39	0	0	0	0	0	0	0	75	0	11	55	29	222	427	24	11	0	115	74	197	59	73	0	61	0	5	39	0	0	0	4	3	0	160	117	0	167	33	0	0	164	227	80	0	97	76	28	156	0	0	25	0	0	31	0	3	12	0	110	0	0	62	0	52	0	167	0	40	0	0	6	7	52	0	26	0	0	31	0	0	0	95	0	100	48	249	0	118	62	0	0	30	133	81	154	227	0	109	16	113	50	52	3	80	0	91	63	139	18	0	57	56	116	13	34	5	114	0	61	0	62	0	42	62	196	205	95	0	0	0	225	71	0	0	0	154	60	17	197	77	22	171	33	135	125	66	4	0	0	115	0	101	0	194	81	221	197	94	5	0	95	176	202	0	35	12	82	17	0	0	13	0	0	0	30	0	0	0	203	15	0	68	66	92	45	16	81	43	0	27	27	54	26	43	0	0	55	60	18	26	77	186	48	230	85	164	36	90	238	24	50	52	53	148	71	0	0	38	0	42	35	0	0	83	0	170	176	59	28	41	0	52	0	103	11	93	9	144	43	297	107	0	62	0	169	0	24	116	0	84	103	155	64	139	163	32	208	35	220	76	62	62	23	200	72	0	131	0	111	35	96	0	100	53	30	23	74	193	38	0	118	5	0	0	96	73	51	39	107	0	44	148	105	130	55	82	57	62	55	242	36	64	121	73	71	35	172	93	9	9	75	69	52	95	0	273	77	133	40	0	259	104	49	32	8	0	38	34	102	46	73	118	18	49	44	120	16	162	77	104	126	8	217	29	52	0	47	238	190	91	7	75	212	245	154	169	124	58	7	137	158	132	18	131	56	49	43	201	86	137	109	94	53	93	194	85	33	138	56	114	291	0	30	17	90	155	221	166	0	12	0	182	49	0	108	33	124	0	72	50	87	73	101	192	147	205	194	122	0	48	90	119	22	32	168	115	153	68	84	56	90	89	71	113	146	99	114	101	40	0	120	0	61	4	104	47	171	84	118	188	49	132	216	0	29	0	67	45	133	62	30	66	44	307	91	113	114	135	69	18	93	143	67	103	92	262	76	0	147	139	25	49	126	118	112	110	43	277	98	177	44	22	45	110	117	36	182	148	181	43	24	73	135	77	64	93
26	0	0	0	0	0	0	0	0	0	0	0	0	0	0	0	0	0	0	0	0	0	0	0	0	57	0	0	0	0	0	0	0	0	0	0	0	0	0	0	0	0	0	0	0	0	0	0	0	0	0	0	0	0	0	0	0	0	0	0	0	0	0	0	0	0	0	0	0	0	0	0	0	0	0	0	0	0	0	0	0	0	0	0	0	0	0	0	0	0	0	0	0	0	0	0	0	0	0	0	0	0	0	0	0	0	0	0	0	0	0	0	0	0	0	0	0	0	0	0	0	0	0	0	30	0	0	0	0	0	0	0	0	0	0	0	0	0	0	0	0	0	0	0	0	0	0	0	0	0	0	0	0	0	0	0	0	0	0	0	0	0	0	0	0	0	0	0	0	0	0	0	0	0	0	0	0	0	0	0	0	0	0	0	0	0	0	0	0	0	0	0	0	0	0	0	0	0	0	0	0	0	0	0	0	0	0	0	0	0	0	0	0	0	0	0	0	0	0	0	0	0	0	0	0	0	0	0	0	0	0	0	0	0	0	0	0	0	0	0	0	0	0	0	0	0	0	0	0	0	0	0	0	0	0	0	0	0	0	39	0	0	0	0	0	0	0	0	0	0	0	0	0	0	0	0	0	0	0	0	0	0	0	0	0	0	0	0	0	0	0	0	0	0	0	0	0	0	0	0	0	0	5	0	0	0	0	0	0	0	0	0	0	0	0	0	0	0	2	0	0	0	0	16	0	0	0	0	0	0	7	0	0	0	0	0	0	0	0	0	0	0	0	0	0	0	0	0	0	0	0	0	0	0	0	0	0	0	0	0	0	0	0	0	0	0	11	47	0	0	0	0	0	0	0	0	0	0	0	1	0	0	0	0	0	0	0	0	0	0	0	0	0	0	0	24	0	0	0	0	0	3	0	0	0	0	0	0	74	0	0	0	53	0	0	0	0	0	0	0	0	0	0	0	0	31	0	0	0	49	0	0	0	0	0	0	0	0	0	0	0	0	0	6	120	0	0	0	0	0	0	0	0	49	0	157	22	0	79	0	0	0	0	0	0	0	86	0	0	0	0	0	0	0	0	0	0	0	0	68	0	0	0	0	1	57	0	0	1	0	0	0	0	0	0	0	0	130	0	0	0	44	201	11	0	45	0	0	0	1	0	0	5	0	0	102	0	0	210	0	19	51	0	32	0	0	11	2	142	0	0	190	0	0	41	0	0	0	60	198	19	41	190	62	0	5	0	261	0	0	0	59	0	225	0	0	0	0	35	14	36	0	0	4	0	0	0	0	45	0	0	0	94	81	0	159	0	144	0	45	88	0	83	0	0	0	0	0	0	0	0	108	0	0	0	25	0	0	17	0	17	265	0	35	34	0	0	0	0	0	0	0	107	0	36	52	96	80	110	154	6	0	157	58	82	76	59	0	73	0	0	104	0	0	343	39	1	0	0	207	0	119	46	0	0	40	189	74	0	20	3	0	178	2	0	160	0	0	83	0	0	230	0	46	0	0	90	0	102	0	96	0	51	0	0	43	9	123	0	151	0	0	245	0	0	0	62	0	41	161	233	0	185	33	0	0	90	67	123	137	67	0	181	81	47	66	33	0	166	0	45	61	79	21	0	208	18	27	9	80	49	37	0	81	0	0	8	99	107	206	31	29	0	0	0	70	171	0	0	0	112	123	0	136	169	56	59	313	19	41	231	69	0	0	57	0	39	23	160	22	311	152	24	124	0	53	262	43	0	250	39	160	99	0	0	167	0	0	0	31	0	0	0	283	0	0	7	0	82	111	62	132	0	0	93	28	12	0	1	0	0	52	52	91	68	92	121	185	289	55	52	0	252	61	124	32	34	69	26	210	0	0	106	0	73	268	0	0	151	0	53	17	78	113	123	0	66	0	152	25	59	0	63	64	57	13	0	75	0	31	0	34	149	0	76	106	18	225	159	48	81	146	151	124	239	63	38	0	99	198	0	79	0	124	35	114	0	34	11	108	181	37	52	16	0	30	70	0	0	86	85	16	38	154	0	155	85	72	27	0	81	112	107	130	52	89	88	56	21	98	237	179	133	110	628	254	108	49	5	0	112	73	105	60	0	157	47	357	201	76	0	126	186	37	40	22	66	71	52	170	109	60	86	114	53	91	73	195	70	39	0	82	149	52	88	179	72	222	54	162	116	189	134	180	154	110	96	186	108	208	86	129	79	10	216	64	55	27	22	225	63	37	112	151	200	179	0	73	0	86	91	75	92	0	142	0	37	29	0	81	90	137	1	184	17	119	71	83	131	61	76	33	25	0	37	68	67	302	100	123	18	55	215	31	42	381	124	113	98	182	114	65	224	87	0	47	0	98	10	95	204	143	59	45	44	244	15	116	91	80	0	129	78	153	262	422	121	39	95	264	26	67	88	61	80	50	183	95	21	166	78	63	0	84	35	62	36	121	108	116	36	96	51	172	78	286	290	42	62	187	69	93	96	114	64	89	160	11	117	113	156
27	0	0	0	0	0	0	0	0	0	0	0	0	0	0	0	0	0	0	0	0	0	0	0	0	0	0	0	0	0	0	0	0	0	0	0	0	0	0	0	0	0	0	0	0	0	0	0	0	0	0	0	0	0	0	0	0	0	0	0	0	0	0	0	0	0	0	0	0	0	0	0	0	0	0	0	0	0	0	0	0	0	0	0	0	0	0	0	0	0	0	0	0	0	74	0	0	0	0	0	0	0	0	0	13	0	0	0	0	0	0	0	0	0	0	0	0	0	0	0	0	0	0	0	0	0	0	0	0	0	0	0	0	0	0	0	0	0	0	0	0	0	0	0	0	0	0	0	0	0	0	0	0	0	0	0	0	0	0	0	0	0	0	0	0	0	0	0	0	0	0	0	0	0	0	0	0	0	0	0	0	0	0	0	0	0	0	0	0	0	0	0	0	0	0	0	0	0	0	0	0	0	0	0	0	0	0	0	0	0	0	9	0	0	0	0	0	0	0	0	0	0	0	0	0	0	0	0	0	0	0	0	0	0	0	0	0	0	0	0	0	0	0	0	0	0	0	0	0	0	0	28	0	0	0	0	0	0	0	0	0	0	0	0	0	0	0	0	0	0	0	0	0	0	0	0	0	0	0	0	0	0	0	0	0	0	0	0	0	0	0	0	0	0	0	0	0	0	0	0	0	0	0	0	0	0	0	0	0	0	0	0	0	0	0	0	0	0	107	0	0	0	0	0	0	0	0	0	0	0	15	0	0	0	0	0	0	0	0	0	0	0	0	0	0	0	0	0	0	0	0	0	0	0	0	0	0	0	0	0	0	0	0	0	0	0	0	139	0	0	0	0	0	0	0	0	0	0	0	0	0	0	0	0	0	0	0	0	0	0	0	0	0	0	0	160	0	0	0	0	0	0	0	0	0	0	0	0	152	0	0	0	66	0	0	0	0	0	0	0	0	0	0	0	0	100	0	0	2	0	0	136	0	0	0	9	0	0	0	0	0	0	0	0	30	0	0	0	0	0	0	0	0	42	0	9	2	0	230	4	0	0	0	0	0	0	34	0	0	0	3	0	0	0	0	0	0	0	0	93	0	0	0	0	147	122	0	0	0	0	0	0	0	36	0	0	45	152	0	0	0	33	31	0	0	99	0	0	0	0	0	0	36	0	0	94	0	0	134	0	329	0	4	29	80	0	0	82	102	0	0	27	0	0	0	0	0	0	40	96	275	125	65	179	0	18	0	78	0	0	0	63	0	74	0	0	10	0	35	0	70	0	0	0	0	0	0	0	28	0	0	0	68	285	0	110	0	14	0	17	107	0	93	0	0	0	0	0	0	0	0	106	0	0	0	41	10	0	0	3	137	20	0	371	83	0	0	0	0	0	0	0	40	0	118	95	34	169	64	20	0	0	63	118	86	4	145	0	261	0	0	45	2	0	0	201	8	0	0	21	0	57	47	0	0	44	178	182	0	25	0	0	309	0	0	137	0	0	95	0	0	178	0	74	0	0	28	0	86	0	24	95	79	0	0	134	25	40	188	47	0	0	104	1	46	0	75	0	287	51	10	0	85	73	0	0	71	75	154	89	28	0	22	75	46	120	175	2	197	0	30	432	79	109	3	106	190	111	31	92	72	106	0	100	0	53	240	29	105	107	176	95	0	0	0	140	12	0	0	0	13	163	0	46	18	28	82	56	18	57	26	80	0	0	81	0	24	0	72	368	99	115	179	97	0	79	77	143	0	37	52	79	81	0	0	139	0	0	0	0	0	0	0	344	85	14	40	25	86	30	162	471	0	0	48	107	117	0	4	0	0	143	204	21	33	64	169	247	24	119	23	0	335	76	49	137	109	95	65	32	0	0	111	0	69	56	0	0	9	1	208	115	71	181	54	0	49	0	102	130	132	0	52	78	28	62	0	40	0	147	0	1	2	0	153	334	26	40	85	182	119	71	31	125	62	29	12	8	44	26	0	130	0	121	54	120	0	26	82	44	189	52	96	98	0	113	34	0	0	16	9	224	52	274	4	65	192	73	138	46	120	53	113	82	160	91	175	329	123	110	73	52	25	25	24	100	189	85	209	0	89	51	5	13	0	45	22	99	125	88	0	87	63	85	55	125	58	95	45	34	96	23	57	163	44	14	17	156	80	356	0	75	44	165	133	144	77	37	35	12	30	136	86	123	37	120	22	116	82	29	29	8	18	75	28	79	194	14	56	195	60	36	122	70	0	264	0	105	9	96	225	12	59	0	114	0	110	40	0	51	62	135	0	49	38	340	20	69	72	63	38	93	115	0	9	99	22	130	208	26	94	53	3	244	89	110	94	48	28	165	97	77	97	60	0	49	0	11	1	107	12	133	208	71	113	201	66	88	110	111	58	145	205	21	91	74	143	44	118	80	97	79	106	72	89	33	112	257	55	113	96	151	0	28	67	66	73	114	120	108	66	89	50	332	18	67	84	136	89	206	93	195	222	36	206	120	143	74	51	58	165
28	0	0	0	0	0	0	0	0	0	0	0	0	0	0	0	0	0	0	0	0	0	0	0	0	0	0	0	0	0	0	0	0	0	0	0	0	0	0	0	0	0	0	0	0	0	0	0	0	0	0	0	0	0	0	0	0	0	0	0	0	0	0	0	0	0	0	0	0	0	0	0	0	0	0	0	0	0	0	0	0	0	0	0	0	0	0	0	0	0	0	0	0	0	0	0	0	0	0	0	0	0	0	0	0	0	0	0	0	0	0	0	0	0	0	0	0	0	0	0	0	0	0	0	0	0	0	0	0	0	0	0	0	0	0	0	0	0	0	0	0	0	0	0	0	0	0	0	0	0	0	0	0	0	0	0	0	0	0	0	0	0	0	0	0	0	0	0	0	0	0	0	0	0	0	0	0	0	0	0	0	0	0	0	0	0	0	0	0	0	0	0	0	0	0	0	0	0	0	0	0	0	0	0	0	0	0	0	0	0	0	0	0	0	0	0	0	0	4	0	0	0	0	0	0	0	4	0	0	0	0	0	0	0	0	0	0	0	0	0	0	0	0	0	0	0	0	0	0	0	0	0	0	0	0	0	0	0	0	101	0	0	0	0	0	0	0	0	0	0	0	0	0	0	0	0	0	0	0	0	0	0	0	0	0	0	0	0	0	0	0	0	0	0	0	0	0	0	0	0	0	1	0	0	0	0	0	0	0	0	0	59	0	0	0	0	0	0	60	0	0	0	0	0	0	0	0	0	0	0	115	0	0	1	0	0	0	0	0	0	0	0	0	0	0	0	0	0	0	0	0	0	0	0	0	0	0	0	0	0	0	0	0	0	0	0	0	277	0	0	0	0	0	0	0	0	0	0	0	0	0	0	0	0	0	0	0	0	0	0	0	0	0	0	0	83	0	0	0	0	0	41	0	5	0	0	0	0	149	0	0	0	47	0	0	0	0	10	0	0	0	0	0	41	0	164	0	0	0	0	15	0	0	0	0	0	0	0	0	0	0	0	0	0	59	0	0	0	0	0	0	0	0	189	0	38	0	0	7	0	0	0	0	0	0	0	83	0	0	0	9	0	0	0	0	0	2	0	0	46	0	0	0	0	0	47	0	0	0	0	0	0	0	34	0	0	27	76	0	0	0	128	171	0	0	136	0	0	0	5	0	0	32	0	0	47	0	0	121	0	164	0	0	108	0	0	0	5	60	0	0	68	3	0	0	0	0	0	77	91	204	27	64	31	0	248	0	66	3	0	0	83	0	103	0	20	0	0	52	0	121	0	0	0	0	5	0	0	241	0	0	0	127	197	0	62	0	188	0	2	204	0	25	0	0	1	0	3	0	0	0	96	0	0	0	27	26	0	0	0	120	78	0	103	51	0	0	0	0	0	0	0	61	0	105	198	104	123	184	60	9	0	34	37	32	37	50	0	14	0	0	463	0	0	10	5	0	0	31	54	27	25	16	0	0	219	105	229	0	153	0	0	111	0	0	100	0	0	42	0	8	127	0	26	121	0	131	0	132	0	158	140	121	0	0	219	33	77	0	166	0	0	163	0	0	0	173	0	21	9	150	0	22	204	0	0	204	61	11	37	202	0	136	43	84	125	92	20	92	0	87	268	145	34	0	154	44	33	91	172	102	96	12	107	0	2	7	157	188	98	83	0	0	0	0	41	38	0	0	0	206	41	13	106	119	102	77	57	154	171	29	62	0	0	103	0	156	0	86	194	117	75	140	58	0	74	11	100	0	75	62	161	12	0	0	45	0	0	0	0	0	0	0	160	26	0	175	19	56	84	23	29	0	0	131	222	137	0	27	0	5	79	79	245	84	44	22	107	114	49	30	0	128	128	47	92	57	66	43	13	0	0	129	0	46	170	0	0	71	0	180	177	80	293	51	0	243	0	46	94	23	0	18	148	85	59	0	21	0	56	0	64	47	0	102	166	24	131	99	67	140	94	132	38	93	52	100	78	177	66	0	38	0	126	86	138	0	0	35	23	87	395	103	266	0	12	114	0	19	203	83	182	94	160	0	127	41	129	17	7	26	135	146	138	258	146	82	293	242	58	54	138	50	196	78	220	74	58	82	0	63	182	88	21	0	99	125	211	54	93	0	67	30	76	66	106	59	78	99	141	141	32	9	70	3	271	26	2	125	106	0	36	79	189	123	101	261	114	30	69	155	195	83	43	84	82	142	50	214	73	65	136	29	70	124	43	66	44	66	120	69	46	43	100	71	129	0	173	0	166	181	64	58	0	95	0	30	168	0	133	231	128	0	72	176	93	105	98	35	89	138	72	66	0	4	240	92	87	98	178	104	79	31	10	61	108	88	68	37	130	50	134	42	31	0	42	0	29	56	23	47	149	118	75	49	14	97	112	172	29	14	10	99	136	127	114	299	70	269	111	75	108	79	58	508	278	29	84	35	52	223	6	0	148	25	97	24	62	134	116	50	144	179	9	29	74	71	148	104	125	168	172	65	106	221	21	172	49	142	16	18
29	0	0	0	0	0	0	0	39	0	0	0	0	0	0	0	0	0	0	0	0	0	0	0	0	0	0	0	0	0	0	0	0	0	0	0	0	0	0	0	0	0	0	0	0	0	0	0	0	0	0	0	0	0	0	0	0	0	0	0	0	0	0	0	0	0	0	0	0	0	0	0	0	0	0	0	0	0	0	0	0	0	0	0	0	0	0	0	0	0	0	0	0	0	0	0	0	0	0	0	0	0	0	0	0	0	0	0	0	0	0	0	0	0	0	0	0	0	0	0	0	0	0	0	0	0	0	0	0	0	0	0	0	0	0	0	0	0	0	0	0	0	0	0	0	0	0	0	0	0	0	0	0	0	0	0	0	0	0	0	0	0	0	0	0	0	0	0	0	0	0	0	0	0	0	0	0	0	0	0	0	9	0	0	0	0	0	0	0	0	0	0	0	0	0	0	0	0	0	0	0	0	0	0	0	0	0	0	0	0	0	0	0	0	0	0	0	0	0	0	0	0	0	0	0	0	0	0	0	0	0	0	0	0	0	0	0	0	0	0	0	0	0	0	0	0	0	0	0	0	0	71	0	4	0	0	0	0	0	36	12	0	0	0	0	0	0	0	0	0	0	0	0	0	0	0	0	0	0	0	0	0	0	0	0	0	0	0	0	0	0	0	0	0	0	0	0	9	0	0	0	0	0	0	0	0	0	0	3	0	0	0	0	0	0	0	0	0	100	0	0	0	0	0	0	2	0	0	0	0	77	0	0	0	0	0	0	0	0	0	0	0	0	0	0	0	0	0	0	0	0	0	0	0	0	0	0	0	0	0	1	0	0	0	0	0	12	15	0	0	0	0	68	0	0	0	0	0	0	0	0	0	0	0	0	0	0	0	0	0	0	0	0	0	0	56	0	0	0	0	0	29	0	0	0	0	0	0	191	0	0	0	164	0	0	0	0	0	0	0	0	0	0	0	0	35	0	0	0	0	1	0	0	0	0	0	0	0	0	0	0	0	0	0	28	0	0	0	0	0	0	0	0	183	0	189	0	0	165	106	6	0	0	0	0	4	113	0	0	0	3	0	0	0	0	0	0	0	0	121	0	0	0	0	26	39	0	0	17	0	0	0	1	5	0	0	0	55	0	0	0	99	57	0	0	146	0	0	0	0	0	0	125	0	0	47	0	0	151	0	138	0	0	112	0	0	22	13	140	0	0	175	2	1	0	0	0	0	93	60	79	90	110	62	0	80	0	371	0	0	0	77	0	37	0	0	0	0	4	0	99	0	0	20	0	0	1	0	70	0	0	0	162	92	0	37	0	51	0	107	72	0	56	0	0	0	0	0	0	4	0	95	0	0	0	125	1	0	0	0	41	64	0	40	141	0	0	0	0	0	0	0	77	0	38	56	27	99	154	95	0	0	47	93	18	132	127	0	206	0	0	170	3	0	0	84	2	0	0	246	0	42	22	0	0	279	190	87	1	34	0	3	245	0	0	117	0	0	116	0	11	123	0	29	0	0	86	0	64	0	8	31	26	0	0	149	8	292	0	173	0	0	55	0	0	0	5	0	177	112	201	0	58	117	0	0	27	87	31	163	150	0	66	68	16	57	119	4	33	0	47	123	139	57	0	121	151	67	14	231	31	140	0	68	0	138	7	39	185	120	101	83	0	0	0	11	214	0	0	0	27	341	2	17	70	25	95	93	325	128	199	0	0	0	135	0	284	17	36	113	57	113	123	90	0	73	21	27	0	64	34	117	182	0	0	102	0	0	0	107	0	0	0	168	60	0	106	7	131	115	251	121	0	0	57	111	222	0	20	0	0	122	13	42	63	90	54	50	29	123	154	0	217	48	102	124	193	56	328	105	0	0	132	0	110	156	0	0	82	0	159	75	63	39	68	0	183	0	53	102	30	9	192	279	75	49	0	4	0	33	0	3	17	0	81	27	62	235	165	80	45	39	26	196	162	384	31	2	341	87	0	121	0	130	37	60	0	113	44	89	138	220	122	52	0	125	147	0	0	379	52	22	94	29	0	64	52	127	97	30	48	55	36	20	164	138	257	64	216	95	114	90	141	57	146	55	101	20	60	0	115	135	133	34	0	78	148	121	34	325	0	104	142	130	88	33	62	28	28	223	16	294	18	181	32	182	32	136	124	8	0	13	69	77	263	82	147	175	117	73	65	110	140	43	186	42	72	14	228	133	87	46	236	104	73	39	123	158	319	57	48	69	170	98	55	335	0	36	7	167	188	67	164	0	104	9	52	8	0	223	83	28	41	115	68	219	184	29	167	173	45	21	86	0	17	45	52	47	84	32	134	149	126	262	200	70	61	107	8	169	85	91	248	300	0	70	0	96	9	177	69	58	44	87	42	129	213	200	67	45	0	98	347	54	64	71	52	26	31	127	34	82	102	67	42	17	36	10	93	140	113	92	0	81	149	167	97	115	220	19	109	275	140	39	34	40	117	133	325	120	63	29	37	212	83	184	16	139	209	196	272
30	0	0	0	0	0	0	0	0	0	0	0	0	0	0	0	0	0	0	0	0	0	0	0	0	0	0	0	0	0	0	0	0	0	0	0	0	0	0	0	0	0	0	0	0	0	0	0	0	0	0	0	0	0	0	0	0	0	0	0	0	0	0	0	0	0	0	0	0	0	0	0	0	0	0	0	0	0	0	0	0	0	0	0	0	0	0	0	0	6	0	0	0	0	0	0	0	0	0	0	0	0	0	0	0	0	0	0	0	0	0	0	0	0	0	0	0	0	0	0	0	0	0	0	0	0	0	0	0	0	0	0	0	0	0	0	0	0	0	0	0	4	0	0	0	0	0	0	0	0	0	0	0	0	0	0	0	0	0	0	0	0	0	0	0	0	0	0	0	0	0	0	0	0	0	0	0	0	0	0	0	0	0	0	0	0	0	0	0	0	0	0	0	0	0	0	0	0	0	0	0	0	0	0	0	0	0	0	0	0	0	0	0	0	0	0	0	0	7	0	0	0	0	0	0	0	0	0	0	0	0	0	0	0	0	0	0	0	0	0	0	0	0	0	0	0	0	0	0	0	0	0	0	0	0	0	0	0	0	0	0	0	0	0	0	0	0	0	0	0	0	0	0	9	0	0	0	0	0	0	0	0	0	0	0	0	0	0	0	0	0	0	0	0	0	0	0	0	0	0	0	0	0	0	0	0	0	0	0	0	0	0	0	0	0	0	0	0	24	0	0	0	5	0	0	0	0	0	0	0	180	0	0	0	0	0	0	0	0	0	0	0	0	0	0	0	0	0	0	0	0	0	0	6	0	0	0	0	0	0	0	0	0	0	0	0	5	170	0	0	0	0	0	0	0	0	0	0	0	0	0	0	0	0	0	0	0	0	0	0	0	0	0	0	0	91	0	0	0	0	0	23	0	100	0	0	0	0	107	0	0	0	20	0	0	0	0	7	0	0	0	0	0	0	0	102	0	0	0	0	0	0	0	0	0	0	0	0	0	0	0	0	0	0	53	0	0	0	0	0	0	0	0	203	0	6	43	0	83	80	0	0	0	0	0	1	92	0	0	0	1	0	0	0	0	0	0	66	0	39	0	3	0	0	33	243	0	0	2	0	0	0	0	0	0	0	0	60	0	0	0	54	178	0	0	152	0	36	0	0	0	0	171	0	0	101	0	0	25	0	88	0	2	142	0	0	1	35	33	0	0	235	0	0	0	0	0	0	55	94	95	56	20	36	0	140	0	44	0	0	0	54	0	74	0	0	0	0	129	0	25	0	0	0	0	0	54	0	114	0	0	0	254	71	0	231	0	13	0	38	284	0	138	0	0	0	0	0	0	0	0	150	0	0	0	18	47	0	0	0	205	13	4	139	83	0	3	0	0	0	0	0	261	0	24	33	105	159	88	97	7	0	114	34	86	65	173	0	98	0	0	70	0	0	0	66	0	0	1	88	0	124	33	0	0	151	41	145	0	23	0	0	72	0	0	204	0	0	8	0	4	25	0	32	0	0	27	0	184	0	14	223	99	0	0	104	92	143	0	115	0	0	107	0	0	0	18	0	91	59	22	0	126	74	0	0	190	91	65	36	151	0	147	116	94	207	98	19	53	0	156	186	100	35	0	37	168	58	34	33	262	159	0	165	0	45	8	4	56	152	68	97	0	0	0	7	37	0	0	0	85	107	0	27	102	71	84	38	3	48	186	21	0	0	181	0	139	44	15	24	31	59	29	121	1	88	126	139	0	73	49	60	58	0	0	28	0	0	0	18	0	0	0	71	3	0	124	0	76	14	281	124	0	0	58	47	247	0	93	0	0	178	142	162	44	246	132	199	122	149	40	120	108	95	126	74	204	93	55	107	0	0	24	0	11	43	0	0	187	0	90	140	61	95	31	0	195	0	52	69	59	0	147	48	123	114	0	25	0	25	0	22	86	0	50	87	139	222	14	22	151	178	133	71	143	87	134	183	67	75	0	14	0	184	23	131	0	6	14	129	143	73	47	36	1	237	145	0	0	51	63	161	126	57	0	101	24	41	241	5	120	92	61	48	30	133	84	122	39	61	27	25	14	81	114	96	71	246	196	0	52	103	95	64	0	75	90	137	94	105	0	160	24	140	87	212	120	5	33	63	25	55	97	103	23	114	78	112	119	152	0	147	140	61	138	77	234	58	90	199	52	64	84	47	65	51	252	84	138	119	166	60	63	0	13	293	35	189	44	116	49	167	88	141	27	35	0	93	5	160	91	231	199	0	39	0	55	61	0	208	65	19	0	20	7	195	18	126	123	10	127	26	15	0	16	16	45	231	31	168	21	143	57	75	51	30	9	47	135	97	23	62	86	67	0	28	0	129	30	196	77	33	84	61	107	38	59	240	161	170	0	39	36	7	181	192	4	26	223	205	186	26	66	128	45	297	57	40	19	56	19	98	0	229	102	76	41	81	82	88	188	60	91	80	247	72	197	119	43	136	54	116	203	230	24	64	34	106	361	38	107
31	0	0	0	0	0	0	0	0	0	0	0	0	0	0	0	0	0	0	0	0	0	0	0	0	0	0	0	0	0	0	0	0	0	0	0	0	0	0	0	0	0	0	0	0	0	0	0	0	0	0	0	0	0	0	0	0	0	0	0	0	0	0	0	0	0	0	0	0	0	0	0	0	0	0	0	0	0	0	0	0	0	0	0	0	0	0	0	0	0	0	0	0	0	0	0	0	22	0	0	0	0	0	0	0	0	0	0	0	0	0	0	0	0	0	0	0	0	0	0	0	0	0	0	0	0	0	0	0	0	0	0	0	0	0	0	0	0	0	0	0	0	0	0	0	0	0	0	0	0	0	0	0	0	0	0	0	0	0	0	0	0	0	0	0	0	0	0	0	0	0	0	0	0	0	0	0	0	0	0	0	6	0	0	0	0	0	0	0	0	0	0	0	0	0	0	0	0	0	0	0	0	0	0	0	0	0	0	0	0	0	0	0	0	0	0	0	0	0	0	0	0	0	0	0	0	1	0	0	0	0	0	0	0	0	0	0	0	0	0	0	0	0	0	0	0	0	0	0	0	0	0	0	0	0	0	0	0	0	20	0	0	0	0	0	0	0	0	0	0	0	0	0	0	0	0	0	0	0	0	0	0	0	0	0	0	0	0	0	0	0	0	0	0	0	0	0	0	1	0	0	0	0	0	0	0	0	0	0	0	0	0	0	0	0	0	0	0	0	0	0	0	0	0	0	0	0	0	0	0	20	0	0	0	0	0	0	0	0	0	0	0	0	0	0	0	0	0	0	0	0	0	0	40	0	0	0	0	0	0	0	0	5	0	0	0	49	23	0	0	0	0	0	0	0	0	0	0	0	0	0	0	0	0	0	0	0	0	0	0	0	0	0	0	0	61	0	0	0	0	0	0	0	41	0	0	0	0	259	0	0	0	67	0	0	0	0	0	0	0	0	0	0	0	0	190	0	0	0	0	0	0	0	0	0	0	0	0	0	0	0	0	0	0	112	0	0	0	0	0	0	0	0	44	0	135	0	0	121	19	0	0	0	0	0	0	53	0	0	0	27	0	0	0	0	0	0	8	0	115	0	0	0	0	109	27	0	0	0	0	0	0	0	5	0	0	5	269	0	0	0	114	145	0	0	92	0	0	0	0	0	0	106	0	0	55	0	0	74	0	63	0	0	195	0	0	70	19	40	0	0	82	5	0	0	0	0	0	51	107	45	47	174	100	0	22	0	15	0	0	2	29	0	39	0	0	0	0	4	0	148	0	0	0	0	0	0	0	272	0	0	0	51	90	0	5	0	69	0	6	39	0	27	0	0	0	0	0	0	0	2	39	0	0	0	11	20	0	0	0	34	70	23	20	211	0	0	0	0	0	0	0	56	0	156	316	40	76	130	130	3	0	79	43	103	21	216	0	106	0	0	34	0	0	0	47	0	0	114	103	0	38	152	0	0	247	103	17	0	153	136	0	12	0	0	128	0	0	13	17	0	128	0	132	0	0	72	0	98	0	33	23	82	0	0	56	14	82	0	67	0	0	21	0	8	0	233	0	34	0	33	0	250	98	0	0	47	29	44	184	54	0	78	31	15	61	22	0	0	0	97	149	29	18	67	84	33	46	35	2	44	235	0	54	0	24	148	89	159	102	31	102	0	0	0	161	44	0	0	0	82	84	1	56	171	237	40	51	53	155	29	0	0	0	41	0	147	0	87	128	101	87	155	72	0	144	77	114	0	140	16	19	55	0	5	209	0	0	0	0	0	0	0	61	8	0	134	9	30	163	132	58	0	0	111	61	36	1	26	0	0	14	164	12	40	194	49	66	89	64	28	0	36	98	81	157	125	93	36	178	0	0	31	0	188	75	0	0	107	0	305	71	141	101	47	0	49	0	35	57	45	0	181	133	30	90	0	157	0	5	0	57	66	0	27	32	58	62	179	68	62	178	196	69	175	263	51	6	167	57	0	40	0	135	47	41	0	12	90	290	14	67	139	13	0	180	116	0	0	75	8	139	18	78	0	91	127	13	22	15	116	49	96	194	31	110	23	111	167	33	40	28	130	140	157	41	61	8	61	0	94	20	17	147	0	89	59	44	135	33	0	109	46	23	56	58	107	86	87	102	152	128	23	175	35	90	95	24	82	92	0	173	107	18	108	91	216	62	39	61	60	156	221	115	171	62	42	19	89	82	93	78	153	5	47	55	33	108	39	203	142	25	358	105	94	52	0	147	54	75	223	32	104	0	44	0	63	325	0	115	127	91	0	47	78	114	56	130	127	179	73	67	75	0	162	92	75	111	76	102	90	49	21	124	125	180	67	55	107	126	55	241	184	46	0	36	0	52	14	59	275	80	251	123	44	99	116	93	83	43	0	117	32	350	163	244	45	146	57	58	58	47	56	64	62	9	52	96	31	26	51	93	0	96	81	137	71	174	32	15	61	15	71	156	167	53	45	61	110	93	26	34	208	11	28	62	129	144	13	53	154
32	0	0	0	0	0	0	0	0	0	0	0	0	0	0	0	0	0	0	0	0	0	0	0	0	0	0	0	0	0	0	0	0	0	0	0	0	0	0	0	0	0	0	0	0	0	0	0	0	0	0	0	0	0	0	0	0	0	0	0	0	0	0	0	0	0	0	0	0	0	0	0	0	0	0	0	0	0	0	0	0	0	0	0	0	0	0	0	0	0	0	0	0	0	0	0	0	0	0	0	0	0	0	0	0	0	0	0	0	0	0	0	0	0	0	0	0	0	0	0	0	0	0	0	0	0	0	0	0	0	0	0	0	0	0	0	0	0	0	0	0	0	0	0	0	0	0	0	0	0	0	0	0	0	0	0	0	0	0	0	0	0	0	0	0	0	0	0	0	0	0	0	0	0	0	0	0	0	0	0	0	2	0	0	0	0	0	0	0	0	0	0	0	0	0	0	0	0	0	0	0	0	0	0	0	0	0	0	0	0	0	0	0	0	0	0	0	0	5	0	0	0	0	0	0	0	0	0	0	0	0	0	0	0	0	0	0	0	0	0	0	0	0	0	0	0	0	0	0	7	0	49	0	0	0	0	0	0	0	0	0	0	0	0	0	0	0	0	0	0	0	0	0	0	0	0	0	0	0	17	0	0	0	0	0	0	0	0	0	0	0	0	0	0	0	0	0	0	0	0	0	0	0	0	0	0	0	0	0	0	0	51	0	0	0	0	0	0	13	0	0	6	89	0	0	0	30	0	0	0	8	0	0	0	0	0	0	0	2	0	0	0	0	0	0	0	0	4	0	0	0	0	0	0	0	0	0	0	2	0	0	0	17	0	0	0	3	146	0	0	0	0	0	0	0	0	0	0	0	0	0	0	0	0	0	0	0	0	0	0	0	0	0	0	0	20	0	0	0	0	0	0	0	0	0	0	0	0	28	0	0	0	360	0	0	0	0	15	0	0	0	0	3	0	0	50	0	0	0	0	0	0	0	0	2	0	0	0	0	0	0	0	0	0	76	0	0	0	0	0	0	0	0	72	0	9	10	0	214	46	0	0	0	0	0	5	100	0	0	0	150	0	0	0	0	0	0	56	0	129	0	0	0	0	14	96	0	0	0	0	26	0	0	2	10	0	53	125	0	0	2	97	308	0	0	25	0	77	0	4	0	0	9	0	0	33	0	0	74	0	31	0	0	64	8	0	3	106	4	0	0	48	1	0	0	0	0	0	68	221	105	275	131	134	0	14	0	112	3	0	0	182	0	103	0	0	2	0	229	0	57	0	0	6	0	0	0	0	104	0	0	0	216	69	0	56	3	121	0	13	50	0	59	0	0	0	0	0	0	0	0	95	0	0	0	63	25	0	0	0	132	205	0	86	28	0	0	0	0	0	0	0	164	0	193	48	145	59	155	22	4	0	191	29	321	111	93	0	202	0	0	159	0	0	43	85	0	0	0	84	0	50	146	0	0	46	340	65	0	42	0	14	132	0	0	59	0	0	88	28	25	89	0	52	0	0	196	0	173	0	71	31	24	0	0	252	34	152	22	392	0	0	119	0	0	7	10	0	53	50	58	5	94	227	0	0	92	37	77	67	76	0	158	81	65	68	113	2	7	0	78	82	15	96	0	222	214	39	134	58	83	34	0	128	0	136	11	211	127	91	205	2	0	0	0	55	66	0	0	0	65	60	27	52	51	125	61	137	38	152	160	0	0	0	83	0	23	0	93	117	19	127	44	82	0	79	165	42	39	68	150	165	11	0	0	117	0	0	0	54	0	0	0	31	126	0	139	0	101	18	33	73	56	0	171	72	20	0	10	0	0	80	119	414	50	44	103	131	136	62	28	0	34	171	177	107	32	13	139	127	0	0	123	0	7	18	0	0	318	0	148	168	22	109	80	0	50	0	13	87	56	0	107	243	50	117	0	19	0	25	0	54	128	58	89	51	214	36	102	293	93	59	157	31	102	113	89	1	81	70	0	82	0	75	176	39	6	36	78	225	227	133	62	96	0	100	193	0	0	23	130	59	108	131	0	74	92	240	28	30	13	137	60	141	79	37	32	115	85	91	105	40	42	41	167	133	154	49	21	0	187	217	121	53	0	86	63	101	164	123	0	66	101	46	57	47	27	265	128	83	62	36	149	176	207	197	169	50	29	87	0	36	56	37	59	120	229	304	96	92	47	162	112	62	119	15	257	112	77	154	129	209	45	42	45	260	24	195	83	250	28	45	110	84	61	43	0	72	1	200	242	275	85	0	19	0	3	112	0	41	74	142	9	64	17	183	67	64	41	17	283	98	167	0	60	71	54	9	88	17	99	65	124	33	162	116	126	226	93	75	186	197	108	179	0	136	0	101	44	46	66	38	200	98	81	108	202	159	46	52	0	51	170	8	75	22	65	261	114	129	46	46	8	98	75	164	96	37	241	200	109	24	0	49	541	76	60	60	71	231	30	42	49	143	117	48	46	70	103	83	168	38	96	81	35	182	189	43	62	146	281
33	0	0	0	0	0	0	0	0	0	0	0	0	0	0	0	0	0	0	0	0	0	0	0	0	0	0	0	0	0	0	0	0	0	0	0	0	0	0	0	0	0	0	0	0	0	0	0	0	0	0	0	0	0	0	0	0	0	0	0	0	0	0	0	0	0	0	0	0	0	0	0	0	0	0	0	0	0	0	0	0	0	0	0	0	0	0	0	0	0	0	0	0	0	0	0	0	0	0	0	0	0	0	0	0	0	0	0	0	0	0	0	0	0	0	0	0	0	2	0	0	0	0	0	0	0	0	0	0	0	0	0	0	0	0	0	0	0	0	0	0	0	0	0	0	0	0	0	0	0	0	0	0	0	0	0	0	0	1	0	0	0	0	0	0	0	0	0	0	0	0	0	0	0	0	0	0	0	0	0	0	0	0	0	0	0	0	0	0	0	0	0	0	0	0	0	0	0	0	0	0	0	0	0	0	0	0	0	0	0	0	0	0	0	0	0	0	0	0	0	0	0	9	0	0	0	0	0	1	0	0	0	0	0	0	0	0	0	0	0	0	0	0	0	0	0	0	0	0	0	0	7	0	0	0	0	0	0	0	0	0	0	0	0	0	0	0	0	0	0	0	0	0	0	0	0	0	0	0	0	0	0	0	0	0	0	0	0	0	0	0	20	0	0	0	29	0	0	0	0	0	0	0	0	0	0	0	0	0	0	0	0	0	0	0	0	0	0	0	0	0	0	0	0	0	0	0	0	0	0	191	0	0	0	0	0	0	0	0	0	0	0	0	0	0	0	0	0	0	0	0	0	0	0	0	0	0	0	0	0	0	0	0	0	0	0	0	107	0	0	0	0	0	0	0	0	0	0	0	0	0	0	0	0	0	0	0	0	0	0	0	0	0	0	0	1	0	0	0	0	0	0	0	0	0	0	0	0	78	0	0	0	71	0	0	0	0	73	0	0	0	0	0	0	0	173	0	0	0	0	8	0	0	0	0	0	0	0	0	0	0	0	0	0	182	0	0	0	0	0	0	0	2	68	0	114	0	0	273	0	0	0	0	0	0	0	87	0	0	0	24	0	0	0	0	0	0	33	19	80	0	0	0	0	177	52	0	0	2	0	0	0	0	2	0	0	1	21	0	0	0	258	133	0	0	62	0	0	0	18	0	0	41	0	0	65	0	0	242	0	9	0	0	201	15	0	0	171	31	0	0	37	0	0	0	0	0	0	86	148	35	12	201	3	173	295	0	99	0	0	12	84	0	142	0	0	0	0	157	0	64	0	0	11	0	0	0	0	165	0	0	0	100	74	0	83	0	271	42	17	100	0	205	0	0	0	0	5	0	0	0	95	0	0	0	22	14	0	0	0	65	45	0	96	166	23	0	0	0	0	0	0	151	0	139	21	135	109	60	121	38	0	56	89	74	166	52	0	5	0	0	95	0	0	0	43	0	0	0	65	0	98	188	0	0	305	194	65	0	173	0	0	157	0	0	184	0	0	216	30	0	102	0	20	0	0	96	0	191	0	113	65	11	0	0	130	22	201	0	103	0	0	65	0	0	0	177	0	208	21	165	0	90	52	0	0	173	135	18	94	178	0	132	92	206	24	228	23	197	0	89	14	63	43	0	26	159	145	131	102	56	7	0	100	0	0	9	41	20	22	140	0	0	0	0	84	138	0	0	0	414	123	16	80	103	6	39	215	129	42	77	15	0	13	127	0	36	0	123	190	137	81	133	95	0	48	28	284	0	65	32	305	173	0	0	37	0	0	0	0	0	0	37	57	31	0	66	23	23	31	90	26	0	0	100	68	187	0	3	3	0	86	50	36	80	36	292	176	326	72	174	0	104	46	74	157	25	60	76	28	0	0	141	13	142	36	0	0	213	0	96	18	91	173	157	0	68	0	26	119	80	0	78	58	60	126	0	83	0	154	0	19	79	0	71	164	65	275	138	103	80	78	38	35	121	102	93	9	83	119	0	40	0	213	93	30	0	76	59	115	145	191	259	96	0	15	53	0	0	112	348	66	123	44	0	31	13	81	26	47	85	104	88	61	300	168	86	99	64	310	93	497	27	31	135	70	183	158	252	0	72	9	61	72	0	276	130	51	226	46	0	93	173	50	199	40	79	152	136	203	80	32	68	98	24	83	146	109	134	153	0	190	56	239	217	54	93	36	24	94	110	413	167	59	112	91	49	73	78	125	101	71	122	50	291	141	22	5	174	50	101	181	142	26	157	63	0	142	69	98	91	68	40	0	120	0	38	32	0	99	96	20	0	35	274	176	131	58	70	174	266	71	17	0	121	119	64	165	43	72	113	69	341	243	47	79	25	48	94	69	52	394	64	123	0	41	0	276	48	225	76	112	263	75	99	114	138	59	45	26	0	25	54	87	79	128	29	74	48	94	14	91	190	39	68	98	83	49	215	191	84	60	0	102	9	40	149	21	80	57	106	25	149	72	126	57	142	87	13	169	118	138	21	16	60	59	148	64	248	10	259
34	0	0	0	0	0	0	0	0	0	0	0	0	0	0	0	0	0	0	0	0	0	0	0	0	0	0	0	0	0	0	0	0	0	0	0	0	0	0	0	0	0	0	0	0	0	0	0	0	0	0	0	0	0	0	0	0	0	0	0	0	0	0	0	0	0	0	0	0	0	0	0	0	0	0	0	0	0	0	0	0	0	0	0	0	0	0	0	0	0	0	0	0	0	0	0	0	0	0	0	0	0	0	0	0	0	0	0	0	0	0	0	0	0	0	0	0	0	0	0	0	0	0	0	0	0	0	0	0	0	0	0	0	0	0	0	0	0	0	0	0	0	0	0	0	0	0	0	0	0	0	0	0	0	0	0	0	0	0	0	0	0	0	0	0	0	0	0	0	0	0	0	0	79	0	0	0	0	0	0	0	0	0	0	0	0	0	0	0	0	0	0	0	0	0	0	0	0	0	0	0	0	0	0	0	0	0	0	0	0	0	0	0	0	0	0	0	0	0	0	0	0	0	0	0	0	0	0	0	0	0	0	0	0	0	0	0	0	0	0	0	0	0	0	1	0	0	0	0	0	0	0	0	0	0	0	0	0	0	22	0	0	0	0	0	0	0	0	0	0	0	0	0	0	0	0	0	0	0	0	0	0	0	0	0	0	0	0	0	0	0	0	0	0	0	0	0	0	0	0	0	0	0	0	0	0	0	0	0	0	0	0	0	0	0	0	0	0	31	0	0	0	0	0	0	0	0	0	0	0	0	0	0	0	0	0	0	0	0	0	0	0	0	0	0	0	0	0	0	0	0	0	0	0	0	0	0	0	0	0	0	0	0	0	0	0	0	92	0	0	0	0	0	0	0	0	0	0	0	0	0	0	0	0	0	0	0	0	0	0	0	0	0	0	0	147	0	0	0	0	0	0	0	0	0	0	0	0	0	0	0	0	2	0	0	0	0	0	0	0	0	0	32	0	0	58	0	0	0	30	0	0	0	0	0	0	0	0	0	0	0	0	0	0	38	0	0	0	0	0	0	0	0	1	0	0	0	0	37	0	0	0	0	0	0	0	28	0	0	0	0	0	0	0	0	0	0	0	0	18	0	0	0	0	0	61	0	0	0	0	0	0	0	0	0	0	0	9	0	0	0	0	39	0	0	4	0	0	0	0	0	0	22	0	0	0	0	0	48	0	0	0	0	30	0	0	2	6	1	0	0	0	0	0	0	0	0	0	0	0	12	2	58	19	0	0	0	45	8	0	0	0	0	0	2	0	0	0	0	0	74	0	0	0	0	0	0	0	19	0	0	0	68	28	0	11	0	9	0	0	13	0	20	0	0	0	0	0	0	4	0	0	0	0	0	0	0	0	0	0	0	96	0	4	0	0	0	0	0	0	0	0	0	0	0	232	11	29	0	88	39	0	0	116	9	0	0	0	70	6	0	105	0	0	0	0	1	0	0	21	0	59	0	0	0	2	26	7	0	13	0	0	0	0	0	6	0	0	2	0	0	0	0	142	0	0	0	0	2	0	0	13	6	0	0	1	0	27	0	8	0	0	6	0	0	0	1	0	0	28	0	0	1	67	0	0	27	0	13	53	54	0	0	21	67	0	5	0	0	0	0	0	0	1	0	0	0	26	0	2	19	32	0	11	0	0	0	21	0	34	7	7	0	0	0	0	154	0	0	0	23	13	26	7	3	0	0	17	29	10	7	0	0	0	11	0	3	0	71	32	1	92	0	0	0	0	5	6	0	45	0	40	0	0	0	0	0	0	0	0	0	0	0	0	0	0	7	0	93	0	50	2	0	0	1	7	4	0	31	0	0	22	29	0	97	0	6	5	1	141	0	0	66	14	124	129	41	3	2	1	0	0	2	0	18	0	0	0	1	0	1	0	4	46	0	0	1	0	87	27	57	0	0	0	0	0	0	0	0	8	0	0	2	0	12	0	28	292	6	16	2	0	1	0	5	5	11	0	0	3	0	16	0	192	20	16	0	0	26	14	94	57	7	12	0	2	48	0	0	0	50	1	0	11	0	95	159	6	36	0	0	29	9	0	1	66	34	97	7	13	2	3	0	28	11	1	3	3	0	0	5	1	13	36	0	0	2	1	165	11	0	3	1	12	10	55	66	27	94	35	0	67	3	3	1	175	50	12	2	3	0	0	3	39	4	66	13	1	229	1	10	8	10	11	22	1	3	49	6	22	0	74	0	0	33	112	62	0	1	1	0	2	0	1	10	0	0	4	0	1	2	26	0	0	26	0	0	38	0	0	7	19	0	7	0	2	0	61	68	0	3	0	1	0	1	0	98	39	97	19	0	0	91	25	1	0	0	27	0	0	14	0	13	75	0	139	0	0	1	85	1	28	0	17	0	4	6	0	0	5	0	5	80	0	7	13	4	52	11	0	10	2	0	15	0	22	0	0	26	28	36	0	0	39	77	85	0	22	0	5	56	70	15	0	2	0	23	12	23	20	0	118	0	25	0	5	45	10	4	6	22
35	0	0	0	0	0	0	0	0	0	0	0	0	0	0	0	0	0	0	0	0	0	0	0	0	0	0	0	0	0	0	0	0	0	0	0	0	0	0	0	0	0	0	0	0	0	0	0	0	0	45	0	0	0	0	0	0	0	0	0	0	0	0	0	0	0	0	0	0	0	0	0	0	0	0	0	0	0	0	0	0	0	0	0	0	0	0	0	0	0	0	0	0	0	0	0	0	0	0	0	0	0	0	0	0	0	0	0	0	0	0	0	0	0	0	0	0	0	0	0	0	0	0	0	0	0	0	0	0	0	0	0	0	0	0	0	0	0	0	0	0	0	0	0	0	0	0	0	0	0	0	0	0	0	0	0	0	0	0	0	0	0	0	0	0	1	0	0	0	0	0	0	0	0	0	0	0	0	0	0	0	0	0	0	0	0	0	0	0	0	0	0	0	0	0	0	0	0	0	0	0	0	0	0	0	0	0	0	0	0	0	0	0	0	0	0	0	0	62	0	0	0	0	0	0	0	0	0	0	0	0	0	0	0	0	0	0	0	0	0	0	0	0	0	0	0	0	0	0	0	0	26	0	0	0	0	0	0	0	21	0	0	0	0	0	0	0	0	0	0	0	0	0	0	0	0	0	0	0	0	0	0	0	0	0	0	0	0	0	0	0	0	0	0	0	0	0	0	0	0	0	0	0	0	0	0	0	0	0	0	0	22	0	0	0	0	0	0	8	0	0	0	0	0	0	0	0	0	0	0	56	0	0	0	0	0	0	0	0	0	0	0	0	0	18	0	0	0	0	0	0	0	0	0	0	0	0	0	0	0	0	10	0	9	0	0	13	34	0	0	0	0	0	0	0	0	0	0	0	0	0	0	0	0	0	0	0	0	0	0	0	0	0	0	0	64	0	0	0	0	0	0	0	35	0	0	0	0	18	0	0	0	13	0	0	0	0	0	0	0	0	2	0	0	0	21	0	0	0	25	0	0	0	0	0	0	0	0	0	0	0	0	0	0	139	0	0	0	0	0	0	0	0	41	0	20	1	0	10	0	6	0	0	0	0	0	35	0	0	0	22	0	0	0	0	0	0	18	0	64	0	4	0	0	52	155	0	0	0	0	0	0	0	0	0	0	80	77	0	0	0	182	126	0	0	79	0	0	0	0	0	0	0	0	0	118	0	0	77	0	75	0	0	139	0	0	39	76	29	0	0	67	5	0	0	0	0	0	69	28	25	24	100	62	0	175	0	167	0	0	0	160	0	79	0	0	1	0	73	0	116	0	6	8	0	0	0	0	81	0	0	0	84	139	0	192	0	158	0	126	98	0	36	0	0	0	0	0	0	0	0	71	0	0	0	256	0	0	0	0	60	112	0	42	159	0	0	0	0	0	0	0	74	0	45	56	54	113	50	22	63	0	54	48	111	83	29	0	68	0	0	14	0	0	0	104	0	0	0	70	0	45	82	0	0	183	183	71	0	7	0	17	8	0	0	189	0	0	72	0	0	50	0	35	0	0	92	0	56	0	2	101	95	34	0	29	0	160	0	65	0	0	50	2	0	0	91	0	250	0	167	0	54	140	0	0	45	107	112	113	100	0	65	44	57	119	75	4	14	1	67	97	80	36	0	59	6	100	35	21	77	52	0	16	0	121	0	44	33	5	22	0	0	0	0	84	101	0	0	0	79	65	5	67	14	112	133	36	58	125	6	0	0	0	50	0	118	0	20	140	99	137	15	56	0	74	119	234	0	190	76	57	61	0	0	32	0	0	0	0	0	0	0	66	137	0	139	1	81	39	89	253	0	0	114	29	196	0	44	0	0	43	148	224	86	155	58	295	54	82	51	4	162	31	121	137	6	104	149	81	0	0	84	0	10	37	0	0	71	0	31	32	63	77	25	0	33	0	19	18	160	0	141	143	289	180	0	89	0	217	0	6	20	0	140	57	60	136	132	130	35	34	103	96	118	77	168	0	51	115	0	130	0	123	111	98	0	86	145	109	35	19	66	0	0	246	53	0	9	58	60	51	167	168	0	36	152	14	196	56	83	246	85	69	86	114	187	228	101	119	107	27	82	77	116	73	39	23	97	0	60	46	192	19	0	40	6	84	128	78	0	107	26	52	156	160	167	188	28	19	48	84	43	44	58	200	96	218	53	10	0	34	90	30	89	66	65	70	72	126	92	236	111	213	46	76	215	48	96	77	39	33	44	44	173	60	19	69	31	223	5	15	109	22	13	132	0	166	37	81	94	110	132	0	134	0	159	74	0	89	127	27	0	87	103	149	128	61	180	8	43	87	22	0	27	137	50	297	66	81	309	204	150	14	46	58	62	4	58	90	43	149	60	95	0	81	0	170	9	57	86	84	91	99	46	181	39	36	72	60	0	131	92	184	57	186	40	90	18	114	86	109	151	98	49	65	52	27	16	97	41	187	0	57	93	33	67	40	20	65	181	92	26	56	30	132	21	43	84	94	115	93	114	332	208	137	73	29	14	92	67
36	0	0	0	0	0	0	0	6	0	0	0	0	0	0	0	0	0	0	0	0	0	0	0	0	0	0	0	0	0	0	0	0	0	0	0	0	0	0	0	0	0	0	0	0	0	0	0	0	0	0	0	0	0	0	0	0	0	0	0	0	0	0	0	0	0	0	0	0	0	0	0	0	0	0	0	0	0	0	0	0	0	0	0	0	0	0	0	0	0	0	0	0	0	0	0	0	0	0	0	0	0	0	0	0	0	0	0	0	0	0	0	0	0	0	0	0	0	0	0	0	0	0	0	0	0	0	0	0	0	0	0	0	0	0	0	0	0	0	0	0	0	0	0	0	0	0	0	0	0	0	0	0	0	0	0	0	0	0	0	0	0	0	0	0	0	0	0	0	0	0	0	0	0	0	0	0	0	0	0	0	0	0	0	0	0	0	0	0	0	0	0	0	0	0	0	0	0	0	17	0	0	0	0	0	0	0	0	0	0	0	0	0	0	0	0	0	0	0	0	0	0	0	0	0	0	0	0	0	0	0	0	0	0	0	0	0	0	0	0	0	0	0	0	0	0	0	0	0	0	0	0	0	0	0	0	0	0	0	0	0	0	0	0	0	0	0	0	0	0	0	0	0	0	0	0	0	0	0	0	0	0	0	0	0	0	0	0	0	0	0	0	0	0	0	17	0	0	0	0	0	0	0	0	0	0	0	0	0	0	0	20	0	0	0	0	0	0	13	0	0	0	69	0	0	0	0	0	0	0	14	0	0	0	0	0	0	0	0	0	169	0	0	0	0	0	0	0	0	0	0	0	0	0	0	0	0	0	0	0	0	0	0	0	0	0	10	61	0	0	0	0	0	0	0	0	0	0	0	0	0	0	0	0	0	0	0	0	0	0	0	0	0	0	0	48	1	0	0	0	0	0	0	0	0	0	0	1	173	0	0	0	28	0	0	0	0	0	0	0	0	0	0	0	0	76	0	0	0	0	0	0	0	0	0	0	0	2	0	0	0	0	0	0	113	0	0	0	0	0	0	0	0	17	0	0	0	0	106	70	0	0	0	0	0	0	67	0	0	0	0	0	0	0	0	0	0	2	0	68	0	11	0	0	0	19	0	0	0	0	0	0	0	42	0	0	20	38	0	0	0	162	220	0	0	8	0	0	0	0	6	0	26	0	0	44	0	0	243	0	31	0	1	14	0	0	0	0	64	0	0	7	0	0	0	0	0	0	44	88	113	96	25	44	0	183	0	144	0	0	0	43	0	84	0	0	0	1	55	0	39	0	0	16	0	0	29	0	233	0	0	0	25	36	0	112	0	7	0	3	57	0	94	0	0	0	0	0	0	0	0	13	0	0	0	127	0	69	0	0	87	174	0	7	49	0	0	0	0	0	0	0	43	0	140	31	36	50	47	232	0	0	27	99	34	35	12	0	186	0	0	46	1	4	0	36	77	0	0	62	0	46	142	0	0	80	128	43	0	150	15	6	55	0	0	296	0	0	87	2	3	299	0	89	0	0	7	0	379	0	33	0	99	0	0	39	85	109	0	90	0	0	82	0	0	0	103	0	17	0	68	0	2	72	0	0	214	4	53	31	171	0	208	109	119	79	35	0	48	0	77	13	84	6	0	224	192	89	0	186	70	100	0	90	0	28	0	155	30	139	77	0	0	0	0	54	100	0	0	0	65	275	0	79	53	33	64	81	81	25	9	29	0	0	29	1	81	0	37	114	296	199	80	124	0	0	126	66	0	60	179	115	286	0	0	16	0	0	0	2	0	0	0	93	0	0	29	20	3	59	97	88	17	1	68	141	0	0	81	0	0	4	24	14	46	126	64	79	52	14	63	0	6	115	52	182	51	129	69	177	0	0	237	0	41	31	0	0	35	0	140	40	121	156	19	0	30	0	256	80	26	0	71	70	51	24	0	3	0	62	0	2	90	0	95	54	78	211	6	52	19	262	25	2	56	94	20	0	74	233	0	153	0	36	74	114	0	16	86	79	43	162	57	14	0	154	63	0	0	5	24	75	126	119	0	109	128	71	102	0	105	140	28	25	70	85	102	139	30	25	127	119	67	82	87	19	176	57	153	0	81	181	160	208	0	55	97	47	45	63	0	62	64	30	159	79	90	33	42	63	145	327	53	44	30	17	121	102	54	162	1	381	87	7	132	220	251	14	66	69	59	60	131	101	142	26	91	76	54	24	283	23	32	2	118	75	96	122	110	107	146	198	34	90	0	6	0	35	16	143	13	9	18	0	11	0	72	32	0	72	103	100	0	24	146	65	80	251	37	34	13	182	114	0	40	70	53	65	199	229	193	22	56	202	84	9	316	105	89	88	165	20	32	46	0	52	0	118	0	175	50	104	77	258	109	166	132	159	134	207	2	100	49	28	38	39	52	213	113	35	128	58	163	33	56	71	98	104	32	93	129	46	0	11	30	38	68	36	45	169	47	132	45	65	53	84	150	51	10	31	2	100	22	44	42	121	24	27	75	48	115
37	0	0	0	0	0	0	0	0	0	0	0	0	0	0	0	0	0	0	0	0	0	0	0	0	0	0	0	0	0	0	0	0	0	0	0	0	0	0	0	0	0	0	0	0	0	0	0	0	0	0	0	0	0	0	0	0	0	0	0	0	0	0	0	0	0	0	0	0	0	0	0	0	0	0	0	0	0	0	0	0	0	0	0	0	0	0	0	0	0	0	0	0	0	0	0	0	0	0	0	0	0	0	0	0	0	0	0	0	0	0	0	0	0	0	0	0	0	0	0	0	0	0	0	0	0	0	0	0	0	0	0	0	0	0	0	0	0	0	0	0	0	0	0	0	5	0	0	0	0	0	0	0	0	0	0	0	0	0	0	0	0	0	0	0	0	0	0	0	0	0	0	0	0	0	0	0	0	0	0	0	0	0	0	0	0	0	0	0	0	0	0	0	0	0	0	0	0	0	0	0	0	0	0	0	0	0	0	0	0	0	0	0	0	0	0	0	0	34	0	0	0	0	0	0	0	0	0	0	0	0	0	0	0	0	0	0	0	0	0	0	0	0	0	0	0	0	0	0	0	0	4	0	0	0	0	0	0	0	7	0	0	0	0	0	0	0	0	0	0	0	0	0	0	0	0	0	0	0	0	0	0	0	0	0	0	0	0	0	0	0	0	0	0	0	40	0	0	0	0	0	0	0	0	0	0	0	0	0	0	0	0	0	0	0	0	0	0	50	0	0	0	2	0	0	0	0	0	0	0	5	0	0	0	0	0	0	0	0	0	0	0	0	0	0	0	0	0	0	0	0	0	0	0	0	0	0	0	3	0	0	0	0	0	0	0	21	141	0	0	0	0	0	0	0	0	0	0	0	0	0	0	0	0	0	0	0	0	0	0	0	0	0	0	0	110	0	0	0	0	0	0	0	0	0	0	0	0	33	0	0	0	57	0	0	0	0	0	0	0	0	0	0	0	0	134	0	0	5	0	0	0	0	0	0	0	0	0	0	0	0	0	0	0	183	0	0	0	0	0	0	0	0	12	0	75	0	0	35	0	0	0	0	0	0	0	13	0	0	1	9	0	0	0	0	0	0	110	0	46	0	0	0	0	89	137	0	0	2	0	0	0	0	0	0	14	0	41	0	0	0	35	157	0	0	218	0	0	0	26	0	0	15	0	0	80	0	10	59	0	19	0	0	121	38	0	11	128	90	0	0	205	0	0	0	0	0	0	59	48	21	20	143	67	0	142	0	79	0	5	74	197	0	114	0	0	0	5	35	0	62	0	0	0	0	0	6	0	151	0	0	0	84	386	0	124	0	269	0	120	140	0	72	0	0	0	0	16	0	0	0	121	0	0	0	62	103	0	66	0	96	89	0	24	231	0	0	0	0	0	0	0	155	0	49	76	78	89	47	30	0	0	48	117	117	42	35	0	131	8	0	146	0	0	0	312	0	0	0	5	0	158	90	0	0	80	27	141	0	42	22	0	109	0	0	81	0	0	48	0	3	109	0	33	0	0	32	0	82	0	53	34	126	0	0	153	3	95	0	58	0	0	71	0	0	0	170	0	109	7	62	0	64	105	0	0	126	147	131	46	23	0	59	46	116	39	116	1	69	0	147	15	35	40	0	120	51	105	38	45	78	53	0	53	0	76	13	78	80	183	51	56	8	0	0	224	69	0	0	0	100	145	2	110	93	169	127	139	55	83	70	2	0	0	194	0	98	0	73	92	196	127	25	35	0	34	61	40	0	177	113	101	197	0	0	159	0	0	0	0	0	0	0	133	32	0	35	0	17	44	25	19	0	0	71	41	82	0	93	0	0	55	64	121	127	47	152	20	66	158	107	0	91	134	34	220	146	41	120	107	0	0	75	0	79	67	0	0	144	0	122	142	53	43	76	0	136	0	61	207	121	0	28	252	151	119	0	66	1	190	0	0	83	0	130	188	117	4	90	74	299	116	64	95	77	47	220	57	33	83	0	52	0	219	23	48	4	43	19	16	85	144	75	169	0	64	40	3	0	42	108	10	162	45	2	43	26	91	78	163	147	124	136	267	50	236	10	269	122	81	157	87	249	120	101	98	22	154	161	0	80	174	91	23	0	84	57	196	75	13	0	46	57	12	37	114	280	4	205	39	129	106	77	44	121	40	37	47	121	118	0	115	97	64	184	45	49	178	36	59	12	88	220	52	256	102	207	329	74	8	262	95	113	118	25	32	75	85	21	124	66	24	197	41	68	137	0	142	0	261	77	69	125	0	91	0	50	128	0	53	49	61	10	116	27	54	82	343	146	105	328	44	40	0	21	185	148	16	196	94	130	7	72	53	112	10	228	11	164	31	81	94	123	13	0	189	0	160	0	212	10	192	60	180	168	56	61	82	259	193	0	146	56	114	188	203	103	75	111	160	118	54	88	48	193	40	65	28	321	107	357	120	0	154	91	48	120	30	143	56	46	239	71	91	231	116	59	24	26	76	52	53	108	75	40	274	153	75	60	61	37
38	0	0	0	0	0	0	0	0	0	0	0	0	0	0	0	0	0	0	0	0	0	0	0	0	0	0	0	0	0	0	0	0	0	0	0	0	0	0	0	0	0	0	0	0	0	0	0	0	0	0	0	0	0	0	0	0	0	0	0	0	0	0	0	0	0	0	0	0	0	0	0	0	0	0	0	0	0	0	0	0	0	0	0	0	0	0	0	0	0	0	0	0	0	0	0	0	0	0	0	0	0	0	0	0	0	0	0	0	0	0	0	0	0	0	0	0	0	0	0	0	0	0	0	0	0	0	0	0	0	0	0	0	0	0	0	0	0	0	0	0	0	0	0	0	0	0	0	0	0	0	0	0	0	0	0	0	0	0	0	0	0	0	0	0	0	0	0	0	0	0	0	0	0	0	0	0	0	0	0	0	0	0	0	0	0	0	0	0	0	0	0	0	0	0	0	0	0	0	0	0	0	0	0	0	0	0	0	0	0	0	0	0	0	0	0	0	0	0	0	0	0	0	0	0	0	0	0	0	0	0	0	0	0	0	0	0	0	0	0	0	0	0	0	0	0	0	0	0	0	0	0	0	0	0	0	0	0	0	507	0	0	0	0	0	0	0	0	0	0	0	0	0	0	0	0	0	0	0	0	0	0	0	0	0	0	0	17	0	0	0	0	0	0	0	0	0	0	0	0	0	0	0	0	0	0	0	0	0	0	0	0	0	0	0	0	0	0	24	0	0	0	0	0	0	0	0	6	0	0	101	0	0	0	0	0	0	0	5	0	0	0	0	0	0	0	0	0	0	0	0	0	0	0	0	0	0	0	0	0	0	0	0	0	0	0	0	177	0	0	0	0	0	0	0	0	0	0	0	0	0	0	0	0	0	0	0	0	0	0	0	0	0	0	0	50	0	0	1	0	0	0	0	59	0	0	0	0	75	0	0	0	154	0	0	0	7	0	0	0	0	0	3	0	0	103	0	0	0	0	0	0	0	0	0	0	6	0	0	0	0	0	0	0	131	0	0	0	0	0	0	0	0	34	0	137	0	0	150	9	0	0	0	0	0	0	30	0	0	0	17	0	0	0	0	0	0	0	0	19	0	0	0	0	24	48	0	0	38	0	0	0	1	0	0	0	61	36	0	0	0	125	114	0	0	230	0	0	0	0	0	0	20	0	0	56	0	0	19	0	57	0	0	29	27	0	24	0	0	0	0	99	0	0	0	0	0	0	193	126	78	31	45	142	0	143	0	72	0	0	0	154	0	49	0	0	0	0	98	0	105	0	0	0	0	0	0	0	105	0	0	0	72	155	0	67	0	238	0	19	100	0	98	0	0	0	0	0	0	0	0	112	0	0	0	50	16	0	0	0	164	269	0	115	74	0	0	0	0	0	0	0	326	0	26	67	54	26	163	357	9	0	111	137	35	55	188	0	228	0	0	246	9	0	0	25	0	0	0	38	0	77	0	0	0	206	44	52	0	49	0	15	110	0	0	6	0	0	206	0	0	56	0	204	0	0	41	0	188	0	57	24	185	0	0	238	29	46	0	199	0	0	49	0	0	0	8	0	102	58	138	0	29	80	0	0	14	24	129	124	111	0	99	176	32	61	138	3	27	0	69	132	242	150	18	111	165	75	96	158	106	72	0	28	0	0	1	169	156	153	119	28	0	0	4	111	257	0	0	0	61	94	12	17	128	44	62	85	39	51	56	10	0	0	45	1	49	0	94	94	64	94	101	46	0	205	78	74	0	11	14	275	64	0	0	25	0	0	0	242	0	0	0	129	85	0	54	0	242	34	50	104	0	0	366	74	75	0	56	0	0	11	111	234	50	184	23	241	47	157	50	50	328	287	280	99	53	76	144	155	0	0	51	0	76	44	0	0	71	0	41	49	69	48	53	0	49	0	58	146	146	0	12	306	88	17	0	75	0	103	0	0	93	11	61	102	88	67	77	61	43	69	246	76	60	109	290	0	48	46	0	63	0	91	93	260	5	160	47	92	59	66	127	163	0	42	45	0	3	23	163	57	102	108	0	76	52	31	51	20	127	156	48	27	120	95	148	13	154	187	31	120	40	310	135	181	89	96	16	0	145	73	367	180	0	24	97	47	57	132	0	131	19	65	29	162	88	191	228	67	170	95	78	264	37	240	55	129	169	94	0	10	291	150	54	85	79	47	121	53	168	42	72	57	99	17	67	209	103	51	86	8	133	135	30	137	40	116	305	35	21	115	54	159	224	89	0	50	0	18	101	30	155	0	61	0	63	90	0	60	52	44	0	100	228	111	6	39	123	122	158	122	21	0	175	29	97	46	53	33	5	265	16	117	228	181	50	73	22	44	76	40	183	115	0	109	0	19	36	190	55	119	57	31	22	130	34	110	65	66	0	83	94	66	25	140	89	17	213	124	28	134	203	27	42	63	63	97	92	25	284	60	0	91	79	78	230	102	70	105	20	144	138	74	68	116	178	82	93	52	11	92	334	158	64	117	126	34	107	31	180
39	0	0	0	0	0	0	0	0	0	0	0	0	0	0	0	0	0	0	0	0	0	0	0	0	0	0	0	0	0	0	0	0	0	0	0	0	0	0	0	0	0	0	0	0	0	0	0	0	0	0	0	0	0	0	0	0	0	0	0	0	0	0	0	0	0	0	0	0	0	0	0	0	0	0	0	0	0	0	0	0	0	0	0	0	0	0	0	0	0	0	0	0	0	0	0	0	0	0	0	0	0	0	0	0	0	0	0	0	0	0	0	0	0	0	0	0	0	0	0	0	0	0	0	0	0	0	0	0	0	0	0	0	0	0	0	0	0	0	0	0	0	0	0	0	0	0	0	0	0	0	0	0	0	0	0	0	0	0	0	0	0	0	0	0	0	0	0	0	0	0	0	0	0	0	0	0	0	0	0	0	0	0	0	0	0	0	0	0	0	0	0	0	0	0	0	0	0	0	0	0	0	0	0	0	0	0	0	0	0	0	0	0	0	0	0	0	0	0	0	0	0	0	0	0	0	0	0	0	0	0	0	0	0	0	0	0	0	0	0	0	0	0	0	0	0	0	0	0	0	0	0	0	0	0	0	0	0	0	0	0	0	0	0	0	0	0	0	0	0	0	0	0	0	0	0	0	0	0	0	0	0	0	0	0	0	0	0	0	0	0	0	0	0	0	29	0	0	0	0	0	0	0	0	0	0	0	0	0	0	0	0	0	0	0	0	0	0	0	0	0	0	0	0	0	0	0	0	0	0	0	0	0	0	0	0	0	0	0	0	0	0	0	0	0	0	0	0	0	0	0	0	0	0	0	0	0	0	0	0	0	0	0	0	0	0	0	0	0	0	0	0	0	0	0	0	0	0	0	0	0	0	0	0	0	0	0	0	0	0	0	0	0	0	0	15	0	0	0	0	0	0	0	15	0	0	0	0	0	0	0	0	0	0	0	0	0	0	0	0	0	0	0	0	0	5	0	0	0	0	0	0	0	0	0	0	0	0	0	0	0	0	0	0	35	0	0	0	0	0	0	0	0	0	0	0	6	0	0	0	0	0	0	0	0	0	0	0	0	0	0	0	0	0	0	0	0	0	0	0	0	0	0	0	0	35	0	0	0	0	0	0	0	0	0	0	0	0	0	0	0	21	0	0	0	0	0	0	0	0	0	0	10	0	0	0	0	0	4	0	0	0	0	0	0	0	2	0	0	0	0	0	0	0	0	0	0	0	0	0	0	0	0	0	0	0	26	4	0	0	0	2	0	0	0	0	0	0	0	0	0	0	0	0	0	0	0	0	17	0	0	0	0	0	0	2	0	29	0	0	0	0	0	0	0	0	0	0	0	0	0	0	0	0	0	0	0	0	0	0	14	1	0	0	0	0	0	0	0	0	0	0	20	0	0	8	4	0	7	55	0	0	0	0	0	9	1	0	0	0	0	164	0	0	0	3	2	0	0	0	0	0	0	0	0	2	0	0	0	2	0	2	0	0	0	0	0	0	1	0	0	0	0	0	0	0	0	0	0	0	0	0	0	0	0	0	0	17	0	0	0	0	0	0	0	0	0	0	2	0	0	0	0	0	0	0	0	0	0	0	0	0	0	27	0	0	3	0	0	0	0	0	0	0	0	0	0	0	0	0	0	11	0	0	0	0	0	1	0	12	1	0	0	51	0	0	1	0	0	0	0	0	0	0	0	1	0	0	1	0	0	0	0	0	0	0	2	0	0	23	0	45	0	2	0	0	2	12	0	0	0	5	0	0	0	1	0	0	0	0	0	0	0	0	0	0	0	0	17	0	13	5	0	0	25	2	0	0	0	0	0	1	3	0	19	0	1	0	0	56	0	0	2	35	5	6	2	0	0	0	0	0	0	0	11	0	0	0	4	0	0	9	0	0	0	0	0	0	2	40	1	0	0	0	0	0	0	0	0	19	0	0	0	0	7	0	0	0	0	0	0	0	8	0	0	0	0	0	0	0	0	0	0	202	3	0	0	7	0	4	0	3	14	0	0	7	0	0	0	0	0	0	5	0	0	0	37	3	23	0	0	1	2	0	0	1	1	0	33	0	43	21	0	3	2	0	0	0	0	0	0	0	55	0	0	0	0	0	0	0	0	0	0	95	70	20	25	37	0	151	0	0	10	0	0	0	0	0	0	1	0	0	0	0	5	2	14	0	31	0	0	23	0	0	6	0	0	3	5	27	0	0	1	0	15	17	165	0	1	16	1	0	2	3	3	2	0	0	0	1	0	0	0	0	0	0	3	0	0	0	42	0	5	0	0	0	27	0	0	0	14	0	11	0	47	8	7	0	21	0	0	43	9	0	0	21	0	0	0	0	5	0	0	0	0	167	0	88	0	0	4	0	2	8	59	1	0	0	0	0	0	0	0	5	1	0	0	0	0	2	0	1	0	0	0	0	0	0	33	4	5	0	0	51	2	9	0	9	0	5	1	3	7	0	0	0	15	0	0	0	1	0	0	0	0	0	33	7	0	0	2
40	0	0	0	0	0	0	0	0	0	0	0	0	0	0	0	0	0	0	0	0	0	0	0	0	0	0	0	0	0	0	0	0	0	0	0	0	0	0	0	0	0	0	0	0	0	0	0	0	0	0	0	0	0	0	0	0	0	0	0	0	0	0	0	0	0	0	0	0	0	0	0	0	0	0	0	0	0	0	0	0	0	0	0	0	0	0	0	0	0	0	0	0	0	0	0	0	0	0	0	0	0	0	0	0	0	0	0	0	0	0	0	0	0	0	0	0	0	0	0	0	0	0	0	0	0	0	0	22	0	0	0	0	0	0	0	0	0	0	0	0	0	0	0	0	0	0	0	0	0	0	0	0	0	0	0	0	0	0	0	0	0	0	0	0	0	0	0	0	0	0	0	0	0	0	0	0	0	0	0	0	0	0	0	0	0	0	0	0	0	0	0	0	0	0	0	0	0	0	0	0	0	0	0	0	0	0	0	0	0	0	0	0	0	0	0	0	0	18	0	0	0	0	0	0	0	0	0	0	0	0	0	0	0	0	0	0	0	0	0	0	0	0	0	0	0	0	0	0	0	0	0	0	0	0	0	0	0	0	57	0	0	0	0	0	0	0	0	0	0	0	0	0	0	0	0	0	0	0	0	0	0	0	0	0	0	0	0	0	0	0	0	0	0	0	0	0	0	0	0	0	0	0	0	0	0	0	0	0	0	0	42	0	0	0	0	0	0	0	0	0	0	0	0	0	0	54	0	0	0	8	0	0	0	0	0	0	0	0	0	147	0	0	0	0	0	0	0	0	0	0	0	0	0	54	0	0	0	0	0	0	0	22	0	6	0	23	69	0	0	0	0	0	0	0	0	0	0	0	0	0	0	0	0	0	0	0	0	0	0	0	0	0	0	0	89	0	0	0	0	0	0	0	0	0	0	0	0	51	0	0	0	195	0	0	0	0	26	0	0	0	0	0	0	0	12	0	0	4	0	0	0	0	0	0	0	0	0	0	0	0	0	0	0	102	0	0	1	0	0	0	0	0	113	0	43	0	0	39	7	0	0	0	0	0	0	126	0	0	0	2	0	0	0	0	0	0	11	0	37	0	0	0	0	43	66	0	0	0	0	0	4	0	4	0	0	0	41	0	0	0	51	229	0	0	46	0	0	0	0	0	0	16	0	0	172	0	0	41	0	0	0	0	88	0	0	0	28	14	0	0	54	0	0	0	0	0	0	222	190	93	115	68	125	0	60	0	88	0	0	0	102	0	259	0	0	0	0	40	0	71	0	0	0	0	0	0	0	435	0	0	0	164	49	0	40	0	105	0	36	177	0	88	0	0	0	0	0	0	0	0	73	0	0	0	134	220	0	0	0	74	33	0	122	32	0	0	0	1	0	0	0	81	0	24	64	43	23	127	81	10	0	90	57	71	152	48	0	166	0	0	15	0	0	0	163	0	0	0	116	0	97	205	0	0	20	31	5	0	136	0	0	167	9	0	31	0	0	9	17	2	144	0	83	0	0	3	0	1	0	71	0	134	0	0	100	0	87	0	40	0	0	136	30	0	0	82	0	63	20	180	0	40	77	0	0	188	53	70	47	13	0	47	39	113	248	98	0	52	0	212	150	206	74	0	90	17	52	189	51	44	130	0	91	0	92	1	73	165	86	36	133	0	0	36	115	218	0	0	0	134	269	5	89	45	33	8	51	72	41	53	0	0	0	112	0	107	0	147	52	58	28	106	81	0	34	101	64	0	164	96	16	61	0	0	104	0	0	0	47	0	0	0	84	25	0	32	3	82	82	62	40	0	0	55	110	0	0	2	0	0	233	116	81	137	50	48	31	147	101	139	0	57	66	90	48	70	10	158	86	0	0	90	0	35	33	0	0	62	0	112	122	193	35	44	0	87	0	144	216	26	0	163	54	67	150	0	201	0	88	0	0	139	0	21	31	81	93	132	35	153	15	69	121	50	11	126	5	94	245	0	129	0	104	117	139	19	0	31	155	38	58	84	68	0	142	63	0	0	98	62	95	334	24	0	124	23	88	72	143	93	49	20	245	115	189	79	123	356	32	42	25	47	232	105	29	26	46	240	0	102	48	57	80	0	33	149	149	38	42	0	51	112	303	44	45	30	45	273	281	44	43	21	105	97	26	170	146	85	137	0	32	133	36	155	101	16	265	97	161	130	41	2	98	96	24	30	99	170	47	89	114	84	3	99	205	83	206	183	178	127	98	55	189	54	168	0	65	88	86	144	87	135	0	107	0	46	137	0	6	32	192	0	136	66	134	41	79	27	358	207	165	313	0	124	124	97	151	186	91	282	25	106	64	99	73	100	50	33	74	6	78	25	38	0	135	0	100	0	27	68	69	76	51	63	142	76	42	99	184	0	86	72	32	147	64	167	73	68	156	104	186	100	88	286	56	78	114	160	38	33	87	0	101	85	4	148	82	195	38	42	98	62	39	37	29	80	47	205	94	50	52	43	52	110	109	33	52	68	128	31
41	0	0	0	0	0	0	0	0	0	0	0	0	0	0	0	0	0	0	0	0	0	0	0	0	0	0	0	0	0	0	0	0	0	0	0	0	0	0	0	0	0	0	0	0	0	0	0	0	0	0	0	0	0	0	0	0	0	0	0	0	0	0	0	0	0	0	0	0	0	0	0	0	0	0	0	0	0	0	0	0	0	0	0	0	0	0	0	0	0	0	0	0	0	0	0	0	0	0	0	0	0	0	0	0	0	0	0	0	0	0	0	0	0	0	0	0	0	0	0	0	0	0	0	0	0	0	0	0	0	0	0	0	0	0	0	0	0	0	0	0	0	0	0	0	0	0	0	0	0	0	0	0	0	0	0	0	0	0	0	0	0	0	0	0	0	0	0	0	0	0	0	0	0	0	0	0	0	0	0	0	0	0	0	0	0	0	0	0	0	0	0	0	0	0	0	0	0	0	0	3	0	0	0	0	0	0	10	0	0	0	0	0	0	0	0	0	0	11	0	0	0	0	0	0	0	0	0	0	0	0	0	0	0	0	0	0	0	0	0	0	0	0	0	0	0	0	0	0	0	0	0	0	0	0	0	0	0	0	0	0	0	0	0	0	0	0	0	0	0	0	0	0	0	0	0	0	0	0	0	0	0	0	0	0	0	0	0	0	0	0	0	0	0	0	0	0	0	1	0	0	0	0	36	0	0	0	0	0	0	0	0	0	0	0	0	0	0	31	0	0	0	0	0	0	0	0	0	0	0	51	0	0	0	0	0	0	0	0	0	0	0	0	0	0	0	0	0	0	0	0	0	0	0	0	0	0	0	0	0	0	0	0	0	0	0	18	146	0	0	0	0	0	0	0	0	0	0	0	0	0	0	0	0	0	0	0	18	0	0	0	0	0	0	0	89	0	0	0	0	0	0	0	0	0	0	0	0	91	0	0	0	27	0	0	0	0	6	0	0	0	0	0	0	0	108	0	0	0	7	0	0	0	0	0	0	0	0	0	22	0	0	0	0	11	0	0	0	0	0	0	0	0	88	0	77	0	0	81	0	0	0	0	0	0	0	52	0	0	1	51	0	0	0	0	0	3	61	0	21	0	0	0	0	77	149	0	0	0	0	0	0	0	1	0	2	14	170	0	0	0	85	79	0	0	37	0	0	0	2	0	0	209	0	0	143	0	0	25	0	39	0	0	42	0	0	0	9	22	0	0	278	0	0	0	0	0	0	424	78	77	56	40	93	0	186	0	83	0	0	0	78	0	60	0	0	0	0	270	0	37	0	0	0	0	0	0	0	139	0	0	0	33	104	0	67	0	82	0	0	13	0	153	0	0	0	0	0	0	0	0	163	0	0	0	154	2	0	0	0	176	25	0	63	112	0	0	0	0	0	0	0	68	0	18	145	40	21	82	61	35	0	18	429	83	121	61	0	47	5	0	86	30	0	0	187	0	0	0	54	0	46	42	0	0	124	147	85	0	91	29	0	218	55	0	69	0	0	98	5	18	249	0	33	0	0	292	0	141	0	79	0	10	0	0	66	0	124	0	242	0	0	49	22	0	0	34	0	31	10	226	1	33	56	0	0	19	34	35	69	23	0	176	82	55	191	63	0	111	24	44	106	83	102	0	67	195	49	54	87	367	84	0	96	0	22	6	156	66	89	268	60	0	0	0	209	41	0	0	0	82	167	0	43	86	191	5	35	86	123	82	12	0	0	40	1	64	0	107	4	36	115	230	65	0	0	55	94	0	3	284	234	56	0	0	197	0	0	0	0	0	0	0	36	39	0	24	16	27	26	9	204	21	0	134	84	154	0	146	0	0	120	104	24	98	72	55	50	51	53	212	0	124	58	30	61	68	66	76	87	0	0	59	0	22	56	0	0	71	0	255	195	6	223	33	0	159	0	119	237	81	0	55	21	99	142	0	76	0	141	0	0	115	0	57	38	82	165	149	35	32	122	143	335	59	135	111	100	112	142	0	95	0	220	59	15	0	79	143	64	30	264	36	67	0	208	95	0	0	72	240	94	63	71	0	30	59	20	178	70	131	71	62	57	31	125	92	190	95	80	224	151	18	134	199	3	100	91	269	0	134	64	36	59	0	159	181	327	83	174	0	66	66	63	74	61	124	21	126	226	83	95	184	69	134	129	106	65	260	138	0	327	63	42	35	126	48	130	78	66	22	72	214	46	216	113	95	115	168	255	104	29	39	10	55	108	50	38	53	56	103	114	44	173	113	91	0	13	12	226	77	40	35	0	11	0	56	43	0	166	36	85	0	55	31	123	62	183	89	138	113	133	94	0	55	105	18	153	157	57	97	73	113	99	17	137	43	14	32	42	98	31	76	115	0	66	0	108	0	58	37	17	25	148	38	76	228	53	86	163	0	23	184	57	142	350	104	51	6	86	44	76	254	150	360	38	286	25	176	13	58	101	0	80	86	86	105	225	165	19	239	24	104	220	266	7	209	87	59	167	17	14	131	58	34	29	167	32	206	33	106
42	0	0	0	0	0	0	0	0	0	0	0	0	0	0	0	0	0	0	0	0	0	0	0	0	0	0	0	0	0	0	0	0	0	0	0	0	0	0	0	0	0	0	0	0	0	0	0	0	0	0	0	0	0	0	0	0	0	0	0	0	0	0	0	0	0	0	0	0	0	0	0	0	0	0	0	0	0	0	0	0	0	0	0	0	0	0	0	0	0	0	0	0	0	0	0	0	0	0	0	0	0	0	0	0	0	0	0	0	0	0	0	0	0	0	0	0	0	0	0	0	0	0	0	0	0	0	0	0	0	0	0	0	0	0	0	0	0	0	0	0	0	0	0	0	0	0	0	0	0	0	0	0	0	0	0	0	0	0	0	0	0	0	0	0	0	0	0	0	0	0	0	0	0	0	0	0	0	0	1	0	0	0	0	0	0	0	0	0	0	0	0	0	0	0	0	0	0	0	0	0	0	0	0	0	0	0	0	0	0	0	0	0	0	0	0	0	0	0	0	0	0	0	0	0	0	0	0	0	0	0	0	0	0	0	0	0	0	0	0	0	0	0	0	0	0	0	0	0	0	0	0	0	0	0	0	0	0	0	0	0	0	0	0	0	0	0	0	0	0	0	0	0	0	0	0	0	0	0	0	0	0	0	0	0	0	0	0	0	0	0	0	0	0	0	0	0	0	0	0	0	0	0	0	0	0	0	0	0	0	0	0	0	0	0	0	0	0	21	0	0	0	0	0	0	0	0	0	0	0	24	0	0	0	0	0	0	0	0	0	0	0	58	0	0	0	0	0	0	0	0	0	0	0	0	0	0	0	0	0	0	0	1	0	0	0	0	67	0	0	0	0	0	0	0	0	0	0	0	0	0	0	0	0	0	0	0	0	0	0	0	0	0	0	0	198	0	0	0	0	0	0	0	0	0	0	0	0	169	0	0	0	13	0	0	0	0	0	0	0	0	0	0	0	0	40	0	0	0	13	0	0	0	0	0	0	0	0	0	3	0	0	0	0	65	0	0	0	0	0	0	0	0	41	0	25	0	0	378	8	0	0	0	0	0	0	284	0	0	0	10	0	0	0	0	0	0	77	0	20	0	0	0	0	0	83	0	0	3	0	0	0	0	0	0	0	16	89	0	0	0	49	99	1	0	98	0	0	0	0	0	0	37	0	12	112	0	0	131	0	64	0	0	132	1	0	35	22	136	0	0	48	0	0	0	0	0	0	145	111	90	71	39	118	0	134	1	76	0	0	0	80	0	100	0	0	0	0	131	0	36	0	0	0	0	0	0	0	29	0	0	0	134	65	0	10	1	278	0	23	209	0	110	0	0	0	0	1	5	0	0	94	0	0	0	113	65	0	0	0	67	228	0	31	91	0	0	0	0	0	0	0	72	0	93	47	168	12	95	190	0	0	100	9	121	80	397	0	65	0	0	32	0	0	25	124	0	0	0	140	0	32	4	0	0	18	50	50	0	59	24	0	163	0	0	16	0	0	39	0	57	32	0	60	0	0	124	0	127	0	238	0	187	0	0	243	1	195	0	144	0	0	115	1	0	0	14	0	129	77	104	0	170	183	0	39	37	53	57	265	209	0	73	33	119	168	13	3	173	0	168	101	152	46	0	35	8	51	344	98	116	90	0	69	0	18	26	127	5	192	14	65	0	0	0	80	47	0	0	0	18	37	2	57	85	106	168	275	15	132	184	4	0	0	10	0	70	0	124	208	256	70	27	42	0	27	62	287	0	94	96	66	84	0	0	212	0	0	0	27	0	0	0	215	111	0	98	0	32	99	100	25	0	0	47	46	16	0	10	0	0	58	72	255	53	198	124	61	120	251	85	0	158	77	162	29	91	40	85	35	0	0	18	0	10	116	0	0	84	0	226	113	37	19	117	0	59	0	102	32	43	0	77	71	52	337	0	89	0	8	0	0	114	0	113	147	37	70	101	40	33	52	43	113	5	21	127	0	118	123	0	68	0	103	137	91	0	9	35	138	37	153	185	73	0	133	18	0	54	201	136	51	109	194	0	100	104	310	42	190	60	196	174	64	70	103	48	147	144	135	35	73	110	39	43	78	51	248	43	0	57	149	52	29	0	95	107	156	85	5	0	39	221	89	112	69	105	10	32	60	72	96	95	196	176	17	301	40	67	64	0	27	22	156	36	106	147	190	73	111	73	160	115	64	11	8	47	65	67	109	29	206	22	121	67	43	55	121	39	107	25	14	14	70	77	187	0	196	4	33	4	157	124	0	125	0	223	4	0	39	22	47	0	31	165	26	88	149	57	188	219	246	90	0	22	137	132	71	237	118	75	41	45	4	17	36	27	2	33	102	121	231	30	134	0	71	0	69	12	129	34	17	90	106	99	49	143	81	22	242	0	79	204	66	70	196	58	44	199	26	47	80	129	52	65	58	42	112	79	75	163	119	0	115	61	105	251	90	44	138	43	104	46	80	186	54	53	129	31	68	58	32	22	211	57	61	257	66	43	67	107
43	0	0	0	0	0	0	0	0	0	0	0	0	0	0	0	0	0	0	0	0	0	0	0	0	0	0	0	0	0	0	0	0	0	0	0	0	0	0	0	0	0	0	0	0	0	0	0	0	0	0	0	0	0	0	0	0	0	0	0	0	0	0	0	0	0	0	0	0	0	0	0	0	0	0	0	0	0	0	0	0	0	0	0	0	0	0	0	0	0	0	0	0	0	0	0	0	0	0	0	0	0	0	0	0	0	0	0	0	0	0	0	0	0	0	0	0	0	0	0	0	0	0	0	0	0	0	0	0	0	0	0	0	0	0	0	0	0	0	0	0	0	0	0	0	0	0	0	0	0	0	0	0	0	0	0	0	0	0	0	0	0	0	0	0	0	0	0	0	0	0	0	0	0	0	0	0	0	0	0	0	0	0	0	0	0	0	0	0	0	0	0	0	0	0	0	0	0	0	0	0	0	0	0	0	0	0	0	0	0	0	0	0	0	0	0	0	0	87	0	0	0	0	0	0	0	0	0	0	0	0	0	0	0	0	0	0	0	0	0	0	0	0	0	0	0	0	0	0	0	1	0	0	0	0	0	0	0	0	159	0	0	0	0	0	0	0	0	0	0	0	0	0	0	0	0	0	0	0	0	0	0	0	0	0	0	0	0	0	0	0	0	0	0	0	0	0	0	0	0	0	0	0	0	0	0	0	0	0	0	0	0	0	0	0	0	0	0	100	0	0	0	5	0	0	0	0	3	0	0	16	0	0	0	0	0	0	0	0	0	0	0	0	0	0	0	0	0	0	0	0	0	0	0	0	0	0	0	0	0	0	0	0	0	0	0	11	230	0	0	0	0	0	0	0	0	0	0	0	0	0	0	9	0	0	0	0	0	0	0	0	0	0	0	0	113	0	0	0	0	0	0	0	100	0	0	0	0	57	0	0	0	28	0	0	0	0	20	0	0	0	0	1	0	0	218	0	0	0	0	0	77	0	5	0	0	0	0	0	0	0	0	0	0	18	1	0	0	0	0	0	0	0	119	0	150	5	0	33	0	0	0	0	0	0	0	63	0	0	0	15	0	0	0	0	0	0	0	0	36	0	0	0	0	184	23	0	0	0	0	0	0	0	0	0	0	0	51	0	0	0	99	65	0	0	212	0	0	0	0	0	0	1	0	0	110	0	0	40	0	35	0	4	100	65	0	7	7	31	0	0	100	0	0	0	0	0	0	46	41	80	57	235	35	0	124	0	79	0	0	0	131	0	186	0	0	0	0	62	0	109	0	0	0	0	0	0	0	147	0	0	0	0	24	0	65	0	42	0	124	91	0	165	0	0	0	0	0	0	0	0	46	0	0	0	109	0	0	0	0	95	177	0	39	59	0	0	0	0	0	0	0	170	0	65	132	86	114	95	155	0	0	35	14	168	114	110	0	80	0	0	68	0	0	16	46	0	0	0	19	0	82	169	0	0	43	60	53	0	72	1	1	35	0	0	130	0	0	58	0	4	116	0	133	0	0	291	0	46	0	57	13	70	0	0	155	0	170	18	116	0	0	17	0	0	0	65	0	20	76	45	0	33	56	0	0	29	11	30	79	65	0	17	119	34	279	37	0	32	0	149	134	12	27	18	42	41	149	94	149	43	74	0	68	0	58	35	43	42	144	132	9	0	0	0	124	76	0	0	0	115	51	0	51	117	89	50	214	35	28	59	14	0	0	63	0	94	0	266	284	70	22	15	61	0	137	12	66	0	87	144	27	1	0	0	166	0	0	0	0	0	0	0	45	135	0	100	0	216	69	20	48	0	0	263	60	110	0	15	0	0	78	45	72	66	77	35	228	26	59	82	23	81	20	78	32	49	16	55	182	0	0	236	0	254	89	0	0	87	0	120	87	287	147	53	0	45	0	89	20	82	0	47	168	68	133	0	138	1	155	0	33	41	0	85	51	56	207	56	135	48	90	16	221	45	124	48	15	5	159	196	36	0	28	41	67	0	34	207	49	32	34	75	100	1	146	55	0	0	280	35	41	97	160	0	88	145	131	184	85	185	82	63	123	34	42	152	192	85	61	20	100	6	47	96	102	87	150	197	0	380	167	132	37	0	335	66	198	98	198	0	104	26	91	208	46	71	124	231	244	148	98	26	36	77	169	61	137	84	31	0	14	30	327	66	40	154	67	304	148	32	204	14	3	274	162	46	200	80	91	102	174	17	11	97	171	225	143	30	131	10	273	43	154	161	17	0	45	41	227	52	194	178	0	50	25	147	113	0	9	273	63	0	44	42	148	86	153	32	144	15	53	44	0	14	124	150	15	192	138	78	99	74	145	26	89	116	139	33	120	52	35	390	65	0	65	0	143	57	136	72	81	78	35	148	97	38	61	147	171	0	84	232	10	92	121	186	117	134	24	150	59	14	107	78	148	118	71	8	199	7	13	0	29	127	163	54	11	195	20	95	227	110	83	259	105	122	110	73	316	139	43	37	60	60	55	91	99	76	213	41
44	0	0	0	0	0	0	0	0	5	0	0	0	0	0	0	0	0	0	0	0	0	0	0	0	0	0	0	0	0	0	0	0	0	0	0	0	0	0	0	0	0	0	0	0	0	0	0	0	0	0	0	0	0	0	0	0	0	0	0	0	0	0	0	0	0	0	0	0	0	0	0	0	0	0	0	0	0	0	0	0	0	0	0	0	0	0	0	0	0	0	0	0	0	0	0	0	0	0	0	0	0	0	0	0	0	0	0	0	0	0	0	0	0	0	0	0	0	0	0	0	0	0	0	0	0	0	0	0	0	0	0	0	0	0	0	0	0	0	0	0	0	0	0	0	0	0	0	0	0	0	0	0	0	0	0	0	0	0	0	0	0	0	0	0	0	0	0	0	0	0	0	0	0	0	0	0	0	0	0	0	0	0	0	0	0	0	0	0	0	0	0	0	0	0	0	0	0	0	0	0	0	0	0	0	0	0	0	0	0	0	0	0	0	0	0	0	0	5	0	0	0	0	0	0	0	0	0	0	0	0	0	0	0	0	0	0	0	0	0	0	0	0	0	0	0	0	0	0	0	0	0	0	0	0	0	0	0	0	25	0	0	0	0	0	0	0	0	0	0	0	0	0	0	0	0	0	0	0	0	0	0	0	0	0	0	0	0	0	0	0	0	0	0	0	0	0	0	0	0	0	0	2	0	0	0	0	0	0	0	0	0	0	0	0	0	0	0	8	0	0	0	0	0	0	0	0	0	0	0	109	0	0	0	0	0	0	0	42	0	0	0	0	0	0	0	0	0	0	0	0	0	0	2	0	0	0	0	3	0	0	0	0	0	0	0	41	125	0	0	0	0	0	0	0	0	0	0	0	0	0	0	0	0	0	0	0	0	0	0	0	0	0	0	0	54	0	0	0	0	0	0	0	43	0	0	0	0	138	0	0	5	175	0	0	0	0	67	0	0	0	0	2	0	0	26	0	0	0	0	0	19	0	0	0	0	0	0	4	0	0	0	0	0	25	0	0	0	0	0	0	0	55	36	0	143	0	0	275	0	0	0	0	0	0	0	14	0	0	0	46	0	0	0	0	0	0	23	0	50	0	0	0	0	38	20	0	0	3	0	0	0	0	0	0	0	0	33	0	0	0	141	68	0	0	30	0	15	0	120	85	0	378	0	0	74	0	0	124	0	1	0	0	57	0	0	28	65	53	0	0	79	0	0	0	0	0	0	100	189	44	62	225	179	0	59	0	120	0	0	0	47	0	52	0	0	0	0	38	0	145	0	0	1	0	0	0	0	43	0	0	0	38	73	0	86	0	10	0	77	20	0	37	0	0	0	0	0	0	0	0	84	0	0	16	35	29	0	7	0	16	190	0	111	98	0	0	0	0	0	0	0	281	0	77	238	310	94	40	61	2	0	236	176	55	386	227	0	87	0	0	46	0	0	0	42	49	0	0	20	0	29	41	0	0	14	141	95	0	189	46	0	54	0	0	37	0	0	30	3	103	78	0	44	0	0	207	0	121	0	218	71	84	0	0	245	216	192	0	20	0	0	373	0	0	0	84	0	87	21	49	0	95	67	0	6	29	33	133	54	67	0	21	48	103	119	1	131	31	0	243	230	39	152	0	61	221	20	320	68	31	140	18	125	0	119	0	323	99	84	167	1	0	0	0	33	44	0	0	0	84	189	0	13	229	37	103	47	421	55	25	22	0	0	29	0	60	0	118	87	118	160	203	48	0	111	30	75	0	90	142	128	69	0	0	261	0	0	0	0	0	0	0	43	74	0	85	16	133	135	75	72	0	0	56	63	9	0	29	0	0	55	74	59	101	163	44	48	271	77	58	0	160	123	68	120	92	63	180	50	0	0	109	0	132	154	0	0	81	0	166	69	86	158	53	0	147	0	92	89	141	0	86	226	134	93	0	97	0	120	0	0	140	0	119	71	26	239	89	127	52	52	73	159	62	64	115	21	22	77	0	57	0	11	24	155	0	11	99	47	165	73	210	124	0	166	93	0	0	64	103	56	58	83	8	13	28	102	215	209	86	61	310	107	231	109	162	105	65	271	110	61	71	291	66	9	88	54	58	0	324	71	20	80	0	79	37	44	91	353	1	76	64	97	147	207	55	45	184	126	214	10	197	46	270	16	90	163	87	22	0	25	170	22	63	169	177	21	74	58	103	16	104	72	59	123	137	150	128	89	69	251	152	69	87	189	337	27	26	182	78	147	156	67	15	146	0	32	0	52	77	150	111	3	63	0	37	169	0	84	106	88	18	99	150	31	211	47	55	156	57	76	213	11	154	126	127	105	110	155	76	47	233	27	210	58	76	5	182	116	96	53	135	83	0	108	0	53	0	217	111	102	15	81	58	274	49	78	8	157	0	88	172	48	152	55	56	67	80	81	32	4	92	71	37	194	129	85	138	277	7	177	0	23	62	187	32	174	30	56	181	101	190	43	133	45	74	111	100	181	69	115	49	118	20	54	33	70	55	75	233
45	0	0	0	0	0	0	0	0	0	0	0	0	0	0	0	0	0	0	0	0	0	0	0	0	0	0	0	0	0	0	0	0	0	0	0	0	0	0	0	0	0	0	0	0	0	0	0	0	0	0	0	0	0	0	0	0	0	0	0	0	0	0	0	0	0	0	0	0	0	0	0	0	0	0	0	0	0	0	0	0	0	0	0	0	13	0	0	0	0	0	0	0	0	0	0	0	0	0	0	0	0	0	0	0	0	0	0	0	0	0	0	0	0	0	0	0	0	0	0	0	0	0	0	0	15	0	0	0	0	0	0	0	0	0	0	0	0	0	0	0	0	0	0	0	0	0	0	0	0	0	0	0	0	0	0	0	0	0	0	0	0	0	0	0	0	0	0	0	0	0	0	0	0	0	0	0	0	0	0	0	0	0	0	0	0	0	0	0	0	0	0	0	0	0	0	0	0	0	0	0	0	0	0	0	0	0	0	0	0	0	0	0	0	0	0	0	0	28	0	0	0	0	0	0	0	0	0	0	0	0	0	0	0	0	0	0	0	0	0	0	0	0	0	0	0	0	0	0	0	0	1	0	0	0	0	0	0	0	11	0	0	0	0	0	0	0	0	20	0	0	0	0	0	0	0	0	0	0	0	0	0	0	0	0	0	0	0	0	0	0	0	0	0	0	33	0	0	0	0	0	0	0	0	0	0	0	0	0	0	0	0	0	0	0	0	0	0	7	0	0	0	9	0	0	0	0	1	0	0	61	0	0	1	0	0	0	0	0	0	0	0	0	0	0	0	0	0	0	0	0	0	0	0	0	0	0	0	0	0	0	0	0	0	0	0	0	57	0	0	0	0	0	0	0	0	0	0	0	0	0	0	0	0	0	0	0	0	0	0	0	0	0	0	0	51	0	0	0	0	0	0	0	0	11	0	0	0	123	0	0	0	33	0	0	0	0	0	0	0	0	0	0	0	0	47	0	0	0	21	0	0	0	0	0	0	0	0	0	0	0	0	0	0	129	0	0	0	0	0	0	0	0	72	0	61	0	0	159	40	0	0	0	0	0	0	103	0	0	0	28	0	0	0	0	0	0	0	0	75	0	0	0	0	120	191	0	0	82	0	0	11	0	0	19	0	0	107	0	0	0	133	21	0	0	109	0	45	0	3	2	0	114	0	0	124	0	0	207	0	3	0	9	188	47	0	8	131	10	0	0	30	0	0	0	0	0	0	180	57	89	32	91	42	0	30	2	90	0	0	0	107	0	132	0	0	0	0	59	0	92	0	0	0	0	0	0	0	122	0	0	0	101	52	0	46	0	174	0	0	258	0	130	0	0	0	0	0	0	0	0	59	0	0	23	53	90	0	0	0	252	123	0	19	200	0	0	0	0	0	0	0	51	0	46	218	155	93	65	21	157	0	265	281	65	170	107	0	157	0	0	84	0	0	0	93	2	0	0	60	0	103	5	4	0	70	7	37	0	150	8	0	25	30	0	7	0	0	32	0	24	219	0	115	0	0	41	0	4	0	204	0	142	0	0	370	31	63	0	40	0	0	69	0	0	0	122	0	138	0	26	0	92	139	0	0	237	125	138	173	70	0	72	121	67	18	91	7	263	0	49	89	88	444	0	70	58	3	34	138	47	29	0	216	0	7	0	151	93	62	85	4	0	0	0	90	88	0	0	0	144	50	0	177	63	23	34	62	30	110	72	7	0	0	182	0	132	0	13	123	166	220	53	9	0	75	46	95	20	64	59	31	37	0	0	79	0	0	0	325	0	0	2	154	72	0	420	17	39	133	33	135	17	0	114	144	30	0	80	0	0	40	117	70	68	40	26	27	68	137	93	82	0	62	224	130	44	161	175	49	0	0	91	0	182	42	0	0	65	0	214	56	23	29	104	0	154	0	73	136	260	27	75	319	117	115	0	233	0	426	0	48	60	0	36	88	106	17	71	120	68	49	83	125	235	108	140	0	82	49	0	187	0	43	51	140	0	50	326	46	113	98	75	219	0	67	107	0	0	151	139	69	53	108	0	98	58	78	162	82	176	150	92	101	63	56	131	355	219	116	129	212	123	28	59	125	92	83	78	0	94	44	88	101	0	49	86	6	144	72	0	259	102	86	29	165	124	207	184	188	351	158	97	136	49	179	79	63	90	133	0	95	55	321	92	172	71	37	125	4	38	60	76	44	72	153	24	85	150	24	81	30	18	9	76	208	74	43	33	64	72	72	140	43	57	129	0	81	19	129	124	68	63	0	57	0	112	62	0	141	40	48	0	53	112	57	161	9	159	66	209	61	66	0	289	61	21	41	65	111	32	223	27	85	133	47	18	55	4	45	42	14	57	83	0	23	0	37	16	125	22	7	81	210	140	89	2	43	179	76	13	98	163	169	39	153	13	76	48	87	78	267	110	57	17	75	13	73	13	57	24	118	0	43	50	198	182	56	27	2	178	28	102	135	153	53	100	257	102	140	35	30	272	237	83	106	23	412	116	247	144
46	0	0	0	0	0	0	0	0	0	0	0	0	0	0	0	0	0	0	0	0	0	0	0	0	0	0	0	0	0	0	0	0	0	0	0	0	0	0	0	0	0	0	0	0	0	0	0	0	0	0	0	0	0	0	0	0	0	0	0	0	0	0	0	0	0	0	0	0	0	0	0	0	0	0	0	0	0	0	0	0	0	0	0	0	0	0	0	0	0	0	0	0	0	0	0	0	0	0	0	0	0	0	0	0	0	0	0	0	0	0	0	0	0	0	0	0	0	0	0	0	0	0	0	0	6	0	0	0	0	0	0	0	0	0	0	0	0	0	0	0	0	0	0	0	0	0	0	0	0	0	0	0	0	0	0	0	0	0	0	0	0	0	0	0	0	0	0	0	0	0	0	0	0	0	0	0	0	0	0	0	6	0	0	0	0	0	0	0	0	0	0	0	0	0	0	0	0	0	0	0	0	0	0	0	0	0	0	0	0	0	0	0	0	0	0	0	0	0	0	0	0	0	0	0	0	0	0	0	0	0	0	0	0	0	0	0	0	0	0	0	0	0	0	0	0	0	0	0	0	0	0	0	0	0	0	0	0	0	0	2	0	0	0	0	0	0	0	0	0	0	0	0	0	0	0	0	0	0	0	0	0	0	0	0	0	0	0	0	0	0	0	0	0	0	0	0	0	0	0	0	0	0	0	0	0	0	0	0	0	0	0	0	0	0	0	0	0	0	0	0	0	0	0	0	0	0	20	0	0	88	0	0	0	0	0	0	0	0	0	0	0	0	0	0	0	0	0	0	0	0	0	0	0	0	0	0	0	0	0	0	0	0	0	0	0	0	79	0	0	0	0	0	0	0	0	0	0	0	0	0	0	0	0	0	0	0	0	0	0	0	0	0	0	0	146	0	0	0	0	0	0	0	0	0	0	0	2	25	0	0	0	41	0	0	0	0	0	0	0	0	0	0	1	0	214	0	0	0	0	0	0	0	0	0	0	0	0	0	0	0	0	0	0	44	0	0	0	0	0	0	0	0	92	0	35	0	0	95	0	0	0	0	0	0	0	108	0	0	0	13	0	0	0	0	0	0	0	0	9	0	0	0	0	0	30	0	0	0	0	0	43	0	0	0	0	135	58	0	0	0	51	253	0	0	39	0	0	0	0	0	0	36	0	0	92	0	0	117	0	0	0	0	134	9	0	8	22	103	0	0	103	0	0	0	0	0	0	59	13	44	48	77	77	0	49	0	159	0	0	0	42	0	98	0	0	0	0	154	0	136	0	0	0	0	0	13	0	193	0	0	0	22	50	0	99	0	38	0	0	135	0	140	0	0	0	0	0	0	0	0	88	0	0	0	84	0	0	0	0	111	57	0	42	58	0	0	0	0	0	0	0	80	0	76	29	142	148	93	69	0	0	54	82	103	28	69	0	313	0	0	200	2	0	0	40	0	0	0	97	0	80	20	0	0	181	89	84	0	194	0	0	48	0	0	170	0	0	46	0	9	102	0	220	0	0	19	0	125	0	185	0	133	0	0	30	0	21	0	144	0	0	77	0	0	0	166	0	58	1	26	0	97	58	0	0	73	140	34	76	254	0	39	122	179	26	27	29	51	0	64	191	117	24	0	35	141	289	33	118	152	49	0	49	0	41	0	59	129	21	67	0	0	0	0	117	88	0	0	0	24	252	0	62	59	112	70	328	45	112	35	0	0	0	271	0	82	0	2	84	19	190	315	145	0	82	375	37	0	124	70	117	6	0	0	28	0	0	29	146	0	0	0	59	78	0	182	0	65	172	181	115	11	0	272	137	16	22	24	0	0	258	213	31	24	172	96	21	28	207	162	79	9	112	78	141	97	129	21	83	0	0	147	0	13	105	0	0	128	0	79	78	60	112	215	0	19	0	11	24	115	0	49	184	48	247	0	20	50	237	0	0	117	0	23	319	39	82	55	59	83	63	56	72	82	208	78	0	77	112	0	152	0	159	68	145	0	33	129	103	71	77	71	140	16	40	48	0	1	131	212	215	84	4	0	40	62	41	248	15	102	117	127	123	44	44	50	115	84	24	121	147	184	60	77	34	73	62	29	0	244	66	119	94	0	15	121	86	38	30	0	143	70	151	62	58	137	28	136	102	141	134	115	92	106	244	109	257	117	59	0	82	76	127	215	82	132	167	14	56	140	237	135	88	25	59	174	32	153	65	61	53	89	54	147	137	103	22	72	52	35	90	40	63	3	93	0	28	20	106	159	78	232	0	43	0	37	83	0	41	158	112	0	115	107	55	37	128	95	103	78	119	131	0	81	78	24	40	203	165	57	260	10	159	107	168	128	98	36	39	152	87	142	120	0	82	0	152	0	67	105	73	89	74	146	8	156	82	83	174	0	3	154	42	66	115	17	97	51	119	93	106	95	59	95	54	106	96	190	39	40	53	0	67	153	36	25	59	55	45	26	32	94	86	87	42	136	33	137	55	180	83	56	113	23	32	13	173	53	175	238
47	0	0	0	0	0	0	0	0	0	0	0	0	0	0	0	0	0	0	0	0	0	0	0	0	0	0	0	0	0	0	0	0	0	0	0	0	0	0	0	0	0	0	0	0	0	0	0	0	0	0	0	0	0	0	0	0	0	0	0	0	0	0	0	0	0	0	0	0	0	0	0	0	0	0	0	0	0	0	0	0	0	0	52	0	0	0	0	0	0	0	0	0	0	0	0	0	0	0	0	0	0	0	0	0	0	0	0	0	0	0	0	0	0	0	0	0	0	0	0	0	0	0	0	0	0	0	0	0	0	0	0	0	0	0	0	0	0	0	0	0	0	0	0	0	0	0	59	0	0	0	0	0	0	0	0	0	0	0	0	0	0	0	0	0	0	0	0	0	0	0	0	0	0	0	0	0	0	0	0	0	0	0	0	0	0	0	0	0	0	0	0	0	0	0	0	0	0	0	0	0	0	0	0	0	0	0	0	0	0	0	0	0	0	0	0	0	0	0	0	0	0	0	0	0	0	0	0	0	0	0	0	0	0	0	0	0	0	0	0	0	0	0	0	0	0	0	0	0	0	0	14	0	0	0	0	0	0	0	0	0	35	0	0	0	0	0	0	0	0	0	0	0	0	0	0	0	0	0	0	0	0	0	0	0	0	0	0	0	0	0	0	0	0	0	0	0	0	0	0	0	0	0	0	0	0	0	0	0	0	0	0	0	0	0	0	0	0	37	0	0	0	0	0	0	0	0	0	0	0	54	0	0	0	0	6	0	0	0	0	0	0	0	0	0	0	0	0	0	0	0	0	15	0	0	0	0	0	0	0	0	0	0	0	0	0	0	19	0	0	0	0	0	0	0	0	0	0	0	0	0	0	0	0	0	0	0	0	0	0	0	0	0	0	0	109	0	0	0	0	0	0	0	0	0	0	0	0	88	0	0	0	55	0	0	0	0	0	0	0	0	0	0	0	0	48	0	0	0	0	0	0	0	0	0	0	0	0	0	0	0	0	0	0	118	0	0	0	0	0	0	0	0	44	0	116	0	0	195	11	0	0	0	0	0	0	213	0	0	0	0	0	0	0	0	0	0	0	0	24	0	1	0	0	0	56	0	0	0	0	0	2	0	0	0	0	0	37	0	0	0	226	39	0	2	1	0	0	0	38	0	0	7	0	0	126	0	3	92	0	0	0	39	106	0	0	4	31	139	0	0	21	18	0	0	0	0	0	65	9	225	99	22	15	0	59	0	81	0	0	0	155	0	215	0	0	0	0	43	0	111	0	0	12	0	0	0	0	80	0	0	0	20	56	0	32	0	183	0	0	60	0	222	0	0	0	0	0	0	0	0	11	0	0	0	48	8	0	0	0	284	38	0	109	28	0	0	0	0	0	0	0	64	0	40	67	45	7	31	15	0	0	127	60	17	92	47	0	69	0	0	37	0	0	0	36	0	0	0	76	0	31	78	0	0	56	8	30	0	102	0	10	28	0	0	139	0	0	313	0	21	67	0	157	0	0	135	0	254	0	117	0	90	0	0	163	6	126	0	128	0	0	82	0	0	0	74	0	63	39	23	0	46	46	60	0	157	291	250	102	23	0	107	158	50	38	1	0	57	0	54	91	108	60	0	131	224	59	90	115	72	100	0	108	0	10	0	31	76	31	62	0	0	0	0	67	293	0	0	0	0	124	9	153	30	140	237	105	236	75	131	0	0	0	120	0	76	0	37	9	101	39	29	184	0	34	101	87	0	73	144	290	22	0	0	41	0	0	0	0	0	0	0	205	9	0	86	52	82	17	89	154	7	0	78	115	4	0	0	0	0	152	69	22	243	98	78	1	122	75	32	0	150	23	170	89	72	67	121	98	0	0	163	0	84	57	0	0	98	0	262	48	18	64	62	0	128	0	53	82	132	0	204	16	182	114	0	16	0	256	0	0	89	0	65	33	112	14	74	146	38	84	63	74	221	55	53	0	313	25	2	138	0	107	90	86	0	24	49	7	144	85	45	99	0	155	60	0	2	92	62	129	32	59	0	106	85	192	105	43	73	37	176	93	128	220	21	90	259	347	64	49	154	69	111	146	65	12	99	0	77	90	104	23	0	363	72	3	122	204	0	12	63	103	25	61	171	92	73	93	60	18	122	125	79	141	97	77	15	120	0	37	40	102	23	282	169	91	105	17	87	156	11	55	136	43	221	62	256	38	51	116	158	0	52	45	42	91	96	129	155	27	127	49	0	300	0	124	0	198	163	142	203	0	22	0	16	112	0	93	136	183	0	170	67	100	50	56	224	162	164	122	56	0	26	71	182	156	86	105	123	14	19	28	44	68	187	116	102	38	166	135	81	105	0	126	0	25	9	181	27	97	181	99	27	37	283	35	39	174	0	205	241	61	78	69	41	63	123	94	128	63	98	31	87	182	131	83	84	181	69	109	0	143	44	8	65	32	45	384	67	447	52	175	83	84	75	185	120	42	109	27	10	220	85	64	160	158	44	59	235
48	0	0	0	0	0	0	0	0	0	0	0	0	0	0	0	0	0	0	0	0	0	0	0	0	0	0	0	0	0	0	0	0	0	0	0	0	0	0	0	0	0	0	0	0	0	0	0	0	0	0	0	0	0	0	0	0	0	0	0	0	0	0	0	0	0	0	0	0	0	0	0	0	0	0	0	0	0	0	0	0	0	0	0	0	0	0	0	0	0	0	0	0	0	0	0	0	0	0	0	0	0	0	0	0	0	0	0	0	0	0	0	0	0	0	0	0	0	0	0	0	0	0	0	0	0	0	0	0	0	0	0	0	0	0	0	0	0	0	0	0	0	0	0	0	0	0	0	0	0	0	0	25	0	0	0	0	0	0	0	0	0	0	0	0	0	0	0	0	0	0	0	0	0	0	0	0	0	0	0	0	0	0	0	0	0	0	0	0	0	0	0	0	0	0	0	0	0	0	0	0	0	0	0	0	0	0	0	0	0	0	0	0	0	0	0	0	0	0	0	0	0	0	0	0	0	0	0	0	0	0	0	0	0	0	0	0	0	0	0	0	0	0	0	0	0	0	0	0	0	0	0	0	0	0	0	0	0	0	0	0	0	0	0	0	0	0	0	0	0	0	0	0	0	0	0	0	0	0	0	0	0	0	0	0	0	0	0	0	0	0	0	0	0	0	0	0	0	0	0	0	0	0	0	0	0	0	0	0	0	0	0	0	0	0	0	0	0	0	0	0	0	0	0	0	0	0	0	0	0	209	0	0	0	0	0	0	0	0	0	0	0	0	0	0	0	0	0	0	0	0	0	0	0	0	0	0	0	0	0	0	0	0	0	0	0	47	58	0	0	0	0	0	0	0	0	0	0	0	0	0	0	0	0	0	0	0	0	0	0	0	0	0	0	0	2	0	0	0	0	0	4	0	3	0	0	11	0	19	0	0	0	157	0	0	0	0	5	0	0	0	0	0	0	0	243	0	0	1	0	0	3	0	0	0	0	0	0	0	0	0	0	0	0	43	0	0	0	0	0	0	0	2	39	0	172	0	0	61	8	0	0	0	9	0	24	101	0	0	0	0	0	0	0	0	0	0	10	0	123	0	0	0	0	107	42	0	0	7	0	0	0	0	0	0	0	97	29	0	0	0	171	92	0	0	4	0	0	0	19	7	0	29	0	0	68	0	0	76	0	135	0	4	122	19	0	0	62	330	0	0	135	0	0	0	0	0	0	103	151	42	77	9	77	0	97	0	15	0	0	124	64	0	19	0	1	0	0	117	0	91	0	0	0	0	0	0	0	55	0	0	0	76	24	0	33	0	50	0	59	80	0	26	0	0	0	0	0	0	0	0	53	0	0	0	19	125	0	32	12	28	146	0	111	58	0	6	0	0	0	0	0	108	0	249	77	80	152	96	42	47	0	175	47	75	79	158	0	88	0	0	203	0	0	0	178	0	0	0	109	0	113	100	0	0	57	99	172	0	56	0	0	192	0	0	135	0	0	76	61	1	35	0	135	0	0	116	0	146	0	94	174	139	0	0	143	25	87	0	55	0	0	290	0	0	0	121	0	85	0	70	0	231	61	23	0	181	18	76	158	79	0	147	77	81	27	149	5	82	25	53	124	84	46	0	69	42	31	128	157	146	225	0	76	0	26	32	237	105	147	25	36	0	0	0	22	135	0	0	0	63	90	0	70	227	80	56	50	119	97	240	0	0	0	82	0	38	0	55	19	79	74	274	74	0	115	68	34	0	187	88	72	98	0	0	7	0	0	0	60	0	0	0	70	14	0	62	20	75	96	104	19	9	0	81	3	84	0	63	0	0	151	128	448	36	153	77	194	119	182	177	0	138	173	27	97	86	201	176	133	0	0	126	0	57	53	0	0	132	0	269	263	76	138	37	0	30	0	147	165	6	0	106	33	58	127	0	59	0	165	0	136	218	0	79	134	86	56	28	72	107	38	29	48	79	108	225	133	74	290	4	31	0	153	280	28	0	130	346	99	104	79	255	156	0	100	59	0	0	44	83	92	49	81	0	21	244	213	94	118	481	53	55	32	118	108	56	68	109	195	71	84	122	84	258	23	79	32	178	0	170	64	284	119	0	176	135	80	84	6	0	102	65	79	101	80	69	51	3	35	62	182	86	66	74	196	73	159	66	143	0	32	203	139	145	26	22	70	118	125	258	44	194	17	146	35	46	35	80	159	15	93	130	35	124	79	21	164	129	111	46	78	146	87	92	382	0	59	0	165	225	36	48	0	238	0	210	20	0	135	104	33	0	47	170	92	68	301	69	36	185	96	47	0	77	170	243	44	98	62	91	48	62	67	96	56	69	106	221	405	90	60	87	92	0	181	0	202	1	108	192	79	46	122	41	124	45	23	91	102	1	146	67	135	36	118	118	51	45	166	199	29	176	20	18	174	182	122	248	90	25	95	0	434	273	60	81	75	58	66	180	100	14	39	210	45	213	81	93	12	85	120	52	25	26	113	214	56	25	12	88
49	0	0	0	0	0	0	0	0	0	0	0	0	0	0	0	0	0	0	0	0	0	0	0	0	0	0	0	0	0	0	0	0	0	0	0	0	0	0	0	0	0	0	0	0	0	0	0	0	0	0	0	0	0	0	0	0	0	0	0	0	0	0	0	0	0	0	0	0	0	0	0	0	0	0	0	0	0	0	0	0	0	0	0	0	0	0	0	0	0	0	0	0	0	0	0	0	0	0	0	0	0	0	0	0	0	0	0	0	0	0	0	0	0	0	0	0	0	0	0	0	0	0	0	0	0	0	0	0	0	0	0	0	0	0	0	0	0	0	0	0	0	0	0	0	0	0	0	0	0	0	0	0	0	0	0	0	0	0	0	0	0	0	0	0	0	0	0	0	0	0	0	0	0	0	0	0	0	0	0	0	0	0	0	0	0	0	0	0	0	0	0	0	0	0	0	0	0	0	0	0	0	0	0	0	0	0	0	0	0	0	0	0	0	0	0	0	0	0	0	0	0	0	0	0	0	0	0	0	0	0	0	0	0	0	0	0	0	8	0	0	0	0	0	0	0	0	0	0	0	0	0	0	0	0	0	0	0	0	0	0	0	0	0	0	0	0	0	0	0	0	0	0	0	0	0	0	0	0	0	0	0	0	0	0	0	0	0	0	0	0	0	0	0	0	102	0	0	0	0	0	0	0	0	0	0	0	0	0	0	0	0	0	0	0	0	0	0	19	0	0	0	0	0	0	0	0	13	0	0	2	0	0	0	0	0	0	0	0	0	0	0	0	0	0	0	0	0	0	0	0	0	0	0	0	0	0	0	0	0	0	0	0	0	0	0	0	25	0	0	0	0	0	0	0	0	0	0	125	0	17	0	0	0	0	0	0	0	0	0	0	0	0	0	0	94	0	0	0	0	0	0	0	0	0	0	0	0	175	0	2	0	34	0	0	0	0	0	0	0	0	0	0	0	0	65	0	0	0	45	0	0	0	0	0	0	0	0	0	0	0	0	0	0	40	0	0	0	0	0	0	0	1	63	0	269	0	0	60	0	0	0	0	0	0	0	221	0	0	0	0	0	0	0	0	0	0	0	0	125	0	0	0	0	0	59	0	0	0	0	0	1	0	16	0	0	74	160	0	0	0	265	87	0	0	5	0	0	0	0	6	0	40	0	0	302	0	0	66	0	0	0	0	38	0	0	5	0	102	0	0	122	0	0	0	0	0	0	98	48	213	74	97	132	0	22	0	138	0	0	22	121	0	8	0	0	0	0	26	0	84	0	0	0	0	0	0	0	24	0	0	0	93	29	0	51	0	17	0	76	78	0	83	0	0	0	0	0	0	0	0	19	0	0	0	185	66	0	0	0	25	33	0	89	189	0	0	0	1	0	0	0	8	0	125	23	51	25	108	241	0	0	152	96	78	82	37	0	187	0	0	115	0	0	3	109	0	0	0	38	0	111	31	0	0	43	56	47	0	405	0	0	113	78	0	321	0	0	137	65	2	50	0	194	0	0	193	0	46	0	31	0	355	0	0	74	121	26	0	79	0	0	154	102	0	0	26	0	47	79	97	0	68	76	0	0	188	91	129	149	11	0	249	208	79	62	59	75	38	0	157	230	194	132	0	153	169	94	28	64	56	147	0	62	0	2	1	4	29	82	21	1	0	0	0	28	171	0	0	0	13	11	17	150	131	221	20	98	203	3	45	0	0	0	14	0	90	0	143	70	35	45	25	72	0	47	17	89	0	56	236	53	31	0	0	64	0	0	0	16	0	0	0	42	71	0	181	52	284	133	60	48	0	0	261	81	28	0	75	0	0	191	81	6	172	66	76	203	93	27	85	6	107	53	56	87	64	38	5	26	0	0	71	0	71	28	0	0	19	0	137	56	274	214	35	0	35	0	18	119	23	0	111	332	86	78	0	71	0	160	0	3	58	0	30	40	36	75	30	168	113	113	72	4	195	157	17	57	72	219	0	88	0	80	35	107	0	41	141	55	32	49	43	23	0	9	32	0	8	68	225	143	66	294	0	166	313	21	111	14	136	66	79	44	196	18	111	35	84	0	371	63	31	186	8	65	212	204	44	0	63	134	17	45	0	107	151	80	69	136	0	56	45	54	18	111	426	87	158	32	147	60	168	121	75	131	102	114	66	74	0	152	41	48	46	108	73	136	150	80	55	60	134	91	93	191	49	116	19	135	47	53	132	30	45	99	244	19	85	102	105	22	43	112	85	206	0	125	9	121	117	29	28	0	24	0	15	95	0	39	10	309	0	20	48	65	9	36	235	23	289	30	67	1	117	172	102	126	38	153	153	87	398	66	15	65	121	47	136	110	14	97	156	74	0	38	0	66	0	148	79	108	173	129	474	143	86	141	154	82	0	45	143	256	105	29	269	119	53	26	11	64	24	245	66	164	97	23	85	99	88	17	0	2	53	186	7	93	46	39	171	33	120	37	87	116	61	21	66	52	124	55	98	85	113	259	202	70	66	12	160
50	0	0	0	0	0	0	0	0	0	0	0	0	0	0	0	0	0	0	0	22	0	0	0	0	0	0	0	0	0	0	0	0	0	0	0	0	0	0	0	0	0	6	0	0	0	0	0	0	0	0	0	0	0	0	0	0	0	0	0	0	0	0	0	0	0	0	0	0	0	0	0	0	0	0	0	0	0	0	0	0	0	0	0	0	0	0	0	0	0	0	0	0	0	0	0	0	0	0	0	0	0	0	0	0	0	0	0	0	0	0	0	0	0	0	0	0	0	0	0	0	0	0	0	0	0	0	0	0	0	0	0	0	0	0	0	0	0	0	0	0	0	0	0	0	109	0	0	0	0	0	0	0	0	0	0	0	0	0	0	0	0	0	0	0	0	0	0	0	0	0	0	0	0	0	0	0	0	0	0	0	0	0	0	0	0	0	0	0	0	0	0	0	0	0	0	0	0	0	0	0	0	0	0	0	0	0	0	0	0	0	0	0	0	0	0	0	0	0	0	0	0	0	0	0	0	0	0	0	0	0	0	0	0	0	0	0	0	0	0	0	0	0	0	0	0	0	0	0	0	0	0	0	0	0	0	0	0	0	35	0	0	0	0	0	0	0	0	0	0	0	0	0	0	0	0	0	0	0	0	0	0	0	0	0	0	0	0	0	0	0	0	0	0	0	0	0	0	0	0	0	0	0	0	0	0	0	0	0	0	0	0	0	0	0	0	0	0	45	0	0	0	0	0	0	0	0	0	0	0	1	0	0	0	0	0	0	0	0	0	0	0	0	0	0	0	0	0	0	0	0	0	0	0	0	0	0	0	27	0	0	0	0	0	0	0	0	31	0	0	0	0	0	0	0	0	0	0	0	0	0	0	0	0	0	0	0	0	0	0	0	0	0	0	0	116	0	0	0	0	0	0	0	0	0	0	0	0	5	0	0	0	0	0	0	0	0	0	0	0	0	0	0	0	0	1	0	0	0	0	0	0	0	0	0	0	0	0	0	0	0	0	0	0	66	0	0	0	0	0	0	0	0	38	0	5	0	0	14	0	0	0	0	0	0	0	0	0	0	0	0	0	0	0	0	0	0	0	0	12	0	0	0	0	15	60	0	0	0	0	0	0	6	0	0	0	11	0	0	0	0	42	4	0	0	0	0	0	0	0	0	0	0	0	0	0	0	0	87	0	0	0	0	24	0	0	0	14	24	0	0	0	0	0	0	0	0	0	12	40	19	7	8	82	0	3	0	197	0	0	0	0	0	1	0	0	0	0	11	0	101	0	0	0	0	0	0	0	22	0	0	0	71	7	0	98	0	8	0	0	87	0	0	0	0	0	0	0	0	0	0	0	0	0	0	0	0	0	0	0	0	95	0	62	0	0	0	0	0	0	0	0	64	0	22	124	2	6	1	64	15	0	191	10	73	265	41	0	66	0	1	27	0	0	0	112	31	0	0	139	0	32	0	0	0	27	50	1	0	158	0	0	0	0	0	6	0	0	3	0	0	61	0	36	0	0	5	0	16	0	11	0	29	0	0	3	0	123	0	54	0	0	48	0	0	0	39	0	26	0	1	0	10	184	0	0	2	10	49	87	11	0	75	96	1	0	0	0	1	57	48	302	9	53	0	3	4	263	0	84	45	23	0	0	0	0	0	59	3	36	0	0	0	0	0	0	353	0	0	0	0	1	0	75	37	49	9	23	79	184	1	12	0	0	6	0	65	0	32	144	0	117	51	3	0	0	48	17	0	0	148	21	1	0	0	44	0	0	0	0	0	0	0	8	0	0	115	0	63	0	15	7	0	0	5	60	0	0	0	0	0	46	79	2	88	13	1	32	21	3	28	0	56	29	80	28	103	40	8	29	0	0	32	0	33	5	0	0	2	0	115	1	51	44	0	0	5	0	95	9	40	0	46	77	12	6	0	23	0	111	0	0	6	0	79	2	9	3	5	6	31	9	75	0	14	5	14	0	28	59	0	3	0	2	66	20	0	0	34	52	4	19	37	105	0	46	40	0	0	10	32	34	36	110	0	31	19	4	42	1	11	45	95	9	33	54	36	55	90	11	29	40	15	76	39	1	23	15	2	0	53	69	55	44	0	2	14	27	17	2	0	4	17	51	56	56	88	77	83	8	6	15	109	18	41	18	138	12	31	3	0	8	13	28	6	76	12	0	496	18	100	8	17	66	41	6	0	53	20	17	24	58	0	0	36	42	164	0	153	0	5	21	6	1	2	1	0	58	0	43	63	13	1	0	2	0	1	74	0	0	42	0	0	0	28	65	33	0	255	2	55	78	2	0	12	3	73	129	240	18	17	30	3	28	43	10	4	76	10	289	56	5	13	108	0	24	0	130	0	102	25	75	1	13	21	8	37	49	15	157	0	58	3	13	17	38	29	30	61	181	3	2	22	80	1	0	0	139	4	114	57	32	0	9	92	2	22	54	4	25	51	189	162	9	33	0	48	55	26	10	0	73	16	44	68	45	35	70	0	51	37
51	0	0	0	0	0	0	0	0	0	0	0	0	0	0	0	0	0	0	0	0	0	0	0	0	0	0	0	0	0	0	0	0	0	0	0	0	0	0	0	0	0	0	0	0	0	0	0	0	0	0	0	0	0	0	0	0	0	0	0	0	0	0	0	0	0	0	0	0	31	0	0	0	0	0	0	0	0	0	0	0	0	0	0	0	0	0	0	0	0	0	0	0	0	0	0	0	0	0	0	0	0	0	0	0	0	0	0	0	0	0	0	0	0	0	0	0	0	0	0	0	0	0	0	0	0	0	0	0	0	0	0	0	0	0	0	0	0	0	0	0	0	0	0	0	0	0	0	0	0	0	0	0	0	0	0	0	0	0	0	0	0	0	0	0	0	0	0	0	0	0	0	0	0	0	0	0	0	0	0	0	12	0	0	0	0	0	0	0	0	0	3	0	0	0	0	0	0	0	0	0	0	0	0	0	0	0	0	0	0	0	0	0	0	0	0	0	0	0	0	0	0	0	0	0	0	0	0	0	0	0	0	0	0	0	0	0	0	0	0	0	0	0	0	0	0	0	0	0	0	0	0	0	0	0	0	0	0	0	0	0	0	0	0	0	0	0	0	0	0	0	0	0	0	0	0	0	0	0	0	0	0	0	0	0	0	0	0	0	0	0	0	0	0	0	0	0	0	0	0	0	0	0	0	0	0	0	0	0	0	0	0	0	0	0	0	0	0	54	0	0	0	1	0	0	0	0	0	0	0	5	0	0	0	0	0	0	0	0	0	0	0	0	0	0	0	0	0	0	0	0	0	0	0	0	0	0	0	0	0	0	0	0	0	0	0	0	36	0	0	0	0	8	0	0	0	0	0	0	0	0	0	0	0	0	0	0	0	0	0	0	0	0	0	0	210	0	0	0	0	0	0	0	0	0	0	0	0	1	0	0	0	0	0	0	0	0	0	0	0	0	0	0	0	0	17	0	0	0	0	0	0	0	0	0	0	0	0	0	0	0	0	0	0	153	0	0	0	0	0	0	0	0	2	0	3	0	0	28	0	0	0	0	0	0	0	1	0	0	0	0	0	0	0	0	0	0	3	0	128	0	0	0	0	0	95	0	0	0	0	0	0	0	0	0	0	0	33	0	0	0	41	51	1	0	0	0	5	0	41	0	0	0	0	0	0	0	0	58	0	1	0	22	221	0	0	0	2	2	0	0	6	0	0	0	0	0	0	45	245	57	0	29	162	0	7	0	58	0	0	0	145	0	0	0	0	0	0	11	0	0	0	0	0	0	0	0	0	311	0	0	0	80	6	0	40	0	114	0	0	32	0	85	0	0	0	0	0	0	0	0	0	0	0	0	0	0	0	151	0	98	21	0	40	0	0	0	0	0	0	0	0	121	0	0	123	28	2	3	45	10	0	48	215	175	151	0	0	56	21	0	3	0	0	26	31	0	0	0	114	0	121	63	0	0	162	226	6	0	1	5	0	89	0	0	1	0	0	15	0	0	0	0	28	0	0	9	0	50	0	35	0	21	0	0	32	8	37	0	149	0	0	7	0	0	0	34	0	169	95	90	0	0	172	0	0	41	39	230	3	0	0	0	101	12	46	0	0	2	0	57	0	0	69	0	0	2	34	1	16	29	51	0	106	0	27	0	74	56	94	29	0	0	0	3	0	6	0	0	0	0	118	0	24	4	90	69	33	88	88	0	0	0	0	53	17	193	0	134	6	21	114	0	13	0	0	11	20	0	1	21	32	38	0	0	37	0	0	0	0	0	0	0	27	16	0	54	0	35	0	69	84	0	0	6	87	0	0	0	0	0	120	235	3	135	0	6	146	67	98	106	0	50	238	177	38	70	74	30	102	0	0	138	0	27	0	0	0	22	0	3	113	80	207	62	0	3	0	219	22	25	0	147	13	213	43	0	0	3	122	0	0	36	0	49	0	81	10	106	65	302	22	79	0	62	0	33	0	403	22	0	69	0	55	175	14	0	0	63	7	70	26	0	12	0	19	250	0	0	5	42	24	118	3	0	84	174	21	68	0	86	119	368	286	33	76	31	28	131	65	15	147	319	139	131	61	19	49	28	0	52	132	11	158	0	109	4	55	92	96	0	255	0	95	125	126	67	133	1	59	33	4	126	98	121	176	184	51	39	79	0	0	141	106	186	168	142	88	225	47	59	66	84	109	72	12	60	130	19	102	101	96	0	0	142	104	89	180	11	94	157	43	28	89	0	111	0	14	0	101	0	90	32	0	52	0	0	0	0	96	64	97	0	0	284	51	39	96	20	105	83	173	2	0	153	52	100	0	81	59	202	66	89	35	43	169	105	388	164	60	175	149	98	45	0	245	0	155	0	248	197	95	39	50	77	36	14	53	55	6	0	85	128	1	110	68	94	52	68	168	31	3	151	15	137	45	76	97	74	115	396	47	0	38	62	71	122	21	165	59	66	15	102	104	23	20	47	217	31	26	28	138	9	19	2	130	206	89	27	90	14
52	0	0	0	0	0	0	0	0	0	0	0	0	0	0	0	0	0	0	0	0	0	0	0	0	0	0	0	0	0	0	0	0	0	0	0	0	0	0	0	0	0	0	0	0	0	0	0	0	0	0	0	0	0	0	0	0	0	0	0	0	0	0	0	0	0	0	0	0	0	0	0	0	0	0	0	0	0	0	0	0	0	0	0	0	0	0	0	0	0	0	0	0	0	0	0	0	0	0	0	0	0	0	0	0	0	0	0	0	0	0	0	0	0	0	0	0	0	0	0	0	0	0	0	0	0	0	0	0	0	0	0	0	0	0	0	0	0	0	0	0	0	0	0	0	0	0	0	0	0	0	0	0	0	0	0	0	0	0	0	0	0	0	0	0	0	0	0	0	0	0	0	0	0	0	0	0	0	0	0	0	0	0	0	0	0	0	0	0	0	0	0	0	0	0	0	0	0	0	0	0	0	0	0	0	0	0	0	0	0	0	0	0	0	0	0	0	0	0	0	0	0	0	0	0	0	0	0	0	0	0	0	0	0	0	0	0	0	0	0	0	0	0	0	0	0	0	0	0	0	0	0	0	0	0	0	0	0	0	7	0	0	0	0	0	0	0	0	0	0	0	0	0	0	0	0	0	0	0	0	0	0	0	0	0	0	0	0	0	0	0	0	0	0	0	72	0	0	0	7	0	0	0	0	0	0	0	0	0	0	0	0	0	0	0	0	0	0	115	0	7	0	0	0	0	0	0	0	0	0	1	0	0	69	0	0	0	0	0	0	0	0	0	0	0	0	7	16	0	0	0	0	0	20	0	0	0	0	0	0	0	0	0	0	0	0	0	36	0	0	0	0	0	0	0	0	0	0	0	0	0	0	0	0	0	0	0	0	0	0	0	0	0	11	0	133	0	0	0	4	0	11	0	1	0	0	0	0	12	0	0	0	164	0	0	0	0	0	0	0	0	0	0	0	0	81	0	0	0	33	23	0	0	0	0	0	0	0	0	0	0	0	0	0	102	0	0	0	0	0	0	0	0	0	0	10	8	0	4	0	0	0	0	0	0	0	0	0	0	0	0	0	0	0	0	0	0	0	0	40	0	0	0	0	0	13	0	0	0	0	0	0	0	0	0	0	0	10	0	0	0	45	109	0	0	70	0	0	0	1	0	0	18	0	0	19	0	0	23	0	162	0	0	64	0	0	0	86	0	0	0	59	0	0	0	0	0	0	295	15	97	0	11	0	0	1	0	99	0	0	0	65	0	35	0	0	0	0	0	0	29	0	0	0	0	0	2	0	30	0	0	0	38	112	0	56	0	1	0	12	20	0	98	0	0	0	0	0	0	0	0	130	0	0	0	1	2	0	0	0	91	11	0	1	3	0	0	0	0	0	0	0	75	0	8	109	120	51	42	58	0	0	7	64	76	118	6	0	99	0	0	14	0	0	0	113	90	0	0	81	0	1	34	0	0	147	56	28	0	9	35	0	88	0	0	1	0	0	107	0	0	59	0	199	0	0	23	0	21	0	75	0	135	0	0	81	0	60	0	97	0	0	0	0	0	0	21	0	22	0	67	0	0	138	0	0	50	52	194	7	162	0	0	93	72	57	1	0	0	0	0	0	0	37	0	1	2	53	0	73	75	157	0	27	0	5	4	56	0	93	29	0	0	0	0	0	42	0	0	0	0	17	0	110	0	36	32	174	148	56	13	0	0	0	36	0	47	0	104	49	59	55	0	28	0	0	72	9	89	5	40	46	149	0	0	7	0	0	0	0	0	0	0	116	0	1	20	0	181	1	84	146	0	0	0	91	0	0	65	0	0	145	69	0	10	4	21	15	22	65	73	32	24	54	86	158	150	16	93	325	0	0	112	0	139	0	0	0	49	0	0	5	123	175	50	0	0	0	77	0	66	0	164	67	47	0	0	11	0	310	0	0	83	0	87	0	286	197	59	2	79	0	25	0	116	1	93	0	144	12	0	193	0	99	44	49	0	0	5	5	132	28	0	0	0	5	44	0	0	0	482	24	83	21	0	195	231	39	39	1	15	15	199	192	3	24	79	252	8	95	56	20	11	70	84	101	138	146	77	0	154	96	46	105	0	110	18	42	13	97	0	79	0	61	127	106	46	63	4	43	59	14	71	56	83	48	23	31	50	7	0	0	23	115	56	36	23	190	161	91	69	37	119	113	154	116	123	57	28	127	70	36	17	28	118	194	0	26	10	197	165	61	44	5	16	63	0	3	17	92	53	14	120	0	34	0	0	0	0	109	113	47	0	0	106	45	149	83	259	27	167	121	0	0	110	119	84	23	213	63	21	37	131	51	84	11	67	32	72	8	175	163	72	264	0	162	0	140	0	231	159	305	1	48	126	96	128	89	109	38	0	41	209	4	93	79	37	50	328	221	33	1	76	137	92	250	2	60	33	167	128	116	0	71	188	57	51	275	165	107	138	64	224	170	285	94	49	115	90	37	45	163	192	41	0	29	118	73	50	146	50
53	0	0	0	0	0	0	0	0	0	0	0	0	0	0	0	0	0	0	0	0	0	0	0	0	0	0	0	0	0	0	0	0	0	0	0	0	0	0	0	0	0	0	0	0	0	0	0	0	0	0	0	0	0	0	0	0	0	0	0	0	0	0	0	0	0	0	0	0	0	0	0	0	0	0	0	0	0	0	0	0	0	0	0	0	0	0	0	0	0	0	0	0	0	0	0	0	0	0	0	0	0	0	0	0	0	0	0	0	0	0	0	0	0	0	0	0	0	0	0	0	0	0	0	0	0	0	0	0	0	0	0	0	0	0	0	0	0	0	0	0	0	0	0	0	0	0	0	0	0	0	0	0	0	0	0	0	0	0	0	0	0	0	0	0	0	0	0	0	0	0	0	0	0	0	0	0	0	0	0	0	0	0	0	0	0	0	0	0	0	0	0	0	0	0	0	0	0	0	0	0	0	0	0	0	0	0	0	0	0	0	0	0	0	0	0	0	0	0	0	0	0	0	0	0	0	0	0	0	0	0	0	0	0	0	0	0	0	0	0	0	0	0	0	0	0	0	0	0	0	0	0	0	0	0	0	0	0	0	0	0	0	0	0	0	0	0	0	0	0	0	0	0	0	0	0	0	0	0	0	0	0	0	0	0	0	0	0	0	0	0	0	0	0	0	0	0	0	0	0	0	0	0	0	0	0	0	0	0	0	0	0	0	0	0	0	0	0	0	0	0	0	0	0	0	0	0	0	0	0	0	0	0	0	0	0	0	0	0	0	0	0	0	0	0	0	0	0	0	0	68	0	0	0	0	0	0	0	0	0	0	0	0	0	0	0	0	0	0	0	0	0	0	0	0	0	0	60	0	0	0	0	0	0	0	0	0	0	0	0	0	0	0	0	0	60	0	0	0	0	0	0	0	0	0	0	0	0	0	0	0	0	0	0	0	0	0	0	0	0	0	0	0	0	0	0	0	0	0	0	0	0	0	0	0	0	0	0	0	0	0	0	0	0	3	0	0	0	0	0	0	0	0	0	0	0	0	0	0	50	0	0	0	0	0	0	0	0	0	0	0	0	0	0	0	0	0	0	0	0	0	0	0	0	0	102	0	0	0	0	0	0	0	0	0	0	0	0	0	0	0	104	0	0	0	0	0	0	0	0	0	0	0	0	0	0	0	0	0	0	0	0	0	31	0	0	0	0	0	0	0	0	0	0	0	0	0	0	97	0	0	0	0	0	0	0	0	0	0	0	0	99	0	0	0	0	0	0	0	0	0	0	0	0	0	0	0	0	34	0	0	0	0	0	0	0	0	0	0	0	0	0	15	0	0	0	0	0	0	0	0	0	0	0	0	0	0	0	0	0	0	0	0	0	0	0	0	0	0	0	0	0	0	0	0	0	90	0	0	78	0	0	0	36	41	123	0	0	104	0	0	0	0	0	0	0	0	0	0	413	0	0	0	0	0	226	0	0	0	0	0	0	3	0	0	0	0	0	0	0	0	0	0	173	0	0	0	0	30	0	88	0	11	0	0	89	0	0	0	46	0	0	0	0	0	0	0	0	6	0	82	0	0	0	0	0	0	125	149	0	0	0	0	0	0	71	0	0	0	0	36	0	0	215	0	0	0	0	0	0	0	11	0	95	0	0	0	157	0	68	0	0	0	0	0	0	105	0	0	0	0	13	0	119	0	124	0	10	186	48	0	0	0	0	0	0	0	0	0	0	13	0	0	0	0	0	0	2	0	0	0	71	6	0	0	51	0	0	0	0	0	0	0	67	0	0	0	0	120	0	0	96	0	0	0	151	0	0	0	0	0	25	0	0	0	0	7	161	278	0	59	0	49	76	7	89	119	0	138	72	0	0	63	0	140	0	0	0	50	0	0	0	36	70	11	0	0	0	127	0	0	0	57	0	149	0	0	0	0	0	0	0	170	1	0	0	11	73	36	0	74	0	90	0	23	0	139	0	41	0	0	165	0	48	0	0	0	0	0	0	85	105	0	0	0	0	14	0	0	0	98	0	112	0	0	45	31	16	138	0	224	124	139	40	0	0	145	43	0	0	261	21	84	40	30	29	81	71	90	0	103	307	100	53	0	43	0	179	21	25	0	16	0	125	464	27	0	146	0	2	43	0	51	71	98	161	0	211	34	85	0	0	41	82	69	131	127	28	140	47	0	67	0	41	90	56	114	197	152	177	67	104	0	0	43	130	0	42	6	52	35	39	7	0	0	236	0	0	0	101	0	148	7	0	0	0	0	0	0	37	39	123	0	0	157	114	282	44	0	29	135	42	0	0	51	85	50	0	0	255	104	95	90	52	116	69	49	142	66	11	157	110	2	313	0	0	0	51	0	73	44	70	0	150	41	37	32	68	55	0	0	24	17	0	107	76	102	9	170	49	58	0	110	88	75	20	0	0	32	40	168	82	0	18	46	0	115	47	167	49	0	55	56	22	66	135	78	57	76	137	25	43	43	244	0	131	31	0	102	42	115
54	0	0	0	0	0	0	0	0	0	0	0	0	0	0	0	0	0	0	0	0	0	0	0	0	0	0	0	0	0	0	0	0	0	0	0	0	0	0	0	0	0	0	0	0	0	0	0	0	0	0	0	0	0	0	0	0	0	0	0	0	0	0	0	0	0	0	0	0	0	0	0	0	0	0	0	0	0	0	0	0	0	0	0	0	0	0	0	0	0	0	0	0	0	0	0	0	0	0	0	0	0	0	0	0	0	0	0	0	0	0	0	0	0	0	0	0	0	0	0	0	0	0	0	0	0	0	0	0	0	0	0	0	0	0	0	0	0	0	0	0	0	0	0	0	0	0	0	0	0	0	0	0	0	0	0	0	0	0	0	0	0	0	0	0	0	0	0	0	0	0	0	0	0	0	0	0	0	0	0	0	0	0	0	0	0	0	0	0	0	0	0	0	0	0	0	0	0	0	0	0	0	0	0	0	0	0	0	0	0	0	0	0	0	0	0	0	0	0	0	0	0	0	0	0	0	0	0	0	0	0	0	0	0	0	0	0	0	0	0	0	0	0	0	0	0	0	0	0	0	0	0	0	0	0	0	0	0	0	0	0	0	0	0	0	0	0	0	0	0	2	0	0	0	0	0	0	0	0	0	0	0	0	0	0	0	0	0	0	0	0	0	0	0	0	0	0	0	0	0	0	0	0	0	0	0	0	0	0	0	0	0	0	0	0	0	0	0	0	0	0	0	0	0	0	0	0	0	0	0	0	0	0	0	0	0	0	0	0	0	0	0	0	0	0	0	0	0	0	0	0	0	0	0	0	0	0	0	0	0	0	0	0	0	0	0	0	0	0	0	0	0	0	0	0	0	0	0	0	0	0	0	0	0	0	0	0	0	0	0	0	0	0	0	0	0	0	0	0	0	0	0	0	0	0	0	0	0	0	0	0	0	0	0	0	0	0	0	0	0	0	0	0	0	0	0	0	0	0	0	0	0	0	0	0	0	0	0	0	0	0	0	0	0	23	0	0	0	0	0	0	0	0	0	0	0	0	0	0	0	0	0	0	0	0	0	0	0	0	0	0	0	0	0	0	0	0	0	0	0	0	0	0	0	0	190	0	0	0	0	0	0	0	0	0	0	0	0	0	0	0	3	0	0	0	0	0	0	0	0	0	0	0	0	0	0	0	0	0	0	0	0	0	50	0	0	0	0	0	0	0	0	0	0	0	0	0	0	79	37	0	0	0	0	0	0	0	11	0	0	0	64	0	0	0	0	0	0	0	0	0	0	0	0	0	0	0	0	114	0	0	0	0	0	0	0	0	0	0	0	0	0	143	0	0	0	0	0	0	0	0	0	0	0	0	0	0	0	0	0	0	0	0	0	0	0	0	0	0	0	0	0	0	0	0	0	0	0	0	187	0	0	0	18	93	28	0	0	127	0	0	0	0	0	0	0	2	0	0	65	0	0	0	0	0	115	0	0	0	0	0	0	25	0	0	0	0	0	36	0	0	0	0	35	0	0	0	0	0	0	267	0	0	0	0	16	0	0	0	76	0	0	0	0	0	0	0	0	0	0	62	0	0	0	0	0	0	129	67	1	0	0	0	0	0	2	0	0	0	0	97	0	0	257	0	0	0	0	0	0	0	88	0	64	0	0	0	68	0	95	0	0	0	0	0	0	19	0	0	0	0	0	0	105	0	74	0	145	164	152	0	0	0	0	0	0	0	0	0	0	0	0	0	0	0	0	20	0	0	0	0	14	0	0	0	0	0	0	0	0	0	0	0	0	0	0	0	0	121	0	0	2	0	0	0	43	0	0	0	0	0	116	0	0	0	0	0	86	117	0	22	0	36	29	93	253	61	0	84	0	0	0	26	0	116	0	0	0	42	0	0	0	57	21	0	0	0	0	83	0	0	0	0	0	104	0	0	0	0	0	0	0	22	0	0	0	204	128	97	0	89	0	26	0	219	0	108	0	92	0	0	45	0	46	0	0	0	0	0	0	104	67	0	0	0	0	110	0	0	0	34	0	96	0	0	21	16	0	114	0	173	101	101	13	0	0	23	71	0	0	128	33	228	50	57	146	53	33	109	0	46	59	146	121	0	96	0	40	44	132	0	256	0	26	132	27	0	198	0	0	5	0	56	171	148	43	0	270	62	45	0	0	289	41	35	61	139	104	75	56	0	38	0	120	39	0	29	135	9	171	58	123	0	0	48	61	0	27	0	56	21	83	0	5	0	96	0	0	0	38	0	159	57	0	0	0	0	0	0	97	123	52	0	0	191	47	67	44	0	171	102	97	0	0	73	23	121	0	0	89	224	39	68	321	267	28	50	159	20	43	94	40	14	114	0	0	0	164	0	79	212	51	0	132	165	188	168	19	72	0	0	37	30	0	422	32	82	199	108	46	46	0	114	166	106	97	49	0	32	328	62	65	0	179	136	0	53	7	72	172	0	153	83	87	22	262	68	197	300	29	135	98	65	47	0	134	32	65	134	0	78
55	0	0	0	0	0	0	0	0	0	0	0	0	0	0	0	0	0	0	0	0	0	0	0	0	0	0	0	0	0	0	0	0	0	0	0	0	0	0	0	0	0	0	0	0	0	0	0	0	0	0	0	0	0	0	0	0	0	0	0	0	0	0	0	0	0	0	0	0	0	0	0	0	0	0	0	0	0	0	0	0	0	0	0	0	0	0	0	0	0	0	0	0	0	0	0	0	0	0	0	0	0	0	0	0	0	0	0	0	0	0	0	0	0	0	0	0	0	0	0	0	0	0	0	0	0	0	0	0	0	0	0	0	0	0	0	0	0	0	0	0	0	0	0	0	0	0	0	0	0	0	0	0	0	0	0	0	0	0	0	0	0	0	0	0	0	0	0	0	0	0	0	0	0	0	0	0	0	0	0	0	0	0	0	0	0	0	0	0	0	0	0	0	0	0	0	0	0	0	0	0	0	0	0	0	0	0	0	0	0	0	0	0	0	0	0	0	0	0	0	0	0	0	0	0	0	0	0	0	0	0	0	0	0	0	0	0	0	0	0	0	0	0	0	0	0	0	0	0	0	0	0	0	0	0	0	0	0	0	0	0	0	0	0	0	0	0	0	0	0	0	0	0	0	0	0	0	0	0	0	0	0	0	0	0	0	0	0	0	0	0	0	0	0	0	0	0	0	0	0	0	0	0	0	0	0	0	0	0	0	0	0	0	0	0	0	0	0	0	0	0	0	0	0	0	0	0	0	0	0	0	0	0	0	0	0	0	0	0	0	0	0	0	0	0	0	0	0	0	0	0	0	0	0	0	0	0	0	0	0	0	0	0	0	0	0	0	0	0	0	0	0	0	0	0	0	0	0	0	0	0	0	0	0	0	0	0	0	0	0	0	0	0	0	0	0	0	0	0	0	0	0	0	0	0	0	0	0	0	0	0	0	0	0	0	0	0	0	0	0	0	0	0	0	0	0	0	0	0	0	0	0	0	0	0	0	0	0	0	0	0	0	0	0	21	0	0	0	0	0	0	0	0	0	0	0	0	0	0	0	0	0	0	0	0	0	0	0	0	0	0	0	0	0	0	0	0	0	0	0	0	0	0	0	0	227	0	0	0	0	0	0	0	0	0	0	0	0	0	0	0	81	0	0	0	0	0	0	0	0	0	0	0	0	0	0	0	0	0	0	0	0	0	81	0	0	0	0	0	0	0	0	0	0	0	0	0	0	0	0	0	0	0	0	0	0	0	39	0	0	0	4	0	0	0	0	0	0	0	0	0	0	0	0	0	0	0	0	59	0	0	0	0	0	0	0	0	0	0	0	0	0	0	0	0	0	0	0	0	0	0	0	0	0	0	0	0	0	0	0	0	0	0	0	0	0	0	0	0	0	0	0	0	0	0	35	0	0	0	45	0	0	0	36	97	59	0	0	41	0	0	0	0	0	0	0	0	0	0	29	0	0	0	0	0	56	0	0	0	0	0	0	171	0	0	0	0	0	0	0	0	0	0	49	0	0	0	0	0	0	140	0	0	0	0	25	0	0	0	109	0	0	0	0	0	0	0	0	0	0	54	0	0	0	0	0	0	39	82	0	0	0	0	0	0	143	0	0	0	0	12	0	0	148	0	0	0	0	0	0	0	0	0	74	0	0	0	33	0	87	0	0	0	0	0	0	205	0	0	0	0	0	0	134	0	119	0	165	138	176	0	0	0	0	0	0	0	0	0	0	9	0	0	0	0	0	0	0	0	0	0	74	0	0	0	0	0	0	0	0	0	0	0	0	0	0	0	0	57	0	0	12	0	0	0	99	0	0	0	0	0	71	0	0	0	0	0	84	162	0	162	0	121	31	31	12	73	0	16	43	0	0	154	0	41	0	0	0	75	0	0	0	116	136	0	0	0	0	80	0	0	0	0	0	463	0	0	0	0	0	0	0	45	0	0	0	27	36	41	0	88	0	117	0	127	0	14	0	56	0	0	243	0	0	0	0	0	0	0	0	215	46	0	0	0	0	58	0	0	0	75	0	166	0	0	14	0	0	81	0	25	46	67	98	0	0	3	136	0	0	69	122	61	135	202	124	309	102	82	0	68	332	173	52	0	46	0	225	65	82	0	64	0	99	77	125	0	36	0	0	26	0	303	69	175	174	0	53	106	41	0	0	45	18	138	70	48	75	25	75	0	118	0	197	86	92	130	37	55	77	21	153	0	0	199	24	0	53	0	34	56	74	0	0	0	25	0	0	0	131	0	81	260	0	0	0	0	0	0	89	120	216	0	0	107	86	50	104	0	145	51	137	0	0	27	77	108	0	0	138	17	91	58	22	106	54	128	13	14	201	187	25	235	55	0	0	0	6	0	153	102	25	0	113	9	67	57	88	71	0	0	10	116	0	21	85	78	53	86	83	90	0	19	158	58	29	0	0	65	179	100	59	0	272	175	0	217	193	152	46	0	295	119	43	7	136	21	392	22	62	93	66	67	133	0	29	67	0	422	0	126
56	0	0	0	0	0	0	0	0	0	0	0	0	0	0	0	0	0	0	0	0	0	0	0	0	0	0	0	0	0	0	0	0	0	0	0	0	0	0	0	0	0	0	0	0	0	0	0	0	0	0	0	0	0	0	0	0	0	0	0	0	0	0	0	0	0	0	0	0	0	0	0	0	0	0	0	0	0	0	0	0	0	0	0	0	0	0	0	0	0	0	0	0	0	0	0	0	0	0	0	0	0	0	0	0	0	0	0	0	0	0	0	0	0	0	0	0	0	0	0	0	0	0	0	0	0	0	0	0	0	0	0	0	0	0	0	0	0	0	0	0	0	0	0	0	0	0	0	0	0	0	0	0	0	0	0	0	0	0	0	0	0	0	0	0	0	0	0	0	0	0	0	0	0	0	0	0	0	0	0	0	0	0	0	0	0	0	0	0	0	0	0	0	0	0	0	0	0	0	0	0	0	0	0	0	0	0	0	0	0	0	0	0	0	0	0	0	0	0	0	0	0	0	0	0	0	0	0	0	0	0	0	0	0	0	0	0	0	0	0	0	0	0	0	0	0	0	0	0	0	0	0	0	0	0	0	0	0	0	0	0	0	0	0	0	0	0	0	0	0	0	0	0	0	0	0	0	0	0	0	0	0	0	0	0	0	0	0	0	0	0	0	0	0	0	0	0	0	0	0	0	0	0	0	0	0	0	0	0	0	0	0	0	0	0	0	0	0	0	0	0	0	0	0	0	0	0	0	0	0	0	0	0	0	0	0	0	0	0	0	0	0	0	0	0	0	0	0	0	0	0	0	0	0	0	0	0	0	0	0	0	0	0	0	0	0	0	0	0	0	0	0	0	0	0	0	0	0	0	0	0	0	0	0	0	0	0	0	0	0	0	0	0	0	0	0	0	0	0	0	0	0	0	0	0	0	0	0	0	0	0	0	0	0	0	0	0	0	0	0	0	0	0	0	0	0	0	0	0	0	0	0	0	0	0	0	0	0	0	0	0	0	0	0	232	0	0	0	0	0	0	0	0	0	0	0	0	0	0	0	0	0	0	0	0	0	0	0	0	0	0	0	0	0	0	0	0	0	0	0	0	0	0	0	0	59	0	0	0	0	0	0	0	0	0	0	0	0	0	0	0	173	0	0	0	0	0	0	0	0	0	0	0	0	0	0	0	0	0	0	0	0	0	102	0	0	0	0	0	0	0	0	0	0	0	0	0	0	52	0	0	0	0	0	0	0	0	0	0	0	0	17	0	0	0	0	0	0	0	0	0	0	0	0	0	0	0	0	93	0	0	0	0	0	0	0	0	0	0	0	0	0	20	0	0	0	0	0	0	0	0	0	0	0	0	0	0	0	0	0	0	0	0	0	0	0	0	0	0	0	0	0	0	0	0	0	19	0	0	43	0	0	0	28	48	56	0	0	29	0	0	0	0	0	0	0	0	0	0	17	0	0	0	0	0	110	0	0	0	0	0	0	67	0	0	0	0	0	35	0	0	0	0	8	0	0	0	0	0	0	106	0	2	0	0	20	0	0	0	135	0	0	0	0	0	0	0	0	0	0	61	0	0	0	0	0	0	96	228	0	0	0	0	0	0	103	0	0	0	0	72	0	0	47	0	0	0	0	0	0	0	24	0	87	0	0	0	151	0	58	0	0	0	0	0	0	182	0	0	0	0	16	0	234	0	97	0	15	29	172	0	0	0	0	0	0	0	0	0	0	0	7	0	0	0	0	0	0	0	0	0	70	18	0	0	0	0	0	0	0	0	0	0	0	0	0	0	0	67	0	0	34	0	0	0	215	0	0	0	0	0	106	0	0	0	0	0	117	19	0	264	0	29	83	67	49	80	0	35	250	0	0	164	0	66	0	0	0	27	0	0	0	49	3	0	0	0	0	34	0	0	0	3	0	55	0	0	0	0	0	0	0	141	0	0	0	45	412	22	0	197	0	30	0	160	0	144	0	95	0	0	16	0	0	141	0	0	0	0	0	10	80	0	0	0	0	69	0	0	0	53	0	57	0	0	31	25	0	207	0	3	68	138	31	0	0	145	8	0	0	158	96	91	32	86	131	39	62	50	0	112	155	61	104	0	49	0	38	178	179	0	40	0	125	32	145	0	112	0	0	36	0	155	18	26	57	0	3	71	173	0	0	223	181	201	208	103	146	177	111	0	87	0	97	578	7	94	196	27	6	111	87	0	0	82	106	0	65	5	122	29	181	0	40	0	49	0	0	0	181	0	11	291	0	0	0	0	0	0	54	321	109	0	0	23	49	148	100	0	116	63	168	0	0	13	287	135	0	37	42	25	39	73	143	142	49	73	156	114	114	56	160	21	139	0	0	0	205	0	60	87	19	0	19	123	44	85	219	219	0	0	112	117	0	13	222	176	48	236	89	144	0	72	103	125	87	0	0	156	154	80	34	0	238	126	0	77	68	136	87	0	260	88	227	38	105	71	45	14	53	232	17	81	42	0	370	172	0	84	1	84
57	0	0	0	0	0	0	0	0	0	0	0	0	0	0	0	0	0	0	0	0	0	0	0	0	0	0	0	0	0	0	0	0	0	0	0	0	0	0	0	0	0	0	0	0	0	0	0	0	0	0	0	0	0	0	0	0	0	0	0	0	0	0	0	0	0	0	0	0	0	0	0	0	0	0	0	0	0	0	0	0	0	0	0	0	0	0	0	0	0	0	0	0	0	0	0	0	0	0	0	0	0	0	0	0	0	0	0	0	0	0	0	0	0	0	0	0	16	0	0	0	0	0	0	0	0	0	0	0	0	0	0	0	0	0	0	0	0	0	0	0	0	0	0	0	0	0	0	0	0	0	0	0	0	0	0	0	0	0	0	0	0	0	0	0	0	0	0	0	0	0	0	0	0	0	0	0	0	0	0	0	0	0	0	0	0	0	0	0	0	0	0	0	0	0	0	0	0	0	0	0	0	0	0	0	0	0	0	0	0	0	0	0	0	0	0	0	0	0	0	0	0	0	0	0	0	0	0	0	0	0	0	0	0	0	0	0	0	0	0	0	0	0	0	0	0	0	0	0	0	0	0	0	0	0	0	0	0	0	0	0	0	0	0	0	0	0	0	0	0	0	0	0	0	0	0	0	0	0	0	0	0	0	0	0	0	0	0	0	0	0	0	0	0	0	0	0	0	0	0	0	0	7	0	0	0	0	0	0	0	0	0	0	0	0	0	0	0	0	0	0	0	0	0	0	0	0	0	0	0	0	0	0	0	0	0	0	0	0	0	0	0	0	0	0	0	0	1	0	0	0	0	0	0	0	1	0	0	0	0	0	0	0	0	0	0	0	0	0	16	0	0	0	0	0	0	0	0	0	0	0	0	0	0	0	0	0	0	0	0	0	0	0	0	0	0	0	0	0	0	0	0	0	1	0	0	0	0	0	0	0	0	0	0	0	0	0	0	0	0	0	0	0	0	0	0	0	0	5	0	0	0	0	0	0	0	0	0	0	0	0	0	0	0	49	0	0	0	0	0	0	0	0	0	0	0	0	0	0	0	0	0	0	0	0	0	0	0	0	0	0	0	0	0	0	0	0	0	0	0	0	0	0	0	0	170	0	0	0	0	0	0	0	0	0	0	0	0	0	0	0	184	0	0	0	0	0	0	0	0	0	0	0	0	0	0	0	0	0	0	0	0	0	247	0	0	0	0	0	0	0	0	0	0	0	0	0	0	104	44	110	0	0	0	0	48	0	13	0	0	0	162	0	0	0	0	0	0	0	0	0	0	0	0	0	0	0	0	80	0	0	0	0	0	0	0	0	2	0	0	26	0	173	0	0	0	0	0	0	0	0	0	0	0	0	0	0	0	0	0	0	0	0	0	0	0	0	0	0	0	0	0	56	0	0	96	92	0	0	84	0	0	86	60	57	154	0	0	59	0	0	0	0	0	0	0	0	0	0	180	0	0	0	0	0	153	7	0	0	0	0	0	112	0	0	0	0	0	136	0	0	0	0	97	0	0	0	0	2	0	220	0	41	0	0	121	0	15	0	26	0	0	0	0	0	0	0	0	42	0	327	0	0	0	0	0	18	47	9	0	0	0	0	56	91	171	0	0	0	0	248	0	0	198	0	0	0	56	0	45	0	17	0	30	0	0	0	133	0	81	17	0	0	0	0	0	60	0	0	52	0	35	0	171	0	56	9	24	19	6	0	0	0	0	0	0	63	0	0	0	14	114	0	0	0	0	2	11	0	0	0	219	120	0	0	4	0	0	0	0	0	0	0	176	0	0	25	0	85	5	0	40	0	0	0	18	0	0	0	0	0	139	0	0	72	0	20	77	133	0	65	0	84	31	39	16	80	28	165	137	0	0	14	0	36	0	0	0	56	0	0	0	44	38	32	0	0	0	141	0	11	0	65	0	198	0	0	0	0	0	0	0	40	0	8	0	112	98	172	37	69	0	110	0	49	0	121	0	136	9	0	187	0	118	47	0	0	0	0	0	13	71	0	0	0	12	27	0	0	0	124	0	68	0	0	24	23	0	30	0	27	206	181	345	0	3	41	70	172	7	42	148	129	102	394	38	151	32	118	0	43	77	93	648	0	155	0	107	35	82	0	42	0	41	108	73	0	7	0	0	72	0	87	54	42	41	0	104	167	148	0	0	44	72	226	158	82	6	213	58	3	103	0	70	190	25	157	118	36	77	13	68	0	0	109	119	1	77	25	49	10	43	6	45	0	85	0	44	0	192	0	98	267	0	0	0	0	0	0	146	105	36	0	0	75	137	64	58	0	54	158	68	0	0	1	71	122	0	46	49	64	156	286	37	64	30	81	48	127	102	28	54	149	39	0	0	0	100	0	113	90	214	0	47	74	173	5	56	92	0	0	138	151	1	107	49	139	81	264	89	167	0	234	283	142	87	0	5	19	136	121	108	0	101	194	0	169	141	234	64	0	47	39	138	29	89	80	18	37	120	12	20	46	244	0	22	62	34	33	82	57
58	0	0	0	0	0	0	0	0	0	0	0	0	0	0	0	0	0	0	0	0	0	0	0	0	0	0	0	0	0	0	0	0	0	0	0	0	0	0	0	0	0	0	0	0	0	0	0	0	0	0	0	0	0	0	0	0	0	0	0	0	0	0	0	0	0	0	0	0	0	0	0	0	0	0	0	0	0	0	0	0	0	0	0	0	0	0	0	0	0	0	0	0	0	0	0	0	0	0	0	0	0	0	0	0	0	0	0	0	0	0	0	0	0	0	0	0	0	0	0	0	0	0	0	0	0	0	0	0	0	0	0	0	0	0	0	0	0	0	0	0	0	0	0	0	0	0	0	0	0	0	0	0	0	0	0	0	0	0	0	0	0	0	0	0	0	0	0	0	0	0	0	0	0	0	0	0	0	0	0	0	0	0	0	0	0	0	0	0	0	0	0	0	0	0	0	0	0	0	0	0	0	0	0	0	0	0	0	0	0	0	0	0	0	0	0	0	0	0	0	0	0	0	0	0	0	0	0	0	0	0	0	0	0	0	0	0	0	0	0	0	0	0	0	0	0	0	0	0	0	0	0	0	0	0	0	0	0	0	0	0	0	0	0	0	0	0	0	0	0	0	0	0	0	0	0	0	0	0	0	0	0	0	0	0	0	0	0	0	0	0	0	0	0	0	0	0	0	0	0	0	0	0	0	0	0	0	0	0	0	0	0	0	0	0	0	0	0	0	0	0	0	0	0	0	0	0	0	0	0	0	0	0	0	0	0	0	0	0	0	0	0	0	0	0	0	0	0	0	0	0	0	0	0	0	0	0	0	0	0	0	0	0	0	0	0	0	0	0	0	0	0	0	0	0	0	0	0	0	0	0	0	0	0	0	0	0	0	0	0	0	0	0	0	0	0	0	0	0	0	0	0	0	0	0	0	0	0	0	0	0	0	0	0	0	0	0	0	0	0	0	0	0	0	0	0	0	0	0	0	0	0	0	0	0	0	0	0	0	0	0	0	0	0	144	0	0	0	0	0	0	0	0	0	0	0	0	0	0	0	0	0	0	0	0	0	0	0	0	0	0	0	0	0	0	0	0	0	0	0	0	0	0	0	0	4	0	0	0	0	0	0	0	0	0	0	0	0	0	0	0	115	0	0	0	0	0	0	0	0	0	0	0	0	0	0	0	0	0	0	0	0	0	32	0	0	0	0	0	0	0	0	0	0	0	0	0	0	215	0	0	0	0	0	0	0	0	0	0	0	0	47	0	0	0	0	0	0	0	0	0	0	0	0	0	0	0	0	142	0	0	0	0	0	0	0	0	0	0	0	0	0	36	0	0	0	0	0	0	0	0	0	0	0	0	0	0	0	0	0	0	0	0	0	0	0	0	0	0	0	0	0	0	0	0	0	0	0	0	14	0	0	0	3	83	11	0	0	153	0	0	0	0	0	0	0	0	0	0	190	0	0	0	0	0	75	0	0	0	0	0	0	47	0	0	0	0	0	0	0	0	0	0	161	0	0	0	0	0	0	58	0	0	0	0	71	0	0	0	99	0	0	0	0	0	0	0	0	0	0	104	0	0	0	0	0	0	167	34	0	0	0	0	0	0	432	0	0	0	0	0	0	0	102	0	0	0	0	0	0	0	49	0	241	0	0	0	131	0	72	0	0	0	0	0	0	74	0	0	0	0	0	0	50	0	30	0	87	214	259	0	0	0	0	0	0	0	0	0	0	0	47	0	0	0	0	0	0	0	0	0	17	0	0	0	0	0	0	0	0	0	0	0	0	0	0	0	0	86	0	0	69	0	0	0	62	0	0	0	0	0	73	0	0	0	0	0	157	93	0	66	0	59	31	243	0	111	0	158	0	0	0	6	0	148	0	0	0	103	0	0	0	73	12	0	0	0	0	20	0	0	0	0	0	87	0	0	0	0	0	0	0	51	0	0	0	64	79	31	0	149	0	206	0	64	0	30	0	29	0	0	93	0	0	0	0	0	0	0	0	336	250	0	0	0	0	139	0	0	0	278	0	295	0	0	171	21	0	18	0	0	84	59	58	0	0	55	193	0	0	104	36	51	72	56	92	23	40	18	0	116	229	89	47	0	236	0	58	70	156	0	14	0	185	166	96	0	28	0	0	291	0	219	123	129	39	0	29	48	89	0	0	4	117	146	72	217	108	63	118	0	152	0	311	29	230	86	71	23	38	165	72	0	0	102	35	13	97	0	95	84	105	0	0	0	69	0	0	0	111	0	112	11	0	0	0	0	0	0	145	76	113	0	0	190	37	46	25	0	217	28	140	0	0	48	179	78	0	0	107	349	113	167	138	87	69	18	53	124	133	46	141	88	61	0	0	0	147	0	68	53	6	0	58	69	145	29	659	198	0	0	15	47	0	68	124	84	46	145	14	71	0	115	84	136	205	0	0	85	81	275	32	0	142	61	0	13	39	111	51	0	38	231	57	171	93	74	59	52	27	94	140	66	54	0	209	110	0	35	0	55
59	0	0	0	0	0	0	0	0	0	0	0	0	0	0	0	0	0	0	0	0	0	0	0	0	0	0	0	0	0	0	0	0	0	0	0	0	0	0	0	0	0	0	0	0	0	0	0	0	0	0	0	0	0	0	0	0	0	0	0	0	0	0	0	0	0	0	0	0	0	0	0	0	0	0	0	0	0	0	0	0	0	0	0	0	0	0	0	0	0	0	0	0	0	0	0	0	0	0	0	0	0	0	0	0	0	0	0	0	0	0	0	0	0	0	0	0	0	0	0	0	0	0	0	0	0	0	0	0	0	0	0	0	0	0	0	0	0	0	0	0	0	0	0	0	0	0	0	0	0	0	0	0	0	0	0	0	0	0	0	0	0	0	0	0	0	0	0	0	0	0	0	0	0	0	0	0	0	0	0	0	0	0	0	0	0	0	0	0	0	0	0	0	0	0	0	0	0	0	8	0	0	0	0	0	0	0	0	0	0	0	0	0	0	0	0	0	0	0	0	0	0	0	0	0	0	0	0	0	0	0	0	0	0	0	0	0	0	0	0	0	0	0	0	0	0	0	0	0	0	0	0	0	0	0	0	0	0	0	0	0	0	0	0	0	0	0	0	0	0	0	0	0	0	0	0	0	0	0	0	0	0	0	0	0	0	0	0	0	0	0	0	0	0	0	0	0	0	0	0	0	0	0	0	0	0	0	0	0	0	0	0	0	0	0	0	0	0	0	0	0	0	0	0	0	0	0	0	0	0	0	0	0	0	0	0	0	0	0	0	0	0	0	0	0	0	0	0	0	0	0	0	0	0	0	0	0	0	0	0	0	0	0	0	0	0	0	0	0	0	0	0	0	0	0	0	0	0	0	0	0	0	0	0	0	0	0	0	0	0	0	0	0	0	0	0	0	0	0	0	0	0	0	0	0	0	0	0	0	0	0	0	0	0	0	0	0	0	0	0	0	0	0	0	0	0	0	0	0	0	0	0	0	0	0	0	0	0	0	0	0	0	0	0	83	0	0	0	0	0	0	0	0	0	0	0	0	0	0	0	0	0	0	0	0	0	0	0	0	0	0	0	0	0	0	0	0	0	0	0	0	0	0	0	0	38	0	0	0	0	0	0	0	0	0	0	0	0	0	0	0	43	0	0	0	0	0	0	0	0	0	0	0	0	0	0	0	0	0	0	0	0	0	88	0	0	0	0	0	0	0	0	0	0	0	0	0	0	164	0	0	0	0	0	0	0	0	0	0	0	0	91	0	0	0	0	0	0	0	0	0	0	0	0	0	0	0	0	147	0	0	0	0	0	0	0	0	0	0	0	0	0	1	0	0	0	0	0	0	0	0	0	0	0	0	0	0	0	0	0	0	0	0	0	0	0	0	0	0	0	0	0	0	0	0	0	0	0	0	17	0	0	0	0	202	55	0	0	311	0	0	0	0	0	0	0	0	0	0	96	0	0	0	0	0	156	0	0	0	0	0	0	0	0	0	0	0	0	0	0	0	0	0	145	0	0	0	0	0	0	18	0	0	0	0	72	0	0	0	66	0	0	0	0	0	0	0	0	0	0	125	0	0	0	0	0	0	154	83	0	0	0	0	0	0	104	0	0	0	0	94	0	0	96	0	0	0	0	0	0	0	0	0	39	0	0	0	104	0	306	0	0	0	0	0	0	358	0	0	0	0	0	0	8	0	28	0	28	22	34	0	0	0	0	0	0	0	0	0	0	0	0	0	0	0	0	0	0	0	0	0	138	0	0	0	0	0	0	0	0	0	0	0	0	0	0	0	0	34	0	0	1	0	0	0	135	0	0	0	0	0	49	0	0	0	0	0	81	132	0	94	0	47	4	77	9	28	0	35	13	0	0	4	0	163	0	0	8	65	0	0	0	64	67	0	0	0	0	107	0	0	0	0	0	82	0	0	0	0	0	0	0	24	0	0	0	146	273	0	0	50	0	31	0	69	0	7	0	78	0	0	136	0	0	0	0	0	0	0	0	165	147	0	0	0	0	11	0	0	0	105	0	82	0	0	53	0	0	75	0	101	106	167	61	0	0	165	58	0	0	7	56	83	84	237	50	183	57	275	0	40	58	280	56	0	23	0	154	39	37	0	42	0	99	131	127	0	148	0	0	73	0	82	56	133	98	0	40	122	258	0	0	37	16	52	60	159	205	245	273	0	20	0	40	52	11	26	69	83	97	34	26	0	0	106	153	0	136	0	34	148	112	0	0	0	29	0	0	0	59	0	127	41	0	0	0	3	0	0	236	47	75	0	0	80	96	24	0	0	6	7	41	0	0	31	69	36	0	0	83	209	84	40	31	115	72	69	184	47	70	144	45	30	69	0	0	0	20	0	194	101	76	0	76	13	88	90	98	81	0	0	75	59	0	114	61	61	92	116	205	63	0	217	193	69	9	0	0	85	50	200	152	0	22	118	0	43	19	67	70	0	25	8	26	87	55	92	209	63	99	57	232	50	73	0	153	55	0	202	0	102
60	0	0	0	0	0	0	0	0	0	0	0	0	0	0	0	0	0	0	0	0	0	0	0	0	0	0	0	0	0	0	0	0	0	0	0	0	0	0	0	0	0	0	0	0	0	0	0	0	0	0	0	0	0	0	0	0	0	0	0	0	0	0	0	0	0	0	0	0	0	0	0	0	0	0	0	0	0	0	0	0	0	0	0	0	0	0	0	0	0	0	0	0	0	0	0	0	0	0	0	0	0	0	0	0	0	0	0	0	0	0	0	0	0	0	0	0	0	0	0	0	0	0	0	0	0	0	0	0	0	0	0	0	0	0	0	0	0	0	0	0	0	0	0	0	0	0	0	0	0	0	0	0	0	0	0	0	0	0	0	0	0	0	0	0	0	0	0	0	0	0	0	0	0	0	0	0	0	0	0	0	0	0	0	0	0	0	0	0	0	0	0	0	0	0	0	0	0	0	0	0	0	0	0	0	0	0	0	0	0	0	0	0	0	0	0	0	0	0	0	0	0	0	0	0	0	0	0	0	0	0	0	0	0	0	0	0	0	0	0	0	0	0	0	0	0	0	0	0	0	0	0	0	0	0	0	0	0	0	0	0	0	0	0	0	0	0	0	0	0	0	0	0	0	0	0	0	0	0	0	0	0	0	0	0	0	0	0	0	0	0	0	0	0	0	0	0	0	0	0	0	0	0	0	0	0	0	0	0	0	0	0	0	0	0	0	0	0	0	0	0	0	0	0	0	0	0	0	0	0	0	0	0	0	0	0	0	0	0	0	0	0	0	0	0	0	0	0	0	0	0	0	0	0	0	0	0	0	0	0	0	0	0	0	0	0	0	0	0	0	0	0	0	0	0	0	0	0	0	0	0	0	0	0	0	0	0	0	0	0	0	0	0	0	0	0	0	0	0	0	0	0	0	0	0	0	0	0	0	0	0	0	0	0	0	0	0	0	0	0	0	0	0	0	0	0	0	0	0	0	0	0	0	0	0	0	0	0	0	0	0	0	0	0	142	0	0	0	0	0	0	0	0	0	0	0	0	0	0	0	0	0	0	0	0	0	0	0	0	0	0	0	0	0	0	0	0	0	0	0	0	0	0	0	0	0	0	0	0	0	0	0	0	0	0	0	0	0	0	0	0	60	0	0	0	0	0	0	0	0	0	0	4	0	0	0	0	0	0	0	0	0	0	27	0	0	0	0	0	0	0	0	0	0	0	0	0	0	2	0	0	0	0	0	0	0	0	0	0	0	0	71	0	0	0	0	0	0	0	0	0	0	0	0	0	0	0	0	144	0	0	0	0	0	0	0	0	0	0	0	0	0	66	0	0	0	0	0	0	0	0	0	0	0	0	0	0	0	0	0	0	0	0	0	0	0	0	0	0	0	0	0	0	0	0	0	0	0	0	122	0	0	0	198	152	16	0	0	102	0	0	0	0	0	0	0	0	0	0	44	0	0	0	0	0	63	0	0	0	0	0	0	31	0	0	0	0	0	0	0	0	0	0	193	0	0	0	0	0	0	85	0	0	0	0	95	0	0	0	74	0	0	0	0	0	0	0	0	0	0	4	0	0	0	0	0	0	105	175	0	0	0	0	4	0	48	0	0	0	0	0	0	0	40	0	0	0	0	0	0	0	0	0	97	1	0	0	198	0	193	0	0	0	0	0	0	30	0	0	0	0	0	0	77	0	100	0	32	46	48	0	0	0	0	0	0	0	0	41	0	31	0	0	0	0	0	0	0	0	0	0	57	28	0	0	0	0	0	0	0	0	0	0	19	0	0	0	0	61	0	0	212	0	0	0	64	0	0	0	0	0	63	0	0	0	0	0	52	46	0	39	0	66	28	244	212	135	0	94	0	0	0	116	0	91	0	0	0	155	0	0	0	84	51	0	0	0	0	65	0	0	0	0	0	19	0	0	0	0	0	0	0	285	0	0	0	60	49	0	0	37	0	17	0	120	0	41	0	66	0	0	48	0	0	0	24	0	0	0	0	46	224	0	0	0	0	197	0	0	0	99	0	12	0	0	42	0	0	20	0	1	69	237	76	0	0	29	57	0	0	53	57	169	43	318	142	37	151	74	0	60	33	124	101	0	80	0	96	39	73	0	136	0	24	226	108	0	54	0	0	74	0	227	12	334	248	0	55	90	75	0	0	10	190	20	71	148	9	81	72	0	87	0	427	163	29	72	70	44	67	25	28	0	0	31	54	0	71	0	47	117	146	0	10	0	289	0	0	0	24	0	31	54	0	0	0	0	0	0	76	9	322	0	0	121	63	58	77	0	33	74	153	0	0	72	12	47	0	0	81	87	125	192	66	211	127	27	130	47	159	201	63	45	89	0	0	0	23	0	52	132	69	0	84	1	176	63	246	59	0	0	84	6	0	74	86	103	7	120	93	80	0	121	52	102	18	0	0	57	40	93	67	0	42	163	0	42	89	240	47	0	208	4	87	76	37	134	17	211	42	42	111	94	25	0	129	96	0	37	0	90
61	0	0	0	0	0	0	0	0	0	0	0	0	0	0	0	0	0	0	0	0	0	0	0	0	0	0	0	0	0	0	0	0	0	0	0	0	0	0	0	0	0	0	0	0	0	0	0	0	0	0	0	0	0	0	0	0	0	0	0	0	0	0	0	0	0	0	0	0	0	0	0	0	0	0	0	0	0	0	0	0	0	0	0	0	0	0	0	0	0	0	0	0	0	0	0	0	0	0	0	0	0	0	0	0	0	0	0	0	0	0	0	0	0	0	0	0	0	0	0	0	0	0	0	0	0	0	0	0	0	0	0	0	0	0	0	0	0	0	0	0	0	0	0	0	0	0	0	0	0	0	0	0	0	0	0	0	0	0	0	0	0	0	0	0	0	0	0	0	0	0	0	0	0	0	0	0	0	0	0	0	0	0	0	0	0	0	0	0	0	0	0	0	0	0	0	0	0	0	0	0	0	0	0	0	0	0	0	0	0	0	0	0	0	0	0	0	0	0	0	0	0	0	0	0	0	0	0	0	0	0	0	0	0	0	0	0	0	0	0	0	0	0	0	0	0	0	0	0	0	0	0	0	0	0	0	0	0	0	0	0	0	0	0	0	0	0	0	0	0	0	0	0	0	0	0	0	0	0	0	0	0	0	0	0	0	0	0	0	0	0	0	0	0	0	0	0	0	0	0	0	0	0	0	0	0	0	0	0	0	0	0	0	0	0	0	0	0	0	0	0	0	0	0	0	0	0	0	0	0	0	0	0	0	0	0	0	0	0	0	0	0	0	0	0	0	0	0	0	0	0	0	0	0	0	0	0	0	0	0	0	0	0	0	0	0	0	0	0	0	0	0	0	0	0	0	0	0	0	0	0	0	0	0	0	0	0	0	0	0	0	0	0	0	0	0	0	0	0	0	0	0	0	0	0	0	0	0	0	0	0	0	0	0	0	0	0	0	0	0	0	0	0	0	0	0	0	0	0	0	0	0	0	0	0	9	0	0	0	0	0	0	0	0	37	0	0	0	0	0	0	0	0	0	0	0	0	0	0	0	0	0	0	0	0	0	0	0	0	0	0	0	0	0	0	0	0	0	0	0	0	0	0	0	0	15	0	0	0	0	0	0	0	0	0	0	0	0	0	0	0	33	0	0	0	0	0	0	0	0	0	0	0	0	0	0	0	0	0	0	0	0	0	173	0	0	0	0	0	0	0	0	0	0	0	0	0	0	7	0	0	0	0	0	0	0	0	0	0	0	0	49	0	0	0	0	0	0	0	0	0	0	0	0	0	0	0	0	36	0	0	0	0	0	0	0	0	0	0	0	0	0	27	0	0	0	0	0	0	0	0	0	0	0	0	0	0	0	0	0	0	0	0	0	0	0	0	0	0	0	0	0	0	0	0	0	0	0	0	65	0	0	0	78	313	27	0	0	98	0	0	0	0	0	0	0	0	0	0	37	0	0	0	0	0	104	0	0	0	0	0	0	60	0	0	0	0	0	0	0	0	0	0	22	0	0	0	0	0	0	75	0	0	0	0	30	0	0	0	48	0	0	0	0	0	0	0	0	0	0	251	0	0	0	0	0	0	21	70	0	0	0	0	21	0	41	0	0	0	0	58	0	0	190	0	0	0	0	0	0	0	79	0	24	0	0	0	169	0	27	0	0	0	0	0	0	91	0	0	0	0	0	0	65	0	56	0	25	203	13	0	0	0	0	0	0	0	0	0	0	0	0	0	0	0	0	0	0	0	0	0	76	5	0	0	0	0	0	0	0	0	0	0	0	0	0	0	0	98	0	0	3	0	0	0	50	0	0	0	0	0	116	0	0	0	0	0	145	76	0	40	0	117	67	104	13	91	0	90	19	0	0	27	0	87	0	0	0	141	0	0	0	80	28	6	0	0	0	181	0	8	0	1	0	19	0	0	0	0	0	0	0	13	0	0	0	98	139	29	0	67	0	0	0	132	0	52	0	224	0	0	69	0	61	0	0	0	0	0	0	49	44	0	0	0	0	121	0	0	0	25	0	20	0	0	50	115	0	84	0	112	25	157	95	0	0	28	40	0	0	38	46	46	152	45	148	112	37	83	0	55	107	40	168	0	33	0	35	35	53	0	36	0	23	92	99	0	88	0	0	130	0	99	40	104	108	0	36	18	78	0	0	18	20	5	93	30	82	292	25	0	115	0	58	164	119	41	78	41	235	45	146	0	0	120	234	0	32	21	143	76	30	0	7	0	33	0	0	0	51	0	112	124	0	0	0	0	0	0	48	364	14	0	0	10	118	51	3	0	58	236	31	0	0	50	47	82	0	0	148	66	91	209	104	3	258	89	111	81	90	30	133	237	51	0	0	0	71	0	242	12	98	0	58	143	67	27	19	34	0	0	44	19	0	48	64	31	84	78	124	120	0	141	179	11	125	0	0	85	239	35	7	0	195	141	0	64	0	164	258	0	92	78	294	85	67	70	15	114	122	57	162	55	196	0	107	57	0	59	0	50
62	0	0	0	0	0	0	0	0	0	0	0	0	0	0	0	0	0	0	0	0	0	0	0	0	0	0	0	0	0	0	0	0	0	0	0	0	0	0	0	0	0	0	0	0	0	0	0	0	0	0	0	0	0	0	0	0	0	0	0	0	0	0	0	0	0	0	0	0	0	0	0	0	0	0	0	0	0	0	0	0	0	0	0	0	0	0	0	0	0	0	0	0	0	0	0	0	0	0	0	0	0	0	0	0	0	0	0	0	0	0	0	0	0	0	0	0	0	0	0	0	0	0	0	0	0	0	0	0	0	0	0	0	0	0	0	0	0	0	0	0	0	0	0	0	0	0	0	0	0	0	0	0	0	0	0	0	0	0	0	0	0	0	0	0	0	0	0	0	0	0	0	0	0	0	0	0	0	0	0	0	0	0	0	0	0	0	0	0	0	0	0	0	0	0	0	0	0	0	0	0	0	0	0	0	0	0	0	0	0	0	0	0	0	0	0	0	0	0	0	0	0	0	0	0	0	0	0	0	0	0	0	0	0	0	0	0	0	0	0	0	0	0	0	0	0	0	0	0	0	0	0	0	0	0	0	0	0	0	0	0	0	0	0	0	0	0	0	0	0	0	0	0	0	0	0	0	0	0	0	0	0	0	0	0	0	0	0	0	0	0	0	0	17	0	0	0	0	0	0	0	0	0	0	0	0	0	0	0	0	0	0	0	0	0	0	0	0	0	0	0	0	0	0	0	0	0	0	0	0	0	0	0	0	0	0	0	0	0	0	0	0	0	0	0	0	0	0	0	0	0	0	0	0	0	0	0	0	0	0	0	0	0	0	0	0	0	0	0	0	0	0	0	0	0	0	0	0	0	0	0	0	0	0	0	0	0	0	0	0	0	0	0	0	0	0	0	0	0	0	0	0	0	0	0	0	0	2	0	0	0	0	0	0	0	0	0	0	0	0	0	0	0	0	0	0	0	0	0	0	0	0	0	0	0	0	0	0	0	0	0	0	0	0	54	0	0	0	0	0	0	0	0	0	0	0	0	0	0	0	0	0	0	0	0	0	0	0	0	0	0	0	0	0	0	0	0	0	0	0	0	0	0	0	0	53	0	0	0	0	0	0	0	0	0	0	0	0	0	0	0	215	0	111	0	0	0	0	0	0	0	0	0	0	0	0	0	0	0	0	0	0	0	44	0	0	0	0	0	0	0	0	0	0	0	0	0	0	0	0	0	0	0	0	0	0	0	0	0	0	0	137	0	0	0	0	0	0	0	0	0	0	0	0	0	0	0	0	42	0	0	0	0	0	0	0	0	0	0	0	0	0	28	0	0	0	0	0	0	0	0	0	5	0	0	0	0	0	0	0	0	0	0	0	0	0	0	0	0	0	0	0	0	0	0	0	0	0	0	55	0	0	0	128	23	0	0	0	111	0	0	0	0	0	0	0	0	0	0	13	0	0	0	0	0	405	0	0	0	0	0	0	204	0	0	0	0	0	0	0	0	0	0	333	0	0	0	0	6	0	116	0	0	0	0	135	0	0	0	34	0	0	0	0	0	0	0	0	0	0	82	0	0	0	0	0	0	66	155	0	0	0	0	0	0	129	0	0	0	0	0	0	0	108	0	0	0	25	0	0	0	29	0	33	0	0	0	19	0	51	0	0	0	0	0	0	72	0	0	0	0	0	0	180	0	99	0	116	134	263	0	0	0	0	0	0	0	0	0	0	0	0	0	0	0	0	0	0	0	0	0	57	0	0	0	0	0	0	0	0	0	0	0	0	0	0	0	0	18	0	0	0	0	0	0	129	0	0	0	0	0	48	0	0	0	0	0	232	69	0	34	0	197	156	62	13	301	0	266	0	0	0	11	0	143	0	0	0	30	0	0	0	222	29	0	0	0	0	147	0	0	0	0	0	82	0	0	0	0	0	0	0	194	0	0	0	179	13	5	0	209	0	150	0	127	0	157	0	96	0	0	119	0	0	0	0	0	0	0	0	85	57	0	0	0	0	66	0	0	0	59	0	167	0	0	5	0	0	82	0	36	146	81	47	0	0	37	120	0	0	50	119	171	49	113	127	160	281	43	0	227	221	138	64	0	137	0	147	139	46	0	48	0	86	255	17	0	28	0	0	133	0	28	40	38	70	0	17	223	22	0	0	102	85	17	24	185	134	141	75	0	82	0	108	40	32	128	113	58	85	21	137	0	0	45	14	0	216	0	57	50	218	0	8	0	106	0	0	0	89	0	48	4	0	0	0	0	0	0	98	181	209	0	0	38	55	160	123	0	146	64	89	0	0	91	79	95	0	0	18	61	94	84	80	83	64	129	113	97	42	348	20	111	50	0	0	0	70	0	11	185	176	0	19	84	60	136	30	54	0	0	49	96	0	166	72	62	71	97	194	76	0	73	99	56	208	0	0	143	43	53	163	0	122	89	0	36	126	156	32	0	61	114	76	256	87	79	24	96	200	72	84	34	259	0	156	49	13	108	0	181
63	0	0	0	0	0	0	0	0	0	0	0	0	0	0	0	0	0	0	0	0	0	0	0	0	0	0	0	0	0	0	0	0	0	0	0	0	0	0	0	0	0	0	0	0	0	0	0	0	0	0	0	0	0	0	0	0	0	0	0	0	0	0	0	0	0	0	0	0	0	0	0	0	0	0	0	0	0	0	0	0	0	0	0	0	0	0	0	0	0	0	0	0	0	0	0	0	0	0	0	0	0	0	0	0	0	0	0	0	0	0	0	0	0	0	0	0	0	0	0	0	0	0	0	0	0	0	0	0	0	0	0	0	0	0	0	0	0	0	0	0	0	0	0	0	0	0	0	0	0	0	0	0	0	0	0	0	0	0	0	0	0	0	0	0	0	0	0	0	0	0	0	0	0	0	0	0	0	0	0	0	0	0	0	0	0	0	0	0	0	0	0	0	0	0	0	0	0	0	0	0	0	0	0	0	0	0	0	0	0	0	0	0	0	0	0	0	0	0	0	0	0	0	0	0	0	0	0	0	0	0	0	0	0	0	0	0	0	0	0	0	0	0	0	0	0	0	0	0	0	0	0	0	0	0	0	0	0	0	0	0	0	0	0	0	0	0	0	0	0	0	0	0	0	0	0	0	0	0	0	0	0	0	0	0	0	0	0	0	0	0	0	0	0	0	0	0	0	0	0	0	0	0	0	0	0	0	0	0	0	0	0	0	0	0	0	0	0	0	0	0	0	0	0	0	0	0	0	0	0	0	0	0	0	0	0	0	0	0	0	0	0	0	0	0	0	0	0	0	0	0	0	0	0	0	0	0	0	0	0	0	0	0	0	0	0	0	0	0	0	0	0	0	0	0	0	0	0	0	0	0	0	0	0	0	0	0	0	0	0	0	0	0	0	0	0	0	0	0	0	0	0	0	0	0	0	0	0	0	0	0	0	0	0	0	0	0	0	0	0	0	0	0	0	0	0	0	0	0	0	0	0	0	0	0	0	0	0	0	0	0	0	0	0	208	0	0	0	0	0	0	0	0	0	0	0	0	0	0	0	0	0	0	0	0	0	0	0	0	0	0	0	0	0	0	0	0	0	0	0	0	0	0	0	0	69	0	0	0	0	0	0	0	0	0	0	0	0	0	0	0	290	0	0	0	0	0	0	0	0	0	0	0	0	0	0	0	0	0	0	0	0	0	42	0	0	0	0	0	0	0	0	0	0	0	0	0	0	8	0	0	0	0	0	0	0	0	0	0	0	0	25	0	0	0	0	0	0	0	0	0	0	0	0	0	0	0	0	65	0	0	0	0	0	0	0	0	0	0	0	0	0	0	0	0	0	0	0	0	0	0	0	0	0	0	0	0	0	0	0	0	0	0	0	0	0	0	0	0	0	0	0	0	0	0	0	0	0	0	45	0	0	0	216	26	57	0	0	87	0	0	0	0	0	0	0	0	0	0	150	0	0	0	0	0	61	0	0	0	0	0	0	0	0	0	0	0	0	0	0	0	0	0	31	0	0	0	0	0	0	45	0	0	0	0	25	0	0	0	111	0	0	0	0	0	0	0	0	0	0	131	0	0	0	0	0	0	71	215	0	0	0	0	0	0	85	0	0	0	0	5	0	0	60	0	0	0	0	0	0	0	15	0	98	0	0	0	19	0	114	0	0	0	0	0	0	198	0	0	0	0	0	0	64	0	81	0	425	181	40	0	0	0	0	0	0	0	0	0	0	0	0	0	0	0	0	0	0	0	0	0	44	0	0	0	0	0	0	0	0	0	0	0	0	0	0	0	0	220	0	0	0	0	0	0	23	0	0	0	0	0	157	0	0	0	0	0	148	52	0	43	0	40	71	94	0	306	0	42	13	0	0	267	0	45	0	0	0	104	0	0	0	167	163	0	0	0	0	96	0	145	0	0	0	47	0	0	0	0	0	0	0	73	0	0	0	79	97	165	0	71	0	85	0	24	0	84	0	68	0	0	4	0	41	0	0	0	0	0	0	70	125	0	0	0	0	0	0	0	0	131	0	170	0	0	110	0	0	182	0	85	15	159	213	0	0	128	91	0	0	270	44	158	102	80	59	37	49	177	0	46	26	63	110	0	108	0	44	73	27	0	132	0	155	171	242	11	89	0	0	36	0	120	71	92	23	0	0	48	63	0	0	68	201	101	72	224	27	12	78	0	63	0	21	80	60	138	30	48	89	143	11	0	0	71	299	0	69	0	44	79	160	0	0	0	94	0	0	0	12	0	28	62	0	0	0	0	0	0	205	143	141	0	0	91	228	30	10	0	106	73	33	0	0	129	65	15	0	0	308	46	16	63	91	47	20	90	19	73	202	91	36	115	18	0	0	0	8	0	48	147	101	0	70	346	111	77	91	51	1	0	147	49	0	114	374	130	139	30	55	74	0	13	81	3	170	0	0	137	32	37	36	0	222	37	0	137	91	39	96	0	103	177	14	95	177	20	52	230	126	128	131	75	167	0	119	94	0	83	0	83
64	0	0	0	0	0	0	0	0	0	0	0	0	0	0	0	0	0	0	0	0	0	0	0	0	0	0	0	0	0	0	0	0	0	0	0	0	0	0	0	0	0	0	0	0	0	0	0	0	0	0	0	0	0	0	0	0	0	0	0	0	0	0	0	0	0	0	0	0	0	0	0	0	0	0	0	0	0	0	0	0	0	0	0	0	0	0	0	0	0	0	0	0	0	0	0	0	0	0	0	0	0	0	0	0	0	0	0	0	0	0	0	0	0	0	0	0	0	0	0	0	0	0	0	0	0	0	0	0	0	0	0	0	0	0	0	0	0	0	0	0	0	0	0	0	0	0	0	0	0	0	0	0	0	0	0	0	0	0	0	0	0	0	0	0	0	0	0	0	0	0	0	0	0	0	0	0	0	0	0	0	0	0	0	0	0	0	0	0	0	0	0	0	0	0	0	0	0	0	0	0	0	0	0	0	0	0	0	0	0	0	0	0	0	0	0	0	0	0	0	0	0	0	0	0	0	0	0	0	0	0	0	0	0	0	0	0	0	0	0	0	0	0	0	0	0	0	0	0	0	0	0	0	0	0	0	0	0	0	0	0	0	0	0	0	0	0	0	0	0	0	0	0	0	0	0	0	0	0	0	0	0	0	0	0	0	0	0	0	0	0	0	0	0	0	0	0	18	0	0	0	0	0	0	0	0	0	0	0	0	0	0	0	0	0	0	0	0	0	0	0	0	0	0	0	0	0	0	0	0	0	0	0	0	0	0	0	0	0	0	0	0	0	0	0	0	0	0	0	0	0	0	0	0	0	0	0	0	0	2	0	0	0	0	0	0	0	0	0	0	0	0	0	0	0	0	0	0	0	0	0	0	0	0	0	0	0	0	0	0	0	0	0	0	0	0	0	0	0	0	0	0	0	0	0	0	0	0	0	0	0	0	0	0	0	0	0	0	0	0	0	0	0	0	0	0	0	0	0	0	0	0	0	0	0	0	0	0	0	0	0	0	0	0	90	0	0	0	0	0	0	0	0	0	0	0	0	0	0	0	0	0	0	0	0	0	0	0	0	0	0	0	0	0	0	0	0	0	0	0	0	0	0	0	0	19	0	0	0	0	0	0	0	0	0	0	0	0	0	0	0	283	0	0	0	0	0	0	0	0	0	0	0	0	0	0	0	0	0	0	0	0	0	123	0	0	0	0	0	0	0	0	0	0	0	0	0	0	122	0	0	0	0	0	0	0	0	3	0	0	0	162	0	0	0	0	0	0	0	0	0	0	0	0	0	0	0	0	125	0	0	0	0	0	0	74	0	0	0	0	0	0	122	0	0	0	0	0	0	0	0	0	0	0	0	0	0	0	0	0	2	0	0	0	0	0	0	0	1	0	0	0	0	0	10	0	0	0	0	117	0	0	0	123	44	66	0	0	64	0	0	0	0	0	0	0	0	0	0	0	0	0	0	0	0	176	0	0	0	0	0	0	0	0	0	0	0	0	10	0	0	0	0	157	0	0	0	0	0	0	168	0	63	0	0	22	0	0	0	53	0	0	0	0	0	0	0	0	0	0	76	0	0	0	0	0	0	60	76	0	0	0	0	0	2	10	52	0	0	0	13	0	1	7	0	0	0	0	0	0	0	43	0	35	0	0	0	93	0	52	59	0	0	0	0	0	58	0	0	0	0	0	0	61	0	44	0	167	57	299	0	0	0	0	0	0	0	0	0	0	0	0	0	0	0	0	0	0	0	0	7	144	0	0	0	0	0	0	0	0	0	0	0	0	0	0	0	0	96	0	0	11	0	0	0	225	0	0	0	0	0	107	135	0	0	0	0	82	95	0	136	0	75	18	171	102	78	0	89	0	0	0	68	0	39	0	0	0	234	0	0	0	101	315	0	0	0	0	204	0	55	0	42	0	69	0	0	0	0	0	0	0	85	0	0	0	172	55	54	0	83	0	42	0	99	0	107	0	133	0	0	221	0	27	29	0	0	0	0	0	224	73	0	0	0	0	6	0	0	0	53	0	63	0	0	18	132	0	34	0	71	4	26	51	0	21	92	166	0	0	164	79	46	48	104	129	106	38	68	0	375	30	273	91	0	92	0	140	95	262	0	124	0	65	86	93	0	131	0	0	163	0	150	76	122	66	0	21	9	124	0	0	336	98	309	118	92	30	37	152	0	69	0	32	58	50	81	64	40	97	21	96	0	0	109	109	0	102	0	125	163	92	0	73	0	79	0	0	0	83	0	50	120	0	0	0	0	0	0	69	30	48	0	0	307	83	19	55	0	221	147	77	0	0	42	86	53	0	52	31	78	74	93	111	82	34	46	49	110	36	132	4	27	32	0	0	0	89	0	112	7	26	0	111	45	89	147	33	36	0	0	119	28	0	199	39	191	76	95	48	241	0	184	87	154	160	0	0	113	20	106	30	0	70	131	0	2	191	195	46	0	106	59	145	28	62	18	135	182	78	44	38	28	296	0	24	125	0	213	0	140
65	0	0	0	0	0	0	0	0	0	0	0	0	0	0	0	0	0	0	0	0	0	0	0	0	0	0	0	0	0	0	0	0	0	0	0	0	0	0	0	0	0	0	0	0	0	0	0	0	0	0	0	0	0	0	0	0	0	0	0	0	0	0	0	0	0	0	0	0	0	0	0	0	0	0	0	0	0	0	0	0	0	0	0	0	0	0	0	0	0	0	0	0	0	0	0	0	0	0	0	0	0	0	0	0	0	0	0	0	0	0	0	0	0	0	0	0	0	0	0	0	0	0	0	0	0	0	0	0	0	0	0	0	0	0	0	0	0	0	0	0	0	0	0	0	0	0	0	0	0	0	0	0	0	0	0	0	0	0	0	0	0	0	0	0	0	0	0	0	0	0	0	0	0	0	0	0	0	0	0	0	0	0	0	0	0	0	0	0	0	0	0	0	0	0	0	0	0	0	0	0	0	0	0	0	0	0	0	0	0	0	0	0	0	0	0	0	0	4	0	0	0	0	0	0	0	0	0	0	0	0	0	0	0	0	0	0	0	0	0	0	0	0	0	0	0	0	0	0	0	0	0	0	0	0	0	0	0	0	0	0	0	0	0	0	0	0	0	0	0	0	0	0	0	0	0	0	0	0	0	0	0	0	0	0	0	0	0	0	0	0	0	0	0	0	0	0	0	0	0	0	0	0	0	0	0	0	0	0	0	0	0	0	0	0	0	0	0	0	0	0	0	0	0	0	0	0	0	0	0	0	0	0	0	0	0	0	0	0	0	0	0	0	0	0	0	0	0	0	0	0	0	0	0	0	0	0	0	0	0	0	0	0	0	0	0	0	0	0	0	0	0	0	0	0	0	0	0	0	0	0	0	0	0	0	0	0	0	0	0	0	0	0	0	0	0	0	0	0	0	0	0	0	0	0	0	0	0	0	0	0	0	0	0	0	0	0	0	0	0	0	0	0	0	0	0	0	0	0	0	0	0	0	0	0	0	0	0	0	0	0	0	0	0	59	0	0	0	0	0	0	0	0	0	0	0	0	0	0	0	0	0	0	0	0	0	0	0	0	0	0	0	0	0	0	0	0	0	0	0	0	0	0	0	0	15	0	0	0	0	0	0	0	0	0	0	0	0	0	0	0	183	0	0	0	0	0	0	0	0	0	0	0	0	0	0	0	0	0	0	0	0	0	43	0	0	0	0	0	0	0	0	0	0	0	0	0	0	131	0	0	0	0	0	0	0	0	11	0	0	0	88	0	0	0	0	0	0	0	0	0	0	0	0	0	0	0	0	232	0	0	0	0	0	0	0	0	0	0	0	0	0	83	0	0	0	0	0	0	0	0	0	0	0	0	0	0	0	0	0	0	0	0	0	0	0	0	0	0	0	0	0	0	0	0	0	7	0	0	17	0	0	0	41	176	0	0	0	72	0	0	0	0	0	0	0	0	0	0	17	0	0	0	0	0	121	13	0	0	0	0	0	73	0	0	0	0	0	0	0	0	0	0	316	0	0	0	0	26	0	49	0	0	0	0	168	0	0	0	154	0	0	0	0	0	0	0	0	0	0	2	0	0	0	0	0	0	20	152	0	0	0	0	0	0	193	0	0	0	0	21	0	0	187	0	0	0	0	0	0	79	0	0	80	0	0	0	45	0	169	0	0	0	0	0	0	159	0	0	0	0	0	0	111	0	90	0	76	191	110	0	0	0	0	0	0	0	0	0	0	0	0	0	0	0	0	0	0	0	0	0	45	0	0	0	4	0	0	0	0	0	0	0	6	0	0	0	0	88	0	0	43	0	0	0	297	0	0	0	0	0	138	0	0	0	0	0	57	13	0	79	0	67	60	64	0	47	0	103	68	0	0	76	0	196	0	0	0	69	0	0	0	114	230	0	0	0	0	69	0	0	0	34	0	131	0	0	0	0	0	0	0	166	0	0	0	55	34	137	0	41	0	166	0	112	0	114	0	283	0	0	68	0	9	0	0	0	0	0	0	5	78	0	0	0	0	20	0	0	0	12	0	27	0	0	37	0	0	73	0	16	6	43	222	0	0	202	84	0	0	86	117	110	79	79	160	143	259	98	0	73	103	164	134	0	63	0	93	160	204	0	95	0	68	36	121	0	89	0	0	53	0	60	133	22	38	0	72	24	142	0	0	106	130	139	149	59	31	50	68	0	128	0	170	47	29	28	123	123	289	82	141	0	0	52	62	0	37	0	74	81	72	0	0	0	137	0	0	0	91	0	43	69	0	0	0	0	0	0	167	56	103	0	0	48	92	49	646	0	29	55	7	0	0	107	111	82	0	1	35	109	77	77	181	71	112	97	33	124	38	55	165	59	144	0	0	0	224	0	19	13	111	0	117	44	42	58	44	37	0	0	60	93	0	35	6	66	68	51	20	70	0	71	35	73	181	0	0	61	64	100	93	0	21	197	0	153	41	62	61	0	45	44	67	189	34	203	307	64	87	130	236	98	291	0	21	42	0	151	0	139
66	0	0	0	0	0	0	0	0	0	0	0	0	0	0	0	0	0	0	0	0	0	0	0	0	0	0	0	0	0	0	0	0	0	0	0	0	0	0	0	0	0	0	0	0	0	0	0	0	0	0	0	0	0	0	0	0	0	0	0	0	0	0	0	0	0	0	0	0	0	0	0	0	0	0	0	0	0	0	0	0	0	0	0	0	0	0	0	0	0	0	0	0	0	0	0	0	0	0	0	0	0	0	0	0	0	0	0	0	0	0	0	0	0	0	0	0	0	0	0	0	0	0	0	0	0	0	0	0	0	0	0	0	0	0	0	0	0	0	0	0	0	0	0	0	0	0	0	0	0	0	0	0	0	0	0	0	0	0	0	0	0	0	0	0	0	0	0	0	0	0	0	0	0	0	0	0	0	0	0	0	0	0	0	0	0	0	0	0	0	0	0	0	0	0	0	0	0	0	0	0	0	0	0	0	0	0	0	0	0	0	0	0	0	0	0	0	0	0	0	0	0	0	0	0	0	0	0	0	0	0	0	0	0	0	0	0	0	0	0	0	0	0	0	0	0	0	0	0	0	0	0	0	0	0	0	0	0	0	0	0	0	0	0	0	6	0	0	0	0	0	0	0	0	0	0	0	0	0	0	0	0	0	0	0	0	0	0	0	0	0	0	0	0	0	0	0	0	0	0	0	0	0	0	0	0	0	0	0	0	0	0	0	0	0	0	0	0	0	0	0	0	0	0	0	0	0	0	0	0	0	0	0	0	0	0	0	0	0	0	0	0	0	0	0	0	0	0	0	0	0	0	0	0	0	0	0	0	0	0	0	0	0	0	0	0	0	0	0	0	0	0	0	0	0	0	0	0	0	0	0	0	0	0	0	0	0	0	0	0	0	0	0	0	0	0	0	0	0	0	0	0	0	0	0	0	0	0	0	0	0	0	0	0	0	0	0	0	0	0	0	0	0	0	0	0	0	0	0	0	0	0	0	0	0	0	0	0	0	0	0	0	0	0	195	0	0	0	0	0	0	0	0	0	0	0	0	0	0	0	0	0	0	0	0	0	0	0	0	0	0	0	0	0	0	0	0	0	0	0	0	0	0	0	0	168	0	0	0	0	0	0	0	0	0	0	0	0	0	0	0	31	0	0	0	0	0	0	0	0	0	0	0	0	0	0	0	0	0	0	0	0	0	200	0	0	0	0	0	0	0	0	0	0	0	0	0	0	13	0	0	0	0	0	0	0	0	0	0	0	0	26	0	0	0	0	0	0	0	0	0	0	0	0	0	0	0	0	69	0	0	34	0	0	0	0	0	0	0	0	0	0	63	0	0	0	0	0	0	0	0	0	0	0	0	0	0	0	0	0	0	0	0	0	0	0	0	0	0	0	0	0	0	0	0	0	0	0	0	79	0	0	0	0	108	0	0	0	56	0	0	0	0	0	0	0	0	0	0	0	0	1	0	0	0	7	0	0	0	0	0	0	58	0	0	0	0	0	0	0	0	0	0	74	0	0	0	0	0	0	94	0	0	0	0	113	0	0	0	104	0	0	0	0	0	0	0	0	0	0	200	0	0	0	0	0	0	193	83	0	0	0	0	0	0	23	0	0	0	0	0	0	0	118	0	0	0	0	0	0	0	0	0	65	0	0	0	432	0	38	0	0	0	0	0	0	82	0	0	0	0	0	0	63	0	87	0	460	60	167	0	0	0	0	0	0	0	0	0	0	0	0	0	0	0	0	0	0	0	0	0	252	0	0	0	0	0	0	0	0	0	0	0	0	0	0	0	0	156	0	0	27	0	0	0	138	0	0	0	0	0	59	0	0	0	0	0	32	152	0	146	0	72	84	148	0	36	0	33	0	0	0	41	0	51	0	0	0	53	0	0	0	105	31	0	0	0	0	67	0	0	0	0	0	22	0	0	0	0	0	0	0	38	0	0	0	70	160	13	0	45	0	92	0	57	0	179	0	156	0	0	9	0	25	0	0	0	0	0	0	291	84	0	0	0	0	29	0	0	0	65	0	10	0	0	43	84	0	61	0	60	0	118	68	0	0	30	9	0	0	182	234	93	79	223	143	109	97	45	0	147	88	46	129	0	316	0	210	62	43	0	421	0	39	175	169	0	53	0	0	167	0	125	160	57	37	0	167	15	88	0	0	63	48	209	56	58	72	83	40	0	203	0	191	144	158	22	17	40	152	77	67	0	0	60	118	0	70	0	213	210	159	0	41	0	47	0	0	0	62	0	40	94	0	0	0	0	0	0	215	200	25	0	0	166	144	361	49	0	211	13	110	0	0	38	264	39	0	0	22	89	80	128	108	27	169	219	102	47	112	68	101	166	68	0	0	0	310	0	285	29	323	0	31	162	101	111	101	42	0	0	66	196	0	220	158	18	145	149	98	90	0	241	131	39	55	0	0	40	31	89	14	0	100	60	0	11	112	50	202	0	70	28	105	38	52	201	90	42	48	68	181	47	97	0	126	80	0	103	0	155
67	0	0	0	0	0	0	0	0	0	0	0	0	0	0	0	0	0	0	0	0	0	0	0	0	0	0	0	0	0	0	0	0	0	0	0	0	0	0	0	0	0	0	0	0	0	0	0	0	0	0	0	0	0	0	0	0	0	0	0	0	0	0	0	0	0	0	0	0	0	0	0	0	0	0	0	0	0	0	0	0	0	0	0	0	0	0	0	0	0	0	0	0	0	0	0	0	0	0	0	0	0	0	0	0	0	0	0	0	0	0	0	0	0	0	0	0	0	0	0	0	0	0	0	0	0	0	0	0	0	0	0	0	0	0	0	0	0	0	0	0	0	0	0	0	0	0	0	0	0	0	0	0	0	0	0	0	0	0	0	0	0	0	0	0	0	0	0	0	0	0	0	0	0	0	0	0	0	0	0	0	0	0	0	0	0	0	0	0	0	0	0	0	0	0	0	0	0	0	0	0	0	0	0	0	0	0	0	0	0	0	0	0	0	0	0	0	0	0	0	0	0	0	0	0	0	0	0	0	0	0	0	0	0	0	0	0	0	0	0	0	0	0	0	0	0	0	0	0	0	0	0	0	0	0	0	0	2	0	0	0	0	0	0	0	0	0	0	0	0	0	0	0	0	0	0	0	0	0	0	0	0	0	0	0	0	0	0	0	0	0	0	0	0	0	0	0	0	0	0	0	0	0	0	0	0	0	0	0	0	0	0	0	0	0	0	0	0	0	0	0	0	0	0	0	0	0	0	0	0	0	0	0	0	0	0	0	0	0	0	0	0	0	0	0	0	0	0	0	0	0	0	0	0	0	0	0	0	0	0	0	0	0	0	0	0	0	0	0	0	0	0	0	0	0	0	0	0	0	0	0	0	0	0	0	0	0	0	0	0	0	0	0	0	251	0	0	0	0	0	0	0	0	0	0	0	0	0	0	0	0	0	0	0	0	0	0	0	0	0	0	0	0	0	0	0	0	0	0	0	0	0	0	0	0	0	0	0	0	0	0	0	0	0	5	0	0	0	0	0	0	0	0	0	0	0	0	0	0	0	0	0	0	0	0	0	0	0	0	0	0	0	0	0	0	0	0	0	0	0	0	0	0	0	0	54	0	0	0	0	0	0	0	0	0	0	0	0	0	0	0	388	0	0	0	0	0	0	0	0	0	0	0	0	0	0	0	0	0	0	0	0	0	103	0	0	0	0	0	0	0	0	0	0	0	0	0	0	78	0	0	0	0	0	0	0	0	0	0	0	0	83	0	0	0	0	0	0	0	0	0	0	0	0	0	0	0	0	150	0	0	0	0	0	0	0	0	0	0	0	0	0	17	0	0	0	0	0	0	0	0	0	0	0	0	0	0	0	0	0	0	0	0	0	0	0	0	0	0	0	0	0	0	0	0	0	0	0	0	13	0	0	0	79	116	8	0	0	210	0	0	0	0	0	0	0	0	0	0	0	0	0	0	0	0	74	0	0	0	0	0	0	0	0	0	0	0	0	26	0	0	0	0	37	0	0	0	0	0	0	53	0	4	0	0	297	0	0	0	46	0	0	0	0	0	0	0	0	0	0	3	0	0	0	0	0	0	109	74	0	0	0	0	0	0	151	0	0	0	0	112	0	0	22	0	0	0	0	0	0	0	35	0	177	0	0	0	97	0	83	0	0	0	0	0	0	96	0	0	0	0	0	0	304	0	86	0	114	30	156	0	0	0	0	0	0	0	0	0	0	0	0	0	0	0	0	1	2	0	0	0	0	0	0	0	0	0	0	0	0	0	0	0	1	0	0	0	0	64	0	0	77	0	0	0	72	0	0	0	0	0	32	0	0	0	0	0	5	162	0	38	0	156	36	70	98	19	0	99	0	0	0	120	0	161	0	0	0	97	0	0	0	79	42	0	0	0	0	89	0	0	0	0	0	89	0	0	0	0	0	0	0	49	0	0	0	55	99	85	0	22	0	23	0	12	0	48	0	29	0	0	103	0	29	0	0	0	0	0	0	123	51	0	0	0	0	41	0	0	0	54	0	129	0	0	80	2	0	179	0	8	114	29	109	0	0	8	103	0	0	124	0	13	86	169	123	220	133	51	0	192	35	90	114	0	159	0	243	71	91	0	88	0	88	69	73	0	113	0	0	31	0	226	51	24	53	0	37	160	115	0	0	105	10	102	29	60	186	91	12	0	37	0	42	5	46	171	9	101	75	193	23	0	0	122	61	0	131	0	50	63	14	0	0	0	23	0	0	0	132	0	144	105	0	0	0	0	0	0	93	293	142	0	0	71	109	75	79	0	150	173	166	0	0	100	77	62	0	0	147	65	48	107	38	148	159	73	88	88	20	70	119	100	77	0	0	0	149	0	99	46	82	0	31	33	53	50	30	76	0	0	98	63	0	105	117	107	59	101	51	71	0	10	14	123	56	0	0	130	11	171	178	0	259	80	0	22	139	88	45	0	70	9	52	158	43	92	85	80	73	223	44	44	69	0	119	133	0	41	0	82
68	0	0	0	0	0	0	0	0	0	0	0	0	0	0	0	0	0	0	0	0	0	0	0	0	0	0	0	0	0	0	0	0	0	0	0	0	0	0	0	0	0	0	0	0	0	0	0	0	0	0	0	0	0	0	0	0	0	0	0	0	0	0	0	0	0	0	0	0	0	0	0	0	0	0	0	0	0	0	0	0	0	0	0	0	0	0	0	0	0	0	0	0	0	0	0	0	0	0	0	0	0	0	0	0	0	0	0	0	0	0	0	0	0	0	0	0	0	0	0	0	0	0	0	0	0	0	0	0	0	0	0	0	0	0	0	0	0	0	0	0	0	0	0	0	0	0	0	0	0	0	0	0	0	0	0	0	0	0	0	0	0	0	0	0	0	0	0	0	0	0	0	0	0	0	0	0	0	0	0	0	0	0	0	0	0	0	0	0	0	0	0	0	0	0	0	0	0	0	0	0	0	0	0	0	0	0	0	0	0	0	0	0	0	0	0	0	0	0	0	0	0	0	0	0	0	0	0	0	0	0	0	0	0	0	0	0	0	0	0	0	0	0	0	0	0	0	0	0	0	0	0	0	0	0	0	0	0	0	0	0	0	0	0	0	0	0	0	0	0	0	0	0	0	0	0	0	0	0	0	0	0	0	0	0	0	0	0	0	0	0	0	0	0	0	0	0	0	0	0	0	0	0	0	0	0	0	0	0	0	0	0	0	0	0	0	0	0	0	0	0	0	0	0	0	0	0	0	0	0	0	0	0	0	0	0	0	0	0	0	0	0	0	0	0	0	0	0	0	0	0	0	0	0	0	0	0	0	0	0	0	0	0	0	0	0	0	0	0	0	0	0	0	0	0	0	0	0	0	0	0	0	0	0	0	0	0	0	0	0	0	0	0	0	0	0	0	0	0	0	0	0	0	0	0	0	0	0	0	0	0	1	0	0	0	0	0	0	0	0	0	0	0	0	0	0	0	0	0	0	0	0	0	0	0	0	0	0	0	0	0	0	0	0	13	0	0	0	0	0	0	0	0	0	0	0	0	0	0	0	0	0	0	0	0	0	0	0	0	0	0	0	0	0	0	0	0	0	0	0	0	0	0	0	0	211	0	0	0	0	0	0	0	0	0	0	0	0	0	0	0	18	0	0	0	0	0	0	0	0	0	0	0	0	0	9	0	0	0	0	0	0	0	122	0	0	0	0	0	0	0	0	0	0	0	0	0	0	29	0	0	0	0	0	0	0	0	0	0	0	0	2	0	0	0	0	0	0	0	0	0	0	0	0	0	0	0	0	59	0	0	0	0	0	0	0	0	0	0	0	0	0	0	0	0	0	0	0	0	0	0	0	0	0	0	0	0	0	0	0	0	0	0	0	0	0	0	0	0	0	0	0	0	0	0	0	0	0	0	159	0	0	12	39	205	0	0	0	28	0	0	0	0	0	0	0	0	0	0	193	0	0	0	0	0	106	0	0	0	0	0	0	75	0	0	0	0	0	0	0	0	0	0	122	0	0	0	0	0	0	45	0	0	0	0	235	0	0	0	76	0	0	0	0	0	0	0	0	16	0	80	0	0	0	0	0	0	194	20	0	0	0	0	0	0	102	0	0	0	0	2	0	0	63	0	0	0	0	0	0	13	25	0	198	0	0	0	134	0	236	0	0	0	0	0	0	191	0	0	0	0	0	0	199	0	86	0	90	73	69	0	0	0	0	0	0	0	0	0	0	0	41	0	0	0	0	0	0	0	0	0	21	0	0	0	0	0	0	0	0	0	0	0	0	0	0	0	0	79	0	0	36	0	0	0	211	0	0	0	0	0	79	0	0	0	0	0	147	293	0	116	0	54	13	97	0	248	0	77	30	0	0	71	0	94	0	0	0	177	0	0	0	140	122	40	0	0	0	414	0	0	0	0	0	221	0	0	0	0	0	0	0	129	0	0	0	33	8	12	0	151	0	41	0	121	0	19	0	82	0	0	19	0	0	31	0	0	0	0	0	24	73	0	0	0	0	56	0	0	0	9	0	73	0	0	23	56	0	36	0	24	38	189	164	0	0	68	18	17	0	286	47	54	203	141	175	76	26	69	0	35	275	38	71	0	54	0	92	165	47	0	106	0	38	111	163	0	46	0	0	98	0	57	150	151	411	0	137	92	75	0	0	100	74	177	141	43	234	160	133	0	141	17	57	130	137	87	55	98	42	208	81	0	0	159	86	0	34	34	167	29	194	0	0	0	89	0	0	0	106	0	108	55	0	0	0	0	0	0	111	57	77	0	0	294	162	54	75	0	62	87	136	0	0	103	31	53	0	0	180	27	26	37	263	135	77	161	67	69	165	218	196	79	59	0	0	0	77	0	66	58	83	0	140	35	143	141	97	118	0	0	71	136	0	130	32	54	69	72	96	54	0	135	67	28	89	0	0	28	62	27	94	0	100	282	0	147	95	101	99	0	46	19	107	107	93	88	220	88	67	264	49	27	138	0	14	328	0	48	0	15
69	0	0	0	0	0	0	0	0	0	0	0	0	0	0	0	0	0	0	0	0	0	0	0	0	0	0	0	0	0	0	0	0	0	0	0	0	0	0	0	0	0	0	0	0	0	0	0	0	0	0	0	0	0	0	0	0	0	0	0	0	0	0	0	0	0	0	0	0	0	0	0	0	0	0	0	0	0	0	0	0	0	0	0	0	0	0	0	0	0	0	0	0	0	0	0	0	0	0	0	0	0	0	0	0	0	0	0	0	0	0	0	0	0	0	0	0	0	0	0	0	0	0	0	0	0	0	0	0	0	0	0	0	0	0	0	0	0	0	0	0	0	0	0	0	0	0	0	0	0	0	0	0	0	0	0	0	0	0	0	0	0	0	0	0	0	0	0	0	0	0	0	0	0	0	0	0	0	0	0	0	0	0	0	0	0	0	0	0	0	0	0	0	0	0	0	0	0	0	0	0	0	0	0	0	0	0	0	0	0	0	0	0	0	0	0	0	0	0	0	0	0	0	0	0	0	0	0	0	0	0	0	0	0	0	0	0	0	0	0	0	0	0	0	0	0	0	0	0	0	0	0	0	0	0	0	0	0	0	0	0	0	0	0	0	0	0	0	0	0	0	0	0	0	0	0	0	0	0	0	0	0	0	0	0	0	0	0	0	0	0	0	0	0	0	0	0	0	0	0	0	0	0	0	0	0	0	0	0	0	0	0	0	0	0	0	0	0	0	0	0	0	0	0	0	0	0	0	0	0	0	0	0	0	0	0	0	0	0	0	0	0	0	0	0	0	0	0	0	0	0	0	0	0	0	0	0	0	0	0	0	0	0	0	0	0	0	0	0	0	0	0	0	0	0	0	0	0	0	0	0	0	0	0	0	0	0	0	0	0	0	0	0	0	0	0	0	0	0	0	0	0	0	0	0	0	0	0	0	0	0	0	0	0	0	0	0	0	0	0	0	0	0	0	0	0	0	0	0	0	0	0	0	0	0	0	0	0	0	0	0	0	0	0	18	0	0	0	0	0	0	0	0	0	0	0	0	0	0	0	0	0	0	0	0	0	0	0	0	0	0	0	0	0	0	0	0	0	0	0	0	0	0	0	0	149	0	0	0	0	0	0	0	0	0	0	0	0	0	0	0	27	0	0	0	0	0	0	0	0	0	0	0	0	0	0	0	0	0	0	0	0	0	228	0	0	0	0	0	0	0	0	0	0	0	0	0	0	0	0	0	0	0	0	0	0	0	0	0	0	0	144	0	0	0	0	0	0	0	0	0	0	0	0	0	0	0	0	69	1	0	0	0	0	0	0	0	0	0	0	0	0	0	0	0	0	0	0	0	0	0	0	0	0	0	0	0	0	0	0	0	0	0	0	0	0	0	0	0	0	0	0	0	0	0	0	0	0	0	51	0	0	0	27	81	218	0	0	271	0	0	0	0	0	0	0	0	0	0	0	0	0	0	0	0	138	0	0	0	0	0	0	54	0	0	0	0	0	0	0	0	0	0	167	0	0	0	0	0	0	92	0	7	0	0	77	0	0	0	60	0	0	0	0	0	0	0	0	0	0	35	0	0	0	0	0	0	200	167	0	0	0	0	0	0	31	0	0	0	0	146	0	0	109	0	0	0	0	0	0	0	79	0	115	0	0	0	0	0	215	0	0	0	0	0	0	65	0	0	0	0	0	0	37	0	26	0	28	56	43	33	0	0	0	0	0	0	0	0	0	0	0	0	0	0	0	0	0	0	0	0	1	0	0	0	0	0	0	0	0	0	0	0	25	0	0	0	0	54	0	0	8	0	0	0	54	0	0	0	0	0	176	0	0	0	0	0	79	85	0	62	0	98	50	272	49	55	0	70	0	0	0	280	0	45	0	0	0	148	0	0	0	34	10	0	0	0	0	16	0	0	0	0	0	47	0	0	0	0	0	0	0	116	0	0	0	101	165	22	0	83	0	96	0	71	0	394	0	83	0	0	24	0	0	0	0	0	0	0	0	212	83	0	0	0	0	205	0	0	0	72	0	217	0	0	123	0	13	134	0	115	72	34	75	0	0	106	112	0	0	56	108	138	103	90	195	37	119	50	0	34	71	153	39	0	43	0	106	35	71	0	108	0	97	107	223	0	228	0	0	26	0	27	82	70	34	0	73	20	277	0	0	70	268	80	50	31	189	122	72	0	124	0	188	103	143	26	68	39	83	185	103	0	0	73	46	0	62	0	49	61	158	0	0	0	105	0	0	0	3	0	84	71	0	0	0	0	0	0	6	204	52	0	0	131	40	119	87	0	38	45	109	0	0	17	33	184	0	0	175	130	144	38	89	81	390	132	18	143	9	128	57	68	44	0	0	0	38	0	193	169	191	0	84	133	35	109	12	112	0	0	75	77	0	50	81	167	213	35	66	78	0	75	54	240	178	0	0	88	157	88	45	0	97	185	0	68	4	92	38	0	205	51	96	38	70	321	116	314	105	60	158	91	58	0	63	13	0	76	0	31
70	0	0	0	0	0	0	0	0	0	0	0	0	0	0	0	0	0	0	0	0	0	0	0	0	0	0	0	0	0	0	0	0	0	0	0	0	0	0	0	0	0	0	0	0	0	0	0	0	0	0	0	0	0	0	0	0	0	0	0	0	0	0	0	0	0	0	0	0	0	0	0	0	0	0	0	0	0	0	0	0	0	0	0	0	0	0	0	0	0	0	0	0	0	0	0	0	0	0	0	0	0	0	0	0	0	0	0	0	0	0	0	0	0	0	0	0	0	0	0	0	0	0	0	0	0	0	0	0	0	0	0	0	0	0	0	0	0	0	0	0	0	0	0	0	0	0	0	0	0	0	0	0	0	0	0	0	0	0	0	0	0	0	0	0	0	0	0	0	0	0	0	0	0	0	0	0	0	0	0	0	0	0	0	0	0	0	0	0	0	0	0	0	0	0	0	0	0	0	0	0	0	0	0	0	0	0	0	0	0	0	0	0	0	0	0	0	0	0	0	0	0	0	0	0	0	0	0	0	0	0	0	0	0	0	0	0	0	0	0	0	0	0	0	0	0	0	0	0	0	0	0	0	0	0	0	0	0	0	0	0	0	0	0	0	0	0	0	0	0	0	0	0	0	0	0	0	0	0	0	0	0	0	0	0	0	0	0	0	0	0	0	0	0	0	0	0	0	0	0	0	0	0	0	0	0	0	0	0	0	0	0	0	0	0	0	0	0	0	0	0	0	0	0	0	0	0	0	0	0	0	0	0	0	0	0	0	0	0	0	0	0	0	0	0	0	0	0	0	0	0	0	0	0	0	0	0	0	0	0	0	0	0	0	0	0	0	0	0	0	0	0	0	0	0	0	0	0	0	0	0	0	0	0	0	0	0	0	0	0	0	0	0	0	0	0	0	0	0	0	0	0	0	0	0	0	0	0	0	0	0	0	0	0	0	0	0	0	0	0	0	0	0	0	0	0	0	0	0	0	0	0	0	0	0	0	0	0	0	0	0	0	0	0	29	0	0	0	0	0	0	0	0	0	0	0	0	0	0	0	0	0	0	0	0	0	0	0	0	0	0	0	0	0	0	0	0	0	0	0	0	0	0	0	0	126	0	0	0	0	0	0	0	0	0	0	0	0	0	0	0	177	0	0	0	0	0	0	0	0	0	0	0	0	0	0	0	0	0	0	0	0	0	203	0	0	0	0	0	0	0	0	0	0	0	0	0	0	20	0	0	0	0	0	0	0	0	0	0	0	0	91	0	0	0	0	0	0	0	0	0	0	0	0	0	0	0	0	110	0	0	0	0	0	0	0	0	0	0	0	0	0	78	0	0	0	0	0	0	0	0	0	0	0	0	0	0	0	0	0	0	0	0	0	0	0	0	0	0	0	0	0	0	0	0	0	0	0	0	23	0	0	0	138	30	11	0	0	27	0	0	0	0	0	0	0	0	0	0	0	0	0	0	0	0	154	0	0	0	0	0	0	39	0	0	0	0	0	0	0	0	0	0	72	0	0	0	0	5	0	99	0	0	0	0	67	0	0	0	156	0	0	0	0	0	0	0	0	0	0	210	0	0	0	0	0	0	37	112	0	0	0	0	0	0	62	0	0	0	0	15	0	0	84	0	0	0	0	0	0	0	101	0	56	0	0	0	99	0	168	0	0	0	0	0	0	157	0	0	0	0	0	0	155	0	125	0	151	79	37	0	0	0	0	0	0	0	0	0	0	0	0	0	0	0	0	0	0	0	0	1	55	0	0	0	0	0	0	0	0	0	0	0	0	0	0	0	0	49	0	0	77	0	0	0	62	0	0	0	0	0	185	0	0	0	0	0	133	67	0	87	0	178	0	47	130	76	0	100	32	0	0	72	0	111	0	0	0	110	0	0	0	164	124	19	0	0	0	248	0	24	0	0	0	35	0	0	0	0	0	0	0	70	0	0	0	90	49	51	0	35	0	86	0	97	0	30	0	56	0	0	63	0	2	77	0	0	0	0	0	29	110	0	0	0	0	25	0	0	0	113	0	80	0	0	168	60	0	215	0	19	50	16	169	0	0	83	95	0	0	135	145	36	117	35	159	134	84	41	0	44	36	42	84	0	68	0	65	114	192	0	318	0	24	2	46	0	147	0	0	65	0	207	65	47	151	0	43	80	119	0	0	62	171	27	21	200	146	129	52	0	43	0	133	76	39	173	42	71	14	225	116	0	0	17	30	18	56	26	78	89	165	3	0	0	152	0	0	0	42	0	93	207	0	0	0	0	0	0	122	95	262	0	0	66	82	64	73	0	98	61	62	0	0	40	18	16	0	0	278	129	51	131	37	13	36	148	106	127	13	52	49	147	26	0	0	0	86	0	120	19	145	0	12	116	181	98	84	19	0	0	26	61	0	128	90	89	94	29	105	167	0	115	56	52	129	19	0	91	22	180	67	0	91	51	0	115	275	185	284	0	24	69	463	197	93	106	16	87	45	116	123	153	52	0	53	56	0	180	0	23
71	0	0	0	0	0	0	0	0	0	0	0	0	0	0	0	0	0	0	0	0	0	0	0	0	0	0	0	0	0	0	0	0	0	0	0	0	0	0	0	0	0	0	0	0	0	0	0	0	0	0	0	0	0	0	0	0	0	0	0	0	0	0	0	0	0	0	0	0	0	0	0	0	0	0	0	0	0	0	0	0	0	0	0	0	0	0	0	0	0	0	0	0	0	0	0	0	0	0	0	0	0	0	0	0	0	0	0	0	0	0	0	0	0	0	0	0	0	0	0	0	0	0	0	0	0	0	0	0	0	0	0	0	0	0	0	0	0	0	0	0	0	0	0	0	0	0	0	0	0	0	0	0	0	0	0	0	0	0	0	0	0	0	0	0	0	0	0	0	0	0	0	0	0	0	0	0	0	0	0	0	0	0	0	0	0	0	0	0	0	0	0	0	0	0	0	0	0	0	0	0	0	0	0	0	0	0	0	0	0	0	0	0	0	0	0	0	0	0	0	0	0	0	0	0	0	0	0	0	0	0	0	0	0	0	0	0	0	0	0	0	0	0	0	0	0	0	0	0	0	0	0	0	0	0	0	0	0	0	0	0	0	0	0	0	0	0	0	0	0	0	0	0	0	0	0	0	0	0	0	0	0	0	0	0	0	0	0	0	0	0	0	0	0	0	0	0	0	0	0	0	0	0	0	0	0	0	0	0	0	0	0	0	0	0	0	0	0	0	0	0	0	0	0	0	0	0	0	0	0	0	0	0	0	0	0	0	0	0	0	0	0	0	0	0	0	0	0	0	0	0	0	0	0	0	0	0	0	0	0	0	0	0	0	0	0	0	0	0	0	0	0	0	0	0	0	0	0	0	0	0	0	0	0	0	0	0	0	0	0	0	0	0	0	0	0	0	0	0	0	0	0	0	0	0	0	0	0	0	0	0	0	0	0	0	0	0	0	0	0	0	0	0	0	0	0	0	0	0	0	0	0	0	0	0	0	0	0	0	0	0	0	0	0	64	0	0	0	0	0	0	0	0	0	0	0	0	0	0	0	0	0	0	0	0	0	0	0	0	0	0	0	0	0	0	0	0	0	0	0	0	0	0	0	0	93	0	0	0	0	0	0	0	0	0	0	0	0	0	0	0	112	0	0	0	0	0	0	0	0	0	0	0	0	0	0	0	0	0	0	0	0	0	125	0	0	0	0	0	0	0	0	0	0	0	0	0	0	6	0	0	0	0	0	0	0	0	0	0	0	0	19	0	0	0	0	0	0	0	0	0	0	0	0	0	0	0	0	114	0	0	0	0	0	0	0	0	0	0	0	0	0	14	0	0	0	0	0	0	0	0	0	0	0	0	0	0	0	0	0	0	0	0	0	0	0	0	0	0	0	0	0	0	0	0	0	22	0	0	93	0	0	0	2	55	0	0	0	55	0	0	0	0	0	0	0	0	0	0	0	0	0	0	0	0	101	0	0	0	0	0	0	0	0	0	0	0	0	0	0	0	0	0	43	0	0	0	0	0	0	74	0	0	0	0	98	0	0	0	12	0	0	0	0	0	0	0	0	0	0	0	0	0	0	0	0	0	138	312	0	0	0	0	0	0	91	0	0	0	0	35	0	0	53	0	0	0	0	0	0	0	158	0	32	0	0	0	97	0	66	0	0	0	0	0	0	102	0	0	0	0	0	0	296	0	128	0	63	291	54	0	0	0	0	88	0	0	0	0	0	0	0	0	0	0	0	0	0	0	0	0	542	0	0	0	0	0	0	0	0	0	0	0	3	0	0	0	0	160	0	8	78	0	0	0	81	0	0	0	0	0	148	0	0	0	0	0	85	88	0	36	0	139	41	33	39	73	0	163	57	0	0	132	0	132	0	0	0	121	0	0	0	177	77	0	0	0	0	101	0	0	0	0	0	112	0	0	0	0	0	0	0	89	0	0	0	39	137	48	0	42	0	59	0	55	0	41	0	82	0	0	228	0	0	0	0	0	0	0	0	9	87	0	0	0	0	29	0	0	0	164	0	33	0	0	145	404	0	83	0	16	26	228	156	0	0	106	175	0	0	145	76	43	40	24	38	112	59	185	0	219	88	63	48	0	22	0	112	23	47	0	182	0	104	117	53	0	17	0	0	23	0	7	72	106	120	0	86	21	40	0	0	15	96	71	109	53	345	20	10	0	171	0	37	82	14	99	75	94	199	37	76	0	0	25	29	0	6	0	253	13	39	0	0	0	244	0	0	0	27	0	13	245	0	0	0	0	0	0	86	147	43	0	0	78	61	29	59	0	151	3	35	0	0	124	140	99	0	0	47	69	18	151	244	148	25	33	168	26	106	60	126	85	47	0	0	0	65	0	68	44	63	0	341	217	194	73	70	10	0	0	197	38	0	78	43	85	70	137	145	16	0	250	65	100	168	0	0	50	95	107	184	0	51	198	0	50	86	135	134	0	57	199	252	134	123	44	142	301	202	73	237	18	217	0	145	13	0	40	0	35
72	0	0	0	0	0	0	0	0	0	0	0	0	0	0	0	0	0	0	0	0	0	0	0	0	0	0	0	0	0	0	0	0	0	0	0	0	0	0	0	0	0	0	0	0	0	0	0	0	0	0	0	0	0	0	0	0	0	0	0	0	0	0	0	0	0	0	0	0	0	0	0	0	0	0	0	0	0	0	0	0	0	0	0	0	0	0	0	0	0	0	0	0	0	0	0	0	0	0	0	0	0	0	0	0	0	0	0	0	0	0	0	0	0	0	0	0	0	0	0	0	0	0	0	0	0	0	0	0	0	0	0	0	0	0	0	0	0	0	0	0	0	0	0	0	0	0	0	0	0	0	0	0	0	0	0	0	0	0	0	0	0	0	0	0	0	0	0	0	0	0	0	0	0	0	0	0	0	0	0	0	0	0	0	0	0	0	0	0	0	0	0	0	0	0	0	0	0	0	0	0	0	0	0	0	0	0	0	0	0	0	0	0	0	0	0	0	0	0	0	0	0	0	0	0	0	0	0	0	0	0	0	0	0	0	0	0	0	0	0	0	0	0	0	0	0	0	0	0	0	0	0	0	0	0	0	0	0	0	0	0	0	0	0	0	0	0	0	0	0	0	0	0	0	0	0	0	0	0	0	0	0	0	0	0	0	0	0	0	0	0	0	0	0	0	0	0	0	0	0	0	0	0	0	0	0	0	0	0	0	0	0	0	0	0	0	0	0	0	0	0	0	0	0	0	0	0	0	0	0	0	0	0	0	0	0	0	0	0	0	0	0	0	0	0	0	0	0	0	0	0	0	0	0	0	0	0	0	0	0	0	0	0	0	0	0	0	0	0	0	0	0	0	0	0	0	0	0	0	0	0	0	0	0	0	0	0	0	0	0	0	0	0	0	0	0	0	0	0	0	0	0	0	0	0	0	0	0	0	0	0	0	0	0	0	0	0	0	0	0	0	0	0	0	0	0	0	0	0	0	0	0	0	0	0	0	0	0	0	0	0	0	0	0	35	0	0	0	0	0	0	0	0	0	0	0	0	0	0	0	0	0	0	0	0	0	0	0	0	0	0	0	0	0	0	0	0	0	0	0	0	0	0	0	0	126	0	0	0	0	0	0	0	0	0	0	0	0	0	0	0	138	0	0	0	0	0	0	0	0	0	0	0	0	0	0	0	0	0	0	0	0	0	94	0	0	0	0	0	0	0	0	0	0	0	0	0	0	54	0	0	0	0	0	0	0	0	0	0	0	0	187	0	0	0	0	0	0	0	0	0	0	0	0	0	0	0	0	37	0	0	0	0	0	0	0	0	0	0	0	0	0	42	0	0	0	0	0	0	0	0	0	0	0	0	0	0	0	0	0	0	0	0	0	0	0	0	0	0	0	0	0	0	0	0	0	0	0	0	100	0	0	0	26	1	7	0	0	148	0	0	0	0	0	0	0	0	0	0	50	0	0	0	0	0	49	0	0	0	0	0	0	147	0	0	0	0	0	0	0	0	0	0	20	0	0	0	0	0	0	29	0	54	0	0	108	0	0	0	33	0	0	0	0	0	0	0	0	0	0	138	0	0	0	0	0	0	29	84	0	0	0	0	0	0	47	0	0	0	0	19	0	0	248	0	0	0	0	0	1	0	32	0	83	0	0	0	205	0	64	0	0	0	0	0	0	75	0	0	0	0	0	0	5	0	49	0	27	150	173	0	0	0	0	0	0	0	0	0	0	0	0	0	0	0	0	0	0	0	0	0	31	9	0	0	0	0	0	0	0	0	0	0	0	0	0	0	0	184	0	0	211	0	0	0	20	0	0	0	0	0	71	0	0	0	0	0	18	16	0	110	0	61	147	256	3	187	0	107	12	0	0	80	0	234	0	0	0	20	0	0	0	124	95	0	0	1	0	8	0	0	0	0	0	15	0	0	0	0	0	0	0	188	0	0	0	76	23	56	0	189	0	109	0	97	0	35	0	74	0	0	91	0	117	0	0	0	0	0	0	192	60	0	0	0	0	118	0	0	0	87	0	205	0	0	50	18	0	280	0	18	12	23	159	0	0	64	253	0	0	35	44	90	67	80	182	39	83	110	0	48	116	82	43	0	80	0	58	34	13	0	90	0	92	35	221	0	94	0	0	31	0	122	219	267	108	0	19	376	168	0	0	48	53	177	163	127	122	107	26	0	63	0	169	67	148	46	166	65	168	24	84	0	0	119	143	0	68	0	87	21	177	0	32	0	64	0	0	0	119	0	98	238	0	0	0	0	0	0	24	73	62	0	0	23	207	72	18	0	90	142	80	27	0	68	18	147	0	0	4	208	101	175	253	126	123	14	65	101	111	120	36	110	13	0	0	0	108	0	132	140	86	0	66	160	208	55	83	27	0	0	83	169	0	84	249	188	176	158	24	92	0	136	48	15	135	0	0	122	49	155	52	0	60	110	0	4	41	135	118	0	188	85	50	48	36	30	269	104	73	111	169	48	40	0	71	120	0	93	0	76
73	0	0	0	0	0	0	0	0	0	0	0	0	0	0	0	0	0	0	0	0	0	0	0	0	0	0	0	0	0	0	0	0	0	0	0	0	0	0	0	0	0	0	0	0	0	0	0	0	0	0	0	0	0	0	0	0	0	0	0	0	0	0	0	0	0	0	0	0	0	0	0	0	0	0	0	0	0	0	0	0	0	0	0	0	0	0	0	0	0	0	0	0	0	0	0	0	0	0	0	0	0	0	0	0	0	0	0	0	0	0	0	0	0	0	0	0	0	0	0	0	0	0	0	0	0	0	0	0	0	0	0	0	0	0	0	0	0	0	0	0	0	0	0	0	0	0	0	0	0	0	0	0	0	0	0	0	0	0	0	0	0	0	0	0	0	0	0	0	0	0	0	0	0	0	0	0	0	0	0	0	0	0	0	0	0	0	0	0	0	0	0	0	0	0	0	0	0	0	0	0	0	0	0	0	0	0	0	0	0	0	0	0	0	0	0	0	0	0	0	0	0	0	0	0	0	0	0	0	0	0	0	0	0	0	0	0	0	0	0	0	0	0	0	0	0	0	0	0	0	0	0	0	0	0	0	0	0	0	0	0	0	0	0	0	0	0	0	0	0	0	0	0	0	0	0	0	0	0	0	0	0	0	0	0	0	0	0	0	0	0	0	0	0	0	0	0	0	0	0	0	0	0	0	0	0	0	0	0	0	0	0	0	0	0	0	0	0	0	0	0	0	0	0	0	0	0	0	0	0	0	0	0	0	0	0	0	0	0	0	0	0	0	0	0	0	0	0	0	0	0	0	0	0	0	0	0	0	0	0	0	0	0	0	0	0	0	0	0	0	0	0	0	0	0	0	0	0	0	0	0	0	0	0	0	0	0	0	0	0	0	0	0	0	0	0	0	0	0	0	0	0	0	0	0	0	0	0	0	0	0	0	0	0	0	0	0	0	0	0	0	0	0	0	0	0	0	0	0	0	0	0	0	0	0	0	0	0	0	0	0	0	0	0	10	0	0	0	0	0	0	0	0	0	0	0	0	0	0	0	0	0	0	0	0	0	0	0	0	0	0	0	0	0	0	0	0	0	0	0	0	0	0	0	0	40	0	0	0	0	0	0	0	0	0	0	0	0	0	0	0	80	0	0	0	0	0	0	0	0	0	0	0	0	0	0	0	0	0	0	0	0	0	86	0	0	0	0	0	0	0	0	0	0	0	0	0	0	4	0	0	0	0	0	0	0	0	0	0	0	0	32	0	0	0	0	0	0	0	0	0	0	0	0	0	0	0	0	109	0	0	0	0	0	0	0	0	0	0	0	0	0	26	0	0	0	0	0	0	0	0	0	0	0	0	0	0	0	0	0	0	0	0	0	0	0	0	0	0	0	0	0	0	0	0	0	0	0	0	318	0	0	0	148	139	143	0	0	161	0	0	0	0	0	0	0	0	0	0	0	0	0	0	0	0	233	0	0	0	0	0	0	30	0	0	0	0	0	0	0	0	0	0	169	0	0	0	0	14	0	80	0	119	0	0	116	0	0	0	186	0	0	0	0	0	0	0	0	0	0	146	0	0	0	0	0	0	67	134	0	0	0	0	0	0	159	0	0	0	0	38	0	0	24	0	0	0	0	0	0	0	121	0	161	0	0	0	129	0	43	0	0	0	0	0	0	120	0	0	0	0	0	0	82	0	75	0	209	189	7	0	0	0	0	0	0	0	0	0	0	0	0	0	0	0	0	0	0	0	0	0	92	0	0	0	0	0	0	0	0	0	0	0	0	0	0	0	0	64	0	0	8	0	0	0	61	0	2	0	0	0	146	0	0	0	0	0	122	174	0	57	0	74	147	60	0	82	0	573	0	0	0	27	0	144	0	0	0	104	0	0	0	166	79	0	0	0	0	142	0	0	0	44	0	110	0	0	0	0	0	0	0	199	0	1	0	17	126	1	0	4	0	101	0	30	0	43	0	53	0	0	30	0	0	0	0	0	0	0	0	130	136	0	0	0	0	87	0	0	0	27	0	79	0	0	316	0	0	530	0	103	0	128	311	0	0	124	130	0	0	78	21	44	72	48	52	91	46	255	0	37	23	97	26	0	119	0	9	87	27	0	109	0	115	85	77	0	199	0	0	49	0	157	189	103	144	0	68	236	147	0	0	37	99	140	103	44	57	64	21	0	175	0	232	217	122	38	140	36	152	75	73	0	0	15	47	0	167	0	61	116	37	0	10	0	236	0	0	0	73	0	71	55	0	0	0	0	0	0	76	36	84	0	0	135	124	39	34	0	29	28	180	0	0	117	143	88	0	0	137	58	82	52	156	73	91	109	39	227	198	3	44	78	55	0	0	0	167	0	21	96	8	0	89	142	217	103	37	132	0	0	60	136	0	73	95	171	160	36	167	44	0	75	124	18	131	0	0	138	106	130	16	0	178	110	0	269	97	96	91	0	64	172	20	22	139	65	47	246	98	60	117	245	45	0	17	60	0	6	0	6
74	0	0	0	0	0	0	0	0	0	0	0	0	0	0	0	0	0	0	0	0	0	0	0	0	0	0	0	0	0	0	0	0	0	0	0	0	0	0	0	0	0	0	0	0	0	0	0	0	0	0	0	0	0	0	0	0	0	0	0	0	0	0	0	0	0	0	0	0	0	0	0	0	0	0	0	0	0	0	0	0	0	0	0	0	0	0	0	0	0	0	0	0	0	0	0	0	0	0	0	0	0	0	0	0	0	0	0	0	0	0	0	0	0	0	0	0	0	0	0	0	0	0	0	0	0	0	0	0	0	0	0	0	0	0	0	0	0	0	0	0	0	0	0	0	0	0	0	0	0	0	0	0	0	0	0	0	0	0	0	0	0	0	0	0	0	0	0	0	0	0	0	0	0	0	0	0	0	0	0	0	0	0	0	0	0	0	0	0	0	0	0	0	0	0	0	0	0	0	0	0	0	0	0	0	0	0	0	0	0	0	0	0	0	0	0	0	0	0	0	0	0	0	0	0	0	0	0	0	0	0	0	0	0	0	0	0	0	0	0	0	0	0	0	0	0	0	0	0	0	0	0	0	0	0	0	0	0	0	0	0	0	0	0	0	0	0	0	0	0	0	0	0	0	0	0	0	0	0	0	0	0	0	0	0	0	0	0	0	0	0	0	0	0	0	0	0	0	0	0	0	0	0	0	0	0	0	0	0	0	0	0	0	0	0	0	0	0	0	0	0	0	0	0	0	0	0	0	0	0	0	0	0	0	0	0	0	0	0	0	0	0	0	0	0	0	0	0	0	0	0	0	0	0	0	0	0	0	0	0	0	0	0	0	0	0	0	0	0	0	0	0	0	0	0	0	0	0	0	0	0	0	0	0	0	0	0	0	0	0	0	0	0	0	0	0	0	0	0	0	0	0	0	0	0	0	0	0	0	0	0	0	0	0	0	0	0	0	0	0	0	0	0	0	0	0	0	0	0	0	0	0	0	0	0	0	0	0	0	0	0	0	0	0	42	0	0	0	0	0	0	0	0	0	0	0	0	0	0	0	0	0	0	0	0	0	0	0	0	0	0	0	0	0	0	0	0	0	0	0	0	0	0	0	0	110	0	0	0	0	0	0	0	0	0	0	4	0	0	0	0	18	0	0	0	0	0	0	0	0	0	0	0	0	0	0	0	0	0	0	0	0	0	109	0	0	0	0	0	0	0	0	0	0	0	0	0	0	228	0	0	0	0	0	0	0	0	0	0	0	0	57	0	0	0	0	0	0	0	0	0	0	0	0	0	0	0	0	189	0	0	0	0	0	0	0	0	0	0	0	0	0	12	0	0	0	0	0	0	0	0	0	0	0	0	0	0	0	0	0	0	0	0	0	0	0	0	0	0	0	0	0	0	0	0	0	2	0	0	50	0	0	0	17	25	0	0	0	37	0	0	0	0	0	1	0	0	0	0	0	0	0	0	0	0	54	0	0	0	0	0	0	124	0	0	0	0	0	9	0	0	0	0	13	0	0	0	0	0	0	73	0	0	0	0	32	0	0	0	186	0	0	0	0	0	0	0	0	4	0	40	0	0	0	0	0	0	44	172	0	0	0	0	0	0	67	0	0	0	0	31	0	0	541	0	0	0	0	0	0	0	83	0	65	0	0	0	135	0	50	0	0	0	0	0	0	48	0	0	0	0	14	0	23	0	88	0	32	89	72	0	0	0	0	0	0	0	0	0	0	0	0	0	0	0	0	0	0	0	0	0	50	0	0	0	0	0	0	0	0	0	0	0	0	0	0	0	0	19	0	0	0	0	0	0	22	0	0	0	0	0	106	0	0	0	0	0	28	180	0	145	0	133	157	33	2	54	0	31	56	0	0	117	0	77	0	0	0	257	0	0	0	139	57	0	0	0	0	221	0	180	0	0	0	85	0	0	0	0	0	0	0	26	0	0	0	170	92	10	0	54	0	6	0	218	0	35	0	32	0	0	63	0	27	8	0	0	0	0	0	53	194	0	0	0	0	54	0	0	0	84	0	31	9	0	45	12	0	55	0	88	66	265	67	0	0	221	84	0	0	72	118	95	90	181	179	94	68	18	0	57	33	233	149	0	31	0	82	25	137	0	236	0	25	126	105	0	114	0	0	41	0	168	106	79	261	0	109	157	97	0	0	73	48	281	97	204	136	190	112	0	10	0	35	198	8	40	183	50	241	21	232	0	0	49	61	0	67	17	187	27	46	0	0	0	197	0	0	0	53	0	141	205	0	0	0	0	0	0	126	340	71	0	0	182	115	68	0	0	104	114	318	0	0	83	42	94	0	0	46	95	145	21	33	36	79	263	207	171	103	31	111	336	141	0	0	0	47	0	51	47	149	0	79	30	49	99	288	260	0	0	158	137	0	68	12	78	89	351	251	63	0	142	161	147	37	0	0	34	34	74	136	0	65	89	0	164	21	62	63	0	172	224	9	83	70	24	240	514	58	3	106	107	127	0	20	113	0	137	0	70
75	0	0	0	0	0	0	0	0	0	0	0	0	0	0	0	0	0	0	0	0	0	0	0	0	0	0	0	0	0	0	0	0	0	0	0	0	0	0	0	0	0	0	0	0	0	0	0	0	0	0	0	0	0	0	0	0	0	0	0	0	0	0	0	0	0	0	0	0	0	0	0	0	0	0	0	0	0	0	0	0	0	0	0	0	0	0	0	0	0	0	0	0	0	0	0	0	0	0	0	0	0	0	0	0	0	0	0	0	0	0	0	0	0	0	0	0	0	0	0	0	0	0	0	0	0	0	0	0	0	0	0	0	0	0	0	0	0	0	0	0	0	0	0	0	0	0	0	0	0	0	0	0	0	0	0	0	0	0	0	0	0	0	0	0	0	0	0	0	0	0	0	0	0	0	0	0	0	0	0	0	0	0	0	0	0	0	0	0	0	0	0	0	0	0	0	0	0	0	0	0	0	0	0	0	0	0	0	0	0	0	0	0	0	0	0	0	0	0	0	0	0	0	0	0	0	0	0	0	0	0	0	0	0	0	0	0	0	0	0	0	0	0	0	0	0	0	0	0	0	0	0	0	0	0	0	0	0	0	0	0	0	0	0	0	0	0	0	0	0	0	0	0	0	0	0	0	0	0	0	0	0	0	0	0	0	0	0	0	0	0	0	0	0	0	0	0	0	0	0	0	0	0	0	0	0	0	0	0	0	0	0	0	0	0	0	0	0	0	0	1	0	0	0	0	0	0	0	0	0	0	0	0	0	0	0	0	0	0	0	0	0	0	0	0	0	0	0	0	0	0	0	0	0	0	0	0	0	0	0	0	0	0	0	0	0	0	0	0	0	0	0	0	0	0	0	0	0	0	0	0	0	0	0	0	0	0	0	0	0	0	0	0	0	0	0	0	0	0	0	0	0	0	0	0	0	0	0	0	0	0	0	0	0	0	0	0	0	0	0	0	0	0	0	0	0	0	0	0	0	0	0	0	0	0	0	0	0	0	0	0	0	0	0	37	0	0	0	0	0	0	0	0	0	0	0	0	0	0	0	0	0	0	0	0	0	0	0	0	0	0	0	0	0	0	0	0	0	0	0	0	0	0	0	0	148	0	0	0	0	0	0	0	0	0	0	0	0	0	0	0	141	0	0	0	0	0	0	0	0	0	0	0	0	0	0	0	0	0	0	0	0	0	57	0	0	0	0	0	0	0	0	0	0	0	0	0	0	121	0	0	0	0	0	0	0	0	0	0	0	0	137	0	0	0	0	0	0	0	0	0	0	0	0	0	0	0	0	40	0	0	0	0	0	0	0	0	0	0	0	0	0	0	0	0	0	0	0	0	0	0	0	0	0	0	0	0	0	0	0	0	0	0	0	0	0	0	0	0	0	0	0	0	0	0	0	0	0	0	36	0	0	0	69	135	55	0	0	101	0	0	0	0	0	0	0	0	0	0	0	0	0	0	0	0	41	0	0	0	0	0	0	0	0	0	0	0	0	0	0	0	0	0	143	0	0	0	0	0	0	87	0	0	0	0	8	0	0	0	49	0	0	0	0	0	0	0	0	0	0	174	0	0	0	0	0	0	134	183	0	0	0	0	0	0	65	0	0	0	0	0	0	0	189	0	0	0	0	0	0	0	0	0	315	0	0	0	42	0	43	0	0	0	0	0	0	99	0	0	0	0	0	0	21	0	20	0	130	29	37	0	0	0	0	0	0	0	0	0	0	0	0	0	0	0	0	0	0	0	0	0	12	5	0	0	0	0	0	0	0	0	0	0	0	0	0	0	0	240	0	0	21	0	0	0	63	0	0	0	0	0	35	0	0	0	0	0	92	59	0	33	0	35	176	34	0	59	0	33	25	0	0	20	0	159	0	0	0	99	0	0	0	85	42	0	0	0	0	344	0	0	0	0	0	153	0	0	0	0	0	0	0	6	0	0	0	21	173	0	0	87	0	28	0	143	0	102	0	50	0	0	75	0	0	0	0	0	0	0	0	220	140	0	0	0	0	0	0	0	0	98	0	74	0	0	124	0	0	30	0	38	9	24	49	0	0	58	105	0	0	120	94	32	161	89	212	110	22	109	0	223	18	12	40	0	147	0	27	74	72	0	24	0	80	22	113	0	32	0	0	125	0	47	164	134	143	0	59	24	75	0	0	100	64	86	117	53	28	72	23	0	18	0	164	82	91	163	62	118	139	98	120	0	0	8	42	0	35	0	44	131	49	0	0	0	226	0	0	0	71	0	191	152	0	0	0	0	0	0	290	103	30	0	0	26	104	66	15	0	136	61	61	0	0	5	182	312	0	0	320	143	91	61	71	29	94	124	47	102	100	226	35	72	149	0	0	0	12	0	93	161	76	0	102	45	110	72	200	47	0	0	152	65	0	165	193	135	162	94	303	36	0	21	67	25	121	0	0	67	118	30	194	0	64	93	0	99	16	34	145	0	113	179	87	121	148	154	37	12	21	38	111	47	62	0	26	20	0	193	0	58
76	0	0	0	0	0	0	0	0	0	0	0	0	0	0	0	0	0	0	0	0	0	0	0	0	0	0	0	0	0	0	0	0	0	0	0	0	0	0	0	0	0	0	0	0	0	0	0	0	0	0	0	0	0	0	0	0	0	0	0	0	0	0	0	0	0	0	0	0	0	0	0	0	0	0	0	0	0	0	0	0	0	0	0	0	0	0	0	0	0	0	0	0	0	0	0	0	0	0	0	0	0	0	0	0	0	0	0	0	0	0	0	0	0	0	0	0	0	0	0	0	0	0	0	0	0	0	0	0	0	0	0	0	0	0	0	0	0	0	0	0	0	0	0	0	0	0	0	0	0	0	0	0	0	0	0	0	0	0	0	0	0	0	0	0	0	0	0	0	0	0	0	0	0	0	0	0	0	0	0	0	0	0	0	0	0	0	0	0	0	0	0	0	0	0	0	0	0	0	0	0	0	0	0	0	0	0	0	0	0	0	0	0	0	0	0	0	0	0	0	0	0	0	0	0	0	0	0	0	0	0	0	0	0	0	0	0	0	0	0	0	0	0	0	0	0	0	0	0	0	0	0	0	0	0	0	0	0	0	0	0	0	0	0	0	0	0	0	0	0	0	0	0	0	0	0	0	0	0	0	0	0	0	0	0	0	0	0	0	0	0	0	0	0	0	0	0	0	0	0	0	0	0	0	0	0	0	0	0	0	0	0	0	0	0	0	0	0	0	0	0	0	0	0	0	0	0	0	0	0	0	0	0	0	0	0	0	0	0	0	0	0	0	0	0	0	0	0	0	0	0	0	0	0	0	0	0	0	0	0	0	0	0	0	0	0	0	0	0	0	0	0	0	0	0	0	0	0	0	0	0	0	0	0	0	0	0	0	0	0	0	0	0	0	0	0	0	0	0	0	0	0	0	0	0	0	0	0	0	0	0	0	0	0	0	0	0	0	0	0	0	0	0	0	0	0	0	0	0	0	0	0	0	0	0	0	0	0	0	0	0	0	0	0	11	0	0	0	0	0	0	0	0	0	0	0	0	0	0	0	0	0	0	0	0	0	16	0	0	0	0	0	0	0	0	0	0	0	0	0	0	0	0	0	0	102	0	0	0	0	0	0	0	0	0	0	0	0	0	0	0	186	0	0	0	0	0	0	0	22	0	0	0	0	0	0	0	0	0	0	0	0	0	102	0	0	0	0	0	0	0	0	0	0	0	0	0	0	0	0	0	0	0	0	0	0	0	0	0	0	0	45	0	0	0	0	0	0	0	0	0	0	0	0	0	0	0	0	71	0	0	0	0	0	0	2	0	0	0	0	0	0	263	0	0	0	0	0	0	0	0	0	0	0	0	0	0	0	0	0	0	0	0	0	0	0	0	0	0	0	0	0	0	0	0	0	15	0	0	74	0	0	0	51	24	0	0	0	92	0	0	0	0	0	0	0	0	0	0	44	0	0	0	0	0	5	0	0	0	0	0	0	116	0	0	0	0	0	0	0	0	0	0	30	0	0	0	0	0	0	81	0	54	0	0	81	0	0	0	79	0	0	0	0	0	0	0	0	0	0	45	0	0	0	0	0	0	46	23	0	0	0	0	0	0	84	0	0	0	0	0	0	0	56	0	0	0	0	0	0	0	85	0	53	0	0	0	153	0	0	0	0	0	0	0	0	89	0	0	0	0	0	0	152	0	90	0	143	69	241	0	0	0	0	0	0	0	0	0	0	10	0	0	0	0	0	0	0	0	0	0	54	45	0	0	0	0	0	0	0	0	0	0	0	0	0	0	0	37	0	0	10	0	1	0	90	0	0	0	0	0	120	8	0	0	0	0	76	243	0	146	0	120	15	58	0	193	0	76	2	0	0	45	0	58	0	0	0	26	0	0	0	68	34	0	0	0	0	76	0	0	0	0	3	81	0	0	0	0	0	0	0	48	0	0	0	100	224	0	0	184	0	43	0	175	0	21	0	269	0	0	232	0	1	0	0	0	0	0	0	41	36	0	0	0	0	0	0	0	0	74	0	247	8	0	55	54	0	15	0	103	24	82	25	0	0	249	165	0	0	173	29	102	97	55	56	72	40	59	0	36	57	61	221	0	16	0	51	76	47	0	165	0	94	85	153	0	58	0	0	71	0	17	118	63	55	0	205	51	116	0	0	84	121	88	60	16	41	217	68	0	54	0	40	37	53	79	183	80	36	206	236	0	0	211	193	0	157	0	87	69	36	0	0	0	69	0	0	0	77	0	340	38	0	0	0	0	0	0	73	19	296	0	0	140	198	47	209	0	47	30	91	0	0	38	175	138	0	0	13	36	50	49	289	84	126	59	61	83	198	208	62	72	215	0	0	0	387	0	113	72	62	0	138	202	198	16	49	135	0	0	45	374	0	16	96	67	57	180	176	86	0	170	36	94	128	0	0	5	161	22	46	0	16	203	0	68	16	126	133	0	50	69	50	157	55	90	32	197	88	81	30	200	238	0	135	149	0	119	0	30
77	0	0	0	0	0	0	0	0	0	0	0	0	0	0	0	0	0	0	0	0	0	0	0	0	0	0	0	0	0	0	0	0	0	0	0	0	0	0	0	0	0	0	0	0	0	0	0	0	0	0	0	0	0	0	0	0	0	0	0	0	0	0	0	0	0	0	0	0	0	0	0	0	0	0	0	0	0	0	0	0	0	0	0	0	0	0	0	0	0	0	0	0	0	0	0	0	0	0	0	0	0	0	0	0	0	0	0	0	0	0	0	0	0	0	1	0	0	0	0	0	0	0	0	0	0	0	0	0	0	0	0	0	0	0	0	0	0	0	0	0	0	0	0	0	0	0	0	0	0	0	0	0	0	0	0	0	0	0	0	0	0	0	0	0	0	0	0	0	0	0	0	0	0	0	0	0	0	0	0	0	0	0	0	0	0	0	0	0	0	0	0	0	0	0	0	0	0	0	0	0	0	0	0	0	0	0	0	0	0	0	0	0	0	0	0	0	0	0	0	0	0	0	0	0	0	0	0	0	0	0	0	0	0	0	0	0	0	0	0	0	0	0	0	0	0	0	0	0	0	0	0	0	0	0	0	0	0	0	0	0	0	0	0	0	0	0	0	0	0	0	0	0	0	0	0	0	0	0	0	0	0	0	0	0	0	0	0	0	0	0	0	0	0	0	0	0	0	0	0	0	0	0	0	0	0	0	0	0	0	0	0	0	0	0	0	0	0	0	0	0	0	0	0	0	0	0	0	0	0	0	0	0	0	0	0	0	0	0	0	0	0	0	0	0	0	0	0	0	0	0	0	0	0	0	0	0	0	0	0	0	0	0	0	0	0	0	0	0	0	0	0	0	0	0	0	0	0	0	0	0	0	0	0	0	0	0	0	0	0	0	0	0	0	0	0	0	0	0	0	0	0	0	0	0	0	0	0	0	0	0	0	0	0	0	0	0	0	0	0	0	0	0	0	0	0	0	0	0	0	0	0	0	0	0	0	0	0	0	0	0	0	0	0	39	0	0	0	0	0	0	0	0	0	0	0	0	0	0	0	0	0	0	0	0	0	0	0	0	0	0	0	0	0	0	0	0	0	0	0	0	0	0	0	0	39	0	12	0	0	0	0	0	0	0	0	0	0	0	0	0	9	0	0	0	0	0	0	0	0	0	0	0	0	0	0	0	0	0	0	0	0	0	187	0	0	0	0	0	0	0	0	0	0	0	0	0	0	41	0	0	0	0	0	0	0	0	0	0	0	0	151	0	0	0	0	0	0	0	0	0	0	0	0	0	0	0	0	144	0	0	0	0	0	0	0	0	0	0	0	0	0	0	0	0	0	0	0	0	0	0	0	0	0	0	0	0	0	0	0	0	0	0	0	0	0	0	0	0	0	0	0	0	0	0	0	0	0	0	136	0	0	0	0	59	0	0	0	24	0	0	0	0	0	0	0	0	0	0	0	0	0	0	0	0	88	0	0	0	0	0	0	0	0	0	0	0	0	0	0	0	0	0	59	0	0	0	0	0	0	86	0	0	0	0	48	0	0	0	163	0	0	0	0	0	0	0	0	0	0	0	0	0	0	0	0	0	38	294	0	0	0	0	0	0	74	0	0	0	0	0	0	0	128	0	0	0	0	0	0	0	0	0	80	0	0	0	86	0	99	0	0	0	0	0	0	100	0	0	0	0	0	0	88	0	3	0	253	211	276	0	0	0	0	0	0	0	0	0	0	0	0	0	0	0	0	0	0	0	0	0	21	0	0	0	0	0	0	0	0	0	0	0	30	0	0	0	0	96	0	0	145	0	0	0	80	0	0	0	0	0	114	0	0	0	0	0	155	22	0	82	0	165	226	58	0	124	0	194	0	0	0	0	0	254	0	0	0	101	0	0	0	43	139	0	0	0	0	54	0	0	0	0	0	73	0	0	0	0	0	0	0	13	0	0	0	102	121	0	0	64	0	13	0	125	0	23	0	1	0	0	83	0	0	0	0	0	0	0	0	135	200	0	0	0	0	29	0	0	0	123	0	53	0	0	38	0	0	7	0	39	102	41	113	0	0	139	41	0	0	95	59	167	158	55	60	181	98	71	0	283	23	100	95	0	46	0	91	60	32	0	268	0	117	99	167	0	328	0	0	175	0	44	23	166	1	0	16	37	49	0	0	141	42	46	81	109	34	62	21	0	53	0	105	106	15	142	103	149	19	170	41	0	0	123	86	0	63	0	115	32	165	0	0	0	249	0	0	0	15	0	74	86	0	0	0	0	0	0	52	31	116	0	0	56	216	167	0	0	102	89	112	0	0	104	90	160	0	0	189	38	105	95	171	185	75	29	55	31	79	140	27	20	117	0	0	0	174	0	63	147	72	0	77	53	143	91	317	217	0	0	86	65	0	66	213	121	158	131	39	74	0	236	94	215	133	0	0	9	161	154	46	0	303	272	0	165	58	15	121	0	18	22	166	25	103	61	103	47	29	24	86	84	139	0	238	185	0	125	1	30
78	0	0	0	0	0	0	0	0	0	0	0	0	0	0	0	0	0	0	0	0	0	0	0	0	0	0	0	0	0	0	0	0	0	0	0	0	0	0	0	0	0	0	0	0	0	0	0	0	0	0	0	0	0	0	0	0	0	0	0	0	0	0	0	0	0	0	0	0	0	0	0	0	0	0	0	0	0	0	0	0	0	0	0	0	0	0	0	0	0	0	0	0	0	0	0	0	0	0	0	0	0	0	0	0	0	0	0	0	0	0	0	0	0	0	0	0	0	0	0	0	0	0	0	0	0	0	0	0	0	0	0	0	0	0	0	0	0	0	0	0	0	0	0	0	0	0	0	0	0	0	0	0	0	0	0	0	0	0	0	0	0	0	0	0	0	0	0	0	0	0	0	0	0	0	0	0	0	0	0	0	0	0	0	0	0	0	0	0	0	0	0	0	0	0	0	0	0	0	0	0	0	0	0	0	0	0	0	0	0	0	0	0	0	0	0	0	0	0	0	0	0	0	0	0	0	0	0	0	0	0	0	0	0	0	0	0	0	0	0	0	0	0	0	0	0	0	0	0	0	0	0	0	0	0	0	0	0	0	0	0	0	0	0	0	0	0	0	0	0	0	0	0	0	0	0	0	0	0	0	0	0	0	0	0	0	0	0	0	0	0	0	0	0	0	0	0	0	0	0	0	0	0	0	0	0	0	0	0	0	0	0	0	0	0	0	0	0	0	0	0	0	0	0	0	0	0	0	0	0	0	0	0	0	0	0	0	0	0	0	0	0	0	0	0	0	0	0	0	0	0	0	0	0	0	0	0	0	0	0	0	0	0	0	0	0	0	0	0	0	0	0	0	0	0	0	0	0	0	0	0	0	0	0	0	0	0	0	0	0	0	0	0	0	0	0	0	0	0	0	0	0	0	0	0	0	0	0	0	0	0	0	0	0	0	0	0	0	0	0	0	0	0	0	0	0	0	0	0	0	0	0	0	0	0	0	0	0	0	0	0	0	0	0	0	0	0	0	0	0	0	0	0	0	0	0	0	0	0	0	0	0	0	0	0	0	0	0	0	0	0	0	0	0	0	0	0	0	0	0	0	0	0	0	0	147	0	0	0	0	0	0	0	0	0	0	0	0	0	0	0	89	0	0	0	0	0	0	0	0	0	0	0	0	0	0	0	0	0	0	0	0	0	50	0	0	0	0	0	0	0	0	0	0	0	0	0	0	0	0	0	0	0	0	0	0	0	0	0	0	0	62	0	0	0	0	0	0	0	0	0	0	0	0	0	0	0	0	2	0	0	0	0	0	0	0	0	0	0	0	0	0	0	0	0	0	0	0	0	0	0	0	0	0	0	0	0	0	0	0	0	0	0	0	0	0	0	0	0	0	0	0	0	0	0	0	0	0	0	55	0	0	0	300	125	0	0	0	33	0	0	0	0	0	0	0	0	0	0	0	0	0	0	0	0	24	0	0	0	0	0	0	236	0	0	0	0	0	0	0	0	0	0	113	0	0	0	0	0	0	132	0	0	0	0	34	0	0	0	53	0	0	0	0	0	0	0	0	0	0	48	0	0	0	0	0	0	30	62	0	0	0	0	0	0	222	0	0	0	0	0	0	0	21	0	0	0	0	0	0	0	38	0	167	0	0	0	71	0	154	0	0	0	0	0	0	171	0	0	0	0	0	0	112	0	0	0	219	142	48	0	0	0	0	0	0	0	0	0	0	0	0	0	0	0	0	0	0	0	0	0	0	23	0	0	0	0	0	0	0	0	0	0	10	0	0	0	0	112	0	0	0	0	0	0	22	0	0	0	0	0	209	0	0	0	0	0	46	374	0	401	0	46	135	7	0	102	0	40	0	0	0	28	0	27	0	0	0	151	0	0	0	42	110	0	0	0	0	133	0	0	0	100	0	179	0	0	0	0	0	0	0	79	0	0	0	160	125	123	0	159	0	63	0	195	0	287	0	39	0	0	67	0	0	0	0	0	0	0	0	75	87	0	0	0	0	17	0	0	0	125	0	108	0	0	70	3	0	42	0	94	151	19	14	0	0	154	391	0	0	4	83	78	98	212	114	65	103	67	0	79	11	42	58	0	34	0	9	211	138	0	196	0	40	253	161	0	13	0	0	136	0	120	176	51	68	0	15	126	18	0	0	224	29	178	57	74	45	95	52	0	13	0	87	98	237	183	3	151	121	274	24	0	0	110	153	0	110	0	113	56	342	0	0	0	32	0	0	0	60	0	88	45	0	0	0	0	0	0	117	72	68	0	0	11	184	11	33	0	94	67	25	0	0	59	99	140	0	0	191	33	147	57	85	142	113	60	128	262	120	41	84	22	98	0	0	0	98	0	47	114	103	0	68	15	131	117	80	68	0	0	92	289	0	128	221	4	132	62	15	7	0	73	73	72	76	0	0	58	106	29	113	0	71	164	0	192	3	188	139	0	174	48	38	227	62	119	85	270	248	119	79	28	282	0	40	34	0	39	0	81
79	0	0	0	0	0	0	0	0	0	0	0	0	0	0	0	0	0	0	0	0	0	0	0	0	0	0	0	0	0	0	0	0	0	0	0	0	0	0	0	0	0	0	0	0	0	0	0	0	0	0	0	0	0	0	0	0	0	0	0	0	0	0	0	0	0	0	0	0	0	0	0	0	0	0	0	0	0	0	0	0	0	0	0	0	0	0	0	0	0	0	0	0	0	0	0	0	0	0	0	0	0	0	0	0	0	0	0	0	0	0	0	0	0	0	0	0	0	0	0	0	0	0	0	0	0	0	0	0	0	0	0	0	0	0	0	0	0	0	0	0	0	0	0	0	0	0	0	0	0	0	0	0	0	0	0	0	0	0	0	0	0	0	0	0	0	0	0	0	0	0	0	0	0	0	0	0	0	0	0	0	0	0	0	0	0	0	0	0	0	0	0	0	0	0	0	0	0	0	0	0	0	0	0	0	0	0	0	0	0	0	0	0	0	0	0	0	0	0	0	0	0	0	0	0	0	0	0	0	0	0	0	0	0	0	0	0	0	0	0	0	0	0	0	0	0	0	0	0	0	0	0	0	0	0	0	0	0	0	0	0	0	0	0	0	0	0	0	0	0	0	0	0	0	0	0	0	0	0	0	0	0	0	0	0	0	0	0	0	0	0	0	5	0	0	0	0	0	0	0	0	0	0	0	0	0	0	0	0	0	0	0	0	0	0	0	0	0	0	0	0	0	0	0	0	0	0	0	0	0	0	0	0	0	0	0	0	0	0	0	0	0	0	0	0	0	0	0	0	0	0	0	0	0	0	0	0	0	0	0	0	0	0	0	0	0	0	0	0	0	0	0	0	0	0	0	0	0	0	0	0	0	0	0	0	0	0	0	0	0	0	0	0	0	0	0	0	0	0	0	0	0	0	0	0	0	0	0	0	0	0	0	0	0	0	0	0	0	0	0	0	0	0	0	0	0	0	0	0	0	0	0	0	0	0	0	0	0	0	0	0	0	0	0	153	0	0	0	0	0	0	0	0	0	0	0	0	0	0	0	0	0	0	0	0	0	0	0	0	0	0	0	0	0	0	0	0	0	0	0	0	0	0	0	0	69	0	0	0	0	0	0	0	0	0	0	0	0	0	0	0	88	0	0	0	0	0	0	0	0	0	0	0	0	0	0	0	0	0	0	0	0	0	31	0	0	0	0	0	0	0	0	0	0	0	0	0	0	0	0	0	0	0	0	0	0	0	0	0	0	0	38	0	0	0	0	0	0	0	0	0	0	0	0	0	0	0	0	317	0	0	0	0	0	0	0	0	0	0	0	0	0	13	0	0	0	0	0	0	0	0	0	0	0	0	0	0	0	0	0	0	0	0	0	0	0	0	0	0	0	0	0	0	0	0	0	0	0	0	83	0	0	0	39	13	132	0	0	57	0	0	0	0	0	0	0	0	0	0	0	0	0	0	0	0	57	0	0	0	0	0	0	9	0	0	0	0	0	0	0	0	0	0	89	0	0	0	0	0	0	112	0	0	0	0	110	0	0	0	397	0	0	0	0	0	0	0	0	0	0	85	0	0	0	0	0	0	67	151	0	0	0	0	0	0	56	0	0	0	0	51	0	0	174	0	0	0	0	0	0	0	0	0	6	0	0	0	42	0	86	0	0	0	0	0	0	10	0	0	0	0	0	0	56	0	21	0	70	34	29	0	0	0	0	0	0	0	0	0	0	0	0	0	0	0	0	0	0	0	0	0	270	11	0	0	0	0	0	0	0	0	0	0	0	0	0	0	0	100	0	0	0	0	0	0	60	0	0	0	0	0	17	80	0	0	0	171	108	145	0	36	0	117	63	76	0	120	0	156	0	0	0	105	0	7	0	0	0	31	0	0	0	72	28	0	0	0	0	72	0	0	0	0	0	127	0	0	0	0	0	0	0	35	0	0	0	12	94	56	0	382	0	180	0	187	0	148	0	281	0	0	132	0	0	0	0	0	0	0	0	122	21	0	0	0	0	18	0	0	0	108	0	117	0	0	120	0	0	157	0	57	121	97	53	0	0	146	55	0	0	139	155	45	72	27	203	119	212	162	0	141	120	103	123	0	112	0	34	46	66	0	136	0	247	94	148	0	132	0	0	263	0	146	167	109	79	0	0	161	48	0	0	99	25	33	53	15	219	23	119	0	312	0	127	71	7	126	168	104	98	327	91	0	0	17	189	0	50	0	85	19	6	0	0	0	62	0	0	0	58	0	104	119	0	0	0	0	0	0	117	124	136	0	0	47	142	271	71	0	27	241	126	0	0	220	184	47	0	0	205	161	140	202	158	5	138	126	195	41	189	154	66	22	169	0	0	0	50	0	145	84	18	0	66	181	20	88	8	41	0	0	131	98	0	46	123	31	70	95	127	5	0	10	145	63	117	0	0	161	57	64	66	0	124	56	0	199	148	10	91	0	114	81	131	129	67	224	204	71	117	173	113	151	7	0	38	143	0	164	0	143
80	0	0	0	0	0	0	0	0	0	0	0	0	0	0	0	0	0	0	0	0	0	0	0	0	0	0	0	0	0	0	0	0	0	0	0	0	0	0	0	0	0	0	0	0	0	0	0	0	0	0	0	0	0	0	0	0	0	0	0	0	0	0	0	0	0	0	0	0	0	0	0	0	0	0	0	0	0	0	0	0	0	0	0	0	0	0	0	0	0	0	0	0	0	0	0	0	0	0	0	0	0	0	0	0	0	0	0	0	0	0	0	0	0	0	0	0	0	0	0	0	0	0	0	0	0	0	0	0	0	0	0	0	0	0	0	0	0	0	0	0	0	0	0	0	0	0	0	0	0	0	0	0	0	0	0	0	0	0	0	0	0	0	0	0	0	0	0	0	0	0	0	0	0	0	0	0	0	0	0	0	0	0	0	0	0	0	0	0	0	0	0	0	0	0	0	0	0	0	0	0	0	0	0	0	0	0	0	0	0	0	0	0	0	0	0	0	0	0	0	0	0	0	0	0	0	0	0	0	0	0	0	0	0	0	0	0	0	0	0	0	0	0	0	0	0	0	0	0	0	0	0	0	0	0	0	0	0	0	0	0	0	0	0	0	0	0	0	0	0	0	0	0	0	0	0	0	0	0	0	0	0	0	0	0	0	0	0	0	0	0	0	0	0	0	0	0	0	0	0	0	0	0	0	0	0	0	0	0	0	0	0	0	0	0	0	0	0	0	0	0	0	0	0	0	0	0	0	0	0	0	0	0	0	0	0	0	0	0	0	0	0	0	0	0	0	0	0	0	0	0	0	0	0	0	0	0	0	0	0	0	0	0	0	0	0	0	0	0	0	0	0	0	0	0	0	0	0	0	0	0	0	0	0	0	0	0	0	0	0	0	0	0	0	0	0	0	0	0	0	0	0	0	0	0	0	0	0	0	0	0	0	0	0	0	0	0	0	0	0	0	0	0	0	0	0	0	0	0	0	0	0	0	0	0	0	0	0	0	0	0	0	0	0	36	0	0	0	0	0	0	0	0	0	0	0	0	0	0	0	0	0	0	0	0	0	0	0	0	0	0	0	0	0	0	0	0	0	0	0	0	0	0	0	0	68	0	0	0	0	0	0	0	0	0	0	0	0	0	0	0	66	0	0	0	0	0	0	0	0	0	0	0	3	0	0	0	0	0	0	0	0	0	78	0	0	0	0	0	0	0	0	0	0	0	0	0	0	54	0	0	0	0	0	0	0	0	0	0	0	0	27	0	0	0	0	0	0	0	0	0	0	0	0	0	0	0	0	146	0	0	0	0	0	0	0	0	0	0	0	0	0	14	0	0	0	0	0	0	0	0	0	0	0	0	0	0	0	0	0	0	0	0	0	0	0	0	0	0	0	0	0	0	0	0	0	0	0	0	83	0	0	0	0	37	84	0	0	48	0	0	0	0	0	0	0	0	0	0	12	0	0	0	0	0	108	0	0	0	0	0	0	11	0	0	0	0	0	0	0	0	0	0	82	0	0	0	0	0	0	68	0	0	0	0	33	0	0	0	3	0	0	0	0	0	0	0	0	0	0	43	0	0	0	0	0	0	175	21	0	0	0	0	0	0	210	0	0	0	0	12	0	0	134	0	0	0	0	0	0	0	0	0	147	0	0	0	55	0	64	0	0	0	0	0	0	110	0	0	0	0	106	0	0	0	151	0	66	32	13	0	0	0	0	0	0	0	0	0	0	4	0	0	0	0	0	0	0	0	0	0	298	0	0	0	0	0	0	0	0	0	0	0	0	0	0	0	0	86	0	0	19	3	0	0	151	0	0	0	0	0	151	0	0	1	0	0	215	244	0	15	0	56	121	123	259	124	0	39	12	0	0	58	0	109	0	0	0	197	0	0	0	39	92	0	0	0	0	39	0	0	0	95	0	130	0	0	0	0	0	0	0	53	0	0	0	39	210	20	0	64	0	87	0	33	0	23	0	48	0	0	79	0	0	0	0	0	0	0	0	67	72	0	0	0	0	166	0	0	0	30	0	29	0	0	121	0	0	4	0	28	62	14	99	0	0	50	157	0	0	24	224	45	120	26	200	6	133	94	0	78	71	226	67	0	151	0	184	156	27	0	25	0	113	12	100	0	55	0	0	174	0	59	141	39	223	0	132	89	60	0	0	265	87	82	138	22	46	125	127	0	86	0	24	95	25	37	42	78	223	84	80	0	0	8	106	0	152	0	27	218	254	0	0	0	79	0	0	0	194	0	74	127	0	0	0	0	0	0	181	155	68	0	0	136	43	106	44	0	70	91	72	0	0	19	284	118	0	0	67	97	175	13	63	51	95	46	85	111	100	40	144	12	69	0	0	0	469	0	81	88	54	0	274	146	58	69	73	3	0	0	22	105	0	114	143	219	236	108	76	75	0	146	111	95	37	0	0	43	135	152	23	0	99	32	0	25	39	150	49	0	36	110	43	15	122	168	20	118	288	135	126	312	83	0	131	57	0	72	10	11
81	0	0	0	0	0	0	0	0	0	0	0	0	0	0	0	0	0	0	0	0	0	0	0	0	0	0	0	0	0	0	0	0	0	0	0	0	0	0	0	0	0	0	0	0	0	0	0	0	0	0	0	0	0	0	0	0	0	0	0	0	0	0	0	0	0	0	0	0	0	0	0	0	0	0	0	0	0	0	0	0	0	0	0	0	0	0	0	0	0	0	0	0	0	0	0	0	0	0	0	0	0	0	0	0	0	0	0	0	0	0	0	0	0	0	0	0	0	0	0	0	0	0	0	0	0	0	0	0	0	0	0	0	0	0	0	0	0	0	0	0	0	0	0	0	0	0	0	0	0	0	0	0	0	0	0	0	0	0	0	0	0	0	0	0	0	0	0	0	0	0	0	0	0	0	0	0	0	0	0	0	0	0	0	0	0	0	0	0	0	0	0	0	0	0	0	0	0	0	0	0	0	0	0	0	0	0	0	0	0	0	0	0	0	0	0	0	0	0	0	0	0	0	0	0	0	0	0	0	0	0	0	0	0	0	0	0	0	0	0	0	0	0	0	0	0	0	0	0	0	0	0	0	0	0	0	0	0	0	0	0	0	0	0	0	0	0	0	0	0	0	0	0	0	0	0	0	0	0	0	0	0	0	0	0	0	0	0	0	0	0	0	0	0	0	0	0	0	0	0	0	0	0	0	0	0	0	0	0	0	0	0	0	0	0	0	0	0	0	0	0	0	0	0	0	0	0	0	0	0	0	0	0	0	0	0	0	0	0	0	0	0	0	0	0	0	0	0	0	0	0	0	0	0	0	0	0	0	0	0	0	0	0	0	0	0	0	0	0	0	0	0	0	0	0	0	0	0	0	0	0	0	0	0	0	0	0	0	0	0	0	0	0	0	0	0	0	0	0	0	0	0	0	0	0	0	0	0	0	0	0	0	0	0	0	0	0	0	0	0	0	0	0	0	0	18	0	0	0	0	0	0	0	0	0	0	0	0	0	0	0	0	0	0	171	0	0	0	0	0	0	0	0	0	0	0	0	0	0	0	0	0	0	0	0	0	0	0	0	0	0	0	0	0	0	0	0	0	0	0	0	0	0	0	0	94	0	0	0	0	0	0	0	0	0	0	0	0	0	0	0	47	0	0	0	0	0	0	0	0	0	0	0	0	0	0	0	0	0	0	0	0	0	100	0	0	0	0	0	0	0	0	0	0	0	0	0	0	0	0	0	0	0	0	0	0	0	0	0	5	0	38	0	0	0	0	0	0	0	0	0	0	0	0	0	0	0	0	43	0	0	0	0	0	0	0	0	0	0	0	0	0	87	0	0	0	0	0	0	0	0	0	0	0	0	0	0	0	0	0	0	0	0	0	0	0	0	0	0	0	0	0	0	0	0	0	0	0	0	37	0	0	0	80	51	0	0	0	60	0	0	0	0	0	0	0	0	0	0	0	0	0	0	0	0	48	0	0	0	0	0	0	0	0	0	0	0	0	0	0	0	0	0	145	0	0	0	0	0	0	60	0	0	0	0	276	0	0	0	105	0	0	0	0	0	0	0	0	0	0	11	0	0	0	0	0	0	54	20	0	0	0	0	0	0	152	0	0	0	0	0	0	0	17	0	0	0	0	0	0	0	5	0	210	0	0	0	117	0	171	0	0	0	0	0	0	91	0	0	0	0	0	0	142	0	351	0	304	101	9	0	0	0	0	0	0	0	0	0	0	0	0	0	0	0	0	0	0	0	0	0	90	9	0	0	0	0	0	0	0	0	0	0	7	0	0	0	0	61	0	0	0	0	0	0	50	0	0	0	0	0	204	0	0	0	0	0	50	31	0	99	0	52	170	189	0	85	0	22	0	0	0	75	0	78	0	0	0	28	0	0	0	339	147	0	0	0	0	12	0	0	0	0	0	139	0	0	0	0	0	0	0	14	0	0	0	153	71	49	0	48	0	76	0	16	0	73	0	241	0	0	34	0	0	5	0	0	0	0	0	50	131	0	0	0	0	208	0	0	0	177	0	116	0	0	96	0	0	471	0	0	76	17	71	0	0	24	52	0	0	177	43	14	90	70	91	53	28	149	0	123	42	164	216	0	186	0	49	202	114	0	176	0	49	42	69	0	99	0	0	202	0	259	97	74	24	0	51	84	33	4	0	202	43	30	189	19	44	108	126	0	235	0	267	24	193	61	45	173	37	72	52	0	0	86	133	0	36	0	38	26	102	0	0	0	78	0	0	0	5	0	33	125	0	0	0	0	0	0	161	21	179	0	0	126	63	196	0	0	80	88	94	0	0	77	93	161	0	0	59	52	20	65	115	106	114	72	145	61	116	62	161	24	57	0	0	0	80	0	80	96	36	0	81	136	172	51	153	21	0	0	134	199	0	37	120	67	253	134	19	149	0	13	29	53	150	0	0	133	183	55	150	0	68	18	0	7	104	130	101	0	16	115	160	49	52	40	58	289	52	89	128	121	143	0	150	248	0	66	0	102
82	0	0	0	0	0	0	0	0	0	0	0	0	0	0	0	0	0	0	0	0	0	0	0	0	0	0	0	0	0	0	0	0	0	0	0	0	0	0	0	0	0	0	0	0	0	0	0	0	0	0	0	0	0	0	0	0	0	0	0	0	0	0	0	0	0	0	0	0	0	0	0	0	0	0	0	0	0	0	0	0	0	0	0	0	0	0	0	0	0	0	0	0	0	0	0	0	0	0	0	0	0	0	0	0	0	0	0	0	0	0	0	0	0	0	0	0	0	0	0	0	0	0	0	0	0	0	0	0	0	0	0	0	0	0	0	0	0	0	0	0	0	0	0	0	0	0	0	0	0	0	0	0	0	0	0	0	0	0	0	0	0	0	0	0	0	0	0	0	0	0	0	0	0	0	0	0	0	0	0	0	0	0	0	0	0	0	0	0	0	0	0	0	0	0	0	0	0	0	0	0	0	2	0	0	0	0	0	0	0	0	0	0	0	0	0	0	0	0	0	0	0	0	0	0	0	0	0	0	0	0	0	0	0	0	0	0	0	0	0	0	0	0	0	0	0	1	0	0	0	0	0	0	0	0	0	0	0	0	0	0	0	0	0	0	0	0	0	0	0	0	0	0	0	0	0	0	0	0	0	0	0	0	0	0	0	0	0	0	0	0	0	0	0	0	0	0	0	0	0	0	0	0	0	0	0	0	0	0	0	0	0	0	0	0	0	0	0	0	0	0	0	0	0	0	0	0	0	0	0	0	0	0	0	0	0	0	0	0	0	0	0	0	0	0	0	0	0	0	0	0	0	0	0	0	0	0	0	0	0	0	0	0	0	0	0	0	0	0	0	0	0	0	0	0	0	0	0	0	0	0	0	0	0	0	0	0	0	0	0	0	0	0	0	0	0	0	0	0	0	0	0	0	0	0	0	0	0	0	0	0	0	0	0	0	0	0	0	0	0	0	0	0	0	0	0	0	0	0	0	0	0	0	0	0	0	0	0	0	0	0	0	0	0	42	0	0	0	0	0	0	0	0	0	0	0	0	0	0	0	0	0	0	0	0	0	0	0	0	0	0	0	0	0	0	0	0	0	0	0	0	0	0	0	0	26	0	0	0	0	0	0	0	0	0	0	0	0	0	0	0	102	0	0	0	0	0	0	0	0	0	0	0	0	0	0	0	0	0	0	0	0	0	34	0	0	0	0	0	0	0	0	0	0	0	0	0	0	0	0	0	0	0	0	0	0	0	0	0	0	0	33	0	0	0	0	0	0	0	0	0	0	0	0	0	0	0	0	183	0	0	0	0	0	0	5	0	18	0	0	0	0	0	0	0	0	0	0	0	0	0	0	0	0	0	0	0	0	0	0	0	0	0	0	0	0	0	0	0	0	0	0	0	0	0	0	0	0	0	251	0	0	0	20	57	43	0	0	94	0	0	0	0	0	0	0	0	0	0	0	0	0	0	0	0	8	0	0	0	0	0	0	0	0	0	0	0	0	0	0	0	0	0	160	0	0	0	0	0	0	344	0	99	0	0	103	0	0	0	223	0	0	0	0	0	0	0	0	0	0	10	0	0	0	0	0	0	78	44	0	0	0	0	0	0	147	0	0	0	0	16	0	0	49	0	0	0	0	0	0	0	69	0	47	0	0	0	119	0	154	0	0	0	0	0	0	208	0	0	0	0	0	0	298	0	214	0	136	108	53	0	0	0	0	0	0	0	0	0	0	161	0	0	0	0	0	0	0	0	0	0	131	0	0	0	0	0	0	0	0	0	0	0	3	0	0	0	0	112	0	0	98	0	0	0	82	0	0	0	0	0	104	0	0	0	0	0	37	336	0	15	0	59	113	86	0	106	0	43	0	0	0	80	0	16	0	0	0	91	0	0	0	168	27	0	0	0	0	312	0	0	0	0	0	58	0	0	0	0	0	0	0	110	0	0	0	200	60	145	0	103	0	38	0	56	0	154	0	175	0	0	232	0	0	0	0	0	0	0	0	74	44	0	0	0	0	37	0	0	0	135	0	40	6	0	76	0	0	32	0	205	27	33	56	0	0	87	91	0	0	116	104	60	229	41	174	110	101	94	0	5	82	16	15	0	50	0	82	284	25	0	80	0	145	9	2	0	63	0	0	139	0	58	139	280	59	0	158	18	97	0	0	29	278	160	61	91	189	262	186	0	117	0	167	135	14	13	55	127	169	52	160	0	0	231	68	0	57	0	172	36	65	0	0	0	29	0	0	0	44	0	81	115	0	0	0	6	0	0	9	39	94	0	0	179	30	70	29	0	101	61	57	0	0	42	62	88	0	0	66	88	118	193	60	9	187	101	263	42	74	104	39	128	105	0	0	0	73	0	40	98	49	0	77	252	149	389	29	54	0	0	68	34	0	172	154	213	149	92	221	19	0	118	14	64	164	0	0	235	83	106	144	0	261	116	0	154	122	48	76	0	15	86	38	102	99	140	378	129	55	140	87	196	72	0	33	76	0	27	0	57
83	0	0	0	0	0	0	0	0	0	0	0	0	0	0	0	0	0	0	0	0	0	0	0	0	0	0	0	0	0	0	0	0	0	0	0	0	0	0	0	0	0	0	0	0	0	0	0	0	0	0	0	0	0	0	0	0	0	0	0	0	0	0	0	0	0	0	0	0	0	0	0	0	0	0	0	0	0	0	0	0	0	0	0	0	0	0	0	0	0	0	0	0	0	0	0	0	0	0	0	0	0	0	0	0	0	0	0	0	0	0	0	0	0	0	0	0	0	0	0	0	0	0	0	0	0	0	0	0	0	0	0	0	0	0	0	0	0	0	0	0	0	0	0	0	0	0	0	0	0	0	0	0	0	0	0	0	0	0	0	0	0	0	0	0	0	0	0	0	0	0	0	0	0	0	0	0	0	0	0	9	0	0	0	0	0	0	0	0	0	0	0	0	0	0	0	0	0	0	0	0	0	0	0	0	0	0	0	0	0	0	0	0	0	0	0	0	0	0	0	0	0	0	0	0	0	0	0	0	0	0	0	0	0	0	0	0	0	0	0	0	0	0	0	0	0	0	0	0	0	0	0	0	0	0	0	0	0	0	0	0	0	0	0	0	0	0	0	0	0	0	0	0	0	0	0	0	0	0	0	0	0	0	0	0	0	0	0	0	0	0	0	0	0	0	0	0	0	0	0	0	0	0	0	0	0	0	0	0	0	0	0	0	0	0	0	0	0	0	0	0	0	0	0	0	0	0	0	0	0	0	0	0	0	0	0	0	0	0	0	0	0	0	0	0	0	0	0	0	0	0	0	0	0	0	0	0	0	0	0	0	0	0	0	0	0	0	0	0	0	0	0	0	0	0	0	0	0	0	0	0	0	0	0	0	0	0	0	0	0	0	0	0	0	0	0	0	0	0	0	0	0	0	0	0	0	0	0	0	0	0	0	0	0	0	0	0	0	0	0	0	0	0	0	0	0	0	0	0	0	0	0	0	0	0	0	0	0	0	0	0	0	0	0	85	0	0	0	0	0	0	0	0	0	0	0	0	0	0	0	0	0	0	0	1	0	0	0	0	0	0	0	0	0	0	0	0	0	0	0	0	0	0	0	0	31	0	0	0	0	0	0	0	0	0	0	0	0	0	0	0	37	0	0	0	0	0	0	0	0	0	0	0	0	0	0	0	0	0	0	0	0	0	11	0	0	0	0	0	0	0	0	0	0	0	0	0	0	0	0	0	0	0	0	0	0	0	0	0	0	0	444	0	0	0	0	0	0	0	0	0	0	0	0	0	0	0	0	44	0	0	0	0	0	0	0	0	0	0	0	0	0	53	0	0	0	0	0	0	0	0	0	0	0	0	0	0	0	0	0	0	0	0	0	0	0	0	0	0	0	0	0	0	0	0	0	0	0	0	65	0	0	0	98	39	94	0	0	90	0	0	0	0	0	0	0	0	0	0	5	0	0	0	0	0	110	91	0	0	0	0	0	257	0	0	0	0	0	0	0	0	0	0	24	0	0	0	0	0	0	119	0	49	0	0	79	0	0	0	100	0	0	0	0	0	0	0	0	11	0	162	0	0	0	0	0	0	248	385	0	0	0	0	0	0	61	0	0	0	0	0	0	0	37	0	0	0	0	0	0	0	105	0	159	0	0	0	144	0	95	0	0	0	0	0	0	45	0	0	0	0	0	0	280	0	1	0	11	72	32	0	0	0	0	0	0	0	0	0	0	0	0	0	0	0	0	0	0	0	0	0	73	0	0	1	0	0	0	0	0	0	0	0	0	0	0	0	0	139	0	0	70	0	0	0	23	0	0	0	0	0	49	0	0	0	0	0	263	93	0	92	0	59	117	200	0	160	0	63	0	0	0	0	0	64	0	0	0	21	0	0	0	50	28	0	0	0	0	136	0	0	0	0	0	180	0	0	0	0	0	0	0	170	0	0	0	57	31	194	0	86	0	77	0	45	0	34	0	52	0	0	56	0	1	0	0	0	0	0	0	185	51	0	0	0	0	96	0	0	0	48	0	65	0	0	30	0	0	143	0	1	266	87	87	0	0	43	20	0	0	316	71	262	38	59	44	89	125	72	0	46	10	80	113	0	61	0	85	144	180	1	61	0	71	43	55	0	73	0	0	88	0	113	148	43	72	0	43	70	36	0	0	156	40	75	165	31	101	85	68	0	320	0	206	74	53	67	84	268	43	116	157	0	0	96	46	0	89	0	47	127	243	0	0	0	20	0	0	0	97	0	122	47	0	0	0	0	0	0	33	137	73	0	0	75	95	114	83	0	137	169	89	0	0	127	39	128	0	0	22	17	39	44	66	284	154	260	139	152	65	95	111	85	96	0	0	0	46	0	145	79	114	0	51	136	43	84	316	122	0	0	179	131	0	130	133	186	102	92	72	152	0	51	197	81	158	0	0	70	19	167	92	0	45	16	0	131	14	139	75	0	180	88	102	263	116	118	32	110	101	514	71	214	39	0	118	56	0	41	0	116
84	0	0	0	0	0	0	0	0	0	0	0	0	0	0	0	0	0	0	0	0	0	0	0	0	0	0	0	0	0	0	0	0	0	0	0	0	0	0	0	0	0	0	0	0	0	0	0	0	0	0	0	0	0	0	0	0	0	0	0	0	0	0	0	0	0	0	0	0	0	0	0	0	0	0	0	0	0	0	0	0	0	0	0	0	0	0	0	0	0	0	0	0	0	0	0	0	0	0	0	0	0	0	0	0	0	0	0	0	0	0	0	0	0	0	0	0	0	0	0	0	0	0	0	0	0	0	0	0	0	0	0	0	0	0	0	0	0	0	0	0	0	0	0	0	0	0	0	0	0	0	0	0	0	0	0	0	0	0	0	0	0	0	0	0	0	0	0	0	0	0	0	0	0	0	0	0	0	0	0	0	0	0	0	0	0	0	0	0	0	0	0	0	0	0	0	0	0	0	0	0	0	0	0	0	0	0	0	0	0	0	0	0	0	0	0	0	0	0	0	0	0	0	0	0	0	0	0	0	0	0	0	0	0	0	0	0	0	0	0	0	0	0	0	0	0	0	0	0	0	0	0	0	0	0	0	0	0	0	0	0	0	0	0	0	0	0	0	0	0	0	0	0	0	0	0	0	0	0	0	0	0	0	0	0	0	0	0	0	0	0	0	0	0	0	0	0	0	0	0	0	0	0	0	0	0	0	0	0	0	0	0	0	0	0	0	0	0	0	0	0	0	0	0	0	0	0	0	0	0	0	0	0	0	0	0	0	5	0	0	0	0	0	0	0	0	0	0	0	0	0	0	0	0	0	0	0	0	0	0	0	0	0	0	0	0	0	0	0	0	0	0	0	0	0	0	0	0	0	0	0	0	0	0	0	0	0	0	0	0	0	0	0	0	0	0	0	0	0	0	0	0	0	0	0	0	0	0	0	0	0	0	0	0	0	0	0	0	0	0	0	0	0	0	0	0	0	0	0	0	0	0	0	0	0	0	0	0	0	0	0	0	0	0	113	0	0	0	0	0	0	0	0	0	0	0	0	0	0	0	0	0	0	0	0	0	0	0	0	0	0	0	0	0	0	0	0	0	0	0	0	0	0	0	0	10	0	0	0	0	0	0	0	0	0	0	0	0	0	0	0	84	0	0	0	0	0	0	0	0	0	0	0	0	0	0	0	0	0	0	0	0	0	69	0	0	0	0	0	0	0	0	0	0	0	0	0	0	0	167	0	0	0	0	0	0	0	0	0	0	0	161	0	0	0	0	0	0	0	0	0	0	0	0	0	0	0	0	101	0	0	0	0	0	0	0	0	0	0	0	0	0	0	0	0	0	0	0	0	0	0	0	0	0	0	0	0	0	0	0	0	0	0	0	0	0	0	0	0	0	0	0	0	0	0	0	0	0	0	55	0	0	0	55	246	0	0	0	202	0	0	0	0	0	0	0	0	0	0	0	0	0	0	0	0	202	0	0	0	0	0	0	37	0	0	0	0	0	0	0	0	0	0	202	0	0	0	0	0	0	251	0	44	0	0	29	0	0	0	128	0	0	0	0	0	0	0	0	0	0	88	0	0	0	0	0	0	121	58	0	0	0	0	0	0	148	0	0	0	0	32	0	0	183	0	0	0	0	0	0	0	12	0	16	0	0	0	104	0	1	0	0	0	0	0	0	31	0	0	0	0	0	0	56	0	14	0	92	124	52	0	0	0	0	0	0	0	0	0	0	0	0	0	0	0	0	0	0	0	0	0	138	0	0	0	0	0	0	0	0	0	0	0	0	0	0	0	0	29	0	0	37	0	0	0	107	0	0	0	0	0	145	0	0	0	0	0	334	171	0	94	0	18	64	80	5	54	0	121	0	0	0	31	0	216	0	0	0	31	0	0	0	63	35	0	0	0	0	33	0	0	0	0	0	136	0	0	0	0	0	0	0	108	0	0	0	162	9	23	0	34	0	131	0	136	0	229	0	255	0	0	372	0	0	0	0	0	0	0	0	3	113	0	0	0	0	195	0	0	0	70	0	120	0	0	43	0	0	183	0	0	63	122	46	0	0	41	150	0	0	87	218	30	103	85	175	60	25	338	0	123	47	111	38	0	138	0	21	134	42	0	94	0	192	28	275	0	157	0	0	78	0	15	72	20	19	0	68	156	23	0	0	101	34	15	30	89	60	122	46	0	33	0	34	89	77	1	5	26	103	99	293	0	0	29	65	0	148	0	18	85	64	0	0	0	118	0	0	0	91	0	117	25	0	0	0	0	0	0	28	136	185	0	0	143	72	36	112	0	145	92	163	0	0	90	114	46	0	0	88	24	147	81	217	121	147	34	129	68	33	116	7	61	17	0	0	0	55	0	225	191	25	0	197	42	66	119	172	10	0	0	39	120	0	100	53	18	27	54	189	55	0	56	37	165	43	0	0	31	75	67	84	0	108	45	0	67	143	30	25	0	249	141	72	53	108	98	102	89	141	53	71	22	30	0	66	41	0	134	0	43
85	0	0	0	0	0	0	0	0	0	0	0	0	0	0	0	0	0	0	0	0	0	0	0	0	0	0	0	0	0	0	0	0	0	0	0	0	0	0	0	0	0	0	0	0	0	0	0	0	0	0	0	0	0	0	0	0	0	0	0	0	0	0	0	0	0	0	0	0	0	0	0	0	0	0	0	0	0	0	0	0	0	0	0	0	0	0	0	0	0	0	0	0	0	0	0	0	0	0	0	0	0	0	0	0	0	0	0	0	0	0	0	0	0	0	0	0	0	0	0	0	0	0	0	0	0	0	0	0	0	0	0	0	0	0	0	0	0	0	0	0	0	0	0	0	0	0	0	0	0	0	0	0	0	0	0	0	0	0	0	0	0	0	0	0	0	0	0	0	0	0	0	0	0	0	0	0	0	0	0	0	0	0	0	0	0	0	0	0	0	0	0	0	0	0	0	0	0	0	0	0	0	0	0	0	0	0	0	0	0	0	0	0	0	0	0	0	0	0	0	0	0	0	0	0	0	0	0	0	0	0	0	0	0	0	0	0	0	0	0	0	0	0	0	0	0	0	0	0	0	0	0	0	0	0	0	0	0	0	0	0	0	0	0	0	0	0	0	0	0	0	0	0	0	0	0	0	0	0	0	0	0	0	0	0	0	0	0	0	0	0	0	0	0	0	0	0	0	0	0	0	0	0	0	0	0	0	0	0	0	0	0	0	0	0	0	0	0	0	0	0	0	0	0	0	0	0	0	0	0	0	0	0	0	0	0	0	0	0	0	0	0	0	0	0	0	0	0	0	0	0	0	0	0	0	0	0	0	0	0	0	0	0	0	0	0	0	0	0	0	0	0	0	0	0	0	0	0	0	0	0	0	0	0	0	0	0	0	0	0	0	0	0	0	0	0	0	0	0	0	0	0	0	0	0	0	0	0	0	0	0	0	0	0	0	0	0	0	0	0	0	0	0	0	0	0	0	0	0	0	0	0	0	0	0	0	0	0	0	0	0	0	0	0	294	0	0	0	0	0	0	0	0	0	0	0	0	0	0	0	0	0	0	0	0	0	0	0	0	0	0	0	0	0	0	0	0	0	0	0	0	0	0	0	0	194	0	0	0	0	0	0	0	0	0	0	0	0	0	0	0	34	0	0	0	0	0	0	0	0	0	0	0	0	0	0	0	0	0	0	0	0	0	183	0	0	0	0	0	0	0	0	0	0	0	0	0	0	5	0	0	0	0	0	0	0	0	0	0	0	0	104	0	0	0	0	0	0	0	0	0	0	0	0	0	0	0	0	102	0	0	0	0	0	0	0	0	0	0	0	0	0	0	0	0	0	0	0	0	0	0	0	0	0	0	0	0	0	0	0	0	0	0	0	0	0	0	0	0	0	0	0	0	0	0	0	0	0	0	78	0	0	0	135	15	0	0	0	45	0	0	0	0	0	0	0	0	0	0	6	0	0	0	0	0	139	0	0	0	0	0	0	19	0	0	0	0	0	0	0	0	0	0	2	0	0	0	0	0	0	41	0	48	0	0	69	0	0	0	89	0	0	0	0	0	0	0	0	0	0	99	0	0	0	0	0	0	67	45	0	0	0	0	0	0	182	0	0	0	0	0	0	0	58	0	0	0	0	0	0	0	51	0	79	0	0	0	73	0	106	0	0	0	0	0	0	108	0	0	0	0	0	0	75	0	7	0	83	215	78	0	0	0	0	0	0	0	0	0	0	0	0	0	0	0	0	0	0	0	0	0	52	0	0	0	0	0	0	0	0	0	0	0	2	0	0	0	0	43	0	0	0	0	0	0	135	0	0	0	0	0	74	0	0	0	0	0	74	254	0	65	0	51	276	60	29	48	0	102	0	0	0	0	0	90	0	0	0	145	0	0	0	130	38	0	0	0	0	317	0	0	0	0	0	139	0	0	0	0	0	0	0	100	0	0	0	192	38	65	0	105	0	348	0	19	0	16	0	47	0	0	90	0	58	0	5	0	0	0	0	230	42	0	0	0	0	11	0	0	0	154	0	55	0	0	70	0	0	62	0	0	45	45	83	0	0	99	52	0	0	134	105	71	112	117	98	76	277	70	0	16	120	117	72	0	62	0	65	133	136	0	133	0	134	89	23	0	74	0	0	257	0	62	45	31	30	0	19	78	216	0	0	11	55	22	198	47	83	9	9	0	47	0	131	74	33	164	21	57	15	90	9	0	0	67	38	0	80	0	172	31	117	0	0	0	36	0	0	0	55	0	15	38	0	0	0	0	0	0	28	242	140	0	0	64	125	86	0	0	65	172	59	0	0	282	197	40	0	0	24	20	111	50	20	53	34	73	14	168	38	50	60	209	28	0	0	0	62	0	167	97	31	0	116	99	39	132	36	76	0	0	132	60	0	187	343	52	29	91	34	155	0	114	69	108	73	0	0	90	129	197	181	0	76	28	0	63	141	97	47	0	7	171	34	35	158	16	41	157	200	47	54	130	116	0	140	182	0	126	0	244
86	0	0	0	0	0	0	0	0	0	0	0	0	0	0	0	0	0	0	0	0	0	0	0	0	0	0	0	0	0	0	0	0	0	0	0	0	0	0	0	0	0	0	0	0	0	0	0	0	0	0	0	0	0	0	0	0	0	0	0	0	0	0	0	0	0	0	0	0	0	0	0	0	0	0	0	0	0	0	0	0	0	0	0	0	0	0	0	0	0	0	0	0	0	0	0	0	0	0	0	0	0	0	0	0	0	0	0	0	0	0	0	0	0	0	0	0	0	0	0	0	0	0	0	0	0	0	0	0	0	0	0	0	0	0	0	0	0	0	0	0	0	0	0	0	0	0	0	0	0	0	0	0	0	0	0	0	0	0	0	0	0	0	0	0	0	0	0	0	0	0	0	0	0	0	0	0	0	0	0	0	0	0	0	0	0	0	0	0	0	0	0	0	0	0	0	0	0	0	0	0	0	0	0	0	0	0	0	0	0	0	0	0	0	0	0	0	0	0	0	0	0	0	0	0	0	0	0	0	0	0	0	0	0	0	0	0	0	0	0	0	0	0	0	0	0	0	0	0	0	0	0	0	0	0	0	0	0	0	0	0	0	0	0	0	0	0	0	0	0	0	0	0	0	0	0	0	0	0	0	0	0	0	0	0	0	0	0	0	0	0	0	0	0	0	0	0	0	0	0	0	0	0	0	0	0	0	0	0	0	0	0	0	0	0	0	0	0	0	0	0	0	0	0	0	0	0	0	0	0	0	0	0	0	0	0	0	0	0	0	0	0	0	0	0	0	0	0	0	0	0	0	0	0	0	0	0	0	0	0	0	0	0	0	0	0	0	0	0	0	0	0	0	0	0	0	0	0	0	0	0	0	0	0	0	0	0	0	0	0	0	0	0	0	0	0	0	0	0	0	0	0	0	0	0	0	0	0	1	0	0	0	0	0	0	0	0	0	0	0	0	0	0	0	0	0	0	0	0	0	0	0	0	0	0	0	0	0	0	0	0	0	0	4	49	0	0	0	0	0	0	0	0	0	0	0	0	0	0	0	0	0	0	0	0	0	0	0	0	0	0	0	0	0	0	0	0	0	0	0	0	0	0	0	0	93	0	0	0	0	0	0	0	0	0	0	0	0	0	0	0	88	0	0	0	0	0	0	0	0	0	0	0	0	0	0	0	0	0	0	0	0	0	27	0	0	0	0	0	0	0	0	0	0	0	0	0	0	6	0	0	0	0	0	0	0	0	27	0	0	0	66	0	0	0	0	0	0	0	0	0	0	0	0	0	0	0	0	166	0	0	0	0	0	0	0	0	0	0	0	0	0	15	0	0	0	0	0	0	0	0	0	0	0	0	0	0	0	0	0	0	0	0	0	0	0	0	0	0	0	0	0	0	0	0	0	0	0	0	113	0	0	0	390	252	26	0	0	26	0	0	0	0	0	0	0	0	0	0	21	0	0	0	0	0	17	0	0	0	0	0	0	118	0	0	0	0	0	0	0	0	0	0	50	0	0	0	0	0	0	56	0	80	0	0	79	0	0	0	113	0	0	0	0	0	0	0	0	0	0	107	0	0	0	0	0	11	27	167	0	0	0	0	0	0	155	0	0	0	0	108	0	0	126	0	0	0	0	0	2	0	131	0	40	0	0	0	32	0	97	0	0	0	0	0	0	74	0	0	0	0	51	0	131	0	101	0	93	94	89	0	0	0	0	0	0	0	0	0	0	41	0	0	0	0	0	0	0	0	0	0	144	335	0	0	42	0	0	0	0	0	0	0	12	0	0	0	0	152	0	0	15	0	0	0	146	0	0	0	0	0	244	0	0	0	0	0	31	234	0	105	0	45	115	115	6	236	0	46	7	0	0	40	0	57	0	0	0	110	0	0	0	13	3	24	0	0	0	65	0	11	0	0	0	92	0	0	0	0	0	0	0	105	0	0	0	375	131	5	0	46	0	62	0	96	0	82	0	106	0	0	14	0	100	0	0	0	0	0	0	92	35	0	0	0	0	0	0	0	0	247	0	157	0	4	65	133	0	180	0	176	176	51	259	0	0	437	127	0	0	141	45	30	60	14	75	55	167	37	0	397	30	183	2	0	34	0	75	56	55	0	117	0	48	33	71	0	96	0	0	232	0	50	148	88	82	0	144	85	363	1	0	102	43	22	146	55	81	24	63	0	150	0	251	133	75	118	3	84	172	76	297	0	0	132	48	0	69	17	299	98	91	1	0	0	119	0	0	0	144	0	79	45	0	0	0	0	0	0	75	189	73	0	0	63	115	45	175	0	184	118	233	0	0	42	92	85	0	0	54	106	60	159	235	65	137	39	64	101	194	105	22	77	236	0	0	0	20	0	72	34	128	0	137	236	52	208	117	26	0	0	105	53	0	254	63	15	178	63	132	72	0	142	138	168	101	0	4	67	50	177	71	0	201	47	0	94	22	76	72	0	125	59	68	127	162	180	41	199	27	12	118	112	124	0	178	122	0	25	69	44
87	0	0	0	0	0	0	0	0	0	0	0	0	0	0	0	0	0	0	0	0	0	0	0	0	0	0	0	0	0	0	0	0	0	0	0	0	0	0	0	0	0	0	0	0	0	0	0	0	0	0	0	0	0	0	0	0	0	0	0	0	0	0	0	0	0	0	0	0	0	0	0	0	0	0	0	0	0	0	0	0	0	0	0	0	0	0	0	0	0	0	0	0	0	0	0	0	0	0	0	0	0	0	0	0	0	0	0	0	0	0	0	0	0	0	0	0	0	0	0	0	0	0	0	0	0	0	0	0	0	0	0	0	0	0	0	0	0	0	0	0	0	0	0	0	0	0	0	0	0	0	0	0	0	0	0	0	0	0	0	0	0	0	0	0	0	0	0	0	0	0	0	0	0	0	0	0	0	0	0	0	0	0	0	0	0	0	0	0	0	0	0	0	0	0	0	0	0	0	0	0	0	0	0	0	0	0	0	0	0	0	0	0	0	0	0	0	0	0	0	0	0	0	20	0	0	0	0	0	0	0	0	0	0	0	0	0	0	0	0	0	0	0	0	0	0	0	0	0	0	0	0	0	0	0	0	0	0	0	0	0	0	0	0	0	0	0	0	0	0	0	0	0	0	0	0	0	0	0	0	0	0	0	0	0	0	0	0	0	0	0	0	0	0	0	0	0	0	0	0	0	0	0	0	0	0	0	0	0	0	0	0	0	0	0	0	0	0	0	0	0	0	0	0	0	0	0	0	0	0	0	0	0	0	0	0	0	0	0	0	0	0	0	0	0	0	0	0	0	0	0	0	0	0	0	0	0	0	0	0	0	0	0	0	0	0	0	0	0	0	0	0	0	0	0	0	0	69	0	0	0	0	0	0	0	0	0	0	0	0	0	0	0	0	0	0	0	0	0	0	0	0	0	0	0	0	0	0	0	0	0	0	0	0	0	0	0	0	0	0	0	0	0	0	0	0	0	0	0	0	0	0	0	0	0	0	0	0	0	0	0	0	0	0	54	0	0	0	0	0	0	0	0	0	0	0	0	0	0	0	0	0	0	0	0	0	0	0	0	0	0	0	0	0	0	0	0	0	0	0	0	0	0	0	0	40	0	0	0	0	0	0	0	0	0	0	0	0	0	0	0	121	0	0	0	0	0	0	0	0	0	0	0	0	0	0	0	0	0	0	0	0	0	187	0	0	0	0	0	0	0	0	0	0	0	0	0	0	129	0	0	0	5	0	0	0	0	9	0	0	0	12	0	0	0	0	0	0	0	0	0	0	0	0	0	0	0	0	122	0	0	0	0	0	0	32	0	0	0	0	2	0	149	0	0	0	0	0	0	0	0	0	0	0	0	0	0	0	0	0	0	0	0	0	0	0	0	0	0	0	0	0	0	0	0	0	0	0	0	12	0	0	0	1	155	31	0	0	78	0	0	0	0	0	0	0	0	0	0	59	0	0	0	0	0	303	0	0	0	0	0	0	80	0	0	0	0	0	64	0	0	0	0	5	0	0	0	0	0	0	126	0	26	0	0	44	0	23	0	190	0	0	0	0	0	0	0	0	1	0	42	0	0	0	0	0	0	141	261	0	0	0	0	7	21	125	0	0	0	0	51	0	3	279	0	0	0	0	0	102	0	0	0	44	0	0	0	67	0	108	0	0	0	0	0	0	191	0	0	0	0	73	0	146	0	208	0	77	58	97	0	0	0	0	0	0	0	0	0	0	0	0	0	0	0	0	0	10	0	0	0	215	9	0	0	4	0	0	0	0	0	0	0	92	0	0	0	0	57	0	0	96	0	0	0	109	0	0	0	0	0	136	0	0	0	0	0	59	215	0	93	0	59	86	81	138	42	0	132	25	0	0	123	0	93	0	0	0	105	0	0	0	92	223	33	0	0	0	56	0	0	0	180	0	79	0	0	0	0	0	0	0	35	0	31	0	41	138	0	0	195	0	115	0	92	0	154	0	158	0	0	8	0	8	0	0	0	0	0	0	85	233	0	0	0	0	49	0	0	0	78	0	67	0	0	223	28	0	61	0	262	15	160	48	0	0	14	31	0	0	38	81	74	267	71	48	88	335	23	0	102	69	55	138	0	185	0	93	201	76	0	51	0	148	119	88	0	33	0	0	37	0	138	146	113	96	0	72	64	2	0	0	296	205	125	63	46	171	66	116	0	86	0	171	108	103	108	41	83	208	118	95	0	0	126	97	0	126	0	115	55	102	0	1	0	178	0	0	0	98	0	231	56	0	0	0	0	0	0	119	43	346	0	0	285	63	108	56	0	143	113	26	0	0	208	64	238	0	27	114	70	56	25	39	94	203	71	110	57	162	130	131	121	21	0	0	0	44	0	176	121	171	0	32	227	50	48	66	152	0	0	22	162	0	81	89	153	81	116	47	184	0	98	250	111	27	0	0	140	42	184	162	0	64	90	0	176	106	126	14	0	112	34	49	48	108	110	112	126	405	59	56	60	21	0	50	78	61	27	16	69
88	0	0	0	0	0	0	0	0	0	0	0	0	0	0	0	0	0	0	0	0	0	0	0	0	0	0	0	0	0	0	0	0	0	0	0	0	0	0	0	0	0	0	0	0	0	0	0	0	0	0	0	0	0	0	0	0	0	0	0	0	0	0	0	0	0	0	0	0	0	0	0	0	0	0	0	0	0	0	0	0	0	0	0	0	0	0	0	0	0	0	0	0	0	0	0	0	0	0	0	0	0	0	0	0	0	0	0	0	0	0	0	0	0	0	0	0	0	0	0	0	0	0	0	0	0	0	0	0	0	0	0	0	0	0	0	0	0	0	0	0	0	0	0	0	0	0	0	0	0	0	0	0	0	0	0	0	0	0	0	0	0	0	0	0	0	0	0	0	0	0	0	0	0	0	0	0	0	0	0	0	0	0	0	0	0	0	0	0	0	0	0	0	0	0	0	0	0	0	0	0	0	0	0	0	0	0	0	0	0	0	0	0	0	0	0	0	0	0	0	0	0	0	0	0	0	0	0	0	0	0	0	0	0	0	0	0	0	0	0	0	0	0	0	0	0	0	0	0	0	0	0	0	0	0	0	0	0	0	0	0	0	0	0	0	0	0	0	0	0	0	0	0	0	0	0	0	0	0	0	0	0	0	0	0	0	0	0	0	0	0	0	0	0	0	0	0	0	0	0	0	0	0	0	0	0	0	0	0	0	0	0	0	0	0	0	0	0	0	0	0	0	0	0	0	0	0	0	0	0	0	0	0	0	0	0	0	0	0	0	0	0	0	0	0	0	0	0	0	0	0	0	0	0	0	0	0	0	0	0	0	0	0	0	0	0	0	0	0	0	0	0	0	0	0	0	0	0	0	0	0	0	0	0	0	0	0	0	0	0	0	0	0	0	0	0	0	0	0	0	0	0	0	0	0	0	0	0	0	0	0	0	0	0	0	0	0	0	0	0	0	0	0	0	0	0	0	0	0	0	0	0	0	0	0	0	0	0	0	0	0	0	0	0	54	0	0	0	0	0	0	0	0	0	0	0	0	0	0	0	0	0	0	0	0	0	0	0	0	0	0	0	0	0	0	0	0	0	0	0	0	0	0	0	0	130	2	0	0	0	0	0	0	0	0	0	0	0	0	0	0	147	0	0	0	0	0	0	0	0	0	0	0	0	0	0	0	0	0	0	0	0	0	36	0	0	0	0	0	0	0	0	0	0	0	0	0	0	22	0	0	0	0	0	0	0	0	0	0	0	0	20	0	0	0	0	0	0	0	0	0	0	0	0	0	0	0	0	85	0	0	0	0	0	0	0	0	0	0	0	0	0	39	0	0	0	0	0	0	0	0	0	0	0	0	0	0	0	0	0	0	0	0	0	0	0	0	0	0	0	0	0	0	0	0	0	0	0	0	58	0	0	0	42	261	120	0	0	132	0	0	0	0	0	0	0	0	0	0	35	0	0	0	0	0	48	0	0	0	0	0	0	2	0	0	0	0	0	0	0	0	0	0	44	0	0	0	0	0	0	112	0	0	0	0	143	0	0	0	115	0	0	0	0	0	0	0	0	0	0	37	0	0	0	0	0	0	78	104	0	0	0	0	0	0	376	0	0	0	0	0	0	0	90	0	0	0	0	0	0	0	5	0	36	0	0	0	11	0	17	0	0	0	0	0	0	74	0	0	0	0	0	0	150	0	35	0	87	13	79	0	0	0	0	0	0	0	0	0	0	14	0	0	0	0	0	0	15	0	0	0	100	176	0	0	0	0	0	0	0	0	0	0	8	0	0	0	0	67	0	0	152	0	0	0	215	0	0	0	0	0	41	0	0	0	0	0	51	282	0	125	0	71	59	93	125	344	0	93	0	0	0	19	0	44	0	0	0	42	0	0	0	46	36	0	0	0	0	45	0	19	0	0	0	136	0	0	0	0	0	0	0	37	0	0	0	224	57	0	0	213	0	192	0	130	0	44	0	76	0	0	113	0	0	0	0	0	0	0	0	216	13	0	0	0	0	44	0	0	0	22	0	75	0	0	52	26	0	8	0	1	147	41	73	0	0	84	105	0	0	60	87	20	48	75	22	22	31	157	0	150	22	37	192	0	218	0	45	80	12	0	199	0	93	48	144	8	177	0	0	52	0	29	30	251	170	0	49	211	26	0	0	49	81	207	225	61	67	39	46	0	108	0	100	248	5	49	180	43	90	106	122	0	0	69	194	0	47	0	22	35	42	0	0	0	126	0	0	0	67	0	24	35	0	0	0	0	0	0	14	60	93	0	0	94	158	240	15	0	103	236	112	0	0	141	7	139	0	0	104	38	94	51	113	99	338	63	45	93	24	98	112	60	40	0	0	0	211	0	69	31	28	0	91	183	60	29	47	94	0	0	131	45	0	236	122	81	72	122	125	28	0	142	57	76	163	0	0	49	75	172	7	0	12	94	0	21	41	181	119	0	9	78	78	75	193	116	87	144	39	77	71	95	212	0	12	55	0	264	0	59
89	0	0	0	0	0	0	0	0	0	0	0	0	0	0	0	0	0	0	0	0	0	0	0	0	0	0	0	0	0	0	0	0	0	0	0	0	0	0	0	0	0	0	0	0	0	0	0	0	0	0	0	0	0	0	0	0	0	0	0	0	0	0	0	0	0	0	0	0	0	0	0	0	0	0	0	0	0	0	0	0	0	0	0	0	0	0	0	0	0	0	0	0	0	0	0	0	0	0	0	0	0	0	0	0	0	0	0	0	0	0	0	0	0	0	0	0	0	0	0	0	0	0	0	0	0	0	0	0	0	0	0	0	0	0	0	0	0	0	0	0	0	0	0	0	0	0	0	0	0	0	0	0	0	0	0	0	0	0	0	0	0	0	0	0	0	0	0	0	0	0	0	0	0	0	0	0	0	0	0	0	0	0	0	0	0	0	0	0	0	0	5	0	0	0	0	0	0	0	0	0	0	0	0	0	0	0	0	0	0	0	0	0	0	0	0	0	0	0	0	0	0	0	0	0	0	0	0	0	0	0	0	0	0	0	0	0	0	0	0	0	0	0	0	0	0	0	0	0	0	0	0	0	0	0	0	0	0	0	0	0	0	0	0	0	0	0	0	0	0	0	0	0	0	0	0	0	0	0	0	0	0	0	0	0	0	0	0	0	0	0	0	0	0	0	0	0	0	0	0	0	0	0	0	0	0	0	0	0	0	0	0	0	0	0	0	0	0	0	0	0	0	0	0	0	0	0	0	0	0	0	0	0	0	0	0	0	0	0	0	0	0	0	0	0	0	0	0	0	0	1	0	0	0	0	0	0	0	0	0	0	0	0	0	0	0	0	0	0	0	0	0	0	0	0	0	0	0	0	0	0	0	0	0	0	0	0	0	0	0	0	0	0	0	0	0	0	0	0	0	0	0	0	0	33	0	0	0	0	0	0	0	0	0	0	0	0	0	0	0	0	0	0	0	0	0	0	0	0	0	0	0	0	14	0	0	0	0	0	0	0	0	0	0	64	0	0	0	0	0	0	0	0	0	0	0	0	0	0	0	0	0	0	0	0	0	0	0	0	0	0	0	0	0	0	0	0	0	0	0	0	0	0	0	0	174	0	0	0	0	0	0	0	0	0	0	0	0	0	0	0	248	0	0	0	0	0	0	0	0	0	0	0	0	0	0	0	0	0	0	0	0	0	92	0	0	0	0	0	0	0	0	0	0	0	0	0	0	146	0	0	0	0	0	0	0	0	0	0	0	0	43	0	0	0	0	0	0	0	0	0	0	0	0	0	0	0	0	183	0	0	0	0	0	0	0	0	0	0	0	22	0	55	0	0	0	0	0	0	0	0	0	0	0	0	0	0	0	0	0	0	0	0	0	0	0	0	0	0	0	0	0	0	0	0	0	0	0	0	94	0	0	0	37	13	131	1	0	50	0	0	0	0	0	0	0	0	0	0	0	0	0	0	0	0	109	0	0	0	0	0	0	2	0	0	0	0	0	0	0	0	0	0	374	0	0	0	0	0	0	55	0	6	0	0	220	0	0	0	170	0	0	0	0	0	0	0	0	0	0	117	0	0	0	0	0	0	46	18	0	0	0	0	0	0	33	0	0	0	0	3	0	0	95	0	0	0	0	0	0	0	183	0	56	0	0	0	156	0	38	0	0	0	0	0	0	74	0	0	0	0	0	0	78	0	40	0	38	71	34	0	0	0	0	0	0	0	0	0	0	0	0	0	0	0	0	0	0	0	0	0	119	0	0	0	0	0	0	0	0	0	0	0	127	0	0	0	0	16	0	0	93	0	0	0	202	0	0	0	0	0	39	0	0	0	0	0	78	160	0	63	0	34	89	132	231	91	0	45	82	0	0	247	0	37	0	0	0	140	0	0	0	258	135	16	0	0	0	204	0	15	0	8	0	156	0	0	0	0	0	0	0	22	0	0	0	238	25	260	0	50	0	160	0	132	0	114	0	272	0	0	84	0	0	21	0	0	0	0	0	47	44	0	0	0	2	44	0	0	0	83	0	49	0	0	83	74	0	6	0	96	242	87	147	0	0	63	52	0	0	44	86	229	151	210	134	54	97	51	0	200	73	39	142	0	121	0	10	31	32	0	42	0	192	5	122	0	95	0	0	217	0	283	83	74	149	0	103	79	17	0	0	30	66	66	29	84	30	41	20	0	104	0	94	192	8	143	65	219	188	49	48	0	0	73	210	0	57	0	19	350	151	0	5	0	33	0	0	0	28	0	118	165	0	0	0	0	0	0	72	100	159	0	0	118	280	139	109	0	49	38	100	0	0	14	5	32	0	9	56	25	61	59	39	21	40	105	155	81	31	40	233	112	34	0	0	0	65	0	179	35	48	0	112	308	132	25	60	11	0	0	47	152	0	133	129	127	80	48	73	16	0	28	51	254	43	0	0	37	137	109	80	0	62	149	0	270	157	42	53	0	268	99	201	177	99	37	10	100	124	190	72	195	194	0	156	89	0	153	0	208
90	0	0	0	0	0	0	0	0	0	0	0	0	0	0	0	0	0	0	0	0	0	0	0	0	0	0	0	0	0	0	0	0	0	0	0	0	0	0	0	0	0	0	0	0	0	0	0	0	0	0	0	0	0	0	0	0	0	0	0	0	0	0	0	0	0	0	0	0	0	0	0	0	0	0	0	0	0	0	0	0	0	0	0	0	0	0	0	0	0	0	0	0	0	0	0	0	0	0	0	0	0	0	0	0	0	0	0	0	0	0	0	0	0	0	0	0	0	0	0	0	0	0	0	0	0	0	0	0	0	0	0	0	0	0	0	0	0	0	0	0	0	0	0	0	0	0	0	0	0	0	0	0	0	0	0	0	0	0	0	0	0	0	0	0	0	0	0	0	0	0	0	0	0	0	0	0	0	0	0	0	0	0	0	0	0	0	0	0	0	0	0	0	0	0	0	0	0	0	0	0	0	0	0	0	0	0	0	0	0	0	0	0	0	0	0	0	0	0	0	0	0	0	0	0	0	0	0	0	0	0	0	0	0	0	0	0	0	0	0	0	0	0	0	0	0	0	0	0	0	0	0	0	0	0	0	0	0	0	0	0	0	0	0	0	0	0	0	0	0	0	48	0	0	0	0	0	0	0	0	0	0	0	0	0	0	0	0	0	0	0	0	0	0	0	0	0	0	0	0	0	0	0	0	0	0	0	0	0	0	0	0	0	0	0	0	0	0	0	0	0	0	0	0	0	0	0	0	0	0	0	0	0	0	0	0	0	0	0	0	0	0	0	0	0	0	0	0	0	0	0	0	0	0	0	0	0	0	0	0	0	0	0	0	0	0	0	0	0	0	0	0	0	0	0	0	0	0	0	0	0	0	0	0	0	0	0	0	0	0	0	0	0	0	0	0	0	0	0	0	0	0	0	0	0	0	0	0	0	0	0	0	0	0	0	0	0	0	0	0	0	0	0	0	0	0	0	0	0	0	0	0	0	0	0	0	0	0	0	0	0	0	0	0	22	0	0	0	0	0	0	0	0	0	0	0	0	0	0	0	0	0	0	0	0	0	0	0	0	0	0	0	0	0	0	0	0	0	0	0	0	0	0	0	0	81	0	0	0	0	0	0	0	0	0	0	0	0	0	0	0	35	0	0	0	0	0	0	0	0	0	0	0	0	0	0	0	0	0	0	0	0	0	197	0	0	0	0	0	0	0	0	0	0	0	0	0	0	0	0	0	0	0	1	0	0	0	0	0	0	0	8	0	0	0	0	0	0	0	0	0	0	0	0	0	0	0	0	69	0	0	0	0	0	0	0	0	0	0	0	0	0	126	0	0	0	0	0	0	0	0	0	0	0	0	0	0	0	0	0	0	0	0	0	0	0	0	0	0	0	0	0	0	0	0	0	0	0	0	48	0	0	0	5	247	0	0	0	4	0	0	0	0	0	0	0	0	0	0	1	0	0	0	0	0	85	0	0	0	0	0	0	0	0	0	0	0	0	0	0	0	0	0	12	0	0	0	0	0	0	34	0	0	0	0	111	0	0	0	58	0	0	0	0	0	0	0	0	2	0	0	0	0	0	0	0	0	27	47	0	0	0	0	0	0	18	0	0	0	0	159	0	0	12	0	0	0	0	0	0	0	39	0	53	0	0	0	94	0	178	0	0	0	0	0	0	51	0	0	0	0	0	0	55	0	42	0	36	162	185	0	0	0	0	0	0	0	0	0	0	0	0	0	0	0	0	0	0	0	0	0	108	0	0	0	0	0	0	0	0	0	0	0	0	0	0	0	0	44	0	0	0	0	0	0	135	0	0	0	0	0	27	0	0	0	0	0	76	64	0	124	0	58	77	20	36	30	0	30	0	0	0	105	0	31	0	0	0	141	0	0	0	40	110	0	0	0	0	52	0	0	0	0	0	48	0	0	0	0	0	0	0	107	0	0	0	7	41	156	0	41	0	110	0	217	0	90	0	220	0	0	87	0	0	0	0	0	0	0	0	32	89	0	0	0	0	32	0	0	0	32	0	200	0	0	32	0	0	19	0	18	22	25	41	0	0	32	52	0	0	139	53	55	184	56	80	122	140	272	0	26	101	55	174	0	105	0	65	21	93	0	18	0	232	210	155	0	135	0	0	41	0	37	32	80	81	0	32	193	70	0	0	195	34	115	59	169	101	74	43	0	261	0	70	49	155	33	108	16	34	47	210	0	0	26	104	0	82	0	259	57	49	0	0	0	77	0	0	0	68	0	56	130	0	0	0	0	0	0	97	63	223	0	0	86	108	26	47	0	57	201	142	0	0	140	132	44	0	0	120	113	62	42	78	10	162	57	110	130	80	158	140	113	71	0	0	0	125	0	90	43	48	0	66	302	35	30	20	68	0	0	200	81	0	58	279	28	47	64	106	461	0	50	82	45	46	0	0	14	76	69	9	0	240	23	0	27	27	78	174	0	167	91	40	169	104	87	175	54	105	26	65	52	147	0	53	30	0	12	0	189
91	0	0	0	0	0	0	0	0	0	0	0	0	0	0	0	0	0	0	0	0	0	0	0	0	0	0	0	0	0	0	0	0	0	0	0	0	0	0	0	0	0	0	0	0	0	0	0	0	0	0	0	0	0	0	0	0	0	0	0	0	0	0	0	0	0	0	0	0	0	0	0	0	0	0	0	0	0	0	0	0	0	0	0	0	0	0	0	0	0	0	0	0	0	0	0	0	0	0	0	0	0	0	0	0	0	0	0	0	0	0	0	0	0	0	0	0	0	0	0	0	0	0	0	0	0	0	0	0	0	0	0	0	0	0	0	0	0	0	0	0	0	0	0	0	0	0	0	0	0	0	0	0	0	0	0	0	0	0	0	0	0	0	0	0	0	0	0	0	0	0	0	0	0	0	0	0	0	0	0	0	0	0	0	0	0	0	0	0	0	0	0	0	0	0	0	0	0	0	0	0	0	0	0	0	0	0	0	0	0	0	0	0	0	0	0	0	0	4	0	0	0	0	0	0	0	0	0	0	0	0	0	0	0	0	0	0	0	0	0	0	0	0	0	0	1	0	0	0	0	0	0	0	0	0	0	0	0	0	0	0	0	0	0	0	0	0	0	0	0	0	0	0	0	0	0	0	0	0	0	0	0	0	0	0	0	0	0	0	0	0	0	0	0	0	0	0	0	0	0	0	0	0	0	0	0	0	0	0	0	0	0	0	0	0	0	0	0	0	0	0	0	0	0	0	0	0	0	0	0	0	0	0	0	0	0	0	0	0	0	0	0	0	0	0	0	0	0	0	0	0	0	0	0	0	0	0	0	0	0	0	0	0	0	0	0	0	0	0	0	0	0	0	0	0	0	0	0	0	0	0	0	0	0	0	0	0	0	0	0	0	0	0	0	0	0	0	0	0	0	0	0	0	0	0	0	0	0	0	0	0	0	0	0	0	0	0	0	0	0	0	0	0	0	0	0	0	0	0	0	0	0	0	0	0	0	0	0	0	0	0	0	0	0	85	0	0	0	0	0	0	0	0	0	0	0	0	0	0	0	0	0	0	0	0	0	0	0	0	0	0	0	0	0	0	0	0	0	0	0	0	0	0	0	0	133	0	0	0	0	0	0	0	0	0	0	0	0	0	0	0	21	46	0	0	0	0	0	0	0	0	0	0	0	0	0	0	0	0	0	0	0	0	127	0	0	0	0	0	0	0	0	0	0	0	0	0	0	28	0	0	0	0	0	0	0	0	35	0	0	0	49	0	0	0	0	0	0	0	0	0	0	0	0	0	0	0	0	22	0	0	0	0	0	0	0	0	0	0	0	0	0	61	0	0	0	0	0	0	0	0	0	0	0	0	0	0	0	0	0	0	0	0	0	0	0	0	0	0	0	0	0	0	0	0	0	0	0	0	17	0	0	0	73	191	102	0	0	29	0	0	0	0	0	0	0	0	0	0	60	0	0	0	0	0	64	0	0	0	0	0	0	18	0	0	0	0	0	0	0	0	0	0	167	0	0	0	0	0	0	139	0	68	0	0	36	0	0	0	45	0	0	0	0	0	0	0	0	54	0	18	0	0	0	0	0	32	132	124	0	0	0	0	0	0	48	0	0	0	0	230	0	0	35	0	0	0	0	0	0	0	76	0	49	0	0	0	46	0	33	0	0	0	0	0	0	166	0	0	0	0	0	0	80	0	401	0	249	84	41	0	0	0	0	0	0	0	0	0	0	4	11	0	42	0	0	0	1	0	0	0	18	17	0	0	0	0	0	0	0	0	0	0	17	0	0	0	0	92	0	0	148	0	0	0	60	0	0	0	0	0	361	0	0	0	0	26	39	171	0	218	0	57	121	196	11	104	0	103	9	0	0	34	0	45	0	0	0	18	0	0	0	160	198	0	0	0	0	16	0	24	0	0	0	37	0	0	0	0	0	0	0	7	0	0	0	89	40	58	0	104	0	103	0	167	0	37	0	3	0	0	111	0	53	0	0	0	0	0	0	28	208	0	0	0	0	131	0	0	0	82	0	14	0	0	37	93	0	212	0	27	20	105	27	0	14	218	40	0	0	105	101	85	36	29	104	64	73	130	0	57	48	61	115	0	343	0	173	22	100	0	117	0	84	172	170	0	134	0	26	69	0	15	78	232	102	0	26	64	156	0	0	228	165	104	55	48	66	52	128	3	17	0	75	40	61	145	57	74	55	142	15	0	0	39	460	0	96	0	298	51	67	0	121	0	25	0	0	0	92	0	117	106	0	0	0	0	0	0	66	21	30	0	0	66	136	49	5	0	58	155	84	0	0	115	13	163	0	0	129	16	156	279	42	65	174	54	181	51	29	18	52	43	44	0	0	0	222	0	150	75	59	0	52	155	29	102	98	105	0	0	55	68	0	224	103	264	73	215	151	53	0	51	41	102	85	0	0	129	76	52	53	0	47	43	0	124	51	50	12	0	122	98	113	37	47	82	131	27	61	18	44	49	6	0	57	45	0	375	3	289
92	0	0	0	0	0	0	0	0	0	0	0	0	0	0	0	0	0	0	0	0	0	0	0	0	0	0	0	0	0	0	0	0	0	0	0	0	0	0	0	0	0	0	0	0	0	0	0	0	0	0	0	0	0	0	0	0	0	0	0	0	0	0	0	0	0	0	0	0	0	0	0	0	0	0	0	0	0	0	0	0	0	0	0	0	0	0	0	0	0	0	0	0	0	0	0	0	0	0	0	0	0	0	0	0	0	0	0	0	0	0	0	0	0	0	0	0	0	0	0	0	0	0	0	0	0	0	0	0	0	0	49	0	0	0	0	0	0	0	0	0	0	0	0	0	0	0	0	0	0	0	0	0	0	0	0	0	0	0	0	0	0	0	0	0	0	0	0	0	0	0	0	0	0	0	0	0	0	0	0	0	0	0	0	0	0	0	0	0	0	0	0	0	0	0	0	0	0	0	0	0	0	0	0	0	0	0	0	0	0	0	0	0	0	0	0	0	0	0	0	0	0	0	0	0	0	0	0	0	0	0	0	0	0	0	0	0	0	0	0	0	0	0	0	0	0	0	0	0	0	0	0	0	0	0	0	0	0	0	0	0	0	0	0	0	0	0	0	0	0	0	0	0	0	0	0	0	0	0	0	0	0	0	0	0	0	0	0	0	0	0	0	0	0	0	0	0	0	0	0	0	0	0	0	0	0	0	0	0	0	0	0	0	0	0	0	0	0	0	0	0	0	0	0	0	0	0	0	0	0	0	0	0	0	0	0	0	0	0	0	0	0	0	0	0	0	0	0	0	0	0	0	0	0	0	0	0	0	0	0	0	0	0	0	0	0	0	0	0	0	0	0	0	0	0	0	0	0	0	0	0	0	0	0	0	0	0	0	0	0	0	0	0	0	0	0	0	0	0	0	0	0	0	0	0	0	0	0	0	0	0	0	0	0	0	0	0	0	0	0	0	0	0	0	0	0	0	0	0	0	0	0	0	0	0	0	0	0	0	0	0	0	0	0	6	0	0	0	0	0	0	0	0	0	0	0	0	0	0	0	0	0	0	0	0	0	0	0	0	0	0	0	0	0	0	0	0	0	0	0	0	0	0	0	0	166	0	0	0	0	0	0	0	0	0	0	0	0	0	0	0	139	0	0	0	0	0	0	0	0	0	0	0	0	0	0	0	0	0	0	0	0	0	74	0	0	0	0	0	0	0	0	0	0	0	0	0	0	214	0	0	0	0	0	0	0	0	26	0	0	0	251	0	0	0	0	0	0	0	0	0	0	0	0	0	0	0	0	132	0	0	0	0	0	0	0	0	0	0	0	0	0	24	0	0	0	0	0	0	0	0	0	0	0	0	0	0	0	0	0	0	0	0	0	0	0	3	0	0	0	0	0	0	0	0	0	0	0	0	3	0	0	0	125	143	138	0	0	83	0	0	0	0	0	0	0	0	0	0	72	0	0	0	0	0	104	0	0	0	0	0	0	76	0	0	0	0	0	0	0	0	0	0	107	0	0	0	0	0	0	29	0	0	0	0	39	0	0	0	79	0	0	0	0	0	0	0	0	0	0	179	0	0	3	0	0	0	156	90	0	0	0	0	0	0	207	0	0	0	0	3	0	0	62	0	0	0	0	0	0	0	263	0	120	0	0	0	46	0	120	0	0	0	0	0	0	117	0	0	0	0	0	0	49	0	1	0	46	51	128	0	0	0	0	0	0	0	0	0	0	31	0	0	0	0	0	0	0	0	0	0	129	72	0	0	0	0	0	0	0	0	0	0	0	0	0	0	0	69	0	0	12	0	0	0	141	0	0	0	0	0	179	0	0	0	0	0	58	39	0	85	0	399	67	71	9	291	54	118	8	0	0	81	0	28	0	0	0	309	0	0	0	352	177	16	0	0	0	19	0	0	0	1	0	116	0	0	0	0	37	0	0	28	0	0	0	128	35	138	0	40	0	82	0	29	0	203	0	64	0	0	47	0	47	16	0	0	0	0	0	131	40	0	0	0	0	254	0	0	0	41	0	122	0	0	95	62	0	24	0	73	166	149	28	0	46	148	122	0	0	145	63	139	179	95	70	109	20	23	0	70	20	117	122	0	78	0	170	43	181	0	189	0	53	72	12	0	14	0	0	81	0	51	37	138	136	0	18	99	121	0	0	102	122	81	24	57	214	120	127	0	131	0	40	183	20	20	18	112	35	87	100	0	0	40	141	0	193	46	169	32	160	0	34	0	149	0	0	0	86	0	59	280	0	0	0	0	0	0	25	116	53	0	0	41	354	53	70	0	88	30	92	0	0	68	86	154	0	0	212	52	247	174	274	48	122	127	49	33	105	113	129	171	95	0	0	0	98	0	48	164	21	0	117	159	25	70	23	52	0	0	41	240	0	21	64	93	53	49	184	83	0	182	80	168	66	0	0	49	17	131	204	0	51	8	0	47	102	73	79	0	27	148	360	181	72	134	21	42	35	38	86	27	154	0	59	158	0	121	0	208
93	0	0	0	0	0	0	0	0	0	0	0	0	0	0	0	0	0	0	0	0	0	0	0	0	0	0	0	0	0	0	0	0	0	0	0	0	0	0	0	0	0	0	0	0	0	0	0	0	0	0	0	0	0	0	0	0	0	0	0	0	0	0	0	0	0	0	0	0	0	0	0	0	0	0	0	0	0	0	0	0	0	0	0	0	0	0	0	0	0	0	0	0	0	0	0	0	0	0	0	0	0	0	0	0	0	0	0	0	0	0	0	0	0	0	0	0	0	0	0	0	0	0	0	0	0	0	0	0	0	0	0	0	0	0	0	0	0	0	0	0	0	0	0	0	0	0	0	0	0	0	0	0	0	0	0	0	0	0	0	0	0	0	0	0	0	0	0	0	0	0	0	0	0	0	0	0	0	0	0	0	0	0	0	0	0	0	0	0	0	0	0	0	0	0	0	0	0	0	0	0	0	0	0	0	0	0	0	0	0	0	0	0	0	0	0	0	0	0	0	0	0	0	0	0	0	0	0	0	0	0	0	0	0	0	0	0	0	0	0	0	0	0	0	0	0	0	0	0	0	0	0	0	0	0	0	0	0	0	0	0	0	0	0	0	0	0	0	0	0	0	0	0	0	0	0	0	0	0	0	0	0	0	0	0	0	0	0	0	0	0	0	0	0	0	0	0	0	0	0	0	0	0	0	0	0	0	0	0	0	0	0	0	0	0	0	0	0	0	0	0	0	0	0	0	0	0	0	0	0	0	0	0	0	0	0	0	0	0	0	0	0	0	0	0	0	0	0	0	0	0	0	0	0	0	0	0	0	0	0	0	0	0	0	0	0	0	0	0	0	0	0	0	0	0	0	0	0	0	0	0	0	0	0	0	0	0	0	0	0	0	0	0	0	0	0	0	0	0	0	0	0	0	0	0	0	0	0	0	0	0	0	0	0	0	0	0	0	0	0	0	0	0	0	0	0	0	0	0	0	0	0	0	0	0	0	0	0	0	0	0	0	0	0	152	0	0	0	0	0	0	0	0	0	0	0	0	0	0	0	0	0	0	0	0	0	0	0	0	0	0	0	0	0	0	0	0	0	0	0	0	0	0	0	0	140	0	0	0	0	0	0	0	0	0	0	0	0	0	0	0	22	0	0	0	0	0	0	29	0	0	0	0	1	0	0	0	0	0	0	0	0	0	183	0	0	0	0	0	0	0	0	0	0	0	0	0	0	26	0	0	0	0	0	0	0	0	0	0	0	0	83	0	0	0	0	0	0	0	0	0	0	0	0	0	0	0	0	134	0	0	0	0	0	0	0	0	0	0	0	0	0	0	0	0	0	0	0	0	0	0	0	0	0	0	0	0	0	0	0	0	0	0	0	0	0	0	0	0	0	0	0	0	0	0	0	25	0	0	48	0	0	0	18	34	22	0	0	40	0	0	0	0	0	0	0	0	0	0	2	0	0	0	0	0	319	0	0	0	0	0	0	39	0	0	0	0	0	0	0	0	0	0	98	0	0	0	0	0	0	1	0	0	0	0	32	0	0	0	137	0	0	0	0	0	0	0	0	0	0	73	0	0	0	0	0	0	118	47	0	0	0	0	0	0	102	0	0	0	0	0	0	0	246	0	0	0	0	0	0	0	75	0	52	0	0	0	29	0	213	0	0	0	0	0	0	31	0	0	0	0	0	0	67	0	45	0	86	93	195	0	0	0	0	0	0	0	0	0	0	0	0	0	0	0	0	0	0	0	0	0	49	198	0	0	0	0	0	0	0	0	0	0	1	0	0	0	0	120	0	0	30	0	0	0	100	0	0	0	0	0	88	0	0	0	0	0	175	97	0	105	0	62	106	166	0	92	0	60	16	0	0	88	0	17	0	0	1	52	0	0	0	130	328	0	0	0	0	24	0	0	0	0	0	34	0	0	0	0	0	0	0	63	0	0	0	134	115	8	0	67	0	6	0	44	0	79	0	208	0	0	47	0	0	0	0	0	0	0	0	86	40	0	0	0	0	0	0	0	0	96	0	58	0	0	82	0	0	401	0	0	20	53	77	0	27	146	21	0	0	90	187	134	98	23	42	52	123	66	0	103	29	89	220	0	65	0	117	53	18	0	6	0	16	27	63	0	94	0	0	37	0	86	23	92	118	0	18	96	100	0	0	31	125	28	262	74	67	195	20	0	56	0	159	47	21	98	187	52	56	143	94	0	0	179	49	0	203	0	141	53	85	0	0	0	12	0	0	0	52	0	109	170	0	0	0	0	0	0	135	180	19	0	0	129	200	91	54	0	61	24	141	0	0	104	80	32	0	0	21	71	87	38	143	342	101	88	148	148	215	113	121	52	17	0	0	0	227	0	132	97	8	0	48	42	144	61	295	100	0	0	48	18	0	245	192	42	28	35	56	53	0	27	82	114	60	0	0	67	50	29	48	0	37	123	0	105	28	32	51	0	67	121	36	40	24	79	32	75	77	29	264	220	20	0	95	258	0	48	0	33
94	0	0	0	0	0	0	0	0	0	0	0	0	0	0	0	0	0	0	0	0	0	0	0	0	0	0	0	0	0	0	0	0	0	0	0	0	0	0	0	0	0	0	0	0	0	0	0	0	0	0	0	0	0	0	0	0	0	0	0	0	0	0	0	0	0	0	0	0	0	0	0	0	0	0	0	0	0	0	0	0	0	0	0	0	0	0	0	0	0	0	0	0	0	0	0	0	0	0	0	0	0	0	0	0	0	0	0	0	0	0	0	0	0	0	0	0	0	0	0	0	0	0	0	0	0	0	0	0	0	0	0	0	0	0	0	0	0	0	0	0	0	0	0	0	0	0	0	0	0	0	0	0	0	0	0	0	0	0	0	0	0	0	0	0	0	0	0	0	0	0	0	0	0	0	0	0	0	0	0	0	0	0	0	0	0	0	0	0	0	0	0	0	0	0	0	0	0	0	0	0	0	0	0	0	0	0	0	0	0	0	0	0	0	0	0	0	0	0	0	0	0	0	0	0	0	0	0	0	0	0	0	0	0	0	0	0	0	0	0	0	0	0	0	0	0	0	0	0	0	0	0	0	0	0	0	0	0	0	0	0	0	0	0	0	0	0	0	0	0	0	0	0	0	0	0	0	0	0	0	0	0	0	0	0	0	0	0	0	0	0	0	0	0	0	0	0	0	0	0	0	0	0	0	0	0	0	0	0	0	0	0	0	0	0	0	0	0	0	0	0	0	0	0	0	0	0	0	0	0	0	0	0	0	0	0	0	0	0	0	0	0	0	0	0	0	0	0	0	0	0	0	0	0	0	0	0	0	0	0	0	0	0	0	0	0	0	0	0	0	0	0	0	0	0	0	0	0	0	0	0	0	0	0	0	0	0	0	0	0	0	0	0	0	0	0	0	0	0	0	0	0	0	0	0	0	0	0	0	0	0	0	0	0	0	0	0	0	0	0	0	0	0	0	0	0	0	0	0	0	0	0	0	0	0	0	0	0	0	0	0	0	0	0	28	0	0	0	0	0	0	0	0	0	0	0	0	0	0	0	0	0	0	0	0	0	0	0	0	0	0	0	0	0	0	0	0	0	0	0	0	0	0	0	0	104	0	0	0	0	0	0	0	0	0	0	0	0	0	0	0	45	0	0	0	0	0	0	0	0	0	0	0	0	0	0	0	0	0	0	0	0	0	151	0	0	0	0	0	0	0	0	0	0	0	0	0	0	10	0	0	0	0	0	0	0	0	0	0	0	0	125	0	0	0	0	0	0	0	0	0	0	0	0	0	0	0	0	67	0	0	0	0	0	0	0	0	0	0	0	0	0	183	0	0	0	0	0	0	0	0	0	0	0	0	0	0	0	0	0	0	0	0	0	0	0	0	0	0	0	0	0	0	0	0	0	0	0	0	258	0	0	0	27	20	64	0	0	217	0	0	0	0	0	0	0	0	0	0	91	0	0	0	0	0	198	0	0	0	0	0	0	10	0	0	0	0	0	0	0	0	0	0	19	0	0	0	0	0	0	62	0	20	0	0	42	0	0	0	137	0	0	0	0	0	0	0	0	0	0	70	0	0	0	0	0	0	107	84	0	0	0	0	0	0	112	0	0	0	0	28	0	0	17	0	0	0	0	0	0	0	0	0	47	0	0	0	117	0	90	0	0	0	0	0	0	257	0	0	0	0	0	0	381	0	109	0	155	96	265	0	0	0	0	0	0	0	0	0	0	0	0	0	0	0	0	0	0	0	0	0	108	47	0	0	0	0	0	0	0	0	0	0	0	0	0	0	0	23	0	0	81	0	0	0	73	0	0	0	0	0	37	0	0	0	0	0	103	160	0	143	0	97	124	68	31	8	0	319	35	0	0	51	0	96	0	0	0	245	0	0	0	13	89	47	0	0	0	92	0	0	0	0	0	86	0	0	0	0	0	0	0	31	0	0	0	47	40	9	0	48	0	117	0	215	0	141	0	62	0	0	57	0	138	0	0	0	0	0	0	42	148	0	0	0	0	166	0	0	0	137	0	34	5	0	127	0	0	124	0	40	90	50	53	0	0	42	220	0	0	72	74	89	129	179	278	156	38	20	0	192	49	68	148	0	111	0	95	37	46	0	93	0	206	55	225	0	343	0	0	29	0	238	59	122	93	0	57	62	112	0	0	68	223	186	35	199	115	54	52	0	148	0	174	63	28	83	117	95	25	55	100	0	0	82	97	0	92	0	182	12	136	0	0	0	246	0	0	0	99	0	83	29	0	0	0	0	0	0	74	65	105	0	0	52	63	90	82	0	27	75	119	0	0	143	93	89	0	0	125	80	112	70	130	24	253	22	125	70	155	9	127	48	16	0	0	0	253	0	49	90	161	0	38	44	46	51	40	75	0	0	135	13	0	126	29	67	11	90	48	72	0	25	107	103	32	0	0	116	164	88	34	0	185	23	0	73	44	160	113	0	107	28	180	85	102	71	73	59	43	150	49	57	51	0	38	51	0	104	0	121
95	0	0	0	0	0	0	0	0	0	0	0	0	0	0	0	0	0	0	0	0	0	0	0	0	0	0	0	0	0	0	0	0	0	0	0	0	0	0	0	0	0	0	0	0	0	0	0	0	0	0	0	0	0	0	0	0	0	0	0	0	0	0	0	0	0	0	0	0	0	0	0	0	0	0	0	0	0	0	0	0	0	0	0	0	0	0	0	0	0	0	0	0	0	0	0	0	0	0	0	0	0	0	0	0	0	0	0	0	0	0	0	0	0	0	0	0	0	0	0	0	0	0	0	0	0	0	0	0	0	0	0	0	0	0	0	0	0	0	0	0	0	0	0	0	0	0	0	0	0	0	0	0	0	0	0	0	0	0	0	0	0	0	0	0	0	0	0	0	0	0	0	0	0	0	0	0	0	0	0	0	0	0	0	0	0	0	0	0	0	0	0	0	0	0	0	0	0	0	0	0	0	0	0	0	0	0	0	0	0	0	0	0	0	0	0	0	0	0	0	0	0	0	0	0	0	0	0	0	0	0	0	0	0	0	0	0	0	0	0	0	0	0	0	0	0	0	0	0	0	0	0	0	0	0	0	0	0	0	0	0	0	0	0	0	0	0	0	0	0	0	0	0	0	0	0	0	0	0	0	0	0	0	0	0	0	0	0	0	0	0	0	0	0	0	0	0	0	0	0	0	0	0	0	0	0	0	0	0	0	0	0	0	0	0	0	0	0	0	0	0	0	0	0	0	0	0	0	0	0	0	0	0	0	0	0	0	0	0	0	0	0	0	0	0	0	0	0	0	0	0	0	0	0	0	0	0	0	0	0	0	0	0	0	0	0	0	0	0	0	0	0	0	0	0	0	0	0	0	0	0	0	0	0	0	0	0	0	0	0	0	0	0	0	0	0	0	0	0	0	0	0	0	0	0	0	0	0	0	0	0	0	0	0	0	0	0	0	0	0	0	0	0	0	0	0	0	0	0	0	0	0	0	0	0	0	0	0	0	0	0	0	0	0	61	0	0	0	0	0	0	0	0	0	0	0	0	0	0	0	0	0	0	0	0	0	0	0	0	0	0	0	0	0	0	0	0	0	0	0	0	0	0	0	0	47	0	0	0	0	0	0	0	0	0	0	0	0	0	0	0	135	0	0	0	0	0	0	0	0	0	0	0	0	0	0	0	0	0	0	0	0	0	169	0	0	0	0	0	0	0	0	0	0	0	0	0	0	156	0	0	0	0	0	0	0	0	0	0	0	0	51	0	0	0	0	0	0	0	0	0	0	0	0	0	0	0	0	99	0	0	0	0	0	0	0	0	0	0	0	0	0	0	0	0	0	0	0	0	0	0	0	0	0	0	0	0	0	0	0	9	0	0	0	0	0	0	0	0	0	0	0	0	0	0	0	0	0	0	162	0	1	0	0	17	74	0	0	51	0	0	0	0	0	0	0	0	0	0	44	0	0	0	0	0	49	0	0	0	0	0	0	0	0	0	0	0	0	5	0	0	0	0	57	0	0	0	0	0	0	205	0	0	0	0	94	0	0	0	37	0	0	0	0	0	0	0	0	0	0	150	0	0	0	0	0	0	281	80	0	0	0	0	0	0	90	0	0	0	0	33	0	0	212	0	0	0	0	0	0	0	117	0	349	0	0	0	73	0	22	0	0	0	0	0	0	7	0	0	0	0	50	0	60	0	45	0	82	83	156	0	0	0	0	0	0	2	0	0	0	0	0	0	0	0	0	0	0	0	0	0	77	0	0	0	28	0	0	0	0	0	0	0	41	0	0	0	0	3	0	0	18	0	0	0	182	0	0	0	0	0	73	0	0	0	0	0	18	127	0	118	0	266	44	56	0	29	0	71	30	0	0	3	0	165	0	0	0	77	0	0	0	131	181	0	0	0	0	76	0	0	0	0	0	50	0	0	0	0	0	0	0	15	0	0	0	150	97	50	0	149	0	65	0	35	0	1	0	92	0	0	70	0	6	0	0	0	0	0	0	3	22	0	0	0	0	0	0	0	0	80	0	128	0	0	65	0	0	61	0	136	41	6	104	0	0	134	364	0	0	28	49	52	59	370	123	100	63	22	0	354	74	170	290	0	130	0	253	80	88	0	51	0	236	28	77	0	43	0	0	223	0	188	39	41	164	0	7	93	37	0	0	126	112	21	308	78	49	58	77	0	46	0	91	41	34	46	156	90	83	87	65	0	0	154	50	0	88	0	284	17	43	0	0	0	25	0	0	0	25	0	51	106	0	0	0	0	0	0	90	23	91	0	0	13	197	63	45	0	90	120	77	0	0	104	26	15	0	0	13	79	73	56	3	202	111	66	55	112	62	475	308	50	54	0	0	0	60	0	9	42	77	0	55	174	22	34	33	13	0	0	46	48	0	112	157	63	99	116	48	12	0	27	217	78	78	0	0	74	18	61	51	0	28	48	0	96	114	10	193	0	173	151	231	69	46	74	33	142	18	218	125	29	49	0	25	147	0	78	0	39
96	0	0	0	0	0	0	0	0	0	0	0	0	0	0	0	0	0	0	0	0	0	0	0	0	0	0	0	0	0	0	0	0	0	0	0	0	0	0	0	0	0	0	0	0	0	0	0	0	0	0	0	0	0	0	0	0	0	0	0	0	0	0	0	0	0	0	0	0	0	0	0	0	0	0	0	0	0	0	0	0	0	0	0	0	0	0	0	0	0	0	0	0	0	0	0	0	0	0	0	0	0	0	0	0	0	0	0	0	0	0	0	0	0	0	0	0	0	0	0	0	0	0	0	0	0	0	0	0	0	0	0	0	0	0	0	0	0	0	0	0	0	0	0	0	0	0	0	0	0	0	0	0	0	0	0	0	0	0	0	0	0	0	0	0	0	0	0	0	0	0	0	0	0	0	0	0	0	0	0	0	0	0	0	0	0	0	0	0	0	0	0	0	0	0	0	0	0	0	0	0	0	0	0	0	0	0	0	0	0	0	0	0	0	0	0	0	0	0	0	0	0	0	0	0	0	0	0	0	0	0	0	0	0	0	0	0	0	0	0	0	0	0	0	0	0	0	0	0	0	0	0	0	0	0	0	0	0	0	0	0	0	0	0	0	0	0	0	0	0	0	0	0	0	0	0	0	0	0	0	0	0	0	0	0	0	0	0	0	0	0	0	0	0	0	0	0	0	0	0	0	0	0	0	0	0	0	0	0	0	0	0	0	0	0	0	0	0	0	0	0	0	0	0	0	0	0	0	0	0	0	0	0	0	0	0	0	0	0	0	0	0	0	0	0	0	0	0	0	0	0	0	0	0	0	0	0	0	0	0	0	0	0	0	0	0	0	0	0	0	0	0	0	0	0	0	0	0	0	0	0	0	0	0	0	0	0	0	0	0	0	0	0	0	0	0	0	0	0	0	0	0	0	0	0	0	0	0	0	0	0	0	0	0	0	0	0	0	0	0	0	0	0	0	0	0	0	0	0	0	0	0	0	0	0	0	0	0	0	0	0	0	0	0	35	0	0	0	0	0	0	0	0	0	0	0	0	0	0	5	0	0	0	0	0	0	0	0	0	0	0	0	0	0	0	0	0	0	0	0	0	0	0	0	0	49	0	0	0	0	0	0	0	0	0	0	0	0	0	0	0	128	0	0	0	0	0	0	0	0	0	0	0	0	0	0	0	0	0	0	0	0	0	50	0	0	0	0	0	0	0	0	0	0	0	0	0	0	0	0	0	0	0	0	0	0	0	0	0	0	0	80	0	0	0	0	0	0	0	0	0	0	0	0	0	0	0	0	74	0	0	0	0	0	0	0	0	0	0	0	0	0	0	0	0	0	0	0	0	0	0	0	0	0	0	0	0	0	0	0	0	0	0	0	0	0	0	0	0	0	0	0	0	0	0	0	0	0	0	222	0	0	0	29	87	0	0	0	238	0	0	0	0	0	0	0	0	0	0	85	0	0	0	0	0	63	0	0	0	0	0	0	15	0	0	0	0	0	2	0	0	0	0	118	0	0	0	0	0	0	45	0	0	0	0	53	0	0	0	74	0	0	0	0	0	0	0	0	16	0	81	0	0	0	0	0	0	243	26	0	0	0	0	0	0	277	0	0	0	0	0	0	0	134	0	0	0	0	0	0	0	13	0	55	0	0	0	51	0	95	0	0	0	0	0	0	45	0	0	0	0	0	0	139	0	59	0	134	79	7	0	0	0	0	0	0	0	0	0	0	0	0	0	0	0	0	0	0	0	0	0	4	0	0	0	0	0	0	0	0	0	0	0	0	0	0	0	0	86	0	0	0	0	0	0	199	0	0	0	0	0	29	0	0	0	0	0	282	45	0	89	0	108	60	96	0	150	0	100	3	0	0	38	0	264	0	0	0	50	0	0	0	64	87	0	0	0	0	33	0	0	0	0	0	263	0	0	0	0	0	0	0	2	0	0	0	150	129	21	0	89	0	194	0	111	0	152	0	111	0	0	220	0	0	0	0	0	0	0	0	10	76	0	0	0	0	0	0	0	0	49	0	116	0	0	158	0	0	63	0	0	2	38	243	0	0	20	50	0	0	38	34	71	264	91	152	56	22	48	0	52	56	83	116	0	47	0	112	49	74	0	39	0	131	238	115	0	55	0	0	301	0	44	194	38	44	0	5	5	30	0	0	11	153	134	126	19	38	47	162	0	63	0	63	56	24	185	86	43	343	228	56	0	0	62	59	0	78	0	91	330	284	0	34	0	32	0	0	0	6	0	133	111	0	0	0	0	0	0	280	165	144	0	0	161	69	51	0	0	42	108	47	0	0	207	107	46	0	0	112	74	61	121	17	31	19	135	55	82	81	200	44	220	70	0	0	0	43	0	52	11	43	0	179	63	32	98	26	24	0	0	51	90	0	102	71	62	331	48	155	102	0	14	59	67	3	0	0	48	207	31	274	0	64	34	0	20	0	92	142	0	167	126	80	40	188	118	94	27	119	111	56	163	47	0	307	67	0	18	0	68
97	0	0	0	0	0	0	0	0	0	0	0	0	0	0	0	0	0	0	0	0	0	0	0	0	0	0	0	0	0	0	0	0	0	0	0	0	0	0	0	0	0	0	0	0	0	0	0	0	0	0	0	0	0	0	0	0	0	0	0	0	0	0	0	0	0	0	0	0	0	0	0	0	0	0	0	0	0	0	0	0	0	0	0	0	0	0	0	0	0	0	0	0	0	0	0	0	0	0	0	0	0	0	0	0	0	0	0	0	0	0	0	0	0	0	0	0	0	0	0	0	0	0	0	0	0	0	0	0	0	0	0	0	0	0	0	0	0	0	0	0	0	0	0	0	0	0	0	0	0	0	0	0	0	0	0	0	0	0	0	0	0	0	0	0	0	0	0	0	0	0	0	0	0	0	0	0	0	0	0	0	0	0	0	0	0	0	0	0	0	0	0	0	0	0	0	0	0	0	0	0	0	0	0	0	0	0	0	0	0	0	0	0	0	0	0	0	0	0	0	0	0	0	0	0	0	0	0	0	0	0	0	0	0	0	0	0	0	0	0	0	0	0	0	0	0	0	0	0	0	0	0	0	0	0	0	0	0	0	0	0	0	0	0	0	0	0	0	0	0	0	0	0	0	0	0	0	0	0	0	0	0	0	0	0	0	0	0	0	0	0	0	0	0	0	0	0	0	0	0	0	0	0	0	0	0	0	0	0	0	0	0	0	0	0	0	0	0	0	0	0	0	0	0	0	0	0	0	0	0	0	0	0	0	0	0	0	0	0	0	0	0	0	0	0	0	0	0	0	0	0	0	0	0	0	0	0	0	0	0	0	0	0	0	0	0	0	0	0	0	0	0	0	0	0	0	0	0	0	0	0	0	0	0	0	0	0	0	0	0	0	0	0	0	0	0	0	0	0	0	0	0	0	0	0	0	0	0	0	0	0	0	0	0	0	0	0	0	0	0	0	0	0	0	0	0	0	0	0	0	0	0	0	0	0	0	0	0	0	0	0	0	0	0	66	0	0	0	0	0	0	0	0	0	0	0	0	0	0	0	0	0	0	0	0	0	0	0	0	0	0	0	0	0	0	0	0	0	0	0	0	0	0	0	0	60	0	0	0	0	0	0	0	0	0	0	0	0	0	0	0	58	0	0	0	0	0	0	0	0	0	0	0	0	0	0	0	0	0	0	0	0	0	143	0	0	0	0	0	0	0	0	0	0	0	0	0	0	8	0	0	0	0	0	0	0	0	55	0	0	0	66	0	0	0	0	0	0	0	0	0	0	0	0	0	0	0	0	17	0	0	0	0	1	0	0	0	0	0	0	0	0	4	0	0	0	0	0	0	0	0	0	0	0	0	0	0	0	0	0	0	0	0	0	0	0	0	0	0	0	0	0	0	0	0	0	0	0	0	118	0	0	0	161	37	17	0	0	129	0	0	0	0	0	0	0	0	0	0	57	0	0	0	0	0	66	0	0	0	0	0	0	64	0	0	0	0	0	0	0	0	0	0	65	0	0	0	0	0	0	204	0	12	0	0	82	0	0	3	171	0	0	0	0	0	0	0	0	9	0	31	0	0	0	0	0	18	22	100	0	0	0	0	0	0	219	0	0	0	0	16	0	0	19	0	0	0	0	0	0	0	104	0	50	0	0	0	356	0	62	0	0	0	0	0	0	172	0	0	0	0	0	0	68	0	43	0	28	30	100	0	0	0	0	0	0	0	0	0	0	0	0	0	0	0	0	0	0	0	0	0	159	17	0	0	0	0	0	0	0	0	0	0	27	0	0	0	0	80	0	0	107	0	0	0	82	0	0	0	0	0	26	0	0	0	0	0	21	40	0	278	0	33	290	106	153	23	0	62	49	0	0	50	0	34	0	0	0	42	0	0	0	33	122	0	0	0	0	159	0	81	0	3	0	71	0	0	0	0	0	0	0	60	0	0	0	78	132	59	0	216	0	33	0	207	0	82	0	138	0	0	129	0	13	0	0	0	0	0	0	179	24	0	0	0	0	139	0	0	0	34	0	270	0	0	146	0	0	58	0	198	76	49	84	0	0	136	81	0	0	186	43	84	105	51	14	25	208	97	0	84	140	76	87	0	147	0	121	271	87	0	24	0	131	30	79	0	54	0	0	31	0	65	130	46	24	0	34	125	48	0	0	78	177	10	18	32	341	40	43	0	140	0	229	266	97	22	83	205	96	208	170	4	0	28	19	0	50	0	116	53	95	0	0	0	0	0	0	0	156	0	91	48	0	0	0	0	0	0	106	101	162	0	0	119	27	104	55	0	205	200	130	0	0	26	12	59	0	6	53	133	20	40	43	96	67	154	196	135	87	40	111	176	100	0	0	0	150	0	169	30	14	0	147	160	177	35	26	56	0	0	262	37	0	40	18	60	65	28	93	81	0	43	65	14	133	0	0	99	111	185	17	0	201	132	0	10	37	153	284	1	38	106	194	110	148	73	91	130	87	216	245	27	35	0	49	142	0	88	0	11
98	0	0	0	0	0	0	0	0	0	0	0	0	0	0	0	0	0	0	0	0	0	0	0	0	0	0	0	0	0	0	0	0	0	0	0	0	0	0	0	0	0	0	0	0	0	0	0	0	0	0	0	0	0	0	0	0	0	0	0	0	0	0	0	0	0	0	0	0	0	0	0	0	0	0	0	0	0	0	0	0	0	0	0	0	0	0	0	0	0	0	0	0	0	0	0	0	0	0	0	0	0	0	0	0	0	0	0	0	0	0	0	0	0	0	0	0	0	0	0	0	0	0	0	0	0	0	0	0	0	0	0	0	0	0	0	0	0	0	0	0	0	0	0	0	0	0	0	0	0	0	0	0	0	0	0	0	0	0	0	0	0	0	0	0	0	0	0	0	0	0	0	0	0	0	0	0	0	0	0	0	0	0	0	0	0	0	0	0	0	0	0	0	0	0	0	0	0	0	0	0	0	0	0	0	0	0	0	0	0	0	0	0	0	0	0	0	0	0	0	0	0	0	0	0	0	0	0	0	0	0	0	0	0	0	0	0	0	0	0	0	0	0	0	0	0	0	0	0	0	0	0	0	0	0	0	0	0	0	0	0	0	0	0	0	0	0	0	0	0	0	0	0	0	0	0	0	0	0	0	0	0	0	0	0	0	0	0	0	0	0	0	0	0	0	0	0	0	0	0	0	0	0	0	0	0	0	0	0	0	0	0	0	0	0	0	0	0	0	0	0	0	0	0	0	0	0	0	0	0	0	0	0	0	0	0	0	0	0	0	0	0	0	0	0	0	0	0	0	0	0	0	0	0	0	0	0	0	0	0	0	0	0	0	0	0	0	0	0	0	0	0	1	0	0	0	0	0	0	0	0	0	0	0	0	0	0	0	0	0	0	0	0	0	0	0	0	0	0	0	0	0	0	0	0	0	0	0	0	0	0	0	0	0	0	0	0	0	0	0	0	0	0	0	0	0	0	0	0	0	0	0	0	0	0	0	0	0	0	0	0	0	0	0	121	0	0	0	0	0	0	0	0	0	0	0	0	0	0	0	0	0	0	0	0	0	0	0	0	0	0	0	0	0	0	0	0	0	0	0	0	0	0	0	0	107	0	0	0	0	0	0	0	0	0	0	0	0	0	0	0	18	0	0	0	0	0	0	0	0	0	0	0	0	0	0	0	0	0	0	0	0	0	37	0	0	0	0	0	0	0	0	0	0	0	0	0	0	0	0	0	0	0	0	0	0	0	0	0	0	0	125	0	0	0	0	0	0	0	0	0	0	0	0	0	0	0	0	52	0	0	0	0	0	0	0	0	0	0	0	0	0	0	0	0	0	0	0	0	0	0	0	0	0	0	0	0	0	0	0	0	0	0	0	0	0	0	0	0	0	0	0	0	0	0	0	0	0	0	17	0	0	0	1	35	73	0	0	219	0	0	0	0	0	0	0	0	0	0	146	0	0	0	0	0	73	0	0	0	0	0	0	0	0	0	0	0	0	0	0	0	0	0	97	0	0	0	0	0	0	85	0	24	0	0	38	0	0	0	141	0	0	0	0	0	0	0	0	0	0	178	0	0	0	0	0	0	68	81	0	0	0	0	0	0	113	0	0	0	0	0	0	0	43	0	0	0	0	0	0	0	0	0	60	0	0	0	83	0	105	16	0	0	0	0	0	145	0	0	0	0	0	0	40	0	99	0	43	127	87	0	0	0	0	0	0	0	0	0	0	0	0	0	0	0	0	0	0	0	0	0	25	0	0	0	0	0	0	0	0	0	0	0	0	0	0	0	0	39	0	0	119	0	0	0	101	0	0	0	0	0	367	0	0	0	0	0	278	66	0	38	0	33	50	53	9	54	0	92	0	0	0	108	0	43	0	0	0	48	0	0	0	41	147	0	0	0	0	73	0	0	0	0	0	95	0	0	0	0	0	0	0	98	0	0	0	31	105	66	0	121	0	36	0	55	0	272	0	76	0	0	11	0	9	0	0	0	0	0	0	190	58	0	0	0	0	236	0	0	0	84	0	29	0	0	32	92	0	85	0	31	81	53	162	0	0	74	87	0	0	435	18	34	147	114	195	68	183	92	0	94	164	55	36	0	6	0	39	31	83	0	398	0	135	233	32	0	24	0	0	83	0	75	300	186	72	0	55	93	135	0	0	34	62	51	106	37	261	159	134	0	57	0	138	121	26	83	173	247	121	279	58	0	0	75	64	0	320	0	105	14	96	0	0	0	66	0	0	0	267	0	13	143	0	0	0	0	0	0	105	39	297	0	0	84	238	20	84	0	348	85	190	0	0	184	304	199	0	0	105	46	69	60	101	73	50	221	24	112	115	104	81	48	91	0	0	0	136	0	35	54	0	0	66	212	54	59	12	68	0	0	156	65	0	93	42	186	190	57	70	78	0	344	109	200	47	0	0	171	74	93	118	0	113	69	0	161	20	30	100	0	86	59	125	23	210	75	56	38	36	91	143	123	140	0	102	48	0	53	0	166
99	0	0	0	0	0	0	0	0	0	0	0	0	0	0	0	0	0	0	0	0	0	0	0	0	0	0	0	0	0	0	0	0	0	0	0	0	0	0	0	0	0	0	0	0	0	0	0	0	0	0	0	0	0	0	0	0	0	0	0	0	0	0	0	0	0	0	0	0	0	0	0	0	0	0	0	0	0	0	0	0	0	0	0	0	0	0	0	0	0	0	0	0	0	0	0	0	0	0	0	0	0	0	0	0	0	0	0	0	0	0	0	0	0	0	0	0	0	0	0	0	0	0	0	0	0	0	0	0	0	0	0	0	0	0	0	0	0	0	0	0	0	0	0	0	0	0	0	0	0	0	0	0	0	0	0	0	0	0	0	0	0	0	0	0	0	0	0	0	0	0	0	6	0	0	0	0	0	0	0	0	0	0	0	0	0	0	0	0	0	0	0	0	0	0	0	0	0	0	0	0	0	0	0	0	0	0	0	0	0	0	0	0	0	0	0	0	0	0	0	0	0	0	0	0	0	0	0	0	0	0	0	0	0	0	0	0	0	0	0	0	0	0	0	0	0	0	0	1	0	0	0	0	0	0	0	0	0	0	0	0	0	0	0	0	0	0	0	0	0	0	0	0	0	0	0	0	0	0	0	0	0	0	0	0	0	0	0	0	0	0	0	0	0	0	0	0	0	0	0	0	0	0	0	0	0	0	0	0	0	0	0	0	0	0	0	0	0	0	0	0	0	0	0	0	0	0	0	0	0	0	0	0	0	0	0	0	0	0	0	0	0	0	0	0	0	0	0	0	0	0	0	0	0	0	0	0	0	0	0	0	0	0	0	0	0	0	0	0	0	0	0	0	0	0	0	0	0	0	0	0	0	0	0	0	0	0	0	0	0	0	0	0	0	0	0	0	0	0	0	0	0	0	0	0	0	0	0	0	0	7	0	0	0	0	0	0	0	0	0	0	0	0	0	0	0	0	0	0	0	0	0	0	0	0	0	0	0	0	0	0	0	0	0	119	0	0	0	0	0	0	0	0	0	0	5	0	0	0	0	0	0	0	0	0	0	0	0	0	0	0	0	0	0	0	0	0	0	0	0	0	0	0	0	0	85	0	0	0	0	0	0	0	0	0	0	0	0	0	0	0	196	0	0	0	0	0	0	0	0	0	0	0	0	0	0	0	0	0	0	0	0	0	52	0	0	0	0	0	0	0	0	0	0	0	0	0	0	14	0	0	0	2	0	0	0	0	41	0	0	0	46	0	0	0	0	0	0	0	0	0	0	0	0	0	0	0	0	88	0	0	0	0	0	0	0	0	0	0	0	11	0	111	0	0	0	0	0	0	0	0	0	0	0	0	0	0	0	0	0	0	0	0	0	0	0	0	0	0	0	0	0	0	0	0	5	143	0	0	107	0	0	12	120	169	370	0	0	59	0	0	0	0	0	0	0	0	0	0	76	0	0	0	0	0	106	0	0	0	0	0	0	95	0	0	0	0	0	34	0	0	0	0	129	0	0	0	0	37	0	177	0	26	0	0	73	0	19	0	357	0	0	0	0	0	0	0	0	24	0	18	0	0	2	0	0	171	142	139	0	0	0	0	0	50	81	0	0	0	0	94	0	0	174	0	0	0	0	0	19	0	88	0	218	0	0	0	23	0	41	0	0	0	0	0	0	84	0	0	0	0	19	0	115	0	15	0	139	56	159	0	0	0	0	0	0	2	0	0	0	57	0	0	0	0	0	0	0	0	0	0	223	130	0	0	14	0	0	0	0	0	0	0	36	1	0	1	0	78	0	151	10	0	0	0	86	0	0	0	0	0	234	88	0	70	0	0	98	147	0	72	0	101	47	69	21	104	30	98	63	0	0	106	0	95	0	0	0	60	0	0	0	93	7	38	0	0	0	179	0	43	1	85	0	13	0	0	0	0	0	0	0	58	0	0	0	7	64	64	0	53	0	105	0	35	0	24	0	68	0	0	35	0	117	76	0	0	0	0	0	14	35	0	0	0	0	135	0	0	0	46	0	43	0	0	64	15	0	178	0	51	216	8	50	0	130	87	32	0	0	118	111	142	50	59	23	20	220	134	0	42	97	281	146	0	129	0	61	41	156	0	151	0	63	137	30	0	166	0	59	43	0	175	277	42	107	0	55	49	171	0	0	159	91	78	12	176	56	17	27	0	61	0	139	69	70	54	20	47	122	68	46	0	0	248	80	0	129	0	94	105	12	0	91	0	104	0	0	0	99	0	235	54	0	0	0	1	0	0	87	46	12	0	0	241	114	165	94	0	61	63	63	0	0	35	39	145	0	0	37	11	135	118	27	17	232	96	15	103	270	65	18	29	295	0	0	0	123	0	23	21	263	0	263	36	269	183	141	127	0	0	87	36	56	126	11	42	72	134	171	201	0	71	74	41	101	0	6	133	70	187	61	0	101	231	0	36	192	96	68	0	177	191	35	89	54	104	31	103	231	133	93	48	230	0	101	64	0	96	26	44
100	0	0	0	0	0	0	0	0	0	0	0	0	0	0	0	0	0	0	0	0	0	0	0	0	0	0	0	0	0	0	0	0	0	0	0	0	0	0	0	0	0	0	0	0	0	0	0	0	0	0	0	0	0	0	0	0	0	0	0	0	0	0	0	0	0	0	0	0	0	0	0	0	0	0	0	0	0	0	0	0	0	0	0	0	0	0	0	0	0	0	0	0	0	0	0	0	0	0	0	0	0	0	0	0	0	0	0	0	0	0	0	0	0	0	0	0	0	0	0	0	0	0	0	0	0	0	0	0	0	0	0	0	0	0	0	0	0	0	0	0	0	0	0	0	0	0	0	0	0	0	0	0	0	0	0	0	0	0	0	0	0	0	0	0	0	0	0	0	0	0	0	0	0	0	0	0	0	0	0	0	0	0	0	0	0	0	0	0	0	0	0	0	0	0	0	0	0	0	0	0	0	0	0	0	0	0	0	0	0	0	0	0	0	0	0	0	0	0	0	0	0	0	0	0	0	0	0	0	0	0	0	0	0	0	0	0	0	0	0	0	0	0	0	0	0	0	0	0	0	0	0	0	0	0	0	0	0	0	0	0	0	0	0	0	0	0	0	0	0	0	0	0	0	0	0	0	0	0	0	0	0	0	0	0	0	0	0	0	0	0	0	0	0	0	0	0	0	0	0	0	0	0	0	0	0	0	0	0	0	0	0	0	0	0	0	0	0	0	0	0	0	0	0	0	0	0	0	0	0	0	0	0	0	0	0	0	0	0	0	0	0	0	0	0	0	0	0	0	0	0	0	0	0	0	0	0	0	0	0	0	0	0	0	0	0	0	0	0	0	0	0	0	0	0	0	0	0	0	0	0	0	0	0	0	0	0	0	0	0	0	0	0	0	0	0	0	0	0	0	0	0	0	0	0	0	0	0	0	0	0	0	0	0	0	0	0	0	0	0	0	0	0	0	0	0	0	0	0	0	0	0	0	0	0	0	0	0	0	0	0	0	0	0	21	0	0	0	0	0	0	0	0	0	0	0	0	0	0	0	0	0	0	0	0	0	0	0	0	0	0	0	0	0	0	0	0	0	0	0	0	0	0	0	0	136	0	0	0	0	0	0	0	0	0	0	0	0	0	0	0	212	0	0	0	0	0	0	0	0	0	0	0	0	0	0	0	0	0	0	0	0	0	20	0	0	0	0	0	0	0	0	0	0	0	0	0	0	0	0	0	0	0	0	0	0	0	0	0	0	0	95	0	0	0	0	0	0	0	0	0	0	0	0	0	0	0	0	61	0	0	0	0	0	0	0	0	0	0	0	0	0	0	0	0	0	0	0	0	0	0	0	0	0	0	0	0	0	0	0	0	0	0	0	0	0	0	0	0	0	0	0	0	0	0	0	0	0	0	64	0	0	0	24	92	126	0	0	242	0	0	0	0	0	0	0	0	0	0	0	0	0	0	0	0	57	0	0	0	0	0	0	0	0	0	0	0	0	0	0	0	0	0	87	0	0	0	0	0	0	35	0	0	0	0	90	0	0	0	50	0	0	0	0	0	0	0	0	6	0	17	0	0	0	0	0	0	38	147	0	0	0	0	0	0	45	0	0	0	0	0	0	0	64	0	0	0	0	0	0	0	91	0	208	0	0	0	116	0	170	0	0	0	0	0	0	36	0	0	0	0	0	0	121	0	226	0	18	94	68	0	0	0	0	0	0	0	0	0	0	0	0	0	0	0	0	0	0	0	0	0	75	0	0	0	0	0	0	0	0	0	0	0	0	0	0	0	0	150	0	0	17	0	0	0	118	0	0	0	0	0	80	0	0	0	0	0	88	45	0	35	0	87	0	205	0	79	0	251	0	0	0	15	0	23	0	0	0	112	0	0	0	271	117	0	0	0	0	94	0	0	0	0	0	120	0	0	0	0	0	0	0	92	0	0	0	55	21	94	0	85	0	56	0	120	0	138	0	20	0	0	13	0	0	0	0	0	0	0	0	204	46	0	0	0	0	143	0	0	0	42	0	11	0	0	83	6	0	74	0	52	30	50	185	0	0	76	37	0	0	292	31	120	61	27	155	192	100	116	0	25	140	109	8	0	63	0	37	221	85	0	189	0	133	204	93	0	18	0	0	119	0	341	145	89	260	0	60	43	45	0	0	49	40	130	216	226	95	37	56	0	185	0	50	93	26	194	59	40	87	21	120	0	0	28	79	0	72	0	181	29	101	0	0	0	127	0	0	0	1	0	58	26	0	0	0	0	0	0	32	121	39	0	0	71	111	92	40	0	26	60	27	0	0	250	49	20	0	0	45	107	295	17	80	102	52	232	111	45	37	156	12	62	233	0	0	0	66	0	54	162	119	0	90	152	31	74	130	173	0	0	20	107	0	187	152	24	37	226	77	184	0	149	49	190	86	0	0	29	17	58	116	0	43	48	0	101	95	44	134	0	264	94	258	81	93	35	181	57	225	64	121	49	96	0	99	51	0	74	0	117
101	0	0	0	0	0	0	0	0	0	0	0	0	0	0	0	0	0	0	0	0	0	0	0	0	0	0	0	0	0	0	0	0	0	0	0	0	0	0	0	0	0	0	0	0	0	0	0	0	0	0	0	0	0	0	0	0	0	0	0	0	0	0	0	0	0	0	0	0	0	0	0	0	0	0	0	0	0	0	0	0	0	0	0	0	0	0	0	0	0	0	0	0	0	0	0	0	0	0	0	0	0	0	0	0	0	0	0	0	0	0	0	0	0	0	0	0	0	0	0	0	0	0	0	0	0	0	0	0	0	0	0	0	0	0	0	0	0	0	0	0	0	0	0	0	0	0	0	0	0	0	0	0	0	0	0	0	0	0	0	0	0	0	0	0	0	0	0	0	0	0	0	0	0	0	0	0	0	0	0	0	0	0	0	0	0	0	0	0	0	0	0	0	0	0	0	0	0	0	0	0	0	0	0	0	0	0	0	0	0	0	0	0	0	0	0	0	0	0	0	0	0	0	0	0	0	0	0	0	0	0	0	0	0	0	0	0	0	0	0	0	0	0	0	0	0	0	0	0	0	0	0	0	0	1	0	0	0	0	0	0	0	0	0	0	0	0	0	0	0	0	0	0	0	0	0	0	0	0	0	0	0	0	0	0	0	0	0	0	0	0	0	0	0	0	0	0	0	0	0	2	0	0	0	0	0	0	0	0	0	0	0	0	0	0	0	0	0	0	0	0	0	0	0	0	0	0	0	0	0	0	0	0	0	0	0	0	0	0	0	0	0	0	0	0	0	0	0	0	0	0	0	0	0	0	0	0	0	0	0	0	0	0	0	0	0	0	0	0	0	0	0	0	0	0	0	0	0	0	0	0	0	0	0	0	0	0	0	0	0	0	0	0	0	0	0	0	0	0	0	0	0	0	0	0	0	0	0	0	0	0	0	0	0	0	0	0	0	0	0	0	0	0	0	0	0	0	0	0	0	0	0	0	0	0	0	0	0	0	0	0	0	0	0	61	0	0	0	0	0	0	0	0	0	0	0	0	0	0	0	0	0	0	0	0	0	0	0	0	0	0	0	0	0	0	0	0	0	0	0	0	0	0	0	0	60	0	0	0	0	0	0	0	0	0	0	0	0	0	0	0	24	0	0	0	0	0	0	0	0	0	0	0	0	0	0	0	0	0	0	0	0	0	172	0	0	0	0	0	0	0	0	0	0	0	0	0	0	30	0	0	0	0	0	0	0	0	0	0	0	0	73	0	0	0	0	0	0	0	0	0	0	0	0	0	0	0	0	217	0	0	0	0	0	0	0	0	0	0	0	0	0	21	0	0	0	0	0	0	0	0	0	0	0	0	0	0	0	0	0	0	0	0	0	0	0	0	0	0	0	0	0	0	0	0	0	0	0	0	24	0	0	0	27	63	49	0	0	111	0	0	0	0	0	0	0	0	0	0	92	0	0	0	0	0	65	9	0	0	0	0	0	0	0	5	0	0	0	28	0	0	0	0	141	0	0	0	0	7	0	70	0	26	0	0	253	0	0	0	8	0	0	0	0	0	0	0	0	0	0	14	0	0	5	0	0	0	16	15	0	0	0	0	0	0	48	0	0	0	0	6	0	0	59	0	0	0	0	0	2	0	57	0	40	0	0	0	114	0	24	0	0	0	0	0	0	31	0	0	0	0	0	0	18	0	46	0	25	172	237	0	5	0	0	0	0	0	0	0	0	0	12	0	0	0	0	0	0	0	0	0	8	35	0	0	0	0	0	0	0	0	0	0	0	0	0	0	0	45	0	0	10	0	0	0	101	0	0	0	0	0	119	0	0	0	0	0	34	361	0	55	0	280	19	138	13	96	7	17	19	0	0	33	0	6	0	0	0	53	0	0	15	82	206	35	0	0	0	90	0	4	0	14	0	134	0	0	0	0	0	0	0	60	0	0	0	23	208	2	0	108	0	315	0	415	0	21	0	45	0	0	19	0	22	0	10	0	0	0	0	59	181	9	0	0	0	43	0	0	0	47	0	57	5	0	125	45	68	72	0	27	75	45	179	0	8	103	58	0	0	165	44	53	118	104	301	30	70	52	0	232	44	277	37	0	106	0	234	162	122	0	126	0	83	84	169	0	19	0	0	125	0	52	117	143	40	9	41	65	86	0	13	172	129	22	187	28	89	7	24	0	108	0	10	86	15	22	135	65	49	195	144	0	0	44	86	0	24	0	34	126	60	8	92	0	197	0	0	0	289	0	143	128	0	0	0	0	0	0	104	42	78	0	0	41	73	35	24	0	49	276	98	0	0	57	50	168	0	0	69	52	81	104	106	59	298	208	77	25	2	193	83	96	250	0	60	0	57	0	49	48	255	0	31	27	90	1	81	45	0	0	121	43	0	63	62	134	104	4	30	62	0	106	106	42	121	0	0	16	116	96	86	0	48	35	0	57	181	141	159	0	41	278	61	110	19	41	146	27	112	110	34	104	81	0	30	132	0	111	0	62
102	0	0	0	0	0	0	0	0	0	0	0	0	0	0	0	0	0	0	0	0	0	0	0	0	0	0	0	0	0	0	0	0	0	0	0	0	0	0	0	0	0	0	0	0	0	0	0	0	9	0	0	0	0	0	0	0	0	0	0	0	0	0	0	0	0	0	0	0	0	0	0	0	0	0	0	0	0	0	0	0	0	0	0	0	0	0	0	0	0	0	0	0	0	0	0	0	0	0	0	0	0	0	0	0	0	0	0	0	0	0	0	0	0	0	1	0	0	0	0	0	0	0	0	0	0	0	0	0	0	0	0	0	0	0	0	0	0	0	0	0	0	0	0	0	0	0	0	0	0	0	0	0	0	0	0	0	0	0	0	0	0	0	0	0	0	0	0	0	0	0	0	0	0	0	0	0	0	0	0	0	0	0	0	0	0	0	0	0	0	0	0	0	0	0	0	0	0	0	0	0	0	0	0	0	0	0	0	0	0	0	0	0	0	0	0	0	0	0	0	0	40	0	0	0	0	0	0	0	0	0	0	0	0	0	0	0	0	0	0	0	0	0	0	0	0	0	0	0	0	0	0	0	0	0	0	0	0	0	0	0	0	0	0	0	0	0	0	0	0	0	0	0	0	0	0	0	0	0	0	0	0	0	0	0	0	0	0	0	0	0	0	0	0	0	0	0	0	0	0	0	0	0	0	0	0	0	8	0	0	0	0	0	0	0	0	0	0	0	0	0	0	0	0	0	0	0	0	0	0	0	0	0	0	0	0	0	0	0	0	0	0	0	0	0	0	0	0	0	0	0	0	0	0	0	0	0	0	0	0	0	0	0	0	0	0	0	0	0	0	0	4	0	0	0	0	0	0	0	0	0	0	0	0	0	0	0	0	0	0	0	0	0	0	0	0	0	0	0	0	0	0	0	0	0	0	0	0	0	0	0	0	0	0	0	0	0	0	0	0	0	0	0	0	0	0	0	0	0	0	0	0	0	0	0	0	0	0	0	0	0	0	0	0	33	0	0	0	0	0	0	0	0	0	0	0	0	0	0	0	0	0	0	0	0	0	0	0	0	0	0	0	0	0	0	0	0	0	0	0	0	0	0	0	0	99	0	0	0	0	0	0	0	0	0	0	0	0	0	0	0	127	0	0	0	0	0	0	0	0	0	0	0	0	0	0	0	0	0	0	0	0	0	58	0	0	0	0	0	0	0	0	0	0	0	0	0	0	46	0	0	0	0	0	0	0	0	0	0	1	6	20	0	0	0	0	0	0	0	0	0	0	0	0	0	0	0	0	23	0	0	0	0	0	0	0	0	0	0	0	0	0	32	0	0	0	0	0	0	0	0	0	0	0	0	0	0	0	0	0	0	0	0	0	0	0	0	3	0	3	0	0	0	0	0	0	0	0	0	84	0	0	0	12	142	7	0	0	43	0	0	0	0	0	0	0	0	0	0	17	0	0	0	0	0	239	0	0	0	0	0	0	69	0	0	0	0	0	0	0	0	0	0	51	1	0	0	0	0	0	85	0	13	0	0	91	0	0	0	81	0	0	0	0	0	0	0	0	0	0	101	0	0	0	0	0	38	118	75	0	0	0	0	17	0	91	0	0	0	0	3	0	0	17	0	0	0	0	0	2	0	312	0	141	0	0	0	245	0	118	0	0	0	0	0	0	86	0	0	0	0	6	0	63	0	170	0	46	155	42	0	0	0	0	0	0	0	0	0	0	0	0	0	0	0	0	0	0	0	0	0	0	53	0	0	11	0	0	0	0	0	0	0	0	0	0	0	0	165	0	0	84	0	0	0	39	0	0	0	0	0	42	0	0	28	0	2	79	307	0	13	0	54	40	117	270	16	17	112	28	0	0	0	0	115	0	0	0	24	0	0	0	68	29	157	0	0	0	191	0	0	0	106	0	11	0	0	0	0	0	0	0	74	0	0	0	140	201	82	0	74	0	83	0	69	0	46	0	70	0	0	190	0	91	0	0	0	0	0	0	52	35	0	0	0	0	18	8	0	0	134	0	28	0	0	193	36	59	30	0	60	119	97	116	0	0	74	61	0	2	117	23	75	108	95	14	84	68	109	0	99	69	13	363	0	55	0	50	42	69	0	69	0	26	295	44	0	26	0	0	247	0	36	5	158	86	0	129	94	75	0	0	115	40	43	82	191	43	79	104	0	50	0	80	40	95	109	166	12	131	120	73	0	0	22	68	0	175	0	70	48	0	0	6	0	48	0	0	0	69	0	118	26	0	0	0	0	0	0	106	330	347	0	0	57	28	55	63	0	266	127	18	0	0	137	15	105	0	4	129	131	24	122	160	347	8	39	50	23	219	22	111	93	106	0	0	0	64	0	352	36	162	0	86	84	31	0	38	108	0	0	202	103	0	199	31	307	211	99	133	44	0	98	57	45	58	0	68	8	29	43	25	0	97	112	0	30	110	158	81	0	4	111	111	175	108	49	26	72	42	149	123	78	34	0	152	20	0	51	0	152
103	0	0	0	0	0	0	0	0	0	0	0	0	0	0	0	0	0	0	0	0	0	0	0	0	0	0	0	0	0	0	0	0	0	0	0	0	0	0	0	0	0	0	0	0	0	0	0	0	0	0	0	0	0	0	0	0	0	0	0	0	0	0	0	0	0	0	0	0	0	0	0	0	0	0	0	0	0	0	0	0	0	0	0	0	0	0	0	0	0	0	0	0	0	0	0	0	0	0	0	0	0	0	0	0	0	0	0	0	0	0	0	0	0	0	0	0	0	0	0	0	0	0	0	0	0	0	0	0	0	0	0	0	0	0	0	0	0	0	0	0	0	0	0	0	0	0	0	0	0	0	0	0	0	0	0	0	0	0	0	0	0	0	0	0	0	0	0	0	0	0	0	0	0	0	0	0	0	0	0	0	0	0	0	0	0	0	0	0	0	0	0	0	0	0	0	0	0	0	0	0	0	0	0	0	0	0	0	0	0	0	0	0	0	0	0	0	0	0	0	0	0	0	0	0	0	0	0	0	0	0	0	0	0	0	0	0	0	0	0	0	0	0	0	0	0	0	0	0	0	0	0	0	0	0	0	0	0	0	0	0	0	0	0	0	0	0	0	0	0	0	0	0	0	0	0	0	0	0	0	0	0	0	0	0	0	0	0	0	0	0	0	0	0	0	0	0	0	0	0	0	0	0	0	0	0	4	0	0	0	0	0	0	0	0	0	0	0	0	0	0	0	0	0	0	0	0	0	0	0	0	0	0	0	0	0	0	0	0	0	0	0	0	0	0	0	0	0	0	0	0	0	0	0	0	0	0	0	0	0	0	0	0	0	0	0	0	0	0	0	0	0	0	0	0	0	0	0	0	0	0	0	0	0	0	0	0	0	0	0	0	0	0	0	0	0	0	0	0	0	0	0	0	0	0	0	0	0	0	0	0	0	0	0	0	0	0	0	0	0	0	0	0	0	0	0	0	0	0	0	0	0	0	0	0	0	0	0	0	0	0	0	0	0	0	0	0	0	0	0	0	0	0	0	0	0	0	0	0	0	343	0	0	0	0	0	0	0	0	0	0	0	0	0	0	0	0	0	0	0	0	0	0	17	0	0	0	0	0	0	0	0	0	0	0	0	0	0	0	0	0	99	0	0	0	0	0	0	0	0	0	0	0	0	0	0	0	0	0	0	0	0	0	0	0	0	0	0	0	0	0	0	0	0	0	0	0	0	0	0	0	0	0	0	0	0	0	0	0	0	0	0	0	0	0	0	0	0	0	0	0	0	0	0	0	0	0	0	0	0	0	0	0	0	0	0	0	0	0	0	0	0	0	0	0	0	0	0	0	0	0	0	0	0	0	0	0	0	0	0	0	0	0	0	0	0	0	0	0	0	0	0	0	0	0	0	0	0	0	46	0	0	0	0	0	0	0	0	125	0	0	0	0	0	0	0	0	0	0	0	0	0	0	0	0	127	0	0	0	0	0	0	0	0	0	0	0	0	0	0	0	0	0	65	0	0	0	0	0	0	62	0	0	0	0	23	0	0	0	0	0	0	0	0	0	0	0	0	0	0	0	0	0	0	0	0	0	0	1	54	0	0	0	0	0	0	0	0	0	0	0	0	0	0	0	0	0	0	0	0	0	0	4	0	0	0	0	0	0	0	0	0	0	0	0	0	186	0	0	0	0	0	0	7	0	0	0	136	0	55	0	0	0	0	0	0	0	0	0	0	0	0	0	0	0	0	0	0	0	0	0	0	0	0	1	0	0	0	0	0	0	0	0	0	0	0	0	0	55	0	0	0	0	1	0	57	0	0	0	0	0	25	0	0	0	0	0	91	36	0	0	0	68	0	30	0	58	0	332	0	0	0	0	0	41	0	0	0	0	0	0	0	0	0	0	0	0	0	74	0	0	0	0	0	16	0	0	0	0	0	0	0	0	0	0	0	79	102	0	0	20	0	0	0	0	0	0	0	0	0	0	0	0	0	0	0	0	0	0	0	0	204	0	0	0	0	0	0	0	0	0	0	71	0	0	307	0	0	0	0	0	0	18	284	0	0	66	191	0	0	86	58	0	0	113	48	105	161	59	0	91	58	90	282	0	197	0	148	180	281	0	188	0	133	0	51	0	33	0	0	45	0	45	36	77	54	0	0	107	0	0	0	0	154	33	67	177	192	71	14	0	60	0	29	14	0	223	78	0	183	83	80	0	0	71	123	0	11	0	0	98	0	0	0	0	117	0	0	0	0	0	142	45	0	0	0	0	0	0	90	80	74	0	0	2	182	77	0	0	25	127	116	0	0	334	92	104	0	0	41	71	33	185	63	206	53	71	76	24	58	121	151	91	44	0	0	0	70	0	193	36	0	0	39	116	83	0	0	55	0	0	60	44	0	49	114	363	44	0	64	0	0	34	53	45	67	0	0	0	100	97	106	0	47	0	0	54	0	127	259	0	111	268	83	50	110	176	40	78	410	33	167	127	116	0	10	331	0	97	0	114
104	0	0	0	0	0	0	0	0	0	0	0	0	0	0	0	0	0	0	0	0	0	0	0	0	0	0	0	0	0	0	0	0	0	0	0	0	0	0	0	0	0	0	0	0	0	0	0	0	0	0	0	0	0	0	0	0	0	0	0	0	0	0	0	0	0	0	0	0	0	0	0	0	0	0	0	0	0	0	0	0	0	0	0	0	0	0	0	0	0	0	0	0	0	0	0	0	0	0	0	0	0	0	0	0	0	0	0	0	0	0	0	0	0	0	0	0	0	0	0	0	0	0	0	0	0	0	0	0	0	0	0	0	0	0	0	0	0	0	0	0	0	0	0	0	0	0	0	0	0	0	0	0	0	0	0	0	0	0	0	0	0	0	0	0	0	0	0	0	0	0	0	0	0	0	0	0	0	0	0	0	0	0	0	0	0	0	0	0	0	0	0	0	0	0	0	0	0	0	0	0	0	0	0	0	0	0	0	0	0	0	0	0	0	0	0	0	0	0	0	0	0	1	0	0	0	0	0	0	0	0	0	0	0	0	0	0	0	0	0	0	0	0	0	0	0	0	0	0	0	0	0	0	0	0	0	0	0	1	0	0	0	0	0	0	0	0	0	0	0	0	0	0	0	0	0	0	0	0	0	0	0	0	0	0	0	0	0	0	0	0	0	0	0	0	0	0	0	0	0	0	0	0	0	0	0	0	0	0	0	0	0	0	0	0	0	0	0	0	0	0	0	0	0	0	0	0	0	0	0	0	0	0	0	0	0	0	0	0	0	0	0	0	0	0	0	0	0	0	0	0	0	0	0	0	0	0	0	0	0	0	0	0	0	0	0	0	0	0	0	0	0	0	0	0	0	0	0	0	0	0	0	0	0	0	0	27	0	0	0	0	0	0	0	0	0	0	0	0	0	0	0	0	0	0	0	0	0	0	0	0	0	0	0	0	0	0	0	0	0	0	0	0	0	0	0	0	0	0	0	0	0	0	0	0	0	0	0	0	0	0	0	0	0	0	0	0	0	0	0	0	0	0	0	0	0	0	0	0	0	0	0	0	0	0	0	0	0	0	0	0	0	0	0	0	0	0	0	0	0	0	0	0	0	0	0	0	0	0	0	0	0	0	0	0	0	0	0	0	0	0	51	0	0	0	0	0	0	0	0	0	0	0	0	0	0	0	0	0	0	0	0	0	0	0	0	0	0	0	0	0	0	0	0	0	0	0	0	0	0	0	0	0	0	0	0	0	0	0	0	0	0	0	0	0	0	0	0	0	0	0	0	0	0	0	0	0	0	0	0	0	0	0	0	0	0	0	0	0	0	0	0	0	1	0	0	0	0	0	0	0	0	0	0	0	0	0	0	0	0	0	0	0	0	0	0	0	0	0	0	0	0	0	0	0	0	0	0	0	8	0	61	0	0	0	0	0	0	9	0	0	0	0	0	0	0	0	0	0	0	0	0	0	0	0	14	0	0	0	0	0	0	0	0	0	0	0	0	0	0	0	0	0	0	0	0	0	0	0	0	0	0	0	0	0	0	0	0	0	0	0	0	0	0	0	0	0	1	0	0	0	0	0	0	0	0	0	0	10	0	0	0	0	0	0	0	0	0	0	0	0	0	0	0	0	0	0	0	0	0	0	0	0	0	0	0	0	0	0	0	0	0	0	0	0	0	48	0	0	0	0	0	0	51	0	0	0	237	0	147	0	0	0	0	0	0	0	0	0	0	0	0	0	0	0	0	0	0	0	0	0	0	0	0	0	0	0	0	0	0	0	0	0	14	0	0	0	0	46	3	0	0	0	0	0	140	0	0	0	0	0	87	0	0	0	0	0	156	122	0	0	0	23	0	64	0	15	0	9	0	0	0	0	0	0	0	0	0	0	0	0	0	0	0	0	0	0	0	103	0	0	0	0	0	65	0	0	0	0	0	0	0	0	0	0	0	127	162	0	0	119	0	0	0	0	0	0	0	0	0	0	0	3	0	0	0	0	0	0	25	0	21	0	0	0	0	0	0	0	0	0	0	35	0	0	82	0	0	0	0	0	0	50	45	0	0	74	68	0	0	87	75	0	0	93	51	274	45	119	0	58	53	29	93	0	232	0	23	176	170	0	208	0	92	0	89	0	159	0	0	85	0	69	75	102	156	0	0	97	0	0	0	0	182	74	123	31	129	72	73	0	210	0	27	40	0	123	300	0	41	128	200	0	0	55	0	0	23	0	0	27	0	0	0	0	53	0	0	0	0	0	51	56	0	0	0	0	0	0	40	49	107	0	0	63	220	91	0	0	258	100	54	0	0	96	131	113	0	0	32	16	206	51	94	20	72	161	56	22	230	114	128	137	0	0	0	0	170	0	79	116	0	0	98	149	27	0	0	41	0	0	22	116	0	57	62	79	214	0	237	0	0	90	78	27	38	0	0	0	59	159	17	0	49	30	0	354	0	31	117	0	28	6	67	117	72	142	70	130	40	145	47	58	9	0	81	67	0	99	0	58
105	0	0	0	0	0	0	0	0	0	0	0	0	0	0	0	0	0	0	0	0	0	0	0	0	0	0	0	0	0	0	0	0	0	0	0	0	0	0	0	0	0	0	0	0	0	0	0	0	0	0	0	0	0	0	0	0	0	0	0	0	0	0	0	0	0	0	0	0	0	0	0	0	0	0	0	0	0	0	0	0	0	0	0	19	0	0	0	0	0	0	0	0	0	0	0	0	0	0	0	0	0	0	0	0	0	0	0	0	0	0	0	0	0	0	0	0	0	0	0	0	0	0	0	0	0	0	0	0	0	0	0	0	0	0	0	0	0	0	0	0	0	0	0	0	0	0	0	0	0	0	0	0	0	0	0	0	0	0	0	0	0	0	0	0	0	0	0	0	0	0	0	0	0	0	15	0	0	0	0	0	0	0	0	3	0	0	0	0	0	0	0	0	0	0	0	0	0	0	0	0	0	0	0	0	0	0	0	0	0	0	0	0	0	0	0	0	0	0	0	0	0	0	0	0	0	0	0	0	0	0	0	0	0	0	0	0	0	0	0	0	0	0	0	0	0	0	0	0	0	0	0	0	0	0	0	0	0	0	0	0	0	0	0	0	0	0	0	0	0	0	0	0	0	0	0	0	0	0	0	0	0	0	0	0	0	0	0	0	0	0	0	0	0	0	0	0	0	0	0	0	0	0	0	0	0	0	0	0	0	0	0	0	0	0	0	0	0	0	0	0	0	0	0	0	0	0	0	0	0	0	0	0	0	0	0	0	0	0	0	0	0	0	0	0	0	0	0	0	0	0	0	0	0	0	0	2	0	0	0	0	0	0	0	0	0	0	0	0	0	0	0	0	0	0	0	0	0	0	0	0	0	0	0	0	0	0	0	0	0	0	0	0	0	0	0	0	0	0	0	0	0	0	0	0	0	0	0	0	0	0	0	0	0	0	0	0	6	0	0	0	0	0	0	0	0	0	0	13	0	0	0	0	0	0	0	0	0	0	0	0	0	0	0	0	0	0	0	0	0	0	0	0	0	0	0	0	0	0	0	0	0	0	0	0	0	0	0	0	0	0	0	0	0	0	0	0	0	0	0	0	0	0	0	0	0	0	0	0	0	0	0	0	0	0	0	0	0	0	0	0	12	0	0	0	0	0	0	0	0	0	0	0	0	0	0	0	0	0	0	0	0	0	0	0	0	0	0	0	0	0	0	0	0	0	0	0	0	0	0	0	0	0	0	0	0	0	1	0	0	0	0	0	0	0	0	0	0	0	0	0	0	0	0	0	0	0	0	0	0	0	0	0	0	0	0	0	0	0	0	0	0	0	0	0	0	0	0	0	0	0	0	0	0	0	0	0	0	0	0	0	0	0	0	0	0	0	0	0	0	0	0	0	0	0	0	0	0	0	39	0	0	0	0	0	0	0	0	32	0	0	0	0	0	0	0	0	0	0	0	0	0	0	0	0	11	0	0	0	0	0	0	0	0	0	0	0	0	0	0	0	0	0	143	0	0	0	0	0	0	0	0	0	0	0	47	0	0	0	0	0	0	0	0	0	0	0	0	0	0	0	0	0	0	0	0	0	0	0	0	0	0	0	0	0	0	0	0	0	0	0	0	0	0	0	0	0	0	0	0	0	0	0	0	0	0	0	0	0	0	0	0	0	0	0	0	74	0	0	0	0	0	0	160	0	0	0	97	83	13	0	0	0	0	0	0	0	0	0	0	0	0	0	0	0	0	0	0	0	0	0	0	0	0	0	0	0	0	0	0	0	0	0	0	0	0	0	0	10	0	0	0	0	0	0	153	0	0	0	0	0	54	0	0	0	0	0	42	59	0	0	0	139	0	134	0	14	0	0	0	0	0	0	0	0	0	0	0	0	0	0	0	0	0	0	0	0	0	50	0	0	0	0	0	125	0	0	0	0	0	0	0	0	0	0	0	101	24	0	0	17	0	0	0	0	0	0	0	0	0	0	0	0	0	0	0	0	0	0	0	0	62	0	0	0	0	0	0	0	0	0	0	60	0	0	89	0	0	0	0	0	0	44	62	0	0	60	37	0	0	97	200	38	0	92	57	173	23	9	0	252	57	79	47	0	14	0	54	32	46	0	113	0	49	0	185	0	93	0	0	122	0	0	57	96	56	0	0	77	0	0	0	0	246	277	64	59	56	195	136	0	40	0	146	247	0	45	126	0	107	43	387	0	0	89	69	0	26	0	0	63	0	0	0	0	227	0	0	0	0	0	101	35	0	0	0	0	0	0	114	43	72	0	0	46	66	133	0	0	150	14	90	0	0	21	43	110	0	0	44	146	100	119	57	158	215	16	177	337	89	49	87	41	12	0	0	0	44	0	97	43	0	0	26	154	119	0	0	122	0	0	168	106	0	78	83	51	157	0	209	0	0	66	197	164	200	0	0	0	176	15	41	0	83	132	0	105	0	15	107	0	236	109	212	32	113	156	136	124	34	226	50	29	58	0	10	165	0	41	0	69
106	0	0	0	0	0	0	0	0	0	0	0	0	0	0	0	0	0	0	0	0	0	0	0	0	0	0	0	0	0	0	0	0	0	0	0	0	0	0	0	0	0	0	0	0	0	0	0	0	0	0	0	0	0	0	0	0	0	0	0	0	0	0	0	0	0	0	0	0	0	0	0	0	0	0	0	0	0	0	0	0	0	0	0	0	0	0	0	0	0	0	0	0	0	0	0	0	0	0	0	0	0	0	0	0	0	0	0	0	0	0	0	0	0	0	0	0	0	0	0	0	0	0	0	0	0	0	6	0	0	0	0	0	0	0	0	0	0	0	0	0	0	0	0	0	0	0	0	0	0	0	0	0	0	0	0	0	0	0	0	0	0	0	0	0	0	0	0	0	0	0	0	0	0	0	0	0	0	0	0	0	0	0	0	0	0	0	0	0	0	0	0	0	0	0	0	0	0	0	0	0	0	0	0	0	0	0	0	0	0	0	0	1	0	0	0	0	0	0	0	0	0	0	0	0	0	0	0	0	0	0	0	0	0	0	0	0	0	0	0	0	0	0	0	0	0	0	0	0	0	0	0	0	0	0	0	0	0	0	0	0	0	0	0	0	0	0	0	0	0	0	0	0	0	0	0	0	0	0	0	0	0	0	0	0	0	0	0	0	0	0	0	0	0	0	0	0	0	0	0	0	0	0	0	0	0	0	0	0	0	0	0	0	0	0	0	0	0	0	0	0	0	0	0	0	0	0	0	0	0	0	0	0	0	0	0	0	0	0	0	0	0	0	0	0	0	0	0	0	0	0	0	0	0	0	0	0	0	0	0	0	0	0	0	0	0	0	0	0	0	0	0	0	0	0	0	0	0	0	0	0	0	7	0	0	0	0	0	0	0	0	0	0	0	0	0	0	0	0	0	0	0	0	0	0	0	0	0	0	0	0	0	0	0	0	0	0	0	0	0	0	0	0	0	0	0	0	0	0	0	0	0	0	0	0	0	0	0	0	0	0	0	0	0	0	0	0	0	0	0	0	0	0	0	0	0	0	0	0	4	0	0	0	0	0	0	0	0	0	0	0	0	0	0	0	0	0	0	0	0	0	0	0	0	0	0	2	0	0	0	0	0	0	0	0	0	0	0	1	0	0	26	0	0	0	0	0	0	0	0	0	0	0	0	0	0	0	0	0	0	0	0	0	0	0	0	0	0	0	0	0	0	0	0	0	0	0	0	0	0	0	0	0	0	0	0	0	0	0	0	0	0	0	0	0	0	0	0	0	0	0	0	0	0	0	0	0	0	0	0	0	0	0	0	0	0	0	0	0	0	0	0	0	0	0	0	0	0	0	0	0	0	0	0	0	0	0	0	0	0	0	0	0	0	0	0	0	0	0	0	0	0	0	0	0	0	0	0	0	141	0	0	0	0	0	0	0	0	85	0	0	22	0	0	0	0	0	0	0	0	0	0	0	0	0	159	0	0	0	0	0	0	0	0	0	0	0	0	0	0	0	0	0	0	0	0	0	0	0	0	0	0	0	0	0	0	0	0	0	0	0	0	0	0	0	0	0	0	0	0	0	0	0	0	0	0	0	0	10	0	0	0	0	0	0	0	0	0	0	0	0	0	10	0	0	0	0	0	0	0	0	0	0	0	0	0	0	0	0	0	0	0	0	0	0	0	46	0	0	0	0	0	0	25	0	0	0	36	0	335	0	0	0	0	0	0	0	0	0	0	0	0	0	0	0	0	0	0	0	0	0	0	0	0	0	0	0	0	0	0	0	0	0	0	0	0	0	0	95	0	0	0	0	0	0	44	0	0	0	0	0	86	0	0	0	0	0	46	55	0	0	0	183	0	33	0	19	0	9	0	0	0	0	0	0	0	0	0	0	0	0	0	0	0	8	0	0	0	30	0	0	0	0	0	106	0	0	0	0	0	0	0	0	0	0	0	115	94	0	0	10	0	0	0	0	0	0	0	0	0	0	0	0	0	0	0	0	0	0	0	0	225	0	0	0	0	0	0	0	0	0	0	243	0	0	55	0	0	0	0	0	0	113	29	0	0	38	117	0	0	70	75	0	0	191	24	133	20	235	0	40	42	147	30	0	19	0	374	127	135	0	57	0	105	0	161	0	141	0	0	77	0	0	39	41	115	0	0	69	0	0	0	0	182	46	4	49	95	180	273	0	39	0	76	182	0	44	77	0	64	15	42	0	0	33	91	0	43	0	0	76	0	0	0	0	68	0	0	0	0	0	18	12	0	0	0	0	0	0	38	77	104	0	0	113	24	185	0	0	119	96	42	0	0	41	304	74	0	0	74	28	56	93	81	207	23	49	99	8	168	42	28	117	133	0	0	0	70	0	116	37	0	0	129	45	182	0	0	129	0	0	167	66	0	68	126	74	69	0	71	0	0	21	76	106	289	0	0	0	149	133	129	0	56	47	0	44	0	153	20	0	149	44	156	126	244	39	82	105	125	118	102	20	34	0	49	49	0	101	0	203
107	0	0	0	0	0	0	0	0	0	0	0	0	0	0	0	0	0	0	0	0	0	0	0	0	0	0	0	0	0	0	0	0	0	0	0	0	0	0	0	0	0	0	0	0	0	0	0	0	0	0	0	0	0	0	0	0	0	0	0	0	0	0	0	0	0	0	0	0	0	0	0	0	0	0	0	0	0	0	0	0	0	0	0	0	0	0	0	0	0	0	0	0	0	0	0	0	0	0	0	0	0	0	0	0	0	0	0	0	0	0	0	0	0	0	0	0	0	0	0	0	0	0	0	0	0	0	0	0	0	0	0	0	0	0	0	0	0	0	0	0	0	0	0	0	0	0	0	0	0	0	0	0	0	0	0	0	0	0	0	0	0	0	0	0	0	0	0	0	0	0	0	0	0	0	0	0	0	0	0	0	0	0	0	0	0	0	0	0	0	0	0	0	0	0	0	0	0	0	0	0	0	0	0	0	0	0	0	0	0	0	0	0	0	0	0	0	0	0	0	0	0	0	0	0	0	0	0	0	0	0	0	0	0	0	0	0	0	0	0	0	0	0	0	0	0	0	0	0	0	0	0	0	0	0	0	0	0	0	0	0	0	0	0	0	0	0	0	0	0	0	0	0	0	0	0	0	0	0	0	0	0	0	0	0	0	0	0	0	0	0	0	0	0	0	0	0	0	0	0	0	0	0	0	0	0	0	0	0	0	0	0	0	0	0	0	0	0	0	0	0	0	0	0	0	0	0	0	1	0	0	0	0	0	0	0	0	0	0	0	0	0	0	0	0	0	0	0	0	0	0	0	0	0	0	0	0	0	0	0	0	0	0	1	0	0	0	0	0	0	0	0	0	0	0	0	0	0	0	0	0	0	0	0	13	0	0	0	0	0	0	0	0	0	0	0	0	0	0	0	0	0	0	0	0	0	0	0	0	0	0	19	0	0	0	0	0	0	0	0	0	0	0	0	0	0	0	0	0	0	0	0	0	0	0	0	0	0	0	0	0	0	0	0	0	0	0	0	0	0	0	0	0	0	0	0	0	0	0	0	0	0	0	0	0	0	0	0	0	0	0	0	0	0	0	0	0	0	0	0	0	0	0	0	0	0	0	0	0	0	0	0	0	0	0	0	0	0	0	0	0	0	0	0	34	0	0	0	0	0	0	0	0	0	0	0	0	0	0	0	0	0	0	0	0	0	0	0	0	0	0	0	0	0	0	0	0	0	0	0	0	0	0	0	0	0	0	0	0	0	65	0	0	4	0	0	0	0	6	0	0	0	0	0	0	0	0	0	0	0	0	0	0	0	0	0	0	0	0	0	0	0	0	0	0	0	0	0	0	0	0	0	0	0	0	0	0	0	0	0	0	0	0	0	0	0	0	0	0	0	0	0	0	0	0	0	0	0	0	2	0	0	0	0	0	0	0	0	135	0	0	0	0	0	0	0	0	0	0	0	0	0	0	0	0	12	0	0	0	0	0	0	0	0	0	0	0	0	0	0	0	0	0	0	0	0	0	0	0	0	0	0	0	0	0	119	0	0	0	0	0	0	0	0	0	0	0	0	0	0	0	0	0	0	0	0	0	0	0	0	0	0	0	1	0	0	0	0	0	0	0	0	0	70	0	0	0	0	0	0	0	0	0	0	0	0	0	0	0	0	0	0	0	0	0	0	114	0	0	0	0	0	0	7	0	0	0	28	0	6	0	0	0	0	0	0	0	0	0	0	0	0	0	0	0	0	0	0	0	0	0	0	0	0	0	0	0	0	0	0	0	0	0	0	0	0	0	0	142	0	3	0	0	0	0	123	0	0	0	0	0	321	0	0	0	0	0	41	68	0	0	0	167	0	48	0	28	0	44	0	0	0	0	0	0	0	0	0	0	0	0	0	0	0	0	0	0	0	54	0	0	0	0	0	91	0	0	0	0	0	0	0	0	0	0	0	13	17	0	0	35	0	0	0	0	0	0	0	0	0	0	0	0	0	0	0	0	0	0	0	0	294	0	0	0	0	0	0	0	0	0	0	55	0	0	223	0	0	24	0	0	0	61	49	0	0	99	157	0	0	293	81	0	0	77	6	42	48	58	0	88	50	45	58	0	55	0	30	133	100	0	12	0	222	0	28	0	47	0	0	143	0	0	27	93	105	0	0	225	0	0	0	0	60	203	93	80	7	100	117	0	75	0	94	347	0	103	67	0	49	175	68	0	0	59	6	0	95	0	0	95	0	0	0	0	263	0	0	0	0	0	139	55	0	0	0	0	0	0	324	85	140	0	0	72	85	290	0	0	38	49	36	0	0	92	102	67	0	0	135	0	78	147	55	204	351	8	24	129	46	123	53	66	109	0	0	0	64	0	117	158	0	0	67	56	83	0	0	233	0	0	25	269	0	208	98	67	113	0	69	0	0	165	84	44	46	0	0	0	44	85	77	0	128	131	0	110	0	13	16	0	152	135	275	90	13	26	14	28	74	54	133	388	45	0	106	64	0	88	0	215
108	0	0	0	0	0	0	0	0	0	0	0	0	0	0	0	0	0	0	0	0	0	0	0	0	0	0	0	0	0	0	0	0	0	0	0	0	0	0	0	0	0	0	0	0	0	0	0	0	0	0	0	0	0	0	0	0	0	0	0	0	0	0	0	0	0	0	0	0	0	0	0	0	0	0	0	0	0	0	0	0	0	0	0	0	0	0	0	0	0	0	0	0	0	0	0	0	0	0	0	0	0	0	0	0	0	0	0	0	0	0	0	0	0	0	0	0	0	0	0	0	0	0	0	0	0	0	0	0	0	0	0	0	0	0	0	0	0	0	0	0	0	0	0	0	0	0	0	0	0	0	0	0	0	0	0	0	0	0	0	0	0	0	0	0	0	0	0	0	0	0	0	0	0	0	0	0	0	0	0	0	0	0	0	0	0	0	0	0	0	0	0	0	0	0	0	0	0	0	0	0	0	0	0	0	0	0	0	0	0	0	0	0	0	0	0	0	0	0	0	0	0	0	0	0	0	0	0	0	0	0	0	0	0	0	0	0	0	0	0	0	0	0	0	0	0	0	0	0	0	0	0	0	0	0	0	0	0	0	0	0	0	0	0	0	0	0	0	0	0	0	0	0	0	0	0	0	0	0	0	0	0	0	0	0	0	0	0	0	0	0	0	0	0	0	0	0	0	0	0	0	0	0	65	0	0	0	0	0	0	9	0	0	0	0	0	0	0	0	0	0	0	0	0	0	0	0	0	0	0	0	0	2	0	0	0	0	0	0	0	0	0	0	0	0	0	0	0	0	0	0	0	0	0	0	0	0	0	0	0	0	0	0	0	0	0	0	0	0	0	0	0	0	0	0	0	0	0	0	0	0	0	0	0	0	0	0	0	0	0	0	0	0	0	0	0	0	0	0	0	0	0	0	0	0	0	0	0	0	0	0	0	0	0	0	0	0	0	0	0	0	0	0	0	0	0	0	0	0	0	0	0	0	0	0	0	0	0	0	0	0	0	0	0	0	0	0	0	0	0	0	0	0	0	0	0	0	0	0	0	0	0	0	0	0	0	0	0	0	0	0	0	0	0	0	0	0	0	0	0	0	0	0	0	0	0	0	0	0	0	0	0	0	0	0	0	0	0	0	0	0	74	0	0	0	0	0	0	0	0	0	0	0	0	0	0	0	0	0	0	0	0	0	0	0	0	0	0	0	0	0	0	0	2	0	0	0	0	0	0	0	0	0	0	0	0	0	0	0	0	0	0	0	0	0	0	0	0	0	0	0	0	0	0	0	0	0	0	0	0	0	0	0	0	0	0	0	0	0	0	0	0	0	0	0	0	0	0	3	0	0	0	0	0	0	0	0	0	0	0	0	0	0	0	0	0	0	0	0	0	0	0	0	0	0	0	0	0	0	67	0	0	0	0	0	0	0	0	88	0	0	0	0	0	0	0	0	0	0	0	0	0	0	0	0	32	0	0	0	0	0	0	0	0	0	0	0	0	0	0	0	0	0	41	0	0	0	0	0	0	170	0	0	0	0	39	0	0	0	0	0	0	0	0	0	0	0	0	0	0	0	0	0	0	0	0	0	0	3	0	0	0	0	0	0	0	0	0	0	0	0	0	0	0	0	0	0	0	0	0	0	0	0	0	0	0	0	0	0	0	0	0	0	0	0	0	90	0	0	0	0	0	0	68	0	0	1	153	0	56	0	0	0	0	0	0	0	0	0	0	0	0	0	0	0	0	0	0	0	0	0	0	0	0	0	0	0	0	0	0	0	0	0	0	0	0	0	0	38	0	0	0	0	0	0	85	0	0	0	0	0	132	0	0	0	0	0	118	20	0	0	0	17	0	90	0	16	0	0	0	0	0	0	0	0	0	0	0	0	0	0	0	0	0	0	0	0	0	43	0	0	0	0	0	296	0	0	0	0	0	0	0	0	0	0	2	128	38	0	0	118	0	0	0	0	0	0	0	0	0	0	0	0	0	0	0	0	0	0	0	0	38	0	0	0	0	0	0	0	0	0	0	69	0	0	35	0	0	0	0	0	0	83	153	0	0	31	52	0	0	66	85	0	1	48	65	28	143	16	0	84	25	112	191	0	43	0	114	193	181	0	70	0	92	0	45	0	45	0	0	85	0	0	20	58	66	0	0	69	0	0	0	0	52	181	73	5	86	114	128	0	173	0	196	101	0	125	36	0	101	130	88	0	0	102	78	0	1	0	0	131	0	0	0	0	60	0	0	0	0	0	41	14	0	0	0	0	0	0	150	185	23	0	0	194	37	127	0	0	89	133	93	0	0	96	85	39	0	0	24	158	31	82	15	6	16	134	36	172	52	215	106	205	32	0	0	0	79	0	204	49	0	0	40	89	31	0	2	172	0	0	12	58	0	138	122	52	390	0	54	0	0	44	25	14	37	0	0	0	121	203	220	0	68	0	0	54	0	46	42	0	22	39	95	101	50	105	51	122	38	115	36	60	155	0	26	103	0	59	0	59
109	48	0	0	0	0	0	0	0	0	0	0	0	0	0	0	0	0	0	0	0	0	0	0	2	0	0	0	0	0	0	0	0	0	0	0	0	0	0	0	0	0	0	0	0	0	0	0	0	0	0	0	0	0	0	0	0	0	0	0	0	0	0	0	0	0	0	0	0	0	0	0	0	0	0	0	0	0	0	0	0	0	0	0	0	0	0	0	0	0	0	0	0	0	0	0	0	0	0	0	0	0	0	0	0	0	0	0	0	0	0	0	0	0	0	0	0	0	0	0	0	0	0	0	0	0	0	0	0	0	0	0	0	0	0	0	0	0	0	0	0	0	0	0	0	0	0	0	0	0	0	0	0	0	0	0	0	0	0	0	0	0	0	0	0	0	0	0	0	0	0	0	0	0	0	0	0	0	0	0	0	0	0	0	0	0	0	0	0	0	0	0	0	0	0	0	0	0	0	0	0	0	0	0	0	0	0	0	0	0	0	0	0	0	0	0	0	0	0	0	0	0	0	0	0	0	0	0	0	0	0	0	0	0	0	0	0	0	0	0	0	0	0	0	0	0	0	0	0	0	0	0	0	0	0	0	0	0	0	0	0	0	0	0	0	0	0	0	0	0	0	0	0	0	0	0	0	0	0	0	0	0	0	0	0	0	0	0	0	0	0	0	0	0	0	0	0	0	0	0	0	0	0	0	0	0	0	0	0	0	0	0	0	0	0	0	0	0	0	0	0	0	0	0	0	0	0	0	0	0	0	0	0	0	0	0	0	0	0	0	0	0	0	0	0	0	0	0	0	0	0	0	0	0	0	0	0	0	0	0	0	0	0	0	0	0	0	0	0	0	0	0	0	0	0	0	0	0	0	0	0	0	0	0	0	0	0	0	0	0	0	0	0	0	0	0	0	0	0	0	0	0	0	0	0	0	0	0	2	0	0	0	0	0	0	0	0	0	0	0	0	0	0	0	0	0	0	0	0	0	0	0	0	0	0	0	0	0	0	0	0	0	0	0	0	0	0	0	0	0	0	0	0	0	0	0	0	0	0	0	0	0	0	0	0	0	0	0	0	0	0	0	0	0	0	0	0	0	0	0	0	0	0	0	0	87	0	0	0	0	0	0	0	0	0	0	0	0	0	0	0	0	0	0	0	0	0	0	0	0	0	0	0	0	0	0	0	0	0	0	0	0	0	0	0	0	0	0	0	0	0	0	0	0	0	0	0	0	0	0	0	0	0	0	0	0	0	0	0	0	0	0	0	0	0	0	0	0	0	0	0	0	0	0	0	0	0	0	0	0	0	0	0	0	0	0	0	0	0	0	0	0	0	0	0	0	0	0	0	0	0	0	0	0	0	0	0	0	0	0	0	0	0	0	0	0	0	0	0	0	0	0	0	0	0	0	0	0	0	85	0	0	0	0	0	0	0	0	52	0	0	0	0	0	0	0	0	0	0	0	0	0	0	0	0	32	0	0	0	0	0	0	0	0	0	0	0	0	0	0	0	0	0	111	0	0	0	0	0	0	0	0	0	0	0	0	0	0	0	0	0	0	0	0	0	0	0	0	0	0	0	0	0	0	0	0	0	6	0	0	0	0	0	0	0	0	0	0	0	0	0	0	0	0	0	0	0	0	35	0	0	2	0	0	0	0	0	0	0	0	0	0	0	0	0	0	99	0	0	0	0	0	0	116	0	0	0	136	0	162	0	0	0	0	0	0	0	0	0	0	0	0	0	0	0	0	0	0	0	0	0	0	0	0	0	0	0	0	0	0	0	0	0	0	0	0	0	0	16	0	0	0	0	0	0	108	0	0	0	0	0	281	0	0	0	0	0	15	117	0	0	0	47	0	38	0	314	0	0	0	0	0	0	0	0	0	0	0	0	0	0	0	0	0	0	0	0	0	77	0	0	0	0	0	52	0	0	0	0	0	0	0	0	0	0	0	147	33	0	0	0	0	0	0	0	0	0	0	0	0	0	0	0	0	0	0	0	0	0	0	0	207	0	0	0	0	0	0	0	0	0	0	166	0	0	118	0	0	0	0	0	0	170	239	0	0	32	110	0	0	36	144	1	0	12	15	94	20	36	0	27	70	45	152	0	32	0	31	52	125	0	207	0	83	0	115	0	118	0	0	35	0	109	16	109	43	0	0	30	0	0	0	0	200	121	112	338	77	61	47	0	72	0	192	83	0	30	107	0	20	50	343	0	0	72	116	0	65	0	0	63	0	0	0	0	218	0	0	0	0	0	27	166	0	0	0	0	0	0	15	92	238	0	0	196	59	138	0	0	15	72	128	0	0	111	105	46	0	0	284	159	88	134	172	74	194	36	177	105	124	42	82	56	213	0	0	0	86	0	67	92	0	0	188	90	19	0	0	44	0	0	17	122	0	253	26	20	146	0	111	0	0	118	150	48	148	0	0	0	107	135	78	0	60	0	0	48	0	88	9	0	90	52	87	32	144	22	130	227	282	14	80	33	8	0	68	92	0	117	0	55
110	0	0	0	0	0	0	0	0	0	0	0	0	0	0	0	0	0	0	0	0	0	0	0	0	0	0	0	0	0	0	0	0	0	0	0	0	0	0	0	0	0	0	0	0	0	0	0	0	0	0	0	0	0	0	0	0	0	0	0	0	0	0	0	0	0	0	0	0	0	0	0	0	0	0	0	0	0	0	0	0	0	0	0	0	0	0	0	0	0	0	0	0	0	0	0	0	0	0	0	0	0	0	0	0	0	0	0	0	0	0	0	0	0	0	0	0	0	0	0	0	0	0	0	0	0	0	0	0	0	0	0	0	0	0	0	0	0	0	0	0	0	0	0	0	0	0	0	0	0	0	0	0	0	0	0	0	0	0	0	0	0	0	0	0	0	0	0	0	0	0	0	0	0	0	0	0	0	0	0	0	0	0	0	0	0	0	0	0	0	0	0	0	0	0	0	0	0	0	0	0	0	0	0	0	0	0	0	0	0	0	0	0	1	0	0	0	0	0	0	0	0	0	0	0	0	0	0	0	0	0	0	0	0	0	0	0	0	0	0	0	0	0	0	0	0	0	0	0	0	0	0	0	0	0	0	0	0	0	0	0	0	0	0	0	0	0	0	0	0	0	0	0	0	0	0	0	0	0	0	0	0	0	0	0	0	0	0	0	0	0	0	0	0	0	0	0	0	0	0	0	0	0	0	0	0	0	0	0	0	0	0	0	0	0	0	0	0	0	0	0	0	0	0	0	0	0	0	0	0	0	0	0	0	0	0	0	0	0	0	0	0	0	0	0	0	0	0	0	0	0	0	0	0	0	0	0	0	0	0	0	0	0	0	0	0	0	0	0	0	0	0	0	0	0	0	0	0	0	0	0	0	0	0	0	0	0	0	0	0	0	0	0	0	0	0	0	0	0	0	0	0	0	0	0	0	0	0	0	0	0	0	0	0	0	0	0	0	0	0	20	0	0	0	0	0	0	0	0	0	0	0	0	0	0	0	0	0	0	0	0	0	0	0	0	0	0	0	0	0	0	0	0	0	0	0	0	0	0	0	0	0	0	0	0	0	0	0	0	0	0	0	0	0	0	0	0	0	0	0	0	0	0	0	0	0	0	0	0	0	0	0	0	0	0	0	0	0	0	0	0	0	0	0	0	0	0	0	0	0	0	0	0	0	0	0	0	0	0	0	0	0	0	0	0	0	0	0	0	0	0	0	0	0	0	0	0	0	0	0	0	0	0	0	0	0	0	0	0	0	0	0	0	0	0	0	0	0	0	0	0	0	0	0	0	0	0	0	0	0	0	0	0	0	0	0	0	0	0	0	0	0	0	0	0	0	0	0	0	0	0	0	0	0	0	0	0	0	0	0	0	0	0	0	0	0	0	0	0	0	0	0	0	0	0	0	0	0	0	45	0	0	0	0	0	0	0	0	62	0	0	0	0	0	0	0	0	0	0	0	0	0	0	0	0	292	0	0	0	0	0	0	0	0	0	0	0	0	0	0	0	0	0	0	0	0	0	0	0	0	10	0	0	0	0	0	0	0	0	0	0	0	0	0	0	0	0	0	0	0	0	0	0	0	0	0	0	0	0	0	0	0	0	0	0	12	0	0	0	0	0	0	0	0	0	0	0	0	0	0	0	0	0	0	0	0	0	0	0	0	0	0	0	0	0	0	11	0	0	0	0	0	0	263	0	0	0	92	0	62	0	0	0	0	0	0	0	0	0	0	0	0	0	0	0	0	0	0	0	0	0	0	0	0	1	0	0	0	0	0	0	0	0	0	0	0	0	0	114	0	0	0	0	0	0	51	0	0	0	0	0	96	0	0	0	0	0	365	90	0	0	0	92	0	27	0	6	0	0	0	0	0	0	0	4	0	0	0	0	0	0	0	0	0	0	0	0	0	41	0	0	0	0	0	199	0	0	0	0	0	0	0	0	0	0	0	69	94	0	0	60	0	0	0	0	0	0	0	0	0	0	0	0	0	0	0	0	0	0	0	0	39	0	0	0	0	0	0	0	0	0	0	39	0	0	138	0	0	4	0	0	0	200	12	0	0	177	282	0	0	107	45	14	0	72	86	148	9	93	0	52	22	15	37	0	11	0	107	320	104	0	136	0	125	4	29	0	146	0	0	122	0	0	94	185	110	0	0	57	0	0	0	142	49	196	57	95	48	14	28	0	160	0	90	37	0	25	37	0	23	63	53	0	0	181	20	0	12	0	0	28	0	0	0	0	110	0	1	0	0	0	172	41	0	0	0	0	0	0	29	99	196	0	0	42	315	25	0	0	45	46	48	0	0	77	68	190	1	0	157	79	85	193	4	132	121	167	9	39	62	194	64	48	74	0	0	0	27	0	147	50	0	0	178	103	98	0	0	106	0	0	32	118	0	5	37	219	84	0	113	0	0	97	77	139	34	0	0	0	5	107	132	0	55	8	0	78	0	19	273	0	92	13	135	181	159	157	122	35	26	40	165	122	140	0	94	184	0	77	0	158
111	0	0	0	0	0	0	0	0	0	0	0	0	0	0	0	0	0	0	0	0	0	0	0	0	0	0	0	0	0	0	0	0	0	0	0	0	0	0	0	0	0	0	0	0	0	0	0	0	0	0	0	0	0	0	0	0	0	0	0	0	0	0	0	0	0	0	0	0	0	0	0	0	0	0	0	0	0	0	0	0	0	0	0	0	0	0	0	0	0	0	0	0	0	0	0	0	0	0	0	0	0	0	0	0	0	0	0	0	0	0	0	0	0	0	0	0	0	0	0	0	0	0	0	0	0	0	0	0	0	0	0	0	0	0	0	0	0	0	0	0	0	0	0	0	0	0	0	0	0	0	0	0	0	0	0	0	0	0	0	0	0	0	0	0	0	0	0	0	0	0	0	0	0	0	0	0	0	0	0	0	0	0	0	0	0	0	0	0	0	0	0	0	0	0	0	0	0	0	0	0	0	0	0	0	0	0	0	0	0	0	0	0	0	0	0	0	0	0	0	0	0	0	0	0	0	0	0	0	0	0	0	0	0	0	0	0	0	0	0	0	0	0	0	0	0	0	0	0	0	0	0	0	0	0	0	0	0	0	0	0	0	0	0	0	0	0	0	0	0	0	0	0	0	0	0	0	0	0	0	0	0	0	0	0	0	0	0	0	0	0	0	0	0	0	0	0	0	0	0	0	0	0	0	0	0	0	0	0	0	0	0	0	0	0	0	0	0	0	0	0	0	0	0	0	0	0	0	0	0	0	0	0	0	0	0	0	0	0	0	0	0	0	0	0	0	0	0	0	15	0	0	0	0	0	0	0	0	0	0	0	0	0	0	0	0	0	0	0	0	0	0	0	0	0	0	0	0	0	0	0	0	0	0	0	0	0	0	0	0	0	0	0	0	0	0	0	0	0	0	0	0	0	0	0	0	0	0	0	0	0	0	0	0	0	0	0	0	0	0	0	0	0	0	0	0	0	0	0	0	0	0	0	0	0	0	0	0	1	0	0	0	0	0	0	0	0	0	0	0	0	0	0	0	0	0	0	0	0	0	0	0	0	0	0	0	0	0	0	0	0	0	0	0	0	0	0	0	0	0	0	0	0	0	0	0	0	0	0	0	0	0	0	0	0	0	0	0	0	0	0	26	0	0	0	0	0	0	0	0	0	0	0	0	0	0	0	0	0	0	0	0	0	0	0	0	0	0	0	0	0	0	0	0	0	0	0	0	0	0	0	0	0	0	0	0	0	0	0	0	0	0	0	0	0	0	0	0	0	0	0	0	0	0	0	0	0	0	0	0	0	0	0	0	0	0	0	0	0	0	0	0	0	0	0	0	0	0	0	0	0	0	0	0	0	0	0	0	0	0	0	0	0	0	0	0	0	0	0	0	0	0	0	0	0	0	0	0	0	30	0	0	0	0	0	0	0	0	73	0	0	0	0	0	0	0	0	0	0	0	0	0	0	0	0	80	0	0	0	0	0	0	0	0	0	0	0	0	0	0	0	0	0	4	0	0	0	0	0	0	0	0	0	0	0	9	0	0	0	0	0	0	0	0	0	0	0	0	0	0	0	0	0	0	0	0	0	0	0	0	0	0	0	0	0	0	0	0	0	0	0	0	0	0	0	0	0	0	0	0	0	0	0	0	0	0	0	0	0	0	0	0	0	0	0	0	232	0	0	0	0	0	0	104	0	0	0	125	0	92	0	0	0	0	0	0	0	0	0	0	0	0	0	0	0	0	0	0	0	0	0	0	0	0	0	0	0	0	0	0	0	0	0	0	0	0	0	0	50	0	0	0	0	0	0	24	0	0	0	0	0	59	0	0	0	0	0	27	38	0	0	0	158	0	31	0	96	0	50	0	0	0	0	0	0	0	0	0	0	0	0	0	37	0	0	0	0	0	57	0	0	0	0	0	80	0	0	0	0	1	0	0	0	0	0	0	92	40	0	0	0	0	0	0	0	0	7	0	0	0	0	6	0	0	0	0	0	0	0	0	0	42	0	0	0	0	0	0	0	0	3	0	42	0	0	62	0	0	0	0	0	0	43	147	0	0	39	31	0	0	120	92	47	0	45	38	61	197	98	0	64	132	111	170	0	81	0	67	280	38	0	52	0	34	0	109	0	238	0	0	204	0	90	33	73	61	0	0	15	0	0	0	0	138	30	203	92	49	205	182	0	87	0	112	148	0	66	137	0	163	184	158	0	0	101	0	0	0	0	37	92	0	0	0	0	30	0	0	0	0	0	38	119	0	0	0	0	0	0	9	51	199	0	0	54	51	110	0	0	66	259	69	0	0	43	92	29	0	0	44	44	54	241	269	24	21	84	109	203	57	297	222	80	24	0	0	0	50	0	44	144	0	0	32	93	17	0	0	164	0	0	49	149	0	91	128	133	22	0	31	0	0	44	227	247	159	0	0	0	23	41	97	0	159	36	0	31	0	49	24	0	54	84	20	67	98	114	85	70	27	35	115	53	23	0	72	155	0	37	0	201
112	0	0	0	0	0	0	0	0	0	0	0	0	0	0	0	0	0	0	0	0	0	0	0	0	0	0	0	0	0	0	0	0	0	0	0	0	0	0	2	0	0	0	0	0	0	0	0	0	0	0	0	0	0	0	0	0	0	0	0	0	0	0	0	0	0	0	0	0	0	0	0	0	0	0	0	0	0	0	0	0	0	0	0	0	0	0	0	0	0	0	0	0	0	0	0	0	0	0	0	0	0	0	0	0	0	0	0	0	0	0	0	0	0	0	0	0	0	0	0	0	0	7	0	0	0	0	0	0	0	0	0	0	0	0	0	0	0	0	0	0	0	0	0	0	0	0	0	0	0	0	0	0	0	0	0	0	0	0	0	0	0	0	0	0	0	0	0	0	0	0	0	0	0	0	0	0	0	0	0	0	0	0	0	0	0	0	0	0	0	0	0	0	0	0	0	0	0	0	0	0	0	0	0	0	0	0	0	0	0	0	0	0	0	0	0	0	0	0	0	0	0	0	0	0	0	0	0	0	0	0	0	0	0	0	0	0	0	0	0	0	30	0	0	0	0	0	0	0	0	0	0	0	0	0	19	0	0	0	0	0	0	0	0	0	0	0	0	0	0	0	0	0	0	0	0	0	0	0	0	0	0	0	0	0	0	0	0	0	0	0	0	0	0	0	0	0	0	0	0	0	0	0	0	0	0	0	0	0	0	0	0	0	0	0	0	0	0	0	0	0	0	0	0	0	0	0	0	0	0	0	0	0	0	0	0	0	0	0	0	0	0	1	0	0	0	0	0	0	0	0	0	0	0	0	0	0	0	0	0	0	0	0	0	0	0	0	0	0	0	0	0	0	0	0	0	0	0	0	0	0	0	0	0	0	0	0	0	0	0	0	0	0	0	0	0	0	0	0	0	0	0	0	0	0	0	0	0	0	0	0	0	0	0	0	0	0	0	0	0	0	0	0	0	0	0	0	0	0	0	0	0	0	0	0	0	0	0	0	0	0	0	0	0	0	0	0	0	0	0	0	0	0	2	0	0	0	0	0	0	0	0	0	0	0	0	0	0	0	0	0	0	0	0	0	0	0	0	0	0	0	0	0	0	0	0	0	0	0	0	0	0	0	0	0	0	0	0	0	0	0	0	0	0	0	0	0	0	0	0	0	0	0	0	0	0	0	0	0	0	0	0	0	0	0	0	0	0	0	0	0	0	0	0	0	0	0	0	0	0	0	0	0	0	0	0	0	0	0	0	0	0	0	0	0	0	0	0	0	0	0	0	0	0	0	0	0	0	0	0	0	0	0	0	0	0	0	0	0	0	0	0	0	0	0	0	0	0	0	0	33	0	0	0	0	0	0	0	0	0	0	0	0	0	0	0	0	0	0	0	0	0	0	0	0	0	0	0	0	142	0	0	0	0	0	0	0	0	43	0	0	0	0	0	0	0	0	0	0	0	0	0	0	0	0	72	0	0	0	0	0	0	0	0	0	0	0	0	0	0	0	0	0	54	0	0	0	0	0	0	0	0	0	0	0	0	0	0	0	0	0	0	0	0	0	0	0	0	0	0	0	0	0	0	0	0	0	0	0	0	0	0	0	0	0	0	0	0	0	0	0	0	0	0	0	0	0	0	0	0	0	0	0	0	0	0	0	0	0	0	0	0	0	0	0	0	107	0	0	0	0	0	0	0	0	0	0	67	0	120	0	0	0	0	0	0	0	0	0	0	0	0	0	0	0	0	0	0	0	0	0	0	0	0	0	0	0	1	0	0	0	0	0	0	0	0	0	0	19	18	0	0	0	0	0	108	0	0	0	0	0	79	0	0	0	0	0	75	126	0	0	0	32	0	129	0	36	0	0	0	0	0	0	0	71	0	0	0	0	0	0	0	0	0	0	0	0	0	91	0	0	0	0	7	55	0	0	0	0	0	0	0	0	0	0	0	188	131	0	0	0	0	0	0	0	0	0	0	0	0	0	0	0	0	0	0	0	0	0	0	0	22	0	0	0	0	0	0	0	0	0	0	116	0	0	87	0	0	0	0	0	0	91	4	0	0	34	78	0	0	221	75	0	0	188	76	109	90	132	0	175	57	40	28	0	179	0	65	97	119	0	5	0	33	0	180	0	27	0	0	164	0	3	54	206	254	0	0	109	0	0	0	0	233	143	90	116	161	158	69	0	175	0	43	120	0	114	51	0	146	84	111	0	0	120	31	0	191	0	0	18	0	0	0	0	11	0	0	0	50	0	18	131	0	0	0	0	0	0	186	124	7	0	0	59	53	137	0	0	160	52	96	0	0	8	31	32	0	0	259	92	148	150	245	126	135	80	71	103	76	55	344	193	106	0	0	0	38	0	113	114	0	0	79	106	31	0	0	63	0	0	78	77	0	96	40	150	89	0	127	0	0	166	123	180	114	0	0	0	62	104	43	0	201	22	0	78	0	137	59	0	5	158	121	32	37	238	208	73	14	36	108	247	50	0	88	74	0	84	0	111
113	0	0	0	0	0	0	0	0	0	0	0	0	0	0	0	0	0	0	0	0	0	0	0	0	0	0	0	0	0	0	0	0	0	0	0	0	0	0	0	0	0	0	0	0	0	0	0	0	0	0	0	0	0	0	0	0	0	0	0	0	0	0	0	0	0	0	0	0	0	0	0	0	0	0	0	0	0	0	0	0	0	0	0	0	0	0	0	0	0	0	0	0	0	0	0	0	0	0	0	0	0	0	0	0	0	0	0	0	0	0	0	0	0	0	0	0	0	0	0	0	0	0	0	0	0	0	0	0	0	0	0	0	0	0	0	0	0	0	0	0	0	0	0	0	0	0	0	0	0	0	0	0	0	0	0	0	0	0	0	0	0	0	0	0	0	0	0	0	0	0	0	0	0	0	0	0	0	0	0	0	0	0	0	0	0	0	0	0	0	0	0	0	0	0	0	0	0	11	0	0	0	0	0	0	0	0	0	0	0	0	0	0	0	0	0	0	0	0	0	0	0	0	0	0	0	0	0	0	0	0	0	0	0	0	0	0	0	0	0	0	0	0	0	0	0	0	0	0	0	0	0	0	0	0	0	0	0	0	0	0	0	0	0	0	0	0	0	0	0	0	0	0	0	0	0	0	0	0	0	0	0	0	0	0	0	0	0	0	0	0	0	0	0	0	0	0	0	0	0	0	0	0	0	0	0	0	0	0	0	0	0	0	0	0	0	0	0	0	0	0	0	0	0	0	0	0	0	0	0	0	0	0	0	0	0	0	0	0	0	0	0	0	0	0	0	0	0	0	0	0	0	0	0	8	0	0	0	0	0	0	0	0	0	0	0	0	0	0	2	0	0	0	0	0	0	0	0	0	0	0	0	0	0	0	0	0	0	0	0	0	0	0	0	0	0	0	0	0	0	0	0	0	0	0	0	0	0	0	0	0	0	0	0	0	0	0	0	0	0	0	0	0	0	0	0	0	0	0	0	0	0	0	0	0	0	0	0	0	0	0	0	0	0	0	0	0	0	0	0	0	0	0	0	0	0	0	0	0	0	0	0	0	0	0	0	0	0	0	0	0	0	0	0	0	0	0	0	0	0	0	0	0	0	0	0	0	0	0	0	0	0	0	0	0	0	0	0	0	0	0	0	0	0	0	0	0	0	0	0	0	0	0	0	0	0	0	0	0	0	0	0	0	0	0	0	0	0	1	0	0	0	0	0	0	0	0	0	0	0	0	0	0	0	0	0	0	0	0	0	0	0	0	0	0	0	0	0	0	0	0	0	0	0	0	0	0	0	0	0	0	0	0	0	0	0	0	0	0	0	0	0	0	0	0	0	0	0	0	0	0	0	0	0	0	0	0	0	0	0	0	0	0	0	0	0	0	0	0	0	3	0	0	0	0	0	0	0	0	72	0	0	0	0	0	0	0	0	96	0	0	0	0	0	0	0	0	0	0	0	0	0	0	0	0	83	0	0	0	0	0	0	0	0	0	0	0	0	0	0	0	0	0	4	0	0	0	0	0	0	49	0	0	0	0	0	0	0	0	0	0	0	0	0	0	0	0	0	0	0	0	0	0	6	0	0	0	0	4	0	0	0	0	0	0	30	0	0	0	0	0	0	0	0	0	0	0	0	0	0	0	0	0	0	0	0	0	0	0	0	0	0	0	0	0	0	152	0	0	0	0	0	0	206	0	0	0	69	0	137	0	0	0	0	0	0	0	0	0	0	0	0	0	0	0	0	0	0	0	0	0	0	0	0	0	0	0	0	0	0	0	0	0	0	0	0	0	0	32	0	0	0	0	0	0	29	0	0	0	0	0	22	0	0	0	0	0	223	149	0	0	0	86	0	78	0	90	0	43	0	0	0	0	0	36	0	0	0	0	0	0	0	0	0	0	0	0	0	82	5	0	0	0	0	58	0	0	0	0	0	0	0	0	0	0	0	390	46	0	0	147	0	0	0	0	0	0	0	0	0	0	0	0	0	0	0	0	0	0	0	0	174	0	0	0	0	0	0	0	0	0	0	14	0	0	205	1	0	0	0	0	0	74	49	0	0	84	66	0	0	57	166	0	0	48	75	32	94	19	0	67	63	48	47	0	144	0	181	97	178	0	41	0	178	0	292	0	60	0	0	20	0	56	99	20	65	0	0	151	2	0	0	0	291	67	102	224	192	22	104	0	60	0	32	187	0	77	17	0	147	57	204	0	0	136	0	0	20	0	0	52	0	0	0	11	61	0	0	0	0	0	10	148	0	24	0	0	0	0	174	50	46	0	0	86	215	62	0	0	164	75	49	0	0	129	115	82	0	0	72	321	188	186	82	41	206	105	18	111	36	52	162	78	212	0	0	0	44	0	116	248	0	0	17	75	157	0	0	194	0	0	318	6	0	123	173	70	40	0	112	0	0	39	80	44	53	0	0	0	34	74	72	0	78	140	0	193	0	24	27	0	23	52	328	40	34	16	180	167	36	71	257	86	69	0	105	48	0	63	0	83
114	0	0	0	0	0	0	0	0	0	0	0	0	0	0	0	0	0	0	0	0	0	0	0	0	0	0	0	0	0	0	0	0	0	0	0	0	0	0	0	0	0	0	0	0	0	0	0	0	0	0	0	0	0	0	0	0	0	0	0	0	0	0	0	0	0	0	0	0	0	0	0	0	0	0	0	0	0	0	63	0	0	0	0	0	0	0	0	0	0	0	0	0	0	0	0	0	0	0	0	0	0	0	0	0	0	40	0	0	0	0	0	0	0	0	0	0	0	0	0	0	0	0	0	0	0	0	0	0	0	0	0	0	0	0	0	0	0	0	0	0	0	0	0	0	0	0	0	0	0	0	0	0	0	0	0	0	0	0	0	0	0	0	0	0	0	0	0	0	0	0	0	0	0	0	0	0	0	0	0	0	0	0	0	0	0	0	0	0	0	0	0	0	0	0	0	0	0	0	0	0	0	0	0	0	0	0	0	0	0	0	0	0	0	0	0	0	0	0	0	0	0	0	0	0	0	0	0	0	0	0	0	0	0	0	0	0	0	0	0	0	0	0	0	0	0	0	0	0	0	0	0	0	0	0	0	0	0	0	0	0	0	0	0	0	0	0	0	0	0	0	0	0	0	0	0	0	0	0	0	0	0	0	0	0	0	0	0	0	0	0	0	0	0	0	0	0	0	0	0	0	0	0	0	0	0	0	0	0	0	0	0	0	0	0	0	0	0	0	0	0	0	0	0	0	0	0	0	0	0	0	0	0	0	0	0	0	0	0	0	0	0	0	0	0	0	0	0	0	0	0	0	0	0	0	0	0	0	0	0	0	0	0	0	0	0	0	0	0	0	0	0	0	0	0	0	0	0	0	0	0	0	0	0	0	0	0	0	0	0	0	0	0	0	0	0	0	0	0	0	0	11	0	0	0	0	0	0	0	0	0	0	0	0	0	0	0	0	0	0	0	0	0	0	0	0	0	0	0	0	0	0	0	0	0	0	0	0	0	0	0	0	0	0	4	0	0	0	0	0	0	0	0	0	0	0	0	0	0	0	0	0	0	0	0	0	0	0	0	0	0	0	0	0	0	0	0	0	0	0	0	0	0	0	0	26	0	0	0	0	0	0	0	0	0	0	0	0	0	0	0	0	0	0	0	0	0	0	0	0	0	0	0	0	0	0	0	0	0	0	0	0	0	0	0	0	0	0	0	0	0	0	36	0	0	0	0	0	0	0	0	0	0	0	0	0	0	0	0	0	0	0	0	0	0	0	0	0	0	0	0	0	0	0	0	0	0	0	0	0	0	0	0	0	0	0	0	0	0	0	0	0	0	0	0	0	0	0	0	0	0	0	0	0	0	0	0	0	0	0	0	0	0	0	0	0	0	0	0	0	0	0	0	0	0	0	0	0	0	38	0	0	0	0	0	0	0	0	109	0	47	0	0	0	0	0	0	0	0	0	0	0	0	0	0	68	0	0	0	0	0	0	0	0	0	0	0	0	0	0	0	0	0	34	0	0	0	0	0	0	0	0	0	0	0	0	0	0	0	0	0	0	0	0	0	0	0	0	0	0	0	0	0	0	0	0	0	0	0	0	0	0	0	0	0	0	0	0	0	0	0	0	0	0	0	0	0	0	0	0	0	0	0	0	0	0	0	0	0	0	0	0	0	0	0	0	77	0	0	0	0	0	0	85	0	0	0	32	0	0	0	0	0	0	0	0	0	0	0	0	0	0	0	0	0	0	0	0	0	0	0	0	0	0	0	0	0	0	0	0	0	0	0	0	0	0	0	0	85	0	0	0	0	0	0	180	0	0	0	0	0	156	0	0	0	0	0	302	122	0	0	0	164	0	113	0	50	0	2	0	0	0	0	0	11	0	0	0	0	0	0	0	0	0	0	0	0	0	198	0	0	0	0	0	195	0	0	0	0	0	0	0	0	0	0	0	15	241	0	0	140	0	0	0	0	0	0	0	0	0	0	21	0	0	0	0	0	0	0	0	0	73	0	0	0	0	0	0	0	0	0	0	85	0	0	98	0	0	0	0	0	0	188	94	0	0	43	137	0	0	103	196	0	0	144	46	181	112	94	0	86	59	99	61	0	183	0	33	20	130	0	75	0	143	0	30	0	156	0	0	73	0	39	39	115	104	0	0	172	0	0	0	0	84	63	200	11	86	242	234	0	65	0	136	117	1	2	69	0	57	122	17	0	0	66	28	0	29	0	0	146	109	0	0	0	67	0	0	0	0	0	47	40	0	0	0	0	0	0	229	23	136	0	0	230	5	19	0	0	125	106	129	0	0	39	109	42	0	0	64	188	125	77	207	29	201	103	23	137	177	194	123	78	113	0	0	0	292	0	146	61	0	0	11	117	19	0	0	34	0	0	90	112	0	127	176	78	395	0	49	0	0	16	87	228	107	0	0	0	103	40	93	0	128	61	0	178	0	208	119	0	230	44	208	109	26	174	32	27	55	64	73	42	122	0	99	22	0	67	0	83
115	0	0	0	0	0	0	0	0	0	0	0	0	0	0	0	0	0	0	0	0	0	0	0	0	0	0	0	0	0	0	0	0	0	0	0	0	0	0	0	0	0	0	0	0	0	0	0	0	0	0	0	0	0	0	0	0	0	0	0	0	0	0	0	0	0	0	0	0	0	0	0	0	0	0	0	0	0	0	0	0	0	0	0	0	0	0	0	0	0	0	0	0	0	0	0	0	0	0	0	0	0	0	0	0	0	0	0	0	0	0	0	0	0	0	0	0	0	0	0	0	0	0	0	0	0	0	0	0	0	0	0	0	0	0	0	0	0	0	0	0	0	0	0	0	0	0	0	0	0	0	0	0	0	0	0	0	0	0	0	0	0	0	0	0	0	0	0	0	0	0	0	0	0	0	0	0	0	0	0	0	0	0	0	0	0	0	0	0	0	0	0	0	0	0	0	0	0	0	0	0	0	0	0	0	0	0	0	0	0	0	0	0	0	0	0	0	0	0	0	0	0	0	0	0	0	0	0	0	0	0	0	0	0	0	0	0	0	0	0	0	0	0	0	0	0	0	0	0	0	0	0	0	0	0	0	0	0	0	0	0	0	0	0	0	0	0	0	0	0	0	0	0	0	0	0	0	0	0	0	0	0	0	0	0	0	0	0	0	0	0	0	0	0	0	0	0	0	0	0	0	0	0	0	0	0	52	0	0	0	0	0	0	0	0	0	0	0	0	0	0	0	0	0	0	0	0	0	0	0	0	0	0	0	0	0	0	0	0	0	0	0	0	0	0	0	0	0	0	0	0	0	0	0	0	0	0	0	8	0	0	0	0	0	0	0	0	0	0	0	0	0	0	0	0	0	0	0	0	0	0	0	0	0	0	0	0	0	0	0	0	0	0	0	0	0	0	0	0	0	0	0	1	0	0	0	0	0	0	0	0	0	0	0	0	0	0	0	0	0	0	0	0	0	0	0	0	0	0	0	0	0	0	0	0	0	0	0	0	0	0	0	0	0	0	0	0	0	0	0	0	0	0	0	0	0	0	0	0	0	0	0	0	0	0	0	0	0	0	0	0	0	0	0	0	0	0	0	0	0	0	0	0	0	0	62	0	0	0	0	0	0	0	0	0	0	0	0	0	0	0	0	0	0	0	0	0	0	0	0	0	0	0	0	0	0	0	0	0	0	5	0	0	0	0	0	0	0	0	0	0	0	0	0	0	0	0	0	0	0	0	0	0	0	0	0	0	0	0	0	0	0	0	0	0	0	0	0	0	0	0	0	0	0	0	0	0	0	0	0	0	0	0	0	0	0	0	0	0	0	0	0	0	0	0	0	0	0	0	0	0	0	0	0	0	0	0	0	0	0	0	0	0	0	0	0	0	0	0	0	0	0	0	0	0	0	0	0	0	29	0	0	0	0	0	0	0	0	24	0	0	0	0	0	0	0	0	0	0	0	0	0	0	0	0	87	0	0	0	0	0	0	0	0	0	0	0	0	0	0	0	0	0	4	0	0	0	0	0	0	5	0	0	0	0	0	0	0	0	0	0	0	0	0	0	0	0	0	0	0	0	0	0	0	0	2	0	0	0	0	0	0	0	0	0	0	0	0	0	0	0	0	0	0	0	0	0	0	0	0	0	0	0	0	0	0	0	0	0	0	0	0	0	0	0	0	236	0	0	0	0	0	0	37	0	0	0	31	0	145	0	0	0	0	0	0	0	0	0	0	0	0	0	0	0	0	0	0	0	0	0	0	0	0	0	0	0	0	0	0	0	0	1	0	0	0	0	0	67	0	0	0	0	0	0	194	0	0	0	0	0	79	0	0	0	0	0	0	10	0	0	0	164	0	12	0	15	0	21	0	0	0	0	0	21	0	0	0	0	0	0	0	0	0	0	0	0	0	14	0	0	0	0	0	91	0	0	0	0	0	0	0	0	0	6	0	85	151	0	0	108	0	0	0	6	0	0	0	0	0	0	4	0	0	0	0	0	0	0	0	0	291	0	0	2	0	0	0	0	0	0	0	78	0	0	213	0	0	0	0	0	0	109	78	0	0	89	127	0	0	163	87	0	0	8	1	17	92	72	0	31	146	123	35	0	71	0	216	64	156	0	142	0	28	0	56	0	65	0	0	145	0	94	164	48	80	0	0	87	0	0	0	75	182	115	104	132	19	12	57	0	72	0	301	79	0	30	13	0	24	64	77	0	0	208	0	0	22	0	0	132	10	0	0	0	20	0	0	0	0	0	43	2	1	0	0	0	0	0	61	20	63	0	0	70	52	25	0	3	78	28	2	0	0	12	133	125	0	0	45	21	31	33	20	40	94	141	13	117	147	184	69	102	4	0	0	0	45	0	34	144	0	0	66	94	24	0	0	148	0	0	0	26	0	40	59	82	48	0	114	0	0	144	99	71	27	0	0	0	80	83	41	0	115	6	0	86	0	56	242	0	30	120	105	117	138	104	44	187	50	144	127	22	14	0	238	151	0	36	0	58
116	0	0	0	0	0	0	0	0	0	0	0	0	0	0	0	0	0	0	0	0	0	0	0	0	0	0	0	0	0	0	0	0	0	0	0	0	0	0	0	0	0	0	0	0	0	0	0	0	0	0	0	0	0	0	0	0	0	0	0	0	0	0	0	0	0	0	0	0	0	0	0	0	0	0	0	0	0	0	0	0	0	0	0	0	0	0	0	0	0	0	0	0	0	0	0	0	0	0	0	0	0	0	0	0	0	0	0	0	0	0	0	0	0	0	0	0	0	0	0	0	0	0	0	0	0	0	0	0	0	0	0	0	0	0	0	0	0	0	0	0	0	0	0	0	0	0	0	0	0	0	0	0	0	0	0	0	0	0	0	0	0	0	0	0	0	0	0	0	0	0	0	0	0	0	0	0	0	0	0	0	0	0	0	0	0	0	0	0	0	0	0	0	0	0	0	0	0	0	0	0	0	0	0	0	0	0	0	0	0	0	0	0	0	0	0	0	0	0	0	0	0	0	0	0	0	0	0	0	0	0	0	0	0	0	0	0	0	0	0	0	0	0	0	0	0	0	0	0	0	0	0	0	0	0	0	0	0	0	0	0	0	0	0	0	0	0	0	0	0	0	0	0	0	0	0	0	0	0	0	0	0	0	0	6	0	0	0	0	0	0	0	0	0	0	0	0	0	0	0	0	0	0	0	0	0	0	0	0	0	0	0	0	0	0	0	0	0	0	0	0	0	0	0	0	0	0	0	0	0	0	0	0	0	0	0	0	0	0	0	0	0	0	0	0	0	0	0	0	0	0	0	0	0	0	0	0	0	0	0	0	0	0	0	0	0	0	0	0	0	0	0	0	0	0	0	0	0	0	0	0	0	0	0	0	0	0	0	0	0	0	0	0	0	0	0	0	0	0	0	0	0	0	0	0	0	0	0	0	0	0	0	0	0	0	0	0	0	0	0	0	0	0	0	0	0	0	0	0	0	0	0	0	0	0	0	0	0	0	0	0	0	0	0	0	0	0	0	0	0	0	0	0	0	0	0	0	0	0	0	0	0	0	0	21	0	0	0	0	0	0	0	0	0	0	0	0	0	0	0	0	0	0	0	0	0	0	0	0	0	0	0	0	0	0	0	0	0	0	0	0	0	0	0	0	0	0	0	0	0	0	0	0	0	0	0	0	0	0	0	0	0	0	0	0	0	0	0	0	0	0	0	0	0	0	0	0	0	0	0	0	0	0	0	0	0	0	0	0	0	0	0	0	0	0	0	0	0	0	0	0	0	0	0	0	0	0	0	0	0	0	0	0	0	0	0	0	0	0	0	0	0	0	0	0	0	0	0	0	0	0	0	0	0	0	0	0	0	0	0	0	0	0	0	0	0	0	0	0	0	12	0	0	0	0	0	0	0	0	0	0	0	0	0	39	0	0	0	203	0	0	0	0	0	0	0	0	0	2	0	0	0	0	0	0	61	0	0	0	0	0	0	0	0	0	0	0	0	26	0	0	0	0	0	0	0	0	0	0	0	0	0	0	0	0	0	0	0	0	0	0	0	0	0	0	0	0	0	0	0	0	0	0	0	0	0	0	0	0	0	0	0	0	0	0	6	0	0	0	0	0	0	0	0	0	0	0	0	0	0	0	0	0	0	0	0	0	0	0	0	0	0	0	0	0	0	123	0	0	0	0	0	0	66	0	0	0	101	0	7	0	0	0	0	0	0	0	0	0	0	0	0	0	0	0	0	0	0	0	0	0	0	0	0	0	0	0	0	0	0	0	0	0	0	0	0	0	0	86	0	0	0	0	0	0	20	0	0	0	0	0	206	0	0	0	0	0	148	22	0	0	0	117	0	67	0	61	0	0	0	0	0	0	0	0	0	0	0	0	0	0	0	0	0	0	0	0	0	44	0	0	0	0	0	137	0	0	0	0	0	0	0	0	0	0	0	46	119	0	0	11	0	0	0	0	0	42	0	0	0	0	17	0	0	0	0	0	0	0	0	0	216	0	0	0	0	0	0	0	0	12	0	68	0	0	169	0	0	0	0	0	0	108	87	0	0	37	20	0	0	30	40	0	0	42	111	73	116	84	0	118	155	343	58	0	129	0	95	14	49	0	32	0	73	0	80	0	161	0	0	133	0	28	133	95	64	0	0	21	0	0	0	0	87	309	195	72	59	205	107	0	250	0	128	114	0	183	81	0	23	104	58	0	0	168	8	0	158	0	0	49	0	0	0	0	22	0	0	0	0	0	133	69	0	0	0	0	0	0	315	146	110	0	0	41	112	120	0	0	27	6	151	0	0	103	103	31	0	0	155	110	27	125	57	298	104	69	133	196	121	79	27	178	98	0	0	0	54	0	75	322	2	0	82	177	134	0	0	83	0	0	49	43	0	272	38	289	31	0	182	0	0	39	50	109	24	0	0	0	62	157	178	0	122	78	0	72	0	86	101	0	22	115	111	49	120	30	67	72	89	91	130	94	25	0	31	174	0	61	0	96
117	0	0	0	0	0	0	0	0	0	0	0	0	0	0	0	0	0	0	0	0	0	0	0	0	0	0	0	0	0	0	0	0	0	0	0	0	0	0	0	0	0	0	0	0	0	0	0	0	0	0	0	0	0	0	0	0	0	0	0	0	0	0	0	0	0	0	0	0	0	0	0	0	0	0	0	0	0	0	0	0	0	0	0	0	0	0	0	0	0	0	0	0	0	0	0	0	0	0	0	0	0	0	0	0	0	0	0	0	0	0	0	0	0	0	0	0	0	0	0	0	0	0	0	0	0	0	0	0	0	0	0	0	0	0	0	0	0	0	0	0	0	0	0	0	0	0	0	0	0	0	0	0	0	0	0	0	0	0	0	0	0	0	4	0	0	0	0	0	0	0	0	0	0	0	0	0	0	0	0	0	0	0	0	0	0	0	0	0	0	0	0	0	0	0	0	0	0	0	0	0	0	0	0	0	0	0	0	0	0	0	0	0	0	0	0	0	0	0	0	0	0	0	0	0	0	0	0	0	0	0	0	0	0	0	0	0	0	0	0	0	0	0	0	0	0	0	0	0	0	0	0	0	0	0	0	0	0	0	0	0	0	0	0	0	0	0	0	0	0	0	0	0	0	0	0	0	0	0	0	0	0	0	0	0	0	0	0	0	0	0	0	0	0	0	0	0	0	0	0	0	0	0	0	0	0	0	0	0	0	0	0	0	0	0	0	0	0	0	0	0	0	0	0	0	0	0	0	0	0	0	0	0	0	0	0	0	0	0	0	0	0	0	0	0	0	0	0	0	0	0	0	0	0	0	0	0	0	0	0	0	0	0	0	0	0	0	0	0	0	0	0	0	0	0	0	0	0	0	0	0	0	0	0	0	0	0	0	0	0	0	0	0	0	0	0	0	0	0	0	0	0	0	0	0	0	0	0	0	0	0	0	0	0	0	0	0	0	0	0	0	0	0	0	0	0	0	0	0	0	0	0	0	0	0	0	0	0	0	0	0	0	0	0	0	0	0	0	0	0	0	0	0	0	0	0	0	0	0	0	0	0	0	0	0	0	0	0	0	0	0	0	0	0	0	0	0	0	0	0	0	0	0	0	0	0	0	0	0	0	0	0	0	0	0	0	0	0	0	0	0	0	0	0	0	0	0	0	0	0	0	0	0	0	0	0	0	0	0	0	0	0	0	0	0	0	0	0	0	0	0	0	0	0	0	0	12	0	0	0	0	0	0	0	0	0	0	0	0	0	0	0	0	0	0	0	0	0	0	0	0	0	0	0	0	0	0	0	26	0	0	0	0	0	0	0	0	0	0	0	0	0	0	0	0	0	0	0	0	0	0	0	0	0	0	0	0	0	0	0	0	0	0	0	0	0	0	0	0	0	0	0	0	0	0	0	0	0	0	34	0	0	0	0	0	0	0	0	153	0	0	0	0	0	0	0	2	0	0	0	0	0	0	0	0	45	0	0	0	0	0	0	0	0	0	0	0	0	0	0	0	0	0	41	0	0	0	0	0	0	0	0	0	0	0	0	0	0	0	0	0	0	0	0	0	0	0	0	0	0	0	0	0	0	0	0	0	0	0	0	0	0	0	0	0	0	0	0	0	0	0	0	0	0	0	0	0	0	0	0	0	0	0	0	0	0	0	0	10	0	0	0	0	0	0	0	95	0	0	0	0	0	0	27	0	0	0	87	0	27	0	0	0	0	0	0	0	0	0	0	0	0	0	0	0	0	0	0	0	0	0	0	0	0	0	0	0	0	0	0	0	0	0	0	0	0	0	0	113	0	0	0	0	0	0	73	0	0	0	0	0	40	0	0	0	0	0	86	181	0	0	0	152	0	58	0	28	0	0	0	0	0	0	0	0	0	0	0	0	0	0	0	0	0	0	0	0	0	19	0	0	0	0	0	107	0	0	0	0	0	0	0	0	0	0	0	23	256	0	0	147	0	0	0	0	0	0	0	0	0	0	0	0	0	0	0	0	0	0	0	0	29	0	0	0	0	0	0	0	0	0	0	113	0	0	92	0	0	0	0	0	0	82	119	0	0	144	53	0	0	57	191	0	0	92	192	53	23	68	0	145	177	195	89	0	154	0	95	42	65	0	68	0	111	18	41	0	20	0	0	84	0	0	126	126	196	0	0	69	0	0	0	0	51	11	108	58	1	34	103	0	102	0	52	152	0	151	149	0	28	42	70	0	0	68	91	0	3	0	0	77	0	0	0	0	147	0	0	0	0	0	184	49	0	0	0	0	0	0	119	61	72	0	0	203	1	116	0	0	35	37	79	0	0	39	67	249	0	0	39	150	18	24	88	100	79	138	129	186	60	59	37	63	18	0	0	0	100	0	33	99	0	0	120	76	57	0	0	67	0	0	52	114	0	23	122	113	24	0	66	48	0	99	5	48	120	7	0	0	47	86	151	0	48	10	0	22	0	7	42	0	180	32	72	38	54	99	34	196	63	26	136	102	140	0	137	96	0	61	0	43
118	0	0	113	0	0	0	0	0	0	0	0	0	0	0	0	0	0	0	0	0	0	0	0	0	0	0	0	0	0	0	0	0	0	0	0	0	0	0	0	0	0	0	0	0	0	0	0	0	0	0	0	0	0	0	0	0	0	0	0	0	0	0	0	0	0	0	0	0	0	0	0	0	0	0	0	0	0	0	0	0	0	0	0	0	0	0	0	0	0	0	0	0	0	0	0	0	0	0	0	0	0	0	0	0	0	0	0	0	0	0	0	0	0	0	0	0	0	0	0	0	0	0	0	0	0	0	0	0	0	0	0	0	0	0	0	0	0	0	0	0	0	0	0	0	0	0	0	0	0	0	0	0	0	3	0	0	0	0	0	0	0	0	0	0	0	0	0	0	0	0	0	0	0	0	0	0	0	0	0	0	0	0	0	0	0	0	0	0	0	0	0	0	0	0	0	0	0	0	0	0	0	0	0	0	0	0	0	0	0	0	0	0	0	0	0	0	0	0	0	0	0	0	0	0	0	0	0	0	0	0	0	0	0	0	0	0	0	0	0	0	0	0	0	0	0	0	0	0	0	0	0	0	0	0	0	0	0	0	0	0	0	0	0	0	0	0	0	0	0	0	0	0	0	0	0	0	0	0	0	0	0	0	0	0	0	0	0	0	0	0	0	0	0	0	0	0	0	0	0	0	0	0	0	0	0	0	0	0	0	0	0	0	0	0	0	0	0	0	0	0	0	0	0	0	0	0	0	0	0	0	0	0	0	0	0	0	0	0	0	0	0	0	0	0	0	0	0	0	0	1	0	0	0	0	0	0	0	0	0	0	0	0	0	0	0	0	0	0	0	0	0	0	0	0	0	0	0	0	0	0	0	0	0	0	0	0	0	5	0	0	0	0	0	0	0	0	0	0	0	0	0	0	0	0	0	0	0	0	0	0	0	0	0	0	0	0	0	0	0	0	0	0	0	0	0	0	0	0	0	0	0	0	0	0	0	0	0	0	0	0	0	0	0	0	0	0	0	0	0	0	0	0	0	0	0	0	0	0	0	0	0	0	0	0	0	0	0	0	0	0	0	0	0	0	0	0	0	0	0	0	0	0	0	0	0	0	0	0	0	0	0	0	0	0	0	0	0	0	0	0	40	0	0	0	0	0	0	0	0	0	0	0	0	0	0	0	0	0	0	0	0	0	0	0	0	0	0	0	0	0	0	0	0	0	0	0	0	0	0	0	0	0	0	0	0	0	0	0	0	0	0	0	0	0	0	0	0	0	0	0	0	0	0	0	0	0	0	0	0	0	0	0	0	0	0	0	0	0	0	0	0	0	0	0	0	0	0	0	0	0	0	0	0	0	0	0	0	0	0	0	0	0	0	0	0	0	0	0	0	0	0	0	0	0	0	0	0	0	64	0	0	0	0	0	0	0	0	59	0	0	0	0	0	0	0	0	0	0	0	0	0	0	0	0	72	0	0	0	0	0	0	0	0	0	0	0	0	0	0	0	0	0	0	0	0	0	0	0	0	0	0	0	0	0	0	0	0	0	0	0	0	0	0	0	0	0	0	0	0	0	0	0	0	0	0	0	0	26	0	0	0	0	0	0	0	0	0	0	0	0	0	0	0	0	0	0	0	0	0	0	0	3	0	0	0	0	0	0	0	0	0	0	0	0	0	106	0	0	0	0	0	0	158	0	0	0	14	4	72	0	0	0	0	0	0	0	0	0	0	0	0	0	0	0	0	0	0	0	0	0	0	0	0	0	0	0	0	0	0	0	0	0	0	0	0	0	0	289	0	0	0	0	0	0	19	0	0	0	36	0	58	0	0	0	0	0	59	54	0	0	0	177	0	65	0	95	0	15	0	0	0	0	0	70	31	0	0	0	0	0	0	0	0	0	0	0	0	19	0	0	0	0	0	145	0	0	0	0	0	0	0	0	0	0	0	41	98	0	0	3	0	0	0	0	0	0	0	0	0	0	0	0	0	0	0	0	0	0	0	0	143	0	0	0	0	0	0	0	0	0	0	55	0	0	327	0	0	0	0	0	0	42	51	0	0	72	86	0	0	169	188	0	0	78	48	79	9	17	0	42	153	10	142	0	3	0	64	123	67	0	50	0	52	0	30	0	164	0	0	79	0	6	55	38	277	0	0	101	0	0	0	0	81	247	71	128	176	57	47	0	289	0	106	10	0	145	102	0	37	62	91	0	0	144	3	0	312	0	0	69	0	0	0	0	245	0	0	0	0	0	47	51	0	0	0	0	0	0	186	78	80	0	0	30	120	45	0	0	89	39	70	0	0	280	47	370	0	0	71	6	136	15	95	191	99	126	111	121	111	380	207	26	86	0	0	0	19	0	65	24	0	0	147	46	286	0	0	119	0	0	8	25	0	58	43	58	232	0	89	0	0	108	128	40	144	0	0	0	155	26	68	0	131	7	0	32	0	42	66	0	83	81	164	54	56	110	122	62	61	99	96	258	50	0	103	41	0	77	0	16
119	0	0	0	0	0	0	0	0	0	0	0	0	0	0	0	0	0	0	0	0	0	0	0	0	0	0	0	0	0	0	0	0	0	0	0	0	0	0	0	0	0	0	0	0	0	0	0	0	0	0	0	0	0	0	0	0	0	0	0	0	0	0	0	0	0	0	0	0	0	0	0	0	0	0	0	0	0	0	0	0	0	0	0	0	0	0	0	0	0	0	0	0	0	0	0	0	0	0	0	0	0	0	0	0	0	0	0	0	0	0	0	0	0	0	0	0	0	0	0	0	0	0	0	0	0	0	0	0	0	0	0	0	0	0	0	0	0	0	0	0	0	0	0	0	0	0	0	0	0	0	0	0	0	0	0	0	0	0	0	0	0	0	0	0	0	0	0	0	0	0	0	0	0	0	0	0	0	0	0	0	0	0	0	0	0	0	0	0	0	0	0	9	0	0	0	0	0	0	0	0	0	0	0	0	0	0	0	0	0	0	0	0	0	0	0	0	0	0	0	0	0	0	0	0	0	0	0	0	0	0	0	0	0	0	0	0	0	0	0	0	0	0	0	0	0	0	0	0	0	0	0	0	0	0	0	0	0	0	0	0	0	0	0	0	0	0	0	0	0	0	0	0	0	0	0	0	0	0	0	0	0	0	0	0	0	0	0	0	0	0	0	0	0	0	0	0	0	0	0	0	0	0	0	0	0	0	0	0	0	0	0	0	0	0	0	0	0	0	0	0	0	0	0	0	0	0	0	0	0	0	0	0	0	0	0	0	0	0	0	0	0	0	0	0	0	0	0	0	0	0	0	0	0	0	0	0	0	0	0	0	0	0	0	0	0	0	0	0	0	0	0	0	0	0	0	0	0	0	0	0	0	0	0	0	0	0	0	0	0	0	0	0	0	0	0	0	0	0	0	0	0	0	0	0	0	0	0	0	0	0	0	0	0	0	0	0	0	0	0	0	0	0	0	0	0	0	0	0	0	0	0	0	0	0	0	0	0	0	0	0	0	0	0	0	0	0	0	0	0	0	0	0	0	0	0	0	0	0	0	0	0	0	0	0	0	0	0	0	0	0	0	0	0	0	0	0	0	0	0	0	0	0	0	0	0	0	0	0	0	0	0	0	0	0	0	0	0	0	0	0	54	0	0	0	0	0	0	0	0	0	0	0	0	0	0	0	0	0	0	0	0	0	0	0	0	0	0	0	0	0	0	0	0	0	0	0	0	0	0	0	0	0	0	0	0	0	0	0	0	0	0	0	0	0	0	0	0	0	0	0	0	0	0	0	0	0	0	0	0	0	0	0	0	0	0	0	0	0	0	0	0	0	0	0	0	0	0	0	0	0	0	0	0	0	0	0	0	0	0	0	0	0	1	0	0	0	0	0	0	0	0	0	0	0	0	0	0	0	14	0	0	0	0	0	0	0	0	80	0	0	0	0	0	0	0	0	0	0	0	0	0	0	32	0	20	0	0	0	0	0	0	0	0	0	0	0	0	0	0	0	0	0	6	0	0	0	5	0	0	0	0	0	0	0	0	0	0	0	0	0	0	0	0	0	0	0	0	0	0	0	0	0	0	0	0	0	0	3	0	0	0	0	0	0	7	0	0	0	0	0	0	0	0	0	0	0	0	0	0	0	0	0	0	0	0	0	0	0	0	0	0	0	0	0	0	20	0	0	0	0	0	0	28	0	0	0	121	0	182	0	0	0	0	0	0	0	0	0	0	0	0	0	0	0	0	0	0	0	0	0	0	0	0	0	6	0	0	0	0	0	0	0	0	0	0	0	0	141	0	0	0	0	0	0	71	0	0	0	0	0	213	0	0	0	0	0	86	7	0	0	0	58	0	130	0	64	0	0	0	0	0	0	0	0	0	0	0	0	0	0	0	0	0	0	0	0	0	24	0	0	0	0	0	6	0	0	0	0	0	0	0	0	0	0	0	164	36	0	0	25	0	0	0	0	0	0	0	24	0	0	10	0	0	0	0	0	0	0	0	0	1	0	0	0	0	0	0	0	0	0	0	51	0	0	74	0	0	0	0	0	0	55	98	0	0	123	169	0	0	84	26	0	0	124	25	134	13	145	0	133	202	140	52	0	24	0	25	40	30	0	53	0	156	0	32	0	265	0	0	39	0	77	126	214	223	0	0	145	0	0	0	0	82	0	191	119	211	215	253	0	156	0	197	70	0	231	60	0	81	57	99	92	0	27	191	0	0	0	0	34	0	0	0	0	162	0	0	0	0	0	200	157	0	0	0	0	0	0	76	121	24	0	0	180	44	59	0	0	18	91	124	0	0	188	44	124	0	0	74	66	256	135	192	169	119	60	64	17	66	66	74	121	31	0	0	0	104	0	51	70	0	0	16	17	111	0	0	30	0	0	20	162	0	106	269	100	183	0	58	0	0	32	72	15	65	0	0	0	76	217	186	0	345	0	0	42	0	112	125	0	67	139	50	134	59	4	208	23	49	267	16	209	124	0	130	150	0	1	0	73
120	0	0	0	0	0	0	0	0	0	0	0	0	0	0	0	0	0	0	0	0	0	0	0	0	0	0	0	0	0	0	0	0	0	0	0	0	0	0	0	0	0	0	0	0	0	0	0	0	0	0	0	0	0	0	0	0	0	0	0	0	0	0	0	0	0	0	0	0	0	0	0	0	0	0	0	0	0	0	0	0	0	0	0	0	0	0	0	0	0	0	0	0	0	0	0	0	0	0	0	0	0	0	0	0	0	0	0	0	0	0	0	0	1	0	0	0	0	0	0	0	0	0	0	0	0	0	0	0	0	0	0	0	0	0	0	0	0	0	0	0	0	0	0	0	0	0	0	0	0	0	0	0	0	0	0	0	0	0	0	0	0	0	0	0	0	0	0	0	0	0	0	0	0	0	0	0	0	0	0	0	0	0	0	0	0	0	0	0	0	0	0	0	0	0	0	0	0	0	0	0	0	0	0	0	0	0	0	0	0	0	0	0	0	0	0	0	0	0	0	0	0	0	0	0	0	0	0	0	0	0	0	0	0	0	0	0	0	0	0	0	0	0	0	0	0	0	0	0	0	0	0	0	0	0	0	0	0	0	0	0	0	0	0	0	0	0	0	0	0	0	0	0	0	0	0	0	0	0	0	0	0	0	0	0	0	0	0	0	0	0	0	0	0	0	0	0	0	0	0	0	0	0	0	0	0	0	0	0	0	6	0	0	0	0	0	0	0	0	0	0	0	0	0	0	0	0	0	0	0	0	0	0	0	0	0	0	0	0	0	0	0	0	0	0	0	0	0	0	0	0	0	0	0	0	0	0	0	0	0	0	0	0	0	0	0	0	0	0	0	0	0	0	0	0	0	0	0	0	0	0	0	0	0	0	0	0	0	0	0	0	0	0	0	0	0	0	0	0	0	0	0	0	0	0	0	0	0	0	0	0	0	0	0	0	0	0	0	0	0	0	0	0	0	0	0	0	0	0	0	0	0	0	0	0	0	0	26	0	0	0	0	0	0	0	0	0	0	0	0	0	0	0	0	0	0	0	0	0	0	0	0	0	0	0	0	0	0	0	0	0	0	0	0	0	0	0	0	0	0	0	0	0	0	0	10	0	0	0	0	0	0	0	0	0	0	0	0	0	0	0	0	0	0	0	0	0	0	0	0	0	0	0	0	0	0	0	0	0	0	0	0	0	0	0	0	0	0	0	0	0	0	0	0	0	0	0	0	0	0	0	0	0	4	0	0	0	0	0	0	0	0	0	0	0	0	0	0	0	0	0	0	0	0	0	0	0	0	0	0	0	0	0	0	0	0	0	0	0	0	0	0	0	0	0	0	0	0	0	0	0	0	0	0	0	0	0	0	0	0	0	0	0	0	0	0	0	0	0	0	0	0	0	0	0	0	0	0	0	76	0	0	0	0	0	0	0	0	29	0	0	0	0	0	0	0	0	0	0	0	0	0	0	3	0	5	0	0	0	0	0	0	0	0	0	0	0	0	0	0	0	0	0	10	0	0	0	0	0	0	0	0	0	0	0	13	0	0	0	0	0	0	0	0	0	0	0	0	0	0	0	0	0	0	0	0	0	0	11	0	0	0	0	0	0	0	0	0	0	0	0	0	0	0	0	0	0	2	0	0	0	0	0	0	0	0	0	0	0	0	0	0	0	0	0	0	102	0	0	0	0	0	0	338	0	0	0	189	0	7	0	0	0	0	0	0	0	0	0	0	0	0	0	0	0	0	0	0	0	0	0	0	0	0	0	0	0	0	0	0	0	0	0	0	0	0	0	0	22	0	0	0	0	0	0	84	0	0	0	0	0	120	0	0	0	0	0	55	71	0	0	0	99	0	69	0	12	0	11	0	0	0	0	0	0	0	0	0	0	0	0	0	0	0	0	0	0	0	185	0	0	0	0	0	65	0	0	0	0	0	0	0	0	0	0	0	146	41	0	0	95	0	0	0	0	0	0	0	0	0	0	0	0	0	0	0	0	0	0	0	0	36	0	0	0	0	0	0	0	0	0	0	399	0	0	142	0	0	0	0	0	0	169	89	0	0	61	40	0	0	104	19	0	0	304	63	109	0	154	0	118	72	82	73	0	62	0	26	77	89	0	84	0	121	0	78	0	67	0	0	292	0	144	29	47	10	0	0	132	0	0	0	0	33	245	96	99	33	167	54	0	22	0	176	18	0	31	78	0	186	63	151	0	0	54	56	0	41	0	0	62	0	0	0	0	111	0	0	0	0	0	41	159	0	0	0	0	0	0	140	41	103	0	0	122	38	145	2	0	144	104	37	0	0	31	46	34	0	0	110	41	49	102	93	36	90	34	61	34	125	76	9	44	106	0	0	0	181	0	57	131	0	0	131	169	47	0	0	64	0	0	134	77	0	74	75	76	84	0	170	0	0	75	118	53	62	0	0	0	75	82	16	0	295	134	0	77	0	289	135	0	40	59	246	62	100	145	162	156	9	70	82	112	61	0	50	57	0	149	0	48
121	0	0	0	0	0	0	0	0	0	0	0	0	0	0	0	0	0	0	0	0	0	0	0	0	0	0	0	0	0	0	0	0	0	0	0	0	0	0	0	0	0	0	0	0	0	0	0	0	0	0	0	0	0	0	0	0	0	0	0	0	0	0	0	0	0	0	0	0	0	0	0	0	0	0	0	0	0	0	0	0	0	0	0	0	0	0	0	0	0	0	0	0	0	0	0	0	0	0	0	0	0	0	0	0	0	0	0	0	0	0	0	0	0	0	0	0	0	0	0	0	0	0	0	0	0	0	0	0	0	0	0	0	0	0	0	0	0	0	0	0	0	0	0	0	0	0	0	0	0	0	0	0	0	0	0	0	0	0	0	0	0	0	0	0	0	0	0	0	0	0	0	0	0	0	0	0	0	0	0	0	0	0	0	0	0	0	0	0	0	0	0	0	0	0	0	0	0	0	0	0	0	0	0	0	0	0	0	0	0	0	0	0	0	0	0	0	0	0	0	0	0	0	0	0	0	0	0	0	0	0	0	0	0	0	0	0	0	0	0	0	0	0	0	0	0	0	0	0	0	0	0	0	0	0	0	0	0	0	0	0	0	0	0	0	0	0	0	0	0	0	0	0	0	0	0	0	0	0	0	0	0	0	0	0	0	0	0	0	0	0	0	0	0	0	1	0	0	0	0	1	0	0	0	0	0	0	0	0	0	0	0	0	0	0	0	0	0	0	0	0	0	0	0	0	0	0	0	0	0	0	0	0	0	0	0	0	0	0	0	0	0	0	0	0	0	0	0	0	0	0	0	0	0	0	0	0	0	0	0	0	0	0	0	0	0	0	0	0	0	0	0	0	0	0	0	0	0	0	0	0	0	0	0	0	0	0	0	1	0	0	0	0	0	0	0	0	0	0	0	0	0	0	0	0	0	0	0	0	0	0	0	0	0	0	0	0	0	0	0	0	0	0	0	0	0	0	0	0	0	0	0	0	0	0	0	0	0	0	0	0	0	0	0	1	0	0	0	0	0	0	0	0	0	0	0	0	0	0	0	0	0	0	0	0	0	9	0	0	0	0	0	0	0	0	0	0	0	0	0	0	0	0	0	0	0	0	0	0	0	0	0	0	0	0	0	0	0	0	0	0	0	0	0	0	0	0	0	0	0	0	0	0	8	0	0	0	0	0	0	0	0	0	0	0	0	0	0	0	0	0	0	0	0	0	0	0	0	0	0	0	0	0	0	0	0	0	0	0	0	0	8	0	0	0	0	0	0	0	0	0	0	0	0	0	0	0	0	0	0	0	0	0	0	0	0	0	0	0	0	0	0	0	0	0	0	0	0	0	0	0	0	0	0	0	0	0	0	0	0	0	0	0	0	0	0	2	0	0	2	0	0	0	0	0	0	0	0	0	38	0	0	0	0	0	0	0	0	92	0	0	0	0	0	0	0	0	0	0	0	0	0	0	0	0	146	0	0	0	0	0	0	0	0	0	0	0	0	0	0	0	0	0	62	0	0	0	0	0	0	35	0	7	0	0	0	0	0	0	0	0	0	0	0	0	0	0	0	0	0	0	0	0	0	0	0	0	0	4	0	0	0	0	0	0	0	0	0	0	0	0	0	0	0	0	0	0	0	0	0	1	0	0	1	0	0	0	0	0	0	0	0	0	0	0	0	129	0	0	0	0	0	0	33	0	0	0	120	0	37	0	0	0	0	0	0	0	0	0	0	0	0	0	0	0	0	0	0	0	0	0	0	0	0	0	0	0	0	0	0	0	0	0	0	0	0	0	0	106	0	0	0	0	0	0	26	0	0	0	0	0	165	0	0	0	0	25	206	61	0	0	0	52	0	188	0	86	0	28	0	0	0	0	0	0	0	0	0	0	0	0	0	0	0	0	0	0	0	295	0	0	0	0	0	258	0	0	0	0	0	0	0	0	0	0	0	70	30	0	0	143	0	0	0	0	0	16	0	0	0	0	0	0	0	0	0	0	0	0	0	0	76	0	0	0	0	0	0	0	0	0	0	192	0	0	113	0	0	0	0	0	0	142	56	0	0	247	52	0	0	44	224	0	0	244	9	13	22	29	0	8	24	74	92	0	221	0	50	111	70	0	12	0	21	0	149	0	61	0	0	43	0	0	134	106	34	0	0	108	0	0	0	0	95	28	72	38	140	98	67	0	52	0	48	46	0	131	11	45	46	235	114	0	0	144	126	0	37	0	0	87	0	0	0	0	7	0	0	0	0	0	193	32	0	0	0	0	0	0	65	40	53	0	0	30	16	137	0	0	29	243	177	0	0	71	137	196	0	0	141	124	48	91	132	75	114	61	81	72	111	184	46	13	0	0	0	0	79	0	38	25	0	0	189	141	54	0	0	133	0	0	30	77	0	50	119	43	24	0	132	0	0	49	58	64	113	0	0	0	110	41	155	0	54	8	0	25	0	27	186	0	90	181	204	97	67	36	41	94	117	93	297	122	92	0	67	168	0	106	0	149
122	0	0	0	0	0	0	0	0	0	0	0	0	0	0	0	0	0	0	0	0	0	0	0	0	0	0	0	0	0	0	0	0	0	0	0	0	0	0	0	0	0	0	0	0	0	0	0	0	0	0	0	0	0	0	0	0	0	0	0	0	0	0	0	0	0	0	0	0	0	0	0	0	0	0	0	0	0	0	0	0	0	0	0	0	0	0	0	0	0	0	0	0	0	0	0	0	0	0	0	0	0	0	0	0	0	0	0	0	0	0	0	0	0	0	0	0	0	0	0	0	0	0	0	0	0	0	0	0	0	0	0	0	0	0	0	0	0	0	0	0	0	0	0	0	0	0	0	0	0	0	0	0	0	0	0	0	0	0	0	0	0	0	0	0	0	0	0	0	0	0	0	0	0	0	0	0	0	0	0	0	0	0	0	0	0	0	0	0	0	0	0	0	0	0	0	0	0	0	0	0	0	0	0	0	0	0	0	0	0	0	0	0	0	0	0	0	0	0	0	0	0	0	0	0	0	0	0	0	0	0	0	0	0	0	0	0	0	0	0	0	0	0	0	0	0	0	0	0	0	0	0	0	0	0	0	0	0	0	0	0	0	0	0	0	0	0	0	0	0	0	0	0	0	0	0	0	0	0	0	0	0	0	0	0	0	0	0	0	0	0	0	0	0	0	0	0	0	0	0	0	0	0	0	0	0	0	0	0	0	0	0	0	0	0	0	0	0	0	0	0	0	0	0	0	0	0	0	0	0	0	0	0	0	0	0	0	0	0	0	0	0	0	0	0	0	0	0	0	0	0	0	0	0	0	0	0	0	0	0	0	0	0	0	0	0	0	0	0	0	0	0	0	0	0	0	0	0	0	0	0	0	0	0	0	0	0	0	0	0	0	0	0	0	0	0	0	0	0	0	0	0	0	0	1	0	0	0	0	0	0	0	0	0	0	0	0	0	0	0	0	0	0	0	0	0	0	0	0	0	0	0	0	0	0	0	0	0	0	0	0	0	0	0	0	0	0	0	0	0	0	0	0	0	0	0	0	0	0	0	0	0	0	0	0	0	0	0	0	0	0	0	0	0	0	0	0	0	0	0	0	0	0	0	0	0	0	0	0	0	0	0	0	0	0	0	0	0	0	0	0	93	1	0	0	0	0	0	0	0	0	0	0	0	0	0	0	0	0	0	0	0	0	0	0	0	0	0	0	0	0	0	0	0	0	0	0	0	0	0	0	0	0	0	0	0	0	0	0	0	0	0	0	0	0	0	0	0	0	0	0	0	0	0	0	0	0	0	0	0	0	0	0	0	0	0	0	0	0	0	0	0	0	0	0	0	0	0	0	0	0	0	0	0	0	0	0	0	0	0	0	0	0	0	0	0	0	0	0	0	0	0	0	0	0	0	0	0	0	5	0	0	0	0	0	0	0	0	146	0	0	0	0	0	0	0	0	0	0	0	0	0	0	0	0	232	0	0	0	0	0	0	0	0	0	0	0	0	0	0	0	0	0	2	0	0	0	0	0	0	5	0	0	0	0	14	0	0	0	0	0	0	0	0	0	0	0	0	0	0	0	0	0	5	0	0	0	0	10	0	0	0	0	0	0	0	0	0	0	0	0	0	0	0	0	0	0	0	0	0	0	42	0	0	0	0	0	0	0	0	0	0	0	0	0	0	307	0	0	0	0	0	0	88	0	0	0	69	0	35	0	0	0	0	0	0	0	0	0	0	0	0	0	0	0	0	0	0	0	0	6	0	0	0	0	18	0	0	0	0	0	0	0	0	0	0	0	0	104	0	0	0	0	0	0	46	0	0	0	0	0	46	0	0	0	0	0	53	30	0	0	0	82	0	17	0	17	61	3	0	0	0	0	0	0	6	0	0	0	0	0	0	0	0	0	0	0	0	230	0	0	0	0	0	172	0	0	0	0	0	0	0	0	0	0	0	90	84	0	0	0	0	0	0	0	0	46	0	0	0	1	0	0	0	0	0	0	0	0	0	0	101	0	0	0	0	0	0	0	0	0	0	80	0	0	86	0	0	0	0	0	0	24	83	0	0	79	32	0	0	135	89	0	0	250	25	26	26	19	0	230	73	92	76	0	217	0	155	94	43	0	105	0	59	0	60	0	128	0	0	150	0	0	4	115	49	0	0	60	0	0	0	0	204	97	293	27	48	301	130	0	159	0	50	119	0	134	19	0	61	137	56	0	0	52	64	0	0	0	0	55	0	0	0	0	34	0	0	0	0	0	206	118	0	0	0	0	0	0	6	21	138	0	0	237	131	59	0	0	12	37	90	27	0	22	149	67	0	0	47	26	137	42	81	54	87	73	100	180	62	165	52	46	217	0	0	0	57	0	98	53	0	0	154	169	86	0	0	75	0	0	41	76	0	97	112	39	322	0	151	0	0	87	116	113	92	0	0	0	190	69	66	0	74	34	0	274	0	51	88	0	83	30	92	28	45	121	55	94	54	121	84	44	59	0	22	93	0	31	0	259
123	0	0	0	0	0	0	0	0	0	0	0	0	0	0	0	0	0	0	0	0	0	0	0	0	0	0	0	0	0	0	0	0	0	0	0	0	0	0	0	0	0	0	0	0	0	0	0	0	0	0	0	0	0	0	0	0	0	0	0	0	0	0	0	0	0	0	0	0	0	0	0	0	0	0	0	0	0	0	0	0	0	0	0	0	0	0	0	0	0	0	0	0	0	0	0	0	0	0	0	0	0	0	0	0	0	0	0	0	0	0	0	0	0	0	0	0	0	0	0	0	0	0	0	0	0	0	0	0	0	0	0	0	0	0	0	0	0	0	0	0	0	0	0	0	0	0	0	0	0	0	0	0	0	0	0	0	0	0	0	0	0	0	0	0	0	0	0	0	0	0	0	0	0	0	0	0	0	0	0	0	0	0	0	0	0	0	0	0	0	0	0	0	0	0	0	0	0	0	0	0	0	0	0	0	0	0	0	0	0	0	0	0	0	0	0	0	0	1	0	0	0	0	0	0	0	0	0	0	0	0	0	0	0	0	0	0	0	0	0	0	0	0	0	0	0	0	0	0	0	0	0	0	0	0	0	0	0	0	0	0	0	0	0	0	0	0	0	0	0	0	0	0	0	0	0	0	0	0	1	0	0	0	0	0	0	0	0	0	0	0	0	0	0	0	0	0	0	0	0	0	0	0	0	0	0	0	0	0	0	0	0	0	0	0	0	0	0	0	0	0	0	0	0	0	0	0	0	0	0	0	0	0	0	0	0	0	0	0	0	0	0	0	0	0	0	0	0	0	0	0	0	0	0	0	0	0	0	0	0	0	0	0	0	0	0	0	0	0	0	0	0	0	0	0	0	0	0	0	0	0	0	0	0	0	0	0	4	0	0	0	0	0	0	0	0	0	0	0	0	0	0	0	0	0	0	0	0	0	0	0	0	0	0	0	0	0	0	0	0	0	0	0	0	0	0	0	0	0	0	0	0	0	0	0	0	0	0	0	0	0	0	0	0	0	0	0	0	0	0	0	0	0	0	0	0	0	37	0	0	0	0	0	0	0	0	0	0	0	0	0	0	0	0	0	0	0	0	0	0	0	0	0	0	0	0	0	0	0	0	0	0	0	0	0	0	0	0	0	0	0	10	0	0	0	0	0	0	0	0	0	0	0	0	0	0	0	0	0	0	0	0	0	0	0	0	0	0	0	0	0	0	0	0	0	0	0	0	0	0	0	0	0	0	0	0	0	0	0	0	0	0	0	0	0	0	0	0	0	0	0	0	0	0	0	0	0	0	0	0	0	0	0	0	0	0	0	0	0	0	0	0	0	0	0	0	0	0	0	0	0	0	0	0	0	0	0	0	0	0	0	0	0	0	0	0	0	0	0	0	0	0	0	0	0	0	0	0	0	106	0	0	0	0	0	0	0	0	76	0	0	0	0	0	0	0	0	0	0	0	0	0	0	0	0	79	0	0	0	0	0	0	0	0	0	0	0	0	0	0	0	0	0	4	0	0	0	0	0	0	0	0	0	0	0	6	0	0	0	0	0	0	0	0	0	0	0	0	0	0	0	0	0	0	0	0	0	0	2	0	0	0	0	0	0	0	0	0	0	0	0	0	1	0	0	0	0	0	0	0	0	0	0	0	0	0	0	0	0	0	0	0	0	0	0	0	343	0	0	0	0	0	0	2	0	0	0	121	0	156	0	0	0	0	0	0	0	0	0	0	0	0	0	0	0	0	0	0	0	0	0	0	0	0	0	0	0	0	0	0	0	0	0	0	0	0	0	0	217	0	0	0	0	0	0	123	0	0	0	0	0	48	0	0	0	0	0	216	23	0	0	0	123	0	113	0	4	0	45	0	0	0	0	0	0	0	0	0	0	0	0	0	0	0	0	0	0	0	77	0	0	0	0	0	177	0	0	0	0	17	0	0	0	0	0	0	60	56	0	0	105	0	0	0	0	0	0	0	0	0	0	0	0	0	0	0	0	0	0	0	0	2	0	0	0	0	0	0	0	0	0	0	378	0	0	327	0	0	0	0	0	0	7	66	0	0	96	128	0	1	120	24	0	0	34	58	112	94	44	0	128	228	32	119	0	93	0	130	85	35	0	86	0	51	0	90	0	65	0	0	94	0	41	12	185	48	0	0	100	0	0	0	8	26	117	37	8	81	58	275	0	145	0	105	0	0	153	50	0	95	101	245	0	0	217	5	0	171	0	0	93	0	0	0	0	175	0	0	0	0	0	2	59	0	0	0	0	0	0	151	187	24	0	0	41	63	134	1	0	101	115	146	0	0	23	38	21	0	0	113	0	133	57	38	94	70	83	5	19	115	175	58	154	203	0	0	0	68	0	171	49	0	0	38	107	7	0	0	92	0	0	2	44	0	114	168	124	163	0	132	0	0	254	40	94	169	0	0	0	242	50	164	0	161	28	0	34	0	30	45	0	95	143	117	64	118	83	99	26	63	140	85	93	59	0	45	263	0	104	0	78
124	0	0	0	0	0	0	0	0	0	0	0	0	0	0	0	0	0	0	0	0	0	0	0	0	0	0	0	0	0	0	0	0	0	0	0	0	0	0	0	0	0	0	0	0	0	0	0	0	0	0	0	0	0	0	0	0	0	0	0	0	0	0	0	0	0	0	0	0	0	0	0	0	0	0	0	0	0	0	0	0	0	0	0	0	0	0	0	0	0	0	0	0	0	0	0	0	0	0	0	0	0	0	0	0	0	0	0	0	0	0	0	0	0	0	0	0	10	0	0	0	0	0	0	0	0	0	0	0	0	0	0	0	0	0	0	0	0	0	0	0	0	0	0	0	0	0	0	0	0	0	0	0	0	0	0	0	0	0	0	0	0	0	0	0	0	0	0	0	0	0	0	0	0	0	0	0	0	0	0	0	0	0	0	0	0	0	0	0	0	0	0	0	0	0	0	0	0	0	0	0	0	0	0	0	0	0	0	0	0	0	0	0	0	0	0	0	0	0	0	0	0	0	0	0	0	0	0	0	0	0	0	0	0	0	0	0	0	0	0	0	0	0	0	0	0	0	0	0	0	0	0	0	0	0	0	0	0	0	0	0	0	0	0	0	0	0	0	0	0	0	0	0	0	0	0	0	0	0	0	0	0	0	0	0	0	0	0	0	0	0	0	0	0	0	0	0	0	0	0	0	0	0	0	0	0	0	0	0	0	0	0	0	0	0	0	0	0	0	0	0	0	0	0	0	0	0	0	0	0	0	0	0	0	0	0	0	0	0	0	0	0	0	0	0	0	0	0	0	0	0	0	0	0	0	0	0	0	0	0	0	0	0	0	0	0	0	0	0	0	0	0	0	0	0	0	0	0	0	0	0	0	0	0	0	0	0	0	0	0	0	0	0	0	0	0	0	0	0	0	0	0	0	0	0	0	0	0	0	0	0	2	0	0	0	19	0	0	0	0	0	0	0	0	0	0	0	0	0	0	0	0	0	0	0	0	0	0	0	0	0	0	0	0	0	0	0	0	0	0	0	0	0	0	0	0	0	0	0	0	0	1	0	0	0	0	0	0	0	0	0	0	0	0	0	0	0	0	0	0	0	0	0	0	0	0	0	0	0	0	0	0	0	0	0	0	0	0	0	0	0	0	0	0	0	0	0	0	0	0	0	0	0	0	0	0	0	0	6	0	0	0	0	0	0	0	0	0	0	0	0	0	0	0	0	0	0	6	0	0	0	0	0	0	0	0	0	0	0	0	0	0	0	0	0	0	4	0	0	0	0	0	0	0	0	0	0	0	0	0	0	0	0	0	0	0	0	0	0	0	0	0	0	0	0	0	0	0	0	0	0	0	0	0	0	0	0	0	0	0	0	0	0	0	0	0	0	0	0	0	0	0	0	0	0	0	0	0	0	0	0	0	0	0	0	0	0	0	38	0	0	0	0	0	0	0	0	0	0	0	0	60	0	0	0	81	0	0	0	0	0	0	0	0	0	0	0	0	0	0	0	0	0	123	0	0	0	0	0	0	0	0	0	0	0	0	0	0	0	0	0	0	0	22	0	0	0	0	0	0	0	0	0	0	0	0	0	0	1	0	0	0	0	0	0	0	0	0	0	0	0	0	0	0	0	0	0	0	0	0	0	19	0	0	0	0	0	0	0	0	0	0	0	0	0	0	85	0	0	0	0	0	0	29	0	0	0	64	0	56	0	0	0	1	0	0	0	0	0	0	0	0	0	0	0	0	0	0	0	0	0	0	0	0	0	0	0	0	0	0	0	0	0	0	0	0	0	0	46	0	0	0	0	0	0	18	0	0	0	0	0	13	0	0	0	0	0	76	121	0	0	0	23	0	158	0	97	0	21	0	0	0	0	0	0	0	0	0	0	0	0	0	0	0	0	0	0	0	70	0	0	0	0	0	78	0	0	0	0	0	0	0	0	0	0	0	100	55	0	0	18	0	0	0	0	0	0	0	0	0	0	0	0	0	0	0	0	0	0	0	0	62	0	0	0	0	0	0	0	0	0	0	66	0	0	133	0	0	0	0	0	0	176	317	0	0	195	150	0	0	80	157	0	0	56	28	65	163	69	0	73	115	268	12	0	167	0	238	122	62	0	338	0	195	0	79	0	131	0	0	49	0	109	125	50	92	0	0	98	0	0	0	0	313	153	29	125	106	95	153	0	23	0	51	144	0	104	106	0	29	123	86	0	0	47	0	0	0	0	0	104	0	0	0	0	120	0	0	0	0	0	94	72	0	0	0	0	0	0	80	53	255	0	0	73	54	162	0	0	87	132	32	0	0	103	77	133	1	0	39	0	127	104	208	108	333	107	66	85	89	39	36	170	42	0	0	0	119	0	124	53	0	0	93	5	25	0	19	81	0	0	100	42	0	174	27	359	113	0	39	0	0	45	163	68	238	0	0	0	104	119	248	0	24	0	0	18	0	77	122	0	9	98	29	83	122	56	143	314	50	123	95	91	102	0	112	45	0	57	0	56
125	0	0	0	0	0	0	0	0	0	0	0	0	0	0	0	0	0	0	0	0	0	0	0	0	0	0	0	0	0	0	0	0	0	0	0	0	0	0	0	0	0	0	0	0	0	0	0	0	0	0	0	0	0	0	0	0	0	0	0	0	0	0	0	0	0	0	0	0	0	0	0	0	0	0	0	0	0	0	0	0	0	0	0	0	0	0	0	0	0	0	0	0	0	0	0	0	0	0	0	0	0	0	0	0	0	0	0	0	0	0	0	0	0	0	0	0	0	0	0	0	0	0	0	0	0	0	0	0	0	0	0	0	0	0	0	0	0	0	0	0	0	0	0	0	0	0	0	0	0	0	0	0	0	0	0	0	0	0	0	0	0	0	0	0	0	0	0	0	0	0	0	0	0	0	0	0	0	0	1	0	0	0	0	0	0	0	0	0	0	0	0	0	0	0	0	0	0	0	0	0	0	0	0	0	0	0	0	0	0	0	0	0	0	0	0	0	0	0	0	0	0	0	0	0	0	0	0	0	0	0	0	0	0	0	0	0	0	0	0	0	0	0	0	0	0	0	0	0	0	0	0	0	0	0	0	0	0	0	0	0	0	0	0	0	0	0	0	0	0	0	0	0	0	0	0	0	0	0	0	0	0	0	0	0	0	0	0	0	0	0	0	0	0	0	0	0	0	0	0	0	0	0	0	0	0	0	0	0	0	6	0	0	0	0	16	0	0	0	0	0	0	0	0	0	0	0	0	0	0	0	0	0	0	0	0	0	0	0	0	0	0	0	0	0	0	0	0	0	0	0	0	0	0	0	0	0	0	0	0	0	0	0	0	0	0	0	0	0	0	0	0	0	0	0	0	0	0	0	0	0	0	0	0	0	0	0	0	0	0	0	0	0	0	0	0	0	0	0	0	0	0	0	0	0	0	0	0	0	0	0	0	0	0	0	0	0	0	0	0	0	0	0	0	0	0	0	0	0	0	0	0	0	0	0	0	0	0	0	0	0	0	0	0	0	0	0	0	0	0	0	0	0	0	0	0	0	0	0	0	0	0	0	0	0	0	0	0	0	0	0	0	0	0	0	0	0	0	0	0	0	0	0	0	0	0	0	0	0	0	0	0	0	0	0	0	0	0	0	0	0	25	0	0	0	0	0	0	0	0	0	0	0	0	0	0	0	0	0	0	0	0	0	0	0	0	0	0	0	0	0	0	0	0	0	0	0	0	0	0	0	0	0	0	0	0	0	0	0	0	0	0	0	0	0	0	0	0	0	0	0	0	0	0	0	0	0	0	0	0	0	0	0	0	0	0	0	0	0	0	0	0	0	0	0	0	0	0	0	0	0	0	0	0	0	0	0	0	0	0	0	0	0	0	0	0	0	0	0	0	0	0	0	0	0	0	0	0	0	36	0	0	0	0	0	0	0	0	7	0	0	0	0	0	0	0	0	0	0	0	0	0	0	0	0	219	0	0	0	0	0	0	0	0	0	0	0	0	0	0	0	0	0	0	0	0	0	0	0	0	0	0	0	0	0	6	0	0	0	0	0	0	0	0	0	0	0	0	0	0	0	0	0	0	0	0	0	0	0	0	0	0	0	0	0	8	0	0	0	0	0	0	0	0	0	0	0	0	0	0	0	0	0	0	0	0	0	0	0	0	0	0	0	0	0	0	80	0	0	0	0	0	0	0	0	0	0	143	0	7	0	0	0	0	0	0	0	0	0	0	0	0	0	0	0	0	0	0	0	0	0	0	0	0	0	0	0	0	0	0	0	0	0	0	0	0	0	0	45	0	0	0	0	0	0	94	0	0	0	0	0	44	0	0	0	0	0	81	281	0	0	0	87	0	20	0	21	0	108	0	0	0	0	0	0	0	0	0	0	0	0	0	0	0	0	0	0	0	112	0	0	0	0	0	67	0	0	0	0	0	0	0	0	0	0	0	45	27	0	0	63	0	0	0	0	0	0	0	0	0	0	0	0	0	0	0	0	0	0	0	0	42	0	0	0	0	0	0	0	0	41	0	82	0	0	66	0	0	0	0	0	0	277	36	0	0	141	146	0	0	97	88	0	0	94	106	45	0	98	0	141	130	104	150	0	99	0	244	42	33	0	74	1	356	0	79	0	24	0	0	73	0	49	80	225	101	0	0	101	0	0	0	0	79	15	99	75	92	102	212	0	20	0	188	83	0	37	62	2	66	100	89	0	0	109	41	0	248	0	0	21	65	0	0	0	57	0	0	0	0	0	153	209	0	0	0	0	0	0	95	28	24	0	0	104	59	36	50	0	55	54	23	0	0	260	285	82	0	0	106	12	20	137	14	140	182	173	100	63	62	47	148	17	138	0	0	0	48	0	206	48	0	0	63	162	45	0	0	42	0	0	34	29	0	148	201	308	89	0	217	0	0	48	162	103	58	0	0	0	211	97	72	0	132	66	0	41	8	24	30	0	43	18	7	8	137	87	80	115	74	68	147	101	76	0	48	58	0	73	100	85
126	0	0	0	0	0	0	0	0	0	0	0	0	0	0	0	0	0	0	0	0	0	0	0	0	0	0	0	0	0	0	0	0	0	0	0	0	0	0	0	0	0	0	0	0	0	0	0	0	0	0	0	0	0	0	0	0	0	0	0	0	0	0	0	0	0	0	0	0	0	0	0	0	0	0	0	0	0	0	0	0	0	0	0	0	0	0	0	0	0	0	0	0	0	0	0	0	0	0	0	0	0	0	0	0	0	0	0	0	2	0	0	0	0	0	0	0	0	0	0	0	0	0	0	0	0	0	0	0	0	0	0	0	0	0	0	0	0	0	0	0	0	0	0	0	0	0	0	0	0	0	0	0	0	0	0	0	0	0	0	0	0	0	0	0	0	0	0	0	0	0	0	0	0	0	0	0	0	0	0	0	0	0	0	0	0	0	0	0	0	0	0	0	4	0	0	2	0	0	0	0	0	0	0	0	0	0	0	0	0	0	0	0	0	0	0	0	0	0	0	0	2	0	0	0	0	0	0	0	0	0	0	0	0	0	0	0	0	0	0	0	0	0	0	0	0	0	0	0	0	0	0	0	0	0	0	0	0	0	0	0	0	0	0	0	0	0	0	0	0	0	0	0	0	0	0	0	0	0	0	0	0	0	0	0	0	0	0	0	0	0	0	0	0	0	0	0	0	0	0	0	0	0	0	0	0	0	0	0	0	0	0	0	0	8	0	0	0	0	0	0	0	0	0	0	0	0	0	0	0	0	0	0	0	0	0	0	0	0	0	0	0	0	0	0	0	0	0	0	0	0	11	0	0	0	0	0	0	0	0	0	0	0	0	0	0	0	0	0	0	0	0	0	0	0	0	0	0	0	0	0	0	0	0	0	0	0	0	0	0	0	0	0	0	0	0	0	0	0	0	0	0	0	0	0	0	0	0	0	0	0	0	0	0	0	0	0	0	0	0	0	0	0	0	0	0	0	0	0	0	0	0	0	0	0	0	0	0	0	0	0	0	0	0	15	0	0	0	0	0	0	0	0	0	0	0	0	0	0	0	0	0	0	0	0	0	0	0	0	0	0	0	0	0	0	0	0	0	0	0	8	0	0	0	0	0	0	0	0	0	0	0	0	0	0	0	0	0	0	0	0	0	0	0	0	0	0	0	0	0	0	0	0	0	0	0	0	0	0	0	0	0	0	0	0	0	0	0	0	0	0	0	0	0	0	0	0	0	0	0	0	0	3	0	0	0	0	0	0	0	0	0	0	0	0	0	0	0	0	0	0	0	0	0	0	0	0	0	0	0	0	0	0	0	0	0	0	0	0	0	0	0	0	0	0	0	0	0	0	0	0	0	0	1	0	0	0	0	0	0	0	0	0	0	0	0	0	0	0	0	0	0	0	91	0	0	0	0	0	30	0	0	0	0	0	0	0	0	148	0	0	0	0	0	0	0	0	0	0	0	0	0	0	0	0	69	0	0	0	0	0	0	0	0	0	0	0	0	0	0	0	0	0	0	0	0	0	0	0	0	0	0	0	0	0	0	0	0	0	0	0	0	2	0	0	0	0	0	0	0	0	0	0	0	0	0	0	0	0	0	0	0	0	0	0	0	0	0	0	0	0	0	0	0	0	0	0	0	0	0	0	0	0	0	0	0	0	0	0	0	0	0	0	0	0	0	14	0	0	0	0	0	0	4	0	0	0	95	0	156	0	0	0	0	0	0	0	0	0	0	0	0	0	0	0	0	0	0	0	0	0	0	0	0	0	0	0	0	0	0	0	0	0	0	0	0	0	0	69	0	0	0	0	0	0	113	0	0	0	0	0	109	0	0	0	0	0	71	68	0	0	0	88	0	30	0	31	0	26	0	0	0	0	0	0	0	0	0	0	0	0	0	0	0	0	0	0	0	112	0	0	0	0	0	115	0	0	0	0	0	0	0	0	0	0	0	93	3	0	0	0	0	0	0	0	0	0	0	0	0	0	0	0	0	0	0	0	0	0	0	0	55	0	0	0	0	0	0	0	0	0	0	72	0	0	37	0	0	0	0	0	0	201	112	0	0	277	74	0	0	70	110	0	0	122	89	182	0	203	0	77	129	42	87	0	73	0	244	51	67	0	56	0	31	0	32	0	90	0	0	151	0	0	6	92	25	0	0	49	0	0	0	0	189	236	18	92	7	40	49	0	249	0	255	2	0	120	127	0	17	46	70	0	0	54	39	0	121	0	0	90	0	0	0	0	35	0	0	0	0	0	103	135	0	0	0	0	0	0	183	5	58	0	0	121	139	110	0	0	77	88	104	0	0	51	14	27	0	0	174	23	62	54	86	86	130	106	118	140	27	6	102	49	0	0	0	0	34	0	40	267	0	0	26	129	276	0	0	93	0	0	17	72	0	197	88	60	19	8	189	1	0	167	142	87	137	0	0	0	45	232	50	0	16	36	0	233	0	306	227	0	75	9	190	141	58	100	162	14	92	80	91	131	17	0	100	69	0	192	0	23
127	0	0	0	0	0	0	0	0	0	0	0	0	0	0	0	0	0	0	0	0	0	0	0	0	0	0	0	0	0	0	0	0	0	0	0	0	0	0	0	0	0	0	0	0	0	0	0	0	0	0	0	0	0	0	0	0	0	0	0	0	0	0	0	0	0	0	0	0	0	0	0	0	0	0	0	0	0	0	0	0	0	0	0	0	0	0	0	0	0	0	0	0	0	0	0	0	0	0	0	0	0	0	0	0	0	0	0	0	0	0	0	0	0	0	0	0	0	0	0	0	0	0	0	0	0	0	0	0	0	0	0	0	0	0	0	0	0	0	0	0	0	0	0	0	0	0	0	0	0	0	0	0	0	0	0	0	0	0	0	0	0	0	0	0	0	0	0	0	0	0	0	0	0	0	0	0	0	0	0	0	0	0	0	0	0	0	0	0	0	0	0	0	0	0	0	0	1	0	0	0	0	0	0	0	0	0	0	0	0	0	0	0	0	0	0	0	0	0	0	0	0	0	0	0	0	0	0	0	0	0	0	0	0	0	0	0	0	0	0	0	0	0	0	0	0	0	0	0	0	0	0	0	0	0	0	0	0	0	0	0	0	0	0	0	0	0	0	0	0	0	0	0	0	0	0	0	0	0	0	0	0	0	0	0	0	0	0	0	0	0	0	0	0	0	0	0	0	0	0	0	0	0	0	0	0	0	0	0	0	1	0	0	0	0	0	0	0	0	0	0	0	0	0	0	0	0	0	0	0	0	0	0	0	0	0	0	0	0	0	0	0	0	0	0	0	0	0	0	0	0	0	0	0	0	6	0	0	0	0	0	0	0	0	0	0	0	0	0	0	0	0	0	0	0	0	0	0	0	0	0	0	0	0	0	0	0	0	0	0	0	0	0	0	0	0	0	0	0	0	0	0	0	0	0	0	0	0	0	0	0	0	0	0	0	0	0	0	0	0	0	0	0	0	0	0	0	0	0	0	0	0	0	0	0	0	0	0	0	34	0	0	0	0	0	0	0	0	0	0	0	0	0	0	0	0	0	0	0	0	0	0	0	0	0	0	0	0	0	0	0	0	0	0	0	0	0	0	0	0	0	0	0	0	0	0	0	0	0	0	0	0	0	0	0	0	0	0	0	0	0	0	0	0	0	0	0	0	0	0	0	0	0	0	0	0	0	0	0	0	0	0	0	0	0	0	0	0	0	0	0	0	0	0	0	0	0	0	0	0	0	0	0	0	0	0	0	0	0	0	0	0	0	0	0	0	0	0	0	0	0	0	0	0	0	0	0	0	0	0	0	0	0	0	0	0	0	0	0	0	0	0	0	0	0	0	0	0	0	0	0	0	0	0	0	0	0	0	0	0	0	0	0	0	0	0	0	0	0	0	0	0	0	0	0	0	0	0	0	10	0	0	0	0	2	0	0	0	187	0	0	0	0	0	2	0	0	0	0	0	0	0	0	0	0	35	0	0	0	0	0	0	0	0	0	0	0	0	0	0	0	0	0	1	0	0	0	0	0	0	0	0	0	0	0	0	0	0	0	1	0	0	0	0	0	0	0	0	0	0	0	0	0	0	0	0	0	0	2	0	0	0	0	0	0	0	0	0	0	0	0	0	0	0	0	0	0	0	0	0	0	0	0	0	0	0	0	0	0	0	0	0	0	0	0	0	99	0	0	0	0	0	0	82	0	0	0	137	0	31	0	0	0	0	0	0	0	0	0	0	0	0	0	0	0	0	0	0	0	0	0	0	0	0	0	0	0	0	0	0	0	0	0	0	0	0	0	0	212	0	0	0	0	0	0	140	0	0	0	0	0	43	0	0	0	0	0	42	114	0	0	0	96	0	57	0	98	0	29	0	0	0	0	0	10	0	0	0	0	0	0	0	0	0	0	0	0	0	36	0	0	0	0	0	126	0	0	0	0	0	0	0	0	0	0	0	158	354	0	0	14	0	0	0	0	0	0	0	0	0	0	0	0	0	0	0	0	0	0	0	0	38	0	0	0	0	0	0	0	0	0	0	163	0	0	117	0	0	0	0	0	0	135	62	0	0	113	368	0	0	67	218	8	0	35	12	50	37	25	0	41	143	118	63	0	93	0	115	86	160	0	264	0	83	0	129	0	49	0	0	124	0	90	75	52	158	0	0	299	0	0	0	0	47	73	209	43	89	178	117	0	304	0	47	215	0	87	86	0	48	282	6	0	0	132	68	0	5	0	0	117	0	0	0	0	39	0	0	0	0	0	83	217	0	0	0	0	0	0	101	138	48	0	0	69	66	99	0	0	67	76	23	0	0	85	106	59	0	0	103	143	68	31	123	76	57	60	40	71	22	17	157	21	129	0	0	0	142	0	19	23	0	0	108	169	108	0	0	111	0	0	498	100	0	52	51	26	88	0	88	0	0	15	292	55	118	0	0	0	214	36	125	0	202	78	0	162	0	198	161	0	77	127	27	116	5	36	193	94	71	82	28	57	73	0	85	104	0	24	0	39
128	0	0	0	0	0	0	0	0	0	0	0	0	0	0	0	0	0	0	0	0	0	0	0	0	0	0	0	0	0	0	0	0	0	0	0	0	0	0	0	0	0	0	0	0	0	0	0	0	0	0	0	0	0	0	0	0	0	0	0	0	0	0	0	0	0	0	0	0	0	0	0	0	0	0	0	0	0	0	0	0	0	0	0	0	0	0	0	0	0	0	0	0	0	0	0	0	0	0	0	0	0	0	0	0	0	0	0	0	0	0	0	0	0	0	0	0	0	0	0	0	0	0	0	0	0	0	0	0	0	0	0	0	0	0	0	0	0	0	0	0	0	0	0	0	0	0	0	0	0	0	0	0	0	0	0	0	0	0	0	0	0	0	0	0	0	0	0	0	0	0	0	0	0	0	0	0	0	0	0	0	0	0	0	0	0	0	0	0	0	0	0	0	0	0	0	0	0	0	0	0	0	0	0	0	0	0	0	0	0	0	0	0	0	0	0	0	0	0	0	0	0	0	0	0	0	0	0	0	0	0	0	0	0	0	0	0	0	0	1	0	0	0	0	0	0	0	0	0	0	0	0	0	0	0	0	0	0	0	0	0	0	0	0	0	0	0	0	0	0	0	0	0	0	0	0	0	0	0	0	0	0	0	0	0	0	0	0	0	0	0	0	0	0	0	0	0	0	0	0	0	0	0	0	0	0	0	0	0	0	0	0	0	0	0	0	0	0	0	0	0	0	0	0	0	0	0	0	0	0	0	0	0	0	0	0	0	0	0	0	0	0	0	0	0	0	0	0	0	0	0	0	0	0	0	0	0	0	0	0	0	0	0	0	0	7	0	0	0	0	0	0	0	0	0	0	0	0	0	0	0	0	0	0	0	0	0	0	0	0	0	0	0	0	0	0	0	0	0	0	0	0	0	0	0	0	0	0	0	0	0	0	0	0	0	0	0	0	0	0	0	0	0	0	0	0	0	0	0	0	0	0	0	0	0	0	0	0	0	0	0	0	0	0	0	0	0	0	0	0	0	0	0	0	0	0	0	0	0	5	0	0	0	0	0	0	0	0	0	0	0	0	0	0	0	0	0	0	0	0	0	0	0	0	0	0	0	0	1	0	0	0	0	0	0	0	0	0	0	19	0	0	0	0	0	0	0	0	0	0	0	0	0	0	0	0	0	0	0	0	0	0	0	0	0	0	0	0	0	0	0	0	0	0	0	0	0	0	0	0	0	0	0	0	0	0	0	0	0	0	0	0	0	0	0	0	0	0	0	0	0	0	0	0	0	0	0	0	0	0	0	0	0	0	0	0	0	0	0	0	0	0	0	0	0	0	0	0	0	0	0	0	0	0	0	0	0	0	0	0	0	0	0	0	0	0	0	0	0	0	0	0	0	0	0	0	0	0	0	58	0	0	0	0	0	0	0	0	171	0	0	0	0	0	0	0	0	0	0	0	0	0	0	0	0	30	0	0	0	0	0	0	0	0	0	0	0	0	0	0	0	0	0	22	0	0	0	15	0	0	0	0	0	0	1	0	0	0	0	0	0	0	0	0	0	0	0	0	0	0	0	0	0	0	0	0	0	0	0	0	0	0	0	0	28	21	0	0	0	0	0	0	0	0	0	0	0	0	0	0	0	0	0	0	0	0	0	0	0	0	0	0	0	0	0	0	26	0	0	0	0	0	0	52	13	0	0	89	0	25	0	0	0	0	0	0	0	0	0	0	0	0	0	0	0	0	0	0	0	0	0	0	0	0	0	0	0	0	0	0	0	0	0	0	0	0	0	0	110	0	0	0	0	0	0	60	0	0	0	0	0	87	0	0	0	0	0	221	132	0	0	0	36	0	111	0	21	0	19	0	0	0	0	0	0	0	0	0	0	0	0	0	0	0	0	0	0	0	100	0	0	0	0	0	162	0	0	0	0	0	0	0	0	2	0	0	72	58	0	0	90	0	22	0	0	0	0	0	0	0	0	0	0	0	0	0	0	0	0	0	0	20	0	0	0	0	0	0	0	0	0	0	66	0	0	108	0	0	0	0	0	0	145	57	0	0	132	20	0	0	23	76	0	0	14	335	166	35	94	0	5	48	47	85	0	97	0	43	215	22	0	64	0	115	0	234	0	170	0	0	61	0	145	23	32	153	0	0	78	0	0	0	0	81	96	186	75	131	296	58	0	104	0	141	35	0	352	55	0	24	84	50	0	0	82	8	0	121	0	25	64	0	0	0	0	4	0	0	0	4	0	103	19	0	0	0	0	0	0	52	33	26	0	0	249	79	100	0	0	114	23	83	0	0	194	48	94	0	0	93	4	111	66	246	165	97	38	31	65	94	100	135	35	87	0	0	0	26	0	101	114	0	0	125	54	5	0	0	187	1	0	10	154	0	76	84	75	119	0	49	0	0	42	40	90	150	0	7	0	47	163	40	0	79	93	0	145	0	176	119	0	28	149	45	222	34	46	92	321	106	77	47	88	37	0	75	209	0	148	0	114
129	0	0	0	0	0	0	0	0	0	0	0	0	0	0	0	0	0	0	0	0	0	0	0	0	0	0	0	0	0	0	0	0	0	0	0	0	0	0	0	0	0	0	0	0	0	0	0	0	0	0	0	0	0	0	0	0	0	0	0	0	0	0	0	0	0	0	0	0	0	0	0	0	0	0	0	0	0	0	0	0	0	0	0	0	0	0	0	0	0	0	0	0	0	0	0	0	0	0	0	0	0	0	0	0	0	0	0	0	0	0	0	0	0	0	0	0	0	0	0	0	0	0	0	0	0	0	0	0	0	0	0	0	1	0	0	0	0	0	0	0	0	0	0	0	0	0	0	0	0	0	0	0	0	0	0	0	0	0	0	0	0	0	0	0	0	0	0	0	0	0	0	0	0	0	0	0	0	0	0	0	0	0	0	0	0	0	0	0	0	0	0	0	0	0	0	0	0	0	0	0	0	0	0	0	0	0	0	0	0	0	0	0	0	0	0	0	0	0	0	0	0	0	0	0	0	0	0	0	0	0	0	0	0	0	0	0	0	0	0	0	0	0	0	0	0	0	0	0	0	0	0	0	0	0	0	0	0	0	0	0	0	6	0	0	0	0	0	0	0	0	0	0	0	0	0	0	0	0	0	0	0	0	0	0	0	0	0	0	0	0	0	0	0	0	0	0	0	0	0	0	0	0	0	0	0	0	0	0	0	0	0	0	0	0	0	0	0	0	0	0	0	0	0	0	0	0	0	0	0	0	0	0	0	0	0	0	0	0	0	0	0	0	0	0	0	0	0	0	0	0	0	0	0	0	0	0	0	0	0	0	0	0	0	0	0	0	0	0	0	0	0	0	0	0	0	0	0	0	0	0	0	0	0	0	0	0	0	0	0	0	0	0	0	0	0	0	0	0	0	0	0	0	0	0	0	0	0	0	0	0	0	0	0	0	0	0	0	0	0	0	0	0	0	0	0	0	0	0	0	0	0	0	0	0	0	0	0	0	0	0	0	0	1	0	0	0	0	0	0	0	0	0	0	0	0	0	0	0	0	0	0	0	0	7	0	0	0	0	0	0	0	0	0	0	0	0	0	0	0	0	0	0	0	0	1	0	0	0	0	0	0	0	0	0	0	0	0	0	0	0	106	0	0	0	0	0	0	0	0	0	0	11	0	0	0	0	0	0	0	0	0	0	0	0	0	0	0	0	0	0	0	0	0	0	0	0	0	0	0	0	0	0	0	0	0	0	0	0	0	0	0	0	0	0	0	0	0	0	0	0	0	0	0	0	0	0	0	0	0	0	0	0	0	0	0	0	0	0	0	0	0	0	0	0	0	0	0	0	0	0	0	0	0	0	0	0	0	0	0	0	0	0	0	0	0	0	0	0	0	0	0	0	0	0	0	0	0	0	14	0	0	0	0	0	0	0	0	51	0	0	0	0	0	0	0	0	0	0	0	0	0	0	0	0	57	0	0	0	0	0	0	0	0	0	0	0	0	0	0	0	0	0	58	0	0	0	0	0	0	0	0	0	0	0	0	0	0	0	0	0	0	0	0	0	0	0	0	0	0	0	0	0	0	0	0	0	0	0	0	0	0	0	0	0	0	0	0	0	0	0	0	0	0	0	0	0	0	0	0	0	0	0	0	0	0	0	0	0	0	0	0	0	0	0	0	152	0	0	0	0	0	0	10	0	0	0	93	0	78	0	0	0	0	0	0	0	0	0	0	0	0	0	0	0	0	0	0	0	0	0	0	0	0	0	0	0	0	6	0	0	0	0	82	0	0	0	0	95	0	0	0	0	0	0	31	0	0	0	0	0	50	0	0	0	0	0	192	138	0	0	0	148	0	43	0	29	0	3	0	0	0	0	0	0	0	0	0	0	0	0	0	0	0	0	0	0	0	67	0	0	0	0	0	136	0	0	0	0	0	0	0	0	0	0	0	35	221	0	0	4	0	0	0	0	0	0	0	0	0	0	13	0	0	0	0	0	0	0	0	0	96	0	0	0	0	0	0	0	0	0	0	106	0	0	32	0	0	0	0	0	0	109	55	0	0	72	144	0	0	155	124	16	0	134	91	141	25	91	0	49	219	76	14	0	66	0	110	29	103	0	96	0	97	0	131	0	122	0	0	50	0	0	107	70	56	0	0	34	0	0	0	0	32	54	40	100	110	48	119	0	211	0	91	25	0	100	222	0	124	184	51	0	0	143	130	0	41	0	0	165	0	0	0	0	33	0	0	0	0	0	130	203	0	0	0	0	0	0	30	137	52	0	0	51	112	57	0	0	73	91	27	0	0	43	148	97	0	4	51	8	41	202	118	73	81	163	51	168	51	94	87	95	101	0	0	0	102	0	86	252	0	0	34	157	57	0	0	86	0	0	58	43	0	211	64	90	128	0	4	0	0	87	129	71	82	0	0	0	78	62	63	0	73	30	0	249	0	63	231	0	95	55	62	41	60	112	126	111	119	258	16	100	166	0	90	271	0	56	0	244
130	0	0	0	0	0	0	0	0	0	0	0	0	0	0	0	0	0	0	0	0	0	0	0	0	0	0	0	0	0	0	0	0	0	0	0	0	0	0	0	0	0	0	0	0	0	0	0	0	0	0	0	0	0	0	0	0	0	0	0	0	0	0	0	0	0	0	0	0	0	0	0	0	0	0	0	0	0	0	0	0	0	0	0	0	0	0	0	0	0	0	0	0	0	0	0	0	31	0	0	0	0	0	0	0	0	0	0	0	0	0	0	0	0	0	0	0	0	0	0	20	0	0	0	0	0	0	0	0	0	0	0	0	0	0	0	0	0	0	0	0	0	0	0	0	0	0	0	0	0	0	0	0	0	0	0	0	0	0	0	0	0	0	0	0	0	0	0	0	0	0	0	0	0	0	0	0	0	0	0	0	0	0	0	0	0	0	0	0	0	0	0	0	0	0	0	0	0	0	0	0	0	0	0	0	0	0	0	0	0	0	0	0	0	0	0	0	0	0	0	0	0	0	0	0	0	0	0	0	0	0	0	0	0	0	0	0	0	0	0	0	0	0	0	0	0	0	0	0	0	0	0	0	0	0	0	0	0	0	0	0	0	0	0	0	0	0	0	0	0	0	0	0	0	0	0	0	0	0	0	0	0	0	0	0	0	0	0	0	0	0	0	0	0	0	0	0	0	0	0	0	0	0	0	0	0	0	0	0	0	0	0	0	0	0	0	0	0	0	0	0	0	0	0	0	0	0	0	0	0	0	0	0	0	0	0	0	0	0	0	0	0	0	0	0	0	10	0	0	0	0	0	0	0	0	0	0	0	0	0	0	0	0	0	0	0	0	0	0	0	0	0	0	0	0	0	0	0	0	0	0	0	0	0	0	0	0	0	0	0	0	0	0	0	0	0	0	0	0	0	0	0	0	0	0	0	0	0	0	0	0	0	0	0	0	0	0	0	0	0	0	0	0	0	0	0	0	0	0	0	0	0	0	0	0	0	0	0	0	0	0	0	0	0	7	0	0	0	0	0	0	0	0	0	0	0	0	0	0	0	0	0	0	0	0	0	0	0	0	0	0	0	0	0	0	0	0	0	0	0	0	0	0	0	0	0	0	0	0	0	0	0	0	0	0	0	0	0	0	0	0	0	0	0	0	0	0	0	0	0	0	0	0	0	0	0	0	0	0	0	0	0	0	0	0	0	0	0	0	0	0	0	0	0	0	0	0	0	0	0	0	0	0	0	0	0	0	0	0	0	0	0	0	0	1	0	0	0	0	0	0	0	0	0	0	0	0	0	0	0	0	0	0	0	0	0	0	0	0	0	0	0	0	0	0	0	0	0	0	0	0	0	0	0	0	0	0	0	0	0	0	0	0	0	0	0	0	0	0	0	0	0	0	0	0	0	0	0	0	70	0	0	0	0	0	0	0	0	92	0	0	0	0	0	0	0	0	0	0	0	0	0	0	0	0	44	0	0	0	0	0	0	0	0	0	0	0	0	0	0	0	0	0	106	0	0	0	0	0	0	0	0	0	2	0	0	0	0	0	0	0	0	0	0	0	0	0	0	0	0	0	0	0	0	0	0	0	0	0	0	0	0	0	0	0	7	0	0	0	0	0	0	0	0	0	0	0	0	0	0	0	0	0	0	0	0	0	0	0	0	0	0	0	0	0	0	126	0	0	0	0	0	0	256	0	0	0	60	0	119	0	0	0	0	0	0	0	0	0	0	0	0	0	0	0	0	0	0	0	0	0	0	0	0	0	0	3	0	0	0	0	0	0	0	0	0	0	0	66	0	0	0	0	0	0	159	0	0	0	0	0	91	0	0	0	0	0	76	45	0	0	0	24	0	42	0	0	0	329	0	0	0	0	0	0	0	0	0	0	0	0	0	0	0	0	0	0	0	215	0	0	0	0	0	149	0	0	0	0	0	0	0	0	0	0	0	98	56	0	0	60	0	76	0	0	0	0	8	0	0	0	87	0	0	0	0	0	0	0	0	0	93	0	2	0	0	0	0	0	0	13	0	56	0	0	123	0	0	0	0	0	0	251	243	0	0	26	166	0	0	89	198	0	0	35	41	252	20	46	0	25	38	93	21	0	42	0	25	102	38	0	153	0	161	0	310	0	307	0	0	197	0	42	71	62	47	0	0	296	0	0	0	0	117	24	125	66	176	255	47	0	82	0	152	69	0	35	97	0	254	35	128	0	0	54	0	0	51	0	102	8	0	0	0	0	128	0	0	0	0	0	229	52	0	0	0	0	0	0	329	18	183	0	0	65	86	160	0	0	95	100	28	0	0	141	96	539	0	0	81	0	107	251	62	61	107	147	80	94	27	214	128	69	29	5	0	0	46	0	89	127	0	0	81	29	95	0	0	111	0	0	43	47	0	36	51	27	147	0	112	0	0	56	162	216	18	0	0	0	154	104	112	0	187	0	0	236	0	66	15	0	63	43	29	112	43	237	52	9	88	162	89	85	95	0	75	66	0	206	0	80
131	0	0	0	0	0	0	0	0	0	0	0	0	0	0	0	0	0	0	0	0	0	0	0	0	0	0	0	0	0	0	0	0	0	0	0	0	0	0	0	0	0	0	0	0	0	0	0	0	0	0	0	0	0	0	0	0	0	0	0	0	0	0	0	0	0	0	0	0	0	0	0	0	0	0	0	0	0	0	0	0	0	0	0	0	0	0	0	0	0	0	0	0	0	0	0	0	0	0	0	0	0	0	0	0	0	0	0	0	0	0	0	0	0	0	0	0	0	0	0	0	0	0	0	0	0	0	0	0	0	0	0	0	0	0	0	0	0	0	0	0	0	0	0	0	0	0	0	0	0	0	0	0	0	0	0	0	0	0	0	0	0	0	0	0	0	0	0	0	0	0	0	0	0	0	0	0	0	0	0	0	0	0	0	0	0	0	0	0	0	0	0	0	0	0	0	0	0	0	0	0	0	0	0	0	0	0	0	0	0	0	0	0	0	0	0	0	0	0	0	6	0	0	0	0	0	0	0	0	0	0	0	0	0	0	0	0	0	0	0	0	0	0	0	0	0	0	0	0	0	0	0	0	0	0	0	0	0	0	0	0	0	0	0	0	0	0	0	0	0	0	0	0	0	0	0	0	0	0	0	0	0	0	0	0	0	0	0	0	0	0	0	0	0	0	0	0	0	0	0	0	0	0	0	0	0	0	0	0	0	0	0	0	0	0	0	61	0	0	0	0	0	0	0	0	0	0	0	0	0	0	0	0	0	0	0	0	0	0	0	0	0	0	0	0	0	0	0	0	0	0	0	0	0	0	2	0	0	0	0	0	0	0	0	0	0	0	0	0	0	0	0	0	0	0	0	0	0	0	0	0	0	0	0	0	0	0	0	0	0	0	0	0	0	0	0	0	0	0	0	0	0	0	0	0	0	0	0	0	0	0	0	0	0	0	0	0	0	0	0	0	0	0	0	0	0	0	0	0	0	0	0	0	0	0	0	0	0	0	0	0	0	0	0	0	0	0	0	0	0	0	0	0	0	0	0	0	0	0	0	0	0	0	0	0	0	0	0	0	0	0	0	0	0	0	0	0	0	0	0	0	0	0	0	0	0	0	0	0	0	0	0	0	0	0	0	0	0	0	0	0	0	0	0	0	0	0	0	0	0	0	0	0	0	0	0	0	0	0	0	0	0	0	0	0	0	0	0	0	0	0	0	0	0	0	0	0	0	0	0	0	0	0	0	0	0	0	0	0	0	0	0	0	0	0	0	0	0	0	0	0	0	0	0	1	0	0	0	0	0	0	0	0	0	0	0	0	0	0	0	0	0	0	0	0	0	0	0	0	0	0	0	0	0	0	0	0	0	0	0	0	0	0	0	0	0	0	0	0	0	0	0	0	0	0	0	0	0	0	16	0	0	0	0	0	0	0	0	51	0	0	0	0	0	0	0	0	0	0	0	0	0	0	0	0	0	0	0	0	0	0	0	0	0	0	0	0	0	0	0	0	3	0	0	0	0	0	0	0	0	90	0	0	0	0	0	0	0	0	0	0	0	0	0	0	0	0	0	0	0	0	0	0	0	0	0	0	0	0	0	0	0	0	0	0	0	0	0	0	0	0	0	0	0	0	0	0	0	0	0	0	0	0	0	0	0	0	0	0	0	0	0	0	0	0	0	156	0	0	0	0	0	0	5	0	0	0	30	0	35	0	0	0	0	0	0	0	0	0	0	0	0	0	0	0	0	0	0	0	0	0	0	0	0	0	0	0	0	0	0	0	0	0	0	0	0	0	0	119	0	0	0	0	0	0	60	0	0	0	0	0	34	0	0	0	0	0	43	56	0	0	0	29	0	146	0	4	0	3	0	0	0	0	0	3	0	0	0	0	0	0	0	0	0	0	0	0	0	39	0	0	0	0	0	10	0	0	0	0	0	0	0	0	0	0	0	87	180	0	0	124	0	0	0	0	0	0	0	0	0	0	0	0	0	0	0	0	0	0	0	0	89	0	0	0	0	0	0	0	0	0	0	32	0	0	37	0	0	0	0	0	0	147	98	0	0	142	92	0	0	71	153	0	62	60	23	132	7	81	0	65	351	54	108	0	239	0	162	97	165	1	36	0	18	0	19	0	245	0	0	64	0	81	14	33	83	0	0	49	0	0	1	0	110	13	53	61	108	68	58	0	42	0	22	87	0	102	264	0	77	52	90	0	0	108	116	0	98	0	0	18	0	0	0	0	40	0	0	0	0	0	141	292	0	0	0	0	0	0	59	261	112	0	0	79	50	73	0	0	75	50	278	0	0	15	69	199	0	0	77	27	83	99	233	44	106	120	97	58	98	73	104	6	33	8	0	0	62	0	26	49	0	0	63	76	129	0	0	37	0	0	144	54	0	5	45	97	149	0	54	0	0	142	122	103	56	0	0	0	73	138	174	0	26	0	0	104	0	111	24	0	139	159	36	85	50	51	10	111	101	124	68	243	42	0	82	46	0	32	0	298
132	0	0	0	0	0	0	0	0	0	0	0	0	0	0	0	0	0	0	0	0	0	0	0	0	0	0	0	0	0	0	0	0	0	0	0	0	0	0	0	0	0	0	0	0	0	0	0	0	0	0	0	0	0	0	0	0	0	0	0	0	0	0	0	0	0	0	0	0	0	0	0	0	0	0	0	0	0	0	0	0	0	0	0	0	0	0	0	0	0	0	0	0	0	0	0	0	0	0	0	0	0	0	0	0	0	0	0	0	0	0	0	0	0	0	0	0	0	0	0	0	0	0	0	0	0	0	0	0	0	0	0	0	0	0	0	0	8	0	0	0	0	0	0	0	0	0	0	0	0	0	0	0	0	0	0	0	0	0	0	0	0	0	0	0	0	0	0	0	0	0	0	0	0	0	0	0	0	0	0	0	0	0	0	0	0	0	0	0	0	0	0	0	0	0	0	0	0	0	0	0	0	0	0	0	0	0	0	0	0	0	0	0	0	0	0	0	0	0	0	0	0	0	0	0	0	0	0	0	0	0	0	0	0	0	0	0	0	0	0	0	0	0	0	0	0	0	0	0	0	0	0	0	0	0	0	0	0	0	0	0	0	0	0	0	0	0	0	0	0	0	0	0	0	0	0	0	0	0	0	0	0	0	0	0	0	0	0	0	0	0	0	0	0	0	0	0	0	0	0	0	0	0	0	0	0	0	0	0	0	0	0	0	0	0	0	0	0	0	0	0	0	0	0	0	0	0	0	0	0	0	0	0	0	0	0	0	0	0	0	0	0	0	0	0	0	0	0	0	0	0	0	0	0	0	0	0	0	0	0	0	0	0	0	0	0	0	0	0	0	0	0	0	0	0	0	0	0	0	0	0	0	0	0	0	0	0	0	0	0	0	0	0	0	0	0	0	0	0	0	0	0	0	0	0	0	0	0	0	0	0	0	0	0	0	0	0	0	0	0	0	0	0	0	0	0	0	0	0	0	0	0	0	0	0	0	0	0	0	0	0	0	0	0	0	0	0	0	0	0	0	0	0	0	0	0	0	0	0	0	0	0	0	0	0	0	0	0	0	0	0	0	0	0	0	0	0	0	0	0	0	0	0	0	0	0	0	0	0	0	0	0	0	0	0	0	0	0	0	0	0	0	0	0	0	0	0	0	0	0	0	0	0	0	0	0	0	0	0	0	0	0	0	0	0	0	0	0	0	0	0	0	0	0	0	0	0	0	0	0	0	0	0	0	0	0	0	0	0	0	0	0	0	0	0	0	0	0	0	0	0	0	0	0	0	0	0	0	0	0	0	7	0	0	0	0	0	0	0	0	0	0	0	0	0	0	0	0	0	0	0	0	0	0	0	0	0	0	0	0	0	0	0	0	0	0	0	0	0	0	0	0	0	0	0	0	0	0	0	120	0	0	0	0	0	0	0	0	20	0	0	0	0	0	0	0	0	0	0	0	0	0	0	0	0	112	0	0	0	0	0	0	0	0	0	0	0	0	0	0	0	0	0	123	0	0	0	0	0	0	40	0	0	0	0	0	0	0	0	0	0	0	0	0	0	0	0	0	0	0	0	0	1	0	0	0	0	0	6	0	0	0	0	0	0	0	0	0	0	0	0	0	0	0	0	0	0	0	0	0	0	0	0	0	0	0	0	0	0	0	0	0	0	0	0	0	101	0	0	0	0	0	0	103	0	0	0	123	0	106	0	0	0	0	0	0	0	2	0	0	0	0	0	0	0	0	0	0	0	0	0	0	0	0	0	0	0	0	0	0	0	0	0	0	0	0	0	0	42	0	0	0	0	0	0	0	0	0	0	0	0	111	0	0	0	0	0	120	26	0	0	0	101	0	13	0	12	0	0	0	0	0	0	0	9	0	0	0	2	0	0	0	0	0	0	0	0	0	121	0	0	0	0	0	31	0	0	0	0	0	0	0	0	0	0	0	76	58	0	0	31	0	0	0	0	0	0	0	0	0	0	0	0	0	0	0	0	0	0	0	0	144	0	0	0	0	0	0	0	0	0	0	24	0	0	154	0	0	0	0	0	0	61	122	0	0	131	218	0	0	44	76	0	0	284	133	122	0	252	0	172	113	12	33	0	53	0	125	111	162	0	72	0	34	0	60	0	60	0	0	217	0	4	67	74	67	0	0	40	0	0	0	0	164	71	16	11	169	109	7	0	75	0	53	2	2	127	56	0	273	315	149	0	0	72	20	0	20	0	0	49	0	0	0	0	23	0	0	0	0	0	59	88	0	0	0	0	0	0	109	5	112	0	0	30	66	91	0	0	194	109	58	0	0	53	99	88	0	0	35	241	96	108	158	21	99	38	52	126	100	128	177	61	279	0	0	0	64	0	76	80	0	0	89	35	115	0	0	23	0	0	50	97	0	84	92	19	244	0	155	0	0	89	249	82	53	0	0	0	166	15	56	0	84	79	0	64	0	117	200	0	180	50	187	222	162	154	35	224	14	42	76	255	162	0	278	80	0	19	0	68
133	0	0	0	0	0	0	0	0	0	0	0	0	0	0	0	0	0	0	0	0	0	0	0	0	0	0	0	0	0	0	0	0	0	0	0	0	0	0	0	0	0	0	0	0	0	0	0	0	0	0	0	0	0	0	0	0	0	0	0	0	0	0	0	0	0	0	0	0	0	0	0	0	0	0	0	0	0	0	0	0	0	0	0	0	0	0	0	0	0	0	0	0	0	0	0	0	0	0	0	0	0	0	0	0	0	0	0	0	0	0	0	0	0	0	0	0	0	0	0	0	0	0	0	0	0	0	0	0	0	0	0	0	0	0	0	0	0	0	0	0	0	0	0	0	0	0	0	0	0	0	0	0	0	0	0	0	0	0	0	0	0	0	0	0	0	0	0	0	0	0	0	0	0	0	0	0	0	0	0	0	0	0	0	0	0	0	0	0	0	0	0	0	0	0	0	0	0	0	0	0	0	0	0	0	0	0	0	0	0	0	0	0	0	0	0	0	0	0	0	0	0	0	0	0	0	0	0	0	0	0	0	0	0	0	0	0	0	0	0	0	0	0	0	0	0	0	0	0	0	0	0	0	0	0	0	0	0	0	0	0	0	0	0	0	0	0	0	0	0	0	0	0	0	0	0	0	0	0	0	0	0	0	0	0	0	0	0	0	0	0	0	0	0	0	0	0	0	0	0	0	0	0	0	0	0	0	0	0	0	0	0	0	0	0	0	0	0	0	0	0	0	0	0	0	0	0	0	0	0	0	0	0	0	0	0	0	0	0	0	0	0	0	0	0	0	0	0	0	0	0	0	0	0	0	0	0	0	0	0	0	0	0	0	0	0	0	0	0	0	0	0	0	0	0	0	0	59	0	0	0	0	0	0	0	0	0	0	0	0	0	0	0	0	0	0	0	0	0	0	0	0	0	0	0	0	0	0	0	0	0	0	0	0	0	0	0	0	0	0	0	0	0	0	0	0	0	0	0	0	0	0	0	0	0	0	0	0	0	0	0	10	0	0	5	0	0	0	0	0	0	0	0	0	0	0	0	0	0	0	0	0	0	0	0	0	0	0	0	0	0	0	0	0	0	0	0	0	0	0	0	0	0	0	0	0	0	0	0	0	0	0	0	0	0	0	0	0	0	0	0	5	0	0	0	0	0	0	0	0	0	0	0	0	0	0	0	0	0	0	0	0	0	0	0	0	0	0	0	0	0	0	0	0	0	0	0	0	0	0	0	0	0	0	0	0	0	0	0	0	0	0	0	0	0	0	0	0	0	0	0	0	0	0	0	0	0	0	0	0	0	0	0	0	0	0	0	0	0	0	0	0	0	0	0	0	0	0	0	0	0	0	0	0	0	0	0	0	0	1	0	0	0	0	0	0	0	0	0	0	0	0	0	0	0	0	0	0	0	174	0	0	0	0	0	0	0	0	126	0	0	0	0	0	0	0	0	0	0	0	0	0	0	0	0	128	0	0	0	0	0	0	0	0	0	0	0	0	0	0	0	0	0	2	0	0	0	0	0	0	0	0	0	0	0	24	0	0	0	0	0	0	0	0	0	0	0	0	0	0	0	0	0	0	0	0	0	0	3	0	0	0	0	3	0	31	0	0	0	0	0	0	0	0	0	0	0	0	0	0	0	0	0	0	0	0	0	0	0	0	0	0	0	0	0	0	93	0	0	0	0	0	0	37	0	0	0	193	6	4	0	0	0	0	0	0	0	0	0	0	0	0	0	0	0	0	0	0	0	0	0	0	0	0	0	0	0	0	0	0	0	2	0	0	0	0	0	0	130	0	0	0	0	0	0	135	0	0	0	0	0	49	0	0	0	0	0	55	33	0	0	0	94	0	31	0	42	0	52	0	0	0	0	0	0	0	0	0	0	0	0	0	0	0	0	0	0	0	53	0	0	0	0	0	89	0	0	0	0	0	0	0	0	0	0	0	72	121	0	0	113	0	0	0	0	0	0	0	0	0	0	0	0	0	0	0	0	0	0	0	0	123	0	0	0	0	0	0	0	0	0	0	242	0	0	31	0	0	0	0	0	0	38	100	0	0	52	71	0	0	165	64	0	0	112	40	69	8	53	0	57	167	21	22	0	146	0	50	146	94	15	57	0	258	0	16	0	265	0	0	110	0	106	132	62	59	0	0	32	0	0	0	0	62	42	179	145	105	74	22	0	70	0	77	31	0	138	11	0	90	55	20	0	0	91	26	0	66	0	0	137	0	0	0	0	9	0	0	0	0	0	124	153	0	0	0	0	0	0	75	288	106	0	0	69	43	188	0	0	83	140	104	0	0	81	78	313	0	0	80	17	407	133	32	20	16	69	76	130	138	5	28	153	121	0	0	0	72	0	48	36	0	0	126	38	12	0	0	109	0	0	36	95	0	75	71	213	104	0	97	0	0	253	91	7	241	0	0	0	35	73	178	0	90	26	0	67	0	244	8	0	68	23	21	140	21	36	30	385	25	160	233	88	186	0	106	271	0	61	0	161
134	0	0	0	0	0	0	0	0	0	0	0	0	0	0	0	0	0	0	0	0	0	0	0	0	0	0	0	0	0	0	0	0	0	0	0	0	0	0	0	0	0	0	0	0	0	0	0	0	0	0	0	0	0	0	0	0	0	0	0	0	0	0	0	0	0	0	0	0	0	0	0	0	0	0	0	0	0	0	0	0	0	0	0	0	0	0	0	0	0	0	0	0	0	0	0	0	0	0	0	0	0	0	0	0	0	0	0	0	0	0	0	0	0	0	0	0	0	0	0	0	0	0	0	0	0	0	0	0	0	0	0	0	0	0	0	0	0	0	0	0	0	0	0	0	0	0	0	0	0	0	0	0	0	0	0	0	0	0	0	0	0	0	0	0	0	0	0	0	0	0	0	0	62	0	0	0	0	0	0	1	0	0	0	0	0	0	0	0	0	0	0	0	0	0	0	0	0	0	0	0	0	0	0	0	0	0	0	0	0	0	0	0	0	0	0	1	0	0	0	0	0	0	0	0	0	0	0	0	0	0	0	0	0	0	0	0	0	0	0	0	0	29	0	0	0	0	0	0	0	0	0	0	0	0	0	0	0	0	0	0	0	0	8	0	0	0	0	0	0	0	0	0	0	0	0	0	0	0	0	0	0	0	0	0	0	0	0	0	0	0	0	0	0	0	0	0	0	0	0	0	0	0	0	0	0	0	0	0	0	0	0	0	0	0	0	0	0	0	0	0	0	0	0	0	0	0	0	0	0	0	0	0	0	0	0	0	0	0	0	0	0	0	0	0	0	0	0	0	0	0	0	0	0	0	0	0	0	0	0	0	0	0	0	0	0	0	0	0	0	0	0	0	0	0	0	0	0	0	0	0	0	0	0	0	0	0	0	0	0	0	0	0	0	0	0	0	0	0	0	0	0	0	0	0	0	0	0	0	0	0	0	0	0	0	0	0	0	0	0	0	0	0	0	0	0	0	0	0	0	0	0	0	0	0	0	0	0	0	0	0	0	0	0	0	0	0	0	0	0	0	0	0	0	0	0	0	0	0	0	0	0	0	0	0	0	0	0	0	0	0	0	0	0	0	0	0	0	0	0	0	0	0	0	0	0	0	0	0	0	0	0	0	0	0	0	0	0	0	0	0	0	0	0	0	0	0	0	0	0	0	0	0	0	0	0	0	0	0	0	0	0	0	0	5	0	0	0	0	0	0	0	0	0	0	0	0	0	0	0	0	0	0	0	0	0	0	0	0	0	0	0	0	0	0	0	0	0	0	0	0	0	0	0	0	0	0	0	0	0	0	0	0	0	0	0	0	0	0	0	0	0	0	0	0	0	0	0	0	0	0	0	0	0	0	0	0	0	0	0	0	0	0	0	0	0	0	0	0	0	0	0	0	0	0	0	0	0	0	57	0	0	0	0	0	0	0	0	94	0	0	0	0	0	0	0	0	0	0	0	0	0	0	0	0	72	0	0	0	0	0	0	0	0	0	0	0	0	0	0	0	0	0	5	0	0	0	0	0	0	0	0	0	0	0	0	0	0	0	0	0	0	0	0	0	0	0	0	0	0	0	0	0	0	0	0	0	0	0	0	0	0	0	0	0	0	0	0	0	0	0	0	0	0	0	0	0	0	0	0	0	0	0	0	0	2	0	0	0	0	0	0	0	0	0	0	43	0	0	0	0	0	0	5	0	0	0	143	0	123	0	0	0	0	0	0	0	0	0	0	0	0	0	0	0	0	0	0	0	0	0	0	0	0	0	0	0	0	0	0	0	0	0	0	0	0	0	0	19	0	0	0	0	0	0	74	0	0	0	0	0	92	0	0	0	0	0	55	91	0	0	0	70	0	177	0	29	0	17	0	0	0	0	0	2	0	0	0	0	0	0	0	0	0	0	0	0	0	36	0	0	0	0	0	88	0	0	0	0	0	0	0	0	0	0	0	178	35	0	0	2	0	0	0	0	0	0	0	0	0	0	0	0	0	0	0	0	0	0	0	0	178	0	0	0	0	0	0	0	0	0	0	159	0	0	124	0	0	0	0	0	0	64	139	0	0	105	61	0	0	98	155	0	0	73	2	65	67	148	0	25	30	48	185	0	97	0	32	89	51	0	71	0	158	59	125	0	215	0	0	39	0	0	76	80	146	0	0	35	0	0	0	0	17	13	42	62	114	21	118	0	137	0	111	176	0	269	22	11	102	77	11	0	0	132	5	0	58	0	0	21	0	0	0	0	171	0	4	0	0	0	97	19	0	0	0	0	0	0	56	92	59	0	0	26	27	264	0	0	39	78	30	0	0	138	143	63	0	0	80	56	99	140	115	152	140	176	142	115	148	143	86	42	125	0	0	0	63	0	209	73	0	0	80	47	102	0	0	90	0	0	28	86	0	101	84	232	21	0	116	0	0	148	183	48	105	0	0	0	202	93	82	0	202	7	0	123	0	126	161	0	87	88	86	22	155	33	49	100	97	100	86	82	21	0	142	80	0	46	0	84
135	0	0	0	0	0	0	0	0	0	0	0	0	0	0	0	0	0	0	0	0	0	0	0	0	0	0	0	0	0	0	0	0	0	0	0	0	0	0	0	0	0	0	0	0	0	0	0	0	0	0	0	0	0	0	0	0	0	0	0	0	0	0	0	0	0	0	0	0	0	0	0	0	0	0	0	0	0	0	0	0	0	0	0	0	0	0	0	0	0	0	0	0	0	0	0	0	0	0	0	0	0	0	0	0	0	0	0	0	0	0	0	0	0	0	0	0	0	0	0	0	0	0	0	0	0	0	0	0	0	0	0	0	0	0	0	0	0	0	0	0	0	0	0	0	0	0	0	0	0	0	0	0	0	0	0	0	0	0	0	0	0	0	0	0	0	0	0	0	0	0	0	0	0	0	0	0	0	0	0	0	0	0	0	0	0	0	0	0	0	0	0	0	0	0	0	0	0	0	0	0	0	0	0	0	0	0	0	0	0	0	0	0	0	0	0	0	0	0	0	0	0	0	0	0	0	0	0	0	0	0	0	0	0	0	0	0	0	0	0	0	0	0	0	0	0	0	0	0	0	0	0	0	0	0	0	0	0	0	0	0	0	0	0	0	0	0	0	0	0	0	0	0	0	0	0	0	0	0	0	0	0	0	0	0	0	0	0	0	0	0	0	0	0	0	0	0	0	0	0	0	0	0	0	0	0	0	0	0	0	0	0	0	0	0	0	0	0	0	0	0	0	0	0	0	0	0	0	0	0	0	0	0	0	0	0	0	0	0	0	0	0	0	0	0	0	0	0	0	0	0	0	0	0	0	0	0	0	0	0	0	0	0	0	0	0	0	0	0	0	0	0	0	0	0	0	0	0	0	0	0	0	0	4	0	0	0	0	0	0	0	0	0	0	0	0	0	0	0	0	0	0	0	0	0	0	0	0	0	0	0	0	0	0	0	0	0	0	0	0	0	0	0	0	0	0	0	0	0	0	0	0	0	0	0	14	0	0	0	0	0	0	0	0	0	0	0	0	0	20	0	0	0	0	0	0	0	0	0	0	1	0	0	0	0	0	0	0	0	0	0	0	0	0	0	0	0	0	0	0	0	0	0	0	0	0	0	0	0	0	0	0	0	0	0	0	0	0	0	0	0	0	0	0	0	0	0	0	0	0	0	0	0	0	0	0	0	0	0	0	0	0	0	0	4	0	0	0	0	0	0	12	0	0	0	0	0	0	0	0	0	0	0	0	0	0	0	0	0	0	0	0	0	0	0	0	0	0	0	0	0	0	0	0	0	0	0	0	0	0	0	0	0	0	0	0	0	0	0	0	0	0	0	0	0	0	0	0	0	0	0	0	0	0	0	0	0	0	0	0	0	0	0	0	0	0	0	0	0	0	0	0	0	0	0	0	0	0	0	45	0	0	0	0	0	0	0	0	51	0	0	6	0	0	0	0	0	0	0	0	0	0	0	0	0	44	0	0	0	0	0	0	0	0	0	0	0	0	0	0	0	0	0	55	0	0	0	0	0	0	1	0	0	0	0	1	0	0	0	0	0	0	0	0	0	0	0	0	0	0	0	0	0	0	0	0	0	0	12	0	0	0	0	0	0	0	0	0	0	0	0	0	0	0	0	0	0	0	0	0	0	0	0	0	0	0	0	0	0	0	0	0	0	0	0	0	198	0	0	1	0	0	0	15	0	0	0	223	0	100	0	0	0	0	0	0	0	0	0	0	0	0	0	0	0	0	0	0	0	0	0	0	0	0	0	0	0	0	0	0	0	0	0	0	0	0	0	0	170	0	0	0	0	0	0	177	0	0	0	0	0	112	0	0	0	0	0	67	122	0	0	0	43	0	146	0	45	0	10	0	0	0	0	0	0	0	0	0	0	0	0	0	0	0	0	0	0	0	198	0	0	0	0	0	74	0	0	0	0	0	0	0	0	0	0	0	52	86	0	0	0	0	0	0	0	0	0	0	0	0	0	0	0	0	3	0	0	0	0	0	0	74	0	0	0	0	0	0	0	0	0	0	70	0	0	136	0	0	0	0	0	0	181	40	0	0	148	195	0	0	122	44	0	0	172	22	136	73	158	0	82	72	86	128	0	90	0	121	160	25	0	117	0	68	0	70	0	121	0	0	51	0	0	169	36	14	0	0	198	0	0	0	0	92	1	96	46	260	18	214	0	146	0	84	13	0	131	59	0	115	28	84	0	0	237	35	0	18	0	0	150	0	0	0	0	131	0	0	0	0	0	173	49	0	0	0	0	0	0	28	5	70	0	0	13	69	309	0	0	91	130	55	0	0	183	40	165	0	0	89	8	22	236	4	133	100	58	244	30	64	270	105	40	11	0	0	0	73	0	161	34	0	0	103	48	132	0	0	108	0	0	12	16	0	223	186	18	74	0	121	0	0	263	40	323	51	0	0	0	175	88	43	0	46	0	0	81	0	182	14	0	130	27	34	30	46	35	226	141	148	57	62	74	8	0	349	160	0	24	0	69
136	0	0	0	0	0	0	0	0	0	0	0	0	0	0	0	0	0	0	0	0	0	0	0	0	0	0	0	0	0	0	0	0	0	0	0	0	0	0	0	0	0	0	0	0	0	0	0	0	0	0	0	0	0	0	0	0	0	0	0	0	0	0	0	0	0	0	0	0	0	0	0	0	0	0	0	0	0	0	0	0	0	0	0	0	0	0	0	0	0	0	0	0	0	0	0	0	0	0	0	0	0	0	0	0	0	0	0	0	0	0	0	0	0	0	0	0	0	0	0	0	0	0	0	0	0	0	0	0	0	0	0	0	0	0	0	0	0	0	0	0	0	0	0	0	0	0	0	0	0	0	0	0	0	0	0	0	0	0	0	0	0	0	0	0	0	0	0	0	0	0	0	0	0	0	0	0	0	0	0	0	0	0	0	0	0	0	0	0	0	0	0	0	0	0	0	0	0	0	0	0	0	0	0	0	0	0	0	0	0	0	0	0	0	0	0	0	0	0	0	0	0	0	0	0	0	0	0	0	0	0	0	0	0	0	0	0	0	0	0	0	0	0	0	0	0	0	0	0	0	0	0	0	0	0	0	0	0	0	0	0	0	0	0	0	0	0	0	0	0	0	0	0	0	0	0	0	0	0	0	0	0	0	0	0	0	0	0	0	0	0	0	0	0	0	0	0	0	0	0	0	0	0	0	0	0	0	0	0	0	0	0	0	0	0	0	0	0	0	0	0	0	0	0	0	0	0	0	0	0	0	0	0	0	0	0	0	0	0	0	0	0	0	0	0	0	0	0	0	0	0	0	0	0	0	0	2	0	0	0	0	0	0	0	0	0	0	0	0	0	0	0	0	0	0	0	0	0	0	0	0	0	0	0	0	0	0	0	0	0	0	0	0	0	0	0	0	0	0	0	0	0	0	0	0	0	0	0	0	0	0	0	0	0	0	0	0	0	0	0	0	0	0	0	0	0	0	0	0	0	0	0	0	0	0	0	0	0	0	0	0	0	0	0	0	0	0	0	0	0	0	0	0	0	0	0	0	0	0	0	0	0	16	0	0	0	0	0	0	0	0	0	0	0	0	0	0	0	0	0	0	0	0	0	0	0	0	0	0	0	0	0	0	0	0	0	0	0	0	0	0	0	0	0	0	0	0	0	0	0	0	0	0	0	0	0	0	0	0	0	0	0	0	0	0	0	0	0	0	0	0	0	0	0	0	0	0	0	0	0	0	0	0	0	0	0	0	0	0	0	0	0	0	0	0	0	0	0	0	0	0	0	0	0	0	0	0	0	0	0	0	0	0	0	0	0	0	0	0	0	0	0	0	0	0	0	0	0	0	0	0	0	0	0	0	0	0	0	0	0	0	0	0	0	0	0	0	0	0	0	0	0	0	0	0	0	0	0	0	163	0	0	0	0	17	0	0	0	53	0	0	0	0	0	0	0	0	0	0	0	0	0	0	0	0	56	0	0	0	0	0	0	0	0	0	0	0	0	0	0	0	0	0	24	0	0	0	0	0	0	103	0	29	0	0	0	0	0	0	0	0	0	0	0	0	0	0	0	0	0	0	0	0	0	0	4	0	0	0	0	0	0	0	0	0	32	0	0	0	0	0	0	0	0	0	0	0	0	0	0	0	0	1	0	0	0	0	0	0	0	0	0	0	0	0	0	27	0	0	0	0	0	0	13	0	0	0	43	0	30	0	0	0	0	0	0	0	0	0	0	0	0	0	0	0	0	0	0	0	0	0	0	0	0	2	0	0	0	0	0	0	0	0	0	0	0	0	0	268	0	0	0	0	0	0	156	0	0	0	0	0	140	0	0	0	0	0	19	52	0	0	0	31	0	88	0	103	0	0	32	0	0	0	0	4	0	0	0	20	0	0	0	0	0	0	0	0	0	48	0	0	32	0	0	29	0	0	0	0	0	0	0	0	0	0	0	106	239	0	0	101	0	0	0	0	0	0	0	0	0	0	0	0	0	0	0	0	0	0	0	0	130	0	0	0	0	0	0	0	0	0	0	92	0	0	32	0	0	0	0	0	0	86	10	0	0	46	66	0	0	45	59	0	0	32	1	228	88	105	0	117	75	101	135	0	30	0	195	99	72	0	35	0	165	0	202	8	50	0	0	118	0	4	10	79	69	0	0	237	0	0	0	2	20	95	58	170	54	13	120	0	10	0	92	132	0	106	194	0	103	118	156	0	0	112	11	0	90	0	34	81	0	0	0	0	25	0	0	0	0	0	26	32	0	0	0	0	0	0	76	106	77	0	0	10	14	67	0	0	80	72	29	0	0	83	167	37	0	0	51	62	95	140	33	11	18	67	29	71	178	145	39	27	33	0	0	0	38	0	72	77	0	0	106	129	193	0	0	208	0	0	317	38	0	18	148	152	80	0	69	0	0	119	79	142	208	0	0	0	23	126	152	0	97	68	0	144	0	103	123	0	111	171	54	151	181	39	21	56	114	154	89	37	17	0	48	50	0	87	0	59
137	0	0	0	55	0	0	0	0	0	0	0	0	0	0	0	0	0	0	0	0	0	0	0	0	0	0	0	0	0	0	0	0	0	0	0	0	0	0	0	0	0	0	0	0	0	0	0	0	0	0	0	0	0	0	0	0	0	0	0	0	0	0	0	0	0	0	0	0	0	0	0	0	0	0	0	0	0	0	0	0	0	0	0	0	0	0	0	0	0	0	0	0	0	0	0	0	0	0	0	0	0	0	0	0	0	0	0	0	0	0	0	0	0	0	0	0	0	0	0	0	0	0	0	0	0	0	0	0	0	0	0	0	0	0	0	0	0	0	14	0	0	0	0	0	0	0	0	0	2	0	0	0	0	0	0	0	0	0	0	0	0	0	0	0	0	0	0	0	0	0	0	0	0	0	0	0	0	0	0	0	0	0	0	0	0	0	0	0	0	0	0	0	0	0	0	0	0	0	0	0	0	0	0	0	0	0	0	0	0	0	0	0	0	0	0	0	0	0	0	0	0	0	0	0	0	0	0	0	0	0	0	0	0	0	0	0	0	0	0	0	0	0	0	0	0	0	0	0	0	0	0	0	0	0	0	0	0	0	0	0	0	0	0	0	0	0	25	0	0	0	0	0	0	0	0	0	0	0	0	0	0	0	0	0	0	0	0	0	0	0	0	0	0	0	0	0	0	0	0	0	0	0	0	0	0	0	0	0	0	0	0	0	0	0	0	0	0	0	0	0	0	0	0	0	0	0	0	0	0	0	0	0	0	0	0	0	0	0	0	0	0	0	0	0	0	0	0	0	0	0	0	0	0	0	0	0	0	0	0	0	0	0	0	0	0	0	0	0	0	0	0	0	0	0	0	0	0	0	0	0	0	0	0	0	0	0	0	0	0	0	0	0	0	0	0	0	0	0	0	0	0	0	0	0	0	0	0	0	0	0	0	0	0	0	0	0	0	0	0	0	0	0	0	0	0	0	0	0	0	0	0	0	0	0	0	0	0	0	0	0	0	0	0	0	0	0	0	0	0	0	0	0	0	0	0	0	0	0	0	0	0	0	0	0	0	0	0	0	0	0	0	0	0	0	0	0	0	0	0	0	0	0	0	0	54	0	0	0	0	0	6	0	0	0	0	0	0	0	0	0	0	0	0	0	0	0	0	0	0	0	0	0	0	0	0	0	0	0	0	0	0	0	0	0	0	0	0	0	0	0	0	0	0	0	0	0	0	0	0	0	0	0	0	0	0	0	0	1	0	0	0	0	0	0	0	0	0	0	0	0	0	0	0	0	0	0	0	0	0	0	0	0	0	0	0	0	0	0	0	0	0	0	0	0	0	0	0	0	0	0	0	0	0	0	0	0	0	0	0	0	0	0	0	0	0	0	0	0	50	0	0	0	0	0	0	0	0	0	30	0	0	0	0	0	0	0	0	21	0	0	0	0	0	0	0	0	0	0	0	0	0	0	0	0	145	0	0	0	0	0	0	0	0	0	0	0	0	0	0	0	0	15	22	0	0	0	0	0	0	72	0	0	1	0	0	0	0	0	4	0	0	0	0	0	0	0	0	0	0	0	0	0	0	0	0	0	0	0	0	0	0	0	0	0	0	0	0	0	0	0	0	0	0	0	0	0	0	0	0	0	0	0	0	0	0	0	0	0	0	0	0	0	0	0	0	87	0	0	0	0	0	0	139	0	0	0	62	0	98	0	0	0	0	0	0	0	0	0	0	0	0	0	0	0	0	0	0	0	0	0	0	0	0	0	0	0	0	0	0	0	0	0	1	0	0	0	0	76	0	0	0	0	0	0	113	0	0	0	0	0	95	0	0	0	0	0	83	78	0	0	0	152	0	101	0	15	0	0	0	0	0	0	0	0	0	0	0	0	0	0	0	0	14	0	0	0	0	21	0	0	0	0	0	87	0	0	0	0	0	0	0	0	0	0	0	10	24	0	0	90	1	0	0	0	0	0	0	0	0	0	0	0	0	0	0	0	0	0	0	0	185	0	0	0	0	0	4	0	0	0	0	47	0	0	46	0	0	0	0	0	0	5	68	0	0	22	352	0	0	91	45	2	0	37	0	43	59	184	0	146	85	206	79	0	66	0	220	481	119	0	105	0	127	0	30	0	88	0	0	81	0	19	47	38	82	0	0	119	0	0	0	0	50	168	118	70	73	214	59	0	17	0	96	3	0	57	179	0	36	162	199	0	0	63	0	0	22	0	26	114	0	0	0	0	16	0	0	0	0	0	13	78	0	0	0	0	0	0	56	114	50	0	0	132	9	167	0	0	42	65	31	0	0	143	46	120	0	0	37	59	209	87	74	103	228	81	204	205	281	110	64	52	31	0	0	0	116	0	103	108	0	0	133	22	61	0	0	167	0	0	0	60	0	40	51	10	77	0	118	0	0	41	162	128	52	0	0	0	66	125	23	0	96	0	0	133	0	79	65	0	288	217	109	85	187	188	51	98	144	290	46	103	101	0	49	86	0	50	0	92
138	0	0	0	0	0	0	0	0	0	0	0	0	0	0	0	0	0	0	0	0	0	0	0	0	0	0	0	0	0	0	0	0	0	0	0	0	0	0	0	0	0	0	0	0	0	0	0	0	0	0	0	0	0	0	0	0	0	0	0	0	0	0	0	0	0	0	0	0	0	0	0	0	0	0	0	0	0	0	0	0	0	0	0	0	0	0	0	0	0	0	0	0	0	0	0	0	0	0	0	0	0	0	0	0	0	0	0	0	0	0	0	0	0	0	0	0	0	0	0	0	0	0	0	0	0	0	0	0	0	0	0	0	0	0	0	0	0	0	0	0	0	0	0	0	0	0	0	0	0	0	0	0	0	0	0	0	0	0	0	0	0	0	0	0	0	0	0	0	0	0	0	0	0	0	0	0	0	0	0	0	0	0	0	0	0	0	0	0	0	0	0	0	0	0	0	0	0	0	0	0	0	0	0	0	0	0	0	0	0	0	0	0	0	0	0	0	0	0	0	0	0	0	0	0	0	0	0	0	0	0	0	0	0	0	0	0	0	0	0	0	0	0	0	0	0	0	0	0	0	0	0	0	0	0	0	0	0	0	0	0	0	0	0	0	0	0	0	0	0	0	0	0	0	0	0	0	0	0	0	0	0	0	0	0	0	0	0	0	0	0	0	0	0	0	0	5	0	0	0	0	0	0	0	0	0	0	0	0	0	0	0	0	0	0	0	0	0	0	0	0	0	0	0	0	0	0	0	0	0	0	0	0	0	0	0	0	0	0	0	0	0	0	0	0	0	0	0	0	0	0	0	0	0	0	0	0	0	0	0	0	0	0	0	0	0	0	0	0	0	0	0	0	0	0	0	0	0	0	0	0	0	0	0	0	0	12	0	0	0	0	0	0	0	0	0	0	0	0	0	0	0	0	0	0	0	0	0	0	0	0	0	0	0	0	0	0	0	0	0	0	0	0	0	0	0	0	0	0	0	0	0	0	0	0	0	0	0	0	0	0	0	0	0	0	0	0	0	0	2	0	0	0	0	0	0	0	0	0	0	0	0	0	0	0	0	0	0	0	0	0	0	0	0	0	0	0	0	0	0	0	0	0	0	0	0	0	0	0	0	0	0	0	0	0	0	0	0	0	0	0	0	0	0	0	0	0	0	0	0	0	0	0	0	0	0	0	0	0	0	0	0	0	0	0	0	0	0	0	0	0	0	0	0	0	0	0	0	0	0	0	0	0	0	0	0	0	0	0	0	0	0	0	0	0	0	0	0	0	0	0	0	0	0	0	0	0	0	0	0	0	0	0	0	0	0	0	0	0	0	0	0	0	0	0	0	0	0	0	0	0	0	0	0	0	0	0	0	0	0	0	0	0	0	0	0	0	0	0	0	0	0	0	0	0	0	0	0	0	1	0	0	0	0	0	0	0	0	121	0	0	0	0	0	0	0	0	0	0	0	0	0	0	0	0	107	0	0	0	0	0	0	0	0	0	0	0	0	20	0	0	0	0	0	0	0	0	0	0	4	0	0	0	0	0	0	0	0	0	0	0	0	0	0	0	0	0	0	0	0	0	0	0	0	0	0	0	3	0	0	0	0	0	0	0	0	0	0	0	0	0	0	0	0	0	0	0	0	0	0	0	0	0	0	0	0	0	0	0	0	0	0	0	0	0	0	179	0	0	0	0	0	0	5	0	0	0	131	0	11	0	0	0	0	0	0	0	0	0	0	0	0	0	0	0	0	0	0	0	0	0	0	0	0	0	0	4	0	0	0	0	0	0	0	0	0	0	0	76	0	0	0	0	0	0	133	0	0	0	0	0	218	0	0	0	0	0	15	48	0	0	0	273	0	33	0	43	0	3	0	0	0	0	0	38	0	0	0	0	0	0	0	0	0	0	0	0	0	31	0	0	0	0	0	179	0	0	0	0	0	0	0	0	0	0	0	62	17	0	0	74	0	0	0	0	0	0	0	0	0	0	0	0	0	0	0	0	0	0	0	0	68	0	0	0	0	0	0	0	0	0	0	178	0	0	208	0	0	0	0	0	0	184	195	0	0	119	14	0	0	99	67	0	0	127	137	165	40	32	0	0	148	10	45	0	93	0	51	19	221	0	36	0	189	0	230	0	119	0	0	184	0	19	69	224	64	0	0	183	0	0	0	0	283	116	147	475	144	95	69	0	110	0	12	76	0	204	180	0	316	193	27	0	0	15	29	0	30	0	0	126	1	0	0	0	131	0	0	0	0	0	130	5	0	0	0	0	0	0	29	206	67	0	0	50	148	24	0	0	155	127	180	0	0	260	214	30	0	0	133	70	28	113	311	82	77	65	215	152	39	247	20	179	197	0	0	0	23	0	230	44	0	0	75	52	177	0	0	76	0	0	0	16	0	285	7	81	362	0	124	0	0	43	69	98	102	0	0	0	12	53	44	0	32	0	0	88	0	39	39	0	66	133	84	118	66	110	33	140	86	228	103	45	263	0	74	65	0	32	0	55
139	0	0	0	0	0	0	0	0	0	0	0	0	0	0	0	0	0	0	0	0	0	0	0	0	0	0	0	0	0	0	0	0	0	0	0	0	0	0	0	0	0	0	0	0	0	0	0	0	0	0	0	0	0	0	0	0	0	0	0	0	0	0	0	0	0	0	0	0	0	0	0	0	0	0	0	0	0	0	0	0	0	0	0	0	0	0	0	0	0	0	0	0	0	0	0	0	0	0	0	0	0	0	0	0	0	0	0	0	0	0	0	0	0	0	0	0	0	0	0	0	0	0	0	0	0	0	0	0	0	0	0	0	0	0	0	0	0	0	0	0	0	0	0	0	0	0	0	0	0	0	0	0	0	0	0	0	0	0	0	0	0	0	0	0	0	0	0	0	0	0	0	0	0	0	0	0	0	0	0	0	0	0	0	0	0	0	0	0	0	0	0	0	0	0	0	0	0	0	0	0	0	0	0	0	0	0	0	0	0	0	0	0	0	0	0	0	0	0	0	0	0	0	0	0	0	0	0	0	0	0	0	0	0	0	0	0	0	0	0	0	0	0	0	0	0	0	0	0	0	0	0	0	0	0	0	0	0	0	0	0	0	1	0	0	0	0	0	0	0	0	0	0	0	0	0	0	0	0	0	0	0	0	0	0	0	0	0	0	0	0	0	0	0	0	0	0	0	0	0	0	0	0	0	0	0	0	0	0	0	0	0	0	0	0	0	0	0	0	0	0	0	0	0	0	0	0	31	0	0	0	0	0	0	0	0	0	0	0	0	0	0	0	0	0	0	0	0	0	0	0	0	0	0	0	0	0	0	0	0	0	0	0	0	0	0	0	0	0	0	0	0	0	0	0	0	0	0	0	0	0	0	0	0	0	0	0	0	0	0	0	0	0	0	0	0	0	0	0	0	0	0	0	0	0	0	0	0	0	0	0	0	0	0	0	0	0	0	0	0	0	0	0	0	0	0	0	0	0	0	0	0	0	0	0	0	0	0	0	0	0	0	0	0	0	0	0	0	0	0	0	0	0	0	0	0	0	0	0	0	0	0	0	0	0	0	0	0	0	0	0	0	23	0	0	0	0	0	0	0	0	0	0	0	0	0	0	0	0	0	0	0	0	0	0	0	0	0	0	0	0	25	0	0	0	0	0	0	0	0	0	0	0	0	0	0	0	0	0	0	0	0	0	0	0	0	0	0	0	0	0	0	0	1	0	0	0	0	0	0	0	0	0	0	0	0	0	0	0	0	0	0	0	0	0	0	0	0	0	0	0	0	0	0	0	0	0	0	0	0	0	0	0	0	0	0	0	0	0	0	0	0	0	0	0	0	0	0	0	0	0	0	0	0	0	0	0	0	0	0	0	0	0	0	0	0	0	0	0	0	0	0	0	0	0	0	0	0	0	40	0	0	0	0	0	0	0	0	140	0	0	0	0	0	0	0	0	0	0	0	0	0	0	0	0	56	0	0	0	0	0	2	0	0	0	0	0	0	0	0	0	0	0	116	0	0	0	0	0	0	0	0	0	0	0	0	0	0	0	0	0	0	0	0	0	0	0	0	0	0	0	0	0	0	0	0	0	0	2	0	0	0	0	0	0	5	0	0	0	0	0	0	0	0	0	0	0	0	0	0	0	0	0	0	0	0	0	0	0	0	0	0	0	0	0	0	182	0	0	0	0	0	0	47	0	0	0	171	0	70	0	0	0	0	0	0	0	0	0	0	0	0	0	0	0	0	0	0	0	0	0	0	0	0	0	0	0	0	0	0	0	0	0	0	0	0	0	0	112	0	0	0	0	0	0	138	0	0	0	0	0	2	0	0	0	0	0	51	69	0	0	0	98	0	109	0	186	0	0	0	0	0	0	0	0	0	0	0	0	0	0	0	0	0	0	0	0	0	72	0	0	0	0	0	11	0	0	0	0	0	0	0	0	0	0	0	44	112	0	0	2	0	0	0	0	0	0	0	0	0	0	0	0	0	0	0	0	0	0	0	0	47	0	0	0	0	0	0	0	0	0	0	79	0	0	38	0	0	0	0	0	0	153	290	0	0	14	137	0	0	45	176	0	0	20	110	131	16	79	0	63	34	67	32	0	43	0	117	164	43	0	20	0	54	0	229	0	102	0	0	55	0	1	5	63	126	0	0	145	0	0	0	0	80	7	320	202	197	211	117	0	76	0	92	166	0	36	28	0	90	126	127	0	0	297	151	0	50	0	3	155	0	0	0	0	292	0	0	0	0	0	16	109	0	0	0	0	0	0	159	169	49	0	0	58	81	250	0	0	68	105	87	0	0	129	153	122	0	0	157	28	72	95	59	61	139	22	280	22	189	112	127	31	99	0	0	0	72	0	34	45	0	0	22	71	7	0	0	107	0	0	31	189	0	81	4	61	191	0	259	0	0	283	174	168	141	0	0	0	94	93	108	0	23	12	0	43	0	221	26	0	210	209	52	19	29	89	73	125	44	92	140	3	104	0	68	61	0	111	0	149
140	0	0	0	0	0	0	0	0	0	0	0	0	0	0	0	0	0	0	0	0	0	0	0	0	0	0	0	0	0	0	0	0	0	0	0	0	0	0	0	0	0	0	0	0	0	0	0	0	0	0	0	0	0	0	0	0	0	0	0	0	0	0	0	0	0	0	0	0	0	0	0	0	0	0	0	0	0	0	0	0	0	0	0	0	0	0	0	0	0	0	0	0	0	0	0	0	0	0	0	0	0	0	0	0	0	0	0	0	0	0	0	0	0	0	0	0	0	0	0	0	0	0	0	0	0	0	0	0	0	0	0	0	0	0	0	0	0	0	0	0	0	0	0	0	0	0	0	0	0	0	0	0	0	0	0	0	0	0	0	0	0	0	0	0	0	0	0	0	0	250	0	0	0	0	0	0	0	0	0	0	0	0	0	0	0	0	0	0	0	0	0	0	0	0	0	0	0	0	0	0	0	0	0	0	0	0	0	0	0	0	0	0	0	0	0	0	0	0	0	0	0	0	0	0	0	0	0	0	0	0	0	0	0	0	0	0	0	0	0	0	0	0	0	0	0	0	0	0	0	0	0	0	0	0	0	0	0	0	0	0	0	0	0	0	0	0	0	0	0	0	0	0	0	0	0	0	0	0	0	0	0	0	0	0	0	0	0	0	0	0	0	0	0	0	0	0	0	0	0	0	0	0	0	0	0	0	0	0	0	0	0	0	0	0	0	0	0	0	0	0	0	0	0	0	0	0	0	0	0	0	0	0	0	0	0	0	0	0	0	0	0	0	0	0	0	0	0	0	0	0	0	0	0	0	0	0	0	0	0	0	0	0	0	0	0	0	0	0	0	0	0	0	0	0	0	0	0	0	0	0	0	0	0	0	0	0	0	0	0	0	0	0	0	0	0	0	0	0	0	0	0	0	0	0	0	0	0	0	0	0	0	0	0	0	0	0	0	0	0	0	0	0	0	0	0	0	0	0	0	115	0	0	0	0	0	0	41	0	1	0	0	0	0	0	0	0	0	0	0	0	0	0	0	0	0	0	0	0	0	0	0	0	0	0	0	0	0	0	0	0	0	0	0	0	0	0	0	0	0	0	0	0	0	0	8	0	0	0	0	0	0	0	0	0	0	0	0	0	0	0	0	0	0	0	0	0	0	0	0	0	0	0	0	0	0	0	0	0	0	0	0	0	0	0	0	0	0	0	0	0	0	0	0	0	0	0	0	0	0	0	0	0	0	0	0	6	0	0	0	0	0	0	0	0	0	0	0	0	0	0	0	0	0	0	0	0	0	0	0	0	0	0	0	0	0	0	0	0	0	0	0	37	0	0	0	0	0	0	0	0	0	0	0	0	0	0	0	0	0	0	0	0	0	0	0	0	0	4	0	0	0	0	0	0	0	0	0	0	29	0	0	0	0	0	0	0	0	36	0	0	0	0	0	0	0	0	0	0	0	0	3	0	0	0	43	0	0	0	0	0	0	0	0	0	0	0	0	0	0	0	0	0	38	0	0	0	0	0	0	0	0	0	0	0	6	0	0	0	0	0	0	0	0	0	0	0	0	0	0	0	1	0	0	0	0	0	0	9	0	0	0	0	0	0	0	0	0	0	0	0	0	0	0	0	0	0	0	0	0	0	0	0	0	0	0	0	0	0	0	0	0	0	0	0	0	44	0	0	0	0	0	0	48	0	0	0	75	0	27	0	0	0	0	0	0	0	0	0	0	0	0	0	0	0	0	0	0	0	0	0	0	0	0	0	0	0	0	0	0	0	0	0	0	0	0	0	0	43	0	0	0	0	0	0	38	0	0	0	0	0	82	0	0	0	0	0	79	99	0	0	0	54	0	50	0	69	0	26	0	0	0	0	0	0	0	0	0	0	0	0	0	0	0	0	0	0	0	42	0	0	0	0	0	129	0	0	0	0	0	0	0	0	0	0	0	50	80	0	0	81	0	5	0	0	0	0	0	0	0	0	0	0	0	0	0	0	0	0	0	0	65	0	0	0	0	0	0	0	0	0	0	158	0	0	152	0	0	0	0	0	0	91	103	0	0	29	157	0	0	19	103	0	0	38	89	103	25	295	0	163	74	91	84	0	91	0	164	23	54	0	73	0	126	0	99	0	69	0	0	64	0	69	116	52	46	0	0	28	0	0	0	0	33	58	379	371	33	34	86	0	99	0	97	50	0	46	86	0	195	83	7	0	0	36	329	0	105	0	10	122	0	0	0	0	64	0	0	0	0	0	184	102	0	0	0	0	0	0	44	150	28	0	0	104	87	42	0	0	226	70	119	0	0	162	112	156	0	8	187	169	58	63	137	89	67	91	102	78	208	94	56	36	47	0	0	0	113	0	168	10	0	0	28	150	31	0	0	56	0	0	115	98	0	79	79	32	31	0	106	0	0	212	150	90	57	0	0	0	111	98	123	0	34	162	0	52	0	105	263	0	188	170	233	99	118	65	211	75	356	153	63	55	252	0	73	81	0	102	0	141
141	0	0	0	0	0	0	0	0	0	0	0	0	0	0	0	0	0	0	0	0	0	0	0	0	0	0	0	0	0	0	0	0	0	0	0	0	0	0	0	0	0	0	0	0	0	0	0	0	0	0	0	0	0	0	0	0	0	0	0	0	0	0	0	0	0	0	0	0	0	0	0	0	0	0	0	0	0	0	0	0	0	0	0	0	0	0	0	0	0	0	0	0	0	0	0	0	0	0	0	0	0	0	0	0	0	0	0	0	0	0	0	0	0	0	0	0	0	0	0	0	0	0	0	0	0	0	0	0	0	0	0	0	0	0	0	0	0	0	0	0	0	0	0	0	0	0	0	0	0	0	0	0	0	0	0	0	0	0	0	0	0	0	0	0	0	0	0	0	0	0	0	0	0	0	0	0	0	0	0	0	0	0	0	0	0	0	0	0	0	0	0	0	0	0	0	0	0	0	0	0	0	0	0	0	0	0	0	0	0	0	0	0	0	0	0	0	0	0	0	0	0	0	0	0	0	0	0	0	0	0	0	0	0	0	0	0	0	0	0	0	0	0	0	0	0	0	0	0	0	0	0	0	0	0	0	0	0	0	0	0	0	0	0	0	0	0	0	0	0	0	0	0	0	0	0	0	0	0	0	0	0	0	0	0	0	0	0	0	0	0	0	0	0	0	0	0	0	0	0	0	0	0	0	0	0	0	0	0	0	0	0	0	0	0	0	0	0	0	0	0	0	0	2	0	0	0	0	0	0	0	0	0	0	0	0	0	0	0	0	0	0	0	0	0	0	0	0	0	0	0	0	0	0	0	0	0	0	0	0	0	0	0	0	0	0	0	0	0	0	0	0	0	0	0	0	0	0	0	0	0	0	0	0	0	0	0	0	0	0	0	0	0	0	0	0	0	0	0	0	0	0	0	0	0	0	0	0	0	0	0	0	0	0	0	0	0	0	0	0	0	0	3	0	0	0	0	0	0	0	0	0	0	0	0	0	0	0	0	0	0	0	0	0	0	0	0	0	0	0	0	0	0	0	0	0	0	0	0	0	0	0	0	0	0	0	0	0	0	0	0	0	0	0	0	0	0	0	0	0	0	0	0	0	0	0	0	0	0	0	0	0	0	0	0	0	0	0	0	0	0	15	0	0	0	0	0	0	0	0	0	0	0	0	0	0	0	0	0	0	0	0	0	0	0	0	0	0	0	0	0	0	0	0	0	0	0	0	0	0	0	0	0	0	0	0	0	0	0	0	0	0	0	0	0	0	0	0	0	0	0	0	0	0	0	0	0	0	0	0	0	0	0	0	0	0	0	0	0	0	0	0	0	0	0	0	0	0	0	0	0	0	0	0	0	0	0	0	0	0	0	0	0	0	0	0	0	0	0	0	0	0	0	0	0	0	0	0	0	104	0	0	0	0	0	0	0	0	264	0	0	0	0	0	0	0	0	0	0	0	0	0	0	0	0	104	0	0	0	0	0	0	0	0	0	0	0	0	0	0	0	0	0	31	0	0	0	0	0	0	1	0	0	0	0	0	0	0	0	0	0	0	0	5	0	0	0	0	0	0	8	0	0	0	0	3	0	0	0	0	0	0	0	0	0	0	0	0	0	0	0	0	0	0	0	0	0	0	0	0	0	0	0	0	0	0	0	0	0	0	0	0	0	0	0	0	145	0	0	0	0	0	0	148	0	0	0	92	0	29	0	0	0	0	0	0	0	0	0	0	0	0	0	0	0	0	0	0	0	0	0	0	0	0	0	0	0	0	0	0	0	0	0	0	0	0	0	0	143	0	0	0	0	0	0	5	0	0	0	0	0	106	0	0	0	0	0	24	64	0	0	0	153	0	148	0	0	0	30	0	0	0	0	0	93	0	0	0	0	0	0	0	0	0	0	39	0	0	13	0	0	0	0	0	164	0	0	0	0	0	0	0	0	0	0	0	13	221	0	0	148	0	0	0	0	0	33	0	0	0	0	0	0	0	0	0	0	0	0	0	0	27	0	0	0	0	0	0	0	0	0	0	120	0	0	77	0	0	0	0	0	0	64	101	0	0	54	63	0	0	170	117	0	0	28	61	109	22	70	0	12	36	77	109	0	48	0	153	35	28	0	92	0	34	0	159	1	61	0	13	51	0	0	109	84	221	0	0	48	0	0	0	0	177	22	124	259	193	110	179	0	44	0	123	5	0	86	5	0	77	92	205	0	0	28	26	0	10	0	30	77	0	0	0	0	38	0	0	0	0	0	135	77	0	0	0	0	0	0	55	63	193	0	0	90	128	21	0	0	33	42	126	0	0	102	86	62	0	0	2	92	230	25	88	160	66	70	149	31	109	9	59	32	174	0	0	0	147	0	13	138	0	0	210	54	178	0	4	58	0	0	45	31	0	1	127	172	120	0	16	0	0	128	98	233	272	0	0	0	81	83	198	0	83	59	0	86	0	157	56	0	245	210	129	62	8	115	87	149	13	123	24	130	165	0	34	39	0	4	0	57
142	0	0	0	0	0	0	0	0	0	0	0	0	0	0	0	0	0	0	0	0	0	0	0	0	0	0	0	0	0	0	0	0	0	0	0	0	0	0	0	0	0	0	0	0	0	0	0	0	0	0	0	0	0	0	0	0	0	0	0	0	0	0	0	0	0	0	0	0	0	0	0	0	0	0	0	0	0	0	0	0	0	0	0	0	5	0	0	0	0	0	0	0	0	0	0	0	0	0	0	0	0	0	4	0	0	0	0	0	0	0	0	0	0	0	0	0	0	0	0	0	0	0	0	0	0	0	0	0	0	0	0	0	0	0	0	0	0	0	0	0	0	0	0	0	0	0	0	0	0	0	0	0	0	0	0	0	0	0	0	0	0	0	0	0	0	0	0	0	1	0	0	0	0	0	0	0	0	0	0	0	0	0	0	0	0	0	24	0	0	0	0	0	0	0	0	0	0	0	0	0	0	0	0	0	0	0	0	0	0	0	0	0	0	0	0	0	0	0	0	0	0	0	0	0	0	0	0	0	0	0	0	0	0	0	0	0	0	0	0	0	0	0	0	0	0	0	0	0	0	0	0	0	0	0	0	0	0	0	0	0	0	0	0	0	0	0	0	0	0	0	0	0	0	0	0	0	0	0	0	0	0	0	0	0	0	0	0	0	0	0	0	0	0	0	0	0	0	0	0	0	0	0	0	0	0	0	0	0	0	0	0	0	0	0	0	0	0	0	0	0	0	0	0	0	0	0	0	0	0	0	0	0	0	0	0	0	0	0	0	0	0	0	0	0	0	0	0	0	0	0	0	0	0	0	0	0	0	0	0	0	0	0	0	0	0	0	0	0	0	0	0	0	0	0	0	0	0	0	0	0	0	0	0	0	0	0	0	0	0	0	0	0	0	0	0	0	0	0	0	0	0	0	0	0	0	0	0	0	0	0	0	0	0	0	0	0	0	0	0	0	0	0	0	0	0	0	0	0	0	0	0	0	0	0	0	0	0	0	0	0	0	0	0	0	0	0	0	0	0	0	0	0	0	0	0	0	0	0	0	0	0	0	0	0	0	0	0	0	0	0	0	0	0	29	0	0	0	0	0	0	0	0	0	0	1	0	0	0	0	0	0	0	0	0	0	0	0	0	0	0	4	0	0	0	0	0	0	0	0	0	0	0	0	0	0	0	0	0	0	0	0	0	0	0	0	0	0	0	0	0	0	0	0	0	0	0	0	0	0	0	0	0	0	0	0	0	0	0	0	0	0	0	0	0	0	0	0	0	0	0	0	0	0	0	0	0	0	0	0	20	0	0	0	0	0	0	2	0	0	0	0	0	0	0	0	0	0	0	1	0	0	0	0	0	0	0	0	0	0	0	0	0	0	0	0	0	0	0	0	0	0	0	0	0	0	0	0	0	2	0	0	0	0	0	0	0	0	68	0	0	0	0	0	0	0	0	0	0	0	0	0	0	0	0	99	0	0	0	0	0	0	0	0	0	0	0	0	0	0	0	0	0	0	0	0	0	0	0	0	9	0	0	0	0	39	0	0	0	0	0	0	0	0	0	0	0	0	0	0	0	0	0	0	0	0	0	0	0	0	0	0	0	0	0	0	0	0	0	0	0	0	0	0	0	0	0	0	0	0	0	0	0	0	0	0	0	0	0	0	0	0	0	0	0	0	105	0	0	0	0	0	0	111	0	0	0	162	0	67	0	0	0	0	0	0	0	0	0	0	0	0	0	0	0	0	1	0	0	0	0	0	0	0	0	0	0	0	0	0	0	0	0	0	0	0	0	0	165	0	0	0	0	0	0	309	0	0	0	0	0	97	0	0	0	0	0	174	61	0	0	0	78	0	34	0	4	0	0	0	0	0	0	0	0	0	0	0	0	0	0	0	0	0	0	0	0	0	40	0	0	0	0	0	45	0	0	0	0	0	0	0	0	0	0	0	54	84	0	0	113	0	0	0	0	0	0	0	0	0	1	0	0	0	0	0	0	0	0	0	0	101	0	0	0	0	0	0	0	0	0	0	71	0	0	36	0	0	0	0	0	0	238	52	0	0	67	170	0	0	163	61	4	0	113	58	140	56	93	0	22	53	166	52	0	77	0	90	107	63	0	455	0	22	0	80	0	233	0	0	107	0	94	144	119	65	0	0	56	0	0	0	0	53	35	42	113	55	32	17	0	176	0	237	149	0	371	36	0	227	69	52	0	0	90	172	0	22	0	0	153	0	0	0	0	87	0	0	0	0	0	37	41	0	0	0	0	0	0	110	37	78	0	0	233	147	127	0	0	133	62	77	0	0	55	210	87	0	0	19	256	9	1	94	50	150	231	45	128	29	47	26	79	131	0	0	0	109	0	311	169	0	0	125	84	170	0	0	76	0	0	22	169	0	82	130	188	240	0	85	0	0	108	103	213	152	0	0	0	102	240	53	0	64	96	0	75	0	58	43	0	95	47	213	19	81	211	62	181	57	183	7	70	83	0	69	214	0	14	0	86
143	0	0	0	0	0	0	0	0	0	0	0	0	0	0	0	0	0	0	0	0	0	0	0	0	0	0	0	0	0	0	0	0	0	0	0	0	0	0	0	0	0	0	0	0	0	0	0	0	0	0	0	0	0	0	0	0	0	0	0	0	0	0	0	0	0	0	0	0	0	0	0	0	0	0	0	0	0	0	0	0	0	0	0	0	0	0	0	0	0	0	0	0	0	0	0	0	0	0	0	0	0	0	0	0	8	0	0	0	0	0	0	0	0	0	0	0	0	0	0	0	0	0	0	0	0	0	0	0	0	0	0	0	0	0	0	0	0	0	0	0	0	0	0	0	0	0	0	0	0	0	0	0	0	0	0	0	0	0	0	0	0	0	0	0	0	0	0	0	0	0	0	0	0	0	0	0	0	0	0	0	0	0	0	0	0	0	0	0	0	0	0	0	0	0	0	0	0	0	0	0	0	0	0	0	0	2	0	0	0	0	0	0	0	0	0	0	0	0	0	0	0	0	0	0	0	0	0	0	0	0	0	0	0	0	0	0	0	0	0	0	0	0	0	0	0	0	0	0	0	0	0	0	0	0	0	0	0	0	0	0	0	0	0	0	0	0	0	0	0	0	0	0	0	0	0	0	0	0	0	0	0	0	0	0	0	0	0	0	0	0	0	0	0	0	0	0	0	0	0	0	0	0	0	0	0	0	0	0	0	0	0	0	0	0	0	0	0	0	0	0	0	0	0	0	0	0	0	0	0	0	0	0	0	0	0	0	0	0	0	0	0	0	0	0	0	0	0	0	0	0	0	0	0	0	0	0	0	0	0	0	0	0	0	0	0	0	0	0	0	0	0	0	0	0	0	0	0	0	0	0	0	0	0	0	0	0	0	0	0	0	0	0	0	0	0	0	0	0	0	0	0	0	0	0	0	0	0	0	0	0	0	0	0	0	0	0	0	0	0	0	0	0	0	0	0	0	0	0	0	0	0	0	0	0	0	0	0	0	0	0	0	0	0	0	0	0	0	0	0	0	0	0	0	0	0	0	0	0	0	0	0	0	0	0	0	0	0	0	0	0	0	0	0	0	0	0	0	0	0	0	0	0	0	0	0	0	0	0	0	0	0	0	0	0	0	0	0	0	0	0	0	0	0	0	0	0	0	0	0	0	0	0	0	0	0	0	0	0	0	0	0	0	0	0	0	0	0	0	0	0	0	0	0	0	0	0	0	0	0	0	0	0	0	0	0	0	0	0	0	0	0	0	0	0	0	0	0	0	0	0	0	0	0	0	0	0	0	0	0	0	0	0	0	0	0	0	0	0	0	0	0	0	0	0	0	0	0	0	0	0	0	0	0	0	0	0	0	0	0	0	0	0	0	0	0	0	0	0	0	0	0	0	0	0	0	0	0	0	6	0	0	0	0	0	0	0	0	125	0	0	0	0	0	0	0	0	0	0	0	0	0	0	0	0	23	0	0	0	0	0	0	0	0	0	0	0	0	0	0	0	0	0	0	0	0	0	0	0	0	0	0	0	0	0	13	0	0	0	0	0	0	0	0	0	0	0	0	0	0	0	0	0	0	0	0	0	0	3	0	0	0	0	0	0	19	0	0	0	0	0	0	0	0	0	0	0	0	0	0	0	0	0	0	0	0	0	0	0	0	0	0	0	0	0	0	132	0	0	0	0	0	0	73	0	0	0	44	0	114	0	0	0	0	0	0	0	0	0	0	0	0	0	0	0	0	0	0	0	0	0	0	0	0	0	0	0	0	0	0	0	0	0	0	0	0	0	0	97	0	0	0	0	0	0	96	0	0	0	0	0	21	0	0	0	0	0	45	103	0	0	0	144	0	43	0	100	0	58	0	0	0	0	0	12	0	0	0	0	0	0	0	0	0	0	0	0	0	55	0	0	0	0	0	87	0	0	0	0	0	0	0	0	0	0	0	98	13	0	0	68	0	0	0	0	0	5	0	0	0	0	49	0	0	0	0	0	0	0	0	0	17	0	0	0	0	0	0	0	0	5	0	136	0	0	39	0	0	0	0	0	0	122	35	0	0	170	50	0	0	95	37	0	0	45	145	51	124	265	0	113	20	129	76	0	146	0	163	42	157	0	105	0	80	0	33	0	14	0	0	132	0	0	82	159	207	0	0	178	0	0	0	0	109	230	122	92	83	37	84	0	62	0	48	97	0	80	57	0	30	11	17	0	0	92	69	0	131	0	0	226	0	0	0	0	69	0	0	0	0	0	109	97	0	0	0	0	0	0	114	149	38	0	0	69	40	176	0	0	30	92	100	0	0	74	106	56	0	0	274	206	44	156	16	72	140	89	235	90	23	158	55	57	107	0	0	0	28	0	100	167	0	0	146	53	19	9	0	110	0	0	36	46	0	24	118	217	104	0	150	0	0	109	71	93	28	0	0	0	79	81	11	0	47	69	0	288	0	73	41	0	31	70	172	91	92	47	142	198	131	18	19	75	26	0	154	106	0	62	0	120
144	0	0	0	0	0	0	0	0	0	0	0	0	0	0	0	0	0	0	0	0	0	0	0	0	0	0	0	0	0	0	0	0	0	0	0	0	0	0	0	0	0	0	0	0	0	0	0	0	0	0	0	0	0	0	0	0	0	0	0	0	0	0	0	0	0	0	0	0	0	0	0	0	0	0	0	0	0	0	0	0	0	0	0	0	0	0	0	0	0	0	0	0	0	0	0	0	0	0	0	0	0	0	0	0	0	0	0	0	0	0	0	0	0	0	0	0	0	0	0	0	0	0	0	0	0	0	0	0	0	0	0	0	0	0	0	0	0	0	0	0	0	0	0	0	0	0	0	0	0	0	0	0	0	0	0	0	0	0	0	0	0	0	0	0	0	0	0	0	0	0	0	0	0	0	0	0	0	0	0	0	0	0	0	0	0	0	0	0	0	0	0	0	0	0	0	0	0	0	0	0	0	0	0	0	0	0	0	0	0	0	0	0	0	0	0	0	0	0	0	0	0	0	0	0	0	0	0	0	0	0	0	0	0	0	0	0	0	0	0	0	0	0	0	0	0	0	3	0	0	0	0	0	0	0	0	0	0	0	0	0	0	0	0	0	0	0	0	0	0	0	0	0	0	0	0	0	0	0	0	0	0	0	0	0	0	0	0	0	0	0	0	0	0	0	0	0	0	0	0	0	0	0	0	0	0	0	0	0	0	0	0	0	0	0	0	0	0	0	0	0	0	0	0	0	0	0	0	0	0	0	0	0	0	0	0	0	0	0	0	0	0	0	0	0	0	0	0	0	0	0	0	0	0	0	0	0	0	13	0	0	0	0	0	0	0	0	0	0	0	0	0	0	0	0	0	0	0	0	0	0	0	0	0	0	0	0	0	0	0	0	0	0	0	0	0	0	0	0	0	0	0	0	0	0	0	0	0	0	0	0	0	0	0	0	0	0	0	0	0	0	0	0	0	0	0	0	0	0	0	0	0	0	0	0	0	0	0	0	0	0	0	0	0	0	0	0	3	0	0	0	0	0	0	0	0	0	0	0	0	0	0	0	0	0	0	0	0	0	0	0	0	0	0	0	0	0	0	0	0	0	0	0	0	0	0	0	0	0	0	0	0	0	0	0	0	0	0	0	0	0	39	0	0	0	0	0	0	0	0	0	0	0	0	0	0	0	0	0	0	0	0	0	0	0	0	0	0	0	0	0	0	0	0	0	0	0	0	0	0	0	0	0	0	0	0	0	0	0	0	0	0	0	0	0	0	0	0	0	0	0	0	0	0	0	0	0	0	0	0	0	0	0	0	0	0	0	0	0	0	0	0	0	0	0	0	0	0	0	0	0	0	0	0	0	0	0	0	0	0	0	0	0	0	0	0	0	0	0	0	0	0	0	0	0	0	0	0	0	22	0	0	0	57	0	0	0	0	307	0	0	0	0	0	0	0	0	0	0	0	0	0	0	0	0	175	0	0	0	0	0	0	0	0	0	0	0	0	0	0	0	0	0	4	0	0	0	0	0	0	72	0	0	0	0	32	0	0	0	0	0	0	0	0	0	0	0	0	0	0	0	0	0	0	0	0	0	0	0	0	0	0	0	0	0	0	0	0	0	1	0	0	0	0	0	0	0	0	0	0	0	0	0	0	0	0	0	0	0	0	0	0	0	0	0	0	153	0	0	0	0	0	0	82	0	0	0	67	48	260	0	0	0	0	0	0	0	0	0	0	0	0	0	0	0	0	0	0	0	0	0	0	0	0	0	0	0	0	0	0	0	0	0	0	0	0	0	0	131	0	0	0	0	0	0	37	0	0	0	0	0	199	0	0	0	0	8	188	84	0	0	0	11	0	61	0	33	0	11	0	0	0	0	0	0	0	0	0	0	0	0	0	0	0	0	0	0	0	161	0	0	0	0	0	110	0	0	0	0	0	0	0	0	0	0	0	77	130	0	0	377	0	0	0	0	0	0	0	0	0	0	0	0	0	0	0	0	0	0	0	10	71	0	0	0	0	0	0	0	0	0	0	149	0	3	62	0	0	0	0	0	0	35	9	0	0	8	95	0	0	200	164	10	0	92	82	162	58	64	0	75	46	81	156	0	195	0	178	194	60	0	12	0	71	0	94	0	74	0	0	48	0	39	112	211	52	0	0	62	0	0	0	0	82	102	106	121	127	351	86	0	89	0	23	77	0	39	82	0	100	30	205	0	0	91	53	0	27	0	0	38	0	0	0	0	101	0	0	0	0	0	122	65	0	0	0	0	0	0	38	17	3	0	0	105	229	98	0	0	83	63	39	0	0	116	81	75	0	0	110	99	131	33	15	106	5	139	77	19	54	191	45	10	84	0	0	0	182	0	294	59	0	0	217	21	63	0	0	173	0	0	41	29	0	52	17	168	27	0	158	0	0	163	132	28	87	0	0	0	33	122	76	0	196	0	0	32	0	113	56	0	179	86	59	107	70	165	115	346	244	55	102	193	67	0	62	174	0	104	0	150
145	0	0	0	0	0	0	0	0	0	0	0	0	0	0	0	0	0	0	0	0	0	0	0	0	0	0	0	0	0	0	0	0	0	0	0	0	0	0	0	0	0	0	0	0	0	0	0	0	0	0	0	0	0	0	0	0	0	0	0	0	0	0	0	0	0	0	0	0	0	0	0	0	0	0	0	0	0	0	0	0	0	0	0	0	0	0	0	0	0	0	0	0	0	0	0	0	0	0	0	0	0	0	0	0	0	0	0	0	0	0	0	0	0	0	0	0	0	0	0	0	0	0	0	0	0	0	0	0	0	0	0	0	0	0	0	0	0	0	0	0	0	5	0	0	0	0	0	0	0	0	0	0	0	0	0	0	0	0	0	0	0	0	0	0	0	0	0	0	0	0	0	0	0	0	0	0	0	0	0	0	0	0	0	0	0	0	0	0	0	0	0	0	0	0	0	0	0	0	0	0	0	0	0	0	0	0	0	0	0	0	0	0	0	0	0	0	0	0	0	0	0	0	0	0	0	0	0	0	0	0	0	0	0	0	0	0	0	0	0	0	0	2	0	0	0	0	0	0	0	0	0	0	0	0	0	0	0	0	0	0	0	0	0	0	0	0	0	0	0	0	0	0	0	0	0	0	0	0	0	0	0	0	0	0	0	0	0	0	0	0	0	0	0	0	0	0	0	0	0	0	0	0	0	0	0	0	0	0	0	0	0	0	0	0	0	0	0	0	0	0	0	0	0	0	0	0	0	0	0	0	0	0	0	0	0	0	0	0	0	0	0	0	0	0	0	0	0	0	0	0	0	0	0	0	0	0	0	0	0	0	0	0	0	0	0	0	0	0	0	0	0	0	0	0	0	0	0	0	0	0	0	0	0	0	0	0	0	0	0	0	0	0	0	0	0	0	0	0	0	0	0	0	0	0	0	0	0	14	0	0	0	0	0	0	0	0	0	0	0	0	0	0	0	0	0	0	0	0	0	0	0	0	0	0	0	0	0	0	0	0	0	0	0	0	0	0	0	0	0	0	0	0	0	0	0	0	0	0	0	0	0	0	0	0	0	0	0	0	0	0	0	41	0	0	0	0	0	0	0	0	0	0	0	0	1	0	0	0	0	0	0	0	0	0	0	0	0	0	0	0	6	0	0	0	0	0	0	0	0	0	0	0	0	44	0	0	0	0	0	0	0	0	0	0	0	0	0	0	0	0	0	0	0	0	0	0	0	0	0	0	0	0	0	0	0	0	0	0	0	0	0	0	0	0	0	0	0	0	0	0	0	0	0	0	0	0	0	0	0	0	0	0	0	0	0	0	0	0	0	0	0	0	0	0	0	0	0	0	0	0	0	0	0	0	0	0	0	0	0	0	0	0	0	0	0	0	0	0	0	0	0	0	0	0	0	0	0	0	347	0	0	0	0	0	0	0	0	51	0	0	0	0	0	0	0	0	0	0	0	0	0	0	0	0	144	0	0	0	0	0	0	0	0	0	0	0	0	0	0	0	0	0	85	0	0	0	0	0	0	0	0	0	0	0	0	5	0	0	0	0	0	0	0	0	0	0	0	0	0	0	0	0	0	0	0	0	0	0	0	0	0	0	0	0	31	0	0	0	0	0	0	0	0	0	0	0	0	0	0	0	0	0	0	0	0	0	0	0	0	0	0	0	0	0	0	88	0	0	0	0	0	0	68	0	0	0	57	0	81	0	0	0	0	0	0	0	0	0	0	0	0	0	0	0	0	0	0	0	0	0	0	0	0	0	0	0	0	0	0	0	0	0	0	0	0	0	0	38	0	0	0	0	0	0	10	0	0	0	0	0	32	0	0	0	0	0	69	119	0	0	0	92	0	161	0	0	0	0	0	0	0	0	0	0	0	0	0	0	0	0	0	0	0	18	0	0	0	124	0	0	0	0	0	117	0	0	0	0	0	0	0	0	0	0	0	140	68	0	0	95	0	0	0	0	0	0	0	0	0	0	0	0	0	0	0	0	0	0	0	0	238	0	0	0	0	0	0	0	0	0	0	76	0	0	41	0	0	0	0	0	0	94	162	0	0	145	219	0	0	141	91	35	0	112	36	38	14	59	0	155	241	33	33	0	80	0	135	205	466	0	150	0	113	0	43	0	150	0	0	55	0	4	41	63	73	0	0	110	0	0	0	0	210	62	99	53	66	151	59	0	57	0	30	272	0	131	135	53	51	60	15	0	0	100	123	0	12	0	0	142	0	0	0	0	36	0	0	0	0	0	144	121	0	0	0	0	0	0	59	119	70	0	0	72	65	75	0	0	122	142	132	0	0	94	166	34	0	0	150	1	250	94	73	87	209	71	105	108	200	13	200	102	91	0	0	0	19	0	64	105	21	0	187	174	54	0	0	153	0	0	13	231	0	83	340	28	97	0	40	0	0	7	95	102	67	0	0	0	28	20	168	0	97	0	0	324	0	41	108	0	81	175	179	56	52	110	26	233	107	132	102	55	107	0	41	229	0	224	0	88
146	0	0	0	0	0	0	0	0	0	0	0	0	0	0	0	0	0	0	0	0	0	0	0	0	0	0	0	0	0	0	0	0	0	0	0	0	0	0	0	0	0	0	0	0	0	0	0	0	0	0	0	0	0	0	0	0	0	0	0	0	0	0	0	0	0	0	0	0	0	0	0	0	0	0	0	0	0	0	0	0	0	0	0	0	0	0	0	0	0	0	0	0	0	0	0	0	0	0	0	0	0	0	0	0	0	0	0	0	0	0	0	0	0	0	0	0	0	0	0	0	0	0	0	0	0	0	0	0	0	0	0	0	0	0	0	0	0	0	0	0	0	0	0	0	0	0	0	0	0	0	0	0	0	0	0	0	0	0	0	0	0	0	0	0	0	0	0	0	0	0	0	0	0	0	0	0	0	0	0	0	0	0	0	0	0	0	0	0	0	0	0	0	0	0	0	0	0	0	0	0	0	0	0	0	0	0	0	0	0	0	0	0	0	0	0	0	0	0	0	1	0	0	0	0	0	0	0	0	0	0	0	0	0	0	0	0	0	0	0	0	0	0	0	0	0	0	0	0	0	0	0	0	0	0	0	0	0	6	0	0	0	0	0	0	0	0	0	0	0	0	0	0	0	31	0	0	0	0	0	0	0	0	0	0	0	0	0	0	0	0	0	0	0	0	0	0	0	0	0	0	0	0	0	0	0	0	0	0	0	0	0	0	0	0	0	0	0	0	0	0	0	0	0	0	0	5	0	0	0	0	0	0	2	0	0	0	1	0	0	0	0	0	0	0	2	0	0	0	0	0	0	0	0	0	0	0	0	0	0	0	0	0	0	0	0	0	0	0	0	0	0	0	0	0	0	0	0	0	0	0	0	0	0	0	0	0	0	0	0	0	0	0	0	0	0	0	0	0	0	0	0	0	0	0	0	0	0	0	0	0	0	0	0	0	0	0	0	0	0	0	0	0	0	0	0	0	0	0	0	0	0	0	0	0	0	0	0	0	0	0	0	0	0	0	0	0	0	0	0	0	0	0	0	0	0	0	0	0	0	0	0	0	0	0	0	0	0	0	0	0	0	0	0	0	0	0	0	0	0	0	0	0	0	0	0	0	0	0	0	0	0	0	0	0	0	0	0	0	0	0	0	0	0	0	0	0	0	0	0	0	0	0	0	0	0	0	0	0	0	0	0	0	0	0	0	0	0	0	0	0	0	0	0	0	0	0	0	0	0	0	0	0	0	0	0	0	0	0	0	0	0	0	0	0	0	0	0	0	0	0	0	0	0	0	0	0	0	0	0	0	0	0	0	0	0	0	1	0	0	0	0	0	0	0	0	0	0	0	0	0	0	0	0	0	0	0	0	0	0	0	0	0	0	0	0	0	0	0	0	0	0	0	0	0	0	0	0	0	92	0	0	0	0	0	0	0	0	247	0	0	0	0	0	0	0	0	0	0	0	0	0	0	0	0	102	0	0	0	0	0	0	0	0	0	0	0	0	0	0	0	0	0	116	0	0	0	0	0	0	0	0	0	0	0	115	0	0	0	0	0	0	0	0	0	0	0	0	0	0	0	0	0	0	0	0	0	0	0	0	0	0	0	0	0	0	0	0	0	0	0	0	0	0	0	0	0	0	0	0	0	0	0	0	0	0	0	0	0	0	0	0	0	0	0	0	249	0	0	0	0	0	0	25	0	0	0	25	0	66	0	0	0	0	0	0	0	0	0	0	0	0	0	0	0	0	0	0	0	0	0	0	0	0	0	0	0	0	0	0	0	0	0	0	0	0	0	0	38	0	0	0	0	0	0	62	0	0	0	0	0	67	0	0	0	0	0	135	49	0	0	0	60	0	31	0	8	0	0	0	0	0	0	0	0	0	0	0	0	0	0	0	0	0	0	0	0	0	74	0	0	0	0	0	89	0	0	0	0	0	0	0	0	0	0	0	87	17	7	0	93	0	0	0	0	0	0	0	0	0	0	0	0	0	0	0	0	0	0	0	0	313	0	0	0	0	0	0	0	0	0	0	108	0	0	2	0	0	0	0	0	0	161	96	0	0	187	32	0	0	138	103	0	0	56	77	93	35	173	0	40	24	26	57	0	9	0	85	8	177	13	228	0	146	0	134	0	72	0	0	57	0	25	50	47	84	0	0	101	0	0	0	0	114	265	70	131	58	162	2	0	20	0	189	160	0	67	47	0	144	64	108	0	0	93	51	0	54	0	0	134	0	0	0	0	140	0	0	0	0	0	23	159	0	0	0	0	0	0	92	134	51	0	0	26	114	32	0	0	207	189	190	0	0	166	196	73	0	0	84	86	23	42	56	99	11	29	12	135	296	91	28	23	46	0	0	0	27	0	147	103	0	0	63	119	43	0	0	77	0	0	35	50	0	146	106	44	130	0	139	0	0	102	53	313	63	0	0	0	30	132	223	0	43	119	0	44	0	59	113	0	197	37	59	282	156	118	63	167	26	109	113	36	18	0	135	31	0	47	0	64
147	0	0	0	0	0	0	0	0	0	0	0	0	0	0	0	0	0	0	0	0	0	0	0	0	0	0	0	0	0	0	0	0	0	0	0	0	0	0	0	0	0	0	0	0	0	0	0	0	0	0	0	0	0	0	0	0	0	0	0	0	0	0	0	0	0	0	0	0	0	0	0	0	0	0	0	0	0	0	0	0	0	0	0	0	0	0	0	0	0	0	0	0	0	0	0	0	0	0	0	0	0	13	0	0	0	0	0	0	0	0	0	0	0	0	0	0	0	0	0	0	0	0	0	0	0	0	0	0	0	0	0	0	0	0	0	0	0	0	0	0	0	0	0	0	0	0	0	0	0	0	0	0	0	0	0	0	0	0	0	0	0	0	0	0	0	0	0	0	0	0	0	0	0	0	0	0	0	0	0	0	0	0	0	0	0	0	0	0	0	0	0	0	0	0	0	0	0	0	0	0	0	0	0	0	0	0	0	0	0	0	0	0	0	0	0	0	0	0	0	0	0	0	0	0	0	0	0	0	0	0	0	0	0	0	0	0	0	0	0	0	0	0	0	0	0	0	0	0	0	0	0	0	0	0	0	0	0	0	0	0	0	0	0	0	0	0	0	0	0	0	0	0	0	0	0	0	0	0	0	0	0	0	0	0	0	0	0	0	0	0	0	0	0	0	0	0	0	0	0	0	0	0	0	0	0	0	0	0	0	0	0	0	0	0	0	0	0	0	0	0	0	0	0	0	0	0	0	0	0	0	0	0	0	0	0	0	0	0	0	0	0	0	0	0	0	0	0	0	0	0	0	0	0	0	0	0	0	0	0	0	0	0	0	0	0	0	0	0	0	0	0	0	0	0	0	0	0	0	0	0	0	0	0	0	0	0	0	0	0	0	0	0	0	0	0	0	0	0	0	0	0	0	0	0	0	0	0	0	0	0	0	0	0	0	0	0	0	0	0	0	0	0	0	0	0	0	0	0	0	0	0	0	0	0	0	0	0	0	0	0	0	0	0	0	0	0	0	0	0	0	0	0	0	0	0	0	0	0	0	0	0	0	0	0	0	0	0	0	0	0	0	0	0	0	0	0	0	0	0	0	0	0	0	0	1	0	0	0	0	0	0	0	0	0	0	0	0	0	0	0	0	0	0	0	0	0	0	0	0	0	0	0	0	0	0	0	0	0	0	0	0	0	0	0	0	0	0	0	0	0	0	0	0	0	0	0	0	0	0	0	0	0	0	0	0	0	0	0	0	0	0	0	0	0	0	0	0	0	0	0	0	0	0	0	0	0	0	0	0	0	0	0	0	0	0	0	0	0	0	0	0	0	0	0	0	0	0	0	0	0	0	0	0	0	0	0	0	0	0	0	0	0	0	0	0	0	0	0	0	0	0	0	0	0	0	0	0	0	95	0	0	0	0	1	0	0	0	58	0	0	0	0	0	0	0	0	4	0	0	0	0	0	0	0	24	0	0	0	0	0	0	0	0	0	0	0	0	0	0	0	0	0	108	0	0	0	0	0	0	7	0	0	0	0	26	0	0	0	0	0	0	0	0	0	0	4	0	0	0	0	0	0	0	0	0	0	0	7	0	0	0	0	0	0	0	0	0	0	0	0	0	0	0	0	0	0	0	0	0	0	0	0	0	0	0	0	0	0	0	0	0	0	0	0	0	76	0	0	0	0	0	0	485	0	0	0	82	0	43	0	0	0	0	0	0	0	1	0	0	0	0	0	3	0	0	0	0	0	0	0	0	0	0	0	0	3	0	0	0	0	0	0	0	0	0	0	0	109	0	0	0	0	0	0	19	0	0	0	0	0	182	0	0	0	0	0	105	131	0	1	0	165	0	18	0	47	0	148	0	0	0	0	0	0	0	0	0	0	0	0	0	0	0	0	0	0	0	195	0	0	0	0	0	47	0	0	0	0	0	0	0	0	0	0	0	23	49	0	0	222	0	1	0	0	0	0	0	0	0	0	0	0	0	0	0	0	0	0	0	0	88	0	0	0	0	0	0	0	0	0	0	149	0	0	160	0	0	0	0	0	0	147	31	0	0	48	66	0	0	303	68	0	0	105	44	119	0	68	0	93	221	214	186	0	241	0	70	93	71	0	70	0	72	0	273	0	238	0	0	135	0	38	153	197	176	0	0	28	0	0	0	0	7	100	64	105	60	79	290	0	123	0	50	12	0	43	149	0	54	62	59	0	0	52	63	0	40	0	0	86	0	0	0	0	46	0	0	0	0	0	118	9	0	0	0	0	0	0	67	24	72	0	0	87	30	114	0	0	32	57	14	0	0	262	104	415	0	0	191	34	50	37	43	27	39	39	109	37	199	36	92	159	0	0	0	0	189	22	83	88	0	0	180	148	102	14	0	71	0	0	66	15	0	52	111	52	85	0	105	0	0	53	129	201	23	0	0	0	115	140	221	0	29	39	0	150	0	38	61	0	17	137	35	95	324	87	265	47	114	66	105	113	162	0	53	45	0	145	0	173
148	0	0	0	0	0	0	0	0	122	0	0	0	0	0	0	0	0	0	0	24	0	0	0	0	0	0	0	0	0	0	0	0	0	0	0	0	0	0	0	0	0	0	0	0	0	0	0	0	0	0	0	0	0	0	0	0	0	0	0	0	0	0	0	0	0	0	0	0	0	0	0	0	0	0	0	0	0	0	0	0	0	0	0	0	0	0	0	0	0	0	0	0	0	0	0	0	0	0	0	0	0	0	0	0	0	0	0	0	0	0	0	0	0	0	0	0	0	0	0	0	0	0	0	0	0	0	0	0	0	0	0	0	0	0	0	0	0	0	0	0	0	0	0	0	0	0	0	0	0	0	0	0	0	0	0	0	0	0	0	0	0	0	0	0	0	0	0	0	0	0	0	0	0	0	0	0	0	0	0	0	0	0	0	0	82	0	0	0	0	0	0	0	0	0	0	0	0	0	0	0	0	0	0	0	0	0	0	0	0	0	0	0	0	0	0	0	0	0	0	0	0	0	0	0	0	0	0	0	0	0	0	0	0	0	0	0	0	0	0	0	0	0	0	0	0	0	0	0	0	0	0	0	0	0	0	0	0	0	0	0	0	0	0	0	0	0	0	0	0	0	0	0	0	0	0	0	0	0	0	0	0	0	0	0	0	0	0	0	0	0	0	0	0	0	0	0	0	0	0	0	0	0	0	0	0	0	0	0	0	0	0	0	0	0	0	0	0	0	0	0	0	0	0	0	0	0	0	0	4	0	0	0	0	0	0	0	0	0	0	0	0	0	0	0	0	0	0	0	0	0	0	0	0	0	0	0	0	0	0	0	0	0	0	0	0	0	0	0	0	0	0	0	0	0	0	0	0	0	0	0	0	0	0	0	0	0	0	0	0	0	0	0	0	0	0	0	0	0	0	0	2	0	0	0	0	0	0	0	0	0	0	0	0	0	0	0	0	0	0	0	0	0	0	0	0	0	0	0	0	0	0	0	0	0	0	0	0	0	0	0	0	0	0	0	0	0	0	0	0	0	0	0	0	0	0	0	0	0	0	0	0	0	0	0	0	0	0	0	0	0	0	0	0	0	0	0	0	0	0	0	0	0	0	0	0	0	0	0	0	0	0	0	0	0	0	0	0	0	0	0	42	0	0	0	0	0	0	0	0	0	0	0	0	0	0	0	0	0	0	0	0	0	0	0	0	0	0	0	0	0	0	0	0	0	0	0	0	0	0	0	0	0	0	0	0	0	0	0	0	0	0	0	0	0	0	0	0	0	0	0	0	0	0	0	0	0	0	0	0	0	0	0	0	0	0	0	0	0	0	0	0	0	0	0	0	0	0	0	0	0	0	0	0	0	0	0	0	0	0	0	0	0	0	0	0	0	0	0	0	0	0	0	0	0	0	0	0	0	0	0	0	0	0	0	0	0	0	98	0	0	0	0	0	0	0	0	0	0	0	0	0	0	0	0	54	0	0	0	0	0	0	0	0	0	0	0	0	0	0	0	0	0	136	0	0	0	0	0	0	0	0	0	0	0	0	0	0	0	0	0	0	0	0	0	0	0	0	4	0	0	0	0	0	0	0	0	0	0	0	0	0	0	0	0	0	0	0	0	0	0	0	0	0	0	0	0	1	0	0	0	0	0	0	0	0	0	0	0	0	0	0	0	0	0	0	481	0	0	0	0	0	0	72	0	0	0	74	0	225	0	0	0	0	0	0	0	0	0	0	0	0	0	0	1	0	0	0	0	0	0	0	0	0	0	0	0	0	0	0	0	0	0	0	0	0	0	0	34	0	0	0	0	0	0	49	0	0	0	0	0	44	0	0	0	0	0	57	93	0	0	0	45	0	143	0	35	0	26	0	0	0	0	0	0	0	0	0	0	0	0	0	0	0	0	0	0	0	116	0	0	0	0	0	24	0	0	0	0	0	0	0	0	0	0	0	42	106	3	0	143	0	101	0	0	0	0	0	0	0	0	0	0	0	0	0	0	0	0	0	0	177	0	0	0	0	0	0	0	0	0	0	0	0	0	37	0	42	0	0	0	0	33	213	0	0	80	95	0	0	168	137	0	0	138	22	53	0	95	0	50	56	269	29	0	82	0	170	288	359	0	114	0	47	0	50	0	93	0	0	122	0	43	58	34	82	0	0	82	0	0	0	0	116	143	46	49	190	51	66	0	210	0	89	95	0	59	27	0	103	193	77	0	0	135	1	0	77	0	0	44	0	0	0	0	75	0	0	0	0	0	125	27	0	0	0	0	0	0	36	35	267	0	0	83	226	35	0	0	73	189	12	0	0	74	37	84	0	0	179	0	137	46	61	185	205	197	132	147	177	33	81	71	22	0	0	0	39	0	272	137	0	0	279	139	94	0	0	50	0	0	0	54	0	122	17	74	138	0	121	0	0	15	139	45	45	0	0	0	64	143	52	0	53	42	0	86	0	161	165	0	55	12	36	33	34	209	54	54	55	193	83	111	32	0	150	26	0	179	0	19
149	0	0	0	0	0	0	0	0	0	0	0	0	0	0	0	0	0	0	0	0	0	0	0	0	0	0	0	0	0	0	0	0	0	0	0	0	0	0	0	0	0	0	0	0	0	0	0	0	0	0	0	0	0	0	0	0	0	0	0	0	0	0	0	0	0	0	0	0	0	0	0	0	0	0	0	0	0	0	0	0	0	0	0	0	0	0	0	0	0	0	0	0	0	0	0	0	0	0	0	44	0	0	0	0	0	0	0	0	0	0	0	0	0	0	0	0	0	0	0	0	0	0	0	0	0	0	0	0	0	0	0	0	0	0	0	0	0	0	0	0	0	0	0	0	0	0	0	0	0	0	0	0	0	0	0	0	0	0	0	0	0	0	0	0	0	0	0	0	0	0	0	0	0	0	0	0	0	0	0	0	0	0	0	0	0	0	0	0	0	0	0	0	0	0	0	0	0	0	0	0	0	0	0	0	0	0	0	0	0	0	0	0	0	0	0	0	0	0	0	0	0	0	0	0	0	0	0	0	0	0	0	0	0	0	0	0	0	0	0	0	0	0	0	0	0	0	0	0	0	0	0	0	0	0	0	0	0	0	0	0	0	0	0	0	0	0	0	0	0	0	0	0	0	0	0	0	0	0	0	0	0	0	0	0	0	0	0	0	0	0	0	0	0	0	0	0	0	0	0	0	0	0	0	0	0	0	0	0	0	0	0	0	0	0	0	0	0	0	0	0	0	0	0	0	0	0	0	0	0	0	0	0	0	0	0	0	0	0	0	0	0	0	0	0	0	0	0	0	0	0	0	0	0	0	0	0	0	0	0	0	0	0	0	0	0	0	0	0	0	0	0	0	0	0	0	0	0	0	0	0	0	0	0	0	0	0	0	0	0	0	0	0	0	0	0	0	0	0	0	0	0	0	0	0	0	0	0	0	0	0	0	0	0	0	0	0	0	0	0	0	0	0	0	0	0	0	0	0	0	0	0	0	0	0	0	0	0	0	0	0	0	0	0	0	0	0	0	0	0	0	0	0	0	0	0	0	0	0	0	0	0	0	0	0	0	0	0	0	0	0	0	0	0	0	0	0	0	0	0	0	0	0	0	0	0	0	0	0	0	0	0	0	0	0	0	0	0	0	0	0	8	0	0	0	0	0	0	0	0	0	0	0	0	0	0	0	0	0	0	0	0	0	0	0	0	0	0	0	0	0	0	0	0	0	0	0	0	0	0	0	0	0	0	0	0	0	0	0	111	0	0	0	0	0	0	0	0	0	0	0	0	0	0	0	0	0	0	0	0	0	0	0	0	0	0	0	0	0	0	0	0	0	0	0	0	0	0	0	0	0	0	0	0	0	0	0	0	0	0	0	0	0	0	0	0	0	0	0	0	0	0	0	0	0	0	0	0	0	48	5	0	0	0	0	0	0	0	115	0	0	0	2	0	0	0	0	0	0	0	0	0	0	0	0	117	0	0	0	0	0	0	0	0	0	0	0	0	0	0	0	0	0	0	0	0	0	0	0	0	0	1	0	0	0	21	0	0	0	0	0	0	0	0	0	0	0	0	0	0	0	0	0	0	0	0	0	0	0	0	0	0	0	0	0	0	0	0	0	0	0	0	0	0	0	0	0	0	0	0	0	0	0	0	0	0	0	0	0	0	0	0	0	0	0	0	90	0	0	0	0	0	0	158	0	0	0	63	0	92	0	0	0	0	0	0	0	0	0	0	0	0	0	0	0	0	0	0	0	0	0	0	0	0	0	0	0	0	0	0	0	0	0	0	0	0	0	0	203	0	0	0	0	0	0	117	0	0	0	0	0	159	0	0	0	0	0	113	56	0	0	0	27	0	46	0	78	0	1	0	0	0	0	0	0	0	0	0	0	0	0	0	0	0	23	0	0	0	79	0	0	0	0	0	65	0	0	0	0	0	0	0	0	0	0	0	111	51	0	0	42	0	0	0	0	0	0	0	0	0	0	0	0	0	5	0	0	0	0	0	0	176	0	0	0	0	0	0	0	0	14	0	334	0	0	82	0	0	55	0	0	0	34	240	0	0	148	127	0	0	79	30	0	0	17	24	120	141	34	0	108	53	109	39	0	136	0	34	78	126	0	89	0	21	0	19	0	30	0	0	197	0	4	103	102	137	0	0	186	0	0	0	0	40	92	146	40	197	108	12	0	56	0	233	125	0	30	140	0	63	115	111	0	0	117	19	0	93	0	0	4	0	0	0	0	201	0	0	0	0	0	26	121	0	0	0	0	0	0	16	3	27	0	0	86	245	17	0	0	64	83	78	0	0	253	104	60	0	0	294	95	152	19	34	104	311	148	57	120	74	118	67	104	118	0	0	0	185	0	98	38	0	0	75	91	192	0	0	134	0	0	0	62	0	114	160	135	93	0	17	0	0	69	147	52	40	0	5	0	36	38	42	0	76	3	0	89	0	119	81	0	126	129	181	74	131	154	85	86	51	199	153	41	224	0	12	74	0	35	0	99
150	0	0	0	0	0	0	0	0	0	0	0	0	0	0	0	0	0	0	0	0	0	0	0	0	0	0	0	0	0	0	0	0	0	0	0	0	0	0	0	0	0	0	0	0	0	0	0	0	0	0	0	0	0	0	0	0	0	0	0	0	0	0	0	0	0	0	0	0	0	0	0	0	0	0	0	0	0	0	0	0	0	0	0	0	0	0	0	0	0	0	0	0	0	0	0	0	0	0	0	0	0	0	0	0	0	0	0	0	0	0	0	0	0	0	0	0	0	0	0	0	0	0	0	0	0	0	0	0	0	0	0	0	0	0	0	0	0	0	0	0	0	0	0	0	0	0	0	0	0	0	0	0	0	0	0	19	0	0	0	0	0	0	0	0	0	0	4	0	0	0	0	0	0	0	0	0	0	0	0	0	0	0	0	0	0	0	0	0	0	0	0	0	0	0	0	0	0	0	0	0	0	0	0	0	0	0	0	0	0	0	0	0	0	0	0	0	0	0	0	0	0	0	0	0	0	0	0	0	0	0	0	0	0	0	0	0	0	0	0	0	0	0	0	0	0	0	0	0	0	0	0	0	0	0	0	0	0	0	0	0	0	0	0	0	0	0	0	0	0	0	0	0	0	0	0	0	0	0	0	0	0	0	0	0	0	0	0	0	0	0	0	0	0	0	0	0	0	0	0	0	0	0	0	0	0	0	0	0	0	0	0	0	0	0	0	0	0	0	0	0	0	3	0	0	0	0	0	0	0	0	0	0	0	0	0	0	0	0	0	0	0	0	0	0	0	0	0	0	0	0	0	0	0	0	0	0	0	0	0	0	0	0	0	0	0	0	0	0	0	0	0	0	0	0	0	0	0	0	0	0	0	0	0	0	0	0	0	0	0	0	0	0	0	0	0	0	0	0	0	0	0	0	0	0	0	0	0	0	0	0	0	0	0	0	0	0	0	0	0	0	0	0	0	0	0	0	0	0	0	0	0	0	0	0	0	0	0	0	0	0	0	0	0	0	0	0	0	0	0	0	0	0	0	0	0	0	0	0	0	0	0	0	0	0	0	0	0	0	0	0	0	0	0	0	0	0	0	0	0	0	0	0	0	0	17	0	0	0	0	0	0	0	0	0	0	0	0	0	0	0	8	0	0	0	0	0	0	0	0	0	0	0	0	0	0	0	0	0	0	0	0	0	0	0	0	0	0	0	0	0	0	0	0	0	0	0	0	0	0	0	0	0	0	0	0	0	0	0	0	0	0	0	0	0	0	0	0	0	0	0	0	0	0	0	0	0	0	0	0	0	0	0	0	0	0	0	0	0	0	0	0	0	0	0	0	0	0	0	0	0	0	0	0	0	0	0	0	0	0	0	0	0	0	0	0	0	0	0	0	0	0	0	0	0	0	0	0	0	96	0	0	0	0	0	0	0	0	39	0	0	0	0	0	0	0	0	0	0	0	0	0	1	0	0	65	0	0	0	0	0	0	0	0	0	0	0	0	0	0	0	0	0	55	0	0	0	0	0	0	0	0	0	0	0	0	0	0	0	0	6	0	0	0	0	0	0	0	0	0	0	0	0	0	0	0	0	0	2	0	0	0	0	0	0	0	0	0	0	0	0	0	0	0	0	0	0	0	0	0	0	0	0	0	0	0	0	0	0	0	0	0	0	0	0	0	119	0	0	0	0	0	0	270	0	0	0	58	0	64	0	0	0	0	0	0	0	0	0	0	0	0	0	0	0	0	0	0	0	0	0	0	0	0	0	0	0	0	0	0	0	0	0	0	0	0	0	0	85	0	0	0	0	0	0	14	0	0	0	0	0	44	0	0	0	0	0	187	59	0	0	0	119	0	406	0	90	0	0	0	0	0	0	0	0	0	0	0	0	0	0	0	0	0	0	0	0	0	143	0	0	0	0	0	68	0	0	0	0	0	0	0	0	0	0	0	174	60	0	0	73	0	0	0	0	0	0	0	0	0	0	0	0	0	0	0	0	0	0	0	0	36	0	0	0	1	0	0	0	0	0	0	80	0	0	115	0	0	0	0	0	0	128	129	0	0	51	45	0	0	91	121	0	0	191	113	136	2	157	0	132	52	23	31	0	54	0	29	204	88	0	80	0	89	0	101	0	147	0	0	28	0	0	49	104	54	0	0	141	0	0	0	0	68	34	154	75	197	106	99	0	166	0	42	58	0	39	82	0	150	105	97	0	0	16	95	0	156	0	8	6	8	0	0	0	64	0	0	0	0	0	99	94	0	0	0	0	0	0	52	38	90	0	0	40	52	124	0	0	14	65	165	0	0	158	255	94	0	0	21	139	24	8	171	160	86	242	11	168	45	42	58	119	87	0	0	0	69	0	109	105	58	0	44	18	62	0	0	40	0	0	24	136	0	74	56	45	90	0	8	0	0	58	100	56	174	0	0	0	85	109	84	0	257	75	0	143	0	90	59	0	47	192	93	133	35	463	83	261	54	132	163	23	111	0	36	56	0	79	0	77
