0	0	0	0	0	0	0	0	0	0	0	0	0	0	0	0	0	0	0	0	0	0	0	0	0	0	0	0	0	0	0	0	0	0	0	0	0	0	0	0	0	0	0	0	0	0	0	0	0	0	0	0	0	0	0	0	0	0	0	0	0	0	0	0	0	0	0	0	0	0	0	0	0	0	0	0	0	0	0	0	0	0	0	0	0	0	0	0	0	0	0	0	0	0	0	0	0	0	0	0	0	12	12	12	12	12	12	12	12	12	12	12	12	12	12	12	12	12	12	12	12	12	12	12	12	12	12	12	12	12	12	12	12	12	12	12	12	12	12	12	12	12	12	12	12	12	12	12	12	12	12	12	12	12	12	12	12	12	12	12	12	12	12	12	12	12	12	12	12	12	12	12	12	12	12	12	12	12	12	12	12	12	12	12	12	12	12	12	12	12	12	12	12	12	12	12	12	12	12	12	12	24	24	24	24	24	24	24	24	24	24	24	24	24	24	24	24	24	24	24	24	24	24	24	24	24	24	24	24	24	24	24	24	24	24	24	24	24	24	24	24	24	24	24	24	24	24	24	24	24	24	24	24	24	24	24	24	24	24	24	24	24	24	24	24	24	24	24	24	24	24	24	24	24	24	24	24	24	24	24	24	24	24	24	24	24	24	24	24	24	24	24	24	24	24	24	24	24	24	24	24	48	48	48	48	48	48	48	48	48	48	48	48	48	48	48	48	48	48	48	48	48	48	48	48	48	48	48	48	48	48	48	48	48	48	48	48	48	48	48	48	48	48	48	48	48	48	48	48	48	48	48	48	48	48	48	48	48	48	48	48	48	48	48	48	48	48	48	48	48	48	48	48	48	48	48	48	48	48	48	48	48	48	48	48	48	48	48	48	48	48	48	48	48	48	48	48	48	48	48	48	72	72	72	72	72	72	72	72	72	72	72	72	72	72	72	72	72	72	72	72	72	72	72	72	72	72	72	72	72	72	72	72	72	72	72	72	72	72	72	72	72	72	72	72	72	72	72	72	72	72	72	72	72	72	72	72	72	72	72	72	72	72	72	72	72	72	72	72	72	72	72	72	72	72	72	72	72	72	72	72	72	72	72	72	72	72	72	72	72	72	72	72	72	72	72	72	72	72	72	72	96	96	96	96	96	96	96	96	96	96	96	96	96	96	96	96	96	96	96	96	96	96	96	96	96	96	96	96	96	96	96	96	96	96	96	96	96	96	96	96	96	96	96	96	96	96	96	96	96	96	96	96	96	96	96	96	96	96	96	96	96	96	96	96	96	96	96	96	96	96	96	96	96	96	96	96	96	96	96	96	96	96	96	96	96	96	96	96	96	96	96	96	96	96	96	96	96	96	96	96	120	120	120	120	120	120	120	120	120	120	120	120	120	120	120	120	120	120	120	120	120	120	120	120	120	120	120	120	120	120	120	120	120	120	120	120	120	120	120	120	120	120	120	120	120	120	120	120	120	120	120	120	120	120	120	120	120	120	120	120	120	120	120	120	120	120	120	120	120	120	120	120	120	120	120	120	120	120	120	120	120	120	120	120	120	120	120	120	120	120	120	120	120	120	120	120	120	120	120	120	144	144	144	144	144	144	144	144	144	144	144	144	144	144	144	144	144	144	144	144	144	144	144	144	144	144	144	144	144	144	144	144	144	144	144	144	144	144	144	144	144	144	144	144	144	144	144	144	144	144	144	144	144	144	144	144	144	144	144	144	144	144	144	144	144	144	144	144	144	144	144	144	144	144	144	144	144	144	144	144	144	144	144	144	144	144	144	144	144	144	144	144	144	144	144	144	144	144	144	144	180	180	180	180	180	180	180	180	180	180	180	180	180	180	180	180	180	180	180	180	180	180	180	180	180	180	180	180	180	180	180	180	180	180	180	180	180	180	180	180	180	180	180	180	180	180	180	180	180	180	180	180	180	180	180	180	180	180	180	180	180	180	180	180	180	180	180	180	180	180	180	180	180	180	180	180	180	180	180	180	180	180	180	180	180	180	180	180	180	180	180	180	180	180	180	180	180	180	180	180	240	240	240	240	240	240	240	240	240	240	240	240	240	240	240	240	240	240	240	240	240	240	240	240	240	240	240	240	240	240	240	240	240	240	240	240	240	240	240	240	240	240	240	240	240	240	240	240	240	240	240	240	240	240	240	240	240	240	240	240	240	240	240	240	240	240	240	240	240	240	240	240	240	240	240	240	240	240	240	240	240	240	240	240	240	240	240	240	240	240	240	240	240	240	240	240	240	240	240	240	300	300	300	300	300	300	300	300	300	300	300	300	300	300	300	300	300	300	300	300	300	300	300	300	300	300	300	300	300	300	300	300	300	300	300	300	300	300	300	300	300	300	300	300	300	300	300	300	300	300	300	300	300	300	300	300	300	300	300	300	300	300	300	300	300	300	300	300	300	300	300	300	300	300	300	300	300	300	300	300	300	300	300	300	300	300	300	300	300	300	300	300	300	300	300	300	300	300	300	300
0	0	0	0	0	0	0	0	0	0	0	0	0	0	0	0	0	0	0	0	0	0	0	0	0	0	0	0	0	0	0	0	0	0	0	0	0	0	0	0	0	0	0	0	0	0	0	0	0	0	0	0	0	0	0	0	0	0	0	0	0	0	0	0	0	0	0	0	0	0	0	0	0	0	0	0	0	0	0	0	0	0	0	0	0	0	0	0	0	0	0	0	0	0	0	0	0	0	0	0	0	100	100	100	100	100	100	100	100	100	100	100	100	100	100	100	100	100	100	100	100	100	100	100	100	100	100	100	100	100	100	100	100	100	100	100	100	100	100	100	100	100	100	100	100	100	100	100	100	100	100	100	100	100	100	100	100	100	100	100	100	100	100	100	100	100	100	100	100	100	100	100	100	100	100	100	100	100	100	100	100	100	100	100	100	100	100	100	100	100	100	100	100	100	100	100	100	100	100	100	100	100	100	100	100	100	100	100	100	100	100	100	100	100	100	100	100	100	100	100	100	100	100	100	100	100	100	100	100	100	100	100	100	100	100	100	100	100	100	100	100	100	100	100	100	100	100	100	100	100	100	100	100	100	100	100	100	100	100	100	100	100	100	100	100	100	100	100	100	100	100	100	100	100	100	100	100	100	100	100	100	100	100	100	100	100	100	100	100	100	100	100	100	100	100	100	100	100	100	100	100	100	100	100	100	100	100	100	100	100	100	100	100	100	100	100	100	100	100	100	100	100	100	100	100	100	100	100	100	100	100	100	100	100	100	100	100	100	100	100	100	100	100	100	100	100	100	100	100	100	100	100	100	100	100	100	100	100	100	100	100	100	100	100	100	100	100	100	100	100	100	100	100	100	100	100	100	100	100	100	100	100	100	100	100	100	100	100	100	100	100	100	100	100	100	100	100	100	100	100	100	100	100	100	100	100	100	100	100	100	100	100	100	100	100	100	100	100	100	100	100	100	100	100	100	100	100	100	100	100	100	100	100	100	100	100	100	100	100	100	100	100	100	100	100	100	100	100	100	100	100	100	100	100	100	100	100	100	100	100	100	100	100	100	100	100	100	100	100	100	100	100	100	100	100	100	100	100	100	100	100	100	100	100	100	100	100	100	100	100	100	100	100	100	100	100	100	100	100	100	100	100	100	100	100	100	100	100	100	100	100	100	100	100	100	100	100	100	100	100	100	100	100	100	100	100	100	100	100	100	100	100	100	100	100	100	100	100	100	100	100	100	100	100	100	100	100	100	100	100	100	100	100	100	100	100	100	100	100	100	100	100	100	100	100	100	100	100	100	100	100	100	100	100	100	100	100	100	100	100	100	100	100	100	100	100	100	100	100	100	100	100	100	100	100	100	100	100	100	100	100	100	100	100	100	100	100	100	100	100	100	100	100	100	100	100	100	100	100	100	100	100	100	100	100	100	100	100	100	100	100	100	100	100	100	100	100	100	100	100	100	100	100	100	100	100	100	100	100	100	100	100	100	100	100	100	100	100	100	100	100	100	100	100	100	100	100	100	100	100	100	100	100	100	100	100	100	100	100	100	100	100	100	100	100	100	100	100	100	100	100	100	100	100	100	100	100	100	100	100	100	100	100	100	100	100	100	100	100	100	100	100	100	100	100	100	100	100	100	100	100	100	100	100	100	100	100	100	100	100	100	100	100	100	100	100	100	100	100	100	100	100	100	100	100	100	100	100	100	100	100	100	100	100	100	100	100	100	100	100	100	100	100	100	100	100	100	100	100	100	100	100	100	100	100	100	100	100	100	100	100	100	100	100	100	100	100	100	100	100	100	100	100	100	100	100	100	100	100	100	100	100	100	100	100	100	100	100	100	100	100	100	100	100	100	100	100	100	100	100	100	100	100	100	100	100	100	100	100	100	100	100	100	100	100	100	100	100	100	100	100	100	100	100	100	100	100	100	100	100	100	100	100	100	100	100	100	100	100	100	100	100	100	100	100	100	100	100	100	100	100	100	100	100	100	100	100	100	100	100	100	100	100	100	100	100	100	100	100	100	100	100	100	100	100	100	100	100	100	100	100	100	100	100	100	100	100	100	100	100	100	100	100	100	100	100	100	100	100	100	100	100	100	100	100	100	100	100	100	100	100	100	100	100	100	100	100	100	100	100	100	100	100	100	100	100	100	100	100	100	100	100	100	100	100	100	100	100	100	100	100	100	100	100	100	100	100	100	100	100	100	100	100	100	100	100	100	100	100	100	100	100	100	100	100	100	100	100	100	100	100	100	100	100	100	100	100	100	100	100	100	100	100	100	100	100	100	100	100	100	100	100	100	100	100	100	100	100	100	100	100	100	100	100	100	100	100	100	100	100	100	100	100	100	100	100	100	100	100	100	100	100	100	100	100	100	100	100	100	100	100	100	100	100	100	100	100	100	100	100	100	100	100	100	100	100	100	100	100	100	100	100	100	100	100	100	100	100	100	100	100	100	100	100	100	100	100	100	100	100	100	100	100	100	100	100	100	100	100	100	100
1	0	0	0	0	0	0	0	0	0	0	0	0	0	0	0	0	0	0	0	0	0	0	0	0	0	0	0	0	0	0	0	0	0	0	0	0	0	0	0	0	0	0	0	0	0	0	0	0	0	0	0	0	0	0	0	0	0	0	0	0	0	0	0	0	0	0	0	0	0	0	0	0	0	0	0	0	0	0	0	0	0	0	0	0	0	0	0	0	0	0	0	0	0	0	0	0	0	0	0	0	0	0	0	11	0	31	0	0	74	0	0	0	0	0	0	0	16	0	6	103	0	148	0	0	0	0	0	4	0	0	0	45	4	0	0	11	10	0	0	0	0	40	0	0	0	0	0	0	0	14	49	0	0	31	0	31	5	0	169	0	42	0	0	0	0	0	0	0	0	0	6	0	0	9	0	0	0	0	23	5	46	0	0	2	13	0	14	0	0	2	103	1	0	0	0	0	1	51	0	33	0	0	0	1	7	0	6	58	1	1	11	4	7	3	10	52	0	0	0	1	0	15	29	0	37	2	19	0	10	14	0	40	3	4	100	0	0	35	0	0	74	2	0	2	0	0	10	0	0	0	220	92	0	44	10	0	19	19	7	0	0	7	2	1	0	2	0	30	9	15	0	6	145	67	19	1	0	0	0	1	0	0	4	0	0	131	0	0	0	22	185	65	0	8	7	0	22	0	7	27	2	0	4	110	52	10	0	12	96	40	0	3	18	28	79	1	54	0	25	2	3	18	61	20	0	136	0	1	0	84	2	7	179	18	38	25	0	56	56	0	0	2	194	18	37	0	0	0	0	1	2	3	61	75	24	4	39	24	4	50	36	19	149	0	70	0	109	43	2	276	29	7	10	0	53	2	0	13	205	214	159	9	14	0	28	0	0	47	25	51	134	363	16	0	130	1	30	168	69	157	49	21	135	101	0	20	20	56	147	4	0	67	39	147	285	19	0	132	66	59	196	167	90	43	12	131	104	0	46	173	196	0	61	0	118	12	1	11	81	63	29	0	0	26	14	21	2	53	3	80	0	36	0	345	45	23	1	26	0	111	122	82	24	10	98	9	10	90	188	143	0	8	3	0	12	4	124	100	57	96	0	127	0	218	260	28	75	262	2	49	52	0	39	21	6	44	1	31	1	17	0	10	62	4	113	31	68	1	176	124	106	26	10	223	43	83	2	0	0	98	50	4	48	217	35	7	166	106	78	136	134	0	181	0	79	0	87	112	20	55	4	31	1	11	34	51	24	57	84	71	45	6	153	66	139	22	24	351	74	94	7	77	63	0	172	251	17	21	180	0	0	203	59	52	93	120	5	4	131	87	38	62	7	44	60	118	70	177	43	104	33	89	184	232	84	1	55	30	59	36	24	29	232	0	45	222	139	11	19	0	3	113	33	107	22	106	144	50	37	65	0	114	49	102	18	57	190	1	22	153	98	132	34	28	6	103	106	37	51	52	82	110	139	11	309	101	50	168	124	0	102	140	23	75	0	80	108	112	126	103	72	364	2	100	210	168	75	0	78	0	132	95	319	8	102	61	7	88	47	7	0	57	40	92	91	57	66	15	65	174	24	163	53	97	126	38	70	121	179	11	0	81	197	1	81	57	201	42	35	32	138	132	0	5	0	0	55	54	0	44	30	64	22	8	35	178	0	78	182	43	152	55	42	163	102	119	28	34	260	83	17	56	4	47	0	7	133	54	202	155	49	29	13	3	150	258	112	75	77	86	215	55	58	42	73	197	47	62	2	46	8	41	144	14	69	135	68	0	151	194	20	0	76	93	0	2	90	359	80	64	12	83	38	49	3	18	17	50	114	62	72	173	237	71	148	6	61	95	192	41	51	59	108	35	55	20	31	33	109	134	9	67	119	12	167	35	13	113	0	33	3	76	0	105	46	36	86	66	50	177	69	18	76	22	35	1	42	0	1	101	77	16	4	82	36	100	10	131	83	125	24	95	135	105	206	91	227	1	65	179	86	185	138	22	0	185	34	105	120	52	168	7	75	122	190	7	7	62	160	8	61	253	19	62	0	39	20	39	11	9	72	75	85	2	115	36	342	54	77	219	227	8	131	81	69	26	145	139	89	38	14	367	154	43	0	68	82	71	2	70	68	24	53	108	61	21	92	61	99	35	41	150	9	144	17	47	194	56	192	233	167	13	22	0	56	78	41	82	93	62	164	86	117	18	108	89	2	40	86	94	315	7	47	71	116	46	151	7	15	70	86	35	50	102	123	135	72	150	180	76	118	178	26	29	43	98	128	1	88	85	56	149	100	46	142	227	48	85	158	29	161	112	188	99	130	165	71	21	63	138	271	16	115	218	128	88	0	93	70	32	101	165	172	59	41	121	103	59	49	76	6	68	217	67	73	53	148	33	63	129	89	45	52	93	79	234	58	75	142	43	306	58	91	54	23	92	23	211	258	23	103	25	93	174	154	63	80	181	57	30	101	47	31	21	137	106	57	66	53	47	213	107	115	120	105	441	39	70	82	103
2	0	0	0	0	0	0	0	0	0	0	0	0	0	0	0	0	0	0	0	0	0	0	0	0	0	0	0	0	0	0	0	0	0	0	0	0	0	0	0	0	0	0	0	0	0	0	0	0	0	2	0	0	0	0	0	0	0	0	0	0	0	0	0	0	0	0	0	0	0	0	0	0	0	0	0	0	0	0	0	0	0	0	0	0	0	0	0	0	0	0	0	0	0	0	0	0	0	0	0	0	0	0	0	0	2	0	21	0	4	0	0	0	0	0	2	0	1	39	223	0	0	34	0	74	0	0	0	0	0	0	0	57	20	0	0	0	0	0	0	0	0	0	0	0	0	0	0	0	0	0	0	0	0	10	61	26	0	2	0	6	5	0	15	5	0	0	0	0	0	0	0	0	0	4	0	0	10	0	0	0	20	39	0	0	0	0	0	0	0	0	79	0	3	1	14	0	5	0	0	2	66	29	16	0	0	1	0	23	27	46	0	27	3	17	36	0	0	0	0	0	0	34	0	0	8	3	14	13	0	28	0	0	14	0	57	0	0	0	0	84	3	0	0	0	0	0	1	16	67	5	0	64	1	9	0	0	7	10	99	30	1	5	9	0	0	0	0	50	69	52	0	1	87	0	0	1	0	0	0	2	0	5	19	8	5	9	0	0	36	0	26	32	0	8	5	0	0	0	0	12	1	43	1	47	12	0	2	0	0	17	0	4	97	2	2	31	30	3	0	0	14	9	103	81	2	84	0	0	0	180	0	0	1	9	72	0	0	0	157	0	3	1	8	0	35	1	35	12	44	24	0	4	1	2	5	0	200	18	9	0	13	0	9	62	26	44	3	0	0	6	5	0	22	17	23	0	0	248	54	50	0	2	7	0	10	0	0	3	142	27	7	18	0	0	2	0	1	0	1	6	30	14	31	61	6	32	43	78	19	93	0	21	18	14	116	42	0	42	1	84	86	2	227	102	0	92	72	20	0	36	189	12	90	5	10	191	6	0	29	101	0	0	0	218	0	57	16	35	128	15	0	13	1	29	76	13	1	1	6	28	59	135	25	94	174	5	0	111	230	34	15	0	0	7	3	0	1	31	30	50	2	92	0	76	109	28	112	21	11	150	0	4	111	92	6	17	1	33	5	42	7	4	80	42	193	1	35	0	21	59	2	6	14	7	65	55	1	0	88	0	87	1	248	133	0	1	24	110	10	163	138	0	144	0	43	1	258	134	18	40	110	30	0	0	108	26	49	0	29	66	4	34	45	132	82	25	0	14	306	4	12	0	52	0	150	35	1	22	44	0	67	84	1	94	64	68	1	0	43	59	84	42	115	6	238	43	134	102	12	32	4	154	133	7	99	0	4	73	78	161	283	22	27	0	53	25	240	32	21	0	32	75	2	245	31	45	72	54	135	21	33	27	127	32	123	31	28	0	119	32	90	328	26	0	7	199	152	0	0	148	104	99	163	10	172	77	128	74	156	1	37	68	1	12	0	179	86	46	60	69	20	254	0	82	213	103	90	0	146	0	137	181	58	1	19	2	14	49	16	324	12	42	74	16	72	63	209	1	110	301	57	207	119	143	260	22	66	93	84	129	0	63	77	3	84	0	123	70	159	108	174	205	98	153	20	9	79	105	0	20	80	110	17	0	148	72	0	43	251	0	61	86	13	53	120	126	63	59	124	403	55	168	64	72	0	84	63	50	8	60	47	240	60	7	7	62	0	24	170	90	291	243	37	140	42	46	314	139	1	98	73	11	104	0	100	32	58	0	43	26	138	2	68	26	0	122	19	26	88	79	68	59	6	214	102	86	105	89	92	0	59	56	38	26	86	78	72	55	49	19	85	112	59	161	38	155	101	70	0	93	118	79	128	3	37	34	29	41	2	6	0	128	0	194	22	39	132	45	76	34	72	1	597	372	11	186	92	112	0	157	53	1	12	124	0	23	111	43	129	135	78	28	289	209	93	60	15	1	198	98	69	78	23	30	5	69	51	170	50	121	44	0	82	135	78	0	68	32	36	145	94	56	147	65	0	20	43	228	9	60	59	88	27	50	120	145	50	237	125	3	94	71	122	59	50	34	162	30	260	178	94	150	50	106	16	68	144	78	407	78	36	108	80	119	7	1	157	36	39	286	46	56	13	38	222	293	47	202	148	62	75	78	270	1	25	118	47	29	123	166	338	27	88	140	193	41	2	166	71	35	115	0	155	8	34	79	207	54	1	129	93	28	62	255	141	298	169	117	69	36	87	75	95	480	15	124	32	165	35	185	190	124	125	50	245	96	215	127	143	214	283	207	59	238	83	21	179	85	102	130	26	24	18	182	146	142	5	89	121	46	84	30	93	22	49	11	88	44	127	40	85	23	101	180	59	141	159	54	28	154	97	101	87	57	126	75	29	26	83	0	128	46	212	134	54	103	30	115	211	55	5	253	61	77	60	42	1	90	52	10	104	50	72	173	106	156	84	220	135	39	101	18	267	5	76	201	103	12	112	94
3	0	0	0	0	0	0	0	0	8	0	0	0	0	0	0	0	0	0	0	0	0	0	0	0	0	0	0	0	0	0	0	0	0	0	0	0	0	0	0	0	0	0	0	0	0	0	0	0	0	0	0	0	0	0	0	0	0	0	0	0	0	0	0	0	0	0	0	0	0	0	0	0	0	0	0	0	0	0	0	0	0	0	0	0	0	0	0	0	0	0	0	0	0	0	0	0	0	0	0	0	0	0	0	0	0	0	0	0	0	0	0	0	0	0	0	0	0	0	0	0	0	0	0	0	3	0	0	0	0	0	0	0	0	0	0	0	0	0	0	0	0	0	0	0	0	0	0	0	0	0	0	0	0	0	6	0	0	0	0	0	0	0	0	0	0	0	0	0	0	0	0	0	0	0	0	0	0	0	0	0	0	0	0	0	0	0	0	0	0	0	0	0	0	0	0	0	0	3	0	0	0	0	0	0	0	0	0	0	0	0	0	0	0	0	0	0	0	0	0	0	0	0	0	0	0	0	0	0	0	0	11	0	0	0	0	0	0	0	0	0	0	0	0	0	0	0	0	0	0	0	0	0	0	0	0	0	0	0	0	0	0	0	0	0	0	0	0	0	0	0	0	0	0	0	0	0	0	0	0	0	0	0	0	0	0	0	0	0	0	0	0	0	0	0	0	0	0	0	0	0	0	0	0	33	0	0	0	0	0	0	0	0	0	0	0	0	0	0	0	0	0	0	28	0	0	0	0	0	0	70	0	0	0	0	0	0	0	0	4	0	0	0	0	0	0	0	0	0	31	0	0	0	0	0	0	0	11	0	0	0	0	0	0	0	37	0	24	0	0	22	0	0	0	0	0	0	0	0	0	0	0	0	0	0	0	0	0	0	80	0	25	0	0	0	0	0	0	0	0	0	0	0	0	2	0	0	11	0	0	0	0	0	0	0	38	0	0	10	57	0	43	0	22	45	0	15	93	0	0	28	3	0	0	0	0	34	0	0	125	0	0	0	0	0	15	67	0	0	0	77	0	0	0	0	81	0	0	0	0	0	0	151	0	0	94	0	0	0	14	0	0	0	0	0	0	0	0	0	0	0	0	0	0	53	0	29	0	24	0	2	0	8	61	0	0	0	0	0	0	0	0	0	172	0	88	0	0	0	0	5	0	29	0	0	160	0	0	0	0	0	0	0	0	60	0	0	0	54	0	156	31	0	0	0	76	0	32	214	0	34	161	0	0	0	395	146	0	0	0	129	0	0	80	0	55	124	0	31	35	0	0	0	83	0	19	63	0	0	181	0	0	46	0	0	0	0	0	0	207	272	0	0	103	0	108	46	152	177	139	0	0	0	20	0	155	0	129	17	166	75	33	0	120	0	0	77	33	0	0	0	0	169	0	5	0	24	114	74	6	147	0	149	74	0	14	0	0	0	3	241	35	69	115	0	30	73	330	0	0	20	124	37	166	0	52	0	14	0	42	0	66	52	0	0	0	101	52	90	0	304	18	57	0	66	38	129	282	0	139	0	197	35	74	0	0	0	292	28	147	0	0	0	2	0	42	85	76	0	0	65	27	5	13	122	0	21	129	40	53	0	0	146	210	0	121	42	16	98	50	130	171	182	0	16	0	0	0	288	0	11	111	29	59	0	34	0	0	145	82	0	139	206	0	62	23	67	60	64	32	230	157	0	0	158	0	0	35	43	0	174	136	236	85	0	64	71	0	0	34	162	19	63	44	51	0	0	42	50	0	71	111	24	90	0	0	215	110	0	15	0	210	0	55	0	0	0	145	0	46	88	120	98	0	133	0	25	133	115	151	0	348	92	281	38	93	42	29	233	71	0	220	37	16	103	41	20	117	93	0	54	180	43	39	0	92	295	0	16	0	0	0	51	0	196	75	227	103	294	41	235	0	0	272	112	15	36	0	0	0	117	41	0	137	24	0	52	74	41	197	58	50	120	206	184	236	51	0	0	290	48	5	158	150	71	0	12	29	21	175	245	44	0	39	100	168	0	0	63	0	0	93	30	55	18	0	0	8	1	0	0	111	183	183	0	283	63	136	95	86	0	233	95	67	58	22	20	0	83	78	27	74	218	108	79	0	270	170	74	246	83	132	102	104	21	0	8	52	104	160	97	7	97	0	131	45	23	34	44	101	53	3	73	91	0	37	163	182	0	38	163	113	62	105	164	55	58	0	152	51	117	76	0	58	26	35	185	194	160	0	65	184	165	121	89	81	117	74	29	54	47	85	9	45	35	140	94	139	234	44	95	218	126	122	25	83	39	242	101	98	325	84	281	76	18	17	107	25	35	24	67	30	101	51	248	121	18	0	29	50	38	72	77	204	93	74	73	24	176	46	147	47	109	135	108	188	20	171	187	209	48	65	111	163	221	159	137	84	30	100	0	190	190	36	38	147	16	40	55	136	62	58	86	263	224	63	138	94	191	87	32	123	214	121	210	33	32	87	61	16	96	54	133	3	44	106	31	9	104	38	46
4	0	0	0	0	0	0	0	0	0	0	0	0	0	0	0	0	0	0	0	0	0	0	0	0	0	0	0	0	0	0	0	0	0	0	0	0	0	0	0	0	0	0	0	0	0	0	0	0	0	0	0	0	0	0	0	0	0	0	0	0	0	0	0	0	0	0	0	0	0	0	0	0	0	0	0	0	0	0	0	0	0	0	0	0	0	0	0	0	0	0	0	0	0	0	0	0	0	0	0	0	0	0	0	0	0	0	0	0	0	0	0	0	0	0	0	0	0	0	0	0	0	0	0	0	0	0	0	0	0	0	0	0	0	0	0	0	0	0	0	0	0	0	0	0	0	0	0	0	0	0	0	0	0	0	0	0	0	0	0	0	0	0	0	0	0	0	0	0	0	0	0	0	0	0	0	7	0	0	0	0	0	0	0	0	0	0	0	0	0	0	0	0	0	0	0	0	0	0	0	0	0	0	0	0	0	0	0	0	0	0	0	0	0	0	0	0	0	0	0	0	0	0	0	0	0	0	0	0	0	0	0	0	0	0	0	0	0	0	0	1	0	0	0	0	0	0	0	0	0	0	0	0	0	0	0	0	0	0	0	0	0	0	0	0	0	0	0	0	0	0	0	0	0	0	0	0	0	0	0	0	0	0	0	0	0	0	0	0	0	0	2	0	0	0	0	0	0	0	0	0	0	0	0	193	0	0	0	0	0	0	0	0	0	4	0	0	0	0	0	0	0	0	0	0	0	0	0	0	0	0	0	0	0	0	0	0	0	0	117	0	0	0	0	0	0	0	0	0	0	0	0	0	0	0	0	0	27	0	0	0	0	0	0	0	0	0	0	0	0	0	0	0	0	0	0	0	0	0	0	0	0	0	0	0	0	0	0	0	0	2	0	0	0	0	0	0	0	0	0	0	0	0	0	0	0	0	0	11	0	0	0	0	0	0	0	0	0	86	0	0	0	0	0	222	0	1	0	0	0	0	58	0	0	0	0	88	0	0	94	105	0	0	0	0	0	221	0	0	0	1	0	0	0	0	33	0	0	0	0	0	0	137	0	0	143	0	0	0	54	0	0	0	0	0	0	0	0	0	0	0	0	68	0	0	0	21	0	136	0	33	0	0	0	0	0	0	0	0	0	0	0	0	62	0	40	0	1	0	0	0	0	0	0	0	124	0	0	0	0	0	18	0	0	41	0	1	0	42	0	245	35	0	0	0	127	0	143	108	5	34	151	0	0	0	48	25	0	0	0	32	0	0	49	0	5	25	0	180	71	0	0	0	16	0	182	35	0	0	67	0	0	237	0	0	0	0	0	0	81	120	104	0	266	0	28	68	42	136	54	33	0	0	82	0	32	0	0	140	240	122	1	0	120	0	0	48	0	0	0	0	0	55	0	177	0	39	76	38	0	58	0	66	53	49	95	0	0	0	40	106	9	19	84	0	54	39	49	0	0	97	13	87	72	0	149	0	0	57	378	0	106	22	0	0	0	72	116	35	0	39	85	107	0	88	73	67	229	0	73	0	59	46	121	0	0	0	131	36	56	8	0	0	3	0	3	136	34	0	218	117	36	0	114	48	0	55	47	50	76	0	0	54	143	0	63	0	100	7	35	163	364	149	0	46	0	0	0	14	0	2	103	59	258	0	133	10	0	87	247	0	35	84	0	0	15	137	57	99	183	141	88	0	0	124	0	0	10	38	14	51	113	39	95	0	113	111	0	0	69	131	84	141	108	106	0	0	13	72	0	142	65	19	77	0	0	413	19	0	78	0	56	0	67	0	0	0	84	5	122	40	2	126	0	54	0	58	40	224	107	0	176	179	109	137	309	46	39	94	61	10	57	117	40	56	115	130	45	73	57	119	44	113	179	0	6	165	0	151	0	0	0	168	0	236	107	42	177	171	103	41	1	0	128	67	140	84	0	0	0	113	49	0	68	41	0	182	110	91	179	57	166	64	13	101	60	114	0	0	143	32	29	6	65	97	0	69	140	17	92	63	68	0	43	6	38	0	0	127	0	0	13	143	94	247	0	0	80	1	0	0	48	94	198	0	84	128	251	82	73	0	106	118	23	226	24	0	2	48	50	90	174	46	42	51	0	103	22	96	121	219	177	168	28	54	0	0	34	95	70	131	36	29	0	37	139	136	132	113	111	109	0	61	117	0	112	113	152	0	188	27	159	72	20	55	28	29	0	72	76	29	88	0	105	31	10	10	335	78	0	71	206	75	104	115	10	302	24	3	30	81	37	103	387	122	148	26	117	100	89	97	102	105	94	286	185	101	100	137	172	174	86	41	224	145	45	117	89	177	15	51	328	15	76	67	116	104	0	83	62	180	126	247	192	30	101	33	76	39	171	194	73	175	44	60	350	237	174	71	29	154	96	13	109	81	89	75	46	20	47	0	150	123	107	124	44	33	50	68	126	43	198	32	21	34	50	39	8	208	16	64	47	47	255	3	77	97	46	131	103	18	92	182	59	274	22	135	34	194	126	38
5	0	0	0	0	0	0	0	0	0	0	0	0	0	0	0	0	0	0	0	0	0	0	0	0	0	0	0	0	0	0	0	0	0	0	0	0	0	0	0	0	0	0	0	0	0	0	0	0	0	0	0	0	0	0	0	0	0	0	0	0	0	0	0	0	0	0	0	0	0	0	0	0	0	0	0	0	0	0	0	0	0	0	0	0	0	0	0	0	0	0	0	0	0	0	0	0	0	0	0	0	0	0	0	0	0	0	0	0	0	0	0	0	0	0	0	0	0	0	0	0	0	0	0	0	0	0	0	0	0	0	0	0	0	0	0	0	0	0	0	0	0	0	0	0	0	0	0	0	0	0	0	0	0	0	0	0	0	0	0	0	0	0	0	0	0	0	0	0	0	0	0	0	0	0	0	0	0	0	0	0	0	0	0	0	0	0	0	0	0	0	0	0	0	0	0	0	0	0	0	0	0	0	0	0	0	0	0	0	0	0	0	0	0	0	0	0	0	0	0	0	0	0	0	0	0	0	0	0	0	0	0	0	0	0	35	0	0	0	0	0	0	0	0	0	0	0	0	0	0	0	0	0	0	0	0	0	0	0	0	0	0	0	0	0	0	0	0	0	0	0	0	0	0	0	0	0	0	0	0	0	0	0	0	0	0	0	0	0	0	0	0	0	0	0	0	0	0	0	0	0	0	0	0	11	0	0	0	0	0	0	0	0	0	0	0	0	0	0	0	0	0	0	0	0	0	0	0	0	0	0	0	0	0	0	0	0	0	0	0	0	0	0	0	0	0	0	0	0	0	0	0	0	0	0	0	0	3	0	0	0	0	0	0	0	0	0	0	0	0	0	0	0	0	0	0	0	0	0	0	0	0	0	0	0	0	0	0	0	0	0	0	0	0	0	0	0	0	0	0	0	0	0	0	1	0	0	0	0	0	0	0	0	0	0	0	0	0	0	0	0	7	0	0	1	0	0	11	0	0	1	0	0	0	0	0	43	0	0	0	0	0	0	0	0	0	0	0	0	0	76	0	0	0	0	49	0	0	0	0	0	0	0	0	0	38	0	0	0	0	0	0	0	0	0	0	0	35	0	0	0	0	6	0	0	0	0	0	0	0	127	0	0	0	0	0	0	0	0	0	0	0	0	6	0	14	0	0	0	0	0	0	0	0	0	0	0	0	0	0	0	0	0	0	1	0	0	0	2	0	20	0	0	0	0	1	0	9	9	0	1	0	0	0	0	6	0	0	0	0	187	0	0	4	0	0	13	0	0	0	0	0	0	0	0	12	0	0	191	7	0	0	0	0	0	0	0	0	0	119	70	0	25	0	0	72	0	2	3	142	0	0	0	0	0	25	0	0	2	0	0	0	0	0	0	0	56	0	0	0	0	0	0	0	7	0	38	1	74	0	0	0	44	104	0	0	0	0	0	0	11	0	13	1	0	1	3	65	0	0	5	0	0	45	0	31	0	0	0	6	0	8	70	0	0	0	80	14	3	0	0	0	4	0	59	0	0	8	0	0	0	49	0	20	0	0	0	0	111	0	0	0	0	2	0	0	60	0	0	0	94	13	0	27	35	0	0	0	0	0	0	0	8	27	0	8	0	0	32	0	4	0	30	0	0	0	0	0	42	0	0	15	0	0	0	36	0	0	0	0	0	30	0	0	0	0	1	3	0	29	3	0	0	0	31	0	0	0	1	0	10	4	0	0	3	10	36	0	0	6	6	0	7	32	98	0	0	70	39	0	13	3	7	15	0	0	4	10	0	0	0	1	0	164	0	0	0	0	0	82	1	0	0	0	11	0	0	4	1	27	0	13	34	0	63	217	0	16	0	1	0	0	65	116	83	9	0	84	0	0	0	0	71	0	0	10	0	0	78	0	0	0	77	0	31	0	4	80	52	50	1	0	0	14	0	1	0	0	0	0	20	41	0	2	6	0	0	0	0	73	0	0	9	65	35	64	25	0	0	166	0	1	80	19	2	0	0	0	40	0	72	23	0	11	13	66	0	0	44	0	0	0	15	7	87	0	0	13	0	0	0	5	0	0	0	0	13	0	9	4	0	5	0	1	77	2	12	0	60	53	4	0	15	2	24	0	8	9	0	0	11	109	42	0	21	0	14	2	0	0	78	0	1	0	2	3	0	7	146	4	27	0	17	32	0	9	85	84	0	14	36	31	32	19	0	0	6	0	1	2	8	0	0	50	7	55	3	13	0	0	2	0	4	1	0	1	2	0	34	2	0	105	0	4	35	6	8	0	1	2	0	4	17	0	14	17	2	164	44	10	0	0	2	10	0	0	51	30	1	0	38	0	11	2	90	1	1	0	1	0	0	11	5	6	27	3	4	56	4	0	94	3	1	160	0	17	0	0	0	0	0	0	0	0	41	29	5	9	1	0	0	10	0	18	1	0	42	0	0	13	3	0	1	1	97	0	37	0	0	38	11	57	15	9	0	8	12	1	14	0	11	123	4	18	0	85	19	0	0	0	1
6	0	0	0	0	0	0	0	0	0	0	0	0	0	0	0	0	0	0	0	0	0	0	0	0	0	0	0	0	0	0	0	0	0	0	0	0	0	0	0	0	0	0	0	0	0	0	0	0	0	0	0	0	0	0	0	0	0	0	0	0	0	0	0	0	0	0	0	0	0	0	0	0	0	0	0	0	0	0	0	0	0	0	0	0	0	0	0	0	0	0	0	0	0	0	0	0	0	0	0	0	0	0	0	0	0	0	0	0	0	0	0	0	0	0	0	0	3	0	0	0	0	0	0	0	0	0	0	0	0	0	0	0	0	0	0	0	0	0	0	0	0	0	0	0	0	0	0	0	0	7	0	0	0	0	0	0	0	0	0	0	0	0	0	0	0	0	0	0	0	0	0	0	0	0	0	0	0	0	0	0	0	0	0	0	0	0	0	0	0	0	0	0	0	0	0	0	0	0	0	0	0	0	0	0	0	5	0	0	0	0	0	0	0	0	0	0	2	0	0	0	0	0	0	0	0	0	0	0	0	0	0	0	0	0	0	0	0	0	0	0	0	0	0	0	0	0	0	0	0	0	0	0	0	0	0	0	0	0	0	0	0	0	0	0	0	0	0	0	0	0	0	0	0	0	0	0	0	0	0	0	0	0	0	0	0	0	0	0	0	0	0	0	0	0	0	0	0	0	0	0	0	0	0	61	0	0	0	0	0	0	0	0	0	0	0	0	0	0	0	0	0	0	20	0	0	0	0	0	0	55	0	0	0	0	0	0	0	0	1	0	0	0	0	0	0	0	0	0	0	0	0	0	0	0	10	0	0	0	0	0	0	0	0	0	0	0	0	0	0	7	0	0	0	0	0	0	0	0	0	0	0	0	0	0	0	0	0	0	0	0	6	0	0	0	0	0	0	11	0	0	0	0	0	0	0	0	0	0	0	0	0	0	0	0	17	0	0	77	0	0	0	0	8	48	0	0	0	0	0	0	11	0	0	0	0	245	0	0	34	19	0	0	0	0	0	1	2	0	0	31	0	0	0	0	249	0	0	0	0	0	0	20	0	0	193	0	0	0	0	0	0	0	0	0	0	0	0	0	0	0	0	53	0	0	0	0	0	61	0	57	0	0	0	0	0	0	0	0	0	0	0	0	118	0	113	0	0	0	0	0	0	0	0	0	64	0	0	0	0	0	0	0	0	62	0	0	0	18	0	26	2	0	0	0	118	0	50	108	0	40	16	0	0	0	192	99	0	0	0	38	0	0	12	0	0	109	0	8	66	0	0	0	97	0	152	124	0	0	27	0	0	36	0	0	0	0	0	0	198	106	16	0	27	0	42	77	68	137	29	0	0	10	6	0	40	0	0	116	100	8	0	0	36	0	26	100	2	0	0	0	0	44	0	42	0	0	67	20	1	77	0	141	148	0	0	0	2	0	0	358	0	93	48	0	47	33	55	0	0	241	276	46	82	0	115	0	18	0	31	0	121	28	0	0	0	120	46	78	0	46	74	13	0	50	82	59	3	0	70	0	128	10	150	0	1	0	35	197	12	0	0	0	127	0	3	19	76	0	0	128	176	304	214	56	0	17	143	0	0	0	0	23	189	0	18	0	33	66	69	305	44	113	0	2	0	0	0	0	0	0	237	8	30	0	86	0	0	87	16	0	252	379	0	0	52	83	111	111	38	43	39	0	0	243	0	0	0	82	0	132	24	44	149	0	80	23	0	0	59	190	240	201	67	26	0	0	60	61	0	48	94	22	56	0	0	77	177	0	166	0	6	0	89	0	0	0	75	0	159	176	70	72	0	183	0	127	102	82	48	0	71	115	90	73	278	45	125	0	40	0	170	172	310	62	81	49	125	128	0	20	194	212	33	0	126	344	0	164	0	0	0	94	0	119	113	93	57	102	65	130	0	0	309	68	3	130	0	0	0	12	95	0	96	49	0	144	5	0	11	35	4	85	114	18	125	62	0	0	107	127	80	150	289	85	0	0	16	37	79	213	83	0	75	244	41	0	0	116	0	0	103	176	121	132	0	0	77	0	0	0	105	203	113	0	31	19	31	88	124	0	83	8	35	18	181	0	0	98	112	152	109	59	87	61	0	134	121	50	125	168	209	181	36	190	0	0	23	167	122	128	59	119	0	42	13	56	1	71	37	15	0	80	249	0	58	9	165	0	223	141	39	256	101	8	169	25	0	124	86	16	106	0	46	47	31	51	95	100	0	44	195	114	30	52	106	64	27	154	104	73	74	56	48	61	18	115	255	149	31	267	68	29	53	54	149	73	192	97	51	20	84	139	185	94	18	53	129	89	36	127	30	49	49	25	27	35	0	44	238	249	53	125	120	45	151	7	264	175	105	178	132	54	272	21	101	18	78	139	104	112	117	50	125	28	113	205	41	309	81	0	146	42	74	9	59	259	73	67	18	19	82	52	11	253	180	132	59	63	147	15	9	85	9	28	306	125	127	45	60	106	95	177	57	60	15	142	222	211	34	96
7	0	0	0	0	0	0	0	0	0	0	0	0	0	0	0	0	0	0	0	0	0	0	0	0	0	0	0	0	0	0	0	0	0	0	0	0	0	0	0	0	0	0	0	0	0	0	0	0	0	0	0	0	0	0	0	0	0	0	0	0	0	0	0	0	0	0	0	0	0	0	0	0	0	0	0	0	0	0	0	0	0	0	0	0	0	0	0	0	0	0	0	0	0	0	0	0	0	0	0	0	0	0	0	0	0	0	0	0	0	0	0	0	0	0	0	0	0	0	0	0	0	0	0	0	0	0	0	0	0	0	0	0	0	0	0	0	0	0	0	0	0	0	0	0	0	0	0	0	0	0	0	0	0	0	0	0	0	0	0	0	0	0	0	0	0	0	0	0	0	0	0	0	0	0	0	0	0	0	0	0	0	0	0	0	0	0	0	0	0	0	0	0	0	0	0	0	0	0	0	0	0	0	0	0	0	0	0	0	0	0	0	0	0	0	0	0	0	0	0	0	0	0	0	0	0	0	0	0	0	0	0	0	0	0	0	0	0	0	0	0	0	0	0	0	0	0	0	0	0	0	0	13	0	0	0	0	0	0	0	0	0	0	0	0	0	0	0	0	0	0	0	0	0	0	0	0	1	0	0	0	0	0	0	0	0	0	0	0	0	0	29	0	0	0	0	0	0	0	0	0	0	0	0	165	0	0	0	0	0	0	0	0	0	0	0	0	0	0	0	0	0	0	2	0	0	0	0	0	0	0	0	0	0	0	0	0	0	0	19	0	0	0	0	0	0	0	0	0	0	0	0	0	0	0	0	0	0	0	0	0	0	0	0	0	0	0	2	0	0	0	0	0	0	0	0	0	0	0	0	5	0	0	0	0	0	0	0	0	0	0	0	0	0	0	0	0	0	0	0	0	0	0	0	0	0	0	0	0	0	0	0	0	0	0	18	0	0	50	0	0	314	0	0	4	0	28	0	0	0	0	18	0	0	0	0	68	0	0	95	0	0	0	0	0	0	29	0	0	0	1	0	0	0	0	152	0	0	0	0	0	0	0	0	0	20	0	0	0	21	0	0	0	0	0	0	0	0	0	0	0	0	44	0	0	0	0	0	79	0	52	0	0	6	0	0	0	0	0	0	0	0	0	363	0	189	0	40	0	0	0	0	0	0	0	77	6	0	0	0	0	0	0	0	157	0	0	0	56	0	55	13	0	0	0	87	0	420	48	0	70	170	2	0	0	187	107	0	0	0	36	0	0	64	0	0	193	0	77	10	0	0	0	154	0	195	70	0	0	38	0	0	93	0	0	0	0	0	0	42	23	127	0	33	0	111	15	190	1	73	0	0	0	95	0	53	0	0	124	140	83	28	0	101	0	0	44	0	0	0	0	0	62	0	51	1	53	51	66	3	95	0	34	92	269	15	29	0	0	0	46	3	50	166	0	187	312	202	0	0	15	2	2	110	0	60	0	0	0	118	0	277	42	0	0	0	60	19	183	0	68	34	97	0	107	6	10	65	0	92	0	62	80	72	0	0	0	178	72	186	33	0	0	31	0	0	169	186	0	2	84	132	6	107	398	0	5	146	62	1	0	0	361	48	0	52	0	237	11	100	56	146	64	0	76	0	0	0	22	0	1	20	0	16	0	91	0	0	98	99	0	77	43	0	0	45	88	217	68	101	33	37	12	0	98	0	0	7	90	6	75	298	57	112	0	7	231	0	0	89	53	2	54	52	107	0	0	76	213	0	19	181	22	187	0	0	163	149	0	99	0	26	0	64	0	0	0	121	0	78	23	43	114	0	91	0	65	98	97	115	0	99	52	171	184	115	69	199	12	137	0	113	58	34	394	50	47	132	85	0	29	56	150	127	0	21	11	0	119	0	0	0	57	0	110	85	25	115	150	76	220	0	0	58	146	0	60	0	0	0	96	66	0	47	112	0	26	67	62	105	32	69	35	48	5	232	24	0	0	37	73	77	131	32	46	0	0	8	33	146	215	24	0	36	66	75	0	0	131	0	0	7	260	51	16	0	0	56	0	0	0	141	84	30	0	108	147	29	84	249	0	88	290	88	69	34	1	0	229	81	65	144	51	149	85	0	182	181	93	248	264	243	29	14	121	0	0	171	178	48	124	47	10	0	192	67	216	140	102	21	42	6	37	37	0	20	43	186	0	34	122	236	218	93	150	78	161	0	102	65	252	105	0	142	191	109	38	149	72	0	139	57	24	53	33	77	59	41	201	150	142	44	74	43	186	167	53	136	205	134	70	241	37	32	60	111	94	174	151	18	86	41	80	100	131	0	118	134	118	95	80	7	131	158	133	176	207	0	110	69	42	7	328	83	209	260	30	23	45	23	92	144	79	38	211	22	53	48	180	14	45	73	234	205	67	37	86	43	6	162	0	85	182	30	149	137	46	219	143	104	81	38	147	23	17	117	21	61	46	12	39	113	81	226	130	80	163	50	21	41	128	32	139	17	33	311	63	104	55	53	176
8	0	0	0	0	0	0	0	0	0	0	0	0	0	0	0	0	0	0	0	0	0	0	12	0	0	0	0	0	0	0	0	0	0	0	0	0	0	0	0	0	23	0	0	0	0	0	0	0	0	0	0	0	0	0	0	0	0	0	0	0	0	0	0	0	0	0	0	0	0	0	0	0	0	0	0	0	0	0	0	0	0	0	0	0	0	0	0	0	0	0	0	0	0	0	0	0	0	0	0	0	0	0	0	0	0	0	0	0	0	0	0	0	0	0	0	0	0	0	0	0	0	0	0	0	0	0	0	0	0	0	0	0	0	0	0	0	0	0	0	0	0	0	0	0	0	0	0	0	0	0	0	0	0	0	0	0	0	0	0	98	0	0	0	0	0	0	0	0	0	0	0	0	0	0	0	0	0	0	0	0	0	0	0	0	0	0	0	0	0	0	0	0	0	0	0	0	0	0	0	0	0	0	0	0	0	0	0	18	0	0	0	0	0	0	0	0	0	0	0	0	0	0	0	0	0	0	0	0	0	0	0	0	0	0	0	0	0	0	0	0	0	0	0	0	0	0	0	0	0	0	0	0	0	0	0	0	0	0	0	0	0	0	0	0	0	0	0	0	0	0	0	0	0	0	0	0	0	0	0	0	1	0	0	0	0	0	0	0	0	0	0	0	0	0	0	0	2	0	0	0	0	0	0	7	0	0	0	0	0	0	0	0	0	0	0	0	0	0	0	0	0	0	0	0	0	0	0	0	0	0	0	0	0	0	0	0	0	49	0	0	0	0	0	0	0	0	0	0	0	0	0	0	0	0	0	0	0	0	0	0	0	0	0	0	0	0	0	0	0	0	0	0	0	0	0	0	0	0	0	0	3	0	0	0	0	0	0	0	0	0	0	0	0	0	0	0	0	0	0	0	0	0	13	0	0	0	0	0	0	0	0	0	0	0	0	0	0	0	59	0	0	0	0	0	0	0	9	0	0	0	0	0	37	0	0	0	0	0	24	0	0	0	0	0	0	4	0	0	0	0	0	0	0	0	37	0	0	0	0	0	0	0	0	0	24	0	0	0	0	0	0	0	0	0	0	0	0	0	0	0	0	2	0	0	0	0	0	0	0	0	0	0	0	0	0	0	0	0	0	0	0	0	1	0	18	0	0	0	0	0	0	0	0	0	0	0	0	0	0	22	0	0	0	1	0	0	0	4	0	96	0	0	0	0	0	0	33	61	0	39	0	0	0	0	10	5	0	0	0	22	0	0	0	0	0	32	0	30	63	0	0	0	0	0	0	38	0	0	9	0	0	21	0	0	0	0	0	0	3	47	0	0	0	0	296	0	3	0	0	0	0	0	0	0	0	0	0	1	0	0	0	0	0	0	0	5	0	0	0	0	0	0	0	4	0	0	0	25	0	3	0	0	0	0	0	0	0	0	0	0	0	13	1	0	0	0	25	0	0	31	0	0	8	0	12	0	0	0	4	0	3	10	0	0	0	132	42	0	0	0	17	2	0	1	0	2	64	0	0	0	2	0	22	0	0	0	0	40	0	0	0	0	0	6	0	1	12	0	0	74	29	0	25	1	0	0	1	0	0	0	0	0	2	0	23	0	0	58	0	1	0	3	0	0	0	0	0	15	0	0	31	0	3	0	0	0	0	0	0	0	58	0	0	0	0	0	0	0	23	92	0	0	0	29	0	0	0	0	0	0	0	0	0	0	0	12	0	0	8	2	0	0	3	49	0	0	0	0	0	30	13	0	34	0	0	0	42	0	1	0	82	0	36	0	0	0	4	0	0	7	6	0	0	48	0	0	0	0	52	0	2	4	89	7	42	1	7	2	0	0	1	17	0	0	0	1	0	1	0	1	0	0	0	0	0	0	0	0	0	0	0	74	0	0	0	11	0	5	0	13	0	0	16	5	1	1	0	0	0	2	0	0	2	1	0	0	0	1	0	24	7	0	0	3	83	0	0	0	2	0	2	2	4	11	0	0	80	0	1	24	16	0	207	19	73	0	0	4	0	0	46	0	2	77	0	0	10	0	0	0	9	0	0	0	0	0	4	0	0	0	36	0	0	9	27	0	0	36	84	75	0	0	0	2	0	0	0	41	0	0	2	0	0	14	0	0	17	0	0	0	0	9	0	1	3	0	16	117	1	0	0	2	2	0	2	5	16	0	81	0	65	206	1	6	0	14	0	0	44	0	38	0	1	0	3	10	5	6	0	1	0	0	5	27	17	8	0	34	1	0	322	0	0	2	0	0	0	1	5	0	1	19	0	4	0	7	16	17	116	0	1	0	0	0	0	7	109	1	0	0	15	0	2	0	0	0	0	0	8	13	1	3	1	27	7	5	0	4	0	11	8	19	0	4	53	2	0	0	1	30	31	0	23	3	62	1	8	0	0	0	1	0	60	3	9	1	3	2	10	0	0	6	13	4	0	9	30	92	15	0	117	1	0	0	0	2	29	15	13	16	84	24	0	7	18	5	0	23	0	13
9	0	0	0	0	0	0	0	0	0	0	0	0	0	0	0	0	0	0	0	0	0	0	0	0	0	0	0	0	0	0	0	0	0	0	0	0	0	0	0	0	0	0	0	0	0	0	0	0	0	0	0	0	0	0	0	0	0	45	0	0	0	0	0	0	0	0	0	0	0	0	0	0	0	0	0	0	0	0	0	0	0	0	0	0	0	0	0	0	0	0	0	0	0	0	0	0	0	0	0	0	0	0	0	0	0	0	0	0	0	0	0	0	0	0	20	0	0	0	0	0	0	0	0	0	0	0	0	0	0	0	0	0	0	0	0	0	0	0	0	0	0	0	0	0	0	0	0	0	0	0	0	0	0	0	0	0	0	0	0	0	0	0	0	0	0	0	0	0	0	0	0	0	0	0	0	0	0	0	0	0	0	0	0	0	0	0	0	0	0	0	0	0	0	0	0	0	0	0	0	0	0	0	0	0	0	0	0	0	0	0	0	0	0	0	0	0	0	0	0	0	0	0	0	0	0	0	0	0	0	0	0	0	0	0	0	0	0	0	0	0	0	0	0	0	0	0	0	0	0	0	0	0	0	0	0	0	0	0	0	0	0	13	0	0	0	0	0	0	0	0	0	0	0	0	0	0	0	0	0	0	0	0	0	0	0	0	0	0	0	0	6	0	0	0	0	0	0	0	0	0	0	0	0	0	0	0	0	0	0	0	0	0	0	0	0	0	0	0	0	0	0	0	0	0	0	0	0	0	0	53	0	0	0	0	0	0	0	0	64	0	0	0	0	0	0	0	0	0	0	0	0	0	0	0	0	0	25	0	0	0	0	0	0	0	4	0	0	0	0	0	0	0	0	0	0	0	0	0	0	0	0	0	0	0	0	0	0	0	0	0	0	0	0	0	0	0	0	0	0	0	0	0	0	0	0	0	0	0	0	0	0	0	0	0	17	0	0	7	0	0	22	0	0	90	0	0	47	0	0	0	72	0	0	0	0	124	0	0	52	0	0	0	0	0	0	9	0	0	0	0	0	0	0	0	7	0	0	0	0	0	0	0	0	0	67	0	0	17	25	0	0	0	0	0	0	0	0	0	0	0	0	8	0	0	0	0	0	31	0	223	0	0	101	0	0	0	0	0	0	0	0	0	214	0	148	0	0	0	0	0	0	0	0	0	170	3	0	0	0	0	0	0	0	59	0	0	0	150	0	126	117	0	0	0	149	0	93	58	0	113	51	0	0	0	36	91	0	0	0	24	0	0	21	0	15	83	0	30	31	0	0	0	112	0	26	63	0	0	125	0	0	113	0	0	0	0	0	0	188	41	67	0	31	19	167	128	37	58	83	0	0	0	45	3	156	0	0	147	11	24	0	55	41	0	0	136	0	0	0	0	1	82	0	123	0	13	109	65	0	36	46	190	55	38	0	0	0	0	0	132	0	26	78	0	115	58	40	0	0	123	154	35	101	0	50	0	1	0	23	0	98	1	0	0	0	125	41	140	0	103	129	16	0	68	197	17	144	0	76	0	73	24	30	0	0	0	70	124	94	0	0	0	35	0	1	16	98	0	0	51	20	1	145	64	0	0	131	285	41	0	0	58	108	0	450	0	10	186	85	143	69	93	0	81	0	0	0	12	0	0	76	0	61	0	92	0	0	258	59	0	64	104	0	0	89	106	117	21	48	27	98	2	0	161	0	0	0	247	0	104	85	299	14	0	183	96	0	0	165	73	65	20	237	90	0	0	223	90	0	140	53	42	102	0	0	21	52	0	81	0	76	0	212	0	0	0	73	3	260	161	18	22	0	56	0	197	127	137	100	0	5	102	183	73	73	33	33	81	123	0	64	30	40	115	191	14	78	14	0	86	35	236	132	0	99	134	0	155	0	0	0	61	0	35	34	59	38	64	52	15	0	0	62	109	65	97	0	0	0	109	36	0	47	39	0	71	39	0	163	22	27	236	48	32	119	19	0	0	42	146	65	169	130	102	0	0	55	79	64	62	16	0	58	75	70	0	0	156	0	0	31	96	105	21	0	0	90	0	0	0	143	140	81	0	167	65	90	26	34	0	27	18	165	56	44	37	0	64	63	263	70	122	33	95	0	115	106	45	64	41	183	100	68	120	0	0	127	56	124	25	24	6	0	55	6	142	171	87	54	157	0	136	377	0	138	229	159	0	58	25	182	35	76	131	23	17	0	38	121	81	196	0	188	66	64	96	43	119	0	84	26	109	125	240	33	48	190	16	131	82	47	93	30	52	208	180	130	73	126	5	112	200	102	44	55	291	61	231	77	113	55	141	379	121	95	354	81	84	322	106	65	88	34	45	225	73	0	41	69	244	317	135	241	22	92	124	52	121	34	56	110	30	60	140	42	117	135	166	125	25	51	77	520	461	106	56	87	39	55	0	61	187	59	24	67	110	71	134	76	106	144	110	15	57	108	4	99	76	149	110	59	61	178	149	82	175	173	24	41	71	311	29	81	59	77	157	35	101	46	95
10	0	0	0	0	0	0	0	0	0	0	0	0	0	0	0	0	0	0	0	0	0	0	0	0	0	0	0	0	0	0	0	0	0	0	0	0	0	0	0	0	0	0	0	0	0	0	0	0	0	0	0	0	0	0	0	0	0	0	0	0	0	0	0	0	0	0	0	0	0	0	0	0	0	0	0	0	0	0	0	0	0	0	0	0	0	0	0	0	0	0	0	0	0	0	0	0	0	0	0	0	0	0	0	0	0	0	0	0	0	0	0	0	0	0	0	0	0	0	0	0	0	0	0	0	0	0	0	0	0	0	0	0	0	0	0	0	0	0	0	0	0	0	0	0	0	0	0	0	0	0	0	0	0	0	0	0	0	0	0	0	0	0	0	0	0	0	0	0	0	0	0	0	0	0	0	0	0	0	0	0	0	0	0	0	0	0	0	0	0	0	0	0	0	0	0	0	0	0	0	0	0	0	0	0	0	0	0	0	0	0	0	0	0	0	0	0	0	0	0	0	0	0	0	0	0	0	0	0	0	0	0	0	0	0	0	0	0	0	0	0	0	0	0	0	0	0	0	0	0	0	0	0	0	0	0	0	0	0	0	0	0	0	0	0	0	0	0	22	2	0	0	0	0	0	0	0	0	0	0	0	0	0	0	0	0	0	0	0	0	0	21	0	0	0	0	0	0	0	0	0	0	0	0	57	0	0	0	0	0	0	0	0	0	0	0	0	0	0	0	0	0	0	0	0	0	0	0	0	0	108	0	0	0	0	0	0	0	0	100	0	0	0	4	0	0	0	0	0	0	0	0	0	0	32	0	0	25	0	0	0	0	0	7	0	3	0	0	0	0	0	0	0	0	0	0	0	0	0	0	0	0	0	0	0	0	0	0	0	0	0	14	0	0	0	0	0	0	0	0	0	0	0	0	59	0	0	0	0	1	0	0	0	0	0	126	0	0	9	0	0	85	0	0	339	27	95	44	0	0	6	28	0	0	0	0	64	0	0	130	111	0	0	0	0	0	48	0	0	0	16	0	0	0	2	27	0	0	0	0	0	0	135	0	0	30	0	0	0	2	31	0	0	0	0	0	0	0	0	0	0	0	152	0	14	0	0	0	159	0	136	0	0	22	0	0	0	0	0	0	0	0	3	47	0	67	0	0	0	0	0	0	0	0	0	30	0	0	0	0	0	0	0	7	121	0	0	0	194	0	117	76	0	46	0	126	0	70	265	0	231	104	0	0	0	129	75	0	0	0	122	0	0	30	0	6	214	0	123	157	1	0	0	81	0	84	31	0	0	195	0	0	74	0	0	0	0	0	0	18	90	29	0	35	0	234	59	180	73	229	0	0	0	197	0	66	1	0	228	294	0	0	0	14	0	91	41	0	0	0	0	0	155	0	58	1	23	196	30	8	87	0	308	125	0	0	65	0	0	0	220	9	89	53	0	94	173	62	0	0	144	31	16	89	0	45	0	0	0	25	0	125	5	0	0	0	163	56	325	0	158	20	74	0	78	125	42	217	0	67	0	15	40	21	0	0	0	81	24	96	4	0	0	114	1	0	43	174	0	66	94	48	0	29	123	0	50	207	52	0	0	0	282	34	0	44	0	100	87	83	132	85	113	0	30	0	0	0	17	0	0	167	76	121	0	18	0	0	76	287	2	78	127	0	0	99	127	235	93	161	0	213	0	1	63	0	0	0	48	25	101	141	123	148	0	20	62	0	0	47	78	118	211	46	25	0	0	33	51	0	29	84	76	97	0	0	66	213	0	95	0	169	0	501	0	0	0	39	0	51	39	140	44	0	5	0	44	90	86	192	0	45	153	24	83	31	44	26	20	95	0	215	132	65	14	111	54	14	183	0	39	233	36	10	0	40	154	1	138	0	0	0	155	0	50	68	91	85	114	118	92	0	0	81	163	51	189	0	0	0	238	16	0	144	86	0	35	387	0	14	100	84	106	82	206	83	122	0	0	177	112	33	147	105	98	0	0	135	179	191	75	63	0	65	176	104	0	0	61	1	0	95	307	64	19	0	0	173	0	0	0	645	280	134	0	13	10	89	91	34	0	14	89	122	112	117	6	0	146	44	130	58	230	237	69	0	187	171	76	90	41	95	120	46	58	0	6	43	20	183	47	22	149	0	68	145	94	115	90	37	37	10	204	163	0	33	85	230	0	125	93	75	109	66	55	112	81	0	187	81	145	141	0	79	133	65	30	251	63	0	59	40	91	61	80	110	4	93	84	10	57	202	111	30	207	40	80	400	132	188	103	188	10	43	80	357	19	334	79	136	19	258	95	36	55	64	160	20	172	45	83	44	4	115	56	37	95	0	138	54	32	213	157	25	28	164	102	157	114	40	126	65	13	62	78	163	89	144	70	200	27	111	74	264	82	137	49	44	374	14	118	35	299	119	59	23	107	157	102	42	12	46	81	44	196	75	75	48	12	61	60	55	60	42	104	69	9	34	321	12	61	31	40	37	58	213	154	50	164	208	21
11	0	0	0	0	0	0	0	0	0	0	0	0	0	0	0	0	0	0	0	0	0	0	0	0	0	0	0	0	0	0	0	0	0	0	0	0	0	0	0	0	0	0	0	0	0	0	0	0	0	0	0	0	0	0	0	0	0	0	0	0	0	0	0	0	0	0	0	0	0	0	0	0	0	0	0	0	0	0	0	0	0	0	0	0	0	0	0	0	0	0	0	0	0	0	0	0	0	0	0	0	0	0	0	0	0	0	0	0	0	0	0	0	0	0	0	0	0	0	0	0	0	0	0	0	0	0	0	0	0	0	0	0	0	0	0	0	0	0	0	0	0	0	0	0	0	0	0	0	0	0	0	0	0	0	0	0	0	0	0	0	0	0	0	0	0	0	0	0	0	0	0	0	0	0	0	0	0	0	0	0	0	0	0	0	0	0	0	0	0	0	0	0	0	0	0	0	0	0	0	0	0	0	0	0	0	0	0	0	0	0	0	0	0	0	0	0	0	0	0	0	60	0	0	0	0	0	0	0	0	0	0	0	0	0	0	0	0	0	0	0	0	0	0	0	0	0	0	0	0	0	0	0	0	0	0	0	0	0	0	0	0	0	0	0	0	0	0	0	0	0	0	0	0	0	0	0	0	21	0	0	0	0	0	0	0	0	0	0	0	0	18	0	0	0	0	0	0	0	0	0	1	0	0	19	0	0	0	0	0	0	0	0	0	0	0	0	0	0	0	0	0	0	0	0	0	0	0	0	0	93	0	0	0	0	0	0	0	0	204	0	0	0	0	0	0	0	0	0	0	0	0	0	0	0	0	0	0	0	0	0	0	0	0	0	9	0	0	0	0	0	0	0	0	0	0	0	0	0	0	0	0	0	0	0	0	0	0	0	0	0	0	0	0	0	0	0	0	0	0	0	0	0	0	0	0	0	2	0	0	10	0	0	0	0	25	0	0	4	0	0	78	0	43	67	23	0	2	0	0	0	77	0	0	0	0	155	0	0	38	3	0	0	0	0	0	175	0	0	0	37	0	0	0	0	69	0	0	0	0	0	11	97	0	0	175	0	0	0	62	0	0	0	0	0	0	0	1	0	0	22	0	13	0	0	0	0	0	149	0	216	0	0	14	0	0	0	0	0	0	0	0	0	186	0	70	0	5	0	0	0	0	0	0	0	54	1	0	0	0	0	0	0	0	210	0	0	0	156	0	116	103	0	5	0	124	0	90	62	0	77	190	0	0	0	8	98	0	0	0	50	0	0	2	0	20	46	0	186	32	0	0	0	91	0	98	58	0	0	181	0	0	39	0	0	0	0	0	0	62	22	131	0	94	0	26	40	65	54	53	0	0	2	0	0	313	0	0	223	84	53	0	18	144	0	0	125	0	10	0	0	0	65	0	47	0	16	80	29	0	99	0	107	90	52	0	0	0	0	19	50	48	14	57	0	97	179	126	0	0	124	164	62	11	0	278	0	0	8	160	0	28	54	0	0	0	57	29	103	0	31	134	207	0	48	44	74	11	0	178	0	110	235	84	0	32	0	38	23	4	0	0	0	43	0	0	96	69	0	1	119	65	68	45	176	0	4	14	57	29	0	0	65	87	0	66	0	41	69	204	8	66	11	0	101	0	0	0	0	0	0	24	35	34	0	106	0	0	75	40	0	26	97	0	0	8	4	220	99	30	75	38	0	0	63	0	0	0	41	4	111	100	76	69	0	42	249	0	0	156	70	143	50	50	221	0	0	52	127	0	28	66	18	103	0	0	74	101	0	77	0	146	0	46	0	0	0	78	169	94	74	13	71	0	92	0	40	76	57	89	0	202	16	104	96	230	103	90	42	141	0	128	90	62	117	22	40	25	63	0	89	144	140	32	0	56	260	0	13	0	0	0	30	0	23	81	206	47	7	73	190	0	0	166	64	78	105	0	0	0	76	98	0	62	113	0	133	268	2	69	9	55	152	161	57	86	35	0	0	51	107	51	67	444	94	0	0	194	211	42	75	10	0	36	221	100	0	0	101	17	0	125	66	73	24	0	0	42	0	0	0	94	40	178	0	324	54	100	105	55	0	133	274	102	55	31	10	0	195	121	158	332	135	185	149	0	31	124	271	92	33	74	218	79	31	0	0	81	58	9	18	206	70	0	36	133	9	26	70	7	112	0	27	27	0	170	186	111	0	93	30	82	80	40	69	60	42	0	126	14	12	87	0	104	29	62	271	121	85	0	55	73	149	133	112	87	138	122	136	89	114	246	104	62	52	45	76	69	351	27	32	159	142	45	32	238	46	123	62	188	36	55	33	230	82	49	114	129	151	61	132	137	101	67	66	23	241	0	41	185	182	41	208	125	93	106	90	59	84	18	219	47	16	143	115	135	98	61	186	36	144	23	129	85	161	63	86	132	146	46	0	64	48	252	27	181	60	107	134	144	113	50	45	133	73	113	122	38	173	23	229	133	138	11	39	62	78	123	112	21	27	176	118	29	244	37	272	12	29	92	58
12	0	0	0	0	0	0	0	0	0	0	0	0	0	0	0	0	0	0	0	0	0	0	0	0	0	0	0	0	0	0	0	0	0	0	0	0	0	0	0	0	0	0	0	0	0	0	0	0	0	0	0	0	0	0	0	0	0	0	0	0	0	0	0	0	0	0	0	0	0	0	0	0	0	0	0	0	0	0	0	0	0	0	0	0	0	0	0	0	0	0	0	0	0	0	0	0	0	0	0	0	0	0	0	0	0	0	0	0	0	0	0	0	0	0	0	0	0	0	0	0	0	0	0	0	0	0	0	0	0	0	0	0	0	0	0	0	0	0	0	0	0	0	0	0	0	0	0	0	0	0	0	0	0	0	0	0	0	0	0	0	0	0	0	0	0	0	0	0	0	0	0	0	0	0	0	0	0	0	0	0	0	0	0	0	0	0	0	0	0	0	0	0	0	0	0	0	0	0	0	0	0	0	0	0	0	0	0	0	0	0	0	0	0	0	0	0	0	0	0	0	0	0	0	0	0	0	0	0	0	0	0	0	0	0	0	0	0	0	0	0	0	0	0	0	0	0	0	0	0	0	0	0	0	0	0	0	0	70	0	0	0	0	0	0	0	0	0	0	0	0	0	0	0	0	0	0	0	0	0	0	0	0	0	0	0	0	0	0	0	0	30	0	0	0	0	0	0	0	0	11	0	0	0	0	0	0	0	0	0	0	0	0	0	0	0	0	0	0	0	0	0	0	0	0	0	0	0	0	0	43	0	0	0	0	0	0	0	0	1	0	0	0	0	0	0	0	0	0	0	0	0	0	0	0	0	0	0	0	0	0	0	0	0	0	0	0	0	0	0	0	0	0	0	0	0	0	0	0	0	0	0	0	0	0	0	0	0	0	0	0	0	0	0	0	0	0	0	0	0	0	0	0	0	0	0	0	0	0	0	0	0	0	0	0	0	0	0	0	0	0	0	0	136	35	0	23	14	0	0	0	0	0	0	0	0	1	0	0	20	0	0	0	0	0	0	0	0	12	0	0	0	0	0	0	96	0	0	0	0	0	0	0	0	0	7	0	0	0	0	0	0	0	0	0	0	0	0	0	0	0	0	5	0	0	0	0	0	55	0	0	0	0	0	0	0	0	0	0	0	0	0	0	30	0	126	0	0	0	0	0	0	0	0	0	0	2	0	0	0	0	0	0	0	6	0	6	0	0	0	0	6	0	0	0	6	0	37	91	0	1	0	0	0	0	8	11	0	0	0	83	0	0	22	0	0	49	0	87	0	0	0	0	5	0	2	71	19	0	0	0	0	22	0	1	0	0	0	0	145	16	30	0	0	0	131	6	6	4	0	0	0	0	13	0	13	0	0	7	83	98	0	0	3	0	1	103	0	0	0	0	0	1	0	58	0	3	1	32	0	5	0	14	7	23	0	0	0	0	0	96	0	0	24	0	3	21	12	0	0	19	0	2	1	0	70	0	12	0	15	0	64	0	0	0	0	10	98	101	0	13	0	31	0	84	63	36	14	0	128	0	57	8	68	0	0	0	0	5	0	0	0	0	0	0	0	105	51	0	79	86	36	0	11	48	0	0	0	35	0	0	0	4	63	0	28	0	11	75	0	21	18	91	0	0	0	0	0	2	0	0	63	0	13	0	83	0	0	4	34	0	15	67	0	0	44	3	41	3	128	134	0	0	0	37	0	0	0	1	0	9	0	6	49	0	4	49	0	0	59	42	0	115	20	17	0	0	10	56	0	30	20	0	103	0	0	1	16	0	19	0	21	0	57	0	0	0	14	57	47	3	74	12	0	100	0	39	1	49	5	0	70	126	36	103	42	10	113	0	0	0	31	8	0	20	46	86	0	29	0	0	0	0	1	0	76	11	0	1	0	0	0	59	0	51	2	61	47	68	143	88	0	0	59	14	0	26	0	0	0	15	1	0	15	5	0	179	11	2	0	18	127	34	13	105	1	11	0	0	95	10	51	54	113	53	0	0	139	236	8	52	24	0	16	5	75	0	0	16	0	0	27	7	62	96	0	0	66	0	0	0	51	6	0	0	8	4	4	141	47	0	39	38	38	5	36	0	0	2	115	137	152	77	13	246	0	70	30	14	8	27	26	32	0	39	0	0	21	13	53	32	13	0	0	43	39	21	12	80	21	8	0	42	70	0	136	14	65	0	97	16	104	19	55	2	31	16	0	152	35	3	23	0	8	5	31	55	48	37	1	0	0	0	0	5	74	95	2	50	6	6	13	60	1	24	4	0	37	0	27	40	103	30	0	0	57	121	0	44	251	18	0	18	7	27	0	4	96	29	0	22	5	2	54	26	14	0	0	38	45	31	9	6	25	137	1	27	49	21	8	30	5	15	14	5	222	0	13	2	5	35	8	307	85	121	138	50	16	5	37	0	4	0	80	16	28	15	9	130	63	32	11	17	1	7	1	17	58	280	113	35	107	106	15	1	2	89	28	25	29	10	114	56	66	0	24	5	88	37	0	2
13	0	0	0	0	0	0	0	0	0	0	0	0	0	0	0	0	0	0	0	0	0	0	0	0	0	0	0	0	0	0	0	0	0	0	0	0	0	0	0	0	0	0	0	0	0	0	0	0	0	0	0	0	0	0	0	0	0	0	0	0	0	0	0	0	0	0	0	0	0	0	0	0	0	0	0	0	0	0	0	0	0	0	0	0	0	0	0	0	0	0	0	0	0	0	0	0	0	0	0	0	0	0	0	0	0	0	0	0	0	0	0	0	0	0	0	0	0	0	0	0	0	0	0	0	0	0	0	0	0	0	0	0	0	0	0	0	0	0	0	0	0	0	0	0	0	0	0	0	0	0	0	0	0	0	0	0	0	0	0	0	0	0	0	0	0	0	0	0	0	0	0	0	0	0	0	0	0	0	0	0	0	0	0	0	0	0	0	0	0	0	0	0	0	0	0	0	0	0	0	0	0	0	0	0	0	0	0	0	0	0	0	0	0	0	0	0	0	0	0	0	0	0	0	0	0	0	0	0	0	0	0	0	0	0	0	0	0	0	0	0	0	0	0	0	0	0	0	0	0	0	0	0	0	0	0	0	0	10	0	0	0	0	0	0	0	0	0	16	0	0	0	0	0	0	0	0	0	0	0	0	0	0	0	0	0	0	0	0	0	13	110	0	0	0	0	0	0	0	0	0	0	0	0	256	0	0	1	0	0	0	0	0	0	0	0	0	0	0	0	0	0	0	15	0	0	0	0	0	0	128	0	0	0	0	0	0	0	0	27	0	0	0	35	0	0	0	0	0	24	0	0	0	0	0	0	0	12	0	0	0	0	0	0	0	0	0	0	0	0	0	0	0	0	0	0	0	0	0	0	0	0	0	0	0	0	0	0	0	0	0	0	0	0	0	0	0	0	0	0	0	0	0	0	1	0	0	0	0	0	0	0	2	9	0	39	0	0	26	0	0	30	0	35	126	0	0	64	0	0	1	264	0	0	0	0	77	0	0	54	1	0	0	0	0	0	167	0	0	0	2	0	0	0	0	2	0	0	0	0	0	0	114	21	0	57	0	0	0	38	0	0	0	0	0	0	0	0	0	0	12	0	107	0	3	3	0	23	125	0	79	0	0	51	0	0	0	0	13	0	0	0	31	218	0	123	0	25	0	0	0	0	0	0	0	143	1	0	0	0	0	0	0	16	226	0	0	0	153	0	349	90	0	30	0	127	0	61	124	0	240	188	0	0	0	66	43	0	0	0	138	0	0	40	24	159	207	0	38	3	0	0	0	220	0	169	116	0	0	129	0	0	87	0	23	0	4	0	0	56	119	57	0	88	0	106	101	37	15	266	0	0	0	106	0	254	0	0	177	208	14	0	0	39	0	0	9	0	0	0	0	0	57	0	70	0	24	7	14	2	58	0	202	23	3	7	31	0	0	14	80	54	91	143	0	137	83	259	0	0	70	58	7	64	0	17	0	42	0	57	0	40	98	0	0	0	212	25	54	0	230	21	440	0	101	83	80	1	0	197	0	65	121	101	0	0	0	69	44	91	18	0	0	168	0	0	66	103	0	5	60	49	0	110	57	0	114	53	60	180	0	0	134	199	0	98	0	282	28	139	172	179	64	0	67	0	0	0	55	0	13	164	18	16	0	34	7	0	143	4	0	259	58	0	0	9	96	6	140	84	32	7	0	0	16	0	0	0	98	66	143	108	91	42	0	268	45	0	0	29	77	67	19	49	93	0	39	96	178	0	350	7	95	38	0	0	57	4	0	61	0	176	0	69	0	0	0	7	48	239	156	171	86	0	69	0	68	47	42	121	0	27	137	51	59	169	4	51	0	60	0	128	72	70	48	118	15	121	16	0	36	128	164	159	0	40	200	27	85	0	0	0	182	0	41	43	46	27	117	77	83	0	0	21	93	245	137	4	0	0	16	107	0	90	135	0	46	281	154	61	26	210	88	19	167	59	72	0	0	170	106	89	33	36	169	0	5	96	30	47	243	84	0	220	128	72	0	0	139	0	0	125	39	78	218	0	0	24	100	0	0	69	74	150	0	12	277	25	68	67	0	78	61	82	45	58	4	29	195	81	109	19	87	126	38	0	79	67	73	239	30	47	127	82	265	0	0	54	39	128	122	171	245	0	13	188	41	3	90	126	76	40	109	129	0	80	105	80	0	104	15	6	131	52	150	56	23	0	77	39	137	61	0	76	173	124	188	19	222	0	151	29	209	70	45	129	48	154	42	113	220	135	248	146	125	19	35	61	44	198	209	8	390	121	97	157	108	55	65	11	223	73	38	138	128	0	79	77	50	160	60	114	66	62	24	55	77	0	263	39	58	115	144	146	52	128	165	43	91	78	96	27	63	38	120	131	63	24	86	124	77	138	212	184	116	32	79	28	17	30	0	164	131	158	52	248	114	19	86	56	101	63	151	264	36	54	28	18	38	24	105	26	89	60	35	144	159	128	76	60	266	62	98	70	31	77	79	168	123	34	8
14	0	0	0	0	0	0	0	0	0	0	0	0	0	0	0	0	0	0	0	0	0	0	0	0	0	0	0	0	0	0	0	0	0	0	0	0	0	0	0	0	0	0	0	0	0	0	0	0	0	0	0	0	0	0	0	0	0	0	0	0	0	0	0	0	0	0	0	0	0	0	0	0	0	0	0	0	0	0	0	0	0	0	0	0	0	0	0	0	0	0	0	0	0	0	0	0	0	0	0	0	0	0	0	0	0	0	0	0	0	0	0	0	0	0	0	0	0	0	0	0	0	0	0	0	0	0	0	0	0	0	0	0	0	0	0	0	0	0	0	0	0	0	0	0	0	0	0	0	0	0	0	0	0	0	0	0	0	0	0	0	0	0	0	0	0	0	0	0	0	0	0	0	0	0	0	0	0	0	0	0	0	0	0	0	0	0	0	0	0	0	0	0	0	0	0	0	0	0	0	0	0	0	0	0	0	0	0	0	0	0	0	0	0	0	0	0	0	0	0	0	0	0	0	0	0	0	0	0	0	0	0	0	0	1	0	0	0	0	0	0	0	0	0	0	0	0	0	0	0	0	0	0	0	0	0	0	0	0	0	0	0	0	0	0	0	0	0	0	0	0	0	0	0	0	0	0	0	0	0	0	0	0	0	0	0	0	0	0	0	0	342	0	0	0	0	0	0	0	0	0	0	0	0	107	0	0	0	0	0	0	0	0	0	0	0	0	0	0	0	0	0	0	0	0	0	0	0	0	0	117	0	0	0	0	0	0	0	0	24	0	0	0	0	0	0	0	0	0	0	0	0	0	0	0	0	0	0	0	0	0	0	0	0	0	0	0	0	0	0	0	0	0	0	0	0	0	0	0	0	0	0	0	0	0	0	0	0	0	0	0	0	0	0	0	0	0	0	0	0	0	0	0	0	2	0	0	88	0	0	0	0	0	0	0	25	0	0	6	0	0	78	0	226	36	0	0	90	0	0	0	46	0	0	0	0	137	0	0	88	3	0	0	0	0	0	157	0	0	0	59	0	0	0	0	79	0	0	0	0	0	0	37	0	0	66	0	0	0	47	8	0	0	0	0	0	0	0	0	0	0	0	18	0	0	0	0	0	13	0	105	0	0	0	0	0	0	0	0	0	0	0	0	94	0	232	0	0	0	0	0	0	0	0	0	201	0	0	0	0	0	0	0	0	60	0	0	0	70	0	112	34	0	0	0	133	0	88	26	0	160	123	0	0	0	108	83	0	0	0	79	0	0	8	0	9	24	0	78	46	2	0	0	38	0	120	62	0	0	234	0	0	247	0	0	0	0	0	0	72	63	28	0	62	0	61	117	161	56	246	0	0	46	11	0	28	0	0	132	141	1	32	38	20	0	0	17	0	0	0	0	0	72	0	29	0	0	68	80	173	174	0	72	75	37	0	0	6	0	56	10	34	39	233	0	16	28	140	0	0	81	112	21	15	0	29	0	0	0	543	0	37	130	0	0	0	49	43	161	0	4	242	76	0	167	9	20	20	0	24	0	67	119	9	0	0	0	128	88	43	0	0	0	20	0	0	92	265	0	9	143	108	54	114	96	0	17	122	35	82	0	0	234	203	0	111	11	152	146	27	115	96	285	0	286	0	0	0	136	0	0	61	7	107	0	59	0	0	112	50	0	49	33	0	0	122	35	59	80	50	136	81	0	0	82	0	0	0	43	3	104	63	77	134	0	19	74	0	3	81	181	226	126	182	57	0	0	19	44	0	165	117	18	83	0	0	27	23	0	336	0	237	0	145	0	0	0	27	0	109	23	84	127	0	35	0	228	145	11	176	0	52	84	314	75	132	157	54	55	188	0	171	61	36	18	59	62	50	104	0	14	21	214	69	0	189	178	0	18	0	0	0	23	0	64	36	13	118	138	95	102	0	0	105	98	125	40	0	0	0	90	54	0	69	108	0	52	47	6	82	99	78	47	22	94	75	95	0	0	28	182	143	61	131	77	0	0	70	87	112	110	23	0	214	109	69	0	0	75	0	0	187	89	112	15	0	0	67	0	0	0	224	291	100	0	22	149	71	55	260	0	89	73	31	143	42	3	0	60	109	157	180	37	104	30	0	57	67	58	95	118	46	71	89	89	0	1	169	227	72	113	66	190	0	173	43	183	152	18	79	117	0	71	66	0	131	115	120	0	55	232	61	38	68	233	191	18	0	26	284	32	52	0	77	56	110	49	81	38	0	39	65	127	142	162	46	8	42	27	39	72	193	219	34	128	199	92	14	230	234	69	56	184	31	109	139	254	51	108	73	9	65	93	61	179	19	45	91	65	59	49	51	74	174	140	46	16	0	321	79	42	44	179	198	18	292	89	62	125	48	74	86	30	21	39	67	107	176	97	38	210	205	105	120	130	83	68	99	42	14	0	55	78	6	54	40	161	45	120	160	36	16	81	84	135	110	196	197	129	95	37	193	110	205	137	165	126	56	58	109	125	33	101	36	178	267	56	112	134	67	121
15	0	0	0	0	0	0	0	0	0	0	0	0	0	0	0	0	0	0	0	0	0	0	0	0	0	0	0	0	0	0	0	0	0	0	0	0	0	0	0	0	0	0	0	0	0	0	0	0	0	0	0	0	0	0	0	0	0	0	0	0	0	0	0	0	0	0	0	0	0	0	0	0	0	0	0	0	0	0	0	0	0	0	0	0	0	0	0	0	0	0	0	0	0	0	0	0	0	0	0	0	0	0	0	0	0	0	0	0	0	0	0	0	0	0	0	0	0	0	0	0	0	0	0	0	0	0	0	0	0	0	0	0	0	0	0	0	0	0	0	0	0	0	0	0	0	0	0	0	0	0	0	0	0	0	0	37	0	0	0	0	0	0	0	0	0	0	0	0	0	0	0	0	0	0	0	0	0	0	0	0	0	0	0	0	0	0	0	0	0	0	0	0	0	0	0	0	0	0	0	0	0	0	0	0	0	0	0	0	0	0	0	0	0	0	0	0	0	0	0	0	0	0	0	0	0	0	0	0	0	0	0	0	0	0	0	0	0	0	0	0	1	0	0	0	0	0	0	0	0	0	0	0	0	0	0	0	0	0	0	0	0	0	0	0	0	0	0	0	0	0	0	0	0	0	0	0	0	0	0	0	0	0	0	0	0	0	0	0	0	0	26	0	0	0	0	0	0	0	0	0	0	0	0	90	0	0	0	0	0	23	0	0	0	0	0	0	0	0	0	0	0	0	0	0	0	0	0	0	0	100	0	0	0	0	0	0	0	0	2	0	0	0	16	0	0	0	0	0	0	0	0	0	0	0	0	0	92	0	0	0	0	0	0	0	0	0	8	0	0	6	0	0	0	0	0	0	0	0	0	0	0	0	0	0	0	0	0	0	9	0	0	0	0	0	0	0	0	0	0	0	0	0	0	57	0	0	0	0	0	0	0	0	0	0	13	4	0	154	0	0	99	0	0	75	0	0	137	0	0	0	52	0	0	0	0	141	0	0	133	0	0	0	0	0	0	60	0	0	0	16	0	0	0	0	105	0	0	0	0	0	0	22	0	0	54	0	0	0	74	0	0	0	0	0	0	0	0	0	0	0	0	156	0	16	0	0	0	144	0	117	0	0	22	0	0	0	0	0	0	0	0	0	181	0	137	0	0	0	0	0	0	0	0	0	8	5	0	0	0	0	0	0	70	68	0	0	0	18	0	161	18	0	0	0	68	0	82	230	0	106	67	0	0	0	56	60	0	0	0	135	0	0	35	0	40	133	0	54	73	0	0	0	94	0	90	155	0	0	133	0	0	94	0	8	0	0	0	0	118	142	45	0	90	0	57	189	30	123	112	0	0	0	98	0	114	0	0	88	121	35	0	2	60	0	26	27	5	0	0	0	0	73	0	112	0	102	43	215	24	95	0	249	94	0	118	0	0	0	0	137	102	36	109	0	126	139	157	0	0	141	110	70	155	0	34	0	3	0	18	0	25	261	0	35	0	312	63	106	0	96	72	84	0	149	72	102	150	0	49	0	95	290	20	0	28	0	61	192	287	76	0	0	32	0	175	196	58	0	3	201	14	37	85	122	0	232	53	91	0	0	9	98	27	0	58	0	79	200	77	44	100	29	0	192	0	0	0	36	0	3	114	7	118	0	36	0	0	194	71	0	51	211	0	0	29	44	67	45	238	138	110	0	0	173	0	0	7	121	84	14	68	27	154	0	94	128	0	0	25	60	15	19	116	19	0	0	33	299	0	66	137	67	39	0	0	51	32	0	156	0	44	0	447	0	0	0	40	0	134	94	157	77	0	107	71	114	154	89	42	0	29	64	27	52	44	207	142	70	139	0	230	29	37	98	93	18	53	98	0	90	53	24	65	0	37	158	0	20	0	0	0	242	0	173	81	20	67	27	142	12	0	0	149	97	48	20	0	0	0	29	53	0	20	19	0	50	35	42	84	52	21	95	109	108	152	58	0	0	62	146	86	80	23	379	0	71	7	28	63	75	22	0	65	43	71	0	0	7	0	0	42	212	20	84	0	0	46	2	0	0	35	219	101	0	116	53	105	62	67	0	13	128	219	220	70	0	69	48	79	12	119	67	80	150	0	306	35	81	12	20	200	77	187	67	0	0	62	167	149	78	77	36	0	50	71	31	98	189	148	15	4	130	62	0	217	37	40	0	64	70	69	56	92	101	67	50	0	195	134	67	18	0	17	68	53	313	62	109	0	364	105	33	88	133	94	114	142	15	147	8	88	80	75	202	96	94	124	37	56	22	170	175	228	97	33	121	48	75	12	276	57	236	10	59	0	135	88	31	78	141	12	35	38	211	39	77	0	243	198	142	254	31	108	110	79	157	89	58	198	16	36	34	179	217	56	25	36	74	101	101	122	47	137	21	48	109	84	194	90	0	106	18	103	121	123	135	114	105	12	48	132	144	71	48	28	76	113	141	90	71	128	52	141	109	137	34	42	176	162	209	115	87	69	128	51	23	162	77	15	107
16	0	0	0	0	0	0	0	0	0	0	0	0	0	0	0	0	0	0	0	0	0	0	0	0	0	0	0	0	0	0	0	0	0	0	0	0	0	0	0	0	0	0	0	0	0	0	0	0	0	0	41	0	0	0	0	0	0	0	0	0	0	0	0	0	0	0	0	0	0	0	0	0	0	0	0	0	0	0	0	0	0	0	0	0	0	0	0	0	0	0	0	0	0	0	0	0	0	0	0	0	0	0	0	0	0	0	0	0	0	0	0	0	0	0	0	0	0	0	0	0	0	0	0	0	0	0	0	0	0	0	0	0	0	0	0	0	0	0	0	0	0	0	0	0	0	0	0	0	0	0	0	0	0	0	0	0	0	0	0	0	0	0	0	0	0	0	0	0	0	0	0	0	0	0	0	0	0	0	0	0	0	0	0	0	0	0	0	0	0	0	0	0	0	4	0	0	0	0	0	0	0	0	0	0	0	0	0	0	0	0	0	0	0	0	0	0	0	0	0	0	0	0	0	0	0	0	0	0	0	0	0	0	0	0	0	0	0	0	0	0	0	0	0	0	0	0	0	0	0	0	0	0	0	0	0	0	0	0	0	0	0	0	0	0	0	0	0	0	0	0	0	0	0	0	0	0	0	0	0	0	0	0	0	0	0	0	0	0	0	0	84	3	0	0	0	0	0	0	0	0	0	0	0	83	0	0	0	0	0	0	0	0	0	0	0	0	0	0	0	0	0	0	2	0	0	14	0	0	0	85	0	0	0	0	0	0	0	0	91	0	0	0	0	0	0	0	0	0	0	0	0	0	0	0	0	0	3	0	0	0	0	0	0	0	0	0	0	0	0	0	0	0	0	0	0	0	0	0	0	0	0	0	0	0	0	0	0	0	0	0	0	0	0	0	0	0	0	0	0	0	0	0	0	0	2	0	0	0	0	0	0	0	0	0	48	0	0	5	23	0	88	0	7	106	0	0	0	0	0	1	270	0	6	0	0	68	0	0	117	36	0	0	0	0	0	54	0	0	0	62	0	0	0	0	32	0	0	0	0	0	0	32	0	6	33	0	0	0	78	38	0	0	0	0	0	0	69	15	0	4	0	100	0	0	0	0	0	10	0	75	0	0	64	0	0	0	0	0	0	0	0	0	197	0	148	0	0	0	0	0	0	0	0	0	108	0	0	0	0	0	70	0	65	64	0	0	0	196	0	171	200	0	12	0	162	0	128	33	0	71	64	0	0	0	45	47	0	0	0	117	0	0	38	0	4	200	0	208	48	0	0	0	92	0	101	37	0	0	221	0	0	97	0	3	0	0	1	0	195	106	102	0	217	0	194	66	145	155	35	0	0	0	85	0	54	0	0	88	31	90	0	1	64	0	10	120	0	0	0	0	0	89	0	154	0	123	53	124	4	166	0	63	15	232	0	0	0	0	0	68	297	65	286	0	83	13	102	0	0	123	33	35	64	0	13	0	48	1	31	0	53	93	0	1	0	85	45	74	0	86	7	35	0	97	109	15	131	0	24	0	188	32	179	0	0	0	80	88	57	0	0	0	2	5	0	150	90	0	7	223	82	0	63	12	0	132	193	7	0	0	0	126	41	0	94	0	124	68	43	49	91	61	0	249	0	0	0	0	0	22	204	87	83	0	140	0	0	77	128	0	99	162	0	0	126	81	29	167	348	156	174	0	0	27	0	0	0	29	53	38	77	268	58	0	17	157	0	0	22	6	134	32	133	115	0	30	88	44	0	44	39	4	132	0	0	164	22	0	71	0	66	0	104	24	0	0	71	0	38	87	124	135	0	109	0	117	123	222	34	0	73	178	255	250	47	130	37	88	37	0	58	39	25	155	160	38	50	95	0	54	131	34	63	0	72	130	0	61	0	0	0	211	0	130	57	60	298	138	132	353	0	0	156	93	104	37	0	0	0	132	127	0	269	25	0	127	87	48	74	118	19	72	40	58	149	163	0	0	166	54	155	71	184	39	0	0	109	138	120	80	51	0	28	24	289	0	0	82	0	0	38	82	66	196	0	0	75	93	0	0	196	194	139	0	28	63	121	98	35	0	65	100	58	64	109	1	0	140	173	54	176	154	103	156	0	132	33	83	2	118	26	91	128	73	0	0	108	22	65	133	139	70	0	112	214	136	148	85	32	128	4	71	111	0	126	30	53	0	112	144	97	266	12	16	204	91	0	25	70	57	146	0	75	100	109	36	125	56	0	136	53	148	80	23	90	75	238	68	50	82	102	16	84	50	140	153	194	143	33	66	107	42	134	130	70	147	87	71	173	116	165	36	74	113	44	65	121	35	185	18	15	116	490	76	165	65	0	265	166	60	131	65	205	60	228	113	186	36	137	7	104	89	11	59	18	96	165	140	67	43	75	29	33	22	12	106	8	107	191	0	246	153	51	106	62	135	150	58	93	76	77	119	92	82	163	58	276	269	70	213	149	89	26	144	13	53	52	207	151	25	75	58	40	30	31	63	240	25	69	232
17	0	0	0	0	0	0	0	0	0	0	0	0	0	0	0	0	0	0	0	0	0	0	0	0	0	0	0	0	0	0	0	0	0	0	0	0	0	0	0	0	0	0	0	0	0	0	0	0	0	0	0	0	0	0	0	0	0	0	0	0	0	0	0	0	0	0	0	0	0	0	0	0	0	0	0	0	0	0	0	0	0	0	0	0	0	0	0	0	0	0	0	0	0	0	0	0	0	0	0	0	0	0	0	0	0	0	0	0	0	0	0	0	0	0	6	0	0	0	0	0	0	0	0	0	0	0	0	0	0	0	0	0	0	0	0	0	0	0	0	0	0	0	0	0	0	0	0	0	0	0	0	0	0	0	0	0	0	0	0	0	0	0	0	0	0	0	0	0	0	0	0	0	0	0	0	3	0	0	0	0	0	0	0	0	0	0	0	0	0	0	0	0	0	0	0	0	0	0	0	0	0	0	0	0	0	0	0	0	0	0	0	0	0	0	0	0	0	0	0	0	0	0	0	0	0	0	0	1	0	0	0	0	0	0	0	0	0	0	0	0	0	0	0	0	0	0	0	0	0	0	0	0	0	0	0	0	0	0	0	0	0	0	0	0	0	0	0	0	0	0	0	0	0	0	0	0	0	0	0	0	0	0	0	0	0	0	0	0	0	0	2	0	0	0	0	0	0	0	0	0	0	0	0	93	0	0	0	0	0	0	0	0	0	0	0	0	0	4	0	0	0	0	67	0	0	0	0	0	0	344	0	0	0	0	0	0	0	0	91	0	0	0	0	0	0	0	0	0	0	0	0	0	0	0	0	0	0	0	0	0	0	0	0	0	3	0	4	0	0	0	0	0	0	0	0	0	0	0	0	17	0	0	0	0	0	0	0	0	0	0	0	0	0	0	0	0	0	0	0	0	0	0	0	0	0	0	3	0	0	0	0	0	0	0	152	6	0	231	0	0	12	0	20	82	0	7	81	0	0	0	127	0	0	0	0	35	0	0	172	50	0	0	0	15	0	36	0	23	0	45	0	0	0	0	48	0	0	0	0	0	0	247	0	0	20	0	0	0	17	0	0	0	26	0	0	0	0	0	0	69	0	11	0	0	0	0	0	47	0	43	0	0	55	0	0	0	0	0	0	0	0	0	41	0	179	0	101	0	0	0	0	0	0	0	34	0	0	11	0	0	0	0	0	125	0	1	0	103	0	118	49	0	0	0	69	0	27	64	0	268	8	11	0	0	105	52	0	0	9	126	0	0	160	1	24	170	0	56	0	0	0	0	68	0	130	85	0	0	113	0	0	88	0	2	0	0	0	0	107	48	47	0	18	0	88	50	190	16	117	0	0	0	12	0	88	0	0	93	113	23	0	4	56	0	1	235	15	0	0	0	0	100	0	34	0	157	47	58	0	56	0	119	58	42	68	0	4	0	16	200	231	26	150	0	25	93	184	0	0	290	265	99	119	0	158	0	71	0	107	0	15	123	0	0	0	102	240	108	0	118	27	36	0	242	36	59	45	0	36	0	334	19	41	0	0	0	205	68	153	79	0	9	40	0	68	89	178	0	11	84	102	45	6	27	0	86	151	137	45	0	0	91	32	0	18	0	104	150	92	39	203	35	0	35	0	0	0	14	0	3	211	15	42	0	83	7	0	30	98	0	54	122	0	12	6	98	144	139	119	31	86	0	0	144	0	0	0	62	33	95	70	54	36	0	71	175	0	0	56	63	234	7	167	127	0	1	46	69	0	60	65	71	71	0	0	156	100	0	241	0	143	0	142	0	0	0	68	0	39	76	50	33	0	120	0	178	90	56	128	0	43	105	174	34	51	151	131	7	125	0	64	136	107	95	129	47	39	264	0	108	215	29	13	0	1	166	0	110	0	0	0	82	0	140	66	150	25	83	41	83	0	0	107	70	75	144	0	0	0	29	334	0	191	83	0	38	351	0	204	25	70	37	136	102	45	53	0	0	57	190	76	140	74	28	0	135	165	78	83	195	154	0	178	122	103	0	0	112	0	0	120	18	25	97	0	0	126	1	0	0	197	67	39	0	334	42	47	152	72	0	284	223	67	70	135	0	0	160	93	44	138	22	63	137	0	155	97	3	12	24	99	59	87	89	0	0	51	44	161	164	53	52	0	53	96	75	118	87	152	68	22	154	76	0	123	20	79	0	116	83	178	13	817	41	23	64	0	52	32	278	10	0	107	43	109	30	53	123	0	150	3	51	17	81	31	138	10	43	91	166	76	116	54	160	40	191	240	66	142	36	161	237	133	52	47	209	30	47	106	55	35	74	111	16	85	184	61	168	100	36	68	62	126	25	190	211	0	88	65	327	65	55	127	79	95	156	67	64	103	24	172	54	189	115	149	95	237	221	31	69	7	122	50	149	65	142	97	131	106	0	111	255	92	68	131	290	259	118	22	182	44	14	33	18	153	111	118	1	96	53	59	64	91	98	35	12	86	72	101	50	4	125	176	82	51	120	110	154	26	191
18	0	0	0	0	0	0	0	0	0	0	0	0	0	0	0	0	0	0	0	0	0	0	0	0	0	0	0	0	0	0	0	0	0	0	0	0	0	0	0	0	0	0	0	0	0	0	0	0	0	0	0	0	0	0	0	0	0	0	0	0	0	0	0	0	0	0	0	0	0	0	0	0	0	0	0	0	0	0	0	0	0	0	0	0	0	0	0	0	0	0	0	0	0	0	0	0	0	0	0	0	0	0	0	0	0	0	0	0	0	0	0	0	0	0	0	0	0	0	0	0	0	0	0	0	0	0	0	0	0	0	0	0	0	0	0	0	0	0	0	0	0	0	0	0	0	0	0	0	0	0	0	0	0	0	0	0	0	0	0	0	0	0	0	0	0	0	0	0	0	0	0	0	0	0	0	0	0	0	0	0	0	0	0	0	0	0	0	0	0	0	0	0	0	0	0	0	0	0	0	0	0	0	0	0	0	0	0	0	0	0	0	0	0	0	0	0	0	0	0	0	0	0	0	0	0	0	0	0	0	0	0	0	0	0	22	0	0	0	0	0	0	0	0	0	0	0	0	0	0	0	0	0	0	0	0	0	0	0	0	0	0	0	0	0	0	0	0	0	0	0	0	0	0	0	0	0	0	0	0	0	0	0	0	0	0	0	0	0	0	0	35	0	0	0	0	0	0	0	0	0	0	0	0	8	0	0	0	0	0	0	0	0	0	0	0	0	0	0	0	0	0	0	0	0	0	0	0	0	0	16	0	0	0	0	0	0	0	0	0	0	0	0	0	0	0	0	0	0	0	0	0	0	0	0	0	0	11	0	0	0	0	0	0	0	0	0	0	0	0	0	0	0	0	0	0	0	0	0	0	0	0	0	0	0	0	0	0	0	0	0	0	0	0	0	0	0	0	0	0	0	0	0	0	0	0	0	0	0	5	0	0	4	0	0	36	0	0	10	0	0	48	0	91	309	0	0	130	0	0	1	26	0	0	0	0	82	0	0	33	20	0	0	0	0	0	315	0	0	0	0	0	0	0	0	166	0	0	0	0	0	0	102	0	0	21	0	0	0	450	0	0	0	0	0	0	0	0	0	0	0	0	21	0	0	0	0	0	165	0	80	0	0	34	0	0	0	0	0	0	0	0	10	69	0	40	0	139	0	0	0	0	0	0	0	191	0	0	0	0	0	0	0	0	148	0	0	0	53	0	85	52	0	3	0	301	0	67	77	0	80	97	0	0	0	320	94	0	0	0	27	0	0	0	0	5	0	0	104	29	0	0	0	187	0	21	57	0	2	196	0	0	59	0	0	0	4	0	0	145	46	35	0	107	0	92	99	67	90	52	0	0	0	60	0	129	0	0	85	28	0	1	5	83	0	0	116	0	0	0	0	0	84	0	121	0	0	94	44	16	67	0	86	48	17	0	0	0	0	33	84	2	66	67	0	210	64	171	0	0	43	125	76	83	0	218	0	1	55	24	0	244	1	0	0	0	6	11	17	0	223	92	182	0	148	26	117	84	0	101	0	32	134	152	0	0	0	170	177	0	7	0	0	65	0	0	110	47	0	0	59	235	3	90	137	0	126	216	15	0	0	0	62	148	0	158	0	265	139	97	42	60	180	0	29	0	0	0	1	0	0	67	14	84	0	104	25	0	37	145	0	178	24	0	5	47	66	89	107	67	47	46	0	0	64	0	0	0	50	0	66	30	181	148	0	77	93	0	0	50	29	31	13	94	61	0	3	68	99	0	42	26	0	56	0	0	112	72	0	40	0	263	0	80	0	0	0	132	0	238	431	90	244	0	106	0	233	30	94	168	0	197	72	34	177	103	171	150	160	41	1	32	421	95	61	262	6	21	139	0	42	64	53	32	0	32	130	0	138	0	0	9	53	0	71	114	57	155	42	110	154	0	0	33	289	14	113	0	0	0	15	56	0	65	150	0	108	157	0	48	194	22	170	10	26	160	12	0	0	18	210	76	30	82	67	0	0	80	46	35	136	143	0	99	172	51	0	0	30	0	0	34	105	119	169	0	0	62	0	0	0	98	149	196	0	146	82	110	114	27	0	92	175	18	22	260	37	0	37	43	47	105	71	136	30	0	283	282	38	57	25	23	195	138	59	0	0	78	67	160	15	320	275	0	106	106	71	56	47	152	147	52	161	110	0	32	39	64	0	349	60	244	143	89	44	19	97	0	132	17	84	278	0	24	179	20	96	74	107	0	19	150	13	200	250	75	124	226	41	107	116	96	63	10	121	143	35	136	106	31	85	192	77	55	81	6	105	174	83	55	121	12	377	67	137	93	218	50	73	13	170	124	202	38	19	320	12	0	132	273	264	119	108	47	430	142	88	123	180	63	181	76	20	186	365	30	146	67	53	38	57	140	241	53	155	208	41	50	23	59	0	212	219	88	76	4	244	369	154	266	40	29	16	96	79	75	244	88	49	60	207	25	55	124	118	175	78	69	232	170	196	54	22	59	91	28	61	126	218	25	34
19	0	0	0	0	0	0	0	0	0	0	0	0	0	0	0	0	0	0	0	0	0	0	0	0	0	1	0	0	0	0	0	0	0	0	0	0	0	0	0	0	0	0	0	0	0	0	0	0	0	0	0	0	0	0	0	0	0	0	0	0	0	0	0	0	0	0	0	0	0	0	0	0	0	0	0	0	0	0	0	0	0	0	0	0	0	0	0	0	0	0	0	0	0	0	0	0	0	0	0	0	0	0	0	0	0	0	0	0	0	0	0	0	0	0	0	0	0	0	0	0	0	0	0	0	0	0	0	0	0	0	0	47	0	0	0	0	0	0	0	0	0	0	0	0	0	0	0	0	0	0	0	0	0	0	0	0	0	0	0	0	0	0	0	0	0	0	0	0	0	0	0	0	0	0	0	0	0	0	0	0	0	0	0	0	0	0	0	0	0	0	0	0	0	0	0	0	0	0	0	0	0	0	0	0	0	0	0	0	0	0	0	0	0	0	0	0	0	0	0	0	0	0	0	0	0	0	0	0	0	0	0	0	0	0	18	0	0	0	0	0	0	0	0	0	0	0	0	0	0	0	29	0	0	0	0	0	0	0	0	0	0	0	0	0	0	0	0	0	0	0	0	0	0	0	0	0	0	0	0	0	2	0	0	0	0	0	0	0	0	0	40	0	0	0	0	0	0	0	0	0	0	0	0	125	0	0	0	0	0	0	0	0	0	0	0	0	0	0	0	0	0	0	55	0	0	0	0	0	0	67	0	0	0	0	0	0	0	0	226	0	0	0	0	0	0	0	33	0	0	0	0	0	0	0	0	0	7	0	0	0	0	0	0	0	17	0	0	0	0	0	0	0	0	0	0	0	0	0	0	0	0	0	0	0	0	0	0	0	0	0	1	0	0	0	0	0	0	0	0	0	0	0	0	11	0	0	0	0	0	0	0	0	0	0	88	0	0	115	0	0	13	0	36	1	0	0	18	0	0	0	30	0	0	0	0	206	0	0	163	0	0	0	0	0	0	98	0	10	0	60	0	0	0	0	199	0	0	0	0	0	6	156	0	0	31	0	0	0	133	0	0	0	0	0	0	0	0	0	0	57	0	252	0	0	0	16	0	156	0	40	0	0	17	0	0	0	0	0	0	0	0	0	54	0	85	0	111	0	0	33	0	0	0	0	75	0	0	0	0	0	0	0	2	44	0	0	0	254	0	38	67	0	18	0	8	0	94	126	0	87	53	0	0	0	83	109	0	0	0	13	0	0	63	0	110	76	0	38	1	0	0	0	23	0	112	73	0	0	119	0	0	228	0	0	0	0	0	0	77	45	68	0	64	0	85	8	107	37	196	0	0	0	141	0	89	0	0	122	45	111	92	0	80	0	0	93	32	0	0	0	0	100	0	64	0	185	80	273	1	84	0	33	36	95	0	0	0	0	0	81	104	28	21	0	84	318	27	0	0	156	110	42	50	0	156	0	24	0	160	0	57	126	0	0	0	99	29	35	0	310	52	126	0	41	3	208	104	0	267	0	28	46	80	0	2	0	29	131	57	1	0	0	26	0	87	29	62	0	24	22	138	0	52	24	0	140	30	44	6	0	0	75	156	0	170	0	355	289	79	70	9	134	0	40	0	0	0	1	0	4	113	2	9	4	170	0	0	164	107	0	60	69	0	103	149	27	139	50	80	137	207	0	0	255	0	0	28	101	26	114	84	45	134	0	203	154	0	0	124	61	22	141	47	80	0	20	192	26	0	47	59	42	77	0	0	188	164	0	65	0	36	0	105	0	0	0	114	26	206	136	25	53	0	79	0	41	43	219	32	0	13	72	216	62	69	269	36	0	150	0	137	70	126	37	233	13	113	55	0	22	141	113	116	0	126	83	0	64	0	0	0	32	0	72	111	44	92	31	68	138	0	0	28	42	31	43	0	0	0	235	230	0	258	45	0	164	109	32	56	45	52	231	88	28	75	268	0	0	118	131	55	101	84	50	0	0	50	84	37	79	66	0	15	23	109	0	0	45	0	0	146	20	34	87	0	0	169	0	0	0	66	145	51	0	138	121	125	21	43	0	88	219	106	42	94	0	0	166	92	105	261	68	387	147	0	23	80	98	51	37	39	191	80	35	0	0	25	54	43	38	31	129	0	88	45	17	35	4	97	66	0	101	120	0	40	22	112	0	75	176	121	17	141	93	83	111	0	81	67	16	35	0	53	71	168	9	42	19	0	83	122	84	47	20	198	34	43	240	53	28	25	95	251	57	139	17	229	191	123	9	362	73	119	43	58	177	81	151	86	65	156	198	12	35	101	132	72	153	118	5	177	78	67	69	68	97	0	15	18	10	75	65	74	9	110	48	28	41	79	7	42	239	359	179	36	30	34	39	38	151	106	108	69	228	205	119	165	29	14	0	152	115	112	88	98	10	10	187	88	14	53	98	28	213	68	38	63	44	177	134	101	47	34	88	26	195	162	141	33	57	85	27	125	193	49	78	116	227	50	73
20	0	0	0	0	0	0	0	0	0	0	0	0	0	0	0	0	0	0	0	0	0	0	0	0	0	0	0	0	0	0	0	0	0	0	0	0	0	0	0	0	0	0	0	0	0	0	0	0	0	0	0	0	0	0	0	0	0	0	0	0	0	0	0	0	0	0	0	0	0	0	0	0	0	0	0	0	0	0	0	0	0	0	0	0	0	0	0	0	0	0	0	0	0	0	0	0	0	0	0	0	0	0	0	0	0	0	0	0	0	0	0	0	0	0	0	0	0	0	0	0	0	0	0	0	0	0	0	0	0	0	0	0	0	0	0	0	0	0	0	0	0	0	0	0	0	0	0	0	0	0	0	0	0	0	0	0	0	0	0	0	0	0	0	0	0	0	0	0	0	0	0	0	0	0	0	0	0	0	0	0	0	7	0	0	0	0	0	0	0	0	0	0	0	0	0	0	0	0	0	0	0	0	0	0	0	0	0	0	0	0	0	0	0	0	0	0	0	0	0	0	0	0	0	0	0	0	10	0	0	0	0	0	0	0	22	0	0	0	0	0	0	0	0	0	0	0	0	0	0	0	0	0	0	0	0	0	0	0	0	0	11	0	0	0	0	0	0	0	0	0	0	0	0	0	0	0	5	0	0	0	0	0	0	0	0	0	0	0	0	0	26	0	0	0	0	0	0	0	0	0	1	0	0	236	0	0	0	0	0	0	0	0	0	0	0	0	0	0	0	0	0	0	62	0	0	0	0	0	0	44	0	0	0	0	0	0	0	0	43	0	0	0	0	0	0	0	0	0	0	0	0	0	0	0	0	0	84	0	0	0	0	0	0	0	68	0	0	0	0	0	0	0	0	0	0	0	0	0	0	0	0	0	0	0	0	0	0	0	0	0	0	0	0	0	0	0	0	0	0	0	0	0	0	68	0	0	0	0	0	0	0	0	0	8	15	0	0	13	0	0	251	0	0	41	0	0	73	0	0	0	33	0	0	0	0	15	0	0	13	84	0	0	0	0	0	61	0	4	0	66	0	0	0	0	103	0	0	0	0	0	15	117	0	0	264	0	0	0	205	0	0	0	0	0	0	0	0	0	0	29	0	94	0	22	0	16	0	18	0	41	0	0	52	0	0	0	0	0	0	0	0	0	263	0	74	0	80	3	0	6	0	0	0	0	135	10	0	0	0	0	0	0	26	106	0	0	0	69	0	231	57	0	0	0	83	0	108	123	0	214	113	0	0	0	96	133	0	0	0	121	0	0	19	6	115	30	0	105	56	0	0	0	8	0	78	86	0	0	264	0	0	36	0	2	0	0	0	0	60	81	33	0	153	0	83	27	102	42	122	0	0	0	30	0	144	0	0	84	29	35	28	140	33	0	0	115	0	0	0	0	0	148	0	130	0	42	83	22	10	134	0	101	96	45	181	0	27	0	13	37	100	83	66	0	99	44	91	0	0	183	136	157	302	0	59	0	41	69	252	0	35	85	0	0	0	107	94	109	0	104	101	222	0	43	106	85	53	0	200	0	74	57	144	0	0	0	180	40	13	0	0	0	45	0	106	230	77	0	8	48	47	134	109	251	0	156	167	64	178	0	0	112	113	0	224	0	91	96	62	122	72	61	0	124	0	0	0	78	0	6	46	59	72	0	161	0	0	25	194	0	99	43	0	0	148	150	254	44	57	45	24	0	2	79	0	0	0	94	184	140	126	43	22	0	20	200	0	9	27	20	110	178	355	57	0	0	91	107	0	86	83	102	50	0	0	7	100	0	34	0	140	0	3	0	0	0	83	0	121	68	67	141	0	22	0	108	192	73	63	0	132	63	14	113	32	48	107	35	231	0	36	57	78	31	21	126	312	126	0	12	20	131	83	0	65	192	0	112	34	0	0	21	0	18	31	39	216	113	45	22	0	0	137	136	125	206	0	0	0	42	35	0	16	41	0	111	135	106	222	75	133	212	85	218	57	156	0	0	34	59	103	34	113	361	0	2	119	92	73	163	19	0	79	107	75	0	22	110	0	0	60	29	86	55	0	0	44	187	0	0	156	32	59	0	75	151	69	27	58	0	47	46	24	70	101	0	0	102	29	19	371	153	210	81	0	96	42	46	22	182	268	6	180	150	0	0	102	148	84	157	111	76	0	49	62	153	42	166	149	151	38	152	56	0	58	138	125	0	87	42	140	23	65	102	190	158	0	24	36	106	31	0	96	23	187	181	25	81	0	202	47	77	142	120	14	147	18	62	83	57	104	36	98	36	139	60	274	41	26	88	54	194	40	80	29	33	40	206	111	139	45	48	200	67	157	110	82	150	230	165	56	37	48	283	62	61	0	44	54	72	177	40	14	51	36	28	14	167	88	282	1	134	145	46	204	17	65	54	132	67	92	17	174	62	33	142	60	33	15	0	21	117	103	34	128	116	87	151	43	93	64	97	91	61	169	167	63	7	47	18	68	100	71	108	138	39	21	57	33	214	105	30	112	34	128	68	73	141	153	10
21	0	0	0	0	0	0	0	0	0	0	0	0	0	0	0	0	0	0	0	0	0	0	0	0	0	0	0	0	0	0	0	0	0	0	0	0	0	0	0	0	0	0	0	0	0	0	0	0	0	0	0	0	0	0	0	0	0	0	0	0	0	0	0	0	0	0	0	0	0	0	0	0	0	0	0	0	0	0	0	0	0	0	0	0	0	0	0	0	0	0	0	0	0	0	0	0	0	0	0	0	0	0	0	0	0	0	0	0	0	0	0	0	0	0	0	0	0	0	0	0	0	0	0	0	0	0	0	0	0	0	0	0	0	0	0	0	0	0	0	0	0	0	0	0	0	0	0	0	0	0	0	0	0	0	0	0	0	0	0	0	0	0	0	0	0	0	0	0	0	0	0	0	0	0	0	0	0	0	0	0	0	0	0	0	0	0	0	0	0	0	0	0	0	0	0	0	0	0	0	0	0	0	0	0	0	0	0	0	0	0	0	0	0	0	0	0	0	0	0	0	0	0	0	0	0	0	0	0	0	0	0	0	0	0	0	0	0	0	0	0	0	0	0	0	0	0	0	0	0	0	0	0	0	0	0	0	0	0	0	0	0	0	0	0	0	0	0	0	0	0	0	0	0	3	0	0	0	0	0	0	0	0	0	0	0	0	0	0	0	0	0	0	0	0	0	0	0	0	0	0	0	0	0	4	0	0	0	0	0	0	0	0	0	0	0	0	0	0	0	0	0	36	0	0	0	23	0	0	0	36	0	0	0	0	0	0	0	0	0	0	0	0	0	6	0	0	0	0	0	0	0	0	0	0	0	0	1	0	0	1	0	1	0	0	0	0	0	0	0	12	0	0	0	0	0	0	0	0	0	0	0	0	0	0	0	0	0	0	0	0	0	0	0	0	0	0	0	0	0	0	0	0	0	0	0	0	0	0	0	0	0	0	0	0	0	0	0	0	0	0	53	0	0	33	0	0	88	0	0	0	5	0	0	0	0	0	0	0	80	0	0	0	0	0	0	12	0	5	0	0	0	0	0	0	8	0	0	0	0	0	0	0	0	0	15	0	0	0	0	0	0	0	0	0	0	0	0	0	0	15	0	0	0	0	0	0	0	47	0	94	0	0	0	0	0	0	0	0	0	0	0	0	1	0	9	0	135	0	0	0	0	0	0	0	0	0	0	0	0	0	0	0	0	3	0	0	0	0	0	14	81	0	0	0	26	0	88	88	0	70	9	0	0	0	40	15	0	0	0	12	0	0	0	5	0	7	0	2	43	0	0	2	3	0	0	31	0	0	95	0	0	163	0	0	0	0	0	0	62	78	23	0	2	0	31	218	48	41	0	0	0	0	9	0	51	0	0	9	0	0	0	0	25	0	0	18	0	0	0	0	0	34	0	39	0	18	9	0	2	0	0	5	174	0	0	0	0	0	0	45	0	195	43	0	1	68	78	0	0	41	44	0	19	0	16	0	0	16	57	0	12	13	0	0	0	91	57	3	0	141	0	222	0	171	20	13	18	0	1	0	91	13	46	0	0	0	0	114	0	0	0	0	21	0	3	1	38	0	0	36	12	0	67	54	0	0	2	3	0	0	0	77	20	0	26	0	30	33	6	19	4	81	0	35	0	0	0	0	0	0	79	0	1	18	123	0	0	0	69	0	49	0	62	0	4	2	0	14	47	30	0	9	0	31	0	0	0	139	0	4	29	3	2	0	16	87	0	0	43	30	4	49	1	31	0	0	41	24	0	5	35	0	35	0	0	0	31	0	0	0	46	0	33	0	0	0	5	0	144	17	3	83	0	92	0	0	9	4	2	0	0	30	22	5	92	37	2	5	2	0	25	27	13	93	1	43	5	24	0	6	3	10	20	5	29	1	0	54	5	0	0	23	0	25	0	27	4	4	12	40	4	0	9	3	0	72	0	0	0	26	12	0	21	0	0	81	140	3	11	34	21	7	89	124	17	6	31	0	151	25	0	61	27	30	0	0	53	23	57	32	77	0	26	32	64	0	0	70	0	0	0	22	52	166	0	0	14	0	0	0	34	4	16	0	5	8	5	57	182	0	180	0	57	12	180	0	0	46	17	237	1	37	5	66	0	8	71	23	7	220	33	0	47	120	0	0	25	89	22	18	6	8	0	6	78	12	18	96	58	0	0	111	35	0	24	76	141	0	11	85	98	127	1	2	32	77	0	20	44	1	63	0	3	10	16	15	144	23	0	0	2	1	29	179	64	48	65	20	20	1	51	62	5	31	49	0	18	22	188	54	115	84	5	143	27	40	33	41	29	0	55	167	37	10	0	27	91	5	17	24	5	13	24	13	53	6	0	105	6	13	12	1	19	41	9	8	0	6	4	23	90	13	67	0	120	6	55	0	42	88	13	155	4	58	38	116	21	57	39	0	72	0	104	33	113	1	1	35	175	24	45	44	13	21	27	28	1	88	52	4	173	74	1	0	23	94	1	3	9	5	81	17	21	44	123	24	52	2	0	105
22	0	0	0	0	0	0	0	0	0	0	0	0	0	0	0	0	0	0	0	0	0	0	0	0	0	0	0	0	0	0	0	0	0	0	0	0	0	0	0	0	0	0	0	0	0	0	0	0	0	0	0	0	0	0	0	0	0	0	0	0	0	0	0	0	0	0	0	0	0	0	0	0	0	0	0	0	0	0	0	0	0	0	0	0	0	0	0	0	0	0	0	0	0	0	0	0	0	0	0	0	0	0	0	0	0	0	0	0	0	0	0	0	0	0	0	0	0	0	0	0	0	0	0	0	0	0	0	0	0	0	0	0	0	0	0	0	0	0	0	0	0	0	0	0	0	0	0	0	0	0	0	0	0	0	0	0	0	0	0	0	0	0	0	0	0	0	0	0	0	0	0	0	0	0	0	0	0	0	0	0	0	0	0	0	0	0	0	0	0	0	0	0	0	0	0	0	0	0	0	0	0	0	30	0	0	0	0	0	0	0	0	0	0	0	0	0	0	0	0	0	0	0	0	0	0	0	0	0	0	0	0	0	0	0	0	0	0	0	0	0	0	0	0	0	0	0	0	0	0	0	0	0	0	0	0	0	0	0	39	0	0	0	0	0	0	0	0	0	0	0	0	0	0	0	0	0	0	0	0	0	0	0	0	0	0	0	0	0	0	0	21	0	0	0	0	0	0	0	0	0	1	0	0	30	0	0	0	0	0	0	0	0	0	0	0	0	0	0	0	0	0	0	0	0	0	0	0	0	0	19	0	0	0	7	0	0	0	0	19	0	0	0	0	0	0	0	0	0	0	0	0	0	0	0	0	0	25	0	0	0	0	0	0	0	0	0	0	0	0	0	0	0	0	0	0	0	0	0	0	0	0	0	0	0	0	0	0	0	0	0	0	0	0	0	0	0	0	0	0	0	0	0	0	35	0	0	2	0	0	0	0	0	0	0	126	4	0	120	0	0	55	0	12	147	0	0	253	0	0	0	268	0	0	0	0	65	0	0	52	0	0	0	0	0	0	102	0	0	0	113	0	0	0	0	31	0	0	0	0	0	12	57	0	0	118	0	0	0	56	0	0	0	0	0	0	0	6	0	0	0	0	44	0	0	0	54	0	37	0	152	0	0	31	0	0	0	0	0	0	0	0	0	77	0	269	0	109	0	0	0	0	0	0	0	62	1	0	0	0	0	0	0	35	79	0	0	0	95	0	101	79	0	0	0	101	0	66	48	0	84	82	2	0	0	47	259	0	0	0	85	0	0	37	2	0	114	0	132	81	0	0	0	19	0	70	38	0	0	56	0	0	159	0	13	0	0	0	0	117	7	166	6	57	0	183	104	118	35	105	0	0	0	197	0	41	0	0	88	25	11	1	36	94	0	0	179	3	0	0	0	0	45	0	55	0	61	51	270	4	260	0	44	259	10	0	36	0	0	11	150	26	37	97	0	40	232	4	0	0	128	140	11	36	0	130	0	0	18	176	0	101	111	0	0	0	32	149	54	0	156	80	103	0	30	233	36	247	0	167	0	36	27	35	0	0	0	60	60	13	1	0	0	193	1	42	135	42	0	13	203	126	63	96	129	0	117	70	33	75	0	0	40	29	0	153	0	44	100	117	204	79	64	0	85	0	0	0	79	0	0	99	86	60	1	82	9	0	27	45	0	10	115	0	0	2	61	257	31	20	66	53	0	0	252	0	0	0	156	27	128	221	189	51	0	91	113	0	0	56	97	63	110	143	152	0	1	139	103	0	85	84	175	329	0	0	53	140	0	26	0	114	0	101	0	0	0	42	78	69	146	131	147	0	200	0	31	27	11	61	0	181	132	174	181	26	57	120	52	133	0	72	78	102	89	112	97	83	25	0	250	68	16	49	0	21	22	0	73	0	0	0	79	0	63	141	178	16	99	205	80	0	0	27	64	222	62	0	0	0	59	40	0	29	75	0	206	22	208	185	66	65	154	59	79	90	88	0	0	19	87	19	53	12	236	0	9	59	44	79	62	69	0	123	148	58	0	0	40	0	0	139	77	80	35	0	0	132	0	0	0	64	109	28	0	133	45	193	23	106	0	51	129	49	74	143	0	0	60	59	11	134	90	111	84	0	78	111	205	40	50	63	168	61	154	0	0	378	57	0	107	103	176	0	42	5	53	118	82	55	153	15	23	47	0	45	193	57	0	115	177	128	143	121	116	249	124	0	109	14	493	115	0	131	96	75	47	66	217	0	60	118	189	66	74	177	178	264	115	79	54	118	90	37	93	150	181	86	124	145	104	185	37	35	193	52	115	114	71	157	59	116	113	67	33	86	4	80	23	51	178	20	42	12	169	86	78	0	79	35	46	58	140	21	45	98	11	117	98	236	85	44	110	189	105	45	39	33	44	15	173	170	128	212	93	25	14	27	82	112	0	35	58	35	16	97	93	57	137	47	69	45	66	5	29	31	104	158	205	57	98	173	68	58	315	109	106	56	50	227	69	176	43	173	58	172	58	231	155	216	30
23	0	0	0	0	0	0	0	0	0	0	0	0	0	0	0	0	0	0	0	0	0	0	0	0	0	0	0	0	0	0	0	0	0	0	0	0	0	0	0	0	0	0	0	0	0	0	0	0	0	0	0	0	0	0	0	0	0	0	0	0	0	0	0	0	0	0	0	0	0	0	0	0	0	0	0	0	0	0	0	0	0	0	0	0	0	0	0	0	0	0	0	0	0	0	0	0	0	0	0	0	0	0	0	0	0	0	0	0	0	0	0	0	0	0	0	0	0	0	0	0	0	0	0	0	0	0	0	0	0	0	0	0	0	0	0	0	0	0	0	0	0	0	0	0	0	0	0	0	0	0	0	0	0	0	0	0	0	0	0	0	0	0	0	0	0	0	0	0	0	0	0	0	0	0	0	0	0	0	0	0	0	0	0	0	0	0	0	0	0	0	0	0	0	0	0	0	0	0	0	0	0	0	0	0	0	0	0	5	0	0	0	0	0	0	0	0	0	0	0	0	0	0	0	0	0	0	2	0	0	0	0	0	0	0	0	0	0	0	0	0	0	0	0	0	0	0	0	0	0	0	0	21	0	0	0	0	0	0	0	0	0	0	0	0	0	0	0	8	0	0	0	0	0	0	0	0	0	0	0	0	0	0	0	0	0	0	0	0	0	0	152	0	0	0	0	0	0	0	0	5	0	0	0	106	0	0	0	0	0	0	0	0	0	0	0	0	0	0	0	0	0	20	10	0	0	0	0	0	0	94	0	0	0	0	0	0	0	0	156	0	0	0	0	0	0	0	0	0	0	0	0	0	0	0	0	0	0	0	0	0	0	0	0	0	0	0	0	0	0	0	0	0	0	0	0	0	0	0	0	0	0	0	0	0	0	0	0	0	0	0	0	0	0	0	0	0	0	0	0	0	0	0	0	0	0	0	20	0	0	0	0	0	0	1	61	0	0	196	0	0	88	0	0	128	0	0	170	0	0	47	13	0	0	0	0	116	0	0	101	5	0	0	0	0	0	82	0	0	1	0	0	0	0	0	124	0	0	0	0	0	0	98	0	0	114	0	0	0	55	13	0	0	0	0	0	0	0	0	0	92	0	194	0	254	0	0	0	127	0	144	0	0	39	0	0	0	0	0	0	0	0	0	66	0	62	0	4	0	0	0	0	0	0	0	49	0	0	0	0	0	0	0	84	38	0	0	0	85	0	185	83	0	0	0	202	0	42	9	0	132	90	1	0	0	64	27	0	0	0	43	0	0	75	9	30	143	0	131	46	0	0	0	131	0	36	28	0	0	304	0	0	132	0	19	0	29	0	0	40	35	298	0	69	0	162	270	124	19	13	0	0	0	255	0	16	0	0	111	34	90	0	0	119	0	0	100	0	0	0	0	0	154	0	54	0	72	35	20	146	17	0	44	139	5	44	0	0	0	0	94	8	168	132	0	79	29	100	0	0	37	8	295	119	0	145	0	90	0	49	0	246	176	0	0	0	72	96	170	0	36	9	199	0	106	65	96	20	0	21	0	55	144	98	0	0	0	175	155	129	0	0	0	58	0	0	175	69	0	1	153	77	56	209	44	0	71	263	135	72	0	0	130	88	0	213	0	52	26	252	143	147	11	0	43	0	0	0	1	0	8	45	13	95	0	64	1	0	123	123	0	174	39	43	0	83	32	51	55	56	85	141	0	0	104	0	0	0	347	11	232	35	257	72	0	128	145	0	0	162	223	48	13	62	5	0	0	90	70	0	57	129	98	137	0	0	142	54	0	72	0	46	0	30	0	0	0	21	0	289	73	32	159	0	60	0	59	76	81	46	18	155	83	173	74	105	120	70	318	171	0	127	30	125	110	280	198	72	69	0	43	62	81	26	0	291	49	0	75	0	0	0	29	0	156	119	56	152	30	166	111	0	0	86	106	29	128	1	0	0	24	43	0	39	41	0	82	58	43	76	136	96	76	21	59	96	107	0	0	36	80	55	111	70	68	0	0	297	21	57	115	56	0	12	54	271	0	0	103	0	0	102	67	177	438	0	0	161	0	0	0	124	154	121	0	157	11	83	74	76	0	30	61	109	106	104	0	0	30	139	23	43	50	232	119	0	23	149	66	99	62	125	244	106	64	0	0	114	94	190	73	179	37	0	161	35	170	185	32	102	123	10	174	14	0	56	130	41	6	89	70	144	137	23	36	97	131	0	108	213	27	129	0	155	95	60	129	80	62	0	132	80	119	25	91	243	17	80	233	123	72	183	27	71	155	118	158	113	50	77	266	241	38	113	39	21	156	111	122	264	36	81	156	223	115	0	101	43	56	30	9	19	115	108	190	131	61	0	102	106	25	53	180	161	175	98	66	126	84	28	255	109	8	201	45	53	150	36	20	238	64	33	89	73	11	55	47	134	45	136	0	21	248	133	48	141	107	151	182	17	202	33	100	205	67	220	82	127	133	22	125	28	88	27	77	60	22	123	43	306	309	126	91	158	20	404	84	68	4	92	30
24	0	0	0	0	0	0	0	0	0	0	0	0	0	0	0	0	0	0	0	0	0	0	0	0	0	0	0	0	0	0	0	0	0	0	0	0	0	0	0	0	0	0	0	0	0	0	0	0	0	0	0	0	0	0	0	0	0	0	0	0	0	0	0	0	0	0	0	0	0	0	0	0	0	0	0	0	0	0	0	0	0	0	0	0	0	0	0	0	0	0	0	0	0	0	0	0	0	0	0	0	0	0	0	0	0	0	0	0	0	0	0	0	0	0	0	0	0	0	0	0	0	0	0	0	0	0	0	0	0	0	0	0	0	0	0	0	0	0	0	0	0	0	0	0	0	0	0	0	0	0	0	0	0	0	0	0	0	0	0	0	0	0	0	0	0	0	0	0	0	0	0	0	0	0	0	0	0	0	0	0	0	0	0	0	0	0	0	0	0	0	0	0	0	0	0	0	0	0	0	0	0	0	0	0	0	0	0	0	0	0	0	0	0	0	0	0	0	0	0	0	0	0	0	0	0	0	0	0	0	0	0	0	0	0	0	0	0	0	0	0	0	0	0	0	0	0	0	0	0	7	0	0	0	0	0	0	0	0	0	0	0	0	0	0	0	0	0	0	0	0	0	0	0	0	0	0	0	0	0	0	0	0	0	0	0	0	4	0	0	0	128	0	0	0	0	0	0	0	0	0	3	0	0	36	0	0	0	0	0	0	0	0	0	0	0	0	0	0	0	0	0	0	0	0	0	0	0	0	0	0	0	0	0	0	0	0	0	0	74	0	0	0	0	0	0	0	1	0	0	0	0	0	0	0	0	0	1	0	0	0	0	0	0	0	1	0	0	0	0	0	0	0	0	0	0	0	0	0	0	0	0	0	0	0	0	0	0	0	0	0	0	0	0	0	0	0	0	0	0	0	0	0	0	0	0	0	0	0	42	0	0	0	0	0	8	0	0	83	0	0	189	0	50	102	0	0	51	0	0	0	3	0	0	0	0	55	0	0	74	3	0	0	0	0	0	117	1	0	0	0	0	0	0	0	173	0	0	0	0	16	0	79	0	0	36	0	0	0	123	2	0	0	0	0	0	0	0	0	0	33	0	127	0	60	0	0	0	35	0	43	0	0	62	0	0	0	0	0	0	0	0	0	179	6	236	0	122	0	0	0	0	0	0	0	18	0	0	0	0	0	0	0	0	28	3	0	0	7	0	93	3	0	3	0	265	0	182	63	0	64	109	0	0	0	42	91	0	0	0	19	0	0	46	3	22	106	0	134	73	0	0	0	151	0	64	57	0	0	86	0	0	160	0	13	0	0	0	0	110	33	45	0	75	0	36	192	124	68	61	0	0	0	204	0	41	0	0	174	57	26	15	12	79	0	9	70	0	0	0	0	0	225	0	119	0	25	52	180	0	6	0	10	78	0	0	72	0	0	14	116	9	93	104	0	93	47	66	0	0	86	46	0	2	0	53	0	0	0	22	0	191	40	0	0	0	108	198	127	0	59	107	76	0	64	219	117	112	0	107	0	172	58	21	0	0	0	157	83	91	0	0	0	33	0	0	60	163	0	48	128	89	0	90	13	0	84	10	40	17	0	0	84	70	0	101	0	102	77	72	124	18	95	0	6	0	0	0	1	0	0	33	8	85	0	59	0	0	22	173	0	57	54	0	0	121	10	97	94	45	21	20	0	0	250	0	0	40	39	11	150	38	253	70	0	79	21	0	63	62	244	76	42	78	101	0	0	68	162	0	82	131	92	40	0	0	81	39	0	117	2	82	0	156	0	0	0	234	0	211	154	30	78	0	22	0	35	3	71	80	0	9	111	140	94	63	51	81	43	27	0	99	44	54	87	70	135	217	114	0	54	104	58	169	0	117	42	0	73	0	0	0	64	0	111	42	76	80	38	58	77	0	0	63	149	27	150	0	0	0	109	45	0	102	126	0	151	87	0	20	183	49	108	236	198	236	22	0	0	35	54	2	52	139	50	0	51	36	85	63	50	69	0	22	105	6	0	0	136	0	0	120	101	61	138	0	0	198	0	0	0	106	92	85	0	100	107	141	101	45	0	31	172	25	155	33	0	0	48	73	6	82	87	276	37	0	126	9	74	48	168	65	166	105	40	0	15	180	55	136	171	60	134	0	47	123	70	23	88	92	158	20	28	151	0	40	84	34	0	85	121	21	46	55	81	65	92	0	24	55	168	119	0	13	63	117	36	72	40	0	48	54	20	53	97	79	76	46	79	85	82	25	38	64	49	17	60	20	66	390	138	142	108	145	28	80	115	30	78	201	127	70	89	11	529	233	31	30	99	104	124	36	164	266	266	35	76	0	123	70	83	8	210	146	117	38	268	74	75	159	89	243	61	213	20	58	166	129	64	41	106	150	101	292	283	68	111	136	27	48	0	170	98	30	40	50	61	23	51	168	31	87	0	104	68	150	165	123	137	230	39	50	50	63	14	13	51	47	68	278	14	47	178	71	33	191	251	136	64	161	8
25	0	0	0	0	0	0	0	0	0	0	0	0	0	0	0	0	0	0	0	0	0	0	0	0	0	0	0	0	0	0	0	0	0	0	0	0	0	0	0	0	0	0	0	0	0	0	0	0	0	0	0	0	0	0	0	0	0	0	0	0	0	0	0	0	0	0	0	0	0	0	0	0	0	0	0	0	0	0	0	0	0	0	0	0	0	0	0	0	0	0	0	0	0	0	0	0	0	0	0	0	0	0	0	0	0	0	0	0	0	0	0	0	0	0	0	0	0	0	0	0	0	0	0	0	0	0	0	0	0	0	0	0	0	0	0	0	0	0	0	0	0	0	0	0	0	0	0	0	0	0	3	0	0	0	0	0	0	0	0	0	0	0	0	0	0	0	0	0	0	0	0	0	0	0	0	0	0	9	0	0	0	0	0	0	0	0	0	0	0	0	0	0	0	0	0	0	0	0	0	0	0	0	0	0	0	0	0	0	0	0	0	0	0	0	0	0	0	0	0	0	0	0	0	0	0	0	0	0	0	0	0	0	0	0	18	0	0	0	0	0	0	0	0	0	0	0	0	0	0	0	0	92	0	0	0	0	0	0	0	0	0	0	0	0	0	0	0	0	0	0	0	0	0	0	0	0	0	0	0	0	0	0	0	0	0	0	0	0	0	0	27	0	0	0	0	0	0	0	0	3	0	0	0	67	0	0	0	0	0	0	0	0	0	0	0	0	0	0	0	0	0	0	1	0	0	0	0	0	0	103	0	0	0	0	0	31	0	0	52	0	0	0	0	0	0	0	0	0	0	0	0	0	24	0	0	0	11	0	0	0	0	0	0	0	0	0	0	0	0	2	0	0	0	0	0	0	0	0	0	0	0	0	77	0	0	0	0	0	0	0	0	25	0	0	0	0	0	0	0	0	0	0	0	0	0	0	0	0	0	0	0	0	0	0	61	0	0	438	0	0	136	0	18	89	0	0	86	0	0	103	115	0	0	0	0	206	0	2	68	47	0	0	0	0	0	175	0	0	0	0	0	0	0	0	59	18	0	0	0	0	130	4	0	2	60	0	0	0	210	0	0	0	0	0	0	0	1	0	12	84	0	141	0	0	0	0	17	30	0	168	0	0	146	0	0	0	0	0	0	0	0	0	72	0	248	0	228	0	0	0	0	0	0	0	91	1	0	0	0	0	0	0	29	117	0	0	0	58	0	83	66	0	9	0	291	0	207	120	0	131	47	0	0	0	283	143	0	1	0	29	0	0	0	1	0	140	19	46	38	0	0	0	117	0	146	41	0	0	67	0	0	144	0	1	0	3	0	0	102	73	16	0	56	0	43	126	30	223	69	0	0	19	94	0	29	0	0	16	131	58	0	0	126	0	0	28	0	0	0	0	0	14	0	121	0	7	84	77	0	55	0	120	95	4	4	0	0	0	73	127	4	55	27	0	124	94	55	0	0	99	93	151	26	0	126	0	126	2	143	0	119	23	0	0	0	124	66	76	0	34	117	32	0	9	66	36	98	0	147	0	108	180	51	0	0	0	184	4	116	0	0	0	76	0	16	51	128	0	37	37	141	37	30	7	0	97	64	77	5	0	0	106	96	0	169	0	196	69	31	163	208	63	0	109	0	0	0	52	0	0	53	23	187	0	91	2	0	138	123	0	37	46	2	0	167	365	138	81	30	145	55	0	2	55	0	0	14	248	82	40	46	74	6	0	48	22	0	0	53	151	198	131	28	47	0	0	37	31	0	57	116	10	28	0	0	9	216	0	115	0	96	0	32	0	0	0	96	8	198	192	92	156	0	47	0	41	44	68	74	0	74	50	45	21	103	124	102	12	136	0	192	30	157	138	133	54	200	121	26	100	109	121	156	0	120	75	0	65	0	0	0	52	0	97	64	232	246	75	198	5	0	0	29	117	178	65	0	0	0	182	3	0	124	32	0	27	110	80	84	93	128	56	30	168	79	37	0	0	66	137	139	102	10	121	0	99	75	63	35	130	162	0	35	241	128	0	0	90	0	0	288	35	28	56	0	0	205	15	0	1	141	109	82	0	21	79	240	42	47	0	104	75	91	77	358	17	10	58	90	192	58	59	67	77	0	159	12	77	131	73	241	58	39	212	0	0	230	67	79	106	354	31	0	72	63	96	130	144	117	108	0	85	50	0	179	288	89	30	34	180	58	55	35	71	164	45	0	65	26	133	22	0	43	90	60	86	109	98	0	30	17	64	16	112	11	81	303	91	139	167	114	62	136	295	379	44	41	60	130	89	102	8	151	113	79	118	6	68	155	208	36	104	66	79	155	157	131	15	169	198	139	172	148	229	102	110	0	134	61	72	64	116	135	75	44	76	35	204	94	45	207	129	130	151	174	133	94	25	81	19	53	14	120	100	181	99	88	71	23	0	34	242	163	158	51	130	78	9	115	102	243	101	210	35	109	22	207	138	228	163	39	42	121	131	123	164	89	175	36	155	36	86	118	141	109	39	90	55	73	62
26	0	0	0	0	0	0	0	0	0	33	0	0	0	0	0	0	0	0	0	0	0	0	0	0	0	0	0	0	0	0	0	0	0	0	0	0	0	0	0	0	0	0	0	0	0	0	0	0	0	0	0	0	0	0	0	0	0	0	0	0	0	0	0	0	0	0	0	0	0	0	0	0	0	0	0	0	0	0	0	0	0	0	0	0	0	0	0	0	0	0	0	0	0	0	0	0	0	0	0	0	0	0	0	0	0	0	0	0	0	0	0	0	0	0	0	0	0	0	0	0	0	0	0	0	0	0	0	0	0	0	0	0	0	0	0	0	0	0	0	0	0	0	0	0	0	0	0	0	0	0	0	0	0	0	0	0	3	0	0	0	0	0	0	0	0	0	0	0	0	0	0	0	0	0	0	0	0	0	0	0	0	0	0	0	0	0	0	0	0	0	0	7	0	0	0	0	0	0	0	0	0	0	0	0	0	0	0	0	0	0	0	0	0	0	0	0	0	0	0	0	0	0	0	0	0	0	0	0	0	0	0	0	0	0	0	0	0	0	0	0	0	0	0	0	0	0	0	0	0	0	0	0	0	0	0	0	0	0	0	0	0	0	0	0	0	0	0	0	0	0	0	0	0	0	0	0	0	0	0	0	0	0	0	0	0	0	0	0	0	0	53	0	0	0	0	0	0	0	0	0	0	0	0	30	0	0	0	0	0	0	0	0	0	0	0	0	0	0	0	0	0	0	7	0	0	0	0	0	0	22	0	0	0	0	0	0	0	0	88	0	0	0	0	0	0	0	0	0	0	0	0	0	0	0	0	0	0	0	0	66	0	0	0	0	0	0	0	0	0	0	0	0	0	0	0	0	0	0	0	0	0	0	0	0	0	0	0	0	0	0	0	70	0	0	0	0	0	0	0	86	0	0	0	0	0	0	6	0	0	0	0	0	0	0	21	0	0	61	0	0	82	0	0	120	0	0	19	0	0	0	69	0	0	0	0	30	0	0	36	0	0	0	0	0	0	37	0	0	0	29	0	0	0	0	80	0	0	0	0	0	0	13	0	0	165	0	0	0	8	3	0	0	0	0	0	0	0	0	0	0	0	67	0	10	0	0	0	35	0	67	0	0	12	0	0	0	0	0	0	0	0	0	119	0	215	0	5	0	0	0	0	0	0	0	158	0	0	0	0	0	0	0	0	30	0	0	7	215	0	65	264	0	0	0	33	0	21	7	0	18	106	0	0	0	171	36	1	0	0	63	0	5	254	0	40	65	0	98	169	0	0	0	29	0	4	57	0	0	3	0	0	184	0	44	0	16	0	0	56	6	79	0	119	0	108	41	82	69	106	0	0	0	146	0	114	0	0	139	125	26	0	0	211	0	0	293	0	0	0	0	0	109	0	83	0	0	115	154	10	20	0	17	115	20	11	0	0	0	47	251	1	47	89	0	48	107	42	0	0	56	55	63	140	0	139	0	0	0	59	0	191	84	0	0	0	179	140	30	0	86	6	79	0	102	48	52	32	2	87	0	124	97	124	0	0	0	244	157	23	170	0	0	19	0	4	20	71	0	1	288	10	28	84	36	0	51	200	109	29	0	0	55	121	0	83	0	97	70	84	141	72	88	0	83	0	0	0	0	0	23	12	4	184	0	56	0	0	247	109	0	19	53	0	0	4	107	231	87	102	116	192	1	0	35	0	0	41	44	81	14	94	138	71	0	140	119	0	0	68	56	52	124	110	59	0	0	89	74	0	18	64	20	106	0	0	59	92	0	57	0	150	0	15	0	0	0	126	0	70	155	66	71	0	272	0	119	43	189	113	0	50	27	43	33	138	110	96	0	168	0	79	64	14	219	151	46	119	300	0	41	126	28	72	0	135	107	0	50	0	0	0	40	0	69	85	175	157	204	177	86	0	0	90	102	2	24	0	30	0	157	48	0	190	49	0	36	90	112	139	90	41	28	94	14	70	84	10	0	80	20	193	43	144	75	0	36	225	167	122	36	199	0	72	77	116	0	0	41	0	0	72	38	298	207	0	0	80	5	0	0	171	108	149	0	174	75	91	45	245	0	268	33	216	132	88	0	24	60	68	36	171	75	106	20	0	10	26	41	169	78	36	45	14	41	0	0	40	37	63	154	8	122	0	8	40	144	21	155	94	48	0	78	22	0	42	39	171	0	116	153	90	65	18	33	57	38	0	56	52	211	102	0	78	163	357	55	97	229	0	220	149	23	76	97	123	105	91	24	42	9	108	95	24	133	59	47	166	56	39	97	173	38	66	221	15	56	74	134	102	76	113	83	104	10	53	51	56	143	61	54	106	100	17	167	50	54	0	341	73	26	8	191	113	10	289	182	214	142	42	97	75	273	23	62	10	4	112	144	82	166	128	46	118	31	117	163	21	210	236	0	14	64	67	73	5	105	85	174	174	28	149	74	24	65	100	55	14	45	176	52	39	127	75	244	31	95	187	59	97	98	139	4	258	130	49	208	161	135	28	34
27	0	0	0	0	0	0	0	0	0	0	0	0	0	0	0	0	0	0	0	0	0	0	0	0	0	0	0	0	0	0	0	0	0	0	0	0	0	0	0	0	0	0	0	0	0	0	0	0	0	0	0	0	0	0	0	0	0	0	0	0	0	0	0	0	0	0	0	0	0	0	0	0	0	0	0	0	0	0	0	0	0	0	0	0	0	0	0	0	0	0	0	0	0	0	0	0	0	0	0	0	0	0	0	0	0	0	0	0	0	0	0	0	0	0	0	0	0	0	0	0	0	0	0	0	0	0	0	0	0	0	0	0	0	0	0	0	0	0	0	0	0	0	0	0	0	0	0	0	0	0	0	0	0	0	0	0	0	0	0	0	0	0	0	0	0	0	0	0	0	0	0	0	0	0	0	0	0	0	0	0	0	0	0	0	0	0	0	0	0	0	0	0	0	0	0	0	2	0	0	0	0	0	0	0	0	0	0	0	0	0	0	0	0	0	0	0	0	0	0	23	0	0	0	0	0	0	0	0	0	0	0	0	0	0	4	0	0	0	0	0	0	0	0	0	0	0	0	0	0	0	0	0	0	0	0	0	0	0	0	0	0	0	0	0	0	0	0	0	0	0	0	0	0	0	0	0	0	0	0	0	0	0	0	0	0	0	0	0	0	0	42	0	0	0	0	0	0	0	0	0	0	0	0	123	0	0	0	0	0	1	0	0	0	0	0	0	0	0	0	0	0	0	0	0	0	0	0	0	0	55	0	0	0	0	0	0	0	0	205	0	0	0	0	0	0	0	0	0	0	0	0	0	0	0	0	0	4	0	0	0	0	0	0	0	0	0	0	0	0	0	0	0	0	0	0	0	0	0	4	15	0	0	0	0	0	0	0	0	0	0	0	6	0	0	0	0	0	0	0	0	0	0	0	37	0	0	0	0	0	0	0	0	0	0	55	0	0	178	0	0	185	0	11	89	0	0	29	0	0	0	228	0	0	1	0	165	0	0	90	68	0	0	0	0	0	44	0	11	0	41	0	0	0	0	72	0	0	0	0	0	0	302	0	0	84	0	0	0	107	54	0	0	0	0	0	0	0	0	0	10	0	62	0	0	0	7	0	61	0	40	0	0	8	0	0	0	0	0	0	0	0	0	99	0	146	0	159	0	0	0	0	0	0	0	49	0	0	0	0	0	0	0	48	25	0	0	0	87	4	71	79	0	7	0	156	0	72	39	0	83	190	0	0	0	28	54	0	0	0	109	0	0	3	8	3	72	0	37	0	0	0	0	64	0	138	117	0	0	86	0	0	36	0	0	0	0	0	0	223	17	60	0	70	0	402	72	221	94	88	65	0	0	104	0	82	0	0	177	6	5	98	0	79	0	0	12	0	0	0	0	0	12	0	224	0	6	10	108	65	109	0	47	75	139	9	1	0	19	0	100	34	12	203	0	55	30	79	0	0	180	32	2	53	0	63	12	10	0	330	0	90	59	0	0	0	164	290	58	0	44	64	105	15	205	63	29	95	0	19	0	45	3	76	0	0	0	82	51	84	0	0	0	72	0	0	135	113	0	11	117	51	26	40	368	0	22	159	84	19	0	0	66	19	0	196	0	191	245	76	87	86	130	0	99	0	0	0	28	0	0	114	46	14	0	115	0	0	5	100	0	136	202	0	0	61	68	173	76	37	209	171	1	0	69	0	0	0	52	65	55	20	111	66	0	67	179	0	0	112	52	256	137	92	38	0	5	59	133	0	109	66	117	136	0	0	107	20	0	34	44	140	0	115	0	0	0	30	3	58	49	120	62	0	267	0	53	27	42	108	0	130	24	74	17	134	52	15	128	5	0	48	45	41	104	168	19	112	84	0	50	76	67	91	0	64	208	0	84	0	0	0	63	0	124	169	121	84	158	74	46	0	41	123	18	145	75	0	0	0	92	71	0	14	68	0	79	334	43	61	53	64	30	198	58	170	34	0	0	13	113	192	69	78	6	0	34	55	135	69	193	115	0	75	67	148	0	0	76	11	0	25	69	118	117	0	0	128	0	0	0	45	111	41	0	65	76	16	44	71	0	161	44	26	146	26	0	0	35	161	30	92	46	95	57	0	108	8	137	91	126	29	24	16	118	0	50	186	62	85	85	185	5	0	25	21	201	74	177	85	191	0	219	142	0	13	49	111	0	197	15	46	54	84	51	38	65	0	126	134	65	76	0	101	88	82	220	173	86	0	45	130	44	150	145	302	228	98	212	40	84	173	81	24	115	205	116	42	196	190	75	155	72	248	271	35	29	30	172	153	107	40	32	168	191	176	44	26	140	53	68	108	164	92	247	97	72	0	145	83	44	86	188	196	104	118	50	14	63	199	65	51	168	141	99	101	199	174	423	39	27	159	101	26	43	270	104	69	45	17	0	68	156	57	113	180	264	85	62	68	140	117	78	119	76	136	87	30	143	163	34	171	104	48	82	92	53	218	131	250	100	166	199	132	230	82	131	130	164	163	81
28	0	0	0	0	0	0	0	0	0	0	0	0	0	0	0	0	0	0	0	0	0	0	0	0	0	0	0	0	0	0	0	0	0	0	0	0	0	0	0	0	0	0	0	0	0	0	0	0	0	0	0	0	0	0	0	0	0	0	0	0	0	0	0	0	0	0	0	0	0	0	0	0	0	0	0	0	0	0	0	0	0	0	0	0	0	0	0	0	0	0	0	0	0	0	0	0	0	0	0	0	11	0	0	0	0	0	0	0	0	0	0	0	0	0	0	0	0	0	0	0	0	0	0	0	0	0	0	0	0	0	0	0	0	0	0	0	0	0	0	0	0	0	0	0	0	0	0	0	0	0	0	0	0	0	0	1	0	0	0	0	0	0	0	0	0	0	0	0	0	0	0	0	0	0	0	0	0	0	0	0	0	0	0	0	0	0	0	0	0	0	0	0	0	0	0	0	0	0	0	0	0	0	0	0	0	0	0	0	0	0	0	0	0	0	0	0	0	0	0	0	0	0	0	0	0	0	0	0	0	0	0	0	0	0	0	0	0	0	0	0	0	0	0	0	0	0	0	0	0	0	0	0	0	0	0	0	0	0	0	0	0	0	0	0	0	0	0	0	0	0	0	0	0	0	0	0	0	0	0	0	0	0	0	0	0	0	0	0	0	0	27	0	0	0	0	0	0	0	0	0	0	0	0	57	0	0	0	0	0	0	0	0	0	0	0	0	0	0	0	0	0	0	0	0	0	0	0	0	0	83	0	0	0	0	0	0	0	0	104	0	0	0	0	0	0	0	0	0	0	0	0	0	0	0	0	0	13	0	0	0	0	0	0	0	3	0	0	18	0	0	6	0	0	0	0	0	0	0	0	0	0	0	0	0	0	0	0	0	15	0	0	0	0	0	0	0	0	0	0	0	0	0	0	0	0	0	2	0	0	0	0	8	0	0	53	0	0	52	0	0	175	0	0	26	0	0	2	10	0	4	75	0	0	0	0	41	0	0	53	30	0	0	0	0	0	8	0	0	0	0	0	0	0	0	63	0	0	0	0	0	0	62	0	0	39	0	0	0	59	0	0	0	0	0	0	0	0	6	0	0	0	25	0	0	0	0	0	186	0	144	0	0	57	0	0	0	0	0	25	0	0	0	201	0	93	0	43	0	5	0	0	0	0	0	129	0	0	0	0	0	0	0	23	102	0	0	0	50	0	29	96	0	118	0	37	0	31	65	0	46	40	0	0	0	162	55	0	0	0	65	0	0	0	12	103	13	0	83	40	0	0	0	186	0	30	57	0	0	4	0	0	168	7	33	0	0	0	0	742	23	225	0	39	0	101	78	50	182	120	0	0	12	72	0	112	0	0	84	76	87	42	4	35	0	0	215	2	0	0	0	0	138	0	180	0	7	77	116	63	57	0	157	41	70	81	0	0	0	15	197	54	70	103	0	20	78	93	0	0	38	258	117	180	0	172	0	89	10	137	0	73	93	0	29	0	188	67	63	3	37	31	19	0	55	218	77	76	0	149	0	79	47	297	0	0	0	163	91	151	16	0	0	78	0	153	60	92	0	2	39	94	49	77	150	23	8	265	118	42	0	0	241	85	0	87	0	286	23	20	48	30	137	0	17	0	0	0	0	0	0	104	52	167	0	310	3	0	15	107	0	75	178	0	69	162	14	129	91	166	173	135	0	0	49	0	0	0	54	23	35	101	131	56	0	110	9	1	0	179	39	104	217	47	37	0	0	147	73	0	64	182	140	40	0	0	186	174	0	68	0	55	0	192	0	0	0	175	0	153	47	51	91	0	71	0	29	84	100	155	0	152	62	112	56	28	59	161	81	42	0	65	66	5	72	76	179	131	154	0	85	135	99	81	0	42	141	0	67	0	0	0	145	0	74	238	97	90	78	70	79	0	0	26	15	92	57	0	0	0	225	68	0	46	31	0	126	107	39	45	71	130	153	117	24	54	66	0	0	120	33	50	61	16	108	0	109	283	201	200	94	58	0	38	154	126	0	0	177	2	0	45	149	199	11	0	0	85	0	0	3	14	148	237	0	113	72	236	53	110	0	176	25	121	98	64	1	2	24	152	105	122	85	75	120	0	108	63	151	55	239	23	36	33	156	0	0	59	223	22	81	49	145	0	156	54	98	68	278	43	141	9	131	24	0	33	330	158	0	255	130	140	140	83	156	41	91	0	15	13	78	65	0	53	19	50	71	131	53	0	28	194	14	54	130	62	41	75	100	70	139	71	202	71	7	144	97	109	87	84	71	144	226	44	79	104	115	75	65	121	148	41	198	349	75	103	19	72	71	118	78	101	96	44	81	16	56	0	81	102	128	23	59	31	164	178	57	15	39	102	32	135	15	48	27	96	27	22	190	8	37	97	94	35	324	153	125	24	58	122	0	101	78	30	100	38	40	252	50	78	108	136	124	176	41	49	67	132	29	143	125	21	127	29	52	117	51	9	4	22	245	243	198	70	125	111	42	121	166	51	74
29	0	0	0	0	0	0	0	0	0	0	0	0	0	0	0	0	0	0	0	0	0	0	0	0	0	0	0	0	0	0	0	0	0	0	0	0	0	0	0	0	0	0	0	0	0	0	0	0	0	0	0	0	0	0	0	0	0	0	0	0	0	0	0	0	0	0	0	0	0	0	0	0	0	0	0	0	0	0	0	0	0	0	0	0	0	0	0	0	0	0	0	0	0	0	0	0	0	0	0	0	0	0	0	0	0	0	0	0	0	0	0	0	0	0	0	0	0	0	0	0	0	0	0	0	0	0	0	0	0	0	0	0	0	0	0	0	0	0	0	0	0	0	0	0	0	0	0	0	0	0	0	0	0	0	0	0	0	0	0	0	0	0	0	0	0	0	0	0	0	0	0	0	0	0	0	0	0	0	0	0	0	0	0	0	0	0	0	0	0	0	0	0	0	0	0	0	0	5	0	0	0	0	0	0	0	0	0	0	0	0	0	0	0	0	0	0	0	0	0	0	0	0	0	0	0	0	0	0	0	0	0	0	0	0	0	0	0	0	0	0	0	0	0	0	0	0	0	0	0	0	0	0	0	0	0	0	0	0	0	0	0	0	0	0	0	0	17	0	0	0	0	0	0	0	0	0	0	0	0	0	0	0	0	0	0	0	0	0	0	0	60	0	0	0	0	0	0	0	0	0	0	0	0	301	0	0	0	0	0	0	0	0	0	0	0	0	0	0	0	0	0	0	21	0	0	0	0	0	0	84	0	0	0	0	0	0	0	0	167	0	0	0	0	0	0	0	0	0	0	0	0	0	0	0	0	0	56	0	0	0	0	0	0	0	0	0	21	0	0	0	0	0	0	0	0	0	0	0	0	115	0	0	0	0	0	0	0	0	0	0	0	0	0	0	0	0	0	0	0	0	0	0	0	74	0	0	0	0	0	0	0	0	0	0	23	0	0	17	0	0	53	0	0	83	0	0	197	0	0	4	61	0	0	0	0	28	0	0	13	0	0	0	0	0	0	82	0	0	0	63	0	0	0	0	37	0	0	0	0	0	0	11	0	0	69	0	0	0	142	0	0	0	0	0	0	0	0	0	0	0	0	58	0	0	0	0	6	71	0	36	0	0	145	0	0	0	0	0	0	0	0	0	103	0	31	0	0	0	0	4	0	0	0	0	50	6	0	0	0	0	5	0	0	11	0	0	0	37	0	217	119	0	0	0	119	0	242	129	0	64	216	0	0	0	116	12	0	0	0	58	0	0	5	1	78	173	0	11	113	0	0	0	23	0	45	106	0	0	50	0	0	36	1	74	0	57	0	0	206	35	75	0	98	0	29	68	78	181	47	0	0	0	141	82	107	0	0	74	76	67	124	16	107	0	0	50	21	0	0	0	0	58	0	54	0	248	96	22	0	133	0	132	33	0	0	0	0	0	1	97	79	61	103	0	55	277	5	0	0	203	29	121	109	0	204	0	0	0	34	0	92	48	0	0	0	32	14	69	0	10	59	141	0	89	159	144	56	0	19	0	36	84	239	0	0	2	137	89	131	0	0	4	104	0	32	195	158	0	2	4	27	0	57	66	0	70	140	74	92	0	0	86	161	0	146	0	60	31	64	86	173	137	0	180	0	0	0	0	0	1	188	1	28	0	56	53	0	194	40	0	109	39	0	0	121	24	75	162	17	288	93	0	0	55	0	0	41	176	51	153	142	139	122	0	57	165	0	2	128	71	17	144	361	95	1	0	16	109	0	144	148	24	100	0	0	119	201	0	81	0	42	0	47	0	0	0	67	0	48	26	57	19	0	132	0	102	189	43	51	0	213	59	70	27	83	151	31	0	64	0	43	62	65	66	75	76	58	120	0	71	25	57	35	0	98	107	0	86	0	0	0	61	0	102	101	84	245	8	195	69	0	0	34	121	78	44	0	0	0	142	33	0	211	38	0	57	10	13	40	97	126	172	60	48	237	87	0	0	180	119	49	25	63	139	0	0	169	76	57	27	146	0	293	73	10	0	0	22	0	0	54	31	50	181	0	0	92	0	0	0	98	72	159	0	137	249	56	15	87	0	145	146	110	144	66	0	0	174	92	240	159	72	123	73	0	41	171	69	36	30	147	92	60	113	0	0	86	122	67	70	183	9	30	45	124	48	83	89	104	64	9	247	66	0	107	228	116	44	202	81	5	63	130	69	2	77	0	102	39	89	33	0	113	101	81	50	215	7	0	54	89	106	154	268	219	17	181	90	114	333	131	19	220	43	15	154	90	286	50	184	44	14	171	32	124	22	154	89	113	90	36	194	38	123	138	95	81	79	74	60	28	35	186	31	78	21	0	64	168	143	105	101	111	67	26	402	48	105	71	16	102	52	81	92	165	26	76	91	82	63	109	178	191	100	57	209	184	24	93	0	4	109	27	139	80	259	183	162	167	49	73	132	138	18	69	135	188	130	76	58	5	95	77	71	149	109	242	73	113	170	99	98	139	303	148	77	38	26	138	9
30	0	0	0	0	0	0	0	0	0	0	0	0	0	0	0	0	0	0	0	0	0	0	0	0	0	0	0	0	0	0	0	0	0	0	0	0	0	0	47	0	0	0	0	0	0	0	0	0	0	0	0	0	0	0	0	0	0	0	0	0	0	0	0	0	0	0	0	0	0	0	0	0	0	0	0	0	0	0	0	0	0	0	0	0	0	0	0	0	0	0	0	0	0	0	0	0	0	0	0	0	0	0	0	0	0	0	0	0	0	0	0	0	0	0	0	0	0	0	0	0	0	0	0	0	0	0	0	0	0	0	0	0	0	0	0	0	0	0	0	0	0	0	0	0	0	0	0	0	0	0	0	0	0	0	0	0	0	0	0	0	0	0	0	0	0	0	0	0	0	0	0	0	0	0	0	0	0	0	0	0	0	0	0	0	0	0	0	0	0	0	0	0	0	0	0	0	0	0	0	0	0	0	0	0	0	0	0	1	0	0	0	0	0	0	0	0	0	0	0	0	0	0	0	0	0	0	0	0	0	0	0	0	0	0	0	0	0	0	0	0	0	0	0	0	0	0	0	0	0	0	0	0	0	0	0	0	0	0	0	0	0	0	0	0	0	0	0	0	0	0	0	0	0	0	0	0	0	0	0	0	0	0	0	0	0	0	0	0	0	0	169	0	0	0	0	0	0	0	0	0	0	0	0	196	0	0	0	0	0	0	0	0	0	0	0	0	0	0	0	0	0	0	0	0	0	0	0	0	0	212	0	0	0	0	0	2	0	15	89	0	0	0	0	0	0	0	0	0	0	0	0	0	0	19	0	0	0	0	0	0	0	0	9	0	0	0	0	0	0	0	0	0	0	0	0	0	0	0	28	0	0	0	0	0	0	0	0	0	1	0	0	87	0	0	0	0	0	0	0	0	0	0	0	0	0	0	0	0	0	0	0	0	0	0	24	0	0	121	0	0	152	0	22	50	0	0	66	0	0	0	211	0	0	1	0	38	0	0	104	9	0	0	0	0	0	65	0	0	0	16	0	0	1	0	76	0	0	0	0	0	65	0	0	0	60	0	0	0	126	20	0	0	0	0	0	0	0	0	0	0	0	102	0	32	0	0	0	10	0	113	0	0	0	0	0	0	0	0	0	0	0	0	284	0	153	0	36	0	0	1	0	0	0	0	16	184	0	0	0	0	0	0	49	89	0	0	0	101	0	3	120	0	0	0	362	0	147	61	0	59	26	0	0	0	71	293	0	0	0	126	0	0	86	0	106	95	0	31	62	0	0	1	199	0	95	52	0	0	55	0	0	71	27	10	0	1	0	0	197	38	26	0	51	0	57	133	111	52	50	7	0	0	170	1	76	0	0	56	35	179	17	1	37	0	0	257	0	0	0	0	0	118	0	139	0	239	56	92	139	107	0	101	53	80	8	0	0	0	0	97	109	75	27	0	87	188	124	0	12	65	107	105	85	0	33	0	0	0	122	0	160	119	0	0	0	61	54	39	0	91	7	77	0	134	135	75	77	0	22	0	63	13	24	0	0	0	228	184	58	0	0	1	70	15	71	40	108	0	2	128	85	108	47	82	0	44	66	12	43	0	0	39	61	0	83	0	206	54	112	57	71	90	0	48	0	0	0	164	0	46	124	43	264	0	13	7	0	138	30	0	301	152	0	0	104	47	24	59	129	59	199	3	0	81	0	0	28	35	276	103	72	248	165	0	148	164	0	0	23	16	59	27	123	46	0	0	122	62	0	14	41	46	163	0	0	181	28	0	41	23	96	0	39	0	0	0	93	1	136	43	71	347	0	29	0	98	270	101	82	0	22	118	70	188	189	75	135	117	122	0	76	199	164	36	123	223	20	291	0	143	99	326	102	0	26	68	0	82	0	0	0	259	0	89	62	145	97	30	55	107	0	0	52	132	47	61	0	0	0	73	60	0	48	88	0	57	191	110	27	210	62	58	176	299	105	164	0	0	77	93	215	71	49	60	0	47	166	102	26	146	134	0	21	66	46	0	0	79	3	0	56	191	305	97	0	0	283	4	0	0	95	151	294	0	213	187	46	118	22	0	43	4	258	51	121	0	8	63	158	125	240	33	69	124	0	74	18	20	93	27	207	201	152	26	0	21	45	139	96	35	30	278	0	68	195	31	75	52	13	56	0	69	128	0	44	90	124	77	29	21	40	70	95	23	251	35	0	30	256	122	188	0	80	95	12	94	30	31	0	27	40	136	32	69	133	128	69	342	36	62	104	118	60	154	66	41	93	133	187	71	175	126	70	182	46	139	85	75	77	65	121	23	14	49	65	59	49	54	65	40	27	79	118	21	51	37	0	195	201	139	86	57	138	59	73	174	55	242	153	87	228	12	20	232	189	97	76	97	69	28	106	93	43	95	41	197	217	107	55	9	205	68	73	122	62	81	176	55	94	78	121	76	267	25	334	268	251	82	176	136	52	8	144	174	162	104	96	192	225	41	112	39	15	12	174	134	43	93	92	47
31	0	0	0	0	0	0	0	0	0	7	0	0	0	0	0	0	0	0	0	0	0	0	0	0	0	0	0	0	0	0	0	0	0	0	0	0	0	0	0	0	0	0	0	0	0	0	0	0	0	0	0	0	0	0	0	0	0	0	0	0	0	0	0	0	0	0	0	0	0	0	0	0	0	0	0	0	0	0	0	0	0	0	0	0	0	0	0	0	0	0	0	0	0	0	0	0	0	0	0	0	0	0	0	0	0	0	0	0	0	0	0	0	0	0	0	0	0	0	0	0	0	9	0	0	0	0	0	0	0	0	0	0	0	0	0	0	0	0	0	0	0	0	0	0	0	0	0	0	0	0	0	0	0	0	0	0	0	0	0	0	0	0	0	0	0	0	0	0	0	0	0	0	0	0	0	0	0	0	0	0	0	0	0	0	0	0	0	0	0	0	0	0	0	0	0	0	0	0	0	0	0	0	0	0	0	0	0	0	0	0	0	0	0	0	0	0	0	0	0	0	0	0	0	0	0	0	0	0	0	0	0	0	0	0	11	0	0	0	0	0	0	0	0	0	0	0	0	0	0	0	0	0	0	0	0	0	0	0	0	0	0	0	0	0	0	0	0	0	0	0	0	0	0	0	0	0	0	0	0	0	0	0	0	0	0	0	0	0	0	0	73	0	0	0	0	0	0	0	0	0	0	0	0	41	0	0	0	0	0	0	0	0	0	0	0	0	0	0	0	0	0	0	28	0	0	0	0	0	0	29	0	0	0	0	0	0	0	0	36	0	0	0	0	0	0	0	0	0	0	0	0	0	10	1	0	0	2	0	0	35	0	0	1	0	115	0	0	0	0	0	0	0	0	0	0	0	0	0	4	0	0	0	0	0	0	0	0	0	8	0	0	0	0	0	0	0	0	0	0	0	0	0	0	0	0	0	2	0	0	0	0	0	0	0	50	2	0	4	0	0	34	20	8	45	0	0	136	0	0	7	37	0	0	0	0	44	3	0	12	25	0	0	0	0	0	169	0	0	0	56	0	0	0	0	210	0	0	0	0	0	0	7	0	0	12	0	0	0	31	0	0	0	0	0	0	0	0	0	0	9	0	146	0	21	5	0	0	51	0	141	0	0	95	0	0	0	0	0	0	0	0	0	43	0	92	0	0	0	0	0	0	30	0	0	196	34	0	0	0	0	6	0	0	96	0	0	0	125	0	82	201	0	0	0	64	0	75	91	0	94	66	0	0	0	44	48	60	0	0	47	0	0	27	0	131	95	0	174	21	0	0	0	113	0	37	89	0	0	98	0	0	117	0	1	0	16	0	0	55	71	43	0	81	0	40	51	46	99	63	0	0	0	0	0	117	0	0	93	26	80	59	0	61	0	0	169	1	0	0	0	0	151	0	119	0	60	133	78	0	33	0	94	16	0	68	4	0	0	118	65	25	67	136	0	115	62	28	0	0	187	66	12	25	0	189	0	27	28	60	0	38	58	0	2	0	42	148	37	0	331	3	202	0	166	100	89	197	0	164	0	163	42	49	0	0	0	41	10	37	31	0	5	18	17	51	24	63	0	0	51	71	0	32	30	0	37	49	59	156	0	0	90	378	0	229	0	155	49	70	94	78	98	0	62	0	0	0	37	0	0	14	0	123	0	374	0	0	18	176	0	14	162	0	0	44	64	117	44	6	121	141	0	0	133	0	0	57	66	12	106	494	22	106	0	154	36	0	0	90	94	84	71	52	117	0	0	81	43	0	123	42	30	26	0	0	159	41	0	145	0	110	0	61	0	0	0	226	0	73	163	84	56	0	164	0	87	38	222	32	0	35	59	68	31	209	42	74	89	90	0	200	185	68	45	67	41	93	21	0	38	91	108	64	3	123	208	0	78	0	0	0	127	0	23	42	74	240	93	96	48	0	0	142	56	13	22	0	0	0	63	60	0	44	51	0	243	93	30	111	13	152	114	28	59	101	50	0	0	63	89	160	101	46	161	0	51	206	94	120	48	242	0	80	107	57	0	0	142	0	0	93	33	141	235	0	0	134	11	0	0	159	118	221	0	116	28	325	30	18	0	112	73	59	90	13	0	25	32	63	80	85	130	255	119	0	57	172	272	152	154	123	72	124	348	0	19	55	88	4	35	115	90	0	247	82	37	165	54	106	90	0	80	85	0	171	4	77	0	127	94	57	94	53	107	52	38	0	66	7	196	99	0	73	323	100	61	9	36	0	140	73	154	82	240	17	153	232	46	9	121	21	142	60	77	49	23	129	65	113	65	65	49	180	38	82	14	164	100	52	64	75	66	70	121	52	8	238	134	39	47	127	147	99	24	159	8	0	119	44	113	26	30	19	172	31	67	33	90	76	183	16	129	9	111	59	41	27	188	50	42	161	36	70	6	139	67	65	53	57	0	64	21	38	100	135	88	224	33	197	20	51	23	96	118	118	35	128	53	53	111	39	103	155	50	132	40	125	159	34	189	70	64	116	120	120	243	99	39	14	77
32	0	0	0	0	0	0	0	0	0	0	0	0	0	0	0	0	0	0	0	0	0	0	0	0	0	0	0	0	0	0	0	0	0	0	0	0	0	0	0	0	0	0	0	0	0	0	0	0	0	90	0	0	0	0	0	0	0	0	0	0	0	0	0	0	0	0	0	0	0	0	0	0	0	0	0	0	0	0	0	0	0	0	0	0	0	0	0	0	0	0	0	0	0	0	0	0	0	0	0	0	0	0	0	0	0	0	0	0	0	0	0	0	0	0	0	0	0	0	0	0	0	0	0	0	0	0	0	0	0	0	0	0	0	0	0	0	0	0	0	0	0	0	0	0	0	0	0	0	0	0	0	0	0	0	0	0	0	0	0	0	4	0	0	0	0	0	0	0	0	0	0	0	0	0	0	0	0	0	0	0	0	0	0	0	0	0	0	0	0	0	0	0	0	0	0	0	0	0	0	0	0	0	0	0	0	0	0	0	0	0	0	0	0	0	0	0	0	0	0	0	0	0	0	0	0	0	0	0	0	0	0	0	0	0	0	0	0	0	0	0	0	0	0	0	0	0	0	0	0	0	0	0	0	0	0	0	0	0	0	0	0	0	0	0	0	0	0	0	0	0	0	0	0	0	1	0	0	0	0	0	0	0	0	0	0	0	0	0	0	0	13	0	0	0	0	0	0	0	0	0	0	0	0	44	0	0	0	0	0	0	0	0	0	0	0	0	0	0	0	0	0	0	86	0	0	0	0	0	0	16	0	0	0	0	0	0	0	0	17	0	0	0	31	0	0	0	0	0	0	0	0	0	0	0	0	0	8	0	0	0	0	0	0	0	0	0	0	0	0	0	0	0	0	0	0	0	0	0	0	0	0	1	0	0	0	0	0	0	0	0	0	0	0	0	0	0	1	1	0	0	2	0	0	0	0	0	57	0	0	0	0	0	0	0	72	0	0	97	0	0	104	0	130	5	0	0	63	0	0	0	22	0	2	0	0	38	0	0	147	0	0	0	0	0	0	26	0	0	0	0	0	0	0	0	212	0	0	0	0	0	0	187	0	0	89	0	0	0	189	26	0	0	0	0	0	0	1	9	1	44	0	129	0	0	0	0	5	103	0	10	0	0	42	0	0	0	0	0	0	0	0	0	8	0	79	0	54	0	0	0	0	0	0	0	428	1	0	0	0	0	7	0	12	58	0	0	0	107	0	37	82	0	27	0	224	0	55	45	0	159	80	0	0	0	167	177	0	0	0	28	0	0	0	15	122	153	0	151	41	3	0	0	40	0	95	132	0	0	54	0	0	30	165	0	0	193	0	0	128	37	13	0	135	0	62	36	91	14	115	0	0	5	140	1	35	0	0	59	36	547	8	0	166	0	0	35	2	0	0	0	0	53	0	67	0	14	146	23	7	42	0	179	81	0	2	0	7	0	188	34	156	80	25	0	104	73	281	0	0	5	47	113	192	0	31	0	8	8	16	0	37	154	0	0	0	300	150	86	0	56	137	226	0	114	111	45	108	0	189	0	69	102	138	0	0	0	52	128	29	61	0	0	334	0	156	165	63	1	1	76	13	54	72	8	0	58	24	182	75	0	0	41	86	0	105	0	123	10	60	42	24	102	0	49	0	0	12	14	0	1	130	139	63	0	11	0	0	45	34	0	96	40	0	3	112	92	144	34	80	52	87	1	0	30	0	0	0	105	46	34	142	318	127	0	99	157	0	24	28	94	128	62	35	89	0	2	105	310	0	97	27	1	131	0	12	83	130	0	128	26	69	0	65	0	0	0	65	0	107	38	14	169	0	136	0	66	14	118	198	0	87	34	34	48	315	106	37	53	169	0	32	166	86	131	132	220	200	73	0	74	144	69	99	0	129	44	0	280	0	0	0	200	0	80	65	157	61	84	41	132	0	0	216	18	39	214	0	0	0	38	18	0	54	105	0	26	53	130	81	48	58	4	119	124	189	51	0	0	196	72	232	115	238	98	0	43	121	371	120	226	74	0	72	68	147	0	4	93	0	0	60	69	39	161	0	0	68	43	0	0	73	56	41	0	123	66	24	105	55	0	7	51	22	187	32	0	0	243	28	61	107	42	174	81	0	30	31	67	89	34	45	97	5	52	0	0	121	70	45	92	80	83	0	195	117	82	54	70	16	218	10	127	173	0	21	15	20	33	45	30	60	75	60	269	32	266	0	81	166	22	111	0	37	198	29	33	148	189	0	81	94	60	175	82	29	199	179	77	69	64	119	152	122	148	291	147	62	37	198	90	100	27	64	33	28	321	90	34	125	62	235	150	71	70	58	30	217	34	9	132	114	209	159	10	139	51	0	18	98	69	41	37	26	59	187	85	107	36	48	29	186	90	107	160	39	55	281	184	55	34	99	40	88	79	7	92	61	357	39	0	383	65	72	74	244	62	76	35	78	150	120	100	241	80	85	58	37	65	19	70	51	77	94	137	60	80	47	242	199	82	63	13	32	21	34	80	71	52	33	30
33	0	0	0	0	0	0	0	0	0	0	0	0	0	0	0	0	0	0	0	0	0	0	0	0	0	0	0	0	0	0	0	0	0	0	0	0	0	0	0	0	0	0	0	0	0	0	0	0	0	0	0	0	0	0	0	0	0	0	0	0	0	0	0	0	0	0	0	0	0	0	0	0	0	0	0	0	0	0	0	0	0	0	0	0	0	0	0	0	0	0	0	0	0	0	0	0	0	0	0	0	0	0	0	0	0	0	0	0	0	0	0	0	0	0	0	0	0	0	0	0	0	0	0	0	0	0	0	0	0	0	0	0	0	0	0	0	0	0	0	0	0	0	0	0	0	0	0	0	0	0	0	0	0	0	0	0	0	0	0	0	0	0	0	0	0	0	0	0	0	0	0	0	0	0	0	0	0	0	0	0	0	0	0	0	0	0	0	0	0	0	0	0	0	0	0	0	0	0	0	0	0	0	0	0	0	0	0	0	0	0	0	0	0	0	0	0	0	0	0	0	0	0	0	0	0	0	0	0	0	0	0	0	0	0	0	0	0	0	0	0	0	0	0	0	0	0	0	0	0	0	0	0	0	0	0	0	0	0	0	0	0	0	0	0	0	0	0	0	0	0	0	0	0	0	0	0	0	0	1	0	0	0	0	0	0	53	0	0	0	0	13	0	0	0	0	0	0	0	0	0	0	0	0	101	0	0	0	0	0	0	0	0	0	0	0	0	0	0	0	0	0	0	0	0	0	0	0	0	0	53	0	0	0	0	0	0	0	0	42	0	0	0	0	0	0	0	0	0	0	0	0	0	0	0	0	0	12	0	0	0	0	0	0	0	0	0	3	0	0	10	0	0	0	0	0	0	0	0	0	46	0	0	0	0	0	0	0	0	0	0	0	0	0	0	0	0	0	0	0	0	0	0	0	1	0	0	0	0	0	0	0	0	0	0	248	0	0	16	0	0	7	0	1	115	0	0	146	0	0	0	113	0	0	0	0	106	0	0	123	2	0	0	0	0	0	83	0	0	0	56	0	0	0	1	79	0	0	0	0	0	53	58	0	0	174	0	0	0	50	0	0	0	0	0	0	0	6	0	0	0	0	275	0	38	0	13	0	127	0	55	0	0	19	0	0	0	0	0	0	0	0	0	81	0	65	0	0	0	0	0	0	0	0	0	169	0	0	0	0	0	8	0	26	189	0	0	0	134	0	36	82	0	0	0	149	0	70	208	0	47	128	0	0	0	57	138	0	0	0	88	0	0	26	0	26	100	0	110	3	5	0	0	166	0	66	163	0	0	49	0	0	357	31	33	0	0	0	0	93	45	88	0	205	0	195	195	114	14	94	0	0	0	19	0	118	0	0	32	142	51	3	0	245	0	15	240	54	1	0	0	0	38	0	171	0	58	323	119	61	94	0	42	45	20	10	16	0	0	0	91	101	21	73	0	178	128	62	6	0	194	14	42	194	0	136	0	62	178	17	0	62	82	0	0	0	23	66	148	0	95	47	62	0	151	129	26	109	0	62	0	29	162	260	0	0	0	20	18	272	128	0	1	124	2	0	97	173	0	12	97	183	45	48	19	0	54	95	135	0	0	0	62	230	0	111	0	6	20	93	92	78	50	0	162	0	0	0	39	0	10	8	26	63	0	122	0	0	39	84	0	7	17	0	0	154	77	49	24	102	56	150	0	0	72	0	0	0	45	78	175	45	52	42	0	53	36	0	0	49	110	161	52	161	124	0	18	88	133	0	107	17	2	75	0	0	179	35	0	90	0	121	0	10	0	0	0	79	36	124	161	55	147	0	169	0	130	43	51	27	2	118	110	163	43	107	164	181	25	30	0	91	75	103	74	162	51	23	30	0	121	120	138	85	0	76	15	0	28	0	8	0	36	0	24	130	49	106	309	239	116	0	0	46	163	104	70	0	0	0	267	93	0	14	7	0	16	65	50	170	118	171	88	62	103	123	62	0	0	54	93	246	44	84	61	0	123	136	309	36	86	54	0	7	82	117	0	0	41	0	0	187	91	68	68	0	0	310	0	0	0	58	230	87	0	89	56	29	72	211	0	86	5	27	75	48	12	0	89	94	19	112	122	49	130	0	125	217	45	97	128	224	51	62	52	0	0	13	46	49	9	108	148	0	132	48	24	197	142	54	180	8	119	75	0	86	129	36	0	96	88	182	20	81	18	78	62	0	98	29	48	33	0	137	42	51	124	111	126	0	178	48	101	129	26	39	135	30	134	74	56	12	91	39	38	53	0	13	9	18	183	47	169	149	36	62	214	95	140	137	109	197	13	34	222	93	35	66	67	64	112	52	78	39	102	56	220	0	24	143	36	45	106	96	95	111	136	25	147	42	51	120	91	11	185	166	289	66	46	99	43	183	37	120	40	45	129	224	47	63	0	119	60	143	94	117	143	159	88	186	140	185	127	156	100	51	95	39	96	37	78	56	57	171	206	57	39	1	26	28	44	41	206	108	160	115	38	131	154	44	111
34	0	0	0	0	0	0	0	0	0	0	0	0	0	0	0	0	0	0	0	0	0	0	0	0	0	0	0	0	0	0	0	0	0	0	0	0	0	0	0	0	0	0	0	0	0	0	0	0	0	0	0	0	0	0	0	0	0	0	0	0	0	0	0	0	0	9	0	0	0	0	0	0	0	0	0	0	0	0	0	0	0	0	0	0	0	0	0	0	0	0	0	0	0	0	0	0	0	0	0	0	0	0	0	0	0	0	0	0	0	0	0	0	0	0	0	0	0	0	0	0	0	0	0	0	0	0	0	0	0	0	0	0	0	0	0	0	0	0	0	0	0	0	0	0	0	0	0	0	0	0	0	0	0	0	0	0	0	0	4	0	0	0	0	0	0	0	0	0	0	0	0	0	0	0	0	0	0	0	0	0	0	0	0	0	0	0	0	0	0	0	0	0	0	0	0	0	0	0	0	0	0	0	0	0	0	0	0	0	0	0	0	0	0	0	0	0	0	0	0	0	0	0	0	0	0	0	0	0	0	0	0	0	0	0	0	0	0	0	0	0	0	0	0	0	0	0	0	0	0	0	0	0	0	0	0	0	0	0	0	0	0	0	0	0	0	0	0	0	0	0	0	0	0	0	0	0	0	0	0	0	0	0	0	0	0	0	0	0	0	0	0	0	0	0	0	0	0	0	0	0	0	0	0	0	0	0	0	0	0	0	0	0	0	0	0	0	0	0	0	0	0	0	0	0	0	0	0	0	0	40	0	0	0	0	0	0	0	0	0	0	0	0	9	0	0	0	0	0	0	0	0	0	0	0	0	0	2	0	0	0	0	0	0	0	0	0	0	0	0	0	0	0	20	0	0	0	0	0	0	0	0	0	0	0	0	0	0	0	0	0	0	0	0	0	0	0	0	0	0	0	0	0	140	0	0	0	0	0	0	0	0	0	0	0	0	0	0	0	0	0	0	0	0	5	0	0	0	0	0	0	6	0	0	0	0	0	0	0	174	0	0	0	0	0	0	9	0	0	0	0	0	0	0	0	6	0	0	0	0	0	0	35	0	0	7	0	0	0	0	0	0	0	0	0	0	0	0	0	0	3	0	0	0	0	0	41	0	98	0	0	0	0	0	0	0	0	0	0	0	0	0	0	8	0	70	0	0	0	0	0	0	0	0	0	0	0	0	0	0	0	0	0	0	0	0	1	0	0	0	0	8	0	3	0	5	0	39	98	0	0	0	0	0	0	6	12	0	0	0	335	0	0	0	0	0	1	0	28	0	0	0	0	0	0	0	34	0	0	0	0	0	22	0	0	0	0	0	0	40	0	31	0	0	0	110	0	4	128	0	0	0	0	0	0	0	0	0	2	0	0	0	0	2	0	0	65	0	0	0	0	0	0	0	50	0	0	8	124	0	0	0	0	9	36	0	3	5	0	0	137	15	0	10	0	0	30	90	0	0	6	0	0	0	0	53	0	0	0	79	0	35	7	0	0	0	11	18	3	0	5	69	0	0	0	0	22	3	0	19	0	4	5	13	0	0	0	0	134	20	0	0	0	0	0	0	35	44	0	0	118	0	38	5	24	0	0	0	0	0	0	0	1	0	0	4	0	80	53	0	9	30	241	0	71	0	0	0	0	0	0	2	0	0	0	1	0	0	0	181	0	62	0	0	0	2	16	0	2	137	81	0	0	0	0	0	0	0	14	0	1	0	0	6	0	5	11	0	0	100	41	0	24	0	38	0	0	0	17	0	60	0	8	0	0	0	1	1	0	0	0	5	0	5	0	0	0	0	0	80	7	37	2	0	17	0	4	3	55	134	0	9	8	25	0	21	25	49	2	4	0	3	1	9	5	0	0	0	51	0	2	20	89	0	0	3	0	0	0	0	4	0	5	0	0	1	0	6	152	42	143	0	0	28	39	0	170	0	0	0	38	0	0	15	15	0	13	0	0	34	191	5	0	0	33	4	141	0	0	47	0	20	40	15	51	0	0	0	30	25	19	141	0	0	190	42	0	0	17	0	0	0	85	0	11	0	0	8	0	0	0	12	0	5	0	2	0	3	50	32	0	97	6	0	16	0	0	0	12	34	24	0	5	0	1	0	33	17	0	0	10	12	19	0	44	0	0	24	1	0	0	8	16	0	0	2	2	17	45	0	0	0	69	1	0	4	2	69	0	5	10	80	32	0	0	51	1	0	0	59	0	7	0	0	0	7	0	6	5	0	1	1	0	104	46	0	17	8	46	0	1	42	35	49	3	10	0	9	3	4	1	11	87	0	0	67	0	0	11	24	15	1	0	14	47	19	26	35	2	0	52	0	0	0	40	2	0	0	0	2	0	20	0	124	17	1	0	0	0	21	3	1	2	0	16	189	29	1	2	8	126	3	0	3	9	47	50	40	1	0	0	69	6	148	3	15	46	1	20	27	5	0	0	0	83	0	14	0	4	2	4	68	14	3	0	8	21	0	0	23	11	2	14	188	0	28	5	0	0	16	1
35	0	0	0	0	0	0	0	0	0	0	0	0	0	0	0	0	0	0	0	0	0	0	0	0	0	0	0	0	0	0	0	0	0	0	0	0	0	0	0	0	0	0	0	0	0	0	0	0	0	0	0	0	0	0	0	0	0	0	0	0	0	0	0	0	0	0	0	0	0	0	0	0	0	0	0	0	0	0	0	0	0	0	0	0	0	0	0	0	0	0	0	0	0	0	0	0	0	0	0	0	0	0	0	0	0	0	0	0	0	0	0	0	0	0	0	0	0	0	0	0	0	0	0	0	0	0	0	0	0	0	0	0	0	0	0	0	0	0	0	0	0	0	0	0	0	0	0	0	0	0	0	0	0	0	0	0	0	0	0	0	0	0	0	0	0	0	0	0	0	0	0	0	0	0	0	0	0	0	0	0	0	0	0	0	0	0	0	0	0	0	0	0	0	0	0	0	0	0	0	0	0	0	0	0	0	0	0	0	0	0	0	0	0	0	0	0	0	0	0	0	0	0	0	0	0	0	0	0	0	0	0	0	0	0	1	0	0	0	0	0	0	0	0	0	0	0	0	0	0	0	0	0	0	0	0	0	0	0	0	0	0	0	0	0	0	0	0	0	0	0	10	0	0	0	0	0	0	0	0	0	0	0	0	0	0	0	0	0	0	0	224	0	0	0	0	0	0	0	0	0	0	0	0	354	0	0	0	0	0	0	0	0	0	0	0	0	0	0	0	0	0	0	0	0	0	0	0	0	0	37	0	0	0	0	0	0	0	0	11	0	0	0	0	0	0	0	0	0	0	0	0	0	0	0	0	0	59	0	0	0	0	0	0	0	3	0	0	0	0	0	0	0	0	0	0	0	0	0	0	0	0	0	0	0	0	0	0	0	0	0	0	0	0	0	0	0	0	0	0	0	0	0	0	0	0	0	0	0	0	0	0	0	0	0	42	0	0	114	0	0	61	0	6	111	0	0	62	0	0	0	124	0	0	0	0	141	0	0	72	10	0	0	0	0	5	233	0	0	0	61	0	0	0	0	4	0	0	0	0	0	0	96	0	0	203	0	0	0	53	0	0	0	0	0	0	0	0	0	0	22	0	115	0	53	8	0	0	111	0	28	0	0	0	0	0	0	0	0	0	0	0	0	205	0	166	0	0	0	0	0	0	0	0	0	146	0	0	0	0	0	0	0	0	114	0	18	0	118	36	221	154	0	9	0	133	0	82	230	0	146	41	0	0	0	14	246	0	0	0	78	0	0	6	0	111	99	0	137	5	1	0	0	56	0	145	105	0	0	34	0	0	175	2	0	0	3	0	0	192	107	75	0	192	0	299	67	23	276	78	0	0	17	122	0	80	0	0	89	35	91	69	0	38	0	95	91	0	0	0	0	0	83	0	36	0	25	28	129	12	108	0	213	66	0	2	0	0	0	1	8	13	55	51	0	62	63	45	0	0	9	251	37	209	0	48	0	29	0	83	0	104	62	0	0	0	19	313	19	0	100	52	45	0	106	23	166	33	0	21	0	129	56	121	0	0	0	261	191	125	2	0	0	74	1	0	63	32	0	0	145	255	0	9	103	0	17	49	175	73	0	0	153	34	0	274	0	106	111	107	2	51	21	0	121	0	0	0	60	0	0	40	1	103	0	120	0	0	100	89	0	80	35	0	0	19	40	31	118	23	134	40	12	0	66	0	0	2	40	67	29	126	37	112	0	304	66	0	0	72	145	47	101	36	79	0	0	39	89	0	77	19	39	204	0	0	212	23	0	44	0	112	0	49	0	0	0	20	0	216	84	151	214	0	119	0	113	153	5	55	0	94	111	43	140	54	144	54	206	45	0	141	59	32	80	127	93	118	41	0	86	94	125	40	0	117	41	0	102	0	0	0	12	0	19	60	151	340	76	56	160	0	0	220	222	6	37	0	0	0	81	110	0	329	300	0	43	75	49	58	31	122	32	82	75	120	99	0	0	310	107	55	246	48	21	0	268	99	66	122	57	142	0	93	215	228	0	0	45	0	0	333	30	39	82	0	0	103	80	0	0	66	14	25	0	115	8	16	19	114	0	41	146	27	8	139	0	3	126	49	140	174	177	79	316	0	177	32	318	73	148	74	81	127	168	0	0	50	182	89	126	26	25	0	68	140	30	146	95	81	256	31	63	37	0	100	121	160	0	27	49	182	102	33	167	109	109	0	197	116	126	98	0	245	204	62	160	73	19	1	54	46	117	156	67	107	90	39	52	69	201	136	92	163	236	109	233	65	387	41	110	93	69	120	63	228	28	38	67	67	6	75	39	70	153	108	41	41	195	63	61	33	37	370	34	6	132	0	69	36	47	64	70	5	155	31	23	34	42	24	176	73	152	54	81	47	546	53	75	22	83	200	109	51	27	199	75	100	73	68	0	73	69	68	183	245	124	51	77	58	128	27	68	158	51	133	64	192	180	5	56	110	169	68	14	111	82	108	89	183	107	142	178	101	36	8	27	102	38	186	152
36	0	0	0	0	0	0	0	0	0	0	0	0	0	0	0	0	0	0	0	0	0	0	0	0	0	0	0	0	0	0	0	0	0	0	0	0	0	0	0	0	0	0	0	0	0	0	0	0	0	0	0	0	0	0	0	0	0	0	0	0	0	0	0	0	0	0	0	0	0	0	0	0	0	0	0	0	0	0	0	0	0	0	0	0	0	0	0	0	0	0	0	0	0	0	0	0	0	0	0	0	0	0	0	0	0	0	0	0	0	0	0	0	0	0	0	0	0	0	0	0	0	0	0	0	0	0	0	6	0	0	0	0	0	0	0	0	0	0	0	0	0	0	0	0	0	0	0	0	0	0	0	0	0	0	0	0	0	0	0	0	0	0	0	0	0	0	0	0	0	0	0	0	0	0	0	0	0	0	0	0	0	0	0	0	0	0	0	0	0	0	0	0	0	0	0	0	0	0	0	0	0	0	0	0	0	0	0	0	0	0	0	0	0	0	0	0	0	0	0	0	0	0	0	0	0	0	0	0	0	0	0	0	0	0	20	0	0	0	0	0	0	0	0	0	0	0	0	0	0	0	0	0	0	0	0	0	0	0	0	0	0	0	0	0	0	0	0	0	0	0	0	0	0	0	0	0	0	0	0	0	0	0	0	0	0	0	0	0	0	0	1	0	0	0	0	0	66	0	0	0	4	0	0	154	0	0	0	0	0	0	0	0	0	0	0	0	0	0	0	0	0	0	1	0	0	0	0	0	0	9	0	0	0	0	0	0	0	0	49	0	0	0	0	0	0	0	0	0	0	0	0	0	0	0	0	0	2	0	0	0	0	0	0	0	24	0	0	0	0	0	0	0	0	0	0	0	0	0	0	0	172	0	0	0	38	0	0	0	0	0	0	0	0	0	0	0	0	0	0	0	0	0	0	0	0	0	0	0	0	0	0	0	0	0	0	0	0	0	0	0	123	0	0	125	0	0	4	0	0	0	42	0	0	0	0	3	0	0	47	1	0	0	0	0	0	0	0	0	6	0	0	0	0	0	41	0	0	0	0	0	8	93	0	0	38	0	0	0	0	0	0	0	0	0	0	0	0	0	0	0	0	206	0	0	0	7	0	77	0	13	0	0	13	0	0	0	0	0	0	0	0	0	88	0	204	0	0	0	0	0	0	0	0	0	4	0	0	0	0	0	0	0	3	25	0	7	0	18	0	120	108	0	0	0	58	0	15	73	0	29	5	0	0	0	111	77	0	0	0	99	0	0	378	52	43	39	0	44	125	0	0	0	103	0	163	66	0	0	116	0	0	104	0	0	0	0	0	0	45	174	5	0	4	0	53	52	87	50	21	0	0	0	19	0	57	0	0	389	68	146	8	31	54	0	0	68	0	0	0	0	0	8	0	142	0	87	2	63	0	64	0	54	162	0	0	0	0	0	20	42	4	7	103	0	72	40	45	0	0	30	61	65	14	0	33	0	0	1	60	0	66	29	0	0	0	97	65	11	0	125	235	29	0	46	200	5	29	0	115	0	166	5	25	0	0	0	27	56	63	5	0	0	0	0	52	16	91	0	0	29	65	0	51	67	0	0	190	43	74	0	0	180	43	0	21	0	20	20	26	73	15	117	0	10	0	0	0	105	0	0	125	0	31	0	43	0	0	334	139	0	50	42	0	0	44	136	165	38	106	124	7	0	0	193	0	0	14	89	0	183	29	49	38	0	5	139	0	0	141	7	75	138	84	43	1	0	64	54	0	104	77	16	90	0	0	79	55	0	50	0	24	0	79	0	0	0	103	2	156	1	20	72	0	81	0	43	100	8	166	0	273	46	29	67	64	53	206	199	4	0	0	330	135	80	158	61	208	48	0	117	21	44	49	0	269	21	0	146	0	0	0	5	0	63	41	17	41	171	125	108	0	0	36	145	9	89	0	0	0	135	48	0	123	94	0	45	35	0	55	40	366	115	95	112	88	39	0	0	93	47	199	173	29	76	0	23	95	144	258	210	252	0	65	187	90	0	0	144	0	0	86	127	128	161	0	0	332	0	0	0	107	27	12	0	17	4	48	167	34	0	125	65	160	107	50	0	0	90	136	67	268	58	58	92	0	22	295	162	35	77	90	106	43	51	0	0	161	216	75	79	74	2	0	174	179	95	88	66	125	25	0	203	56	0	68	144	79	0	38	10	15	278	36	1	127	95	0	66	97	36	52	0	88	90	65	22	138	103	0	52	10	101	76	62	102	30	136	18	130	23	24	34	136	9	118	33	57	53	81	319	78	45	45	9	59	25	109	70	73	212	13	45	4	45	14	73	107	37	4	179	58	52	91	63	109	20	0	39	31	38	19	75	197	91	97	13	51	20	200	214	46	12	53	221	142	133	98	196	89	69	32	54	53	34	213	62	118	28	35	0	129	65	152	42	191	27	92	40	319	26	42	44	5	42	84	259	3	64	190	176	96	349	107	115	34	56	30	131	104	31	347	218	62	18	47	129	44	103	32	125
37	0	0	0	0	0	0	0	0	0	0	0	0	0	0	0	0	0	0	0	0	0	0	0	0	0	0	0	0	0	0	0	0	0	0	0	0	0	0	0	0	0	0	0	0	0	0	0	0	0	0	0	0	0	0	0	0	0	0	0	0	0	0	0	0	0	0	0	0	0	0	0	0	0	0	0	0	0	0	0	0	0	0	0	0	0	0	0	0	0	0	0	0	0	0	0	0	0	0	0	0	0	0	0	0	0	0	0	0	0	0	0	0	0	0	0	0	0	0	0	0	0	0	0	0	0	0	0	0	0	0	0	0	0	0	0	0	0	0	0	0	0	0	0	0	0	0	0	0	0	0	0	0	0	0	0	0	0	0	0	0	0	0	0	0	0	0	0	0	0	0	0	0	0	0	0	0	0	0	0	0	15	0	0	0	0	0	0	0	0	0	0	0	0	0	0	0	0	0	0	0	0	0	0	0	0	0	0	0	0	0	0	0	0	0	0	0	0	0	0	0	0	0	0	0	0	0	0	0	0	0	0	0	0	0	48	0	0	0	0	0	0	0	0	0	0	0	0	0	0	0	0	0	0	0	0	0	0	0	0	0	0	0	0	0	0	0	0	0	0	0	0	0	0	0	0	0	0	0	0	0	0	0	0	0	0	0	0	0	0	0	14	0	0	0	0	0	0	0	0	0	0	0	0	87	0	0	0	0	0	0	0	0	0	0	0	0	0	0	0	0	0	0	69	0	0	0	0	0	0	30	0	0	0	0	0	0	0	0	79	0	0	0	16	0	0	0	0	0	0	0	0	0	0	0	22	0	0	0	0	0	0	0	0	0	4	0	0	0	0	0	0	0	0	0	0	0	0	0	0	48	0	0	0	0	0	0	0	0	0	0	0	0	0	0	0	0	0	0	0	0	0	0	0	24	27	0	0	0	0	0	0	0	0	0	123	0	0	182	0	0	40	0	5	52	0	0	164	0	0	7	124	0	0	0	0	95	0	0	198	16	0	0	0	0	0	18	0	0	0	234	0	0	0	0	49	1	0	0	0	0	0	101	0	0	65	0	0	0	168	0	0	0	0	0	0	0	0	44	0	43	0	282	0	0	0	0	0	15	0	13	0	0	21	0	0	0	0	0	0	0	0	0	65	0	128	0	34	2	1	0	0	0	0	0	82	0	0	0	0	0	38	0	47	45	0	0	0	108	0	84	80	0	0	0	111	0	132	36	0	63	51	0	0	0	48	263	0	0	0	95	0	0	15	0	87	39	0	134	48	0	0	0	130	0	37	54	0	0	281	0	0	122	0	0	0	0	0	0	51	82	22	0	21	0	109	33	37	56	76	0	0	0	21	0	217	0	0	227	13	9	2	0	124	0	1	21	0	0	0	0	0	44	0	41	0	29	50	37	31	49	0	65	207	0	52	0	0	0	31	56	58	150	48	0	80	174	104	0	0	49	35	99	87	0	49	0	0	15	143	0	173	115	0	0	0	102	42	237	0	17	98	21	0	73	4	91	55	0	48	0	82	46	42	0	0	0	75	46	44	58	0	18	33	0	113	103	136	0	16	111	270	0	155	17	0	118	127	17	98	0	0	41	110	0	125	0	103	117	43	23	13	68	0	58	0	0	0	18	0	17	12	122	42	0	92	0	0	64	298	0	72	21	0	44	253	58	117	160	21	53	23	0	0	10	0	0	6	120	82	102	187	64	56	0	80	135	0	0	181	73	48	74	94	32	0	0	96	67	0	87	44	64	259	0	0	109	8	0	79	0	167	0	6	0	0	0	20	0	56	128	29	58	0	82	0	281	36	76	130	0	79	172	51	165	12	40	140	73	43	0	179	97	82	41	108	78	251	167	0	59	81	62	136	0	74	113	0	138	0	0	0	156	0	54	154	4	93	39	85	25	0	0	133	132	15	154	0	0	0	130	35	0	28	210	0	115	141	145	229	257	155	76	57	35	38	62	0	0	173	155	351	185	156	53	0	82	88	37	100	152	104	0	26	30	154	0	0	130	0	0	85	85	110	82	0	0	17	0	0	0	2	49	20	0	31	91	57	55	37	0	32	100	28	190	91	0	0	24	293	163	25	83	68	99	0	130	107	42	73	62	91	141	61	65	0	0	83	70	200	145	5	164	0	40	52	115	30	103	48	23	63	101	177	0	80	59	67	0	118	29	54	134	40	37	55	45	0	220	23	86	39	0	50	28	55	86	256	225	0	77	114	65	163	83	132	17	339	70	24	73	174	102	48	43	97	127	201	107	40	122	194	45	89	116	138	154	79	76	127	81	37	308	87	24	43	206	55	132	115	144	11	109	53	148	143	73	0	66	28	51	104	13	89	97	79	113	23	39	109	153	26	175	233	81	81	31	73	104	135	185	170	570	414	38	222	184	29	154	18	0	31	51	291	152	97	64	130	288	135	172	226	221	368	112	172	117	45	80	174	43	22	75	35	197	159	50	266	158	8	22	78	46	317	75	50	103	158	63	117	120
38	0	0	0	0	0	0	0	0	0	0	0	0	0	0	0	0	0	0	0	0	0	0	0	0	0	0	0	0	0	0	0	0	0	0	0	0	0	0	0	0	0	0	0	0	0	0	0	0	0	0	0	0	0	0	0	0	0	0	0	0	0	0	0	0	0	0	0	0	0	0	0	0	0	0	0	0	0	0	0	0	0	0	0	0	0	0	0	0	0	0	0	0	0	0	0	0	0	0	0	0	0	0	0	0	0	0	0	0	0	0	0	0	0	0	0	0	0	0	0	0	0	0	0	0	0	0	0	0	0	0	0	0	0	0	0	0	0	0	0	0	0	0	201	0	0	0	0	0	0	0	0	0	0	0	0	0	0	0	0	0	0	0	0	0	0	0	0	0	0	0	0	0	0	0	0	0	0	0	0	0	0	0	0	0	0	0	0	0	0	0	0	0	0	0	0	0	0	0	0	0	0	0	0	0	0	0	49	0	0	0	0	0	0	0	0	0	0	0	0	0	0	0	0	0	0	0	0	0	0	0	0	0	0	0	0	0	0	0	0	0	0	0	0	0	0	0	0	0	0	0	0	0	0	0	0	0	0	0	0	0	0	0	0	0	0	0	0	0	0	0	0	0	0	0	0	0	0	0	0	0	0	0	0	0	0	0	0	0	0	0	145	0	0	0	0	0	0	0	0	0	0	0	0	223	0	0	0	0	0	0	0	0	0	0	0	0	5	0	0	0	0	0	0	0	0	0	0	0	0	29	0	0	0	0	0	0	0	0	22	0	0	0	0	0	0	0	0	0	0	0	0	0	0	0	0	0	36	0	0	0	0	0	0	0	0	0	0	0	0	0	0	0	0	0	0	0	0	0	0	0	0	0	0	0	0	0	0	0	5	0	0	0	0	0	0	0	0	0	0	0	0	0	0	0	0	0	0	0	27	0	0	0	0	0	125	0	0	0	0	0	61	0	0	64	0	2	105	0	0	3	108	0	0	0	0	71	0	0	102	18	0	0	0	0	0	315	0	0	0	1	0	0	0	0	12	0	0	0	0	0	0	87	0	8	122	0	0	0	12	73	0	0	0	0	0	0	0	0	0	46	0	119	0	2	0	0	0	41	0	34	0	0	1	0	0	0	0	0	0	0	0	0	18	0	77	0	0	4	0	0	0	0	0	0	354	1	0	0	0	0	0	0	0	139	0	3	0	0	0	120	42	0	49	0	72	0	168	298	0	147	59	0	0	0	100	115	0	0	0	33	0	0	7	0	129	67	0	173	0	1	0	0	243	0	116	47	0	0	115	0	0	30	9	1	0	0	0	0	300	76	105	0	105	0	323	218	25	35	27	0	0	0	108	0	64	0	0	18	72	83	140	9	72	0	43	30	0	0	0	0	0	4	0	190	0	12	77	78	3	74	0	142	224	0	0	2	0	0	11	80	57	1	50	0	158	72	158	0	0	12	10	0	89	0	97	0	24	0	44	0	48	107	0	0	0	115	24	46	0	16	237	53	0	78	67	173	32	0	206	0	163	26	123	0	0	0	34	58	57	0	0	0	50	0	46	99	154	0	4	302	48	0	37	129	0	41	77	203	84	0	0	240	82	0	101	0	189	154	134	338	85	314	0	42	0	0	0	83	0	0	315	207	135	0	39	0	0	145	24	0	71	110	0	0	174	24	142	14	130	36	107	0	1	113	0	0	0	58	127	102	146	126	90	0	110	107	0	0	117	104	88	52	84	173	0	0	81	215	0	116	182	33	75	0	0	77	82	0	19	0	77	0	160	0	0	0	104	33	254	49	50	68	0	57	0	217	46	75	23	0	109	45	66	39	133	100	25	175	80	0	54	24	70	137	35	91	72	43	0	42	176	67	130	0	50	80	0	37	0	0	0	29	0	48	170	9	198	68	93	23	0	0	48	97	166	39	0	0	0	87	61	0	98	258	0	68	73	71	131	38	44	99	99	66	151	252	0	0	229	250	69	52	146	183	0	21	75	301	131	87	90	0	50	23	29	0	0	99	0	0	168	159	74	57	0	0	135	0	0	8	117	206	121	0	111	169	120	70	148	0	41	45	63	86	77	4	0	29	99	173	52	72	112	201	0	77	126	81	27	182	6	57	50	53	0	0	20	59	38	72	169	51	0	76	54	22	30	41	47	98	1	56	195	0	165	12	147	0	57	71	105	149	84	59	54	93	0	154	90	16	107	0	76	65	18	61	78	106	0	83	154	40	178	58	126	119	46	105	70	87	121	81	110	134	83	166	22	23	34	151	138	85	39	106	98	17	282	30	178	113	80	175	90	32	76	19	83	138	13	100	83	52	27	64	274	79	0	88	92	79	84	234	19	164	140	71	90	46	123	29	149	114	14	152	46	138	80	179	50	101	72	74	217	53	63	139	59	167	12	0	4	29	28	138	139	17	125	53	159	15	82	91	73	53	137	183	59	41	92	98	56	84	61	46	88	65	76	108	35	90	223	26	87	123	73	38	271	137	122	278
39	0	0	0	0	0	0	0	0	0	0	0	0	0	0	0	0	0	0	0	0	0	0	0	0	0	0	0	0	0	0	0	0	0	0	0	0	0	0	0	0	0	0	0	0	0	0	0	0	0	0	0	0	0	0	0	0	0	0	0	0	0	0	0	0	0	0	0	0	0	0	0	0	0	0	0	0	0	0	0	0	0	0	0	0	0	0	0	0	0	0	0	0	0	0	0	0	0	0	0	0	0	0	0	0	0	0	0	0	0	0	0	0	0	0	0	0	0	0	0	0	0	0	0	0	0	0	0	0	0	0	0	0	0	0	0	0	0	0	0	0	0	0	0	0	0	0	0	0	0	0	0	0	0	0	0	0	0	0	0	0	0	0	0	0	0	0	0	0	0	0	0	0	0	0	0	0	0	0	10	0	0	0	0	0	0	0	0	0	0	0	0	0	0	0	0	0	0	0	0	0	0	0	0	0	0	0	0	0	0	0	0	0	0	0	0	0	0	0	0	0	0	0	0	0	0	0	0	0	0	0	0	0	0	0	0	0	0	0	0	0	0	0	0	0	0	0	0	0	0	0	0	0	0	0	0	0	0	0	0	0	0	0	0	0	0	0	0	0	0	0	0	0	0	0	0	0	0	0	0	0	0	0	0	0	0	0	0	0	0	0	2	0	0	0	0	0	0	0	0	0	0	0	0	26	0	0	0	0	0	0	0	0	0	0	0	0	0	0	0	0	0	0	0	0	0	0	0	0	0	0	0	0	0	0	0	0	0	0	0	0	0	0	0	0	0	0	0	0	0	0	0	0	0	0	0	0	0	0	0	0	0	0	0	0	0	0	0	0	0	0	0	0	0	0	0	0	0	0	0	0	0	0	0	0	2	0	0	0	0	0	0	1	0	0	0	0	0	0	0	0	0	0	0	0	0	0	0	0	0	0	0	0	0	0	0	0	0	0	0	0	0	0	0	0	0	0	0	0	0	0	5	0	2	0	0	0	0	0	4	0	0	0	0	0	0	0	0	0	0	0	0	0	0	0	0	0	0	0	0	0	0	149	0	0	2	0	0	0	25	0	0	0	0	0	0	0	0	0	0	0	0	0	0	0	0	0	0	0	0	0	0	0	0	0	0	0	0	0	0	0	0	0	0	0	3	0	0	0	0	0	0	1	0	0	0	0	0	0	0	0	0	0	0	0	0	0	0	0	0	0	0	0	0	0	0	0	0	20	0	14	0	0	0	0	0	64	19	0	0	4	0	0	0	0	0	0	0	0	0	0	0	0	0	0	0	1	0	0	0	0	0	0	0	0	0	0	0	0	2	0	0	0	0	0	29	0	0	0	2	0	0	2	0	0	0	0	0	5	21	0	0	0	4	0	0	0	0	0	0	0	0	0	0	0	0	0	0	0	0	0	0	0	0	0	0	0	0	0	0	26	0	0	1	0	3	0	0	0	0	4	0	0	0	0	0	0	0	0	12	0	2	0	0	2	0	33	12	0	0	0	2	0	0	27	0	71	0	0	0	0	0	92	0	0	0	0	0	0	0	0	0	0	0	0	0	0	0	0	0	0	0	0	0	28	0	0	0	0	0	0	0	0	0	0	0	0	0	8	0	0	1	157	0	0	0	0	0	0	0	0	0	0	0	0	4	0	0	0	0	0	10	2	0	0	0	0	0	0	34	27	0	0	0	3	0	0	0	0	0	0	0	0	0	0	0	3	0	2	0	0	0	0	0	3	0	0	0	0	0	0	0	0	81	2	0	6	0	0	0	0	1	0	49	0	0	0	0	0	83	0	0	0	0	1	0	0	0	0	32	0	11	26	0	0	21	0	31	0	0	0	0	0	0	3	2	18	0	0	0	0	0	0	0	0	75	0	0	0	0	0	0	10	0	0	0	0	5	0	5	64	0	0	0	0	0	0	0	0	0	3	0	0	0	0	33	0	0	0	0	4	0	0	0	16	1	4	0	0	12	0	0	0	0	0	0	0	0	2	0	16	1	0	7	0	28	0	0	1	0	0	0	0	0	2	0	0	0	0	0	0	9	0	0	0	0	0	0	1	0	0	1	0	0	0	0	0	0	0	13	4	0	0	0	14	0	0	0	0	0	1	7	0	15	13	0	0	3	0	0	0	0	0	0	1	0	0	0	3	27	1	0	11	14	0	0	0	0	0	4	0	40	10	0	3	20	0	0	3	1	1	0	0	0	6	1	0	0	0	0	0	0	0	10	3	11	0	0	0	0	0	111	0	0	0	0	0	3	0	2	0	0	0	0	36	0	0	6	0	0	0	0	0	0	0	0	12	1	0	0	0	0	8	0	4	0	0	0	0	101	0	0	0	0	24	0	0	0	1	0	0	0	0	2	0	0	0	0	0	34	0	2	20	0	0	0	19	1	0	0	0	0	0	91	0	16	0	0	17	0	0	0	11	1	0	0	0	0	0	7	0	63	1	2	0	0	0	0	0	111	0	1	0	0	0	0	7	0	0	0	1
40	0	0	0	0	0	0	0	0	0	0	0	0	0	0	0	0	0	0	0	0	0	0	0	0	0	0	0	0	0	0	0	0	0	0	0	0	0	0	0	0	0	0	0	0	0	0	0	0	0	0	0	0	0	0	0	0	0	0	0	0	0	0	0	0	0	0	0	0	0	0	0	0	0	0	0	0	0	0	0	0	0	0	0	0	0	0	0	0	0	0	0	0	0	0	0	0	0	0	0	0	0	0	0	0	0	0	0	0	0	0	0	0	0	0	0	0	0	0	0	0	0	0	0	0	0	0	0	0	0	0	0	0	0	0	0	0	0	0	0	0	0	0	0	0	0	0	0	0	0	0	0	0	0	0	0	0	0	0	0	0	0	0	0	0	0	0	0	0	0	8	0	0	0	0	0	0	0	0	0	0	0	0	0	0	0	0	0	0	0	0	0	0	0	0	0	0	0	0	0	0	0	0	0	0	0	0	0	0	0	0	0	0	0	0	0	0	0	0	0	0	0	0	0	0	0	0	0	0	0	0	0	0	0	0	0	0	0	0	0	0	0	0	0	0	0	0	0	0	0	0	0	0	0	0	0	0	0	0	0	0	0	0	0	0	0	7	0	0	0	0	0	0	0	0	0	0	0	0	0	0	0	0	0	0	0	0	0	0	0	0	56	0	0	0	0	0	0	0	0	0	0	0	0	24	0	0	0	0	0	0	0	0	0	0	0	0	0	0	0	0	0	0	0	0	0	0	0	0	0	82	0	0	0	0	0	0	0	0	92	0	0	0	0	0	0	0	0	0	0	0	0	0	0	0	0	0	7	0	0	0	0	0	0	0	0	0	0	2	0	2	0	0	0	0	0	0	0	0	0	16	0	0	0	0	0	0	0	0	0	0	0	0	0	0	0	0	0	0	0	0	0	0	0	0	0	0	0	0	0	0	0	0	0	0	14	0	0	6	0	0	10	0	6	96	0	0	11	0	0	12	43	0	0	0	6	163	0	0	94	6	0	0	0	0	0	215	0	0	0	0	0	0	0	0	151	0	0	0	0	0	0	60	0	0	76	0	0	0	120	85	0	0	0	0	0	0	27	0	0	123	0	44	0	121	0	0	0	13	0	196	0	0	17	0	0	0	0	0	0	0	0	0	63	3	68	0	20	0	0	0	0	0	0	0	33	0	0	0	0	0	0	0	0	12	0	0	0	18	0	90	28	0	0	0	37	0	7	302	0	36	269	0	0	0	17	160	0	0	0	110	0	0	12	1	8	21	0	3	75	0	0	0	150	0	249	100	0	0	214	0	0	183	0	36	0	37	0	0	35	87	17	0	153	0	148	63	75	23	107	0	0	0	106	89	72	0	0	33	87	5	0	0	264	0	0	130	0	0	0	0	0	161	0	28	0	94	12	160	0	33	0	35	110	0	0	0	0	0	26	11	17	24	65	0	91	102	116	0	0	110	103	127	46	0	67	0	0	6	146	0	120	12	0	0	0	34	283	145	0	73	17	18	0	91	258	77	50	0	184	0	148	220	100	0	0	0	137	4	177	0	0	0	90	0	48	189	55	0	10	139	191	0	19	330	0	64	55	5	52	0	0	162	244	0	146	0	135	33	27	77	32	27	0	80	0	0	0	122	0	0	90	2	21	0	77	6	0	652	25	0	186	126	0	0	51	80	216	163	65	142	59	0	0	274	0	0	19	75	61	24	208	76	90	0	110	16	0	0	119	51	116	65	58	63	0	6	104	307	0	80	93	23	115	0	0	335	145	0	87	0	149	0	159	11	0	0	153	0	57	74	140	82	0	122	0	103	104	61	214	0	112	160	24	75	152	38	31	30	15	0	24	156	128	20	154	133	40	16	0	184	10	40	78	0	88	44	0	94	0	0	0	133	0	34	57	242	35	36	171	63	0	0	118	77	2	146	0	0	0	68	77	0	91	149	0	166	70	81	94	85	117	117	118	55	321	251	2	0	11	58	56	89	66	44	0	216	186	63	72	73	103	0	116	144	36	0	0	108	0	0	23	136	133	61	0	0	37	0	0	0	130	103	54	0	169	41	11	70	97	0	114	101	163	202	108	0	0	37	93	41	40	18	70	51	0	136	1	33	307	40	45	187	94	150	0	2	25	94	154	75	79	202	0	87	26	198	98	83	89	95	0	150	42	0	125	93	114	0	101	90	23	84	53	285	150	368	0	42	66	111	11	0	166	3	8	440	71	18	0	8	125	70	96	83	80	32	45	32	92	10	123	46	131	87	21	108	77	259	28	45	124	43	123	79	128	127	43	170	78	151	44	62	249	99	3	57	127	83	27	91	102	86	1	71	110	167	0	126	191	43	39	30	54	44	219	173	103	31	40	104	140	143	23	79	353	172	34	203	84	13	45	32	97	11	67	206	157	68	49	0	51	53	98	26	28	97	98	76	102	43	14	15	90	66	53	75	56	248	44	108	37	122	39	74	224	42	95	156	136	74	126	113	121	87	65	113	88	96	84	90
41	0	0	0	0	0	0	0	0	0	0	0	0	0	0	0	0	0	0	0	0	0	0	0	0	0	0	0	0	0	0	0	0	0	0	0	0	27	0	0	0	0	0	0	0	0	0	0	0	0	0	0	0	0	0	0	0	0	0	0	0	0	0	0	0	0	0	0	0	0	0	0	0	0	0	0	0	0	0	0	0	0	0	0	0	0	0	0	0	0	0	0	0	0	0	0	0	0	0	0	0	0	0	0	0	0	0	0	0	0	0	0	0	0	0	0	0	0	0	0	0	0	0	0	0	0	0	0	0	0	0	0	0	0	0	0	0	0	0	0	0	0	0	0	0	0	0	0	0	0	0	0	0	0	0	0	0	0	0	0	0	0	0	0	0	0	0	0	0	0	0	0	0	0	0	0	0	0	0	0	0	0	0	0	0	0	0	0	0	0	0	0	0	0	0	0	0	0	0	0	0	0	0	0	0	0	0	0	0	0	0	0	0	0	0	12	0	0	0	0	0	0	0	0	0	0	0	16	0	0	0	0	0	0	0	0	0	0	0	0	0	0	0	0	0	0	0	0	0	0	0	0	0	0	0	0	0	0	0	0	0	0	0	0	0	0	0	0	0	0	0	0	0	0	0	0	0	0	0	5	0	0	0	0	0	0	0	0	0	0	0	46	0	0	0	0	0	0	0	0	0	0	0	0	38	10	0	0	0	0	0	0	0	0	0	0	0	0	0	0	0	0	0	3	0	0	0	0	0	0	8	0	0	0	0	0	0	0	0	35	0	0	0	0	0	0	0	0	0	0	0	0	0	0	0	0	0	151	0	0	0	0	0	0	0	0	0	0	0	0	0	0	0	0	0	0	0	0	0	0	0	0	0	0	0	0	0	0	0	0	0	0	0	0	0	0	0	0	0	0	0	0	0	17	1	0	0	0	0	3	0	0	0	0	0	2	0	0	58	0	0	101	0	0	53	0	0	51	0	0	27	45	0	0	6	0	81	0	0	110	15	0	0	0	0	0	24	0	0	0	1	0	0	0	0	82	0	0	0	0	0	0	28	0	0	108	0	0	0	163	11	0	0	0	0	0	0	0	0	0	171	0	201	0	0	0	0	7	35	0	200	0	0	19	0	0	0	0	0	0	0	0	0	59	0	65	0	11	0	60	0	0	0	0	0	50	1	0	0	0	0	0	0	21	17	0	0	0	30	0	48	40	0	0	0	186	0	28	160	0	26	53	0	0	0	91	104	0	0	0	93	0	0	27	5	60	43	0	64	39	0	0	0	208	0	242	86	0	0	50	0	0	91	0	1	0	26	0	0	47	86	36	0	173	0	57	193	146	45	123	0	0	0	108	0	74	0	0	309	8	36	0	0	149	0	1	10	0	1	0	0	0	89	0	281	0	98	36	32	8	112	0	69	71	68	3	0	0	0	6	56	52	112	119	0	275	83	208	0	0	143	113	66	4	0	28	0	0	3	84	0	182	145	0	0	0	136	90	91	2	187	23	128	0	0	3	47	187	0	37	0	47	161	90	0	18	0	13	19	19	0	0	0	1	0	24	58	96	0	1	71	119	0	297	98	0	75	53	13	121	0	0	45	107	0	72	0	141	106	51	195	11	48	0	159	0	0	0	0	0	7	24	12	21	0	125	118	0	77	38	0	50	93	0	0	114	300	267	137	88	82	40	0	0	20	0	0	0	65	48	49	269	289	100	0	94	39	0	0	123	97	292	30	41	312	0	11	11	54	0	74	22	2	166	0	0	36	38	0	133	23	88	0	139	4	0	0	50	16	87	11	50	180	0	12	0	217	15	183	38	0	48	97	60	195	122	101	139	112	136	0	41	208	27	51	24	81	10	21	0	123	178	44	53	0	111	124	0	36	0	0	0	130	0	85	120	48	74	57	64	120	0	0	112	205	23	42	0	0	0	203	40	0	196	50	0	77	93	0	68	34	27	101	19	120	56	177	0	0	229	31	249	116	55	52	0	100	164	134	32	69	223	0	31	46	148	0	0	15	0	3	31	61	78	40	0	0	151	0	0	0	54	4	84	0	101	230	25	31	10	0	2	75	98	31	76	12	0	139	108	7	229	189	12	32	0	179	65	23	56	21	147	34	47	43	0	23	52	41	158	34	49	138	0	17	9	66	50	115	93	63	3	152	63	0	96	66	62	0	186	122	51	60	57	109	204	109	0	20	128	31	69	0	178	58	25	98	80	49	0	100	71	25	32	124	61	39	251	178	262	65	88	136	41	92	47	28	10	177	75	6	30	216	111	7	52	80	269	47	123	189	91	59	35	59	104	374	80	25	30	76	105	69	69	137	88	17	0	307	126	111	101	126	27	112	136	19	22	138	175	36	207	91	25	41	102	200	23	41	18	36	43	128	96	61	80	64	55	59	182	0	42	114	83	150	78	95	76	155	108	77	94	104	222	41	212	50	25	104	7	39	12	236	135	111	93	60	54	201	207	147	119	37	152	19	26	93	327	50	157	19
42	0	0	0	0	0	0	0	0	0	0	0	0	0	0	0	0	0	0	0	0	0	0	0	0	0	0	0	0	0	0	0	0	0	0	0	0	0	0	0	0	0	0	0	0	0	0	0	0	0	0	0	0	0	0	0	0	0	0	0	0	0	0	0	0	0	0	0	0	0	0	0	0	0	0	0	0	0	0	0	0	0	0	0	0	0	0	0	0	0	0	0	0	0	0	0	0	0	0	0	0	0	0	0	0	0	0	0	0	0	0	0	0	0	0	0	0	0	0	0	0	0	0	0	0	0	0	0	0	0	0	0	0	0	0	0	0	0	0	0	0	0	0	0	0	0	0	0	0	0	0	0	0	0	0	0	0	0	0	0	0	0	0	0	0	0	0	0	0	0	0	0	0	0	0	0	0	0	0	0	0	0	0	0	0	0	0	0	0	0	0	0	0	0	0	0	0	0	0	0	0	0	0	0	0	0	0	0	0	0	0	0	0	0	0	0	0	0	0	0	0	0	0	0	0	0	0	0	0	0	0	0	0	0	0	0	0	0	0	0	0	0	0	0	0	0	0	0	0	0	0	0	0	0	0	0	0	0	0	0	0	0	3	0	0	0	0	0	0	0	0	0	0	0	0	0	0	0	0	0	0	0	0	0	0	0	0	0	0	0	0	124	0	0	0	0	0	0	0	0	0	0	0	0	143	0	0	0	0	0	0	0	0	0	0	0	0	0	0	0	0	0	0	0	0	0	0	0	0	0	0	0	0	0	0	5	0	0	0	24	0	0	0	0	0	0	0	0	0	0	0	0	0	0	0	0	0	15	0	0	0	0	0	0	0	0	0	0	0	0	0	0	0	0	0	0	0	0	0	0	0	0	0	0	0	0	0	0	0	5	0	0	0	0	0	0	0	0	0	0	0	1	0	0	0	0	0	0	0	0	0	0	0	0	0	62	0	0	253	0	0	7	0	0	116	0	0	153	0	6	0	198	0	0	0	0	74	0	0	79	1	0	0	0	0	0	38	0	0	0	42	0	0	0	0	82	0	0	0	0	0	0	36	0	1	97	0	0	1	24	0	0	0	0	0	0	0	0	2	0	0	0	50	0	0	0	0	0	156	0	188	0	0	0	0	0	0	0	0	0	0	0	0	167	0	34	0	9	0	0	0	0	34	0	0	93	0	0	0	0	15	0	0	134	119	0	0	0	95	5	25	29	0	0	7	11	0	82	104	0	11	97	0	0	0	56	123	0	0	0	55	0	0	253	0	123	11	0	52	0	0	0	0	26	0	245	110	0	0	39	0	0	3	0	0	0	0	0	0	16	21	51	0	85	0	67	203	138	134	145	0	0	0	46	0	26	0	0	2	70	312	180	25	548	0	40	74	6	0	0	0	0	112	0	112	0	10	54	69	1	77	15	96	48	96	3	0	0	3	42	121	23	7	94	0	130	189	145	0	0	200	199	122	119	0	29	0	12	5	26	0	17	92	0	0	0	15	209	29	0	182	93	209	0	44	98	28	43	0	96	0	78	95	50	0	0	0	147	39	210	0	0	0	55	13	114	69	205	0	17	44	103	150	102	56	0	10	178	46	54	7	0	45	94	0	100	0	57	102	78	9	52	206	0	18	0	0	0	52	0	0	57	2	132	0	26	9	0	61	53	0	107	39	0	0	216	54	180	26	14	93	166	3	0	74	0	0	30	42	21	144	86	152	45	0	71	183	0	0	10	83	98	226	20	41	0	0	76	88	0	95	43	2	169	0	0	66	48	0	40	0	40	0	59	0	0	0	63	0	202	74	58	118	0	76	0	37	23	149	87	0	142	169	14	42	118	10	48	57	111	0	58	18	247	56	59	269	57	119	0	51	197	45	87	0	11	4	0	26	0	0	0	112	0	132	50	7	75	178	33	43	0	0	190	172	32	23	0	0	0	42	275	0	13	131	0	247	70	43	41	218	196	33	21	113	170	279	0	0	59	14	80	75	177	23	0	26	143	151	42	94	60	0	113	100	72	0	0	103	1	0	24	86	88	102	0	9	67	19	0	1	156	240	105	0	124	43	169	57	65	0	113	173	68	253	297	0	7	99	149	51	86	26	238	97	0	52	194	136	39	137	24	40	54	80	0	23	42	24	38	128	314	53	0	59	73	26	220	30	181	72	29	40	52	0	9	107	33	0	50	34	78	92	14	73	40	419	0	35	67	76	74	0	106	19	184	43	36	65	0	181	107	165	55	117	119	62	69	201	111	40	74	192	231	106	170	79	181	4	63	115	254	88	14	74	168	29	28	86	38	148	123	23	59	168	7	195	70	60	135	88	207	89	139	66	91	97	0	217	245	185	30	171	106	97	38	23	118	82	153	221	28	9	134	54	49	132	198	55	66	25	77	168	74	160	38	88	47	31	41	0	115	96	179	21	0	146	99	170	6	111	108	64	48	145	231	106	122	120	28	185	26	74	162	62	51	37	196	27	128	74	58	124	111	59	215	103	177	48	316	103
43	0	0	0	0	0	0	0	0	0	0	0	0	0	0	0	0	0	0	0	0	0	0	0	0	0	0	0	0	0	0	0	0	0	0	0	0	0	0	0	0	0	0	0	0	0	0	0	0	0	0	0	0	0	0	0	0	0	0	0	0	0	0	0	0	0	0	0	0	0	0	0	0	0	0	0	0	0	0	0	0	0	0	0	0	0	0	0	0	0	0	0	0	0	0	0	0	0	0	0	0	0	0	0	0	0	0	0	0	0	0	0	0	0	0	0	0	0	0	0	0	0	0	0	0	0	0	0	0	0	0	0	0	0	0	0	0	0	0	0	0	0	0	0	0	0	0	0	0	0	0	0	0	0	0	0	0	0	0	0	0	0	0	0	0	0	0	0	0	0	0	0	0	0	0	0	0	0	0	0	0	0	0	0	0	0	0	0	0	0	0	0	0	0	0	0	0	0	0	0	0	0	0	0	0	0	0	0	0	0	0	0	0	0	0	0	0	0	0	0	0	0	0	0	0	0	0	0	0	0	0	3	0	0	0	0	0	0	0	0	0	0	0	0	0	0	0	0	0	0	0	0	0	0	0	0	0	0	1	0	0	0	0	0	0	0	0	0	5	0	0	0	0	0	0	0	0	0	0	0	0	0	0	0	0	0	0	0	0	0	0	15	0	0	0	0	0	0	0	0	0	0	0	0	42	0	0	0	0	0	0	0	0	0	0	0	0	0	0	0	0	0	0	0	0	0	0	0	0	0	60	0	0	0	0	0	0	0	0	130	0	0	0	1	0	0	0	0	0	0	0	0	0	0	0	0	0	54	0	0	0	0	0	0	0	1	0	0	0	0	38	0	0	0	0	0	0	0	0	0	0	0	0	0	0	0	0	0	0	0	1	0	0	0	0	0	0	0	0	0	0	0	0	0	0	0	0	0	0	0	0	0	0	0	0	46	0	0	177	0	0	154	0	0	55	0	0	65	0	0	0	238	0	0	0	0	118	0	0	203	22	0	0	0	0	0	22	0	0	0	5	0	0	0	0	36	0	0	0	0	0	21	85	0	0	66	0	0	0	93	0	0	0	0	0	0	0	0	0	0	1	0	44	0	0	0	42	0	38	0	95	13	0	0	0	0	0	0	0	0	0	0	0	52	0	50	0	88	0	0	0	0	0	0	0	37	4	0	0	0	2	28	0	0	135	0	0	13	45	0	183	28	0	29	0	43	0	88	36	70	49	91	0	0	0	92	25	0	0	0	64	0	0	7	18	97	105	0	89	72	0	0	0	21	0	248	332	0	0	76	0	0	99	0	16	0	0	0	0	118	130	90	0	183	0	41	7	124	56	24	0	0	0	25	0	36	0	0	88	83	136	94	9	49	0	29	32	0	0	0	0	0	198	0	72	14	33	9	52	0	80	0	28	148	0	5	0	0	0	45	74	18	111	25	0	146	136	38	0	0	44	41	407	92	0	49	0	56	0	48	0	101	128	0	0	0	184	94	123	0	18	151	178	0	22	6	53	86	0	29	0	52	93	115	0	0	0	42	23	157	2	0	7	25	0	46	179	69	0	1	176	35	10	27	81	0	67	51	69	318	0	0	39	135	0	58	0	189	125	62	197	218	13	0	11	0	0	0	22	0	1	24	1	48	0	137	6	0	47	160	0	85	66	0	0	113	40	23	6	119	54	34	0	0	316	0	0	0	149	228	54	81	248	20	0	42	165	0	0	166	67	63	53	87	31	0	0	46	376	0	26	48	6	69	0	0	37	104	0	17	0	79	0	56	0	0	0	73	70	19	27	38	154	0	123	0	33	25	85	22	0	128	50	122	379	45	227	33	25	29	0	134	77	63	127	102	86	245	74	0	206	26	43	49	0	45	35	12	117	0	0	0	277	0	104	97	148	149	31	147	110	62	0	39	223	121	296	0	0	0	126	35	0	116	35	0	139	35	104	88	29	61	47	70	119	56	56	0	0	261	23	98	198	28	33	0	69	32	190	24	14	197	0	45	155	52	0	0	40	17	0	18	154	210	46	0	0	111	0	0	0	109	133	141	0	190	74	126	54	83	0	78	154	42	74	89	0	0	117	49	146	126	92	81	85	0	91	25	59	292	129	93	59	27	131	0	0	142	251	76	110	121	111	0	104	24	140	89	68	113	40	3	237	146	0	105	126	72	0	178	164	63	49	75	112	46	295	0	52	59	166	86	0	118	42	120	92	34	30	0	89	131	168	55	49	307	104	204	40	26	90	127	47	56	66	43	81	68	124	137	39	141	60	129	68	49	144	195	51	77	50	19	111	20	179	43	65	89	63	133	67	98	33	33	117	130	213	0	230	49	60	105	120	84	80	39	82	86	29	197	83	2	138	69	56	216	91	181	59	150	63	98	68	15	116	178	34	112	140	78	0	16	216	118	69	70	46	56	98	137	214	28	96	10	247	132	95	66	97	3	63	13	13	9	33	164	349	172	33	251	43	202	196	4	93	199	202	52	136	95	163
44	0	0	0	0	0	0	0	0	0	0	0	0	0	0	0	0	0	0	0	0	0	0	0	0	0	0	0	0	0	0	0	0	0	0	0	0	0	0	0	38	0	0	0	0	0	0	0	0	0	0	0	0	0	0	0	0	0	0	0	0	0	0	0	0	0	0	0	0	0	0	0	58	0	0	0	0	0	0	0	0	0	0	0	0	0	0	0	0	0	0	0	0	0	0	0	0	0	0	0	0	0	0	0	0	0	0	0	0	0	0	0	0	0	0	0	0	0	0	0	0	0	0	0	0	0	0	0	0	0	0	0	0	0	0	0	0	0	0	0	0	0	0	0	0	0	0	0	0	0	0	0	0	0	0	0	0	0	0	0	0	0	0	0	0	0	0	0	0	0	0	0	0	0	0	0	0	0	0	0	0	0	0	0	0	0	0	0	0	0	0	0	0	0	0	0	0	0	0	0	0	0	0	0	0	0	0	0	0	0	0	0	0	0	0	0	0	0	0	0	0	0	0	0	0	0	0	0	0	0	0	0	0	0	0	0	0	0	0	0	0	0	0	0	0	0	0	0	0	0	0	0	0	0	0	0	0	0	0	0	0	0	0	0	0	0	0	0	2	0	0	0	0	0	0	0	0	0	0	0	0	0	0	0	0	0	0	0	0	0	0	60	0	0	0	0	0	0	0	0	0	0	0	0	33	0	0	0	0	0	0	0	0	0	0	0	0	0	0	0	0	0	0	0	0	0	0	0	1	0	136	0	0	2	0	0	0	0	0	153	0	0	0	0	0	0	0	0	18	0	0	0	0	0	0	0	0	155	0	0	0	0	0	0	0	18	0	0	0	0	0	0	0	0	0	0	0	0	0	0	0	2	0	0	0	0	0	0	0	0	0	44	0	0	0	0	0	0	0	13	0	0	0	0	34	0	0	1	0	0	0	0	0	0	0	51	0	0	284	0	0	59	0	0	10	0	0	170	0	0	0	37	0	0	0	0	94	0	0	333	8	0	0	0	0	0	47	0	0	0	243	0	0	0	0	44	8	0	0	0	0	60	109	0	0	63	0	0	0	100	0	0	0	0	0	0	0	9	0	0	1	0	89	0	0	0	0	0	103	0	97	0	0	0	0	0	0	0	0	0	0	0	0	340	0	29	0	77	0	0	1	0	0	0	0	125	3	0	0	0	0	0	0	10	44	0	0	0	96	0	197	7	0	14	0	41	0	190	22	0	154	30	0	0	0	130	28	0	0	0	141	0	0	6	21	32	52	0	76	32	0	0	0	84	0	24	4	0	0	120	0	0	20	0	8	0	0	0	0	30	35	211	0	75	0	95	19	70	122	3	0	0	0	31	12	113	0	0	49	52	123	15	0	16	0	20	30	0	0	0	0	0	168	0	116	0	65	52	61	2	172	0	79	128	53	0	0	0	0	4	54	27	55	62	0	176	120	140	0	0	165	96	16	88	0	162	0	0	0	164	0	168	13	0	0	0	93	124	40	0	92	89	153	0	67	43	43	107	0	99	0	29	9	146	0	0	0	12	80	59	0	0	0	46	0	254	76	147	0	2	45	127	80	231	20	0	13	174	20	1	0	0	115	43	0	144	0	28	68	40	195	140	226	0	171	0	0	0	65	0	0	166	6	50	0	98	0	0	69	48	0	119	63	0	0	46	30	272	72	129	311	177	0	0	105	0	0	0	19	94	126	113	44	17	0	23	48	0	0	137	198	79	16	13	65	4	0	116	176	0	94	163	55	60	0	0	70	121	0	24	0	233	0	120	0	0	0	101	6	16	135	37	144	0	111	0	148	197	40	317	0	37	36	67	96	285	75	56	13	137	0	224	85	104	81	53	45	102	136	0	144	213	319	186	0	84	140	0	89	0	0	0	107	0	54	48	22	23	111	87	42	0	30	306	215	2	167	0	0	0	178	76	0	44	301	4	119	118	105	40	224	59	20	69	68	35	124	0	0	116	63	84	119	22	162	0	10	86	53	41	121	30	0	78	16	250	0	0	159	0	0	96	62	138	129	0	0	79	1	0	0	94	36	114	0	66	5	61	95	238	0	219	79	117	45	99	0	54	143	124	79	76	17	116	136	0	19	90	76	98	56	131	179	79	39	0	0	130	37	112	121	57	54	0	102	157	61	121	273	180	57	0	14	82	0	45	100	34	0	162	118	63	193	41	96	32	167	0	62	131	81	91	0	109	26	136	187	119	118	0	46	110	2	166	65	68	62	128	83	135	172	164	132	194	154	162	156	118	111	26	192	83	199	89	151	299	55	114	65	353	113	109	88	76	78	55	59	182	41	72	48	54	104	50	125	90	55	0	52	178	271	88	261	30	58	32	27	41	180	93	54	52	61	99	48	103	57	42	3	135	247	90	36	55	36	187	10	47	72	72	0	140	95	62	122	113	45	220	120	158	147	49	67	80	63	136	46	16	97	46	186	75	83	83	3	61	359	188	53	165	120	71	179	153	126	135	217	4	207	4	45
45	0	0	0	0	0	0	0	0	0	0	0	0	0	0	0	0	0	0	0	0	0	0	0	0	0	0	0	0	0	0	0	0	0	0	0	0	0	0	0	0	0	0	0	0	0	0	0	0	0	0	0	0	0	0	0	0	0	0	0	0	0	0	0	0	0	0	0	0	0	0	0	0	0	0	0	0	0	0	0	0	0	0	0	0	0	0	0	0	0	0	0	0	0	0	0	0	0	0	0	0	0	0	0	0	0	0	0	0	0	0	0	0	0	0	0	0	0	0	0	0	0	0	0	0	0	0	0	0	0	0	0	28	0	0	0	0	0	0	0	0	0	0	0	0	0	0	0	0	0	0	10	0	0	0	0	0	0	0	0	0	0	0	0	0	0	0	0	0	0	0	0	0	0	0	0	0	0	0	0	0	0	0	0	0	0	0	0	0	0	0	0	0	0	0	0	0	0	0	0	0	0	0	0	0	0	0	0	0	0	0	0	21	0	0	0	0	0	0	0	0	0	0	0	0	0	0	0	0	0	0	0	0	0	0	0	0	0	0	0	0	0	0	0	0	0	0	0	0	0	0	0	0	0	0	0	0	0	0	0	0	0	0	0	0	0	0	0	0	0	0	0	0	0	0	0	0	0	0	0	0	0	0	0	0	0	0	0	0	0	0	0	0	0	0	0	0	0	0	0	0	0	0	0	83	0	0	0	0	0	0	0	0	2	0	0	0	0	50	0	0	0	0	0	0	0	0	0	0	0	189	0	0	0	0	0	0	0	0	75	0	0	0	0	0	0	0	0	0	0	0	0	0	0	0	0	0	43	0	0	0	0	0	0	0	0	0	0	0	0	56	0	0	0	0	0	0	0	0	5	0	0	0	0	0	0	0	0	0	60	0	0	0	0	0	0	0	0	0	0	0	0	0	0	38	0	0	29	0	0	0	0	1	0	0	23	0	0	1	0	0	34	0	0	60	0	0	100	0	0	1	157	0	0	0	0	46	0	0	38	12	0	0	0	0	0	90	0	0	0	98	0	0	0	0	129	0	0	0	0	0	0	24	0	0	94	0	0	0	11	0	0	0	0	0	0	0	0	0	0	73	0	62	0	0	0	3	0	54	0	239	0	0	90	0	0	0	0	0	0	0	0	0	81	0	63	0	89	0	0	0	0	0	0	0	56	1	0	0	0	0	76	0	55	73	0	0	0	10	0	24	107	0	1	0	81	0	44	72	0	133	70	0	0	0	202	87	0	0	0	75	0	0	31	3	76	137	0	164	147	0	0	0	161	0	10	30	0	0	109	0	0	178	10	0	0	48	0	0	197	145	114	0	146	0	11	50	67	238	315	0	0	0	139	0	55	0	0	133	125	133	53	0	46	0	0	37	70	0	0	0	0	75	0	6	0	57	129	167	34	38	0	42	52	63	11	6	0	0	2	63	58	91	143	0	123	80	85	0	0	446	67	25	183	0	54	0	208	0	301	0	40	33	0	0	0	20	74	21	0	30	306	52	2	82	274	28	285	0	116	0	71	130	148	0	0	0	159	73	125	0	0	0	128	2	83	153	44	0	49	193	298	7	40	37	0	70	119	58	171	0	0	312	71	0	67	0	26	239	10	30	283	137	0	87	0	0	0	23	0	2	28	80	63	0	67	29	0	89	246	0	34	85	0	0	91	281	42	123	86	50	84	0	0	142	0	0	0	95	59	46	130	137	119	0	115	66	0	0	119	209	41	129	39	34	0	0	129	37	0	189	71	46	212	0	0	85	63	38	74	0	39	0	46	0	0	0	196	0	309	79	46	57	0	60	0	11	107	25	204	0	54	83	158	33	46	203	85	265	67	0	91	246	287	78	279	230	51	56	0	88	51	47	84	0	85	119	0	128	0	0	0	189	0	115	65	44	66	127	36	109	0	0	63	34	71	99	11	0	0	118	119	0	66	73	0	56	83	25	173	64	62	20	164	57	49	273	0	0	71	39	141	48	111	41	0	119	12	45	33	25	198	0	44	15	51	0	0	71	0	0	169	163	37	98	0	0	21	12	0	0	76	96	216	0	53	18	91	3	329	0	88	43	128	153	57	4	32	45	97	272	124	109	217	22	0	24	71	42	105	61	103	35	1	276	0	0	138	72	139	287	41	71	0	131	115	380	181	111	81	147	49	133	91	0	40	151	141	36	431	163	92	187	13	105	175	70	0	63	131	102	220	0	58	83	220	196	202	85	0	250	79	2	62	164	98	38	14	33	34	21	17	57	32	45	33	64	66	40	130	251	256	237	66	51	143	304	107	277	53	42	172	62	65	41	54	130	105	61	22	183	39	91	189	117	222	116	0	27	78	451	68	49	95	32	82	79	88	85	10	54	265	20	95	100	84	253	72	64	112	119	22	106	112	66	171	109	78	64	3	0	132	51	77	150	62	40	105	64	153	26	129	102	154	85	46	71	83	14	33	48	72	20	185	118	30	190	136	20	50	15	273	246	76	53	139	55	224	230	68	158
46	0	0	0	0	0	0	0	0	0	0	0	0	0	0	0	0	0	0	0	0	0	0	0	0	0	0	0	0	0	0	0	0	0	0	0	0	0	0	0	0	0	0	0	0	0	0	0	0	0	0	0	0	0	0	0	0	0	0	0	0	0	0	0	0	0	0	0	0	0	0	0	0	0	0	0	0	0	0	0	0	0	0	0	0	0	0	0	0	0	0	0	0	0	0	0	0	0	0	0	0	0	0	0	0	0	0	0	0	0	0	0	0	0	0	0	0	0	0	0	0	0	0	0	0	0	0	0	0	0	0	0	0	0	0	0	0	2	0	0	0	0	0	0	0	0	0	0	0	0	0	0	0	0	0	0	0	0	0	0	0	0	0	0	0	0	0	0	0	0	0	0	0	0	0	0	0	0	0	0	0	0	0	0	0	0	0	0	0	0	0	0	0	0	0	0	0	0	0	0	0	0	0	0	0	0	0	0	0	0	0	0	0	0	0	0	0	0	0	0	0	0	0	0	0	0	0	0	0	0	0	0	0	0	0	0	2	6	0	0	0	0	0	0	0	0	0	0	0	0	0	0	0	0	0	0	0	0	0	0	0	0	0	0	0	0	0	0	0	0	0	0	0	0	0	0	0	0	0	0	0	0	0	0	0	0	0	0	0	0	0	35	0	0	0	0	0	0	0	0	0	0	0	0	150	0	0	0	0	0	0	0	0	0	0	0	0	0	0	0	0	0	0	0	0	0	0	0	0	0	2	0	0	0	0	0	0	0	0	0	0	0	0	0	0	0	0	0	0	0	0	0	0	0	0	0	0	2	0	0	0	0	0	0	0	0	0	0	0	0	2	0	0	0	42	0	0	0	0	0	0	0	0	0	0	0	0	0	0	16	0	0	0	0	0	0	0	0	0	0	0	0	0	0	61	0	0	0	0	0	0	0	0	0	0	16	0	0	7	0	0	34	1	0	34	0	0	65	0	0	0	150	0	0	0	0	89	0	0	142	0	0	0	0	0	0	66	0	0	0	3	0	0	0	0	76	0	0	0	0	0	6	0	0	0	25	0	0	0	43	114	0	0	0	4	0	0	0	0	0	0	0	104	0	0	0	0	0	60	0	114	0	0	0	0	0	0	0	0	0	0	0	0	150	0	61	0	0	0	0	0	0	0	0	0	172	0	0	0	0	0	57	0	16	125	0	0	0	37	0	25	69	0	0	2	55	0	187	115	0	71	13	0	0	0	55	31	0	0	0	92	0	0	0	0	0	142	0	88	55	0	0	0	302	0	78	337	0	0	301	0	0	24	0	0	0	6	0	0	156	119	46	2	0	0	32	78	11	44	181	0	0	0	204	0	174	0	0	192	63	117	0	0	53	0	0	90	34	0	0	0	0	38	0	37	0	0	44	30	6	124	0	218	96	7	1	0	9	0	3	35	0	88	152	0	28	151	42	0	0	50	81	83	145	0	64	0	39	0	21	0	11	53	0	0	0	91	108	78	0	258	57	213	0	147	24	17	62	0	51	0	175	27	75	0	0	0	26	165	36	85	0	0	21	0	10	400	25	0	0	100	101	0	41	223	0	0	164	121	0	0	0	117	435	0	130	0	146	66	204	134	114	70	0	110	0	0	0	0	0	0	475	5	31	0	70	0	0	90	49	0	69	55	0	0	38	144	22	42	147	103	27	0	0	171	0	0	0	69	0	24	88	86	80	0	6	133	0	0	32	107	67	23	50	129	0	0	19	52	0	73	62	40	203	0	0	108	90	0	132	0	45	0	94	0	0	0	46	0	278	243	20	52	0	88	0	129	214	176	125	0	49	82	28	106	100	32	136	0	107	0	164	144	203	136	77	64	171	104	4	37	137	107	117	0	92	23	0	176	0	0	0	117	0	115	438	50	150	154	119	83	0	0	28	135	41	79	0	0	0	183	201	0	32	263	0	197	164	9	22	99	57	163	28	55	80	89	1	0	75	150	40	37	96	166	0	0	17	104	32	53	58	0	3	89	111	0	0	38	1	0	77	18	17	49	0	0	72	10	0	0	87	110	153	0	18	70	73	190	139	0	140	65	28	205	26	6	7	36	167	217	38	28	94	279	0	181	32	140	285	53	99	105	147	77	18	0	104	58	202	22	22	118	0	131	33	30	239	51	187	110	0	31	89	0	37	47	225	275	190	27	60	167	81	75	38	130	0	65	117	88	268	0	162	206	61	97	54	30	0	14	94	31	52	68	129	55	137	134	140	209	35	85	18	64	73	57	164	121	181	66	22	113	46	14	119	76	110	49	106	28	92	13	74	162	336	159	30	127	58	59	72	41	136	9	204	157	0	134	95	103	69	71	206	128	53	158	82	19	101	47	12	182	89	31	90	178	73	203	135	158	172	39	27	55	88	14	179	61	88	0	124	129	64	76	127	44	20	138	27	94	81	31	69	89	44	163	18	16	130	285	159	78	8	54	84	199	66	99	157	59	49	10	82	124	97	24	99	88	120	261
47	0	0	0	0	0	0	0	0	0	0	0	0	0	0	0	0	0	0	0	0	0	0	0	0	0	0	0	0	0	0	0	0	0	0	0	0	0	0	0	0	0	0	0	0	0	0	0	0	0	0	0	0	0	0	0	0	0	0	0	0	0	0	0	0	0	0	0	0	0	0	0	0	0	0	0	0	0	0	0	0	0	0	0	0	0	0	0	0	0	0	0	0	0	0	0	0	0	0	0	0	0	0	0	0	0	0	0	0	0	0	0	0	0	0	0	0	0	0	2	0	0	0	0	0	0	0	0	0	0	0	0	0	0	0	0	0	0	0	0	0	0	0	0	0	0	0	0	0	0	0	38	0	0	12	0	0	0	0	0	0	0	0	0	0	0	0	0	0	0	0	0	0	0	0	0	0	48	0	0	0	0	0	0	0	0	0	0	0	0	0	0	0	0	0	0	0	0	0	0	0	0	0	0	0	0	0	0	0	0	0	0	12	0	0	0	20	0	0	0	0	0	0	0	0	0	0	3	0	0	0	0	0	0	0	0	0	0	0	0	0	0	0	0	0	0	0	0	0	0	0	0	0	0	0	0	0	0	0	0	0	0	0	0	0	0	0	0	0	0	0	0	0	0	0	0	0	0	3	0	0	0	0	0	0	0	0	0	0	0	0	27	0	0	0	0	0	0	0	0	0	0	0	0	76	0	0	0	0	0	9	0	0	33	0	0	0	0	0	0	0	0	0	1	0	0	0	0	0	0	41	0	0	0	0	0	0	1	0	0	0	0	0	0	0	0	0	0	0	0	0	0	0	0	0	0	0	0	0	0	0	0	0	0	0	12	0	0	0	0	0	0	0	0	0	0	0	0	0	0	0	0	0	0	0	0	0	0	0	0	0	0	0	0	0	0	0	0	0	0	0	0	0	0	0	0	0	5	38	0	0	0	0	0	0	9	0	0	16	0	0	1	0	72	131	0	0	39	0	0	0	306	0	0	0	68	7	0	0	68	0	0	0	0	0	0	42	0	0	0	27	0	0	0	0	95	0	0	0	0	0	0	6	0	0	53	0	0	0	2	0	0	0	0	0	0	0	0	0	0	28	0	225	0	0	61	10	0	60	0	32	0	0	52	0	0	0	0	0	0	0	0	0	15	0	6	0	0	0	0	0	0	0	0	0	18	0	0	0	0	0	0	0	0	247	0	0	0	19	0	38	43	0	0	0	79	0	45	124	0	22	212	0	0	0	127	89	0	0	0	130	0	0	0	0	56	239	0	49	29	0	0	0	15	0	145	34	0	0	146	0	0	95	1	0	0	0	0	0	30	59	14	0	20	0	256	36	139	145	18	0	0	0	90	0	36	0	0	85	254	3	75	0	44	0	0	44	0	0	0	0	0	52	0	28	0	56	185	152	0	161	2	76	106	0	0	0	0	0	0	44	0	122	44	0	19	168	71	0	0	33	75	34	61	0	154	0	0	0	4	0	52	78	0	0	0	28	190	34	0	102	0	62	0	375	124	22	61	0	63	0	63	44	59	0	0	0	19	41	88	7	0	5	2	0	1	57	20	0	10	169	166	4	146	104	0	6	117	27	0	0	0	18	69	0	134	0	66	107	56	41	70	128	0	10	0	0	0	88	0	0	189	0	73	0	121	8	0	34	96	0	225	96	0	0	41	174	142	109	57	50	46	0	0	155	0	0	0	149	0	29	197	101	85	0	9	70	0	0	14	144	39	142	22	107	6	0	109	165	0	118	198	0	67	0	1	14	106	0	118	0	40	0	132	0	0	0	61	0	14	137	206	38	0	152	0	65	94	89	47	0	93	42	76	86	50	185	16	25	25	0	41	114	96	72	99	189	61	79	0	170	31	178	11	0	127	68	0	280	0	0	0	81	0	109	39	188	82	46	171	97	0	0	340	149	16	52	0	0	0	96	96	0	67	44	0	81	141	0	198	11	90	59	16	114	162	133	0	0	249	109	5	191	16	277	0	0	53	60	103	214	70	0	135	152	2	0	0	22	0	0	40	111	225	110	0	0	137	83	0	0	218	27	121	0	156	65	189	60	18	0	88	75	128	104	87	5	0	97	79	42	33	157	20	224	0	74	33	36	16	34	75	120	20	302	0	0	87	25	94	64	308	315	0	221	84	39	94	77	123	4	0	136	53	0	57	11	13	0	39	127	88	126	19	157	55	4	0	64	62	110	54	0	113	56	146	46	296	77	0	115	90	11	95	76	12	13	36	53	158	65	120	217	126	84	31	81	26	117	65	397	148	105	55	76	66	163	102	163	62	219	300	124	70	39	0	216	13	25	13	175	48	74	151	91	230	82	0	111	73	163	95	60	126	126	63	62	42	12	154	59	112	79	88	133	46	164	50	56	101	100	202	89	34	65	343	65	366	141	46	0	93	13	49	71	65	112	57	56	31	135	67	65	33	66	88	134	83	82	60	20	96	166	18	75	81	176	125	75	268	154	35	127	2	207	253	308	233	157	56	22
48	0	0	0	0	0	0	0	0	0	0	0	0	0	0	0	0	0	0	0	0	0	0	0	0	0	0	0	0	0	0	0	0	0	0	0	0	0	0	0	0	0	0	0	0	0	0	0	0	0	0	0	0	0	0	0	0	0	0	0	0	0	0	0	0	0	0	0	0	0	0	0	0	0	0	0	0	0	0	0	0	0	0	0	0	0	0	0	0	0	0	0	0	0	0	0	0	0	0	0	0	0	0	0	0	0	0	0	0	0	0	0	0	0	0	0	0	0	0	0	0	0	0	0	0	0	0	0	0	0	0	0	0	0	0	0	0	0	0	0	0	0	0	0	0	0	0	0	0	6	20	0	0	0	0	0	0	0	0	0	0	0	0	0	0	0	0	0	0	0	0	0	0	0	0	0	0	0	0	0	0	0	0	0	0	0	0	0	0	0	0	0	0	0	0	0	0	0	0	0	0	0	0	0	0	0	0	0	0	0	0	0	0	0	0	0	0	0	0	0	0	0	0	0	0	0	0	0	0	0	0	0	0	0	0	0	0	0	0	0	0	0	0	0	0	0	0	0	0	0	0	0	0	0	0	0	0	0	0	0	0	0	0	0	0	0	0	0	60	0	0	0	0	0	0	0	0	0	0	0	0	0	0	0	0	0	0	0	0	0	0	9	0	0	0	0	0	0	0	0	0	0	0	0	40	0	0	0	7	0	0	0	0	0	0	0	0	0	0	0	0	0	0	32	0	0	0	0	0	0	43	0	0	0	0	0	0	32	0	91	0	0	0	0	0	0	0	0	0	0	0	0	0	2	0	0	0	103	0	0	0	0	0	0	0	27	0	0	0	0	0	0	0	0	0	0	0	0	0	0	0	0	0	0	0	0	0	0	0	0	0	0	0	0	0	0	0	0	0	0	0	0	0	0	34	0	0	43	0	5	0	0	0	0	0	78	93	0	131	0	0	70	0	0	52	0	0	52	0	0	24	39	0	34	0	0	77	0	0	106	4	0	0	0	0	0	78	0	0	0	56	0	0	0	0	17	0	0	0	0	0	0	33	0	0	118	0	0	0	9	91	0	0	0	0	0	0	0	0	0	1	0	201	0	1	0	0	0	37	0	80	0	0	60	0	0	0	0	0	0	0	0	0	181	0	115	0	0	1	203	0	0	0	0	0	187	0	0	0	0	0	0	0	17	255	0	0	0	123	0	141	222	0	0	1	154	0	12	155	0	99	86	0	0	0	461	156	0	0	0	64	0	0	64	7	0	128	0	5	31	0	0	0	38	0	61	56	0	0	23	0	0	273	1	2	0	129	0	0	29	46	142	0	63	0	316	129	167	168	13	0	0	0	32	0	169	0	0	117	235	109	0	0	111	0	2	52	0	27	0	0	22	61	0	104	0	139	46	61	0	132	0	172	209	0	0	2	0	0	43	96	2	54	72	0	63	113	123	0	0	166	6	21	227	0	111	103	0	0	99	0	187	56	0	0	0	91	90	50	0	151	6	17	0	25	61	68	68	0	29	0	41	48	90	0	0	0	25	109	256	4	0	0	45	0	17	40	66	0	70	92	15	0	65	244	0	81	88	3	7	0	0	73	78	0	55	0	113	104	208	261	339	92	0	105	0	0	0	2	0	0	133	14	236	0	216	5	0	88	87	0	102	130	0	0	109	130	1	13	81	70	105	0	0	73	0	0	0	135	5	13	128	28	12	0	41	77	0	0	71	89	101	39	196	111	0	2	152	114	0	45	206	132	114	0	0	142	7	0	74	2	65	0	32	0	0	0	172	0	69	69	102	77	1	98	0	138	214	203	98	0	52	93	81	25	131	75	44	92	30	0	151	90	23	91	115	58	105	92	0	97	40	10	316	0	82	61	0	146	0	0	0	111	0	46	68	318	77	226	13	107	0	0	76	54	147	88	0	0	0	41	127	18	134	35	0	167	67	147	115	108	164	122	60	194	171	84	0	0	50	147	103	91	235	41	0	88	75	41	117	155	220	0	42	74	31	0	110	49	6	0	60	83	7	23	0	0	32	68	0	0	52	138	61	0	73	170	71	27	69	0	27	276	51	101	57	0	1	73	33	205	51	38	67	119	0	80	62	176	34	43	82	99	57	33	0	3	53	211	45	83	161	115	0	106	302	173	44	99	138	111	0	137	35	0	99	40	89	21	189	124	17	24	102	139	72	76	0	139	224	104	514	0	90	59	10	39	98	38	0	364	9	61	53	69	76	345	53	23	236	101	91	88	80	112	16	117	22	26	132	80	74	73	19	50	68	237	135	112	178	205	17	52	67	194	5	353	221	51	145	14	18	69	55	172	13	185	0	89	71	91	205	64	2	154	74	129	48	200	209	63	201	17	59	235	42	36	51	74	144	13	55	243	242	123	62	40	120	146	41	0	78	23	39	54	210	55	104	52	41	89	123	127	45	127	39	36	233	258	28	232	118	18	113	46	70	41	131	133	60	121	88	20	60	269	31	72	161	70	34	38
49	0	0	0	0	0	0	0	0	0	0	0	0	0	0	0	0	0	0	0	0	0	0	0	0	0	0	0	0	0	0	0	0	0	0	0	0	0	0	0	0	0	0	0	0	0	0	0	0	0	0	0	0	0	0	0	0	0	0	0	0	0	0	0	0	0	0	0	0	0	0	0	0	0	0	0	0	0	0	0	0	0	0	0	0	0	0	0	0	0	0	0	0	0	0	0	0	0	0	0	0	0	0	0	0	0	0	0	0	0	0	0	0	0	0	0	0	0	0	0	0	0	0	0	0	0	0	0	0	0	0	0	0	0	0	0	0	0	0	0	0	0	0	0	0	0	0	0	0	0	0	0	0	0	0	0	0	0	0	0	0	0	0	0	0	0	0	0	0	0	0	0	0	0	0	0	0	0	0	0	0	0	0	0	0	0	0	0	0	0	0	0	0	0	0	0	0	0	0	0	0	0	0	0	0	0	0	0	0	0	0	0	0	0	0	0	0	0	0	0	0	0	0	0	0	0	0	0	0	0	0	0	0	0	0	0	0	0	0	0	0	0	0	0	0	0	0	0	0	0	0	0	0	0	0	0	0	0	0	0	0	0	0	0	0	0	0	0	0	0	0	0	0	0	0	0	0	0	0	0	0	0	0	0	0	0	0	0	0	0	0	0	0	0	0	0	0	0	0	0	0	2	0	0	24	0	0	0	0	0	0	0	0	0	0	0	0	0	0	0	0	0	0	0	0	0	0	0	0	0	56	0	0	0	0	0	0	0	0	71	0	0	0	0	0	0	0	0	0	0	0	0	0	0	0	0	0	12	0	0	0	0	0	0	0	0	0	0	0	0	0	0	0	0	0	0	0	0	0	0	0	0	0	0	0	0	0	0	0	0	0	0	0	0	0	0	0	0	0	0	0	0	0	0	0	0	0	0	0	0	0	0	0	0	0	19	0	0	26	0	0	4	0	43	77	10	0	11	0	0	5	185	0	0	0	0	52	0	0	157	2	0	0	0	0	0	52	0	0	0	77	0	0	0	0	46	0	0	0	0	0	5	33	0	0	165	0	0	0	64	0	0	0	0	0	0	0	0	0	0	3	0	67	0	2	8	0	0	12	8	205	0	0	143	0	0	2	0	0	0	0	0	18	79	0	140	0	39	0	0	0	0	0	0	0	126	1	0	0	0	0	0	0	0	85	0	0	0	240	0	34	35	0	15	0	19	0	78	273	0	67	91	0	0	0	147	38	0	0	0	99	0	0	25	4	150	36	0	45	0	0	0	0	17	0	168	85	0	0	195	0	0	96	0	0	0	0	0	0	94	41	52	0	25	0	58	79	63	87	15	0	0	0	51	0	160	0	0	100	30	167	0	39	57	0	9	20	0	0	0	0	0	40	0	72	0	8	48	43	0	109	0	161	148	41	2	0	0	0	0	86	25	204	142	0	268	266	140	0	0	113	43	166	44	0	205	0	0	2	108	0	136	58	0	0	0	56	95	78	0	219	17	143	0	78	164	38	229	0	17	0	28	31	36	0	0	0	152	136	32	2	0	0	13	0	39	9	111	0	1	160	55	0	331	29	0	1	55	103	0	0	0	46	136	0	119	0	21	92	184	82	49	60	0	94	0	0	0	1	0	0	56	0	32	0	95	0	0	69	31	0	431	152	0	0	200	101	104	19	38	18	30	0	0	148	0	0	3	28	171	77	337	85	27	0	53	37	0	0	64	77	48	560	134	6	0	0	104	72	0	11	51	0	119	2	0	4	31	0	207	0	21	0	98	0	0	0	158	0	102	55	55	22	0	106	0	47	79	46	285	0	55	108	57	70	130	220	86	192	167	0	95	106	176	197	9	27	60	62	0	62	97	107	55	0	75	85	0	60	0	0	0	132	0	70	69	54	116	197	104	15	0	0	22	159	52	170	0	0	0	141	98	0	66	45	0	183	185	48	36	169	32	97	87	382	30	44	0	0	85	130	275	100	38	47	0	65	98	19	40	94	63	0	42	79	136	0	0	167	0	0	205	157	75	229	0	0	138	4	0	0	290	64	34	0	51	195	57	41	81	27	125	121	166	42	71	27	2	112	132	57	30	160	216	184	0	80	8	38	141	141	39	19	107	140	0	0	35	51	68	29	49	125	0	61	255	83	28	121	98	33	0	37	85	0	88	95	61	0	56	111	173	190	73	23	15	68	0	36	58	25	57	0	70	76	66	71	94	64	0	43	39	107	194	175	119	62	40	105	120	47	89	87	177	108	41	189	21	17	290	263	37	92	112	377	34	63	204	79	45	394	135	48	35	110	1	207	59	282	21	51	229	119	43	46	87	26	0	106	100	96	129	67	78	67	16	313	320	307	23	121	116	204	190	78	106	192	49	108	51	152	231	70	95	110	87	99	73	119	69	0	128	150	71	72	143	150	87	93	67	217	21	12	100	113	172	37	37	114	133	83	45	45	47	90	133	41	115	136	173	8	91	57	88	58	148	12	32	78	106	133
50	0	0	0	0	0	0	0	0	0	0	0	0	0	0	0	0	0	0	0	0	0	0	0	0	0	0	0	0	0	0	0	0	0	0	0	0	0	0	0	0	0	0	0	0	0	0	0	0	0	0	0	0	0	0	0	0	0	0	0	0	0	0	0	0	0	0	0	0	0	0	0	0	0	0	0	0	0	0	0	0	0	0	0	0	0	0	0	0	0	0	0	0	0	0	0	0	0	0	0	0	0	0	0	0	0	0	0	0	0	0	0	0	0	0	0	0	0	0	0	0	0	0	0	0	0	0	0	0	0	0	0	0	0	0	0	0	0	0	0	0	0	0	0	0	0	0	0	0	0	0	0	0	0	0	0	0	0	0	0	0	0	0	0	0	0	0	0	0	0	0	0	0	0	0	0	0	0	0	0	0	0	0	0	0	0	0	0	0	0	1	0	0	0	0	0	0	0	0	0	0	0	0	0	0	0	0	0	0	0	0	0	0	0	0	0	0	0	0	0	0	0	0	0	0	0	0	0	0	0	0	0	0	0	0	0	0	0	0	0	0	0	0	0	0	0	0	0	0	0	0	0	0	0	0	0	0	0	0	0	0	0	0	0	0	0	4	0	0	0	0	0	0	0	0	0	0	22	0	0	0	0	0	0	0	0	0	0	0	0	0	0	0	0	0	0	0	0	0	0	0	0	0	0	80	0	0	0	0	0	0	0	0	0	0	0	0	0	0	0	0	0	0	0	0	0	0	0	0	0	0	0	0	0	0	0	0	0	0	0	0	0	0	0	0	58	0	0	0	0	0	0	0	0	0	0	0	1	0	0	0	0	0	0	0	0	0	0	0	0	0	0	0	0	0	0	0	0	0	0	0	0	1	0	0	0	0	0	0	0	0	0	0	0	0	0	0	0	0	0	0	0	0	0	0	0	0	0	0	0	0	0	0	0	0	19	0	0	15	0	0	0	0	0	36	0	0	27	0	0	29	1	0	0	0	0	0	0	0	0	0	0	0	0	0	0	69	0	0	0	0	0	0	0	0	60	0	0	0	0	0	0	0	0	0	64	0	0	0	0	160	0	0	0	0	0	0	0	0	0	0	0	21	0	0	0	0	0	66	0	70	0	0	0	0	0	0	0	0	0	0	0	0	6	0	0	0	0	0	0	0	0	0	0	0	20	0	0	0	0	0	0	0	7	1	0	0	0	103	0	8	48	0	0	0	8	0	132	190	0	138	1	0	0	0	110	3	0	0	0	140	0	0	4	0	0	17	0	1	10	0	0	0	10	0	21	8	0	0	1	0	0	225	0	0	0	0	0	0	84	1	14	0	0	0	62	1	0	0	7	0	0	0	0	0	5	0	0	1	42	3	0	0	18	0	53	25	31	0	0	0	0	0	0	54	0	0	0	115	0	76	0	17	13	0	0	0	0	0	0	52	0	0	26	0	0	191	20	0	0	144	0	0	47	0	84	0	0	0	70	0	0	42	0	0	0	38	33	1	0	1	7	48	0	7	2	6	16	0	21	0	82	0	15	0	0	0	32	25	127	0	0	0	0	0	0	66	122	0	36	28	86	0	5	7	0	0	8	0	23	64	0	2	2	0	25	0	68	86	0	118	9	148	0	0	0	0	0	0	0	0	62	0	0	0	64	0	0	2	10	0	59	40	0	0	0	0	3	10	80	67	4	0	0	27	0	0	0	16	1	34	0	3	2	0	0	31	0	0	1	123	0	24	14	0	0	0	11	19	0	51	27	0	31	0	0	8	32	0	40	0	23	0	7	0	0	0	20	0	196	27	18	0	0	1	0	0	6	1	112	1	48	43	43	16	18	2	36	0	24	0	4	34	48	12	50	0	40	74	0	14	1	38	12	0	18	3	0	2	0	0	0	204	0	18	43	9	61	38	61	40	0	0	126	1	0	25	0	0	0	15	6	0	36	22	3	94	9	0	50	41	122	34	0	83	126	56	0	0	13	26	0	43	20	11	0	0	67	104	2	80	2	0	3	6	12	0	0	23	0	0	28	5	22	63	0	0	47	0	0	0	109	4	2	0	21	0	13	60	62	0	108	9	11	112	19	0	5	82	46	88	7	39	128	103	0	61	1	2	0	17	31	60	0	134	0	0	27	20	5	2	21	7	0	28	4	18	39	28	76	1	0	142	105	0	0	110	43	51	57	112	167	78	123	0	202	34	0	53	88	7	4	0	5	74	122	98	82	126	0	0	2	13	18	207	16	85	0	19	2	3	105	19	0	86	19	0	16	26	34	1	118	46	8	0	76	18	22	63	163	90	24	124	27	49	13	9	127	4	2	1	6	18	0	14	72	44	0	5	28	34	26	83	72	7	0	1	39	45	0	15	4	46	1	0	11	88	4	3	77	1	40	106	4	34	0	62	47	61	21	0	158	0	31	54	101	0	3	58	113	14	15	92	0	16	8	229	1	58	17	0	173	77	19	16	61	12	11	2	46	42	71	13	62	1	8	103	0	2	6	5
51	0	0	0	0	0	0	0	0	0	0	0	0	0	0	0	0	0	0	0	0	0	0	0	0	0	0	0	0	0	0	0	0	0	0	0	0	0	0	0	0	0	0	0	0	0	0	0	0	0	0	0	0	0	0	0	0	0	0	0	0	0	0	0	0	0	0	0	0	0	0	0	0	0	0	0	0	0	0	0	0	0	0	0	0	0	0	0	0	0	0	0	0	0	0	0	0	0	0	0	0	0	0	0	0	0	0	0	0	0	0	0	0	0	0	0	0	0	0	0	0	0	0	0	0	0	0	0	0	0	0	0	0	0	0	0	0	0	0	0	0	0	0	0	0	0	0	0	0	0	0	0	0	0	0	0	0	0	0	0	0	0	0	0	0	0	0	0	0	0	0	0	0	0	0	0	0	0	0	0	0	0	0	0	0	0	0	0	0	0	0	0	0	0	0	0	0	0	0	0	0	0	0	0	0	0	0	0	0	0	0	0	0	0	0	32	0	0	0	0	0	0	0	0	0	0	0	0	0	0	0	0	0	0	0	0	0	0	0	0	0	0	0	0	0	0	0	0	0	0	0	0	0	0	0	0	0	0	0	0	0	0	0	0	0	0	0	0	0	0	0	0	0	0	0	0	0	0	0	0	0	0	0	0	0	0	0	0	0	0	0	19	0	0	0	0	0	0	0	0	0	0	0	0	9	0	0	0	0	0	0	0	0	0	0	0	0	0	0	0	0	0	0	0	0	0	0	0	0	0	69	0	0	0	0	0	0	0	0	5	0	0	0	0	0	0	0	0	0	0	0	0	0	0	0	0	0	0	0	0	0	0	0	0	0	0	0	0	0	0	0	0	0	0	0	0	0	0	0	0	0	0	0	0	0	0	0	0	0	0	0	0	0	0	0	0	0	0	0	0	0	0	0	0	0	0	0	0	0	0	0	0	0	0	0	0	0	0	1	0	0	228	0	39	0	0	0	35	0	0	0	140	0	0	0	0	43	0	0	1	0	0	0	0	0	0	12	0	0	0	0	0	0	0	0	63	59	0	0	0	0	0	16	0	0	171	0	0	0	0	0	0	0	0	0	0	0	0	0	0	0	0	164	0	0	0	0	0	0	0	30	0	0	1	0	0	0	0	0	2	0	0	0	48	0	0	0	0	0	0	0	0	0	0	0	1	0	0	0	0	0	0	0	1	109	0	0	0	0	0	100	56	0	0	0	63	0	35	51	0	62	173	0	0	0	32	85	0	0	0	137	0	0	0	0	0	60	0	10	6	0	0	0	72	0	0	51	0	0	0	0	0	89	0	0	0	0	0	0	118	33	0	0	0	0	64	0	38	1	0	0	0	0	0	0	32	0	0	12	151	0	0	0	2	0	0	253	0	0	0	0	0	0	0	65	0	0	0	42	0	234	0	35	30	0	0	0	12	0	10	65	0	100	81	0	126	18	22	0	0	22	9	1	99	0	149	0	0	0	86	0	0	122	0	0	0	42	120	0	0	24	80	0	0	236	0	197	33	0	55	0	98	0	13	0	0	0	53	155	133	5	0	0	1	0	26	144	237	0	0	52	102	0	298	45	0	0	4	4	8	0	0	9	102	0	122	0	0	147	8	0	36	10	0	0	0	0	0	0	0	0	85	0	156	0	38	0	0	7	103	0	129	0	0	0	100	100	0	6	273	126	28	0	0	22	0	0	0	30	33	53	0	0	10	0	36	24	0	76	83	169	18	161	2	2	0	28	16	9	0	109	10	0	107	0	0	78	143	0	181	0	168	0	131	0	0	0	6	0	51	22	9	189	0	5	0	39	20	53	76	0	199	106	2	40	56	101	104	11	4	5	204	11	16	220	0	21	7	68	0	171	0	200	0	0	203	1	0	0	0	0	0	100	0	91	52	82	25	27	201	113	0	0	51	53	0	105	0	0	0	31	68	0	126	14	0	191	111	0	73	130	58	59	43	45	189	32	0	0	2	0	54	84	22	51	0	0	76	79	46	12	192	0	82	28	28	0	0	84	0	0	139	0	265	37	0	0	68	0	0	0	30	35	28	0	41	255	22	75	11	0	58	21	134	1	107	0	0	137	144	174	10	44	7	87	0	17	1	63	55	81	19	18	79	99	0	0	70	46	0	103	129	58	0	145	71	11	2	36	30	141	3	193	84	0	248	149	78	0	139	5	53	99	26	32	185	27	0	317	13	0	0	0	1	2	563	154	87	170	0	0	70	0	66	268	105	10	94	121	23	28	96	53	82	125	60	0	0	39	57	212	41	98	217	94	0	120	37	1	151	106	141	3	27	99	32	152	50	9	115	0	90	45	67	55	13	142	0	36	79	116	57	38	44	74	83	36	97	139	238	16	70	112	111	72	47	224	0	6	25	73	33	164	40	0	54	117	66	70	158	0	111	17	115	247	267	334	161	369	80	3	12	0	286	68	237	12	122	24	126	76	105	63	80	73	144	68	89	52	84	68	86	21	80	87	62	184	115	28	132	26
52	0	0	0	0	0	0	0	0	0	0	0	0	0	0	0	0	0	0	0	0	0	0	0	0	0	0	0	0	0	0	0	0	0	0	0	0	0	0	0	0	0	0	0	0	0	0	0	0	0	0	0	0	0	0	0	0	0	0	0	0	0	0	0	0	0	0	0	0	0	0	0	0	0	0	0	0	0	0	0	0	0	0	0	0	0	0	0	0	0	0	0	0	0	0	0	0	0	0	0	0	0	0	0	0	0	0	0	0	0	0	0	0	0	0	0	0	0	0	0	0	0	0	0	0	0	0	0	0	0	0	0	0	0	0	0	0	0	0	0	0	0	0	0	0	0	0	0	0	0	0	0	0	0	0	0	0	0	0	0	0	0	0	0	0	0	0	0	0	0	0	0	0	0	0	0	0	0	0	0	0	0	0	0	0	0	0	0	0	0	0	0	0	0	0	0	0	0	0	0	0	0	0	0	0	0	0	0	0	0	0	0	0	0	0	0	19	0	0	0	0	0	0	0	0	0	0	0	0	0	0	0	0	0	0	0	0	0	0	0	0	0	0	0	0	0	0	0	0	0	0	0	0	0	0	0	0	0	0	0	0	0	0	0	0	0	0	0	0	0	0	0	0	0	0	0	0	0	0	0	0	0	0	0	0	0	0	0	0	1	0	0	0	0	0	0	0	0	0	0	15	0	0	0	96	0	0	0	0	0	0	0	0	0	0	0	0	0	0	0	0	0	0	0	0	0	0	0	0	0	42	0	0	0	0	0	0	0	0	32	0	0	0	0	0	0	0	0	0	0	0	0	0	0	0	0	0	0	0	0	0	0	0	0	0	0	0	0	0	0	0	0	0	0	0	0	0	0	0	0	0	0	0	0	0	0	0	0	0	0	0	0	0	0	0	0	0	0	0	0	0	0	0	0	15	0	0	0	0	10	0	0	0	0	0	0	0	0	47	12	0	164	0	0	5	0	0	0	0	0	0	6	0	0	0	0	37	0	0	39	0	0	0	0	0	0	40	0	0	0	38	0	0	3	0	47	0	0	0	0	0	0	131	0	0	35	0	0	0	3	0	0	0	0	0	0	0	0	0	0	0	0	16	0	0	0	0	0	56	0	14	0	0	11	0	0	0	0	0	0	0	0	0	1	0	12	0	0	0	0	0	0	0	0	0	0	0	0	0	0	0	0	0	76	58	0	0	1	8	0	17	10	0	0	0	33	0	42	87	0	12	9	0	0	0	6	42	0	0	0	145	0	0	0	0	0	242	0	10	140	91	0	0	63	0	0	52	0	0	6	0	0	1	0	0	0	43	0	0	170	69	2	0	2	0	87	2	1	0	3	0	0	0	5	0	39	0	0	9	109	17	51	0	34	0	0	35	9	0	0	0	0	0	0	134	0	0	2	21	0	57	0	59	68	0	0	0	0	0	2	8	0	41	42	0	32	72	180	0	0	33	0	0	37	0	31	0	0	23	45	0	7	0	0	0	0	42	23	53	0	77	101	0	0	135	4	98	17	0	0	0	79	100	56	0	0	0	0	78	3	13	0	0	1	0	0	127	90	0	0	119	21	31	52	96	0	29	2	109	7	0	0	178	51	1	18	0	0	17	4	0	194	104	0	13	0	0	0	55	0	0	8	0	117	0	46	0	0	0	96	0	51	16	0	0	12	123	0	95	126	107	0	0	0	3	0	0	0	7	0	115	0	9	0	0	0	102	0	0	3	68	4	244	98	3	0	0	147	51	0	75	3	0	59	0	0	0	3	0	15	0	100	0	88	0	0	0	11	0	146	9	0	25	24	59	0	53	1	130	473	0	43	48	13	0	54	25	12	41	9	0	34	149	218	144	12	15	14	172	0	11	0	112	0	0	98	0	1	0	0	0	0	237	0	65	22	68	1	21	69	55	0	0	3	244	0	163	0	0	0	27	38	0	43	59	0	72	122	0	12	117	81	27	1	126	74	21	0	0	0	37	45	87	3	16	0	0	73	61	216	37	125	0	49	51	5	0	0	188	0	0	33	14	52	58	0	0	33	0	0	0	225	162	180	0	54	112	171	72	4	0	217	166	20	0	74	0	0	205	44	54	18	71	19	155	0	132	0	66	236	108	211	42	102	118	0	0	90	29	1	93	122	247	0	39	115	134	104	37	244	67	0	140	15	0	134	31	99	0	55	69	54	87	77	60	67	232	0	118	187	3	4	0	2	4	206	37	93	25	0	9	30	17	83	59	83	136	90	21	22	107	33	98	76	42	34	48	12	89	19	52	15	64	32	62	8	4	253	1	148	42	91	194	96	134	40	151	110	15	148	0	331	96	141	62	224	8	0	47	75	11	49	27	95	83	67	103	49	18	41	120	66	117	49	140	282	54	2	2	295	249	128	38	21	12	175	61	8	51	133	0	171	39	85	58	46	83	33	35	115	1	0	0	57	70	56	72	17	153	199	43	98	38	60	146	76	64	48	140	37	87	88	122	49	80	42	210	94	3	63	151
53	0	0	0	0	0	0	0	0	0	0	0	0	0	0	0	0	0	0	0	0	0	0	0	0	0	0	0	0	0	0	0	0	0	0	0	0	0	0	0	0	0	0	0	0	0	0	0	0	0	0	2	0	0	0	0	0	0	0	0	0	0	0	0	0	0	0	0	0	0	0	0	0	0	0	0	0	0	0	0	0	0	0	0	0	0	0	0	0	0	0	0	0	0	0	0	0	0	0	0	0	0	0	0	0	0	0	0	0	0	0	0	0	0	0	0	0	0	0	0	0	0	0	0	0	0	0	0	0	0	0	0	0	0	0	0	0	0	0	0	0	0	0	0	0	0	0	0	0	0	0	0	0	0	0	0	0	0	0	0	0	0	0	0	0	0	0	0	0	0	0	0	0	0	0	0	0	0	0	0	0	0	0	0	0	0	0	0	0	0	0	0	0	0	0	0	0	0	0	0	0	0	0	0	0	0	0	0	0	0	0	0	0	0	0	0	0	0	0	0	0	0	0	0	0	0	0	0	0	0	0	0	0	0	0	0	0	0	0	0	0	0	0	0	0	0	0	0	0	0	0	0	0	0	0	0	0	0	0	0	0	0	0	0	0	0	0	0	0	0	5	0	0	0	0	0	0	0	0	0	0	0	0	0	0	0	0	0	0	0	0	0	0	0	0	0	0	0	0	0	0	0	0	0	0	0	0	0	0	0	0	0	0	0	0	0	0	0	0	0	0	0	0	0	0	0	0	0	0	0	0	0	0	0	0	0	0	0	0	0	0	0	0	0	0	0	0	0	0	0	0	0	0	31	0	0	0	0	0	0	0	0	0	0	0	0	0	0	0	0	0	0	0	0	0	0	0	0	0	0	0	0	0	0	0	0	0	0	0	0	0	0	0	0	0	0	0	0	1	0	0	0	0	0	0	0	0	0	0	0	0	0	0	0	0	0	0	0	0	0	0	0	0	0	0	0	0	0	0	0	0	0	0	0	0	0	77	0	0	0	0	0	0	0	0	0	0	0	0	0	0	0	0	0	0	0	0	0	0	0	0	0	0	0	0	0	0	0	0	0	0	0	0	0	0	0	0	0	0	0	0	0	0	0	0	0	0	0	0	0	0	0	0	0	0	0	0	0	0	0	0	0	0	0	0	0	0	0	0	0	0	0	0	0	0	0	0	0	0	0	0	0	0	0	27	0	0	0	0	0	0	0	0	0	0	114	0	0	38	0	0	0	0	0	0	0	45	0	0	0	192	0	0	0	0	0	142	0	0	0	0	0	0	0	0	0	0	0	0	0	0	0	0	0	0	0	0	0	0	0	0	0	0	0	0	37	0	0	0	0	0	0	0	0	0	0	0	0	0	0	0	0	0	0	0	0	311	0	0	0	0	0	0	0	60	0	0	0	19	0	36	0	0	0	0	0	0	0	0	0	42	0	0	77	0	150	0	0	0	0	0	0	0	0	0	186	0	0	0	190	0	0	0	0	0	0	0	0	0	0	131	0	0	0	0	0	0	0	0	0	0	32	2	117	0	0	0	9	0	0	0	0	0	0	0	0	87	0	0	0	69	0	0	80	0	0	0	0	0	0	0	0	33	1	0	0	0	0	20	0	0	100	0	0	0	0	0	0	0	0	0	0	0	157	0	124	0	0	0	0	0	0	0	0	0	2	0	0	132	23	63	0	0	0	0	0	0	0	44	0	62	0	0	0	0	0	52	0	0	56	3	0	85	0	0	0	0	0	0	0	120	0	0	0	0	0	0	150	0	88	0	82	0	0	0	0	0	0	0	0	0	0	72	0	0	0	85	0	0	26	0	147	2	0	0	38	65	0	0	0	0	46	30	0	151	0	0	0	8	0	12	0	0	0	0	50	0	0	0	0	0	0	101	0	127	88	150	0	74	140	83	0	0	0	86	0	25	0	0	0	54	107	0	50	30	0	11	138	0	0	18	106	160	0	128	11	0	0	0	0	0	0	0	0	15	0	0	14	0	155	48	36	0	63	55	17	0	0	0	0	3	0	0	174	16	0	0	0	0	0	0	56	276	49	0	130	46	118	83	0	0	0	142	0	0	34	0	0	0	105	135	24	19	0	52	0	62	0	67	59	20	104	42	75	88	0	1	147	0	0	78	114	25	0	176	60	271	152	227	123	26	0	59	34	0	50	195	114	0	49	0	89	55	38	0	120	59	0	126	255	0	0	0	0	0	31	303	120	186	0	0	2	0	126	92	147	101	19	110	136	51	0	33	142	141	0	0	0	63	106	209	58	180	108	64	0	0	92	0	70	22	102	102	86	69	0	22	194	0	17	0	19	137	65	117	72	0	0	70	37	116	50	105	100	60	57	20	13	57	42	44	10	19	49	131	62	145	0	35	80	98	34	77	33	0	91	21	90	89	161	0	179	28	2	60	42	65	82	93	9	0	0	0	132	16	66	0	3	108	80	29	70	133	96	46	52	40	52	64	0	45	44	0	36	72	100	89	159	0	45	24
54	0	0	0	0	0	0	0	0	0	0	0	0	0	0	0	0	0	0	0	0	0	0	0	0	0	0	0	0	0	0	0	0	0	0	0	0	0	0	0	0	0	0	0	0	0	0	0	0	0	0	0	0	0	0	0	0	0	0	0	0	0	0	0	0	0	0	0	0	0	0	0	0	0	0	0	0	0	0	0	0	0	0	0	0	0	0	0	0	0	0	0	0	0	0	0	0	0	0	0	0	0	0	0	0	0	0	0	0	0	0	0	0	0	0	0	0	0	0	0	0	0	0	0	0	0	0	0	0	0	0	0	0	0	0	0	0	0	0	0	0	0	0	0	0	0	0	0	0	0	0	0	0	0	0	0	0	0	0	0	0	0	0	0	0	0	0	0	0	0	0	0	0	0	0	0	0	0	0	0	0	0	0	0	0	0	0	0	0	0	0	0	0	0	0	0	1	0	0	0	0	0	0	0	0	0	0	0	0	0	0	0	0	0	0	0	0	0	0	0	0	0	0	0	0	0	0	0	0	0	0	0	0	0	0	0	0	0	0	0	0	0	0	0	0	0	0	0	0	0	0	0	0	0	0	0	0	0	0	0	0	0	0	0	0	0	0	0	0	0	0	0	0	0	0	0	0	0	0	0	0	0	0	0	0	0	0	0	0	0	0	0	0	0	0	0	0	0	0	0	0	0	0	0	0	0	0	0	0	0	0	0	0	0	0	0	0	0	0	0	0	0	0	0	0	0	0	0	0	0	0	0	0	0	0	0	0	0	0	0	0	0	0	0	0	0	0	0	0	0	0	0	0	0	0	0	0	0	0	0	0	0	0	0	0	0	0	0	0	0	0	0	0	0	0	0	0	0	0	0	0	0	0	0	0	0	0	0	0	0	0	0	0	0	0	0	0	0	0	0	0	0	0	0	0	0	0	0	0	0	0	0	0	0	0	0	0	0	0	0	0	0	0	0	0	0	0	0	0	0	0	0	0	0	0	0	4	0	0	0	0	0	0	0	0	0	0	0	0	0	0	0	0	0	0	0	0	0	0	0	0	0	0	0	0	0	0	0	0	0	0	0	0	0	0	0	0	0	0	0	0	0	0	0	0	0	0	0	0	0	0	0	0	0	0	0	0	0	0	0	0	0	0	0	0	0	0	0	0	0	0	0	0	0	0	0	0	0	0	0	0	0	0	0	105	0	0	0	0	0	0	0	0	0	0	52	0	0	76	0	0	0	0	0	0	0	22	0	0	0	36	0	0	0	0	0	60	0	0	0	0	0	0	0	0	0	0	0	0	0	0	0	0	0	0	0	0	0	0	0	0	0	0	0	0	0	0	0	0	0	0	0	0	0	0	0	0	0	0	0	0	0	0	0	0	0	2	0	0	0	0	0	0	0	228	0	0	0	133	0	50	0	0	0	0	0	0	0	0	0	0	0	0	139	0	57	0	0	0	0	0	0	0	0	0	9	0	0	0	23	0	0	0	0	0	0	0	0	0	0	6	0	0	0	0	0	0	0	0	0	0	0	0	0	0	0	0	0	0	0	0	0	0	0	0	3	102	2	0	0	22	0	0	29	0	0	0	0	0	0	0	0	170	0	0	0	0	0	0	0	0	26	0	0	0	0	0	0	0	0	0	0	0	83	0	201	0	0	0	0	0	0	0	0	0	0	0	0	7	73	0	0	0	0	0	0	0	0	0	0	3	0	0	0	0	0	47	0	0	0	0	0	118	0	0	0	0	0	0	0	48	0	0	0	0	0	0	64	0	59	0	44	0	0	0	0	0	0	0	0	0	0	72	0	0	0	100	0	0	46	0	119	107	0	0	77	279	0	0	0	0	33	96	0	53	0	0	0	50	0	206	0	0	0	0	79	0	0	0	0	0	0	153	0	47	187	169	0	130	78	9	0	0	0	52	0	50	0	0	0	236	38	0	58	136	0	0	125	0	0	56	47	133	0	53	0	0	0	0	0	0	0	0	0	0	0	0	179	15	56	105	0	0	77	85	0	0	0	0	0	0	0	0	172	0	0	0	0	0	0	0	31	176	42	0	130	84	172	176	0	0	0	109	0	0	122	0	0	0	23	31	31	43	0	50	0	239	0	98	37	0	33	165	44	79	0	0	81	0	0	30	186	97	0	128	33	36	28	125	46	121	0	83	70	0	157	113	197	0	22	0	69	138	152	0	32	106	0	191	164	0	0	0	0	0	34	39	67	66	0	0	53	0	117	105	76	8	0	181	190	121	0	50	17	50	12	0	0	47	71	66	34	174	38	83	0	0	93	0	142	66	28	42	86	104	0	57	175	0	31	0	32	53	52	10	47	0	0	9	72	65	109	22	110	147	214	164	19	61	157	72	13	100	103	143	124	46	0	0	78	28	125	26	83	0	215	74	40	61	144	0	40	94	166	96	66	134	101	137	178	0	0	0	68	120	115	0	42	211	106	101	36	81	125	218	108	82	100	160	0	20	29	0	35	82	331	53	220	0	114	134
55	0	0	0	0	0	0	0	0	0	0	0	0	0	0	0	0	0	0	0	0	0	0	0	0	0	0	0	0	0	0	0	0	0	0	0	0	0	0	0	0	0	0	0	0	0	0	0	0	0	0	0	0	0	0	0	0	0	0	0	0	0	0	0	0	0	0	0	0	0	0	0	0	0	0	0	0	0	0	0	0	0	0	0	0	0	0	0	0	0	0	0	0	0	0	0	0	0	0	0	0	0	0	0	0	0	0	0	0	0	0	0	0	0	0	0	0	0	0	0	0	0	0	0	0	0	0	0	0	0	0	0	0	0	0	0	0	0	0	0	0	0	0	0	0	0	0	0	0	0	0	0	0	0	0	0	0	0	0	0	0	0	0	0	0	0	0	0	0	0	0	0	0	0	0	0	0	0	0	0	0	0	0	0	0	0	0	0	0	0	0	0	0	0	0	0	0	0	0	0	0	0	0	0	0	0	0	0	0	0	0	0	0	0	0	0	0	0	0	0	0	0	0	0	0	0	0	0	0	0	0	0	0	0	0	0	0	0	0	0	0	0	0	0	0	0	13	0	0	0	0	0	0	0	0	0	0	0	0	0	0	0	0	0	0	0	0	0	0	0	0	0	0	0	0	0	0	0	0	0	0	0	0	0	0	0	0	0	0	0	0	0	0	0	0	0	0	0	0	0	0	0	0	0	0	0	0	0	0	0	0	0	0	0	0	0	0	0	0	0	0	0	0	0	0	0	0	0	0	0	0	0	0	0	0	0	0	0	0	0	0	0	0	0	0	0	0	0	0	0	0	0	0	0	0	0	0	0	0	0	0	0	0	0	0	0	0	0	0	0	0	0	0	0	0	0	0	0	0	0	0	0	0	0	0	0	0	0	0	0	0	0	0	0	0	0	0	0	0	0	0	0	0	0	0	0	0	0	0	0	0	0	0	0	0	0	0	0	0	0	0	0	0	0	0	0	0	0	0	0	0	0	0	0	0	0	0	0	0	0	0	0	0	0	0	0	0	0	0	0	0	0	0	0	0	0	0	0	0	0	0	0	0	0	0	0	0	0	0	0	0	0	0	0	0	0	0	0	0	0	0	0	0	0	0	0	0	0	0	0	0	0	0	0	0	0	0	0	0	0	0	0	0	0	0	0	0	0	0	0	0	0	0	0	0	0	0	0	0	0	0	0	0	0	7	0	0	0	0	0	0	0	0	0	0	39	0	0	120	0	0	0	0	0	0	0	4	0	0	0	32	0	0	0	0	0	31	0	0	0	0	0	0	0	0	0	0	0	0	0	0	0	0	0	0	0	0	0	0	0	0	0	0	0	0	0	0	0	0	0	0	0	0	0	0	0	0	0	0	0	0	0	0	0	0	0	29	0	0	0	0	0	0	0	81	0	0	0	121	0	142	0	0	0	0	0	0	0	0	0	0	0	0	88	0	213	0	0	0	0	0	0	0	0	0	0	0	0	0	219	0	0	0	0	0	0	0	0	0	0	53	0	0	0	0	0	0	0	0	0	0	0	0	0	0	0	0	0	0	0	0	0	0	0	0	0	67	20	0	0	0	0	0	2	0	0	0	0	0	0	0	0	0	0	0	0	0	0	0	0	0	27	0	0	0	0	0	0	0	0	0	0	0	115	0	32	0	0	0	0	0	0	0	0	0	0	0	0	101	110	188	0	0	0	0	0	0	0	0	0	7	0	0	0	0	3	110	0	0	0	0	0	28	0	0	0	0	0	0	0	60	0	0	0	0	0	0	0	0	45	0	12	0	0	0	0	0	0	0	0	0	0	38	0	0	0	19	0	0	47	0	134	0	0	0	48	51	0	0	0	0	30	0	0	69	0	0	0	138	0	114	0	0	0	0	125	0	0	0	0	0	0	10	0	128	12	140	0	44	91	0	0	0	0	71	0	109	0	0	0	113	75	0	0	34	0	0	255	0	0	81	152	20	0	41	0	0	0	0	0	0	0	0	0	0	0	60	71	0	100	155	0	0	60	136	0	0	0	0	0	0	0	0	204	0	0	0	0	0	0	0	72	15	83	0	8	129	116	56	0	0	0	186	0	0	105	0	0	0	60	45	212	45	0	55	0	64	0	191	113	0	82	101	25	49	0	0	19	0	0	122	47	26	0	77	64	336	26	60	75	23	0	26	186	0	112	100	83	0	32	0	26	64	17	0	68	39	0	60	60	0	0	0	0	0	71	139	54	188	0	0	129	0	119	294	179	117	0	50	51	13	0	223	51	291	0	0	0	47	43	68	116	74	96	132	0	0	121	0	47	267	36	184	71	89	0	111	50	0	65	0	29	114	35	77	63	0	0	134	215	130	40	23	243	171	83	64	149	120	48	47	169	100	0	9	74	107	0	0	84	24	240	44	115	0	99	22	86	38	105	0	125	154	0	33	86	75	63	13	24	0	0	0	139	166	37	0	10	116	360	111	78	51	106	91	239	92	31	87	1	164	213	0	74	128	78	54	69	0	152	40
56	0	0	0	0	0	0	0	0	0	0	0	0	0	0	0	0	0	0	0	0	0	0	0	0	0	0	0	0	0	0	0	0	0	0	0	0	0	0	0	0	0	0	0	0	0	0	0	0	0	0	0	0	0	0	0	0	0	0	0	0	0	0	0	0	0	0	0	0	0	0	0	0	0	0	0	0	0	0	0	0	0	0	0	0	0	0	0	0	0	0	0	0	0	0	0	0	0	0	0	0	0	0	0	0	0	0	0	0	0	0	0	0	0	0	0	0	0	0	0	0	0	0	0	0	0	0	0	0	0	0	0	0	0	0	0	0	0	0	0	0	0	0	0	0	0	0	0	0	0	0	0	0	0	0	0	0	0	0	0	0	0	0	0	0	0	0	0	0	0	0	0	0	0	0	0	0	0	0	0	0	0	0	0	0	0	0	0	0	0	0	0	0	0	0	0	0	0	0	0	0	0	0	0	0	0	0	0	0	0	0	0	0	0	0	0	0	0	0	0	0	0	0	0	0	0	0	0	0	0	0	0	0	0	0	0	0	0	0	0	0	0	0	0	0	0	0	0	0	0	0	0	0	0	0	0	0	0	0	0	0	0	0	0	0	0	0	0	0	0	0	0	0	0	0	0	0	0	0	0	0	0	0	0	0	0	0	0	0	0	0	0	0	0	0	0	0	0	0	0	0	0	0	0	0	0	0	0	0	0	0	0	0	0	0	0	0	0	0	0	0	0	0	0	0	0	0	0	0	0	0	0	0	0	0	0	0	0	0	0	0	0	0	0	0	0	0	0	0	0	0	0	0	0	0	0	0	0	0	0	0	0	0	0	0	0	0	0	0	0	0	0	0	0	0	0	0	0	0	0	0	0	0	0	0	0	0	0	0	0	0	0	0	0	0	0	0	0	0	0	0	0	0	0	0	0	0	0	0	0	0	0	0	0	0	0	0	0	0	0	0	0	0	0	0	0	0	0	0	0	0	0	0	0	0	0	57	0	0	0	0	0	0	0	0	0	0	0	0	0	0	0	0	0	0	0	0	0	0	0	0	0	0	0	0	0	0	0	0	0	0	0	0	0	0	0	0	0	0	0	0	0	0	0	0	0	0	0	0	0	0	0	0	0	0	0	0	0	0	0	0	0	0	0	0	0	0	0	0	0	0	0	0	0	0	0	0	0	0	0	0	0	0	0	14	0	0	0	0	0	0	0	0	0	0	148	0	0	32	0	0	0	0	0	0	0	38	0	0	0	142	0	0	0	0	0	27	0	0	0	0	0	0	0	0	0	0	0	0	0	0	0	0	0	0	0	0	0	0	0	0	0	0	0	0	9	0	0	0	0	0	0	0	0	0	86	0	0	0	0	0	0	0	0	0	0	69	0	0	0	0	0	0	0	83	0	0	0	19	0	152	0	0	0	0	0	0	0	0	0	0	0	0	53	0	93	0	15	0	0	0	0	0	0	0	5	0	0	0	36	0	0	0	0	0	0	0	0	0	0	36	0	0	0	15	0	0	0	0	0	0	0	0	0	0	0	0	0	0	0	0	0	0	0	0	0	135	0	0	0	52	0	0	64	0	0	0	0	0	0	0	0	7	0	0	0	0	0	0	0	0	0	0	0	0	0	0	0	0	0	0	0	0	166	0	227	0	0	0	0	0	0	0	0	0	0	0	0	73	145	98	0	0	0	0	16	0	0	0	0	31	0	0	0	0	0	99	0	0	0	0	0	19	25	0	0	0	0	0	0	44	0	0	0	0	0	0	24	0	34	0	84	0	0	0	0	0	0	0	0	0	0	122	0	0	0	68	6	0	42	0	107	70	0	0	177	268	0	0	0	0	197	52	0	35	0	0	0	157	0	214	0	0	0	0	156	0	0	0	0	0	0	240	0	91	29	61	0	60	76	29	0	0	0	130	0	140	0	0	0	40	35	0	18	32	0	0	36	0	0	203	109	111	0	80	76	0	0	0	0	0	0	0	0	0	0	0	105	0	170	95	0	0	44	5	1	5	0	0	0	0	0	0	120	7	0	0	21	0	0	0	144	302	217	0	31	71	105	14	0	0	0	57	0	0	39	0	0	0	116	241	116	47	0	56	0	117	0	143	34	0	290	80	83	115	0	0	198	0	0	27	164	49	0	131	41	40	36	49	29	239	0	80	174	0	208	55	133	0	178	0	183	84	41	0	69	62	0	140	188	0	0	0	0	0	106	102	92	94	0	0	190	0	169	175	246	239	0	200	169	16	0	68	63	88	0	0	0	168	155	39	17	36	111	34	0	0	142	0	56	45	25	31	211	177	0	10	93	0	52	0	26	82	29	47	41	0	0	11	77	102	84	120	78	122	158	53	437	193	134	91	69	152	21	50	219	142	0	0	138	95	57	55	58	0	192	29	175	74	93	0	204	22	61	62	161	104	100	190	79	0	0	0	49	25	31	0	387	55	220	1	135	201	37	36	53	126	24	20	0	171	36	0	32	54	192	40	104	0	194	114
57	0	0	0	0	0	0	0	0	0	0	0	0	0	0	0	0	0	0	0	0	0	0	0	0	0	0	0	0	0	0	0	0	0	0	0	0	0	0	0	0	0	0	0	0	0	0	0	0	0	0	0	0	0	0	0	0	0	0	0	0	0	0	0	0	0	0	0	0	0	0	0	0	0	0	0	0	0	0	0	0	0	0	0	0	0	0	0	0	0	0	0	0	0	0	0	0	0	0	0	0	0	0	0	0	0	0	0	0	0	0	0	0	0	0	0	0	0	0	0	0	0	0	0	0	0	0	0	0	0	0	0	0	0	0	0	0	0	0	0	25	0	0	0	0	0	0	0	0	0	0	0	0	0	0	0	0	0	0	0	0	0	0	0	0	0	0	0	0	0	0	0	0	0	0	0	0	0	0	0	0	0	0	0	0	0	0	0	0	0	0	0	0	0	0	0	0	0	0	0	0	0	0	0	0	0	0	0	0	0	0	0	0	0	0	0	0	0	0	11	0	0	0	0	0	0	0	0	0	0	0	0	0	0	0	0	0	0	0	0	0	0	0	0	0	0	0	0	0	0	0	0	0	0	0	0	0	0	6	0	0	0	0	0	0	0	0	1	0	0	0	0	0	0	0	0	0	0	0	0	0	0	0	0	0	0	0	0	0	0	0	0	0	0	0	0	0	0	0	0	0	0	0	0	0	0	0	0	0	0	0	0	0	0	0	0	0	0	0	0	0	0	0	0	0	0	0	0	0	0	0	0	0	0	0	0	0	0	0	7	0	0	0	0	0	0	0	0	0	0	0	0	0	0	0	0	0	0	0	0	0	0	0	0	0	0	0	0	0	0	0	0	0	0	0	0	0	0	0	0	0	0	0	0	0	0	0	0	0	0	0	0	0	0	0	0	0	0	0	0	0	0	0	0	0	0	0	0	0	0	0	0	0	0	0	0	0	0	0	0	0	0	0	0	0	0	0	0	0	0	0	0	0	0	0	0	78	0	0	0	0	0	0	0	0	0	0	0	0	0	0	0	0	0	0	0	0	0	0	0	0	0	0	0	0	9	0	0	0	0	0	0	0	0	0	0	0	0	0	0	0	0	0	0	0	0	0	0	0	0	0	0	0	0	0	0	0	0	0	0	0	0	0	0	0	0	0	0	0	10	0	0	0	0	0	0	0	0	0	0	0	0	0	0	27	0	0	0	0	0	0	0	0	0	0	44	0	0	111	0	0	0	0	0	0	0	65	0	0	0	96	0	0	0	0	0	217	0	0	0	0	0	0	41	0	0	0	0	0	0	0	0	17	0	0	0	0	0	0	125	5	0	0	0	0	26	0	0	0	0	0	0	0	0	0	0	0	0	0	44	0	0	0	0	0	0	145	0	0	0	0	0	0	0	45	0	0	0	24	0	128	0	0	0	0	0	0	0	0	0	75	0	0	45	0	35	5	184	0	0	10	0	2	0	0	40	0	0	0	116	0	0	0	0	0	0	0	7	0	0	85	0	0	0	8	0	0	0	0	0	0	254	0	84	0	0	0	3	137	0	0	0	0	0	0	0	83	35	0	0	68	173	0	42	190	0	0	0	0	0	0	0	73	21	0	0	0	0	68	0	0	150	0	0	0	0	0	0	0	0	0	1	0	24	0	37	0	0	0	0	0	2	0	0	0	37	19	0	154	154	144	0	0	0	0	0	0	0	41	0	16	0	0	0	0	56	114	0	0	0	19	0	88	77	0	0	0	24	0	0	233	0	0	29	0	0	0	57	0	142	0	42	0	25	0	0	0	0	0	0	0	0	125	0	0	0	68	16	118	40	0	115	112	0	0	107	130	0	0	0	0	24	101	0	74	0	0	0	68	0	195	0	50	0	0	101	0	0	0	0	0	0	111	0	135	70	16	4	33	143	45	0	0	0	98	0	80	0	0	0	5	73	0	259	74	0	66	37	0	0	191	59	208	0	214	57	0	0	0	0	0	4	0	0	7	0	0	96	1	124	18	24	0	166	43	21	0	0	150	0	0	0	0	208	118	0	0	223	0	0	0	108	110	37	0	21	6	144	41	0	0	6	165	13	0	93	0	0	52	145	44	237	48	0	24	0	19	0	135	171	213	17	49	19	121	0	0	90	0	0	144	198	48	0	124	33	140	94	67	75	69	0	10	69	0	37	64	223	0	9	0	158	48	112	60	94	82	0	47	111	0	0	0	9	0	33	263	86	179	0	0	140	0	69	22	118	120	41	13	104	99	41	50	31	22	62	0	0	50	97	150	64	285	90	136	0	23	75	0	107	12	110	36	18	23	0	42	130	11	81	0	37	104	466	102	109	0	1	98	51	241	73	88	141	98	31	84	219	76	127	128	74	82	52	198	9	28	0	53	97	96	1	59	53	0	178	24	150	32	96	0	89	24	44	176	127	36	57	119	86	3	0	0	66	262	314	0	259	34	17	145	26	136	108	81	160	107	87	88	24	54	19	0	276	65	160	257	194	25	148	27
58	0	0	0	0	0	0	0	0	0	0	0	0	0	0	0	0	0	0	0	0	0	0	0	0	0	0	0	0	0	0	0	0	0	0	0	0	0	0	0	0	0	0	0	0	0	0	0	0	0	0	0	0	0	0	0	0	0	0	0	0	0	0	0	0	0	0	0	0	0	0	0	0	0	0	0	0	0	0	0	0	0	0	0	0	0	0	0	0	0	0	0	0	0	0	0	0	0	0	0	0	0	0	0	0	0	0	0	0	0	0	0	0	0	0	0	0	0	0	0	0	0	0	0	0	0	0	0	0	0	0	0	0	0	0	0	0	0	0	0	0	0	0	0	0	0	0	0	0	0	0	0	0	0	0	0	0	0	0	0	0	0	0	0	0	0	0	0	0	0	0	0	0	0	0	0	0	0	0	0	0	0	0	0	0	0	0	0	0	0	0	0	0	0	0	0	0	0	0	0	0	0	0	0	0	0	0	0	0	0	0	0	0	0	0	0	0	0	0	0	0	0	0	0	0	0	0	0	0	0	0	0	0	0	0	0	0	0	0	0	0	0	0	0	0	0	0	0	0	0	0	0	0	0	0	0	0	0	0	0	0	0	0	0	0	0	0	0	0	0	0	0	0	0	0	0	0	0	0	0	0	0	0	0	0	0	0	0	0	0	0	0	0	0	0	0	0	0	0	0	0	0	0	0	0	0	0	0	0	0	0	0	0	0	0	0	0	0	0	0	0	0	0	0	0	0	0	0	0	0	0	0	0	0	0	0	0	0	0	0	0	0	0	0	0	0	0	0	0	0	0	0	0	0	0	0	0	0	0	0	0	0	0	0	0	0	0	0	0	0	0	0	0	0	0	0	0	0	0	0	0	0	0	0	0	0	0	0	0	0	0	0	0	0	0	0	0	0	0	0	0	0	0	0	0	0	0	0	0	0	0	0	0	0	0	0	0	0	0	0	0	0	0	0	0	0	0	0	0	0	0	0	0	0	0	0	0	0	0	0	0	0	0	0	0	0	0	0	0	0	0	0	0	0	0	0	0	0	0	0	0	0	0	0	0	0	0	0	0	0	0	0	0	0	0	0	0	0	0	0	0	0	0	0	0	0	0	0	0	0	0	0	0	0	0	0	0	0	0	0	0	0	0	0	0	0	0	0	0	0	0	0	0	0	0	0	0	0	0	0	0	0	0	0	0	0	0	0	0	0	0	0	0	0	0	248	0	0	49	0	0	0	0	0	0	0	99	0	0	0	58	0	0	0	0	0	205	0	0	0	0	0	0	0	0	0	0	0	0	0	0	0	0	0	0	0	0	0	0	0	0	0	0	0	0	0	0	0	0	0	0	0	0	0	0	0	0	0	0	0	0	0	0	0	0	0	0	0	0	0	0	0	0	0	139	0	0	0	160	0	17	0	0	0	2	0	0	0	0	0	0	0	0	41	0	115	0	0	0	0	0	0	0	0	0	50	0	0	0	109	0	0	0	0	0	0	0	0	0	0	203	0	0	0	0	0	0	0	0	0	0	0	0	0	0	0	0	0	0	0	0	0	0	0	0	0	48	0	0	0	96	0	0	59	0	0	0	0	0	0	0	0	8	17	0	0	0	0	0	0	0	0	0	0	0	0	0	0	0	0	0	0	0	3	0	67	0	0	0	0	0	0	0	0	0	0	0	0	116	21	100	0	0	0	0	0	0	0	0	0	3	0	0	0	0	0	12	0	0	0	0	0	57	0	0	0	0	0	0	0	184	0	0	0	0	0	0	0	0	39	0	147	0	0	0	0	0	0	0	0	0	0	15	0	0	0	71	0	0	38	0	512	0	0	0	17	77	0	0	0	0	114	0	0	54	0	0	0	69	0	93	0	0	0	0	92	0	0	0	0	0	0	43	0	205	190	88	0	63	90	0	0	0	0	113	0	83	0	0	0	72	45	0	13	168	0	199	48	0	0	68	94	105	0	29	17	0	0	0	0	0	0	0	0	0	0	0	38	0	96	67	0	0	222	162	0	0	0	0	0	0	0	0	17	0	0	0	0	0	0	0	154	153	79	0	53	38	82	279	0	0	0	111	0	0	58	0	0	0	65	111	19	81	0	101	0	133	0	124	51	0	275	85	18	11	0	0	214	0	0	281	181	186	0	111	165	66	61	143	129	80	0	75	140	0	44	163	121	0	57	0	60	241	59	0	98	64	0	25	160	0	0	0	0	0	31	47	129	159	0	0	36	0	119	29	74	79	0	198	211	108	0	39	299	91	0	0	0	83	140	33	46	134	86	94	0	0	242	0	71	282	46	206	135	70	0	86	45	0	15	0	90	90	173	149	63	0	0	36	152	83	100	114	128	200	146	98	52	37	51	92	16	22	0	79	125	70	0	0	3	239	71	161	57	0	149	196	29	118	18	0	37	158	0	137	21	131	55	193	122	0	0	0	15	94	149	0	144	144	103	70	211	119	17	190	56	102	110	47	0	66	100	0	55	142	140	82	35	0	86	91
59	0	0	0	0	0	0	0	0	0	0	0	0	0	0	0	0	0	0	0	0	0	0	0	0	0	0	0	0	0	0	0	0	0	0	0	0	0	0	0	0	0	0	0	0	0	0	0	0	0	0	0	0	0	0	0	0	0	0	0	0	0	0	0	0	0	0	0	0	0	0	0	0	0	0	0	0	0	0	0	0	0	0	0	0	0	0	0	0	0	0	0	0	0	0	0	0	0	0	0	0	0	0	0	0	0	0	0	0	0	0	0	0	0	36	0	0	0	0	0	0	0	0	0	0	0	0	0	0	0	0	0	0	0	0	0	0	0	0	0	0	0	0	0	0	0	0	0	0	0	0	0	0	0	0	0	0	0	0	0	0	0	0	0	0	0	0	0	0	0	0	0	0	0	0	0	0	0	0	0	0	0	0	0	0	0	0	0	0	0	0	0	0	0	0	0	0	0	0	0	0	0	0	0	0	0	0	0	0	0	0	0	0	0	0	0	0	0	0	0	0	0	0	0	0	0	0	0	0	0	0	0	0	0	0	0	0	0	0	0	0	0	0	0	0	0	0	0	0	0	0	0	0	0	0	0	0	0	0	0	0	0	0	0	0	0	0	0	0	0	0	0	0	0	0	0	0	0	0	0	0	0	0	0	0	0	0	0	0	0	0	0	0	0	0	0	0	0	0	0	0	0	0	0	0	0	0	0	0	0	0	0	0	0	0	0	0	0	0	0	0	0	0	0	0	0	0	0	0	0	0	0	0	0	0	0	0	0	0	0	0	0	0	0	0	0	0	0	0	0	0	0	0	0	0	0	0	0	0	0	0	0	0	0	0	0	0	0	0	0	0	0	0	0	0	0	0	0	0	0	0	0	0	0	0	0	0	0	0	0	0	0	0	0	0	0	0	0	0	0	0	0	0	0	0	0	0	0	0	0	0	0	0	0	0	0	0	0	0	0	0	0	0	0	0	0	0	0	0	0	0	0	0	0	0	0	91	0	0	0	0	0	0	0	0	0	0	0	0	0	0	0	0	0	0	0	0	0	0	0	0	0	0	0	0	0	0	0	0	0	0	0	0	0	0	0	0	0	0	0	0	0	0	0	0	0	0	0	0	0	0	0	0	0	0	0	0	0	0	0	0	0	0	0	0	0	0	0	0	0	0	0	0	0	0	0	0	0	0	0	0	0	0	0	4	0	0	0	0	0	0	0	0	0	0	78	0	0	139	0	0	0	0	0	0	0	49	0	0	0	80	0	0	0	0	0	78	0	0	0	0	0	0	0	0	0	0	0	0	0	0	0	0	0	0	0	0	0	0	0	0	0	0	0	0	0	0	0	0	0	0	0	0	0	0	0	0	0	0	0	0	0	0	0	0	0	20	0	0	0	0	0	0	0	69	0	0	0	37	0	96	0	0	0	0	0	0	0	0	0	0	0	0	136	0	199	0	0	0	0	0	0	0	0	0	0	0	0	0	64	0	0	0	0	0	0	0	0	0	0	96	0	0	0	0	0	0	0	0	0	0	0	0	0	0	0	28	0	0	0	0	0	0	0	0	0	33	0	0	0	40	0	0	113	0	0	0	0	0	0	0	0	0	0	0	0	0	0	0	0	0	0	0	0	0	0	0	0	0	0	0	0	0	123	0	30	0	0	0	0	0	0	0	0	0	0	0	0	197	80	44	0	0	0	0	0	0	0	0	0	80	0	0	0	0	1	5	0	0	0	0	0	346	0	0	0	0	0	0	0	0	0	0	0	0	0	0	177	0	109	0	35	0	0	0	0	0	0	0	0	0	0	102	0	0	0	130	0	0	140	0	48	0	0	0	76	67	0	0	0	0	62	27	0	304	0	0	0	48	0	53	0	0	0	0	37	0	0	0	0	0	0	68	0	95	31	117	0	125	81	1	0	0	0	122	0	85	0	0	0	61	66	0	41	151	0	0	23	0	0	45	201	62	0	46	0	0	0	0	0	0	0	0	0	0	0	0	3	0	83	290	0	0	62	169	0	0	0	0	0	0	0	0	15	0	0	0	0	0	0	0	40	93	253	0	77	289	73	261	0	0	0	49	0	0	157	0	0	0	104	162	138	104	0	239	0	73	0	233	127	0	41	55	49	7	0	0	72	0	0	120	52	244	0	150	129	151	56	176	87	45	0	23	53	0	89	66	128	0	172	0	60	143	6	0	18	176	0	136	347	0	0	0	0	0	336	25	63	90	0	0	57	0	25	191	72	23	0	55	134	60	0	161	129	79	0	0	0	142	36	36	118	67	123	154	0	0	128	0	128	175	158	100	45	139	0	52	118	0	87	0	48	27	72	88	115	0	0	139	114	56	134	192	67	66	24	67	71	112	188	34	45	22	0	80	130	80	0	0	31	36	259	43	45	0	42	192	242	105	114	0	63	114	0	114	45	86	141	163	245	0	0	0	108	106	76	0	138	88	9	110	45	334	100	123	63	109	84	84	0	3	2	0	98	62	129	124	218	0	79	2
60	0	0	0	0	0	0	0	0	0	0	0	0	0	0	0	0	0	0	0	0	0	0	0	0	0	0	0	0	0	0	0	0	0	0	0	0	0	0	0	0	0	0	0	0	0	0	0	0	0	0	0	0	0	0	0	0	0	0	0	0	0	0	0	0	0	0	0	0	0	0	0	0	0	0	0	0	0	0	0	0	0	0	0	0	0	0	0	0	0	0	0	0	0	0	0	0	0	0	0	0	0	0	0	0	0	0	0	0	0	0	0	0	0	0	0	0	0	0	0	0	0	0	0	0	0	0	0	0	0	0	0	0	0	0	0	0	0	0	0	0	0	0	0	0	0	0	0	0	0	0	0	0	0	0	0	0	0	0	0	0	0	0	0	0	0	0	0	0	0	0	0	0	0	0	0	0	0	0	0	0	0	0	0	0	0	0	0	0	0	0	0	0	0	0	0	0	0	0	0	0	0	0	0	0	0	0	0	0	0	0	0	0	0	0	0	0	0	0	0	0	0	0	0	0	0	0	0	0	0	0	0	0	0	0	0	0	0	0	0	0	0	0	0	0	0	0	0	0	0	0	0	0	0	0	0	0	0	0	0	0	0	0	0	0	0	0	0	0	0	0	0	0	0	0	0	0	0	0	0	0	0	0	0	0	0	0	0	0	0	0	0	0	0	0	0	0	0	0	0	0	0	0	0	4	0	0	0	0	0	0	0	0	0	0	0	0	0	0	0	0	0	0	0	0	0	0	0	0	0	0	0	0	0	0	0	0	0	0	0	0	0	0	0	0	0	0	0	0	0	0	0	0	0	0	0	0	0	0	0	0	0	0	0	0	0	0	0	0	0	0	0	0	0	0	0	0	0	0	0	0	0	0	0	0	0	0	0	0	0	0	0	0	0	0	0	0	0	0	0	0	0	0	0	0	0	0	0	0	0	0	0	0	0	0	0	0	0	0	0	0	0	0	0	0	0	0	0	0	0	0	0	0	0	0	0	0	0	0	0	0	0	0	0	0	0	0	0	2	0	0	0	0	5	0	0	0	0	0	0	0	0	0	0	0	0	0	0	0	0	0	0	0	0	0	0	0	0	0	0	0	0	0	0	0	0	0	0	0	0	0	0	0	0	0	0	0	0	0	0	0	0	0	0	0	0	0	0	0	0	0	0	0	0	0	0	0	0	0	0	0	0	0	0	0	0	0	0	0	0	0	0	0	0	0	28	0	0	23	0	0	0	0	0	0	0	61	0	0	0	39	0	0	0	0	0	48	0	0	0	0	0	0	0	0	0	0	0	0	0	0	0	0	0	0	0	0	0	0	0	0	0	0	0	0	0	0	0	0	0	0	0	0	0	0	0	0	0	0	0	0	0	0	0	0	0	0	0	0	0	0	0	0	0	72	0	0	0	133	0	183	0	0	0	0	0	0	0	0	0	52	0	0	116	0	102	0	0	0	0	0	0	0	0	0	0	0	0	0	113	0	0	0	0	0	0	0	0	0	0	54	0	0	0	0	0	0	0	0	0	0	0	0	0	0	0	0	0	0	0	0	0	0	0	0	0	62	0	0	0	70	0	0	73	23	0	0	0	0	0	0	0	100	0	0	0	0	0	0	0	0	45	0	0	0	0	0	0	0	0	0	0	0	75	0	20	0	0	0	0	0	0	0	0	0	0	0	0	30	161	0	0	0	0	0	0	0	0	0	0	0	0	0	0	0	0	69	0	0	0	0	0	38	22	0	0	0	0	0	0	173	0	0	0	0	0	3	10	0	40	0	111	0	0	0	0	0	0	0	0	0	0	0	0	0	0	27	0	0	30	0	126	0	0	0	46	158	0	0	0	0	171	0	0	32	0	0	0	105	0	2	0	0	0	0	43	0	0	0	0	0	0	34	0	116	51	20	0	443	93	0	0	0	0	113	0	227	0	0	0	74	52	0	0	257	0	0	140	0	0	116	81	176	0	41	0	0	0	0	0	0	0	0	0	0	0	0	271	0	53	62	0	0	78	51	0	0	0	0	0	0	0	0	84	0	0	0	0	0	0	0	114	26	122	0	64	80	34	106	0	0	0	61	0	0	74	0	0	0	79	84	1	85	0	133	0	88	0	194	13	31	91	93	93	70	0	0	147	0	0	35	296	123	0	96	194	12	8	92	89	54	0	80	71	0	86	166	65	0	14	0	88	234	47	0	146	126	0	25	210	0	0	0	0	0	177	90	112	38	0	0	59	0	40	211	71	170	0	11	189	178	0	14	104	49	25	0	0	110	109	60	122	31	48	42	0	0	335	0	100	158	351	90	97	43	0	189	62	0	18	0	79	164	10	155	113	0	0	24	255	260	587	139	131	95	41	137	165	58	35	69	73	132	0	63	151	33	0	0	68	66	66	82	32	0	34	26	127	46	77	0	234	74	6	48	46	171	163	151	272	0	0	0	130	22	83	0	57	14	261	85	3	117	28	66	140	68	75	98	0	27	155	0	23	182	110	60	110	0	23	35
61	0	0	0	0	0	0	0	0	0	0	0	0	0	0	0	0	0	0	0	0	0	0	0	0	0	0	0	0	0	0	0	0	0	0	0	0	0	0	0	0	0	0	0	0	0	0	0	0	0	0	0	0	0	0	0	0	0	0	0	0	0	0	0	0	0	0	0	0	0	0	0	0	0	0	0	0	0	0	0	0	0	0	0	0	0	0	0	0	0	0	0	0	0	0	0	0	0	0	0	0	0	0	0	0	0	0	0	0	0	0	0	0	0	0	0	0	0	0	0	0	0	0	0	0	0	0	0	0	0	0	0	0	0	0	0	0	0	0	0	0	0	0	0	0	0	0	0	0	0	0	0	0	0	0	0	0	0	0	0	0	0	0	0	0	0	0	0	0	0	0	0	0	0	0	0	0	0	0	0	0	0	0	0	0	0	0	0	0	0	0	0	0	0	0	0	0	0	0	0	0	0	0	0	0	0	0	0	0	0	0	0	0	0	0	0	0	0	0	0	0	0	0	0	0	0	0	0	0	0	0	0	0	0	0	0	0	0	0	0	0	0	0	0	0	0	0	0	0	0	0	0	0	0	0	0	0	0	0	0	0	0	0	0	0	0	0	0	0	0	0	0	0	0	0	0	0	0	0	0	0	0	0	0	0	0	0	0	0	0	0	0	0	0	0	0	0	0	0	0	0	0	0	0	0	0	0	0	0	0	0	0	0	0	0	0	0	0	0	0	0	0	0	0	0	0	0	0	0	0	0	0	0	0	0	0	0	0	0	0	0	0	0	0	0	0	0	0	0	0	0	0	0	0	0	0	0	0	0	0	0	0	0	0	0	0	0	0	0	0	0	0	0	0	0	0	0	0	0	0	0	0	0	0	0	0	0	0	0	0	0	0	0	0	0	0	0	0	0	0	0	0	0	0	0	0	0	0	0	0	0	0	0	0	0	0	0	0	0	0	0	0	0	0	0	0	0	0	0	0	0	0	0	0	0	0	0	0	0	0	0	0	0	0	0	0	0	0	0	0	0	0	0	0	0	0	0	0	0	0	0	0	0	0	0	0	0	0	0	0	0	0	0	0	0	0	0	0	0	0	0	0	0	0	0	0	0	0	0	0	0	0	0	0	0	0	0	0	0	0	0	0	0	0	0	0	0	0	0	0	0	0	0	0	0	0	0	0	0	0	0	0	0	0	0	0	0	0	0	0	0	0	0	0	0	39	0	0	102	0	0	0	0	0	0	0	91	0	0	0	179	0	0	0	0	0	40	0	0	0	0	0	0	0	0	0	0	0	0	0	0	0	0	0	0	0	0	0	0	0	0	0	0	0	0	51	0	0	0	0	0	0	0	0	0	0	0	0	0	0	0	0	0	0	0	0	0	0	0	0	0	0	0	0	2	0	0	0	74	0	214	0	0	0	0	0	0	0	0	0	19	0	0	160	0	54	0	0	0	0	0	0	0	0	0	21	0	0	0	90	0	0	0	0	0	0	0	0	0	0	119	0	0	0	0	0	0	0	0	0	0	0	0	29	0	0	0	0	0	0	0	0	0	0	0	0	240	0	0	0	8	0	0	106	37	0	0	0	0	0	0	0	149	0	0	0	0	0	0	0	0	48	0	0	0	0	0	0	0	0	0	0	0	102	0	31	0	0	0	0	0	0	0	0	0	0	0	0	71	173	14	0	0	0	0	0	0	0	19	0	71	0	0	0	0	0	97	0	0	0	0	0	133	10	0	0	0	0	0	0	203	0	0	0	0	0	0	31	0	129	0	11	0	0	0	0	0	0	0	0	0	0	57	0	0	0	89	0	0	177	0	84	0	0	0	34	69	0	0	0	0	150	10	0	61	0	0	0	120	0	38	0	3	0	0	124	0	0	0	0	0	0	53	0	56	164	56	0	152	81	68	0	0	0	126	0	307	0	0	0	161	250	0	32	234	0	10	39	0	0	135	256	11	0	86	0	0	0	0	0	0	0	0	0	0	0	0	106	0	159	82	0	0	104	165	0	0	0	0	0	0	0	0	81	0	0	0	4	0	0	0	152	100	87	0	86	49	79	39	0	0	0	52	0	0	70	0	0	0	40	83	107	45	0	30	0	113	0	91	26	0	104	29	87	184	0	0	33	0	0	38	55	234	0	114	178	22	106	77	32	53	0	83	30	0	148	72	21	0	41	0	63	94	158	0	64	51	0	130	39	0	0	0	0	0	48	45	31	43	0	0	46	0	322	10	323	23	19	68	200	86	0	19	76	95	0	0	0	138	115	95	59	253	127	36	0	0	56	0	25	29	120	50	230	56	0	240	67	0	164	0	128	213	37	73	60	0	0	43	6	96	55	116	81	185	37	262	51	48	189	59	56	18	13	83	62	288	0	0	94	78	37	154	43	0	54	68	78	3	39	0	196	72	10	74	166	52	113	112	206	0	0	0	174	43	56	0	115	117	85	68	98	112	132	239	90	164	160	57	0	87	60	0	26	157	18	128	48	0	94	225
62	0	0	0	0	0	0	0	0	0	0	0	0	0	0	0	0	0	0	0	0	0	0	0	0	0	0	0	0	0	0	0	0	0	0	0	0	0	0	0	0	0	0	0	0	0	0	0	0	0	0	0	0	0	0	0	0	0	0	0	0	0	0	0	0	0	0	0	0	0	0	0	0	0	0	0	0	0	0	0	0	0	0	0	0	0	0	0	0	0	0	0	0	0	0	0	0	0	0	0	0	0	0	0	0	0	0	0	0	0	0	0	0	0	0	0	0	0	0	0	0	0	0	0	0	0	0	0	0	0	0	0	0	0	0	0	0	0	0	0	0	0	0	0	0	0	0	0	0	0	0	0	0	0	0	0	0	0	0	0	0	0	0	0	0	0	0	0	0	0	0	0	0	0	0	0	0	0	0	0	0	0	0	0	0	0	0	0	0	0	0	0	0	0	0	0	0	0	0	0	0	0	0	0	0	0	0	0	0	0	0	0	0	0	0	0	0	0	0	0	0	0	0	0	0	0	0	0	0	0	0	0	0	0	0	0	0	0	0	0	0	0	0	0	0	0	0	0	0	0	0	0	0	0	0	0	0	0	0	0	0	0	0	0	0	0	0	0	0	0	0	0	0	0	0	0	0	0	0	0	0	0	0	0	0	0	0	0	0	0	0	0	0	0	0	0	0	0	0	0	0	0	0	0	0	0	0	0	0	0	0	0	0	0	0	0	0	0	0	0	0	0	0	0	0	0	0	0	0	0	0	0	0	0	0	0	0	0	0	0	0	0	0	0	0	0	0	0	0	0	0	0	0	0	0	0	0	0	0	0	0	0	0	0	0	0	0	0	0	0	0	0	0	0	0	0	0	0	0	0	0	0	0	0	0	0	0	0	0	0	0	0	0	0	0	0	0	0	0	0	0	0	0	0	0	0	0	0	0	0	0	0	0	0	0	0	0	0	0	0	0	0	0	0	0	0	0	0	0	0	0	0	0	0	0	0	0	0	0	0	0	0	0	0	0	0	0	0	0	0	0	0	0	0	0	0	0	0	0	0	0	0	0	0	0	0	0	0	31	0	0	0	0	0	0	0	0	0	0	0	0	0	0	0	0	0	0	0	0	0	0	0	0	0	0	0	0	0	0	0	0	0	0	0	0	0	0	0	0	0	0	0	0	0	0	0	0	0	0	0	0	0	0	0	2	0	0	0	0	0	0	0	0	0	0	21	0	0	22	0	0	0	0	0	0	0	14	0	0	0	5	0	0	0	0	0	124	0	0	0	0	0	0	0	0	0	0	0	0	0	0	0	0	0	0	0	0	0	0	0	0	0	0	0	0	0	0	0	0	0	0	0	0	0	0	0	0	0	0	0	0	0	0	0	0	0	31	0	0	0	0	0	0	0	57	0	0	0	81	0	139	0	0	0	0	0	0	0	0	0	0	0	0	133	0	101	0	0	0	0	0	0	0	0	0	0	0	0	0	99	0	0	0	0	0	0	0	0	0	0	109	0	0	0	0	0	0	0	0	0	0	0	0	0	0	0	0	0	0	0	0	0	0	0	0	0	13	0	0	0	0	0	0	18	0	0	0	0	0	0	0	0	0	1	0	0	0	0	0	0	0	0	0	0	0	0	0	0	0	0	0	0	0	123	0	448	0	0	0	0	0	0	0	0	0	0	0	0	0	8	0	0	0	0	0	0	0	0	0	0	0	0	0	0	0	0	161	0	0	0	0	0	85	0	0	0	0	0	0	0	42	0	0	0	0	0	0	15	0	109	0	239	0	0	0	0	0	0	0	0	0	0	117	0	0	0	53	0	0	81	0	54	0	0	0	35	36	0	0	0	0	79	0	0	109	0	0	0	43	0	28	0	0	0	0	63	0	0	0	0	0	0	75	0	30	158	41	0	353	55	0	0	0	0	32	0	147	0	0	0	182	29	0	0	69	0	0	272	0	0	116	106	134	0	57	0	0	0	0	0	0	0	0	0	0	0	0	35	0	47	26	0	0	41	102	0	0	0	0	0	0	0	0	138	0	0	0	0	0	0	0	132	48	17	0	28	20	58	66	0	0	0	55	0	0	315	0	0	0	112	90	98	20	0	142	0	122	0	43	48	64	155	66	16	77	0	0	40	0	0	74	131	78	0	129	39	133	199	155	57	170	0	37	143	0	65	50	89	0	51	0	240	44	78	0	27	0	0	32	5	0	0	0	0	0	132	89	179	14	0	0	112	0	139	61	151	102	0	47	30	133	0	137	28	82	0	0	0	89	104	75	122	121	81	29	0	0	220	0	58	62	11	122	97	200	0	28	51	0	74	0	66	224	31	114	202	0	0	11	43	6	269	280	126	174	90	247	99	175	4	152	135	118	0	210	226	153	0	0	9	86	73	23	191	0	206	271	7	28	99	0	236	97	0	162	138	58	152	39	278	0	0	0	14	153	51	0	106	10	112	138	6	11	142	141	151	70	234	130	0	17	55	0	28	112	43	62	70	0	94	102
63	0	0	0	0	0	0	0	0	0	0	0	0	0	0	0	0	0	0	0	0	0	0	0	0	0	0	0	0	0	0	0	0	0	0	0	0	0	0	0	0	0	0	0	0	0	0	0	0	0	0	0	0	0	0	0	0	0	0	0	0	0	0	0	0	0	0	0	0	0	0	0	0	0	0	0	0	0	0	0	0	0	0	0	0	0	0	0	0	0	0	0	0	0	0	0	0	0	0	0	0	0	0	0	0	0	0	0	0	0	0	0	0	0	0	0	0	0	0	0	0	0	0	0	0	0	0	0	0	0	0	0	0	0	0	0	0	0	0	0	0	0	0	0	0	0	0	0	0	0	0	0	0	0	0	0	0	0	0	0	0	0	0	0	0	0	0	0	0	0	0	0	0	0	0	0	0	0	0	0	0	0	0	0	0	0	0	0	0	0	0	0	0	0	0	0	0	0	0	0	0	0	0	0	0	0	0	0	0	0	0	0	0	0	0	0	0	0	0	0	0	0	0	0	0	0	0	0	0	0	0	0	0	0	0	0	0	0	0	0	0	0	0	0	0	0	0	0	0	0	0	0	0	0	0	0	0	0	0	0	0	0	0	0	0	0	0	0	0	0	0	0	0	0	0	0	0	0	0	0	0	0	0	0	0	0	0	0	0	0	0	0	0	0	0	0	0	0	0	0	0	0	0	0	0	0	0	0	0	0	0	0	0	0	0	0	0	0	0	0	0	0	0	0	0	0	0	0	0	0	0	0	0	0	0	0	0	0	0	0	0	0	0	0	0	0	0	0	0	0	0	0	0	0	0	0	0	0	0	0	0	0	0	0	0	0	0	0	0	0	0	0	0	0	0	0	0	0	0	0	0	0	0	0	0	0	0	0	0	0	0	0	0	0	0	0	0	0	0	0	0	0	0	0	0	0	0	0	0	0	0	0	0	0	0	0	0	0	0	0	0	0	0	0	0	0	0	0	0	0	0	0	0	0	0	0	61	0	0	0	0	0	0	0	0	0	0	0	0	0	0	0	0	0	0	0	0	0	0	0	0	0	0	0	0	0	0	0	0	0	0	0	0	0	0	0	0	0	0	0	0	0	0	0	0	0	0	0	0	0	0	0	0	0	0	0	0	0	0	0	0	0	0	0	0	0	0	0	0	0	0	0	0	0	0	0	0	0	0	0	0	0	0	0	0	0	0	0	0	0	0	0	0	0	0	32	0	0	169	0	0	0	0	0	0	0	80	0	0	0	20	0	0	0	0	0	99	0	0	0	0	0	0	0	0	0	0	0	0	0	0	0	0	0	0	0	0	0	0	0	0	0	0	0	0	0	0	0	0	0	0	0	0	0	0	0	0	0	0	0	0	0	0	0	0	0	10	0	0	0	0	0	0	0	24	0	0	0	124	0	13	0	0	0	0	0	0	0	0	0	0	0	0	130	0	75	0	0	0	0	0	0	0	0	0	0	0	0	0	51	0	0	0	0	0	0	0	0	0	0	217	0	0	0	0	0	0	0	0	0	0	0	0	0	0	0	0	0	0	0	0	0	0	0	0	0	16	0	0	0	0	0	0	5	0	0	0	0	0	0	0	0	3	0	0	0	0	0	0	0	0	136	0	0	0	0	0	0	0	0	0	0	0	32	0	100	0	0	0	0	0	0	0	0	0	0	0	0	207	42	0	0	0	0	0	0	0	0	0	0	0	0	0	0	0	0	107	0	0	0	0	0	107	0	0	0	0	0	0	0	75	0	0	0	0	0	0	0	0	55	0	401	0	2	0	0	0	0	0	0	0	0	106	0	0	0	238	0	0	148	0	115	0	0	0	26	42	0	0	0	0	30	7	0	225	0	0	0	98	0	39	0	0	0	0	109	0	0	0	0	0	0	29	0	15	45	24	0	171	60	0	0	0	0	36	0	68	0	0	0	29	28	0	0	115	0	0	369	0	0	28	236	65	0	121	0	0	0	0	0	0	0	0	0	0	0	0	38	0	164	192	0	0	93	3	0	0	0	0	0	0	0	0	91	0	0	0	0	0	0	0	86	84	66	0	219	68	103	167	0	0	0	334	0	0	158	15	0	0	89	37	185	87	0	123	0	194	0	102	117	0	53	37	100	0	0	0	134	0	0	34	37	5	0	26	195	99	99	7	90	214	0	94	58	0	128	116	17	0	108	0	6	56	50	0	59	44	0	101	11	0	0	0	0	0	261	122	129	75	0	0	79	0	52	140	86	6	0	88	70	113	0	75	148	140	0	0	0	100	81	62	31	132	166	172	0	0	58	0	82	46	63	49	314	22	0	13	86	0	95	0	149	152	26	24	51	0	0	107	247	72	78	172	5	34	13	104	60	99	42	4	14	179	0	184	82	74	0	0	101	73	129	236	210	0	99	63	124	2	213	0	112	128	0	54	59	218	30	165	92	0	0	0	155	51	91	0	160	273	6	165	212	157	32	37	51	185	22	57	0	83	109	0	84	224	128	12	221	0	52	151
64	0	0	0	0	0	0	0	0	0	0	0	0	0	0	0	0	0	0	0	0	0	0	0	0	0	0	0	0	0	0	0	0	0	0	0	0	0	0	0	0	0	0	0	0	0	0	0	0	0	0	0	0	0	0	0	0	0	0	0	0	0	0	0	0	0	0	0	0	0	0	0	0	0	0	0	0	0	0	0	0	0	0	0	0	0	0	0	0	0	0	0	0	0	0	0	0	0	0	0	0	0	0	0	0	0	0	0	0	0	0	0	0	0	0	0	0	0	0	0	0	0	0	0	0	0	0	0	0	0	0	0	0	0	0	0	0	0	0	0	0	0	0	0	0	0	0	0	0	0	0	0	0	0	0	0	0	0	0	0	0	0	0	0	0	0	0	0	0	0	0	0	0	0	0	0	0	0	0	0	0	0	0	0	0	0	0	0	0	0	0	0	0	0	0	0	0	0	0	0	0	0	0	0	0	0	0	0	0	0	0	0	0	0	0	0	0	0	0	0	0	0	0	0	0	0	0	0	0	0	0	0	0	0	0	0	0	0	0	0	0	0	0	0	0	0	0	0	0	0	0	0	0	0	0	0	0	0	0	0	0	0	0	0	0	0	0	0	0	0	0	0	0	0	0	0	0	0	0	0	0	0	0	0	0	0	0	0	0	0	0	0	0	0	0	0	0	0	0	0	0	0	0	0	0	0	0	0	0	0	0	0	0	0	0	0	0	0	0	0	0	0	0	0	0	0	0	0	0	0	0	0	0	0	0	0	0	0	0	0	0	0	3	0	0	0	0	0	0	0	0	0	0	0	0	0	0	0	0	0	0	0	0	0	0	0	0	0	0	0	0	0	0	0	0	0	0	0	0	0	0	0	0	0	0	0	0	0	0	0	0	0	0	0	0	0	0	0	0	0	0	0	0	0	0	0	0	0	0	0	0	0	0	0	0	0	0	0	0	0	0	0	0	0	0	0	0	0	0	0	0	0	0	0	0	0	0	0	0	0	0	0	0	0	0	0	0	0	0	0	0	0	0	0	0	6	0	0	0	0	0	0	0	0	0	0	0	0	0	0	0	0	0	0	0	0	0	0	0	0	0	0	0	0	0	0	0	0	0	0	0	0	0	0	0	0	0	0	0	0	0	0	0	0	0	0	0	0	0	0	0	0	0	0	0	0	0	0	0	0	0	0	0	0	0	0	0	0	0	0	0	0	0	0	0	214	0	0	98	0	0	0	0	0	0	0	209	0	0	0	34	0	0	0	0	0	96	0	0	0	0	0	0	4	0	2	0	0	0	0	0	0	0	0	0	0	0	0	0	0	0	0	0	0	0	0	0	0	0	0	0	0	0	0	0	0	0	0	0	0	0	0	0	0	0	55	0	0	0	0	0	0	0	0	31	0	0	0	76	0	86	0	0	0	0	0	0	0	0	0	41	0	0	47	0	61	0	0	0	0	7	0	0	0	0	17	0	0	0	13	0	0	0	0	0	0	0	0	0	0	194	0	0	0	0	0	0	0	0	0	0	0	0	0	0	0	0	0	0	0	0	0	0	0	0	0	35	117	0	0	79	0	7	589	0	0	0	0	0	0	0	0	71	0	0	0	0	0	32	0	0	226	0	0	0	0	0	0	0	0	0	0	0	198	0	128	0	0	0	0	0	0	0	0	0	0	0	0	100	180	1	0	0	0	0	0	0	0	9	0	154	0	19	0	0	0	90	0	0	0	59	0	112	24	0	0	0	0	0	0	66	0	0	0	0	0	0	32	0	76	0	96	0	0	0	0	0	0	0	0	0	0	58	0	3	0	92	0	0	60	0	50	14	0	0	2	50	0	0	0	0	187	0	0	127	0	0	0	15	0	143	0	0	0	0	17	0	0	0	0	0	0	185	0	37	98	187	0	18	76	59	0	0	0	81	0	29	0	0	0	108	15	0	20	51	0	53	15	0	0	101	58	44	0	84	0	0	0	0	0	0	0	0	0	0	0	0	64	0	19	302	0	0	87	121	0	0	0	4	0	0	0	0	178	0	0	0	0	0	0	0	55	161	34	0	40	391	37	80	0	0	0	92	0	0	142	0	0	0	100	113	165	137	0	126	0	26	0	135	137	0	203	80	62	116	0	0	43	0	0	12	38	70	0	11	110	146	140	145	80	162	0	135	66	0	22	50	21	0	72	0	191	12	30	79	20	217	0	81	75	0	0	0	0	0	148	174	6	145	0	0	48	0	153	242	180	69	0	165	57	83	0	11	110	12	12	0	0	249	258	87	107	63	53	20	0	0	172	0	635	12	163	28	91	163	0	374	172	0	37	0	64	276	194	111	117	0	0	159	199	63	70	57	54	87	173	74	73	46	44	109	102	141	10	45	103	146	0	0	65	55	34	144	82	0	59	216	35	300	73	0	70	148	42	61	84	300	141	24	249	0	0	0	147	76	57	0	73	172	15	39	100	219	79	159	33	55	79	32	0	82	34	0	88	109	11	95	187	0	110	145
65	0	0	0	0	0	0	0	0	0	0	0	0	0	0	0	0	0	0	0	0	0	0	0	0	0	0	0	0	0	0	0	0	0	0	0	0	0	0	0	0	0	0	0	0	0	0	0	0	0	0	0	0	0	0	0	0	0	0	0	0	0	0	0	0	0	0	0	0	0	0	0	0	0	0	0	0	0	0	0	0	0	0	0	0	0	0	0	0	0	0	0	0	0	0	0	0	0	0	0	0	0	0	0	0	0	0	0	0	0	0	0	0	0	0	0	0	0	0	0	0	0	0	0	0	0	0	0	0	0	0	0	0	0	0	0	0	0	0	0	0	0	0	0	0	0	0	0	0	0	0	0	0	0	0	0	0	0	0	0	0	0	0	0	0	0	0	0	0	0	0	0	0	0	0	0	0	0	0	0	0	0	0	0	0	0	0	0	0	0	0	0	0	0	0	0	0	0	0	0	0	0	0	0	0	0	0	0	0	0	0	0	0	0	0	0	0	0	0	0	0	0	0	0	0	0	0	0	0	0	0	0	0	0	0	0	0	0	0	0	0	0	0	0	0	0	0	0	0	0	0	0	0	0	0	0	0	0	0	0	0	0	0	0	0	0	0	0	0	0	0	0	0	0	0	0	0	0	0	0	0	0	0	0	0	0	0	0	0	0	0	0	0	0	0	0	0	0	0	0	0	0	0	0	0	0	0	0	0	0	0	0	0	0	0	0	0	0	0	0	0	0	0	0	0	0	0	0	0	0	0	0	0	0	0	0	0	0	0	0	0	0	0	0	0	0	0	0	0	0	0	0	0	0	0	0	0	0	0	0	0	0	0	0	0	0	0	0	0	0	0	0	37	0	0	0	0	0	0	0	0	0	4	0	0	0	0	0	0	0	0	0	0	0	0	0	0	0	0	0	0	0	0	0	0	0	0	0	0	0	0	0	0	0	0	0	0	0	0	0	0	0	0	0	0	0	0	0	0	0	0	0	0	0	0	0	19	0	0	0	0	0	0	0	0	0	0	0	0	0	0	0	0	0	0	0	0	0	0	0	0	0	0	0	0	0	0	0	0	0	0	0	0	0	0	0	0	0	0	0	0	0	0	0	0	0	0	0	0	0	0	0	0	0	0	0	0	0	0	0	0	0	0	0	0	0	0	0	0	0	0	0	0	15	0	0	0	0	0	0	0	0	0	0	0	0	0	0	0	0	0	0	0	0	0	83	0	0	39	0	0	0	0	0	0	0	33	0	0	0	48	0	0	0	0	0	209	0	0	0	0	0	0	0	0	0	0	0	0	0	0	0	0	0	0	0	0	0	0	15	0	0	0	0	0	0	0	0	0	0	0	0	0	0	0	0	0	0	0	0	0	0	0	0	0	0	29	0	0	0	0	0	0	0	30	0	0	0	62	0	171	0	0	0	0	0	0	0	0	0	0	0	0	5	0	14	0	39	0	0	0	0	0	0	0	16	0	0	0	321	0	0	0	0	0	0	0	0	0	0	64	0	0	0	0	0	0	0	0	0	0	25	0	0	0	0	0	0	0	0	0	0	0	0	0	0	131	21	0	0	89	10	0	30	0	0	0	0	0	0	0	0	30	0	0	0	0	0	0	0	0	27	0	0	0	0	0	0	0	0	0	0	0	57	0	47	0	0	0	0	0	0	0	0	0	0	0	0	62	61	0	0	0	0	0	0	0	0	0	0	33	0	0	0	0	0	70	0	0	0	0	0	101	0	0	0	0	0	0	0	19	0	0	0	0	24	0	114	0	132	0	133	0	8	0	0	0	0	0	0	0	0	262	0	0	0	224	0	0	98	0	37	0	0	0	26	20	0	0	0	0	97	0	0	102	0	0	0	105	0	156	0	0	0	0	26	0	0	0	0	0	0	64	0	62	217	191	0	99	59	0	0	0	0	80	0	66	0	0	0	100	263	0	0	54	0	126	95	0	0	44	97	100	0	83	0	0	0	0	0	0	0	0	0	0	61	0	159	0	53	183	0	0	100	225	0	0	0	0	0	0	0	0	35	0	0	0	8	0	0	0	60	37	104	0	235	65	26	36	0	0	0	51	0	0	178	0	0	0	20	48	49	161	0	29	0	95	1	163	167	0	34	33	88	214	0	0	80	0	0	24	42	10	0	196	54	94	91	37	25	184	0	111	188	0	58	28	289	0	20	0	100	53	146	6	134	1	0	124	97	0	0	0	0	0	119	79	34	81	0	0	295	0	157	213	146	99	0	69	103	64	0	148	42	312	0	0	0	21	192	117	73	74	181	43	0	0	5	0	278	34	40	48	133	170	0	80	48	1	93	0	17	44	101	86	6	0	0	29	51	250	41	123	306	200	89	8	57	78	160	160	60	56	35	16	72	168	0	6	48	38	88	41	443	0	61	243	74	91	87	0	74	250	7	357	141	161	32	125	31	0	0	0	140	65	94	0	26	111	22	229	4	39	111	89	93	157	75	137	0	284	84	0	117	14	143	49	189	2	185	106
66	0	0	0	0	0	0	0	0	0	0	0	0	0	0	0	0	0	0	0	0	0	0	0	0	0	0	0	0	0	0	0	0	0	0	0	0	0	0	0	0	0	0	0	0	0	0	0	0	0	0	0	0	0	0	0	0	0	0	0	0	0	0	0	0	0	0	0	0	0	0	0	0	0	0	0	0	0	0	0	0	0	0	0	0	0	0	0	0	0	0	0	0	0	0	0	0	0	0	0	0	0	0	0	0	0	0	0	0	0	0	0	0	0	0	0	0	0	0	0	0	0	0	0	0	0	0	0	0	0	0	0	0	0	0	0	0	0	0	0	0	0	0	0	0	0	0	0	0	0	0	0	0	0	0	0	0	0	0	0	0	0	0	0	0	0	0	0	0	0	0	0	0	0	0	0	0	0	0	0	0	0	0	0	0	0	0	0	0	0	0	0	0	0	0	0	0	0	0	0	0	0	0	0	0	0	0	0	0	0	0	0	0	0	0	0	0	0	0	0	0	0	0	0	0	0	0	0	0	0	0	0	0	0	0	0	0	0	0	0	0	0	0	0	0	0	0	0	0	0	0	0	0	0	0	0	0	0	0	0	0	0	0	0	0	0	0	0	0	0	0	0	0	0	0	0	0	0	0	0	0	0	0	0	0	0	0	0	0	0	0	0	0	0	0	0	0	0	0	0	0	0	0	0	0	0	0	0	0	0	0	0	0	0	0	0	0	0	0	0	0	0	0	0	0	0	0	0	0	0	0	0	0	0	0	0	0	0	0	0	0	0	0	0	0	0	0	0	0	0	0	0	0	0	0	0	0	0	0	0	0	0	0	0	0	0	0	0	0	0	0	0	0	0	0	0	0	0	0	0	0	0	0	0	0	0	0	0	0	0	0	0	0	0	0	0	0	0	0	0	0	0	0	0	0	0	0	0	0	0	0	0	0	0	0	0	0	0	0	0	0	0	0	0	0	0	0	0	0	0	0	0	0	0	0	0	0	0	0	0	0	0	0	0	0	0	0	0	0	0	0	0	0	0	0	0	0	0	0	0	0	0	0	0	0	0	0	0	0	0	0	0	0	0	0	0	0	0	0	0	0	0	0	0	0	0	0	0	0	0	0	0	0	0	0	0	0	0	0	0	0	0	0	0	0	0	0	0	0	0	0	0	0	0	0	0	0	0	0	0	0	0	0	0	103	0	0	0	0	0	0	0	0	0	0	0	0	0	30	0	0	0	0	0	0	7	91	0	0	0	87	0	0	0	0	0	38	0	0	0	0	0	0	0	0	0	0	0	0	0	0	0	0	0	0	0	0	0	0	0	0	0	0	0	0	0	0	0	0	0	0	0	0	0	0	0	0	0	0	0	0	0	0	0	0	0	0	0	0	0	0	0	0	0	9	0	0	0	127	0	116	0	0	0	0	0	0	0	0	0	0	0	0	198	0	31	0	33	0	0	0	0	0	0	0	29	0	0	0	12	0	0	0	0	0	0	0	0	0	0	43	0	0	0	0	0	0	0	0	0	0	0	0	0	0	0	0	0	0	0	0	0	0	0	0	0	72	31	0	0	107	0	0	192	0	0	0	0	0	0	0	0	9	0	0	0	0	0	0	0	0	141	0	0	0	0	0	0	0	0	0	0	0	20	0	68	0	0	0	0	0	0	0	0	0	0	0	0	91	41	35	0	0	0	0	0	0	0	13	0	104	0	0	0	0	0	48	0	0	0	0	0	178	0	0	0	0	0	0	0	7	0	0	0	0	0	0	3	0	40	0	94	0	0	0	0	0	0	0	0	0	0	15	0	0	0	40	0	0	205	0	20	0	0	0	142	34	0	0	0	0	61	0	0	52	0	0	0	106	0	19	0	0	0	0	59	0	0	0	0	0	0	56	0	198	345	46	0	79	162	0	0	0	0	79	0	75	0	0	0	88	131	0	0	130	0	0	42	0	0	70	124	35	0	49	0	0	0	0	0	0	0	0	0	0	0	0	86	0	39	21	0	0	16	186	0	0	0	0	0	0	0	0	86	0	0	0	0	0	0	0	47	62	6	0	174	150	70	11	0	0	0	109	0	0	136	0	0	0	68	70	92	8	0	118	0	51	0	75	96	0	184	41	64	48	0	0	59	0	0	144	207	26	0	137	248	118	196	100	188	44	0	112	64	0	54	46	70	0	102	0	13	3	88	0	147	68	0	40	9	0	0	0	0	0	155	48	61	44	0	0	30	0	109	64	123	153	0	36	192	119	0	70	52	49	0	0	0	26	60	35	51	132	79	82	0	0	60	0	95	45	123	47	182	126	0	158	143	0	31	0	53	40	196	115	17	0	0	110	97	61	47	77	22	81	106	330	38	96	65	22	8	35	20	45	74	197	0	0	46	41	93	61	164	0	62	110	164	170	84	0	187	241	49	75	45	54	101	106	47	0	0	0	38	86	42	0	181	40	22	127	48	83	124	37	22	96	149	207	0	286	107	0	53	19	92	138	38	0	69	111
67	0	0	0	0	0	0	0	0	0	0	0	0	0	0	0	0	0	0	0	0	0	0	0	0	0	0	0	0	0	0	0	0	0	0	0	0	0	0	0	0	0	0	0	0	0	0	0	0	0	0	0	0	0	0	0	0	0	0	0	0	0	0	0	0	0	0	0	0	0	0	0	0	0	0	0	0	0	0	0	0	0	0	0	0	0	0	0	0	0	0	0	0	0	0	0	0	0	0	0	0	0	0	0	0	0	0	0	0	0	0	0	0	0	0	0	0	0	0	0	0	0	0	0	0	0	0	0	0	0	0	0	0	0	0	0	0	0	0	0	0	0	0	0	0	0	0	0	0	0	0	0	0	0	0	0	0	0	0	0	0	0	0	0	0	0	0	0	0	0	0	0	0	0	0	0	0	0	0	0	0	0	0	0	0	0	0	0	0	0	0	0	0	0	0	0	0	0	0	0	0	0	0	0	0	0	0	0	0	0	0	0	0	0	0	0	0	0	0	0	0	0	0	0	0	0	0	0	0	0	0	0	0	0	0	0	0	0	0	0	0	0	0	0	0	0	0	0	0	0	0	0	0	0	0	0	0	0	0	0	0	0	0	0	0	0	0	0	0	2	0	0	0	4	0	0	0	0	0	0	0	0	0	0	0	0	0	0	0	0	0	0	0	0	0	0	0	0	0	0	0	0	0	0	0	0	0	0	0	0	0	0	0	0	0	0	0	0	0	0	0	0	0	0	0	0	0	0	0	0	0	0	0	0	0	0	0	0	0	0	0	0	0	0	0	0	0	0	0	0	0	0	0	0	0	0	0	0	0	0	0	0	0	0	0	0	0	0	0	0	0	0	0	0	0	0	0	0	0	0	0	0	0	0	0	0	0	0	0	0	0	0	0	0	0	0	0	0	0	0	0	0	0	0	0	0	0	0	0	0	0	0	0	0	0	0	0	0	0	0	0	0	0	0	0	0	0	0	0	0	0	0	0	0	0	0	0	0	0	0	0	0	0	0	0	0	0	0	0	0	0	0	0	0	0	0	0	0	0	0	0	0	0	0	0	0	0	0	0	0	0	0	0	0	0	0	0	0	0	0	0	0	0	0	0	0	0	0	0	0	0	0	0	0	0	0	0	0	0	0	0	0	0	0	0	0	0	0	0	0	0	0	0	0	0	0	0	0	0	0	0	0	0	0	4	0	0	0	0	0	0	0	0	0	0	19	0	0	27	0	0	0	0	0	0	0	25	0	0	0	151	0	0	0	0	0	59	0	0	0	0	0	0	0	0	0	0	0	0	0	0	0	0	0	0	0	0	0	0	0	0	0	0	0	0	92	0	0	0	0	0	0	0	0	0	0	0	0	0	0	0	0	0	0	0	0	0	0	0	0	0	0	0	0	68	0	0	0	56	0	83	0	0	0	0	0	0	0	0	0	0	0	0	182	0	40	0	35	0	0	17	0	0	0	0	27	0	0	0	52	0	0	0	0	0	0	0	4	0	0	47	0	0	0	0	0	0	0	0	0	0	0	0	102	0	0	0	0	0	0	0	0	0	0	0	0	63	5	0	0	48	5	0	105	0	0	0	0	0	0	0	0	0	0	0	0	0	0	0	0	0	40	0	0	0	0	0	0	0	0	0	0	0	219	0	78	0	0	0	0	0	0	0	0	0	0	0	0	132	198	28	0	0	0	0	0	0	0	0	0	93	0	0	0	0	0	10	0	0	0	0	0	133	0	0	0	0	0	0	0	41	0	0	0	0	0	0	46	0	12	0	186	0	17	0	0	0	0	0	3	0	0	0	0	0	0	85	0	0	247	0	11	0	0	0	24	120	0	0	0	0	7	3	0	110	0	0	0	67	0	5	0	0	0	0	66	0	0	0	0	0	0	89	0	59	162	226	0	132	74	5	0	0	0	173	0	46	0	0	0	221	132	0	0	110	0	0	157	0	0	87	138	60	0	63	65	0	0	0	0	0	1	0	0	0	0	0	29	0	30	164	0	0	55	58	5	0	0	0	0	0	0	0	108	11	0	0	0	0	0	0	225	230	103	0	132	82	123	21	0	0	0	56	0	0	189	0	0	0	89	123	62	131	0	42	0	137	0	58	143	0	107	78	66	27	0	0	56	0	0	65	26	10	0	79	55	158	148	267	99	54	0	135	69	0	205	167	105	0	27	0	21	27	120	0	46	131	0	278	130	0	0	0	0	0	48	95	169	179	0	0	134	0	7	61	23	31	0	94	33	246	0	93	39	81	0	0	0	36	96	69	229	10	49	76	0	0	171	0	192	206	36	141	63	78	0	88	32	0	96	0	112	129	134	18	350	0	0	147	246	18	91	60	130	109	117	175	79	67	114	179	51	3	86	26	201	12	0	0	35	20	119	96	156	0	36	28	237	52	10	0	122	37	40	98	117	108	106	36	194	0	0	0	59	16	78	0	137	62	200	104	136	89	92	1	11	15	139	66	0	90	45	0	141	135	43	22	70	0	228	235
68	0	0	0	0	0	0	0	0	0	0	0	0	0	0	0	0	0	0	0	0	0	0	0	0	0	0	0	0	0	0	0	0	0	0	0	0	0	0	0	0	0	0	0	0	0	0	0	0	0	0	0	0	0	0	0	0	0	0	0	0	0	0	0	0	0	0	0	0	0	0	0	0	0	0	0	0	0	0	0	0	0	0	0	0	0	0	0	0	0	0	0	0	0	0	0	0	0	0	0	0	0	0	0	0	0	0	0	0	0	0	0	0	0	0	0	0	0	0	0	0	0	0	0	0	0	0	0	0	0	0	0	0	0	0	0	0	0	0	0	0	0	0	0	0	0	0	0	0	0	0	0	0	0	0	0	0	0	0	0	0	0	0	0	0	0	0	0	0	0	0	0	0	0	0	0	0	0	0	0	0	0	0	0	0	0	0	0	0	0	0	0	0	0	0	0	0	0	0	0	0	0	0	0	0	0	0	0	0	0	0	0	0	0	0	0	0	0	0	0	0	0	0	0	0	0	0	0	0	0	0	0	0	0	0	0	0	0	0	0	0	0	0	0	0	0	0	0	0	0	0	0	0	0	0	0	0	0	0	0	0	0	0	0	0	0	0	0	0	0	0	0	0	0	0	0	0	0	0	0	0	0	0	0	0	0	0	0	0	0	0	0	0	0	0	0	0	0	0	0	0	0	0	0	0	0	0	0	0	0	0	0	0	0	0	0	0	0	0	0	0	0	0	0	0	0	0	0	0	0	0	0	0	0	0	0	0	0	0	0	0	0	0	0	0	0	0	0	0	0	0	0	0	0	0	0	0	0	0	0	0	0	0	0	0	0	0	0	0	0	0	0	0	0	0	0	0	0	0	0	0	0	0	0	0	0	0	0	0	0	0	0	0	0	0	0	0	0	0	0	0	0	0	0	0	0	0	0	0	0	0	0	0	0	0	0	0	0	0	0	0	0	0	0	0	0	0	0	12	0	0	0	0	0	0	0	0	0	0	0	0	0	0	0	0	0	0	0	0	0	0	0	0	0	0	0	0	0	0	0	0	0	0	0	0	0	0	0	0	0	0	0	0	0	0	0	0	0	0	0	0	0	0	0	0	0	0	0	0	0	0	0	0	0	0	0	0	0	0	0	0	0	0	0	0	0	0	0	0	0	0	0	0	0	0	0	0	0	0	0	0	0	0	0	0	0	0	0	0	0	0	0	0	0	0	323	0	0	26	0	1	0	0	0	0	0	116	0	0	0	108	0	0	0	0	0	37	0	0	0	0	0	0	0	0	0	0	0	0	0	0	0	0	0	0	0	0	0	1	31	0	0	0	0	0	0	0	0	0	0	0	0	0	0	0	0	0	0	0	0	0	0	0	0	0	0	135	0	0	0	0	0	0	0	49	0	0	0	174	0	120	0	0	0	0	0	0	0	0	0	0	0	0	26	0	61	0	3	0	0	61	0	0	0	30	87	0	0	0	34	0	0	0	0	0	0	0	0	0	0	48	0	0	0	0	0	0	0	0	0	0	0	0	0	0	0	0	0	1	0	0	0	0	0	0	0	80	94	0	0	86	0	0	102	0	0	0	0	0	0	0	0	19	0	0	0	0	0	0	0	0	10	0	0	0	0	0	0	0	0	0	0	0	8	0	41	0	0	0	0	0	0	0	0	0	0	0	0	198	8	55	0	0	0	0	0	0	0	8	0	53	0	0	0	0	0	206	0	0	0	0	0	109	24	0	0	0	0	0	0	34	0	0	0	0	0	0	51	0	96	0	178	0	66	0	0	0	0	0	0	0	0	102	0	0	0	167	0	0	126	0	230	35	0	0	49	228	0	0	0	0	83	26	0	150	0	0	0	238	0	6	0	83	0	0	57	0	0	0	0	0	0	62	0	151	51	33	0	50	134	2	0	0	0	92	0	131	0	0	0	112	56	0	0	83	0	10	82	0	0	31	123	56	0	15	12	0	0	0	0	0	0	0	0	1	0	0	181	0	45	111	0	0	53	143	0	0	0	0	0	0	0	0	86	0	0	0	25	0	0	0	86	217	78	0	191	108	212	114	0	0	0	83	0	0	92	0	0	0	15	17	56	27	0	88	0	105	0	54	21	189	114	24	23	87	0	0	94	0	0	65	123	26	0	20	150	34	103	168	82	144	0	118	59	0	200	77	153	0	94	0	178	47	127	0	154	27	0	32	75	0	0	0	0	0	147	49	246	29	0	0	123	0	88	151	59	61	0	22	108	128	21	166	43	10	38	0	0	100	340	230	68	144	62	50	0	0	61	0	28	154	165	233	51	222	0	16	290	0	53	0	72	74	40	13	19	0	0	129	93	35	63	82	94	70	204	152	35	189	54	14	17	42	91	75	99	57	0	0	62	162	66	122	110	0	154	84	55	12	100	0	95	259	53	39	39	110	9	78	73	0	0	0	61	37	241	0	78	67	105	119	160	84	156	186	198	282	91	92	0	130	48	0	94	195	114	49	103	0	99	65
69	0	0	0	0	0	0	0	0	0	0	0	0	0	0	0	0	0	0	0	0	0	0	0	0	0	0	0	0	0	0	0	0	0	0	0	0	0	0	0	0	0	0	0	0	0	0	0	0	0	0	0	0	0	0	0	0	0	0	0	0	0	0	0	0	0	0	0	0	0	0	0	0	0	0	0	0	0	0	0	0	0	0	0	0	0	0	0	0	0	0	0	0	0	0	0	0	0	0	0	0	0	0	0	0	0	0	0	0	0	0	0	0	0	0	0	0	0	0	0	0	0	0	0	0	0	0	0	0	0	0	0	0	0	0	0	0	0	0	0	0	0	0	0	0	0	0	0	0	0	0	0	0	0	0	0	0	0	0	0	0	0	0	0	0	0	0	0	0	0	0	0	0	0	0	0	0	0	0	0	0	0	0	0	0	0	0	0	0	0	0	0	0	0	0	0	0	0	0	0	0	0	0	0	0	0	0	0	0	0	0	0	0	0	0	0	0	0	0	0	0	0	0	0	0	0	0	0	0	0	0	0	0	0	0	0	0	0	0	0	0	0	0	0	0	0	0	0	0	0	0	0	0	0	4	0	0	0	0	0	0	0	0	0	0	0	0	0	0	0	0	0	0	0	0	0	0	0	0	0	0	0	0	0	0	0	0	0	0	0	0	0	0	0	0	0	0	0	0	0	0	0	0	0	0	0	0	0	0	0	0	0	0	0	0	0	0	0	0	0	0	0	0	0	0	0	0	0	0	0	0	0	0	0	0	0	0	0	0	0	0	0	0	0	0	0	0	0	0	0	0	0	0	0	0	0	0	0	0	0	0	0	0	0	0	0	0	0	0	0	0	0	0	0	0	0	0	0	0	0	0	0	0	0	0	0	0	0	0	0	0	0	0	0	0	0	0	0	0	0	0	0	0	0	0	0	0	0	0	0	0	0	0	0	0	0	0	0	0	0	0	0	0	0	0	0	0	0	0	0	6	0	0	0	0	0	0	0	0	0	0	0	0	0	0	0	0	0	0	0	0	0	0	0	0	0	0	0	0	0	0	0	0	0	0	0	0	0	0	0	0	0	0	0	0	0	0	0	0	0	0	0	0	0	0	0	0	0	0	0	0	0	0	0	0	0	0	0	0	0	0	0	0	136	0	0	0	0	0	0	0	0	0	0	0	0	0	0	0	0	0	0	0	0	0	0	0	0	0	0	0	0	0	0	0	59	0	0	14	0	0	0	0	0	0	0	28	0	0	0	187	0	0	0	0	0	97	0	0	0	0	0	0	0	0	0	0	0	0	0	0	0	0	0	0	0	0	0	0	0	0	0	0	0	0	0	0	0	0	0	0	0	0	0	0	0	0	0	0	0	0	0	0	0	0	0	0	0	0	0	0	0	0	0	10	0	0	0	32	0	100	0	0	0	0	0	0	0	0	0	0	0	0	116	0	12	0	0	0	0	0	0	0	0	0	0	0	0	0	20	0	0	0	0	0	0	0	0	0	0	77	0	0	0	0	0	0	0	0	0	0	0	0	0	0	0	0	0	0	0	0	0	0	0	0	0	117	0	0	0	62	0	0	142	0	0	0	0	0	0	0	0	3	0	0	0	0	0	0	0	0	7	0	0	0	0	0	0	0	0	0	0	0	87	0	234	0	0	0	0	0	0	0	0	0	0	0	0	60	62	57	0	0	0	0	0	0	0	7	0	16	0	0	0	0	0	80	0	0	0	0	0	23	46	0	0	0	0	0	0	150	0	0	0	0	0	0	0	0	67	0	80	0	0	0	0	0	0	0	0	0	0	76	0	0	0	142	0	0	145	0	152	0	0	0	45	69	0	0	0	0	175	0	0	54	0	0	0	123	0	98	0	0	0	0	82	0	0	0	0	0	0	145	0	120	44	266	0	99	42	0	0	0	0	105	0	238	0	0	0	200	80	0	31	91	0	20	69	0	0	65	100	93	0	98	0	0	0	0	0	0	0	0	0	0	0	0	55	0	9	114	0	0	70	149	0	0	0	0	0	0	0	0	107	0	0	0	0	0	0	0	83	147	57	0	75	54	113	77	0	0	0	122	0	0	57	0	0	0	81	48	99	19	0	294	0	61	0	41	80	54	34	121	134	31	0	0	15	0	0	33	192	85	0	60	68	38	65	170	50	24	0	41	75	0	67	142	33	0	123	0	16	51	354	30	12	71	0	118	215	0	0	0	0	0	23	19	190	136	0	0	13	0	31	89	212	28	0	76	107	11	0	44	97	8	0	0	0	164	124	150	49	54	57	98	0	0	207	0	32	275	64	7	99	148	0	64	49	0	103	0	146	39	100	44	35	0	0	31	12	26	178	60	92	131	145	38	115	23	153	18	15	105	0	93	158	38	0	0	74	11	46	184	103	1	243	104	1	229	234	0	37	48	0	45	27	253	64	171	50	0	0	0	178	28	35	0	100	53	125	178	36	185	48	157	30	26	41	83	0	14	32	0	155	121	90	19	81	0	72	112
70	0	0	0	0	0	0	0	0	0	0	0	0	0	0	0	0	0	0	0	0	0	0	0	0	0	0	0	0	0	0	0	0	0	0	0	0	0	0	0	0	0	0	0	0	0	0	0	0	0	0	0	0	0	0	0	0	0	0	0	0	0	0	0	0	0	0	0	0	0	0	0	0	0	0	0	0	0	0	0	0	0	0	0	0	0	0	0	0	0	0	0	0	0	0	0	0	0	0	0	0	0	0	0	0	0	0	0	0	0	0	0	0	0	0	0	0	0	0	0	0	0	0	0	0	0	0	0	0	0	0	0	0	0	0	0	0	0	0	0	0	0	0	0	0	0	0	0	0	0	0	0	0	0	0	0	0	0	0	0	0	0	0	0	0	0	0	0	0	0	0	0	0	0	0	0	0	0	0	0	0	0	0	0	0	0	0	0	0	0	0	0	0	0	0	0	0	0	0	0	0	0	0	0	0	0	0	0	0	0	0	0	0	0	0	0	0	0	0	0	0	0	0	0	0	0	0	0	0	0	0	0	0	0	0	0	0	0	0	0	0	0	0	0	0	0	0	0	0	0	0	0	0	0	0	0	0	0	0	0	0	0	0	0	0	0	0	0	0	0	0	0	0	0	0	0	0	0	0	0	0	0	0	0	0	0	0	0	0	0	0	0	0	0	0	0	0	0	0	0	0	0	0	0	0	0	0	0	0	0	0	0	0	0	0	0	0	0	0	0	0	0	0	0	0	0	0	0	0	0	0	0	0	0	0	0	0	0	0	0	0	0	0	0	0	0	0	0	0	0	0	0	0	0	0	0	0	0	0	0	0	0	0	0	0	0	0	0	0	0	0	0	0	0	0	0	0	0	0	0	0	0	0	0	0	0	0	0	0	0	0	0	0	0	0	0	0	0	0	0	0	0	0	0	0	0	0	0	0	0	0	0	0	0	0	0	0	0	0	0	0	0	0	0	0	0	0	0	0	0	0	0	0	0	0	0	0	0	0	0	0	0	0	0	0	0	0	0	0	0	0	0	0	0	0	0	0	0	0	0	0	0	0	0	0	0	0	0	0	0	0	0	0	0	0	0	0	0	0	0	1	0	0	0	0	0	0	0	0	0	0	0	0	0	0	0	0	0	0	0	0	0	0	0	0	0	0	0	0	0	0	0	0	0	0	0	0	0	0	0	0	0	0	0	73	0	0	0	0	0	0	0	0	0	0	106	0	0	197	0	0	0	0	0	0	0	51	0	0	0	80	0	0	0	0	0	31	0	0	0	0	0	0	0	0	0	0	0	0	0	0	0	0	0	0	0	0	0	0	0	0	0	0	0	0	89	0	0	0	0	0	0	0	0	0	0	0	0	0	0	0	0	0	0	0	0	0	0	0	0	0	0	0	0	94	0	0	0	104	0	5	0	0	0	0	0	0	0	0	0	0	0	0	25	0	60	0	0	0	0	8	0	0	0	0	62	0	0	0	192	0	0	0	0	0	0	0	0	0	0	137	0	0	0	0	0	0	0	0	0	0	0	0	0	0	0	0	0	0	0	0	0	0	0	0	0	70	3	0	0	99	0	0	120	35	0	0	0	0	0	0	0	0	0	0	0	0	0	0	0	0	15	0	0	0	0	0	0	0	0	0	0	0	58	0	254	0	0	0	0	0	0	0	0	0	0	0	0	118	116	7	0	0	0	0	0	0	0	0	0	50	0	0	0	0	0	124	0	0	0	0	0	34	9	0	0	0	0	0	0	51	0	0	0	0	0	0	8	0	44	0	28	0	0	0	0	0	0	0	0	0	0	61	0	0	0	42	0	0	78	0	135	30	0	0	166	26	0	0	0	0	233	13	0	153	0	0	0	398	0	98	0	0	0	0	98	0	0	0	0	0	0	76	0	83	171	105	0	165	86	0	0	0	0	56	0	54	0	0	0	108	141	0	182	120	0	0	45	0	0	25	67	174	0	146	0	0	0	0	0	0	0	0	0	0	0	0	76	0	117	46	0	0	148	76	0	0	0	0	0	0	0	0	224	52	0	0	0	0	0	3	33	39	83	0	85	81	16	47	0	0	0	19	0	0	112	0	0	0	118	72	113	145	0	48	0	39	0	107	78	53	264	61	89	163	0	0	21	0	0	69	105	144	0	48	95	215	131	118	22	50	0	122	64	0	33	213	96	0	57	0	118	56	104	0	70	135	0	113	155	0	0	0	0	0	147	117	146	27	0	0	72	0	50	149	27	134	0	54	36	10	0	141	135	96	0	0	0	120	60	116	251	34	62	392	0	0	32	0	222	102	77	48	170	37	0	102	21	0	267	0	27	54	41	24	144	0	0	100	27	50	19	41	163	164	117	128	114	66	79	47	137	110	7	23	190	48	0	0	277	116	28	129	132	0	100	99	137	134	48	0	92	123	21	44	73	53	111	65	72	0	0	0	109	120	157	0	3	58	16	102	37	204	113	24	157	70	270	68	0	78	119	0	193	76	105	55	160	0	19	2
71	0	0	0	0	0	0	0	0	0	0	0	0	0	0	0	0	0	0	0	0	0	0	0	0	0	0	0	0	0	0	0	0	0	0	0	0	0	0	0	0	0	0	0	0	0	0	0	0	0	0	0	0	0	0	0	0	0	0	0	0	0	0	0	0	0	0	0	0	0	0	0	0	0	0	0	0	0	0	0	0	0	0	0	0	0	0	0	0	0	0	0	0	0	0	0	0	0	0	0	0	0	0	0	0	0	0	0	0	0	0	0	0	0	0	0	0	0	0	0	0	0	0	0	0	0	0	0	0	0	0	0	0	0	0	0	0	0	0	0	0	0	0	0	0	0	0	0	0	0	0	0	0	0	0	0	0	0	0	0	0	0	0	0	0	0	0	0	0	0	0	0	0	0	0	0	0	0	0	0	0	0	0	0	0	0	0	0	0	0	0	0	0	0	0	0	0	0	0	0	0	0	0	0	0	0	0	0	0	0	0	0	0	0	0	0	0	0	0	0	0	0	0	0	0	0	0	0	0	0	0	0	0	0	0	0	0	0	0	0	0	0	0	0	0	0	0	0	0	0	0	0	0	0	0	0	0	0	0	0	0	0	0	0	0	0	0	0	0	0	0	0	0	0	0	0	0	0	0	0	0	0	0	0	0	0	0	0	0	0	0	0	0	0	0	0	0	0	0	0	0	0	0	0	0	0	0	0	0	0	0	0	0	0	0	0	0	0	0	0	0	0	0	0	0	0	0	0	0	0	0	0	0	0	0	0	0	0	0	0	0	0	0	0	0	0	0	0	0	0	0	0	0	0	0	0	0	0	0	0	0	0	0	0	0	0	0	0	0	0	0	0	0	0	0	0	0	0	0	0	0	0	0	0	0	0	0	0	0	0	0	0	0	0	0	0	0	0	0	0	0	0	0	0	0	0	0	0	0	0	0	0	0	0	0	0	0	0	0	0	0	0	0	0	0	0	0	0	0	0	0	0	0	0	0	0	0	0	0	0	0	0	0	0	0	0	0	0	0	0	0	0	0	0	0	0	0	0	0	0	0	0	0	0	0	0	0	0	0	0	0	0	0	0	0	0	0	0	0	0	0	0	0	0	0	0	0	0	0	0	0	0	0	0	0	0	0	0	0	0	0	0	0	0	0	0	0	0	0	0	0	0	0	0	0	0	0	0	0	0	0	0	0	0	14	0	0	0	0	0	0	0	0	0	0	377	0	0	94	0	0	0	0	0	0	0	75	0	0	0	26	0	0	0	0	0	92	0	0	0	0	0	0	0	0	0	0	0	0	0	0	0	0	0	0	0	0	0	0	0	0	0	0	0	0	0	0	0	0	0	0	0	0	0	0	0	0	0	0	0	0	0	0	0	0	0	0	0	0	0	0	0	0	0	135	0	0	0	14	0	38	0	0	0	0	0	0	0	0	0	0	0	0	231	0	53	0	0	0	0	0	0	0	0	0	41	0	0	0	171	0	0	0	0	0	0	0	0	0	0	197	0	0	0	0	0	0	0	0	0	0	0	0	0	0	0	0	0	18	0	0	0	0	0	0	0	8	0	0	0	97	0	0	53	0	0	0	0	0	0	0	0	0	0	0	0	0	0	0	0	0	8	0	0	0	0	0	0	0	0	0	0	0	110	0	172	0	0	0	0	0	0	0	0	0	0	0	0	162	107	144	0	0	0	0	0	0	0	0	0	14	0	0	0	0	0	51	0	0	0	0	0	38	0	0	0	0	0	0	0	71	0	0	0	0	0	0	7	0	53	0	72	0	0	0	0	0	0	0	0	0	0	88	0	0	0	155	0	0	88	0	104	0	0	0	11	48	0	0	0	0	238	0	0	49	0	0	0	79	0	153	0	0	0	0	57	0	0	0	0	0	0	51	0	154	46	167	0	100	81	0	0	0	0	131	0	45	0	0	0	37	35	0	5	60	0	0	74	0	0	96	112	19	0	34	0	0	0	0	0	0	0	0	0	0	0	0	87	0	19	53	0	0	219	189	0	0	0	0	0	0	0	0	56	0	0	0	0	0	0	0	242	60	109	0	206	224	59	212	0	0	0	183	0	0	198	0	0	0	10	24	137	115	0	184	0	159	0	116	39	0	428	34	140	15	0	0	34	0	0	174	121	96	0	247	134	233	60	37	70	14	0	108	57	0	27	312	65	0	68	0	138	133	31	0	45	22	0	90	59	0	0	0	0	0	85	121	81	182	1	0	123	0	149	29	240	125	0	53	104	79	0	22	18	95	0	0	0	65	58	106	412	93	4	24	0	0	23	0	46	109	17	100	102	552	0	143	160	0	16	0	13	91	78	98	80	0	0	97	140	43	101	40	206	122	57	13	131	147	51	148	102	87	0	290	121	59	0	0	61	157	98	74	205	0	37	42	107	101	147	0	146	227	0	255	75	80	109	108	171	0	0	0	124	21	31	0	81	87	82	202	39	5	181	26	126	132	147	74	0	99	191	0	23	22	107	111	16	0	365	121
72	0	0	0	0	0	0	0	0	0	0	0	0	0	0	0	0	0	0	0	0	0	0	0	0	0	0	0	0	0	0	0	0	0	0	0	0	0	0	0	0	0	0	0	0	0	0	0	0	0	0	0	0	0	0	0	0	0	0	0	0	0	0	0	0	0	0	0	0	0	0	0	0	0	0	0	0	0	0	0	0	0	0	0	0	0	0	0	0	0	0	0	0	0	0	0	0	0	0	0	0	0	0	0	0	0	0	0	0	0	0	0	0	0	0	0	0	0	0	0	0	0	0	0	0	0	0	0	0	0	0	0	0	0	0	0	0	0	0	0	0	0	0	0	0	0	0	0	0	0	0	0	0	0	0	0	0	0	0	0	0	0	0	0	0	0	0	0	0	0	0	0	0	0	0	0	0	0	0	0	0	0	0	0	0	0	0	0	0	0	0	0	0	0	0	0	0	0	0	0	0	0	0	0	0	0	0	0	0	0	0	0	0	0	0	0	0	0	0	0	0	0	0	0	0	0	0	0	0	0	0	0	0	0	0	0	0	0	0	0	0	0	0	0	0	0	0	0	0	0	0	0	0	0	0	0	0	0	0	0	0	0	0	0	0	0	0	0	0	0	0	0	0	0	0	0	0	0	0	0	0	0	0	0	0	0	0	0	0	0	0	0	0	0	0	0	0	0	0	0	0	0	0	0	0	0	0	0	0	0	0	0	0	0	0	0	0	0	0	0	0	0	0	0	0	0	0	0	0	0	0	0	0	0	0	0	0	0	0	0	0	0	0	0	0	0	0	0	0	0	0	0	0	0	0	0	0	0	0	0	0	0	0	0	0	0	0	0	0	0	0	0	0	0	0	0	0	0	0	0	0	0	0	0	0	0	0	0	0	0	0	0	0	0	0	0	0	0	0	0	0	0	0	0	0	0	0	0	0	0	0	0	0	0	0	0	0	0	0	0	0	0	0	0	0	0	0	0	0	0	0	0	0	0	0	0	0	0	0	0	0	0	0	0	0	0	0	0	0	0	0	0	0	0	0	0	0	0	0	0	0	0	0	0	0	0	0	0	0	0	0	0	0	0	0	0	0	0	0	0	0	0	0	0	0	0	0	0	0	0	0	0	0	0	0	0	0	0	0	0	0	0	0	0	0	0	0	0	0	0	0	0	0	0	0	0	0	0	0	0	0	0	0	0	23	0	0	0	0	0	0	0	0	0	0	32	0	0	36	0	0	0	0	0	0	0	201	0	0	0	87	0	0	0	0	0	209	0	0	0	0	0	0	0	0	0	0	0	0	0	0	0	0	0	0	0	0	0	0	0	0	0	0	0	0	43	0	0	0	0	0	0	0	0	0	0	0	0	0	2	0	0	0	0	0	0	0	0	0	0	0	0	0	0	247	0	0	0	100	0	52	0	0	0	0	0	0	0	0	0	86	0	0	136	0	142	8	8	0	0	0	0	0	0	0	60	0	0	0	93	0	0	0	0	3	0	0	0	0	0	190	0	0	0	0	0	0	0	0	0	0	0	0	60	0	0	0	0	0	0	4	0	0	0	0	0	46	35	0	0	27	0	0	126	5	0	0	0	0	0	0	0	4	0	0	0	0	0	0	0	0	69	0	0	0	0	0	0	0	0	0	0	0	140	0	222	0	0	0	0	0	0	0	0	0	0	0	0	277	81	140	0	0	0	0	0	0	0	3	0	24	0	0	0	0	0	32	0	0	0	0	0	32	66	0	0	0	0	0	0	157	0	0	0	0	0	0	191	0	73	0	61	0	0	0	0	0	0	0	0	0	0	13	0	0	0	124	0	0	65	0	95	0	0	0	49	7	0	0	0	0	3	3	0	75	0	0	0	122	0	33	0	0	0	0	71	0	0	0	0	0	0	19	0	132	205	105	0	17	28	10	0	0	0	55	0	72	0	0	0	145	138	0	0	102	0	16	31	0	0	227	21	90	0	49	0	0	0	0	0	0	0	1	0	53	0	0	138	0	78	63	0	0	11	116	0	0	0	0	0	0	0	0	53	0	0	0	0	0	0	0	17	201	20	0	34	84	123	94	0	0	0	198	0	0	143	0	0	0	162	98	34	113	0	128	0	183	0	99	30	68	141	185	101	53	0	0	94	0	0	58	76	79	0	201	52	69	192	92	65	55	0	138	120	0	29	77	33	0	126	0	63	146	53	7	114	6	0	30	62	0	0	0	0	0	164	56	62	38	0	0	46	0	113	112	149	88	0	49	176	64	0	60	14	46	8	0	0	244	75	97	126	129	218	81	0	0	36	0	94	212	79	75	206	53	0	103	96	0	152	0	72	60	68	202	5	0	0	150	148	207	25	169	102	51	51	89	68	92	185	32	74	61	0	90	104	57	0	6	87	320	97	24	43	0	176	325	81	62	99	0	69	131	101	52	56	36	169	184	160	0	0	0	28	22	256	0	95	96	96	115	67	94	159	48	54	90	50	99	0	140	83	0	185	112	39	56	28	0	280	101
73	0	0	0	0	0	0	0	0	0	0	0	0	0	0	0	0	0	0	0	0	0	0	0	0	0	0	0	0	0	0	0	0	0	0	0	0	0	0	0	0	0	0	0	0	0	0	0	0	0	0	0	0	0	0	0	0	0	0	0	0	0	0	0	0	0	0	0	0	0	0	0	0	0	0	0	0	0	0	0	0	0	0	0	0	0	0	0	0	0	0	0	0	0	0	0	0	0	0	0	0	0	0	0	0	0	0	0	0	0	0	0	0	0	0	0	0	0	0	0	0	0	0	0	0	0	0	0	0	0	0	0	0	0	0	0	0	0	0	0	0	0	0	0	0	0	0	0	0	0	0	0	0	0	0	0	0	0	0	0	0	0	0	0	0	0	0	0	0	0	0	0	0	0	0	0	0	0	0	0	0	0	0	0	0	0	0	0	0	0	0	0	0	0	0	0	0	0	0	0	0	0	0	0	0	0	0	0	0	0	0	0	0	0	0	0	0	0	0	0	0	0	0	0	0	0	0	0	0	0	0	0	0	0	0	0	0	0	0	0	0	0	0	0	0	0	0	0	0	0	0	0	0	0	0	0	0	0	0	0	0	0	0	0	0	0	0	0	0	0	0	0	0	0	0	0	0	0	0	0	0	0	0	0	0	0	0	0	0	0	0	0	0	0	0	0	0	0	0	0	0	0	0	0	0	0	0	0	0	0	0	0	0	0	0	0	0	0	0	0	0	0	0	0	0	0	0	0	0	0	0	0	0	0	0	0	0	0	0	0	0	0	0	0	0	0	0	0	0	0	0	0	0	0	0	0	0	0	0	0	0	0	0	0	0	0	0	0	0	0	0	0	0	0	0	0	0	0	0	0	0	0	0	0	0	0	0	0	0	0	0	0	0	0	0	0	0	0	0	0	0	0	0	0	0	0	0	0	0	0	0	0	0	0	0	0	0	0	0	0	0	0	0	0	0	0	0	0	0	0	0	0	0	0	0	0	0	0	0	0	0	0	0	0	0	0	0	0	0	0	0	0	0	0	0	0	0	0	0	0	0	0	0	0	0	0	0	0	0	0	0	0	0	0	0	0	0	0	0	0	0	0	0	0	0	0	0	0	0	0	0	0	0	1	0	0	0	0	0	0	0	0	0	0	0	0	0	0	0	2	0	0	0	0	0	0	0	0	0	0	0	0	0	0	0	0	0	0	0	0	0	0	0	0	0	27	0	0	71	0	0	0	0	0	0	0	55	0	0	0	51	0	0	0	0	0	80	0	0	0	0	0	0	0	0	0	0	0	0	0	0	0	0	0	0	0	0	0	0	0	0	0	0	0	0	0	0	0	0	0	0	0	0	0	0	0	0	0	0	0	0	0	0	0	0	0	0	0	6	0	0	0	0	0	197	0	0	0	98	0	196	0	0	0	0	0	0	0	0	0	0	0	0	50	0	68	0	0	0	0	0	0	0	0	0	0	0	0	0	104	0	0	0	0	0	0	0	0	0	0	75	0	0	0	0	0	0	0	0	0	0	1	0	0	0	0	0	0	0	0	0	0	0	0	0	0	121	0	0	0	74	0	0	35	0	0	0	0	0	0	0	0	0	0	0	0	0	0	0	0	0	73	0	0	0	0	0	0	0	0	0	0	0	142	0	72	0	0	0	0	0	0	0	0	0	0	0	0	25	48	64	0	0	0	0	0	0	0	0	0	12	0	0	0	0	0	2	0	0	0	0	0	86	0	0	0	0	0	0	0	123	0	0	0	0	0	0	0	0	72	0	59	0	0	0	0	0	0	0	0	0	0	7	0	0	0	157	0	0	47	0	89	0	0	0	152	74	0	0	0	0	37	0	0	99	0	0	0	77	0	0	0	0	0	0	148	0	0	0	0	0	0	271	0	111	64	20	0	111	90	0	0	0	0	25	0	101	0	0	0	16	109	0	15	198	0	0	45	0	0	156	65	100	0	149	0	0	0	0	0	0	0	0	0	0	0	0	103	0	115	73	0	0	131	90	0	0	0	0	0	0	0	0	55	0	0	0	0	0	0	0	127	58	74	0	46	156	215	139	0	0	0	35	0	0	126	0	0	0	35	33	129	130	0	41	0	187	0	78	43	0	11	47	98	3	0	0	29	0	0	23	53	82	0	169	84	42	107	123	289	69	0	73	99	0	115	65	57	0	72	0	268	79	63	65	42	21	0	85	244	0	0	0	0	0	8	11	24	122	0	0	175	0	23	113	72	74	14	41	23	49	0	18	101	80	19	0	0	41	156	39	89	37	24	46	0	0	22	0	97	70	48	176	41	21	0	310	96	0	81	0	186	78	46	26	63	0	0	25	27	74	28	11	94	81	241	57	76	86	224	68	145	10	0	63	116	81	0	0	45	65	83	191	23	0	99	26	67	77	154	0	138	17	163	16	36	224	32	155	99	0	0	0	64	76	236	0	91	55	42	142	57	48	158	48	170	80	26	94	0	120	93	0	114	152	59	124	131	0	46	68
74	0	0	0	0	0	0	0	0	0	0	0	0	0	0	0	0	0	0	0	0	0	0	0	0	0	0	0	0	0	0	0	0	0	0	0	0	0	0	0	0	0	0	0	0	0	0	0	0	0	0	0	0	0	0	0	0	0	0	0	0	0	0	0	0	0	0	0	0	0	0	0	0	0	0	0	0	0	0	0	0	0	0	0	0	0	0	0	0	0	0	0	0	0	0	0	0	0	0	0	0	0	0	0	0	0	0	0	0	0	0	0	0	0	0	0	0	0	0	0	0	0	0	0	0	0	0	0	0	0	0	0	0	0	0	0	0	0	0	0	0	0	0	0	0	0	0	0	0	0	0	0	0	0	0	0	0	0	0	0	0	0	0	0	0	0	0	0	0	0	0	0	0	0	0	0	0	0	0	0	0	0	0	0	0	0	0	0	0	0	0	0	0	0	0	0	0	0	0	0	0	0	0	0	0	0	0	0	0	0	0	0	0	0	0	0	0	0	0	0	0	0	0	0	0	0	0	0	0	0	0	0	0	0	0	0	0	0	0	0	0	0	0	0	0	0	0	0	0	0	0	0	0	0	0	0	0	0	0	0	0	0	0	0	0	0	0	0	0	0	0	0	0	0	0	0	0	0	0	0	0	0	0	0	0	0	0	0	0	0	0	0	0	0	0	0	0	0	0	0	0	0	0	0	0	0	0	0	0	0	0	0	0	0	0	0	0	0	0	0	0	0	0	0	0	0	0	0	0	0	0	0	0	0	0	0	0	0	0	0	0	0	0	0	0	0	0	0	0	0	0	0	0	0	0	0	0	0	0	0	0	0	0	0	0	0	0	0	0	0	0	0	0	0	0	0	0	0	0	0	0	0	0	0	0	0	0	0	0	0	0	0	0	0	0	0	0	0	0	0	0	0	0	0	0	0	0	0	0	0	0	0	0	0	0	0	0	0	0	0	0	0	0	0	0	0	0	0	0	0	0	0	0	0	0	0	0	0	0	0	0	0	0	0	0	0	0	0	0	0	0	0	0	0	0	0	0	0	0	0	0	0	0	0	0	0	0	0	0	0	0	0	0	0	0	0	0	0	0	0	0	0	0	0	0	0	0	0	0	0	0	7	0	0	0	0	0	0	0	0	0	0	0	0	0	0	0	0	0	0	0	0	0	0	0	0	0	0	0	0	0	0	0	0	45	0	0	0	0	0	0	0	0	0	0	153	0	0	323	0	0	0	0	0	0	0	88	0	0	0	75	0	0	0	0	0	55	0	0	0	0	0	0	0	0	0	0	0	0	0	0	0	0	0	0	0	0	0	0	0	0	0	0	0	0	0	0	0	0	0	0	0	0	0	0	0	0	0	0	0	0	0	0	0	0	0	0	0	0	0	0	0	0	0	170	0	0	0	41	0	62	0	0	0	0	0	0	0	0	0	21	0	0	30	0	96	13	19	0	0	0	12	0	0	0	46	0	0	0	42	0	0	0	1	0	0	0	0	0	0	57	0	0	0	0	0	0	0	0	0	0	0	0	0	0	0	0	0	0	0	0	0	0	0	0	0	114	17	0	0	74	13	0	129	13	0	0	0	0	0	0	0	43	0	0	0	0	0	0	0	0	0	0	0	0	0	0	0	0	0	0	0	0	69	0	79	0	0	0	0	0	0	0	0	0	13	0	0	166	45	187	0	0	0	0	0	0	0	0	0	25	0	0	0	0	0	150	0	0	0	0	0	146	4	0	0	0	0	0	0	48	0	0	0	0	0	0	49	0	63	0	197	0	0	0	0	0	0	0	0	0	0	86	0	0	0	146	0	0	37	0	146	50	0	0	90	151	0	0	0	0	84	28	0	38	0	0	0	11	0	45	0	0	0	0	125	0	0	0	0	0	0	138	0	69	181	43	5	19	167	0	0	0	0	287	0	48	0	0	0	40	125	0	45	58	0	10	42	0	0	156	20	333	0	100	0	0	0	0	0	0	0	0	0	100	0	0	87	0	14	8	0	0	197	86	110	0	0	0	0	2	0	0	39	0	0	0	0	0	0	0	190	42	144	0	131	138	110	26	0	0	0	273	0	0	215	0	0	0	51	72	92	27	0	128	0	39	0	24	187	19	60	22	42	13	0	0	129	0	0	177	262	82	0	216	107	284	118	105	81	33	0	296	27	0	270	76	69	0	10	0	146	570	7	9	150	36	0	47	171	0	0	0	0	0	154	169	59	152	0	0	62	0	119	252	107	186	139	73	37	147	0	67	134	252	0	0	0	49	413	66	208	135	57	75	0	0	56	0	64	45	40	53	93	265	0	61	167	0	41	0	12	91	27	97	94	0	0	153	221	124	49	66	107	131	151	46	200	64	16	58	188	42	69	113	136	58	0	0	118	58	37	19	18	0	85	177	32	110	13	0	3	178	137	100	81	63	62	34	41	0	0	0	69	120	241	0	37	175	97	37	229	79	278	87	63	200	8	48	0	81	226	0	87	61	68	40	178	0	202	43
75	0	0	0	0	0	0	0	0	0	0	0	0	0	0	0	0	0	0	0	0	0	0	0	0	0	0	0	0	0	0	0	0	0	0	0	0	0	0	0	0	0	0	0	0	0	0	0	0	0	0	0	0	0	0	0	0	0	0	0	0	0	0	0	0	0	0	0	0	0	0	0	0	0	0	0	0	0	0	0	0	0	0	0	0	0	0	0	0	0	0	0	0	0	0	0	0	0	0	0	0	0	0	0	0	0	0	0	0	0	0	0	0	0	0	0	0	0	0	0	0	0	0	0	0	0	0	0	0	0	0	0	0	0	0	0	0	0	0	0	0	0	0	0	0	0	0	0	0	0	0	0	0	0	0	0	0	0	0	0	0	0	0	0	0	0	0	0	0	0	0	0	0	0	0	0	0	0	0	0	0	0	0	0	0	0	0	0	0	0	0	0	0	0	0	0	0	0	0	0	0	0	0	0	0	0	0	0	0	0	0	0	0	0	0	0	0	0	0	0	0	0	0	0	0	0	0	0	0	0	0	0	0	0	0	0	0	0	0	0	0	0	0	0	0	0	0	0	0	0	0	0	0	0	0	0	0	0	0	0	0	0	0	0	0	0	0	0	0	0	0	0	0	0	0	0	0	0	0	0	0	0	0	0	0	0	0	0	0	0	0	0	0	0	0	0	0	0	0	0	0	0	0	0	0	0	0	0	0	0	0	0	0	0	0	0	0	0	0	0	0	0	0	0	0	0	0	0	0	0	0	0	0	0	0	0	0	0	0	0	0	0	0	0	0	0	0	0	0	0	0	0	0	0	0	0	0	0	0	0	0	0	0	0	0	0	0	0	0	0	0	0	0	0	0	0	0	0	0	0	0	0	0	0	0	0	0	0	0	0	0	0	0	0	0	0	0	0	0	0	0	0	0	0	0	0	0	0	0	0	0	0	0	0	0	0	0	0	0	0	0	0	0	0	0	0	0	0	0	0	0	0	0	0	0	0	0	0	0	0	0	0	0	0	0	0	0	0	0	0	0	0	0	0	0	0	0	0	0	0	0	0	0	0	0	0	0	0	0	0	0	0	0	0	0	0	0	0	0	0	0	0	0	0	0	0	0	0	0	0	0	0	0	0	0	0	0	0	0	0	0	0	0	0	0	0	0	0	0	0	0	0	0	0	0	0	0	0	0	0	0	0	0	0	3	0	0	0	0	0	0	0	0	0	0	25	0	0	141	0	0	0	0	0	0	0	11	0	0	0	129	0	0	0	0	0	144	0	0	0	0	0	0	0	0	0	0	0	0	0	0	0	0	0	0	0	0	0	0	0	0	0	0	0	0	0	0	0	0	0	0	0	0	0	0	0	0	0	0	0	0	0	0	0	0	0	0	0	0	0	0	0	0	9	80	0	0	0	39	0	149	0	0	0	0	0	0	0	0	0	0	0	0	281	0	115	0	0	0	0	0	0	0	0	0	1	0	0	0	77	0	0	0	0	0	0	0	0	0	0	68	0	0	0	0	0	0	0	0	0	0	0	0	0	0	0	0	0	0	0	0	0	0	0	0	0	97	0	0	0	166	0	0	79	0	0	0	0	0	0	0	0	0	0	0	0	0	0	0	0	0	0	0	0	0	0	0	0	0	0	0	0	0	5	0	164	0	0	0	0	0	0	0	0	0	0	0	0	202	90	12	0	0	0	0	0	0	0	0	0	98	0	0	0	0	0	47	0	0	0	0	0	388	0	0	0	0	0	0	0	1	0	0	0	0	0	0	0	0	68	0	237	0	45	0	0	0	0	0	0	0	0	99	0	0	0	46	0	0	37	0	49	0	0	0	137	92	0	0	0	0	26	0	0	119	0	0	0	26	0	192	0	0	0	0	53	0	0	0	0	0	0	104	0	9	124	112	0	228	17	0	0	0	0	157	0	128	0	0	0	18	194	0	0	55	0	0	27	0	0	30	110	28	0	149	39	0	0	0	0	0	0	0	0	0	0	0	182	0	111	107	0	0	91	17	0	0	0	0	0	0	0	0	174	13	0	0	0	0	0	0	60	342	208	0	351	259	26	86	0	0	0	31	0	0	86	0	0	0	203	63	47	17	0	42	0	41	0	164	57	0	73	1	48	23	0	0	222	0	0	42	78	120	0	191	126	33	70	83	134	107	0	69	169	0	71	48	240	0	87	0	86	37	37	0	53	76	0	143	128	0	0	0	0	0	83	60	114	69	0	0	36	0	80	113	126	60	0	61	140	232	0	32	117	115	0	0	0	195	123	93	36	36	72	61	0	0	230	0	38	140	224	372	214	103	0	68	171	0	0	0	109	58	101	290	125	0	0	149	26	130	67	89	87	20	54	30	114	98	34	20	58	127	0	52	30	68	0	0	69	156	93	155	64	0	99	30	108	56	86	0	41	68	0	249	123	158	39	87	32	0	0	0	25	282	13	0	17	102	58	130	61	90	72	69	215	59	114	60	0	136	84	0	117	42	88	168	166	0	34	204
76	0	0	0	0	0	0	0	0	0	0	0	0	0	0	0	0	0	0	0	0	0	0	0	0	0	0	0	0	0	0	0	0	0	0	0	0	0	0	0	0	0	0	0	0	0	0	0	0	0	0	0	0	0	0	0	0	0	0	0	0	0	0	0	0	0	0	0	0	0	0	0	0	0	0	0	0	0	0	0	0	0	0	0	0	0	0	0	0	0	0	0	0	0	0	0	0	0	0	0	0	0	0	0	0	0	0	0	0	0	0	0	0	0	0	0	0	0	0	0	0	0	0	0	0	0	0	0	0	0	0	0	0	0	0	0	0	0	0	0	0	0	0	0	0	0	0	0	0	0	0	0	0	0	0	0	0	0	0	0	0	0	0	0	0	0	0	0	0	0	0	0	0	0	0	0	0	0	0	0	0	0	0	0	0	0	0	0	0	0	0	0	0	0	0	0	0	0	0	0	0	0	0	0	0	0	0	0	0	0	0	0	0	0	0	0	0	0	0	0	0	0	0	0	0	0	0	0	58	0	0	0	0	0	0	0	0	0	0	0	0	0	0	0	0	0	0	0	0	0	0	0	0	0	0	0	0	0	0	0	0	0	0	0	0	0	0	0	0	0	0	0	0	0	0	0	0	0	0	0	0	0	0	0	0	0	0	0	0	0	0	0	0	0	0	0	0	0	0	0	0	0	0	0	0	0	0	0	0	0	0	0	0	0	0	0	0	0	0	0	0	0	0	0	0	0	0	0	0	0	0	0	0	0	0	0	0	0	0	0	0	0	0	0	0	0	0	0	0	0	0	0	0	0	0	0	0	0	0	0	0	0	0	0	0	0	0	0	0	0	0	0	0	0	0	0	0	0	0	0	0	0	0	0	0	0	0	0	0	0	0	0	0	0	0	0	0	0	0	0	0	0	0	0	0	0	0	0	0	0	0	0	0	0	0	0	0	0	0	0	0	0	0	0	0	0	0	0	0	0	0	0	0	0	0	0	1	0	0	0	0	0	0	0	0	0	0	0	0	0	0	0	0	0	0	0	0	0	0	0	0	0	0	0	0	0	0	0	0	0	0	0	0	0	0	0	0	0	0	0	0	0	0	0	0	0	0	0	0	0	0	0	0	0	0	0	0	0	0	0	0	0	0	0	0	0	0	0	0	0	0	0	0	0	0	0	0	0	0	0	0	0	0	0	0	0	0	0	0	0	0	0	0	0	0	167	0	0	350	0	0	0	0	0	0	0	77	0	0	0	83	0	0	0	0	0	121	0	0	0	0	0	0	0	31	0	0	0	0	0	0	0	0	0	0	0	0	0	0	0	0	0	0	0	0	0	0	0	0	0	0	0	0	0	0	0	0	0	0	0	0	0	0	0	0	0	33	0	0	0	0	0	0	0	47	0	0	0	202	0	102	0	0	0	0	0	0	0	0	0	0	0	0	88	0	161	0	3	0	0	0	0	0	0	0	25	0	0	0	13	0	0	0	0	0	0	0	0	0	0	20	0	0	0	0	0	0	0	0	0	0	0	6	0	0	0	0	0	0	0	0	0	0	0	0	0	35	63	0	0	268	0	0	75	7	0	0	0	0	0	0	0	126	0	0	0	0	0	0	0	0	10	0	0	0	0	0	0	0	0	0	0	0	29	0	53	0	0	0	0	0	0	0	0	0	0	0	0	142	73	0	0	0	0	0	0	0	0	3	0	76	0	0	0	0	0	13	0	0	0	0	0	90	0	0	0	0	0	0	0	2	0	0	0	0	0	0	0	0	168	0	92	0	10	0	0	0	0	0	0	0	0	54	0	0	0	250	0	0	49	0	166	0	0	0	120	64	0	0	0	0	35	0	0	163	0	0	0	78	0	110	0	0	0	0	25	0	0	0	0	0	0	55	0	78	37	144	0	78	99	0	0	0	0	46	0	85	0	0	0	166	42	0	16	63	0	0	128	0	0	33	124	135	0	218	11	0	0	0	0	0	0	0	0	0	0	0	17	0	26	34	0	0	249	42	0	0	0	0	0	0	0	0	30	0	0	0	0	0	0	0	34	82	121	0	58	28	87	91	0	0	0	86	0	0	11	0	0	0	33	108	112	11	0	155	0	63	0	9	92	0	144	453	64	110	0	0	73	0	0	24	73	83	0	45	51	92	205	130	99	49	0	121	46	0	69	154	65	0	187	0	198	49	134	0	49	100	0	72	42	0	0	0	0	0	18	124	104	54	0	0	309	0	238	82	117	30	0	18	92	61	0	43	69	24	0	0	0	2	158	51	108	118	264	111	0	0	146	0	166	41	187	292	134	47	0	25	45	0	73	0	11	55	41	8	140	0	0	8	210	19	18	100	41	136	154	110	84	77	32	88	34	24	0	102	63	22	0	0	103	35	79	14	77	0	62	163	130	88	162	0	199	69	0	55	76	169	203	89	121	0	0	0	166	29	204	0	45	264	5	66	51	45	86	297	117	40	151	64	3	103	306	0	100	112	233	77	85	0	17	136
77	0	0	0	0	0	0	0	0	0	0	0	0	0	0	0	0	0	0	0	0	0	0	0	0	0	0	0	0	0	0	0	0	0	0	0	0	0	0	0	0	0	0	0	0	0	0	0	0	0	0	0	0	0	0	0	0	0	0	0	0	0	0	0	0	0	0	0	0	0	0	0	0	0	0	0	0	0	0	0	0	0	0	0	0	0	0	0	0	0	0	0	0	0	0	0	0	0	0	0	0	0	0	0	0	0	0	0	0	0	0	0	0	0	0	0	0	0	0	0	0	0	0	0	0	0	0	0	0	0	0	0	0	0	0	0	0	0	0	0	0	0	0	0	0	0	0	0	0	0	0	0	0	0	0	0	0	0	0	0	0	0	0	0	0	0	0	0	0	0	0	0	0	0	0	0	0	0	0	0	0	0	0	0	0	0	0	0	0	0	0	0	0	0	0	0	0	0	0	0	0	0	0	0	0	0	0	0	0	0	0	0	0	0	0	0	0	0	0	0	0	0	0	0	0	0	0	0	0	0	0	0	0	0	0	0	0	0	0	0	0	0	0	0	0	0	0	0	0	0	0	0	0	0	0	0	0	0	0	0	0	0	0	0	0	0	0	0	0	0	0	0	0	0	0	0	0	0	0	0	0	0	0	0	0	0	0	0	0	0	0	0	0	0	0	0	0	0	0	0	0	0	0	0	0	0	0	0	0	0	0	0	0	0	0	0	0	0	0	0	0	0	0	0	0	0	0	0	0	0	0	0	0	0	0	0	0	0	0	0	0	0	0	0	0	0	0	0	0	0	0	0	0	0	0	0	0	0	0	0	0	0	0	0	0	0	0	0	0	0	0	0	0	0	0	0	0	0	0	0	0	0	0	0	0	0	0	0	0	0	0	0	0	0	0	0	0	0	0	0	0	0	0	0	0	0	0	0	0	0	0	0	0	0	0	0	0	0	0	0	0	0	0	0	0	0	0	0	0	0	0	0	0	0	0	0	0	0	0	0	0	0	0	0	0	0	0	0	0	0	0	0	0	0	0	0	0	0	0	0	0	0	0	0	0	0	0	0	0	0	0	0	0	0	0	0	0	0	0	0	0	0	0	0	0	0	0	0	0	0	0	0	0	0	0	0	0	0	0	0	0	0	0	0	0	0	0	0	0	0	0	0	0	0	0	0	0	0	0	0	0	0	0	0	0	0	0	0	0	0	0	0	0	0	0	216	0	0	120	0	0	0	0	0	0	0	51	0	0	0	30	0	0	0	0	0	210	0	0	0	0	0	0	0	0	0	0	0	0	0	0	0	0	0	0	0	0	0	0	0	0	0	0	0	0	0	0	0	0	0	0	0	0	0	0	0	0	0	0	0	0	0	0	0	0	0	0	0	0	0	0	0	0	0	5	0	0	0	106	0	44	0	0	0	0	0	0	0	0	0	0	0	0	205	0	27	0	0	0	0	0	0	0	0	0	0	0	0	0	133	0	0	0	0	0	0	0	0	0	0	92	0	0	0	0	0	0	0	0	0	0	0	0	0	0	0	0	0	0	0	0	0	0	0	0	0	181	0	0	0	0	0	0	112	0	0	0	0	0	0	0	0	0	0	0	0	0	0	0	0	0	0	0	0	0	0	0	0	0	0	0	0	0	109	0	78	0	0	0	0	0	0	0	0	0	0	0	0	47	77	0	0	0	0	0	0	0	0	0	0	0	0	0	0	0	0	42	0	0	0	0	0	24	0	0	0	0	0	0	0	22	0	0	0	0	0	0	0	0	57	0	0	0	0	0	0	0	0	0	0	0	0	21	0	0	0	83	0	0	67	0	141	0	0	0	2	65	0	0	0	0	37	0	0	41	0	0	0	121	0	61	0	0	0	0	42	0	0	0	0	0	0	60	0	36	129	19	0	88	51	0	0	0	0	89	0	52	0	0	0	12	26	0	0	99	0	0	58	0	0	165	121	125	0	114	0	0	0	0	0	0	0	0	0	0	0	0	72	0	108	36	0	0	66	66	0	0	0	0	0	0	0	0	75	0	0	0	0	0	0	0	152	109	96	0	57	59	46	246	0	0	0	107	0	0	17	0	0	0	24	86	21	303	0	131	0	20	0	74	293	0	110	74	74	0	0	0	36	0	0	69	36	161	0	50	17	101	101	22	54	175	0	73	63	0	130	27	99	0	69	0	57	180	52	0	113	130	0	120	62	0	0	0	0	0	127	26	42	193	0	0	81	0	81	73	15	255	0	13	246	118	0	92	14	188	0	0	0	123	167	135	82	45	109	91	0	0	131	0	135	41	51	105	172	69	0	78	134	0	0	0	60	58	75	99	90	0	0	127	105	10	80	243	85	129	11	130	13	83	5	14	19	102	0	29	109	60	0	0	68	100	13	111	53	0	266	191	27	82	81	0	49	121	0	62	100	42	67	164	24	0	0	0	31	170	2	0	224	126	240	155	22	56	46	157	192	101	128	191	0	76	87	0	98	66	64	328	107	0	138	64
78	0	0	0	0	0	0	0	0	0	0	0	0	0	0	0	0	0	0	0	0	0	0	0	0	0	0	0	0	0	0	0	0	0	0	0	0	0	0	0	0	0	0	0	0	0	0	0	0	0	0	0	0	0	0	0	0	0	0	0	0	0	0	0	0	0	0	0	0	0	0	0	0	0	0	0	0	0	0	0	0	0	0	0	0	0	0	0	0	0	0	0	0	0	0	0	0	0	0	0	0	0	0	0	0	0	0	0	0	0	0	0	0	0	0	0	0	0	0	0	0	0	0	0	0	0	0	0	0	0	0	0	0	0	0	0	0	0	0	0	0	0	0	0	0	0	0	0	0	0	0	0	0	0	0	0	0	0	0	0	0	0	0	0	0	0	0	0	0	0	0	0	0	0	0	0	0	0	0	0	0	0	0	0	0	0	0	0	0	0	0	0	0	0	0	0	0	0	0	0	0	0	0	0	0	0	0	0	0	0	0	0	0	0	0	0	0	0	0	0	0	0	0	0	0	0	0	0	0	0	0	0	0	0	0	0	0	0	0	0	0	0	0	0	0	0	0	0	0	0	0	0	0	0	0	0	0	0	0	0	0	0	0	0	0	0	0	0	0	0	0	0	0	0	0	0	0	0	0	0	0	0	0	0	0	0	0	0	0	0	0	0	0	0	0	0	0	0	0	0	0	0	0	0	0	0	0	0	0	0	0	0	0	0	0	0	0	0	0	0	0	0	0	0	0	0	0	0	0	0	0	0	0	0	0	0	0	0	0	0	0	0	0	0	0	0	0	0	0	0	0	0	0	0	0	0	0	0	0	0	0	0	0	0	0	0	0	0	0	0	0	0	0	0	0	0	0	0	0	0	0	0	0	0	0	0	0	0	0	0	0	0	0	0	0	0	0	0	0	0	0	0	0	0	0	0	0	0	0	0	0	0	0	0	0	0	0	0	0	0	0	0	0	0	0	0	0	0	0	0	0	0	0	0	0	0	0	0	0	0	0	0	0	0	0	0	0	0	0	0	0	0	0	0	0	0	0	0	0	0	0	0	0	0	0	0	0	0	0	0	0	0	0	0	0	0	0	0	0	0	0	0	0	0	0	0	0	0	0	0	0	0	0	0	0	0	0	0	0	0	0	0	0	0	0	0	0	0	0	0	0	0	0	0	0	0	0	0	0	0	0	0	0	0	0	0	0	0	0	0	0	0	0	0	0	112	0	0	171	0	0	0	0	0	0	0	45	0	0	0	70	0	0	0	0	0	147	0	0	0	0	0	0	0	0	0	0	0	0	0	0	0	0	0	0	0	0	0	0	0	0	0	0	0	0	0	0	0	0	0	0	0	0	0	0	0	0	0	0	0	0	0	0	0	0	0	0	0	0	0	0	0	0	0	94	0	0	0	144	0	265	0	0	0	0	0	0	0	0	0	0	0	0	204	0	19	0	0	0	0	0	0	0	0	0	5	0	0	0	69	0	0	0	0	0	0	0	0	0	0	162	0	0	0	0	0	0	0	0	0	0	0	0	0	0	0	0	0	0	0	0	0	0	0	0	0	8	0	0	0	0	0	0	256	29	0	0	0	0	0	0	0	0	0	0	0	0	0	0	0	0	0	0	0	0	0	0	0	0	0	0	0	0	21	0	41	0	0	0	0	0	0	0	0	0	0	0	0	166	51	0	0	0	0	0	0	0	0	60	0	0	0	0	0	0	0	126	0	0	0	0	0	127	0	0	0	0	0	0	0	2	0	0	0	0	0	0	0	0	53	0	84	0	0	0	0	0	0	0	0	0	0	0	0	0	0	14	0	0	122	0	24	0	0	0	36	110	0	0	0	0	34	0	0	229	0	0	0	78	0	28	0	0	0	0	189	0	0	0	0	0	0	234	0	111	205	57	0	118	69	0	0	0	0	182	0	38	0	0	0	43	113	0	0	19	0	0	154	0	0	136	111	20	0	111	0	0	0	0	0	0	0	0	0	0	0	0	149	0	44	179	0	0	30	50	0	0	0	0	0	0	0	0	33	0	0	0	0	0	0	0	236	113	88	0	92	9	149	32	0	0	0	18	0	0	81	0	0	0	69	40	39	12	0	54	0	91	0	15	87	0	72	104	217	2	0	0	24	0	0	115	182	78	0	112	138	100	131	9	26	97	0	557	137	0	127	269	75	0	149	0	109	12	148	0	38	22	0	212	85	0	0	0	0	0	35	47	144	287	0	1	42	0	140	109	168	111	0	45	97	77	0	112	185	36	0	0	0	129	82	288	3	80	90	51	0	0	67	0	120	5	138	360	134	128	0	113	75	0	187	0	101	27	109	46	130	0	0	35	222	96	62	104	136	251	168	36	122	165	327	23	184	80	0	23	240	155	0	0	116	107	63	161	62	0	108	221	117	163	121	0	138	115	0	231	330	42	150	51	59	0	0	0	15	132	194	0	64	94	122	33	100	48	25	9	59	75	301	17	0	122	58	0	54	104	211	81	67	0	27	61
79	0	0	0	0	0	0	0	0	0	0	0	0	0	0	0	0	0	0	0	0	0	0	0	0	0	0	0	0	0	0	0	0	0	0	0	0	0	0	0	0	0	0	0	0	0	0	0	0	0	0	0	0	0	0	0	0	0	0	0	0	0	0	0	0	0	0	0	0	0	0	0	0	0	0	0	0	0	0	0	0	0	0	0	0	0	0	0	0	0	0	0	0	0	0	0	0	0	0	0	0	0	0	0	0	0	0	0	0	0	0	0	0	0	0	0	0	0	0	0	0	0	0	0	0	0	0	0	0	0	0	0	0	0	0	0	0	0	0	0	0	0	0	0	0	0	0	0	0	0	0	0	0	0	0	0	0	0	0	0	0	0	0	0	0	0	0	0	0	0	0	0	0	0	0	0	0	0	0	0	0	0	0	0	0	0	0	0	0	0	0	0	0	0	0	0	0	0	0	0	0	0	0	0	0	0	0	0	0	0	0	0	0	0	0	0	0	0	0	0	0	0	0	0	0	0	0	0	0	0	0	0	0	0	0	0	0	0	0	0	0	0	0	0	0	0	0	0	0	0	0	0	0	0	0	0	0	0	0	0	0	0	0	0	0	0	0	0	0	0	0	0	0	0	0	0	0	0	0	0	0	0	0	0	0	0	0	0	0	0	0	0	0	0	0	0	0	0	0	0	0	0	0	0	0	0	0	0	0	0	0	0	0	0	0	0	0	0	0	0	0	0	0	0	0	0	0	0	0	0	0	0	0	0	0	0	0	0	0	0	0	0	0	0	0	0	0	0	0	0	0	0	0	0	0	0	0	0	0	0	0	0	0	0	0	0	0	0	0	0	0	0	0	0	0	0	4	0	0	0	0	0	0	0	0	0	0	0	0	0	0	0	0	0	0	0	0	0	0	0	0	0	0	0	0	0	0	0	0	0	0	0	0	0	0	0	0	0	0	0	0	0	0	0	0	0	0	0	0	0	0	0	0	0	0	0	0	1	0	0	0	0	0	0	0	0	0	0	0	0	0	0	0	0	0	0	0	0	0	0	0	0	0	0	0	0	0	0	0	0	0	0	0	0	0	0	0	0	0	0	0	0	0	0	0	0	0	0	0	0	0	0	0	0	0	0	0	0	0	0	0	0	0	0	0	0	0	0	0	0	0	0	0	0	0	0	0	0	0	0	0	0	0	0	2	0	0	0	0	0	0	0	0	0	0	144	0	0	144	0	0	0	0	0	0	0	12	0	0	0	324	0	0	0	0	0	44	0	0	0	0	0	0	0	0	0	0	0	0	0	0	0	0	0	0	0	0	0	0	0	0	0	0	0	0	0	0	0	0	0	0	0	0	0	0	0	0	0	0	0	0	0	0	0	0	0	0	0	0	0	0	0	0	0	133	0	0	0	15	0	603	0	0	0	0	0	0	0	0	0	33	0	0	46	9	173	0	12	0	0	0	0	0	0	0	37	0	0	0	110	0	0	0	0	0	0	0	0	0	0	16	0	0	0	0	0	0	0	0	0	0	0	0	0	0	0	0	0	0	0	0	0	0	0	0	0	181	0	0	0	187	0	0	144	0	0	0	0	0	0	0	0	3	0	0	0	0	0	0	0	0	2	0	0	0	0	0	0	0	0	0	0	0	83	0	86	0	0	0	0	0	0	0	0	0	0	0	0	35	7	83	0	0	0	0	0	0	0	0	0	5	0	0	0	0	0	79	0	0	0	0	0	92	0	0	0	0	15	0	0	152	0	0	0	0	0	0	58	0	122	0	60	0	0	0	0	0	0	0	0	0	0	53	0	0	0	4	0	0	324	0	52	0	0	0	205	89	0	0	0	0	184	24	0	182	0	0	0	103	0	105	0	0	0	0	89	0	0	0	0	0	0	119	0	39	202	198	0	48	32	12	0	0	0	280	0	59	0	0	0	74	49	0	0	234	0	0	61	0	0	87	278	135	0	82	0	0	0	0	0	0	0	0	0	0	0	0	69	0	52	36	2	0	85	220	0	0	0	0	0	0	0	0	125	0	0	0	0	0	0	0	45	57	88	0	69	75	82	20	0	0	0	38	0	0	183	0	0	0	55	9	13	112	0	66	0	38	0	59	108	0	10	172	84	88	0	0	306	0	0	24	162	19	0	105	139	124	54	150	11	137	0	40	58	0	106	116	80	0	156	0	15	150	78	0	24	6	0	53	113	0	0	0	0	0	150	107	110	142	0	0	121	0	57	138	128	125	0	97	41	103	0	159	132	107	58	0	0	29	39	82	116	56	268	91	0	0	149	0	22	64	81	143	107	33	0	9	177	0	58	0	60	123	87	59	38	0	0	178	58	32	75	131	35	77	128	137	46	65	103	67	77	44	167	117	65	190	0	0	118	330	64	97	103	0	69	54	20	211	181	0	156	11	0	58	189	109	19	40	102	0	0	0	118	47	189	0	68	55	56	128	43	113	133	79	94	175	155	29	0	74	78	0	155	125	156	91	157	0	27	56
80	0	0	0	0	0	0	0	0	0	0	0	0	0	0	0	0	0	0	0	0	0	0	0	0	0	0	0	0	0	0	0	0	0	0	0	0	0	0	0	0	0	0	0	0	0	0	0	0	0	0	0	0	0	0	0	0	0	0	0	0	0	0	0	0	0	0	0	0	0	0	0	0	0	0	0	0	0	0	0	0	0	0	0	0	0	0	0	0	0	0	0	0	0	0	0	0	0	0	0	0	0	0	0	0	0	0	0	0	0	0	0	0	0	0	0	0	0	0	0	0	0	0	0	0	0	0	0	0	0	0	0	0	0	0	0	0	0	0	0	0	0	0	0	0	0	0	0	0	0	0	0	0	0	0	0	0	0	0	0	0	0	0	0	0	0	0	0	0	0	0	0	0	0	0	0	0	0	0	0	0	0	0	0	0	0	0	0	0	0	0	0	0	0	0	0	0	0	0	0	0	0	0	0	0	0	0	0	0	0	53	0	0	0	0	0	0	0	0	0	0	0	0	0	0	0	0	0	0	0	0	0	0	0	0	0	0	0	0	0	0	0	0	0	0	0	0	2	0	0	0	0	0	0	0	0	0	0	0	0	0	0	0	0	0	0	0	0	0	0	0	0	0	0	0	0	0	0	0	0	0	0	0	0	0	0	0	0	0	0	0	0	0	0	0	0	0	0	0	0	0	0	0	0	0	0	0	0	0	0	0	0	0	0	0	0	0	0	0	0	0	0	0	0	0	0	0	0	0	0	0	0	0	0	0	0	0	0	0	0	0	0	0	0	0	0	0	0	0	0	0	0	0	0	0	0	0	0	0	0	0	0	0	0	0	0	0	0	0	0	0	0	0	0	0	0	0	0	0	0	0	0	0	0	0	0	0	0	0	0	0	0	0	0	0	0	0	0	0	0	0	0	0	0	0	0	0	0	0	0	0	0	0	0	0	0	0	0	0	0	0	0	0	0	0	0	0	0	0	0	0	0	0	0	0	0	0	0	0	0	0	0	0	0	0	0	0	0	0	0	0	0	0	0	0	0	0	0	0	0	0	0	0	0	0	0	0	0	0	0	0	0	0	0	0	0	0	0	0	0	0	0	0	0	0	0	0	0	0	0	0	0	0	0	0	0	0	0	0	0	0	0	0	0	0	0	0	0	0	0	0	0	0	0	0	0	0	0	0	0	0	21	0	0	0	0	0	0	0	0	0	0	0	0	0	115	0	0	68	0	0	0	0	0	0	0	91	0	0	0	172	0	0	0	0	0	32	0	0	0	0	0	0	0	0	0	0	0	0	0	0	0	0	0	0	0	0	0	0	0	0	0	0	0	0	0	0	0	0	0	0	0	0	0	0	0	0	0	0	0	0	0	0	0	0	0	82	0	0	0	0	0	0	0	130	0	0	0	120	0	67	0	0	0	0	0	0	0	0	18	0	0	0	77	0	158	0	35	0	0	0	0	0	0	0	53	0	0	0	185	0	0	0	0	0	0	0	0	0	0	6	0	0	0	0	0	74	0	0	0	0	0	0	0	0	0	0	0	0	0	0	0	0	0	0	0	85	4	0	0	32	0	0	161	39	0	0	0	0	0	0	0	0	0	0	0	0	0	0	0	0	0	0	0	0	0	0	0	0	0	0	0	0	178	0	104	0	0	0	0	0	0	0	0	0	0	17	0	69	154	15	0	0	0	0	0	0	0	0	0	40	0	0	0	0	0	219	0	0	0	0	0	44	0	0	0	0	0	0	0	129	0	0	0	0	0	0	43	0	100	0	61	0	0	0	0	0	0	0	0	0	0	10	0	0	0	73	0	0	99	0	83	0	0	0	25	46	0	0	0	0	11	0	0	125	0	0	0	97	0	4	0	0	0	0	243	0	0	0	0	0	0	39	0	29	68	35	0	159	45	0	0	0	0	81	0	26	0	0	0	45	42	0	0	236	0	0	6	0	0	40	51	60	0	17	0	0	0	0	0	0	0	0	0	0	0	0	186	0	52	123	0	0	42	202	0	0	0	0	0	0	0	0	156	0	0	0	0	0	0	0	31	23	109	0	13	192	109	45	0	0	0	73	0	0	92	0	0	0	197	105	38	69	0	80	0	172	0	28	114	0	129	81	373	90	0	0	142	0	0	102	86	141	0	229	66	164	235	121	2	24	0	163	56	0	30	36	247	0	21	0	101	81	124	0	101	115	0	59	134	0	0	0	0	0	151	85	116	110	0	0	170	0	51	326	240	44	72	82	25	19	0	85	29	116	0	0	0	202	92	45	103	93	61	36	0	0	36	0	162	92	261	67	80	22	0	27	35	0	32	0	29	82	76	61	123	0	0	66	33	22	173	61	313	35	184	183	31	172	165	72	114	59	27	57	177	54	0	0	26	48	48	12	66	0	44	128	145	82	63	0	38	174	36	16	490	52	135	101	44	0	0	0	64	251	70	0	67	110	49	6	85	89	83	114	212	102	59	37	0	225	88	0	36	122	199	70	128	0	63	20
81	0	0	0	0	0	0	0	0	0	0	0	0	0	0	0	0	0	0	0	0	0	0	0	0	0	0	0	0	0	0	0	0	0	0	0	0	0	0	0	0	0	0	0	0	0	0	0	0	0	0	0	0	0	0	0	0	0	0	0	0	0	0	0	0	0	0	0	0	0	0	0	0	0	0	0	0	0	0	0	0	0	0	0	0	0	0	0	0	0	0	0	0	0	0	0	0	0	0	0	0	0	0	0	0	0	0	0	0	0	0	0	0	0	0	0	0	0	0	0	0	0	0	0	0	0	0	0	0	0	0	0	0	0	0	0	0	0	0	0	0	0	0	0	0	0	0	0	0	0	0	0	0	0	0	0	0	0	0	0	0	0	0	0	0	0	0	0	0	0	0	0	0	0	0	0	0	0	0	0	0	0	0	0	0	0	0	0	0	0	0	0	0	0	0	0	0	0	0	0	0	0	0	0	0	0	0	0	0	0	0	0	0	0	0	0	0	0	0	0	0	0	0	0	0	0	0	0	0	0	0	0	0	0	0	0	0	0	0	0	0	0	0	0	0	0	0	0	0	0	0	0	0	0	0	0	0	0	0	0	0	0	0	0	0	0	0	0	0	0	0	0	0	0	0	0	0	0	0	0	0	0	0	0	0	0	0	0	0	0	0	0	0	0	0	0	0	0	0	0	0	0	0	0	0	0	0	0	0	0	0	0	0	0	0	0	0	0	0	0	0	0	0	0	0	0	0	0	0	0	0	0	0	0	0	0	0	0	0	0	0	0	0	0	0	0	0	0	0	0	0	0	0	0	0	0	0	0	0	0	0	0	0	0	0	0	0	0	0	0	0	0	0	0	0	0	0	0	0	0	0	0	0	0	0	0	0	0	0	0	0	0	0	0	0	0	0	0	0	0	0	0	0	0	0	0	0	0	0	0	0	0	0	0	0	0	0	0	0	0	0	0	0	0	0	0	0	0	0	0	0	0	0	0	0	0	0	0	0	0	0	0	0	0	0	0	0	0	0	0	0	0	0	0	0	0	0	0	0	0	0	0	0	0	0	0	0	0	0	0	0	0	0	0	0	0	0	0	0	0	0	0	0	0	0	0	0	0	0	0	0	0	0	0	0	0	0	0	0	0	0	0	0	0	0	0	0	0	0	0	0	0	0	0	0	0	0	0	0	0	0	0	0	0	0	0	0	0	0	0	0	0	0	0	0	73	0	0	53	0	0	0	0	0	0	0	24	0	0	0	228	0	0	0	0	0	104	0	0	0	0	0	0	0	0	0	0	0	0	0	0	0	0	0	0	0	0	0	0	0	0	0	0	0	0	0	0	0	0	0	0	0	0	0	0	0	0	0	0	8	0	0	0	0	0	0	39	0	0	0	0	0	0	0	141	0	0	0	77	0	93	0	5	0	0	0	0	0	0	0	0	0	0	1	0	13	0	0	0	0	0	0	0	0	0	0	0	0	0	350	0	0	0	0	0	0	0	0	0	0	39	0	0	0	0	0	0	0	0	0	0	0	0	110	0	0	0	0	0	0	0	0	0	0	0	0	101	0	0	0	11	1	0	152	4	0	0	0	0	0	0	0	0	0	0	0	0	0	0	0	0	98	0	0	0	0	0	0	0	0	0	0	0	115	0	28	0	0	0	0	0	0	0	0	0	0	0	0	97	36	130	0	0	0	0	0	0	0	2	0	256	0	0	0	0	0	67	0	0	0	0	0	49	0	0	0	0	0	0	0	60	0	0	0	0	0	0	31	0	33	0	142	0	0	0	0	0	0	0	0	0	0	60	0	0	0	93	7	0	102	0	52	0	0	0	126	255	0	0	0	0	136	10	0	50	0	0	0	46	0	147	0	0	0	0	102	0	0	0	0	0	0	47	0	57	76	67	0	33	147	32	0	0	0	49	0	35	0	0	0	162	17	0	0	25	0	0	165	0	0	124	123	68	0	214	0	0	0	0	0	0	0	0	0	0	0	0	39	0	9	29	0	0	135	66	54	0	0	0	0	0	0	0	49	39	0	0	0	0	0	0	115	66	16	0	125	233	49	125	0	0	0	137	0	0	148	0	0	0	223	63	179	71	0	6	0	36	0	4	102	0	53	255	107	2	0	0	9	0	0	38	227	152	0	202	51	89	182	137	43	64	0	43	40	0	28	109	174	0	65	0	1	327	98	0	54	72	0	137	30	0	0	0	0	0	219	82	143	176	0	0	72	0	149	259	28	58	0	102	175	74	0	192	100	94	0	0	0	181	202	111	28	65	167	243	0	0	109	0	157	242	57	71	44	210	0	59	46	0	9	0	64	282	154	151	71	0	0	178	63	42	11	185	46	18	170	176	13	79	86	34	22	132	0	59	106	50	0	0	106	48	31	59	129	0	112	38	93	110	128	0	221	50	24	207	50	74	71	186	22	0	0	0	47	290	98	0	82	114	91	129	47	40	87	217	12	91	110	69	0	112	458	0	38	49	221	275	85	0	105	10
82	0	0	0	0	0	0	0	0	0	0	0	0	0	0	0	0	0	0	0	0	0	0	0	0	0	0	0	0	0	0	0	0	0	0	0	0	0	0	0	0	0	0	0	0	0	0	0	0	0	0	0	0	0	0	0	0	0	0	0	0	0	0	0	0	0	0	0	0	0	0	0	0	0	0	0	0	0	0	0	0	0	0	0	0	0	0	0	0	0	0	0	0	0	0	0	0	0	0	0	0	0	0	0	0	0	0	0	0	0	0	0	0	0	0	0	0	0	0	0	0	0	0	0	0	0	0	0	0	0	0	0	0	0	0	0	0	0	0	0	0	0	0	0	0	0	0	0	0	0	0	17	0	0	0	0	0	0	0	0	0	0	0	0	0	0	0	0	0	0	0	0	0	0	0	0	0	0	0	0	0	0	0	0	0	0	0	0	0	0	0	0	0	0	0	0	0	0	0	0	0	0	0	0	0	0	0	0	0	0	0	0	0	0	0	0	0	0	0	0	0	0	0	0	0	0	0	0	0	0	0	0	0	0	0	0	0	0	0	0	0	0	0	0	0	0	0	0	0	0	0	0	0	0	0	0	0	0	0	0	0	0	0	0	0	0	0	0	0	0	0	0	0	0	0	0	0	0	0	0	0	0	0	0	0	0	0	0	0	0	0	0	0	0	0	0	0	0	0	0	0	0	0	0	0	0	0	0	0	0	0	0	0	0	0	0	0	0	0	0	0	0	0	0	0	0	0	0	0	0	0	0	0	0	0	0	0	0	0	0	0	0	0	0	0	0	0	0	0	0	0	0	0	0	0	0	0	0	0	0	0	0	0	0	0	0	0	0	0	0	0	0	0	0	0	0	0	0	0	0	0	0	0	0	0	0	0	0	0	0	0	0	0	0	0	0	0	0	0	0	0	0	0	0	0	0	0	0	0	0	0	0	0	0	0	0	0	0	0	0	0	0	0	0	0	0	0	0	0	0	0	0	0	0	0	0	0	0	0	0	0	0	0	0	0	0	0	0	0	0	0	0	0	0	0	0	0	0	0	0	0	0	0	0	0	0	0	0	0	0	0	0	0	0	0	0	0	0	0	0	0	0	0	0	0	0	0	0	0	0	0	0	0	0	0	0	7	0	0	0	0	0	0	0	0	0	0	0	0	0	0	0	0	0	0	0	0	0	0	0	0	0	0	0	0	0	0	0	0	0	0	0	0	0	0	89	0	0	259	0	0	0	0	0	0	0	73	0	0	0	155	0	0	0	0	0	105	0	0	0	0	0	0	0	0	0	0	0	0	0	0	0	0	0	0	0	0	0	0	0	0	0	0	0	0	0	0	0	0	0	0	0	0	0	0	0	0	0	0	0	0	0	0	0	0	0	0	0	0	0	0	0	0	0	192	0	0	0	218	0	106	0	0	0	0	0	0	0	0	0	0	0	0	28	0	4	0	0	0	0	0	0	0	0	0	11	0	0	0	71	0	0	0	0	0	0	0	0	0	0	86	0	0	0	0	0	0	0	0	0	0	0	0	0	0	0	0	0	0	0	0	0	0	0	0	0	179	29	0	0	0	0	0	28	0	0	0	0	0	0	0	0	41	0	0	0	0	0	0	0	0	0	0	0	0	0	0	0	0	0	0	0	0	184	0	387	0	0	0	0	0	0	0	0	0	0	0	0	58	87	0	0	0	0	0	0	0	0	0	0	31	0	0	0	0	0	68	0	0	0	0	0	251	0	0	0	0	0	0	0	104	0	0	5	0	0	0	0	0	49	0	290	0	0	0	0	0	0	0	0	0	0	146	0	0	0	133	0	0	171	0	155	0	0	0	10	242	0	0	0	0	2	116	0	33	0	0	6	55	0	81	0	0	0	0	194	0	0	0	0	0	0	186	0	67	61	23	0	47	45	0	0	0	0	63	0	81	0	0	0	215	81	0	0	33	0	0	148	0	0	74	103	88	0	32	0	0	0	0	0	0	0	0	0	0	0	0	52	0	45	23	0	0	22	95	0	0	0	0	0	0	0	0	160	0	0	0	0	0	0	0	91	102	28	0	105	91	92	1	0	0	0	69	0	0	62	0	0	0	113	39	146	131	0	149	0	8	0	70	50	0	134	96	104	23	0	0	188	0	0	60	180	95	0	92	163	279	89	147	160	73	0	69	239	0	192	57	48	0	61	0	97	112	93	0	53	82	0	114	81	0	0	0	0	0	187	61	99	217	0	0	19	0	172	19	77	77	0	132	51	63	0	37	150	167	0	0	0	216	127	189	30	16	32	180	0	0	125	0	210	117	259	9	169	61	0	148	196	0	182	0	53	50	34	1	120	0	0	35	21	42	28	151	175	79	72	124	70	58	189	84	147	94	0	135	86	108	0	0	65	94	19	141	101	0	70	62	42	11	16	0	108	107	0	20	249	113	58	136	97	0	0	0	34	164	82	0	127	64	88	165	17	81	278	116	46	86	75	222	0	170	94	0	105	96	90	61	51	0	57	132
83	0	0	0	0	0	0	0	0	0	0	0	0	0	0	0	0	0	0	0	0	0	0	0	0	0	0	0	0	0	0	0	0	0	0	0	0	0	0	0	0	0	0	0	0	0	0	0	0	0	0	0	0	0	0	0	0	0	0	0	0	0	0	0	0	0	0	0	0	0	0	0	0	0	0	0	0	0	0	0	0	0	0	0	0	0	0	0	0	0	0	0	0	0	0	0	0	0	0	0	0	0	0	0	0	0	0	0	0	0	0	0	0	0	0	0	0	0	0	0	0	0	0	0	0	0	0	0	0	0	0	0	0	0	0	0	0	0	0	0	0	0	0	0	0	0	0	0	0	0	0	0	0	0	0	0	0	0	0	0	0	0	0	0	0	0	0	0	0	0	0	0	0	0	0	0	0	0	0	0	0	0	0	0	0	0	0	0	0	0	0	0	0	0	0	0	0	0	0	0	0	0	0	0	0	0	0	0	0	0	0	0	0	0	0	0	0	0	0	0	0	0	0	0	0	0	0	0	0	0	0	0	0	0	0	0	0	0	0	0	0	0	0	0	0	0	0	0	0	0	0	0	0	0	0	0	0	0	0	0	0	0	0	0	0	0	0	0	1	0	0	0	0	0	0	0	0	0	0	0	0	0	0	0	0	0	0	0	0	0	0	0	0	0	0	0	0	0	0	0	0	0	0	0	0	0	0	0	0	0	0	0	0	0	0	0	0	0	0	0	0	0	0	0	0	0	0	0	0	0	0	0	0	0	0	0	0	0	0	0	0	0	0	0	0	0	0	0	0	0	0	0	0	0	0	0	0	0	0	0	0	0	0	0	0	0	0	0	0	0	0	0	0	0	0	0	0	0	0	0	0	0	0	0	0	0	0	0	0	0	0	0	0	0	0	0	0	0	0	0	0	0	0	0	0	0	0	0	0	0	0	0	0	0	0	0	0	0	0	0	0	0	0	0	0	0	0	0	0	0	0	0	0	0	0	0	0	0	0	0	0	0	0	0	0	0	0	0	0	0	0	0	0	0	0	0	0	0	0	0	0	0	0	0	0	0	0	0	0	0	0	0	0	0	0	0	0	0	0	0	0	0	0	0	0	0	0	0	0	0	0	0	0	0	0	0	0	0	0	0	0	0	0	0	0	0	0	0	0	0	0	0	0	0	0	0	0	0	0	0	0	0	0	0	30	0	0	0	0	0	0	0	0	0	0	45	0	0	46	0	0	0	0	0	0	0	184	0	0	0	58	0	0	0	0	0	155	0	0	0	0	0	0	0	0	0	0	0	0	0	0	0	0	0	0	0	0	0	0	0	0	0	0	0	0	13	0	0	0	0	0	0	0	0	0	0	0	0	0	0	0	0	0	0	0	0	16	0	0	0	0	0	0	0	109	0	0	0	82	0	27	0	0	0	0	0	0	0	0	0	0	0	6	9	0	66	0	0	0	0	0	0	0	0	0	22	0	0	0	99	0	0	0	0	0	0	0	0	0	0	112	0	0	0	0	0	0	0	0	0	0	0	0	0	0	0	0	0	0	0	0	0	0	0	0	0	160	0	0	0	125	6	0	147	0	0	0	0	0	0	0	0	0	0	0	0	0	0	0	0	0	66	0	0	0	0	0	0	0	0	0	0	0	169	0	67	0	0	0	0	0	0	0	0	0	0	0	0	143	131	10	0	0	0	0	0	0	0	0	0	84	0	0	0	0	0	6	0	0	0	0	0	166	0	0	0	0	0	0	0	51	0	0	0	0	0	0	44	0	234	0	86	0	65	0	0	0	0	0	0	0	0	25	0	0	0	93	0	0	75	0	138	4	0	0	33	100	0	0	0	0	111	0	0	30	0	0	0	25	0	320	0	0	0	0	106	0	0	0	0	0	0	83	0	90	180	36	0	75	68	50	0	0	0	318	0	37	0	0	0	343	76	0	1	133	0	0	184	0	0	39	53	112	0	39	10	0	0	0	0	0	0	0	0	0	0	0	57	0	72	75	0	0	61	23	0	0	0	19	0	0	0	0	51	4	0	0	0	0	0	0	155	293	63	0	127	147	72	92	0	0	0	12	0	0	128	0	0	0	50	44	237	119	0	44	0	236	0	251	49	0	85	84	101	30	0	0	92	0	0	132	74	82	0	162	58	161	142	58	30	125	0	121	156	0	75	16	55	0	65	0	77	74	157	0	124	228	0	172	143	0	0	0	0	0	141	92	191	78	0	0	115	0	94	62	12	240	0	54	25	81	0	86	26	150	0	0	0	53	92	43	29	262	33	37	0	0	66	0	17	246	112	46	28	11	0	29	67	0	26	0	169	170	133	108	54	0	0	153	105	49	64	82	46	126	233	91	106	110	129	52	85	60	2	59	137	16	0	0	43	43	92	31	34	0	153	21	258	34	10	0	43	99	10	69	8	14	100	132	103	0	0	0	89	26	223	0	37	144	69	57	33	41	56	75	94	85	23	55	0	74	60	0	75	212	180	74	165	1	106	124
84	0	0	0	0	0	0	0	0	0	0	0	0	0	0	0	0	0	0	0	0	0	0	0	0	0	0	0	0	0	0	0	0	0	0	0	0	0	0	0	0	0	0	0	0	0	0	0	0	0	0	0	0	0	0	0	0	0	0	0	0	0	0	0	0	0	0	0	0	0	0	0	0	0	0	0	0	0	0	0	0	0	0	0	0	0	0	0	0	0	0	0	0	0	0	0	0	0	0	0	0	0	0	0	0	0	0	0	0	0	0	0	0	0	0	0	0	0	0	0	0	0	0	0	0	0	0	0	0	0	0	0	0	0	0	0	0	0	0	0	0	0	0	0	0	0	0	0	0	0	0	0	0	0	0	0	0	0	0	0	0	0	0	0	0	0	0	0	0	0	0	0	0	0	0	0	0	0	0	0	0	0	0	0	0	0	0	0	0	0	0	0	0	0	0	0	0	0	0	0	0	0	0	0	0	0	0	0	0	0	0	0	0	0	0	0	0	0	0	0	0	0	0	0	0	0	0	0	0	0	0	0	0	0	0	0	0	0	0	0	0	0	0	0	0	0	0	0	0	0	0	0	0	0	0	0	0	0	0	0	0	0	0	0	0	0	0	0	0	0	0	0	0	0	0	0	0	0	0	0	0	0	0	0	0	0	0	0	0	0	0	0	0	0	0	0	0	0	0	0	0	0	0	0	0	0	0	0	0	0	0	0	0	0	0	0	0	0	0	0	0	0	0	0	0	0	0	0	0	0	0	0	0	0	0	0	0	0	0	0	0	0	0	0	0	0	0	0	0	0	0	0	0	0	0	0	0	0	0	0	0	0	0	0	0	0	0	0	0	0	0	0	0	0	0	0	0	0	0	0	0	0	0	0	0	0	0	0	0	0	0	0	0	0	0	0	0	0	0	0	0	0	0	0	0	0	0	0	0	0	0	0	0	0	0	0	0	0	0	0	0	0	0	0	0	0	0	0	0	0	0	0	0	0	0	0	0	0	0	0	0	0	0	0	0	0	0	0	0	0	0	0	0	0	0	0	0	0	0	0	0	0	0	0	0	0	0	0	0	0	0	0	0	0	0	0	0	0	0	0	0	0	0	0	0	0	0	0	0	0	0	0	0	0	0	0	0	0	0	0	0	0	0	0	0	0	0	0	0	0	0	0	0	0	0	0	0	0	0	0	0	0	0	0	0	0	0	0	0	0	0	0	0	0	0	124	0	0	46	0	0	0	0	0	0	0	152	0	0	0	116	0	0	0	0	0	108	0	0	0	0	0	0	0	0	0	0	0	0	0	0	0	0	0	0	0	0	0	0	0	0	0	0	0	0	4	0	0	0	0	0	0	0	0	0	0	0	0	0	17	0	0	0	0	0	0	0	0	0	0	0	0	0	0	88	0	0	0	94	0	34	0	3	0	0	0	0	0	0	0	0	0	0	139	0	207	0	0	0	0	0	0	0	0	0	0	0	0	0	30	0	0	0	0	0	0	0	0	0	0	58	0	0	0	0	0	0	0	0	0	0	0	0	0	0	0	0	0	0	0	0	0	0	0	0	0	95	0	0	0	0	52	0	38	0	0	0	0	0	0	0	0	0	0	0	0	0	0	0	0	0	27	0	0	0	0	0	0	0	0	0	0	0	51	0	132	0	0	0	0	0	0	0	0	0	0	0	0	105	104	0	0	0	0	0	0	0	0	0	0	24	0	0	0	0	0	87	0	0	0	0	0	48	0	0	0	0	0	0	0	4	0	0	0	0	0	0	19	0	114	0	25	0	0	0	0	0	0	0	0	0	0	68	0	0	0	56	0	0	27	0	64	0	0	0	53	49	0	0	0	0	37	0	0	422	0	0	0	225	0	0	0	0	0	0	97	0	0	0	0	0	0	34	0	140	269	109	0	49	233	0	0	0	0	212	0	104	0	0	0	95	119	0	12	182	0	62	77	0	0	81	51	116	0	84	0	0	0	0	0	0	0	0	0	0	0	0	148	0	158	65	0	0	96	116	0	0	0	0	0	0	0	0	96	0	0	0	0	0	0	0	188	74	125	0	291	121	132	79	0	0	0	69	1	0	77	0	0	0	118	98	262	51	0	126	0	47	0	46	105	0	96	30	45	0	0	0	129	0	0	52	55	107	0	56	118	35	38	66	319	249	0	65	148	0	103	104	77	0	56	0	104	85	168	0	97	65	0	84	71	0	0	0	0	0	113	1	120	81	0	0	147	0	3	45	150	94	0	142	58	143	0	107	44	257	0	0	0	89	185	105	23	33	257	29	0	0	124	0	22	93	52	143	106	186	0	52	52	0	30	0	105	88	177	18	77	0	0	110	70	31	171	127	64	44	94	238	47	32	100	52	41	51	0	8	214	99	0	0	81	56	141	235	121	0	150	165	175	46	158	0	53	145	31	294	45	69	17	10	35	0	0	0	131	34	153	0	35	218	45	38	11	69	95	8	206	51	60	56	0	139	30	0	103	46	17	70	103	0	108	51
85	0	0	0	0	0	0	0	0	0	0	0	0	0	0	0	0	0	0	0	0	0	0	0	0	0	0	0	0	0	0	0	0	0	0	0	0	0	0	0	0	0	0	0	0	0	0	0	0	0	0	0	0	0	0	0	0	0	6	0	0	0	0	0	0	0	0	0	0	0	0	0	0	0	0	0	0	0	0	0	0	0	0	0	0	0	0	0	0	0	0	0	0	0	0	0	0	0	0	0	0	0	0	0	0	0	0	0	0	0	0	0	0	0	0	0	0	0	0	0	0	0	0	0	0	0	0	0	0	0	0	0	0	0	0	0	0	0	0	0	0	0	0	0	0	0	0	0	0	0	0	0	0	0	0	0	0	0	0	0	0	0	0	0	0	0	0	0	0	0	0	0	0	0	0	0	0	0	0	0	0	0	0	0	0	0	0	0	0	0	0	0	0	0	0	0	0	0	0	0	0	0	0	0	0	0	0	0	0	0	0	0	0	0	0	0	0	0	0	0	0	0	0	0	0	0	0	0	0	0	0	0	0	0	0	0	0	0	0	0	0	0	0	0	0	0	0	0	0	0	0	0	0	0	0	0	0	0	0	0	0	0	0	0	0	0	0	0	0	0	0	0	0	0	0	0	0	0	0	0	0	0	0	0	0	0	0	0	0	0	0	0	0	0	0	0	0	0	0	0	0	0	0	0	0	0	0	0	0	0	0	0	0	0	0	0	0	0	0	0	0	0	0	0	0	0	0	0	0	0	0	0	0	0	0	0	0	0	0	0	0	0	0	0	0	0	0	0	0	0	0	0	0	0	0	0	0	0	0	0	0	0	0	0	0	0	0	0	0	0	0	0	0	0	0	0	0	0	0	0	0	0	0	0	0	0	0	0	0	0	0	0	0	0	0	0	0	0	0	0	0	0	0	0	0	0	0	0	0	0	0	0	0	0	0	0	0	0	0	0	0	0	0	0	0	0	0	0	0	0	0	0	0	0	0	0	0	0	0	0	0	0	0	0	0	0	0	0	0	0	0	0	0	0	0	0	0	0	0	0	0	0	0	0	0	0	0	0	0	0	0	0	0	0	0	0	0	0	0	0	0	0	0	0	0	0	0	0	0	0	0	0	0	0	0	0	0	0	0	0	0	0	0	0	0	0	0	0	0	0	0	0	0	0	0	0	0	0	0	0	0	0	0	0	0	0	0	0	0	0	0	0	0	0	0	115	0	0	85	0	0	0	0	0	0	0	5	0	0	0	86	0	0	0	0	0	78	0	0	0	0	0	0	0	0	0	0	0	0	0	0	0	0	0	0	0	0	0	0	0	0	0	0	0	0	6	0	0	0	0	0	0	0	0	0	0	0	0	0	0	0	0	0	0	0	0	0	0	0	0	0	0	0	0	221	0	0	0	64	0	22	0	0	0	0	0	0	0	0	0	0	0	0	151	0	162	0	0	0	0	0	0	0	0	0	0	0	0	0	54	0	0	0	0	0	0	0	0	0	0	91	0	0	0	0	0	0	0	0	0	0	0	0	0	0	0	0	0	0	0	0	0	0	0	0	0	93	34	0	0	80	0	0	100	0	0	0	0	0	0	0	0	16	0	0	0	0	0	0	0	0	44	0	0	0	0	0	0	0	0	0	0	0	208	0	5	0	0	0	0	0	0	0	0	0	0	0	0	103	71	0	0	0	0	0	0	0	0	0	0	0	0	0	0	0	0	415	0	0	0	0	0	44	0	0	0	0	0	0	0	81	0	0	0	0	0	0	1	0	141	0	97	0	0	0	0	0	0	0	0	0	0	52	0	0	0	42	0	0	172	0	18	22	0	0	46	118	0	0	0	0	38	0	0	133	0	0	0	98	0	305	0	0	0	0	111	0	0	0	0	0	0	81	0	145	133	215	0	188	25	0	0	0	0	41	0	34	0	0	0	62	129	0	21	53	0	0	40	0	0	109	192	85	0	15	0	0	0	0	0	0	0	0	0	0	0	0	164	0	74	8	0	0	101	233	0	0	0	0	0	0	0	0	101	0	0	0	0	0	0	0	21	257	78	0	30	58	130	45	0	0	0	102	0	0	11	0	0	0	17	96	8	104	0	126	0	67	0	52	50	0	97	42	147	0	0	0	91	0	0	94	174	52	0	95	113	102	100	58	60	180	0	62	179	0	45	113	71	0	64	0	214	111	145	0	15	77	0	144	332	0	0	0	0	0	94	46	19	69	0	0	18	0	215	209	62	12	0	236	182	206	0	66	40	20	0	0	0	31	133	76	23	128	78	80	0	0	39	0	81	46	37	189	85	77	0	82	78	0	58	0	73	40	50	99	74	0	0	76	9	25	70	30	128	116	80	69	295	13	113	117	62	5	0	303	44	103	0	0	171	160	100	25	34	0	212	88	229	116	148	0	131	51	11	165	109	117	73	32	63	0	0	0	116	20	82	0	265	194	316	77	108	106	81	35	67	92	81	118	0	162	68	0	143	163	91	289	22	0	141	92
86	0	0	0	0	0	0	0	0	0	0	0	0	0	0	0	0	0	0	0	0	0	0	0	0	0	0	0	0	0	0	0	0	0	0	0	0	0	0	0	0	0	0	0	0	0	0	0	0	0	0	0	0	0	0	0	0	0	0	0	0	0	0	0	0	0	0	0	0	0	0	0	0	0	0	0	0	0	0	0	0	0	0	0	0	0	0	0	0	0	0	0	0	0	0	0	0	0	0	0	0	0	0	0	0	0	0	0	0	0	0	0	0	0	0	0	0	0	0	0	0	0	0	0	0	0	0	0	0	0	0	0	0	0	0	0	0	0	0	0	0	0	0	0	0	0	0	0	0	0	0	0	0	0	0	0	0	0	12	0	0	0	0	0	0	0	0	0	0	0	0	0	0	0	0	0	0	0	0	0	0	0	0	0	0	0	0	0	0	0	0	0	0	0	0	0	0	0	0	0	0	0	0	0	0	0	0	0	0	0	0	0	0	0	0	0	0	0	0	0	0	0	0	0	0	0	0	0	0	0	0	0	0	0	0	0	0	0	0	0	0	0	0	0	0	0	0	0	0	0	0	0	0	0	0	0	0	0	0	0	0	0	0	0	0	0	0	0	0	0	0	0	0	0	0	0	0	0	0	0	0	0	0	0	0	0	0	0	0	0	0	0	0	0	0	0	0	0	0	0	0	0	0	0	0	0	0	0	0	0	0	0	0	0	0	0	0	0	0	0	0	0	0	0	0	0	0	0	0	0	0	0	0	0	0	0	0	0	0	0	0	0	0	0	0	0	0	0	0	0	0	0	0	0	0	0	0	0	0	0	0	0	0	0	0	0	0	0	0	0	0	0	0	0	0	0	0	0	0	0	0	0	0	0	0	0	0	0	0	0	0	0	0	0	0	0	0	0	0	0	0	0	0	0	0	0	0	0	0	0	0	0	0	0	0	0	0	0	0	0	0	0	0	0	0	0	0	0	0	0	0	0	0	0	0	0	0	0	0	0	0	0	0	0	0	0	0	0	0	0	0	0	0	0	0	0	0	0	0	0	0	0	0	0	0	0	0	0	0	0	0	0	0	0	0	0	0	0	0	0	0	0	0	0	0	0	0	0	0	0	0	0	0	0	0	0	0	0	0	0	0	0	0	0	0	0	0	0	0	0	0	0	0	0	0	0	0	0	0	0	0	0	0	0	0	0	0	0	0	0	0	0	0	0	0	109	0	0	7	0	0	0	0	0	0	0	181	0	0	0	45	0	0	0	0	0	102	0	0	0	0	0	0	0	0	0	0	0	0	0	0	0	0	0	0	0	0	0	0	0	11	0	0	0	0	163	0	0	0	0	0	0	0	0	0	0	0	0	0	8	0	0	0	0	0	0	0	0	0	0	0	0	0	0	77	0	0	0	40	0	43	0	0	0	0	0	0	0	0	0	0	0	0	79	0	38	0	0	0	0	0	0	5	0	0	67	0	0	0	92	0	0	0	0	0	0	0	0	0	0	102	0	0	0	43	0	0	0	0	0	0	0	0	0	0	0	0	0	0	0	0	0	0	0	0	0	56	138	0	0	150	0	0	74	0	0	0	0	0	0	0	0	26	2	0	0	0	0	0	0	0	21	0	0	0	0	0	0	0	0	0	0	0	28	0	84	0	0	0	0	0	0	0	0	0	0	0	0	90	73	163	0	0	0	0	0	0	0	12	0	112	0	0	0	0	0	84	0	0	0	0	0	127	20	0	0	0	27	0	0	43	0	0	0	0	0	0	15	0	184	0	175	0	0	0	0	0	0	0	0	0	0	109	0	0	0	199	0	0	85	0	65	21	0	0	175	223	0	0	0	0	17	35	0	82	14	0	0	7	0	55	0	0	0	0	333	0	0	0	0	0	0	35	0	207	79	126	0	65	280	3	0	0	0	93	0	49	0	0	0	169	161	0	39	145	0	0	149	0	0	48	83	48	0	108	1	0	0	0	0	0	0	0	0	12	0	0	176	0	127	21	32	0	281	74	156	0	0	0	0	0	0	0	129	4	0	0	1	0	0	0	115	43	59	0	109	127	94	68	0	0	0	78	0	0	305	0	0	0	82	232	23	260	0	228	0	235	0	92	208	35	125	18	173	0	0	0	173	0	0	35	55	80	0	71	78	68	71	40	20	78	0	109	134	0	17	64	164	0	83	0	94	21	234	13	111	62	0	89	6	0	0	0	0	0	12	12	151	26	0	0	97	0	131	143	81	83	0	55	13	109	18	127	110	148	0	0	0	80	35	53	29	42	109	31	0	0	301	0	24	88	145	34	35	161	0	81	5	0	32	0	195	74	92	382	73	0	0	92	68	13	32	112	165	208	27	49	219	216	80	166	60	56	0	107	63	151	0	0	215	117	113	106	42	0	124	44	20	131	58	0	48	96	19	52	62	129	76	10	135	0	0	0	102	24	208	6	185	109	209	151	34	65	103	57	11	168	78	16	0	54	132	0	83	29	29	39	220	0	145	83
87	0	0	0	0	0	0	0	0	0	0	0	0	0	0	0	0	0	0	0	0	0	0	0	0	0	0	0	0	0	0	0	0	0	0	0	0	0	0	0	0	0	0	0	0	0	0	0	0	0	0	0	0	0	0	0	0	0	0	0	0	0	0	0	0	0	0	0	0	0	0	0	0	0	0	0	0	0	0	0	0	0	0	0	0	0	0	0	0	0	0	0	0	0	0	0	0	0	0	0	0	0	0	0	0	0	0	0	0	0	0	0	0	0	0	0	0	0	0	0	0	0	0	0	0	0	0	0	0	0	0	0	0	0	0	0	0	0	0	0	0	0	0	0	0	0	0	0	0	0	0	0	0	0	0	0	0	0	0	0	0	0	0	0	0	0	0	0	0	0	0	0	0	0	0	0	0	0	0	0	0	0	0	0	0	0	0	0	0	0	0	0	0	0	0	0	0	0	0	0	0	0	0	0	0	0	0	0	0	0	0	0	0	0	0	0	0	0	0	0	0	0	0	0	0	0	0	0	0	0	0	0	0	0	0	0	0	0	0	0	0	0	0	0	0	0	0	0	0	0	0	0	0	0	0	0	0	0	0	0	0	0	0	0	0	0	0	0	0	0	0	0	0	0	0	0	0	0	0	0	0	0	0	0	0	0	0	0	0	0	0	0	0	0	0	0	0	0	0	0	0	0	0	0	0	3	0	0	0	0	0	0	0	0	0	0	0	0	0	0	0	0	0	0	0	0	0	0	0	0	0	0	0	0	0	0	0	0	0	0	0	0	0	0	0	23	0	0	0	0	0	0	0	0	0	0	0	42	0	0	0	0	0	0	0	0	0	0	0	0	0	0	0	0	0	0	0	0	0	0	0	0	0	0	0	0	0	0	0	0	0	0	0	0	0	0	0	0	0	0	0	0	0	0	0	0	0	0	0	0	0	0	0	0	0	0	0	0	0	0	0	0	0	0	0	0	0	0	0	0	0	0	0	0	0	0	0	0	0	0	0	0	0	0	0	0	0	0	0	0	0	0	0	0	0	0	0	0	0	0	0	0	0	0	0	0	0	0	0	2	0	0	0	0	0	0	0	0	0	0	0	0	0	0	0	0	0	0	0	0	0	0	0	0	0	0	0	0	1	0	0	0	0	1	0	0	0	0	0	0	0	0	0	0	0	0	0	0	0	0	0	0	0	0	7	0	0	0	0	0	0	0	0	0	0	149	0	0	59	0	0	0	0	0	0	0	191	0	0	0	129	0	0	0	0	0	39	0	0	0	0	0	0	0	0	0	0	0	0	0	0	0	28	0	0	0	0	0	0	0	30	0	0	0	0	21	0	0	0	0	0	0	0	0	0	2	0	0	0	19	0	0	0	0	0	0	59	0	0	0	0	0	0	0	287	0	0	0	160	0	52	0	0	0	0	0	0	0	0	0	70	0	0	89	0	64	0	205	0	0	25	0	0	0	0	95	0	0	0	61	0	0	0	0	0	0	0	0	0	0	87	0	0	0	0	0	0	0	0	0	0	62	0	186	0	0	0	0	99	0	0	0	0	0	0	0	49	26	0	0	227	0	0	43	13	0	0	0	0	0	0	0	156	18	0	0	0	0	7	0	0	73	0	0	0	0	0	0	0	0	0	19	0	146	0	26	0	0	0	0	0	0	0	0	0	0	216	0	147	37	72	0	0	0	0	0	0	0	30	0	2	0	0	0	0	17	141	0	0	18	0	0	116	18	0	0	0	0	0	0	78	0	0	0	0	0	0	232	0	32	0	107	0	35	0	0	0	0	0	0	0	0	39	0	0	0	195	7	32	32	0	47	75	0	0	69	86	0	0	0	0	6	17	0	105	0	0	0	229	0	66	0	33	0	0	47	0	0	0	0	0	0	198	0	45	34	115	0	199	17	55	0	0	0	58	0	148	0	0	0	29	305	0	42	250	0	28	44	0	0	102	71	45	0	88	6	0	1	0	0	0	0	10	0	15	0	0	30	4	27	88	0	0	42	48	0	0	0	133	0	0	0	0	110	169	0	0	81	0	0	0	135	48	14	0	42	90	254	207	0	0	0	170	1	0	39	0	0	88	167	190	127	31	13	135	0	136	0	101	95	89	162	87	48	169	0	0	123	0	0	22	142	46	0	138	166	2	34	20	280	178	0	194	97	0	39	61	81	0	47	0	104	68	33	28	222	178	0	143	38	0	0	0	0	0	100	56	66	21	0	0	107	0	80	56	37	69	7	141	57	35	38	87	258	151	94	0	0	85	47	109	44	66	46	136	0	0	125	0	84	176	99	73	272	193	0	269	211	0	51	0	141	133	102	191	60	0	0	155	95	260	26	194	36	96	5	70	32	46	83	259	351	138	8	103	212	105	0	18	228	28	93	196	97	0	166	59	68	179	421	0	35	70	162	78	119	90	9	72	64	0	0	0	72	93	90	0	101	50	177	25	124	33	84	246	161	90	49	116	0	155	198	0	25	117	66	2	146	1	15	171
88	0	0	0	0	0	0	0	0	0	0	0	0	0	0	0	0	0	0	0	0	0	0	0	0	0	0	0	0	0	0	0	0	0	0	0	0	0	0	0	0	0	0	0	0	0	0	0	0	0	0	0	0	0	0	0	0	0	0	0	0	0	0	0	0	0	0	0	0	0	0	0	0	0	0	0	0	0	0	0	0	0	0	0	0	0	0	0	0	0	0	0	0	0	0	0	0	0	0	0	0	0	0	0	0	0	0	0	0	0	0	0	0	0	0	0	0	0	0	0	0	0	0	0	0	0	0	0	0	0	0	0	0	0	0	0	0	0	0	0	0	0	0	0	0	0	0	0	0	0	0	0	0	0	0	0	0	0	0	0	0	0	0	0	0	0	0	0	0	0	0	0	0	0	0	0	0	0	0	0	0	0	0	0	0	0	0	0	0	0	0	0	0	0	0	0	0	0	0	0	0	0	0	0	0	0	0	0	0	0	0	0	0	0	0	0	0	0	0	0	0	0	0	0	0	0	0	0	0	0	0	0	0	0	0	0	0	0	0	0	0	0	0	0	0	0	0	0	0	0	0	0	0	0	0	0	0	0	0	0	0	0	0	0	0	0	0	0	0	0	0	0	0	0	0	0	0	0	0	0	0	0	0	0	0	0	0	0	0	0	0	0	0	0	0	0	0	0	0	0	0	0	0	0	0	0	0	0	0	0	0	0	0	0	0	0	0	0	0	0	0	0	0	0	0	0	0	0	0	0	0	0	0	0	0	0	0	0	0	0	0	0	0	0	0	0	0	0	0	0	0	0	0	0	0	0	0	0	0	0	0	0	0	0	0	0	0	0	0	0	0	0	0	0	0	0	0	0	0	0	0	0	0	0	0	0	0	0	0	0	0	0	0	0	0	0	0	0	0	0	0	0	0	0	0	0	0	0	0	0	0	0	0	0	0	0	0	0	0	0	0	0	0	0	0	0	0	0	0	0	0	0	0	0	0	0	0	0	0	0	0	0	0	0	0	0	0	0	0	0	0	0	0	0	0	0	0	0	0	0	0	0	0	0	0	0	0	0	0	0	0	0	0	0	0	0	0	0	0	0	0	0	0	0	0	0	0	0	0	0	0	0	0	0	0	0	0	0	0	0	0	0	0	0	0	0	0	0	0	0	0	0	0	0	0	0	0	0	0	0	0	0	0	0	0	0	0	0	0	0	0	0	0	0	0	260	0	0	146	0	0	0	0	0	0	0	24	0	0	0	123	0	0	0	0	0	57	0	0	0	0	0	0	0	0	0	0	0	0	0	0	0	0	0	0	0	0	0	0	0	0	0	0	0	0	0	0	0	0	0	0	0	0	0	0	0	0	0	0	0	0	0	0	0	0	0	0	0	0	0	1	0	0	0	141	0	0	0	81	0	77	0	0	0	0	0	0	0	0	0	21	0	0	144	0	27	0	0	0	0	0	0	0	0	0	33	0	0	0	41	0	0	0	0	0	0	0	0	0	0	60	0	0	0	0	0	0	0	0	0	0	0	0	0	0	0	0	0	0	0	0	0	0	0	0	0	135	0	0	0	45	0	0	64	0	0	0	0	0	0	0	0	12	0	0	0	0	0	9	0	0	4	0	0	0	0	0	0	0	0	0	0	0	214	0	22	0	0	0	0	0	0	0	0	0	0	0	0	34	239	9	0	0	0	0	0	0	0	0	0	6	0	0	0	0	0	26	0	0	0	0	0	38	0	0	0	0	0	0	0	46	0	0	0	0	0	0	60	0	89	0	18	0	0	0	0	0	0	0	0	0	0	6	0	0	0	44	0	0	40	0	157	0	0	0	59	344	0	0	0	0	114	0	0	108	0	0	0	29	0	110	0	0	0	0	145	0	0	0	0	0	0	31	0	89	109	52	0	66	117	26	0	0	0	13	0	191	0	0	0	49	201	0	0	16	0	17	46	0	0	46	57	37	0	111	41	0	0	0	0	0	0	0	0	0	0	0	75	4	57	15	0	0	45	296	0	0	0	0	0	0	0	0	44	0	0	0	87	0	0	0	125	112	148	0	179	103	23	298	0	0	0	78	10	0	41	0	0	0	284	68	52	281	0	39	0	93	0	26	25	62	30	63	118	82	0	0	26	0	0	67	288	76	0	105	162	54	91	25	63	24	0	126	197	0	25	129	32	0	30	0	12	116	25	1	33	66	0	48	111	0	0	0	0	0	130	45	42	73	0	0	61	0	95	82	90	69	0	122	62	75	0	71	84	134	0	0	0	40	48	22	59	44	131	71	0	0	77	0	170	21	100	45	28	44	0	152	48	0	64	0	78	42	79	124	317	0	0	136	126	180	65	73	210	116	174	36	12	21	102	87	103	92	0	166	23	303	0	0	102	141	256	42	132	0	71	129	18	234	40	0	73	37	115	71	19	60	143	19	63	0	0	0	44	2	36	0	88	18	96	69	34	159	94	27	12	41	46	25	0	108	380	0	124	126	85	110	140	0	104	34
89	0	0	0	0	0	0	0	0	0	0	0	0	0	0	0	0	0	0	0	0	0	0	0	0	0	0	0	0	0	0	0	0	0	0	0	0	0	0	0	0	0	0	0	0	0	0	0	0	0	0	0	0	0	0	0	0	0	0	0	0	0	0	0	0	0	0	0	0	0	0	0	0	0	0	0	0	0	0	0	0	0	0	0	0	0	0	0	0	0	0	0	0	0	0	0	0	0	0	0	0	0	0	0	0	0	0	0	0	0	0	0	0	0	0	0	0	0	0	0	0	0	0	0	0	0	0	0	0	0	0	0	0	0	0	0	0	0	0	0	0	0	0	0	0	0	0	0	0	0	0	0	0	0	0	0	0	0	0	0	0	0	0	0	0	0	0	0	0	0	0	0	0	0	0	0	0	0	0	0	0	0	0	0	0	0	0	0	0	0	0	0	0	0	0	0	0	0	0	0	0	0	0	0	0	0	0	0	0	0	0	0	0	0	0	0	0	0	0	0	0	0	0	0	0	0	0	0	0	0	0	0	0	0	0	0	0	0	0	0	0	0	0	0	0	0	0	0	0	0	0	0	0	0	0	0	0	0	0	0	0	0	0	0	0	0	0	0	0	0	0	0	0	0	0	0	0	0	0	0	0	0	0	0	0	0	0	0	0	0	0	0	0	0	0	0	0	0	0	0	0	0	0	0	0	0	0	0	0	0	0	0	0	0	0	0	0	0	0	0	0	0	0	0	0	0	0	0	0	0	0	0	0	0	0	0	0	0	0	0	0	0	0	0	0	84	0	0	0	0	0	0	0	0	0	0	0	0	0	0	0	0	0	0	0	0	0	0	0	0	0	0	0	0	0	0	0	0	0	0	0	0	0	0	0	0	0	0	0	0	0	0	0	0	0	0	0	0	0	0	0	0	0	0	0	0	0	0	0	0	0	0	0	0	0	0	0	0	0	0	0	0	0	0	0	0	0	0	0	0	0	0	0	0	0	0	0	0	0	0	0	0	0	0	0	0	0	0	0	0	0	0	0	0	0	0	0	0	0	0	0	0	0	0	0	0	0	0	0	0	0	0	0	0	0	0	0	0	0	0	0	0	0	0	0	0	0	0	0	0	0	0	0	0	0	0	0	0	0	0	0	0	0	0	0	0	0	0	0	0	0	0	0	0	0	0	0	0	0	0	0	0	0	0	0	0	0	0	0	0	0	0	0	0	0	66	0	0	268	0	0	0	0	0	0	0	79	0	0	0	135	0	0	0	0	0	132	0	0	0	0	0	0	0	0	0	0	0	0	0	0	0	0	0	0	0	0	0	0	11	0	0	0	0	0	0	0	0	0	0	0	0	0	0	0	0	0	0	0	0	0	0	0	0	0	0	65	0	0	0	0	0	0	0	145	0	0	0	35	0	25	0	0	0	0	0	0	0	0	0	0	0	0	231	0	272	0	0	0	0	0	0	0	0	0	48	0	0	0	132	0	0	0	0	0	0	0	0	0	0	252	0	0	0	133	0	0	0	0	0	0	2	0	0	0	0	0	0	0	0	0	0	0	0	0	0	87	58	0	0	0	19	0	149	133	0	0	0	0	0	0	0	22	0	0	0	0	0	0	0	0	50	0	0	0	0	0	0	0	0	0	1	0	19	0	92	0	0	0	0	0	0	0	0	0	0	0	0	39	195	4	0	0	0	0	0	0	0	0	0	105	0	0	0	0	0	25	0	0	0	0	0	11	25	0	0	0	0	0	0	119	0	0	0	0	0	0	40	0	78	0	72	0	26	0	0	0	0	0	0	0	0	71	0	0	0	110	0	39	154	0	36	143	0	0	4	224	0	0	0	0	48	35	0	40	0	0	0	16	0	29	0	0	0	0	88	0	0	0	0	0	0	108	0	143	152	95	0	250	35	63	0	0	0	37	0	112	0	0	0	86	145	0	2	122	0	0	30	0	0	66	185	257	0	37	0	0	0	0	0	0	0	0	0	0	0	0	75	7	43	62	123	0	320	66	4	0	0	2	0	0	0	0	31	2	0	0	55	0	0	0	245	28	58	0	223	69	109	173	0	26	0	122	0	0	62	0	0	0	25	44	60	70	0	84	0	132	0	86	17	52	76	37	81	77	0	0	68	0	0	52	192	57	0	39	42	91	51	91	58	46	0	68	319	0	136	198	132	0	183	0	165	86	87	1	173	22	0	97	91	0	0	0	0	0	22	178	86	116	0	0	277	0	98	290	149	48	0	166	158	36	0	13	77	158	0	0	0	28	297	102	83	43	105	181	0	0	4	0	138	64	80	117	29	153	0	13	56	0	13	0	94	126	178	81	58	0	0	122	200	290	76	116	72	246	82	4	117	112	356	50	31	175	0	22	243	49	0	0	78	54	60	28	92	0	126	165	89	23	72	0	82	56	20	70	179	186	14	39	122	0	0	0	135	278	62	0	39	27	43	102	147	292	120	68	51	38	44	246	0	170	238	0	101	79	172	159	194	0	122	67
90	0	0	0	0	0	0	0	0	0	0	0	0	0	0	0	0	0	0	0	0	0	0	0	0	0	0	0	0	0	0	0	0	0	0	0	0	0	0	0	0	0	0	0	0	0	0	0	0	0	0	0	0	0	0	0	0	0	0	0	0	0	0	0	0	0	0	0	0	0	0	0	0	0	0	0	0	0	0	0	0	0	0	0	0	0	0	0	0	0	0	0	0	0	0	0	0	0	0	0	0	0	0	0	0	0	0	0	0	0	0	0	0	0	0	0	0	0	0	0	0	0	0	0	0	0	0	0	0	0	0	0	0	0	0	0	0	0	0	0	0	0	0	0	0	0	0	0	0	0	0	0	0	0	0	0	0	0	0	0	0	0	0	0	0	0	0	0	0	0	0	0	0	0	0	0	0	0	0	0	0	0	0	0	0	0	0	0	0	0	0	0	0	0	0	0	0	0	0	0	0	0	0	0	0	0	0	0	0	0	0	0	0	0	0	0	0	0	0	0	0	0	0	0	0	0	0	0	0	0	0	0	0	0	0	0	0	0	0	0	0	0	0	0	0	0	0	0	0	0	0	0	0	0	0	0	0	0	0	0	0	0	0	0	0	0	0	0	0	0	0	0	0	0	0	0	0	0	0	0	0	0	0	0	0	0	0	0	0	0	0	0	0	0	0	0	0	0	0	0	0	0	0	0	0	0	0	0	0	0	0	0	0	0	0	0	0	0	0	0	0	0	0	0	0	0	0	0	0	0	0	0	0	0	0	0	0	0	0	0	0	0	0	0	0	0	0	0	0	0	0	0	0	0	0	0	0	0	0	0	0	0	0	8	0	0	0	0	0	0	0	0	0	0	0	0	0	0	0	0	2	0	0	0	0	0	0	0	0	0	0	0	0	0	0	0	0	0	0	0	0	0	0	0	0	0	0	0	0	0	0	0	0	0	0	0	0	0	0	0	0	0	0	0	0	0	0	0	0	0	0	0	0	0	0	0	0	0	0	0	0	0	0	0	0	0	0	0	0	0	0	0	0	0	0	0	0	0	0	0	0	0	0	0	0	0	0	0	0	0	0	0	0	0	0	0	0	0	0	0	0	0	0	0	0	0	0	0	0	0	0	0	0	0	0	0	0	0	0	0	0	0	0	0	0	0	0	0	0	0	0	0	0	0	0	0	0	0	0	0	0	0	0	0	0	0	0	0	0	0	0	0	0	0	0	87	0	0	148	0	0	0	0	0	0	0	145	0	0	0	12	0	0	0	0	0	61	0	0	0	0	0	0	0	0	0	0	0	0	0	0	0	0	0	0	0	0	0	0	0	0	0	0	0	0	0	0	0	0	0	0	0	0	0	0	0	0	0	0	0	0	0	0	0	0	0	0	0	0	0	0	0	0	0	20	0	0	0	107	0	67	0	0	0	0	0	0	0	0	0	0	0	0	134	0	217	0	0	0	0	0	0	0	0	0	66	0	0	0	113	0	0	0	0	0	0	0	0	0	0	58	0	0	0	0	0	0	0	0	0	0	0	0	0	0	0	0	0	0	0	0	0	0	0	0	0	69	0	0	0	60	0	0	2	0	0	0	0	0	0	0	0	0	0	0	0	0	0	0	0	0	1	0	0	0	0	0	0	0	0	0	0	0	11	0	93	0	0	0	0	0	0	0	0	0	0	0	0	44	78	0	0	0	0	0	0	0	0	0	0	76	0	0	0	0	0	115	0	0	0	0	0	48	36	0	0	0	0	0	0	41	0	0	0	0	0	0	0	0	130	0	26	0	0	0	0	0	0	0	0	0	0	18	0	0	0	46	0	0	96	0	67	0	0	0	49	82	0	0	0	0	29	0	0	166	0	0	0	141	0	86	0	0	0	0	632	0	0	0	0	0	0	158	0	123	112	116	33	58	29	0	0	0	0	119	0	363	0	0	0	38	83	0	0	313	0	49	144	0	0	30	185	183	0	184	0	0	0	0	0	0	0	0	0	0	0	0	54	0	135	12	0	0	170	51	0	0	0	0	0	0	0	0	62	0	0	0	0	0	0	0	44	115	147	0	156	165	87	113	0	1	0	9	0	0	106	0	0	0	107	31	55	10	0	11	0	132	0	31	97	0	54	91	87	34	0	0	146	0	0	44	25	90	0	28	62	88	80	322	82	67	0	134	60	0	108	239	138	0	46	0	280	158	47	0	93	87	0	132	205	0	0	0	0	0	39	276	118	36	0	0	88	0	246	54	102	99	0	116	51	109	0	122	20	15	0	0	0	146	164	13	40	226	55	58	0	0	46	0	249	152	18	51	166	130	0	125	98	0	128	0	91	144	242	160	70	0	0	66	26	185	117	13	171	69	4	194	242	74	161	330	10	20	0	134	65	109	0	0	13	35	0	183	34	0	40	40	62	171	58	0	186	97	18	86	91	21	174	34	105	0	0	0	56	200	92	0	24	39	114	181	21	23	220	65	35	109	33	95	0	331	41	0	41	62	67	47	115	0	57	55
91	0	0	0	0	0	0	0	0	0	0	0	0	0	0	0	0	0	0	0	0	0	0	0	0	0	0	0	0	0	0	0	0	0	0	0	0	0	0	0	0	0	0	0	0	0	0	0	0	0	0	0	0	0	0	0	0	0	0	0	0	0	0	0	0	0	0	0	0	0	0	0	0	0	0	0	0	0	0	0	0	0	0	0	0	0	0	0	0	0	0	0	0	0	0	0	0	0	0	0	0	0	0	0	0	0	0	0	0	0	0	0	0	0	0	0	0	0	0	0	0	0	0	0	0	0	0	0	0	0	0	0	0	0	0	0	0	0	0	0	0	0	0	0	0	0	0	0	0	0	0	0	0	0	0	0	0	0	0	0	0	0	0	0	0	0	0	0	0	0	0	0	0	0	0	0	0	0	0	0	0	0	0	0	0	0	0	0	0	0	0	0	0	0	0	0	0	0	0	0	0	0	0	0	0	0	0	0	0	0	0	0	0	0	0	0	0	0	0	0	0	0	0	0	0	0	0	0	0	0	0	0	0	0	0	0	0	0	0	0	0	0	0	0	0	0	0	0	0	0	0	0	0	0	0	0	0	0	0	0	0	0	0	0	0	0	0	0	0	0	0	0	0	0	0	0	0	0	0	0	0	0	0	0	0	0	0	0	0	0	0	0	0	0	0	0	0	0	0	0	0	0	0	0	0	0	0	0	0	0	0	0	0	0	0	0	0	0	0	0	0	0	0	0	0	0	0	0	0	0	0	0	0	0	0	0	0	0	0	0	0	0	0	0	0	0	0	0	0	0	0	0	0	0	0	0	0	0	0	0	0	0	0	0	0	0	0	0	0	0	0	0	0	0	0	0	0	0	0	0	0	0	0	0	0	0	0	0	0	0	0	0	0	0	0	0	0	0	0	0	0	0	0	0	0	0	0	0	0	0	0	0	0	0	0	0	0	0	0	0	0	0	0	0	0	0	0	0	0	0	0	0	0	0	0	0	59	0	0	0	0	0	0	0	0	0	0	0	0	0	0	0	0	0	0	0	0	0	0	0	0	0	0	0	0	0	0	0	0	0	0	0	0	0	0	0	0	0	0	0	0	0	0	0	0	0	0	0	0	0	0	0	0	0	0	0	0	0	0	0	0	0	0	0	0	0	0	0	0	0	0	0	0	0	0	0	0	0	0	0	0	0	0	0	31	0	0	0	0	0	0	0	0	0	0	101	0	0	159	0	0	0	0	0	0	0	78	0	0	0	46	0	0	0	0	0	25	0	0	0	0	0	0	2	0	0	0	0	0	0	0	0	0	0	0	0	0	0	0	0	0	0	0	0	0	0	0	0	0	0	0	0	0	0	0	0	0	0	0	5	0	0	0	0	0	0	26	0	0	0	0	0	0	0	58	0	0	0	84	0	354	0	0	0	0	0	0	0	0	0	0	0	0	67	0	131	0	68	0	0	0	0	0	0	0	65	0	0	0	249	0	0	0	0	0	0	0	0	0	0	117	0	0	0	0	0	0	0	0	0	0	0	0	0	0	0	0	0	0	0	0	0	0	0	0	0	65	5	0	0	17	0	0	70	7	0	0	0	0	0	0	0	118	0	0	0	0	0	1	0	0	2	0	0	0	0	0	0	0	0	0	0	0	83	0	373	0	0	0	0	0	0	0	0	0	6	0	0	120	48	58	0	0	0	0	0	0	0	0	0	64	0	0	0	0	0	78	0	0	0	0	0	228	11	0	0	0	0	0	0	16	0	0	0	0	0	0	15	0	16	0	120	0	94	0	0	0	23	0	0	0	0	31	0	0	0	112	0	0	63	0	61	14	0	0	7	27	0	0	0	0	97	178	0	163	0	0	0	109	0	54	0	0	0	0	175	0	0	0	0	0	0	177	0	93	37	58	0	97	96	29	0	0	0	85	0	41	0	0	0	46	77	0	18	357	0	27	81	0	0	77	60	14	0	235	6	0	0	0	0	0	0	2	0	0	0	0	84	0	174	310	0	0	23	97	122	0	0	1	0	0	0	0	12	191	0	0	0	0	0	0	52	56	23	0	80	49	44	40	0	0	0	35	0	0	4	0	0	0	54	21	107	75	0	10	0	116	0	165	40	2	27	47	59	34	0	0	39	0	0	38	330	114	0	97	103	8	25	34	124	157	0	45	100	0	94	153	102	0	131	0	3	56	122	32	79	133	0	96	82	0	0	0	0	0	55	131	113	128	0	0	131	0	85	53	200	265	0	159	36	138	0	10	30	134	0	0	0	41	172	82	71	52	109	38	0	0	92	0	123	25	235	88	82	280	0	171	309	0	199	0	131	58	41	61	82	0	0	162	215	61	208	173	126	12	34	170	137	64	165	57	0	90	0	210	56	208	0	0	97	91	144	59	99	0	105	57	91	19	85	0	54	28	47	70	129	59	135	3	189	0	0	0	10	64	167	0	23	35	52	60	148	27	26	78	233	54	86	23	0	51	100	0	104	193	430	60	112	0	239	98
92	0	0	0	0	0	0	0	0	0	0	0	0	0	0	0	0	0	0	0	0	0	0	0	0	0	0	0	0	0	0	0	0	0	0	0	0	0	0	0	0	0	0	0	0	0	0	0	0	0	0	0	0	0	0	0	0	0	0	0	0	0	0	0	0	0	0	0	0	0	0	0	0	0	0	0	0	0	0	0	0	0	0	0	0	0	0	0	0	0	0	0	0	0	0	0	0	0	0	0	0	0	0	0	0	0	0	0	0	0	0	0	0	0	0	0	0	0	0	0	0	0	0	0	0	0	0	0	0	0	0	0	0	0	0	0	0	0	0	0	0	0	0	0	0	0	0	0	0	0	0	0	0	0	0	0	0	0	0	0	0	0	0	0	0	0	0	0	0	0	0	0	0	0	0	0	0	0	0	0	0	0	0	0	0	0	0	0	0	0	0	0	0	0	0	0	0	0	0	0	0	0	0	0	0	0	0	0	0	0	0	0	0	0	0	0	0	0	0	0	0	0	0	0	0	0	0	0	0	0	0	0	0	0	0	0	0	0	0	0	0	0	0	0	0	0	0	0	0	0	0	0	0	0	0	0	0	0	0	0	0	0	0	0	0	0	0	0	0	0	0	0	0	0	0	0	0	0	0	0	0	0	0	0	0	0	0	0	0	0	0	0	0	0	0	0	0	0	0	0	0	0	0	0	0	0	0	0	0	0	0	0	0	0	0	0	0	0	0	0	0	0	0	0	0	0	0	0	0	3	0	0	0	0	0	0	0	0	0	0	0	0	0	0	0	0	0	0	0	0	0	0	0	0	0	0	0	0	0	0	0	0	0	0	0	0	0	0	0	0	0	0	0	0	0	0	0	0	0	0	0	0	0	0	0	0	0	0	0	0	0	0	0	0	0	0	0	0	0	0	0	0	0	0	0	0	0	0	0	0	0	0	0	0	0	0	0	0	0	0	0	0	0	0	0	0	0	0	0	0	0	0	0	0	0	0	3	0	0	0	0	0	0	0	0	0	0	0	0	0	0	0	0	0	0	0	0	0	0	15	0	0	0	0	0	0	0	0	0	0	0	0	0	0	0	0	0	0	0	0	0	0	0	0	0	0	0	0	0	0	0	0	0	0	0	0	0	0	0	0	0	0	0	0	0	0	0	0	0	0	0	0	0	0	0	0	0	0	0	0	0	0	0	0	83	0	0	0	0	0	0	0	0	0	0	152	0	0	144	0	0	0	0	0	0	0	226	0	0	0	43	0	0	0	0	0	105	0	0	0	0	0	0	0	0	0	0	0	0	0	0	0	0	0	0	0	0	0	0	0	0	0	0	0	0	74	0	0	0	0	0	0	0	0	0	0	0	0	0	0	0	0	0	0	0	0	33	0	0	0	0	0	0	0	46	0	0	0	104	0	97	0	0	0	0	0	0	0	0	0	0	0	0	71	0	13	0	54	0	0	5	0	0	0	0	53	0	0	0	14	0	0	0	0	0	0	0	0	0	0	272	0	0	0	4	0	0	0	0	0	0	0	0	14	0	0	0	0	0	0	0	0	0	0	0	0	58	38	0	0	126	0	0	109	0	0	0	0	0	0	0	0	12	0	0	0	0	0	20	0	0	6	0	0	0	0	0	0	0	0	0	0	0	87	0	186	0	0	0	0	0	1	0	0	0	0	0	0	40	212	60	0	0	0	0	0	0	0	4	0	68	0	0	0	0	0	128	0	0	0	0	0	172	14	0	0	0	0	0	0	46	0	0	0	0	0	0	4	0	69	0	57	0	98	0	0	0	0	0	0	0	0	183	0	0	0	119	0	0	130	0	46	3	0	0	26	51	0	0	0	0	309	73	0	198	0	0	0	132	0	117	0	0	0	0	57	0	0	0	0	0	0	118	0	143	354	81	0	117	64	0	0	0	0	18	0	48	0	0	0	11	82	0	24	78	0	25	24	0	0	228	85	263	0	91	1	0	0	0	0	0	0	0	0	41	0	0	54	0	142	110	0	0	175	15	0	0	0	0	0	0	0	0	77	0	0	0	0	0	0	0	130	314	48	0	78	70	156	98	0	0	0	138	0	0	40	0	0	0	86	32	17	64	0	9	0	109	0	67	150	4	90	194	34	31	0	0	125	0	0	19	56	82	0	107	84	34	16	279	50	56	0	43	151	0	36	147	178	0	69	0	19	136	84	0	145	83	0	84	7	0	0	0	0	0	138	248	20	9	0	0	91	0	73	213	106	188	0	352	30	170	0	142	82	78	22	0	0	215	158	258	43	44	43	359	0	0	56	0	178	42	160	291	44	51	0	68	92	0	14	0	74	99	55	27	223	0	0	57	70	106	35	104	21	101	87	48	168	63	99	29	181	65	104	326	166	31	0	0	96	80	74	36	57	0	25	171	152	38	137	0	147	108	32	237	98	154	78	15	6	0	0	0	47	159	226	0	52	43	39	161	72	314	99	279	161	86	36	204	0	37	90	0	159	144	73	62	90	0	63	148
93	0	0	0	0	0	0	0	0	0	0	0	0	0	0	0	0	0	0	0	0	0	0	0	0	0	0	0	0	0	0	0	0	0	0	0	0	0	0	0	0	0	0	0	0	0	0	0	0	0	0	0	0	0	0	0	0	0	0	0	0	0	0	0	0	0	0	0	0	0	0	0	0	0	0	0	0	0	0	0	0	0	0	0	0	0	0	0	0	0	0	0	0	0	0	0	0	0	0	0	0	0	0	0	0	0	0	0	0	0	0	0	0	0	0	0	0	0	0	0	0	0	0	0	0	0	0	0	0	0	0	0	0	0	0	0	0	0	0	0	0	0	0	0	0	0	0	0	0	0	0	0	0	0	0	0	0	0	0	0	0	0	0	0	0	0	0	0	0	0	0	0	0	0	0	0	0	0	0	0	0	0	0	0	0	0	0	0	0	0	0	0	0	0	0	0	0	0	0	0	0	0	0	0	0	0	0	0	0	0	0	0	0	0	0	0	0	0	0	0	0	0	0	0	0	0	0	0	0	0	0	0	0	0	0	0	0	1	0	0	0	0	0	0	0	0	0	0	0	0	0	0	0	0	0	0	0	0	0	0	0	0	0	0	0	0	0	0	0	0	0	0	0	0	0	0	0	0	0	0	0	0	0	0	0	0	0	0	0	0	0	0	0	0	0	0	0	0	0	0	0	0	0	0	0	0	0	0	0	0	0	0	0	0	0	0	0	0	0	0	0	0	0	0	0	0	0	0	0	0	0	0	0	0	0	0	0	0	0	0	0	0	0	0	0	0	0	0	0	0	0	0	0	0	0	0	0	0	0	0	0	0	0	0	0	0	0	0	0	0	0	0	4	0	0	0	0	0	0	0	0	0	0	0	0	0	0	0	0	0	0	0	0	0	0	0	0	0	0	0	0	0	0	0	0	0	0	0	0	0	0	0	0	0	0	0	0	0	0	0	0	0	0	0	0	0	0	0	0	0	0	0	0	0	0	0	0	0	0	0	0	0	0	0	0	0	0	0	0	0	0	0	0	0	0	0	0	0	0	0	0	0	0	0	0	0	0	0	0	0	0	0	0	0	0	0	0	0	0	0	0	0	0	0	0	0	0	0	0	0	0	0	0	0	0	0	0	0	0	0	0	0	0	0	0	0	0	0	0	0	0	0	0	0	0	0	0	0	0	0	0	0	0	0	1	0	0	0	0	0	0	0	0	0	0	110	0	0	17	0	0	0	0	0	0	0	35	0	0	0	132	0	0	0	0	0	163	0	0	0	0	0	0	0	0	0	0	0	0	0	0	0	0	0	0	0	0	0	0	0	0	0	0	0	0	0	0	0	0	0	0	0	0	0	0	0	0	0	0	0	0	0	0	0	0	0	0	0	0	0	0	0	0	0	107	0	0	0	10	0	160	0	0	0	0	0	0	0	0	0	0	0	0	35	0	187	0	0	0	0	0	0	0	0	0	0	0	0	0	166	0	0	0	0	0	0	0	0	0	0	72	0	0	0	0	0	0	0	0	0	0	0	0	0	0	0	0	0	0	0	0	0	0	0	0	0	14	0	0	0	7	0	0	42	0	0	0	0	0	0	0	0	0	0	0	0	0	0	0	0	0	69	0	0	0	0	0	0	0	0	0	0	0	68	0	201	0	0	0	0	0	0	0	0	0	0	0	0	61	138	115	0	0	0	0	0	0	0	0	0	13	0	0	0	0	0	30	0	0	0	0	0	95	0	0	0	0	0	0	0	7	0	0	0	0	0	0	0	0	41	0	91	0	0	0	0	0	0	0	0	0	0	146	0	0	0	109	0	0	137	0	99	0	0	0	180	65	0	0	0	0	303	0	0	332	0	0	0	28	0	73	0	0	0	0	92	0	0	0	0	0	0	119	0	68	104	25	0	145	27	0	0	0	0	67	0	189	0	0	0	206	117	0	0	101	0	142	103	0	0	58	27	119	0	64	0	0	0	0	0	0	0	0	0	0	0	0	0	0	54	197	0	0	77	133	0	0	0	0	0	0	0	0	100	0	0	0	0	0	0	0	63	21	20	0	48	33	24	87	0	0	0	48	0	0	54	0	0	0	126	21	73	117	0	148	0	36	0	138	26	0	156	132	256	24	0	0	168	0	0	48	168	153	0	103	159	34	18	47	113	46	0	39	62	0	98	22	27	0	80	0	113	41	54	28	106	39	0	108	165	0	0	0	0	0	44	41	69	64	0	0	55	0	114	241	126	117	0	59	93	32	0	64	126	34	0	0	0	48	78	54	73	21	86	126	0	0	16	0	78	8	293	65	124	24	0	115	51	0	66	0	7	72	89	256	14	0	0	15	321	106	46	98	249	83	117	51	36	384	35	148	41	235	0	106	21	14	0	9	46	30	50	82	179	0	32	7	36	28	45	0	88	65	0	56	14	33	154	47	250	0	0	0	135	26	87	0	63	258	27	25	33	109	157	63	109	303	295	75	0	142	46	0	133	40	71	260	59	0	81	87
94	0	0	0	0	0	0	0	0	0	0	0	0	0	0	0	0	0	0	0	0	0	0	0	0	0	0	0	0	0	0	0	0	0	0	0	0	0	0	0	0	0	0	0	0	0	0	0	0	0	0	0	0	0	0	0	0	0	0	0	0	0	0	0	0	0	0	0	0	0	0	0	0	0	0	0	0	0	0	0	0	0	0	0	0	0	0	0	0	0	0	0	0	0	0	0	0	0	0	0	0	0	0	0	0	0	0	0	0	0	0	0	0	0	0	0	0	0	0	0	0	0	0	0	0	0	0	0	0	0	0	0	0	0	0	0	0	0	0	0	0	0	0	0	0	0	0	0	0	0	0	0	0	0	0	0	0	0	0	0	0	0	0	0	0	0	0	0	0	0	0	0	0	0	0	0	0	0	0	0	0	0	0	0	0	0	0	0	0	0	0	0	0	0	0	0	0	0	0	0	0	0	0	0	0	0	0	0	0	0	0	0	0	0	0	0	0	0	0	0	0	0	0	0	0	0	0	0	0	0	0	0	0	0	0	0	0	0	0	0	0	0	0	0	0	0	0	0	0	0	0	0	0	0	0	0	0	0	0	0	0	0	0	0	0	0	0	0	0	0	0	0	0	0	0	0	0	0	0	0	0	0	0	0	0	0	0	0	0	0	0	0	0	0	0	0	0	0	0	0	0	0	0	0	0	0	1	0	0	0	0	0	0	0	0	0	0	0	0	0	0	0	0	0	0	0	0	0	0	0	0	0	0	0	0	0	0	0	0	0	0	0	0	0	0	0	0	0	0	0	0	0	0	0	0	0	0	0	0	0	0	0	0	0	0	0	0	0	0	0	0	0	0	0	0	0	0	0	0	0	0	0	0	0	0	0	0	0	0	0	0	0	0	0	0	0	0	0	0	0	0	0	0	0	0	0	0	0	0	0	0	0	0	0	0	0	0	0	0	0	0	0	0	0	0	0	0	0	0	0	0	0	0	0	0	0	0	0	0	0	0	0	0	0	0	0	0	0	0	0	0	0	0	0	0	0	0	0	0	0	0	0	0	0	0	0	0	0	0	0	0	0	0	0	0	0	0	0	0	0	0	0	0	0	0	0	0	0	0	0	0	0	0	0	0	0	0	0	0	0	0	0	0	0	0	0	0	0	0	0	0	0	0	0	0	0	0	0	0	0	0	0	0	0	21	0	0	0	0	0	0	0	0	0	0	63	0	0	81	0	0	0	0	0	0	32	59	0	0	0	105	0	0	0	0	0	79	0	0	0	0	0	0	0	0	0	0	0	0	0	0	0	0	0	0	0	0	0	0	0	1	0	0	0	0	4	0	0	0	0	0	0	0	0	0	0	0	0	0	0	0	0	0	0	0	0	0	0	0	0	0	0	0	0	381	0	0	0	97	0	80	0	0	0	0	0	0	0	0	0	12	0	0	108	0	79	0	15	0	0	2	0	0	0	0	43	0	0	0	153	0	0	0	0	0	0	0	0	0	0	31	0	0	0	94	0	0	0	0	0	0	0	0	28	0	0	0	0	0	0	0	0	0	0	0	0	53	0	0	0	121	0	0	143	0	0	0	0	0	0	0	0	0	0	0	0	0	0	0	0	0	59	0	0	0	0	0	0	0	0	0	0	0	107	0	74	0	0	0	0	0	1	0	0	0	0	0	0	209	205	66	0	0	0	0	0	0	0	0	0	21	0	0	0	0	0	22	0	0	0	0	0	96	0	0	0	0	0	0	0	12	0	0	0	0	0	0	24	0	89	0	16	0	20	0	0	0	0	0	0	0	0	97	0	0	0	261	0	0	36	0	26	0	0	1	71	15	0	0	0	0	92	0	0	14	1	0	0	20	0	17	0	0	0	0	163	0	0	0	0	0	0	115	0	8	103	63	0	80	129	0	0	0	0	45	0	218	0	0	0	260	364	0	164	90	0	2	15	0	0	167	117	92	0	77	0	0	0	0	0	0	0	0	0	0	0	0	95	0	77	104	0	0	77	269	5	0	0	0	0	0	0	0	106	0	0	0	0	0	0	0	70	215	217	0	151	4	12	54	0	0	0	48	0	0	38	0	0	0	80	13	94	75	0	247	0	12	0	32	78	0	180	186	24	91	0	0	142	0	0	11	199	100	0	116	29	187	126	57	44	26	0	19	89	0	83	122	193	0	59	0	21	40	104	0	139	201	0	55	74	0	0	0	0	0	48	185	84	117	0	0	119	0	36	72	38	171	0	121	116	108	0	279	130	35	0	0	0	62	148	48	33	335	17	183	0	0	364	0	247	43	156	31	121	131	0	131	70	0	163	0	169	34	131	100	229	0	0	125	37	60	27	93	207	147	37	15	61	17	51	100	53	91	0	58	48	67	0	0	180	48	73	60	135	0	37	131	103	235	59	0	37	144	0	112	61	14	47	102	36	0	0	0	114	286	64	0	160	96	179	170	32	10	134	24	62	114	47	55	0	115	223	0	165	188	144	76	88	0	104	70
95	0	0	0	0	0	0	0	0	0	0	0	0	0	0	0	0	0	0	0	0	0	0	0	0	0	0	0	0	0	0	0	0	0	0	0	0	0	0	0	0	0	0	0	0	0	0	0	0	0	0	0	0	0	0	0	0	0	0	0	0	0	0	0	0	0	0	0	0	0	0	0	0	0	0	0	0	0	0	0	0	0	0	0	0	0	0	0	0	0	0	0	0	0	0	0	0	0	0	0	0	0	0	0	0	0	0	0	0	0	0	0	0	0	0	0	0	0	0	0	0	0	0	0	0	0	0	0	0	0	0	0	0	0	0	0	0	0	0	0	0	0	0	0	0	0	0	0	0	0	0	0	0	0	0	0	0	0	0	0	0	0	0	0	0	0	0	0	0	0	0	0	0	0	0	0	0	0	0	0	0	0	0	0	0	0	0	0	0	0	0	0	0	0	0	0	0	0	0	0	0	0	0	0	0	0	0	0	0	0	0	0	0	0	0	0	0	0	0	0	0	0	0	0	0	0	0	0	0	0	0	0	0	0	0	0	0	0	0	0	0	0	0	0	0	0	0	0	0	0	0	0	0	0	0	0	0	0	0	0	0	0	0	0	0	0	0	0	0	0	0	0	0	0	0	0	0	0	0	0	0	0	0	0	0	0	0	0	0	0	0	0	0	0	0	0	0	0	0	0	0	0	0	0	0	0	0	0	0	0	0	0	0	0	0	0	0	0	0	0	0	0	0	0	0	0	0	0	0	0	0	0	0	0	0	0	0	0	0	0	0	0	0	0	0	0	0	0	0	0	0	0	0	0	0	0	0	0	0	0	0	0	0	0	0	0	0	0	0	0	0	0	0	0	0	0	0	0	0	0	0	0	0	0	0	0	0	0	0	0	0	0	0	0	0	0	0	0	0	0	0	0	0	4	0	0	0	0	0	0	0	0	0	0	0	0	0	0	0	0	0	0	0	0	0	0	0	0	0	0	0	0	0	0	0	0	0	0	0	0	0	0	0	0	0	0	0	0	0	0	0	0	0	0	0	0	0	0	0	0	0	0	0	0	0	0	0	0	0	0	0	0	0	0	0	0	0	0	0	0	0	0	0	0	0	0	0	0	0	0	0	0	0	0	0	0	0	0	0	0	0	0	0	0	0	0	0	0	0	0	0	0	0	0	0	0	0	0	0	0	0	0	0	0	0	0	0	0	0	0	0	0	0	0	0	19	0	0	12	0	0	0	0	0	0	0	76	0	0	0	15	0	0	0	0	0	23	0	0	0	0	0	0	0	0	0	0	0	0	0	0	0	0	0	0	0	0	0	0	0	0	0	0	0	0	0	0	0	0	0	0	0	0	0	0	0	0	0	0	0	0	0	0	0	0	0	53	0	0	0	0	0	0	0	10	0	0	0	17	0	75	0	0	0	0	0	0	0	0	0	0	0	0	40	0	62	0	0	0	0	0	0	0	0	0	0	0	0	0	63	0	0	0	0	0	0	0	0	0	0	119	0	0	0	0	0	0	0	0	0	0	0	0	0	0	0	0	0	0	13	0	0	0	0	0	0	6	0	0	0	5	0	0	69	0	0	0	0	0	0	0	0	1	0	0	0	0	0	0	0	0	3	0	0	0	0	0	0	0	0	0	0	0	92	0	32	0	0	0	0	0	0	0	0	0	0	0	0	207	150	11	0	0	0	0	0	0	0	0	0	0	0	0	0	0	0	19	0	0	0	0	0	216	0	0	0	0	0	0	0	82	0	0	0	0	0	0	0	0	81	0	139	0	0	0	0	0	0	0	0	0	0	157	0	0	0	30	0	0	120	0	50	0	0	0	55	76	0	0	0	0	51	0	0	259	0	0	0	120	0	68	0	0	0	0	93	0	0	0	0	0	0	127	0	40	79	92	0	188	229	0	0	0	0	32	0	7	0	0	0	202	39	0	107	206	0	0	68	0	0	56	164	63	0	134	0	0	0	0	0	0	0	3	0	0	0	0	57	0	40	206	0	0	209	32	0	0	0	0	0	0	0	0	55	0	0	0	0	0	0	0	104	159	8	0	69	54	35	12	0	0	0	64	0	0	151	0	0	0	32	108	48	121	0	78	0	70	0	78	401	0	51	65	51	56	0	0	93	0	0	100	121	14	0	66	49	7	69	132	103	146	0	157	131	0	117	28	220	0	60	0	323	30	70	0	338	104	0	30	28	0	0	0	0	0	6	103	80	15	0	0	39	0	76	83	32	253	0	72	310	76	0	17	106	4	0	0	0	254	18	37	139	16	176	233	0	0	6	0	37	55	70	236	3	51	0	47	20	0	85	0	165	364	183	19	151	0	0	45	52	51	167	153	42	70	56	31	90	41	99	73	176	40	93	104	210	35	0	0	47	182	102	103	32	0	48	76	109	171	66	0	130	11	4	20	55	108	8	47	119	0	0	0	102	132	229	0	207	32	82	102	6	129	150	60	139	39	25	150	0	83	37	0	102	73	88	84	33	0	88	114
96	0	0	0	0	0	0	0	0	0	0	0	0	0	0	0	0	0	0	0	0	0	0	0	0	0	0	0	0	0	0	0	0	0	0	0	0	0	0	0	0	0	0	0	0	0	0	0	0	0	0	0	0	0	0	0	0	0	0	0	0	0	0	0	0	0	0	0	0	0	0	0	0	0	0	0	0	0	0	0	0	0	0	0	0	0	0	0	0	0	0	0	0	0	0	0	0	0	0	0	0	0	0	0	0	0	0	0	0	0	0	0	0	0	0	0	0	0	0	0	0	0	0	0	0	0	0	0	0	0	0	0	0	0	0	0	0	0	0	0	0	0	0	0	0	0	0	0	0	0	0	0	0	0	0	0	0	0	0	0	0	0	0	0	0	0	0	0	0	0	0	0	0	0	0	0	0	0	0	0	0	0	0	0	0	0	0	0	0	0	0	0	0	0	0	0	0	0	0	0	0	0	0	0	0	0	0	0	0	0	0	0	0	0	0	0	0	0	0	0	0	0	0	0	0	0	0	0	0	0	0	0	0	0	19	0	0	0	0	0	0	0	0	0	0	0	0	0	0	0	0	0	0	0	10	0	0	0	0	0	0	0	0	0	0	0	0	0	0	0	0	0	0	0	0	0	0	0	0	0	0	0	0	0	0	0	0	0	0	0	0	0	0	0	0	0	0	0	0	0	0	0	0	0	0	0	0	0	0	0	0	0	0	0	0	0	0	0	0	0	0	0	0	0	0	0	0	0	0	0	0	0	0	0	0	0	0	0	0	0	0	0	0	0	0	0	0	0	0	0	0	0	0	0	0	0	0	0	0	0	0	0	0	0	0	0	0	0	0	0	0	0	0	0	0	0	0	0	0	0	0	0	0	0	0	0	0	0	0	0	0	0	0	0	0	0	0	0	0	0	0	0	0	0	0	0	0	0	0	0	0	0	0	0	0	0	0	0	0	0	0	0	0	0	0	0	0	0	0	0	0	0	0	0	0	0	0	0	0	0	0	0	0	0	0	0	0	0	0	0	0	0	0	0	0	0	0	0	0	0	0	0	0	0	0	0	0	0	0	0	0	0	0	0	0	0	0	0	0	0	0	0	0	0	0	0	0	0	0	0	0	0	0	0	0	0	0	0	0	0	0	0	0	0	0	0	0	0	0	0	0	0	0	0	0	0	0	0	0	0	0	0	0	0	0	0	0	0	0	0	0	0	0	0	0	120	0	0	8	0	0	0	0	0	0	0	135	0	0	0	60	0	0	0	0	0	149	0	0	0	0	0	0	0	0	0	0	0	0	0	0	0	0	0	0	0	0	0	0	0	0	0	0	0	0	0	0	0	0	0	0	0	0	0	0	0	0	0	0	0	0	0	0	0	0	0	0	0	0	0	0	0	0	0	65	0	0	0	71	0	47	0	0	0	0	0	0	0	0	0	0	0	0	85	0	223	0	0	0	0	0	0	0	0	0	0	0	0	0	81	0	0	0	0	0	0	0	0	0	0	134	0	0	0	0	0	0	0	0	0	0	0	0	0	0	0	0	0	0	0	0	0	0	0	0	0	147	0	0	0	18	0	0	17	0	0	0	0	0	0	0	0	0	0	0	0	0	0	0	0	0	0	0	0	0	0	0	0	0	0	0	0	0	103	0	129	0	0	0	0	0	0	0	0	0	0	0	0	38	81	0	0	0	0	0	0	0	0	0	0	0	0	0	0	0	0	143	0	0	0	0	0	122	0	0	0	0	0	0	0	71	0	0	0	0	0	0	1	0	108	0	2	0	0	0	0	0	0	0	0	0	0	252	0	0	0	194	0	0	73	0	186	0	0	0	0	72	0	0	0	0	171	0	0	65	0	0	0	122	0	35	0	0	0	0	47	0	0	0	0	0	0	292	0	54	3	137	0	113	6	0	0	0	0	18	0	58	0	0	0	172	216	0	0	156	0	0	60	0	0	48	29	115	0	14	7	0	0	0	0	0	0	0	0	0	0	0	95	0	182	28	0	0	187	86	0	0	0	0	0	0	0	0	107	0	0	0	0	0	0	0	108	22	125	0	62	50	239	162	0	0	0	30	0	0	149	0	0	32	19	15	21	97	0	83	0	35	0	35	311	0	66	144	36	0	0	0	154	0	0	71	158	69	0	152	13	203	115	44	268	92	0	17	20	0	88	229	37	0	120	0	108	29	130	0	200	58	0	115	90	0	0	0	0	0	46	171	91	244	0	0	102	0	75	138	243	144	0	7	60	51	0	75	89	20	0	0	0	107	80	102	98	82	44	38	0	0	76	0	51	102	29	56	111	63	0	178	28	0	247	0	12	18	21	153	108	0	0	18	170	78	131	26	256	63	58	83	101	88	106	36	108	48	0	51	224	68	0	0	147	75	53	74	209	0	179	73	160	27	2	0	169	135	0	152	20	4	38	246	42	0	0	0	245	49	82	0	16	142	30	59	91	3	41	43	25	65	141	87	0	77	29	0	74	247	63	260	41	0	36	110
97	0	0	0	0	0	0	0	0	0	0	0	0	0	0	0	0	0	0	0	0	0	0	0	0	0	0	0	0	0	0	0	0	0	0	0	0	0	0	0	0	0	0	0	0	0	0	0	0	0	0	0	0	0	0	0	0	0	0	0	0	0	0	0	0	0	0	0	0	0	0	0	0	0	0	0	0	0	0	0	0	0	0	0	0	0	0	0	0	0	0	0	0	0	0	0	0	0	0	0	0	0	0	0	0	0	0	0	0	0	0	0	0	0	0	0	0	0	0	0	0	0	0	0	0	0	0	0	0	0	0	0	0	0	0	0	0	0	0	0	0	0	0	0	0	0	0	0	0	0	0	0	0	0	0	0	0	0	0	0	0	0	0	0	0	0	0	0	0	0	0	0	0	0	0	0	0	0	0	0	0	0	0	0	0	0	0	0	0	0	0	0	0	0	0	0	0	0	0	0	27	0	0	0	0	0	0	0	0	0	0	0	0	0	0	0	0	0	0	0	0	0	0	0	0	0	0	0	0	0	0	0	0	0	0	0	0	0	0	0	0	0	0	0	0	0	0	0	0	0	0	0	0	0	0	0	0	0	0	0	0	0	0	0	0	0	0	0	0	0	0	0	0	5	0	0	0	0	0	0	0	0	0	0	0	0	0	0	0	0	0	0	0	0	0	0	0	0	0	0	0	0	0	0	0	0	0	0	0	0	0	0	0	0	0	0	0	0	0	0	0	0	0	0	0	0	0	0	0	0	0	3	0	0	0	0	0	0	0	0	0	0	0	0	0	0	0	0	0	0	0	0	0	0	0	0	0	0	0	0	0	0	0	0	0	0	0	0	0	0	0	0	0	0	0	0	0	0	0	0	0	0	0	0	0	0	0	0	0	0	0	0	0	0	0	0	0	0	0	0	0	0	0	0	0	0	0	0	0	0	0	0	0	0	0	0	0	0	0	0	0	0	0	0	0	0	0	16	0	0	0	0	0	0	0	0	1	0	0	0	0	0	0	0	0	0	0	0	0	0	0	0	0	0	0	0	0	0	0	0	0	0	0	0	0	0	0	0	0	0	0	0	0	0	0	0	0	0	0	0	0	0	0	0	0	0	0	0	0	0	0	0	0	0	0	0	0	0	0	0	0	0	0	0	0	0	0	0	0	0	0	0	0	0	0	0	0	0	0	0	0	0	0	0	8	0	0	0	0	0	0	0	0	0	0	37	0	0	64	0	0	0	0	0	0	0	33	0	0	0	56	0	0	0	0	0	120	0	0	0	0	0	0	0	0	0	0	0	0	0	0	0	0	0	0	0	0	0	0	0	0	0	0	0	0	53	0	0	0	0	0	0	0	0	0	0	0	0	0	3	0	0	0	0	0	0	64	0	0	0	0	0	0	0	44	0	0	0	104	0	34	0	0	0	0	0	0	0	0	0	0	0	0	216	0	197	0	36	0	0	0	0	0	0	0	226	0	0	0	13	0	0	0	0	0	0	0	0	0	0	194	0	0	0	0	0	0	0	0	0	0	0	0	0	0	0	0	0	0	0	0	0	0	0	0	0	265	11	0	0	113	156	0	30	6	0	0	0	0	0	0	0	63	0	0	0	0	0	0	0	0	1	0	0	0	0	0	0	0	0	0	0	0	9	0	165	0	0	0	0	0	0	0	0	0	0	0	0	79	43	143	0	0	0	0	0	0	0	28	0	48	0	0	0	0	0	55	0	0	0	0	0	19	25	0	0	0	0	0	0	134	0	0	0	0	0	30	37	0	65	0	31	0	0	0	0	0	0	0	0	0	0	212	0	0	0	101	0	0	37	0	129	44	0	0	45	199	0	0	0	0	119	107	0	183	0	0	0	79	0	279	0	82	0	0	71	0	0	0	0	0	0	90	0	69	161	67	0	102	29	0	0	0	0	58	0	110	0	0	0	157	132	0	55	89	0	16	19	0	0	115	75	50	0	199	0	0	0	0	0	0	0	0	0	0	0	0	70	0	89	310	0	0	28	81	11	0	0	0	0	0	0	0	97	0	0	0	0	0	6	0	5	16	50	0	245	288	91	39	0	0	0	280	0	0	60	0	0	0	34	102	90	70	0	118	0	144	0	7	86	58	121	104	99	68	0	0	203	0	0	198	111	63	0	31	61	142	91	22	45	138	0	50	79	0	135	47	16	0	234	0	125	173	149	16	95	39	0	141	118	1	0	0	0	0	15	43	56	73	0	0	79	0	472	66	90	58	0	81	302	70	0	151	36	137	0	0	0	126	51	292	77	113	51	35	0	0	147	0	44	48	58	342	227	36	0	74	48	0	79	0	126	30	21	325	31	0	0	88	79	150	108	16	167	164	150	45	148	228	33	57	101	177	78	104	131	4	0	0	310	9	55	42	108	0	30	41	162	66	23	0	67	221	0	354	105	43	23	120	48	0	0	0	98	70	127	0	52	21	46	102	12	201	32	74	261	101	39	7	0	157	76	0	159	59	203	40	223	91	60	79
98	0	0	0	0	0	0	0	0	0	0	0	0	0	0	0	0	0	0	0	0	0	0	0	0	0	0	0	0	0	0	0	0	0	0	0	0	0	0	0	0	0	0	0	0	0	0	0	0	0	0	0	0	0	0	0	0	0	0	0	0	0	0	0	0	0	0	0	0	0	0	0	0	0	0	0	0	0	0	0	0	0	0	0	0	0	0	0	0	0	0	0	0	0	0	0	0	0	0	0	0	0	0	0	0	0	0	0	0	0	0	0	0	0	0	0	0	0	0	0	0	0	0	0	0	0	0	0	0	0	0	0	0	0	0	0	0	0	0	0	0	0	0	0	0	0	0	0	0	0	0	0	0	0	0	0	0	0	0	0	0	0	0	0	0	0	0	0	0	0	0	0	0	0	0	0	0	0	0	0	0	0	0	0	0	0	0	0	0	0	0	0	0	0	0	0	0	0	0	0	0	0	0	0	0	0	0	0	0	0	0	0	0	0	0	0	0	0	0	0	0	0	0	0	0	0	0	0	0	0	0	0	0	0	0	0	0	0	0	0	0	0	0	0	0	0	0	0	0	0	0	0	0	0	0	0	0	0	0	0	0	0	0	0	0	0	0	0	0	0	0	0	0	0	0	0	0	0	0	0	0	0	0	0	0	0	0	0	0	0	0	0	0	0	0	0	0	0	0	0	0	0	0	0	0	0	0	0	0	0	0	0	0	0	0	0	0	0	0	0	0	0	0	0	0	0	0	0	0	0	0	0	0	0	0	0	0	0	0	0	0	0	0	0	0	0	0	0	0	0	0	0	0	0	0	0	0	0	0	0	0	0	0	0	0	0	0	0	0	0	0	0	0	0	0	0	0	0	0	0	0	0	0	0	0	0	0	0	0	0	0	0	0	0	0	0	0	0	0	0	0	0	0	0	0	0	0	0	0	0	0	0	0	0	0	0	0	0	0	0	0	0	0	0	0	0	0	0	0	0	0	0	0	0	0	0	0	0	0	0	0	0	0	0	0	0	0	0	0	0	0	0	0	0	0	0	0	0	0	0	0	0	0	0	0	0	0	0	0	0	0	0	0	0	0	0	0	0	0	0	0	0	0	0	0	0	0	0	0	0	0	0	0	0	0	0	0	0	0	0	0	0	0	0	0	0	0	0	0	0	0	0	0	0	0	0	0	0	0	0	0	0	0	0	0	0	0	0	0	0	0	0	0	0	0	160	0	0	162	0	0	0	0	0	0	0	58	0	0	0	36	0	0	0	0	0	222	0	0	0	0	0	0	0	0	0	0	0	0	0	0	0	0	0	0	0	0	0	0	0	0	0	0	0	0	0	0	0	0	0	0	0	0	0	0	0	0	0	0	0	0	0	0	0	0	0	0	0	0	0	0	0	0	0	88	0	0	0	43	0	112	0	0	0	0	0	0	0	0	0	0	0	0	67	0	192	0	0	0	0	0	0	0	0	0	53	0	0	0	80	0	0	0	0	0	0	0	0	0	0	186	0	0	0	0	0	0	0	0	0	0	0	0	0	0	0	0	0	0	0	0	0	0	0	0	0	27	0	0	0	370	0	0	40	0	0	0	0	0	0	0	0	1	0	0	0	0	0	0	0	0	44	0	0	0	0	0	0	0	0	0	0	0	101	0	116	0	0	0	0	0	0	0	0	0	0	0	0	144	203	69	0	0	0	0	0	0	0	0	0	6	0	0	0	0	0	107	0	0	0	0	0	119	0	0	0	0	0	0	0	29	0	0	0	0	0	0	0	0	74	0	59	0	0	0	0	0	0	0	0	0	0	146	0	0	0	277	0	0	17	0	53	0	0	0	0	113	0	0	0	0	26	0	0	58	0	0	0	210	0	62	0	0	0	0	68	0	0	0	0	0	0	37	0	24	184	131	0	189	92	0	0	0	0	44	0	30	0	0	0	96	73	0	16	99	0	0	176	0	0	82	17	152	0	36	0	0	0	0	0	0	0	0	0	0	0	0	203	0	62	97	0	0	161	202	0	0	0	0	0	0	0	0	75	0	0	0	0	0	0	0	21	33	104	0	60	123	96	145	0	0	0	8	0	0	72	0	0	0	31	265	52	43	0	137	0	86	0	89	125	0	44	124	133	54	0	0	346	0	0	225	101	64	0	110	59	142	62	297	141	84	0	436	136	0	149	90	203	0	199	0	50	268	170	1	106	38	0	12	29	0	0	0	6	0	156	121	83	69	0	0	110	0	213	35	106	48	0	154	69	116	0	216	307	149	0	0	0	202	136	95	138	170	18	106	0	0	8	0	127	188	9	110	88	62	0	68	58	0	91	0	75	98	59	97	38	0	0	55	58	12	45	377	55	90	20	168	211	86	51	48	67	220	7	199	46	274	0	0	19	29	139	243	15	0	159	65	107	133	229	0	39	68	4	108	50	29	126	135	186	0	0	0	126	55	57	0	164	183	34	57	33	99	160	215	38	148	51	58	0	129	165	0	130	148	78	17	50	0	190	72
99	0	0	0	0	0	0	0	0	0	0	0	0	37	0	0	0	0	0	0	0	0	0	0	0	0	0	0	0	0	0	0	0	0	0	0	0	0	0	0	0	0	0	0	0	0	0	0	0	0	0	0	0	0	0	0	0	0	0	0	0	0	0	0	0	0	0	0	0	0	0	0	0	0	0	0	0	0	0	0	0	0	0	0	0	0	0	0	0	0	0	0	0	0	0	0	0	0	0	0	0	0	0	0	0	0	0	0	0	0	0	0	0	0	0	0	0	0	0	0	0	0	0	0	0	0	0	0	0	0	0	0	0	0	0	0	0	0	0	0	0	0	0	0	0	0	0	0	0	0	0	0	0	0	0	0	0	0	0	0	0	0	0	0	0	0	0	0	0	0	0	0	0	0	0	0	0	0	0	0	0	0	0	0	0	0	0	0	0	0	0	0	0	0	0	0	0	0	0	0	0	0	0	0	0	0	0	0	0	0	0	0	0	0	0	0	0	0	0	0	0	0	0	0	0	0	0	0	0	0	0	0	0	0	0	0	0	0	0	0	0	0	0	0	0	0	0	0	0	0	0	0	0	0	0	0	0	0	0	0	0	0	0	0	0	0	0	0	0	0	0	0	0	0	0	0	0	0	0	0	0	0	0	0	0	0	0	0	0	0	0	0	0	0	0	0	0	0	0	0	0	0	0	0	0	0	0	0	0	0	0	0	0	0	0	0	0	0	0	0	0	0	0	0	0	0	0	0	0	0	0	0	0	0	0	0	0	0	0	46	0	0	0	0	0	0	0	0	0	0	0	0	0	0	0	0	0	0	0	0	0	0	0	0	0	0	0	0	0	0	0	0	0	0	0	0	0	0	0	0	0	0	0	0	0	0	0	0	0	0	0	0	0	0	0	0	0	0	0	0	0	0	0	0	0	0	0	0	0	0	0	0	0	0	0	0	0	0	0	0	0	0	0	0	0	0	0	0	0	0	0	0	0	0	0	0	34	0	0	0	0	0	0	0	0	1	0	0	0	0	0	0	0	0	0	0	0	0	0	0	0	0	0	0	0	0	0	0	0	0	0	0	0	0	0	0	0	0	0	0	0	0	0	0	0	0	0	0	0	0	0	0	0	0	0	0	0	0	0	0	0	0	0	0	0	0	0	0	0	0	0	0	0	0	0	0	0	0	0	0	0	0	0	0	77	0	0	0	0	0	0	0	0	0	0	48	0	0	279	0	0	0	0	0	0	0	90	0	0	0	11	0	0	0	0	0	40	0	0	0	0	0	0	0	0	0	0	0	0	0	0	0	0	0	0	0	0	0	0	29	0	0	0	0	0	40	0	0	0	0	0	0	0	0	0	0	0	0	0	62	0	0	0	0	0	0	194	0	0	0	0	0	0	0	257	0	0	0	192	0	54	0	0	0	0	0	0	0	0	0	11	0	0	34	0	186	0	77	0	0	0	0	11	0	0	64	0	0	0	117	0	0	0	0	0	0	0	5	0	0	44	0	0	0	54	0	0	0	0	0	0	16	0	0	0	0	0	0	1	1	0	78	0	0	0	0	87	90	0	0	12	0	0	236	50	0	0	0	0	0	0	0	55	26	0	0	0	0	0	0	0	149	46	0	0	0	0	0	0	0	0	0	0	99	0	103	0	0	0	0	0	0	0	0	0	3	0	0	109	137	211	0	0	0	0	0	0	0	32	0	79	0	0	3	0	108	36	0	0	0	0	0	189	79	0	0	0	0	0	0	118	0	0	0	0	0	0	25	0	135	0	155	0	63	0	0	0	0	0	0	0	0	93	0	0	0	54	0	85	43	0	148	76	0	0	275	48	0	0	0	0	93	30	0	195	0	0	0	30	0	66	0	0	0	4	40	0	0	0	0	0	0	28	0	38	168	95	0	130	174	111	0	0	0	91	0	278	0	0	0	75	89	0	158	79	0	66	43	0	0	88	82	20	0	44	50	0	0	0	0	0	0	0	0	67	0	0	120	0	55	100	13	0	120	19	20	0	0	0	0	0	0	0	313	254	0	0	33	0	0	0	176	176	61	0	143	114	125	106	0	0	0	44	0	0	98	0	0	0	91	100	29	78	0	34	0	184	0	69	79	120	147	116	57	138	0	0	60	0	0	113	70	70	0	106	36	287	62	83	35	69	0	274	41	0	107	186	83	0	181	0	148	320	36	59	198	143	0	333	182	0	0	0	0	0	45	108	115	72	0	0	173	0	235	150	176	143	64	203	50	30	0	95	33	31	59	0	0	56	218	181	75	23	126	74	0	0	164	0	64	69	129	66	182	106	0	102	71	0	14	0	3	23	75	167	188	0	0	63	231	91	75	63	106	5	117	20	193	211	24	71	79	85	27	64	159	86	0	1	133	165	28	14	35	0	85	137	65	21	113	0	156	100	136	60	84	110	89	70	34	0	0	0	51	68	92	0	161	97	83	70	205	47	147	100	102	161	54	54	2	94	104	0	243	141	72	9	34	83	61	134
100	0	0	0	0	0	0	0	0	0	0	0	0	0	0	0	0	0	0	0	0	0	0	0	0	0	0	0	0	0	0	0	0	0	0	0	0	0	0	0	0	0	0	0	0	0	0	0	0	0	0	0	0	0	0	0	0	0	0	0	0	0	0	0	0	0	0	0	0	0	0	0	0	0	0	0	0	0	0	0	0	0	0	0	0	0	0	0	0	0	0	0	0	0	0	0	0	0	0	0	0	0	0	0	0	0	0	0	0	0	0	0	0	0	0	0	0	0	0	0	0	0	0	0	0	0	0	0	0	0	0	0	0	0	0	0	0	0	0	0	0	0	0	0	0	0	0	0	0	0	0	0	0	0	0	0	0	0	0	0	0	0	0	0	0	0	0	0	0	0	0	0	0	0	0	0	0	0	0	0	0	0	0	0	0	0	0	0	0	0	0	0	0	0	0	0	0	0	0	0	0	0	0	0	0	0	0	0	0	0	0	0	0	0	0	0	0	0	0	0	0	0	0	0	0	0	0	0	0	0	0	0	0	0	0	0	0	0	0	0	0	0	0	0	0	0	0	0	0	0	0	0	0	0	0	0	0	0	0	0	0	0	0	0	0	0	0	0	0	0	0	0	0	0	0	0	0	0	0	0	0	0	0	0	0	0	0	0	0	0	0	0	0	0	0	0	0	0	0	0	0	0	0	0	0	0	0	0	0	0	0	0	0	0	0	0	0	0	0	0	0	0	0	0	0	0	0	0	0	0	0	0	0	0	0	0	0	0	0	0	0	0	0	0	0	0	0	0	0	0	0	0	0	0	0	0	0	0	0	0	0	0	0	0	0	0	0	0	0	0	0	0	0	0	0	0	0	0	0	0	0	0	0	0	0	0	0	0	0	0	0	0	0	0	0	0	0	0	0	0	0	0	0	0	0	0	0	0	0	0	0	0	0	0	0	0	0	0	0	0	0	0	0	0	0	0	0	0	0	0	0	0	0	0	0	0	0	0	0	0	0	0	0	0	0	0	0	0	0	0	0	0	0	0	0	0	0	0	0	0	0	0	0	0	0	0	0	0	0	0	0	0	0	0	0	0	0	0	0	0	0	0	0	0	0	0	0	0	0	0	0	0	0	0	0	0	0	0	0	0	0	0	0	0	0	0	0	0	0	0	0	0	0	0	0	0	0	0	0	0	0	0	0	0	0	0	0	0	0	0	0	0	0	0	0	83	0	0	68	0	0	0	0	0	0	0	2	0	0	0	45	0	0	0	0	0	80	0	0	0	0	0	0	0	0	0	0	0	0	0	0	0	0	0	0	0	0	0	0	0	0	0	0	0	0	0	0	0	0	0	0	0	0	0	0	0	0	0	0	0	0	0	0	0	0	0	0	0	0	0	0	0	0	0	151	0	0	0	12	0	102	0	0	0	0	0	0	0	0	0	0	0	0	41	0	61	0	0	0	0	0	0	0	0	0	43	0	0	0	198	0	0	0	0	0	0	0	0	0	0	164	0	0	0	0	0	0	0	0	0	0	0	0	0	0	0	0	0	0	0	0	0	0	0	0	0	110	0	0	0	47	0	0	113	0	0	0	0	8	0	0	0	0	0	0	0	0	0	0	0	0	141	0	0	0	0	0	0	0	0	0	0	0	58	0	83	0	0	0	0	0	0	0	0	0	0	0	0	14	104	38	0	0	0	0	0	0	0	16	0	0	0	0	0	0	0	211	0	0	0	0	0	104	0	0	0	0	0	0	0	19	0	0	0	0	0	0	0	0	6	0	64	0	11	0	0	0	0	0	0	0	0	192	0	0	0	377	0	0	166	0	64	0	0	0	22	216	0	0	0	0	70	0	0	38	0	0	0	113	0	22	0	0	0	0	66	0	0	0	0	0	0	37	0	85	30	55	0	278	217	0	0	0	0	128	0	64	0	0	0	51	121	0	0	158	0	5	168	0	0	44	19	250	0	77	0	0	0	0	0	0	0	0	0	0	0	0	109	0	136	148	0	0	18	136	0	0	0	0	0	0	0	0	87	0	0	0	0	0	0	0	45	15	49	0	54	197	65	234	0	0	0	99	0	0	62	0	0	0	55	483	94	151	0	151	0	43	0	170	211	0	78	105	204	38	0	0	101	0	0	45	65	55	0	21	120	79	158	90	62	35	0	176	181	0	7	280	28	0	185	0	265	80	113	6	35	35	0	110	47	0	0	0	0	0	107	29	150	94	0	0	106	0	92	121	58	60	0	132	65	98	0	62	68	99	0	0	0	197	90	79	79	227	136	324	0	0	122	0	22	26	48	94	138	117	0	131	102	0	122	0	13	31	173	68	99	0	0	43	65	102	94	139	126	136	29	137	48	68	252	271	90	153	0	49	169	116	0	0	135	69	24	152	161	0	145	63	66	51	145	0	27	124	0	93	206	37	130	65	84	0	0	0	60	95	44	0	112	17	83	123	100	29	125	51	154	44	5	108	0	322	90	0	47	45	200	129	43	0	121	93
101	0	0	0	0	0	0	0	0	0	0	0	0	0	0	0	0	0	0	0	0	0	0	8	0	0	0	0	0	0	0	0	0	0	0	0	0	0	0	0	0	4	0	0	0	0	0	0	0	0	0	0	0	0	0	0	0	0	0	0	0	0	0	0	0	0	0	0	0	0	0	0	0	0	0	0	0	0	0	0	0	0	0	0	0	0	0	0	14	0	0	0	0	0	0	0	0	0	0	0	0	0	0	0	6	0	0	0	0	0	0	0	0	0	0	0	0	0	0	0	0	0	0	0	0	0	0	0	0	0	0	0	0	0	0	0	0	0	0	0	0	0	0	0	0	0	0	0	0	0	0	0	0	0	0	0	0	0	0	0	0	0	0	0	0	0	0	0	0	6	0	0	0	0	0	0	0	0	0	0	0	0	0	0	0	0	0	0	0	0	0	0	0	0	0	0	0	0	0	0	0	0	0	0	0	0	0	0	0	0	0	0	0	0	0	0	0	0	0	0	0	0	0	0	0	0	0	0	0	0	0	0	0	0	0	0	0	0	0	0	0	0	0	0	0	0	0	0	0	0	0	0	0	0	0	0	10	0	0	0	0	0	0	0	0	0	0	0	0	0	0	0	0	0	0	0	0	0	0	0	0	0	0	0	0	0	0	0	0	0	0	0	0	0	0	0	0	0	0	0	0	0	0	0	0	0	0	0	0	0	0	0	0	0	0	0	0	0	0	0	0	0	0	0	0	0	0	0	0	0	0	0	0	0	0	0	0	0	0	0	0	0	0	0	0	0	0	0	0	0	0	0	1	0	0	0	0	0	0	0	0	0	0	0	2	0	0	0	0	0	0	0	0	0	0	0	0	0	0	0	0	0	0	0	0	0	0	0	0	0	0	0	0	0	0	0	0	0	0	3	0	0	0	0	0	0	0	0	0	0	0	0	0	0	0	0	0	0	0	0	0	0	0	0	0	0	0	0	0	0	0	0	0	0	0	0	0	0	0	0	0	0	0	0	0	0	0	0	0	0	0	0	0	0	0	0	0	0	0	0	0	0	0	0	0	0	0	0	0	0	0	0	0	0	0	0	0	0	0	0	0	0	0	0	0	0	0	0	0	0	0	0	0	0	0	0	0	0	0	0	0	0	0	0	0	0	0	0	0	0	0	0	0	0	0	0	0	0	0	0	0	0	0	0	3	0	0	0	0	0	0	0	0	0	0	20	0	0	65	0	0	0	0	0	0	0	7	0	0	0	121	0	0	0	0	0	78	0	0	0	0	0	0	0	26	0	0	0	0	0	0	0	0	0	1	0	0	0	0	48	0	0	0	0	0	46	0	0	0	0	1	0	0	0	0	0	0	0	0	0	0	0	0	0	0	0	135	0	0	0	0	0	24	0	41	0	0	0	218	0	43	0	0	0	0	0	0	0	0	0	98	0	0	76	0	160	62	17	0	0	18	0	0	0	0	5	0	0	0	45	0	0	0	0	0	0	0	0	0	0	66	0	0	0	144	0	0	0	0	0	0	46	0	1	0	0	0	0	2	0	0	0	0	0	0	0	40	200	0	0	29	38	0	63	0	0	0	0	0	0	0	0	6	8	0	0	0	0	8	0	0	74	0	0	0	0	0	0	0	0	0	0	0	32	0	55	0	0	0	0	0	0	0	0	0	0	0	0	49	51	177	0	0	0	0	0	0	0	1	0	3	0	0	0	0	0	87	0	0	0	0	0	52	87	0	0	0	3	0	0	3	0	0	0	0	0	0	36	0	4	0	121	0	0	0	0	0	0	0	6	4	0	82	0	0	0	152	58	19	96	0	28	92	0	0	16	103	0	0	0	0	30	22	0	113	0	0	0	75	0	122	0	21	0	0	108	0	0	0	0	0	0	49	0	42	30	105	0	187	224	2	0	0	0	36	0	151	0	0	0	243	58	0	6	89	0	138	95	0	0	198	121	111	0	88	0	0	1	0	0	0	0	0	0	8	0	0	53	0	17	71	0	0	55	49	10	0	0	153	0	0	0	0	180	0	0	0	23	0	0	0	88	101	34	0	81	68	82	46	0	0	0	72	0	0	40	0	0	18	7	85	75	27	0	11	0	187	0	228	30	3	28	66	276	58	0	0	342	0	0	51	195	30	0	32	95	80	234	130	58	128	0	0	54	0	10	79	4	0	142	0	16	56	143	0	119	19	0	53	48	0	0	0	0	0	95	134	186	98	0	0	137	0	47	95	127	70	0	64	297	118	46	105	380	80	4	0	0	13	111	11	63	180	142	161	0	0	115	0	82	46	40	59	29	261	0	33	4	0	0	0	41	234	123	54	157	0	0	129	64	60	26	245	15	256	161	76	167	92	84	163	24	70	42	130	176	21	0	18	32	197	11	77	127	0	56	27	169	3	85	0	82	87	88	26	145	50	43	82	133	0	0	0	76	0	23	0	29	62	6	29	82	53	214	104	122	196	14	90	0	42	54	0	28	38	137	58	291	0	121	83
102	0	0	0	0	0	0	0	0	0	0	0	0	0	0	0	0	0	0	0	0	0	0	0	0	0	0	0	0	0	0	0	0	0	0	0	0	0	0	0	0	0	0	0	0	0	0	0	0	0	0	0	0	0	0	0	0	0	0	0	0	0	0	0	0	0	0	0	0	0	0	0	0	0	0	0	0	0	0	0	0	0	0	0	0	0	0	0	0	0	0	0	0	0	0	0	0	0	0	0	0	0	0	0	0	0	0	0	0	0	79	0	0	0	0	0	0	0	0	0	0	0	0	0	0	0	0	0	0	0	1	0	0	0	0	0	0	0	0	0	0	0	2	0	0	0	0	0	0	0	0	0	0	0	0	0	0	0	0	0	0	0	0	0	0	0	0	0	0	0	0	0	0	0	0	0	0	0	0	0	0	0	0	0	0	0	0	0	0	0	0	0	0	0	0	0	17	0	0	0	0	0	0	0	0	0	0	0	0	0	0	0	0	0	0	0	0	0	0	0	0	0	0	0	0	0	0	0	0	0	0	0	0	0	0	0	0	0	0	0	0	0	0	0	0	0	0	0	0	0	0	0	0	0	0	0	0	0	0	0	0	0	0	0	0	0	0	0	0	0	0	0	0	0	0	0	0	0	0	0	0	0	0	0	0	0	0	0	0	0	0	0	0	0	0	0	0	0	0	0	0	0	0	0	0	0	0	0	0	0	0	0	0	0	0	0	0	0	0	0	0	0	0	0	0	0	0	0	0	0	0	0	0	0	0	0	0	0	0	0	0	0	0	0	0	0	0	0	0	0	0	0	0	0	0	0	0	0	0	0	0	0	0	0	0	0	0	0	0	0	0	0	0	0	0	0	0	0	0	0	0	0	0	0	0	0	0	0	0	0	0	0	0	0	0	0	0	0	0	0	0	0	0	0	0	0	0	0	0	0	0	0	0	0	0	0	0	0	0	0	0	0	0	0	0	0	0	0	0	0	0	0	0	0	0	0	45	0	0	0	0	0	0	0	0	0	0	0	0	0	0	0	0	0	0	0	0	0	0	0	0	0	0	0	0	9	0	0	0	0	0	0	0	0	0	0	0	0	40	0	0	0	0	0	0	0	0	0	0	0	0	0	0	0	0	0	0	0	0	0	0	0	0	0	0	0	0	0	0	0	0	0	0	0	0	0	0	0	0	0	0	0	0	0	91	0	0	0	0	0	0	0	0	0	0	22	0	0	240	0	0	0	0	0	0	0	118	0	0	0	36	0	0	0	0	0	153	0	0	0	0	0	0	0	0	0	0	0	0	0	0	0	0	0	0	0	0	0	0	0	0	0	0	0	0	229	0	0	0	0	0	0	0	0	0	0	0	0	0	0	0	0	0	0	0	0	22	0	0	0	0	0	0	0	67	0	0	0	152	0	65	0	0	0	0	0	0	0	0	0	0	0	0	68	0	3	0	34	0	0	0	0	7	0	0	93	0	0	0	9	0	0	0	0	0	0	0	2	0	0	69	0	0	0	0	0	0	0	0	0	0	0	0	28	0	0	0	0	0	0	0	0	0	0	0	0	67	4	0	0	184	14	0	222	30	0	0	0	0	0	0	0	26	0	0	0	0	0	0	0	0	8	0	0	0	0	0	0	0	0	0	0	0	40	0	110	0	0	0	0	0	0	0	0	0	0	0	0	73	164	37	0	0	0	0	0	0	0	47	0	170	0	0	0	0	0	15	0	0	0	0	0	136	131	0	0	0	4	0	0	3	0	0	0	0	0	0	33	0	0	0	2	0	9	0	0	0	0	0	0	2	0	55	0	0	0	195	0	0	41	0	21	2	0	0	46	51	0	0	0	0	25	0	0	18	51	0	0	43	0	76	0	24	0	0	211	0	0	0	0	0	0	13	0	80	57	45	0	164	353	0	0	0	0	158	0	69	0	0	0	146	37	0	451	203	0	60	197	0	0	16	238	1	0	56	12	0	0	0	0	0	0	2	0	21	0	0	166	0	71	59	1	0	46	70	0	0	0	31	0	0	0	0	40	4	0	0	0	0	1	0	68	64	319	0	70	316	181	280	0	0	0	156	0	0	67	0	0	0	179	166	77	118	0	140	0	113	0	86	62	93	219	225	39	0	0	0	38	0	0	37	117	91	0	51	86	12	101	123	47	231	0	10	141	0	11	121	102	0	63	0	111	132	230	0	69	4	0	126	24	0	0	0	0	0	19	15	107	28	0	0	135	0	53	17	61	50	0	113	108	72	0	228	42	331	7	0	2	268	74	84	65	229	63	85	0	0	9	0	71	91	72	53	127	211	0	41	21	0	0	0	120	82	70	82	30	0	0	68	16	67	93	71	12	105	45	110	186	75	107	16	54	89	87	68	68	37	0	7	150	23	63	126	63	0	52	50	33	0	36	0	25	97	0	94	58	12	16	126	89	0	0	0	87	0	37	0	103	137	43	33	52	27	35	58	46	169	38	128	0	73	79	0	100	77	67	47	93	0	159	110
103	0	0	0	0	0	0	0	0	0	0	0	0	0	0	0	0	0	0	0	0	0	0	0	0	0	0	0	0	0	0	0	0	0	0	0	0	0	0	0	0	0	0	0	0	0	0	0	0	0	0	0	0	0	0	0	0	0	0	0	0	0	0	0	0	0	0	0	0	0	0	0	0	0	0	0	0	0	0	0	0	0	0	0	0	0	0	0	0	0	0	0	0	0	0	0	0	0	0	0	0	0	0	0	0	0	0	0	0	0	0	0	0	0	0	0	0	0	0	0	0	0	0	0	0	0	0	0	0	0	0	0	0	0	0	0	0	0	0	0	0	0	0	0	0	0	0	0	0	0	0	0	0	0	0	0	0	0	0	0	0	0	0	0	0	0	0	0	0	0	0	0	0	0	0	0	0	0	0	0	0	0	0	0	0	0	0	0	0	0	0	0	0	0	0	0	0	0	0	0	0	0	0	0	0	0	0	0	0	0	0	0	0	0	0	0	0	0	0	0	0	0	0	0	0	0	0	0	0	0	0	0	0	0	0	0	0	0	0	0	0	0	0	0	0	0	0	0	0	0	0	0	11	0	0	0	0	0	3	0	0	0	0	0	0	0	0	0	35	0	0	0	0	0	0	0	0	0	0	0	0	0	0	0	0	0	0	0	0	0	0	0	0	0	0	0	0	0	0	0	0	0	0	0	0	0	0	0	0	0	0	0	0	0	0	0	0	0	0	0	0	0	0	0	0	0	0	0	0	0	42	0	0	0	0	0	0	0	0	0	0	0	0	0	0	0	0	0	0	0	0	0	0	0	0	0	0	0	0	0	0	0	0	0	0	0	0	0	0	0	0	0	0	0	0	0	0	0	0	0	0	0	0	0	0	0	0	0	0	0	0	0	0	0	0	0	0	0	0	0	0	0	0	0	0	0	0	0	0	1	0	0	0	0	0	0	0	0	0	0	0	0	0	0	0	0	0	0	0	0	0	0	0	0	0	0	0	0	0	0	0	0	0	0	0	0	0	0	0	0	0	0	0	0	0	0	0	0	0	0	0	0	0	0	0	0	0	0	0	0	0	0	0	0	0	0	0	0	0	0	0	0	0	0	0	0	0	0	0	0	0	0	0	0	0	0	0	0	0	0	0	0	0	0	0	0	0	0	0	49	0	0	0	0	0	0	0	0	0	0	0	0	0	0	0	0	0	0	0	0	0	0	0	0	0	0	0	0	59	0	0	4	0	0	0	0	0	0	0	0	0	0	0	0	0	0	0	0	0	0	0	0	0	0	0	0	0	0	0	0	0	0	0	0	0	0	0	0	0	0	0	0	0	0	0	0	0	0	0	0	0	0	0	0	0	0	0	0	0	0	0	0	0	36	0	0	0	0	0	0	0	0	0	0	0	0	0	0	127	0	12	0	0	0	0	0	0	0	0	0	0	0	0	0	0	0	36	0	0	0	0	0	0	0	0	0	0	0	0	0	0	0	0	0	0	0	0	0	0	0	0	0	0	0	7	0	0	0	0	0	0	0	0	0	0	0	0	0	0	0	0	0	0	0	0	0	0	0	0	0	0	0	0	0	0	0	0	0	0	0	52	0	0	0	0	0	0	0	0	0	0	0	0	0	0	0	0	0	0	0	2	0	0	95	0	12	0	0	0	0	0	0	0	0	0	0	0	0	0	0	2	0	0	0	0	0	0	0	0	0	0	0	0	0	0	0	0	0	0	0	0	0	85	0	0	0	9	0	0	0	0	0	0	0	0	0	0	0	0	0	0	0	0	0	0	0	0	0	0	0	0	0	0	0	0	0	114	0	0	117	0	35	0	0	0	0	91	0	0	0	0	0	0	0	130	0	0	0	42	0	0	0	0	0	0	324	0	0	0	0	0	0	0	0	276	146	88	0	101	115	0	0	0	0	0	0	0	0	0	0	5	57	0	0	0	0	0	69	0	0	97	101	0	0	117	0	0	0	0	0	0	0	0	0	0	0	0	158	0	76	0	0	0	0	98	0	0	0	0	0	0	0	0	253	0	3	0	0	0	0	0	47	86	0	0	142	22	205	18	0	0	0	59	0	0	13	0	0	0	139	112	88	0	0	0	0	71	0	27	70	0	139	123	65	0	0	0	22	0	0	65	49	0	0	24	363	4	0	134	31	55	0	0	12	0	101	122	0	0	95	0	0	199	51	0	118	0	0	74	18	0	0	0	0	0	0	0	18	62	0	0	50	0	129	0	12	26	0	17	0	33	0	51	17	108	0	0	0	54	178	116	75	122	13	347	0	0	188	0	70	75	163	98	0	127	0	144	37	0	0	0	261	31	62	41	0	0	0	12	46	107	127	36	272	90	61	22	130	445	84	128	56	67	0	55	25	92	0	0	83	311	109	250	26	0	356	84	289	0	7	0	65	36	0	23	476	45	121	229	53	0	0	0	54	0	37	0	0	128	0	49	0	120	167	22	41	0	82	258	0	210	38	0	190	53	105	50	151	0	67	0
104	0	0	0	0	0	0	0	0	0	0	0	0	0	0	0	0	0	0	0	0	0	0	0	0	0	0	0	0	0	0	0	0	0	0	0	0	0	0	0	0	0	0	0	0	0	0	0	0	0	0	0	0	0	0	0	0	0	0	0	0	0	0	0	0	0	0	0	0	0	0	0	0	0	0	0	0	0	0	0	0	0	0	0	0	0	0	0	0	0	0	0	0	0	0	0	0	0	0	0	0	0	0	7	0	0	0	0	0	0	0	0	0	0	0	0	0	0	0	0	0	0	0	0	0	0	0	0	0	0	0	0	0	0	0	0	0	0	0	0	0	0	0	0	0	0	0	0	0	0	0	0	0	0	0	0	0	0	0	0	0	0	0	0	0	0	0	0	0	0	0	0	0	0	0	0	0	0	0	0	0	0	0	0	0	0	0	0	0	0	0	0	0	0	0	0	0	0	0	0	0	0	0	0	0	0	0	0	0	0	0	0	0	0	0	0	0	0	0	0	0	0	0	0	0	0	0	0	0	0	0	0	0	0	0	0	0	0	0	0	0	0	0	0	0	0	0	0	0	0	0	0	0	0	0	0	0	0	0	0	0	0	0	0	0	0	0	0	0	0	0	0	0	0	0	0	0	0	0	0	0	0	0	0	0	0	0	0	0	0	0	0	0	0	0	0	0	0	0	0	0	0	0	0	0	0	4	0	0	0	0	0	0	0	0	0	0	0	0	0	0	0	0	0	0	0	0	0	0	0	0	0	0	0	0	0	0	0	0	0	0	0	0	0	0	0	0	0	5	0	0	0	0	0	0	0	0	0	0	0	0	0	0	0	0	0	0	0	0	0	0	0	0	0	0	0	0	0	0	0	0	0	0	0	0	0	0	0	0	0	0	0	0	0	0	0	0	0	0	0	0	0	0	0	0	0	0	0	0	0	0	0	0	0	0	0	0	0	0	0	0	0	0	0	0	0	0	0	0	0	0	0	0	0	0	0	0	0	0	0	0	0	0	0	0	0	0	0	0	0	0	0	0	0	0	0	0	0	0	0	0	0	0	0	0	0	0	0	0	0	0	0	0	0	0	0	0	0	0	0	0	0	0	0	0	0	0	0	0	0	0	0	0	0	0	0	0	0	0	0	0	0	0	0	0	0	0	0	0	0	0	0	0	0	0	0	0	0	0	0	0	0	0	0	0	0	0	0	0	0	0	0	0	0	0	0	0	0	238	0	0	0	0	0	0	0	0	0	0	0	0	0	0	0	0	0	0	0	0	0	0	0	0	0	0	0	0	0	0	0	0	0	0	0	0	0	0	0	0	0	0	0	0	0	0	0	0	0	0	0	0	0	0	0	0	0	0	0	0	0	0	0	0	0	0	0	0	0	0	0	0	0	0	0	0	0	0	0	85	0	104	0	0	0	0	0	0	0	0	0	0	0	0	0	0	0	0	0	0	0	0	4	0	0	0	0	0	0	0	0	0	0	0	0	0	0	0	0	0	0	0	0	0	0	0	0	0	0	0	0	0	0	0	0	0	0	0	0	0	0	0	0	0	0	0	0	0	0	0	0	0	0	0	5	0	0	0	0	0	0	0	0	0	0	0	0	0	0	0	0	0	0	0	0	0	0	0	0	0	0	0	0	0	47	0	0	0	0	0	0	0	0	0	0	0	0	0	0	0	0	1	0	0	0	0	0	0	0	0	0	0	0	0	0	0	0	14	0	0	0	0	0	226	0	0	0	0	0	0	0	0	0	0	0	0	0	0	0	0	0	0	0	0	0	0	0	0	0	0	0	0	0	0	0	0	0	96	0	0	44	0	34	0	0	0	0	117	0	0	0	0	0	0	0	95	0	0	0	111	0	0	0	0	0	0	91	0	0	0	0	0	0	27	0	40	99	56	0	107	58	0	0	0	0	0	0	0	0	0	0	0	106	0	0	12	0	0	156	0	0	93	123	0	0	43	0	0	0	0	0	0	0	0	0	0	0	0	234	0	164	0	0	0	0	68	0	0	0	0	0	0	0	0	188	0	0	0	0	0	0	0	70	281	51	0	127	154	47	158	0	0	0	105	0	0	0	0	0	0	135	43	8	0	0	0	0	138	0	68	14	0	364	146	251	0	0	0	217	0	0	82	47	0	0	82	60	161	0	27	0	66	0	0	45	0	68	56	2	0	89	0	0	100	126	0	168	0	0	18	22	0	0	0	0	0	0	0	202	54	0	0	132	0	74	0	90	210	0	7	0	151	0	143	185	17	0	0	0	80	47	118	80	121	9	96	0	0	93	0	49	116	197	93	0	85	0	28	140	0	0	0	95	60	23	36	0	0	0	93	69	120	256	218	97	38	87	208	184	126	90	109	119	153	0	12	134	34	0	0	107	47	33	90	6	0	28	73	105	0	0	0	112	171	0	120	61	24	74	90	74	0	0	0	135	0	184	0	0	47	0	46	0	75	175	28	21	0	8	138	0	41	196	0	189	71	14	0	71	0	27	0
105	0	0	0	0	0	0	0	0	0	0	0	0	0	0	0	0	0	0	0	0	0	0	0	0	0	0	0	0	0	0	0	0	0	0	0	0	0	0	0	0	0	0	0	0	0	0	0	0	0	0	0	0	0	0	0	0	0	0	0	0	0	0	0	0	0	0	0	0	0	0	0	0	0	0	0	0	0	0	0	0	0	0	0	0	0	0	0	0	0	0	0	0	0	0	0	0	0	0	0	0	0	0	0	0	0	0	0	0	0	0	0	0	0	0	0	0	0	0	0	0	0	0	0	0	0	0	0	0	0	0	0	0	0	0	0	0	0	0	0	0	0	0	0	0	0	0	0	0	0	0	0	0	0	0	0	0	0	0	0	0	0	0	0	0	0	0	0	0	0	0	0	0	0	0	0	0	0	0	0	0	0	0	0	0	0	0	0	0	0	0	0	0	0	0	0	0	0	0	0	0	0	0	0	0	0	0	0	0	0	0	0	0	0	0	0	0	0	0	0	0	0	0	0	0	0	0	0	0	0	0	0	0	0	0	0	0	0	0	0	0	0	0	0	0	0	0	0	0	0	0	0	0	0	0	0	0	0	0	0	0	0	0	0	0	0	0	0	0	0	0	0	0	0	0	0	0	0	0	0	0	0	0	0	0	0	0	0	0	0	0	0	0	0	0	0	0	0	0	0	0	0	0	0	0	0	0	0	0	0	0	0	0	0	0	0	0	0	0	0	0	0	0	0	0	0	0	0	0	0	0	0	0	0	0	0	0	0	0	0	0	0	0	0	0	0	0	0	0	0	0	0	0	0	0	0	0	0	0	0	0	0	0	0	0	0	0	0	0	0	0	0	0	0	0	0	0	0	0	0	0	0	0	0	0	0	0	0	0	0	0	0	0	0	0	0	0	0	0	0	0	0	0	0	0	0	0	0	0	0	0	0	0	0	0	0	0	0	0	0	0	0	0	0	0	0	0	0	11	0	0	0	0	0	0	0	0	0	0	0	0	0	0	0	47	0	0	0	0	0	0	0	0	0	0	0	0	0	0	0	0	0	0	0	0	0	0	0	0	0	0	0	0	0	0	0	0	0	0	0	0	0	0	0	0	0	0	0	0	0	0	10	0	0	0	0	0	0	0	0	0	0	0	0	0	0	0	0	0	0	0	0	0	0	0	0	0	0	0	0	0	0	0	0	0	0	0	0	0	0	0	0	0	0	0	0	0	0	0	0	0	0	0	0	0	0	0	0	0	0	0	6	0	0	0	0	0	0	0	0	0	0	0	0	0	0	0	0	0	0	0	0	0	0	0	0	0	0	0	0	0	0	0	0	0	0	0	0	0	0	0	0	0	0	0	0	0	0	0	0	0	0	0	1	0	0	0	0	0	0	0	0	0	0	0	0	0	0	198	0	64	0	0	0	0	0	0	0	0	0	0	0	0	0	0	0	0	0	0	0	0	0	0	0	0	0	0	0	0	0	0	0	0	0	0	0	0	0	0	0	0	0	0	0	0	0	0	0	0	0	0	0	0	0	0	0	0	0	0	0	0	0	0	1	0	0	0	0	0	0	0	0	0	0	0	0	0	0	0	0	0	0	0	0	0	0	0	0	0	0	0	0	0	0	0	0	0	0	0	0	0	0	0	31	0	104	0	0	0	0	0	0	0	0	0	0	0	0	0	0	0	0	0	0	0	0	0	0	0	0	0	0	0	0	0	0	1	0	0	0	0	0	23	0	0	0	0	0	0	0	0	0	0	0	0	0	0	0	0	0	0	0	0	0	0	0	0	0	0	0	0	0	0	0	0	0	169	0	0	156	0	94	0	0	0	0	150	0	0	0	0	0	0	0	39	0	0	0	60	0	0	0	0	0	0	25	0	0	0	0	0	0	0	0	24	119	19	0	155	127	0	0	0	0	0	0	0	0	0	0	0	42	0	0	0	0	0	60	0	0	146	42	0	0	33	0	0	0	0	0	0	0	0	0	0	0	0	105	0	195	0	0	0	0	64	0	0	0	0	0	0	0	0	28	0	0	0	0	0	0	0	85	56	12	0	1	159	21	76	0	0	0	31	0	0	0	0	0	0	59	216	73	0	0	0	0	133	0	71	64	0	150	64	34	0	0	0	53	0	0	77	29	29	0	115	73	31	0	84	67	65	0	0	50	0	24	2	0	0	136	0	0	195	11	0	45	0	0	86	133	0	0	0	0	0	0	0	23	63	0	0	18	0	88	0	71	96	0	0	0	235	0	46	63	62	0	0	0	92	63	34	285	65	278	114	0	0	18	0	23	130	118	39	0	215	0	104	226	0	0	0	492	20	189	86	79	0	0	69	83	29	83	142	114	101	189	43	123	208	169	143	94	381	0	61	10	51	0	0	125	36	102	24	64	0	112	98	112	0	182	0	44	14	0	116	139	147	50	62	238	0	0	1	66	0	75	0	0	39	0	193	0	147	144	15	114	0	0	204	0	29	63	0	103	84	300	4	181	0	76	0
106	0	0	0	0	0	0	0	0	0	0	0	0	0	0	0	0	0	0	0	0	0	0	0	0	0	0	0	0	0	0	0	0	0	0	0	0	0	0	0	0	0	0	0	0	0	0	0	0	0	0	0	0	0	0	0	0	0	0	0	0	0	0	0	0	0	0	0	0	0	0	0	0	0	0	0	0	0	0	0	0	0	0	0	0	0	0	0	0	0	0	0	0	0	0	0	0	0	0	0	0	0	0	0	0	0	0	0	0	0	0	0	0	0	0	0	0	0	0	0	0	0	0	0	0	0	0	0	0	0	0	0	0	0	0	0	0	0	0	0	0	0	0	0	0	0	0	0	0	0	0	0	0	0	0	0	0	0	0	0	0	0	0	0	0	0	0	0	0	0	0	0	0	0	0	0	0	0	0	0	0	0	0	0	0	0	0	0	0	0	0	0	0	0	0	0	0	0	0	0	0	0	0	0	0	0	0	0	0	0	0	0	0	0	0	0	0	0	0	0	0	0	0	0	0	0	0	0	0	0	0	0	0	0	0	0	0	0	0	0	0	0	0	0	0	0	0	0	0	0	0	0	0	0	0	0	0	0	0	0	0	0	0	0	0	0	0	0	0	0	0	0	0	0	0	0	0	0	0	0	0	0	0	0	0	0	0	0	0	0	0	0	0	0	0	0	0	0	0	0	0	0	0	0	0	0	0	0	0	0	3	0	0	0	0	0	0	0	0	0	0	0	0	0	0	0	0	0	0	0	0	0	0	0	0	0	0	0	0	0	0	0	0	0	0	0	0	0	0	0	0	0	0	0	0	0	0	0	0	0	0	0	0	0	0	0	0	0	0	0	0	0	0	0	0	0	0	0	0	0	0	0	0	0	0	0	0	0	0	0	0	0	0	0	0	0	0	0	0	0	0	0	0	0	0	0	0	0	0	0	0	0	0	0	0	0	0	0	0	0	0	0	0	0	0	0	0	0	0	0	0	0	0	0	0	0	0	0	0	0	0	0	0	0	0	0	0	6	0	0	0	0	0	0	0	0	0	0	0	0	10	0	0	0	0	0	0	0	0	0	0	0	0	0	0	0	0	0	0	0	0	0	0	0	0	0	0	0	0	0	0	0	0	0	0	0	0	0	0	0	0	0	0	0	0	0	0	0	0	0	0	0	0	0	0	0	0	0	0	0	0	0	0	0	0	0	0	1	0	0	0	0	0	0	0	0	0	0	135	0	0	0	0	0	0	0	0	0	0	0	0	0	0	0	0	0	0	0	0	0	0	0	0	0	0	0	0	0	0	0	0	0	0	0	0	0	0	0	0	0	0	0	0	0	0	3	0	0	0	0	0	0	0	0	0	0	0	0	0	0	0	0	0	0	0	0	0	0	0	0	0	0	0	0	0	0	0	0	111	0	183	0	0	0	0	0	0	0	0	0	0	0	0	0	0	0	0	0	0	0	0	0	0	0	0	0	0	0	0	0	0	0	0	0	0	0	0	0	0	0	0	0	0	0	0	0	0	0	0	0	0	0	0	0	0	0	0	0	0	0	0	0	0	0	0	0	33	0	0	0	0	6	0	0	0	0	2	0	0	0	0	0	0	0	0	0	0	0	0	0	0	0	0	0	0	0	0	0	0	0	0	0	0	34	0	11	0	0	0	0	0	0	0	0	0	0	0	0	1	0	0	0	0	0	0	0	0	0	0	0	0	0	0	0	0	0	0	0	0	0	0	0	115	0	0	0	0	0	0	0	0	0	0	0	0	0	0	0	0	0	0	0	0	0	0	0	0	0	0	0	0	0	0	0	0	0	171	0	0	111	0	135	0	0	0	0	88	0	0	0	0	0	0	0	25	0	0	0	76	1	0	0	0	0	0	130	0	0	0	0	0	0	0	0	55	80	84	0	82	91	0	0	0	0	0	0	0	0	0	0	10	398	0	0	83	0	0	92	0	0	153	109	36	0	150	0	0	0	0	0	0	0	0	0	0	0	0	29	0	69	79	0	0	0	83	0	0	0	0	0	0	0	0	4	0	0	0	0	0	0	0	221	435	0	0	202	92	139	133	0	0	0	112	0	0	16	0	71	0	253	35	184	3	0	0	0	169	0	77	100	0	96	53	52	0	0	0	0	0	0	48	123	22	0	109	327	69	1	148	13	9	0	0	78	0	92	22	0	0	82	0	0	50	377	0	70	0	0	50	76	0	0	0	0	0	0	0	177	90	0	1	69	0	79	0	16	154	0	0	0	108	0	69	55	38	0	0	0	22	67	88	31	39	85	132	0	0	17	0	106	217	61	99	4	147	0	108	233	0	0	0	7	0	168	94	0	0	0	35	101	73	104	106	61	54	33	180	146	48	28	164	182	23	0	200	62	21	0	0	15	126	106	99	58	0	57	53	82	0	42	0	138	52	0	435	54	16	108	56	219	0	0	0	89	0	159	0	0	74	0	161	0	116	156	382	71	0	66	33	0	35	68	0	17	63	107	163	21	0	375	0
107	0	0	0	0	0	0	0	0	0	0	0	0	0	0	0	0	0	0	0	0	0	0	0	0	0	0	0	0	0	0	0	0	0	0	0	0	0	0	0	0	0	0	0	0	0	0	0	0	0	0	0	0	0	0	0	0	0	0	0	0	0	0	0	0	0	0	0	0	0	0	0	0	0	0	0	0	0	0	0	0	0	0	0	0	0	0	0	0	0	0	0	0	0	0	0	0	0	0	0	0	0	0	0	0	0	0	0	0	0	0	0	0	0	0	0	0	0	0	0	0	0	0	0	0	0	0	0	0	0	0	0	0	0	0	0	0	0	0	0	0	0	0	0	0	0	0	0	0	0	0	0	0	0	0	0	0	0	0	0	0	0	0	0	0	0	0	0	0	0	0	0	0	0	0	0	0	0	0	0	0	0	0	0	0	0	0	0	0	0	0	0	0	0	0	0	0	0	0	0	0	0	0	0	0	0	0	0	0	0	0	0	0	0	7	0	0	0	0	0	0	0	0	0	0	0	0	0	0	0	0	0	0	0	0	0	0	0	0	0	0	0	0	0	0	0	0	0	0	0	0	0	0	0	0	0	0	0	5	0	0	0	0	0	0	0	0	0	0	0	0	0	0	0	0	0	0	0	1	0	0	0	0	0	0	0	0	0	0	0	0	0	0	0	0	0	0	0	0	0	0	0	0	0	0	0	0	0	0	0	0	0	0	0	0	0	0	0	0	0	0	0	0	0	0	0	0	0	0	0	0	0	0	0	0	0	0	0	0	0	0	0	0	0	0	0	0	0	0	0	0	44	0	0	0	0	0	0	0	0	0	0	0	0	0	0	0	0	0	0	0	0	0	0	0	0	0	0	0	0	0	0	0	5	0	0	0	0	0	0	0	0	0	0	0	0	0	0	0	0	0	0	0	0	0	0	0	0	0	0	0	0	0	0	0	0	0	0	0	0	0	0	0	0	0	0	0	0	0	0	0	0	0	0	0	0	0	0	0	0	0	0	0	0	0	0	0	0	0	0	0	0	0	0	0	0	0	0	0	0	0	0	0	0	0	0	0	0	0	0	0	0	0	0	0	0	0	0	0	0	0	0	0	0	0	0	0	0	0	0	0	0	0	0	0	0	0	0	0	0	0	0	0	0	0	0	0	0	0	0	0	0	0	0	0	0	0	0	23	0	0	0	0	0	0	0	0	0	0	0	0	0	0	0	0	0	0	0	67	0	0	0	0	0	0	0	0	0	0	0	0	0	0	0	0	0	0	0	0	0	0	0	0	0	0	0	13	0	0	0	0	0	0	0	0	0	0	0	0	0	0	0	0	0	0	0	0	0	0	0	0	0	0	0	0	0	0	0	0	0	0	0	0	0	0	0	0	0	0	0	0	0	0	0	0	0	0	0	153	0	128	0	3	0	0	0	0	0	0	0	0	0	0	0	0	0	0	0	0	0	0	0	0	0	0	0	0	0	0	0	0	0	0	0	0	0	0	0	0	0	0	0	0	0	0	0	2	0	0	0	0	0	0	0	0	0	0	0	0	0	0	0	0	0	0	0	0	0	0	0	0	0	0	0	0	0	0	0	1	0	0	0	0	0	0	0	0	0	0	0	0	0	0	0	0	0	0	0	0	0	0	0	0	213	0	31	0	0	0	0	0	0	0	0	0	0	0	0	0	11	0	0	0	0	0	0	0	0	0	0	0	0	0	0	0	0	0	0	0	0	0	0	188	0	0	0	0	0	0	0	0	0	0	0	0	0	0	0	0	0	0	0	0	0	0	0	0	0	0	0	0	0	0	0	0	0	347	0	0	58	0	68	0	0	0	0	160	0	0	0	0	0	0	0	13	0	0	0	110	0	0	0	0	0	0	26	0	0	0	0	0	0	10	0	45	191	24	0	175	103	0	0	0	0	0	0	0	0	0	0	0	90	0	0	139	0	0	189	0	0	97	230	0	0	120	0	0	0	0	0	0	0	0	0	0	0	0	134	0	48	0	0	0	0	40	0	0	0	0	0	0	0	0	159	0	0	0	0	0	0	0	20	55	14	0	258	40	28	77	0	0	0	78	0	0	72	0	0	0	27	25	142	0	0	0	0	7	0	76	43	0	175	32	289	0	0	0	16	0	0	196	99	0	0	201	32	69	63	95	28	74	0	0	38	0	456	68	0	0	84	0	0	82	221	0	20	0	0	74	131	0	0	0	0	0	4	0	11	151	0	0	16	3	203	0	182	42	0	71	0	58	0	69	199	135	0	0	0	112	4	105	131	158	126	179	0	0	92	0	21	67	115	175	0	73	0	51	121	0	0	0	115	0	74	39	0	0	0	80	205	4	147	66	85	36	16	107	56	51	102	192	70	159	0	126	73	28	0	0	16	21	51	33	133	0	69	81	243	0	7	0	67	29	0	137	1	83	38	129	25	0	0	0	65	0	14	0	0	86	0	92	0	182	74	28	46	34	55	138	0	106	40	0	115	137	77	79	122	0	109	0
108	0	0	0	0	0	0	0	0	0	0	0	0	0	0	0	0	0	0	0	0	0	0	0	0	0	0	0	0	0	0	0	0	0	0	0	0	0	0	0	0	0	0	0	0	0	0	0	0	0	0	0	0	0	0	0	0	0	0	0	0	0	0	0	0	0	0	0	0	0	0	0	0	0	0	0	0	0	0	0	0	0	0	0	0	0	0	0	0	0	0	0	0	0	0	0	0	0	0	0	0	0	0	0	0	0	0	0	0	0	0	0	0	0	0	0	0	0	0	0	0	0	0	0	0	0	0	0	0	0	0	0	0	0	0	0	0	0	0	0	0	0	0	0	0	0	0	0	0	0	0	0	0	0	0	0	0	0	0	0	0	0	0	0	0	0	0	0	0	0	0	0	0	0	0	0	0	0	0	0	0	0	0	0	0	0	0	0	0	0	0	0	0	0	0	0	4	0	0	0	0	0	0	0	0	0	0	0	0	0	0	0	0	0	0	0	0	0	0	2	0	0	0	0	0	0	1	0	0	0	0	0	0	0	0	0	0	0	0	0	0	0	0	0	0	0	0	0	0	0	0	0	0	0	0	0	0	0	0	0	0	0	0	0	0	0	0	0	0	0	0	0	0	0	0	0	0	0	0	0	0	0	0	0	0	0	0	0	0	0	0	0	0	0	0	0	0	0	0	0	0	0	0	0	0	0	0	0	0	0	0	0	0	0	0	0	0	0	0	0	0	0	0	0	0	0	0	0	0	0	0	0	0	0	0	0	0	0	0	0	0	0	0	0	0	0	0	0	0	0	0	0	0	0	0	0	0	0	0	0	0	0	0	0	0	0	0	0	0	0	0	0	4	0	0	0	0	0	0	0	0	0	0	0	0	0	0	0	0	0	0	0	0	0	0	0	0	0	0	0	0	0	0	0	0	0	0	0	0	0	0	0	0	0	0	0	0	0	0	0	0	0	0	0	0	0	0	0	0	0	0	0	0	0	0	0	0	0	0	0	0	0	0	0	0	0	0	0	0	0	0	0	0	0	0	0	0	0	0	0	0	0	0	0	0	0	0	0	0	0	0	0	0	0	0	0	0	0	0	0	0	0	0	0	0	0	0	0	0	0	0	0	0	0	0	0	0	0	0	2	0	0	0	0	0	0	0	0	0	6	0	0	0	15	0	0	0	0	0	0	0	0	0	0	0	9	0	0	0	0	0	0	0	0	0	0	0	0	20	0	0	0	0	0	0	0	0	0	0	0	0	0	0	0	0	0	0	0	0	0	0	0	0	0	0	0	0	0	0	0	0	0	0	0	0	0	0	0	0	0	0	0	0	0	0	0	0	0	0	0	0	0	0	0	0	0	0	0	0	0	0	0	0	0	0	0	0	0	0	0	85	0	0	0	0	0	0	0	67	0	60	0	0	0	0	0	0	0	0	0	0	0	0	0	0	0	0	0	0	0	0	0	0	0	0	0	0	0	0	5	0	22	0	0	0	0	0	0	0	0	0	0	0	0	0	0	0	0	0	0	0	0	0	0	0	0	0	0	1	0	0	0	0	0	0	0	0	0	0	0	0	0	0	0	0	0	0	0	0	0	0	0	0	0	0	0	0	0	0	0	0	0	0	0	0	0	0	0	0	0	0	0	0	139	0	118	0	0	0	0	0	0	0	0	0	0	0	0	0	0	0	0	0	0	0	0	0	0	0	0	0	0	0	0	0	0	0	0	0	0	0	0	86	0	0	0	0	0	0	0	0	0	0	0	0	0	0	0	0	0	0	0	0	0	0	0	0	0	0	0	0	0	0	0	0	0	40	0	0	83	0	99	0	0	0	0	103	0	0	0	0	0	0	0	99	0	0	0	117	0	0	0	0	0	0	108	0	0	0	0	0	0	4	0	131	109	81	0	100	139	0	0	0	0	0	0	1	0	0	0	0	278	0	0	146	0	0	67	0	9	72	251	0	0	95	0	0	0	0	0	0	0	0	0	0	0	0	114	0	236	0	0	0	0	257	0	0	0	0	0	0	0	0	158	0	0	0	0	0	0	0	202	33	0	0	154	67	334	81	0	0	0	39	0	0	51	0	0	0	12	68	98	0	0	0	0	66	0	87	51	0	188	38	37	0	0	0	0	0	0	50	93	0	0	16	122	73	61	238	82	232	0	0	85	0	18	59	0	0	69	0	0	32	69	0	35	0	0	16	44	0	0	0	0	0	0	0	218	81	0	0	128	0	188	0	86	169	0	0	0	94	0	121	137	200	0	0	0	239	192	321	125	94	110	237	0	1	27	0	156	10	20	179	21	205	0	168	177	0	0	0	153	21	44	37	31	0	0	75	57	72	86	25	26	309	109	80	188	100	162	92	227	59	0	49	116	221	0	0	252	48	161	56	94	0	61	127	74	0	52	0	129	53	0	113	31	75	38	334	184	0	0	0	101	0	96	0	0	82	0	13	0	29	9	75	74	0	102	82	0	74	43	0	203	238	36	31	29	0	243	0
109	0	0	0	0	0	0	0	0	0	0	0	0	0	0	0	0	0	0	0	0	0	0	0	0	0	0	0	0	0	0	0	0	0	0	0	0	0	0	0	0	0	0	0	0	0	0	0	0	0	0	0	0	0	0	0	0	0	0	0	0	0	0	0	0	0	0	0	0	0	0	0	0	0	0	0	0	0	0	0	0	0	0	0	0	0	0	0	0	0	0	0	0	0	0	0	0	0	0	0	0	0	0	14	0	0	0	0	0	0	0	0	0	0	0	0	0	0	0	0	0	0	0	0	0	0	0	0	0	0	0	0	0	0	0	0	0	0	0	0	0	0	0	0	0	0	0	0	0	0	0	0	0	0	0	0	0	0	0	0	0	0	0	0	0	0	0	0	0	0	0	0	0	0	0	0	0	0	0	0	0	0	0	0	0	0	0	0	0	0	0	0	0	0	0	0	0	0	0	0	0	0	0	0	0	0	0	0	0	0	0	0	0	0	0	0	0	0	0	0	0	0	0	0	0	0	0	0	0	0	0	0	0	0	0	0	0	0	0	0	0	0	0	0	0	0	0	0	0	0	0	0	0	0	0	0	0	0	0	0	0	0	0	0	0	0	0	0	0	0	0	0	0	0	0	0	0	0	0	0	0	0	0	0	0	0	0	0	0	0	0	0	0	0	0	0	0	0	0	0	0	0	0	0	0	0	0	0	0	0	0	0	0	0	0	0	0	0	0	0	0	0	0	0	0	0	0	37	0	0	0	0	0	0	0	0	0	0	0	0	0	0	0	0	0	0	10	0	0	0	0	0	0	0	0	0	0	0	0	0	0	0	0	0	0	0	0	0	0	0	0	0	0	0	0	0	0	0	0	0	0	0	0	0	0	0	0	0	0	0	0	0	0	0	0	0	0	0	0	0	0	0	0	1	0	0	0	0	0	0	0	0	0	0	0	0	0	0	0	0	0	0	0	0	0	0	0	0	0	0	0	0	0	0	0	0	0	0	0	0	0	0	0	0	0	0	0	0	0	0	0	0	0	0	0	0	0	0	0	0	3	0	0	0	0	0	0	0	0	0	0	0	0	0	0	0	0	0	0	0	0	0	0	0	0	0	0	0	0	0	0	0	0	0	29	0	0	0	0	0	0	0	0	0	0	0	0	0	0	0	0	0	0	0	0	0	0	0	0	0	0	0	0	0	0	0	0	0	0	0	0	0	0	0	0	0	0	0	174	0	0	5	0	0	0	0	32	0	0	0	0	0	0	0	0	0	0	0	0	0	0	0	0	0	0	0	0	0	0	0	0	0	0	0	0	0	0	0	0	0	0	0	0	0	0	0	0	0	0	0	0	0	0	0	0	0	0	0	0	0	0	0	0	0	0	0	0	0	0	0	0	0	0	0	0	0	0	0	115	0	59	0	0	0	0	0	0	0	0	0	0	0	0	0	0	0	0	0	0	0	0	0	0	0	0	0	0	0	0	6	0	0	0	0	0	0	0	0	0	0	0	0	0	0	0	0	0	0	0	0	0	0	0	0	0	0	0	0	0	0	0	0	0	0	0	0	0	0	0	0	0	0	0	0	0	0	0	0	0	0	0	0	0	0	0	0	0	0	54	0	0	0	0	0	0	0	0	0	0	0	0	0	0	123	0	24	0	0	0	0	0	0	0	0	0	0	0	0	0	0	0	0	0	0	0	0	0	0	0	0	0	0	0	0	0	0	0	0	0	0	0	0	2	0	32	0	0	0	2	0	0	0	0	0	0	0	0	0	0	0	0	0	0	0	0	0	0	0	0	0	0	0	0	0	0	0	50	0	0	191	0	94	0	0	0	0	47	0	0	0	0	0	0	0	16	0	0	0	86	0	0	0	0	0	0	110	0	0	0	0	0	0	0	0	166	134	37	0	61	22	14	0	0	0	0	0	0	0	0	0	0	11	0	0	21	0	0	71	0	0	57	135	0	0	28	0	0	0	0	0	0	0	0	0	4	0	0	167	0	109	0	0	0	0	80	0	0	0	0	0	0	0	0	6	0	0	0	0	0	0	0	141	89	0	0	9	106	152	85	0	0	0	133	0	0	26	0	0	0	127	44	24	0	0	0	0	64	0	134	105	0	47	67	206	0	0	0	93	0	0	159	93	54	0	212	165	48	68	154	18	45	0	0	130	0	27	168	0	0	147	0	1	54	73	0	18	0	0	74	113	0	0	0	0	0	0	0	70	11	0	0	73	0	34	0	201	236	0	0	0	17	0	2	122	35	0	0	0	112	177	27	101	61	94	117	0	0	46	0	64	60	21	254	0	49	0	64	64	0	0	0	43	0	44	188	0	0	0	98	47	129	91	240	5	27	7	145	17	73	113	0	213	101	0	39	145	93	0	0	94	5	218	19	131	0	112	169	118	0	146	0	163	124	0	115	108	104	24	44	80	0	0	39	41	0	87	0	0	171	0	100	0	61	44	71	34	0	76	102	0	157	71	0	72	191	212	20	142	0	87	0
110	0	0	0	0	0	0	0	0	0	0	0	0	0	0	0	0	0	0	0	0	0	0	0	0	0	0	0	0	0	0	0	0	0	0	0	0	0	0	0	0	28	0	0	0	0	0	0	0	0	0	0	0	0	0	0	0	0	0	0	0	0	0	0	0	0	0	0	0	0	0	0	0	0	0	0	0	0	0	0	0	0	0	0	0	0	0	0	0	0	0	0	0	0	0	0	0	0	0	0	0	0	0	0	0	0	0	0	0	3	0	0	0	0	0	0	0	0	0	0	0	0	0	0	0	0	0	0	0	0	0	0	0	0	0	0	0	0	0	0	0	0	0	0	15	0	0	0	0	0	0	0	0	0	0	0	0	0	0	0	0	0	0	0	0	0	0	0	0	0	0	0	0	0	0	0	0	0	0	0	0	0	0	0	0	0	0	0	0	0	0	0	0	0	0	0	0	0	0	0	0	0	0	0	0	0	0	0	0	0	17	0	0	0	0	0	0	0	0	0	0	0	0	0	0	0	0	0	0	0	0	0	0	0	3	0	0	0	0	0	0	0	0	0	0	0	0	0	0	0	0	0	0	0	0	0	0	0	0	0	0	0	0	0	0	0	0	0	0	31	0	0	0	0	0	0	0	0	0	0	0	0	0	0	0	0	0	0	0	0	0	0	0	0	0	0	0	0	0	0	0	0	0	0	0	0	0	0	0	0	0	0	0	0	0	0	0	0	0	0	0	0	0	0	0	0	0	0	0	0	0	0	0	0	0	0	0	0	0	0	0	0	0	0	0	0	0	0	0	0	0	0	0	0	0	0	0	0	0	0	0	0	0	0	0	0	0	0	0	0	0	0	0	0	0	0	0	0	0	0	0	2	0	0	0	0	0	0	0	0	0	0	0	0	0	0	0	0	0	0	0	0	0	0	0	0	0	0	0	0	0	0	0	0	0	0	0	0	0	0	0	0	0	0	0	0	0	0	0	0	5	0	0	0	0	0	0	0	0	0	0	0	0	0	0	0	0	0	0	0	0	0	0	0	0	0	0	0	0	0	0	0	0	0	0	0	0	0	0	0	0	0	0	0	0	0	0	0	0	0	0	0	0	0	0	0	0	0	0	0	0	0	0	0	0	0	0	0	0	0	0	0	0	0	0	0	0	0	0	0	0	0	0	0	52	0	0	0	0	0	0	0	0	0	0	0	0	0	0	0	0	0	0	0	0	0	0	0	20	0	0	0	0	0	0	0	0	0	0	0	0	0	0	0	0	0	0	0	0	0	0	0	0	0	0	0	0	0	0	0	0	0	43	0	0	0	0	0	18	0	0	0	0	0	0	0	0	0	0	0	0	0	0	0	0	0	0	0	0	0	0	0	0	0	0	0	0	0	0	0	0	0	0	0	0	0	0	0	166	0	66	0	0	0	0	0	0	0	0	0	0	0	0	0	0	0	0	0	0	0	0	0	0	0	0	0	0	0	0	0	0	0	0	0	0	0	0	0	0	0	0	0	0	0	0	0	0	0	0	0	0	0	0	0	0	0	0	0	0	0	0	0	0	0	0	0	0	0	0	0	0	0	0	0	0	0	0	0	0	0	0	0	0	0	0	0	0	0	0	0	0	0	0	0	0	0	0	0	0	0	0	0	0	135	0	77	0	0	0	0	0	0	0	0	0	0	0	0	0	0	0	0	0	0	0	0	0	0	0	0	0	0	0	0	0	0	0	0	0	0	0	0	51	0	0	0	0	0	0	0	0	0	0	0	0	0	0	0	0	0	0	0	0	0	0	0	0	0	0	0	0	0	0	0	0	0	101	0	0	206	0	63	0	0	0	0	65	0	0	0	0	0	0	0	65	0	0	0	148	0	0	0	0	0	0	45	0	0	0	0	0	0	0	0	118	296	84	0	28	40	0	0	0	0	0	0	0	0	0	0	0	117	0	0	2	0	0	7	0	0	27	129	0	0	26	0	0	0	0	0	0	0	0	0	0	0	0	100	0	3	0	0	0	0	10	0	0	0	0	0	0	0	0	83	0	0	0	0	0	0	0	150	38	32	0	55	55	3	43	0	0	0	15	0	0	30	0	3	0	100	160	166	0	0	0	0	255	0	26	137	0	131	27	182	0	0	0	0	0	0	80	164	0	0	94	64	31	0	233	227	98	0	0	171	0	200	119	0	0	79	0	0	198	174	0	298	0	0	186	114	0	0	0	0	0	0	0	146	170	0	0	72	0	62	0	81	51	0	0	0	33	0	60	191	11	0	0	0	86	137	65	169	56	56	5	0	0	86	0	77	19	78	259	0	101	0	149	118	0	0	0	73	22	93	23	100	0	0	126	117	23	159	58	71	52	70	160	98	116	14	53	185	97	0	25	24	198	0	0	88	28	107	26	13	0	11	302	127	0	56	0	27	56	0	32	202	189	42	145	50	0	0	0	238	0	73	0	0	139	0	47	0	164	41	53	194	0	148	13	0	41	103	0	75	55	100	17	39	0	9	0
111	0	0	0	0	0	0	0	0	0	0	0	0	0	0	0	0	0	0	0	0	0	0	0	0	0	0	0	0	0	0	0	0	0	0	0	0	0	0	0	0	0	0	0	0	0	0	0	0	0	0	0	0	0	0	0	0	0	0	0	0	0	0	0	0	0	0	0	0	0	0	0	0	0	0	0	0	0	0	0	0	0	0	0	0	0	0	0	0	0	0	0	0	0	0	0	0	0	0	0	0	0	0	0	0	0	0	0	0	0	0	0	0	0	0	0	0	0	0	12	0	0	0	0	0	0	0	0	0	0	0	0	0	0	0	0	0	0	0	0	0	0	0	0	0	0	0	0	0	0	0	0	0	0	0	0	0	0	0	0	0	0	0	0	0	0	0	0	0	0	0	0	0	0	0	0	0	0	0	0	0	0	0	0	0	0	0	0	0	0	0	0	0	0	0	0	0	0	0	0	0	0	0	0	0	0	0	0	0	0	0	0	0	0	0	0	0	0	0	0	0	0	0	3	0	0	0	0	0	0	0	0	0	0	0	0	0	0	0	0	0	0	0	0	0	0	0	0	0	0	0	0	0	0	0	0	0	0	0	0	0	0	0	0	0	0	0	0	0	0	0	0	0	0	0	0	0	0	0	0	0	0	0	0	0	0	0	0	0	0	0	0	0	0	0	0	0	0	0	0	0	0	0	0	0	0	0	0	0	0	0	0	0	0	0	0	0	0	0	0	0	0	0	0	0	0	0	0	0	0	0	0	0	0	0	0	0	0	0	0	0	0	0	0	0	0	0	0	0	0	0	0	0	0	0	0	0	0	0	0	1	0	0	0	0	0	0	0	0	0	0	0	0	0	0	0	0	0	0	0	0	0	0	0	0	0	0	0	0	0	0	0	0	0	0	0	0	0	0	0	0	0	0	0	0	0	0	0	0	0	0	0	0	0	0	0	0	0	0	0	0	0	0	0	0	0	0	0	0	0	0	0	0	0	0	0	0	0	0	0	0	0	0	0	0	0	0	0	0	0	0	0	0	0	0	0	0	0	0	0	0	0	0	0	0	0	0	0	0	0	0	0	0	0	0	0	0	0	0	0	0	0	0	0	0	0	0	0	0	0	0	0	0	0	0	0	0	0	0	0	0	0	0	0	3	0	0	0	0	0	0	0	0	0	0	0	0	0	0	0	0	0	0	0	0	0	0	0	0	0	0	0	0	0	0	0	0	0	25	0	0	0	0	0	0	0	0	0	0	0	0	0	0	0	0	0	0	0	0	0	0	0	0	0	0	0	0	0	0	0	0	0	0	0	0	0	0	0	0	0	0	0	0	0	0	0	0	0	0	0	0	0	0	0	0	0	0	0	0	0	0	0	0	0	0	0	0	0	0	0	0	0	0	0	0	0	0	0	58	0	18	0	0	0	0	0	0	0	0	0	0	0	0	0	0	0	0	0	0	0	0	0	0	0	0	0	0	0	0	0	0	0	0	0	0	0	0	0	0	0	0	0	0	0	29	0	0	0	0	0	0	0	0	0	0	0	0	0	0	0	0	0	0	0	0	0	36	0	0	0	0	0	0	0	0	0	30	0	0	0	0	0	0	0	0	0	0	0	5	0	0	0	0	0	0	0	0	0	0	0	0	0	0	74	0	42	0	0	0	0	0	0	0	0	0	0	0	0	0	0	0	0	0	0	0	0	0	0	0	0	0	0	0	0	0	0	0	0	0	0	0	0	120	0	0	0	0	0	0	0	0	0	0	0	0	0	0	0	0	0	0	0	0	0	0	0	0	0	0	0	0	0	0	0	0	22	28	0	0	101	0	34	0	0	0	0	104	0	0	0	0	0	0	0	65	0	0	0	40	0	0	0	0	0	0	9	0	0	0	0	0	0	45	0	129	96	79	0	33	220	0	0	0	0	0	0	0	0	0	0	18	104	0	0	29	0	0	126	0	0	268	106	0	0	112	0	0	0	0	0	0	0	0	0	0	0	0	195	0	73	26	0	0	0	118	0	0	0	0	0	0	0	0	118	0	0	0	0	0	0	0	83	175	30	0	40	44	30	21	0	0	0	128	0	0	55	0	0	0	75	34	30	0	0	0	0	6	0	59	33	0	1	55	223	0	0	0	6	0	0	179	262	0	0	386	47	247	4	44	25	46	0	0	66	0	134	28	0	0	122	0	0	63	92	0	39	0	0	50	20	0	0	0	0	0	0	0	0	7	0	0	45	0	34	0	272	65	0	0	0	15	0	212	14	71	0	0	0	152	78	416	51	82	167	208	0	0	253	0	52	30	78	54	0	28	0	75	37	0	0	0	278	3	129	154	0	0	0	122	53	78	133	27	104	34	163	33	26	89	200	81	95	23	0	255	149	21	0	0	135	138	63	14	117	0	54	74	124	0	0	0	129	25	0	107	41	108	77	20	1	0	0	0	50	0	143	0	0	8	0	36	0	58	24	88	94	0	49	217	0	127	106	0	124	13	127	0	12	0	57	0
112	0	0	0	0	0	0	0	0	0	0	0	0	0	0	0	0	0	0	0	0	0	0	0	0	0	0	0	0	0	0	0	0	0	0	0	0	0	0	0	0	0	0	0	0	0	0	0	0	0	0	0	0	0	0	0	0	0	0	0	0	0	0	0	0	0	0	0	0	0	0	0	0	0	0	0	0	0	0	0	0	0	0	0	0	0	0	0	0	0	0	0	0	0	0	0	1	0	0	0	0	0	0	0	0	0	0	0	0	0	0	0	0	0	0	0	0	0	0	0	0	0	0	0	0	0	0	0	0	0	0	0	0	0	0	0	0	0	0	0	0	0	0	0	0	0	0	0	0	0	0	0	0	0	0	0	0	0	0	0	0	0	0	0	0	0	0	0	0	0	0	0	0	0	0	0	0	0	0	0	0	0	0	0	0	0	0	0	0	0	0	0	0	0	0	0	0	0	0	0	0	0	0	0	0	0	0	0	0	0	0	0	0	0	0	0	0	0	0	0	0	0	0	0	0	0	0	0	0	0	0	0	0	0	0	0	0	0	0	0	0	0	0	0	0	0	0	0	0	0	0	0	0	0	0	0	0	0	0	0	0	0	0	0	0	0	0	0	0	0	0	0	0	0	0	0	0	0	0	0	0	0	0	0	0	0	0	0	0	0	0	0	0	0	0	0	0	0	0	0	0	0	0	0	0	0	0	0	0	0	0	0	0	0	0	0	0	0	0	0	0	0	0	0	0	0	0	0	0	0	0	0	0	0	0	0	0	0	0	0	0	0	0	0	0	0	0	0	0	7	0	0	0	0	0	0	0	0	0	0	0	0	0	0	0	0	0	0	0	0	0	0	0	0	0	0	0	0	0	0	0	0	0	0	0	0	0	0	0	0	0	0	0	0	0	0	0	0	0	0	0	0	0	0	0	0	0	0	0	0	0	0	0	0	0	0	0	0	0	0	0	0	0	0	0	0	0	0	0	0	0	0	0	0	0	0	0	0	0	0	0	0	0	0	0	0	0	0	18	0	0	0	0	0	0	0	0	0	0	0	0	0	0	0	0	0	0	0	0	0	0	0	0	0	0	0	0	0	0	0	0	0	0	0	0	0	0	0	0	0	0	0	0	0	0	0	0	0	0	0	0	0	0	0	0	0	0	0	0	0	0	0	0	0	0	0	0	0	0	0	0	0	0	0	0	0	0	0	0	0	0	0	0	0	0	0	0	0	156	0	0	0	0	0	0	0	0	0	0	0	0	0	0	0	0	0	0	0	0	0	0	0	0	0	0	0	0	0	0	0	0	0	0	0	0	0	0	0	0	0	0	0	0	0	0	0	0	0	0	0	0	0	0	0	0	0	0	0	0	0	0	0	0	0	0	0	0	0	0	0	0	0	0	0	0	0	0	0	60	0	73	0	0	0	0	0	0	0	0	0	0	0	0	0	0	0	0	0	0	0	0	0	0	0	0	0	0	0	0	0	0	0	0	0	0	0	0	0	0	0	0	0	0	0	0	0	0	0	0	0	0	0	0	0	0	0	0	0	0	0	0	0	0	0	0	0	0	0	0	0	0	0	0	0	0	0	0	0	0	0	0	0	0	0	0	0	0	0	0	0	0	0	0	0	0	0	0	0	0	0	0	0	0	116	0	0	0	0	0	0	0	0	0	0	0	0	0	0	78	0	0	0	0	0	0	0	0	0	0	0	0	0	0	0	0	0	0	0	0	0	1	0	95	0	0	0	0	0	0	0	0	0	0	0	0	0	0	0	0	0	0	0	0	0	0	0	0	0	0	0	0	0	0	0	0	0	93	0	0	12	0	111	0	0	0	0	81	0	0	0	0	0	0	0	249	0	0	0	106	0	0	0	0	0	0	69	0	0	0	0	0	0	0	0	163	118	43	0	30	37	0	0	0	0	0	0	0	0	0	0	0	285	0	0	0	0	0	140	0	0	41	261	0	0	18	0	0	0	0	0	0	0	0	0	0	0	0	35	0	47	0	0	0	0	49	0	0	0	0	0	0	0	0	199	0	0	0	0	0	0	0	51	81	0	4	133	40	31	40	0	0	0	159	0	0	119	0	0	0	149	85	58	0	0	8	0	65	0	250	7	0	76	189	86	0	2	0	53	0	0	118	50	3	0	41	54	166	0	189	66	223	0	0	45	0	76	56	0	0	173	0	0	88	58	0	71	0	0	40	112	0	0	0	0	0	0	0	50	83	0	0	22	0	137	0	96	148	0	0	0	62	0	22	116	50	0	0	0	294	74	31	160	85	104	99	0	0	121	0	140	72	65	25	6	14	0	53	50	0	0	0	57	3	25	7	148	0	0	155	22	61	10	32	131	179	52	112	12	51	85	21	154	20	0	54	90	198	0	0	106	30	70	184	14	0	76	32	360	0	67	0	44	16	0	71	99	75	55	97	105	0	0	0	120	0	77	0	0	58	0	99	0	128	168	50	148	0	165	54	0	78	27	0	30	128	178	0	76	0	149	0
113	0	0	0	0	0	0	0	0	0	0	0	0	0	0	0	0	0	0	0	0	0	0	0	0	0	0	0	0	0	0	0	0	0	0	0	0	0	0	0	0	0	0	0	0	0	0	109	0	0	0	0	0	0	0	0	0	0	0	0	0	0	0	0	0	0	0	0	0	0	0	0	0	0	0	0	0	0	0	0	0	0	0	0	0	0	0	0	0	0	0	0	0	0	0	0	0	0	0	0	0	0	0	0	0	0	0	4	0	0	0	0	0	0	0	0	0	0	0	0	0	0	0	0	0	0	0	0	0	0	0	0	0	0	0	0	0	0	0	0	0	0	0	0	0	0	0	0	0	0	0	0	0	0	0	0	0	0	0	0	0	0	0	0	0	0	0	0	0	0	0	0	0	0	0	0	0	0	0	0	0	0	0	0	0	0	0	0	0	0	0	0	0	0	0	0	0	0	0	0	0	0	0	0	0	0	0	0	0	0	0	0	0	0	0	0	0	0	0	0	0	0	0	0	0	0	0	0	0	0	0	0	0	0	0	0	0	0	0	0	0	0	0	0	0	0	0	0	0	0	0	0	0	0	0	0	0	0	0	0	0	0	0	0	0	0	0	0	0	0	0	0	0	0	0	0	0	0	0	0	0	0	0	0	0	0	0	0	0	0	0	0	0	0	0	0	0	0	0	0	0	0	0	0	0	0	0	0	0	0	0	0	0	0	0	0	0	0	0	0	0	0	0	0	0	0	0	0	0	0	0	0	0	0	0	0	0	0	0	0	0	0	0	0	0	0	0	0	0	0	0	0	0	0	0	0	0	0	0	0	0	0	0	0	0	0	0	0	15	0	0	0	0	0	0	0	0	0	0	0	0	0	0	0	0	0	0	0	0	0	0	0	0	0	0	0	0	0	0	0	0	0	0	0	0	0	0	0	0	0	0	0	1	0	0	0	0	0	0	0	0	0	0	0	0	0	0	0	0	0	0	0	0	0	0	0	0	0	0	0	0	0	0	0	0	0	0	0	0	0	0	0	0	0	0	0	0	0	0	0	0	0	0	0	2	0	0	0	0	0	0	0	0	0	0	0	0	0	0	0	0	0	0	0	0	0	0	0	0	0	2	0	0	0	0	0	0	0	0	0	0	0	0	0	0	0	0	0	0	0	0	0	0	0	0	0	0	0	0	0	0	0	0	0	0	0	0	0	0	0	0	0	0	0	0	0	0	0	11	0	0	0	0	0	0	0	0	0	0	0	0	0	0	0	0	0	0	0	0	0	0	0	0	0	0	0	0	0	1	0	0	0	0	0	0	0	0	0	0	0	0	0	0	0	0	3	0	0	0	0	0	0	0	0	0	0	0	0	0	0	0	0	0	0	0	0	0	0	0	0	0	0	0	0	0	0	0	0	129	0	45	0	0	0	0	0	0	0	0	0	0	0	0	0	0	0	0	0	0	0	0	0	0	0	0	0	0	0	0	0	0	0	0	0	0	0	0	0	0	0	0	0	0	0	0	0	0	0	0	0	0	0	0	0	0	3	0	0	0	0	0	0	0	0	0	0	0	0	0	0	0	0	0	0	0	0	0	0	0	0	0	0	0	0	0	0	0	0	0	0	0	0	0	0	0	0	0	0	0	0	0	0	0	217	0	107	0	0	0	0	0	0	0	0	0	0	0	0	0	0	0	0	0	0	0	0	0	0	0	0	0	0	0	0	0	0	0	0	0	0	0	0	141	0	0	0	0	0	0	0	0	0	0	0	0	0	0	0	0	0	0	0	0	0	0	0	0	0	0	0	0	0	0	0	0	0	32	0	0	18	0	122	0	0	0	0	54	0	0	0	0	3	0	0	178	0	0	0	42	0	0	0	0	0	0	370	0	0	0	0	0	0	0	0	98	103	14	0	76	84	0	0	0	0	0	0	0	0	0	0	0	32	0	0	51	0	0	106	0	0	8	118	11	0	93	0	0	0	0	0	0	0	0	0	0	0	0	167	0	81	2	0	0	0	84	0	0	0	0	0	0	0	0	91	0	0	0	0	0	0	0	217	83	0	0	46	18	47	138	0	0	0	262	0	0	97	0	0	0	149	43	23	0	0	0	0	234	0	544	131	0	76	72	143	0	0	0	41	0	0	76	82	0	0	69	118	31	13	87	78	21	0	0	39	0	15	30	0	0	76	0	0	95	76	0	196	0	0	60	244	0	0	0	0	0	1	0	45	164	0	0	56	0	58	0	142	62	0	14	0	48	0	62	123	110	0	0	0	39	156	76	61	201	197	277	0	0	175	0	31	100	115	82	82	23	0	42	107	0	0	0	194	0	15	72	0	0	0	101	243	52	140	85	114	12	19	190	618	83	27	80	187	89	0	102	116	80	0	0	73	54	260	5	110	0	69	89	36	0	26	0	254	56	0	135	115	27	51	63	80	0	0	0	147	0	125	0	0	39	0	191	0	148	165	255	45	0	122	55	0	100	129	0	55	74	379	164	55	0	119	0
114	0	0	0	0	0	0	0	0	0	0	0	0	0	0	0	0	0	0	0	0	0	0	0	0	0	0	0	0	0	0	0	0	0	0	0	0	0	0	0	0	0	0	0	0	0	0	0	0	0	0	0	0	0	0	0	0	0	0	0	0	0	0	0	0	0	0	0	0	0	0	0	0	0	0	0	0	0	0	0	0	0	0	0	0	0	0	0	0	0	0	0	0	0	0	0	0	0	0	0	0	0	0	0	0	0	0	0	0	0	0	0	0	0	0	0	0	0	0	0	0	0	0	0	0	0	0	0	0	0	0	0	0	0	0	0	0	0	0	0	0	0	0	0	0	0	0	0	0	0	0	0	0	0	0	0	0	0	0	4	0	0	0	0	0	0	0	0	0	0	0	0	0	0	0	0	0	0	0	0	0	0	0	0	0	0	0	0	0	0	0	0	0	0	0	0	0	0	0	0	0	0	0	0	0	0	0	0	0	0	0	0	0	0	0	0	0	0	0	0	20	0	0	0	0	0	0	0	0	0	0	0	0	0	0	0	0	0	0	0	0	0	0	0	0	0	0	0	0	0	0	0	0	0	0	0	0	0	0	0	0	0	0	0	0	0	0	0	0	0	0	0	0	0	0	0	0	0	0	1	0	0	0	0	0	0	0	0	0	0	0	0	0	0	0	0	0	0	0	0	0	0	0	0	0	0	0	0	0	0	0	0	0	0	0	0	0	0	0	0	0	0	0	0	0	0	0	12	0	0	0	0	0	0	0	0	0	0	0	0	0	0	0	0	0	0	0	0	0	0	0	0	0	0	0	0	0	0	0	0	0	0	0	0	0	0	0	0	0	0	0	0	0	0	0	0	0	0	0	0	0	0	0	0	0	0	0	0	0	0	0	0	0	0	0	0	0	0	0	0	0	0	0	0	0	0	0	0	0	0	0	0	0	0	0	0	0	0	0	0	0	0	0	0	0	0	0	0	0	0	0	0	0	0	0	0	0	0	0	0	0	0	0	0	0	0	0	0	0	0	30	0	0	0	0	0	0	0	0	0	0	0	0	0	0	0	0	0	0	0	0	0	0	0	0	0	0	0	0	0	0	0	1	0	0	0	0	3	0	0	0	0	0	0	0	0	0	0	0	0	0	0	0	0	0	0	0	0	0	0	0	0	0	0	0	0	0	0	0	0	0	0	0	0	0	0	0	0	0	0	0	0	0	0	0	0	0	0	18	0	0	0	0	0	0	0	0	0	0	0	0	0	0	0	3	0	0	0	0	0	0	0	0	0	0	0	0	0	0	0	0	0	0	0	0	0	0	0	0	0	0	0	0	0	0	0	0	0	0	0	0	0	0	0	0	0	0	0	0	0	0	0	0	0	0	0	0	0	0	0	0	0	0	0	0	0	0	0	82	0	70	3	0	0	0	0	0	0	0	0	0	0	0	0	0	0	0	0	0	0	0	0	0	0	0	0	0	0	0	0	0	0	0	0	0	0	0	0	2	0	0	0	0	0	0	0	0	0	0	0	0	0	0	0	0	0	0	0	0	0	0	0	0	0	0	0	0	0	0	0	0	0	0	0	0	0	0	0	0	0	0	1	0	0	0	0	0	0	0	0	0	0	0	0	0	0	0	0	0	0	0	0	0	143	0	39	0	0	0	0	0	0	0	0	0	0	0	0	0	4	0	0	0	0	0	0	0	0	0	0	0	0	0	0	0	0	0	0	0	0	0	0	98	0	0	0	0	0	0	0	0	0	0	0	0	0	0	0	0	0	0	0	0	0	0	0	0	0	0	0	0	0	0	0	0	0	29	0	0	41	0	22	0	0	0	0	220	0	0	0	0	0	1	0	169	0	0	0	22	0	0	0	0	0	0	45	0	0	0	0	0	0	0	0	78	130	75	0	115	136	0	0	0	0	0	0	3	0	0	0	0	253	0	0	0	0	0	20	0	0	106	108	0	0	149	0	0	0	0	0	0	0	0	0	0	0	0	31	0	70	0	0	0	0	282	0	0	0	0	0	0	0	0	215	0	0	0	0	0	0	0	132	163	157	0	255	16	131	22	0	0	0	149	0	0	88	0	0	0	30	102	166	0	0	7	0	178	0	103	71	0	76	115	37	0	0	0	0	0	0	16	38	0	0	20	121	45	0	47	21	72	0	1	69	0	82	83	0	0	176	0	0	220	49	0	56	0	0	89	114	0	0	0	0	0	0	0	191	93	0	0	80	0	57	0	54	49	0	0	0	87	0	157	215	36	0	0	0	66	75	236	79	53	56	101	0	0	29	0	75	60	97	176	0	151	0	218	13	0	0	0	76	37	132	81	0	0	0	57	61	103	57	83	64	0	85	204	25	10	36	283	63	18	0	39	191	51	0	0	154	23	171	116	102	0	61	27	89	0	0	0	50	163	0	197	71	60	111	207	137	0	0	0	15	0	66	0	0	204	0	87	0	151	84	25	40	0	82	80	0	139	48	0	30	125	23	73	69	0	209	0
115	0	0	0	0	0	0	0	0	0	0	0	0	0	0	0	0	0	0	0	0	0	0	0	0	0	0	0	0	0	0	0	0	0	0	0	0	0	0	0	0	0	0	0	0	0	0	0	0	0	0	0	0	0	0	0	0	0	0	0	0	0	0	0	0	0	0	0	0	0	0	0	0	0	0	0	0	0	0	0	0	0	0	0	0	0	0	0	0	0	0	0	0	0	0	0	0	0	0	0	0	0	0	0	0	0	0	0	0	0	0	0	0	0	0	0	0	0	0	0	0	0	0	0	0	0	0	0	0	0	0	0	0	0	0	0	0	0	0	0	0	0	0	0	0	0	0	0	0	0	0	0	0	0	0	0	0	0	0	0	0	0	0	0	0	0	0	0	0	0	0	0	0	0	0	0	0	0	0	0	0	0	0	0	0	0	0	0	0	0	0	0	0	0	0	0	0	0	0	0	0	0	0	0	0	0	0	0	0	0	0	0	0	0	0	0	0	0	0	0	0	0	0	0	0	0	0	0	0	0	0	0	0	0	0	0	0	0	0	0	0	0	0	0	0	0	0	0	0	0	0	0	0	0	0	0	0	0	0	0	0	0	0	0	0	0	0	0	0	0	0	0	0	0	0	0	0	0	0	0	0	0	0	0	0	0	0	0	0	0	0	0	0	0	0	0	0	0	0	0	0	0	0	0	0	0	0	0	0	0	0	0	0	0	0	0	0	0	0	0	0	0	0	0	0	0	0	0	0	0	0	0	0	0	0	0	0	0	0	0	0	0	0	0	0	0	0	0	0	0	0	0	0	0	0	0	0	0	0	0	0	0	0	0	0	0	0	0	0	0	0	0	0	0	0	0	0	0	0	0	0	0	0	0	0	0	0	0	0	0	0	0	0	0	0	0	0	0	0	0	0	0	0	0	0	0	0	0	0	0	0	0	0	0	0	0	0	0	0	0	0	0	0	0	0	0	0	0	0	0	0	0	0	0	0	0	0	0	0	0	0	0	0	0	0	0	0	0	0	0	0	0	0	0	0	0	0	0	0	0	0	0	0	0	0	0	0	0	0	0	0	0	0	0	0	0	0	0	0	0	0	0	0	0	0	0	0	0	0	0	0	0	0	0	0	0	0	0	0	0	0	0	0	0	0	0	0	0	0	0	0	0	0	0	0	0	0	0	0	0	0	0	0	0	0	0	0	0	0	0	0	0	0	0	0	0	0	0	119	0	0	0	0	0	0	0	0	0	0	0	0	0	0	0	0	0	0	0	0	0	0	0	0	0	0	0	0	0	0	0	0	0	0	0	0	0	0	0	0	0	0	0	0	0	0	0	0	0	0	0	0	0	0	0	0	0	0	0	0	0	0	0	0	1	0	0	0	0	0	0	0	0	0	0	0	0	0	0	149	0	5	0	0	0	0	0	0	0	0	0	0	0	0	0	0	0	0	0	0	0	0	0	0	0	0	0	0	0	0	0	0	0	0	0	0	0	0	0	0	0	0	0	0	0	0	0	0	0	0	0	0	0	0	0	0	0	0	7	0	0	1	0	0	0	0	0	0	0	0	0	0	0	0	0	0	0	0	0	0	5	0	0	0	0	0	0	0	0	0	0	0	0	0	0	0	0	0	0	0	0	0	0	0	64	0	29	0	0	0	0	0	0	0	0	0	0	0	0	0	0	0	0	0	0	0	0	0	0	0	1	0	0	0	0	0	0	0	0	0	0	0	0	110	0	0	0	0	7	0	0	0	0	0	0	0	0	0	0	0	0	0	0	0	0	0	0	0	0	0	0	0	0	0	0	0	0	162	0	16	28	0	66	0	0	0	0	172	0	0	0	0	0	0	0	51	0	0	0	132	0	0	0	0	0	0	82	0	0	0	0	0	0	30	0	53	188	112	0	144	63	0	0	0	0	0	0	0	0	0	0	0	108	0	0	142	0	0	41	0	0	121	175	0	0	328	0	0	0	0	0	0	0	0	0	0	0	0	16	0	75	0	0	0	240	94	0	0	0	0	0	0	0	0	38	0	0	0	0	0	0	0	61	4	16	0	141	109	21	78	12	0	0	11	0	0	0	0	0	0	56	77	96	0	0	0	0	10	0	89	133	0	31	110	50	0	0	0	0	0	0	84	109	0	0	75	28	99	0	279	0	11	0	20	107	0	128	254	1	0	66	0	0	30	105	0	137	0	0	141	12	0	0	0	0	0	57	0	156	245	0	0	29	0	357	0	29	25	5	21	0	14	0	103	9	109	0	0	0	77	102	177	81	23	35	7	0	0	111	0	224	53	221	76	0	166	0	27	156	0	0	0	95	8	84	58	0	0	0	176	146	140	212	34	41	105	64	30	3	539	53	48	172	17	0	12	70	100	0	0	45	130	65	66	129	0	17	100	49	0	13	0	37	83	0	52	113	270	96	130	81	0	0	0	45	0	43	0	0	213	0	24	0	42	156	108	120	0	89	136	0	135	147	0	17	252	179	0	20	0	264	0
116	0	0	0	0	0	0	0	0	0	0	0	0	0	0	0	0	0	0	0	0	0	0	0	0	0	0	0	0	0	0	0	0	0	0	0	0	0	0	0	0	0	0	0	0	0	0	0	0	0	0	0	0	0	0	0	0	0	0	0	0	0	0	0	0	0	0	0	0	0	0	0	0	0	0	0	0	0	0	0	0	0	0	0	0	0	0	19	0	0	0	0	0	0	0	0	0	0	0	0	0	0	0	0	0	0	0	0	0	0	0	0	0	0	0	0	0	0	0	0	0	0	0	0	0	0	0	0	0	0	10	0	0	0	0	0	0	0	0	0	0	0	0	0	0	0	0	0	0	0	0	0	0	0	0	0	0	0	0	0	0	0	0	0	0	0	0	0	0	49	0	0	0	0	0	0	0	0	0	0	0	0	0	0	0	0	0	0	0	0	0	0	0	0	0	0	0	0	0	0	0	0	0	0	0	0	0	0	0	0	0	46	0	0	0	0	0	0	0	0	0	0	0	0	0	0	0	0	0	0	0	0	0	0	0	0	0	0	0	0	0	0	0	0	0	0	0	0	0	0	0	0	0	0	0	0	0	0	0	0	0	0	0	0	0	0	0	0	0	0	0	0	0	0	0	0	0	0	0	0	0	0	0	0	0	0	0	0	0	0	0	0	0	0	0	0	0	0	0	0	0	0	0	0	0	0	0	0	0	0	0	0	0	0	0	0	0	0	0	0	0	0	0	0	0	0	0	0	0	0	0	0	0	0	0	0	0	0	0	0	0	0	0	0	0	0	0	0	0	0	0	0	0	0	0	0	0	0	0	0	0	0	0	0	0	0	0	0	0	0	0	0	0	0	0	0	0	0	0	0	0	0	0	0	0	0	0	0	0	0	0	0	0	0	0	0	0	0	0	0	0	0	0	0	0	0	0	0	0	0	0	0	0	0	0	0	0	0	0	0	0	0	0	0	0	0	0	0	0	0	0	0	0	0	0	0	0	0	0	0	0	0	0	0	0	0	0	0	0	0	0	0	0	0	0	0	0	0	0	0	0	0	0	0	0	0	0	0	0	0	0	0	0	0	0	0	0	0	0	0	0	5	0	0	0	0	0	0	0	0	0	0	0	0	0	0	0	0	0	0	0	0	0	0	0	0	0	0	0	0	0	0	0	0	0	0	0	0	0	0	0	0	0	0	0	0	4	0	0	0	0	0	0	0	0	0	0	0	0	0	0	0	5	0	0	0	0	0	0	0	0	0	0	0	0	0	0	0	0	0	0	0	0	0	0	0	0	0	0	0	0	0	0	0	28	0	0	0	0	0	0	0	0	0	0	0	0	0	0	0	0	0	0	0	0	0	0	0	0	0	0	0	0	0	0	0	0	0	0	0	0	0	0	0	0	0	0	0	117	0	47	0	0	0	0	0	0	0	0	0	0	0	0	0	0	0	0	0	0	0	0	0	0	0	0	0	0	0	0	0	0	0	0	0	0	0	0	0	0	0	0	0	0	0	0	0	0	0	0	0	0	0	0	0	0	0	0	0	0	0	0	0	0	0	0	0	0	0	0	0	0	0	0	0	0	0	0	0	0	0	0	0	0	0	0	0	0	0	0	0	0	0	0	0	0	0	0	0	0	0	0	0	0	150	0	19	0	0	0	0	0	0	0	0	0	0	0	0	0	0	0	0	0	0	0	0	0	0	0	0	0	0	0	0	0	0	17	0	0	0	0	0	22	0	0	0	0	0	0	0	0	0	0	0	0	0	0	0	0	0	0	0	0	0	0	0	0	0	0	0	0	0	0	0	0	0	95	0	0	66	0	49	0	0	0	0	17	0	0	0	0	4	0	0	96	0	0	0	27	0	0	0	0	0	0	130	0	0	0	0	0	0	0	0	230	53	102	0	73	70	0	0	0	0	0	0	0	0	0	0	10	40	0	0	107	0	0	139	0	0	17	195	0	0	55	0	0	0	0	0	0	0	0	0	0	0	0	87	0	93	0	0	0	1	17	0	0	0	0	0	0	0	0	57	0	0	0	0	0	0	0	72	96	3	0	25	205	98	79	0	0	0	32	0	0	5	0	0	0	58	142	40	0	0	0	0	182	0	112	120	0	84	65	112	0	0	0	150	0	0	100	108	0	0	81	190	137	0	72	0	193	0	0	47	0	72	63	0	0	68	0	51	77	15	0	13	0	0	51	226	0	0	0	0	0	0	0	10	27	0	0	246	0	32	0	67	134	0	5	0	68	0	33	129	19	0	0	0	34	42	257	268	59	23	25	0	0	110	0	19	40	43	100	0	52	0	85	121	0	0	0	78	41	13	33	0	0	0	9	92	72	62	9	137	257	79	75	157	74	48	180	29	158	0	105	89	55	0	0	186	24	107	124	155	0	33	40	85	0	50	0	176	133	0	87	178	62	100	123	42	0	0	0	55	0	143	0	0	90	0	57	0	89	3	54	265	69	7	87	0	41	200	0	73	236	109	13	119	0	26	0
117	0	0	0	0	0	0	0	0	0	0	0	0	0	0	0	0	0	0	0	0	0	0	0	0	0	0	0	0	0	0	0	0	0	0	0	0	0	0	0	0	0	0	0	0	0	0	0	0	0	0	0	0	0	0	0	0	0	0	0	0	0	0	0	0	0	0	0	0	0	0	0	0	0	0	0	0	0	0	0	0	0	0	0	0	0	0	0	0	0	0	0	0	0	0	0	0	0	0	0	0	0	0	0	0	0	0	0	0	0	0	0	0	0	0	0	0	0	0	0	0	0	0	0	0	0	0	0	0	0	0	0	0	0	0	0	0	0	0	0	0	0	0	0	0	0	0	0	0	0	0	0	0	0	0	0	0	0	0	0	0	0	0	0	0	0	0	0	0	0	0	0	0	0	0	0	0	0	0	0	0	0	0	0	0	0	0	0	0	0	0	0	0	0	0	0	0	0	0	0	0	0	0	0	0	0	0	0	0	0	0	0	0	0	0	0	0	0	0	0	0	0	0	0	0	0	0	0	2	0	0	0	0	0	0	0	0	0	0	0	0	0	0	0	0	0	0	0	0	0	0	0	0	0	0	0	0	0	0	0	0	0	0	0	0	0	0	0	0	0	0	0	0	0	0	0	0	0	0	0	0	0	0	0	0	0	0	0	0	0	0	0	0	0	0	0	0	0	0	0	0	0	0	0	0	0	0	0	0	0	0	0	0	0	0	0	0	0	0	0	0	0	0	0	0	0	0	0	0	0	0	0	0	0	0	0	0	0	0	0	0	0	0	0	0	0	0	0	0	0	0	0	0	0	0	0	0	0	0	0	0	0	0	0	0	0	0	0	0	0	0	0	0	0	0	0	0	0	0	0	0	0	0	0	0	0	0	0	0	0	0	0	0	0	0	0	0	0	0	0	0	0	0	0	0	0	0	0	0	0	0	0	0	0	0	0	0	0	0	0	0	0	0	0	0	0	0	0	0	0	0	0	0	0	0	0	0	0	0	0	0	0	0	0	0	0	0	0	0	0	0	0	0	0	0	0	0	0	0	0	0	0	0	0	0	0	0	0	0	0	0	0	0	0	0	0	0	0	0	0	0	0	0	0	0	0	0	0	0	0	0	0	0	0	0	0	0	0	0	0	0	0	0	0	0	0	0	0	0	0	0	0	0	0	0	0	0	0	0	0	0	0	0	0	0	0	0	0	0	0	0	0	0	0	0	0	0	0	28	0	0	0	0	0	0	0	0	0	0	0	0	0	0	0	0	0	0	0	0	0	0	0	0	0	0	0	0	0	0	0	0	0	0	0	0	0	0	0	0	0	0	0	0	0	0	0	0	0	0	0	0	0	0	0	0	0	0	0	0	0	0	0	0	0	0	0	0	0	0	0	0	0	0	0	2	0	0	0	51	0	47	0	0	0	0	0	0	0	0	0	0	0	0	0	0	0	0	0	0	0	0	0	0	0	0	0	0	0	0	0	0	0	5	0	0	0	0	0	0	0	0	0	0	0	0	0	0	0	0	0	0	0	0	0	0	0	0	0	0	0	0	0	0	0	0	0	0	0	0	0	0	0	0	0	0	0	0	0	0	0	0	0	0	0	0	0	0	0	0	0	0	0	0	0	0	0	0	0	0	0	0	0	0	50	0	10	0	0	0	0	0	0	0	0	0	0	0	0	0	0	0	0	0	0	0	0	0	0	0	0	0	0	0	0	0	0	0	0	0	0	0	0	142	0	0	0	0	0	0	0	0	0	0	0	0	0	0	0	0	0	0	0	0	0	0	0	0	0	0	0	0	0	0	0	0	0	42	0	0	25	0	70	0	0	0	0	126	0	0	0	0	0	0	0	243	0	0	0	61	0	0	0	0	0	0	129	0	0	0	0	0	0	0	0	161	79	35	0	89	52	0	0	0	0	0	0	0	0	0	0	0	51	0	0	24	0	0	63	0	0	172	190	0	0	102	0	0	0	0	5	0	0	0	0	0	0	0	35	0	113	0	0	0	0	142	0	0	0	0	0	0	0	0	143	0	0	0	0	0	0	0	104	39	41	0	44	187	67	111	0	0	0	225	0	0	10	0	0	0	17	95	27	0	0	0	0	82	0	157	85	0	139	31	20	0	0	0	0	0	0	94	55	0	0	306	56	179	0	182	107	69	0	0	36	0	94	35	0	0	43	0	0	62	88	0	151	0	0	9	105	0	0	0	0	0	0	0	145	32	0	0	147	0	35	0	52	53	0	3	0	74	0	97	103	80	0	0	0	79	206	154	71	81	115	73	0	0	215	0	24	253	317	78	0	43	0	200	12	0	0	0	117	0	101	138	184	0	0	77	118	35	88	78	57	100	137	40	153	205	13	223	107	18	0	163	22	98	0	0	220	145	227	77	75	0	42	191	99	0	12	0	120	147	0	132	119	32	178	72	75	0	0	0	282	0	194	0	0	90	0	63	0	59	280	130	56	0	132	42	0	21	44	0	79	223	76	76	94	0	131	0
118	0	0	0	0	0	0	0	0	0	0	0	0	0	0	0	0	0	0	0	0	0	0	0	0	0	0	0	0	0	0	0	0	0	0	0	0	0	0	0	0	0	0	0	0	0	0	0	0	0	0	0	0	0	0	0	0	0	0	0	0	0	0	0	0	0	0	0	0	0	0	0	0	0	0	0	0	0	0	0	0	0	0	0	0	0	0	0	0	0	0	0	0	0	0	0	0	0	0	0	0	0	0	0	0	0	0	0	0	0	0	0	0	0	0	0	0	0	0	0	0	0	0	0	0	0	0	0	0	0	0	0	0	0	0	0	0	0	0	0	0	0	0	0	0	0	0	0	0	0	0	0	0	0	0	0	0	0	0	0	0	0	0	0	0	0	0	0	0	0	0	0	0	0	0	0	0	0	0	0	0	0	0	0	0	0	0	0	0	0	0	0	0	0	0	0	0	0	0	0	0	0	0	0	0	0	0	0	0	0	0	0	0	0	0	0	0	0	0	0	0	0	0	0	0	0	0	0	0	0	0	0	0	0	0	0	0	0	0	0	0	0	0	0	0	0	0	0	0	0	0	0	0	0	0	0	0	0	0	0	0	0	0	0	0	0	0	0	0	0	0	0	0	0	0	0	0	0	0	0	0	0	0	0	0	0	0	0	0	0	0	0	0	0	0	0	0	0	0	0	0	0	0	0	0	0	0	0	0	0	0	0	0	0	0	0	0	0	0	0	0	0	0	0	0	0	0	0	0	0	0	0	0	0	0	0	0	0	0	0	0	0	0	0	0	0	0	0	0	0	0	0	0	0	0	0	0	0	0	0	0	0	0	0	0	0	0	0	0	0	0	0	0	0	0	0	0	0	0	0	0	0	0	0	0	3	0	0	0	0	0	0	0	0	0	0	0	0	0	0	0	0	0	0	0	0	0	0	0	0	0	0	0	0	0	0	0	0	0	0	0	0	0	0	0	0	0	0	0	0	0	0	0	0	0	0	0	0	0	0	0	0	0	2	0	0	0	0	0	0	0	0	0	0	0	0	0	0	0	0	0	0	0	0	0	0	0	0	0	0	0	0	0	0	0	0	0	0	0	0	0	0	0	0	0	0	0	0	0	0	0	0	0	0	0	0	0	0	0	0	0	0	0	0	0	0	0	0	0	0	0	0	0	0	0	0	0	0	0	0	0	0	0	0	0	0	0	0	0	4	0	0	0	0	0	0	0	0	82	0	0	0	0	0	0	0	0	0	0	0	0	0	0	0	0	0	0	0	0	0	0	0	0	0	0	0	0	0	0	0	0	0	0	0	0	0	0	0	0	0	0	0	0	0	0	0	0	0	0	0	0	0	0	0	0	0	0	0	0	0	0	0	0	0	0	0	0	0	0	0	0	0	0	0	0	0	0	0	109	0	114	0	0	0	0	0	0	0	0	0	0	0	0	0	0	0	0	0	0	0	0	0	0	0	0	0	0	0	0	0	0	0	0	0	0	0	0	0	0	0	0	0	0	0	0	0	0	0	0	0	0	0	0	0	0	0	0	0	0	0	0	0	0	0	0	0	0	0	0	0	0	0	0	0	0	0	0	0	0	0	0	0	0	0	0	0	0	0	0	0	0	0	0	0	0	0	0	0	0	0	0	0	0	120	0	65	0	0	0	0	0	0	0	0	0	0	0	0	0	0	0	0	0	0	0	0	0	0	0	0	0	0	0	0	0	0	0	0	0	0	0	0	98	0	0	0	0	0	0	0	0	0	0	0	0	0	0	0	0	0	0	0	0	0	0	0	0	0	0	0	0	0	0	0	0	0	2	0	0	56	0	55	0	0	0	0	15	0	0	0	0	0	0	0	72	0	0	0	267	0	0	0	0	0	0	221	0	0	0	0	0	0	0	0	105	102	40	0	39	162	0	0	0	0	0	0	0	0	0	0	0	226	0	0	13	0	0	216	0	0	82	145	0	0	147	0	0	0	0	0	0	0	0	0	0	0	0	119	0	51	0	0	0	0	22	0	0	0	0	11	0	0	0	27	0	0	0	0	0	0	0	168	122	2	0	47	103	71	38	0	0	0	124	0	0	8	9	0	0	125	207	14	0	0	0	1	183	0	52	187	0	123	56	45	0	0	0	0	0	0	227	69	54	0	82	37	129	0	99	0	19	0	0	119	0	122	115	0	0	24	0	0	152	49	0	61	0	0	106	54	0	0	0	0	0	0	0	40	88	0	0	30	0	288	0	67	43	0	53	0	252	0	85	135	34	0	0	0	140	126	181	15	24	53	70	0	0	70	0	37	68	102	135	0	150	0	155	144	0	0	0	12	0	152	118	0	0	0	156	49	139	95	258	264	24	90	279	289	114	324	157	116	98	0	28	76	127	0	0	24	113	114	60	87	0	22	86	36	0	0	0	22	55	0	38	138	85	80	63	58	0	0	0	214	0	17	0	0	90	0	35	0	130	54	76	78	0	154	16	0	5	207	0	233	253	252	0	303	0	134	0
119	0	0	0	0	0	0	0	0	0	0	0	0	0	0	0	0	0	0	0	0	0	0	0	0	0	0	0	0	0	0	0	0	0	0	0	0	0	0	0	0	0	0	0	0	0	0	0	0	0	0	0	0	0	0	0	0	0	0	0	0	0	0	0	0	0	0	0	0	0	0	0	0	0	0	0	0	0	0	0	0	0	0	0	0	0	0	0	0	0	0	0	0	0	0	0	0	0	0	0	0	0	0	0	0	0	0	0	0	0	0	0	0	0	5	0	0	0	0	0	0	0	0	0	0	0	0	0	0	0	0	0	0	0	0	0	0	0	0	0	0	0	0	0	0	0	0	0	0	0	0	0	0	0	0	0	0	0	0	0	0	0	0	0	0	0	0	0	0	0	0	0	0	0	0	0	0	0	0	0	0	0	0	0	0	0	0	0	0	0	0	0	0	0	0	0	0	0	0	0	0	0	0	6	0	0	0	0	0	0	0	0	0	0	0	0	0	0	0	0	0	0	0	0	0	0	0	0	0	0	0	0	0	0	0	0	0	0	0	0	0	0	0	0	0	0	0	0	0	0	0	0	0	0	0	0	0	0	0	0	0	0	0	0	0	0	0	6	0	0	0	0	0	0	0	0	0	0	0	0	0	0	1	0	0	0	0	0	0	0	0	0	0	0	0	0	0	0	0	0	0	0	0	0	0	0	0	0	0	0	0	0	0	0	0	0	0	0	0	0	0	0	0	0	0	0	0	0	0	0	0	0	0	0	0	0	0	0	0	0	0	0	0	0	0	0	0	0	0	0	0	0	0	0	0	0	0	0	0	0	0	0	0	0	0	0	0	0	0	0	0	0	0	0	0	0	0	0	0	0	0	0	0	0	0	0	0	0	0	0	0	0	0	0	0	0	0	0	0	0	0	0	0	0	0	0	0	0	0	0	0	0	0	0	0	0	0	0	0	0	0	0	0	0	0	0	0	0	0	0	0	0	0	0	0	0	0	0	0	0	0	0	0	0	0	0	0	0	0	10	0	0	0	0	0	0	0	0	0	0	0	0	0	0	0	0	0	0	0	0	0	0	0	0	0	0	0	0	0	0	0	0	0	0	0	0	0	0	0	0	0	0	0	0	0	0	0	0	0	0	0	0	0	0	0	0	0	0	0	0	0	0	0	0	0	0	0	0	0	0	0	0	0	0	0	0	0	0	0	0	0	0	0	0	0	0	0	0	0	0	0	0	0	0	0	0	0	0	0	0	0	0	0	0	0	0	0	0	0	0	0	0	1	0	0	0	0	0	0	0	0	0	0	0	0	0	0	0	0	0	0	0	0	0	0	0	0	0	0	0	0	0	0	0	0	0	0	0	0	0	0	0	0	0	0	0	0	0	0	0	0	0	0	0	0	0	0	0	102	0	45	0	0	0	0	0	0	0	0	0	0	0	0	0	0	0	2	0	0	0	0	0	0	0	0	0	0	0	0	0	0	0	0	0	0	0	0	0	0	0	0	0	0	0	16	0	4	0	0	0	0	0	0	0	0	0	0	0	0	0	0	0	0	0	0	0	0	0	0	0	0	0	0	0	0	0	0	0	0	0	0	0	0	0	0	0	0	0	0	0	0	0	0	0	0	0	0	0	0	0	0	0	0	44	0	1	0	0	0	0	0	0	0	0	0	0	0	0	0	0	0	0	0	0	0	0	0	0	0	0	1	0	0	0	0	0	0	0	0	0	0	0	161	0	0	0	0	0	0	0	0	0	0	0	0	0	0	0	0	0	0	0	0	0	0	0	0	0	0	0	0	0	0	0	0	0	22	0	0	115	0	134	0	0	0	0	97	0	0	0	0	0	0	0	17	0	0	0	276	0	0	0	0	0	0	224	0	0	0	0	0	0	0	0	177	64	80	0	70	118	0	0	0	0	0	0	0	0	0	0	0	97	0	0	9	0	0	176	0	0	125	63	0	0	23	0	0	0	0	0	0	0	0	0	0	0	0	113	0	55	0	0	0	0	157	0	0	0	0	0	0	0	0	52	0	0	0	0	0	0	0	21	210	0	0	176	49	173	123	0	0	0	33	0	0	15	0	0	0	60	25	84	13	0	0	0	190	0	71	114	0	19	107	62	0	0	0	0	0	0	147	60	0	0	27	65	142	31	90	37	67	0	0	7	0	70	51	0	0	167	0	0	172	18	0	84	0	0	90	199	2	0	0	0	0	0	0	150	32	0	0	15	0	230	1	38	59	0	0	0	59	0	285	111	34	0	0	0	158	143	143	49	149	178	18	0	0	91	0	213	44	92	63	0	15	0	112	18	0	0	0	17	0	29	41	0	0	0	93	100	100	63	78	139	119	64	5	61	6	129	41	275	19	0	80	271	128	0	0	269	138	55	88	79	0	208	210	94	0	9	0	78	6	0	31	219	152	308	19	89	0	0	0	200	0	24	0	0	175	0	270	0	93	233	144	40	0	147	2	0	107	73	0	163	63	14	10	41	0	193	0
120	0	0	0	0	0	0	0	0	0	0	0	0	0	0	0	0	0	0	0	0	0	0	0	0	0	0	0	0	0	0	0	0	0	0	0	0	0	0	31	0	0	0	0	0	0	0	0	0	0	0	0	0	0	0	0	0	0	0	0	0	0	0	0	0	0	0	0	0	0	0	0	0	0	0	0	0	0	0	0	0	0	0	0	0	0	0	0	0	0	0	0	0	0	0	0	0	0	0	0	0	0	0	0	0	0	0	0	0	0	0	0	0	0	0	0	0	0	0	0	0	0	0	0	0	0	0	0	0	0	0	0	0	0	0	3	0	0	0	0	0	0	0	0	0	0	0	0	0	0	0	0	0	0	0	0	0	0	0	0	0	0	0	0	0	0	0	0	0	0	0	0	0	0	0	0	0	0	0	0	0	0	0	0	0	0	0	0	0	0	0	0	0	0	0	0	0	0	0	0	0	0	0	0	0	0	0	0	0	0	0	0	0	0	0	0	0	0	0	0	0	0	0	0	0	0	0	0	0	0	0	0	0	0	0	0	0	0	0	0	0	0	0	0	0	0	0	0	0	0	0	0	0	0	0	0	0	0	0	0	0	0	11	0	0	0	0	0	0	0	0	0	0	0	0	0	0	0	0	0	0	0	0	0	0	0	0	0	0	0	0	0	0	0	0	0	0	0	0	0	0	0	0	0	0	0	0	0	0	0	0	0	0	0	0	0	0	0	0	0	0	0	0	0	0	0	0	0	0	0	0	0	0	0	0	0	0	0	0	0	0	1	0	0	0	0	0	0	0	0	0	0	0	0	0	0	0	0	0	0	0	0	0	0	0	0	0	0	0	0	0	0	0	0	0	0	0	0	0	0	0	0	0	0	0	0	0	0	29	0	0	0	0	0	0	0	0	0	0	0	0	0	0	0	0	0	0	0	0	0	0	0	0	0	0	0	0	0	0	0	0	0	0	0	0	0	0	0	0	0	0	0	0	0	0	0	0	0	0	0	0	0	0	0	0	0	0	0	0	0	0	0	0	0	0	0	0	0	0	0	0	0	0	0	0	0	0	0	0	0	0	0	0	0	0	0	0	0	0	0	0	0	0	0	0	0	0	0	0	0	0	0	0	0	0	2	0	0	0	0	0	0	0	0	0	0	0	0	0	0	0	0	0	0	0	0	0	0	0	0	0	0	0	0	0	0	0	0	0	0	0	0	0	0	0	0	0	0	48	0	0	0	0	0	0	0	0	0	0	0	0	0	0	0	0	0	0	0	0	0	0	0	0	0	0	0	0	0	0	0	0	0	0	0	0	0	0	0	0	0	0	0	0	0	0	0	0	0	0	0	0	0	0	0	0	0	0	0	0	0	0	0	0	0	0	0	0	0	0	0	0	0	0	0	0	0	0	0	82	0	48	0	0	0	0	0	0	0	0	0	0	0	0	0	0	0	0	0	0	0	0	0	0	0	0	0	0	0	0	0	0	0	0	0	0	0	0	0	0	0	0	0	0	0	0	0	0	0	0	0	0	0	0	0	0	0	0	0	0	0	0	0	0	0	0	0	0	0	0	0	0	0	0	0	0	0	0	0	0	0	0	0	0	0	0	0	0	0	0	0	0	0	0	0	0	0	0	0	0	0	0	0	0	102	0	30	0	0	0	0	0	0	0	0	0	0	0	0	0	0	0	0	0	0	0	0	0	0	0	0	0	0	0	0	0	0	0	0	0	0	0	0	196	0	0	0	0	0	0	0	0	0	0	0	0	0	0	0	0	0	0	0	0	0	0	0	0	0	0	0	0	0	0	0	0	0	61	0	0	233	0	47	0	0	0	0	15	0	0	0	0	0	0	0	162	0	0	0	33	0	0	0	0	0	0	9	0	0	0	0	0	0	0	0	298	12	121	0	26	20	0	0	0	0	170	0	0	0	0	0	0	29	0	0	63	0	0	30	0	0	54	42	0	0	8	0	0	0	0	0	0	0	0	1	0	0	0	71	0	125	0	0	0	0	58	0	0	0	0	0	0	0	0	106	0	0	0	0	0	0	0	66	381	100	0	229	25	98	50	0	0	0	186	0	0	18	54	0	0	118	76	35	0	0	0	0	47	0	76	94	0	37	339	47	0	0	0	20	0	0	59	113	0	0	35	71	119	26	79	72	6	0	0	97	0	38	34	0	0	80	0	2	101	205	0	92	0	0	133	76	0	0	0	0	0	0	0	69	46	0	0	158	0	218	0	77	30	0	0	0	79	0	121	51	179	0	0	0	132	55	107	246	225	26	99	0	0	134	0	20	130	58	289	0	141	0	28	67	0	0	0	148	95	52	25	3	0	0	134	160	51	50	85	78	179	49	63	346	82	133	108	102	315	0	46	103	38	0	0	40	77	54	113	141	0	189	52	158	0	226	0	40	269	0	63	47	28	23	96	156	0	0	0	137	0	225	0	0	69	0	69	0	96	130	117	40	14	34	84	0	22	162	0	6	46	58	0	35	0	136	0
121	0	0	0	0	0	0	0	0	0	0	0	0	0	0	0	0	0	0	0	0	0	0	0	0	0	0	0	0	0	0	0	0	0	0	0	0	0	0	0	0	0	0	0	0	0	0	0	0	0	0	0	0	0	0	0	0	0	0	0	0	0	0	0	0	0	0	0	0	0	0	0	0	0	0	0	0	0	0	0	0	0	0	0	0	0	0	0	0	0	0	0	0	0	0	0	0	0	0	0	0	0	0	0	0	0	0	0	0	0	0	0	0	0	0	0	0	0	0	0	0	0	0	0	0	0	0	0	0	0	0	0	0	0	0	0	0	0	0	0	0	0	0	0	0	0	0	0	0	0	0	0	0	0	0	0	0	0	0	0	0	0	0	0	0	0	0	0	0	0	0	0	0	0	0	0	0	0	0	0	0	0	0	0	0	0	0	0	0	0	0	0	0	0	0	0	0	0	0	0	0	6	0	0	0	0	0	0	0	0	0	0	0	0	0	0	0	0	0	0	0	0	0	0	0	0	0	0	0	0	0	0	0	0	0	0	0	0	0	0	0	0	0	0	0	0	0	0	0	0	0	0	0	0	0	0	0	0	0	0	0	0	0	0	0	0	0	0	0	0	0	0	0	0	0	0	0	0	0	0	0	0	0	0	0	0	0	0	0	0	0	0	0	0	0	0	0	0	0	0	0	0	0	0	0	0	0	0	0	0	0	0	0	0	0	0	0	0	0	0	0	0	0	0	0	0	0	0	0	0	0	0	0	0	0	0	0	0	0	0	0	0	0	0	0	0	0	0	0	0	0	0	0	0	0	0	0	0	0	0	0	0	0	0	0	0	0	0	0	0	0	0	0	2	0	0	0	0	0	0	0	0	0	0	0	0	0	124	0	0	0	0	0	0	0	0	0	0	0	0	0	0	0	0	0	0	0	0	0	0	0	0	0	0	0	0	0	0	0	0	0	0	0	0	0	0	0	0	0	0	0	0	0	0	0	0	0	0	0	0	14	0	0	0	0	0	0	0	0	0	0	0	0	0	0	0	0	0	0	0	0	0	0	0	0	0	0	0	0	0	0	0	0	0	0	0	0	0	0	0	0	0	0	0	0	0	0	0	0	0	0	0	0	0	0	0	0	0	0	0	0	0	0	0	0	0	0	0	0	0	0	2	0	0	0	0	0	0	0	0	0	0	0	0	0	0	0	0	0	0	0	0	0	0	0	0	0	0	0	0	0	0	0	0	0	0	0	0	0	0	0	0	0	0	0	0	0	0	0	0	0	0	0	0	0	0	0	0	0	0	0	0	0	0	0	0	0	0	0	0	0	0	0	0	0	0	0	0	0	0	0	0	0	0	0	0	0	0	0	0	0	0	0	0	0	0	0	0	0	0	0	0	0	0	0	0	0	0	52	0	39	0	0	0	0	0	0	0	0	0	0	0	0	0	0	0	0	0	0	0	0	0	0	0	0	0	0	0	0	0	0	0	0	0	0	0	0	0	0	0	0	0	0	0	0	0	0	0	0	0	0	0	0	0	0	0	0	0	0	0	0	0	0	0	0	0	0	0	0	0	0	0	0	0	0	0	0	0	0	0	0	0	0	0	0	0	0	0	0	0	0	0	0	0	0	0	0	0	0	0	0	0	0	159	0	11	0	0	0	0	0	0	0	0	17	0	0	0	7	0	0	0	0	0	0	0	0	0	0	0	0	0	0	0	0	0	0	0	0	0	0	0	159	0	0	0	0	0	0	0	0	0	0	0	0	0	0	0	0	0	0	0	0	0	0	0	0	0	0	0	0	0	0	0	0	0	122	0	0	71	0	148	0	0	0	0	163	0	0	0	0	22	0	0	73	0	0	0	77	0	0	0	0	0	0	193	0	0	0	0	0	0	0	0	116	139	104	0	51	19	0	0	0	0	0	0	0	0	0	0	0	171	0	0	50	0	0	91	0	0	58	112	0	0	379	0	0	0	0	0	0	0	0	0	8	0	0	178	0	65	0	0	0	0	118	0	0	0	0	0	0	0	0	109	0	0	0	0	0	0	0	95	11	0	0	59	122	104	119	0	0	0	78	0	0	0	0	0	0	32	88	107	0	0	0	0	37	0	126	34	0	243	327	175	0	0	0	0	0	0	140	74	19	0	46	187	61	27	84	16	118	0	0	116	0	138	75	0	0	102	0	0	42	55	0	66	0	0	128	113	0	1	0	0	0	0	0	12	196	0	1	41	0	250	2	101	96	0	0	0	89	0	223	27	230	0	0	0	65	105	205	106	169	61	94	0	0	258	0	74	140	103	91	0	146	0	176	77	0	0	0	60	28	41	140	6	0	0	101	49	51	57	99	41	66	370	15	52	172	140	93	144	47	0	105	99	123	0	0	78	130	31	119	81	0	132	120	165	0	6	0	126	25	0	45	191	41	26	101	13	0	0	0	31	0	100	0	0	123	0	88	0	80	156	198	109	2	27	12	0	71	28	0	212	292	130	248	65	0	150	0
122	0	0	0	0	0	0	0	0	0	0	0	0	0	0	0	0	0	0	0	0	0	0	0	0	0	0	0	0	0	0	0	0	0	0	0	0	0	0	0	0	0	0	0	0	0	0	0	0	0	0	0	0	0	0	0	0	0	0	0	0	0	0	0	0	0	0	0	0	0	0	0	0	0	0	0	0	0	0	0	0	0	0	0	0	0	0	0	0	0	0	0	0	0	0	0	0	0	0	0	0	0	0	0	0	0	0	0	0	0	0	0	0	0	0	0	0	0	0	0	0	0	0	0	0	0	0	0	0	0	0	0	0	0	0	0	0	0	0	0	0	0	0	0	0	0	0	0	0	0	0	0	0	0	0	0	0	0	0	0	0	0	0	0	0	0	0	0	0	0	0	0	0	0	0	0	0	0	0	0	0	0	0	0	0	0	0	0	0	0	0	0	0	0	0	0	0	0	0	0	0	0	0	0	0	0	0	0	0	0	0	0	0	0	0	0	0	0	0	0	0	0	0	0	0	0	0	0	0	0	0	0	0	0	0	0	0	0	0	0	0	0	0	0	0	0	0	0	0	0	0	0	0	0	0	0	0	0	0	0	0	0	0	0	0	0	0	0	0	0	0	0	0	0	0	0	0	0	0	0	0	0	0	0	0	0	0	0	0	0	0	0	0	0	0	0	0	0	0	0	0	0	0	0	0	0	0	0	0	0	0	0	0	0	0	0	0	0	0	0	0	0	0	0	0	0	0	0	0	0	0	0	0	0	0	0	0	0	0	0	0	0	0	0	0	0	0	0	0	0	0	0	0	0	0	0	0	0	0	0	0	2	0	0	0	0	0	0	0	0	0	0	0	0	0	0	0	0	0	0	0	0	0	0	0	0	0	0	0	0	0	0	0	0	0	0	0	0	0	0	0	7	0	0	0	0	0	0	0	0	0	0	0	0	0	0	0	0	0	0	0	0	0	0	0	0	0	0	0	0	0	0	0	0	0	0	0	5	0	0	0	0	0	0	0	0	0	0	0	0	0	0	0	0	0	0	0	0	0	0	0	0	0	0	0	0	0	0	0	0	0	0	0	0	0	0	0	0	0	0	0	0	0	0	0	0	0	0	0	0	0	0	0	0	0	0	0	0	0	0	0	0	0	0	0	0	0	0	0	0	0	0	0	0	0	0	0	0	2	0	0	3	0	0	0	0	0	0	0	0	0	0	0	0	0	0	0	0	14	0	0	0	0	0	0	0	0	0	0	0	11	0	0	0	0	0	0	0	0	0	0	0	0	0	0	0	0	0	0	0	0	0	0	0	41	0	0	0	0	0	0	0	0	0	0	0	0	0	0	0	0	0	0	0	0	0	0	0	0	0	0	0	0	0	0	0	0	0	0	0	0	0	0	0	28	0	0	0	37	0	96	0	0	0	0	0	0	0	0	0	0	0	0	0	0	0	0	0	0	0	0	0	0	0	0	0	0	0	0	0	0	0	0	0	0	0	0	0	8	0	0	0	0	0	0	0	0	0	0	0	0	0	0	0	0	0	0	0	0	0	0	0	0	0	0	0	0	0	0	0	0	0	0	0	0	0	0	0	0	0	0	0	0	0	0	0	0	0	0	0	0	0	0	0	0	0	0	0	0	0	0	0	0	113	0	100	0	0	0	0	0	0	0	0	0	0	0	0	0	0	0	0	0	0	0	0	0	0	0	0	0	0	0	0	0	0	0	8	0	0	0	0	214	0	0	0	0	0	0	0	0	0	0	0	0	0	0	0	0	0	0	0	0	0	0	0	0	0	0	0	0	0	0	0	0	0	50	0	0	121	0	98	0	0	0	0	73	0	0	0	0	14	0	0	49	0	0	0	106	0	0	0	0	0	0	252	0	0	0	0	0	0	0	0	44	83	110	0	115	22	0	0	0	0	0	0	0	0	0	0	0	163	0	0	21	0	0	125	0	0	163	67	0	0	150	0	0	0	0	0	0	0	0	0	0	0	0	8	0	105	11	0	0	0	162	0	0	0	0	0	0	0	0	218	0	0	0	0	0	0	0	139	163	0	0	9	45	129	27	0	0	0	34	0	0	6	0	0	0	164	65	214	0	0	0	0	112	0	209	82	0	48	81	32	0	0	0	25	0	0	66	12	37	0	111	92	57	0	197	52	51	0	0	134	0	296	91	0	0	57	0	61	26	47	0	21	0	0	25	17	0	0	0	0	0	0	0	124	11	0	0	16	0	94	0	36	76	0	58	0	15	0	107	80	115	0	0	0	82	80	34	38	21	30	20	0	0	223	0	152	311	63	98	0	22	0	79	57	0	0	0	85	0	41	153	0	0	0	71	2	91	134	78	188	86	212	98	62	30	136	47	147	118	0	184	207	81	0	0	22	71	153	27	123	0	72	230	78	0	0	0	32	73	0	84	88	137	154	107	29	0	0	0	62	0	12	0	0	66	0	65	0	13	234	131	84	0	122	160	0	156	203	0	211	40	268	67	162	0	73	0
123	0	0	0	0	0	0	0	0	0	0	0	0	0	0	0	0	0	0	0	0	0	0	0	0	0	0	0	0	0	0	0	0	0	0	0	0	0	0	0	0	0	0	0	0	0	0	0	0	0	0	0	0	0	0	0	0	0	0	0	0	0	0	0	0	0	0	0	0	0	0	0	0	0	0	0	0	0	0	0	0	0	0	0	0	0	0	0	0	0	0	0	0	0	0	0	0	0	0	0	0	0	0	0	0	0	0	0	0	0	0	0	0	0	0	0	0	0	0	0	0	0	0	0	0	0	0	0	0	0	0	0	0	0	0	0	0	1	0	0	0	0	0	0	0	0	0	0	0	0	0	0	0	0	0	0	0	0	0	0	0	0	0	0	0	0	0	0	0	0	0	0	0	0	0	0	0	0	0	0	0	0	0	0	0	0	0	0	0	0	0	0	0	0	0	0	0	0	0	0	0	0	0	0	0	0	0	0	0	0	0	0	0	0	0	0	0	0	0	0	0	0	0	0	0	0	0	0	0	0	0	0	0	0	0	0	0	0	0	0	0	0	0	0	0	0	0	0	0	0	0	0	0	0	0	0	0	0	0	0	0	0	0	0	0	0	0	0	0	0	0	0	0	0	0	0	0	0	0	0	0	0	0	0	0	0	0	0	0	0	0	0	0	0	0	0	0	0	0	0	0	0	0	0	0	0	0	0	0	0	0	0	0	0	0	0	0	0	0	0	0	0	0	0	0	0	0	0	0	0	0	0	0	0	0	0	0	0	0	0	0	0	0	0	0	0	0	0	0	0	0	0	0	0	0	0	0	0	0	0	0	0	0	0	0	0	0	0	0	0	0	0	0	0	0	0	0	0	0	0	0	0	0	0	0	0	0	0	0	0	0	0	0	0	0	0	0	0	0	0	0	0	0	0	0	0	0	0	0	0	0	0	0	0	0	0	0	0	0	0	0	0	0	0	0	0	0	0	0	0	0	0	0	0	0	0	0	0	0	0	0	0	0	0	0	0	0	0	0	0	0	0	0	0	0	0	0	0	0	0	0	0	0	0	0	0	0	0	0	0	0	0	0	0	0	0	0	0	0	0	0	0	0	0	0	0	0	0	0	0	0	0	0	0	0	0	0	0	0	0	0	0	0	0	0	0	0	0	0	1	0	0	0	0	0	0	0	0	0	0	0	0	0	0	0	0	0	0	0	0	0	0	0	0	0	0	0	0	48	0	0	0	0	0	0	0	0	0	0	0	0	0	0	0	0	0	0	0	0	0	0	0	0	0	0	0	0	0	0	0	0	0	0	0	0	0	0	0	0	0	0	0	0	0	0	0	0	0	0	0	0	0	0	0	0	0	0	0	0	0	0	0	0	0	0	0	0	0	0	0	0	0	0	0	0	0	0	0	161	0	14	0	0	0	0	0	0	0	0	0	0	0	0	0	0	0	0	0	0	0	0	0	0	0	0	0	0	0	0	20	0	0	0	0	0	0	0	0	0	0	0	0	0	0	0	0	0	0	0	0	0	0	0	0	0	0	0	0	0	0	0	0	0	0	0	0	0	0	0	0	0	0	0	0	0	0	0	0	0	0	0	0	0	0	0	0	0	0	0	0	0	0	0	6	0	0	0	0	0	0	0	0	0	95	0	17	0	0	0	0	0	0	0	0	0	0	0	0	0	0	0	0	0	0	0	0	0	0	0	0	0	0	0	0	0	0	0	0	0	0	0	0	2	0	0	0	0	0	0	0	0	0	0	0	0	0	0	0	0	0	0	0	0	0	0	0	0	1	0	0	0	0	0	0	0	0	44	0	0	46	0	7	0	0	0	0	12	0	0	0	0	0	0	0	52	0	0	0	35	0	0	0	0	0	0	169	0	0	31	0	1	0	0	0	59	93	79	0	119	38	0	0	0	0	0	0	0	0	0	0	0	281	0	0	0	0	0	95	0	0	60	37	0	0	141	0	0	0	0	0	0	0	1	0	0	0	0	55	0	82	0	0	0	0	132	0	0	0	0	0	0	0	0	92	0	0	0	0	0	0	0	96	207	0	0	153	97	134	117	2	0	0	97	0	0	0	0	0	0	121	122	43	0	0	0	0	43	0	6	410	0	142	30	6	0	0	0	45	0	0	102	149	4	0	159	80	56	9	142	0	81	0	0	101	0	67	6	0	0	39	0	0	112	51	0	142	0	0	224	226	0	0	0	0	0	0	0	114	72	0	0	2	0	117	0	144	75	0	70	0	58	0	83	40	87	0	0	0	104	87	13	38	107	14	44	0	0	82	0	27	185	38	12	0	149	0	103	239	0	0	0	39	18	64	6	26	0	0	116	165	20	78	28	76	29	70	22	42	138	86	76	402	114	0	238	112	63	0	0	64	154	76	210	61	0	66	24	152	0	0	0	84	48	0	52	60	148	317	91	49	0	0	0	140	0	35	0	0	26	0	75	0	53	106	98	61	0	63	56	0	35	165	0	87	33	50	22	11	0	117	0
124	0	0	0	0	0	31	0	0	0	0	0	0	0	0	0	0	0	0	0	0	0	0	0	0	0	0	0	0	0	0	0	0	0	0	0	0	0	0	0	0	0	0	0	0	0	0	0	0	0	0	0	0	0	0	0	0	0	0	0	0	0	0	0	0	0	0	0	0	0	0	0	0	0	0	0	0	0	0	0	0	0	0	0	0	0	0	0	0	0	0	0	0	0	0	0	0	0	0	0	0	0	0	0	0	0	0	0	0	0	0	0	0	0	0	0	0	0	0	0	0	0	0	0	0	0	0	0	0	0	0	0	0	0	0	0	0	0	0	0	0	0	0	0	0	0	0	0	0	0	0	0	0	0	0	0	0	0	0	0	0	0	0	0	0	0	0	0	0	0	0	0	0	0	0	0	0	0	0	0	0	0	0	0	0	0	0	0	0	0	0	0	0	0	0	0	0	0	0	0	0	0	0	0	0	0	0	0	1	0	0	0	0	0	0	0	0	0	0	14	0	0	0	0	0	0	0	0	0	0	0	0	0	0	0	0	0	0	0	0	0	0	0	0	0	0	0	0	0	0	0	0	0	0	0	0	0	0	7	0	0	0	0	0	0	0	0	0	0	0	0	0	0	0	0	0	0	0	0	0	0	0	0	0	0	0	0	0	0	0	0	0	0	0	0	0	0	0	0	0	0	0	28	0	0	0	0	0	0	0	0	0	0	0	0	0	0	0	0	0	0	0	0	0	0	0	0	0	0	0	0	0	0	0	0	0	0	0	0	0	0	0	0	4	0	0	0	0	5	0	0	0	0	0	0	0	0	0	0	0	0	0	0	0	0	0	0	0	0	0	0	0	0	0	0	0	0	0	0	0	0	0	0	0	0	0	0	0	0	0	0	0	0	0	0	0	0	0	0	0	0	0	0	0	0	0	0	0	0	0	0	0	0	0	0	0	0	0	0	0	26	0	28	0	0	0	0	0	0	0	0	0	0	0	0	0	0	0	0	0	0	0	0	0	0	0	0	0	0	0	0	0	0	0	0	0	0	0	0	0	0	0	0	0	0	0	0	0	0	0	0	0	0	0	0	0	0	0	0	0	0	0	0	0	0	0	0	0	0	0	0	0	0	0	0	0	0	0	0	0	0	0	0	0	0	0	0	0	0	0	0	0	0	0	0	0	0	0	0	0	0	0	0	0	0	0	0	0	0	0	0	0	0	0	0	0	0	0	14	0	0	0	0	0	0	0	0	0	0	0	0	0	0	0	0	0	0	0	0	0	0	0	0	0	0	0	0	0	0	0	0	0	0	0	0	0	0	0	0	0	0	0	0	0	0	0	0	0	0	0	0	0	0	0	0	0	0	0	0	0	0	0	0	0	0	0	0	0	0	0	0	0	0	0	0	0	0	0	65	0	132	0	0	0	0	0	0	0	0	0	0	0	0	0	0	0	0	0	0	0	0	0	0	0	0	0	0	0	0	0	0	0	0	0	0	0	0	0	0	0	0	0	0	0	0	0	0	0	0	0	0	0	0	0	0	0	0	0	0	0	0	0	0	0	0	0	0	0	0	0	0	0	0	0	0	0	0	0	0	0	0	0	0	0	0	0	0	0	0	0	0	0	0	0	0	41	0	0	0	0	0	0	0	32	0	2	0	0	0	0	0	0	0	0	0	0	0	0	0	34	0	0	0	0	0	0	0	0	0	0	0	0	0	0	0	0	0	0	0	0	0	0	172	0	0	0	0	0	0	0	0	0	0	0	0	0	0	0	0	0	0	0	0	0	0	0	0	0	0	0	0	0	0	0	0	0	49	0	0	32	0	24	0	0	0	0	112	0	0	0	0	0	0	0	273	0	0	0	46	0	0	0	0	0	0	18	0	0	0	0	0	0	0	0	119	119	139	0	13	141	0	0	0	0	41	0	0	0	0	0	73	54	0	0	12	0	0	63	0	0	115	140	0	0	380	0	0	0	0	0	0	0	0	0	0	0	0	54	0	19	0	0	0	0	104	0	0	0	0	0	0	0	0	63	0	0	0	0	0	0	0	76	44	0	0	135	153	38	123	0	0	0	76	0	0	181	0	0	0	112	170	149	0	0	0	0	222	0	28	74	0	75	192	155	0	0	0	0	0	0	92	211	0	0	63	93	28	0	113	0	74	0	0	132	0	102	136	0	0	236	0	0	197	19	0	67	0	0	93	142	0	0	0	0	0	0	0	201	47	0	0	23	0	69	21	180	45	0	58	0	136	0	59	64	174	0	0	0	235	57	160	40	57	117	139	0	0	98	0	161	100	21	59	0	15	0	285	20	0	0	0	137	0	105	50	97	0	0	87	169	150	93	28	73	86	61	20	68	98	56	178	189	152	0	30	83	96	0	0	130	119	150	144	57	0	90	11	20	0	0	0	382	21	0	114	126	120	176	39	251	0	0	0	112	0	65	0	0	215	0	122	0	63	159	11	83	0	461	58	0	413	26	0	225	71	47	30	172	0	11	0
125	0	0	0	0	0	0	0	0	0	0	0	0	0	0	0	0	0	0	0	0	0	0	0	0	0	0	0	0	0	0	0	0	0	0	0	0	0	0	0	0	0	0	0	0	0	0	0	0	0	0	0	0	0	0	0	0	0	0	0	0	0	0	0	0	0	0	0	0	0	0	0	0	0	0	0	0	0	0	0	0	0	0	0	0	0	0	0	0	0	0	0	0	0	0	0	0	0	0	0	0	0	0	0	0	0	0	0	0	0	0	0	0	0	0	0	0	0	0	0	0	0	0	0	0	0	0	0	0	0	0	0	0	0	0	0	0	0	0	0	0	0	0	0	0	0	0	0	0	0	0	0	0	0	0	0	0	0	0	0	0	0	0	0	0	0	0	0	0	0	0	0	0	0	0	0	0	0	0	0	0	0	0	0	0	0	0	0	0	0	0	0	0	0	0	0	0	0	0	0	0	0	0	0	0	0	0	0	0	0	0	8	0	0	0	0	0	0	0	0	0	0	0	0	0	0	0	0	0	0	0	0	0	0	0	0	0	0	0	0	0	2	0	0	0	0	0	0	0	0	0	0	0	4	0	0	0	0	0	0	0	0	0	0	0	0	0	0	0	0	0	0	0	0	0	0	0	0	0	0	0	0	0	0	0	0	0	0	0	0	0	0	0	0	0	0	0	0	0	0	0	0	0	0	0	0	0	0	0	0	0	0	0	0	0	0	0	0	0	0	0	0	0	0	0	0	0	0	0	0	0	0	0	0	0	0	0	0	0	0	0	0	0	0	0	0	0	0	0	0	0	0	0	0	0	0	0	0	0	0	0	0	0	0	0	0	0	0	0	0	0	0	0	0	0	0	0	0	0	0	0	0	0	0	0	0	0	0	0	0	0	0	0	0	0	0	0	0	0	0	0	0	0	0	0	0	0	0	0	0	0	0	0	0	0	0	0	0	0	0	0	0	0	0	0	0	0	0	0	0	0	0	0	0	0	0	0	0	0	0	0	0	0	0	0	0	0	0	0	0	0	0	0	0	0	0	0	0	0	0	0	0	4	0	0	9	0	0	0	0	0	0	0	0	0	0	0	0	0	0	0	0	0	0	0	0	0	0	0	0	0	0	0	0	0	0	0	0	0	0	0	0	0	0	0	0	0	0	0	0	0	0	0	0	0	0	0	0	0	0	0	0	0	0	0	0	0	0	0	0	0	0	0	0	0	0	0	0	60	0	0	0	0	0	0	0	0	0	0	0	0	0	0	0	0	0	0	0	0	0	0	0	0	0	0	0	0	0	0	0	0	0	0	0	0	0	0	0	0	0	0	0	0	0	0	0	0	0	0	0	0	0	0	0	0	0	0	0	0	0	0	1	0	0	0	0	0	0	0	0	0	0	0	0	0	0	0	0	94	0	103	0	0	0	0	0	0	0	0	0	0	0	0	0	0	4	0	0	0	0	0	0	0	0	0	0	0	0	0	0	0	0	0	0	0	0	0	0	0	0	0	0	0	0	0	0	0	0	0	0	0	0	0	0	0	0	0	0	0	0	0	0	0	0	0	0	0	0	0	0	0	0	0	0	0	0	0	0	0	0	0	0	0	0	0	0	0	0	0	0	0	0	0	0	0	0	0	0	0	0	0	0	0	205	0	17	0	0	0	0	0	0	0	0	0	0	0	0	0	0	0	0	0	0	0	0	0	0	0	0	0	0	0	0	0	0	0	0	0	0	0	0	324	0	0	0	0	0	0	0	0	0	0	0	0	0	0	0	0	0	0	0	0	0	0	0	0	0	0	0	0	0	0	0	0	0	86	0	0	21	0	79	0	0	0	0	209	0	0	0	0	0	0	0	31	0	0	0	120	0	0	0	0	0	0	74	0	0	0	0	0	0	15	0	19	119	176	0	112	97	0	0	0	0	0	0	0	0	0	0	0	119	0	0	118	0	0	118	0	0	77	69	0	0	81	0	0	0	0	0	0	0	0	0	0	0	0	167	0	8	0	0	0	0	104	0	0	0	0	0	0	0	0	110	0	0	0	0	0	0	0	104	101	68	0	85	289	46	69	0	0	0	36	0	0	0	0	0	0	191	19	67	0	0	0	0	39	0	49	90	0	297	69	143	0	0	0	156	0	0	77	13	0	0	140	142	180	0	26	33	96	0	0	36	0	205	15	1	0	6	2	0	230	66	0	184	0	0	48	39	0	0	0	0	0	0	0	128	77	0	0	176	0	115	0	26	135	0	96	0	122	0	340	105	35	0	0	0	60	10	99	122	12	47	59	0	0	179	0	82	132	44	95	3	103	0	181	75	0	0	0	88	0	75	164	0	0	0	170	15	8	35	61	334	162	182	119	127	176	181	83	132	155	0	57	154	117	0	0	158	265	170	285	20	0	55	109	190	0	164	0	88	156	0	111	275	44	169	39	27	0	0	0	63	0	27	0	0	77	43	22	0	61	28	229	48	102	55	19	0	227	139	0	52	35	72	94	164	0	81	40
126	0	0	0	0	0	0	0	0	0	0	0	0	0	0	0	0	0	0	0	0	0	0	0	0	0	0	0	0	0	0	0	0	0	0	0	0	0	0	0	0	0	0	0	0	0	0	0	0	0	0	0	0	0	0	0	0	0	0	0	0	0	0	0	0	0	0	0	0	0	0	0	0	0	0	0	0	0	0	0	0	0	0	0	0	0	0	0	0	0	0	0	0	0	0	0	0	0	0	0	0	0	0	0	0	0	0	0	0	0	0	0	0	0	0	0	0	0	0	0	0	0	0	0	0	0	0	0	0	0	0	0	0	0	0	0	0	0	0	0	0	0	0	0	0	0	0	0	0	0	0	0	0	0	0	0	0	0	0	0	0	0	0	0	0	0	0	0	0	0	0	0	0	0	0	0	0	0	0	0	0	0	0	0	0	0	0	0	0	0	0	0	0	0	0	0	0	0	0	0	0	0	5	0	0	0	0	0	0	0	0	0	0	0	0	0	0	0	0	0	0	0	0	0	0	0	0	0	0	0	0	0	0	0	0	0	0	0	0	0	0	0	0	0	0	0	0	0	0	0	0	0	0	0	0	0	0	0	0	0	0	4	0	0	0	0	0	0	0	0	0	0	0	0	0	0	0	0	0	0	0	0	0	0	0	0	0	0	0	0	0	0	0	0	0	0	0	0	0	0	0	0	0	0	0	0	0	0	0	0	0	0	0	0	0	0	0	0	0	0	0	0	0	0	0	0	0	0	0	0	0	0	0	0	0	0	0	0	0	0	0	0	0	0	0	0	0	0	0	0	0	0	7	0	0	0	0	0	0	0	0	0	0	0	0	0	0	0	0	0	0	0	0	0	0	0	0	0	0	0	0	0	0	0	0	0	6	0	0	0	0	0	0	0	0	0	0	0	0	0	0	0	0	0	0	0	0	0	0	0	0	0	0	0	0	0	0	0	0	9	0	0	0	0	0	0	0	0	0	0	0	0	0	0	0	0	0	0	0	0	0	0	0	0	0	0	0	0	0	0	0	0	0	0	0	0	0	0	0	0	0	0	0	0	0	0	0	0	0	0	0	0	0	0	0	0	0	0	0	0	0	0	0	0	0	0	0	9	0	0	0	0	0	0	0	0	0	0	0	0	0	0	0	0	0	0	0	0	0	0	0	0	0	0	0	0	0	0	0	0	0	0	0	0	0	0	0	0	0	0	0	0	0	17	0	0	0	0	43	0	0	0	0	0	0	0	0	0	0	0	0	0	0	0	0	0	0	0	0	0	0	0	0	0	0	0	0	0	0	0	0	0	0	0	0	0	0	0	0	0	0	0	0	0	0	0	0	0	0	0	0	0	0	37	0	0	0	0	0	0	0	0	0	0	0	0	0	0	0	0	0	0	0	0	0	0	0	0	30	1	229	0	0	0	0	0	0	0	0	0	0	0	0	0	0	0	0	0	0	0	0	0	0	0	0	0	0	0	0	0	0	0	0	0	0	0	0	0	0	0	0	0	0	0	0	0	0	0	0	0	0	0	0	0	0	0	0	0	0	0	0	0	0	0	0	0	0	0	0	0	0	0	0	0	0	0	0	0	0	0	0	0	0	0	0	0	0	0	0	0	0	0	0	0	0	0	0	0	0	0	0	0	0	97	0	67	0	0	0	0	0	0	0	0	0	0	0	0	0	0	0	0	0	0	0	0	0	0	0	0	0	0	0	0	0	0	0	0	0	0	0	0	137	0	0	0	0	0	0	0	0	0	0	0	0	0	0	0	0	0	0	0	0	0	0	0	0	0	0	0	0	0	0	0	0	0	71	0	0	44	0	50	0	0	0	0	30	0	0	0	0	0	0	0	40	0	0	0	163	0	0	0	0	0	0	96	0	0	0	0	0	0	0	0	164	59	132	0	32	70	0	0	0	0	0	0	0	0	0	0	0	11	0	0	93	0	0	45	0	0	140	11	0	0	50	0	0	0	0	0	0	0	0	0	0	0	0	135	0	125	0	0	0	0	187	0	0	0	0	4	0	0	0	164	0	0	0	0	0	0	0	235	36	1	0	70	38	88	70	0	0	0	88	0	0	68	0	0	0	237	139	49	0	0	0	0	23	0	243	226	0	77	74	68	0	0	0	0	0	0	72	28	12	0	50	251	38	25	86	135	47	0	0	15	0	93	71	0	0	229	0	0	135	174	0	99	0	0	143	40	0	0	0	0	0	0	0	50	210	0	0	60	0	34	0	66	87	0	45	0	63	0	137	171	244	0	0	0	95	16	21	87	24	129	124	0	0	76	0	238	383	277	77	0	100	0	76	23	0	0	0	118	0	129	231	0	0	0	140	56	181	125	315	128	81	127	278	31	126	221	215	90	129	0	15	84	13	0	0	41	103	45	161	55	0	13	54	25	0	2	0	163	53	0	101	246	170	143	42	42	0	0	0	76	0	71	0	0	29	0	78	0	357	219	103	14	0	57	8	0	115	121	9	128	32	73	5	36	0	159	0
127	0	0	0	0	0	0	0	0	0	0	0	0	0	0	0	0	0	0	0	0	0	0	0	0	0	0	0	0	0	0	0	0	0	0	0	0	0	0	0	0	0	0	0	0	0	0	0	0	0	0	0	0	0	0	0	0	0	0	0	0	0	0	0	0	0	0	0	0	0	0	0	0	0	0	0	0	0	0	0	0	0	0	0	0	0	0	0	0	0	0	0	0	0	0	0	0	0	0	0	0	0	0	0	0	0	0	0	0	0	0	0	0	0	0	0	0	0	0	0	0	0	0	0	0	0	0	0	0	0	0	0	0	0	0	0	0	0	0	0	0	0	0	0	1	0	0	0	0	0	0	0	0	0	0	0	0	0	0	0	0	0	0	0	0	0	0	0	0	1	0	0	0	0	0	0	0	0	0	0	0	0	0	0	0	0	0	0	0	0	0	0	0	0	0	0	0	0	0	0	0	0	0	0	0	0	0	0	0	0	0	0	0	0	26	0	0	0	0	0	0	0	0	0	0	0	0	0	0	0	0	0	0	0	0	0	0	0	0	0	1	0	0	0	0	0	0	0	0	0	0	0	0	0	0	0	0	0	0	0	0	0	0	0	0	0	0	0	0	0	0	0	0	0	0	0	0	0	0	0	0	0	0	0	0	0	0	0	0	0	0	0	0	0	0	0	0	0	0	0	0	0	0	0	0	0	0	0	0	0	0	0	0	0	0	0	0	0	0	0	0	0	0	0	0	0	0	0	0	0	0	0	0	0	0	0	0	0	0	0	0	0	0	0	0	0	0	0	0	0	0	0	0	0	0	0	0	0	0	0	0	0	0	0	0	0	0	0	0	0	0	0	0	0	0	0	0	0	0	0	111	0	0	0	0	0	0	0	0	0	0	0	0	0	0	0	0	0	0	0	0	0	0	0	0	0	0	0	0	0	0	0	0	0	0	0	0	0	0	0	0	0	0	0	0	0	0	0	0	0	0	0	0	0	0	0	0	0	0	0	0	0	0	0	0	0	0	0	0	0	0	0	0	0	0	0	0	0	0	0	0	0	0	0	0	0	0	0	0	0	0	0	0	0	0	0	0	0	0	0	0	0	0	0	0	0	0	0	0	0	0	0	0	0	0	0	0	0	0	0	0	0	0	0	0	0	0	0	0	0	0	0	0	0	0	0	2	0	0	0	0	0	0	0	0	0	0	0	0	1	0	0	0	0	0	0	0	0	57	0	0	0	0	0	0	0	0	0	0	0	0	0	0	0	0	0	0	0	0	0	0	0	0	0	0	0	0	0	0	0	0	0	0	0	0	0	0	0	0	0	0	0	0	0	0	0	0	0	0	0	0	0	0	0	0	0	0	0	0	0	0	0	0	0	0	0	0	0	0	0	0	0	0	0	0	0	0	0	119	0	124	0	0	0	0	0	0	0	0	0	0	0	0	0	0	0	0	0	0	0	0	0	0	0	0	0	0	0	0	0	0	0	0	0	0	0	0	0	0	0	0	0	0	0	0	0	0	0	0	0	0	0	0	0	0	0	0	0	0	0	0	0	0	0	0	0	0	0	0	0	0	0	0	5	0	0	0	0	0	0	0	0	0	0	0	0	0	0	0	0	0	0	0	0	0	0	0	0	0	0	0	0	0	54	0	40	0	0	0	0	0	0	0	0	0	0	0	0	22	0	0	0	0	0	0	0	0	0	0	0	0	0	0	0	0	0	0	0	0	0	0	0	37	0	0	0	0	0	0	0	0	0	0	0	0	0	0	0	0	0	0	0	0	0	0	0	0	0	0	0	0	0	0	0	0	0	85	0	0	241	0	29	0	0	0	0	168	0	0	0	0	0	0	0	132	0	0	0	115	0	0	0	0	0	0	90	0	0	0	0	0	0	0	0	92	64	29	0	44	62	0	0	0	0	0	0	0	0	0	0	0	38	0	0	16	0	0	540	0	0	211	166	0	0	24	0	0	0	0	0	0	0	0	0	0	0	0	359	0	55	0	0	0	0	323	0	0	0	0	0	0	0	0	39	0	0	0	0	0	0	0	76	113	0	0	43	54	124	146	0	0	0	194	0	0	0	0	0	0	185	37	74	0	0	0	0	70	0	150	192	0	108	127	45	0	0	0	6	0	0	226	142	0	0	152	102	12	0	50	0	170	0	0	38	0	253	56	3	0	63	0	0	83	142	0	386	0	0	75	91	0	0	0	0	0	0	0	63	57	0	0	68	0	104	0	221	24	0	11	0	24	0	237	170	172	0	0	0	80	108	115	99	84	35	27	0	0	35	0	58	41	42	21	0	181	0	132	202	0	0	0	239	12	176	56	33	0	0	158	45	107	42	148	34	189	88	29	110	99	51	6	51	25	0	69	95	103	0	0	9	155	69	218	24	0	116	221	107	0	155	0	52	77	0	49	77	38	51	71	97	0	0	0	51	0	261	0	0	91	0	59	0	165	70	85	72	17	10	176	0	53	185	0	154	83	145	91	30	0	50	0
128	0	0	0	0	0	0	0	0	0	0	0	0	0	0	0	0	0	0	0	0	0	0	0	0	0	0	0	0	0	0	0	0	0	0	0	0	0	0	0	0	0	0	0	0	0	0	0	0	0	0	0	0	0	0	0	0	0	0	0	0	0	0	0	0	0	0	0	0	0	0	0	0	0	0	0	0	0	0	0	0	0	0	0	0	0	0	0	0	0	0	0	0	0	0	0	0	0	0	0	0	0	0	0	0	0	0	0	0	0	0	0	0	0	0	0	0	0	0	0	0	0	0	0	0	0	0	0	0	0	0	0	0	0	0	0	0	0	0	0	0	0	0	0	0	0	0	0	0	0	0	0	0	0	0	0	0	0	0	0	0	0	0	0	0	0	0	0	0	0	0	0	9	0	0	0	0	0	0	0	0	0	0	0	0	0	0	0	0	0	0	0	0	0	0	0	0	0	0	0	0	0	0	0	0	0	0	0	0	0	0	0	0	0	0	0	0	0	0	0	0	0	0	0	0	0	0	0	0	0	0	0	0	0	0	0	0	0	0	0	0	0	0	0	0	0	0	0	0	0	0	0	0	0	0	0	0	0	0	0	0	0	0	0	0	0	0	0	0	0	0	0	0	0	0	0	0	0	0	0	0	0	0	0	0	0	0	0	0	0	0	0	0	0	0	0	0	0	0	0	0	0	0	0	0	0	0	0	0	0	0	0	0	0	0	0	0	0	0	0	0	0	0	0	0	0	0	5	0	0	0	0	0	0	0	0	0	0	0	0	0	0	0	0	0	0	0	0	0	0	0	0	0	0	0	0	0	0	0	0	0	0	0	0	0	0	0	2	0	0	0	0	0	0	0	0	0	0	0	0	0	0	0	0	0	0	0	0	0	0	0	0	0	0	0	0	0	0	0	0	0	0	0	0	0	0	0	0	0	0	0	0	0	0	0	0	0	0	0	0	0	0	0	0	0	0	0	0	0	0	0	0	0	0	0	0	0	0	0	0	0	0	0	0	0	0	0	0	0	0	0	0	0	0	0	0	0	0	0	0	0	0	0	0	0	0	0	0	0	0	0	0	0	0	0	0	0	0	0	0	0	0	0	0	0	0	0	0	0	0	0	0	0	0	0	0	0	0	0	0	0	0	0	0	0	0	0	0	0	0	0	0	0	0	0	0	0	0	0	0	0	0	0	0	0	0	0	0	0	0	0	0	0	0	0	0	0	0	126	0	0	0	0	0	0	0	0	0	0	0	0	0	0	0	0	0	0	0	0	0	0	0	0	0	0	0	0	0	0	0	0	0	1	0	0	0	0	0	0	0	0	0	0	0	0	0	0	0	0	0	0	0	0	0	0	0	0	0	0	0	0	0	0	0	0	0	0	0	0	0	0	0	0	0	0	0	0	0	41	0	338	0	0	0	0	0	0	0	0	0	0	0	0	0	0	0	0	0	0	0	0	0	0	0	0	0	0	0	0	0	0	0	0	0	0	0	0	0	0	0	0	0	0	0	0	0	0	0	0	0	0	0	0	0	0	0	0	0	0	0	0	0	0	0	0	0	0	0	0	0	0	0	0	0	0	0	0	0	0	0	0	0	0	0	0	0	0	0	0	0	0	0	0	0	0	0	0	0	0	0	0	0	0	65	0	116	0	0	0	0	0	0	0	0	0	0	0	0	0	0	0	0	0	0	0	0	0	0	0	0	0	0	0	0	0	0	0	0	0	0	0	0	112	0	0	0	0	0	0	0	0	0	0	0	0	0	0	0	0	0	0	0	0	0	0	0	0	0	0	0	0	0	0	0	0	0	26	0	0	64	0	141	0	0	0	3	199	0	0	2	0	0	0	0	271	0	0	0	155	0	0	0	60	0	0	108	20	0	0	0	0	0	0	0	117	138	17	0	33	76	0	0	0	0	3	0	0	0	0	0	0	69	0	0	40	0	0	209	0	0	27	35	0	0	40	0	0	0	0	0	82	0	0	0	0	0	0	219	0	63	0	0	0	31	116	0	0	0	0	0	0	0	0	263	0	0	0	0	0	0	0	164	8	0	0	87	58	28	51	0	0	0	164	0	0	101	0	0	0	84	156	40	0	0	0	0	144	0	74	209	0	51	3	121	0	0	0	0	0	0	50	49	0	0	85	138	315	0	207	44	32	0	0	157	0	76	27	0	0	33	0	0	24	50	0	116	0	0	45	45	23	0	0	0	0	0	0	121	60	0	0	349	0	64	0	63	87	0	0	0	245	0	149	24	104	0	0	0	40	91	73	50	101	172	86	0	0	124	0	24	50	110	78	0	67	0	65	89	0	0	0	186	0	195	29	0	0	0	181	98	60	126	61	38	33	39	194	85	153	76	29	157	74	0	117	138	39	0	0	78	200	64	62	51	0	54	142	32	0	6	0	55	142	0	134	123	220	37	38	108	0	0	0	62	0	50	0	2	105	0	98	0	90	99	128	117	0	38	49	0	53	82	0	171	32	144	97	108	0	152	0
129	0	0	0	0	0	0	0	0	0	0	0	0	0	0	0	0	0	0	0	0	0	0	0	0	0	0	0	0	0	0	0	0	0	0	0	0	0	0	0	0	0	0	0	0	0	0	0	0	0	0	0	0	0	0	0	0	0	0	0	0	0	0	0	0	0	0	0	0	0	0	0	0	0	0	0	0	0	0	0	0	0	0	0	0	0	0	0	0	0	0	0	0	0	0	0	0	0	0	0	0	0	0	0	0	0	0	0	0	0	0	0	0	0	0	0	0	0	0	0	0	0	0	0	0	0	0	0	0	0	0	0	0	0	0	0	0	0	0	0	0	0	0	0	0	0	0	0	0	0	0	0	0	0	0	0	0	0	0	0	0	0	0	0	0	0	0	0	0	0	0	0	0	0	0	0	73	0	0	0	0	0	0	0	0	0	0	0	0	0	0	0	0	0	0	0	0	0	0	0	0	0	0	0	0	0	0	0	0	0	0	0	0	0	0	0	0	0	0	0	0	0	0	0	0	0	0	0	0	0	0	0	0	0	0	0	0	0	0	0	0	0	0	0	0	0	0	0	0	0	0	0	0	0	0	0	0	0	0	0	0	0	0	0	0	0	0	0	0	0	0	0	0	0	0	0	0	0	0	0	0	0	0	0	0	0	0	0	0	0	0	0	0	0	0	0	0	0	0	0	0	5	0	0	0	0	0	0	0	0	0	0	0	0	0	0	0	0	0	0	0	0	0	0	0	0	0	0	0	0	0	0	0	0	0	0	0	0	0	0	0	0	0	0	0	0	0	0	0	0	0	0	0	0	0	0	0	0	0	0	0	0	0	0	0	0	29	0	0	0	1	0	0	0	0	0	0	0	0	0	0	0	0	0	0	0	0	0	0	0	0	0	0	0	0	0	0	0	0	0	0	0	0	0	0	0	0	0	0	0	0	0	0	0	0	0	0	0	0	0	0	0	0	10	0	0	0	0	0	0	0	1	0	0	0	0	0	0	0	0	0	0	0	0	0	0	0	0	0	0	0	0	0	0	0	0	0	0	0	0	0	0	0	0	0	0	0	0	0	0	0	0	0	0	0	0	0	0	0	0	0	0	0	0	0	0	0	0	0	0	0	0	0	0	0	0	0	0	0	0	0	0	0	0	0	0	0	0	0	0	0	0	0	0	0	0	0	0	0	0	0	0	0	0	0	0	0	0	0	0	0	0	0	0	0	0	0	0	0	0	0	0	0	0	0	0	0	0	0	0	0	0	0	0	0	0	0	0	0	0	0	0	0	0	0	0	0	0	0	1	0	0	0	0	0	0	0	0	0	0	0	0	0	0	0	0	0	0	0	0	0	0	0	0	0	0	0	0	0	0	0	0	0	0	0	0	0	0	0	0	0	0	0	0	0	0	0	0	27	0	0	0	0	0	0	0	0	0	0	0	0	0	0	0	0	0	0	0	0	0	0	0	0	0	0	0	0	0	0	0	0	0	0	0	0	0	0	0	0	0	0	0	0	0	0	0	0	0	0	0	0	0	0	0	0	0	0	0	0	0	0	0	0	0	0	0	0	0	0	0	0	0	0	0	0	0	0	0	0	0	0	0	0	0	0	0	0	0	0	0	0	0	0	0	0	0	0	0	0	0	0	0	0	70	0	23	0	0	0	0	0	0	0	0	0	0	0	0	0	0	0	0	0	0	0	0	0	0	0	0	0	0	0	0	0	0	0	0	0	0	0	0	10	0	0	0	0	0	0	0	0	0	0	0	0	0	0	0	0	0	0	0	0	0	0	0	0	0	0	0	0	0	0	0	0	0	20	0	0	204	0	233	0	0	0	0	84	0	0	0	0	0	0	0	74	0	0	0	22	0	0	0	0	0	0	92	0	0	0	0	0	0	0	0	166	194	188	0	71	216	0	0	0	0	0	0	0	0	0	0	0	72	0	0	6	0	0	104	0	0	86	44	0	1	86	0	0	0	0	0	0	0	0	0	0	0	0	145	0	42	55	0	0	0	93	0	0	0	0	0	0	0	0	230	0	0	0	0	0	0	0	263	68	43	0	55	137	139	19	0	0	0	50	0	0	0	0	0	0	24	69	178	0	0	0	0	169	0	79	29	0	403	128	133	0	0	0	3	0	0	72	111	0	0	15	105	337	0	160	56	104	0	0	172	0	34	225	0	0	79	0	0	113	60	0	70	0	0	32	55	0	0	0	0	0	0	0	113	83	0	0	34	0	141	0	78	85	0	0	1	62	0	34	24	36	0	0	0	24	84	8	145	30	157	33	0	0	81	0	33	79	47	143	0	68	0	103	80	0	0	0	19	1	127	55	22	0	0	184	214	47	135	163	218	59	161	309	43	74	90	67	111	51	0	256	251	201	0	0	12	84	150	139	189	0	81	172	36	0	5	0	78	94	0	140	43	37	29	68	101	0	0	0	137	0	93	0	0	106	0	100	0	285	98	24	68	0	44	52	1	271	82	0	180	92	34	0	49	0	17	0
130	0	0	0	0	0	0	0	0	0	0	0	0	0	0	0	0	0	0	0	0	0	0	0	0	0	0	0	0	0	0	0	0	0	0	0	0	0	0	0	0	0	0	0	0	0	0	0	0	0	0	0	0	0	0	0	0	0	0	0	0	0	0	0	0	0	0	0	0	0	0	0	0	0	0	0	0	0	0	0	0	0	0	0	0	0	0	0	0	0	0	0	0	0	0	0	0	0	0	0	0	0	0	0	0	0	115	0	0	0	0	0	0	0	0	0	0	0	0	0	0	0	0	0	0	0	0	0	0	0	0	0	0	0	0	0	0	0	0	0	0	0	0	0	0	0	0	0	0	0	0	0	0	0	0	0	0	0	0	0	0	0	0	0	0	0	0	0	0	0	0	0	0	0	0	0	0	0	0	0	0	0	0	0	0	0	0	0	0	0	0	0	0	0	0	0	0	0	0	0	0	0	0	0	0	0	0	0	0	0	0	0	0	0	0	0	0	0	0	0	0	0	0	0	0	0	0	0	0	0	0	0	0	0	0	0	0	0	0	0	0	0	0	0	0	0	0	0	0	0	0	0	0	0	0	0	0	0	0	0	0	0	0	0	0	0	0	0	0	0	0	0	0	0	0	0	0	0	0	0	0	0	0	0	0	0	0	0	0	0	0	0	5	0	0	0	0	0	0	0	0	0	0	0	0	0	0	0	0	0	0	0	0	0	0	0	0	0	0	1	0	0	0	0	0	0	0	0	0	0	0	0	0	0	0	0	0	0	0	0	0	0	0	0	0	0	0	0	0	0	0	0	0	0	0	0	0	25	0	0	0	0	0	0	0	0	0	0	0	0	0	0	0	0	0	0	0	0	0	0	0	0	0	0	0	0	0	0	0	0	0	0	0	0	0	0	0	0	0	0	0	0	0	0	0	0	0	0	0	0	0	0	0	0	0	0	0	0	0	0	0	0	0	0	0	0	0	0	0	0	0	0	0	0	0	0	0	0	0	0	0	0	0	0	0	0	0	0	0	0	0	0	0	0	0	0	0	0	0	0	0	0	0	0	0	0	0	0	0	0	0	0	0	0	0	0	0	0	0	0	0	0	0	0	0	0	0	0	0	0	0	0	0	0	0	0	0	0	0	0	0	0	0	0	0	0	0	0	0	0	0	0	0	0	0	0	0	0	0	0	0	0	0	0	0	0	0	0	0	0	0	0	0	0	0	0	0	0	138	0	0	0	0	0	0	0	0	0	0	0	0	0	0	0	0	0	0	0	0	0	0	0	0	0	0	0	0	0	0	0	0	0	0	0	0	0	0	0	0	0	0	0	0	0	0	0	0	0	0	0	0	0	3	0	0	0	0	0	0	0	0	0	0	0	0	0	0	0	0	0	0	0	0	0	0	0	0	0	52	0	129	0	0	0	0	0	0	0	0	0	0	0	0	0	0	0	56	0	0	0	0	0	0	0	0	0	0	0	0	0	0	0	0	0	0	0	0	0	0	0	0	0	0	0	6	0	0	0	0	0	0	0	0	0	0	0	0	0	0	0	0	0	0	0	0	0	8	0	0	0	0	0	0	0	0	0	0	0	0	0	0	0	0	0	0	0	0	0	0	0	0	0	0	0	0	0	0	0	0	0	0	0	0	24	0	17	0	0	0	0	0	0	0	0	0	0	0	0	0	0	0	0	0	0	0	0	0	0	0	0	0	0	0	0	0	0	0	0	0	0	0	0	119	0	0	0	0	0	0	0	0	0	0	0	0	0	0	0	0	0	0	0	0	0	0	0	0	0	0	0	0	0	0	0	0	0	106	0	0	40	0	42	0	0	0	0	253	0	0	0	0	0	0	0	41	0	0	0	124	0	0	0	0	0	0	46	0	0	0	0	0	0	0	10	7	72	21	0	65	63	0	0	0	0	0	0	0	0	0	0	0	120	0	0	36	0	0	103	0	1	69	155	0	0	77	0	0	0	0	0	0	0	0	0	0	0	0	81	0	33	0	0	0	36	126	0	0	0	0	0	0	0	0	252	0	0	0	0	0	0	0	125	280	0	0	40	80	74	90	0	0	0	67	0	0	29	0	0	0	160	175	254	0	0	0	0	184	0	28	91	0	172	118	29	0	0	0	0	0	0	64	81	1	0	26	48	175	0	59	45	53	0	0	114	0	165	173	0	0	37	0	0	381	35	0	68	0	0	115	49	0	0	0	0	0	0	0	111	60	0	0	56	0	51	0	109	27	0	4	0	94	0	28	80	38	0	0	0	31	21	22	44	129	89	369	0	0	62	0	190	71	16	82	0	38	0	58	41	0	0	0	176	3	164	230	0	0	0	146	250	76	7	301	128	90	65	45	29	182	14	220	104	216	0	325	93	150	0	0	267	88	235	39	36	0	69	85	106	0	85	0	40	345	0	111	28	16	39	15	525	0	0	0	45	0	57	0	0	129	0	170	0	130	15	43	77	64	5	86	0	138	119	0	68	196	211	214	57	0	51	0
131	0	0	0	0	0	0	0	0	0	0	0	0	0	0	0	0	0	0	0	0	0	0	0	0	0	0	0	0	0	0	0	0	0	0	0	0	0	0	0	0	0	0	0	0	0	0	0	0	0	0	0	0	0	0	0	0	0	0	0	0	0	0	0	0	0	0	0	0	0	0	0	0	0	0	0	0	0	0	0	0	0	0	0	0	0	0	0	0	0	0	0	0	0	0	0	0	0	0	0	0	0	0	0	0	0	0	0	0	0	0	0	0	0	0	0	0	0	0	0	0	0	0	0	0	0	0	0	0	0	0	0	0	0	0	0	0	0	0	0	0	0	0	0	0	0	0	0	0	0	0	0	0	0	0	0	0	0	0	0	0	0	0	0	0	0	0	0	0	0	0	0	0	0	0	0	0	0	0	0	0	0	0	0	0	0	0	0	0	0	0	0	0	0	0	0	0	0	0	0	32	0	0	0	0	0	0	0	0	0	0	0	0	0	0	0	0	0	0	0	0	0	0	0	0	0	0	0	0	0	0	0	0	0	0	0	0	0	0	0	0	0	0	0	0	0	0	0	0	0	0	0	0	0	0	0	0	0	0	0	0	0	0	0	0	0	0	0	0	0	0	0	0	0	0	0	0	0	0	0	0	0	0	0	0	0	0	0	0	0	0	0	0	0	0	0	0	0	0	0	51	0	0	0	0	0	0	0	0	0	0	0	0	0	4	0	0	0	0	0	0	0	0	0	0	0	0	0	0	0	0	0	0	0	0	0	0	0	0	0	0	0	0	0	0	0	0	0	0	0	0	0	0	0	0	0	0	0	0	0	0	0	0	0	0	0	0	0	0	0	0	0	0	0	0	0	0	0	0	0	0	0	0	0	0	0	0	0	0	0	0	0	0	0	1	0	0	0	0	0	0	0	0	0	0	0	0	0	0	0	0	0	0	0	0	0	0	0	0	0	0	0	0	0	0	0	0	0	0	0	0	0	0	0	0	0	0	0	0	0	0	0	0	0	0	0	0	0	0	0	0	0	0	0	0	0	0	0	0	0	0	0	0	0	0	0	0	0	0	0	0	0	0	0	0	0	0	0	0	0	0	0	0	0	0	0	0	0	0	0	0	0	0	0	0	0	0	0	0	0	0	0	0	0	0	0	0	0	10	0	0	0	0	0	0	0	0	0	0	0	0	0	0	0	0	0	0	0	0	0	0	0	0	0	0	0	0	0	448	0	0	0	0	0	0	0	0	0	0	0	0	0	0	0	0	0	0	0	0	0	0	0	0	0	0	0	0	0	0	0	0	0	0	0	0	0	0	0	0	0	0	0	0	0	0	0	0	0	0	1	0	0	0	0	0	0	0	0	0	0	0	0	0	0	0	0	0	0	0	0	0	0	0	0	0	0	0	0	22	0	53	0	0	0	0	0	0	0	0	0	0	0	0	0	0	0	0	0	0	0	0	0	0	0	0	0	0	0	0	0	0	0	0	0	0	0	0	0	0	0	0	0	0	0	0	0	0	37	0	0	0	0	0	0	0	0	0	0	0	0	0	0	0	0	0	0	0	0	0	0	0	0	0	3	0	0	0	0	0	0	0	0	0	0	0	0	0	0	0	0	0	0	0	0	0	0	0	0	0	0	0	0	0	126	0	61	0	0	0	0	0	0	0	0	0	0	0	0	0	0	0	0	0	0	0	0	0	0	0	0	0	0	0	0	0	0	0	0	0	0	0	0	169	0	0	0	0	0	0	0	0	0	0	0	0	0	0	0	0	0	0	0	0	0	0	0	0	0	0	0	0	0	0	0	0	0	110	0	0	97	0	122	0	0	0	0	109	0	0	0	0	0	0	0	63	0	0	0	75	0	0	0	0	0	0	102	0	0	0	0	0	0	0	0	141	106	49	0	49	22	0	0	0	0	0	0	0	0	0	0	0	31	0	0	102	0	0	116	0	0	80	68	0	0	98	0	0	0	0	0	0	0	0	0	0	0	0	62	0	87	0	0	0	0	56	0	0	0	0	0	0	0	0	266	0	0	0	0	0	0	0	17	70	42	0	84	102	190	381	0	0	0	67	0	0	0	0	0	0	123	70	14	0	0	0	0	63	0	34	232	0	237	197	56	0	0	0	0	0	0	0	87	0	0	67	136	109	0	317	35	120	0	0	138	0	145	115	0	0	36	0	0	45	359	0	24	0	0	84	94	0	5	0	0	0	0	0	270	123	0	0	55	0	27	0	53	11	0	0	0	14	0	314	172	18	0	0	0	54	121	47	79	117	82	26	0	0	82	0	17	39	8	105	0	81	0	3	170	0	0	0	80	86	47	117	41	0	0	85	179	106	23	28	34	56	81	44	201	265	432	50	10	44	0	22	41	43	0	0	23	103	101	20	58	0	97	97	128	0	16	0	12	54	0	53	59	61	64	28	163	0	0	0	71	0	180	0	0	3	0	23	1	161	194	43	169	0	55	24	0	86	166	0	132	280	30	4	23	0	55	0
132	0	0	0	0	0	0	0	0	0	0	0	0	0	0	0	0	0	0	0	0	0	0	0	0	0	0	0	0	0	0	0	0	0	0	0	0	0	0	0	0	0	0	0	0	0	0	0	0	0	0	0	0	0	0	0	0	0	0	0	0	0	0	0	0	0	0	0	0	0	0	0	0	0	0	0	0	0	0	0	0	0	0	0	0	0	0	0	0	0	0	0	0	0	0	0	0	0	0	0	0	0	0	0	0	0	0	0	0	0	0	0	0	0	0	0	0	0	0	0	0	0	0	0	0	0	0	0	0	0	0	0	0	0	0	0	0	0	0	0	0	0	0	0	0	0	0	0	0	0	0	0	0	0	0	0	0	0	0	0	0	0	0	0	0	0	0	0	0	0	0	0	0	0	0	0	0	0	0	0	0	0	0	0	0	0	0	0	0	0	0	0	0	0	0	0	0	0	0	0	0	0	0	0	0	0	0	0	0	0	0	0	0	0	0	0	0	0	0	0	0	0	0	0	0	0	0	0	0	0	0	0	0	0	0	0	0	0	0	0	0	0	0	0	0	0	0	0	0	0	0	0	0	0	0	0	0	0	0	0	0	0	0	0	0	0	0	0	0	0	0	0	0	0	0	0	0	0	0	0	0	0	0	0	0	0	0	0	0	0	0	0	0	0	0	0	0	0	0	0	0	0	0	0	0	0	0	0	0	0	0	0	0	0	0	0	0	0	0	0	0	0	0	0	0	0	0	0	0	0	0	0	0	0	0	0	0	0	0	0	0	0	0	0	0	0	0	0	0	0	0	0	0	0	0	0	0	0	0	0	0	0	0	0	0	0	0	0	0	0	0	0	0	0	0	0	0	0	0	0	0	0	0	0	0	0	0	0	0	0	0	0	0	0	0	0	0	0	0	0	0	0	0	0	0	0	0	0	0	0	0	0	0	0	0	0	0	0	0	0	0	0	0	0	0	0	0	0	0	0	0	0	0	0	0	0	0	0	0	0	0	0	0	0	0	0	0	0	0	0	0	0	0	0	0	0	0	0	0	0	0	0	0	0	0	0	0	0	0	0	0	0	0	0	0	0	0	0	0	0	0	0	0	0	0	0	0	0	0	0	0	0	0	0	0	0	0	0	0	0	0	0	0	0	0	0	0	0	0	0	0	0	0	0	0	0	0	0	0	0	0	0	0	0	0	0	0	0	0	0	0	0	0	3	0	0	0	0	49	0	0	0	0	0	0	0	0	0	0	0	0	0	0	25	0	0	0	0	0	0	0	0	0	0	0	0	0	0	0	0	0	0	0	0	0	0	0	0	0	0	0	0	0	0	0	0	0	0	0	0	0	0	0	0	0	0	0	0	0	0	0	0	0	0	0	0	0	0	0	0	0	0	0	0	46	0	0	0	145	0	98	0	0	0	0	0	0	0	0	0	0	0	0	0	0	0	0	0	0	0	0	0	0	0	0	0	0	0	0	0	0	0	0	0	0	0	0	0	0	0	0	0	0	0	0	0	0	0	0	0	0	0	0	0	0	0	0	0	0	0	0	0	0	0	0	0	0	0	0	0	0	0	0	0	1	0	0	0	0	0	0	0	0	0	0	0	0	0	0	0	0	0	0	0	0	0	0	0	0	0	0	0	0	96	0	0	0	0	0	0	0	0	0	0	0	35	0	0	14	0	0	0	0	0	0	0	0	0	0	0	0	0	0	0	0	0	0	0	0	0	0	0	40	0	0	0	0	0	0	0	0	0	0	0	0	0	0	0	0	0	0	0	0	0	0	0	0	0	0	0	0	0	0	0	0	0	75	0	0	129	0	42	0	0	0	0	1	0	0	0	0	0	0	0	59	0	0	2	246	0	0	0	0	0	0	190	0	0	0	0	0	0	0	0	175	151	84	0	31	17	0	0	0	0	0	23	0	0	0	0	0	31	0	0	13	0	0	14	0	0	80	25	0	0	337	0	0	0	0	0	0	0	0	0	0	0	0	63	0	115	0	0	0	202	130	0	0	0	0	0	0	1	0	21	0	0	0	0	0	0	0	109	187	15	0	141	125	32	41	0	0	0	145	0	0	0	0	0	0	35	60	36	0	0	5	0	134	0	44	118	0	95	97	32	0	0	0	11	0	0	180	69	55	0	26	69	66	0	67	20	262	0	0	177	0	58	17	0	0	108	0	0	134	55	0	193	0	0	319	57	0	0	0	0	0	0	1	42	27	0	0	88	0	154	0	79	67	0	0	0	119	0	46	96	110	0	0	0	33	120	101	31	134	94	8	0	0	40	0	48	25	234	67	0	100	0	12	20	0	0	0	125	64	122	147	0	0	0	176	41	53	29	89	34	105	59	354	106	89	36	199	182	90	0	95	66	96	0	0	42	35	104	133	87	0	221	66	20	0	122	0	78	42	0	118	54	92	260	210	94	0	0	0	240	0	90	0	0	141	0	186	0	110	13	70	84	0	10	262	0	21	25	0	115	87	74	108	61	0	185	0
133	0	0	0	0	0	0	0	0	0	0	0	0	0	0	0	0	0	0	0	0	0	0	0	0	0	0	0	0	0	0	0	0	0	0	0	0	0	0	0	0	0	0	0	0	0	0	0	0	0	0	0	0	0	0	0	0	0	0	0	0	0	0	0	0	0	0	0	0	0	0	0	0	0	0	0	0	0	0	0	0	0	0	0	0	0	0	0	0	0	0	0	0	0	0	0	0	0	0	0	0	0	0	0	0	0	0	0	0	0	0	0	0	0	0	0	0	0	0	0	0	0	0	0	0	0	0	0	0	0	0	0	0	0	0	0	0	0	0	0	0	0	0	0	0	0	0	0	0	0	0	0	0	0	0	0	0	0	0	0	0	0	0	0	0	0	0	0	0	0	0	0	0	0	0	0	0	0	0	0	0	0	0	0	0	0	0	0	0	0	0	0	0	0	0	0	0	0	0	0	0	0	0	0	0	0	0	0	0	0	0	0	0	0	0	0	0	0	0	0	0	0	0	0	24	0	0	0	0	0	0	0	0	0	0	0	0	0	0	0	0	0	0	0	0	0	0	0	0	0	0	0	0	0	0	0	0	0	0	0	0	0	0	0	0	0	0	0	0	0	0	0	0	0	0	0	0	0	0	0	0	0	0	0	0	0	2	0	0	0	0	0	0	0	0	0	0	0	0	0	0	0	0	0	0	0	0	0	0	0	0	0	0	0	0	0	0	0	0	0	0	0	0	0	0	0	0	0	0	0	0	0	0	0	0	0	0	0	0	0	0	0	0	0	0	0	0	0	0	0	0	0	0	0	0	0	0	0	0	0	0	0	0	0	0	0	0	0	0	0	0	0	0	0	0	0	0	0	0	0	0	0	0	0	0	0	0	0	0	0	0	0	0	0	0	0	0	0	0	0	0	0	0	0	0	0	0	0	0	0	0	0	0	0	0	0	0	0	0	0	0	0	0	0	0	0	0	0	0	0	0	0	0	0	0	0	0	0	0	0	0	0	0	0	0	0	0	0	0	0	0	0	0	0	0	0	0	0	0	0	0	0	0	0	0	0	0	0	0	0	0	0	0	0	0	0	0	0	0	0	0	0	0	0	0	0	0	0	0	0	0	0	0	0	0	0	0	0	0	0	0	0	0	0	0	0	0	0	0	0	0	0	0	0	0	0	0	0	0	0	0	0	0	0	0	0	0	72	0	0	0	0	0	0	0	0	0	0	0	0	0	0	0	0	0	0	0	0	0	0	0	0	0	0	0	0	0	0	0	0	0	0	0	0	0	0	0	0	0	0	0	0	0	0	0	0	0	0	0	0	0	0	0	0	0	0	0	0	0	0	0	0	0	0	0	0	0	0	0	0	0	0	0	0	0	0	0	0	0	0	0	0	0	0	0	0	0	0	20	0	31	0	0	0	0	0	0	0	0	0	0	0	0	0	0	0	0	0	0	0	2	0	0	0	0	22	0	0	0	0	0	0	0	0	0	0	0	0	0	0	0	0	0	0	0	0	0	0	0	0	0	0	0	0	0	0	0	0	0	0	0	0	0	0	0	0	0	0	0	0	0	0	0	0	0	0	0	0	0	0	0	0	0	0	0	0	0	0	0	0	0	0	0	0	0	0	0	0	0	0	0	0	0	36	0	374	0	0	0	0	0	0	0	0	0	0	0	0	24	0	0	0	0	0	0	0	0	0	0	0	0	0	1	0	0	0	0	0	0	0	0	0	91	0	0	0	0	0	0	0	0	1	0	0	0	0	0	0	0	0	0	0	0	0	0	0	0	0	0	0	0	0	0	0	0	0	53	0	0	136	0	147	0	0	0	0	170	0	0	0	0	0	0	0	82	0	0	0	177	0	0	0	0	0	0	130	0	0	0	0	0	0	0	0	31	4	121	0	107	74	0	0	0	0	0	0	0	0	0	0	0	134	0	0	0	0	0	254	0	0	96	43	0	0	86	0	0	0	0	0	0	0	0	0	0	0	0	152	0	41	4	0	0	0	47	0	0	0	0	0	0	0	0	12	0	0	0	1	0	0	0	102	85	23	0	54	20	32	60	0	0	0	43	0	0	129	0	0	0	219	138	177	0	0	0	0	94	0	32	158	0	40	77	100	0	0	0	0	0	0	40	153	0	0	107	90	76	0	23	2	167	0	0	111	0	19	126	0	0	37	0	0	59	35	0	113	0	0	211	92	0	0	0	0	0	0	0	55	74	0	0	69	0	129	0	239	123	0	25	0	91	0	12	120	60	0	0	0	36	133	105	70	68	40	88	0	38	59	0	239	38	251	361	0	148	0	43	198	0	0	0	209	0	51	138	221	0	0	107	71	120	86	40	42	101	234	12	132	86	31	35	91	132	0	47	112	76	0	0	93	162	63	131	379	0	93	47	172	0	26	0	52	94	0	136	28	32	41	42	77	0	0	0	13	0	108	0	0	160	0	71	0	170	23	34	206	0	40	220	0	51	155	0	241	165	141	94	86	0	115	0
134	0	0	0	0	0	0	0	0	0	0	0	0	0	0	0	0	0	0	0	0	0	0	0	0	0	0	0	0	0	0	0	0	0	0	0	0	0	0	0	0	0	0	0	0	0	0	0	0	0	0	0	0	0	0	0	0	0	0	0	0	0	0	0	0	0	0	0	0	0	0	0	0	0	0	0	0	0	0	0	0	0	0	0	0	0	0	0	0	0	0	0	0	0	0	0	0	0	0	0	0	0	0	0	0	0	0	0	0	0	0	0	0	0	0	0	0	0	0	0	0	0	0	0	0	0	0	0	0	0	0	0	0	1	0	0	0	0	0	0	0	0	0	0	0	0	0	0	0	0	0	0	0	0	0	0	0	0	0	0	0	0	0	0	0	0	0	0	0	0	0	0	0	0	0	0	0	0	0	0	0	0	0	0	0	0	0	0	0	0	0	0	0	0	0	1	0	0	0	0	0	0	0	0	0	0	0	8	0	0	1	0	0	0	0	0	0	0	0	0	0	0	0	0	0	0	0	0	0	0	0	0	0	0	0	0	0	0	0	0	0	0	0	0	0	0	0	0	0	0	0	0	0	0	0	0	0	0	0	0	0	0	0	0	0	0	0	0	0	0	0	0	0	0	0	5	0	0	0	0	0	0	0	0	0	0	0	0	0	0	0	0	0	0	0	0	0	0	0	0	0	0	0	0	0	0	0	0	0	0	0	0	0	0	0	0	0	0	0	0	0	0	0	0	0	0	0	0	0	0	0	0	0	0	0	0	0	0	0	2	0	0	0	0	0	0	0	0	0	0	0	0	0	0	0	0	0	0	0	0	0	0	0	0	0	0	0	0	0	0	0	0	0	0	0	0	0	0	0	0	0	0	0	0	0	0	0	0	0	0	0	0	0	0	0	0	0	0	0	0	0	0	0	0	0	0	0	0	9	0	0	0	0	0	0	0	0	0	0	0	0	0	0	0	0	0	0	0	0	0	0	0	0	0	0	0	0	0	0	0	0	0	0	0	0	0	0	0	0	0	0	0	0	0	0	0	0	0	0	0	0	0	0	0	1	0	0	0	0	0	0	0	0	0	0	0	0	0	0	0	0	0	0	0	0	0	0	0	0	0	0	0	0	0	0	0	0	0	0	0	0	0	0	0	0	0	0	0	0	0	0	0	0	0	0	0	0	0	1	0	0	0	0	0	0	0	0	0	0	0	0	0	0	0	0	0	0	0	14	0	0	0	0	0	0	0	0	0	0	0	0	0	0	0	0	0	0	0	0	0	0	0	0	0	0	0	0	0	0	0	0	0	0	0	0	0	0	0	0	0	0	0	0	0	0	0	0	0	0	0	0	0	0	0	0	0	0	0	0	0	0	0	0	0	0	0	0	0	0	0	0	0	0	0	0	0	0	0	189	0	80	0	0	0	0	0	0	0	0	0	0	0	0	0	0	0	0	0	0	0	0	0	0	0	0	0	0	0	0	0	0	0	0	0	0	0	0	0	0	0	0	0	0	0	0	0	0	0	0	0	0	0	0	0	0	0	0	0	0	0	0	0	0	0	0	0	0	0	0	0	0	0	0	0	0	0	0	0	0	0	0	0	0	0	0	0	0	0	0	0	0	0	0	0	0	0	0	0	0	0	0	0	0	114	0	8	0	0	0	0	0	0	0	0	0	0	0	0	0	0	0	0	0	0	0	0	0	0	0	0	0	0	0	0	0	0	0	0	0	0	0	0	3	0	0	0	0	0	0	0	0	0	0	0	0	0	0	0	0	0	0	0	0	0	0	0	0	0	0	0	0	0	0	0	0	0	125	0	0	35	0	31	0	0	0	0	71	0	0	0	0	0	0	0	95	0	0	0	135	0	0	0	0	0	0	130	0	0	0	0	0	0	0	0	108	19	32	0	122	52	0	0	0	0	0	0	0	0	0	0	9	145	0	0	0	0	0	380	0	0	54	27	0	0	29	0	0	0	0	0	0	0	0	0	0	0	0	391	0	65	0	0	0	0	177	0	0	0	0	0	0	0	0	57	0	0	0	0	0	0	0	91	113	9	0	78	21	130	38	0	0	0	84	0	0	61	0	1	0	64	18	69	0	0	0	0	54	0	218	38	0	96	60	83	0	0	0	0	0	0	32	189	0	0	44	87	60	0	91	26	95	0	0	7	0	64	162	0	0	147	0	0	18	226	0	33	0	0	141	136	0	0	0	0	0	0	0	45	50	0	0	287	0	27	0	98	227	0	0	0	61	0	45	86	50	0	0	0	86	77	9	105	93	171	158	0	0	49	0	148	55	211	115	0	66	0	63	30	0	0	0	150	32	313	12	19	0	0	64	61	66	228	146	122	41	85	47	150	70	213	10	161	146	0	39	182	126	0	0	174	205	43	44	32	0	110	55	159	0	53	0	168	55	0	263	77	192	64	63	77	0	0	0	43	0	70	0	0	76	0	19	0	22	63	38	111	0	58	58	0	100	142	0	255	181	32	42	87	0	122	0
135	0	0	0	0	0	0	0	0	0	0	0	0	0	0	0	0	0	0	0	0	0	0	0	0	0	0	0	0	0	0	0	0	0	0	0	0	0	0	0	0	0	0	0	0	0	0	0	0	0	0	0	0	0	0	0	0	0	0	0	0	0	0	0	0	0	0	0	0	0	0	0	0	0	0	0	0	0	0	0	0	0	0	0	0	0	0	0	0	0	0	0	0	0	0	0	0	0	0	0	0	0	0	0	0	0	0	0	0	0	0	0	0	0	0	0	0	0	0	0	0	0	0	0	0	0	0	0	0	0	0	0	0	0	0	0	0	0	0	0	0	0	0	0	0	0	0	0	0	0	0	0	0	0	0	0	0	0	0	0	0	0	0	0	0	0	0	0	0	0	0	0	0	0	0	0	0	0	0	0	0	0	0	0	0	0	0	0	0	0	0	0	0	0	0	0	0	0	0	0	0	0	0	0	0	0	0	0	0	0	0	0	0	0	0	0	0	0	0	0	0	0	0	0	0	0	0	0	0	0	0	0	0	0	0	0	0	0	0	0	0	0	0	0	0	0	0	0	0	0	0	0	0	0	0	0	44	0	0	20	0	0	0	0	0	0	0	0	0	0	0	0	0	0	0	0	0	0	0	0	0	0	0	0	0	0	0	0	0	0	0	0	0	0	0	0	0	0	0	0	0	0	0	0	0	0	0	0	0	0	0	0	0	0	0	0	0	0	0	0	0	0	0	0	0	0	0	0	0	0	0	0	0	0	0	0	0	0	0	0	0	0	0	0	0	0	0	0	0	0	0	0	0	0	0	0	0	0	0	0	0	0	0	0	0	0	0	0	0	0	0	0	0	0	0	0	0	0	0	0	0	0	0	0	0	0	0	0	0	0	0	0	0	0	0	6	0	0	0	0	0	0	0	0	0	0	0	0	0	0	0	0	0	0	0	0	0	0	0	0	0	0	0	0	0	0	0	0	0	0	0	0	0	0	0	0	0	0	0	0	0	0	0	0	0	0	0	0	0	0	0	0	0	0	0	0	0	0	0	0	0	0	0	0	0	0	0	0	0	0	0	0	0	0	0	0	0	0	0	0	0	0	0	0	0	0	0	0	0	0	0	0	0	0	0	0	0	0	0	0	0	0	0	0	0	0	0	1	0	0	0	0	0	0	0	0	0	0	0	0	0	0	0	0	0	0	0	0	0	0	0	0	0	0	0	0	0	0	177	0	0	0	0	0	0	0	0	0	0	0	0	0	0	0	0	0	0	0	0	0	0	0	0	0	0	0	0	0	0	0	0	0	0	0	0	0	0	0	0	0	0	0	0	0	0	0	0	0	0	0	0	0	0	0	0	0	0	0	0	0	0	0	0	0	0	0	0	0	0	0	0	0	0	0	0	0	0	0	60	0	173	0	0	0	0	0	0	0	0	0	0	0	0	0	0	0	0	0	0	0	0	0	0	0	0	0	0	0	0	0	1	0	0	0	0	0	0	0	0	0	0	0	0	0	0	0	0	0	0	0	0	0	0	0	0	0	0	0	0	0	0	0	0	0	0	0	0	0	0	0	0	0	0	0	0	0	0	0	0	0	0	0	0	0	0	0	0	0	0	0	0	0	0	0	0	0	0	0	0	0	0	0	0	47	0	2	0	0	0	0	0	0	0	0	0	0	0	0	0	55	0	0	0	0	0	0	0	0	0	0	0	0	0	0	0	0	21	0	0	0	0	0	8	0	0	0	0	0	0	0	0	0	0	0	0	0	0	0	0	0	0	0	0	0	0	10	0	0	0	0	0	0	0	0	0	0	39	0	0	24	0	174	0	0	0	0	124	0	0	0	0	0	0	0	72	0	0	0	156	0	0	0	0	0	0	27	0	0	0	0	0	0	266	0	120	74	88	0	241	61	0	0	0	0	0	0	0	0	0	0	0	278	2	0	95	0	0	90	0	0	55	112	0	0	109	0	0	0	0	0	0	0	0	0	0	0	0	73	0	196	0	0	0	0	57	0	0	0	0	0	0	0	0	100	0	0	0	0	0	0	0	58	30	0	0	112	97	95	171	0	0	0	46	0	0	80	0	0	0	21	56	47	0	0	0	0	23	0	196	138	0	228	91	176	0	0	0	12	0	0	125	88	53	0	264	142	133	0	57	41	87	0	0	70	0	113	106	0	0	31	0	0	167	65	0	114	0	0	180	68	0	0	0	0	0	0	0	112	300	0	0	70	0	137	0	268	110	0	0	0	209	0	71	8	138	0	0	0	94	78	161	33	211	154	145	0	0	188	0	52	40	59	60	0	135	0	48	136	0	0	0	285	38	55	62	0	0	0	118	18	69	140	64	48	55	67	116	285	105	18	47	35	31	0	172	79	23	0	0	53	146	97	203	131	0	55	198	47	0	0	0	53	22	0	15	198	216	139	22	20	0	0	0	91	0	185	0	0	68	0	56	0	27	27	105	136	0	65	147	0	77	51	0	10	52	66	0	143	3	142	0
136	0	0	0	0	0	0	0	0	0	0	0	0	0	0	0	0	0	0	0	0	0	0	0	0	0	0	0	0	0	0	0	0	0	0	0	0	0	0	0	0	0	0	0	0	0	0	0	0	0	0	0	0	0	0	0	0	0	0	0	0	0	0	0	0	0	0	0	0	0	0	0	0	0	0	0	0	0	0	0	0	0	0	0	0	0	0	0	0	0	0	0	0	0	0	0	0	0	0	0	0	0	0	0	0	0	0	0	0	0	0	0	0	0	0	0	0	0	0	0	0	0	0	0	0	0	0	0	0	0	0	0	0	0	0	0	0	0	0	0	0	0	0	0	0	0	0	0	0	0	0	0	0	0	0	0	0	0	0	0	0	0	0	0	0	0	0	0	0	0	0	0	0	0	0	0	0	0	2	0	0	0	0	0	0	0	0	0	0	0	0	0	0	0	0	0	0	0	0	0	0	0	0	0	0	0	0	0	0	0	0	0	0	0	0	0	0	0	0	0	0	0	0	0	0	0	0	0	0	0	0	0	0	0	0	0	0	0	0	0	0	0	0	0	0	0	0	0	0	0	0	0	0	0	0	0	0	0	0	0	0	0	0	0	0	0	0	0	0	0	0	0	0	0	0	0	0	0	0	0	0	0	0	0	0	0	0	0	0	0	0	0	0	0	0	0	0	0	0	0	0	0	0	0	1	0	0	0	0	0	0	0	0	0	0	0	0	0	0	0	0	0	0	0	0	0	0	0	0	0	0	0	0	0	0	0	0	0	0	0	0	0	0	0	0	0	0	0	0	0	0	0	0	0	0	0	0	2	0	0	0	0	0	0	0	0	0	0	0	0	0	0	0	0	0	0	0	0	0	0	0	0	0	0	0	0	0	0	0	0	0	0	0	0	0	0	0	0	0	0	0	0	0	0	0	0	0	0	0	0	0	0	0	0	0	0	0	0	0	0	0	0	0	0	0	0	0	0	0	0	0	0	0	0	0	0	0	0	0	0	0	0	0	0	0	0	0	0	0	0	0	0	0	0	0	0	0	0	0	0	0	0	0	0	0	0	0	0	0	0	0	0	0	0	0	0	0	0	0	0	0	0	0	0	0	0	0	0	0	0	0	0	0	0	0	0	2	0	0	0	0	0	0	0	0	0	0	0	0	0	0	0	0	0	0	0	0	0	0	0	0	0	0	0	0	0	0	0	0	0	0	0	0	0	0	0	0	0	16	0	0	0	0	0	0	0	0	0	0	0	0	0	0	0	0	0	0	0	0	0	0	0	0	0	0	0	0	0	0	0	0	0	0	0	0	0	0	0	0	0	0	0	0	0	0	0	0	0	0	0	0	0	0	0	0	0	0	0	0	0	0	0	0	0	0	0	0	0	0	0	0	0	0	0	0	0	0	0	52	0	59	0	0	0	0	0	0	0	0	0	0	0	0	0	0	0	0	0	0	0	0	0	0	0	0	0	0	0	0	0	0	0	0	22	0	33	0	0	0	0	0	0	0	0	0	0	0	0	0	0	0	0	0	0	0	0	0	0	0	0	0	0	0	0	5	0	0	0	0	0	0	0	0	0	0	0	0	0	0	0	0	0	0	0	0	0	0	0	0	0	0	0	0	0	0	0	0	0	0	0	0	0	0	75	0	106	0	0	0	0	0	0	0	0	0	0	0	0	29	0	0	0	0	0	0	0	0	0	0	0	0	0	0	0	0	0	16	0	0	0	0	0	72	0	0	0	0	0	0	0	0	0	0	0	0	0	0	0	0	0	0	0	0	0	0	0	0	0	0	0	0	0	0	0	0	0	91	0	0	22	0	40	0	0	0	0	72	0	0	0	0	0	0	0	79	0	0	0	127	0	0	0	0	0	0	45	0	0	0	0	0	0	0	0	188	397	43	0	57	53	0	0	0	0	0	0	0	0	0	0	0	121	0	0	106	0	0	304	0	0	143	84	0	0	37	0	0	0	0	0	0	0	0	0	0	0	0	100	0	68	0	0	0	0	23	0	0	0	0	0	0	0	0	130	0	0	0	0	0	0	0	54	117	0	0	66	67	133	208	0	0	0	224	0	0	0	0	0	0	154	254	15	0	0	1	0	44	0	4	81	0	58	87	146	0	0	0	4	0	0	126	45	45	0	120	63	136	118	51	172	45	0	0	74	0	67	61	0	0	88	0	0	61	141	0	51	0	0	113	204	0	0	0	0	0	0	0	212	24	0	0	27	0	110	0	43	117	0	0	0	205	0	119	118	45	0	0	0	316	45	406	31	58	147	132	0	0	25	0	114	44	84	23	0	6	0	215	248	0	0	0	162	0	62	169	6	0	0	20	71	22	86	33	95	173	36	9	100	306	243	63	36	60	0	76	107	19	0	0	161	194	21	32	85	0	87	111	64	0	171	0	20	43	0	27	140	8	105	55	286	0	0	0	100	0	90	0	0	133	0	79	0	197	71	35	105	0	101	138	0	142	57	0	88	51	143	61	54	0	68	0
137	0	0	0	0	0	0	0	247	0	0	0	0	0	0	0	0	0	0	0	0	0	0	0	0	0	0	0	0	0	0	0	0	0	0	0	0	0	0	0	0	0	0	0	0	0	0	0	0	0	0	0	0	0	0	0	0	0	0	0	0	0	0	0	0	0	0	0	0	0	0	0	0	0	0	0	0	0	0	0	0	0	0	0	0	0	0	0	0	0	0	0	0	0	0	0	0	0	0	0	0	0	0	0	0	0	0	0	0	0	0	0	0	0	0	0	0	0	0	0	0	0	0	0	0	0	0	0	0	0	0	0	0	0	37	0	0	0	0	0	0	0	0	0	0	0	0	0	0	0	0	0	0	0	0	0	0	0	0	0	0	0	0	0	0	0	0	0	0	0	0	0	0	0	0	0	0	0	0	0	0	0	0	0	0	0	0	0	0	0	0	0	0	0	0	0	0	0	0	0	0	0	0	0	0	0	0	0	0	0	0	0	0	0	0	0	0	0	0	0	0	0	0	0	0	0	0	0	0	0	0	0	0	0	0	0	0	0	0	0	0	0	0	0	0	0	0	0	0	0	0	0	0	0	0	0	0	0	0	0	0	0	0	0	0	0	0	0	0	0	0	0	0	0	0	0	0	0	0	0	0	0	0	0	0	0	0	0	0	0	0	0	0	0	0	0	0	0	0	0	0	0	0	0	0	0	0	0	0	0	0	0	0	0	0	0	0	0	0	0	0	0	0	0	0	0	0	0	0	0	0	0	0	0	0	0	0	0	0	0	0	0	0	0	0	0	0	0	0	0	0	0	0	0	0	0	0	0	0	0	0	0	0	0	0	0	0	0	0	0	0	0	1	0	0	0	0	0	0	0	0	0	0	0	0	0	0	0	0	0	0	0	0	0	0	0	0	0	0	0	0	0	0	0	0	0	0	0	0	0	0	0	0	0	0	0	0	0	0	0	0	0	0	0	0	0	0	0	0	0	0	0	0	0	0	0	0	0	0	0	0	0	0	0	0	0	0	0	0	0	0	0	0	0	0	0	0	0	0	0	0	0	0	0	0	0	0	0	0	0	0	0	0	0	0	1	0	0	0	0	0	0	0	0	0	0	0	0	0	0	0	0	0	0	0	0	0	0	0	0	0	0	0	0	0	0	0	0	0	0	0	0	0	0	0	0	0	0	0	0	0	0	0	0	0	0	0	0	0	0	0	0	0	0	0	0	0	3	114	0	0	0	0	0	0	0	4	0	0	0	0	0	0	0	0	0	0	0	0	0	0	0	0	0	0	0	0	0	0	0	0	0	0	0	0	0	0	0	0	0	0	0	0	0	0	0	0	0	0	0	0	0	0	0	0	0	0	0	0	0	0	0	0	0	0	0	0	0	0	0	0	0	0	0	0	0	0	0	174	0	350	0	0	0	0	0	0	0	0	0	0	0	0	0	0	0	0	0	0	0	0	0	0	0	0	0	0	0	0	0	0	0	0	0	0	0	0	0	0	0	0	0	0	0	0	0	0	0	0	0	0	0	0	0	0	1	0	0	0	0	0	0	0	0	0	0	0	0	0	0	0	0	0	0	0	0	0	0	0	0	0	0	0	0	0	0	0	0	0	2	0	0	0	0	0	0	0	0	0	0	0	0	6	127	18	1	0	0	0	0	0	0	0	0	0	0	0	0	0	0	0	0	0	0	0	0	0	25	0	0	0	0	0	0	0	0	0	0	0	0	0	0	31	0	0	0	0	0	0	0	0	0	0	0	0	0	0	0	0	0	0	0	0	0	0	0	0	0	0	0	0	0	0	0	0	0	40	0	0	180	0	162	0	0	0	0	152	0	0	0	0	0	0	0	87	0	0	0	44	0	0	0	0	0	0	42	1	0	0	0	0	0	0	0	21	258	46	0	95	51	0	0	0	0	0	0	0	0	0	0	0	64	0	0	117	0	0	171	0	0	164	61	0	0	68	0	0	12	0	0	0	0	0	0	0	0	0	45	0	118	0	0	0	0	52	0	0	0	0	0	0	0	0	34	0	0	0	0	0	0	0	85	94	0	0	50	24	51	106	0	0	0	37	0	0	0	0	0	5	25	53	27	0	0	0	0	183	0	52	34	0	48	124	186	0	0	0	0	0	0	27	142	14	0	87	80	30	0	114	42	8	0	0	51	0	135	29	16	0	60	0	0	214	29	0	162	0	0	5	65	0	0	3	0	0	4	0	8	47	0	0	55	0	46	0	38	121	0	0	0	195	0	193	279	86	0	0	0	61	161	157	46	74	11	183	0	0	109	0	170	16	59	41	0	122	0	125	75	0	0	0	253	29	76	274	156	0	0	172	33	151	129	141	55	55	68	156	67	28	296	87	121	69	0	144	101	30	0	0	57	138	213	56	23	0	35	69	204	0	26	0	192	81	0	260	128	145	147	104	67	0	0	0	102	0	86	0	0	51	0	56	0	26	111	234	29	0	57	91	0	81	114	0	154	22	47	0	62	0	28	0
138	0	0	0	0	0	0	0	0	0	0	0	0	0	0	0	0	0	0	0	0	0	0	0	0	0	0	0	0	0	0	0	0	0	0	0	0	0	0	0	0	0	0	0	0	0	0	0	0	0	0	0	0	0	0	0	0	0	0	0	0	0	0	0	0	0	0	0	0	0	0	0	0	0	0	0	0	0	0	0	0	0	0	0	0	0	0	0	0	0	0	0	0	0	0	0	0	0	0	0	0	0	0	0	0	0	0	0	0	0	0	0	0	0	0	0	0	0	0	0	0	0	0	0	0	0	0	0	0	0	0	0	0	0	0	0	0	0	0	0	0	0	0	0	0	0	0	0	0	0	0	0	0	0	0	0	0	0	2	0	0	0	0	0	0	0	0	0	0	0	0	0	0	0	0	0	0	0	0	0	0	82	0	0	0	0	0	0	0	0	0	0	0	0	0	0	0	0	0	0	0	0	0	0	0	0	0	0	0	0	0	0	0	0	0	0	0	0	0	3	0	0	0	0	0	0	0	0	0	0	0	0	0	0	0	0	0	0	0	0	0	0	0	0	0	0	0	0	0	0	0	0	0	0	0	0	0	0	0	0	0	0	0	0	0	0	0	0	0	0	0	0	0	0	0	0	0	0	0	0	0	0	0	0	0	0	0	0	0	0	0	0	0	0	0	0	0	0	0	0	0	0	0	0	0	0	0	0	0	0	0	0	0	0	0	0	0	0	0	0	0	0	0	0	0	0	0	2	0	0	0	0	0	0	0	0	0	0	0	0	0	0	0	0	0	0	0	0	0	0	0	0	0	0	0	0	0	0	0	0	0	0	0	0	0	0	0	0	0	0	0	0	0	0	0	0	0	0	0	0	0	0	0	0	0	0	0	0	0	0	0	0	0	0	0	0	0	0	0	0	0	0	0	0	0	0	0	0	0	0	0	0	0	0	0	0	0	0	0	0	0	0	0	12	0	0	0	0	0	0	0	0	0	0	0	0	0	0	0	0	0	0	0	0	0	0	0	0	0	0	0	0	0	0	0	0	0	0	0	0	0	0	0	0	0	0	0	0	0	0	0	0	0	0	0	0	0	0	0	0	0	0	0	0	0	0	0	0	0	0	0	0	0	0	0	0	0	0	0	0	0	0	0	0	0	0	0	0	0	0	0	0	0	0	0	0	0	0	0	0	0	0	0	0	0	0	0	0	0	0	0	0	0	0	0	0	0	0	122	0	0	0	0	0	0	0	0	0	0	0	0	0	0	0	0	0	0	0	0	0	0	0	0	0	0	0	0	0	0	0	0	0	0	0	0	0	0	0	0	0	0	0	0	0	0	0	0	0	0	0	0	0	0	0	0	0	0	0	0	0	0	0	0	0	0	0	0	0	0	0	0	0	0	0	0	0	0	0	103	0	189	0	0	0	0	0	0	0	0	0	0	0	0	0	0	0	0	0	0	0	0	0	0	0	0	0	0	0	0	0	0	0	0	0	0	0	0	0	0	0	0	0	0	0	0	0	0	0	0	0	0	0	0	0	0	0	0	0	0	0	0	0	0	0	0	0	0	0	0	0	0	0	0	0	0	0	0	0	0	0	0	0	0	0	0	0	0	0	0	0	1	0	0	0	0	0	0	0	0	0	0	0	0	140	0	8	0	0	0	0	0	0	0	0	0	0	0	0	0	0	0	0	0	0	0	0	0	0	0	0	0	0	0	0	0	0	0	0	0	0	0	0	67	0	0	0	0	0	0	0	0	0	0	0	0	0	0	0	0	0	0	0	0	0	0	0	0	0	0	0	0	0	0	0	0	0	122	0	0	211	0	115	0	0	0	0	7	0	0	0	0	0	0	0	173	0	0	0	21	0	0	0	0	0	0	105	0	0	0	0	0	0	0	0	26	68	24	0	145	120	0	0	0	0	0	0	0	0	0	0	0	9	0	0	0	0	0	31	0	0	360	145	0	0	75	0	0	0	0	0	0	0	0	0	0	0	0	49	0	143	0	0	0	0	82	0	0	0	0	0	0	0	0	142	0	0	0	0	0	0	0	186	105	0	0	118	46	182	111	0	0	0	124	0	0	0	0	0	0	169	72	34	0	0	0	0	323	0	59	29	0	60	296	78	0	0	0	46	0	0	223	194	0	0	165	106	206	0	158	25	50	0	0	285	0	47	74	0	0	104	0	0	90	49	0	52	0	0	261	18	0	0	0	0	0	0	0	4	134	0	0	39	0	60	0	95	102	0	0	0	97	0	35	442	128	0	0	0	87	98	85	252	44	103	72	0	0	307	0	285	97	80	46	0	201	0	49	16	0	0	0	105	23	26	164	59	0	0	156	42	33	163	4	238	49	74	16	20	64	184	109	71	315	0	89	130	96	0	0	168	21	69	124	95	0	95	247	115	0	0	0	134	62	0	57	23	22	53	87	114	0	0	0	58	0	14	0	0	55	0	123	0	19	108	84	42	0	1	114	0	164	214	0	128	157	55	40	50	0	38	0
139	0	0	0	0	0	0	0	0	0	0	0	0	0	0	0	0	0	0	0	0	0	0	0	0	0	0	0	0	0	0	0	0	0	0	0	0	0	0	0	0	0	0	0	0	0	0	0	0	0	0	0	0	0	0	0	0	0	0	0	0	0	0	0	0	0	0	0	0	0	0	0	0	0	0	0	0	0	0	0	0	0	0	0	0	0	0	0	0	0	0	0	0	0	0	0	0	0	0	0	0	0	0	0	0	0	0	0	0	0	0	0	0	0	0	0	0	0	0	0	0	0	0	0	0	0	0	0	0	0	0	0	0	0	0	0	1	0	0	0	0	0	0	0	0	0	0	0	0	0	0	0	0	0	0	0	0	0	0	0	0	0	0	0	0	0	0	0	0	0	0	0	0	0	0	0	0	0	0	0	0	0	0	0	0	0	0	0	0	0	0	0	0	0	0	0	0	0	0	0	0	0	0	0	0	0	0	0	0	0	0	0	0	0	0	0	0	0	0	0	0	0	0	0	0	0	0	0	0	0	0	0	0	0	0	0	0	0	0	0	0	0	0	0	0	0	0	0	0	0	0	0	0	0	0	0	0	0	0	0	0	0	0	0	0	0	0	0	0	0	0	0	0	0	0	0	0	0	0	0	0	0	0	0	0	0	0	0	0	0	0	0	0	0	0	0	0	0	0	0	0	0	0	0	0	0	0	0	0	0	0	0	0	0	0	0	0	0	0	0	0	0	0	0	0	0	0	0	5	0	0	0	0	0	0	0	0	0	0	0	0	0	0	0	0	0	0	0	0	0	0	0	0	0	0	0	0	0	0	0	0	0	0	0	0	0	0	0	0	0	0	0	0	0	0	0	0	0	0	0	0	0	0	0	0	0	0	0	0	0	0	0	0	0	0	0	0	0	0	0	0	0	0	0	0	0	0	0	0	0	0	0	0	0	0	0	0	0	0	0	0	0	0	0	0	0	0	0	0	0	0	0	0	0	0	0	0	0	0	0	0	0	0	0	0	0	0	0	0	0	0	0	0	0	0	0	0	0	0	0	0	0	0	0	0	0	0	0	0	0	0	0	0	0	0	0	0	0	0	0	0	0	0	0	0	0	0	0	0	0	0	0	0	0	0	0	0	0	0	0	0	0	0	0	0	0	0	0	0	0	0	0	0	0	0	0	0	0	0	0	0	0	0	0	0	0	0	0	0	0	0	0	0	0	0	0	0	0	0	0	0	0	0	0	0	0	0	0	0	0	0	0	0	0	0	0	0	0	0	0	0	0	0	0	0	0	0	0	0	0	0	0	0	0	0	0	0	0	0	0	0	0	0	0	0	0	0	0	0	0	0	0	0	0	0	0	0	0	0	0	0	0	0	0	0	0	0	0	0	0	0	0	10	0	0	0	0	0	208	0	140	2	0	0	0	0	0	0	0	0	0	0	0	0	0	0	0	0	0	0	0	0	0	0	0	0	0	0	0	0	0	0	0	0	0	0	0	0	0	0	0	0	0	0	0	0	0	0	0	0	0	0	0	0	0	0	0	0	0	0	0	0	0	0	0	0	0	0	0	0	0	0	0	0	0	0	0	0	0	0	0	0	3	0	0	0	0	0	0	0	0	0	0	0	0	0	0	0	0	0	0	0	0	85	0	14	0	0	0	0	0	0	0	0	0	0	0	0	0	0	4	0	0	0	0	0	0	0	0	0	0	0	0	0	0	0	0	0	0	0	0	0	164	0	0	0	0	0	0	0	0	0	0	0	0	0	0	0	0	0	0	0	0	0	0	0	0	0	0	0	0	8	0	0	0	0	48	0	0	73	0	12	0	0	0	0	89	0	0	0	0	0	0	0	154	0	0	0	141	0	0	0	0	0	0	57	0	0	0	0	0	0	0	0	38	159	189	0	138	23	0	0	0	0	0	0	14	0	0	0	0	125	0	0	0	0	11	115	0	0	260	56	0	0	110	0	0	0	0	0	0	0	0	0	0	0	0	160	0	171	0	0	0	16	44	0	0	0	0	0	0	0	0	40	0	0	0	0	0	0	0	178	66	0	0	177	73	106	19	0	0	0	87	0	0	0	0	0	0	62	181	69	0	0	0	0	48	0	106	64	0	114	15	80	0	0	0	183	0	0	140	44	0	0	120	119	21	0	108	17	151	0	0	117	0	25	74	0	0	178	0	0	64	50	0	225	0	0	57	93	0	0	0	0	0	0	0	94	28	0	0	11	0	258	0	80	97	0	22	0	89	0	113	78	125	0	0	0	331	58	409	40	110	36	34	0	0	33	0	41	78	167	8	0	189	0	42	101	0	0	0	31	0	61	342	0	0	0	56	34	122	187	84	38	37	62	59	59	203	8	133	141	39	0	58	101	194	0	0	100	44	73	47	111	0	18	107	128	0	11	0	109	19	0	105	257	70	118	43	250	0	0	0	146	0	31	9	0	183	0	82	0	48	184	66	78	0	2	110	0	87	175	0	59	55	86	51	93	0	117	0
140	0	0	0	0	0	0	0	0	0	0	0	0	0	0	0	0	0	0	0	0	0	0	0	0	0	0	0	0	0	0	0	0	0	0	0	0	0	0	0	0	0	0	0	0	0	0	0	0	0	0	0	0	0	0	0	0	0	0	0	0	0	0	0	0	0	0	0	0	0	0	0	0	0	0	0	0	0	0	0	0	0	0	0	0	0	0	0	0	0	0	0	0	0	0	0	0	0	0	0	0	0	0	0	0	0	0	0	0	0	0	0	0	0	0	0	0	0	0	0	0	0	0	0	0	0	0	0	0	0	0	0	0	0	0	0	0	0	0	0	0	0	0	0	0	0	0	0	0	0	0	0	0	0	0	0	0	0	0	0	0	0	0	0	0	0	0	0	0	0	0	0	0	0	0	0	0	0	0	0	0	0	0	0	0	0	0	0	0	0	0	0	0	0	0	0	0	0	0	0	0	0	0	0	0	0	0	0	0	0	0	0	0	0	0	0	0	0	0	0	0	0	0	0	0	0	0	0	0	0	0	0	0	0	0	0	0	0	0	0	0	0	0	0	0	0	0	0	0	0	0	0	0	0	0	0	0	0	0	0	0	0	0	0	0	0	0	0	0	0	0	0	0	0	0	0	0	0	0	0	0	0	0	0	0	0	0	0	0	0	0	0	0	0	0	0	0	0	0	0	0	0	0	0	0	0	0	0	0	0	0	0	0	0	0	0	0	0	0	0	0	0	0	0	0	0	0	0	0	0	0	0	0	0	0	0	0	0	0	0	0	0	0	0	0	0	0	0	0	0	0	0	0	0	0	0	0	0	0	0	0	10	0	2	0	0	0	0	0	1	0	0	0	0	0	0	0	0	0	0	0	0	0	0	0	0	0	0	0	0	0	0	0	0	0	0	0	0	0	0	0	0	0	0	0	0	0	0	0	0	0	0	0	0	0	0	0	0	0	0	0	0	0	0	0	0	0	0	0	0	0	0	0	0	13	0	0	0	0	0	0	0	0	0	0	0	0	0	0	0	0	0	0	0	0	0	0	0	0	0	0	0	0	0	0	0	0	0	0	0	0	0	0	0	0	0	0	0	0	0	0	0	0	0	0	0	0	0	0	0	0	0	0	0	0	0	0	0	0	0	0	0	0	0	0	0	0	0	0	0	0	0	0	0	0	0	0	0	0	0	0	0	0	0	0	0	0	0	0	0	0	0	0	0	0	0	0	0	103	0	0	0	0	0	0	0	0	0	0	0	0	0	0	0	0	0	0	0	0	0	0	0	0	0	0	0	0	0	0	0	0	0	0	0	0	0	0	0	0	0	0	0	0	0	0	0	0	0	0	0	0	0	0	0	0	0	0	0	0	0	0	0	0	0	0	0	0	0	0	0	0	0	0	0	0	0	0	0	168	0	84	0	0	0	0	0	0	0	0	0	0	0	0	0	0	0	0	0	0	0	0	0	0	0	0	0	0	0	0	0	0	0	0	0	0	0	0	0	0	0	0	0	0	0	0	0	0	0	0	0	0	0	0	0	0	0	0	0	0	0	0	0	0	0	0	0	0	0	0	0	0	0	0	0	0	0	0	0	0	0	0	0	0	0	0	0	0	0	0	0	0	0	0	0	0	0	0	0	0	0	12	36	0	49	0	7	0	0	0	0	0	0	0	0	0	0	0	0	0	19	0	0	0	0	0	0	0	0	0	0	0	0	0	0	0	0	0	0	0	0	0	0	7	0	0	0	0	0	0	0	0	0	0	0	0	0	0	0	0	0	0	0	0	0	0	0	0	0	0	0	0	0	0	0	0	0	24	0	2	52	0	95	0	0	0	0	99	0	0	0	0	0	0	0	74	0	0	0	176	0	0	0	0	0	0	47	0	0	0	0	0	0	4	0	182	136	104	0	229	123	0	0	0	0	0	0	0	0	0	0	5	104	0	0	48	0	0	40	0	0	102	171	0	0	68	0	0	0	0	0	0	0	0	0	0	0	0	127	0	291	4	0	0	0	21	0	0	0	0	0	0	0	0	18	0	0	0	0	0	0	0	190	33	31	0	26	99	57	61	0	0	0	124	0	0	0	0	0	0	77	73	55	0	0	0	0	109	2	36	194	0	226	77	224	0	0	0	40	0	0	78	237	1	0	52	55	66	0	58	3	23	0	0	455	0	65	123	0	0	76	89	0	14	45	0	29	0	0	101	122	0	0	0	0	0	0	0	106	121	0	0	35	0	61	0	58	162	0	13	0	30	0	204	122	82	0	0	0	35	113	37	43	164	46	208	0	0	118	0	133	60	11	81	2	32	0	58	176	0	0	0	32	0	94	20	103	0	0	83	330	106	67	75	181	95	332	202	134	33	57	92	43	25	0	60	94	133	0	0	43	71	81	57	47	0	142	13	30	0	38	0	25	72	0	108	47	66	27	56	94	0	0	0	26	0	46	0	0	5	0	68	0	29	67	42	117	49	104	14	0	120	104	0	75	152	196	11	257	0	134	0
141	0	0	0	0	0	0	0	0	0	0	0	0	0	0	0	0	0	0	0	0	0	0	0	0	0	0	0	0	0	0	0	0	0	0	0	0	0	0	0	0	0	0	0	0	0	0	0	0	0	0	0	0	0	0	0	0	0	0	0	0	0	0	0	0	0	0	0	0	0	0	0	0	0	0	0	0	0	0	0	0	0	0	0	0	0	0	0	0	0	0	0	0	0	0	0	0	0	0	0	0	0	0	0	0	0	0	0	0	0	0	0	0	0	0	0	0	0	0	0	0	0	0	0	0	0	0	0	0	0	0	0	0	0	0	0	0	0	0	0	0	0	0	0	0	0	0	0	0	0	0	0	0	0	0	0	0	0	0	0	0	0	0	0	0	0	0	0	0	0	0	0	0	0	0	0	0	0	0	0	0	0	0	0	0	0	0	0	0	0	0	0	0	0	0	0	0	0	0	0	0	0	0	0	0	0	0	0	0	0	0	0	0	0	0	0	0	0	0	0	0	0	0	0	0	0	0	0	0	0	0	0	0	0	0	0	0	0	0	0	0	0	0	0	0	0	0	0	0	0	0	0	0	0	0	0	0	0	0	0	0	0	0	0	0	0	0	0	0	0	0	0	0	0	0	0	0	0	0	0	0	0	0	0	0	0	0	0	0	0	0	0	0	0	0	0	0	0	0	0	0	0	0	0	0	0	0	0	0	0	0	0	0	0	0	0	0	0	0	0	0	0	0	0	0	0	0	0	0	0	0	0	0	0	0	0	0	0	0	0	0	0	0	0	0	0	0	0	0	0	0	0	0	0	0	0	0	0	0	0	0	0	0	0	0	0	0	0	0	0	0	0	0	0	0	0	0	0	0	0	0	0	0	0	0	0	0	0	0	0	0	0	0	0	0	0	0	0	0	0	0	0	0	0	0	0	21	0	0	0	0	0	0	0	0	0	0	0	0	0	0	0	0	0	0	0	0	0	0	0	0	0	0	0	0	0	0	0	0	0	0	0	0	5	0	0	0	0	0	0	0	0	0	0	0	0	0	0	0	0	0	0	0	0	0	0	0	0	0	0	0	0	0	0	0	0	0	0	0	0	0	0	0	0	0	0	0	0	0	0	0	0	0	0	0	0	0	0	0	0	0	0	0	0	0	0	0	0	0	0	0	0	0	0	0	0	0	0	0	0	0	0	0	0	0	0	0	0	0	0	0	0	0	0	0	0	0	0	0	0	0	0	0	0	0	0	0	0	0	0	0	0	0	0	0	0	0	0	0	0	0	0	0	0	0	0	0	0	0	0	0	0	0	0	0	0	0	0	0	0	0	0	0	0	0	0	0	0	0	0	0	0	0	0	0	0	0	0	0	0	0	0	0	0	0	0	0	0	0	0	0	0	0	0	0	0	0	0	43	0	13	0	0	0	0	0	0	1	0	0	0	0	0	0	0	0	0	0	0	0	0	0	0	0	0	0	0	0	0	0	0	0	0	0	0	0	0	0	0	0	0	0	0	0	0	0	0	0	0	0	0	0	0	0	0	0	0	0	0	0	0	0	0	0	0	0	0	0	0	0	0	0	0	0	0	0	0	0	0	0	0	0	0	0	0	0	0	0	0	0	0	0	5	0	0	0	0	0	0	0	0	0	0	468	0	2	0	0	0	0	0	0	0	0	0	0	0	0	0	0	0	0	0	0	0	0	0	0	0	0	0	0	0	0	0	0	0	0	0	0	0	0	138	0	0	0	0	0	0	0	0	0	0	0	0	0	0	0	0	0	0	0	0	0	0	0	0	0	0	0	0	0	0	0	0	0	76	0	0	26	0	52	0	0	0	0	63	0	0	0	0	0	0	0	156	0	0	0	44	0	0	0	0	0	0	66	0	0	0	0	0	0	8	0	36	184	163	0	295	60	0	0	0	0	0	0	0	0	0	0	0	55	0	0	0	0	0	56	0	0	60	131	0	0	159	0	0	0	0	0	0	0	0	0	0	0	0	304	0	81	0	0	0	0	4	0	0	0	0	0	0	0	0	130	0	0	0	0	0	0	0	196	81	0	0	7	200	178	43	0	0	0	157	0	0	52	0	0	0	86	78	247	0	0	0	0	105	0	26	92	0	273	80	42	0	0	0	0	0	0	45	168	0	0	127	91	28	0	69	16	282	0	0	40	0	135	117	1	0	96	0	11	111	14	0	18	0	0	210	37	0	0	0	0	0	0	0	0	89	0	0	52	0	110	0	58	36	0	0	0	151	0	56	77	75	0	0	0	78	88	52	27	66	19	127	0	0	247	0	103	55	181	39	8	99	0	69	30	0	0	0	52	67	37	192	44	0	0	33	93	106	113	208	127	74	124	94	26	63	56	93	181	102	0	301	179	70	0	0	107	53	41	92	140	0	89	70	44	0	17	0	32	40	0	122	193	87	122	105	40	0	0	0	234	0	13	0	0	200	0	27	0	208	130	64	22	0	38	13	0	214	20	0	90	190	68	0	160	0	94	0
142	0	0	0	0	0	0	0	0	0	0	0	0	0	0	0	0	0	0	0	0	0	0	0	0	0	0	0	0	0	0	0	0	0	0	0	0	0	0	0	0	0	0	0	0	0	0	0	0	0	0	0	0	0	0	0	0	0	0	0	0	0	0	0	0	0	0	0	0	0	0	0	0	0	0	0	0	0	0	0	0	0	0	0	0	0	0	0	0	0	0	0	0	0	0	0	0	0	0	38	0	0	0	0	0	0	0	0	0	0	0	0	0	0	0	0	0	0	0	0	0	0	0	0	0	0	0	0	0	0	0	0	0	0	0	0	0	0	0	0	0	0	0	0	0	0	0	0	0	0	0	0	0	0	0	0	0	0	0	0	0	0	0	0	0	0	0	0	0	0	0	0	0	0	0	0	0	0	0	0	0	0	0	0	0	0	0	0	0	0	0	0	0	0	0	0	0	0	0	0	0	0	0	0	0	0	2	0	0	0	0	0	0	0	0	0	0	0	0	0	0	0	0	0	0	0	0	1	0	0	0	0	0	0	0	0	0	0	0	0	0	0	0	0	34	0	0	0	0	0	0	0	0	0	0	0	0	0	0	0	0	0	0	0	0	0	0	0	0	0	0	0	0	0	0	0	0	0	0	0	0	0	0	0	0	0	0	0	0	0	0	0	0	0	0	0	0	0	0	0	0	0	0	0	0	0	0	0	0	0	0	0	0	0	0	0	0	0	0	0	0	0	0	0	0	0	0	0	0	0	0	0	0	0	0	0	0	51	0	0	0	0	0	0	0	0	0	0	0	0	0	0	0	0	0	0	0	0	0	0	0	0	0	0	0	0	0	0	0	0	0	0	0	0	0	0	0	0	0	0	0	0	0	0	0	0	0	0	0	0	0	0	0	0	0	0	0	0	0	0	0	0	0	0	0	0	0	0	0	0	0	0	0	0	0	0	0	0	0	0	0	0	0	0	0	0	0	0	0	7	0	0	0	0	0	0	0	0	0	0	0	0	0	0	0	0	0	0	0	0	0	0	0	0	0	0	0	0	0	0	0	0	0	0	0	0	0	0	0	0	0	0	0	0	0	0	0	0	0	0	0	0	0	0	0	0	0	0	0	0	0	0	0	0	0	0	0	0	0	0	0	0	0	0	0	0	0	0	0	0	0	0	0	0	0	0	0	0	0	0	0	0	0	0	0	0	0	0	0	0	0	0	0	0	0	0	0	0	0	0	0	0	0	0	0	0	0	0	0	0	0	0	0	0	0	0	0	0	0	0	0	0	0	0	0	0	0	0	0	0	0	0	0	0	0	0	0	0	0	0	0	0	0	0	0	0	0	0	0	0	0	0	0	0	0	0	0	0	0	0	0	0	0	0	0	0	0	0	0	0	0	0	0	0	0	0	0	0	3	0	30	0	0	0	0	0	0	0	0	0	0	0	0	0	0	0	0	0	0	0	0	0	0	0	0	9	0	0	0	0	0	0	0	0	0	0	0	0	0	0	0	0	0	0	0	0	0	0	0	0	0	0	0	0	0	0	0	0	0	0	0	0	0	0	0	0	0	0	0	0	0	0	0	0	0	0	0	0	0	0	0	0	0	0	0	0	0	0	0	0	0	0	0	0	0	0	0	0	0	0	0	0	0	128	0	106	0	0	0	0	0	0	0	0	0	0	0	0	0	0	0	0	0	0	0	0	0	0	0	0	0	0	0	0	0	0	1	0	0	0	0	0	163	0	0	0	0	0	0	0	0	0	0	0	0	0	0	0	0	0	0	0	0	0	0	0	0	0	0	0	0	0	0	0	0	0	52	0	0	105	0	259	0	0	0	0	97	0	0	0	0	0	0	0	97	0	0	0	214	0	0	0	0	0	0	45	0	0	0	0	0	0	1	0	22	169	4	0	57	213	0	0	0	0	0	0	0	0	0	0	0	52	0	0	0	0	0	10	0	0	65	177	0	0	16	0	0	0	0	0	0	0	0	0	0	0	0	313	0	37	0	0	0	0	42	0	0	0	0	0	0	0	0	104	0	0	0	0	0	0	0	108	28	0	0	110	44	254	67	0	0	0	88	0	0	0	0	0	0	207	42	46	0	0	77	0	57	0	22	144	0	171	121	194	0	0	0	0	0	0	142	112	0	0	13	10	32	0	55	33	208	0	0	30	0	130	127	0	0	80	0	0	8	8	0	110	0	0	32	75	0	0	0	0	0	0	0	50	98	0	0	328	0	25	0	232	201	0	0	0	154	0	214	35	85	0	0	0	72	148	149	63	131	272	151	0	0	474	0	27	72	234	72	37	3	0	113	32	0	0	0	192	15	38	82	0	0	0	28	133	179	109	17	151	64	116	57	6	55	97	68	12	154	0	97	104	27	0	0	118	93	172	29	61	0	69	281	304	0	47	0	114	173	0	301	343	25	95	31	43	0	0	0	131	0	177	0	0	61	0	39	0	56	291	123	65	0	54	136	0	101	103	0	74	181	111	0	272	0	15	0
143	0	0	0	0	0	0	0	0	0	0	0	0	0	0	0	0	0	0	0	0	0	0	0	0	0	0	0	0	0	0	0	0	0	0	0	0	0	0	0	0	0	0	0	0	0	0	0	0	0	0	0	0	0	0	0	0	0	0	0	0	0	0	0	0	0	0	0	0	0	0	0	0	0	0	0	0	0	0	0	0	0	0	0	0	0	0	0	0	0	0	0	0	0	0	0	0	0	0	0	0	0	0	0	0	0	0	0	0	0	0	0	0	0	0	0	0	0	0	0	0	0	0	0	0	0	0	0	0	0	0	0	0	0	0	0	0	0	0	0	0	0	0	0	0	0	0	0	0	0	0	0	0	0	0	0	0	0	0	0	0	0	0	0	0	0	0	0	0	0	0	0	0	0	0	0	11	0	0	0	0	0	0	0	0	0	0	0	0	0	0	0	0	0	0	0	0	0	0	0	0	0	0	0	0	0	0	0	0	0	0	0	0	0	0	0	0	0	0	0	0	0	0	0	0	0	0	0	0	0	0	0	0	0	0	0	0	0	0	0	0	0	0	0	0	0	0	0	0	0	0	0	0	0	0	0	0	0	0	0	0	0	0	0	0	0	0	0	0	0	0	0	0	0	0	0	0	0	0	0	0	0	0	0	0	0	0	0	0	0	0	0	0	0	0	0	0	0	0	0	0	0	0	0	0	0	0	0	0	0	0	0	0	0	0	0	0	0	0	0	0	0	0	0	0	0	0	0	0	0	0	0	0	0	0	0	0	0	0	0	0	0	0	0	0	0	0	0	0	0	0	0	0	0	0	0	0	0	0	0	3	0	0	0	0	0	0	0	0	0	0	0	0	0	0	0	0	0	0	0	0	0	0	0	0	0	0	0	0	0	0	0	0	0	0	0	0	0	0	0	0	0	0	0	0	0	0	0	0	0	0	0	0	0	0	0	0	0	0	0	0	0	0	0	0	0	0	0	0	0	0	0	0	0	0	0	0	0	0	0	0	0	0	0	0	0	0	0	0	0	0	0	0	0	0	0	0	0	0	0	25	0	0	0	0	0	0	0	0	0	0	0	0	0	0	0	0	0	0	0	0	0	0	0	0	0	0	0	0	0	0	0	0	0	0	0	0	0	0	0	0	0	0	0	0	0	0	0	0	0	0	0	0	0	0	0	0	0	0	0	0	0	0	0	0	0	0	0	0	0	0	0	0	0	0	0	0	0	0	0	0	0	0	0	0	0	0	0	0	0	0	0	0	0	0	0	0	0	0	0	0	0	0	0	0	0	0	0	0	0	0	0	0	0	0	0	0	0	0	0	0	0	0	0	0	0	0	0	0	0	0	0	0	0	0	0	0	0	0	0	0	0	0	0	0	0	0	0	0	0	0	0	0	0	0	0	0	0	30	0	69	0	0	0	0	0	0	0	0	0	0	0	0	0	0	0	0	0	0	0	0	0	0	0	0	0	0	0	0	0	0	0	0	0	0	0	0	0	0	0	0	0	0	0	0	0	0	0	0	0	0	0	0	0	0	0	0	0	0	0	0	0	0	0	0	0	0	0	0	0	0	0	0	0	0	0	0	0	0	0	0	0	0	0	0	0	0	0	0	0	0	0	0	0	0	0	0	0	0	0	0	0	0	121	0	93	0	0	0	0	0	0	0	0	0	0	0	0	0	0	0	0	0	0	0	0	0	0	0	0	0	0	0	0	0	0	0	0	0	0	0	0	67	0	0	0	0	0	41	0	0	0	1	0	0	0	0	0	0	0	0	0	0	0	0	0	0	0	0	1	0	0	0	0	0	0	87	0	0	104	0	21	0	0	0	0	141	0	0	0	0	0	0	0	126	0	0	0	153	0	0	0	0	0	0	44	0	0	0	0	0	0	0	0	127	35	107	0	117	179	0	0	0	0	0	0	0	0	0	0	0	56	0	0	33	0	0	104	0	0	86	189	0	0	41	0	0	0	0	0	0	0	0	0	0	0	0	62	0	147	0	0	0	0	49	0	0	0	0	0	0	0	0	55	0	0	0	0	0	0	0	14	33	0	0	78	49	147	116	0	0	0	200	0	0	0	0	0	0	207	55	172	0	0	0	0	64	0	175	44	0	132	75	35	0	0	0	41	0	0	210	108	0	0	79	138	64	0	45	161	33	0	0	20	0	128	192	0	0	27	0	0	18	129	0	96	0	0	31	93	0	0	0	0	0	0	0	23	41	0	0	196	0	50	0	86	44	0	17	0	21	0	48	187	123	0	0	0	79	186	215	16	153	122	78	0	2	104	0	137	105	154	107	0	429	0	201	39	0	0	0	54	102	200	234	61	0	0	57	131	26	200	44	53	28	132	93	154	33	33	153	226	17	0	96	78	130	0	0	14	202	42	119	132	0	140	130	21	0	119	0	37	25	0	114	57	115	51	12	14	0	0	0	30	0	46	0	0	63	0	56	0	96	80	60	85	0	109	35	0	170	74	0	11	121	37	3	184	0	124	0
144	0	0	0	0	0	0	0	0	0	0	0	0	0	0	0	0	0	0	0	0	0	0	0	0	0	0	0	0	0	0	0	0	0	0	0	0	0	0	0	0	0	0	0	0	0	0	0	0	0	0	0	0	0	0	0	0	0	0	0	0	0	0	0	0	0	0	0	0	0	0	0	0	0	0	0	0	0	0	0	0	0	0	0	0	0	0	0	0	0	0	0	0	0	0	0	0	0	0	0	0	0	0	0	0	0	0	0	0	0	0	0	0	0	0	0	0	0	0	0	0	0	0	0	0	0	0	0	0	0	0	0	0	0	0	0	0	0	0	0	0	0	0	0	0	0	0	0	0	0	0	0	0	0	0	0	0	0	0	0	0	0	0	0	0	0	0	0	0	0	0	0	0	0	0	0	0	0	0	0	0	0	0	0	0	0	0	0	0	0	0	0	0	0	0	0	0	0	0	0	0	0	0	0	0	0	0	0	0	0	0	0	0	0	0	0	0	0	0	0	0	0	0	0	0	0	0	0	0	0	0	0	0	0	0	0	0	2	0	0	0	0	0	0	0	0	0	0	0	0	0	0	0	0	0	0	0	0	0	0	0	0	0	0	0	0	0	4	0	0	0	0	0	0	0	0	0	0	0	0	0	0	0	0	0	0	0	0	0	0	0	0	0	0	0	0	0	0	0	0	0	0	0	0	0	0	0	0	0	0	0	0	0	0	0	0	0	0	0	0	0	0	0	0	0	0	0	0	0	0	0	0	0	0	0	0	0	0	0	0	0	0	0	0	0	0	0	0	0	0	0	0	0	0	0	0	0	0	0	0	0	0	0	0	0	0	0	0	0	3	0	0	0	0	0	0	6	0	0	0	0	0	0	0	0	0	0	0	0	0	0	0	0	0	0	0	0	0	0	0	0	0	0	0	0	0	0	0	0	0	0	0	0	0	0	0	0	0	0	0	0	0	0	0	0	0	0	0	0	0	0	0	0	0	0	0	0	0	0	0	0	0	0	0	0	0	0	0	0	0	0	0	0	0	0	0	0	0	0	0	0	0	0	0	0	0	0	0	0	0	0	0	0	0	0	0	0	0	0	0	0	0	0	0	0	0	0	0	0	0	0	0	0	0	0	0	0	0	0	0	0	0	0	0	0	0	0	0	0	0	0	0	0	0	0	0	0	0	0	0	0	0	0	0	0	0	0	0	0	0	0	0	0	0	0	0	0	0	4	0	0	0	0	0	0	0	0	0	0	0	0	0	0	0	0	0	0	0	0	0	0	0	0	0	0	0	0	0	0	0	0	0	0	0	0	0	0	0	0	0	0	0	0	0	0	0	0	0	0	0	0	0	0	0	0	0	0	0	0	0	0	0	0	0	0	0	0	0	0	0	0	0	0	0	0	0	0	0	68	0	97	0	0	0	0	0	0	0	0	0	0	0	0	0	0	0	0	0	0	0	0	0	0	0	0	0	0	0	0	0	0	0	0	0	0	0	0	0	0	0	0	0	0	0	0	0	0	33	0	0	0	0	0	0	0	0	0	0	0	0	0	0	0	0	0	0	84	0	0	0	0	0	0	0	0	0	0	0	0	0	0	0	0	0	0	0	0	0	0	0	0	0	0	0	0	0	0	0	0	0	0	0	0	155	0	0	0	0	0	0	0	0	0	0	0	0	0	0	0	0	0	0	0	0	0	0	0	0	0	0	0	0	0	0	0	0	0	0	0	0	0	0	115	0	0	0	0	0	0	0	0	0	0	0	0	0	0	0	0	0	0	0	0	0	0	0	0	0	0	0	0	0	0	0	0	0	78	0	0	24	0	87	0	0	0	0	51	0	0	0	0	0	0	0	59	0	0	0	40	0	0	0	0	0	0	38	0	0	0	0	0	0	0	0	90	248	12	0	108	267	0	0	0	0	0	0	0	0	0	0	5	143	0	0	31	0	0	91	0	0	139	221	0	0	51	0	0	0	0	0	0	0	0	0	0	0	0	37	0	169	0	0	0	0	56	0	0	0	0	0	0	0	0	89	0	0	0	0	0	0	0	190	269	33	0	125	50	190	55	0	0	0	134	0	0	29	0	0	0	23	81	126	0	0	0	0	74	0	22	179	0	117	75	9	0	0	0	0	0	0	72	84	5	0	10	41	24	0	127	92	9	0	0	73	0	39	155	4	0	103	0	0	20	138	0	15	0	0	35	428	0	0	0	0	0	0	0	116	56	0	0	10	0	46	0	166	72	0	0	0	40	0	94	109	114	0	0	0	188	132	27	136	149	84	248	0	0	67	0	15	97	73	23	0	27	0	122	118	0	0	0	161	84	18	129	0	0	0	75	15	289	48	31	25	134	39	113	36	187	182	26	79	78	0	33	75	7	0	0	2	67	92	43	87	0	192	104	136	0	42	0	34	19	0	68	58	205	109	128	164	0	0	0	85	0	9	0	0	51	0	52	0	158	23	149	140	1	42	189	0	468	167	0	152	34	33	0	145	0	46	0
145	0	0	0	0	0	0	0	0	0	0	0	0	0	0	0	0	0	0	0	0	0	0	0	0	0	0	0	0	0	0	0	0	0	0	0	0	0	0	0	0	0	0	0	0	0	0	0	0	0	0	0	0	0	0	0	0	0	0	0	0	0	0	0	0	0	0	0	0	0	0	0	0	0	0	0	0	0	0	0	0	0	0	0	0	0	0	0	13	0	0	0	0	0	0	0	0	0	0	0	0	0	0	0	0	0	0	0	0	0	0	0	0	0	0	0	0	0	0	0	0	0	0	0	0	0	0	0	0	0	0	0	0	0	0	0	0	0	0	0	0	0	0	0	0	0	0	0	0	0	0	0	0	0	0	0	0	0	0	0	0	0	0	0	0	0	0	0	0	0	0	0	0	4	0	0	0	0	0	0	0	0	0	0	0	0	0	0	0	0	0	0	0	0	0	0	0	0	0	0	0	0	0	0	0	0	0	0	0	0	0	0	0	0	0	0	0	0	0	0	0	0	0	0	0	0	0	0	0	0	0	0	0	0	0	0	0	0	0	0	0	0	0	0	0	0	0	0	0	0	0	0	0	0	0	0	0	0	0	0	0	0	0	0	0	0	0	0	93	0	0	0	0	0	0	0	0	0	0	0	0	0	0	0	0	0	0	0	0	0	0	0	0	0	0	0	0	0	0	0	0	0	0	0	0	0	0	0	0	0	0	0	0	0	0	0	0	0	0	0	0	0	0	0	0	0	0	0	0	0	0	0	0	0	0	0	0	0	0	0	0	0	0	0	0	0	0	0	0	0	0	0	0	0	0	0	0	0	0	0	0	0	0	0	0	0	0	0	0	0	0	0	0	0	0	0	0	0	0	0	0	0	0	0	0	0	0	0	0	0	0	0	0	0	0	0	0	0	0	0	0	0	0	0	0	0	0	0	0	0	0	0	0	0	0	0	0	0	0	0	0	0	0	0	0	0	0	0	0	0	0	0	0	0	0	0	0	0	0	0	0	0	0	0	0	0	0	0	0	2	0	0	0	0	0	0	0	0	0	0	0	0	0	0	0	0	0	0	0	0	0	0	0	0	0	0	0	0	0	0	0	2	0	0	0	0	0	0	0	0	0	0	0	0	0	0	0	0	0	0	0	0	0	0	0	0	0	0	0	0	0	0	0	0	0	0	0	0	0	0	0	0	0	0	0	0	0	0	0	0	0	0	0	0	0	0	0	0	8	0	0	0	0	0	0	0	0	0	0	0	0	0	0	0	0	0	0	0	0	0	0	0	0	0	0	0	0	0	0	0	0	0	0	0	0	0	0	0	0	0	0	0	0	0	0	0	0	0	0	0	0	0	0	0	0	0	0	0	0	0	0	0	0	0	0	0	0	0	0	0	0	0	0	0	0	0	0	0	109	0	19	0	0	0	0	0	0	0	0	0	0	0	0	0	0	0	0	0	0	0	0	0	0	0	0	0	0	0	0	0	0	0	0	0	0	0	0	0	0	0	0	0	0	0	0	0	0	0	0	0	0	0	0	0	0	0	0	0	0	0	0	0	0	0	0	0	61	0	0	0	0	0	0	0	0	0	5	0	0	0	0	0	0	0	0	0	0	0	0	0	0	0	0	0	0	0	0	0	0	0	0	0	0	23	0	47	0	0	0	0	0	0	0	0	0	0	0	0	0	0	0	0	0	0	0	0	0	0	0	0	0	0	0	0	0	0	0	0	0	0	0	0	113	0	0	0	0	0	0	0	0	0	0	0	0	0	0	0	0	0	0	0	0	0	0	0	0	0	0	0	0	0	0	0	0	0	97	0	0	22	0	107	0	0	0	0	300	0	0	0	0	0	0	0	81	0	0	0	129	0	0	0	0	0	0	158	0	0	0	0	0	0	0	0	45	90	79	0	82	195	0	0	0	0	0	0	0	0	0	0	4	62	0	0	3	0	0	92	0	0	13	80	0	0	78	0	0	0	0	0	0	0	0	0	0	0	0	37	0	48	0	0	0	0	80	0	0	0	0	0	0	0	0	69	0	0	0	0	0	0	0	61	39	3	0	97	115	45	89	0	0	0	73	0	0	0	0	0	0	172	171	92	0	0	0	0	101	0	32	53	0	12	74	86	0	0	0	151	0	0	221	178	9	0	35	64	10	35	256	78	108	0	0	91	0	80	139	0	0	116	0	0	152	78	0	57	0	0	83	4	0	0	0	0	0	0	0	0	264	0	0	216	0	84	0	251	80	0	0	0	120	0	118	278	134	3	0	0	205	55	99	193	103	84	273	0	0	1	0	12	26	270	325	0	114	0	11	257	0	0	0	86	0	64	13	11	0	0	277	56	157	72	116	53	66	91	106	133	64	66	164	42	141	0	60	147	20	0	0	60	124	112	200	30	0	88	29	225	0	0	0	74	70	0	94	48	218	207	215	37	0	0	0	75	0	28	0	0	194	0	107	0	187	79	104	178	0	139	65	0	96	153	0	2	228	54	6	7	0	125	0
146	0	0	0	10	0	0	0	0	0	0	0	0	0	0	0	0	0	0	0	0	0	0	0	0	0	0	0	0	0	0	0	0	0	0	0	0	0	0	0	0	0	0	0	0	0	0	0	0	0	0	0	0	0	0	0	0	0	0	0	0	0	0	0	0	0	0	0	0	0	0	0	0	0	0	0	0	0	0	0	0	0	0	0	0	135	0	0	0	0	0	0	0	0	0	0	0	0	0	0	0	0	0	0	0	0	0	0	0	0	0	0	0	0	0	0	0	0	0	0	0	0	0	0	0	0	0	0	0	0	0	0	0	0	0	0	0	0	0	0	0	0	0	0	0	0	0	0	0	0	0	0	0	0	0	0	0	0	0	0	0	0	0	0	0	0	0	0	0	0	0	0	0	0	0	0	0	0	0	0	0	0	0	0	0	0	0	0	0	0	0	0	0	0	0	0	0	0	0	0	0	0	0	0	0	0	0	0	0	0	0	0	0	0	0	0	0	0	0	0	0	0	0	0	0	0	0	0	0	0	0	0	0	0	0	0	0	0	0	0	0	0	0	0	0	0	0	0	0	0	0	0	0	0	0	0	0	0	0	0	0	0	0	0	0	0	0	0	0	0	0	0	0	0	0	0	0	0	0	0	0	0	0	0	0	0	0	0	0	0	0	0	0	0	0	0	0	0	0	0	1	0	0	0	0	0	0	0	0	0	0	0	0	0	0	0	0	0	0	0	0	0	0	0	0	0	0	0	0	0	0	0	0	0	0	0	0	0	0	0	0	0	0	0	0	0	0	0	0	0	0	0	0	0	0	0	0	0	0	0	0	0	0	0	0	0	0	0	0	0	0	0	0	0	0	0	0	0	0	0	0	0	0	0	0	0	0	0	0	0	0	0	0	0	0	0	0	0	0	0	0	0	0	0	0	0	0	0	0	0	0	0	0	0	0	0	0	0	0	0	0	0	0	0	0	0	0	0	0	0	0	0	0	0	0	0	0	0	0	0	0	0	0	0	0	0	0	0	0	0	0	0	0	0	0	0	0	0	0	0	0	0	0	0	0	0	0	0	0	0	0	0	0	0	0	0	0	0	0	0	0	0	0	0	0	0	0	0	0	0	0	0	0	0	0	0	0	0	0	0	0	0	0	0	0	0	0	0	0	0	0	0	0	0	0	0	0	0	0	0	0	0	0	0	0	0	0	0	0	0	0	0	0	0	0	0	0	0	74	0	0	8	0	0	0	0	0	0	0	0	0	0	0	0	0	0	0	0	0	0	0	0	0	0	0	0	24	0	0	0	0	0	0	0	0	0	0	0	0	0	0	0	0	0	0	0	0	0	0	0	0	0	0	0	0	0	0	0	0	0	0	0	0	0	0	0	0	0	0	0	0	0	0	0	1	0	0	0	117	0	45	0	0	0	0	0	0	0	0	0	0	0	0	0	0	0	0	0	0	0	0	0	0	0	0	0	0	0	0	0	0	0	0	0	0	0	0	0	0	0	0	0	0	0	0	0	0	0	0	0	0	0	0	0	0	0	0	0	0	0	0	0	0	0	0	0	2	0	0	0	0	0	0	0	0	0	0	0	0	0	0	0	0	0	0	0	0	0	0	0	0	0	0	0	0	0	0	0	0	0	0	0	0	185	0	21	0	0	0	0	0	0	0	0	0	0	0	0	0	0	0	0	0	0	0	0	0	0	0	0	0	0	0	0	0	0	41	0	0	0	0	0	51	0	0	0	0	0	0	0	0	0	0	0	0	0	0	0	0	0	0	0	0	0	0	0	0	0	0	0	0	0	0	0	0	0	242	0	0	54	0	110	0	0	0	0	82	0	0	0	0	0	0	0	43	0	0	0	98	0	0	0	0	0	0	53	0	0	0	0	0	0	0	0	121	148	115	0	47	93	0	0	0	0	0	0	0	0	0	0	0	16	0	0	0	0	0	90	0	0	187	70	0	0	106	0	0	0	0	0	0	0	0	0	0	0	0	177	0	129	0	0	0	0	22	0	0	0	0	0	0	0	0	86	0	0	0	0	0	0	0	89	4	0	0	251	15	87	50	0	0	0	40	0	0	0	0	0	0	190	64	143	0	0	0	0	63	0	57	242	0	80	159	70	0	0	0	103	0	0	82	63	0	0	50	52	246	0	167	24	24	0	0	100	0	47	85	6	0	98	0	0	33	170	0	105	0	0	46	107	0	0	0	4	0	0	0	115	75	0	0	36	0	64	0	41	46	0	0	0	97	0	161	64	228	0	0	0	34	22	84	65	201	225	26	0	0	85	0	94	22	50	92	0	57	0	4	15	0	0	0	47	0	203	61	0	0	0	57	147	103	94	65	50	13	73	186	290	123	80	132	21	34	0	60	61	48	0	0	189	101	26	79	80	0	137	81	80	0	53	0	46	88	0	4	16	133	54	99	207	0	0	0	98	0	105	0	0	81	0	142	0	9	28	51	70	0	89	47	0	448	179	0	149	38	14	19	53	0	80	0
147	0	0	0	0	0	0	0	0	0	0	0	0	0	0	0	0	0	0	0	0	0	0	0	0	0	0	0	0	0	0	0	0	0	0	0	0	0	0	0	0	0	0	0	0	0	0	0	0	0	0	0	0	0	0	0	0	0	0	0	0	0	0	0	0	0	0	0	0	0	0	0	0	0	0	0	0	0	0	0	0	0	0	0	0	0	0	0	0	0	0	0	0	0	0	0	0	0	0	0	0	0	0	0	0	0	0	0	0	0	0	0	0	0	0	0	0	0	0	0	0	0	0	0	0	0	0	0	0	0	0	0	0	0	0	0	0	0	0	0	0	0	0	0	0	0	0	0	0	0	0	0	0	0	0	0	0	0	0	0	0	0	0	0	0	0	0	0	0	0	0	0	0	0	0	0	0	0	0	0	0	0	0	0	0	0	0	0	0	0	0	0	0	0	0	0	144	0	0	0	0	0	0	0	0	0	0	0	0	0	0	0	0	0	0	0	0	0	0	0	0	0	0	0	0	0	0	0	0	0	0	0	0	0	0	0	0	0	0	0	0	0	0	0	0	0	0	0	0	0	0	0	0	0	0	0	0	0	0	0	0	0	0	0	0	0	0	0	0	0	0	0	0	0	0	0	0	0	0	0	0	0	0	0	0	0	0	0	0	0	0	0	0	0	0	0	0	0	0	0	0	0	0	0	0	0	0	0	0	0	0	0	0	0	0	0	0	0	0	0	0	0	0	0	0	0	0	0	0	0	0	0	0	0	0	0	0	0	0	0	0	0	0	0	0	0	0	0	0	0	0	0	0	0	0	0	0	0	0	0	0	0	0	0	0	0	0	0	0	0	0	0	0	0	0	0	0	0	0	0	0	0	0	0	0	0	0	0	0	0	0	0	0	0	0	0	0	0	0	0	0	0	0	0	0	0	0	0	0	0	0	0	0	0	0	0	0	0	0	0	0	0	0	0	0	0	0	0	0	0	0	0	0	0	0	0	0	0	0	0	0	0	0	0	0	0	0	0	0	0	0	0	0	0	0	0	0	0	0	0	0	0	0	0	0	0	0	0	0	0	0	0	0	0	0	0	0	0	0	0	0	0	0	0	0	0	0	0	0	0	0	0	0	0	0	0	0	0	0	0	0	0	0	0	0	0	0	0	0	0	0	0	0	0	0	0	0	0	0	0	0	0	0	0	0	0	0	4	0	0	0	0	0	0	0	0	0	0	27	0	0	0	0	0	0	0	0	0	0	0	0	0	0	0	0	0	0	0	0	0	0	0	0	0	0	0	0	0	0	0	0	0	0	0	0	0	0	0	0	0	0	0	0	0	0	0	0	0	0	0	0	0	0	0	0	0	0	0	0	0	0	0	0	0	0	0	0	0	0	0	0	0	0	0	0	0	0	0	100	0	68	0	0	0	0	0	0	0	0	0	0	0	0	0	0	0	0	0	0	0	0	0	0	0	0	0	0	0	0	0	0	0	0	0	0	0	0	0	0	0	0	0	0	0	0	0	0	0	0	0	0	0	0	0	0	0	0	0	0	0	0	0	0	0	0	0	0	0	0	0	0	0	0	0	0	0	0	0	0	0	0	0	0	0	0	0	0	0	0	0	0	0	0	0	0	0	0	0	0	0	0	0	0	127	0	90	0	0	0	0	0	0	0	0	0	0	0	0	0	0	0	0	0	0	0	0	0	0	0	0	0	0	0	0	0	0	0	0	0	0	0	0	71	0	0	0	0	0	0	0	0	0	0	0	0	0	0	0	0	0	0	0	0	0	0	0	0	0	0	0	0	0	0	0	0	0	210	0	0	165	0	15	0	0	0	0	175	0	0	0	0	30	0	0	109	0	0	0	26	0	0	0	0	0	0	55	0	0	0	0	0	0	0	0	82	52	37	0	90	120	0	0	0	0	0	0	0	0	0	0	0	149	0	0	12	0	0	146	0	0	77	70	0	0	12	0	0	0	0	0	0	0	0	0	0	0	0	124	0	365	0	0	0	32	48	0	0	0	0	0	0	0	0	99	0	0	0	0	0	0	0	101	54	86	0	113	85	156	81	0	0	0	33	0	0	7	0	0	0	134	109	155	0	0	0	0	97	0	84	69	0	334	27	72	0	0	0	17	0	0	350	248	49	0	162	43	119	0	322	58	189	0	0	138	0	50	6	0	0	70	0	0	152	45	0	139	0	0	177	278	0	0	0	0	0	0	0	43	76	0	0	59	0	119	0	151	175	0	27	0	77	0	41	187	15	0	0	0	36	90	64	76	21	173	275	0	0	273	0	23	8	49	54	78	73	0	16	86	0	0	0	49	76	137	18	25	0	0	380	86	92	55	101	152	34	47	34	72	120	24	44	172	70	0	72	125	175	4	0	67	50	61	203	2	0	96	84	128	0	0	0	105	292	0	165	120	124	121	12	30	0	0	0	94	0	204	0	0	98	0	137	0	207	82	57	107	34	51	107	0	84	72	0	100	57	83	75	80	2	139	0
148	0	0	0	0	0	0	0	0	0	0	0	0	0	0	0	0	0	0	0	0	0	0	0	0	0	0	0	0	0	0	0	0	0	0	0	0	0	0	0	0	0	0	0	0	0	0	0	0	0	0	0	0	0	0	0	0	0	0	0	0	0	0	0	0	0	0	0	0	0	0	0	0	0	0	0	0	0	0	0	0	0	0	0	0	0	0	0	0	0	0	0	0	0	0	0	0	0	0	0	0	0	0	0	0	0	0	0	0	0	0	0	0	0	0	0	0	0	0	0	0	0	0	0	0	0	0	0	0	0	0	0	0	0	0	0	0	0	0	0	0	0	0	0	0	0	0	0	0	0	0	0	0	0	0	0	0	0	0	0	0	0	0	0	0	0	0	0	0	0	0	0	0	0	0	0	0	0	0	0	0	0	0	0	0	0	0	0	0	0	0	0	0	0	0	0	0	0	0	0	0	0	0	0	0	0	0	0	0	0	0	0	0	0	0	0	0	0	0	0	0	0	0	0	0	0	0	0	0	0	0	0	0	0	0	0	0	0	0	0	0	0	0	0	0	0	0	0	0	0	0	0	0	0	0	0	0	0	0	0	0	0	0	0	0	0	0	0	0	0	0	0	0	0	0	0	0	0	0	0	0	0	0	0	0	0	0	0	0	0	0	0	0	0	0	0	0	0	0	0	0	0	0	0	0	0	0	0	0	0	0	0	0	0	0	0	0	0	0	0	0	0	0	0	0	0	0	0	0	0	0	0	0	0	0	0	0	0	0	0	0	0	0	0	0	0	0	0	0	0	0	0	0	0	0	0	0	0	0	0	0	0	0	0	0	0	0	0	0	0	0	0	0	0	0	0	0	0	0	0	0	0	0	0	0	0	0	0	0	0	0	0	0	0	0	0	0	0	0	0	0	0	0	0	0	0	0	7	0	0	0	0	0	0	0	0	0	0	0	0	0	0	0	0	0	0	0	0	0	0	0	0	0	0	0	0	0	0	0	0	0	0	0	0	0	0	0	0	0	0	0	0	0	0	0	0	0	0	0	0	0	0	0	0	0	0	12	0	0	0	0	0	0	0	0	0	0	0	0	0	0	0	0	0	0	0	0	0	0	0	0	0	0	0	0	0	0	0	0	0	0	0	0	0	0	0	0	0	0	0	0	0	0	0	0	4	0	0	0	0	0	0	0	0	0	0	0	0	0	0	0	0	0	0	0	0	0	0	13	0	0	0	0	0	0	15	0	0	0	0	0	0	0	0	0	0	0	0	0	0	0	0	0	0	0	0	0	0	0	0	0	0	0	0	0	0	0	0	0	0	0	0	0	0	0	0	0	0	0	0	0	0	0	0	0	0	0	0	0	0	0	1	0	0	0	0	0	0	0	0	0	0	0	0	0	0	0	0	198	0	29	0	0	0	0	0	0	0	0	0	0	0	0	0	0	0	0	0	0	0	0	0	2	0	0	0	0	0	0	1	0	0	0	0	0	0	0	0	0	0	0	0	0	0	0	0	0	0	0	0	0	0	0	0	0	0	0	0	0	64	0	0	0	0	0	0	0	0	0	0	0	0	0	0	0	0	0	0	0	0	0	0	0	20	0	0	0	0	0	0	0	0	0	0	0	0	0	0	0	0	0	0	0	111	0	114	0	0	0	0	0	0	0	0	0	0	0	0	0	0	0	0	0	0	0	0	0	0	0	0	0	0	0	0	0	0	0	0	0	0	0	0	82	0	0	0	0	0	0	0	0	0	0	0	0	0	0	0	0	0	0	0	0	0	0	0	0	0	0	0	0	0	0	0	0	0	76	0	0	255	0	31	0	0	0	0	278	0	0	0	0	0	0	0	173	0	0	0	103	0	0	0	0	0	0	70	0	0	0	0	0	0	0	0	13	396	269	0	168	228	0	0	0	0	0	0	0	0	0	0	0	22	0	0	41	0	0	62	0	0	104	129	0	0	202	0	0	0	0	0	0	0	0	0	0	0	0	359	0	39	0	0	0	4	69	0	0	0	0	0	0	0	0	36	0	0	0	0	0	0	0	28	194	11	0	261	186	49	37	0	0	0	135	0	0	36	0	0	0	203	18	216	0	0	4	0	87	0	82	18	0	46	67	101	0	0	0	0	0	0	213	98	0	0	52	53	176	0	204	183	59	0	0	63	0	131	73	0	0	47	0	0	226	60	0	141	0	0	12	162	0	0	0	0	0	0	0	75	89	0	0	32	0	24	1	63	19	0	27	0	193	0	16	73	295	0	0	0	38	144	38	137	53	93	80	0	0	97	0	38	155	97	232	0	45	0	84	151	0	0	0	239	18	86	94	21	0	0	93	100	339	64	50	90	19	276	246	58	25	56	71	65	156	0	221	98	305	0	0	57	111	50	48	26	0	139	24	19	0	3	0	231	312	0	102	67	22	59	24	249	0	0	0	192	0	105	0	0	76	0	111	0	57	87	303	167	21	82	136	0	139	119	0	84	190	122	4	37	0	19	0
149	0	0	0	0	0	0	0	0	0	0	0	0	0	0	0	0	0	0	0	0	0	0	0	0	0	0	0	0	0	0	0	0	0	0	0	0	0	0	0	0	0	0	0	0	0	0	0	0	0	0	0	0	0	0	0	0	0	0	0	0	0	0	0	0	0	0	0	0	0	0	0	0	0	0	0	0	0	46	0	0	0	0	0	0	0	0	0	0	0	0	0	0	0	0	0	0	0	0	0	0	0	0	0	0	0	0	0	0	0	0	0	0	0	0	0	0	0	0	0	0	0	0	0	0	0	0	0	0	0	0	0	0	0	0	0	0	0	0	0	0	0	0	0	0	0	0	0	0	0	0	0	0	0	0	0	0	0	0	0	0	0	0	0	0	0	0	0	0	0	0	0	0	0	0	0	0	0	0	0	0	0	0	0	0	0	0	0	0	0	0	0	0	0	0	0	0	0	0	0	0	0	0	0	0	0	0	0	0	0	0	0	0	0	0	0	0	0	0	0	0	0	0	0	0	0	0	0	0	0	0	0	0	0	0	0	0	0	0	0	0	0	0	0	0	0	0	0	0	0	0	0	0	0	0	0	0	0	0	0	0	0	0	0	0	0	0	0	0	0	0	0	0	0	0	0	0	0	0	0	0	0	0	0	0	0	0	0	0	0	0	0	0	0	0	0	0	0	0	0	0	0	0	0	0	0	0	0	0	0	0	0	0	0	0	0	0	0	0	0	0	0	0	0	0	0	0	0	0	0	0	0	0	0	0	0	0	0	0	0	0	0	0	0	0	0	0	0	0	0	0	0	0	0	0	0	0	0	0	0	0	0	0	0	0	0	0	0	0	0	0	0	0	0	0	0	0	0	0	0	0	0	0	0	0	0	0	0	0	0	0	0	0	0	0	0	0	0	0	0	0	0	0	0	0	0	0	0	0	0	0	0	0	0	0	0	0	0	0	0	0	0	0	0	0	0	0	0	0	0	0	0	0	0	0	0	0	0	0	0	0	0	0	0	0	0	0	0	0	0	0	0	0	0	0	0	0	0	0	0	0	0	0	0	0	0	0	0	0	0	0	0	0	0	0	0	0	0	0	0	0	0	0	0	0	0	0	0	0	0	0	0	0	0	0	0	0	0	0	0	0	0	0	0	0	0	0	0	0	0	0	0	0	0	0	0	0	0	0	0	0	0	0	0	0	0	0	0	0	0	0	0	0	0	0	0	0	0	0	0	0	0	0	0	0	0	0	0	0	0	0	0	0	0	0	0	0	0	0	0	0	0	0	0	0	0	0	19	0	0	0	0	0	0	0	0	0	0	0	0	0	0	0	0	0	0	0	0	0	0	0	0	0	0	0	0	0	0	0	0	0	0	0	0	0	0	0	0	0	0	0	0	0	0	0	0	0	0	159	0	52	0	0	0	0	0	0	0	0	0	0	0	0	0	0	0	0	0	0	0	0	0	0	0	0	0	0	0	0	0	0	0	0	0	0	0	0	0	0	0	0	0	0	0	0	0	0	0	0	0	0	0	0	0	0	13	0	0	0	0	0	0	0	0	0	0	0	0	0	0	0	0	0	0	0	0	0	0	0	0	0	0	0	0	0	0	0	0	0	0	0	0	0	0	0	0	0	0	0	0	0	0	0	92	0	0	0	0	0	0	0	0	0	0	0	0	0	0	0	0	0	0	0	0	0	0	0	0	0	0	0	0	0	0	0	0	0	0	0	0	0	0	78	0	0	0	0	0	0	0	0	0	0	0	0	0	0	0	0	17	0	0	0	0	0	0	0	0	0	0	0	0	0	0	0	0	130	0	0	132	0	70	0	0	0	0	122	0	0	0	0	0	0	0	164	0	0	0	63	0	0	0	0	0	0	90	0	0	0	0	0	0	0	0	117	221	183	0	31	43	0	0	0	0	0	0	0	0	0	0	0	134	0	0	143	0	0	158	0	0	53	88	0	0	80	0	0	0	0	0	0	0	0	0	0	0	0	37	0	300	0	0	0	0	77	0	0	0	0	0	0	0	0	27	0	0	0	0	0	0	0	9	49	3	0	219	75	131	20	0	0	0	73	0	0	0	0	0	0	45	75	76	0	0	0	0	43	0	149	20	0	495	103	151	0	0	0	3	0	0	106	93	26	0	163	47	24	0	162	10	39	0	0	263	0	40	26	95	0	101	0	10	157	83	0	48	0	0	105	264	0	0	0	0	0	0	0	63	119	0	0	88	0	260	0	47	51	0	203	0	141	0	28	211	209	0	0	0	189	16	180	111	21	206	56	0	0	164	0	115	68	31	18	0	345	0	103	182	0	0	0	73	178	44	69	0	0	0	34	34	125	135	7	12	101	142	59	30	149	170	44	28	56	0	85	259	147	0	0	179	41	37	129	99	0	219	44	34	0	9	0	229	92	0	125	21	86	28	52	56	0	0	0	13	0	185	0	40	61	0	179	0	136	3	50	35	0	33	206	0	65	117	0	62	109	91	28	20	0	30	0
150	0	0	0	0	0	0	0	0	0	0	0	0	0	0	0	0	0	0	0	0	0	0	0	0	0	0	0	0	0	0	0	0	0	0	0	0	0	0	0	0	0	0	0	0	0	0	0	0	0	0	0	0	0	0	0	0	0	0	0	0	0	0	0	0	0	0	0	0	0	0	0	0	0	0	0	0	0	0	0	0	0	0	0	0	0	0	0	0	0	0	0	0	0	0	0	0	0	0	0	0	0	0	0	0	0	0	0	0	0	0	0	0	0	0	0	0	0	0	0	0	0	0	0	0	0	0	0	0	0	0	0	0	0	0	0	0	0	0	0	0	0	0	0	0	0	0	0	0	0	0	0	0	0	0	0	0	0	0	0	0	0	0	0	0	0	0	0	0	0	0	0	0	0	0	0	0	0	0	0	0	0	0	0	0	0	0	0	0	0	0	0	0	0	0	0	0	0	0	0	0	0	0	0	0	0	0	0	0	0	0	0	0	0	0	0	0	0	0	0	0	0	0	0	0	0	0	0	0	0	0	0	0	0	0	0	0	0	0	0	0	0	0	0	0	0	0	0	0	0	0	0	0	0	0	0	0	0	0	0	0	13	0	0	0	0	0	0	0	0	0	0	0	0	0	0	0	0	0	0	0	0	0	0	0	0	0	0	0	0	0	0	0	0	0	0	0	0	0	0	0	0	0	0	0	0	0	0	0	0	0	0	0	0	0	0	0	0	0	0	0	0	0	0	0	0	0	0	0	0	0	0	0	0	0	0	0	0	0	0	0	0	0	0	0	0	0	0	0	0	0	0	0	0	0	0	0	0	0	0	0	0	0	0	0	0	0	0	0	0	0	0	0	0	0	0	0	0	0	0	0	0	0	0	0	0	0	0	0	0	0	0	0	0	0	0	0	0	0	0	0	0	0	0	0	0	0	0	0	0	0	0	0	0	0	0	0	0	0	0	0	0	0	0	0	0	0	0	0	0	0	0	0	0	0	0	0	0	0	0	0	0	0	0	0	0	0	0	0	0	0	0	0	0	0	0	0	0	0	0	0	0	0	0	0	0	0	0	0	0	0	0	0	0	0	0	0	0	0	0	0	0	89	0	0	0	0	0	0	0	0	0	0	0	0	0	0	0	0	0	0	0	0	0	1	0	0	0	0	0	0	0	0	0	0	0	0	0	0	0	0	0	0	0	0	0	0	0	0	0	0	0	0	0	0	0	0	0	15	0	0	0	0	0	0	0	0	0	0	0	0	0	0	0	0	0	0	0	0	0	0	0	0	0	0	0	0	0	0	0	0	0	0	0	0	0	16	0	0	0	0	0	0	0	0	0	0	0	0	0	0	0	0	0	0	0	0	0	0	0	0	0	0	0	0	0	0	0	0	0	0	0	0	0	0	0	0	0	108	0	157	0	0	0	0	0	0	0	0	0	0	0	0	0	0	0	0	0	0	0	0	0	0	0	0	0	0	0	7	0	0	0	0	0	0	0	0	0	0	0	0	0	0	0	0	0	0	0	0	0	0	0	0	0	0	0	0	0	0	0	0	0	0	0	0	0	0	0	0	0	0	0	0	0	0	0	0	0	0	0	0	0	0	0	0	0	0	0	0	0	0	0	0	0	0	0	0	0	0	0	0	0	0	98	0	30	0	0	0	0	0	0	0	0	0	0	0	0	0	0	0	0	0	0	0	0	0	0	0	0	0	0	0	0	0	0	0	0	0	0	0	0	23	0	0	0	0	0	0	0	0	0	0	0	0	0	0	0	0	0	0	0	0	0	0	0	0	0	0	0	0	0	0	0	0	0	77	0	0	84	0	58	0	0	0	0	176	0	0	0	0	0	0	0	18	0	0	0	63	0	0	0	0	0	0	86	0	0	0	0	0	0	19	0	22	124	91	0	19	46	0	0	0	0	25	0	0	0	0	0	0	170	0	0	30	0	0	39	0	0	123	7	0	0	5	0	0	0	0	0	0	0	0	0	0	0	0	422	0	43	0	0	0	0	193	0	0	0	0	0	0	0	0	43	0	0	0	0	0	0	0	64	39	37	0	102	38	84	88	0	0	0	85	0	0	225	0	0	0	44	57	49	0	0	0	0	69	0	160	110	0	28	81	87	0	0	0	0	0	0	38	81	0	0	86	106	39	0	88	40	155	0	0	86	0	36	383	0	0	173	0	0	57	120	0	147	0	0	267	38	0	0	0	0	0	0	8	119	95	0	0	251	0	185	0	120	45	0	126	0	49	0	48	46	194	0	0	0	46	30	83	32	39	118	151	0	0	75	0	184	19	48	36	0	11	0	121	159	0	0	0	127	0	48	47	63	0	0	34	75	184	19	62	199	65	58	169	153	189	188	87	45	48	0	419	50	76	0	0	138	116	170	312	55	0	20	17	51	0	7	0	63	131	0	189	76	21	19	102	140	0	0	0	30	0	111	0	0	243	0	67	0	15	93	238	194	35	85	188	0	206	60	0	99	93	136	30	229	0	53	0
