0	0	0	0	0	0	0	0	0	0	0	0	0	0	0	0	0	0	0	0	0	0	0	0	0	0	0	0	0	0	0	0	0	0	0	0	0	0	0	0	0	0	0	0	0	0	0	0	0	0	0	0	0	0	0	0	0	0	0	0	0	0	0	0	0	0	0	0	0	0	0	0	0	0	0	0	0	0	0	0	0	0	0	0	0	0	0	0	0	0	0	0	0	0	0	0	0	0	0	0	0	12	12	12	12	12	12	12	12	12	12	12	12	12	12	12	12	12	12	12	12	12	12	12	12	12	12	12	12	12	12	12	12	12	12	12	12	12	12	12	12	12	12	12	12	12	12	12	12	12	12	12	12	12	12	12	12	12	12	12	12	12	12	12	12	12	12	12	12	12	12	12	12	12	12	12	12	12	12	12	12	12	12	12	12	12	12	12	12	12	12	12	12	12	12	12	12	12	12	12	12	24	24	24	24	24	24	24	24	24	24	24	24	24	24	24	24	24	24	24	24	24	24	24	24	24	24	24	24	24	24	24	24	24	24	24	24	24	24	24	24	24	24	24	24	24	24	24	24	24	24	24	24	24	24	24	24	24	24	24	24	24	24	24	24	24	24	24	24	24	24	24	24	24	24	24	24	24	24	24	24	24	24	24	24	24	24	24	24	24	24	24	24	24	24	24	24	24	24	24	24	48	48	48	48	48	48	48	48	48	48	48	48	48	48	48	48	48	48	48	48	48	48	48	48	48	48	48	48	48	48	48	48	48	48	48	48	48	48	48	48	48	48	48	48	48	48	48	48	48	48	48	48	48	48	48	48	48	48	48	48	48	48	48	48	48	48	48	48	48	48	48	48	48	48	48	48	48	48	48	48	48	48	48	48	48	48	48	48	48	48	48	48	48	48	48	48	48	48	48	48	72	72	72	72	72	72	72	72	72	72	72	72	72	72	72	72	72	72	72	72	72	72	72	72	72	72	72	72	72	72	72	72	72	72	72	72	72	72	72	72	72	72	72	72	72	72	72	72	72	72	72	72	72	72	72	72	72	72	72	72	72	72	72	72	72	72	72	72	72	72	72	72	72	72	72	72	72	72	72	72	72	72	72	72	72	72	72	72	72	72	72	72	72	72	72	72	72	72	72	72	96	96	96	96	96	96	96	96	96	96	96	96	96	96	96	96	96	96	96	96	96	96	96	96	96	96	96	96	96	96	96	96	96	96	96	96	96	96	96	96	96	96	96	96	96	96	96	96	96	96	96	96	96	96	96	96	96	96	96	96	96	96	96	96	96	96	96	96	96	96	96	96	96	96	96	96	96	96	96	96	96	96	96	96	96	96	96	96	96	96	96	96	96	96	96	96	96	96	96	96	120	120	120	120	120	120	120	120	120	120	120	120	120	120	120	120	120	120	120	120	120	120	120	120	120	120	120	120	120	120	120	120	120	120	120	120	120	120	120	120	120	120	120	120	120	120	120	120	120	120	120	120	120	120	120	120	120	120	120	120	120	120	120	120	120	120	120	120	120	120	120	120	120	120	120	120	120	120	120	120	120	120	120	120	120	120	120	120	120	120	120	120	120	120	120	120	120	120	120	120	144	144	144	144	144	144	144	144	144	144	144	144	144	144	144	144	144	144	144	144	144	144	144	144	144	144	144	144	144	144	144	144	144	144	144	144	144	144	144	144	144	144	144	144	144	144	144	144	144	144	144	144	144	144	144	144	144	144	144	144	144	144	144	144	144	144	144	144	144	144	144	144	144	144	144	144	144	144	144	144	144	144	144	144	144	144	144	144	144	144	144	144	144	144	144	144	144	144	144	144	180	180	180	180	180	180	180	180	180	180	180	180	180	180	180	180	180	180	180	180	180	180	180	180	180	180	180	180	180	180	180	180	180	180	180	180	180	180	180	180	180	180	180	180	180	180	180	180	180	180	180	180	180	180	180	180	180	180	180	180	180	180	180	180	180	180	180	180	180	180	180	180	180	180	180	180	180	180	180	180	180	180	180	180	180	180	180	180	180	180	180	180	180	180	180	180	180	180	180	180	240	240	240	240	240	240	240	240	240	240	240	240	240	240	240	240	240	240	240	240	240	240	240	240	240	240	240	240	240	240	240	240	240	240	240	240	240	240	240	240	240	240	240	240	240	240	240	240	240	240	240	240	240	240	240	240	240	240	240	240	240	240	240	240	240	240	240	240	240	240	240	240	240	240	240	240	240	240	240	240	240	240	240	240	240	240	240	240	240	240	240	240	240	240	240	240	240	240	240	240	300	300	300	300	300	300	300	300	300	300	300	300	300	300	300	300	300	300	300	300	300	300	300	300	300	300	300	300	300	300	300	300	300	300	300	300	300	300	300	300	300	300	300	300	300	300	300	300	300	300	300	300	300	300	300	300	300	300	300	300	300	300	300	300	300	300	300	300	300	300	300	300	300	300	300	300	300	300	300	300	300	300	300	300	300	300	300	300	300	300	300	300	300	300	300	300	300	300	300	300
0	0	0	0	0	0	0	0	0	0	0	0	0	0	0	0	0	0	0	0	0	0	0	0	0	0	0	0	0	0	0	0	0	0	0	0	0	0	0	0	0	0	0	0	0	0	0	0	0	0	0	0	0	0	0	0	0	0	0	0	0	0	0	0	0	0	0	0	0	0	0	0	0	0	0	0	0	0	0	0	0	0	0	0	0	0	0	0	0	0	0	0	0	0	0	0	0	0	0	0	0	100	100	100	100	100	100	100	100	100	100	100	100	100	100	100	100	100	100	100	100	100	100	100	100	100	100	100	100	100	100	100	100	100	100	100	100	100	100	100	100	100	100	100	100	100	100	100	100	100	100	100	100	100	100	100	100	100	100	100	100	100	100	100	100	100	100	100	100	100	100	100	100	100	100	100	100	100	100	100	100	100	100	100	100	100	100	100	100	100	100	100	100	100	100	100	100	100	100	100	100	100	100	100	100	100	100	100	100	100	100	100	100	100	100	100	100	100	100	100	100	100	100	100	100	100	100	100	100	100	100	100	100	100	100	100	100	100	100	100	100	100	100	100	100	100	100	100	100	100	100	100	100	100	100	100	100	100	100	100	100	100	100	100	100	100	100	100	100	100	100	100	100	100	100	100	100	100	100	100	100	100	100	100	100	100	100	100	100	100	100	100	100	100	100	100	100	100	100	100	100	100	100	100	100	100	100	100	100	100	100	100	100	100	100	100	100	100	100	100	100	100	100	100	100	100	100	100	100	100	100	100	100	100	100	100	100	100	100	100	100	100	100	100	100	100	100	100	100	100	100	100	100	100	100	100	100	100	100	100	100	100	100	100	100	100	100	100	100	100	100	100	100	100	100	100	100	100	100	100	100	100	100	100	100	100	100	100	100	100	100	100	100	100	100	100	100	100	100	100	100	100	100	100	100	100	100	100	100	100	100	100	100	100	100	100	100	100	100	100	100	100	100	100	100	100	100	100	100	100	100	100	100	100	100	100	100	100	100	100	100	100	100	100	100	100	100	100	100	100	100	100	100	100	100	100	100	100	100	100	100	100	100	100	100	100	100	100	100	100	100	100	100	100	100	100	100	100	100	100	100	100	100	100	100	100	100	100	100	100	100	100	100	100	100	100	100	100	100	100	100	100	100	100	100	100	100	100	100	100	100	100	100	100	100	100	100	100	100	100	100	100	100	100	100	100	100	100	100	100	100	100	100	100	100	100	100	100	100	100	100	100	100	100	100	100	100	100	100	100	100	100	100	100	100	100	100	100	100	100	100	100	100	100	100	100	100	100	100	100	100	100	100	100	100	100	100	100	100	100	100	100	100	100	100	100	100	100	100	100	100	100	100	100	100	100	100	100	100	100	100	100	100	100	100	100	100	100	100	100	100	100	100	100	100	100	100	100	100	100	100	100	100	100	100	100	100	100	100	100	100	100	100	100	100	100	100	100	100	100	100	100	100	100	100	100	100	100	100	100	100	100	100	100	100	100	100	100	100	100	100	100	100	100	100	100	100	100	100	100	100	100	100	100	100	100	100	100	100	100	100	100	100	100	100	100	100	100	100	100	100	100	100	100	100	100	100	100	100	100	100	100	100	100	100	100	100	100	100	100	100	100	100	100	100	100	100	100	100	100	100	100	100	100	100	100	100	100	100	100	100	100	100	100	100	100	100	100	100	100	100	100	100	100	100	100	100	100	100	100	100	100	100	100	100	100	100	100	100	100	100	100	100	100	100	100	100	100	100	100	100	100	100	100	100	100	100	100	100	100	100	100	100	100	100	100	100	100	100	100	100	100	100	100	100	100	100	100	100	100	100	100	100	100	100	100	100	100	100	100	100	100	100	100	100	100	100	100	100	100	100	100	100	100	100	100	100	100	100	100	100	100	100	100	100	100	100	100	100	100	100	100	100	100	100	100	100	100	100	100	100	100	100	100	100	100	100	100	100	100	100	100	100	100	100	100	100	100	100	100	100	100	100	100	100	100	100	100	100	100	100	100	100	100	100	100	100	100	100	100	100	100	100	100	100	100	100	100	100	100	100	100	100	100	100	100	100	100	100	100	100	100	100	100	100	100	100	100	100	100	100	100	100	100	100	100	100	100	100	100	100	100	100	100	100	100	100	100	100	100	100	100	100	100	100	100	100	100	100	100	100	100	100	100	100	100	100	100	100	100	100	100	100	100	100	100	100	100	100	100	100	100	100	100	100	100	100	100	100	100	100	100	100	100	100	100	100	100	100	100	100	100	100	100	100	100	100	100	100	100	100	100	100	100	100	100	100	100	100	100	100	100	100	100	100	100	100	100	100	100	100	100	100	100	100	100	100	100	100	100	100	100	100	100	100	100	100	100	100	100	100	100	100	100	100	100	100	100	100	100	100	100	100	100	100	100	100	100	100	100	100	100	100	100	100	100	100	100	100	100	100	100	100	100	100	100	100	100	100	100	100	100	100	100	100	100	100	100	100	100	100	100	100	100	100	100	100	100	100	100	100
1	0	0	0	0	0	0	0	0	0	0	0	0	0	0	0	0	0	0	0	0	0	0	0	0	0	0	0	0	0	0	0	0	0	0	0	0	0	0	0	0	0	0	0	0	0	0	0	0	0	0	0	0	0	0	0	0	0	0	0	0	0	0	0	0	0	0	0	0	0	0	0	0	0	0	0	0	0	0	0	0	0	0	0	0	0	0	0	0	0	0	0	0	0	0	0	0	0	0	0	0	0	0	8	0	0	25	7	0	0	0	5	0	0	0	0	2	0	0	0	62	47	8	0	56	0	0	52	0	0	0	0	13	22	6	0	0	0	0	0	74	91	5	53	0	21	0	0	0	0	0	0	0	0	6	0	6	0	0	1	0	0	3	84	0	7	0	21	0	11	0	0	0	0	83	0	0	25	45	2	0	0	52	0	0	0	20	3	0	3	0	11	7	37	5	3	0	0	0	17	0	0	0	0	4	36	3	1	1	16	36	1	0	0	12	0	49	13	22	3	8	6	0	79	11	5	36	13	14	0	67	41	0	123	0	0	12	13	0	0	0	33	17	0	0	42	133	0	13	3	27	21	12	34	0	0	0	0	0	4	1	8	0	74	27	140	0	0	15	84	47	82	0	0	0	42	0	12	12	0	14	74	5	0	12	0	1	2	0	2	0	2	1	2	0	103	49	1	19	71	0	40	304	17	4	33	0	10	129	0	37	0	14	8	4	14	35	85	23	0	67	47	35	98	99	0	33	0	89	34	0	0	7	12	17	134	92	29	7	32	41	9	0	172	163	0	23	8	128	40	80	0	12	0	10	0	0	0	0	3	44	10	0	0	0	21	3	0	6	66	0	0	64	108	0	20	5	51	0	16	100	94	40	0	35	9	38	100	166	7	12	0	0	7	0	4	0	75	160	1	0	61	1	70	0	147	8	95	17	13	11	51	3	0	4	0	43	13	0	42	22	0	12	0	76	14	95	0	0	58	16	21	2	61	129	37	150	57	157	0	98	7	7	55	32	165	108	2	248	24	4	2	17	49	53	15	148	0	15	1	0	4	10	7	46	41	109	3	23	161	3	11	0	5	20	1	0	179	179	113	89	22	0	0	100	42	2	112	194	109	148	92	64	124	97	46	114	0	230	46	127	235	78	1	59	0	0	15	115	46	90	37	71	203	43	31	21	0	10	9	10	27	81	16	0	83	153	3	19	16	27	0	56	189	52	81	7	9	155	1	198	84	9	90	126	172	2	2	33	39	94	135	0	27	18	1	28	2	0	195	118	24	309	80	72	0	179	0	236	15	26	146	116	3	83	6	35	0	0	58	57	40	13	33	57	187	77	1	109	119	17	4	139	137	176	55	184	88	181	88	77	89	45	48	51	0	85	65	0	3	106	86	188	113	143	131	77	6	2	0	9	29	30	2	129	169	6	252	30	70	79	42	52	210	165	87	29	84	216	152	56	1	41	69	66	96	1	27	59	88	13	100	143	212	230	13	43	23	132	183	121	115	65	1	176	129	55	43	12	81	62	71	116	122	0	72	12	161	21	109	0	4	54	0	151	3	85	8	98	15	0	112	42	102	6	0	77	116	0	69	31	55	31	69	0	40	48	159	89	70	195	129	5	11	3	22	69	14	75	28	310	53	13	18	223	1	201	0	59	17	59	127	34	175	154	74	49	8	35	64	3	54	35	24	114	57	12	42	69	285	115	179	293	175	28	12	66	91	136	72	89	278	135	18	3	105	115	0	186	95	90	17	116	7	67	84	147	127	195	1	159	14	44	166	71	32	75	35	12	90	57	95	161	33	69	73	89	0	0	93	175	12	43	47	261	22	39	36	29	40	43	0	116	24	250	30	142	224	0	273	86	93	103	68	75	53	0	182	24	2	105	179	33	44	114	4	89	109	69	104	39	105	288	54	39	64	37	161	1	125	0	238	94	194	6	150	129	214	22	65	5	72	97	101	55	92	140	63	50	120	42	6	70	271	75	8	14	106	12	30	156	48	62	173	205	76	94	253	82	48	0	164	25	58	145	24	18	36	28	45	109	32	96	30	77	100	114	73	151	89	108	52	2	10	27	54	187	0	90	102	31	62	45	50	214	215	68	34	165	168	0	151	0	43	166	114	37	75	9	112	72	99	100	31	99	93	196	35	42	72	57	142	114	128	64	31	7	89	20	138	86	61	33	94	90	100	29	59	81	46	164	71	89	150	85	30	189	113	24	24	143	109	50	186	115	23	162	62	86	115	218	34	363	5	126	256	32	183	109	115	115	29	5	36	258	78	25	237	211	45	13	56	120	81	41	25	55	386	187	155	12	75	184	17	120	106	72	66	48	25	134	264	256	138	42	113	29	316	57	83	13	95	62	93	203	44	94	23	73	25	90	75	21	8	111	179	96	31	35	76	66	200	98	304	140	79	140	44	93	191	150	86	0	46	36	160	122	66	84	126	144	128	214	260	36	33	191	98	93	148	57	6	225	139	53	134	22	198	20	34	199
2	0	0	0	0	0	0	0	0	0	0	0	0	0	0	0	0	0	0	0	0	0	0	0	0	0	0	0	0	0	0	0	0	0	0	0	0	0	0	0	0	0	0	0	0	0	11	0	0	0	0	0	0	0	0	0	0	0	0	0	0	0	0	0	0	0	0	0	0	0	0	0	0	0	0	0	0	0	0	0	0	0	0	0	0	0	0	0	0	0	0	0	0	0	0	0	0	0	0	0	0	0	39	0	0	0	93	0	0	80	0	18	0	0	6	0	0	0	2	36	0	0	0	1	0	0	1	7	0	0	9	0	0	16	77	14	11	51	0	0	3	6	0	0	0	97	0	0	6	1	0	0	0	0	0	0	0	0	11	3	0	0	0	0	6	0	0	61	0	133	0	50	0	0	14	0	9	0	48	0	0	5	0	0	0	9	19	0	0	0	0	0	0	0	8	0	0	0	0	0	2	0	0	0	0	17	0	0	0	0	0	3	56	0	9	0	7	0	0	0	47	0	7	118	33	0	0	0	236	9	7	27	0	20	0	0	19	3	0	2	12	35	0	0	0	11	9	0	7	0	0	139	0	0	3	0	8	0	52	30	12	31	0	72	0	138	0	34	3	19	0	0	89	50	0	23	6	0	0	0	0	0	2	0	7	0	0	0	0	0	0	7	261	0	0	108	79	1	0	41	0	1	40	145	0	0	0	0	26	0	25	69	0	0	0	18	39	10	0	0	4	2	177	0	0	0	58	2	63	83	1	0	0	8	13	139	166	50	77	95	36	0	6	2	60	0	0	95	16	74	88	0	0	0	0	1	0	0	0	0	37	31	0	0	0	61	0	0	1	11	0	10	16	5	0	48	0	113	45	41	79	0	0	2	93	22	0	55	186	0	18	0	17	6	1	29	0	192	17	4	0	46	0	88	5	103	3	34	0	1	109	82	2	0	0	0	206	6	0	16	24	30	0	18	15	23	46	29	10	13	0	38	0	84	126	91	178	184	56	49	270	3	86	49	2	18	126	0	46	0	0	1	65	94	10	0	156	20	0	2	0	12	0	6	91	20	18	0	146	0	39	117	68	1	20	0	0	110	0	102	103	0	0	89	138	104	93	0	89	2	130	0	16	3	0	67	25	0	1	94	75	110	216	0	157	0	36	1	12	48	42	335	146	72	89	9	162	0	4	41	9	0	54	1	3	167	124	0	4	53	20	24	11	7	65	157	0	19	37	1	10	54	60	113	19	49	0	0	53	16	76	61	3	0	70	0	0	1	55	159	29	37	6	0	60	0	6	0	72	0	84	166	78	15	11	0	70	0	1	200	76	16	24	150	172	204	38	0	260	9	46	0	155	57	63	33	50	25	87	0	4	44	43	63	42	14	15	26	43	190	187	28	20	94	40	80	42	2	4	1	29	0	4	3	137	77	1	87	67	83	110	277	0	5	84	190	0	121	165	38	146	0	89	136	140	160	1	22	74	44	0	24	137	78	25	2	50	41	86	73	34	132	41	0	34	43	97	18	55	111	262	95	0	86	1	77	27	686	16	35	0	80	59	0	69	4	66	0	148	0	11	33	20	66	0	24	67	7	1	94	51	73	134	49	10	16	20	133	160	19	86	96	0	0	90	52	155	0	57	106	55	107	34	9	3	129	139	0	98	184	29	54	231	0	15	182	0	106	56	64	18	67	1	0	57	59	0	27	26	165	157	36	73	171	21	27	2	174	4	83	90	171	70	67	0	217	60	9	122	0	60	88	77	0	98	59	120	73	82	34	41	0	146	364	83	65	173	6	1	40	8	59	187	52	35	30	64	0	0	79	105	65	50	127	204	36	74	146	50	205	71	0	73	72	68	222	157	9	0	56	71	71	199	22	131	79	0	34	4	0	71	136	3	0	145	23	7	496	234	90	99	167	135	61	101	87	0	35	13	0	0	17	116	211	0	137	87	41	117	42	0	79	114	92	38	40	58	3	38	25	0	0	123	0	197	104	84	109	148	172	22	70	1	19	171	95	29	126	32	29	0	105	64	143	74	12	5	73	182	176	270	16	148	39	174	39	190	32	24	55	301	25	0	17	15	125	171	2	104	292	109	86	34	78	63	60	52	30	198	60	14	57	1	19	3	66	78	198	91	116	103	45	75	62	97	47	3	158	18	47	44	28	63	6	202	124	23	18	86	76	31	100	76	90	64	86	87	69	164	301	15	62	92	89	27	105	0	163	154	173	47	0	71	117	47	317	75	153	175	101	136	132	148	69	35	52	26	160	82	225	6	122	97	67	63	177	20	34	162	47	126	6	100	202	187	121	29	119	16	90	28	71	57	4	90	15	43	13	320	155	33	220	65	85	199	47	73	62	207	92	98	41	81	146	86	82	258	28	12	161	35	260	40	43	29	149	28	165	93	41	45	71	77	47	192	120	241	259	21	192	146	118	129	105	64	48	161	29	109	57	176	71	51	68	6	207	10	117	152	117	17	54	7	186	270	81	151	60	60	23	115
3	0	0	0	0	0	0	0	0	0	0	0	0	0	0	0	0	0	0	0	0	0	0	0	0	0	0	0	0	0	0	0	0	0	0	0	0	0	0	0	0	0	0	0	0	0	0	0	0	0	0	0	0	0	0	0	0	0	0	0	0	0	0	0	0	0	0	0	0	0	0	0	0	0	0	0	0	0	0	0	0	0	0	0	0	0	0	0	0	0	0	0	0	0	0	0	0	0	0	0	0	0	0	0	0	0	0	0	0	0	0	0	0	0	0	0	0	0	0	0	0	0	0	0	0	0	0	0	0	0	0	0	0	0	0	0	0	0	0	0	0	0	0	0	0	0	0	0	0	0	0	0	0	0	0	0	0	0	0	0	0	0	0	0	0	0	0	0	0	0	0	0	0	0	0	0	0	0	0	0	0	0	0	0	0	0	0	0	0	0	0	0	0	0	0	0	0	0	0	0	0	0	0	0	0	0	0	0	0	0	0	0	0	0	0	0	0	0	0	0	0	0	0	0	0	0	0	0	0	3	0	0	0	0	0	0	0	0	0	0	0	0	0	0	0	0	0	0	0	0	0	0	0	0	0	0	0	0	0	0	0	0	0	0	0	91	0	0	0	0	0	0	0	0	0	0	0	0	0	0	0	0	0	0	0	0	0	0	0	0	0	0	0	0	0	0	0	0	0	14	0	0	0	0	0	0	0	0	0	0	0	0	0	0	0	0	0	0	0	0	0	0	5	0	0	0	0	0	33	200	0	0	0	0	0	0	0	0	0	0	31	0	0	1	0	0	0	0	0	3	0	0	0	0	0	0	0	0	0	0	0	0	0	0	0	0	0	0	0	0	0	0	0	0	0	0	0	0	0	0	11	0	0	0	16	0	0	0	56	0	0	0	0	0	0	0	0	0	0	0	0	25	0	0	0	110	0	11	0	0	0	0	0	0	0	0	53	0	0	210	0	0	0	0	0	0	29	0	0	0	0	0	0	0	92	44	101	0	196	0	4	0	0	0	0	0	0	0	0	0	0	0	0	19	0	0	73	0	0	0	0	0	0	0	17	0	0	0	199	0	0	0	0	0	0	0	0	114	0	55	0	0	0	0	17	3	0	0	0	0	0	0	0	0	0	36	0	0	0	0	0	0	133	0	17	0	0	0	55	0	0	59	21	202	29	0	91	0	0	0	0	0	114	0	0	7	20	0	0	0	1	0	0	0	314	0	0	0	92	0	0	20	0	56	0	75	0	0	98	16	0	0	0	19	0	0	0	0	0	0	0	123	48	0	51	0	0	0	148	0	3	102	0	3	244	0	23	0	0	24	43	35	0	0	178	84	76	0	22	0	0	0	0	10	0	0	14	23	78	0	0	236	0	23	84	0	0	0	0	36	23	289	208	0	109	42	139	0	0	0	0	0	0	0	150	40	0	114	8	127	119	11	0	0	106	124	0	25	74	3	28	0	33	39	81	98	0	29	27	146	0	4	18	138	0	0	0	0	0	56	158	43	5	0	67	37	161	0	40	0	40	100	0	175	0	97	0	66	0	0	0	0	16	0	308	0	95	0	29	0	0	52	195	30	0	0	37	0	0	134	0	17	0	81	0	0	156	41	68	33	0	64	0	0	0	0	229	0	96	14	13	61	105	0	24	7	17	0	94	134	0	0	0	0	0	50	0	0	137	3	0	92	0	0	34	184	0	66	47	22	66	97	99	162	81	113	0	65	0	66	42	11	31	58	0	4	220	0	0	0	53	88	169	2	90	31	13	20	57	0	153	0	132	43	120	27	57	0	4	0	0	120	175	11	0	37	247	0	0	122	0	195	52	94	90	0	32	51	7	61	171	0	71	62	26	74	116	109	0	92	154	58	4	27	91	131	0	181	0	0	368	0	0	0	152	0	297	28	56	186	128	10	105	139	60	203	0	0	0	0	0	226	71	32	0	4	30	102	43	253	0	117	71	29	0	0	25	0	97	0	0	0	87	0	132	0	181	39	97	23	151	34	0	131	136	158	0	111	96	52	0	115	186	41	45	0	0	95	16	25	0	101	141	46	68	53	316	70	170	136	94	231	0	0	0	91	109	0	107	105	0	46	107	39	84	42	19	42	62	94	0	168	0	18	167	114	164	54	221	115	100	104	9	67	195	156	163	47	35	2	41	127	172	0	65	41	105	0	106	64	202	136	215	289	92	66	80	58	54	57	164	209	17	61	169	265	0	31	13	19	142	0	156	93	37	101	43	23	223	108	78	57	104	232	64	241	126	33	115	218	0	53	146	6	205	137	156	153	23	149	192	16	39	28	82	147	135	2	33	105	43	201	226	86	139	64	1	11	45	22	144	97	33	43	11	78	123	65	30	183	59	284	35	58	110	63	253	164	129	50	159	62	8	42	114	35	28	153	104	139	82	83	90	137	35	71	98	65	56	8	91	64	0	38	48	8	212	99	139	35	43	215	77	66	16	94	23	26	45	60	103	97	131	67	150	186	130	123	48	84	99
4	0	0	0	0	0	0	0	0	0	0	0	0	0	0	0	0	0	0	0	0	0	0	0	0	0	0	0	0	0	0	0	0	0	0	0	0	0	0	0	0	0	0	0	0	0	0	0	0	0	0	0	4	0	0	0	0	0	0	0	0	0	0	0	0	0	0	0	0	0	0	0	0	0	0	0	0	0	0	0	0	0	0	0	0	0	0	0	0	0	0	0	0	0	0	0	0	0	0	0	0	0	0	0	0	0	0	0	0	0	0	0	0	0	0	0	0	0	0	0	0	0	0	0	0	0	0	0	0	0	0	0	0	0	0	0	0	0	0	0	0	0	0	0	0	0	0	0	0	0	0	0	0	0	0	0	0	0	0	0	0	0	0	0	0	0	0	0	0	0	0	0	0	0	0	0	0	0	0	0	0	0	0	0	0	0	0	0	0	0	0	0	0	0	0	0	0	0	0	0	0	0	0	0	0	0	0	0	0	0	0	0	0	0	3	0	0	0	0	0	0	0	0	0	0	0	0	0	0	0	0	0	0	0	0	0	0	0	0	0	0	0	0	0	0	0	0	0	0	0	0	0	0	0	0	0	0	0	0	0	0	0	0	0	2	33	0	0	0	0	0	0	0	0	0	0	0	0	0	0	0	0	0	0	0	0	0	0	0	0	0	0	0	0	0	0	0	0	0	0	0	0	0	18	0	0	0	0	0	0	0	0	0	0	0	0	0	0	0	0	0	0	56	0	7	0	0	0	0	150	0	0	0	0	0	0	0	0	0	0	0	0	0	0	0	0	0	0	0	0	0	0	0	0	0	0	0	0	0	0	0	0	0	0	0	0	0	0	0	0	0	0	0	0	0	0	0	0	0	0	0	0	0	0	58	0	0	0	83	0	0	0	0	0	0	0	0	0	0	0	0	104	0	3	0	27	0	0	0	0	0	0	0	0	0	0	157	0	0	27	0	0	0	0	0	0	59	0	0	0	0	0	0	0	40	13	113	0	150	0	6	0	0	0	0	0	0	0	0	0	0	0	0	115	0	0	25	0	0	0	0	0	0	0	134	0	0	0	20	0	0	0	0	0	0	0	0	153	0	70	0	0	0	0	34	0	17	0	0	0	0	0	0	0	0	195	0	0	17	0	73	0	133	0	123	0	0	0	167	0	0	31	0	1	1	0	166	0	0	0	0	0	20	0	0	77	11	0	0	0	0	0	0	0	147	0	0	1	276	0	0	0	0	44	0	13	0	0	20	84	41	6	0	0	0	0	0	0	0	21	0	68	0	0	171	0	0	0	110	0	39	27	0	2	123	0	24	0	0	0	83	0	0	72	150	99	40	0	0	0	0	0	0	23	90	0	78	42	148	0	0	95	0	80	48	0	3	0	0	10	97	99	7	0	203	126	155	0	0	0	0	0	0	1	211	42	0	73	256	87	83	1	0	0	202	41	0	95	28	236	68	0	71	20	22	97	0	84	97	30	10	52	108	72	0	0	7	0	0	91	167	101	0	0	117	48	71	0	193	0	128	44	0	163	0	108	0	143	0	0	0	0	338	0	51	0	4	0	91	0	0	133	203	96	0	0	86	0	0	80	0	14	0	180	0	0	309	110	100	45	0	107	0	0	0	0	255	0	107	52	4	85	125	0	64	0	0	0	55	51	0	164	0	0	0	60	0	0	123	0	0	84	0	0	76	57	0	98	82	32	62	108	78	101	67	170	0	56	0	92	41	46	95	90	0	5	25	0	44	0	20	11	42	0	12	135	178	104	17	0	111	0	31	47	57	91	100	0	0	12	0	191	2	41	0	81	112	0	0	153	87	111	210	160	76	0	93	164	99	111	52	0	119	32	42	85	115	175	0	120	142	56	86	77	133	73	0	236	0	0	160	0	0	0	89	0	135	61	186	47	43	38	33	65	156	72	3	0	0	0	0	93	84	54	0	155	41	67	178	13	0	104	44	272	0	0	76	0	136	86	0	0	67	0	108	0	29	109	79	138	14	35	0	48	141	87	2	225	121	146	0	126	25	134	73	0	0	216	135	130	141	30	194	18	56	65	53	111	173	2	28	21	0	0	0	74	59	0	178	56	0	154	117	369	71	111	83	49	94	130	0	47	0	99	57	90	20	34	80	140	147	17	18	47	66	122	159	167	44	107	231	64	86	0	145	194	48	0	78	201	68	80	25	67	36	93	116	85	3	135	318	141	89	149	56	34	0	161	122	64	103	0	40	146	41	31	43	7	48	164	57	269	54	13	119	178	77	39	20	8	0	186	181	203	111	329	251	102	95	17	80	43	71	11	262	13	51	24	95	133	23	188	103	109	64	79	0	95	13	101	48	238	82	213	163	49	211	161	41	70	74	145	109	7	58	153	62	145	164	25	74	85	216	23	50	105	53	13	139	67	104	109	104	108	142	39	121	118	193	164	181	59	0	168	153	32	38	49	52	12	263	128	16	167	126	119	64	67	42	196	237	97	59	37	80	6	166	31	83	90	11
5	0	0	0	0	0	0	0	0	21	0	0	0	0	0	0	0	0	0	0	0	0	0	0	0	0	0	0	0	0	0	0	0	0	0	0	0	0	0	0	0	0	0	0	0	0	0	0	0	0	0	0	0	0	0	0	0	0	0	0	0	0	0	0	0	0	0	0	0	0	0	0	0	0	0	0	0	0	0	0	0	0	0	0	0	0	0	0	0	0	0	0	0	0	0	0	0	0	0	0	0	0	0	0	0	0	0	0	0	0	0	0	0	0	0	0	0	0	0	0	0	0	0	0	0	0	0	0	0	0	0	0	0	0	0	0	0	3	0	0	0	0	0	0	0	0	0	0	0	0	0	0	0	0	0	0	0	0	0	0	0	1	0	0	0	0	0	0	0	0	0	0	0	0	0	0	0	0	0	0	0	0	0	0	0	0	0	0	0	0	0	0	0	0	0	0	0	0	0	0	0	0	0	0	0	0	0	0	0	0	0	0	0	0	0	0	0	0	0	0	0	0	0	0	0	0	0	0	0	0	0	0	0	0	0	0	0	0	0	0	0	0	0	0	0	0	0	0	0	0	0	0	0	0	0	0	0	0	0	0	0	0	0	0	0	0	0	0	0	0	0	0	0	0	0	0	0	0	0	0	0	0	0	0	0	0	0	0	0	0	0	0	0	0	0	0	0	0	0	0	0	0	0	0	0	0	0	0	0	0	0	0	0	0	0	0	0	0	0	0	0	0	0	0	0	0	0	0	0	2	0	0	0	0	0	0	0	0	0	0	0	0	0	0	0	0	0	0	0	1	0	0	0	0	0	0	1	0	0	0	0	0	0	0	0	0	0	0	0	0	0	0	0	0	0	0	0	0	0	0	0	0	0	0	0	0	0	0	0	0	0	0	0	0	0	0	0	0	0	0	0	0	0	0	0	2	0	0	0	0	0	0	0	0	0	0	3	0	0	5	0	0	0	0	0	0	41	0	0	0	0	0	0	0	82	4	0	0	13	0	0	0	0	0	0	0	0	0	0	0	0	0	0	11	0	0	0	0	0	0	0	0	2	0	0	3	0	0	0	0	0	0	0	0	0	0	0	33	0	11	0	0	0	0	2	0	0	0	0	0	0	0	0	0	0	0	0	0	0	0	0	0	59	0	1	0	0	0	0	0	0	0	0	7	0	0	34	0	0	0	0	0	16	0	0	0	0	0	0	0	0	0	0	0	9	0	0	0	201	0	0	0	0	0	0	0	0	0	40	0	12	0	0	0	0	0	0	0	0	0	0	2	0	0	0	0	0	0	84	0	0	1	0	0	5	0	0	0	0	0	0	0	0	0	4	33	232	0	0	0	0	0	0	0	0	0	1	1	39	0	0	51	0	0	2	0	44	0	0	0	110	2	37	0	6	9	3	0	6	0	0	0	0	0	1	41	0	0	0	89	67	0	0	0	0	5	0	0	1	0	0	0	0	0	1	0	0	11	1	0	0	0	20	63	1	0	0	0	0	0	0	51	0	0	0	0	3	0	0	0	0	0	0	9	0	0	0	75	0	0	0	0	1	0	15	0	0	0	33	0	0	17	0	48	0	0	32	1	0	21	0	0	0	78	0	0	0	44	35	50	0	101	0	0	0	0	9	0	1	0	0	0	18	0	27	0	0	0	0	124	0	0	0	0	0	47	0	0	2	0	0	12	0	0	36	4	0	0	140	0	44	136	27	44	4	0	0	2	0	55	10	80	0	0	0	0	8	0	1	0	13	8	0	0	0	15	7	0	4	0	6	0	0	45	0	0	0	0	0	0	0	41	0	4	0	23	3	0	0	0	0	0	0	14	227	0	5	21	0	6	0	0	35	126	0	0	3	58	0	257	33	46	81	0	2	0	0	151	0	0	61	0	0	0	21	0	0	0	0	0	0	21	0	0	0	20	0	0	0	0	0	1	48	5	0	58	93	19	46	30	0	14	14	65	0	0	6	0	2	0	0	0	0	0	161	0	4	0	0	0	13	4	0	74	73	21	0	9	8	1	0	0	0	0	34	0	0	7	4	2	0	73	5	34	6	7	0	2	0	2	0	5	0	0	0	0	41	0	3	8	0	26	0	0	134	0	0	19	0	32	0	1	0	13	33	7	0	107	14	38	24	5	77	0	0	0	39	0	5	0	0	0	1	0	125	0	0	0	7	37	3	2	0	13	10	0	99	0	0	7	4	1	76	24	18	5	0	0	36	22	0	0	76	0	0	0	97	23	0	0	9	6	35	0	0	51	4	25	0	2	0	2	9	2	134	14	17	0	0	24	0	5	32	46	18	3	21	28	1	16	2	19	7	3	0	0	0	30	85	1	71	0	0	17	1	4	0	0	13	4	2	0	0	0	6	80	191	14	3	0	60	4	5	3	17	10	55	9	2	0	3	9	46	0	0	2	24	3	4	6	41	0	0	7	20	0	1	1	4	50	6	81	40	19	0	4	1	14	14	46	20	7	0	17	34	34	17	5	48	0	1
6	0	0	0	0	0	0	0	0	0	0	0	0	0	0	0	0	0	0	0	0	0	0	0	0	0	0	0	0	0	0	0	0	0	0	0	0	0	0	0	0	0	0	0	0	0	0	0	0	0	0	0	0	0	0	0	0	0	0	0	0	0	0	0	0	0	0	0	0	0	0	0	0	0	0	0	0	0	0	0	0	0	0	0	0	0	0	0	0	0	0	0	0	0	0	0	0	0	0	0	0	0	0	0	0	0	0	0	0	0	0	0	0	0	0	0	0	0	0	0	0	0	0	0	0	0	0	0	0	0	0	0	0	0	0	0	16	0	0	0	0	0	0	0	0	0	0	0	0	0	0	0	0	0	0	0	0	0	0	0	0	0	0	0	0	0	0	0	0	0	0	30	0	0	0	0	0	0	0	0	0	0	0	0	0	0	0	0	0	0	0	0	0	0	0	0	0	0	0	0	0	0	0	0	0	0	0	0	0	0	0	0	0	0	0	0	0	0	0	0	0	0	0	0	0	0	0	0	0	0	0	0	0	0	0	0	0	0	0	0	0	0	0	0	0	0	0	0	4	0	0	0	0	0	0	0	0	0	0	0	0	0	0	0	0	31	0	0	0	0	0	0	0	0	0	0	0	0	0	0	0	0	0	0	0	0	0	0	0	0	0	0	0	0	0	0	0	0	0	0	0	0	0	0	0	0	0	0	0	0	0	0	0	0	0	0	0	0	0	0	0	0	0	0	0	0	0	0	69	78	0	0	0	0	0	0	0	3	0	0	0	0	0	0	0	0	0	0	0	0	0	0	0	0	0	0	0	0	0	0	0	0	0	0	0	0	0	0	0	0	0	0	0	0	3	0	0	0	0	0	33	0	0	0	45	0	0	0	29	0	0	0	0	0	0	0	0	0	0	0	0	3	0	59	0	11	0	0	0	0	0	0	0	0	0	0	108	0	0	218	0	0	0	0	0	0	117	0	0	0	0	0	0	0	79	93	139	3	0	0	1	0	0	0	0	0	0	0	0	0	0	0	0	55	0	0	0	0	0	0	0	0	0	0	0	0	0	0	0	0	0	0	58	0	0	0	0	101	0	21	0	0	0	0	9	0	32	0	0	0	0	0	0	0	0	0	0	0	0	0	13	0	20	0	58	0	0	0	8	0	38	137	0	54	2	0	93	0	0	0	0	0	4	0	0	17	0	0	0	0	0	0	0	0	26	0	0	0	3	0	0	22	0	30	0	74	0	0	95	19	0	0	0	0	0	0	0	0	0	0	0	86	0	0	29	0	0	0	53	0	0	155	0	0	80	0	145	0	0	0	46	0	0	0	49	161	185	0	0	0	0	0	0	48	19	11	33	0	101	0	0	33	0	0	23	0	0	9	0	4	152	102	201	0	98	163	133	0	0	0	0	0	0	0	26	123	0	161	285	93	226	0	0	0	4	102	0	0	114	4	0	0	48	0	41	124	0	51	140	58	0	4	3	236	0	0	0	0	0	90	83	60	0	0	19	53	32	0	24	0	28	14	0	16	0	5	0	65	0	0	0	0	78	0	135	0	3	0	257	0	0	183	92	30	0	0	45	0	0	94	0	0	15	168	0	0	32	257	69	40	0	15	0	0	0	0	73	0	69	0	0	0	53	0	40	0	23	0	256	55	0	0	0	0	0	17	0	0	71	3	0	19	11	0	43	20	0	67	12	62	150	169	131	21	120	106	0	33	0	116	96	271	63	67	0	0	96	0	0	0	54	401	54	0	27	127	60	139	82	0	16	0	125	124	244	62	190	0	0	0	0	30	0	81	0	7	81	0	0	230	27	295	132	14	14	0	47	21	154	85	67	0	155	173	65	41	168	68	0	63	206	35	22	59	124	23	0	33	0	0	98	0	0	0	74	0	88	85	119	199	176	72	6	14	25	440	0	1	0	0	0	92	12	69	0	198	79	73	93	100	0	79	95	120	0	0	87	0	74	6	0	0	283	0	49	0	121	35	162	133	111	48	10	98	289	17	0	113	47	251	0	110	67	10	144	0	0	79	162	128	8	155	128	96	5	111	70	68	64	67	37	51	0	0	0	52	116	0	81	51	0	19	81	149	76	99	0	121	117	27	0	44	0	60	34	51	43	27	85	78	73	43	67	32	91	120	52	40	113	89	47	64	31	0	35	12	64	50	9	117	379	346	166	112	224	99	48	90	153	150	161	50	120	92	228	24	0	156	97	97	38	0	18	70	0	290	106	57	78	55	85	80	209	133	282	71	129	157	48	145	0	68	226	26	19	7	33	11	76	9	114	53	74	115	209	117	105	198	106	62	9	96	140	104	64	53	60	13	19	61	130	148	60	62	26	115	267	198	95	78	136	168	161	22	73	151	22	55	98	64	51	111	121	88	82	97	53	47	120	148	29	246	14	173	5	47	172	87	55	39	73	49	0	283	84	167	141	37	139	196	141	98	120	228	90	102	21	42	81	70	70	19	110	148	163	39	101	94	85	64	14
7	0	113	0	0	0	0	0	0	0	0	0	0	0	0	0	0	0	0	0	0	0	0	0	0	0	0	0	0	0	0	0	0	0	0	0	0	0	0	0	0	0	0	0	0	0	0	0	0	0	0	0	0	0	0	0	0	0	0	0	0	0	0	0	0	0	0	0	0	0	0	0	0	0	0	0	0	0	0	0	0	0	0	0	0	0	0	0	0	0	0	0	0	0	0	0	0	0	0	0	0	0	0	0	0	0	0	0	0	0	0	0	0	0	0	0	0	0	0	0	0	0	0	0	0	0	0	0	0	0	0	0	0	0	0	0	0	0	0	0	0	0	0	0	0	0	0	0	0	0	0	0	0	0	0	0	0	0	0	0	0	0	0	0	0	0	0	0	0	0	0	0	0	0	0	0	0	0	0	0	0	0	0	0	0	0	0	0	0	0	0	0	0	0	0	0	0	0	0	0	0	0	0	0	0	0	0	0	0	0	0	0	0	0	0	0	0	0	0	0	0	0	0	0	0	0	0	0	0	0	0	0	0	0	0	0	0	0	0	0	0	0	0	0	0	0	0	0	0	0	0	0	0	0	0	0	0	0	0	0	0	0	0	3	0	0	0	0	0	0	0	0	0	0	0	0	0	0	0	0	0	0	0	0	0	0	0	0	0	0	0	0	0	0	0	0	0	0	0	0	0	0	0	0	0	0	0	0	8	0	0	0	0	0	0	0	0	0	0	0	0	0	62	0	0	0	0	0	0	48	0	0	0	0	0	0	0	0	0	0	1	0	0	0	0	0	0	0	0	0	0	0	0	0	0	17	0	0	0	0	0	0	0	0	0	83	0	0	0	0	0	0	0	0	0	0	0	0	0	0	2	0	0	0	54	0	0	0	0	0	0	0	0	0	0	0	0	0	37	0	0	0	0	44	0	0	0	0	0	0	0	0	0	0	0	0	76	0	0	61	0	0	0	0	0	0	152	0	0	0	0	0	0	0	0	175	61	0	29	0	0	0	0	0	0	0	0	0	0	0	0	0	0	99	0	0	19	0	0	0	0	0	0	0	0	0	0	0	0	0	0	0	0	0	0	0	0	179	0	120	0	0	0	0	17	0	12	0	0	0	0	0	0	0	0	7	0	0	0	0	2	0	36	0	149	0	0	0	167	0	0	0	0	138	9	0	85	0	0	0	0	0	122	0	0	0	0	0	0	0	0	0	0	0	46	0	0	0	0	0	0	0	0	35	0	43	0	0	74	68	0	0	0	0	0	0	0	0	0	33	0	82	5	0	39	0	0	0	326	0	22	56	15	0	18	0	103	0	0	0	81	0	0	1	67	162	92	0	13	0	0	0	0	18	39	0	40	0	139	0	0	31	0	132	111	0	0	0	0	52	33	29	57	0	12	121	63	0	0	0	0	0	0	0	55	147	0	92	227	329	242	0	0	0	61	37	0	27	72	97	0	0	33	25	40	125	0	56	83	76	15	0	172	58	114	0	0	0	0	57	64	161	0	0	103	0	123	0	241	0	113	42	0	105	0	44	4	89	0	0	0	0	27	0	47	0	0	0	80	0	0	104	75	17	0	0	157	0	0	101	0	3	0	58	0	0	237	106	52	143	0	167	0	0	0	6	56	0	44	0	0	0	54	0	262	0	0	0	93	79	0	0	0	0	0	75	0	0	62	55	0	19	0	0	95	48	0	150	36	20	44	183	32	14	52	38	0	50	0	92	125	65	75	36	0	46	77	0	0	0	85	30	185	0	203	173	78	143	78	1	49	0	54	37	20	124	83	0	0	0	26	96	0	126	0	19	29	0	0	100	10	65	168	108	222	0	107	117	207	45	83	0	147	159	29	144	198	87	0	211	109	27	21	117	43	83	0	84	0	0	28	6	0	0	120	0	43	38	27	96	121	205	61	94	45	22	0	0	0	3	0	14	61	248	0	129	79	80	156	169	0	128	250	255	0	0	50	0	109	0	0	0	81	0	72	0	259	163	91	53	32	71	0	127	17	62	0	30	45	179	0	4	121	209	163	0	0	24	59	39	68	137	139	51	119	156	22	66	127	69	24	44	0	0	0	154	79	0	61	80	0	58	126	193	212	198	239	104	169	78	0	15	0	112	81	177	4	84	133	98	165	134	141	58	72	45	96	115	128	42	233	83	133	0	14	85	19	0	55	157	53	99	12	77	44	21	154	57	64	301	27	109	61	62	97	214	0	52	232	7	74	0	258	24	0	67	129	143	16	30	60	141	152	123	47	160	49	97	101	34	0	141	309	117	87	124	132	100	31	91	15	60	96	82	114	18	119	106	130	62	106	121	250	73	54	84	0	106	50	207	27	55	66	93	39	19	325	172	27	335	168	155	12	164	79	28	247	44	12	78	118	60	106	123	107	88	98	49	209	61	94	46	87	149	146	99	107	177	23	42	200	133	0	103	65	345	40	180	29	66	184	106	53	30	60	140	84	16	30	246	102	54	15	202	34	118	5	98	102	16	276
8	0	0	0	0	0	0	0	0	0	0	0	0	0	0	0	0	0	0	0	0	0	0	0	0	0	0	0	0	0	0	0	0	0	0	0	0	0	0	0	0	0	0	0	8	0	0	0	0	0	0	0	0	0	0	0	0	0	0	0	0	0	0	0	0	0	0	0	0	0	0	0	0	0	0	0	0	0	0	0	0	0	0	0	0	0	0	0	0	0	0	0	0	0	0	0	0	0	0	0	0	0	0	0	0	0	0	0	0	0	0	0	0	0	0	0	0	0	0	0	0	0	0	0	0	0	0	0	0	0	0	0	0	0	0	0	0	0	0	0	0	0	0	0	0	0	0	0	0	0	0	0	0	0	0	0	0	0	0	0	0	0	0	0	0	0	0	0	0	0	0	0	0	0	0	0	0	0	0	0	0	0	0	0	0	0	0	0	0	0	0	0	0	0	0	0	0	9	0	0	0	0	0	0	0	0	0	0	0	0	0	0	0	0	0	0	0	0	0	0	0	0	0	0	0	0	0	0	0	0	0	0	0	0	0	0	0	0	0	0	0	34	0	0	0	0	0	0	0	0	0	0	0	0	0	0	0	0	0	0	0	0	0	0	0	0	0	0	0	0	0	0	0	0	0	0	0	0	0	0	0	0	0	0	0	0	0	0	0	0	0	0	0	0	0	0	0	0	0	0	0	0	0	0	0	0	0	0	0	0	0	0	0	0	0	0	0	0	0	0	0	0	170	0	0	0	0	0	0	0	0	0	0	0	0	0	0	0	0	0	0	0	0	0	0	0	0	0	0	0	0	0	0	0	0	0	0	0	0	0	0	0	0	0	0	0	0	0	0	0	0	0	0	0	0	0	0	0	0	0	0	0	0	0	0	0	0	0	0	0	0	0	0	0	0	0	0	0	0	0	0	16	0	44	0	0	0	0	0	0	0	0	0	0	0	0	73	0	0	9	0	1	0	0	0	0	0	0	0	0	20	0	0	0	0	12	30	0	0	0	0	0	0	0	0	0	0	0	0	0	0	0	0	0	0	0	0	0	0	0	0	0	0	0	0	0	0	0	0	0	0	0	0	0	0	0	2	0	0	3	0	0	0	0	0	0	0	0	0	0	0	0	0	0	0	0	0	0	0	0	0	0	3	0	1	0	0	0	7	0	0	0	0	7	0	0	9	0	0	0	0	0	0	0	0	4	0	0	0	0	0	0	0	0	1	0	0	0	0	0	0	0	0	0	0	0	0	0	4	0	0	0	0	0	0	0	0	0	0	0	0	11	0	0	29	0	0	0	82	0	0	10	0	0	0	0	43	0	0	0	16	0	0	141	2	95	0	0	0	0	0	0	0	0	0	0	0	0	40	0	1	24	0	0	16	0	0	0	0	0	9	0	4	0	0	47	6	0	0	0	0	0	0	0	24	65	0	0	0	34	13	0	0	0	0	0	0	0	0	0	0	0	0	22	8	0	0	0	3	0	0	0	0	68	0	0	0	0	0	0	0	0	0	0	22	14	51	0	1	0	4	0	0	31	0	109	0	70	0	2	0	0	4	0	21	0	0	0	0	0	0	75	2	0	0	0	81	0	0	67	0	1	0	10	0	0	0	22	0	0	0	11	0	0	0	0	20	0	70	26	0	0	0	0	0	0	6	0	4	0	0	0	0	0	0	3	0	0	3	0	0	0	0	0	0	0	0	4	8	0	153	28	155	15	1	0	0	86	0	1	33	134	0	1	0	0	12	0	0	0	3	1	0	0	6	26	23	4	0	0	83	0	0	82	3	0	1	0	0	0	0	20	0	13	0	0	17	0	0	2	0	0	0	2	15	0	1	18	0	6	0	0	49	16	0	0	22	15	0	12	1	77	95	0	12	0	0	0	0	0	8	0	0	0	20	0	1	0	37	0	0	1	0	0	1	87	0	0	0	0	0	23	2	3	0	0	0	4	3	25	0	3	53	0	0	0	20	0	0	2	0	0	0	0	2	0	8	22	0	0	12	7	0	14	27	0	0	81	8	7	0	0	1	46	0	0	0	27	7	15	0	11	1	0	1	0	5	3	1	0	0	16	0	0	0	21	44	0	0	55	0	19	0	17	12	117	0	9	1	58	0	0	0	19	4	5	3	0	0	15	60	1	4	0	0	0	46	8	2	0	20	0	2	0	51	12	0	0	0	2	12	23	18	1	14	0	34	0	0	11	1	2	0	0	3	2	0	0	0	0	1	0	52	2	0	6	193	5	2	2	4	6	38	0	0	27	9	94	46	5	0	0	3	13	17	6	49	0	0	33	0	58	15	0	8	0	1	18	12	20	0	42	0	2	20	0	0	7	0	4	0	0	1	4	1	0	13	8	0	18	0	0	0	0	52	8	0	16	0	10	0	26	0	11	5	59	1	16	14	71	9	0	6	1	40	0	136	4	0	10	13	0	0	6	36	6	1	0	8	0	0	82	33	3	0	1	2	7	0	136	40	1	25	36	68	7	20	2	0	17	5
9	0	0	0	0	0	0	0	0	0	0	0	0	0	0	0	0	0	0	0	0	0	0	0	0	0	0	0	0	0	0	0	0	0	0	0	0	0	0	0	0	0	0	0	0	0	0	0	0	0	0	0	0	0	0	0	0	0	0	0	0	0	0	0	0	0	0	0	0	0	0	0	0	0	0	0	0	0	0	0	0	0	0	0	0	0	0	0	0	0	0	0	0	0	0	0	0	0	0	0	0	0	0	0	0	0	0	0	0	0	0	0	0	0	0	0	0	0	0	0	0	0	0	0	0	0	0	0	0	0	0	0	0	0	0	0	0	0	0	0	0	0	0	0	0	0	0	0	0	0	0	0	0	0	0	0	0	0	0	0	0	0	0	0	0	0	0	0	0	0	0	0	0	0	0	0	0	0	0	0	0	0	0	0	0	0	0	0	0	0	0	0	0	0	0	0	0	0	0	0	0	0	0	0	0	0	0	0	0	0	0	0	0	0	0	0	0	0	0	0	0	0	0	0	0	0	0	0	0	0	0	0	0	0	0	0	0	0	0	0	0	0	0	0	0	0	0	0	0	0	0	0	0	0	0	0	0	0	0	0	0	0	0	0	0	18	0	0	0	0	0	0	0	0	0	0	0	0	0	0	0	0	0	0	0	0	0	0	0	0	0	0	0	0	0	0	0	0	0	0	0	0	0	0	0	0	0	0	0	0	0	0	0	0	0	0	0	0	0	0	0	0	5	0	0	0	0	0	16	21	0	0	0	0	0	0	0	0	0	0	7	0	0	0	0	0	0	0	0	0	0	0	0	0	0	0	0	0	1	0	0	0	0	0	0	0	0	0	0	0	0	0	0	0	0	0	0	0	0	0	12	0	0	0	76	0	0	0	51	0	0	0	0	0	0	0	0	0	0	0	0	27	0	29	0	6	0	0	0	0	0	0	0	0	0	0	104	0	0	127	0	0	0	0	0	0	23	0	0	0	0	0	0	14	2	49	111	0	44	0	0	0	0	0	11	0	0	0	0	0	0	0	0	102	0	0	20	0	0	0	0	0	0	4	33	0	0	0	0	0	0	0	0	0	0	0	0	152	0	42	0	0	0	0	82	0	0	0	0	0	0	0	0	0	0	1	0	1	0	0	56	0	300	0	97	0	0	0	209	0	0	7	0	81	52	0	67	0	0	0	0	0	332	0	0	0	13	0	0	73	0	0	0	0	155	0	0	0	219	0	0	0	0	101	0	1	0	0	124	0	0	0	0	0	0	0	0	0	0	21	0	59	0	0	39	0	0	0	81	0	80	364	0	0	128	0	241	0	6	0	78	0	0	61	139	157	88	0	21	0	11	0	0	11	0	0	160	30	84	0	0	60	0	10	58	0	0	0	0	35	407	20	29	0	100	209	116	0	0	0	0	0	0	0	46	44	0	26	11	102	10	0	0	0	120	85	0	4	111	39	266	0	260	191	19	212	0	35	38	278	0	0	111	112	0	0	0	0	0	175	123	122	0	0	112	39	20	0	266	0	175	78	3	35	0	21	0	179	0	0	0	0	131	0	51	3	77	0	71	0	0	437	85	39	0	0	157	0	0	111	0	0	0	8	0	0	150	138	25	214	0	67	0	0	0	0	94	0	51	0	0	21	29	0	19	0	30	0	192	210	0	0	0	0	0	34	0	0	78	129	0	52	0	0	72	15	0	16	103	243	91	21	35	67	108	37	0	280	0	71	10	214	99	220	0	23	22	0	0	0	183	154	239	0	34	74	361	107	250	0	80	0	160	58	58	93	99	0	0	0	0	31	0	236	0	61	100	0	0	221	69	47	108	40	53	0	128	87	75	15	47	0	162	36	107	74	107	8	0	136	136	109	55	98	57	41	0	44	0	0	69	0	0	0	71	0	21	56	186	206	96	88	113	151	251	129	0	0	0	0	0	64	14	63	0	49	59	74	144	148	0	88	58	88	0	0	131	0	53	22	0	0	77	0	80	0	85	32	9	6	35	36	0	139	76	52	0	56	51	109	0	48	89	2	31	0	0	103	174	44	0	225	137	188	124	98	42	86	26	31	318	122	0	0	0	71	71	0	95	179	0	53	56	138	125	222	73	79	110	139	0	70	0	26	64	50	26	104	245	120	81	33	67	183	86	97	81	9	231	87	234	94	26	0	205	48	192	0	21	67	54	175	275	251	95	11	53	50	150	211	46	45	16	131	98	20	0	52	26	61	60	0	88	86	0	138	74	59	81	106	96	26	182	174	33	52	195	35	56	33	0	160	52	88	37	77	136	30	86	175	26	145	167	287	40	45	125	51	62	171	115	139	48	111	175	119	0	84	74	139	182	67	121	276	60	44	50	65	305	295	108	16	68	179	5	69	128	29	199	21	50	31	74	136	58	174	91	72	74	91	110	87	76	137	41	20	8	89	120	42	51	150	0	42	27	26	286	73	52	57	183	10	184	47	200	42	274	145	264	28	239	69	124	195	12	66	91	13	22	53	179
10	0	0	0	0	0	0	0	0	0	0	0	0	0	0	0	0	0	0	0	0	0	0	0	0	0	0	0	0	0	0	0	0	0	0	0	0	0	0	0	0	0	0	0	0	0	0	0	0	0	0	0	0	0	0	0	0	0	0	0	0	0	0	0	0	0	0	0	0	0	0	0	0	0	0	0	0	0	0	0	0	0	0	0	0	0	0	0	0	0	0	0	0	0	0	0	0	0	0	0	0	0	0	0	0	0	0	0	58	0	0	0	0	0	0	0	0	0	0	0	0	0	0	0	0	0	0	0	0	0	0	0	0	0	0	0	0	0	0	0	0	0	0	0	0	0	0	0	0	0	0	0	0	0	0	0	0	0	0	0	0	0	0	0	0	0	0	0	0	0	0	0	0	0	0	0	0	0	0	0	0	0	0	0	0	0	0	0	0	0	0	0	0	0	0	0	0	0	0	0	0	0	0	0	0	0	0	0	0	0	0	0	0	0	0	0	0	0	0	0	0	0	0	0	0	0	0	0	0	0	0	0	0	0	0	0	0	0	0	0	0	0	0	0	0	0	0	0	0	0	0	0	0	0	0	0	0	0	0	0	0	0	0	0	0	0	0	0	0	0	0	0	0	0	0	0	0	0	0	0	0	0	0	0	0	0	0	0	0	0	0	0	0	0	0	0	9	0	0	0	0	3	0	0	0	0	0	0	56	0	0	0	0	0	0	0	0	1	0	0	0	0	27	0	5	0	0	0	4	4	0	1	0	0	0	0	0	0	0	0	5	0	0	18	0	0	0	0	0	0	0	0	0	0	0	0	0	0	0	0	0	0	0	0	0	0	0	0	0	0	0	0	0	0	0	0	0	0	0	0	0	0	0	0	0	0	0	0	84	0	6	0	0	0	0	0	0	0	11	0	0	94	0	0	0	32	0	0	0	0	0	0	0	0	0	0	117	2	0	104	0	0	0	0	0	0	37	0	0	0	0	0	0	0	19	48	51	0	7	0	0	0	0	0	0	1	0	0	0	0	0	0	0	158	0	0	102	0	0	0	0	0	0	0	0	0	0	0	0	0	0	0	0	0	0	0	0	225	0	25	0	0	0	0	85	1	5	0	0	0	0	0	0	0	0	57	0	0	0	0	0	0	137	0	47	0	0	0	170	0	0	18	0	98	7	0	174	0	0	0	0	0	52	0	0	16	61	0	0	0	0	0	0	0	119	0	0	0	12	0	0	0	0	70	0	0	0	0	308	40	0	0	0	0	22	0	1	0	0	181	0	120	31	0	166	0	1	0	181	0	30	39	0	0	90	0	210	0	0	0	56	0	0	5	167	19	160	0	23	24	0	0	1	0	67	0	38	41	212	0	0	104	0	77	30	0	0	0	0	92	92	113	66	0	55	144	67	0	0	0	0	0	0	0	29	297	0	181	112	268	45	0	0	2	63	84	0	49	254	15	133	0	32	7	26	22	0	28	19	62	0	211	171	51	100	0	11	0	0	27	30	99	3	0	75	22	41	0	78	0	195	162	0	160	0	114	1	80	0	0	0	0	81	0	59	0	10	0	69	0	0	108	73	120	0	0	46	0	0	27	0	3	0	104	0	0	140	10	313	85	0	31	0	0	0	0	9	0	47	54	0	110	194	0	132	0	8	0	22	63	0	0	0	0	0	28	0	0	22	14	0	144	0	0	75	281	0	75	129	124	170	121	86	106	142	136	0	34	0	196	118	245	221	253	3	4	47	0	0	9	246	128	299	0	64	91	54	75	153	1	3	0	66	170	90	122	146	0	0	0	0	31	0	83	0	68	45	0	0	58	16	33	60	79	79	0	143	192	41	17	177	0	112	94	41	21	251	88	0	35	135	286	39	26	114	202	0	8	0	0	36	112	0	0	31	0	104	31	72	161	67	42	83	131	30	43	0	0	0	28	0	33	192	64	0	99	161	55	132	105	0	72	194	35	0	0	163	0	73	164	0	0	257	0	119	0	150	155	81	70	30	50	0	34	45	88	20	162	104	56	0	47	70	48	21	0	0	69	12	76	57	75	218	92	111	137	95	38	51	199	82	97	0	0	0	37	95	0	202	94	0	15	79	24	64	179	34	19	32	47	0	72	0	25	61	45	113	33	98	96	155	46	58	74	14	41	67	74	53	125	284	60	80	0	23	22	46	0	40	115	149	207	13	147	85	89	149	192	41	86	155	124	43	67	175	206	0	73	135	112	137	0	198	69	2	383	130	41	156	132	159	35	169	72	60	82	74	84	42	106	0	14	47	169	24	60	147	256	103	77	77	189	53	245	34	208	118	53	152	50	60	84	155	98	109	11	0	136	184	151	52	77	106	209	64	63	114	25	39	215	46	71	165	68	57	59	61	55	137	131	28	40	55	342	65	47	112	111	26	71	213	61	160	64	102	109	36	81	86	77	150	249	0	22	228	102	26	15	53	34	53	39	35	58	155	106	95	63	130	25	6	47	41	133	81	148	186	56	45	98	73
11	0	0	0	0	0	0	0	0	0	0	0	0	0	0	0	0	0	0	0	0	0	0	0	0	0	0	0	0	0	0	0	0	0	0	0	0	0	0	0	0	0	0	0	0	0	0	0	0	0	0	0	0	0	0	0	0	0	0	0	0	0	0	0	0	0	0	0	0	0	0	0	0	0	0	0	0	0	0	0	0	0	0	0	0	0	0	0	0	0	0	0	0	0	0	0	0	0	0	0	0	0	0	0	0	0	0	0	0	0	0	0	0	0	0	0	0	0	0	0	0	0	0	0	0	0	0	0	0	0	0	0	0	0	0	0	0	0	0	0	0	0	0	0	0	0	0	0	0	0	0	0	0	0	0	0	0	0	0	0	0	0	0	0	0	0	0	0	0	0	0	0	0	0	0	0	0	0	0	0	0	0	0	0	0	0	0	0	0	0	0	0	0	0	0	0	0	0	0	0	0	0	0	0	0	0	0	0	0	0	0	0	0	0	0	0	0	0	0	0	0	0	0	0	0	0	0	0	0	0	0	0	0	0	0	0	0	0	0	0	0	0	0	0	0	0	0	0	0	0	0	0	0	0	0	0	0	0	0	0	0	0	0	0	0	21	0	0	0	0	0	0	0	0	0	0	0	0	0	0	0	0	0	0	0	0	0	0	0	0	0	0	0	0	0	0	0	0	0	0	0	0	0	0	0	0	0	0	0	0	0	0	0	0	0	0	0	0	0	0	0	0	5	0	0	0	0	0	0	27	0	0	0	0	0	0	0	0	0	0	9	0	0	0	0	0	0	0	0	0	3	0	0	0	0	0	0	0	0	0	0	0	0	0	0	0	0	0	0	0	0	0	0	0	0	0	0	0	0	0	0	0	0	0	0	0	0	0	15	0	0	0	0	0	0	0	0	0	0	0	0	8	0	0	0	53	0	0	0	0	0	0	0	0	0	0	137	0	0	21	0	0	0	0	0	0	64	0	0	0	0	0	0	0	0	63	96	0	29	0	103	0	0	0	0	0	0	0	0	0	0	0	0	129	0	0	49	0	0	0	0	0	0	0	0	0	0	0	0	0	0	0	0	0	0	0	0	92	0	71	0	0	0	0	0	0	43	0	0	0	0	0	0	0	0	11	0	0	0	0	1	0	147	0	81	0	0	0	86	0	1	9	0	126	48	0	63	0	0	0	0	0	174	0	0	0	63	0	0	0	0	0	0	0	56	0	0	0	16	0	0	1	0	26	0	5	0	0	173	17	0	0	0	0	0	0	0	0	0	0	0	20	0	0	132	0	0	0	165	0	0	162	0	0	41	0	171	0	0	0	95	0	0	0	205	64	34	0	0	0	0	0	0	0	9	0	45	36	57	0	50	134	0	134	188	0	0	0	0	333	66	80	10	0	209	43	65	0	0	0	0	0	0	0	30	83	0	63	136	246	54	1	0	0	54	26	0	134	62	18	0	0	76	65	10	64	0	288	200	38	0	0	87	263	128	0	0	0	0	49	88	198	0	0	79	1	138	0	60	18	63	9	0	36	0	41	0	93	0	0	0	0	28	0	56	0	7	0	81	0	0	89	121	4	0	0	119	0	0	20	0	2	0	203	0	0	82	151	94	10	0	44	0	0	0	0	86	0	72	0	0	32	170	0	192	0	0	0	96	22	0	3	0	0	0	79	0	0	57	13	0	135	0	0	54	171	0	86	108	215	59	460	61	28	66	77	0	92	0	30	39	214	235	83	0	17	83	0	0	2	57	206	212	0	65	81	115	42	87	0	189	0	2	156	286	107	78	0	0	0	0	79	0	164	0	66	85	0	0	46	16	147	212	105	50	0	236	133	20	43	139	0	26	94	25	68	74	60	0	150	228	57	63	199	172	113	0	131	0	0	250	47	0	0	220	0	74	78	172	42	79	60	0	10	62	162	0	0	0	0	0	31	22	106	0	29	225	15	139	103	0	265	321	170	0	0	214	0	192	183	0	0	105	0	53	0	23	70	4	100	34	84	0	82	13	20	0	28	93	180	0	170	67	106	64	0	0	59	10	18	83	248	20	8	280	255	9	159	86	96	106	117	0	0	0	45	49	0	128	26	0	74	25	63	87	42	9	78	34	312	0	38	0	121	9	44	59	86	106	38	22	135	183	69	94	228	97	109	97	199	84	98	91	0	166	90	92	0	181	100	117	91	207	24	84	98	28	65	130	51	94	49	25	84	166	15	0	54	89	114	35	0	16	24	61	138	98	111	10	102	40	175	173	48	110	37	63	83	239	109	0	116	111	89	134	159	79	50	406	126	22	18	96	17	84	30	52	52	170	93	85	211	216	121	17	376	0	49	328	63	5	100	61	55	133	21	228	106	206	65	37	70	150	19	154	135	22	49	33	110	106	143	47	129	105	81	258	126	44	84	115	26	61	80	111	199	56	61	28	81	76	12	0	84	16	334	37	89	56	97	60	98	77	28	92	28	293	67	150	135	187	71	100	87	18	150	26	27	64	124	37
12	0	0	0	0	0	0	0	0	0	0	0	0	0	0	0	0	0	0	0	0	0	0	0	0	0	0	0	0	0	0	0	0	0	0	0	0	0	0	0	0	0	0	0	0	0	0	0	0	0	0	0	0	0	0	0	0	0	0	0	0	0	0	0	0	0	0	0	0	0	0	0	0	0	0	0	0	0	0	0	0	0	0	0	0	0	0	0	0	0	0	0	0	0	0	0	0	0	0	0	0	0	0	0	0	0	0	0	0	0	0	0	0	0	0	0	0	0	0	0	0	0	0	0	0	0	0	0	0	0	0	0	0	0	0	0	0	0	0	0	0	0	0	0	0	0	0	0	0	0	0	0	0	0	0	0	0	0	0	0	0	0	0	0	0	0	0	0	0	0	0	0	0	0	0	0	0	0	0	0	0	0	0	0	0	0	0	0	0	0	0	0	0	0	0	0	0	0	0	0	0	0	0	0	0	0	0	0	0	0	0	0	0	0	0	0	0	0	0	0	0	0	0	0	0	0	0	16	0	0	7	0	0	0	0	0	0	0	0	0	0	0	0	0	0	0	0	0	0	0	0	0	0	0	0	0	0	0	0	0	0	0	8	0	0	0	0	0	0	0	0	0	0	0	0	0	0	0	0	0	0	0	0	0	0	0	0	0	0	0	0	0	0	0	0	0	0	0	0	0	0	0	0	0	0	0	0	0	0	0	0	0	0	0	0	0	0	0	0	0	0	0	1	0	0	0	0	0	115	51	0	0	0	0	0	0	0	0	0	0	0	0	0	0	0	0	0	0	0	0	0	0	0	0	0	0	0	0	0	0	0	0	0	0	0	0	0	0	0	0	0	0	0	0	0	0	0	0	0	0	0	0	0	0	0	0	0	0	0	0	0	0	0	0	0	0	0	0	0	0	0	0	0	0	0	0	0	0	0	0	0	0	0	0	0	0	19	0	0	103	0	0	0	0	0	0	43	0	0	0	0	0	0	2	0	24	43	0	4	0	0	0	0	0	0	0	0	0	0	0	0	0	0	16	0	0	0	0	0	0	0	0	0	0	1	0	0	0	42	0	0	0	0	0	0	0	0	48	0	0	0	0	0	0	0	0	0	0	0	0	0	0	0	0	0	0	0	0	0	0	0	0	20	0	1	0	0	0	15	0	0	0	0	37	0	0	49	0	0	0	0	0	0	0	0	0	0	0	0	0	0	0	0	0	76	0	0	0	1	0	0	0	0	0	0	0	0	0	180	0	0	0	0	0	0	0	0	0	0	0	0	2	52	52	103	0	0	0	28	0	0	32	0	0	3	0	75	0	0	0	3	0	0	0	56	100	0	0	0	0	0	0	0	35	0	0	1	0	11	0	0	44	0	2	13	0	0	0	0	19	4	50	61	0	1	26	14	0	0	0	0	0	0	0	27	38	0	4	30	170	123	0	0	0	0	13	0	10	19	0	0	0	2	64	9	58	0	62	2	19	0	0	7	26	0	0	0	0	0	197	46	165	0	0	7	0	13	0	0	0	210	0	0	24	0	0	0	121	0	0	0	0	3	0	79	0	0	0	105	0	0	215	11	0	0	0	75	0	0	207	0	0	0	26	0	0	38	170	14	0	2	53	0	0	0	0	13	0	6	8	0	0	40	0	73	0	0	0	183	67	0	0	0	0	0	73	0	0	38	0	0	5	0	0	25	155	0	1	9	17	172	17	17	79	0	11	0	20	0	20	87	28	15	72	0	0	77	0	0	0	3	10	44	0	6	109	91	183	1	0	78	0	1	102	43	18	21	0	0	0	0	82	0	19	0	8	60	0	0	99	0	3	1	142	21	0	1	50	91	10	7	0	26	118	1	56	19	70	0	49	13	91	115	7	216	7	0	105	0	0	65	0	0	0	118	0	64	99	73	2	42	47	14	1	14	63	0	0	0	0	0	0	123	124	0	40	7	102	79	84	0	44	70	36	0	0	33	0	77	0	0	0	8	0	152	0	1	81	0	0	19	58	0	94	0	1	0	79	94	24	0	0	21	16	201	0	0	43	34	101	0	17	67	39	49	28	39	7	40	25	32	17	0	0	0	20	53	0	16	66	0	8	7	15	45	76	0	5	8	61	0	0	0	20	1	143	32	4	52	46	152	49	34	15	5	40	10	0	1	24	27	0	47	0	61	31	0	0	20	4	15	141	68	17	8	2	14	19	0	12	35	48	107	10	10	0	0	19	51	48	12	0	52	66	0	72	43	66	96	38	94	1	31	14	56	37	23	14	191	1	0	2	160	10	175	190	82	27	3	125	0	12	49	9	61	7	36	52	2	25	1	18	5	0	12	1	0	0	6	27	40	12	209	58	92	42	0	2	55	17	3	27	2	0	20	25	55	8	0	36	35	19	4	79	259	55	0	39	2	362	115	29	64	32	30	47	46	37	20	6	67	5	0	66	72	30	59	31	79	72	11	11	32	44	2	21	32	47	0	174	14	79	6	40	16	41	10	114	34	0	2
13	0	0	0	0	0	0	0	0	0	0	0	0	0	0	0	0	0	0	0	0	0	0	0	0	0	0	0	0	0	0	0	0	0	0	0	0	0	0	0	0	0	0	0	0	0	0	0	0	0	0	0	0	0	0	0	0	0	0	0	0	0	0	0	0	0	0	0	0	0	0	0	0	0	0	0	0	0	0	0	0	0	0	0	0	0	0	0	0	0	0	0	0	0	0	0	0	0	0	0	0	0	0	0	0	0	0	0	0	0	0	0	0	0	0	0	0	0	0	0	0	0	0	0	0	0	0	0	0	0	0	0	0	0	0	0	0	0	0	0	0	0	0	0	0	0	0	0	0	0	0	0	0	0	0	0	0	0	0	0	0	0	0	0	0	0	0	0	0	0	0	0	0	0	0	0	0	0	0	0	0	47	0	0	0	0	0	0	0	0	0	0	0	0	0	0	0	0	0	0	0	0	0	0	0	0	0	0	0	0	0	0	0	0	0	0	0	0	0	0	0	0	0	0	0	0	0	0	0	0	0	0	0	0	0	0	0	0	0	0	0	0	0	0	0	0	0	0	0	0	0	0	0	0	0	0	0	0	0	0	0	0	0	0	0	0	0	0	0	0	0	0	0	0	0	0	0	0	0	0	0	0	0	0	0	0	0	0	0	0	0	0	0	0	0	0	0	0	0	0	0	0	0	0	0	0	0	0	25	0	0	0	0	25	0	0	0	0	0	0	0	0	5	0	0	0	0	0	3	59	0	0	0	0	0	0	0	0	0	110	9	0	0	3	0	0	0	0	0	0	0	0	0	0	0	0	0	0	0	0	0	0	0	0	0	0	0	0	0	0	0	0	0	0	0	0	0	0	0	0	110	0	0	0	36	0	0	8	346	0	0	0	0	0	0	0	0	0	2	0	0	288	0	34	0	14	0	0	0	0	0	90	0	0	0	0	71	0	0	145	0	0	0	0	0	0	75	0	0	0	0	0	0	0	29	47	129	0	13	0	30	0	0	0	0	1	30	0	0	0	0	0	0	50	0	0	71	0	0	0	0	0	0	0	6	42	0	0	0	0	0	0	0	0	0	0	0	12	0	9	0	0	0	0	75	0	51	0	0	0	41	0	0	0	0	45	0	0	0	4	38	0	106	0	7	0	0	0	403	0	0	141	0	39	19	0	22	0	0	0	0	0	116	0	0	0	84	0	0	0	0	0	35	0	21	0	0	0	4	0	0	67	0	8	0	171	0	0	38	120	0	0	0	0	9	0	0	0	0	20	0	124	65	19	59	0	0	0	28	0	97	36	0	3	143	0	29	0	0	0	71	0	0	27	183	34	64	0	37	0	0	0	24	9	70	0	84	54	65	0	0	53	0	92	227	0	0	0	0	111	191	144	181	0	38	121	238	0	0	0	0	0	0	0	46	25	0	313	27	79	63	0	0	0	111	25	0	48	45	132	0	0	109	48	46	433	0	38	20	116	4	25	127	194	0	0	0	0	37	117	100	155	37	0	44	1	135	0	198	0	163	122	0	28	0	94	13	45	0	0	0	0	96	0	152	0	86	0	187	0	0	131	36	95	0	0	45	0	0	20	0	0	0	75	0	3	112	5	123	158	0	12	0	1	0	0	36	0	106	19	10	93	26	0	261	0	12	0	98	53	0	0	0	0	0	72	0	0	35	88	0	228	0	0	91	124	0	128	42	84	113	112	39	200	87	190	0	18	0	91	102	115	199	127	0	20	63	0	0	0	110	147	51	0	122	249	120	28	23	0	116	0	197	115	25	48	54	0	0	0	0	181	0	57	32	23	86	0	0	155	134	150	101	190	91	0	147	141	139	150	46	0	30	72	83	349	66	155	0	164	64	242	138	97	90	127	0	41	0	0	155	0	0	0	119	0	43	55	73	428	55	105	33	46	106	58	0	0	0	0	0	12	110	82	0	57	48	68	132	51	0	61	58	140	0	1	108	0	137	68	14	0	307	41	70	0	28	37	98	150	68	7	0	110	30	109	0	261	142	67	0	68	62	135	87	0	34	68	128	82	0	55	58	351	85	41	5	218	177	163	101	5	0	0	0	58	118	0	141	50	3	140	48	69	53	83	149	136	95	96	0	51	0	85	24	28	223	36	19	43	61	22	105	57	37	259	140	49	116	83	26	38	61	0	36	74	12	0	3	196	109	66	111	66	129	161	41	38	108	72	156	55	131	155	56	10	0	35	150	199	88	0	159	119	21	111	121	55	259	51	69	75	38	163	32	110	26	102	146	123	0	39	60	146	38	177	34	18	40	245	36	181	188	106	57	108	306	171	146	193	240	100	104	242	33	67	3	44	142	147	55	19	59	177	331	72	40	18	63	60	134	192	30	78	91	31	47	75	225	37	152	44	257	75	300	109	54	119	59	90	90	77	87	235	168	14	18	166	65	25	242	103	0	62	99	48	100	95	77	84	35	56	148	19	114	9	255	149	56	48	99	119	42	81	56	20	138	105	38	110	270
14	0	0	0	0	0	0	0	0	0	0	0	0	0	0	0	0	0	0	0	0	0	0	0	0	0	0	0	0	0	0	0	0	0	0	0	0	0	0	0	0	0	0	0	0	0	0	0	0	0	0	0	0	0	0	0	0	0	0	0	0	0	0	0	0	0	0	0	0	0	0	0	0	0	0	0	0	0	0	0	0	0	0	0	0	0	0	0	0	0	0	0	0	0	0	0	0	0	0	0	0	0	0	0	0	0	0	0	0	0	0	0	0	0	0	0	0	0	0	0	0	0	0	0	0	0	0	0	0	0	0	0	0	0	0	0	0	0	0	0	10	0	0	0	0	0	0	0	0	0	0	0	0	0	0	0	0	0	0	0	0	0	0	0	0	0	0	0	0	0	0	0	0	0	0	0	0	0	0	0	0	0	0	0	0	0	0	0	0	0	0	0	0	0	0	0	0	0	0	0	0	0	0	0	0	0	0	0	0	0	0	0	0	0	0	0	0	0	0	0	0	0	0	18	0	0	0	0	0	0	0	0	0	0	2	0	0	0	0	0	0	0	0	0	0	0	0	0	0	0	0	0	0	0	0	0	0	0	0	0	0	0	0	0	0	25	0	0	0	0	0	0	0	0	0	0	0	0	0	0	0	0	0	0	0	0	0	12	0	0	0	0	0	0	0	0	7	0	0	0	0	0	0	0	0	0	0	0	0	0	0	0	0	0	0	0	0	0	0	0	0	0	46	0	0	0	0	0	7	96	0	0	0	0	0	0	0	0	0	11	0	0	0	0	0	0	0	0	0	0	0	0	0	0	0	0	0	0	0	0	0	0	6	0	0	0	0	0	0	0	0	0	0	0	0	0	0	0	0	0	0	0	0	0	0	0	0	0	159	0	0	0	0	44	0	0	0	0	0	0	0	41	0	5	0	0	0	0	0	0	0	0	0	0	0	0	52	0	0	95	0	0	0	0	0	0	112	0	0	0	0	0	0	0	21	186	119	0	73	0	0	0	0	0	0	3	0	0	0	0	0	0	0	59	0	0	45	0	0	0	0	0	0	0	9	0	0	0	36	0	0	0	0	0	0	0	0	208	0	140	0	0	0	0	7	0	4	0	0	0	0	0	0	0	0	5	0	0	0	0	1	0	104	0	121	0	0	0	173	0	0	0	75	190	36	0	213	0	0	0	0	0	25	0	0	0	23	0	0	0	0	0	0	0	53	0	0	0	55	0	0	1	0	46	0	152	0	0	133	7	0	3	0	0	0	0	0	0	0	14	0	61	0	0	40	0	0	0	52	0	0	158	16	0	4	0	207	0	0	66	186	0	0	0	134	112	38	0	0	0	0	0	0	28	4	0	8	25	54	0	0	83	0	0	93	0	0	0	0	141	32	76	83	0	126	71	128	0	0	0	0	0	0	0	58	122	0	73	70	61	72	0	0	0	86	83	0	137	135	75	0	0	88	90	21	118	0	110	37	64	0	0	67	46	0	0	0	0	0	51	78	108	0	0	67	27	147	0	2	0	139	97	0	180	0	195	0	52	0	0	0	0	14	0	168	0	206	0	49	0	0	201	188	117	0	0	40	0	0	177	0	4	0	53	0	0	258	69	130	228	8	19	0	16	0	0	80	0	107	4	0	97	130	0	92	0	0	0	61	184	0	0	0	0	0	46	0	0	120	0	0	52	0	0	44	209	0	210	238	68	131	21	21	50	306	91	0	45	0	35	45	150	9	94	0	26	61	0	0	0	96	20	45	0	36	65	11	122	99	0	52	0	57	146	37	38	82	0	0	0	0	239	0	82	0	98	35	0	0	27	19	3	78	27	18	0	14	110	122	43	110	0	103	151	98	171	43	139	0	77	83	67	169	141	52	79	0	132	0	0	103	12	0	0	151	0	157	17	125	117	175	28	95	229	55	71	2	0	0	0	0	139	118	48	0	21	73	98	62	115	0	101	67	22	0	3	111	0	538	91	0	0	59	1	26	0	115	196	34	116	41	11	0	113	40	43	4	95	248	118	0	113	110	42	94	0	0	63	176	117	0	167	34	130	127	215	24	127	175	78	134	71	0	0	0	57	80	0	58	137	0	25	6	119	68	116	44	64	75	116	0	195	0	96	317	88	39	24	42	15	130	110	66	31	78	39	12	90	124	98	87	96	117	0	63	28	158	0	57	42	62	61	171	22	153	91	308	106	19	56	58	272	156	120	112	37	0	268	425	52	110	0	142	103	0	285	142	7	62	58	161	107	113	205	29	131	183	64	19	127	0	68	184	72	14	217	42	173	67	123	108	13	132	40	68	57	175	51	170	348	21	142	28	171	13	28	0	388	58	102	134	119	12	107	117	130	202	197	8	55	80	177	71	2	91	104	20	73	40	102	157	289	84	116	102	98	184	258	165	72	4	88	87	225	55	257	42	164	76	186	20	35	0	16	39	134	75	16	66	25	22	158	81	123	48	66	17	140	46	195	286	118	230	97	164	84	128	154	128	84	54
15	0	0	0	0	0	0	0	0	0	0	0	0	0	0	0	0	0	0	0	0	0	0	0	0	0	0	0	0	0	0	0	0	0	0	0	0	0	0	0	0	0	0	12	0	0	0	0	0	0	0	0	0	0	0	0	0	0	0	0	0	0	0	0	0	0	0	0	0	0	0	0	0	0	0	0	0	0	0	0	0	0	0	0	0	0	0	0	0	0	0	0	0	0	0	0	0	0	0	0	0	0	0	0	0	0	0	0	0	0	0	0	0	0	0	0	0	0	0	0	0	0	0	0	0	0	0	0	0	0	0	0	0	0	0	0	0	0	0	0	0	0	0	0	0	0	0	0	0	0	0	0	0	0	0	0	0	0	0	0	0	0	0	0	0	0	0	0	0	0	0	0	0	0	0	0	0	0	0	0	0	0	0	0	0	0	0	0	0	0	0	0	0	0	0	0	0	0	0	0	0	0	0	0	0	0	0	0	0	0	0	0	0	0	0	0	0	0	0	0	0	0	0	0	0	0	0	0	0	0	0	0	0	0	0	0	0	0	0	0	0	0	0	0	0	0	0	0	0	0	0	0	0	0	0	0	0	0	0	0	0	0	0	0	0	3	0	0	0	0	0	0	0	0	0	0	0	0	0	0	0	0	0	0	0	0	0	0	0	0	0	0	0	0	0	0	0	0	0	0	0	0	0	0	0	0	0	0	0	0	0	0	0	0	0	0	0	0	0	0	0	43	68	0	0	0	0	0	56	55	0	0	0	0	0	0	0	0	0	0	0	0	0	18	22	0	0	0	0	1	0	0	0	0	0	0	0	0	0	0	0	0	0	0	0	0	3	0	0	0	0	0	0	0	0	0	0	0	0	0	0	0	0	0	22	0	0	21	49	0	0	0	0	0	0	0	0	0	6	0	0	16	0	25	0	14	0	0	0	0	0	0	0	0	0	22	81	0	0	46	0	0	0	0	0	0	137	0	0	0	0	0	0	0	9	52	153	0	165	0	276	0	0	0	0	7	0	0	0	0	0	0	0	176	0	0	1	0	0	0	0	0	0	0	123	27	0	0	0	0	0	0	0	0	0	0	0	73	0	212	0	0	0	0	134	0	93	0	0	0	2	0	0	0	7	33	0	0	0	72	4	0	144	0	157	0	0	0	62	0	1	0	0	96	18	0	70	0	0	0	0	0	78	0	0	0	125	0	0	0	0	0	0	0	81	0	0	0	23	0	0	104	0	359	4	139	0	0	31	124	0	0	0	0	0	0	0	0	0	30	0	166	11	0	123	0	0	0	65	0	140	35	0	0	35	0	36	0	0	7	146	1	0	26	155	116	17	0	12	0	0	0	0	132	30	0	78	109	144	0	0	92	0	37	95	0	4	0	0	172	77	83	16	0	123	47	199	0	0	0	0	0	0	0	88	43	3	51	49	374	88	4	0	0	37	139	0	30	25	52	16	0	152	4	39	43	0	222	57	40	0	1	218	182	124	0	0	0	2	34	31	103	163	0	166	32	57	0	84	0	36	16	0	84	0	75	0	163	0	0	0	0	136	0	84	0	85	0	388	0	0	113	35	113	0	0	25	0	0	109	0	0	0	169	0	0	106	459	23	190	0	238	0	0	0	0	80	0	140	0	0	30	39	0	53	0	13	17	159	115	0	2	0	0	0	81	0	0	14	12	0	87	0	0	107	27	0	22	56	66	92	97	118	88	272	174	0	224	0	51	33	30	23	67	0	76	130	0	13	0	69	78	72	0	102	27	158	21	94	0	54	0	96	71	136	12	73	0	0	0	0	27	5	165	0	95	251	0	0	106	84	25	12	54	171	0	59	97	135	102	84	0	160	168	39	25	42	158	0	108	135	125	130	132	109	48	0	34	0	0	221	0	0	1	62	0	27	30	25	89	79	15	89	258	33	107	0	0	0	0	0	45	95	61	0	18	135	39	139	46	0	45	69	55	0	0	163	0	143	206	0	0	42	16	154	0	120	36	124	55	23	13	0	44	30	141	0	159	54	32	0	116	182	150	58	0	0	34	98	109	9	221	127	108	63	169	120	84	61	83	107	104	0	0	0	64	97	0	135	34	0	34	109	74	78	37	49	76	40	3	0	79	0	105	220	105	69	105	130	146	45	71	202	69	72	106	17	45	22	73	193	83	33	2	50	15	85	0	5	121	131	61	89	67	44	47	85	153	17	57	57	113	89	138	174	181	0	55	75	92	59	0	126	62	39	57	108	50	56	189	35	54	89	30	236	187	81	120	102	97	0	48	385	78	45	50	91	16	104	84	5	12	113	54	49	147	58	157	99	35	68	228	64	42	43	114	0	102	59	113	42	48	95	19	80	187	98	106	161	93	208	209	88	39	106	10	418	52	40	112	103	111	18	50	151	173	377	123	73	262	82	49	158	166	65	252	43	13	252	297	44	53	0	150	159	29	88	145	112	177	164	123	98	144	183	108	47	141	152	33	104	35	116	32	182	93	16	86	44	256	214
16	0	0	0	0	0	0	0	0	0	0	0	0	0	0	0	0	0	0	0	0	0	0	0	0	0	0	0	0	0	0	0	0	0	0	0	0	0	0	0	0	0	0	0	0	0	0	0	0	0	0	0	0	0	0	0	0	0	0	0	0	0	0	0	0	0	0	0	0	0	0	0	0	0	0	0	0	0	0	0	0	0	0	0	0	0	0	0	0	0	0	0	0	0	0	0	0	0	0	0	0	0	0	0	0	0	0	0	0	0	0	0	0	0	0	0	0	0	0	0	0	0	0	0	0	0	0	0	0	0	0	0	0	0	0	0	0	0	0	0	0	0	0	0	0	0	0	0	0	0	0	0	0	0	0	0	0	0	0	0	0	0	0	0	0	0	0	0	0	0	0	0	0	0	0	0	0	0	0	0	0	0	0	0	0	0	0	0	0	0	0	0	0	0	0	0	0	0	0	0	0	0	0	0	0	0	0	0	0	0	0	0	0	0	0	0	0	0	0	0	0	0	0	8	0	0	0	0	0	0	0	0	0	0	0	0	0	0	0	0	0	0	0	0	0	0	0	0	0	0	0	0	0	0	0	0	0	0	0	0	0	0	0	0	0	115	0	0	0	0	0	0	0	0	0	0	0	0	0	0	0	0	0	0	0	0	0	0	0	0	0	0	0	0	0	0	0	0	0	0	0	0	0	0	0	0	0	0	0	0	0	0	0	0	0	0	0	0	0	0	0	0	79	0	0	0	0	0	13	45	0	0	0	0	0	0	0	0	0	0	0	0	0	0	5	0	0	0	0	0	0	0	0	0	0	0	0	0	0	0	0	0	0	0	0	0	0	0	0	0	0	0	0	0	0	0	0	0	0	0	0	0	0	0	34	0	0	0	73	0	0	0	0	0	0	0	0	0	0	0	0	81	0	0	0	32	0	0	0	0	0	0	0	0	0	0	52	0	0	81	0	0	0	0	0	0	58	0	0	0	0	0	0	0	0	235	72	0	180	0	0	0	0	0	0	4	0	0	0	0	0	0	0	99	0	0	128	0	0	0	0	0	0	0	62	0	0	0	46	0	0	0	0	0	0	0	0	50	0	47	0	0	0	0	92	0	27	0	0	0	0	0	0	0	0	36	0	0	0	0	1	0	83	0	172	0	0	0	96	0	0	21	0	16	38	0	15	0	0	0	0	0	100	0	0	0	167	0	0	0	0	0	40	0	20	0	0	0	23	0	0	17	0	148	0	25	0	0	166	86	0	1	0	0	0	0	0	0	0	17	0	175	0	0	200	0	0	0	121	0	23	30	182	0	108	0	13	0	0	0	177	0	0	0	55	124	194	0	50	0	0	0	2	17	67	5	20	55	87	24	0	8	0	67	68	0	0	0	0	159	188	69	106	0	23	145	65	0	0	0	0	0	0	0	179	21	0	247	62	88	13	0	0	0	70	77	0	120	125	10	15	0	105	5	40	96	0	114	117	131	0	2	48	54	0	0	0	0	169	67	36	54	13	0	76	0	355	0	184	0	59	78	0	38	0	49	0	112	0	0	0	0	194	0	77	0	298	0	180	0	0	31	73	59	0	0	73	0	0	9	0	0	8	68	0	0	202	237	95	114	0	134	0	0	0	0	210	0	164	0	0	167	122	0	172	0	19	0	91	101	0	16	0	0	0	104	0	0	160	57	0	39	0	0	117	125	0	95	27	137	170	118	25	168	123	34	0	46	0	119	159	85	29	28	0	164	110	0	0	0	191	202	99	0	111	56	62	56	93	0	72	0	136	111	62	5	27	0	0	0	78	163	0	95	0	37	201	0	0	218	103	37	49	95	75	0	10	124	81	10	259	0	147	21	315	24	17	109	0	106	110	143	120	99	95	70	0	113	0	0	104	0	0	0	50	0	73	31	136	82	178	140	60	26	72	100	0	0	0	0	0	42	174	178	0	120	62	76	115	267	0	107	192	123	0	0	240	0	59	20	0	0	61	0	93	0	88	30	183	282	147	236	0	126	40	36	0	89	186	44	0	155	60	84	29	0	0	79	270	315	0	253	43	71	211	60	73	31	54	66	157	73	0	2	0	66	212	0	102	58	0	25	46	68	48	190	99	87	214	206	0	174	0	75	175	142	34	173	33	52	222	29	26	260	11	51	75	164	18	24	56	74	151	0	110	72	21	0	105	28	75	59	77	401	42	179	113	148	76	96	43	114	166	198	15	79	0	290	250	131	53	0	28	141	0	159	12	77	49	36	35	16	91	188	57	182	119	128	90	31	0	78	144	31	50	146	85	344	113	346	199	128	36	42	117	38	59	11	36	75	212	78	69	15	111	132	0	90	176	73	216	167	149	81	40	100	134	213	95	70	36	173	26	11	43	115	48	245	49	103	43	64	70	161	72	145	41	106	205	58	60	47	98	263	33	133	131	299	3	80	4	87	0	235	186	51	31	35	160	113	78	219	67	27	213	33	123	59	203	180	117	111	12	20	94	66	251	121	98	125	125
17	0	0	0	0	0	0	0	0	0	0	0	0	0	0	0	0	0	0	0	0	0	0	0	0	0	0	0	0	0	0	0	0	0	0	0	0	0	0	0	0	0	0	0	0	0	0	0	0	0	0	0	0	0	0	0	0	0	0	0	0	0	0	0	0	0	0	0	0	0	0	0	0	0	0	0	0	0	0	0	0	0	0	0	0	0	0	0	0	0	0	0	0	0	0	0	0	0	0	0	0	0	0	0	0	0	0	0	0	0	0	0	0	0	0	0	0	0	0	0	0	0	0	0	0	0	0	0	0	0	0	0	0	0	0	0	0	0	0	0	0	0	0	0	0	0	0	0	2	0	0	0	0	0	0	0	0	0	0	0	0	0	0	0	1	0	0	0	0	0	0	0	0	0	0	0	0	0	0	0	0	0	0	0	0	0	0	0	0	0	0	0	0	0	0	0	0	0	0	0	0	0	0	0	0	0	0	0	0	0	0	0	0	0	0	0	0	0	0	0	0	0	0	0	0	0	0	0	0	0	0	0	0	0	0	0	0	0	0	0	0	0	0	0	0	0	0	0	0	0	0	0	0	0	0	0	0	0	0	0	0	0	0	0	0	0	0	0	0	0	0	0	0	0	0	0	0	0	0	0	0	0	0	0	0	0	0	0	0	0	0	0	0	0	0	0	0	0	0	0	0	0	0	0	0	0	0	0	19	0	0	0	0	0	0	5	0	0	0	0	0	0	11	0	0	0	0	0	28	92	0	0	0	0	0	0	0	0	4	0	49	0	0	0	0	0	0	0	0	0	0	0	0	0	0	0	0	0	0	0	0	0	0	0	0	0	0	0	0	0	0	0	0	0	0	0	0	0	0	0	0	0	0	0	0	0	0	0	22	0	0	0	0	0	0	0	0	0	0	30	0	19	0	0	0	58	0	0	0	0	0	0	0	0	0	0	61	0	0	140	0	0	0	0	0	0	102	0	0	0	0	0	0	19	54	212	128	0	78	0	25	0	0	0	0	0	0	0	0	0	0	0	0	43	0	0	20	0	0	0	0	0	0	0	0	4	0	0	0	0	0	0	11	0	0	0	0	115	0	28	0	0	0	0	8	0	13	0	2	0	0	0	0	0	0	9	0	0	0	20	180	0	77	0	55	0	0	0	86	0	0	0	1	23	13	0	7	0	0	0	0	0	49	0	0	68	32	0	0	0	1	0	0	0	87	0	0	29	26	0	0	25	0	54	0	1	0	0	77	19	0	0	0	0	0	0	0	0	0	23	0	69	0	0	52	0	0	0	16	0	115	111	0	47	103	0	183	0	0	0	134	0	0	0	49	97	218	0	37	19	0	0	0	33	14	0	89	79	225	0	0	184	0	40	74	0	0	0	0	166	339	133	26	0	78	29	48	0	0	0	0	0	0	0	154	244	0	57	119	22	73	0	0	0	127	27	0	32	55	47	28	0	399	102	50	18	0	142	46	55	0	102	7	106	153	0	0	0	0	216	71	98	0	0	17	0	79	3	37	0	67	48	0	49	0	3	1	114	0	0	0	0	254	0	112	0	107	0	338	0	4	103	92	29	0	0	15	0	0	22	0	0	0	125	0	0	90	38	143	59	3	144	0	0	0	0	71	0	94	22	12	68	119	0	124	0	47	0	77	113	0	0	0	0	0	50	0	0	85	0	0	64	0	0	172	118	0	55	53	86	56	20	82	124	2	99	0	115	0	28	104	71	253	39	0	28	65	0	0	0	202	32	148	0	37	6	83	67	53	0	147	0	34	58	107	126	32	0	0	0	0	54	0	49	0	68	40	0	0	95	3	128	58	94	29	0	37	109	279	59	99	0	47	163	102	32	90	158	0	55	182	178	150	75	33	12	0	15	0	0	22	0	0	0	59	0	43	127	38	17	243	14	48	209	153	77	0	0	0	0	0	129	74	70	0	362	14	36	63	78	0	34	80	28	0	0	15	0	62	51	0	0	337	0	8	0	112	98	39	88	53	267	0	139	272	22	0	28	25	205	0	40	207	31	162	0	0	124	157	101	0	141	183	56	30	52	168	40	28	102	25	85	0	1	0	48	108	0	100	149	0	14	195	52	36	300	126	59	57	39	0	118	2	138	41	216	115	89	128	267	105	101	102	162	66	197	117	60	45	273	50	97	87	0	16	105	140	0	85	82	18	216	33	104	62	196	16	14	166	264	151	104	162	18	131	18	1	209	43	111	100	0	37	39	53	131	115	35	207	134	144	1	227	93	242	53	195	69	54	61	0	143	57	220	278	37	41	160	80	17	200	43	46	86	105	30	119	60	89	94	322	104	83	92	41	255	0	131	107	21	56	147	120	189	196	230	15	174	6	84	232	60	68	143	321	183	106	171	39	74	195	159	77	166	49	179	46	139	188	59	30	133	128	136	185	43	279	74	100	110	108	85	0	90	54	108	88	79	62	56	123	5	79	23	188	112	110	17	125	109	196	25	174	23	63	99	102	52	185	15	130
18	0	0	0	0	0	0	0	0	0	0	0	0	0	0	0	0	0	0	0	0	0	0	0	0	0	0	0	0	0	0	0	0	0	0	0	0	0	0	0	0	0	0	0	0	0	0	0	0	0	0	0	0	0	0	0	0	0	0	0	0	0	0	0	0	0	0	0	0	0	0	0	0	0	0	0	0	0	0	0	0	0	0	0	0	0	0	0	0	0	0	0	0	0	0	0	0	0	0	0	0	0	0	0	0	0	0	0	0	0	0	0	0	0	0	0	0	0	0	0	0	0	0	0	0	0	0	0	0	0	0	0	0	0	0	0	0	0	0	0	0	0	0	0	0	0	0	0	0	0	0	0	0	0	0	0	0	0	0	0	0	0	0	0	0	0	0	0	0	0	0	0	0	0	0	0	0	0	0	0	0	0	0	0	0	0	0	0	0	0	0	0	0	0	0	0	0	0	0	0	0	0	0	0	0	0	0	0	0	0	0	0	0	0	0	0	0	0	0	0	0	0	0	0	0	0	0	0	35	0	0	0	0	0	0	0	0	0	0	0	0	8	0	0	0	0	0	0	0	0	0	0	0	0	0	0	0	0	0	0	0	0	0	0	0	0	0	0	0	16	0	0	0	0	0	0	0	0	0	0	0	0	0	0	0	0	0	0	0	0	0	0	0	0	0	0	0	0	0	0	0	0	0	0	0	0	6	0	0	0	0	0	0	0	0	0	0	0	0	0	0	0	36	0	0	0	0	0	15	104	0	0	0	0	0	0	0	0	0	0	0	0	0	0	9	0	0	0	0	33	0	0	0	0	0	0	0	0	0	0	0	0	0	0	0	0	0	0	0	0	0	0	0	0	0	0	0	0	0	0	0	0	0	0	0	0	0	0	180	0	0	0	0	0	0	0	0	0	60	0	0	52	0	27	0	75	0	0	0	0	0	0	0	0	0	0	39	0	0	59	0	0	0	0	0	0	105	0	0	0	0	0	0	0	0	80	35	0	79	0	0	0	0	0	0	4	0	0	2	0	0	0	0	55	0	0	46	0	0	0	0	0	0	0	74	0	0	0	108	0	0	0	0	0	0	0	0	82	0	40	0	0	0	0	47	0	0	0	0	0	0	0	0	0	0	0	0	0	0	0	0	0	111	0	96	0	0	0	38	0	0	1	0	18	9	0	158	0	0	0	0	0	20	0	0	51	0	0	0	0	0	0	0	0	115	0	0	0	139	0	0	1	0	27	0	159	0	0	91	124	8	0	0	0	0	0	0	0	0	45	0	105	0	0	63	0	0	0	65	0	0	376	4	12	42	0	53	0	0	0	40	0	0	4	91	133	22	0	2	0	0	0	0	0	51	0	118	107	54	0	5	33	0	7	56	0	0	0	0	57	120	55	75	0	86	424	57	0	0	0	0	0	0	0	60	144	0	123	38	224	43	0	0	0	37	72	0	56	15	1	8	0	96	145	5	85	0	159	16	133	0	5	38	66	7	0	0	0	0	98	83	162	0	0	77	2	118	0	40	0	158	92	0	96	0	114	0	60	0	0	0	0	5	0	18	0	103	0	237	39	0	87	121	48	0	0	192	0	0	40	0	3	0	141	0	0	199	113	11	137	0	109	0	27	0	0	123	0	59	0	0	14	44	0	74	0	112	0	21	26	0	18	0	0	0	46	6	0	175	9	0	80	0	0	71	166	0	7	149	214	79	156	17	17	307	24	0	38	0	5	22	147	73	54	0	0	66	0	0	0	16	134	147	0	86	52	21	64	217	0	54	0	41	54	107	18	140	0	0	0	0	52	10	242	0	218	290	0	0	181	70	80	136	37	71	0	49	71	10	176	53	0	131	144	54	223	56	56	0	5	243	75	33	208	68	23	0	20	0	0	72	0	0	0	86	0	77	48	6	129	88	201	112	103	69	72	0	0	0	0	0	50	331	91	0	79	208	79	39	107	0	31	117	31	0	2	48	0	89	65	0	0	71	0	135	0	88	37	60	79	75	152	0	75	148	102	1	17	278	199	0	34	108	22	18	0	0	88	111	18	1	52	100	89	110	154	139	68	65	112	33	39	0	0	0	95	34	0	13	79	0	268	9	93	39	141	115	131	156	65	0	116	0	330	163	45	38	125	132	201	63	159	80	142	50	62	25	7	68	54	60	41	299	0	69	57	69	109	220	65	150	24	94	104	29	104	61	109	56	60	147	178	69	79	113	99	0	253	100	279	151	2	49	64	0	18	90	177	166	93	121	109	176	78	43	21	108	208	161	80	0	45	154	155	128	178	93	75	97	63	15	254	120	196	102	46	125	56	214	256	256	37	22	82	135	256	0	47	41	10	154	47	78	78	113	46	85	51	143	55	25	400	94	32	158	29	127	80	146	142	80	169	30	27	147	41	58	46	99	177	81	26	35	4	263	94	15	57	209	85	59	112	0	167	25	209	61	117	105	62	54	37	28	78	45	19	15	139	102	372	214	119	337	167	65	115	45	85	64	27	115
19	0	0	0	0	0	0	0	0	0	0	0	0	0	0	0	0	0	0	0	0	0	0	0	0	0	0	0	0	0	0	0	0	0	0	0	0	0	0	0	0	0	0	0	0	0	0	0	0	0	0	0	0	0	0	0	0	0	0	0	0	0	0	0	0	0	0	0	0	0	0	0	0	0	0	0	0	0	0	0	0	0	0	0	0	0	0	0	0	0	0	0	0	0	0	0	0	0	0	0	0	0	0	0	0	0	0	0	0	0	0	0	1	0	0	0	0	0	0	2	0	0	0	0	0	0	0	0	0	0	0	0	0	0	0	0	0	0	0	0	0	0	0	0	0	0	0	0	0	0	0	0	0	0	0	0	0	0	0	0	0	0	0	0	0	0	0	0	0	1	0	0	0	0	0	0	0	0	0	0	0	0	0	0	0	0	0	0	0	0	0	0	0	0	0	0	0	0	0	0	0	0	0	0	0	0	0	0	0	0	21	0	0	0	0	0	0	0	0	0	0	0	0	0	0	0	0	0	0	0	0	0	0	0	0	0	0	0	0	0	0	0	0	0	0	0	0	0	0	0	0	0	0	0	0	0	0	0	0	0	0	0	0	0	0	14	0	0	0	0	0	0	0	0	0	0	0	0	0	0	35	0	0	0	0	0	0	0	0	0	0	0	0	0	0	0	0	0	0	0	0	0	0	0	0	0	0	0	57	0	0	0	0	0	0	0	0	0	0	0	0	0	38	0	0	0	0	0	15	67	0	0	0	0	0	0	0	0	10	26	0	0	0	0	0	0	0	0	0	0	0	0	0	0	0	0	0	0	0	0	0	0	0	0	0	0	0	0	0	0	0	0	0	0	0	0	0	0	0	0	0	0	0	0	0	0	0	0	22	0	0	0	0	0	0	0	0	0	0	0	0	69	0	0	0	72	0	0	0	18	0	0	0	0	0	0	72	0	0	125	0	0	0	0	0	0	64	0	0	1	0	0	0	0	30	13	153	0	8	0	33	0	0	0	0	0	43	0	0	0	0	0	0	11	0	0	89	0	0	0	0	0	0	0	0	0	0	0	46	0	0	1	0	0	0	0	0	37	0	108	0	0	0	0	0	0	33	0	0	0	0	0	0	0	0	11	0	0	0	0	0	0	211	0	57	0	0	0	128	0	0	194	0	24	0	0	23	0	0	0	0	0	39	0	0	2	3	0	14	0	0	0	0	0	65	0	0	0	15	0	0	95	0	0	0	37	0	0	29	43	0	5	0	0	0	0	0	0	0	71	0	132	42	1	77	0	0	0	101	0	0	132	3	15	64	0	225	0	0	0	59	2	0	0	117	50	90	0	0	2	0	0	0	0	13	0	60	70	186	0	0	244	0	77	57	0	7	0	0	21	63	24	135	0	34	82	168	0	0	0	0	0	0	0	146	102	0	160	111	119	80	0	0	0	1	111	0	99	16	13	17	0	112	75	72	309	0	124	215	83	0	0	78	61	1	0	42	0	0	281	61	143	0	0	89	98	234	0	251	0	144	10	0	43	0	29	0	42	0	0	0	0	51	0	73	0	84	0	65	0	0	55	82	172	0	0	113	0	0	166	0	0	0	139	0	6	149	46	121	7	0	57	0	0	0	0	319	0	82	6	12	28	27	0	19	0	5	0	121	50	0	0	0	0	0	41	0	0	42	74	0	203	0	0	1	120	0	38	75	218	89	43	70	53	74	82	0	63	0	50	122	25	266	33	0	40	56	0	0	0	252	72	151	0	64	119	93	23	25	0	29	0	153	145	138	55	45	0	0	0	0	132	0	336	0	62	46	0	0	114	0	37	22	66	126	0	96	56	208	9	59	0	75	34	63	173	143	100	0	35	120	40	156	115	51	37	0	139	43	0	279	0	1	0	260	0	56	379	14	139	145	27	17	148	44	112	3	0	0	75	0	34	47	2	0	75	66	277	174	27	0	74	147	38	0	0	196	0	111	10	0	0	170	4	228	0	38	415	43	61	85	160	0	110	291	73	0	146	80	39	0	141	102	90	176	0	0	18	122	77	0	64	221	47	150	14	32	77	11	184	85	101	0	0	0	84	112	0	107	262	0	101	130	38	52	79	146	24	174	215	0	237	0	187	103	264	128	139	115	237	135	116	141	52	54	43	65	63	166	78	38	235	213	0	159	49	204	0	185	186	30	176	63	70	124	90	282	56	50	102	52	297	56	61	128	65	0	41	109	104	169	0	89	11	4	135	132	102	139	43	184	33	2	108	15	13	43	88	163	67	0	37	48	170	49	77	108	72	25	110	120	156	72	208	109	81	70	167	52	79	59	150	110	62	23	2	0	67	59	145	179	33	197	63	76	57	79	42	74	323	278	41	117	44	51	26	162	118	88	104	171	46	151	27	51	55	155	141	136	160	80	83	53	27	88	87	156	115	13	68	184	198	0	29	11	322	37	190	59	35	93	24	69	7	165	363	35	168	130	75	27	83	256	196	19	141	78	156	176	57	146
20	0	0	0	0	0	0	0	0	0	0	0	0	0	0	0	0	0	0	0	0	0	0	0	0	0	0	0	0	0	0	0	0	0	0	0	0	0	0	0	0	0	0	0	0	0	0	0	0	0	0	0	0	0	0	0	0	0	0	0	0	0	0	0	0	0	0	0	0	0	0	0	0	0	0	0	0	0	0	0	0	0	0	0	0	0	0	0	0	0	0	0	0	0	0	0	0	0	0	0	0	0	0	0	0	0	0	0	0	0	0	0	0	0	0	0	0	0	0	0	0	0	0	0	0	0	0	0	0	0	0	0	0	0	0	0	0	0	0	2	0	0	0	0	0	0	0	0	0	0	0	0	0	0	0	0	0	0	0	0	0	0	0	0	0	0	0	0	0	0	0	0	0	0	0	0	0	0	0	0	0	0	0	0	0	0	0	0	0	0	0	0	0	0	0	0	0	0	0	0	0	0	0	0	0	0	0	0	0	0	0	0	0	0	0	0	0	0	0	0	0	0	0	15	0	0	0	0	0	0	0	0	0	0	0	0	0	0	0	0	0	0	0	0	0	0	0	0	0	0	0	0	0	0	0	0	0	0	0	0	0	0	0	0	0	106	0	0	0	0	0	0	0	0	0	0	0	0	0	0	0	0	0	0	0	0	0	0	0	0	0	0	0	0	0	0	0	0	0	0	0	0	0	0	0	0	0	0	0	0	0	0	0	0	0	0	0	0	0	0	0	0	0	0	0	0	0	0	19	3	0	0	0	0	0	0	0	0	0	10	13	0	0	0	0	0	0	0	0	0	10	0	0	0	0	0	0	0	0	0	0	0	0	0	0	0	0	0	0	0	0	18	0	0	0	0	0	0	0	2	0	5	0	0	59	0	0	6	90	0	0	0	0	0	0	0	0	0	1	0	0	223	0	0	0	17	0	13	0	0	0	0	0	0	0	0	10	0	0	58	0	0	0	0	0	0	121	0	0	0	0	0	0	0	9	54	118	0	76	0	54	0	0	0	0	24	0	0	0	0	0	0	0	12	0	0	29	0	0	0	0	0	0	0	110	4	0	0	7	0	0	0	0	0	0	0	0	27	0	74	0	0	0	0	32	4	187	0	0	0	0	0	2	0	0	6	0	0	0	18	38	0	134	0	241	0	0	0	244	0	0	30	0	114	89	0	59	0	0	0	0	0	128	0	0	53	203	0	0	0	0	4	0	0	107	44	0	0	138	0	0	112	0	196	0	34	0	0	242	161	96	15	0	0	1	0	9	0	0	25	0	102	3	0	38	0	0	0	168	0	0	24	5	0	187	0	262	0	0	0	252	27	0	113	49	86	156	0	0	4	0	0	0	1	12	0	252	134	110	0	33	102	0	180	120	0	144	2	0	8	12	80	68	0	104	108	130	0	0	0	0	0	0	0	167	150	0	4	95	110	126	0	0	0	42	218	0	183	153	128	101	0	37	41	101	80	0	134	84	139	0	1	34	59	35	0	0	0	0	71	7	8	32	0	28	108	131	0	72	0	42	22	0	95	0	37	1	123	0	0	0	10	42	0	28	0	18	0	41	0	0	87	267	76	0	0	38	0	0	46	0	0	0	41	0	0	12	10	128	69	1	81	0	0	0	0	102	0	292	30	18	17	119	0	63	0	64	0	234	44	0	22	0	0	0	60	32	0	480	20	0	239	0	0	34	145	0	97	108	21	135	103	156	100	155	46	0	47	0	72	48	58	141	87	0	107	28	0	0	0	109	75	52	0	46	107	31	51	76	1	144	0	54	99	103	101	220	0	0	0	0	75	0	66	0	117	124	0	0	129	3	61	54	160	138	0	19	184	152	84	55	0	79	14	33	162	196	250	0	216	79	41	96	62	118	27	0	50	33	0	248	5	0	0	118	0	129	37	158	23	120	271	39	143	218	39	0	0	0	0	0	89	21	270	0	15	109	145	36	62	0	283	194	127	0	0	14	0	65	211	0	0	147	0	68	0	108	109	62	66	143	29	0	40	38	120	0	135	112	98	0	39	97	104	52	0	0	132	50	100	17	47	79	104	152	168	96	55	64	219	48	180	0	0	12	177	82	0	66	65	0	64	39	68	103	122	61	84	258	181	0	67	0	492	215	89	42	125	143	70	54	124	139	79	44	35	274	90	49	67	28	211	241	0	133	17	150	0	54	46	72	22	110	105	35	47	60	101	121	145	38	122	156	37	120	72	0	68	25	102	96	0	9	48	5	13	21	176	131	192	3	62	136	158	25	219	156	111	47	131	0	121	169	71	209	96	117	153	225	83	150	41	149	44	25	84	6	27	165	142	168	26	21	136	177	263	0	50	35	231	40	278	22	67	118	132	12	98	63	55	102	58	37	56	138	53	108	204	14	134	33	39	69	170	140	119	44	43	37	42	48	169	1	108	8	157	131	123	150	297	32	147	0	94	27	38	194	170	210	92	124	57	121	465	104	106	33	136	139	89	33	193	54	207	71	66	164	167	81	57	18
21	0	0	0	0	0	0	0	0	0	0	0	0	0	0	0	0	0	0	0	0	0	0	0	0	0	0	0	0	0	0	0	0	0	0	0	0	0	0	0	0	0	0	0	0	0	0	0	0	0	0	0	0	0	0	0	0	0	0	0	0	0	0	0	0	0	0	0	0	0	0	0	0	0	0	0	0	0	34	0	0	0	0	0	0	0	0	0	0	0	0	0	0	0	0	0	0	0	0	0	0	0	0	0	0	0	0	0	0	0	0	0	0	0	0	0	0	0	0	0	0	0	0	0	0	0	0	0	0	0	0	0	0	0	0	0	0	0	0	0	0	0	0	0	0	0	0	0	0	0	22	0	0	7	0	0	0	0	0	0	0	0	0	0	0	0	0	0	0	0	0	0	0	0	0	0	0	0	0	0	0	0	0	0	0	0	0	0	0	0	0	0	0	0	0	0	0	0	0	0	0	0	0	0	0	0	0	0	0	0	0	0	0	0	0	0	0	0	0	0	0	0	0	0	0	0	0	0	0	0	0	0	0	0	0	0	0	0	0	0	0	0	0	0	0	0	0	0	0	0	0	0	0	0	0	0	0	0	0	0	0	0	0	0	0	19	0	0	0	0	0	2	0	0	0	0	0	0	0	0	0	0	0	0	0	0	0	0	0	0	0	0	0	0	0	0	0	0	0	0	0	0	0	0	0	0	0	0	0	0	0	0	0	0	0	0	0	0	0	0	0	0	1	0	0	0	97	0	0	0	0	0	0	0	0	3	0	0	0	67	0	0	0	0	0	0	0	10	0	0	0	0	0	0	0	0	0	0	0	0	0	0	0	0	0	0	0	0	0	0	0	0	0	0	0	0	0	0	0	0	0	0	0	0	18	0	0	0	0	0	0	0	0	0	0	0	0	0	0	0	0	0	0	0	0	0	0	0	0	0	0	0	0	0	0	0	111	0	0	39	0	0	0	0	0	0	3	0	0	0	0	0	0	0	0	7	0	0	0	0	25	0	0	0	0	0	0	0	0	0	0	0	0	5	0	0	34	0	0	0	0	0	0	0	0	1	0	0	0	0	0	0	0	0	0	0	0	24	0	0	0	0	0	0	15	0	0	0	0	0	0	0	0	0	0	0	0	0	0	5	0	0	157	0	88	8	24	20	8	0	0	0	41	12	0	0	21	0	0	0	0	0	1	0	0	7	0	0	0	0	0	0	0	0	46	0	0	0	2	0	0	4	0	18	0	27	0	0	13	0	0	0	0	0	43	0	0	0	0	0	0	212	0	0	110	0	0	0	8	0	0	239	0	0	2	0	4	0	0	0	3	0	0	0	28	66	8	0	2	0	0	0	0	0	0	62	11	0	11	0	0	2	0	6	30	0	0	0	0	3	66	16	78	0	2	52	25	0	0	0	0	0	0	0	30	18	0	63	0	54	44	0	0	1	108	6	0	0	61	0	5	0	1	48	6	0	0	6	24	20	0	119	7	66	0	0	0	0	0	0	2	20	0	0	31	0	32	0	0	0	1	0	0	102	0	107	0	154	0	0	0	0	14	0	102	0	1	0	115	2	0	25	80	0	0	0	104	0	0	47	0	0	0	6	0	0	0	7	9	0	1	70	0	0	0	0	46	0	254	0	0	51	7	0	80	0	0	0	77	15	0	0	0	0	0	78	0	33	18	1	0	1	0	0	29	49	0	1	8	0	206	82	41	12	147	10	0	58	0	79	35	58	9	25	0	38	55	0	0	0	17	31	53	0	8	126	45	31	118	0	66	0	2	20	5	45	47	0	0	0	0	124	0	32	0	10	89	0	0	16	39	22	0	68	87	0	6	10	30	17	10	0	94	30	70	117	48	33	0	99	117	151	57	6	42	91	0	50	0	0	57	6	0	0	84	0	42	47	0	6	39	134	0	27	34	64	0	0	0	0	0	58	29	54	0	2	11	32	28	212	0	12	23	55	0	0	16	0	37	13	0	0	7	0	108	0	28	75	0	0	52	166	0	185	72	11	0	35	18	4	0	0	28	85	28	0	0	0	40	2	0	121	240	77	31	56	43	0	8	112	38	31	0	0	0	125	141	0	8	129	0	37	20	26	114	150	27	21	25	4	0	57	0	77	43	12	80	27	5	143	51	63	35	9	12	50	32	3	0	5	12	48	3	0	63	26	1	0	0	42	27	0	0	35	105	3	114	0	1	26	22	167	74	23	44	38	41	29	24	45	54	0	77	2	0	0	12	24	29	13	117	10	194	8	85	53	5	52	12	9	0	4	24	109	102	15	84	38	0	1	0	106	94	45	3	65	14	148	35	53	0	115	129	22	22	2	0	16	22	111	18	1	64	197	7	4	108	10	4	0	32	22	33	17	21	73	2	18	1	0	138	48	4	13	49	67	7	12	4	115	133	0	187	53	104	156	103	10	124	6	178	3	0	67	12	2	31	12	149	31	36	42	35	100	0	48	26	22	2	19	14	27	29	109	73	54	6	32	17	17	1
22	0	0	0	0	0	0	0	0	0	0	0	0	0	0	0	0	0	0	0	0	0	0	0	0	0	0	0	0	0	0	0	0	0	0	0	0	0	0	0	0	0	0	0	0	0	0	0	0	0	0	0	0	0	0	0	0	0	0	0	0	0	0	0	0	0	0	0	0	0	0	0	0	0	0	0	0	0	0	0	0	0	0	0	0	0	0	0	0	0	0	0	0	0	0	0	0	0	0	0	0	0	0	0	0	0	0	0	0	0	0	0	0	0	0	0	0	0	0	0	0	0	0	0	0	0	0	0	0	0	0	0	0	0	0	0	0	0	0	0	0	0	0	0	0	0	0	0	0	0	0	0	0	0	0	0	0	0	0	0	0	0	0	0	0	0	0	0	0	0	0	0	0	0	0	0	0	0	0	0	0	0	0	0	0	0	0	0	0	0	0	0	0	0	0	0	0	0	0	0	0	0	0	0	0	0	0	0	0	0	0	0	0	0	0	0	0	0	0	0	0	0	0	0	0	0	0	0	0	0	0	0	0	0	0	0	0	0	0	0	0	0	0	0	0	0	0	0	0	0	0	0	0	0	0	0	0	0	0	0	0	0	0	0	0	186	0	0	0	0	0	0	0	0	0	0	0	0	0	0	0	0	0	0	0	0	0	0	0	0	0	0	0	0	0	0	0	0	0	0	0	0	0	0	0	0	0	5	7	0	0	0	0	0	0	0	0	0	0	0	2	0	36	0	0	0	0	0	95	0	0	0	0	0	0	0	0	0	0	4	45	0	0	0	0	0	0	0	0	0	40	0	0	0	0	0	0	0	0	1	0	0	0	0	0	0	0	0	0	0	0	36	0	0	0	0	0	0	0	0	0	33	0	0	45	0	0	0	117	0	0	0	0	0	0	0	0	0	0	0	0	79	0	0	0	10	0	0	0	0	0	0	0	0	0	0	28	0	0	47	0	0	0	0	0	0	61	0	0	0	0	0	0	0	4	55	194	0	185	0	14	0	0	0	0	0	0	0	0	0	0	0	0	80	0	0	23	0	0	0	0	0	0	0	39	0	0	0	1	0	0	0	0	0	0	0	0	9	0	66	0	0	0	0	387	0	95	0	0	0	0	0	0	0	0	9	0	0	0	0	40	0	39	0	97	0	0	0	159	0	0	0	0	373	0	0	40	0	0	0	0	0	64	0	0	53	181	0	0	0	0	0	0	0	17	0	0	0	40	0	0	76	0	33	16	52	0	0	144	18	8	0	0	0	0	0	0	0	0	12	0	104	0	0	40	0	0	0	12	0	0	70	72	0	38	0	107	0	0	0	96	0	0	0	130	2	40	0	15	2	0	0	0	36	80	0	107	30	167	0	0	20	0	45	35	0	0	0	0	62	107	108	93	0	225	75	115	0	0	0	0	0	0	0	75	182	0	99	74	197	39	0	0	0	112	140	0	209	112	103	64	0	63	63	4	62	0	95	79	72	0	11	12	107	0	0	0	0	0	99	31	17	0	0	406	13	27	0	144	0	230	111	0	67	0	152	0	106	0	0	0	0	92	0	39	0	95	0	257	0	0	68	23	229	0	0	385	0	0	102	0	0	5	59	0	0	108	132	158	92	1	164	0	0	0	0	48	0	273	44	0	31	33	0	45	0	33	0	216	50	0	0	0	0	0	187	0	0	39	200	0	5	0	0	44	75	0	298	28	83	103	263	53	104	115	164	0	44	0	42	177	70	54	20	0	0	59	0	0	0	35	65	29	0	258	114	37	53	29	0	102	0	231	88	96	87	82	0	0	0	0	30	26	98	0	46	212	0	0	141	41	8	75	127	98	0	64	30	120	81	128	0	161	142	114	111	102	76	0	32	35	43	140	5	47	124	0	102	0	0	20	136	0	0	22	0	89	28	102	95	53	41	16	50	138	257	0	52	0	0	0	158	57	121	0	27	170	96	113	69	0	90	136	82	0	0	166	0	65	126	0	0	120	0	27	0	142	22	19	63	68	116	21	135	54	93	13	93	110	138	0	30	92	8	163	0	0	59	29	48	73	64	143	48	132	45	95	108	20	113	170	170	0	0	0	37	45	0	20	51	0	34	66	21	113	64	26	118	82	176	0	54	0	81	47	58	63	28	161	113	89	72	187	84	30	110	47	37	23	206	227	136	21	0	46	86	115	0	54	67	135	109	26	68	63	131	33	10	310	148	29	18	60	23	178	64	0	12	43	74	140	0	11	30	118	77	66	151	183	59	94	29	96	20	3	129	98	394	166	51	0	67	78	23	28	13	59	38	57	32	145	120	205	154	53	71	43	177	228	107	194	35	97	254	262	162	0	35	158	83	173	64	52	44	97	233	41	308	139	283	38	60	50	53	224	76	132	105	63	10	177	169	120	158	133	46	51	82	13	76	205	206	82	66	170	58	123	48	25	95	89	85	0	192	170	162	173	150	24	51	22	85	64	213	92	105	45	116	98	37	184	88	82	64	47	23	61	41	231	236	34
23	0	0	0	0	0	0	0	0	0	0	0	0	0	0	0	0	0	0	0	0	0	0	0	0	0	0	0	0	0	0	0	0	0	0	0	0	0	0	0	0	0	0	0	0	0	0	0	0	0	0	0	0	0	0	0	0	0	0	0	0	0	0	0	0	0	0	0	0	0	0	0	0	0	0	0	0	0	0	0	0	0	41	0	0	0	0	0	0	0	0	0	0	0	0	0	0	0	0	0	0	0	0	0	0	0	0	0	0	0	0	0	0	6	0	0	0	0	0	0	0	0	0	0	0	0	0	0	0	0	0	0	0	0	0	0	0	0	0	0	0	0	0	0	0	0	0	0	0	0	0	0	0	0	0	0	0	0	0	0	0	0	0	0	0	0	0	0	0	0	0	0	0	0	0	0	0	0	0	0	0	0	0	0	0	0	0	0	0	0	0	0	0	0	0	0	0	0	0	0	0	0	0	0	0	0	0	0	0	0	0	0	0	0	0	0	0	0	0	0	0	0	0	0	0	0	0	0	0	0	0	0	0	0	0	0	0	0	0	0	0	0	0	0	0	0	0	0	0	0	0	0	0	0	0	0	0	0	0	0	0	0	0	0	0	0	0	0	0	0	0	0	0	0	0	0	0	0	0	0	0	0	0	0	0	0	0	0	0	0	0	0	0	0	0	0	0	0	0	0	0	0	0	0	0	0	0	0	0	0	0	1	0	0	0	0	0	0	0	0	0	0	12	0	0	0	0	0	0	108	0	0	0	0	0	0	0	0	0	0	0	0	0	0	0	0	0	0	0	0	0	0	0	0	0	0	0	0	0	0	0	0	0	0	0	0	0	1	0	0	0	0	0	0	0	0	0	0	0	17	69	0	0	0	13	0	0	0	22	0	0	0	0	0	7	0	0	0	0	0	0	126	0	19	0	0	0	0	0	0	0	0	0	0	0	0	23	0	0	206	0	0	0	0	0	0	23	0	0	0	0	0	0	0	17	134	134	0	49	0	18	0	0	0	0	0	0	0	0	0	0	0	0	120	0	0	171	0	0	0	0	0	0	0	114	18	0	0	0	0	0	0	0	0	0	0	0	85	0	142	0	0	0	0	40	0	49	0	0	0	42	0	0	0	0	21	0	0	0	9	165	0	4	0	138	0	0	0	99	0	0	4	0	61	27	0	102	0	0	0	0	0	57	0	0	46	15	0	0	0	0	0	0	0	51	3	0	0	70	0	0	101	0	456	2	69	0	0	116	9	18	40	0	0	0	0	0	0	0	225	0	142	0	0	21	0	0	0	51	0	23	181	24	0	61	0	17	0	0	0	19	42	0	0	6	30	176	0	0	0	0	0	0	28	52	173	38	102	225	0	0	116	0	11	13	0	0	0	0	40	82	145	102	0	214	23	297	0	0	0	0	0	0	0	56	69	0	59	35	54	306	6	0	0	3	53	0	92	136	62	3	0	31	175	46	150	0	37	172	22	0	34	89	42	0	0	0	0	0	117	25	193	7	0	77	51	37	0	117	0	68	162	0	27	0	68	0	27	0	0	0	0	370	0	37	0	55	0	137	0	0	186	94	79	0	0	48	0	0	282	0	0	50	206	0	0	98	52	18	199	0	128	0	0	0	0	106	0	187	57	0	58	38	0	124	0	29	0	51	135	0	5	0	0	0	26	0	0	101	233	0	186	0	0	82	119	0	82	140	297	21	47	9	130	106	80	0	72	0	65	200	241	186	29	0	78	72	0	5	0	98	61	191	0	93	97	231	261	393	0	36	0	87	46	134	224	46	0	0	0	0	135	0	161	0	217	78	0	0	53	35	72	55	90	18	0	123	59	55	78	133	0	224	19	158	157	25	76	0	48	25	43	209	161	17	50	0	104	9	0	169	0	0	0	149	0	174	180	221	97	146	212	68	294	28	108	0	0	0	0	0	38	92	63	0	156	120	52	285	53	0	210	44	41	0	0	95	0	35	41	0	0	27	0	133	0	93	139	88	158	187	50	0	77	110	186	0	126	69	271	0	21	81	159	33	0	0	185	263	104	3	101	89	62	85	52	20	36	40	110	190	19	0	0	0	48	131	0	51	63	0	196	51	407	42	49	52	131	150	139	0	15	0	29	99	118	72	22	68	51	43	12	234	23	137	51	132	60	29	214	54	35	48	0	85	200	35	0	57	142	80	44	112	86	106	132	17	81	98	140	144	50	37	236	179	45	0	334	86	92	146	0	9	15	57	82	14	117	112	81	85	30	40	119	93	181	149	84	120	203	0	84	62	46	56	50	26	263	89	110	114	69	413	49	219	64	126	77	139	57	84	94	81	174	49	83	1	195	108	166	56	132	38	39	107	256	100	101	101	53	165	30	57	40	27	137	93	25	61	47	15	56	149	104	43	75	173	57	87	472	212	116	90	210	92	84	181	76	73	32	298	68	0	184	32	68	31	121	167	56	109	151	102	30	150	38	38	87	41	95	39	68	167	71	303	51	61	85	68	39	148
24	0	0	0	0	0	0	0	0	0	0	0	0	0	0	0	0	0	0	0	0	0	0	0	0	0	0	0	0	0	0	0	0	0	0	0	0	0	0	0	0	0	0	0	0	0	0	0	0	0	0	0	0	0	0	0	0	0	0	0	0	0	0	0	0	0	0	0	0	0	0	0	0	0	0	0	0	0	0	0	0	0	0	0	0	0	0	0	0	0	0	0	0	0	0	0	0	0	0	0	0	0	0	0	0	0	0	0	0	0	0	0	0	0	0	0	0	0	0	0	0	0	0	0	0	0	0	0	0	0	0	0	0	0	0	0	0	0	0	0	0	0	0	0	0	0	0	0	0	0	0	0	0	0	0	0	0	0	0	0	0	0	0	0	0	0	0	0	0	0	0	0	0	0	0	0	0	0	0	0	0	0	0	0	0	0	0	0	0	0	0	0	0	0	0	0	0	0	0	0	0	0	0	0	0	0	0	0	0	0	0	0	0	0	0	0	0	39	0	0	0	0	0	0	1	0	0	0	0	0	0	0	0	0	0	0	0	0	0	0	0	0	0	0	0	0	0	0	0	0	0	0	0	0	0	0	0	0	0	0	0	5	0	0	0	0	0	0	0	0	0	0	0	0	0	0	0	0	0	0	0	0	0	0	0	0	0	0	0	0	0	0	0	0	0	0	0	0	0	0	0	0	0	0	0	0	0	0	0	0	19	3	0	0	0	0	0	0	0	0	0	0	38	0	0	0	0	0	0	161	0	0	0	0	0	0	0	0	0	33	0	0	0	0	0	0	0	0	0	0	0	0	0	0	0	0	0	0	0	0	0	0	0	0	0	0	0	0	0	0	0	0	0	0	0	0	0	0	0	0	0	0	0	0	24	0	0	0	1	0	0	0	0	0	0	0	0	0	0	0	0	80	0	0	0	2	0	0	0	0	0	0	0	12	0	0	146	0	0	22	0	0	0	0	0	0	180	0	0	0	0	0	0	0	19	106	28	0	63	0	0	0	0	0	0	0	0	0	0	0	0	0	0	111	0	0	34	0	0	0	0	0	0	0	69	0	0	0	0	0	0	0	0	0	0	0	0	310	5	183	0	0	0	0	326	0	17	0	0	0	0	0	0	0	0	61	0	0	0	0	0	0	59	0	130	0	0	0	100	0	0	52	0	130	0	0	38	0	0	0	0	0	67	0	0	0	25	0	0	0	0	0	45	0	144	0	0	0	3	0	0	14	0	74	0	1	0	0	81	172	0	0	0	0	0	0	0	0	0	0	0	210	26	0	66	0	0	0	46	0	0	18	192	0	16	0	50	0	0	0	48	0	21	15	120	221	5	0	16	0	0	0	0	0	37	0	130	85	60	0	0	37	0	16	23	0	0	0	0	70	115	87	83	0	136	104	109	0	0	0	0	0	0	0	16	51	0	65	81	90	23	0	0	0	130	4	0	83	107	62	142	0	69	109	3	227	0	58	114	49	0	16	136	55	0	0	0	0	0	83	33	34	0	0	62	13	19	0	39	0	40	44	1	391	0	55	0	133	1	0	0	0	172	0	55	0	78	0	24	0	0	117	70	235	0	0	66	0	0	136	0	0	0	202	0	0	65	131	69	40	0	36	0	0	0	0	177	0	63	1	0	20	263	0	142	0	1	0	130	356	0	0	0	0	0	126	0	0	95	0	0	42	0	0	78	68	0	74	72	97	116	76	130	55	56	145	0	55	0	38	138	212	102	94	0	0	25	0	0	0	256	22	56	0	39	102	83	149	103	0	97	7	68	155	55	63	21	0	0	0	0	27	0	61	0	417	24	0	0	2	46	40	74	24	202	0	12	83	55	45	101	0	60	34	238	171	51	68	0	220	44	104	71	69	95	47	0	101	0	0	56	0	0	33	192	0	60	240	13	28	151	66	26	118	278	85	0	0	0	0	0	19	48	40	0	151	156	28	13	64	0	161	28	124	0	0	210	0	95	107	0	0	56	0	142	0	239	183	57	103	8	10	0	189	56	167	1	10	47	98	0	142	37	309	211	40	0	68	92	44	10	28	50	55	44	30	193	17	55	96	107	110	0	0	0	124	187	0	10	245	0	54	74	202	80	85	64	50	278	34	0	35	0	90	56	103	133	78	26	50	93	31	29	6	117	262	64	121	53	75	37	17	195	0	75	89	70	0	58	237	205	80	41	89	155	165	81	91	68	79	43	113	174	72	140	63	0	57	64	38	117	0	94	47	13	38	424	63	82	151	93	136	84	37	183	79	137	88	103	122	0	175	128	80	84	86	45	82	32	42	45	66	112	124	23	112	142	55	119	108	90	108	108	186	66	94	0	98	59	58	70	111	158	130	60	89	68	69	149	213	163	57	205	34	74	48	115	113	132	36	37	86	54	99	77	118	30	58	68	65	21	27	241	90	51	78	35	221	27	128	9	397	0	93	136	205	152	53	166	125	52	15	143	115	79	27	151	55	38	260	125	107	49	96	100	26	43	124	184	38	67
25	0	0	0	0	0	0	0	0	0	0	0	0	0	0	0	0	0	0	0	0	0	0	0	0	0	0	0	0	0	0	0	0	0	0	0	0	0	0	0	0	0	0	0	0	0	0	0	0	0	0	0	0	0	0	0	0	0	0	0	0	0	0	0	0	0	0	0	0	0	0	0	0	0	0	0	0	0	0	0	0	0	0	0	0	0	0	0	0	0	0	0	0	0	0	0	0	0	0	0	0	0	0	0	0	0	0	0	0	0	0	0	0	0	0	0	0	0	0	0	1	0	0	0	0	0	0	0	0	0	0	0	0	0	0	0	0	0	0	0	0	0	0	0	0	0	0	0	0	0	0	0	0	0	0	0	0	0	0	0	0	0	0	0	0	0	0	0	0	0	0	0	0	0	0	0	0	0	0	0	0	0	0	0	0	0	0	0	0	0	0	0	0	0	0	0	0	0	0	0	0	0	0	0	0	0	0	0	0	0	0	0	0	0	0	0	0	0	0	0	0	0	0	0	0	0	0	0	0	0	0	0	0	0	0	0	0	0	0	0	0	0	0	0	0	0	0	0	0	0	0	0	0	0	0	0	0	0	0	0	0	0	0	0	0	0	0	0	0	0	0	0	0	0	0	0	0	0	0	0	0	0	0	0	0	0	0	0	0	0	0	0	0	0	0	0	0	0	0	0	0	0	0	0	0	0	0	0	0	0	0	0	0	0	0	0	0	0	0	0	0	0	185	0	3	0	0	0	12	10	0	0	0	0	0	5	35	0	0	6	0	0	0	0	0	0	0	0	0	0	0	0	0	0	0	0	0	0	0	0	0	0	0	0	0	0	0	0	0	0	0	0	0	0	0	0	0	0	0	0	0	0	0	0	169	0	0	0	73	0	0	0	0	0	0	0	0	0	0	0	0	93	0	0	0	96	0	1	0	0	0	0	0	0	0	0	50	0	0	183	0	0	0	2	2	0	76	0	0	0	0	0	0	53	10	135	53	0	32	0	47	0	0	0	0	0	0	0	0	0	0	0	0	122	0	0	45	0	0	0	0	0	0	0	67	0	0	0	0	0	0	0	0	3	0	0	0	41	0	26	0	0	0	0	118	142	25	0	0	4	0	0	0	0	1	148	0	0	0	14	37	0	23	0	18	0	0	0	100	0	0	0	0	18	0	0	76	0	0	0	0	0	72	0	0	0	33	0	0	0	0	0	9	0	133	2	0	0	82	0	0	1	0	86	0	164	0	0	169	270	0	3	0	0	2	0	0	0	0	122	0	11	0	0	126	0	0	0	57	0	0	173	0	0	89	0	75	0	0	0	97	7	0	2	193	175	75	0	37	0	0	0	19	1	48	0	67	43	20	0	0	138	5	46	127	0	0	0	0	42	43	53	103	0	24	57	53	0	0	0	0	0	0	0	103	77	0	68	141	31	57	0	0	2	53	76	0	100	50	264	41	0	93	30	63	195	0	90	165	18	0	116	63	36	62	0	0	0	0	45	53	119	0	0	22	34	36	0	47	3	45	125	0	394	0	97	0	123	0	0	0	0	97	0	155	0	152	0	33	0	0	51	59	21	0	0	66	53	0	143	0	0	0	40	0	0	81	44	25	26	0	51	0	0	0	0	136	0	14	16	0	30	131	0	61	0	50	0	48	74	0	11	0	0	0	6	0	0	31	57	0	24	0	0	80	281	0	102	23	141	26	170	75	227	106	31	0	28	0	99	22	85	89	94	0	36	19	0	0	0	106	54	69	0	138	71	33	62	90	0	168	0	37	27	33	148	123	0	0	0	0	81	0	103	0	55	3	0	0	17	25	104	82	92	121	0	132	125	77	75	42	0	99	229	130	188	67	10	0	184	158	180	63	70	87	36	0	38	0	0	44	0	0	0	120	0	133	199	137	78	173	136	133	86	61	117	0	0	0	0	0	242	126	126	0	65	87	13	52	82	0	20	42	51	0	0	101	0	268	52	0	16	130	0	105	0	331	60	291	324	150	188	0	16	19	101	12	96	109	253	0	74	24	72	188	0	0	29	142	246	0	38	164	66	58	13	144	68	48	189	37	108	0	0	0	213	15	0	55	33	0	44	75	48	33	60	136	95	118	175	0	118	0	79	282	24	120	158	15	168	53	377	66	148	87	211	10	52	77	15	1	32	12	0	15	47	28	8	142	96	125	42	44	35	62	123	79	98	211	125	99	139	11	82	37	258	0	38	52	102	71	0	219	392	146	132	170	234	374	75	21	64	18	97	48	11	99	148	22	16	0	118	130	92	182	96	113	96	67	81	81	142	94	39	58	52	104	52	214	31	37	59	102	279	75	25	2	54	98	88	119	352	144	4	108	167	131	126	2	82	76	137	62	121	58	131	163	33	55	28	129	214	177	70	14	255	24	74	166	143	259	11	47	9	94	106	155	220	66	58	60	42	0	25	35	20	70	11	18	133	79	59	150	185	60	99	50	86	43	37	86	61	42	120	34	81	29	25	84	68	141
26	0	0	0	0	0	0	0	0	0	0	0	0	0	0	0	0	0	0	0	0	0	0	0	0	0	0	0	0	0	0	0	0	0	0	0	0	0	0	0	0	0	0	0	0	0	0	0	0	0	0	0	0	0	0	0	0	0	29	0	0	0	0	0	0	0	0	0	0	0	0	0	0	0	0	0	0	0	0	0	0	0	0	0	0	0	0	0	0	0	0	0	0	0	0	0	0	0	0	0	0	0	0	0	0	0	0	0	0	0	0	0	0	0	0	0	0	0	0	0	0	0	0	0	0	0	0	0	0	0	0	0	0	0	0	0	0	0	0	0	0	0	0	0	0	0	0	0	0	0	0	0	0	0	0	0	0	0	0	0	0	0	0	0	0	0	0	0	0	0	0	0	0	0	0	0	0	0	0	0	0	0	0	0	0	0	0	0	0	0	0	0	0	0	0	0	0	0	0	0	0	0	0	0	0	0	0	0	0	0	0	0	0	0	0	0	0	0	0	0	0	0	0	0	0	0	0	0	0	0	0	0	0	0	0	0	0	0	0	0	0	0	0	0	0	0	0	0	0	0	0	0	0	0	0	0	0	0	0	0	0	0	0	0	0	22	0	0	0	0	0	0	0	0	0	0	0	0	0	0	0	0	0	0	0	0	0	0	0	0	0	0	0	0	0	13	0	0	0	0	0	0	0	0	0	0	0	0	0	0	0	0	0	0	0	0	9	0	0	0	0	0	110	0	0	0	16	0	0	77	0	0	0	0	10	0	0	0	0	0	18	0	0	0	0	0	0	0	0	0	0	2	0	0	0	0	0	0	0	0	0	0	0	0	0	0	0	0	0	0	0	0	0	0	0	0	0	0	0	0	0	0	0	0	0	0	0	0	114	0	0	0	0	0	0	0	0	0	0	0	0	53	0	0	0	19	0	0	0	0	0	0	0	0	0	0	15	0	0	52	0	0	0	0	0	0	19	0	0	0	0	0	0	0	14	33	46	0	26	0	36	0	0	0	0	24	0	0	0	0	0	0	0	38	0	0	176	0	0	0	0	0	0	0	0	18	0	0	0	0	0	0	0	0	0	0	0	211	0	210	0	0	0	0	32	0	78	0	10	0	0	0	0	0	0	33	0	0	8	127	26	0	71	0	234	0	0	0	87	0	0	186	0	147	0	0	40	0	0	0	0	0	130	0	0	0	83	0	0	0	0	0	0	0	46	0	0	0	35	0	0	1	0	86	0	0	0	0	107	0	0	0	0	0	0	0	0	0	0	62	0	54	57	0	48	0	1	0	177	0	9	25	22	0	88	0	161	0	0	0	25	0	0	0	70	80	24	0	79	0	0	0	0	0	59	0	22	23	76	59	0	47	0	128	135	0	0	0	104	75	188	106	32	0	145	49	66	0	0	0	2	0	0	0	69	22	0	330	66	114	151	0	0	0	78	17	0	102	86	5	0	0	278	50	91	74	0	59	102	28	0	0	24	125	2	0	10	0	0	204	10	43	91	0	83	7	221	0	179	0	9	181	0	47	0	77	0	329	0	0	0	0	63	0	123	0	129	0	35	0	0	151	121	103	0	0	15	0	0	40	0	4	0	50	0	0	242	176	69	13	2	26	0	0	0	0	46	0	124	6	0	59	63	0	261	0	72	0	131	102	0	21	0	0	0	56	0	0	58	6	0	99	0	0	33	112	0	4	27	31	66	96	57	227	105	168	0	36	0	199	258	67	51	83	0	56	96	0	0	0	33	150	20	0	137	116	65	115	45	0	48	0	35	20	120	44	95	60	0	0	76	230	18	279	0	66	13	0	0	165	0	183	272	132	87	0	74	30	71	77	11	0	80	34	98	177	202	34	0	50	134	107	19	162	60	75	0	536	0	0	65	0	0	0	152	0	120	5	27	64	52	176	0	217	126	70	0	0	0	0	0	132	39	160	0	65	68	398	90	178	0	97	87	8	0	0	146	0	695	278	0	0	170	0	20	0	190	23	117	23	192	66	0	202	97	409	3	20	107	103	0	71	202	83	78	0	0	89	55	139	0	29	192	217	21	196	6	23	99	56	93	82	0	0	0	43	12	0	121	111	0	148	57	19	27	134	52	255	82	173	0	151	0	65	152	63	248	32	102	38	100	78	174	62	20	139	175	193	81	118	121	163	71	0	95	71	152	0	110	26	136	164	80	83	62	44	83	56	93	67	82	51	27	68	70	51	0	41	58	26	63	0	254	76	49	65	73	19	49	94	209	67	62	18	55	186	95	101	16	91	0	52	33	194	60	74	66	203	78	44	48	222	146	18	8	22	146	139	52	78	147	39	65	169	35	151	0	41	36	169	130	41	128	52	27	228	74	34	79	122	180	22	89	224	115	31	124	63	45	108	213	30	95	185	11	106	145	31	97	63	29	46	162	66	102	404	171	114	83	412	123	79	0	90	67	10	98	23	47	118	108	87	101	56	146	79	268	11	18	92	114	146	25	40	97	18	95	211	24	63	124
27	0	0	0	0	0	0	0	0	0	0	0	0	0	0	0	0	0	0	0	0	0	0	0	0	0	0	0	0	0	0	0	0	0	0	0	0	0	0	0	0	0	0	0	0	0	0	0	0	0	0	0	0	0	0	0	0	0	0	0	0	0	0	0	0	0	0	0	0	0	0	0	0	0	0	0	0	0	0	0	0	0	0	0	0	0	0	0	0	0	0	0	0	0	0	0	0	0	0	0	0	0	0	0	0	0	0	0	0	0	0	0	0	0	0	0	0	0	0	0	0	0	0	0	0	0	0	0	0	0	0	0	0	0	0	0	0	0	0	0	0	0	0	0	0	0	0	0	0	0	0	0	0	0	0	0	0	0	0	0	0	0	0	0	0	0	0	0	0	0	0	0	0	0	0	0	0	0	0	0	0	0	0	0	0	0	0	0	0	0	0	0	0	0	0	0	0	0	0	0	0	0	0	0	0	0	0	0	0	0	0	0	0	0	0	0	0	0	0	0	0	0	0	0	0	0	0	0	0	0	0	0	0	0	0	0	0	0	0	0	0	0	0	0	0	0	0	0	0	0	0	0	0	0	0	0	0	0	0	0	0	0	0	0	0	0	0	0	0	0	39	0	0	0	0	0	0	0	0	0	0	0	0	0	0	0	0	0	0	0	0	0	0	0	0	0	0	0	0	0	0	0	0	0	0	0	0	0	0	0	0	0	0	0	0	0	0	0	0	0	0	0	21	0	0	0	0	0	0	36	0	0	0	0	2	0	0	0	0	94	5	0	0	0	0	0	0	0	0	0	13	0	0	0	0	0	0	0	0	0	0	0	0	0	0	0	0	0	0	19	0	0	0	0	0	0	0	0	0	0	23	0	0	0	29	0	0	13	32	0	0	0	19	0	0	0	0	0	51	0	0	50	0	0	0	69	0	0	0	0	0	0	0	0	0	0	20	0	0	237	0	0	0	0	0	0	31	0	0	0	0	0	0	0	138	44	178	162	113	0	48	0	0	0	0	2	0	0	46	0	0	0	0	42	0	0	8	0	0	0	0	0	0	0	18	36	0	0	33	0	0	0	0	0	0	0	0	121	0	102	0	0	0	0	36	73	121	0	2	0	0	0	0	0	0	15	0	0	0	9	1	0	221	0	73	0	0	0	85	0	0	32	2	248	0	0	130	0	0	20	0	0	130	0	0	6	5	0	0	0	0	0	0	0	216	0	0	0	174	0	0	13	0	102	13	170	0	0	231	40	14	24	0	0	0	0	0	0	0	93	0	47	0	0	15	0	0	0	11	0	106	23	0	0	75	0	42	0	0	0	171	0	0	7	275	123	143	0	19	28	0	0	2	114	20	0	143	48	45	0	0	209	0	4	29	0	0	0	0	125	19	59	120	0	266	66	23	0	0	0	0	0	0	0	214	89	0	103	117	107	59	8	0	36	127	57	0	165	37	41	104	0	74	89	175	38	0	36	129	217	0	18	53	115	0	0	0	0	27	125	59	23	43	0	2	62	20	0	261	0	56	106	0	107	0	104	0	54	0	0	0	0	47	0	31	0	40	0	108	0	0	26	194	208	0	0	63	0	0	140	0	0	3	161	0	0	9	125	33	171	0	91	0	0	0	0	100	0	151	26	54	33	44	0	138	0	1	0	136	27	0	0	0	0	0	108	0	0	175	21	0	68	0	0	62	80	0	67	101	52	114	199	62	86	42	141	0	194	0	50	75	143	33	83	0	87	11	0	0	0	219	28	91	0	24	128	64	94	63	0	48	0	80	101	16	67	103	0	0	0	0	153	18	25	0	83	47	0	0	202	31	127	88	254	34	0	59	28	227	40	55	0	58	121	34	30	111	64	0	54	112	155	87	168	209	279	0	32	0	0	86	0	0	0	35	0	86	83	84	4	194	133	65	179	251	114	0	1	0	0	0	16	163	110	0	119	42	61	100	22	0	18	161	48	0	16	238	0	21	19	0	0	24	0	185	0	129	45	38	166	110	31	0	230	35	142	43	122	149	84	0	61	49	229	165	0	0	6	107	68	0	92	151	337	101	93	213	28	37	11	142	91	0	0	0	207	279	0	108	212	0	303	22	108	172	56	97	20	43	105	0	268	0	26	88	176	226	199	62	115	153	133	45	138	73	150	37	60	54	84	19	67	103	0	341	40	34	0	119	92	73	54	149	93	8	38	128	76	113	47	54	199	57	22	280	84	0	84	83	193	33	0	325	69	87	61	201	161	61	65	26	133	32	76	49	85	70	21	85	121	0	35	49	63	20	55	150	87	21	93	134	146	75	52	29	122	62	49	121	39	88	102	227	24	154	65	0	3	57	75	298	31	90	3	41	60	22	85	69	152	38	105	45	55	25	91	253	99	40	28	103	57	143	54	55	49	29	70	152	84	69	164	227	77	54	37	112	13	36	19	16	50	0	31	230	83	50	105	218	153	39	49	104	32	58	114	84	57	39	31	115	115	74	204	55	69	43	33	143	47	37
28	0	0	0	0	0	0	0	0	0	0	0	0	0	0	0	0	0	0	0	0	0	0	0	0	0	0	0	0	0	0	0	0	0	0	0	0	0	0	0	0	0	0	0	0	0	0	0	0	0	0	0	0	0	0	0	0	0	0	0	0	0	0	0	0	0	0	0	0	0	0	0	0	0	0	0	0	0	0	0	0	0	0	0	0	0	0	0	0	0	0	0	0	0	0	0	0	0	0	0	0	0	0	0	0	0	0	0	0	0	0	0	0	0	0	0	0	0	0	0	0	0	0	0	0	0	0	0	0	0	0	0	0	0	0	0	0	0	0	0	0	0	0	0	0	0	0	0	0	0	0	0	0	0	0	0	0	0	0	0	0	0	0	0	0	0	0	0	0	0	0	0	0	0	0	0	0	0	0	0	0	0	0	0	0	0	0	0	0	0	0	0	0	0	0	0	0	0	0	0	0	0	0	0	0	0	0	0	0	0	0	0	0	8	0	0	0	0	0	0	0	0	0	0	0	0	0	0	0	0	0	0	0	0	0	0	0	0	0	0	0	0	0	0	0	0	0	0	0	0	0	0	0	0	0	0	0	0	0	0	0	0	0	0	0	18	0	0	0	0	0	0	0	0	0	0	0	0	0	0	0	0	0	0	4	0	0	0	0	0	0	0	0	0	0	0	0	0	0	0	0	0	0	0	0	0	0	0	2	0	0	0	0	0	0	0	11	0	0	0	0	0	48	0	0	0	0	0	64	20	0	0	0	0	0	0	0	0	0	0	0	0	0	0	0	0	0	0	0	12	0	23	0	0	0	0	0	0	0	0	0	0	0	0	0	0	0	0	0	0	0	0	0	0	0	0	0	7	0	9	0	0	0	0	9	0	0	1	114	0	0	0	0	0	0	0	0	0	15	0	0	43	0	0	0	32	0	0	0	0	0	0	0	1	0	0	10	0	0	89	0	0	0	0	0	0	120	0	0	0	0	0	0	0	74	111	226	0	227	0	6	0	0	0	0	0	0	0	0	0	0	0	0	38	0	0	121	0	0	0	0	0	0	0	51	0	0	0	0	0	0	0	0	0	0	0	0	27	0	130	0	0	0	0	18	63	70	9	0	0	51	0	0	0	0	34	0	0	0	200	0	0	43	0	29	0	0	0	59	0	0	175	0	123	77	0	70	0	0	0	0	0	214	0	13	51	77	0	0	0	0	0	0	0	83	50	0	0	255	0	0	24	8	22	12	53	0	0	109	29	0	0	0	0	3	0	0	0	0	24	0	12	0	0	20	0	0	0	241	0	1	82	0	0	96	0	49	0	0	12	68	0	0	60	43	19	56	0	25	0	0	0	0	13	0	0	63	58	18	0	0	116	0	209	154	0	5	0	0	78	113	57	84	0	123	65	68	0	0	0	0	0	0	0	179	202	0	98	97	38	21	112	0	31	0	110	0	69	106	14	100	0	120	139	242	308	0	69	128	40	0	26	306	54	135	0	0	0	0	183	62	252	0	0	56	40	88	0	65	0	28	151	0	68	0	105	0	208	0	0	0	0	80	0	23	0	165	0	117	0	0	99	94	18	0	0	61	0	0	128	0	0	0	17	0	0	16	76	90	216	0	80	0	0	0	0	42	0	41	22	69	43	115	0	92	0	71	0	154	210	0	13	0	38	0	242	0	0	41	21	0	75	0	0	40	73	0	12	74	84	78	106	118	307	48	362	0	44	0	22	51	46	49	28	0	139	163	0	0	0	67	12	37	0	39	24	65	136	94	0	126	0	99	38	109	56	37	0	0	1	0	61	37	27	0	82	117	0	0	269	79	90	54	23	60	28	20	13	46	77	154	0	34	135	6	74	253	32	0	90	16	293	235	27	2	134	0	211	0	0	138	13	0	0	159	0	141	119	63	109	331	6	21	172	114	85	0	0	0	0	0	77	199	212	0	147	114	72	114	60	0	193	10	198	0	0	66	0	134	84	0	0	58	0	31	0	84	53	24	92	170	53	0	76	66	179	18	30	52	252	0	193	141	61	63	0	0	148	7	116	31	79	64	33	129	217	29	233	85	69	26	19	0	0	0	226	165	0	93	29	0	33	33	42	67	121	10	35	37	99	0	13	0	54	113	17	167	38	101	188	118	160	12	129	137	40	27	95	25	103	130	122	191	0	128	314	132	0	149	122	98	87	34	130	24	56	60	44	53	76	129	58	147	94	162	53	0	44	128	66	125	0	86	22	0	110	119	50	138	44	23	105	230	50	101	135	147	106	72	188	0	52	177	82	265	218	103	96	242	139	135	67	184	71	32	90	41	21	42	88	185	16	102	156	39	207	0	107	123	30	63	84	173	83	232	100	116	107	38	37	3	140	19	70	157	117	209	303	93	82	24	45	61	96	46	95	326	34	106	68	151	35	72	132	12	95	61	66	144	89	72	57	0	48	16	81	67	48	62	55	46	113	34	128	130	107	34	93	113	109	111	79	140	33	109	85	155	47	97	38	75
29	0	0	0	0	0	0	0	0	0	0	0	0	0	0	0	0	0	0	0	0	0	0	0	0	0	0	0	0	0	0	0	0	0	0	0	0	0	0	0	0	0	0	0	0	0	0	0	0	0	0	0	0	0	0	0	0	0	0	0	0	0	0	0	0	0	0	0	0	0	83	0	0	0	0	0	0	0	0	0	0	0	0	0	0	0	0	0	0	0	0	0	0	0	0	0	0	0	0	0	0	0	0	0	0	0	0	0	0	0	0	0	0	0	0	0	0	0	0	0	0	0	0	0	0	0	0	0	0	0	0	0	0	0	0	0	0	0	0	0	0	0	0	0	0	0	1	0	0	0	0	0	0	0	0	0	0	0	0	0	0	0	0	0	0	2	0	0	0	0	0	0	0	0	0	0	0	0	0	0	0	0	0	0	0	0	0	0	0	0	0	0	0	0	0	0	0	0	0	0	0	0	0	0	0	0	0	0	0	0	0	0	0	0	0	0	0	0	0	0	0	0	0	0	0	0	0	0	0	0	0	0	0	0	0	0	0	0	0	0	0	0	0	0	0	0	0	0	0	0	0	0	0	0	0	0	0	0	0	0	0	0	0	0	0	0	0	0	0	0	0	0	0	0	0	0	0	0	0	0	0	0	0	0	0	0	0	0	0	0	0	0	0	0	0	0	0	0	0	0	0	0	0	0	0	0	0	0	0	0	0	0	0	0	0	0	0	0	0	0	0	0	128	0	0	0	0	0	37	37	0	0	0	0	0	0	0	0	0	39	10	0	0	0	24	0	0	0	0	0	0	0	0	0	0	0	0	0	0	0	0	0	0	0	0	0	0	0	0	0	0	0	0	7	0	0	0	0	0	0	0	0	0	0	21	0	0	0	48	0	0	0	0	0	0	0	0	0	0	0	0	34	0	0	0	23	0	7	0	0	0	0	0	0	0	0	98	0	0	72	0	0	0	0	0	0	116	0	0	0	0	0	0	0	0	51	15	0	14	0	6	0	0	0	0	0	0	0	0	0	0	0	0	238	0	1	4	0	0	0	0	0	0	0	0	9	0	0	0	0	0	0	0	0	0	0	0	155	0	93	0	0	0	0	25	2	61	0	0	0	125	51	0	0	0	46	1	0	3	0	49	0	219	0	195	0	0	0	49	0	0	26	0	84	28	0	29	0	0	2	0	0	17	0	0	11	83	0	0	0	0	0	0	0	122	0	0	0	125	0	0	14	0	65	0	1	0	0	76	238	11	0	0	0	0	0	0	0	0	87	0	83	0	0	49	0	0	0	46	0	41	92	51	0	35	0	132	0	0	0	42	0	0	31	73	89	135	0	19	0	0	0	0	43	11	0	24	158	146	0	0	102	0	41	93	0	0	0	6	106	23	42	39	0	37	118	67	0	0	0	0	0	0	0	11	97	0	105	92	122	37	0	0	0	215	255	0	213	162	13	113	0	34	20	33	58	0	171	103	153	0	0	38	52	0	0	0	0	0	77	242	171	5	0	117	7	109	1	48	0	168	4	0	170	0	28	0	25	0	0	0	32	63	0	71	0	105	0	166	0	0	135	34	24	0	0	48	0	0	101	0	42	0	128	0	0	8	397	104	64	13	72	0	0	0	0	93	0	156	0	70	89	34	0	74	0	0	0	36	66	0	16	0	0	0	196	0	4	79	10	0	123	0	0	166	116	0	15	74	20	55	211	188	81	55	144	0	24	0	41	256	193	167	44	0	44	44	0	0	0	177	34	44	0	54	32	30	20	24	0	54	0	138	35	56	125	193	0	0	0	8	62	0	80	0	15	158	0	0	296	35	89	164	102	172	0	137	150	32	100	72	0	171	33	39	182	138	263	0	37	321	103	57	74	19	23	0	120	4	0	147	8	0	6	60	0	28	190	132	55	106	144	37	103	103	148	0	0	0	0	0	2	23	211	0	77	43	196	234	123	4	58	37	46	0	0	304	0	57	304	0	0	89	0	109	0	20	85	136	199	65	109	0	147	170	146	0	12	41	74	0	40	54	135	112	0	0	137	5	150	0	125	33	100	60	112	133	46	246	117	95	48	0	0	0	197	156	0	17	46	0	30	72	132	101	189	82	101	78	43	0	59	0	80	64	138	219	250	48	30	122	65	34	138	61	17	77	93	150	48	231	22	223	0	63	2	106	1	176	50	191	295	141	170	49	42	80	214	81	36	105	44	285	249	70	108	0	187	21	129	101	0	78	56	169	187	147	32	120	61	184	109	29	38	7	353	62	61	40	109	20	282	106	20	125	148	75	61	24	77	158	135	210	44	150	83	115	39	123	68	69	10	66	344	87	262	0	55	182	23	86	124	313	76	316	277	40	54	31	73	45	37	81	147	85	18	155	78	38	31	137	61	134	155	12	154	10	77	126	54	66	27	40	17	78	189	72	210	139	219	404	166	0	339	24	100	50	422	151	72	61	152	28	97	296	56	25	24	41	54	134	133	29	148	121	50	21	117	168	86	51
30	0	0	0	0	0	0	0	0	64	0	0	0	0	0	0	0	0	0	0	0	0	0	0	0	0	0	0	0	0	0	0	0	0	0	0	0	0	0	0	0	0	0	0	0	0	0	0	0	0	0	0	0	0	0	0	0	0	0	0	0	0	0	0	0	0	0	0	0	0	0	0	0	0	0	0	0	0	0	0	0	0	0	0	0	0	0	23	0	0	0	0	0	0	0	0	0	0	0	0	0	0	0	0	0	0	0	0	0	0	0	0	0	0	0	0	0	0	0	0	0	0	0	0	0	0	0	0	0	0	0	0	0	0	0	0	0	0	0	0	0	0	0	0	0	0	0	0	0	0	0	0	0	0	0	0	0	0	0	0	0	0	0	0	0	0	0	0	0	0	0	0	0	0	0	0	0	0	0	0	0	0	0	0	0	0	0	0	0	0	0	0	0	0	0	0	0	0	0	0	11	0	0	0	0	0	6	0	0	0	0	0	0	0	0	0	0	0	0	0	0	0	0	0	0	0	0	0	0	0	0	0	0	0	0	0	0	0	0	0	0	0	0	0	0	4	0	0	0	0	0	0	0	0	0	0	0	0	0	0	0	0	0	0	0	56	1	0	0	0	0	0	0	0	0	0	0	0	0	0	0	0	0	0	0	0	0	0	0	0	0	0	0	0	0	0	0	0	0	0	0	0	0	0	0	0	0	0	51	0	0	0	0	0	0	0	0	0	0	0	0	0	183	0	15	0	0	0	33	70	0	0	0	0	0	0	0	0	0	0	24	0	0	0	0	0	0	0	0	0	0	0	0	0	0	0	0	0	0	0	0	0	0	0	0	0	0	0	0	2	0	0	0	0	0	0	2	0	0	0	0	0	0	0	0	0	0	0	9	0	0	0	0	0	0	0	0	0	0	0	0	21	0	0	0	26	0	0	0	0	0	0	0	0	0	0	174	0	0	290	0	0	0	0	0	0	188	0	0	0	0	0	0	0	30	108	81	0	94	0	0	0	0	0	0	1	0	0	2	0	0	0	0	108	0	0	153	0	0	0	0	0	0	0	0	0	0	0	0	0	0	0	0	0	0	0	0	12	0	282	0	0	0	0	7	10	70	0	0	0	0	0	0	0	0	38	0	0	0	16	170	0	61	0	115	0	0	0	61	0	0	168	0	134	0	0	41	0	0	0	1	0	248	0	0	29	186	0	0	0	0	0	3	0	90	0	0	0	92	0	0	4	0	4	0	174	0	0	79	40	0	10	0	0	0	0	0	0	0	27	0	51	79	0	143	0	0	0	102	0	17	262	0	2	44	0	31	41	0	0	137	4	0	38	186	0	27	0	1	31	0	0	0	16	100	0	46	65	25	0	0	136	0	0	96	0	0	0	0	54	27	119	91	0	68	110	44	0	0	0	0	0	0	0	97	118	0	71	6	23	41	0	0	0	133	31	0	47	108	252	27	0	9	66	71	24	0	60	44	90	0	1	7	47	0	0	1	0	0	80	71	72	0	0	122	72	87	0	261	0	13	12	0	131	0	82	0	106	0	0	0	0	34	0	36	0	34	0	132	0	0	15	152	55	0	0	162	0	0	103	0	0	0	38	0	86	31	66	282	272	0	175	0	0	0	0	42	0	158	68	14	54	35	0	62	0	98	0	174	216	0	55	0	0	0	255	0	0	138	53	0	94	0	0	1	78	0	65	169	90	37	106	139	117	29	114	0	46	0	62	99	165	313	29	0	54	118	0	0	0	63	84	42	0	183	109	137	155	115	0	103	0	144	106	90	163	159	0	0	0	0	85	117	20	0	230	58	0	0	62	240	68	327	106	199	12	210	161	53	51	45	0	52	87	67	57	136	103	0	78	97	45	114	86	204	113	0	55	0	0	149	62	0	0	44	0	139	102	36	63	197	68	95	212	121	69	0	1	2	0	0	147	99	72	0	131	80	63	187	16	0	19	92	75	0	0	28	0	156	123	0	0	208	37	218	0	26	127	29	147	147	124	0	122	36	73	0	50	97	32	0	40	15	215	196	0	0	222	94	107	33	53	57	76	32	90	39	74	47	65	116	82	0	0	0	33	256	0	97	148	0	53	70	256	126	100	68	55	134	19	0	28	0	32	21	141	163	119	42	3	39	22	45	146	34	93	39	86	24	152	153	85	110	0	115	39	79	1	142	77	107	21	155	63	179	106	81	48	31	42	217	75	87	46	3	167	0	41	177	99	123	0	155	401	44	170	85	71	120	87	133	114	43	131	36	84	32	109	118	128	0	17	172	56	61	74	117	157	89	120	45	305	10	89	16	51	84	62	229	238	29	61	77	311	51	35	0	135	217	49	65	190	37	343	34	47	134	130	44	73	155	37	104	14	14	63	106	64	101	105	57	126	100	188	113	177	19	206	20	264	200	169	89	106	68	252	148	49	19	109	52	55	0	263	42	105	106	5	89	22	51	65	137	81	41	142	120	135	72	106	168	62	61	115	87	55	13	50	101	201	5
31	0	0	0	0	0	0	0	0	0	0	0	0	0	0	0	0	0	0	0	0	0	0	0	0	0	0	0	0	0	0	0	0	0	0	0	0	0	0	0	0	0	0	0	0	0	0	0	0	0	0	0	0	0	0	0	0	0	0	0	0	0	0	0	0	0	0	0	0	0	0	0	0	0	0	0	0	0	0	0	0	0	0	0	0	0	0	0	0	0	0	0	0	0	0	52	0	0	0	0	0	0	0	0	0	0	0	0	0	0	0	0	0	0	0	0	0	0	0	0	0	0	0	0	0	0	0	0	0	0	0	0	0	0	0	0	0	0	0	0	0	0	0	0	0	0	0	0	0	0	0	0	0	0	0	0	0	0	0	0	0	0	0	0	0	0	0	0	0	0	0	0	0	0	0	0	0	0	0	0	0	0	0	0	0	0	0	0	0	0	0	0	0	0	0	0	0	0	0	0	0	0	0	0	0	0	0	0	0	0	0	0	0	0	0	0	0	0	0	0	0	0	0	0	0	0	0	0	0	0	0	0	0	0	0	0	0	0	0	0	0	0	0	0	0	0	0	0	0	0	0	0	0	0	0	0	0	0	0	0	0	0	0	0	0	31	0	0	0	0	0	0	0	0	0	0	0	0	0	0	0	0	0	0	0	0	0	0	0	0	0	0	0	0	0	0	0	0	1	0	0	10	0	0	0	0	0	0	0	0	0	0	0	0	0	0	0	0	0	0	0	0	107	0	0	0	0	0	48	113	0	0	0	0	0	10	0	0	0	57	20	0	0	0	0	0	0	0	0	0	0	0	0	0	0	0	0	0	0	0	0	0	0	0	0	0	0	0	0	0	0	0	0	0	0	0	0	0	0	0	0	0	0	0	8	0	0	0	118	0	0	0	0	0	0	0	0	0	0	0	0	28	0	6	0	142	0	0	0	0	0	48	0	0	0	0	104	0	0	282	0	0	16	0	0	0	51	0	0	0	0	0	0	1	87	148	60	0	70	0	0	0	0	0	0	0	76	0	6	0	0	0	0	107	0	0	211	0	0	0	0	0	0	0	8	0	0	0	0	0	0	0	0	0	0	0	0	137	0	214	0	0	0	1	13	0	2	0	0	4	0	0	0	0	0	404	0	0	0	19	37	0	77	0	55	0	0	0	141	0	0	25	0	307	0	0	163	0	0	0	0	0	156	0	0	11	122	0	0	0	0	0	0	0	215	0	0	0	218	0	0	37	22	141	0	190	0	0	35	81	0	0	0	0	0	0	0	0	0	26	0	158	0	0	76	0	0	0	90	0	55	27	10	0	77	0	85	0	0	91	117	7	0	106	145	56	107	0	2	0	0	0	0	10	137	0	167	5	115	0	0	17	0	4	34	0	0	0	0	154	20	62	112	0	19	153	35	0	0	0	0	0	0	0	55	107	0	28	450	311	176	1	0	0	135	69	0	113	40	106	45	0	108	155	141	166	0	62	22	101	0	5	55	82	0	13	0	0	0	96	133	48	0	0	200	0	38	0	226	0	83	315	0	23	0	81	3	58	0	0	0	0	56	0	154	0	71	0	48	0	0	46	67	178	0	0	58	0	0	44	0	0	0	129	0	0	28	119	72	104	0	125	0	0	0	0	134	0	106	0	0	127	96	0	78	0	32	0	90	78	0	9	0	0	0	300	0	16	133	54	0	62	0	0	178	56	0	113	79	136	65	36	192	32	69	159	0	35	0	1	126	22	73	25	0	104	17	0	13	0	44	24	134	0	14	74	8	109	86	13	30	0	106	27	41	34	197	0	0	0	0	36	0	65	0	77	85	0	0	337	270	28	52	53	100	0	233	49	87	63	106	0	93	29	56	73	31	40	0	114	52	105	33	33	65	10	0	101	0	0	58	0	0	0	183	0	32	193	110	100	48	30	7	135	30	34	0	0	0	0	0	64	56	166	0	186	101	91	23	44	0	235	86	76	0	0	63	0	111	4	0	0	67	0	14	0	49	140	57	56	4	83	0	6	95	257	0	49	58	195	0	39	97	128	50	0	0	172	54	40	0	31	83	46	91	30	123	53	18	33	48	51	0	0	0	144	78	0	97	112	0	13	62	15	71	36	55	39	56	245	0	221	0	59	54	179	124	111	178	257	55	107	29	76	199	44	46	85	81	214	86	62	114	0	13	184	139	18	78	55	108	67	141	47	125	114	77	102	118	13	17	40	66	149	90	35	0	29	178	84	77	0	29	168	181	38	91	34	77	27	89	84	173	129	42	52	57	24	40	44	0	73	214	48	23	286	25	17	118	34	97	78	207	141	65	111	25	121	184	28	77	48	30	77	295	91	0	53	59	40	173	8	54	54	82	318	125	53	23	34	17	26	58	117	108	42	64	61	41	46	113	105	106	58	156	74	193	174	102	92	183	93	105	47	84	26	43	11	230	49	122	99	0	147	75	79	27	82	30	65	39	26	187	30	81	128	4	124	177	216	72	177	319	83	32	52	157	148	42	36	41
32	0	0	0	0	0	0	0	0	0	0	0	0	0	0	0	0	0	0	0	0	0	0	0	0	0	0	0	0	0	0	0	0	0	0	0	0	0	0	0	0	0	0	0	0	0	0	0	0	0	0	0	0	0	0	0	0	0	0	0	0	0	0	0	0	0	0	0	0	0	0	0	0	0	0	0	0	0	0	0	0	0	0	0	0	0	0	0	0	0	0	0	0	0	0	0	0	0	0	0	0	0	0	0	0	0	0	0	0	0	0	0	0	0	44	0	0	0	0	0	0	0	0	0	0	0	0	0	0	0	0	0	0	0	0	0	0	0	0	0	0	0	0	0	0	0	0	0	0	0	0	0	0	0	0	0	0	0	0	0	0	0	0	0	0	0	0	0	0	0	0	0	0	0	0	0	0	0	0	0	0	0	0	0	0	0	0	0	0	0	0	0	0	0	0	0	0	0	0	0	0	0	0	0	0	0	0	0	0	0	0	0	0	0	0	0	0	0	0	0	0	0	0	0	0	0	0	0	0	0	0	0	0	0	0	0	0	0	0	0	0	0	0	0	0	0	0	0	0	0	0	0	0	0	0	0	0	0	9	0	0	0	0	0	0	6	0	0	0	10	0	0	1	0	0	0	0	0	0	0	0	0	0	0	0	0	0	0	0	0	0	0	0	0	0	0	0	0	0	0	0	0	0	4	0	0	0	0	98	0	0	0	0	0	0	0	15	0	0	0	0	0	52	0	0	0	0	0	32	63	0	0	0	0	0	0	0	0	0	51	5	0	0	0	0	0	0	0	0	0	0	0	0	0	0	0	0	0	0	0	0	0	0	0	0	0	0	0	0	0	0	0	0	0	17	0	0	41	0	0	0	0	0	0	45	0	0	0	4	0	0	0	0	0	0	0	0	0	0	0	0	102	0	0	0	2	0	0	0	0	0	3	0	0	0	0	144	0	0	13	0	0	0	0	0	0	40	0	0	0	0	0	0	3	104	13	59	0	111	0	0	0	0	0	0	0	30	0	0	0	0	0	0	140	10	0	22	0	0	0	0	0	0	0	14	0	0	0	211	0	0	0	0	0	0	0	0	63	0	158	0	0	0	0	22	0	35	0	0	0	0	0	0	0	0	34	22	0	0	40	322	0	24	0	41	0	0	0	123	0	0	93	0	76	0	0	15	0	0	0	0	0	342	0	0	18	77	0	0	0	0	0	0	0	61	0	0	0	80	0	14	24	0	106	0	56	0	0	197	49	0	2	0	0	0	0	0	0	0	60	0	90	0	0	191	0	0	0	95	0	22	124	0	0	181	0	93	0	0	6	46	0	0	66	11	46	286	0	27	66	0	0	0	4	18	0	44	207	269	0	0	271	0	140	173	0	0	0	0	108	420	108	150	0	9	70	192	0	0	0	0	0	0	0	134	151	0	87	26	85	59	0	0	0	4	274	0	43	63	83	190	0	389	42	65	89	0	94	25	181	0	32	71	36	0	0	0	0	0	139	207	57	18	0	22	57	66	0	109	0	38	32	0	45	0	64	0	112	0	0	6	0	33	0	18	0	73	0	157	0	0	103	103	131	0	0	102	0	0	44	0	0	7	79	0	0	179	332	186	52	18	60	0	0	0	0	15	0	69	186	0	131	77	0	67	0	108	0	127	231	0	0	0	0	0	10	0	0	114	24	0	52	0	0	78	37	0	31	165	78	11	38	121	45	162	188	0	126	0	130	78	27	85	67	0	237	111	0	4	0	176	60	38	0	111	82	284	33	104	0	127	0	30	89	128	70	344	0	0	0	0	208	0	6	0	287	135	0	0	183	69	198	179	38	75	0	32	177	142	63	101	0	61	107	32	34	150	70	0	143	102	124	47	36	113	143	0	52	0	0	56	1	0	11	61	0	33	128	94	50	68	20	79	61	194	19	0	0	0	0	0	199	33	239	0	21	16	75	27	143	0	55	236	256	0	0	185	0	49	38	0	0	44	3	34	0	190	19	45	195	171	106	0	100	40	183	32	85	9	93	0	60	86	32	115	0	0	74	52	37	0	15	29	27	162	166	108	61	206	104	148	59	0	0	0	97	27	0	62	43	0	142	139	36	319	45	90	40	53	129	0	30	0	74	98	80	105	83	16	9	238	228	131	218	196	11	90	81	55	177	43	98	26	0	122	38	58	40	104	181	119	49	109	64	91	40	42	14	23	122	37	116	44	87	57	43	0	161	33	219	20	0	97	79	36	83	112	41	69	77	44	193	99	163	76	15	85	27	11	24	0	27	59	113	37	227	185	71	82	112	13	80	42	4	84	70	137	181	61	192	128	36	39	557	25	59	0	170	240	22	140	52	347	144	138	93	99	54	35	198	31	24	78	21	19	88	38	118	96	89	16	84	214	75	144	48	80	7	72	54	129	243	15	89	102	162	93	27	118	84	132	90	0	30	61	215	122	5	251	235	30	100	43	78	147	150	41	85	183	138	85	119	60	82	230	21	163	74	38	98	118
33	0	0	0	0	0	0	0	0	0	0	0	0	0	0	0	0	0	0	0	0	0	0	0	0	0	0	0	0	0	0	0	0	0	0	0	0	0	0	0	0	0	0	0	0	0	0	0	0	0	0	0	0	0	0	0	0	0	0	0	0	0	0	0	0	0	0	0	0	0	0	0	0	0	0	0	0	0	0	0	0	0	0	0	0	0	0	0	0	0	0	0	0	0	0	0	0	0	0	0	0	0	0	0	0	0	0	0	0	0	0	0	0	0	0	0	0	0	0	0	0	0	0	0	0	0	0	0	0	0	0	0	0	0	0	0	0	0	0	0	0	0	0	0	0	0	0	0	0	0	0	0	0	0	0	0	0	0	0	0	0	0	0	0	0	0	9	0	0	0	0	0	0	0	0	0	0	0	0	0	0	0	0	0	0	0	0	0	0	0	0	0	0	0	0	0	0	0	0	0	0	0	0	0	0	0	0	0	0	0	0	0	0	0	0	0	0	0	0	0	0	10	0	0	0	0	0	0	0	0	0	0	0	0	0	0	0	0	0	0	0	0	0	0	0	0	0	0	0	0	0	1	0	0	0	0	0	0	0	0	0	2	0	0	0	23	0	0	0	0	0	0	0	0	0	0	0	0	0	0	0	0	0	0	0	0	0	0	0	0	0	0	0	0	0	0	0	0	0	0	0	0	0	0	0	0	0	0	84	0	0	0	0	0	0	0	1	0	0	0	0	0	39	0	0	0	0	0	67	199	0	0	0	0	0	0	0	0	0	18	116	0	0	0	0	0	0	0	0	1	0	0	0	0	0	0	0	0	0	0	0	0	0	0	0	0	0	0	0	0	0	0	0	0	0	0	0	0	0	0	0	0	0	0	44	0	0	0	41	0	0	0	0	0	0	0	0	0	0	0	0	30	0	2	0	32	0	0	0	1	0	0	0	0	0	0	235	0	0	85	0	0	0	0	0	0	163	0	0	0	0	0	0	49	0	110	170	0	116	0	139	0	0	0	0	0	0	0	6	0	0	0	0	69	0	0	157	0	0	0	0	0	0	0	14	4	0	0	0	14	0	0	0	0	0	0	0	142	0	246	0	0	0	0	328	4	13	0	0	0	0	0	0	0	0	164	0	0	0	0	62	0	37	0	59	0	0	0	77	0	0	83	0	82	29	0	26	0	0	15	0	0	56	0	0	51	75	0	0	0	0	0	1	0	133	0	0	0	154	0	0	14	5	4	0	246	0	0	28	75	5	1	0	0	0	0	0	0	0	95	0	156	0	0	192	0	93	51	151	0	1	33	2	10	93	0	31	0	0	0	34	1	0	40	172	140	157	0	44	5	0	0	0	78	4	0	89	28	72	0	205	121	0	52	182	0	0	8	0	125	173	230	396	0	102	246	67	0	0	0	0	0	0	0	5	163	0	121	142	250	47	0	0	0	88	119	0	28	59	193	194	0	10	88	69	98	0	82	58	173	0	163	131	171	2	0	0	0	1	30	17	79	0	0	107	22	39	0	197	0	32	144	0	84	0	0	0	160	0	0	0	0	191	0	300	0	61	0	30	0	0	5	81	92	0	0	276	0	0	41	0	111	0	163	0	2	143	23	421	84	0	57	0	0	0	0	84	0	152	1	0	139	78	0	32	0	79	0	38	63	14	0	0	0	0	192	0	0	17	11	0	18	0	0	54	96	0	130	78	23	32	73	45	23	262	105	0	56	0	93	94	138	17	73	0	124	20	0	0	0	60	66	69	0	203	15	255	47	221	0	41	0	57	327	118	142	268	0	0	0	0	317	0	61	11	186	86	0	0	173	129	91	25	57	48	0	52	9	89	77	355	0	120	113	20	58	91	73	0	78	78	56	163	121	64	73	0	135	0	0	84	1	0	0	99	0	76	29	37	151	146	42	148	34	46	170	0	0	0	0	0	112	70	9	0	34	106	314	151	206	0	59	237	38	0	0	53	0	63	54	0	0	76	0	69	0	138	20	120	113	59	89	0	36	61	56	21	230	228	112	0	97	235	105	116	0	0	22	86	93	52	28	281	34	4	82	19	26	89	412	5	93	0	0	0	117	46	0	63	65	0	154	29	126	66	150	201	135	81	181	0	54	0	39	176	178	58	6	61	27	102	119	56	47	150	127	69	35	53	173	42	171	41	0	277	147	154	0	11	106	105	55	205	69	54	68	123	73	188	21	14	149	23	75	55	93	0	78	261	26	143	0	237	51	21	65	88	147	116	28	77	61	167	22	107	148	45	59	76	25	0	11	115	124	125	52	48	136	126	40	103	30	6	92	75	52	42	180	99	127	89	36	73	47	84	328	0	70	212	37	90	126	109	246	128	57	36	38	71	136	80	99	147	48	161	99	43	64	121	42	90	124	3	71	139	84	139	181	51	78	83	149	286	111	34	3	218	52	44	54	22	136	0	186	45	167	38	207	17	78	81	123	372	56	36	108	213	129	274	60	260	80	20	94	135	73	32	46	83	63	71
34	0	0	0	0	0	0	0	0	0	0	0	0	0	0	0	0	0	0	0	0	0	0	0	0	0	0	0	0	0	0	0	0	0	0	0	0	0	0	0	0	0	0	0	0	0	0	0	0	0	0	0	0	0	0	0	0	0	0	0	0	0	0	0	0	0	0	0	0	0	0	0	0	0	0	0	0	0	0	0	0	0	0	0	0	0	0	0	0	0	0	0	0	0	0	0	0	0	0	0	0	0	0	0	0	0	0	0	0	0	0	0	0	0	0	0	0	0	0	0	0	0	0	0	0	0	0	0	0	0	0	0	0	0	0	0	0	0	0	0	0	0	0	0	0	0	0	0	0	0	0	0	0	0	0	0	0	0	0	0	0	0	0	0	0	0	0	0	0	0	0	0	0	0	0	0	0	1	0	0	0	0	0	0	0	0	0	0	0	0	0	0	0	0	0	0	0	0	0	0	0	0	0	0	0	0	0	0	0	0	0	0	0	0	0	0	0	0	0	0	0	0	0	0	0	0	0	0	0	0	0	0	0	0	0	0	0	0	0	0	0	0	0	0	0	0	0	0	0	0	0	0	0	0	0	0	0	0	0	0	0	0	0	0	0	0	0	0	0	0	0	0	0	0	0	0	0	0	0	0	0	0	0	0	0	0	0	0	0	0	0	0	0	0	0	0	0	0	0	0	0	0	0	0	0	0	0	0	0	0	0	0	0	0	0	0	0	0	0	0	0	0	0	0	0	0	0	0	12	12	0	0	0	0	0	0	0	0	0	0	0	0	0	0	0	0	0	0	0	0	0	0	0	0	0	0	0	0	0	0	0	0	0	0	0	0	0	0	0	0	0	0	0	169	0	0	0	0	0	0	0	0	0	0	0	0	0	0	46	0	0	0	0	0	0	0	0	0	0	0	0	2	0	0	0	2	0	0	0	0	0	0	0	0	0	0	3	0	0	2	0	0	0	0	0	0	0	0	0	0	0	0	0	0	0	4	27	0	94	0	0	0	0	0	0	0	0	0	0	0	0	0	0	0	0	0	0	0	0	0	0	0	0	0	8	0	0	0	0	0	0	0	0	0	2	0	0	74	0	10	0	0	0	0	0	13	0	0	0	0	0	0	0	0	0	0	0	0	0	0	0	0	19	0	69	0	0	0	0	0	0	0	0	17	0	0	24	0	0	0	0	0	0	0	0	0	0	0	0	0	0	0	0	0	192	0	0	0	2	0	0	0	0	5	0	33	0	0	20	0	15	0	0	0	0	0	0	0	0	43	0	2	0	0	0	0	0	0	3	0	0	176	0	0	0	0	69	0	0	0	0	0	0	27	1	35	1	0	1	0	0	0	0	0	0	0	1	0	14	0	0	17	0	13	2	0	0	0	0	5	204	0	34	0	0	35	15	0	0	0	0	0	0	0	0	77	0	3	0	15	94	0	0	0	2	0	0	0	6	3	0	0	0	58	0	0	0	2	19	0	0	0	48	143	0	0	0	0	0	0	1	50	0	0	64	0	80	0	0	0	6	0	0	71	0	0	0	60	0	0	0	0	3	0	2	0	0	0	11	0	0	54	0	0	0	190	9	0	0	41	0	0	114	1	0	0	1	72	4	8	0	40	0	2	0	0	25	0	29	0	0	0	49	0	12	0	0	0	165	0	0	0	0	0	0	204	0	0	8	0	0	0	0	0	0	21	0	1	2	0	73	9	71	0	0	3	0	5	0	61	46	18	4	1	0	0	55	0	0	0	3	15	3	0	3	46	81	103	0	0	24	0	0	119	38	7	0	0	0	0	0	38	0	121	0	0	2	0	0	154	34	0	0	0	2	0	0	6	0	0	0	0	61	14	0	10	18	10	0	64	22	56	18	0	6	23	0	68	0	0	17	0	0	0	36	0	0	1	6	0	19	0	0	1	0	45	0	0	0	0	0	53	1	65	0	0	3	26	48	0	0	3	60	20	0	0	0	0	3	0	0	0	0	0	33	0	105	105	0	10	10	39	0	6	0	1	0	63	15	4	0	0	0	7	0	0	0	86	40	1	0	7	52	98	23	0	82	0	1	0	0	6	0	0	0	56	1	0	15	10	0	31	0	34	127	6	10	4	0	17	0	0	0	4	12	56	2	4	0	26	53	0	153	4	0	2	21	0	0	2	26	0	12	0	5	3	0	0	0	32	148	35	0	0	9	1	45	36	0	22	2	1	3	0	29	4	0	3	20	26	1	0	34	20	0	0	0	0	3	14	4	2	12	0	24	13	5	15	1	0	0	0	46	49	42	92	1	7	8	0	2	39	11	171	4	4	79	32	10	9	0	65	16	0	0	6	0	4	2	1	42	22	0	66	30	22	0	10	1	12	0	0	0	0	1	0	0	2	0	2	21	26	1	2	5	158	2	34	3	10	15	1	21	36	94	0	125	0	3	11	21	2	0	21	3	180	0	1	24	17	4	31	11	0	0	0	21	27	5	68	4	0	0	68	34	38	3	40	2	63	0
35	0	0	0	0	0	0	0	0	0	0	0	0	0	0	0	0	0	0	0	0	0	0	0	0	0	0	0	0	0	0	0	0	0	0	0	0	0	0	0	0	0	0	0	0	0	0	0	0	0	0	0	0	0	0	0	0	0	0	0	0	0	0	0	0	0	0	0	0	0	0	0	0	0	0	0	0	0	0	0	0	0	0	0	0	0	0	0	0	0	0	0	0	0	0	0	0	0	0	0	0	0	0	0	0	0	0	0	0	0	0	0	0	0	0	0	0	0	0	0	0	0	0	0	0	0	0	0	0	0	0	0	0	0	0	0	0	0	0	0	0	0	0	0	0	0	0	0	0	0	0	0	0	0	0	0	0	0	0	0	0	0	0	0	0	0	0	0	0	0	0	0	0	0	0	0	0	0	0	0	0	0	0	0	0	0	0	0	0	0	0	0	0	0	0	0	0	0	0	0	0	0	0	0	0	0	0	0	0	0	0	0	0	0	0	0	0	0	0	0	0	0	27	0	0	0	0	0	0	0	0	0	0	0	0	0	0	0	0	0	0	0	0	0	0	0	0	0	0	0	0	0	0	0	0	0	0	0	0	0	0	0	0	0	0	213	0	0	0	0	0	0	0	0	0	0	0	0	0	0	0	2	0	0	0	0	0	0	0	0	0	0	0	0	0	0	42	0	0	0	0	0	0	0	0	0	0	0	6	0	0	0	0	0	0	0	0	0	0	0	0	0	2	0	0	0	0	0	2	96	0	0	0	0	0	0	0	0	0	0	67	0	0	0	0	0	0	0	0	0	0	0	0	0	0	0	0	0	0	0	0	0	0	0	0	0	0	0	0	0	0	0	0	0	0	0	0	0	0	0	0	0	0	0	16	1	0	0	58	0	0	0	0	0	0	0	0	0	0	0	0	131	0	0	0	21	2	0	0	1	0	0	0	0	0	0	59	0	0	83	0	0	0	0	0	0	82	0	0	0	3	0	0	0	3	33	206	0	46	0	16	0	0	0	0	0	0	0	0	0	0	0	0	55	0	0	88	0	0	0	0	0	0	0	36	13	0	0	0	0	0	0	0	0	0	0	0	90	0	234	0	0	0	0	37	0	15	0	0	0	0	0	0	0	0	26	0	0	0	4	18	0	201	0	205	0	0	0	139	0	0	0	0	220	0	9	53	0	0	0	0	0	137	0	0	77	25	0	0	0	0	0	0	0	64	0	0	0	18	0	0	31	0	10	0	151	0	0	72	119	0	0	0	0	0	0	0	0	5	2	0	46	0	0	117	0	0	0	176	0	0	10	0	0	47	0	10	0	0	8	43	1	0	3	210	45	36	0	0	0	0	0	11	0	165	0	90	121	131	0	0	34	0	1	65	0	5	0	0	338	209	100	42	0	132	90	82	0	0	0	0	0	0	0	71	33	0	32	42	139	23	1	0	0	22	57	0	6	89	43	55	0	87	16	31	103	0	36	35	162	0	0	98	279	0	0	0	0	0	31	47	583	0	0	175	66	70	0	52	2	81	64	0	57	0	131	0	120	0	0	0	0	1	0	103	0	70	0	42	0	0	30	41	56	0	0	37	0	0	157	0	39	0	72	0	7	58	77	169	20	0	53	0	0	0	0	58	0	44	25	33	79	59	0	39	1	0	0	91	39	0	0	0	0	0	175	0	1	224	127	0	35	0	0	26	100	0	109	196	106	22	54	130	51	68	109	0	57	0	196	112	50	100	169	0	13	104	0	0	0	66	34	163	0	154	123	59	15	23	0	77	0	25	28	100	1	42	0	0	0	0	7	0	189	0	10	95	0	0	39	148	257	107	101	49	0	116	99	62	209	51	0	286	15	43	161	45	140	0	199	56	137	267	87	48	93	0	50	0	0	25	0	0	0	48	0	226	127	38	57	77	79	59	32	31	107	0	0	0	0	0	5	118	211	0	89	270	109	78	46	0	33	154	36	0	0	182	0	59	56	0	0	229	0	72	0	190	193	114	12	29	8	0	107	23	62	0	97	219	85	0	107	29	135	189	0	0	25	83	134	0	17	49	113	43	73	211	129	54	214	89	99	0	0	0	14	112	0	130	95	0	179	57	124	166	75	106	65	103	134	0	54	0	52	42	178	380	45	196	131	119	86	25	21	153	77	86	49	163	101	187	30	71	0	31	57	101	4	13	91	81	112	39	80	14	127	75	156	103	35	101	122	26	92	196	98	0	104	54	5	23	0	60	38	21	133	36	151	203	217	92	79	120	86	295	11	222	57	136	165	0	24	174	74	56	59	18	54	121	24	15	87	108	56	139	68	90	71	53	22	68	52	74	41	60	63	0	173	105	144	137	90	160	172	25	130	30	33	69	126	62	51	113	67	61	99	186	23	17	5	71	270	145	8	43	40	209	55	15	104	58	7	38	105	122	10	26	208	196	342	88	64	0	89	98	54	47	76	65	72	171	71	90	42	45	75	20	49	58	89	101	204	121	217	39	93	102	48	38	290	4
36	0	0	0	0	0	0	0	0	0	0	0	0	0	0	0	0	0	0	0	0	0	0	0	0	0	0	0	0	0	0	0	0	0	0	0	0	0	0	0	0	0	0	0	0	0	0	0	0	0	0	0	0	0	0	0	0	0	0	0	0	0	0	0	0	0	0	0	0	0	0	0	0	0	0	0	0	0	0	0	0	0	0	0	0	0	0	0	0	0	0	0	0	0	0	0	0	0	0	0	0	0	0	0	0	0	0	0	0	0	0	0	0	0	0	0	0	0	0	0	0	0	0	0	0	0	0	0	0	0	0	0	0	0	0	0	0	0	0	0	0	0	0	0	0	0	0	0	0	0	0	0	0	0	0	0	0	0	0	0	0	0	0	0	0	0	0	0	0	0	0	0	0	0	0	0	0	0	0	0	0	0	0	0	0	0	0	0	0	0	0	0	0	0	0	0	0	0	0	0	0	0	0	0	0	0	0	0	0	0	0	0	0	0	0	0	0	0	0	0	0	0	0	0	0	0	0	0	0	0	0	0	0	0	0	0	0	0	0	0	0	0	0	0	0	5	0	0	0	0	0	3	0	0	0	0	0	0	0	0	0	0	0	0	0	26	0	0	0	0	0	0	0	0	0	0	0	0	0	0	0	0	0	0	0	0	0	0	0	0	0	0	0	0	0	0	0	0	0	0	0	0	0	0	0	0	0	0	9	0	0	0	0	0	0	0	0	0	0	0	0	0	4	0	0	0	0	0	0	5	0	0	0	0	0	0	0	0	0	0	0	0	0	0	0	0	0	0	0	45	0	0	0	0	0	0	0	0	0	0	0	0	0	0	0	28	0	0	0	0	0	0	0	0	0	0	0	0	0	4	0	0	0	0	0	0	0	0	0	0	0	0	0	0	0	0	0	0	12	0	0	91	0	0	0	0	0	0	0	0	0	0	0	0	0	0	67	0	0	12	0	0	0	0	0	0	48	0	0	0	0	0	0	0	177	51	73	0	143	0	0	0	0	0	0	0	0	0	0	0	0	0	0	47	0	0	0	0	0	0	0	0	0	0	11	0	0	0	114	0	0	0	0	6	0	0	0	65	20	11	0	0	0	0	11	0	1	0	0	0	0	0	0	0	0	6	0	0	0	0	0	0	55	0	101	0	0	0	102	0	0	0	56	9	0	0	20	0	0	0	0	0	70	0	0	14	19	0	0	0	0	0	0	0	56	0	0	0	186	0	0	19	0	85	10	100	0	0	41	4	0	0	0	0	0	0	0	0	0	0	0	151	72	0	139	0	0	0	43	0	0	155	0	0	79	0	221	0	0	0	60	0	0	0	10	118	25	0	3	43	11	0	0	0	52	0	34	4	205	0	0	54	0	63	15	0	0	0	0	1	45	119	94	0	31	378	67	0	0	0	0	0	0	0	98	201	0	141	6	264	159	0	0	0	209	207	0	28	135	83	12	0	45	119	104	59	0	52	229	47	0	1	36	152	0	0	0	0	0	4	167	55	8	0	103	77	46	61	140	0	16	27	0	111	0	215	0	52	0	0	0	0	50	0	99	0	28	0	244	0	0	71	87	0	0	0	121	0	0	15	0	0	0	177	0	0	61	81	10	0	24	78	0	0	0	0	76	0	329	0	0	12	39	0	58	0	20	0	67	10	0	0	0	2	0	93	0	0	155	0	0	81	0	0	10	143	0	11	36	81	169	49	150	45	87	40	0	51	0	61	262	108	98	196	0	49	29	0	0	0	37	41	56	0	85	11	20	60	67	0	55	0	119	22	49	105	52	0	0	0	0	117	0	10	0	125	84	0	0	108	181	79	113	40	194	0	70	117	63	9	119	0	194	18	108	155	65	126	0	204	71	62	73	17	171	57	0	91	0	0	43	30	0	0	74	0	41	17	66	34	114	68	1	168	60	149	0	0	3	0	0	109	86	86	0	94	129	121	63	77	0	13	65	45	0	0	98	0	52	88	0	0	64	0	174	0	15	312	2	80	27	99	0	21	10	92	0	10	22	13	0	104	110	89	99	0	0	54	60	106	0	41	125	366	78	69	77	9	96	73	134	67	0	0	0	206	101	0	88	242	0	173	35	174	137	154	1	127	98	45	0	31	0	212	24	37	65	52	63	158	112	19	119	95	71	139	5	118	107	66	84	118	79	0	41	25	12	34	136	64	174	112	54	26	309	34	36	95	59	43	50	46	64	175	106	94	0	11	38	96	49	0	33	54	8	30	73	57	49	60	29	70	166	147	3	83	146	67	69	22	0	106	133	59	57	74	100	29	6	205	52	15	52	75	53	110	105	49	129	66	14	43	12	44	75	96	0	197	145	9	186	55	42	64	32	21	35	70	271	40	76	160	47	16	144	28	58	44	5	110	58	55	162	44	161	72	11	208	86	148	72	44	95	48	71	84	44	132	92	54	302	189	0	275	35	56	152	99	41	100	118	111	31	89	37	13	149	27	29	101	109	112	50	139	74	103	132	140	178	51	29
37	0	0	0	0	0	0	0	0	0	0	0	0	0	0	0	0	0	0	0	0	0	0	0	0	0	0	0	0	0	0	0	0	0	0	0	0	0	0	0	0	0	0	0	0	0	0	0	0	0	0	0	0	7	0	0	0	0	0	0	0	0	0	0	0	0	0	0	0	0	0	0	0	0	0	0	0	0	0	0	0	0	0	0	0	0	0	0	0	0	0	0	0	0	0	0	0	0	0	0	0	0	0	0	0	0	0	0	0	0	0	0	0	0	0	0	0	2	0	0	0	0	0	0	0	0	0	0	0	0	0	0	0	0	0	0	0	0	0	0	0	0	0	0	0	0	0	0	0	0	0	0	0	0	0	0	0	0	0	0	0	0	0	0	0	0	0	0	0	0	0	0	0	0	0	0	0	0	0	0	0	0	0	0	0	0	0	0	0	0	0	0	0	0	0	0	0	0	0	0	0	0	0	0	0	0	0	0	0	0	0	0	0	0	0	0	0	0	0	0	0	0	0	0	0	0	0	0	0	0	0	0	0	0	0	0	0	0	0	0	0	0	0	0	0	0	0	0	0	0	0	0	0	0	0	0	0	0	0	0	0	0	0	0	0	37	0	0	0	0	0	0	0	0	0	0	0	0	0	0	0	0	0	0	0	0	0	0	0	0	0	0	0	0	0	0	0	0	0	0	0	0	0	0	0	0	0	0	0	0	0	0	0	0	0	0	0	0	0	0	0	2	29	0	0	0	0	0	10	170	0	0	0	0	0	11	0	0	0	0	1	0	0	0	0	0	0	0	0	0	0	0	8	0	0	0	0	0	0	0	0	0	0	0	0	0	0	0	0	0	0	0	0	0	0	0	0	0	0	0	0	0	0	0	0	0	0	0	30	0	0	0	0	0	0	0	0	0	0	0	0	64	0	0	0	26	0	0	0	0	0	0	0	0	0	0	271	0	0	112	0	0	0	0	0	0	204	0	0	0	0	0	0	0	0	15	141	0	59	0	6	0	0	0	0	0	0	0	0	0	0	0	0	175	0	0	4	0	0	0	0	0	0	0	27	0	0	0	27	0	0	0	0	0	0	0	0	173	0	110	0	0	0	0	4	0	72	0	0	0	46	0	0	0	0	2	0	0	2	0	260	25	40	0	78	0	0	0	49	0	0	118	0	204	18	0	63	0	0	0	0	0	169	0	0	6	29	0	0	0	0	0	0	0	74	0	0	0	57	0	0	36	0	160	0	64	0	0	139	94	0	8	0	0	15	0	0	0	0	39	0	200	5	0	9	0	0	0	39	0	50	200	16	1	34	0	33	0	0	9	85	15	0	0	88	249	42	0	24	7	0	0	0	118	7	0	33	15	76	0	0	24	0	59	212	0	3	0	0	7	134	54	251	0	114	9	36	0	0	0	0	0	0	0	116	38	0	60	171	74	87	0	0	0	126	124	0	44	64	131	103	0	44	13	77	335	0	62	153	164	0	1	146	125	0	0	0	0	0	163	39	96	0	0	32	37	122	1	76	179	261	109	0	135	0	101	0	115	0	0	0	0	56	0	57	0	244	0	125	0	0	318	66	16	0	0	184	0	0	31	0	0	0	56	0	0	90	128	180	14	2	118	0	0	0	0	46	0	203	172	18	44	58	2	147	0	0	0	54	139	0	0	0	0	0	406	0	0	220	23	0	14	0	0	110	44	0	160	20	41	94	62	279	34	35	103	0	44	0	35	124	198	238	98	0	0	37	0	0	0	37	60	35	0	76	407	81	106	178	0	80	0	237	28	52	66	180	0	0	0	0	140	0	70	0	168	351	0	0	120	34	23	134	51	17	0	89	100	54	145	158	0	24	6	118	228	49	162	0	33	48	101	188	222	170	113	0	81	3	0	40	9	0	0	45	0	169	149	80	48	139	144	87	65	30	79	0	0	0	0	0	140	39	238	0	141	85	43	156	126	0	64	198	105	0	0	14	0	111	81	0	0	112	0	102	0	55	98	3	191	21	56	0	106	65	45	12	31	88	6	0	95	40	96	322	0	0	37	57	129	34	96	50	171	123	81	52	243	154	293	62	126	0	0	0	131	115	0	7	184	15	9	128	4	84	134	236	23	160	14	0	61	0	47	49	32	58	27	141	25	80	24	58	60	86	104	131	145	121	88	32	211	232	0	49	134	43	89	49	61	50	2	21	128	370	27	43	98	57	64	89	24	64	79	79	53	0	41	101	231	54	0	207	259	37	84	187	130	85	275	101	54	87	247	362	116	168	126	54	111	0	96	61	54	226	34	24	78	40	64	26	74	23	35	316	134	66	20	363	155	119	79	175	61	25	73	0	35	73	95	46	117	14	136	248	111	351	29	113	107	31	108	100	53	51	216	41	105	103	44	107	187	266	115	46	72	259	94	110	11	29	31	338	68	124	25	54	59	102	161	145	126	0	127	212	56	249	23	80	111	8	205	160	82	36	194	59	110	211	150	208	116	44	80	26	134	281	165	74	41	94
38	0	0	0	0	0	0	0	0	0	0	0	0	0	0	0	0	0	0	0	0	0	0	0	0	0	0	0	0	0	0	0	0	0	0	0	0	0	0	0	0	0	0	0	0	0	0	0	0	0	0	0	0	0	0	0	0	0	0	0	0	0	0	0	0	0	0	0	0	0	0	0	0	0	0	0	0	0	0	0	0	0	0	0	0	0	0	0	0	0	0	0	0	0	0	0	0	0	0	0	0	0	0	0	0	0	0	0	0	0	0	0	0	0	0	0	0	0	0	0	0	0	0	0	0	0	0	0	0	0	0	0	0	0	0	0	0	0	0	0	0	0	0	0	0	0	0	0	0	0	0	0	0	0	0	0	0	0	0	0	0	0	0	0	0	0	0	0	0	0	0	0	0	0	0	0	0	0	0	0	0	0	0	0	0	0	0	0	0	0	0	0	0	0	0	0	0	0	0	0	0	0	0	0	0	0	0	0	0	0	0	0	0	0	0	0	0	0	0	0	0	0	0	0	0	0	0	0	0	0	0	0	0	0	0	0	0	0	0	0	0	0	0	0	0	0	0	0	0	0	0	0	0	0	0	0	0	0	0	0	0	0	0	0	0	19	0	0	0	0	0	0	0	0	0	0	0	0	0	0	0	0	0	0	0	0	0	0	0	0	0	0	0	0	0	0	0	0	0	0	0	0	0	0	0	0	0	0	0	0	0	0	0	0	0	0	0	0	0	0	0	0	44	0	0	0	0	0	4	0	0	0	0	0	0	0	0	0	0	57	0	0	0	0	0	0	0	0	0	0	0	0	0	0	0	0	0	0	0	0	0	0	0	0	0	0	0	0	0	0	0	0	0	0	0	0	0	0	0	0	0	0	0	0	0	0	0	16	4	0	0	0	0	0	0	0	0	0	0	0	0	49	0	0	0	95	0	0	0	0	0	0	0	0	0	0	42	0	0	7	0	0	0	0	0	0	37	0	0	4	0	0	0	0	32	10	498	0	88	0	9	0	0	0	0	0	0	0	0	0	0	0	0	69	0	0	2	0	0	0	0	0	0	0	86	46	0	0	0	0	0	0	0	0	0	0	0	170	0	129	0	0	0	0	64	0	27	0	0	0	10	0	0	0	0	50	0	0	0	5	63	0	28	0	232	0	0	0	94	0	0	227	0	101	0	0	55	0	0	0	0	0	144	0	0	55	110	0	0	0	0	0	0	0	76	2	0	0	19	0	0	47	0	42	0	155	0	0	64	3	0	0	0	0	0	0	0	0	0	67	0	68	88	0	112	0	0	0	109	0	74	117	0	0	36	0	50	0	0	0	72	0	0	51	43	85	125	0	0	0	0	0	0	0	0	0	70	38	29	0	15	247	0	23	52	0	0	0	0	72	181	31	115	0	121	86	144	0	0	0	0	0	0	0	95	82	0	35	26	74	45	0	0	0	180	95	0	114	23	120	115	0	166	229	11	262	0	44	99	97	0	72	113	378	124	0	0	0	0	111	88	41	0	0	165	5	59	0	229	0	144	193	0	103	0	93	0	57	0	0	0	0	133	0	70	0	58	0	85	0	0	58	109	65	0	0	256	0	0	65	0	5	0	28	0	0	127	174	55	78	0	70	0	0	0	0	160	0	15	7	0	1	79	0	14	0	57	0	142	145	0	0	0	0	0	72	0	0	61	5	0	46	0	0	30	159	0	44	95	48	30	56	26	25	52	37	0	127	0	99	45	80	104	3	0	7	107	0	0	0	133	171	75	0	172	2	27	131	169	0	1	0	12	8	121	102	269	0	0	0	0	107	0	136	0	112	68	0	0	60	0	101	102	71	69	0	97	122	65	116	105	0	31	95	304	209	15	125	0	45	80	105	124	140	111	109	0	53	0	0	5	0	0	131	20	0	63	138	138	87	56	425	6	24	7	131	0	0	0	0	0	392	237	117	0	84	101	228	134	90	0	290	168	8	0	0	64	0	35	33	0	6	52	52	124	0	19	63	133	53	216	275	0	76	213	125	0	163	131	138	0	21	126	20	41	0	0	332	39	22	42	129	42	175	40	18	58	26	227	121	21	127	0	0	0	52	192	0	221	68	0	136	151	70	108	36	70	81	48	255	0	75	0	58	70	69	62	21	30	130	90	256	104	54	51	117	47	83	62	124	9	78	104	0	110	39	107	3	97	33	18	26	71	41	56	26	201	86	22	18	125	157	87	95	39	76	0	88	1	15	95	0	164	132	39	138	28	30	290	183	412	74	72	218	54	77	90	124	45	120	0	273	39	42	24	25	15	56	197	60	168	52	77	90	83	81	177	9	129	142	51	137	116	82	132	60	0	27	148	139	48	221	70	45	68	212	206	113	70	196	203	44	107	13	87	104	109	60	50	32	41	82	163	33	48	103	108	204	80	76	147	273	52	155	83	31	66	179	55	60	158	166	0	5	139	80	225	89	56	66	56	73	61	71	78	115	196	48	17	79	73	115	105	41	22	242	67	162	8	20	36
39	0	0	0	0	0	0	0	0	0	0	0	0	0	0	0	0	0	0	0	0	0	0	0	0	0	0	0	0	0	0	0	0	0	0	0	0	0	0	0	0	0	0	0	0	0	0	0	0	0	0	0	0	0	0	0	0	0	0	0	0	0	0	0	0	0	0	0	0	0	0	0	0	0	0	0	0	0	0	0	0	0	0	0	0	0	0	0	0	0	0	0	0	0	0	0	0	0	0	0	0	0	0	0	0	0	0	0	0	0	0	0	0	0	0	0	0	0	0	0	0	0	0	0	0	0	0	0	0	0	0	0	0	0	0	0	0	0	0	0	0	0	0	0	0	0	0	0	0	0	0	0	0	0	0	0	0	0	0	0	0	0	0	0	0	0	0	0	0	0	0	0	0	0	0	0	0	0	0	0	0	0	0	0	0	0	0	0	0	0	0	0	0	0	0	0	0	0	0	0	0	0	0	0	0	0	0	0	0	0	0	0	0	0	0	0	0	0	0	0	0	0	0	0	0	0	0	0	0	0	0	0	0	0	0	0	0	0	0	0	0	0	0	0	0	0	0	0	0	0	0	0	0	0	0	0	0	0	0	0	0	0	0	0	0	0	0	0	0	0	0	0	0	0	0	0	0	0	0	0	0	0	0	0	0	0	0	0	0	0	0	0	0	0	0	0	0	0	0	0	0	0	0	0	0	0	0	0	0	0	0	0	0	0	0	0	0	0	0	0	0	0	0	0	0	0	0	0	0	1	0	0	0	0	0	0	0	0	0	0	0	0	0	0	0	0	0	0	0	0	0	0	0	0	0	0	0	0	0	0	0	0	0	0	0	0	0	0	0	0	0	0	0	0	0	0	0	0	27	0	0	0	0	0	0	0	0	0	0	0	0	0	0	0	0	0	0	0	0	0	0	0	0	0	0	0	0	0	0	0	0	0	0	0	0	0	187	0	0	0	0	0	0	0	0	0	0	0	0	0	0	0	0	0	0	0	12	0	0	0	0	0	0	0	0	0	0	0	0	0	0	0	0	0	0	0	19	0	0	0	0	0	0	0	0	0	0	0	0	0	0	0	0	0	2	0	0	0	0	0	0	0	0	0	0	0	0	0	0	0	0	0	0	0	0	0	0	0	0	0	0	0	4	0	0	0	0	0	8	0	0	0	0	0	0	0	0	0	0	0	0	0	0	0	0	0	0	0	0	0	0	0	0	0	0	0	0	0	2	0	0	0	0	46	0	0	0	0	4	0	0	0	0	0	0	0	0	0	0	0	0	12	0	0	0	0	0	0	0	0	0	6	0	0	0	0	0	0	0	0	0	3	0	0	0	0	0	0	0	0	0	0	0	0	0	0	0	0	0	0	0	0	0	0	0	0	0	0	0	0	52	4	5	77	0	9	1	0	0	0	0	0	0	0	11	52	0	0	0	35	0	0	0	14	0	0	0	0	12	0	0	0	0	2	0	0	0	0	0	0	0	0	0	3	0	0	0	0	0	0	0	7	0	0	0	0	2	0	0	0	0	0	0	0	0	0	0	0	0	0	0	0	0	0	45	0	0	0	0	0	0	18	0	0	0	0	46	0	0	7	0	0	2	0	0	0	0	0	0	0	0	1	0	0	0	0	0	0	4	0	0	0	33	0	0	0	0	0	5	0	0	0	0	0	0	0	0	0	0	0	0	0	0	0	0	14	0	0	0	0	68	0	2	0	0	0	0	18	0	14	11	29	20	0	0	0	0	0	0	0	0	1	1	0	4	0	67	0	44	0	39	0	2	0	0	0	44	0	0	0	0	0	0	2	0	0	19	0	0	1	0	0	0	0	23	0	0	42	0	0	0	0	5	0	0	6	0	8	0	18	0	15	4	0	30	5	0	6	0	0	23	0	0	0	0	0	0	0	0	0	2	3	0	0	0	0	0	0	0	0	0	0	5	0	0	0	56	44	0	0	0	0	62	39	0	0	1	0	0	0	0	0	0	0	4	0	0	81	0	0	1	0	0	0	20	0	0	2	0	1	0	0	0	0	0	0	0	0	0	0	0	0	89	0	4	0	0	0	1	1	0	0	0	0	0	0	21	0	0	2	0	1	1	0	74	0	0	0	0	25	0	0	0	2	0	0	0	4	0	0	2	0	0	19	0	0	0	0	0	2	0	0	2	0	0	0	0	0	0	0	2	0	0	0	5	0	0	6	0	1	3	1	21	0	0	3	0	0	0	3	0	0	8	0	0	0	0	0	0	0	7	3	3	0	0	0	0	0	0	0	0	0	1	0	27	54	1	0	0	0	0	5	0	0	2	0	0	1	1	0	0	3	0	0	0	0	0	0	0	0	0	0	7	0	0	0	0	0	0	0	0	0	0	0	0	0	2	2	0	0	0	0	0	0	14	5	57	0	0	0	0	0	36	0	0	0	0	0	2	0	43	0	0	0	0	0	0	0	0	28	25	1	1	1	0	0	0	11	0	90	0	0	0	10	0	51	4	9	1	0	0
40	0	0	0	0	0	0	0	0	0	0	0	0	0	0	0	0	0	0	0	0	0	0	0	0	0	0	0	0	0	0	0	0	0	0	0	0	0	0	0	0	0	0	0	0	0	0	0	34	0	0	0	0	0	0	0	0	0	0	0	0	0	0	0	0	0	0	0	0	0	0	0	0	0	0	0	0	0	0	0	0	0	0	0	0	0	0	0	0	0	0	0	0	0	0	0	0	0	0	0	0	0	0	0	0	0	0	0	0	0	0	0	0	0	0	0	0	0	0	0	0	0	0	0	0	0	0	0	0	0	0	0	0	0	0	0	0	0	0	0	0	0	0	0	0	0	0	0	0	1	0	0	0	0	0	0	0	0	0	0	0	0	0	0	0	0	0	0	0	0	0	0	0	0	0	0	0	0	0	0	0	0	0	0	0	0	0	0	0	0	0	0	0	0	0	0	0	0	0	0	0	0	0	0	0	0	0	0	0	0	0	0	0	0	0	0	0	0	0	0	0	0	0	0	0	0	14	0	0	0	0	0	0	0	0	0	0	0	0	0	0	0	0	0	0	0	0	0	0	0	0	15	0	0	0	0	0	8	0	0	0	0	0	0	0	0	0	0	0	0	0	0	0	0	0	0	0	0	0	0	0	0	0	0	0	0	0	0	0	0	0	0	0	0	0	0	0	0	0	0	0	0	0	0	0	0	0	0	18	0	0	0	0	0	0	0	0	0	0	0	0	0	3	0	3	0	0	0	10	96	0	0	0	0	0	0	0	0	0	15	0	0	0	0	0	0	0	0	0	0	0	0	0	0	0	0	0	0	0	0	0	0	0	0	0	0	0	0	0	0	0	0	0	0	0	0	0	0	0	0	0	0	0	0	10	0	0	0	48	0	0	0	0	0	0	0	0	0	1	0	0	120	0	0	0	12	0	0	0	0	0	2	0	0	0	0	25	0	0	129	0	0	0	0	0	0	21	1	0	0	0	0	0	5	21	218	1	0	65	0	0	0	0	0	0	0	0	0	53	0	0	0	0	53	0	0	9	0	0	0	0	0	0	0	30	0	0	13	2	0	0	0	0	0	0	0	0	84	34	104	0	0	0	0	0	0	1	0	0	0	0	0	2	0	0	41	0	0	0	0	37	0	38	0	230	0	0	0	83	0	1	29	0	52	2	0	190	0	0	0	0	0	32	0	0	35	74	0	0	0	0	0	0	0	112	0	0	0	4	0	0	0	0	40	0	34	0	0	237	72	0	0	0	0	0	0	0	0	0	115	0	38	28	0	162	0	0	0	102	0	101	93	0	0	164	0	167	0	0	0	13	0	0	0	61	76	25	0	100	0	0	0	0	0	6	0	143	76	59	0	0	36	0	59	9	0	0	0	0	88	146	144	89	0	67	76	20	0	0	0	0	0	0	0	126	33	0	127	102	50	111	0	0	0	165	38	0	66	61	28	209	0	118	6	24	141	0	66	47	46	0	13	65	180	9	2	0	0	0	92	69	25	0	0	258	168	72	0	36	0	159	42	0	267	0	64	0	85	0	0	0	0	184	0	79	0	2	0	92	0	0	85	75	38	0	0	162	0	0	2	0	0	0	133	0	0	315	217	52	72	17	90	0	0	6	0	77	0	23	0	0	35	97	0	13	0	105	0	31	88	0	19	0	0	0	0	0	0	47	0	0	176	0	0	27	53	0	81	13	350	358	101	62	218	104	96	0	82	0	26	54	262	117	23	0	76	53	0	0	0	109	170	112	0	16	30	70	134	98	0	141	0	84	199	260	91	91	0	0	0	0	190	11	46	0	101	57	0	0	131	44	273	133	66	64	0	70	127	120	87	57	0	169	128	82	128	62	21	0	178	109	169	166	144	251	34	0	176	0	0	143	0	0	0	114	0	81	27	131	102	156	43	21	66	60	57	0	0	0	0	0	168	89	151	0	240	68	110	9	196	0	38	66	189	0	0	125	15	64	147	0	0	48	0	131	0	25	53	44	153	44	33	0	52	72	47	0	168	83	43	0	144	64	46	54	0	0	37	162	109	0	110	31	91	50	28	37	41	179	119	101	3	0	0	0	37	154	0	38	138	0	88	79	184	41	199	67	194	88	56	0	119	0	39	26	86	98	67	119	205	63	112	224	295	10	189	17	22	29	99	54	91	211	0	51	107	98	0	48	56	170	70	46	156	68	44	30	123	52	105	59	55	201	25	200	173	0	36	198	76	9	0	92	26	15	55	16	222	14	105	49	117	159	46	32	93	109	26	68	164	0	84	3	38	48	88	158	119	80	149	134	180	101	153	55	7	136	57	90	36	20	24	90	148	25	125	0	96	80	96	6	133	40	54	131	54	136	86	56	152	183	36	178	59	207	126	60	83	169	356	140	47	20	96	92	36	251	37	51	75	83	106	89	167	294	48	35	111	170	114	69	182	0	70	145	112	120	60	38	193	61	54	280	75	147	98	41	129	41	108	58	67	207	89	73	69	45	82	57	156	117
41	0	0	0	0	0	0	0	0	0	0	0	0	0	0	0	0	0	0	0	0	0	0	0	0	0	0	0	0	0	0	0	0	0	0	0	0	0	0	0	0	0	0	0	0	0	0	0	0	0	0	0	0	0	0	0	0	0	0	0	0	0	0	0	0	0	0	0	0	0	0	0	0	0	0	0	0	0	0	0	0	0	0	0	0	0	0	0	0	0	0	0	0	0	0	0	0	0	0	0	0	0	0	0	0	0	0	0	0	0	0	0	0	0	0	0	0	7	0	0	0	0	0	0	0	0	0	0	0	0	0	0	0	0	0	0	0	0	0	0	0	0	0	0	0	0	0	0	0	0	0	0	0	0	0	0	0	0	0	0	0	0	0	0	1	0	0	0	0	0	0	0	0	0	0	0	0	0	0	0	0	0	0	0	0	0	0	0	0	0	0	0	0	0	0	0	0	0	0	0	0	0	0	0	0	1	0	0	0	0	20	0	0	0	5	0	0	0	0	0	0	0	0	0	0	0	0	0	0	0	0	0	0	0	0	0	0	0	0	0	0	0	0	0	0	0	0	0	0	0	0	0	0	0	0	0	0	0	0	0	0	0	0	0	0	0	0	0	0	0	0	0	0	0	0	0	0	0	0	0	0	0	0	0	0	0	0	0	0	0	0	0	0	0	0	0	0	0	0	0	0	0	0	0	0	0	0	0	0	0	0	0	0	0	0	0	0	0	0	0	0	0	4	2	0	0	0	0	0	62	0	0	0	0	0	0	0	0	0	191	0	0	0	0	0	0	0	0	0	164	0	0	0	0	0	0	0	0	0	0	0	0	0	0	0	0	0	0	0	0	0	0	0	0	0	0	0	0	0	0	0	0	0	0	74	0	0	0	58	0	0	0	0	0	0	0	0	0	20	0	0	96	0	0	0	84	0	0	0	0	0	0	0	0	0	0	72	16	0	41	0	0	0	0	0	0	16	0	0	0	0	0	0	0	50	278	72	1	6	0	0	0	7	0	0	6	0	0	22	0	0	0	0	192	0	0	93	0	0	0	0	0	0	0	0	44	0	0	0	0	0	0	0	0	0	0	0	215	0	85	0	0	0	0	0	0	4	0	0	0	0	0	0	0	0	33	0	0	0	0	43	0	34	0	75	0	0	0	190	0	0	0	0	113	0	0	65	0	0	0	0	0	118	0	0	32	183	0	0	0	0	0	0	0	65	8	0	0	36	0	0	1	0	10	0	282	0	0	23	107	0	0	0	0	0	0	0	0	0	0	0	183	0	0	105	0	0	0	122	0	24	22	0	0	122	0	49	0	0	0	34	2	0	16	30	53	143	0	81	36	0	0	0	112	134	0	46	90	54	0	0	175	0	123	80	0	0	0	0	78	129	48	125	10	64	34	92	0	0	0	0	0	0	0	127	130	0	13	92	13	186	1	0	0	83	89	0	20	81	188	0	0	38	11	120	79	0	68	9	82	0	2	39	125	31	0	0	0	0	171	103	60	9	0	222	76	54	0	36	0	116	276	0	84	0	49	0	83	0	0	0	0	147	0	150	0	39	0	112	0	0	90	83	84	0	0	26	0	0	86	0	4	0	39	0	0	125	91	159	79	0	68	0	0	0	0	112	0	33	25	0	32	155	0	40	0	58	0	27	120	0	0	0	0	0	21	0	0	53	11	0	78	0	0	208	12	0	65	76	48	20	125	103	18	116	103	0	95	0	49	17	74	106	76	0	137	74	0	0	0	67	157	154	0	248	66	38	52	82	0	84	0	187	86	40	190	35	0	0	31	0	118	198	7	0	198	115	0	0	81	14	98	71	125	35	0	160	128	6	198	20	0	57	147	114	36	112	51	0	113	10	307	73	138	150	95	0	139	0	0	26	69	0	10	30	0	366	165	228	135	38	277	39	152	18	91	0	0	0	0	0	154	127	506	0	275	75	51	47	17	0	65	108	21	0	0	107	0	95	80	0	0	363	21	84	0	49	119	4	29	31	45	0	102	4	78	4	79	27	27	0	96	192	72	159	0	0	38	244	190	0	17	99	73	52	60	33	57	52	269	65	210	0	0	0	202	57	0	48	72	0	110	91	151	13	7	41	67	97	163	0	71	0	233	109	89	234	124	44	104	79	101	78	31	74	99	27	160	125	67	151	80	2	0	111	34	91	0	62	146	168	9	46	33	105	87	164	55	90	240	134	291	86	63	84	288	0	78	163	335	113	0	83	133	0	215	30	134	171	35	39	136	22	222	173	176	12	35	197	83	0	78	35	47	118	62	102	169	51	82	48	38	49	130	124	102	317	127	96	131	61	33	62	235	86	90	0	62	75	360	176	90	54	38	156	26	32	132	202	50	160	224	147	6	124	40	64	39	10	51	124	132	64	21	129	49	30	30	26	57	169	66	9	81	53	96	24	127	19	47	20	23	0	75	106	19	109	37	17	39	61	76	152	18	35	49	28	27	246	200	333	121	51	89	10	85	35	49	285	49	54
42	0	0	0	0	0	0	0	0	0	0	0	0	0	0	0	0	0	0	0	0	0	0	0	0	0	0	0	0	0	0	0	0	0	0	0	0	0	0	0	0	0	0	0	0	0	0	0	0	0	0	0	0	0	0	0	0	0	0	0	0	0	0	0	0	0	0	0	0	0	0	0	0	0	0	0	0	0	0	0	0	0	0	0	0	0	0	0	0	0	0	0	0	0	0	0	0	0	0	0	0	0	0	0	0	0	0	0	0	0	0	0	0	0	0	0	0	0	0	0	0	0	0	0	0	0	0	0	0	0	0	0	0	0	0	0	0	0	0	0	0	0	0	0	0	0	0	0	0	0	0	0	0	0	0	0	0	0	0	0	0	0	0	0	0	0	0	0	0	0	0	0	0	0	0	0	0	0	0	0	0	0	0	0	0	0	0	0	0	0	0	0	0	0	0	0	0	0	0	0	0	0	0	0	0	0	0	0	0	0	0	0	0	0	0	0	0	0	0	0	0	0	0	0	73	0	0	0	0	0	0	0	0	0	0	0	0	0	0	0	0	0	0	0	0	0	0	0	0	0	0	0	0	0	0	0	0	0	0	0	0	0	0	0	0	9	0	0	0	0	0	0	0	0	0	0	0	0	0	0	0	0	0	0	0	0	0	0	0	0	0	0	0	0	0	0	9	0	0	0	0	0	0	3	0	0	0	0	0	0	0	0	0	0	0	0	0	0	0	0	0	1	19	0	0	0	0	0	0	42	0	0	0	0	0	35	0	0	0	1	0	0	0	0	0	0	0	0	0	2	0	0	0	0	0	0	0	0	10	0	0	0	0	1	0	0	0	0	0	0	0	0	0	0	0	0	0	18	0	27	0	0	0	0	75	0	0	0	187	0	0	0	0	0	102	0	0	0	0	0	0	184	0	0	0	46	0	0	0	0	0	37	0	0	0	0	129	0	0	44	0	0	0	0	0	0	102	0	0	0	0	0	0	0	13	108	51	0	31	0	0	0	0	0	0	0	0	0	0	0	0	0	0	34	0	0	0	34	0	0	0	0	0	0	7	66	0	0	8	0	0	0	0	0	0	0	0	45	0	17	0	0	0	0	60	5	28	0	42	0	0	0	0	0	0	93	0	0	0	84	0	0	41	0	182	0	0	0	67	0	0	64	0	23	43	0	46	0	0	0	0	0	59	0	0	0	46	0	0	0	0	0	0	0	111	0	0	0	27	0	0	46	0	6	0	0	0	0	113	77	0	0	0	0	1	0	0	0	0	7	0	105	44	0	103	0	0	0	67	0	68	58	0	0	44	0	89	0	0	0	67	0	0	0	175	280	98	0	0	0	0	0	0	0	13	0	34	11	182	0	0	129	0	5	112	0	0	0	0	92	126	183	68	0	303	24	43	0	0	0	0	0	0	0	132	88	0	255	43	161	127	3	0	0	89	46	0	27	56	66	110	0	147	254	60	210	0	84	158	28	0	31	82	71	0	0	0	0	0	50	91	113	5	0	177	25	292	0	122	0	59	242	0	97	0	42	0	180	0	0	0	0	25	0	112	0	124	48	106	0	0	55	65	37	0	0	8	0	0	139	0	0	0	34	0	0	55	280	32	61	4	86	0	0	0	0	84	0	23	6	0	159	102	0	37	0	0	0	89	140	0	0	0	0	0	132	0	0	24	57	0	229	0	0	89	17	0	77	187	154	65	108	182	49	117	48	0	9	0	44	274	40	39	95	0	80	284	0	0	8	14	161	81	0	45	12	29	118	95	0	61	0	153	239	51	20	53	0	8	0	62	52	0	88	0	85	69	0	0	261	23	91	107	107	172	0	9	139	72	45	78	0	59	221	39	26	115	215	0	106	83	145	68	86	137	64	0	48	7	0	109	0	0	0	94	0	37	67	6	39	34	135	137	77	9	78	0	1	0	0	0	71	106	43	0	117	16	133	203	83	0	97	127	202	0	0	132	0	119	6	0	0	102	7	77	0	59	195	72	41	34	137	5	81	145	97	0	36	58	14	0	320	120	246	63	0	0	29	22	69	0	46	179	96	30	90	138	84	154	65	105	11	0	0	0	53	93	0	5	100	0	10	279	155	244	53	54	87	75	67	0	57	0	81	97	71	129	23	73	59	46	165	38	25	103	185	49	191	45	74	34	47	61	0	11	55	74	0	31	110	44	90	6	145	199	19	57	10	87	257	30	103	170	177	67	58	0	195	31	54	129	0	15	102	0	66	150	86	181	145	45	205	78	57	39	37	35	78	36	99	0	29	42	78	8	49	63	316	63	47	106	62	32	52	102	18	93	24	138	156	31	142	139	50	61	175	0	55	115	39	61	10	54	304	126	67	103	93	187	36	118	58	21	64	317	50	111	65	27	104	163	58	101	94	198	138	56	111	132	134	152	55	309	88	90	43	10	344	179	43	107	161	0	69	27	209	45	127	78	113	80	195	20	45	38	98	36	106	139	75	194	63	54	52	154	40	9	166	56	14	97
43	0	0	0	0	0	0	0	0	0	0	0	0	0	0	0	0	0	0	0	0	0	0	0	0	0	0	0	0	0	0	0	0	0	0	0	0	0	0	0	0	0	0	0	0	0	0	0	0	0	0	0	0	0	0	0	0	0	0	0	0	0	0	0	0	0	0	0	0	0	0	0	0	0	0	0	0	0	0	0	0	0	0	0	0	0	0	0	0	0	0	0	0	0	0	0	0	0	0	0	0	0	0	0	0	0	0	0	0	0	0	0	0	0	0	0	0	0	0	0	0	0	0	0	0	0	0	0	0	0	0	0	0	0	0	0	0	0	0	0	0	0	0	0	0	0	0	0	0	0	0	0	0	0	0	0	0	0	0	0	0	0	0	0	0	0	0	0	0	0	0	0	0	0	0	0	0	0	0	0	0	0	0	0	0	0	0	0	0	0	0	0	0	0	0	0	0	0	0	0	0	0	0	0	0	0	0	0	0	0	0	0	0	0	0	0	0	0	0	0	0	0	0	0	0	0	0	0	0	0	0	0	0	0	0	0	19	0	0	0	0	0	0	0	0	0	0	0	0	0	0	0	0	0	0	0	0	0	0	0	0	0	0	0	0	73	0	0	0	0	0	0	0	0	0	0	0	0	0	0	0	0	0	0	0	0	0	0	0	0	0	0	0	0	0	0	0	0	0	0	0	0	0	0	0	0	0	0	0	0	0	0	0	0	0	0	0	0	0	0	0	0	219	0	0	0	0	0	0	12	0	0	0	0	0	0	0	0	0	7	0	0	0	0	0	0	0	0	0	6	0	0	0	0	0	0	0	0	0	10	0	0	3	0	0	0	0	0	0	0	0	0	0	0	0	0	0	0	0	0	0	0	0	0	0	0	0	9	16	0	0	0	0	0	0	0	0	0	0	0	0	227	0	0	0	94	0	20	0	0	0	0	0	0	0	0	65	0	0	20	0	0	0	0	0	0	282	0	0	0	0	2	0	12	48	34	120	0	59	0	0	16	0	0	0	0	0	0	0	0	0	0	0	200	0	0	15	0	0	0	0	0	0	0	86	0	0	0	0	0	0	0	0	0	0	0	0	179	0	106	0	0	0	0	43	38	18	14	0	0	0	0	0	0	0	52	0	0	0	18	0	0	73	0	21	0	0	0	51	0	0	6	0	187	96	0	119	0	0	0	0	0	140	0	0	0	148	0	0	0	0	0	0	30	160	0	0	0	53	0	0	4	2	268	0	65	0	0	63	443	0	0	0	0	0	0	0	0	0	8	0	87	131	0	131	0	0	0	26	0	40	90	77	0	30	0	60	0	0	6	250	32	0	34	145	61	179	0	24	0	0	0	0	2	41	0	171	78	81	0	0	28	0	4	46	0	6	0	0	84	83	59	126	0	308	86	74	0	0	0	0	0	0	0	38	145	0	92	103	169	88	5	0	0	57	79	0	263	66	125	46	0	76	93	36	28	0	156	5	92	0	54	96	340	0	0	0	0	0	141	67	215	59	0	26	43	135	22	79	0	85	73	0	193	0	69	0	146	0	0	0	0	54	0	49	0	18	0	84	0	0	44	81	140	0	0	79	0	0	30	0	55	0	71	0	0	50	315	136	12	3	132	0	0	0	0	51	0	102	0	0	101	58	0	21	0	22	0	68	115	0	1	0	0	0	12	0	0	21	69	0	72	0	0	153	33	0	84	25	10	82	24	61	111	145	288	0	198	0	114	68	21	22	121	0	51	116	0	1	0	22	188	117	0	51	136	51	70	123	0	148	0	26	128	25	116	109	0	0	0	0	29	16	72	0	45	172	0	0	81	227	40	67	31	112	0	134	286	73	114	48	0	170	164	44	264	108	31	0	215	112	74	105	143	133	10	0	40	0	0	27	0	0	0	92	16	34	62	98	158	129	58	20	68	26	84	0	0	0	0	0	36	69	14	0	141	73	72	52	100	0	141	26	44	0	3	17	0	178	37	0	0	104	0	74	0	135	88	129	117	6	164	1	63	59	93	4	62	312	34	0	5	150	208	96	0	0	57	109	10	89	157	232	102	210	22	76	313	346	56	72	40	0	0	0	14	129	0	103	38	0	88	49	386	17	97	23	37	128	314	0	60	0	40	70	191	118	66	30	101	60	152	60	62	69	139	70	110	30	87	61	87	122	0	44	99	29	0	182	233	75	170	286	103	128	10	154	80	140	55	169	66	29	207	96	77	0	90	16	104	33	0	203	81	87	75	185	77	139	3	178	54	142	75	127	55	36	49	36	52	0	133	68	130	54	78	113	21	74	141	101	122	79	44	56	24	45	142	44	67	26	55	81	44	102	22	0	153	145	165	115	146	94	136	88	67	53	181	8	184	136	87	123	156	25	228	26	109	203	5	83	33	53	107	147	36	121	24	159	252	61	36	55	56	67	32	67	192	90	152	98	40	0	192	130	16	49	52	184	150	274	289	41	213	145	24	26	53	68	216	238	45	37	149	210	52	105	318	61	136	82
44	0	0	0	0	0	0	0	0	0	0	0	0	0	0	0	0	0	0	0	0	0	0	0	0	0	0	0	0	0	0	0	0	0	0	0	0	0	0	0	0	0	0	0	0	0	0	0	0	0	0	0	0	0	0	0	0	0	0	0	0	0	0	0	0	0	0	0	0	0	0	0	0	0	0	0	0	0	0	0	0	0	0	0	0	0	0	0	0	0	0	0	0	0	0	0	0	0	0	0	0	0	0	0	0	0	0	0	0	0	0	0	0	0	0	0	0	0	0	0	0	0	0	3	0	0	0	12	0	0	0	0	0	0	0	0	0	0	0	0	0	0	0	0	0	0	0	0	0	0	0	0	0	0	0	0	0	0	0	0	0	0	0	0	0	0	0	0	0	0	0	0	0	0	0	0	0	0	0	0	0	0	0	0	0	0	0	0	0	0	0	0	0	0	0	0	0	0	0	0	0	0	0	0	0	0	0	0	0	0	0	0	0	0	0	0	0	0	0	0	0	0	0	0	0	0	0	0	0	0	0	0	0	0	0	0	0	0	0	0	0	0	0	0	0	0	0	0	0	0	0	0	0	0	0	0	0	0	0	0	0	0	0	0	0	33	0	0	0	0	0	0	0	0	0	0	0	0	0	0	0	0	0	0	0	0	0	0	0	0	0	0	0	0	0	0	0	0	0	0	0	0	0	0	0	0	0	0	6	0	0	0	0	0	0	0	0	0	27	0	0	0	2	0	0	0	0	2	0	20	0	0	0	0	0	0	0	11	0	0	13	0	20	0	0	0	0	0	0	0	0	0	0	0	0	0	0	0	0	0	0	0	0	0	0	0	0	0	0	0	0	0	0	0	0	0	0	85	0	0	0	0	0	0	38	0	0	0	44	0	0	0	0	0	0	0	0	0	0	0	0	33	0	0	0	0	0	0	0	0	0	0	0	0	0	0	47	0	0	73	0	0	0	0	0	0	18	0	0	3	0	0	0	0	58	134	75	0	45	0	160	0	0	0	0	0	0	0	0	0	38	0	0	64	0	0	8	0	0	0	0	0	0	0	29	0	0	0	0	0	0	0	0	0	0	0	0	187	0	33	0	0	0	2	19	0	10	0	0	0	0	0	0	0	0	26	0	0	0	24	11	0	155	0	102	0	0	0	46	0	0	0	0	149	75	0	123	0	0	0	0	0	21	0	0	0	3	0	0	0	0	0	8	0	59	0	0	0	59	0	0	3	0	116	0	0	0	0	90	136	36	0	0	0	0	0	0	0	0	0	0	74	0	0	32	0	0	0	31	0	7	27	0	0	274	0	65	0	0	0	207	0	0	0	148	98	38	0	59	5	0	0	6	97	42	0	137	75	202	0	0	83	0	101	97	0	0	0	0	106	69	120	20	0	28	254	113	0	0	0	0	0	0	10	8	43	0	176	20	118	83	5	0	0	30	15	0	20	93	26	2	0	68	244	88	86	0	55	41	28	0	15	156	32	0	0	7	0	19	64	98	38	0	0	71	34	95	0	94	0	83	129	0	29	0	129	0	71	0	0	0	0	44	36	183	0	4	0	47	1	0	143	31	92	0	2	25	0	0	294	0	25	0	34	0	1	79	4	40	180	6	11	0	0	0	0	16	0	132	0	0	55	24	0	41	0	23	0	4	101	0	0	0	2	0	191	0	0	123	18	0	140	0	0	104	105	0	183	46	242	18	132	150	70	40	54	0	23	0	117	70	52	227	34	0	120	100	0	0	0	55	62	71	0	101	92	24	123	260	0	181	0	82	328	317	24	218	0	0	0	0	152	0	64	0	86	192	0	0	180	6	118	116	54	46	0	116	29	44	30	11	0	154	200	76	70	29	86	0	48	22	45	104	55	143	296	0	53	59	0	213	4	0	0	53	0	287	79	118	122	245	31	11	18	134	44	0	0	0	2	0	57	22	80	0	48	189	184	47	243	0	78	108	68	0	0	155	0	91	120	0	0	77	0	191	0	90	143	135	120	27	15	0	411	71	57	0	109	120	26	0	222	68	39	194	0	0	104	4	46	12	76	131	222	199	277	1	185	50	88	147	59	0	0	0	16	58	0	120	49	0	42	31	63	35	106	135	15	337	86	0	83	0	58	32	123	166	47	44	191	43	226	105	49	236	120	22	75	78	72	102	87	152	0	20	70	188	0	131	61	28	10	136	87	23	43	26	182	24	63	30	180	35	60	188	47	0	114	143	129	117	0	158	146	31	112	79	18	9	115	106	19	21	132	217	28	119	151	87	45	0	368	73	71	193	20	38	130	44	155	29	124	42	63	32	157	242	111	257	404	81	119	59	126	71	94	0	7	113	164	238	50	85	59	125	27	128	133	102	14	53	60	64	92	54	100	73	67	213	201	135	119	81	256	102	202	46	66	124	184	59	78	63	126	55	171	241	75	49	105	104	115	0	79	59	75	83	203	35	118	202	4	93	136	58	26	107	31	112	445	125	39	134	77	107	195	41	89	91	25	46
45	0	0	0	0	0	0	0	0	0	0	0	0	0	0	0	0	0	0	0	0	0	0	0	0	0	0	0	0	0	0	0	0	0	0	0	0	0	0	0	0	0	0	0	0	0	0	0	0	0	0	0	0	0	0	0	0	0	0	0	0	0	0	0	0	0	0	0	0	0	0	0	0	0	0	0	0	0	0	0	0	0	0	0	0	0	0	0	0	0	0	0	0	0	0	0	0	0	0	0	0	0	0	0	0	0	0	0	0	0	0	0	0	0	0	0	0	0	0	0	0	0	0	0	0	0	0	0	0	0	0	0	0	0	0	0	0	0	0	0	0	0	0	0	0	0	0	0	0	0	0	0	0	0	0	0	0	0	0	0	0	0	0	0	0	0	0	0	0	0	0	0	0	0	0	0	0	0	0	0	0	0	0	0	0	0	0	0	0	0	0	0	0	0	0	0	0	0	0	0	0	0	0	0	0	0	0	0	0	0	0	0	0	0	0	0	0	0	0	0	0	0	0	36	0	0	0	0	66	0	0	0	0	0	0	0	0	0	0	0	0	0	0	0	0	0	0	0	0	0	0	0	0	0	0	0	0	0	0	0	0	0	0	0	0	0	0	0	0	0	0	0	0	0	0	0	0	0	0	0	0	0	0	0	0	0	0	0	0	0	0	0	0	0	0	0	26	0	0	0	0	0	0	0	0	0	0	0	0	0	0	0	0	0	0	0	0	0	0	0	0	0	28	0	0	0	0	6	0	126	0	0	0	0	0	91	0	0	0	16	3	0	153	0	0	0	0	0	0	0	0	0	0	0	0	0	0	0	0	0	0	0	0	0	0	0	0	0	0	0	24	0	86	0	0	0	0	0	0	0	20	0	0	0	16	0	0	0	113	0	0	0	0	0	0	0	0	0	0	0	0	19	0	0	0	30	0	0	0	0	0	0	0	0	0	0	168	0	0	114	0	0	0	0	0	0	125	0	0	0	0	0	0	0	52	46	49	0	242	0	102	0	0	0	0	0	0	0	0	0	0	0	0	74	0	0	2	0	0	0	0	0	0	0	24	64	0	0	41	0	0	0	0	0	0	0	0	91	0	39	0	0	0	0	261	5	41	0	0	0	0	0	0	0	0	121	0	0	0	0	78	0	42	0	167	0	0	0	87	0	36	35	100	138	0	0	84	58	0	0	0	0	81	0	0	58	192	0	0	0	0	0	0	0	51	0	0	0	108	0	0	152	0	153	0	53	0	0	52	127	30	0	0	0	0	0	0	0	0	49	0	169	144	0	158	0	0	0	140	0	1	162	0	10	28	0	50	0	0	30	79	0	0	5	112	83	31	0	9	6	0	0	0	0	17	0	35	86	224	0	0	23	0	7	65	0	5	0	0	225	56	138	77	0	85	75	148	0	0	0	0	0	0	0	27	44	0	88	25	92	66	0	0	4	22	115	0	2	104	126	27	0	154	60	67	204	0	29	28	42	0	40	149	32	50	0	0	0	0	158	86	125	0	0	20	27	66	1	65	1	11	22	0	306	0	38	0	112	0	0	0	0	118	0	79	0	51	0	37	0	0	28	113	61	0	0	160	0	0	27	0	2	0	275	0	2	72	94	159	7	0	24	0	0	15	0	264	0	143	229	0	189	161	0	150	0	21	0	134	18	0	5	0	0	0	37	0	0	43	21	0	12	0	0	33	105	0	62	118	81	27	82	78	22	132	24	0	20	0	80	52	45	96	53	0	3	129	0	0	0	65	108	86	0	155	214	51	30	73	0	82	0	56	90	48	111	39	0	0	0	0	124	134	38	26	95	19	0	0	185	60	99	39	40	21	0	50	32	16	76	152	0	72	125	244	8	112	50	0	114	93	42	101	137	175	105	0	112	0	0	79	0	0	0	205	0	59	216	49	218	59	105	31	109	71	56	0	0	0	0	0	45	62	99	0	88	327	215	127	15	0	63	225	56	0	0	255	0	54	8	0	0	102	0	132	0	38	130	133	79	50	165	0	105	170	38	0	182	46	113	0	111	58	40	14	0	0	20	56	93	0	274	75	124	66	63	191	135	186	38	94	45	0	0	0	167	85	0	86	88	0	68	53	72	46	292	164	110	277	60	0	18	0	240	116	195	37	27	167	40	115	136	73	34	51	35	87	51	125	14	70	53	161	0	125	100	156	0	65	77	335	88	93	122	202	59	105	48	187	3	41	35	41	49	102	48	0	106	138	25	25	8	103	43	244	28	55	192	69	14	175	96	16	104	37	165	129	83	162	97	0	97	39	195	51	153	175	255	65	126	56	50	24	328	148	50	136	88	134	94	83	112	105	91	61	66	27	99	140	50	141	42	175	143	61	123	50	79	58	116	100	72	103	105	216	196	169	79	3	96	273	140	40	126	54	41	111	89	39	31	60	123	71	43	11	39	158	100	190	119	97	134	0	167	111	21	120	151	66	124	77	87	232	70	230	235	85	112	137	153	208	190	197	60	123	40	10	12	43	25	44
46	0	0	0	0	0	0	0	0	0	0	0	0	0	0	0	0	0	0	0	0	0	0	0	0	0	0	0	39	0	0	0	0	0	0	0	0	0	0	0	0	0	0	0	0	0	0	0	0	0	0	0	0	0	0	0	0	0	0	0	0	0	0	0	0	0	0	0	0	0	0	0	0	0	0	0	0	0	0	0	0	0	0	0	0	0	0	0	0	0	0	0	0	0	0	0	0	0	0	0	0	0	0	0	0	0	0	0	0	0	0	0	0	0	0	0	0	0	0	0	0	0	0	0	0	0	0	0	0	0	0	0	0	0	0	0	0	0	0	0	0	0	0	0	0	0	0	0	0	0	0	0	0	0	0	0	0	2	0	0	0	0	0	0	0	0	0	0	0	0	0	0	0	0	0	0	0	0	0	0	0	0	0	0	0	0	0	0	0	0	0	0	0	0	0	0	0	0	0	0	0	0	0	0	0	0	0	0	0	0	0	0	0	0	0	0	0	0	0	0	0	0	0	0	0	0	0	0	0	0	0	0	0	0	0	0	0	0	0	0	0	0	0	0	0	0	0	0	0	0	0	0	0	0	0	0	0	0	0	0	0	0	0	0	0	120	0	0	0	0	0	0	0	0	0	0	0	0	0	0	8	0	0	0	0	0	0	0	0	0	0	0	0	0	0	0	0	0	0	0	0	31	0	0	0	0	0	0	0	0	0	0	0	0	0	0	0	0	0	0	0	0	73	0	0	0	0	0	0	0	0	0	0	0	0	0	85	0	0	0	3	0	0	0	0	0	0	0	0	1	0	0	0	0	0	0	0	0	0	0	0	0	0	0	0	0	0	0	0	0	0	0	0	0	0	0	0	0	0	0	0	0	0	0	0	0	0	0	3	0	0	0	0	0	0	0	0	0	5	0	0	50	0	18	0	0	0	0	0	0	0	0	0	0	0	0	73	0	0	34	0	0	0	0	0	0	65	0	0	0	0	0	0	15	0	170	113	0	0	0	0	0	0	0	0	0	0	0	0	0	0	0	0	179	0	0	57	0	0	0	0	0	0	0	0	8	0	0	0	0	0	0	0	0	0	0	0	126	0	27	0	0	0	0	2	0	0	0	0	0	0	0	0	0	0	20	0	0	0	0	22	6	89	0	27	0	0	0	151	0	0	73	0	60	7	0	25	0	0	0	0	0	77	0	0	64	2	0	0	0	0	0	0	0	76	0	0	0	0	0	0	10	0	31	0	142	1	0	289	0	0	0	0	0	0	0	0	0	0	0	0	103	0	0	76	0	0	0	136	0	0	10	0	0	14	0	66	0	0	0	161	18	0	0	154	54	185	0	0	0	0	0	0	0	16	0	78	4	114	0	0	13	0	74	111	0	2	0	1	50	118	74	193	0	164	320	200	0	0	0	0	0	0	0	25	49	0	10	16	71	3	0	0	0	116	172	2	7	130	12	15	0	85	43	84	19	0	97	46	76	0	2	46	136	83	0	0	0	0	67	127	97	0	0	101	54	211	0	175	0	84	149	0	124	0	91	0	121	0	0	0	0	171	0	84	0	114	0	202	0	0	80	152	12	0	0	193	0	0	36	1	0	0	80	0	0	59	112	208	123	0	110	0	0	0	0	218	0	42	0	0	7	36	0	106	0	31	0	146	70	0	0	0	0	0	60	0	0	32	0	0	33	0	0	160	92	0	76	114	293	76	97	89	223	61	97	0	59	0	17	59	111	65	139	1	0	3	0	35	0	41	79	20	0	66	58	19	148	48	0	65	0	186	7	127	76	36	0	0	0	0	67	19	214	0	57	109	0	0	182	19	23	92	169	81	0	9	28	67	41	12	0	118	114	107	8	31	93	0	241	63	150	28	192	45	73	0	166	0	0	259	0	0	0	97	0	172	121	198	434	105	189	13	160	205	38	2	0	0	0	0	23	156	77	0	129	37	75	30	73	0	220	88	8	0	0	136	0	204	0	0	0	26	195	117	0	29	95	53	74	156	187	0	24	46	21	0	103	264	151	0	209	148	12	69	0	0	130	72	332	58	90	90	21	33	106	82	127	133	136	17	146	0	0	0	99	170	0	24	39	0	93	235	248	51	60	3	76	117	196	0	11	0	61	216	37	82	49	253	84	114	66	126	41	53	69	44	39	84	24	180	66	48	0	30	124	18	0	57	23	135	375	95	222	80	27	130	37	152	38	75	98	73	116	234	226	0	101	127	5	10	0	20	44	22	58	61	122	49	34	42	32	37	31	55	85	11	153	136	203	0	40	107	127	30	45	45	27	55	189	72	166	4	79	31	149	457	116	6	46	108	24	120	84	123	249	17	101	57	52	57	98	138	11	55	397	96	76	85	48	55	97	35	0	53	59	176	11	42	229	153	25	168	149	62	127	212	12	112	185	38	23	92	59	23	54	78	105	90	85	47	99	0	69	32	48	91	27	32	158	31	86	556	24	42	167	169	122	149	135	17	66	172	131	143	99	54	9	137	43	117
47	0	0	0	0	0	0	0	0	0	0	0	0	0	0	0	0	0	0	0	0	0	0	0	0	0	0	0	0	0	0	0	0	0	0	0	0	0	0	0	0	0	0	0	0	0	0	0	0	0	0	0	0	0	0	0	0	0	0	0	0	0	0	0	0	0	0	0	0	0	0	0	0	0	0	0	0	0	0	0	0	0	0	0	0	0	0	0	0	0	0	0	0	0	0	0	0	0	0	0	0	0	0	0	0	0	0	0	0	0	0	0	0	0	0	0	0	0	0	0	0	0	0	0	0	17	0	0	0	0	0	0	0	0	0	0	0	0	0	0	0	0	0	0	0	0	0	0	0	0	0	0	0	0	0	0	0	0	0	0	0	0	0	0	0	0	0	0	0	0	0	0	0	0	0	0	0	0	0	0	0	0	0	0	0	4	0	0	0	0	0	0	16	0	0	0	0	0	0	0	0	0	0	0	0	0	0	0	0	0	0	0	0	0	0	0	0	0	0	0	0	0	0	0	0	0	0	0	0	0	0	0	0	0	0	0	0	0	0	0	0	0	0	0	0	0	0	0	0	0	0	0	0	0	0	0	0	0	0	0	0	0	0	0	0	0	0	0	0	0	0	0	0	0	0	0	0	0	0	0	0	0	0	0	0	0	0	0	0	0	0	0	0	0	0	0	0	0	0	0	0	0	0	0	0	0	0	0	0	0	0	0	0	0	0	0	9	0	0	0	0	0	10	0	0	0	0	0	0	33	0	0	0	0	0	0	0	0	0	0	15	0	0	0	0	0	0	0	0	0	0	0	0	0	0	0	0	0	0	0	0	0	0	0	0	0	0	0	0	0	0	0	0	0	0	0	0	0	0	0	0	0	0	0	0	0	0	0	119	0	0	0	0	0	0	0	0	56	0	0	0	77	0	0	0	0	0	0	0	0	0	0	0	0	0	0	13	0	0	171	0	0	0	0	0	0	126	0	0	0	0	0	0	0	0	100	69	0	43	0	0	0	0	0	0	0	0	0	0	0	0	0	0	74	34	0	0	0	0	0	0	0	0	0	0	0	0	0	6	11	0	0	0	0	0	0	0	20	0	282	0	0	0	0	64	5	0	0	0	0	0	0	0	0	0	0	0	0	0	8	7	0	186	0	146	0	0	2	154	0	0	187	0	96	0	0	115	0	0	0	12	0	148	0	0	13	31	0	0	0	0	0	0	0	85	0	0	0	91	0	0	0	0	70	0	129	0	0	51	25	0	0	0	0	0	0	0	0	0	52	0	7	22	0	114	0	0	0	99	0	52	29	17	0	76	0	111	0	0	0	91	0	0	2	174	178	0	0	0	0	0	0	0	0	70	0	27	22	129	0	0	26	0	11	27	0	0	0	0	65	36	44	44	0	101	159	110	0	0	0	0	0	0	0	249	77	0	171	78	192	26	0	0	0	0	150	0	139	9	158	36	0	97	0	69	344	0	48	69	143	0	5	70	137	0	0	0	0	16	46	34	85	0	0	31	0	30	0	51	0	47	57	0	66	0	122	0	168	0	0	0	0	54	0	44	0	24	0	95	0	0	140	38	40	0	0	26	0	0	148	0	0	6	78	0	0	10	74	35	10	0	120	0	0	0	0	218	0	119	0	0	77	29	0	119	0	34	0	30	14	0	5	0	0	0	166	0	2	162	37	0	80	0	0	54	55	0	49	137	75	9	84	66	29	120	118	0	210	0	58	10	94	161	21	0	0	192	0	0	0	66	66	50	0	198	61	78	56	165	0	61	0	18	107	20	11	16	0	0	0	0	77	0	141	0	53	12	0	0	221	0	56	80	168	52	0	54	54	220	276	53	0	179	90	176	58	66	32	0	258	60	206	108	154	155	283	0	87	0	0	97	0	2	6	43	0	61	144	94	31	96	39	42	91	95	80	0	0	0	4	0	43	34	43	0	20	183	94	62	10	0	67	149	80	0	0	99	0	153	33	0	0	86	0	69	0	186	71	156	310	167	294	0	50	15	79	0	24	30	137	0	43	34	179	23	0	0	245	195	76	0	36	149	47	129	215	32	31	63	183	34	50	0	0	0	64	75	0	135	92	0	119	17	160	152	113	42	20	85	54	0	78	0	24	54	57	18	19	182	84	153	209	25	27	255	99	21	61	151	29	288	160	50	0	84	96	68	0	4	137	73	103	103	76	78	23	178	126	95	37	62	127	270	409	90	84	0	120	148	56	58	0	2	138	78	50	32	128	53	43	97	79	175	101	114	124	137	20	85	41	0	63	108	132	120	1	381	38	86	243	372	96	18	113	27	120	74	87	59	16	117	67	168	70	72	71	13	8	15	71	416	224	83	41	62	216	68	76	161	81	206	56	102	173	34	68	69	90	50	21	22	94	106	89	14	80	268	75	140	55	120	53	73	45	91	73	241	21	37	17	66	32	0	128	69	181	188	136	297	47	10	21	201	153	159	36	145	133	82	109	95	62	9	39	77	244	133	135	29	99	60
48	0	0	0	0	0	0	0	0	0	0	0	0	0	0	0	0	0	0	0	0	0	0	0	0	0	0	0	0	0	0	0	0	0	0	0	0	0	0	0	0	0	0	0	0	0	0	0	0	0	0	0	0	0	0	0	0	0	0	0	0	0	0	0	0	0	0	0	0	0	0	0	0	0	0	0	0	0	0	0	0	0	0	0	0	0	0	0	0	0	0	0	0	0	0	0	0	0	0	0	0	0	0	0	0	0	0	0	0	0	0	0	0	0	0	0	0	0	0	0	0	0	0	0	0	0	0	0	0	0	0	0	0	0	0	0	0	0	0	0	0	0	0	0	0	0	0	0	0	0	0	0	0	0	0	0	0	0	0	0	0	0	0	0	0	0	0	0	0	0	0	0	0	0	0	0	0	0	0	0	0	0	0	0	0	0	0	0	0	0	0	0	0	0	0	0	0	0	0	0	0	0	0	0	0	0	0	0	0	0	0	0	0	0	0	0	0	0	0	0	0	0	0	0	0	0	0	0	0	0	0	0	0	0	0	0	0	0	0	0	0	0	0	0	0	0	0	0	0	0	0	0	0	0	0	0	0	0	0	0	0	0	0	0	0	31	0	0	0	0	0	0	0	0	0	0	0	0	0	0	0	0	0	0	0	0	0	0	2	0	0	0	0	0	0	0	68	0	0	0	0	0	0	0	0	0	0	0	3	0	0	0	0	0	0	0	41	0	0	0	0	0	35	0	0	0	0	0	7	19	0	0	0	0	0	0	0	0	0	0	40	0	0	0	1	0	1	0	125	0	0	0	0	0	0	0	0	0	0	0	0	0	0	0	0	0	0	0	0	0	0	0	0	0	0	0	0	28	0	0	0	0	0	0	99	0	0	42	0	0	0	0	0	0	0	0	0	6	0	0	0	72	0	0	0	136	0	0	0	0	0	0	0	0	0	0	123	0	0	27	0	0	0	0	0	0	122	0	0	0	0	0	0	0	0	66	83	1	179	0	2	0	0	0	0	0	0	0	0	0	0	0	0	108	0	0	0	0	0	0	0	0	0	0	0	47	0	0	0	0	0	0	0	0	0	0	0	51	0	31	0	0	0	0	10	12	144	0	8	0	0	0	0	0	0	110	0	0	0	19	49	0	62	0	132	0	0	0	80	0	0	25	0	62	3	0	33	0	0	0	0	0	139	0	0	10	1	0	0	0	0	0	0	0	78	0	0	0	155	0	0	55	0	145	0	20	0	0	93	87	0	0	0	0	0	0	0	0	0	1	47	52	0	0	153	0	0	0	99	0	20	101	111	0	132	0	71	0	0	164	4	1	0	17	193	90	49	0	100	0	0	0	0	10	72	0	163	251	354	0	16	81	0	56	77	0	0	0	0	284	137	71	548	3	66	129	64	0	0	0	0	0	0	0	190	54	0	55	228	87	65	8	0	0	122	181	0	225	138	52	19	0	344	60	50	160	0	62	112	59	0	74	40	155	0	0	44	0	0	117	159	25	0	0	47	34	107	0	85	0	38	116	0	78	0	25	0	100	0	0	0	0	180	0	3	0	8	0	68	0	0	142	45	95	0	0	20	0	0	65	55	4	0	16	0	0	76	152	47	89	0	142	0	1	0	0	52	0	121	28	0	13	141	0	62	0	160	0	104	147	0	13	0	0	0	92	0	2	99	147	0	142	7	0	144	11	0	196	22	4	64	134	68	81	68	32	1	110	0	210	35	34	26	230	0	25	83	21	0	0	93	119	82	0	141	144	57	11	23	0	83	0	194	108	119	84	118	5	0	0	0	309	0	46	0	154	44	0	0	138	57	162	18	317	124	0	201	47	52	245	69	0	149	247	11	24	31	57	0	215	131	69	136	53	83	161	0	23	0	0	140	13	0	17	108	0	113	73	97	75	150	30	82	55	43	72	0	0	0	0	0	114	49	246	0	170	151	225	53	33	0	388	120	95	7	77	60	0	8	70	0	0	304	0	139	0	59	93	83	239	86	22	0	163	51	165	10	59	3	191	0	26	36	152	140	0	0	125	87	109	27	96	192	34	299	134	67	174	43	193	150	281	0	0	0	91	255	0	77	172	0	140	135	326	83	33	119	70	26	0	0	240	0	100	69	82	206	54	115	308	235	28	10	73	23	83	42	60	128	188	257	112	92	0	174	85	173	0	58	100	149	61	63	13	55	26	259	93	134	81	142	18	67	88	32	59	0	153	27	22	115	0	39	70	9	87	36	88	73	99	26	73	80	287	171	44	76	53	158	50	0	116	41	201	186	46	62	92	25	432	33	264	108	38	156	44	230	39	173	53	76	139	82	80	78	93	0	235	41	9	49	32	177	3	37	70	4	61	104	92	165	143	77	116	48	104	180	95	55	69	147	93	154	113	137	31	133	68	56	128	170	128	47	100	70	39	29	87	65	117	44	104	0	58	78	69	47	84	135	108	67	9	118	98	84	23	256	88	61	108	123	76	28	95	132	24	99	44	15	512	47
49	0	0	0	0	0	0	0	0	0	0	0	0	0	0	0	0	0	0	0	0	0	0	0	0	0	0	0	0	0	0	0	0	0	0	0	0	0	0	0	0	0	0	0	0	0	0	0	0	0	0	0	0	0	0	0	0	0	0	0	0	0	0	0	0	0	0	0	0	0	0	0	0	0	0	0	0	0	0	0	0	0	0	0	0	0	0	0	0	0	0	0	0	0	0	0	0	0	0	0	0	0	0	0	0	0	0	0	0	0	0	0	0	0	0	0	0	0	0	0	0	0	0	0	0	0	0	0	0	0	0	0	0	0	0	0	0	0	0	0	0	0	0	0	0	0	0	0	0	0	0	0	0	0	0	0	0	0	0	0	0	0	0	0	0	0	0	0	0	0	0	0	0	0	0	0	0	0	0	0	0	0	0	0	0	0	0	0	0	0	0	0	0	0	0	0	0	0	0	0	0	0	0	0	0	0	0	0	0	0	0	0	0	0	0	0	0	0	0	0	0	0	0	0	0	0	0	0	50	0	0	0	0	0	0	0	0	0	0	0	0	0	0	0	0	0	0	0	0	0	0	0	0	0	0	0	0	0	0	0	0	0	0	0	0	0	0	0	0	0	0	0	0	0	0	0	0	0	0	0	0	0	0	0	0	0	0	0	0	0	0	0	0	0	0	0	0	0	0	0	0	0	0	0	0	0	0	0	7	0	0	0	0	0	0	0	0	0	0	0	0	0	51	0	0	0	0	5	0	75	0	0	0	0	0	0	0	0	0	1	122	0	0	0	0	0	0	0	0	0	2	0	0	0	0	0	0	0	0	0	0	7	0	0	0	0	0	0	0	0	0	0	0	0	0	0	0	0	0	0	0	0	0	0	0	0	0	0	2	0	0	0	0	0	0	0	0	0	0	0	0	19	0	35	0	0	0	0	0	0	0	0	0	0	0	0	172	0	0	185	0	0	0	0	0	0	16	0	0	1	0	0	0	0	4	106	196	0	60	0	42	0	0	0	0	0	0	0	0	0	0	0	0	24	0	0	151	0	0	0	0	0	0	0	3	0	0	0	0	0	0	0	0	0	0	0	0	5	0	41	0	0	0	0	90	36	125	103	0	0	0	0	0	0	0	142	0	0	0	0	51	0	187	0	113	0	0	0	135	0	0	82	0	83	0	0	103	0	0	0	0	0	39	0	0	5	9	11	0	0	0	0	0	0	28	0	0	0	25	0	0	32	0	422	0	74	0	0	110	135	0	0	0	0	0	0	0	0	0	0	0	22	0	0	44	0	0	0	27	0	5	45	0	0	119	0	152	0	0	0	143	1	0	0	161	44	66	0	43	17	0	0	0	48	0	0	175	131	97	0	0	20	0	49	131	0	0	0	0	40	56	102	160	0	15	165	63	0	0	0	0	48	0	0	38	152	0	25	17	66	30	0	0	0	148	70	0	8	27	220	13	0	67	37	179	8	0	77	128	87	0	1	138	136	0	0	0	0	0	110	83	38	67	0	11	64	77	0	89	0	83	9	0	67	0	34	0	39	0	0	0	0	89	0	38	0	21	0	113	0	0	42	97	23	0	0	24	0	0	32	0	0	0	85	0	0	167	222	42	9	0	160	0	0	0	0	83	0	147	4	0	49	155	0	47	0	0	0	186	17	0	0	6	0	0	44	0	0	46	0	0	43	0	0	206	60	0	120	59	157	164	127	23	2	16	100	0	41	0	36	85	86	44	93	0	36	180	0	0	0	130	35	42	0	193	109	111	282	54	0	328	0	68	79	163	0	227	0	0	0	0	139	0	83	0	50	75	0	0	217	34	5	111	50	31	0	48	22	217	113	28	0	70	60	176	124	134	195	0	167	157	38	167	130	266	131	0	45	0	0	69	0	0	0	49	0	77	24	13	53	18	32	5	116	36	170	0	1	0	1	0	5	149	71	0	45	111	50	87	251	0	1	60	150	0	0	61	6	34	111	0	0	25	0	276	0	47	40	216	94	120	95	0	78	45	136	0	211	202	238	0	15	64	200	112	0	0	65	39	68	0	73	99	122	17	26	74	125	171	158	17	37	0	0	0	47	42	0	39	51	0	37	40	223	28	145	47	203	108	153	0	68	0	118	75	327	154	222	109	224	55	48	114	42	172	67	243	48	75	208	30	121	72	0	251	15	44	17	119	122	95	18	38	88	64	84	171	46	35	40	17	122	203	61	124	21	0	110	60	113	64	0	56	62	56	33	200	111	88	53	180	168	11	80	114	145	123	84	82	56	0	139	69	83	93	168	8	135	168	4	35	184	126	50	53	68	29	16	178	131	108	13	25	115	227	121	4	75	111	58	119	49	48	35	44	84	12	135	180	186	88	14	109	51	139	55	124	77	79	279	265	97	18	17	37	102	233	78	182	75	136	107	94	26	217	3	21	277	54	122	19	47	0	105	227	104	24	86	48	63	47	55	79	49	88	25	115	124	135	56	148	70	123	188	104	152	62	189	24	67	205
50	0	0	0	0	0	0	0	0	0	0	0	0	0	0	0	0	0	0	0	0	0	0	0	0	0	0	0	0	0	0	0	0	0	0	0	0	0	0	0	0	0	0	0	0	0	0	0	0	0	0	0	0	0	0	0	0	0	0	0	0	0	0	0	0	0	0	0	0	0	0	0	0	0	0	0	0	0	0	0	0	0	0	0	0	0	0	0	0	0	0	0	0	0	0	0	0	0	0	0	0	0	0	0	0	0	0	0	0	0	0	0	0	0	0	0	0	0	0	0	0	0	0	0	0	0	0	0	0	0	0	0	0	0	0	0	0	0	0	0	0	0	0	0	0	0	0	0	0	0	0	0	0	0	0	0	0	0	0	0	0	0	0	0	0	0	0	0	0	0	0	0	0	0	0	0	0	0	0	0	0	0	0	0	0	0	0	0	0	0	0	0	0	0	0	0	0	0	0	0	0	0	0	0	0	0	0	0	0	0	0	0	0	0	0	0	0	0	0	0	0	0	10	0	0	0	15	0	0	0	0	0	0	0	0	0	0	0	0	0	0	0	0	0	0	0	0	0	0	0	0	0	0	0	0	0	0	0	0	0	0	0	0	0	0	51	0	0	0	0	0	0	0	0	0	0	0	0	0	0	0	0	0	0	0	0	0	0	0	0	0	0	0	0	0	0	0	0	0	0	0	0	0	0	0	0	0	0	0	0	0	3	0	0	0	0	0	0	0	0	0	0	0	0	0	0	0	0	0	12	0	0	0	0	0	0	0	0	0	0	0	0	0	0	0	0	0	0	0	0	0	0	0	0	0	0	0	0	0	0	0	0	0	0	0	0	0	0	0	0	0	0	0	0	0	0	0	0	0	0	0	0	0	0	28	0	0	0	5	0	0	0	0	0	0	0	0	0	0	0	0	0	0	0	0	0	0	0	0	0	0	0	0	0	0	0	192	0	0	78	0	0	0	0	0	0	3	0	0	0	0	0	12	0	0	41	36	0	0	0	0	0	0	0	0	0	16	0	0	0	0	0	0	1	0	0	0	0	0	0	0	0	0	0	0	0	0	0	0	0	0	0	0	0	0	0	0	10	0	7	0	0	0	0	3	0	0	0	0	0	0	0	0	0	0	7	0	0	0	0	0	0	3	0	18	0	0	0	40	0	0	0	0	34	13	0	65	0	0	0	0	0	1	0	0	3	0	0	0	0	0	3	0	0	129	0	0	0	1	0	0	2	0	92	0	1	0	0	134	0	0	0	0	0	0	0	0	0	0	0	0	8	0	0	29	0	0	0	12	0	0	45	0	0	3	0	33	0	0	0	36	0	0	0	3	54	0	0	0	0	0	0	0	44	5	0	9	0	83	0	0	54	0	0	5	0	0	0	0	0	47	1	58	0	13	90	21	0	0	0	0	0	0	0	25	91	0	0	4	131	33	0	0	0	3	0	0	0	187	0	0	0	0	29	29	4	0	15	1	8	0	0	40	70	0	0	0	0	10	59	26	14	0	0	42	0	12	0	42	0	17	28	0	129	0	0	0	16	0	0	0	18	1	0	22	0	0	0	15	0	0	116	6	0	0	0	74	0	0	75	0	0	0	14	0	0	19	60	16	34	0	7	0	0	0	0	56	0	18	1	0	0	0	0	16	0	0	0	46	4	0	0	0	0	0	258	0	0	38	0	0	29	0	0	9	49	0	0	59	21	91	30	103	50	6	11	0	37	0	2	108	127	87	10	0	12	154	0	0	0	9	7	0	0	50	62	20	0	2	0	64	0	4	202	15	0	160	0	0	0	0	1	0	18	0	44	118	0	0	49	0	51	4	0	91	0	45	23	64	14	239	0	35	113	28	32	61	37	0	43	50	4	61	0	14	8	0	15	0	0	94	0	0	0	0	0	0	11	0	17	15	8	59	38	112	61	0	0	0	0	0	1	34	19	0	0	92	63	52	86	1	32	22	6	0	0	42	0	70	0	0	0	30	17	195	0	65	9	0	0	6	0	0	43	37	52	0	184	49	1	0	7	34	20	27	0	0	28	39	67	0	94	9	158	29	0	64	8	73	28	14	89	0	0	0	49	80	0	20	124	0	2	7	48	140	35	0	6	97	23	0	13	0	67	19	31	9	44	12	13	50	24	50	40	104	0	0	17	92	16	24	19	37	0	130	40	6	0	0	22	45	46	10	149	92	0	55	5	0	69	9	83	37	23	29	43	0	116	27	167	3	0	195	54	0	4	136	24	16	4	20	24	151	0	14	48	7	22	25	2	0	3	38	6	51	12	52	13	79	25	0	24	1	24	11	58	44	19	69	19	118	54	25	33	109	88	0	16	32	12	20	1	38	65	67	6	21	141	12	25	17	3	1	1	285	17	2	27	32	26	21	11	27	3	21	26	33	94	24	79	127	70	15	121	74	56	117	5	61	40	8	158	0	31	43	47	5	7	34	199	108	89	4	91	6	44	8	180	0	123	1	3	198	80	107	66	75	113	46	0	13
51	0	0	0	0	0	0	0	0	0	0	0	0	0	0	0	0	0	0	0	0	0	0	0	0	0	0	0	0	0	0	0	0	0	0	0	0	0	0	0	0	0	0	0	0	0	0	0	0	0	0	0	0	0	0	0	0	0	0	0	0	0	0	0	0	0	0	0	0	0	0	0	0	0	0	0	0	0	0	0	0	0	0	0	0	0	0	0	0	0	0	0	0	0	0	0	0	0	0	0	0	0	0	0	0	0	0	0	0	0	0	0	0	0	0	0	0	0	0	0	0	0	0	0	0	0	0	0	0	0	0	0	0	0	0	0	0	0	0	0	0	0	0	0	0	0	0	0	0	0	0	0	0	0	0	0	0	0	0	0	0	0	0	0	0	0	0	0	0	0	0	0	0	0	0	0	0	0	0	0	0	0	0	0	0	0	0	0	0	0	0	0	0	0	0	0	0	0	0	0	0	0	0	0	0	0	0	0	0	0	0	0	0	0	0	0	0	0	0	0	0	0	0	0	0	0	0	0	0	0	0	0	0	0	0	0	0	0	0	0	0	0	0	0	0	0	0	0	0	0	0	0	0	0	0	0	0	0	0	0	0	0	0	0	0	0	0	0	0	0	0	0	0	0	0	0	0	0	0	0	0	0	0	0	0	0	0	0	0	0	0	0	0	0	0	0	0	0	0	0	0	0	0	0	0	0	0	0	0	0	0	0	0	0	0	0	0	0	0	0	0	0	0	0	0	0	0	0	40	59	0	0	0	0	0	0	0	0	0	0	0	0	0	0	31	0	0	0	0	0	55	0	1	0	0	0	0	0	0	0	0	0	0	0	0	0	0	0	0	0	0	0	0	0	0	0	0	0	0	0	0	0	0	0	0	0	0	0	8	0	0	0	0	0	0	0	0	0	0	13	0	49	0	0	0	0	0	0	0	0	0	0	0	0	0	0	116	0	0	58	0	0	0	0	0	0	0	0	0	0	0	0	0	0	71	83	33	0	3	0	0	0	0	0	0	0	133	0	0	0	0	0	0	2	0	0	0	0	0	0	0	0	0	8	25	0	0	0	0	0	0	0	0	0	0	0	0	63	0	15	0	0	0	0	0	1	0	0	0	0	0	0	0	0	0	15	0	0	0	0	0	0	4	0	81	0	0	0	149	0	0	0	0	9	0	0	166	0	0	0	0	0	0	0	0	0	53	0	0	0	0	0	0	0	0	0	0	0	0	0	0	0	0	18	0	3	0	0	214	0	0	0	0	0	0	0	0	0	0	258	0	57	0	0	111	0	0	0	30	0	0	97	0	0	42	0	23	0	0	0	12	0	0	0	64	115	25	0	0	0	0	0	0	36	6	0	0	0	119	0	0	18	9	12	96	0	0	0	0	0	74	5	87	0	0	129	49	0	0	0	0	0	0	0	22	32	0	3	0	113	78	0	0	0	24	0	0	32	34	1	0	0	0	4	159	1	0	2	176	70	0	1	0	94	0	0	0	0	0	0	12	28	43	0	1	0	178	0	28	0	0	72	0	117	0	20	0	7	0	0	0	0	17	0	61	0	3	0	24	0	0	47	14	0	0	0	180	0	0	20	0	0	0	39	0	0	1	174	11	0	0	53	0	0	0	0	58	0	209	0	0	18	7	0	16	0	50	0	75	282	0	0	0	0	0	129	0	0	177	0	0	18	0	0	45	101	0	10	0	0	22	388	229	124	6	52	0	204	0	97	129	155	170	69	0	0	141	0	0	0	3	0	38	0	394	54	141	42	0	0	61	0	31	150	1	28	39	0	0	0	0	106	0	90	0	18	97	0	0	106	13	6	56	11	128	0	0	0	79	46	87	0	10	57	0	102	63	3	0	33	87	152	75	0	68	84	0	65	0	0	77	25	0	0	6	0	3	96	125	24	172	118	4	2	41	26	0	0	0	0	0	53	80	73	0	3	70	93	31	48	0	136	77	25	0	68	39	0	83	29	0	0	24	0	134	0	341	141	0	0	3	1	0	48	178	66	0	10	185	45	0	63	28	0	9	0	0	29	5	22	0	100	71	161	53	1	76	316	271	107	13	112	0	0	0	71	24	0	70	48	0	71	0	30	60	0	0	209	156	35	0	5	0	21	16	232	174	4	98	103	47	137	72	17	300	58	54	0	267	37	8	35	21	0	38	77	7	0	81	5	9	159	39	85	93	84	170	86	79	41	77	208	78	37	75	107	0	86	130	114	62	0	67	166	0	74	127	189	4	128	115	56	25	14	63	66	125	16	92	60	0	87	48	21	102	33	88	1	57	67	214	94	12	123	106	112	70	61	34	38	102	74	96	49	9	30	27	148	108	79	152	224	143	83	121	60	183	84	63	56	101	138	39	0	116	159	230	143	35	58	37	188	3	27	59	76	0	77	1	104	137	148	31	6	231	142	39	57	75	27	200	102	0	112	52	68	52	277	89	76	69	68	32	96	66	187	179	56	10	222	249	132	7	161	79	206	43	99	21	142	65
52	0	0	0	0	0	0	0	0	0	0	0	0	0	0	0	0	0	0	0	0	0	0	0	0	0	0	0	0	0	0	0	0	0	0	0	0	0	0	0	0	0	0	0	0	0	0	0	0	0	0	0	0	0	0	0	0	0	0	0	0	0	0	0	0	0	0	0	0	0	0	0	0	0	0	0	0	0	0	0	0	0	0	0	0	0	0	0	0	0	0	0	0	0	0	0	0	0	0	0	0	0	0	0	0	0	0	0	0	0	0	0	0	0	0	0	0	0	0	0	0	0	0	0	0	0	0	0	0	0	0	0	0	0	0	0	0	0	0	0	0	0	0	0	0	0	0	0	0	0	0	0	0	0	0	0	0	0	0	0	0	0	0	0	0	0	0	0	0	0	0	0	0	0	0	0	0	0	0	0	0	0	0	0	0	0	0	0	0	0	0	0	22	0	0	0	0	0	0	0	0	0	0	0	0	0	0	0	0	0	0	0	0	0	0	0	0	0	0	0	0	0	0	0	0	0	0	0	0	0	0	0	0	0	0	0	0	0	0	0	0	3	0	0	0	0	0	0	0	0	0	0	0	0	0	0	0	0	0	0	0	0	0	0	0	0	0	0	0	0	0	0	0	0	0	0	0	0	0	0	0	0	0	0	0	0	0	0	0	0	0	0	0	0	0	0	0	0	0	0	0	0	0	0	0	0	0	0	2	0	0	0	0	0	0	0	0	0	0	0	0	0	0	0	0	0	12	0	2	40	0	0	0	0	0	0	0	0	0	0	0	0	0	0	0	0	0	0	0	0	0	0	0	0	0	0	0	0	0	0	0	0	0	0	0	0	0	0	0	0	0	0	0	0	0	0	0	0	0	0	0	0	0	0	0	0	0	0	48	0	0	0	0	0	0	0	0	0	0	0	0	60	0	0	0	18	0	0	0	0	0	0	0	0	0	0	62	0	0	21	0	0	0	0	0	0	161	0	0	0	0	0	0	0	29	66	68	0	2	0	0	0	0	0	0	0	0	0	0	0	0	0	0	6	0	0	3	0	0	0	0	0	0	0	13	0	0	4	0	0	0	0	0	0	0	0	0	50	0	19	0	0	0	0	22	0	0	0	0	0	0	0	0	0	13	43	0	0	0	15	23	0	82	0	89	0	0	0	43	0	0	15	0	16	0	0	32	0	0	0	0	0	0	0	0	0	0	0	0	0	0	1	1	0	21	0	0	0	19	0	0	0	0	135	0	63	8	1	133	0	0	21	0	0	0	0	0	0	0	19	0	15	0	0	54	0	0	0	30	0	65	24	0	0	1	0	139	0	0	45	0	0	0	0	184	58	15	0	7	0	0	0	0	0	0	0	0	7	71	0	0	130	0	0	93	0	0	0	0	0	73	0	151	0	12	127	180	0	0	0	0	0	0	0	39	175	0	147	1	94	143	0	0	0	1	0	0	0	65	0	0	0	0	144	166	0	0	2	85	186	0	0	0	145	0	0	0	0	0	42	96	28	0	0	24	11	32	0	0	0	0	2	0	88	0	0	0	0	0	0	0	0	0	0	9	0	71	0	50	0	0	43	19	0	0	0	27	0	0	32	0	0	0	15	0	0	0	14	3	1	1	38	0	0	0	0	62	4	96	2	2	59	84	0	17	0	0	0	85	3	0	0	0	0	0	111	0	0	105	0	0	0	0	0	36	45	0	29	14	0	51	50	156	6	1	20	0	16	0	60	94	38	36	11	0	0	198	0	0	0	4	0	0	0	53	36	122	25	0	0	98	0	6	92	0	51	0	0	0	0	0	114	0	59	0	44	66	0	0	38	30	103	31	83	1	0	6	90	227	57	0	0	56	3	46	68	126	27	0	64	122	34	75	0	67	144	0	134	0	0	165	0	0	0	1	0	1	155	81	0	100	20	0	6	2	30	0	9	0	0	0	49	55	241	0	8	109	25	51	72	0	97	145	59	0	0	104	0	54	39	0	0	1	0	17	0	88	48	0	0	105	38	0	156	31	123	0	10	56	27	0	61	114	0	200	0	0	27	2	63	0	55	54	35	109	0	39	76	164	60	1	41	0	0	0	331	24	0	101	231	0	114	22	36	52	0	2	83	92	0	0	2	0	85	302	6	39	170	19	18	245	26	107	90	30	118	144	1	63	125	86	5	68	0	69	87	0	0	87	7	20	50	51	87	157	126	108	42	112	294	72	75	57	47	177	45	0	40	79	14	45	0	325	40	0	25	213	48	71	0	23	185	98	132	141	20	123	112	14	20	0	83	82	172	226	317	89	12	126	146	103	129	24	187	72	55	96	145	17	103	30	12	110	55	42	162	0	55	25	56	26	87	49	150	62	225	69	71	146	37	43	70	461	0	92	126	112	135	2	289	24	146	0	229	119	70	2	43	0	38	164	54	109	0	128	23	75	24	73	215	164	286	0	79	89	30	209	177	127	198	43	79	88	134	168	23	72	172	6	68	34	149	22	118	117	38	163	116	18	170	18
53	0	0	0	0	0	0	0	0	0	0	0	0	0	0	0	0	0	0	0	0	0	0	0	0	0	0	0	0	0	0	0	0	0	0	0	0	0	0	0	0	0	0	0	0	0	0	0	0	0	0	0	0	0	0	39	0	0	0	0	0	0	0	0	0	0	0	0	0	0	0	0	0	0	0	0	0	0	0	0	0	0	0	0	0	0	0	0	0	0	0	0	0	0	0	0	0	0	0	0	0	0	0	0	0	0	0	0	0	0	0	0	0	0	0	0	0	0	0	0	0	0	0	0	0	0	0	0	0	0	0	0	0	0	0	0	0	0	0	0	0	0	0	0	0	0	0	0	0	0	0	0	0	0	0	0	0	0	0	0	0	0	0	0	0	0	0	0	0	0	0	0	0	0	0	0	0	0	0	0	0	0	0	0	0	0	0	0	0	0	0	1	0	0	0	0	0	0	0	0	0	0	0	0	0	0	0	0	0	0	0	0	0	0	0	0	0	0	0	0	0	0	0	0	0	0	0	0	0	0	0	0	0	0	0	0	0	0	0	0	0	0	0	0	0	0	0	0	0	0	0	0	0	0	0	0	0	0	0	0	0	0	0	0	0	0	0	0	0	0	0	0	0	0	0	0	0	0	0	0	0	0	0	0	0	0	0	0	0	0	0	0	0	0	0	0	0	0	0	0	0	0	0	0	0	0	0	0	0	0	0	0	0	0	0	0	0	0	0	0	0	0	0	0	0	0	0	0	0	0	0	0	0	0	0	0	0	0	0	0	0	0	0	0	0	0	0	0	0	0	0	0	0	0	0	0	0	0	0	0	0	0	0	0	0	0	0	0	0	0	0	0	0	0	0	0	0	0	0	0	0	0	0	0	0	0	0	0	0	0	0	0	0	0	0	0	0	0	0	0	0	0	0	0	0	0	0	0	0	0	0	0	0	0	0	0	0	0	0	21	0	0	0	0	0	0	0	0	0	0	0	0	0	0	0	0	0	0	0	0	0	0	0	0	0	0	0	0	0	0	0	0	0	0	0	0	0	0	0	0	0	0	0	0	0	0	0	0	0	0	0	0	0	0	0	0	0	3	0	0	0	0	0	0	0	0	0	0	0	0	0	0	0	0	0	0	0	0	0	0	0	0	0	0	0	0	0	0	67	0	0	0	54	0	0	0	0	0	0	0	0	0	0	0	0	0	0	0	0	0	0	0	0	0	0	0	0	0	0	0	0	0	0	0	0	0	0	0	127	0	0	0	0	0	0	0	0	0	0	0	0	0	0	0	5	0	0	0	7	0	0	0	0	0	0	0	16	0	0	0	0	0	0	0	0	0	0	0	0	0	0	0	0	0	0	0	0	0	48	0	0	0	0	0	46	0	0	0	0	0	4	0	115	0	0	0	3	0	0	0	0	0	0	0	0	40	0	0	0	0	67	0	0	0	0	0	0	0	0	0	0	0	0	0	0	0	0	0	85	63	0	0	0	91	0	0	0	0	0	0	0	0	0	0	0	0	0	0	0	0	0	0	0	46	0	0	0	0	0	0	0	0	0	0	0	0	0	0	0	0	0	45	0	0	0	0	0	0	0	7	0	0	0	0	0	0	0	43	0	0	0	0	0	0	0	0	0	0	83	0	0	0	127	0	0	0	0	0	38	0	0	0	0	0	0	150	0	0	136	0	0	0	0	0	0	0	0	2	0	0	118	24	132	0	0	0	0	0	0	0	40	246	70	0	0	0	0	0	0	0	0	0	0	0	87	10	222	0	0	0	81	0	0	0	0	0	0	0	0	0	0	37	0	0	0	164	0	0	0	0	0	0	43	0	75	0	0	0	77	240	0	0	67	0	0	68	0	0	0	62	122	149	0	0	156	208	0	0	0	0	0	65	0	0	0	0	0	64	0	0	151	0	0	0	0	0	0	0	0	0	0	0	49	139	0	0	78	0	3	0	0	44	11	0	0	0	75	0	250	0	0	0	0	0	6	0	170	23	0	0	193	0	0	58	36	100	0	0	42	54	0	0	57	0	0	0	0	0	0	175	0	10	105	142	65	0	184	106	28	12	2	136	0	0	0	69	53	0	245	0	0	28	0	0	33	0	0	60	13	0	0	0	0	105	212	182	25	45	74	145	55	121	78	155	36	188	379	0	175	0	0	0	65	0	47	48	0	0	36	0	0	23	37	59	47	42	76	256	177	44	135	52	91	118	51	22	0	126	125	51	184	0	0	121	0	65	169	148	0	0	2	158	101	142	118	189	25	73	131	138	0	69	9	46	79	276	28	75	125	143	66	36	38	0	217	36	115	67	0	0	65	108	118	48	99	28	0	48	108	72	94	30	64	281	65	139	136	44	123	119	64	46	32	0	123	0	59	112	164	98	133	104	0	23	79	125	0	0	0	200	36	127	116	0	10	7	249	99	142	81	110	32	0	59	115	0	45	54	20	48	250	148	62	55	50	178	61	0	0	20	0	290	0	0	80	355	224	16	68	239	61
54	0	0	0	0	0	0	0	0	0	0	0	0	0	0	0	0	0	0	0	0	0	0	0	0	0	0	0	0	0	0	0	0	0	0	0	0	0	0	0	0	0	0	0	0	0	0	0	0	0	0	0	0	0	0	0	0	0	0	0	0	0	0	0	0	0	0	0	0	0	0	0	0	0	0	0	0	0	0	0	0	0	0	0	0	0	0	0	0	0	0	0	0	0	0	0	0	0	0	0	0	0	0	0	0	0	0	0	0	0	0	0	0	0	0	0	0	0	0	0	0	0	0	0	0	0	0	0	0	0	0	0	0	0	0	0	0	0	0	0	0	0	0	0	0	0	0	0	0	0	0	0	0	0	0	0	0	0	0	0	0	0	0	0	0	0	0	0	0	0	0	0	0	0	0	0	0	0	0	0	0	0	0	0	0	0	0	0	0	0	0	0	0	0	0	0	0	0	0	0	0	0	0	0	0	0	0	0	0	0	0	0	0	0	0	0	0	0	0	0	0	0	0	0	0	0	0	0	0	0	0	0	0	0	0	0	0	0	0	0	0	0	0	0	0	0	0	0	0	0	0	0	0	0	0	0	0	0	0	0	0	0	0	0	0	0	0	0	0	0	0	0	0	0	0	0	0	0	0	0	0	0	0	0	0	0	0	0	0	0	0	0	0	0	0	0	0	0	0	0	0	0	0	0	0	0	0	0	0	0	0	0	0	0	0	0	0	0	0	0	0	0	0	0	0	0	0	0	0	0	0	0	0	0	0	0	0	0	0	0	0	0	0	0	0	0	0	0	0	0	0	0	0	0	0	0	0	0	0	0	0	0	0	0	0	0	0	0	0	0	0	0	0	0	0	0	0	0	0	0	0	0	0	0	0	0	0	0	0	0	0	0	0	0	0	0	0	0	0	0	0	0	0	0	0	0	0	0	0	0	0	0	0	0	0	0	0	0	0	8	0	0	0	0	0	0	0	0	0	0	0	0	0	0	0	0	0	0	0	0	0	0	0	0	0	0	0	0	0	0	0	0	0	0	0	0	0	0	0	0	0	0	0	0	0	0	0	0	0	0	0	0	0	0	0	0	0	0	0	0	0	0	0	0	0	0	0	0	0	0	0	0	0	0	0	0	0	0	0	0	0	0	0	0	0	0	0	0	42	0	0	0	0	2	0	0	0	0	0	0	0	0	0	0	0	0	0	0	0	0	0	0	0	0	0	0	0	0	0	0	0	0	0	0	0	0	0	0	37	0	0	0	0	0	0	0	0	0	0	0	0	0	0	0	46	0	0	0	0	0	0	0	0	0	0	0	0	0	0	0	0	0	0	0	0	0	0	0	2	0	0	4	0	0	0	0	0	0	114	0	0	0	0	0	96	0	0	0	0	0	0	0	31	0	0	0	0	0	0	0	0	0	0	0	0	84	0	0	0	0	171	0	0	0	0	0	0	0	0	0	0	0	0	0	0	0	0	0	122	91	0	0	0	59	0	0	0	0	0	0	0	0	0	0	0	0	0	0	0	0	0	0	0	149	0	0	0	0	0	0	0	0	0	0	0	0	0	0	0	0	0	104	0	0	0	0	0	0	0	75	0	0	0	0	0	0	0	136	0	0	0	0	0	0	0	0	0	0	240	0	0	0	45	0	0	0	0	0	0	0	0	0	0	0	0	107	0	0	0	0	0	0	0	0	0	0	0	0	0	0	0	0	19	0	0	10	0	0	0	0	0	200	55	0	0	0	0	0	0	0	0	0	0	0	59	0	55	0	0	0	168	0	0	0	0	0	0	0	0	0	0	59	0	0	0	23	0	0	0	0	0	0	253	0	0	0	0	0	130	52	0	45	147	0	0	156	0	0	0	216	123	148	0	0	178	69	0	5	0	0	0	0	0	0	0	0	0	42	0	0	191	0	0	0	0	0	0	0	0	0	0	0	183	48	0	0	114	0	0	0	0	49	114	0	0	0	77	0	144	0	0	0	0	0	0	0	140	34	0	0	137	0	0	30	51	126	0	0	151	0	0	0	74	0	0	0	0	0	0	99	0	32	108	41	101	0	146	62	51	40	0	30	0	0	0	122	59	0	40	0	0	80	0	0	183	0	0	5	125	0	0	0	0	66	103	71	0	117	155	36	86	108	73	165	33	60	123	0	118	0	0	0	12	0	63	141	0	0	26	0	0	104	105	78	37	119	318	159	93	71	59	74	85	143	203	25	0	25	36	21	10	0	0	38	0	103	101	23	0	0	0	105	268	58	56	92	73	119	107	64	0	192	0	301	84	52	64	0	147	71	74	278	70	60	273	13	40	56	0	0	178	8	9	65	157	129	0	173	37	74	36	64	195	47	130	78	85	148	26	122	19	157	185	0	97	1	95	75	16	33	68	67	0	23	29	43	0	0	0	17	125	109	189	0	27	326	22	112	70	75	107	121	0	21	15	0	88	69	61	179	146	53	108	41	22	20	360	0	0	68	0	33	0	0	49	34	141	179	82	27	76
55	0	0	0	0	0	0	0	0	0	0	0	0	0	0	0	0	0	0	0	0	0	0	0	0	0	0	0	0	0	0	0	0	0	0	0	0	0	0	0	0	0	0	0	0	0	0	0	0	0	0	0	0	0	0	0	0	0	0	0	0	0	0	0	0	0	0	0	0	0	0	0	0	0	0	0	0	0	0	0	0	0	0	0	0	0	0	0	0	0	0	0	0	0	0	0	0	0	0	0	0	0	0	0	0	0	0	0	0	0	0	0	0	0	0	0	0	0	0	0	0	0	0	0	0	0	0	0	0	0	0	0	0	0	0	0	0	0	0	0	0	0	0	0	0	0	0	0	0	0	0	0	0	0	0	0	0	0	0	0	0	0	0	0	0	0	0	0	0	0	0	0	0	0	0	0	0	0	0	0	0	0	0	0	0	0	0	0	0	0	0	0	0	0	0	0	0	0	0	0	0	0	0	0	0	0	0	0	0	0	0	0	0	0	0	0	0	0	0	0	0	0	0	0	0	0	0	0	0	0	0	0	1	0	0	0	0	0	0	0	0	0	0	0	0	0	0	0	0	0	0	0	0	0	0	0	0	0	0	0	0	0	0	0	0	0	0	0	0	0	0	0	0	0	0	0	0	0	0	0	0	0	0	0	0	0	0	0	0	0	0	0	0	0	0	0	0	0	0	0	0	0	0	0	0	0	0	0	0	0	0	0	0	0	0	0	0	0	0	0	0	0	0	0	0	0	0	0	0	0	0	0	0	0	0	0	0	0	0	0	0	0	0	0	0	0	0	0	0	0	0	0	0	0	0	0	0	0	0	0	0	0	0	0	0	0	0	0	0	0	0	0	0	0	0	0	0	0	0	0	0	0	0	0	0	0	0	0	0	0	0	0	0	0	0	0	0	0	0	0	0	0	0	0	0	0	0	0	0	0	0	0	0	0	0	0	0	0	0	18	0	0	0	0	0	0	0	0	0	0	0	0	0	0	0	0	0	0	0	0	0	0	0	0	0	0	0	0	0	0	0	0	0	0	0	0	0	0	0	0	0	0	0	0	0	0	0	0	0	0	0	0	0	0	0	0	0	27	0	0	0	0	0	0	0	0	0	0	0	0	0	0	0	0	0	0	0	0	0	0	0	0	0	0	0	0	0	0	100	0	0	0	0	0	0	0	0	0	0	0	0	0	0	0	0	0	0	0	0	0	0	0	0	0	0	0	0	0	0	0	0	0	0	0	0	0	0	0	71	0	0	0	0	0	0	0	0	0	0	0	0	0	0	0	142	0	0	0	0	0	0	0	0	0	0	0	0	0	0	0	0	0	0	0	0	0	0	0	0	0	0	0	0	0	0	0	0	0	144	0	0	0	0	0	163	0	0	0	0	0	0	0	0	0	0	0	0	0	0	0	0	0	0	0	0	9	0	0	0	0	181	0	0	0	0	0	0	0	0	0	0	0	0	0	0	0	0	0	288	148	0	0	0	229	0	0	0	0	0	0	0	0	0	0	0	0	0	0	0	0	0	0	0	67	0	0	0	0	0	0	0	0	0	0	0	0	0	0	0	0	0	50	0	0	0	0	0	0	0	13	0	0	0	0	0	0	0	98	0	0	0	0	0	0	0	0	0	0	13	0	0	0	78	0	0	0	0	0	0	16	0	0	0	0	0	124	0	0	0	0	0	0	0	0	0	0	0	0	0	0	21	0	21	0	0	0	0	0	0	0	0	82	126	0	0	0	0	0	0	0	0	0	0	0	128	0	69	0	0	0	205	0	0	0	0	0	0	0	0	0	0	161	0	0	0	275	0	0	0	0	0	0	47	0	3	0	0	0	184	46	0	0	32	0	0	25	0	0	0	100	216	51	0	0	33	263	0	0	0	0	0	0	0	0	0	0	0	145	0	0	86	0	0	0	0	0	0	0	0	0	0	0	146	78	0	0	164	0	0	0	0	45	90	0	0	0	46	0	95	0	0	0	0	0	0	0	104	142	0	0	148	0	0	94	94	68	0	0	211	0	0	0	98	0	0	0	0	0	0	13	0	57	358	191	0	0	60	192	103	268	0	62	0	0	0	38	58	0	92	0	0	145	0	0	32	0	0	189	31	0	0	0	0	127	138	33	0	168	75	8	156	6	33	59	10	81	113	0	93	0	1	0	135	0	50	26	0	0	81	0	0	77	9	40	95	353	39	102	102	20	34	149	64	36	223	162	0	24	13	157	66	0	0	41	0	42	40	72	0	0	0	176	72	69	302	112	125	114	74	86	0	61	0	78	84	197	162	0	56	44	309	211	267	32	106	0	93	13	0	0	102	61	122	292	94	33	0	16	77	65	171	100	127	115	21	14	57	67	60	14	117	56	261	0	50	0	97	170	0	121	72	73	0	107	86	73	0	0	0	85	120	73	159	0	234	309	220	87	48	42	141	45	0	22	2	0	91	49	33	58	118	159	284	36	49	65	46	0	0	77	0	90	0	0	70	136	188	332	19	35	147
56	0	0	0	0	0	0	0	0	0	0	0	0	0	0	0	0	0	0	0	0	0	0	0	0	0	0	0	0	0	0	0	0	0	0	0	0	0	0	0	0	0	0	0	0	0	0	0	0	0	0	0	0	0	0	0	0	0	0	0	0	0	0	0	0	0	0	0	0	0	0	0	0	0	0	0	0	0	0	0	0	0	0	0	0	0	0	0	0	0	0	0	0	0	0	0	0	0	0	0	0	0	0	0	0	0	0	0	0	0	0	0	0	0	0	0	0	0	0	0	0	0	0	0	0	0	0	0	0	0	0	0	0	0	0	0	0	0	0	0	0	0	0	0	0	0	0	0	0	0	0	0	0	0	0	0	0	0	0	0	0	0	0	0	0	0	0	0	0	0	0	0	0	0	0	0	0	0	0	0	0	0	0	0	0	0	0	0	0	0	0	0	0	0	0	0	0	0	0	0	0	0	0	0	0	0	0	0	0	0	0	0	0	0	0	0	0	0	0	0	0	0	0	0	0	0	0	0	0	0	0	0	0	0	0	0	0	0	0	0	0	0	0	0	0	0	0	0	0	0	0	0	0	0	0	0	0	0	0	0	0	0	0	0	0	0	0	0	0	0	0	0	0	0	0	0	0	0	0	0	0	0	0	0	0	0	0	0	0	0	0	0	0	0	0	0	0	0	0	0	0	0	0	0	0	0	0	0	0	0	0	0	0	0	0	0	0	0	0	0	0	0	0	0	0	0	0	0	0	0	0	0	0	0	0	0	0	0	0	0	0	0	0	0	0	0	0	0	0	0	0	0	0	0	0	0	0	0	0	0	0	0	0	0	0	0	0	0	0	0	0	0	0	0	0	0	0	0	0	0	0	0	0	0	0	0	0	0	0	0	0	0	0	0	0	0	0	0	0	0	0	0	0	0	0	0	0	0	0	0	0	0	0	0	0	0	0	0	0	0	0	0	0	0	0	0	0	0	0	0	0	0	0	0	0	0	0	0	0	0	0	0	0	0	0	0	0	0	0	0	0	0	0	0	0	0	0	0	0	0	0	0	0	0	0	0	0	0	0	0	0	0	0	0	0	0	0	0	0	0	0	0	0	0	0	0	0	0	0	0	0	0	0	0	0	0	0	0	0	0	0	0	0	0	0	0	0	0	7	0	0	0	0	0	0	0	0	0	0	0	0	0	0	0	0	0	0	0	0	0	0	0	0	0	2	0	0	0	0	0	0	0	0	0	0	0	0	0	0	0	0	0	0	0	0	0	0	0	0	0	0	0	0	0	39	0	0	0	0	0	0	0	0	0	0	0	2	0	0	0	0	0	0	0	0	0	0	0	0	0	0	0	0	0	0	0	0	0	64	0	0	0	0	0	132	0	0	0	0	0	0	0	41	0	0	0	0	0	0	0	0	0	0	0	0	96	0	0	0	0	105	0	0	0	0	0	0	0	0	0	0	0	0	0	0	0	0	0	17	121	0	0	0	36	0	0	0	0	0	0	0	0	0	0	0	0	0	0	0	0	0	0	0	54	0	0	0	0	0	0	0	0	0	0	0	0	0	0	0	0	0	33	0	0	0	0	0	0	0	1	0	0	0	0	0	0	0	16	0	0	0	0	0	0	0	0	0	0	59	0	0	0	96	0	0	0	0	0	38	0	0	0	0	0	0	28	0	0	17	0	0	0	0	0	0	0	0	0	0	0	19	0	179	0	0	0	0	0	0	0	2	91	41	0	0	0	4	0	0	0	0	0	0	0	78	59	227	0	0	0	294	0	0	0	0	0	0	0	0	0	0	11	0	0	0	16	0	0	0	0	0	0	57	0	27	0	0	0	95	135	0	0	158	0	0	21	0	0	0	37	38	31	0	0	60	54	0	0	0	0	0	0	0	0	0	0	0	14	0	0	139	0	0	0	0	0	0	0	0	0	0	0	73	70	0	0	58	0	0	0	0	81	76	0	0	0	6	0	63	0	0	0	0	0	0	0	214	83	0	0	60	0	0	51	12	183	0	0	390	0	0	0	132	0	0	0	0	0	0	150	0	0	29	96	151	0	151	69	93	88	0	62	0	0	0	85	218	0	19	0	0	120	0	3	26	0	0	64	88	0	0	0	0	53	222	0	0	72	12	136	12	122	68	111	36	54	86	0	120	0	0	0	30	0	32	127	0	0	62	0	0	64	22	58	60	249	64	53	18	186	21	70	67	7	111	46	0	60	103	154	29	0	0	271	0	113	205	15	0	0	0	62	133	229	130	2	74	41	51	71	0	234	6	187	80	114	135	0	17	58	79	117	85	145	130	24	91	67	0	0	203	53	40	107	60	322	0	132	38	68	4	6	221	67	342	67	57	140	46	14	45	167	44	0	153	0	119	87	8	30	65	148	0	101	32	146	0	0	0	50	241	231	70	0	141	70	48	64	29	46	47	183	0	96	223	23	61	45	4	68	52	111	151	13	70	62	50	0	0	78	0	36	0	0	164	56	99	112	53	100	115
57	0	0	0	0	0	0	0	0	0	0	0	0	0	0	0	0	0	0	0	0	0	0	0	0	0	0	0	0	0	0	0	0	0	0	0	0	0	0	0	0	0	0	0	0	0	0	0	0	0	0	0	0	0	0	0	0	0	0	0	0	0	0	0	0	0	0	0	0	0	0	0	0	0	0	0	0	0	0	0	0	0	0	0	0	0	0	0	0	0	0	0	0	0	0	0	0	0	0	0	0	0	0	0	0	0	0	0	0	0	0	0	0	0	0	0	0	0	13	0	0	0	0	0	0	0	0	0	0	0	0	0	0	0	0	0	0	0	0	0	0	0	0	0	0	0	0	0	20	0	0	0	0	0	0	0	0	0	0	0	0	0	0	0	0	0	5	0	0	0	0	0	0	0	0	0	0	0	0	0	0	0	100	0	0	0	0	0	0	0	0	0	0	0	0	0	0	0	0	0	0	0	0	0	0	0	0	0	0	0	0	0	0	0	0	0	0	0	0	0	0	0	0	0	0	0	0	0	0	0	0	0	0	0	0	0	0	0	0	0	0	0	0	0	0	0	0	0	0	0	0	0	0	0	0	0	0	0	0	0	0	0	0	0	0	0	0	0	0	0	0	0	0	0	0	0	0	0	0	0	0	0	0	0	0	0	0	0	0	0	0	0	0	0	0	0	0	0	0	0	0	0	0	0	0	0	0	0	0	0	0	0	0	0	0	0	0	0	0	0	0	0	0	0	0	0	0	0	0	0	0	0	0	0	0	0	0	0	0	0	0	0	0	0	0	0	0	0	0	0	0	0	0	0	0	0	0	0	0	0	0	0	0	0	0	0	0	0	0	0	0	0	0	0	0	0	0	0	0	0	0	0	0	10	0	0	0	0	0	0	0	0	0	0	0	0	0	0	0	0	0	0	0	0	0	0	0	1	0	0	0	0	0	0	0	0	1	0	0	103	0	0	0	0	0	0	0	0	0	0	0	0	0	0	0	38	23	0	0	0	0	0	0	0	0	0	0	0	0	0	0	0	0	0	0	5	0	0	0	0	0	0	0	0	0	0	0	0	0	0	0	0	0	0	0	0	0	114	0	0	0	0	0	0	0	0	0	0	0	0	0	0	0	0	0	0	0	0	0	0	0	0	1	0	0	0	0	0	78	0	0	0	0	1	0	0	48	0	0	0	0	0	0	0	0	0	0	0	0	0	0	0	0	0	0	0	0	0	0	0	0	0	0	0	0	0	0	0	21	0	0	0	0	0	0	0	0	0	0	0	0	1	0	0	53	0	0	0	0	0	0	133	0	0	144	0	54	0	0	0	0	0	0	0	0	59	0	11	0	0	0	0	0	0	0	0	0	0	27	0	0	0	0	0	18	0	0	0	0	0	91	0	20	0	0	68	5	0	0	0	0	0	0	0	0	106	0	0	0	109	92	0	0	0	0	0	0	0	0	0	0	0	0	0	0	2	0	0	88	72	0	0	0	13	0	0	0	0	0	0	1	0	0	0	0	0	0	0	0	0	0	0	0	72	0	0	0	0	0	0	0	0	0	0	7	0	0	0	0	0	0	102	0	0	0	0	0	0	0	91	0	0	0	0	0	0	0	197	0	0	0	6	0	0	0	0	10	0	68	0	0	0	39	0	0	0	0	0	33	143	0	0	0	0	0	76	0	0	179	0	0	0	0	0	1	57	0	0	0	0	186	9	31	6	0	0	0	4	0	0	0	49	66	68	0	0	49	0	0	0	0	0	0	0	73	31	129	1	0	0	40	0	3	0	0	0	0	0	0	0	0	196	0	203	0	59	55	0	0	18	0	0	59	0	70	0	0	0	78	19	0	0	104	83	0	176	26	0	0	11	135	58	0	0	70	38	0	11	0	0	0	0	0	0	0	0	0	208	0	0	71	0	0	0	0	0	0	0	0	0	0	33	35	89	0	0	227	34	37	0	0	26	170	0	0	0	187	0	66	18	0	0	8	0	0	0	198	124	0	0	234	0	55	81	34	254	0	0	177	155	0	0	28	0	0	0	0	0	0	79	0	73	40	127	30	1	145	3	171	71	1	119	0	0	0	217	63	0	112	30	0	83	0	46	127	0	0	44	172	0	0	9	0	31	12	91	17	134	71	19	126	196	33	67	135	145	35	0	103	0	2	2	17	0	111	94	0	0	78	0	0	74	101	74	91	117	61	86	344	153	37	21	20	117	35	17	0	136	63	99	370	0	13	144	0	102	48	153	10	0	148	97	44	166	141	69	42	19	39	37	0	27	71	2	104	58	45	0	103	88	178	50	237	110	147	168	80	90	10	11	189	192	52	24	126	78	0	94	58	158	61	94	121	170	196	169	77	13	33	105	358	54	101	0	69	54	38	94	173	111	78	86	0	37	245	2	0	0	0	30	93	89	97	0	80	102	123	89	42	72	137	25	0	49	171	48	37	160	60	121	61	109	22	56	71	106	98	0	0	40	0	72	0	9	64	218	78	23	152	138	65
58	0	0	0	0	0	0	0	0	0	0	0	0	0	0	0	0	0	0	0	0	0	0	0	0	0	0	0	0	0	0	0	0	0	0	0	0	0	0	0	0	0	0	0	0	0	0	0	0	0	0	0	0	0	0	0	0	0	0	0	0	0	0	0	0	0	0	0	0	0	0	0	0	0	0	0	0	0	0	0	0	0	0	0	0	0	0	0	0	0	0	0	0	0	0	0	0	0	0	0	0	0	0	0	0	0	0	0	0	0	0	0	0	0	0	0	0	0	0	0	0	0	0	0	0	0	0	0	0	0	0	0	0	0	0	0	0	0	0	0	0	0	0	0	0	0	0	0	0	0	0	0	0	0	0	0	0	0	0	0	0	0	0	0	0	0	0	0	0	0	0	0	0	0	0	0	0	0	0	0	0	0	0	0	0	0	0	0	0	0	0	0	0	0	0	0	0	0	0	0	0	0	0	0	0	0	0	0	0	0	0	0	0	0	0	0	0	0	0	0	0	0	0	0	0	0	0	0	0	0	0	0	0	0	0	0	0	0	0	0	0	0	0	0	0	0	0	0	0	0	0	0	0	0	0	0	0	0	0	0	0	0	0	0	0	0	0	0	0	0	0	0	0	0	0	0	0	0	0	0	0	0	0	0	0	0	0	0	0	0	0	0	0	0	0	0	0	0	0	0	0	0	0	0	0	0	0	0	0	0	0	0	0	0	0	0	0	0	0	0	0	0	0	0	0	0	0	0	0	0	0	0	0	0	0	0	0	0	0	0	0	0	0	0	0	0	0	0	0	0	0	0	0	0	0	0	0	0	0	0	0	0	0	0	0	0	0	0	0	0	0	0	0	0	0	0	0	0	0	0	0	0	0	0	0	0	0	0	0	0	0	0	0	0	0	0	0	0	0	0	0	0	0	0	0	0	0	0	0	0	0	0	0	0	0	0	0	0	0	0	0	0	0	0	0	0	0	0	0	0	0	0	0	0	0	0	4	0	0	0	0	0	0	0	0	0	0	0	0	0	0	0	0	0	0	0	0	0	0	0	0	0	0	0	0	0	0	0	0	0	0	0	0	0	0	0	0	0	0	0	0	0	0	0	0	0	0	0	0	0	0	0	0	69	0	0	0	0	0	0	0	0	0	0	0	0	0	0	167	0	0	0	0	0	0	0	0	0	0	0	0	0	0	0	0	0	0	0	0	0	0	0	0	0	0	0	0	0	0	0	0	0	0	0	0	0	0	0	0	0	0	0	0	0	0	0	0	0	0	0	0	0	0	0	35	0	0	0	0	0	0	0	0	0	0	0	0	0	0	0	0	0	0	0	0	0	0	0	0	0	0	0	0	0	0	0	0	0	33	0	0	0	0	0	149	0	0	0	0	0	0	0	0	0	0	0	0	0	0	0	0	0	0	0	0	50	0	0	0	0	104	0	0	0	0	0	0	0	0	0	0	0	0	0	0	0	0	0	70	36	0	0	0	15	0	0	0	0	0	0	0	0	0	0	0	0	0	0	0	0	0	0	0	134	0	0	0	0	0	0	0	0	0	0	0	0	0	0	0	0	0	153	0	0	0	0	0	0	0	19	0	0	0	0	0	0	0	24	0	0	0	0	0	0	0	0	0	0	132	0	0	0	91	0	0	0	0	0	66	0	0	0	0	0	0	188	0	0	0	0	0	0	0	0	0	0	0	0	0	0	0	0	79	0	0	0	0	0	0	0	0	70	80	0	0	0	0	0	0	0	0	0	0	0	38	0	43	0	0	0	67	0	0	0	0	0	0	0	0	0	0	98	0	0	0	114	0	0	0	0	0	0	267	0	0	0	0	0	41	61	0	0	80	0	0	127	0	0	0	126	52	66	0	0	96	25	0	0	2	0	0	0	0	0	0	0	0	351	0	0	112	0	0	0	0	0	0	0	0	0	0	0	66	26	0	0	74	0	0	0	0	86	23	0	0	0	0	0	90	0	0	0	0	0	0	0	134	8	0	0	20	0	0	94	242	161	0	0	6	0	0	0	165	0	0	0	0	0	0	34	0	66	138	80	0	0	199	104	61	249	0	57	0	0	0	75	52	0	34	0	0	180	0	0	85	0	0	83	151	0	0	0	0	89	185	0	0	82	57	8	132	50	198	26	29	129	105	0	171	0	0	0	50	0	16	88	0	0	120	0	0	259	84	62	174	3	32	60	39	96	0	311	45	102	127	204	0	4	67	50	100	0	54	112	0	122	133	69	0	0	0	33	58	197	39	51	88	42	82	19	0	82	0	6	309	82	160	0	83	239	154	129	14	78	127	0	99	82	0	44	65	24	207	144	84	181	0	45	90	118	107	54	152	98	233	14	124	275	68	203	68	186	21	0	86	0	274	54	9	482	95	31	0	61	10	87	0	0	0	7	143	159	84	0	111	83	97	116	86	67	99	60	0	101	55	0	92	74	134	193	75	41	136	142	65	21	42	0	0	138	0	110	0	0	141	84	42	140	270	23	113
59	0	0	0	0	0	0	0	0	0	0	0	0	0	0	0	0	0	0	0	0	0	0	0	0	0	0	0	0	0	0	0	0	0	0	0	0	0	0	0	0	0	0	0	0	0	0	0	0	0	0	0	0	0	0	0	0	0	0	0	0	0	0	0	0	0	0	0	0	0	0	0	0	0	0	0	0	0	0	0	0	0	0	0	0	0	0	0	0	0	0	0	0	0	0	0	0	0	0	0	0	0	0	0	0	0	0	0	0	0	0	0	0	0	0	0	0	0	0	0	0	0	0	0	0	0	0	0	0	0	0	0	0	0	0	0	0	0	0	0	0	0	0	0	0	0	0	0	0	0	0	0	0	0	0	0	0	0	0	0	0	0	0	0	0	0	0	0	0	0	0	0	0	0	0	0	0	0	0	0	0	0	0	0	0	0	0	0	0	0	0	0	0	0	0	0	0	0	0	0	0	0	0	0	0	0	0	0	0	0	0	0	0	0	6	0	0	0	0	0	0	0	0	0	0	0	0	0	0	0	0	0	0	0	0	0	0	0	0	0	0	0	0	0	0	0	0	0	0	0	0	0	0	0	0	0	0	0	0	0	0	0	0	0	0	0	0	0	0	0	0	0	0	0	0	0	0	0	0	0	0	0	0	0	0	0	0	0	0	0	0	0	0	0	0	0	0	0	0	0	0	0	0	0	0	0	0	0	0	0	0	0	0	0	0	0	0	0	0	0	0	0	0	0	0	0	0	0	0	0	0	0	0	0	0	0	0	0	0	0	0	0	0	0	0	0	0	0	0	0	0	0	0	0	0	0	0	0	0	0	0	0	0	0	0	0	0	0	0	0	0	0	0	0	0	0	0	0	0	0	0	0	0	0	0	0	0	0	0	0	0	0	0	0	0	0	0	0	0	0	0	0	0	0	0	0	0	0	0	0	0	0	0	0	0	0	0	0	0	26	0	0	0	0	0	0	0	0	0	0	0	0	0	0	0	0	0	0	0	0	0	0	0	0	0	0	0	0	0	0	0	0	0	0	0	0	0	0	0	0	0	0	0	0	0	0	0	0	0	0	0	0	0	0	0	0	0	0	0	0	0	0	0	0	0	0	0	0	0	0	0	0	0	0	0	0	0	0	0	0	0	0	0	0	0	0	0	0	165	0	0	0	0	0	0	0	0	0	0	0	0	0	0	0	0	0	0	0	0	0	0	0	0	0	0	0	0	0	0	0	0	0	0	0	0	0	0	0	0	0	0	0	0	0	0	0	0	0	0	0	0	0	0	0	47	0	0	0	0	0	0	0	0	0	0	0	0	0	0	0	0	0	0	0	0	0	0	0	0	0	0	0	0	0	0	0	0	0	36	0	0	0	0	0	128	0	0	0	0	0	0	0	73	0	0	0	0	0	0	0	0	0	0	0	0	52	0	0	0	0	20	0	0	0	0	0	0	0	0	0	0	0	0	0	0	0	0	0	68	270	0	0	0	74	0	0	0	0	0	0	0	0	0	0	0	0	0	0	0	0	0	0	0	19	0	0	0	0	0	0	0	0	0	0	0	0	0	0	0	0	0	75	0	0	0	0	0	0	0	60	0	0	0	0	0	0	0	237	0	0	0	0	0	0	0	0	0	0	73	0	0	0	94	0	0	0	0	0	0	0	0	0	0	0	0	248	0	0	152	0	0	0	0	0	0	75	0	0	0	0	1	0	58	0	0	0	0	0	0	0	0	80	151	0	0	0	0	0	0	0	0	0	0	0	119	0	36	0	0	0	217	0	0	0	0	0	0	0	0	0	0	20	0	0	0	106	0	0	0	0	0	0	94	0	4	0	0	0	170	269	0	0	279	0	0	85	0	0	0	206	85	129	0	0	57	48	0	0	0	0	0	0	0	0	0	0	0	62	0	0	65	0	0	0	0	0	0	0	0	0	0	0	100	80	0	0	129	0	0	0	0	206	104	0	0	0	0	0	56	0	0	0	0	0	0	0	58	96	0	0	92	0	0	40	99	26	0	0	42	0	0	0	90	0	0	0	0	0	0	366	0	0	126	43	4	0	93	194	39	39	1	75	0	0	0	191	0	0	182	0	0	47	0	0	49	0	0	98	71	0	0	0	0	88	101	0	0	101	92	9	240	202	77	56	0	103	45	0	30	0	0	0	58	0	17	69	0	0	15	0	0	79	28	9	51	65	109	85	53	38	0	4	101	170	109	89	0	2	24	128	83	0	0	142	0	21	253	374	0	0	0	76	25	102	289	56	76	56	14	96	0	49	0	31	58	51	98	0	61	13	17	27	57	61	87	0	88	113	0	0	122	89	329	69	81	22	0	94	20	139	68	69	90	43	141	56	131	36	18	32	170	228	133	0	108	14	22	71	0	191	91	171	0	33	62	42	0	0	0	61	50	180	13	0	97	142	55	96	133	78	24	103	0	62	68	0	46	44	29	142	28	92	65	27	185	39	183	0	0	167	0	284	0	0	40	61	62	175	266	46	67
60	0	0	0	0	0	0	0	0	0	0	0	0	0	0	0	0	0	0	0	0	0	0	0	0	0	0	0	0	0	0	0	0	0	0	0	0	0	0	0	0	0	0	0	0	0	0	0	0	0	0	0	0	0	0	0	0	0	0	0	0	0	0	0	0	0	0	0	0	0	0	0	0	0	0	0	0	0	0	0	0	0	0	0	0	0	0	0	0	0	0	0	0	0	0	0	0	0	0	0	0	0	0	0	0	0	0	0	0	0	0	0	0	0	0	0	0	0	0	0	0	0	0	0	0	0	0	0	0	0	0	0	0	0	0	0	0	0	0	0	0	0	0	0	0	0	0	0	0	0	0	0	0	0	0	0	0	0	0	0	0	0	0	0	0	0	0	0	0	0	0	0	0	0	0	0	0	0	0	0	0	0	0	0	0	0	0	0	0	0	0	0	0	0	0	0	0	0	0	0	0	0	0	0	0	0	0	0	0	0	0	0	0	0	0	0	0	0	0	0	0	0	0	0	0	0	0	0	0	0	0	0	0	0	0	0	0	0	0	0	0	0	0	0	0	0	0	0	0	0	0	0	0	0	0	0	0	0	0	0	0	0	0	0	0	0	0	0	0	0	0	0	0	0	0	0	0	0	0	0	0	0	0	0	0	0	0	0	0	0	0	0	0	0	0	0	0	0	0	0	0	0	0	0	0	0	0	0	0	0	0	0	0	0	0	0	0	0	0	0	0	0	0	0	0	0	0	0	0	0	0	0	0	0	0	0	0	0	0	0	0	0	0	0	0	0	0	0	0	0	0	0	0	0	0	0	0	0	0	0	0	0	0	0	0	0	3	0	0	0	0	0	0	0	0	0	0	0	0	0	0	0	0	0	0	0	0	0	0	0	0	0	0	0	0	0	0	0	0	0	0	0	1	0	0	0	0	0	0	0	0	0	0	0	0	0	0	0	0	1	0	0	0	0	0	0	0	0	0	0	0	0	0	0	0	0	0	0	0	0	0	0	0	0	0	0	0	0	0	0	0	0	0	0	0	0	0	0	0	0	0	0	0	0	0	0	0	0	0	0	0	0	0	0	0	0	0	22	0	0	0	0	0	0	0	0	0	0	0	0	0	0	0	0	0	0	0	0	0	0	0	0	0	0	0	0	0	0	26	0	0	0	0	0	0	0	0	0	0	0	0	0	0	0	0	0	0	0	0	0	0	0	0	0	0	0	0	0	0	0	0	0	0	0	0	0	0	0	58	0	0	0	0	0	0	0	0	0	0	0	0	0	0	0	244	0	0	0	0	0	0	0	0	0	0	0	0	0	0	0	0	0	0	0	0	0	0	0	0	0	0	0	0	0	0	0	0	0	43	0	0	0	0	0	85	0	0	0	0	0	1	0	5	0	0	0	0	0	0	0	0	0	0	0	0	133	0	0	0	0	193	0	0	0	0	0	0	0	0	0	0	0	0	0	0	0	0	0	80	155	0	0	0	173	0	0	0	0	0	0	0	0	0	0	0	0	0	0	0	0	0	0	0	67	0	0	0	0	0	0	0	0	0	0	0	0	0	0	0	0	0	64	0	0	0	0	0	0	0	167	0	0	0	0	0	0	0	197	0	0	0	0	0	0	0	0	0	0	59	0	0	0	27	0	0	0	0	0	0	0	0	0	0	0	0	155	0	0	206	0	0	0	0	0	0	0	0	0	0	0	15	0	66	0	0	14	0	0	0	0	0	162	100	0	0	0	47	0	0	0	0	0	0	0	72	0	106	0	0	0	48	0	0	0	0	0	0	0	0	0	0	66	0	0	0	82	0	0	0	0	0	0	143	0	0	0	0	0	115	32	0	0	151	0	0	260	19	0	0	46	111	59	0	0	215	175	0	0	0	0	0	0	0	0	0	0	0	134	0	0	21	0	0	0	0	0	0	0	0	0	0	0	67	127	0	0	145	0	0	4	0	181	124	0	0	0	55	0	55	0	0	0	1	0	0	0	104	6	0	0	32	0	0	168	8	225	0	0	63	0	0	0	139	0	8	0	0	0	0	9	0	55	121	10	35	0	148	9	12	160	1	58	26	0	0	46	42	0	66	0	0	51	0	0	99	4	0	138	82	0	0	0	0	77	170	44	0	116	134	106	69	118	55	80	59	232	175	0	181	0	0	0	51	0	185	78	0	0	127	35	0	24	105	119	86	55	164	35	159	116	0	31	179	24	71	79	0	44	126	93	97	0	0	134	0	130	64	109	0	0	0	66	153	47	176	45	173	25	237	60	0	8	0	96	311	57	42	0	274	81	78	25	84	133	70	90	81	81	0	0	94	33	20	90	33	84	0	134	197	64	118	338	103	105	50	291	218	42	103	122	55	62	72	0	137	0	163	271	0	44	67	124	0	72	286	92	0	0	0	50	56	65	167	0	102	76	119	188	19	27	243	16	0	21	58	0	100	175	222	76	50	46	43	100	145	174	46	0	0	79	0	23	0	0	160	27	26	101	113	10	175
61	0	0	0	0	0	0	0	0	0	0	0	0	0	0	0	0	0	0	0	0	0	0	0	0	0	0	0	0	0	0	0	0	0	0	0	0	0	0	0	0	0	0	0	0	0	0	0	0	0	0	0	0	0	0	0	0	0	0	0	0	0	0	0	0	0	0	0	0	0	0	0	0	0	0	0	0	0	0	0	0	0	0	0	0	0	0	0	0	0	0	0	0	0	0	0	0	0	0	0	0	0	0	0	0	0	0	0	0	0	0	0	0	0	0	0	0	0	0	0	0	0	0	0	0	0	0	0	0	0	0	0	0	0	0	0	0	0	0	0	0	0	0	0	0	0	0	0	0	0	0	0	0	0	0	0	0	0	0	0	0	0	0	0	0	0	0	0	0	0	0	0	0	0	0	0	0	0	0	0	0	0	0	0	0	0	0	0	0	0	0	0	0	0	0	0	0	0	0	0	0	0	0	0	0	0	0	0	0	0	0	0	0	0	0	0	0	0	0	0	0	0	0	0	0	0	0	0	0	0	0	0	0	0	0	0	0	0	0	0	0	0	0	0	0	0	0	0	0	0	0	0	0	0	0	0	0	0	0	0	0	0	0	0	0	0	0	0	0	0	0	0	0	0	0	0	0	0	0	0	0	0	0	0	0	0	0	0	0	0	0	0	0	0	0	0	0	0	43	0	0	0	0	0	0	0	0	0	0	0	0	0	0	0	0	0	0	0	0	0	0	0	0	0	0	0	0	0	0	0	0	0	0	0	0	0	0	0	0	0	0	0	0	0	0	0	0	0	0	0	0	0	0	0	0	0	0	0	0	0	0	0	0	0	0	0	0	0	0	0	0	0	0	0	0	0	0	0	0	0	0	0	0	0	0	0	0	0	0	0	0	0	0	0	0	0	0	0	0	0	0	0	0	0	0	0	0	0	0	0	0	0	0	0	0	0	0	0	0	0	0	0	0	0	0	0	0	0	0	0	0	0	0	0	0	0	0	0	0	0	0	0	0	0	0	0	0	0	0	0	0	0	0	0	0	0	0	0	0	0	0	0	0	0	0	0	0	0	0	0	0	0	0	0	0	0	0	15	0	0	0	0	0	0	0	0	0	0	0	0	0	0	0	0	0	0	0	0	0	0	0	0	0	0	0	0	0	0	172	0	0	0	0	0	0	0	0	0	0	0	0	0	0	0	0	0	0	0	0	0	0	0	0	0	0	0	0	0	0	0	0	0	0	0	0	0	0	0	0	0	0	0	0	0	0	0	0	0	0	0	0	0	0	0	111	0	0	0	0	0	0	0	0	0	0	0	0	0	0	0	0	0	0	0	0	0	0	0	0	0	0	0	0	0	0	0	0	0	25	0	0	0	0	0	64	0	0	0	0	0	0	0	0	0	0	0	0	0	0	0	0	0	0	0	0	164	0	0	0	0	206	0	0	0	0	0	0	0	0	0	0	0	0	0	0	0	0	0	39	40	0	0	0	185	0	0	0	0	0	0	0	0	0	0	0	0	0	0	0	0	0	0	0	33	0	0	0	0	0	0	0	0	0	0	0	0	0	0	0	0	0	42	0	0	0	0	0	0	0	52	0	0	0	0	0	0	0	27	0	0	0	0	0	0	0	0	0	0	155	0	0	0	88	0	0	0	0	0	27	142	0	0	0	0	0	56	0	0	0	0	0	0	0	0	0	0	0	0	0	0	13	0	6	0	0	0	0	0	0	0	0	80	95	0	0	0	6	0	0	0	0	0	0	0	26	0	66	0	0	0	259	0	0	0	0	0	0	0	0	0	0	90	0	0	0	146	0	0	0	0	0	0	46	0	5	0	0	0	104	224	0	0	215	0	0	46	0	0	0	82	177	161	0	0	65	61	0	0	0	0	0	0	0	0	0	0	0	45	0	0	128	0	0	1	0	5	0	0	0	0	0	0	28	192	0	0	111	0	6	0	0	168	92	0	0	0	20	0	133	0	0	0	0	0	0	0	97	155	0	0	14	0	0	112	81	63	0	0	125	0	0	0	218	0	0	0	0	0	0	72	0	11	38	31	68	0	102	17	119	143	1	373	0	0	0	180	70	0	227	0	0	30	0	0	14	0	0	125	134	0	0	0	0	88	174	62	0	120	214	63	104	23	148	91	20	164	154	0	86	0	0	0	156	0	273	125	0	0	80	0	0	13	151	65	201	118	38	77	283	52	48	64	44	80	176	100	0	60	58	107	204	0	0	39	0	51	73	53	0	0	0	177	117	123	225	58	52	86	30	59	0	138	0	91	190	113	22	0	22	200	60	160	263	144	18	0	94	19	0	0	32	232	88	34	243	67	0	36	187	110	225	169	96	40	12	112	325	5	84	75	46	33	92	0	31	0	109	306	0	7	37	25	0	58	59	83	0	0	0	149	131	30	26	0	21	135	75	243	106	32	91	36	0	192	50	0	48	75	56	105	146	104	76	83	190	151	80	0	0	78	0	153	0	0	78	9	101	95	179	65	115
62	0	0	0	0	0	0	0	0	0	0	0	0	0	0	0	0	0	0	0	0	0	0	0	0	0	0	0	0	0	0	0	0	0	0	0	0	0	0	0	0	0	0	0	0	0	0	0	0	0	0	0	0	0	0	0	0	0	0	0	0	0	0	0	0	0	0	0	0	0	0	0	0	0	0	0	0	0	0	0	0	0	0	0	0	0	0	0	0	0	0	0	0	0	0	0	0	0	0	0	0	0	0	0	0	0	0	0	0	0	0	0	0	0	0	0	0	0	0	0	0	0	0	0	0	0	0	0	0	0	0	0	0	0	0	0	0	0	0	0	0	0	0	0	0	0	0	0	0	0	0	0	0	0	0	0	0	0	0	0	0	0	0	0	0	0	0	0	0	0	0	0	0	0	0	0	0	0	0	0	0	0	0	0	0	0	0	0	0	0	0	0	0	0	0	0	0	0	0	0	0	0	0	0	0	0	0	0	0	0	0	0	0	0	0	0	0	0	0	0	0	0	0	0	0	0	0	0	0	0	0	0	0	0	0	0	0	0	0	0	0	0	0	0	0	0	0	0	0	0	0	0	0	0	0	0	0	0	0	0	0	0	0	0	0	0	0	0	0	0	0	0	0	0	0	0	0	0	0	0	0	0	0	0	0	0	0	0	0	0	0	0	0	0	0	0	0	0	0	0	0	0	0	0	0	0	0	0	0	0	0	0	0	0	0	0	0	0	0	0	0	0	0	0	0	0	0	0	0	0	0	0	0	0	0	0	0	0	0	0	0	0	0	0	0	0	0	0	0	0	0	0	0	0	0	0	0	0	0	0	0	0	0	0	0	0	0	0	0	0	0	0	0	0	0	0	0	0	0	0	0	0	0	0	0	0	0	0	0	0	0	0	0	0	0	0	0	0	0	0	0	0	0	0	0	0	0	0	0	0	0	0	0	0	0	0	0	0	0	0	0	0	0	0	0	100	0	0	0	0	0	0	0	0	0	0	0	0	0	0	0	0	0	0	0	0	0	0	0	0	0	0	0	0	0	0	0	0	0	0	0	0	0	0	0	0	0	0	0	0	0	0	0	0	0	0	0	21	0	0	0	0	0	0	0	0	0	0	0	0	0	0	0	0	0	0	0	0	0	0	0	0	0	1	0	0	0	0	134	0	0	0	0	0	0	0	0	0	0	0	0	0	0	0	0	0	0	0	0	0	0	0	0	0	0	0	0	0	0	0	0	0	0	0	0	0	0	0	11	0	0	0	0	0	0	0	0	0	0	0	0	0	0	0	21	0	0	0	0	0	0	0	0	0	0	0	0	0	0	0	0	0	0	0	0	0	0	0	0	0	0	0	0	0	0	0	0	0	18	0	0	0	0	0	73	0	0	0	0	0	0	0	37	0	0	0	0	0	0	0	0	0	0	0	0	180	0	0	0	0	59	0	0	0	0	0	0	0	0	0	0	0	0	0	0	0	0	0	42	62	0	0	0	58	0	0	0	0	0	0	0	0	0	0	0	0	0	0	0	0	0	0	0	281	0	0	0	0	0	0	0	0	0	0	0	0	0	0	0	0	0	105	0	0	0	0	0	0	0	34	0	0	0	0	0	0	0	55	0	0	0	0	0	0	0	0	0	0	182	0	0	0	127	0	0	0	0	0	0	0	0	0	0	0	0	46	0	0	0	0	0	0	0	0	0	0	0	0	0	0	0	0	64	0	0	0	0	0	0	0	0	29	9	0	0	0	0	0	0	0	0	0	0	0	105	0	126	0	0	0	73	0	0	0	0	0	0	0	0	0	0	112	0	0	0	75	0	0	0	69	0	0	55	0	0	0	0	0	68	87	0	0	144	0	0	109	0	0	0	60	74	38	0	0	38	106	0	0	0	0	0	0	0	0	0	0	0	29	0	0	118	0	0	0	0	0	0	0	0	0	0	0	228	343	0	0	95	16	0	0	0	90	108	0	0	0	21	0	54	0	0	0	0	0	0	0	63	37	0	0	112	0	0	67	42	127	0	0	128	0	0	0	32	0	0	0	0	0	0	186	0	150	50	94	47	0	118	240	125	118	0	68	0	0	0	125	28	0	125	0	0	73	0	0	67	0	0	168	37	0	0	0	0	17	96	10	0	23	154	89	246	128	99	16	126	83	32	0	109	0	0	0	10	0	59	52	0	0	79	0	0	119	47	98	2	241	115	33	171	111	62	106	55	145	158	117	0	131	14	52	73	0	0	25	0	28	143	2	0	0	0	93	184	80	72	36	73	74	117	136	0	92	0	49	271	196	67	0	105	25	164	93	108	27	195	0	34	173	0	0	104	162	36	0	11	36	0	94	58	41	98	102	115	65	39	43	31	62	73	6	165	128	115	0	64	0	92	98	12	185	78	93	0	129	51	259	0	0	0	42	220	163	36	0	137	143	109	21	132	129	47	95	0	163	28	0	64	105	135	13	249	211	191	131	127	268	27	0	0	8	0	106	0	0	163	246	53	131	73	78	39
63	0	0	0	0	0	0	0	0	0	0	0	0	0	0	0	0	0	0	0	0	0	0	0	0	0	0	0	0	0	0	0	0	0	0	0	0	0	0	0	0	0	0	0	0	0	0	0	0	0	0	0	0	0	0	0	0	0	0	0	0	0	0	0	0	0	0	0	0	0	0	0	0	0	0	0	0	0	0	0	0	0	0	0	0	0	0	0	0	0	0	0	0	0	0	0	0	0	0	0	0	0	0	0	0	0	0	0	0	0	0	0	0	0	0	0	0	0	0	0	0	0	0	0	0	0	0	0	0	0	0	0	0	0	0	0	0	0	0	0	0	0	0	0	0	0	0	0	0	0	0	0	0	0	0	0	0	0	0	0	0	0	0	0	0	0	0	0	0	0	0	0	0	0	0	0	0	0	0	0	0	0	0	0	0	0	0	0	0	0	0	0	0	0	0	0	0	0	0	0	0	0	0	0	0	0	0	0	0	0	0	0	0	0	0	0	0	0	0	0	0	0	0	0	0	0	0	0	0	0	0	0	0	0	0	0	0	0	0	0	0	0	0	0	0	0	0	0	0	0	0	0	0	0	0	0	0	0	0	0	0	0	0	0	0	0	0	0	0	0	0	0	0	0	0	0	0	0	0	0	0	0	0	0	0	0	0	0	0	0	0	0	0	0	0	0	0	0	0	0	0	0	0	0	0	0	0	0	0	0	0	0	0	0	0	0	0	0	0	0	0	0	0	0	0	0	0	0	0	0	0	0	0	0	0	0	0	0	0	0	0	0	0	0	0	0	0	0	0	0	0	0	0	0	0	0	0	0	0	0	0	0	0	0	0	0	0	0	0	0	0	0	0	0	0	0	0	0	0	0	0	0	0	0	0	0	0	0	0	0	0	0	0	0	0	0	0	0	0	0	0	0	0	0	0	0	0	0	0	0	0	0	0	0	0	0	0	0	0	0	0	0	0	0	0	0	0	0	0	0	0	0	0	0	0	0	0	0	0	0	0	0	0	0	0	0	0	0	0	0	0	0	0	0	0	0	0	0	0	0	0	0	0	0	0	0	0	0	0	0	0	0	0	0	0	0	0	0	0	0	0	0	0	0	0	0	0	0	0	0	0	0	0	0	0	0	0	0	0	0	0	0	0	0	0	0	0	0	305	0	0	0	0	0	0	0	0	0	0	0	0	0	0	0	0	0	0	0	0	0	0	0	0	0	0	0	0	0	0	0	0	0	0	0	0	0	0	0	0	0	0	0	0	0	0	0	0	0	0	0	0	0	0	0	90	0	0	0	0	0	0	0	0	0	0	0	0	0	0	0	0	0	0	0	0	0	0	0	0	0	0	0	0	0	0	0	0	0	190	0	0	0	0	0	146	0	0	0	0	0	0	0	0	0	0	0	0	0	0	0	0	0	0	0	0	22	0	0	0	0	66	0	0	0	0	0	0	0	0	0	0	0	0	0	0	0	0	0	36	12	0	0	0	87	0	0	0	0	0	0	0	0	0	0	0	0	0	0	0	0	0	0	0	89	0	0	0	0	0	0	0	0	0	0	0	0	0	0	0	0	0	35	0	0	0	0	0	0	0	36	0	0	0	0	0	0	0	62	0	0	0	0	0	0	0	0	0	0	110	0	0	0	130	0	0	0	0	0	0	0	0	0	0	0	0	29	0	0	0	0	0	0	0	0	0	0	0	0	0	0	0	0	0	0	0	0	0	0	0	0	0	19	132	0	0	0	0	0	0	0	0	0	0	0	83	0	67	0	0	0	99	0	0	0	0	0	0	0	0	0	0	87	0	0	0	24	0	0	0	0	0	0	65	0	0	0	0	0	85	61	0	0	28	0	0	32	0	0	0	67	182	104	0	0	2	59	0	0	1	0	0	0	0	0	0	0	0	40	0	0	83	0	0	0	0	0	0	0	0	0	0	0	55	27	0	0	92	0	0	0	0	25	93	0	0	0	38	0	82	0	0	0	0	0	0	0	190	16	0	0	86	0	0	76	33	26	0	0	143	0	0	0	74	0	0	0	0	0	0	0	0	113	54	155	0	0	66	152	59	157	0	160	0	0	0	38	65	0	99	0	0	102	0	0	68	0	0	79	80	0	0	0	0	33	17	5	0	176	126	82	146	173	57	92	47	16	14	0	26	0	0	0	23	0	124	0	0	0	98	0	0	130	31	38	60	5	75	44	295	118	2	263	60	118	69	124	0	143	109	110	154	0	0	184	0	153	34	131	0	0	0	61	126	79	15	37	69	0	156	10	0	105	1	161	174	25	229	0	309	206	220	76	102	46	132	0	260	109	0	0	101	26	33	74	168	50	0	37	55	84	58	59	86	60	72	40	95	98	57	51	59	15	68	0	45	0	124	258	0	24	113	59	0	104	57	315	0	0	0	111	47	23	68	0	76	67	154	34	48	109	13	106	0	106	96	0	13	107	38	166	107	75	126	170	105	118	51	0	0	30	0	48	0	0	38	113	40	156	204	74	24
64	0	0	0	0	0	0	0	0	0	0	0	0	0	0	0	0	0	0	31	0	0	0	0	0	0	0	0	0	0	0	0	0	0	0	0	0	0	0	0	0	0	0	0	0	0	0	0	0	0	0	0	0	0	0	0	0	0	0	0	0	0	0	0	0	0	0	0	0	0	0	0	0	0	0	0	0	0	0	0	0	0	0	0	0	0	0	0	0	0	0	0	0	0	0	0	0	0	0	0	0	0	0	0	0	0	0	0	0	0	0	0	0	0	0	0	0	0	0	0	0	0	0	0	0	0	0	0	0	0	0	0	0	0	0	0	0	0	0	0	0	0	0	0	0	0	0	0	0	0	0	0	0	0	0	0	0	0	0	0	0	0	0	0	0	0	0	0	0	0	0	0	0	0	0	0	0	0	0	0	0	0	0	0	0	0	0	0	0	0	0	0	0	0	0	0	0	0	0	0	0	0	0	0	0	0	0	0	0	0	0	0	0	0	0	0	0	0	0	0	0	0	0	0	0	0	0	0	0	0	0	0	0	0	0	0	0	0	0	0	0	0	0	0	0	0	0	0	0	0	6	3	0	0	0	0	0	0	0	0	0	0	0	0	0	0	0	0	0	0	0	0	0	0	0	0	0	0	0	0	0	95	0	0	0	0	0	0	0	0	0	0	0	0	0	0	0	0	0	0	0	0	0	0	0	0	0	0	0	0	0	0	0	0	0	0	0	0	0	0	0	0	0	0	0	0	0	0	0	0	0	0	0	0	0	0	0	0	0	0	0	0	0	0	0	0	0	0	0	0	0	0	0	0	0	0	0	0	0	0	0	0	0	0	0	0	0	0	0	0	0	0	0	0	0	0	0	0	0	0	0	0	0	0	0	0	0	0	0	0	0	0	0	0	0	0	0	0	0	0	0	0	0	0	0	0	0	0	0	0	0	0	0	0	0	0	0	0	0	28	0	0	0	0	0	0	0	0	0	0	0	0	0	0	0	1	0	0	0	0	0	0	0	0	0	0	0	0	0	0	0	0	0	0	0	0	0	0	0	0	0	0	0	0	0	0	0	0	0	0	0	0	0	0	0	0	0	12	0	0	0	0	0	0	0	0	0	0	0	0	0	0	0	0	0	0	0	0	0	0	0	0	0	0	0	0	0	0	7	0	0	0	0	0	0	0	0	0	0	0	0	0	0	0	0	0	0	0	0	0	0	0	0	0	0	0	0	0	0	0	0	0	0	0	0	0	0	0	43	0	0	0	0	0	0	0	0	0	0	0	0	0	0	0	77	0	0	0	0	0	0	0	0	0	0	0	0	0	0	0	0	0	0	0	0	0	0	0	0	0	0	0	0	0	0	0	0	0	26	0	0	0	0	0	196	0	0	0	0	0	0	0	62	0	0	0	0	0	0	0	0	0	0	0	0	100	0	0	0	47	82	0	0	0	0	0	0	0	0	0	0	0	0	0	0	0	0	0	2	77	0	0	0	6	0	0	0	0	0	0	2	0	0	0	0	0	0	0	0	0	0	0	0	261	0	0	0	0	0	0	0	0	0	0	0	0	0	0	0	0	0	94	0	0	0	0	0	0	0	56	0	0	0	0	0	0	0	46	0	0	0	0	0	0	0	0	0	0	136	0	0	0	132	0	0	0	0	0	186	0	0	0	0	0	0	198	0	0	16	0	0	0	0	0	0	37	0	0	0	0	0	0	104	0	0	0	0	0	0	0	0	108	24	0	0	0	11	0	0	0	0	0	0	0	120	31	45	0	0	0	87	0	0	0	0	0	0	0	0	0	0	45	0	0	0	88	0	0	0	0	0	0	23	0	90	0	0	0	233	13	0	0	113	14	0	234	0	0	0	89	27	13	0	0	51	212	0	0	0	0	0	0	0	0	0	0	0	70	0	0	45	0	0	3	0	0	0	0	0	0	0	32	410	71	0	0	6	0	0	82	0	70	236	0	0	0	51	0	207	0	0	0	0	0	0	0	61	261	0	0	54	0	0	18	137	175	0	0	360	0	0	0	119	0	0	0	0	0	0	249	0	61	38	87	211	0	76	83	285	67	0	73	0	0	0	73	18	0	32	0	0	173	0	0	242	0	0	22	49	0	0	0	0	116	7	17	12	73	98	48	121	92	77	109	122	20	81	0	82	0	0	0	166	0	48	46	0	0	91	0	0	45	274	172	58	11	40	72	9	114	11	63	27	34	119	44	0	231	114	31	42	0	0	21	0	152	31	8	26	1	0	35	156	60	29	108	23	101	95	67	0	33	15	120	65	85	69	0	29	232	51	42	27	178	184	125	65	36	1	0	8	69	25	106	84	274	0	235	57	101	34	54	75	51	95	38	21	7	16	21	5	130	87	0	66	0	72	69	37	11	111	212	0	58	139	166	2	0	0	91	92	233	199	0	21	258	86	14	48	37	46	66	0	13	49	0	163	67	120	192	73	243	83	101	89	104	35	0	0	46	0	78	0	0	33	78	37	58	28	100	67
65	0	0	0	0	0	0	0	0	0	0	0	0	0	0	0	0	0	0	0	0	0	0	0	0	0	0	0	0	0	0	0	0	0	0	0	0	0	0	0	0	0	0	0	0	0	0	0	0	0	0	0	0	0	0	0	0	0	0	0	0	0	0	0	0	0	0	0	0	0	0	0	42	0	0	0	0	0	0	0	0	0	0	0	0	0	0	0	0	0	0	0	0	0	0	0	0	0	0	0	0	0	0	0	0	0	0	0	0	0	0	0	0	0	0	0	0	0	0	0	0	0	0	0	0	0	0	0	0	0	0	0	0	0	0	0	0	0	0	0	0	0	0	0	0	0	0	0	0	0	0	0	0	0	0	0	0	0	0	0	0	0	0	0	0	0	0	0	0	0	0	0	0	0	0	0	0	0	0	0	0	0	0	0	0	0	0	0	0	0	0	0	0	0	0	0	0	0	0	0	0	0	0	0	0	0	0	0	0	0	0	0	0	0	0	0	0	0	0	0	0	0	0	0	0	0	0	0	0	0	0	0	0	0	0	0	0	0	0	0	0	0	0	0	0	0	0	0	0	0	0	0	0	0	0	0	0	0	0	0	0	0	0	0	0	0	0	0	0	0	0	0	0	0	0	0	0	0	0	0	0	0	0	0	0	0	0	0	0	0	0	0	0	0	0	0	0	0	0	0	0	0	0	0	0	0	0	0	0	0	0	0	0	0	0	0	0	0	0	0	0	0	0	0	0	0	0	0	0	0	0	1	0	0	0	0	0	0	0	0	0	0	0	0	0	0	0	0	0	0	0	0	0	0	0	0	0	0	0	0	0	0	0	0	0	0	0	0	0	0	0	0	0	0	0	0	0	0	0	0	0	0	0	0	0	0	0	0	0	0	0	0	0	0	0	0	0	0	0	0	0	0	0	0	0	0	0	0	0	0	0	0	0	0	0	0	0	0	0	0	0	0	0	0	0	0	0	0	0	0	0	0	0	0	0	0	0	0	0	0	0	0	0	0	0	0	0	0	0	0	0	0	0	0	0	0	0	0	0	0	0	0	0	0	0	0	0	0	1	0	0	0	0	0	0	0	0	0	0	0	0	0	0	0	0	0	0	0	0	0	0	0	0	0	0	0	0	0	0	0	0	0	0	0	0	0	0	0	77	0	0	0	0	0	0	0	21	0	0	0	0	0	0	0	0	0	0	0	0	0	0	0	0	0	0	0	0	0	0	0	0	0	0	0	0	0	0	0	11	0	0	0	0	0	0	0	0	0	0	0	0	0	0	0	311	0	0	0	0	0	0	0	0	0	0	0	0	0	0	0	0	0	0	0	0	0	0	0	0	0	0	0	1	0	0	0	0	0	6	0	0	0	0	0	87	0	0	0	0	0	0	0	1	0	0	0	0	0	0	0	0	0	0	13	0	132	0	0	0	8	100	0	0	0	0	0	0	0	0	0	0	0	0	0	0	0	0	0	131	22	0	0	0	127	0	0	0	0	0	0	0	0	0	0	0	0	0	0	0	0	0	0	0	90	0	0	0	0	0	0	0	0	0	0	0	0	0	0	0	0	0	62	0	0	0	0	0	0	0	176	0	0	0	0	0	0	0	73	0	0	0	0	0	0	0	0	0	0	49	0	0	0	206	0	0	0	0	0	119	59	0	0	0	0	0	63	0	0	62	0	0	0	0	0	0	83	0	0	0	0	0	0	558	0	0	0	0	0	0	0	0	60	78	0	0	0	19	0	0	0	0	0	0	0	104	0	88	0	0	0	198	0	0	0	0	0	0	0	0	0	0	129	0	0	0	50	0	0	0	0	0	0	26	0	1	0	0	0	129	229	0	0	219	0	0	50	0	0	0	56	74	99	0	0	74	164	0	0	0	0	0	0	0	0	0	0	0	117	0	0	36	0	0	0	0	1	0	0	0	0	0	0	151	20	0	0	154	0	0	0	0	114	109	0	0	0	12	0	57	0	0	0	0	0	0	0	141	90	0	0	71	0	0	87	87	35	0	0	82	0	0	0	25	0	0	0	0	0	0	9	0	23	123	159	17	0	49	82	25	26	0	198	0	0	0	23	9	0	64	0	0	47	0	0	186	0	0	6	207	0	0	4	0	49	48	17	182	29	61	81	89	62	70	184	182	92	62	0	133	0	0	0	169	0	90	54	0	0	114	0	0	53	186	203	67	37	75	79	53	101	597	18	153	187	87	132	0	48	29	180	103	0	0	19	0	74	43	57	0	0	0	133	50	87	135	166	20	184	159	107	0	204	0	74	61	150	142	0	74	146	23	114	176	61	64	0	13	156	0	0	65	67	111	79	27	122	0	67	96	125	36	87	94	43	143	17	100	117	151	132	33	57	83	0	114	0	24	165	0	43	17	31	0	13	12	289	0	0	0	94	20	135	1	0	105	71	168	66	28	117	84	39	0	77	41	0	58	97	87	161	47	142	167	52	19	151	34	0	0	46	0	123	0	0	99	30	90	38	93	227	2
66	0	0	0	0	0	0	0	0	0	0	0	0	0	0	0	0	0	0	0	0	0	0	0	0	0	0	0	0	0	0	0	0	0	0	0	0	0	0	0	0	0	0	0	0	0	0	0	0	0	0	0	0	0	0	0	0	0	0	0	0	0	0	0	0	0	0	0	0	0	0	0	0	0	0	0	0	0	0	0	0	0	0	0	0	0	0	0	0	0	0	0	0	0	0	0	0	0	0	0	0	0	0	0	0	0	0	0	0	0	0	0	0	0	0	0	0	0	0	0	0	0	0	0	0	0	0	0	0	0	0	0	0	0	0	0	0	0	0	0	0	0	0	0	0	0	0	0	0	0	0	0	0	0	0	0	0	0	0	0	0	0	0	0	0	0	0	0	0	0	0	0	0	0	0	0	0	0	0	0	0	0	0	0	0	0	0	0	0	0	0	0	0	0	0	0	0	0	0	0	0	0	0	0	0	0	0	0	0	0	0	0	0	0	0	0	0	0	0	0	0	0	0	0	0	0	0	0	0	0	0	0	0	0	0	0	0	0	0	0	0	0	0	0	0	0	0	0	0	0	0	0	0	0	0	0	0	0	0	0	0	0	0	0	0	0	0	0	0	0	0	0	0	0	0	0	0	0	0	0	0	0	0	0	0	0	0	0	0	0	0	0	0	0	0	0	0	0	0	0	14	0	0	0	0	0	0	0	0	0	0	0	0	0	0	0	0	0	0	0	0	0	0	0	0	0	0	0	0	0	0	0	0	0	0	0	0	0	0	0	0	0	0	0	0	0	0	0	0	0	0	0	0	0	0	0	0	0	0	0	0	0	0	0	0	0	0	0	0	0	0	0	0	0	0	0	0	0	0	0	0	0	0	0	0	0	0	0	0	0	0	0	0	0	0	0	0	0	0	0	0	0	0	0	0	0	0	0	0	0	0	0	0	0	0	0	0	0	0	0	0	0	0	0	0	0	0	0	0	0	0	0	0	0	0	0	0	0	0	0	0	0	0	0	0	0	0	0	0	0	0	0	0	0	0	0	0	0	0	0	0	0	0	0	0	0	0	0	0	0	0	0	0	0	0	0	0	0	0	0	0	0	0	0	0	0	0	0	0	0	0	0	0	0	0	0	0	0	0	0	0	0	0	0	0	0	0	0	39	0	0	0	0	0	0	0	0	0	0	0	0	0	0	0	0	0	0	0	0	0	0	0	0	0	0	0	0	0	0	0	0	23	0	0	0	0	0	0	3	0	0	0	0	0	0	0	0	0	0	0	0	0	0	0	159	0	0	0	0	0	0	0	0	0	8	0	0	0	0	0	0	0	0	0	0	0	0	0	0	0	0	0	0	0	0	0	0	0	165	0	0	0	0	0	94	0	0	0	0	0	0	0	41	0	0	0	0	0	0	0	0	0	0	0	0	90	0	0	0	0	26	0	0	0	0	0	0	0	0	0	0	0	0	0	0	0	0	0	73	94	0	0	0	96	0	0	0	0	0	0	0	0	0	0	0	0	0	0	0	0	0	0	0	121	0	0	0	0	0	0	0	0	0	0	0	0	0	0	0	0	0	109	0	0	0	0	0	0	0	85	0	0	0	0	0	0	0	9	0	0	0	0	0	0	0	0	0	0	38	0	0	0	49	0	0	0	0	0	0	0	0	0	0	0	0	131	0	0	201	1	0	0	0	0	0	0	0	0	0	0	0	0	106	0	0	0	0	0	0	0	0	80	52	0	0	0	0	0	0	0	0	0	0	0	419	0	154	0	0	0	152	0	0	0	0	0	0	0	0	0	0	183	0	0	0	177	0	0	0	0	0	0	50	0	4	0	0	0	101	31	0	0	158	0	0	95	0	0	0	68	54	13	0	0	110	90	0	0	0	0	0	0	0	0	0	0	0	42	0	0	214	0	0	0	0	0	0	31	0	0	0	0	81	26	0	0	43	0	0	0	0	15	41	0	0	0	176	0	62	0	0	0	0	0	0	0	101	235	0	0	111	0	0	173	257	138	0	0	0	0	0	0	4	0	0	0	0	0	0	279	0	84	44	180	93	0	59	12	56	22	0	11	0	0	0	22	56	0	108	0	0	206	0	0	108	0	0	245	64	0	0	0	0	236	253	31	0	77	81	42	24	47	31	118	34	130	141	0	75	0	0	0	58	0	123	10	0	0	88	0	0	292	117	83	141	126	45	136	42	110	0	41	61	82	57	172	0	41	99	95	14	0	0	136	0	12	28	6	0	0	0	18	21	120	118	132	185	245	75	37	0	66	0	131	200	85	44	0	7	5	91	87	70	102	89	0	71	143	0	0	140	76	61	108	139	41	0	36	90	31	71	73	95	175	32	117	202	24	71	261	41	119	438	0	90	0	63	215	0	53	181	97	0	140	156	51	0	0	0	110	33	75	151	0	175	140	35	15	41	62	42	49	0	148	83	0	29	79	32	109	143	78	9	32	66	178	175	0	0	171	0	51	0	0	5	38	62	48	243	244	47
67	0	0	0	0	0	0	0	0	0	0	0	0	0	0	0	0	0	0	0	0	0	0	0	0	0	0	0	0	0	0	0	0	0	0	0	0	0	0	0	0	0	0	0	0	0	0	0	0	0	0	81	0	0	0	0	0	0	0	0	0	0	0	0	0	0	0	0	0	0	0	0	0	0	0	0	0	0	0	0	0	0	0	0	0	0	0	0	0	0	0	0	0	0	0	0	0	0	0	0	0	0	0	0	0	0	0	0	0	0	0	0	0	0	0	0	0	0	0	0	0	0	0	0	0	0	0	0	0	0	0	0	0	0	0	0	0	0	0	0	0	0	0	0	0	0	0	0	0	0	0	0	0	0	0	0	0	0	0	0	0	0	0	0	0	0	0	0	0	0	0	0	0	0	0	0	0	0	0	0	0	0	0	0	0	0	0	0	0	0	0	0	0	0	0	0	0	0	0	0	0	0	0	0	0	0	0	0	0	0	0	0	0	0	0	0	0	0	0	0	0	0	0	0	0	0	0	0	0	0	0	0	0	0	0	0	0	0	0	0	0	0	0	0	0	0	0	0	0	0	0	0	0	0	0	0	0	0	0	0	0	0	0	0	0	0	0	0	0	0	0	0	0	0	0	0	0	0	0	0	0	0	0	0	0	0	0	0	0	0	0	0	0	0	0	0	0	0	26	0	0	0	0	0	0	0	0	0	0	0	0	0	0	0	0	0	0	0	0	0	0	0	0	0	0	0	0	0	0	0	0	0	0	0	0	0	0	0	0	0	0	0	0	0	0	0	0	0	0	0	0	0	0	0	0	0	0	0	0	0	0	0	0	0	0	0	0	0	0	0	0	0	0	0	0	0	0	0	0	0	0	0	0	0	0	0	0	0	0	0	0	0	0	0	0	0	0	0	0	0	0	0	0	0	0	0	0	0	0	0	0	0	0	0	0	0	0	0	0	0	0	0	0	0	0	0	0	0	0	0	0	0	0	0	0	0	0	0	0	0	0	0	0	0	0	0	0	0	0	0	0	0	0	0	0	0	0	0	0	0	0	0	0	0	0	0	0	0	0	0	0	0	0	0	0	0	0	0	0	0	0	0	0	0	0	0	0	0	0	0	0	0	0	0	0	0	0	0	0	0	0	0	0	0	0	0	0	0	71	0	0	0	0	0	0	0	0	0	0	0	0	0	0	0	0	0	0	0	0	0	0	0	0	0	0	0	0	0	0	0	0	0	0	0	0	0	0	0	8	0	0	0	0	0	0	0	0	0	0	0	0	0	0	0	122	0	0	0	0	0	0	0	0	0	0	0	0	0	0	0	0	0	0	0	0	0	0	0	0	0	0	0	0	0	0	0	0	0	76	0	0	0	0	0	65	0	0	0	0	0	1	0	0	0	0	0	0	0	0	0	0	0	0	0	0	126	0	0	0	0	0	0	0	0	0	0	0	0	0	0	0	0	0	0	0	0	0	0	152	86	0	0	0	201	0	0	0	0	0	0	0	0	0	0	0	0	0	0	0	0	0	0	0	100	0	0	0	0	0	0	0	0	0	0	0	0	0	0	0	0	0	187	0	0	0	0	0	0	0	25	0	0	0	0	0	0	0	31	0	0	0	0	0	0	0	0	0	0	73	0	0	0	23	0	0	0	0	0	0	0	0	0	0	0	0	161	0	0	108	0	0	0	0	0	0	0	0	0	0	0	0	30	17	0	0	0	0	0	0	0	0	45	5	30	0	0	0	0	0	0	0	0	0	0	41	0	197	0	0	0	39	0	0	0	0	0	0	0	0	0	0	35	0	0	0	55	0	0	0	0	0	15	74	0	0	0	0	0	12	64	0	0	44	0	0	64	0	0	0	151	148	21	49	0	87	153	0	0	0	0	0	0	0	0	0	0	6	67	0	0	278	0	0	0	0	0	0	0	0	0	0	0	31	61	0	0	61	0	0	0	0	92	82	0	0	0	13	0	62	0	0	0	50	0	0	0	16	35	0	0	111	0	0	197	116	36	0	0	69	0	0	0	44	0	0	0	0	0	0	108	0	0	100	81	34	0	67	113	194	42	8	59	0	0	0	117	0	0	109	0	0	264	0	0	78	0	0	101	120	0	0	0	0	38	37	0	0	92	162	59	60	27	70	49	211	62	252	0	459	0	0	0	87	0	49	123	0	0	124	0	0	149	32	255	79	95	102	86	63	76	0	185	188	4	237	48	0	96	153	38	34	0	0	217	0	77	234	17	0	0	0	133	110	40	92	114	39	73	259	57	0	71	0	40	173	105	76	0	78	47	13	35	33	89	49	15	124	202	0	0	29	130	231	95	76	75	0	182	166	125	34	72	61	84	117	18	44	133	9	41	37	113	75	0	44	1	138	208	0	50	46	43	0	87	63	176	0	0	0	25	126	90	66	0	258	132	31	110	225	253	128	137	0	191	70	0	121	8	236	122	43	50	162	61	142	14	75	0	0	222	0	203	0	0	99	68	42	39	50	107	12
68	0	0	0	0	0	0	0	0	0	0	0	0	0	0	0	0	0	0	0	0	0	0	0	0	0	0	0	0	0	0	0	0	0	0	0	0	0	0	0	0	0	0	0	0	0	0	0	0	0	0	0	0	0	0	0	0	0	0	0	0	0	0	0	0	0	0	0	0	0	0	0	0	0	0	0	0	0	0	0	0	0	0	0	0	0	0	0	0	0	0	0	0	0	0	0	0	0	0	0	0	0	0	0	0	0	0	0	0	0	0	0	0	0	0	0	0	0	0	0	0	0	0	0	0	0	0	0	0	0	0	0	0	0	0	0	0	0	0	0	0	0	0	0	0	0	0	0	0	0	0	0	0	0	0	0	0	0	0	0	0	0	0	0	0	0	0	0	0	0	0	0	0	0	0	0	0	0	0	0	0	0	0	0	0	0	0	0	0	0	0	0	0	0	0	0	0	0	0	0	0	0	0	0	0	0	0	0	0	0	0	0	0	0	0	0	0	0	0	0	0	0	0	0	0	0	0	0	0	0	0	0	0	0	0	0	0	0	0	0	0	0	0	0	0	0	0	0	0	0	0	0	0	0	0	0	0	0	0	0	0	0	0	0	0	0	0	0	0	0	0	0	0	0	0	0	0	0	0	0	0	0	0	0	0	0	0	0	0	0	0	0	0	0	0	0	0	0	0	0	0	0	0	0	0	0	0	0	0	0	0	0	0	0	0	0	0	0	0	0	0	0	0	0	0	0	0	0	0	0	0	0	0	0	0	0	0	0	0	0	0	0	0	0	0	0	0	0	0	0	0	0	0	0	0	0	0	0	0	0	0	0	0	0	0	0	0	0	0	0	0	0	0	0	0	0	0	0	0	0	0	0	0	0	0	0	0	0	0	0	0	0	0	0	0	0	0	0	0	0	0	0	0	0	0	0	0	0	0	0	0	0	0	0	0	0	0	0	0	0	0	0	0	0	0	0	0	0	0	0	0	0	0	0	0	0	0	0	0	0	0	0	0	0	0	0	0	0	0	0	0	0	0	0	0	0	0	0	0	0	0	0	0	0	0	0	0	0	0	0	0	0	0	0	0	0	0	0	0	0	0	0	0	0	0	0	0	0	0	0	0	0	0	0	0	0	0	0	0	0	0	0	0	0	0	0	0	0	12	0	0	0	0	0	0	0	0	0	0	0	0	0	0	0	0	0	0	0	0	0	0	0	0	0	0	0	0	0	0	0	0	0	0	0	0	0	0	0	62	0	0	0	0	0	0	0	0	0	0	0	0	0	0	0	156	0	0	0	0	0	0	0	0	0	0	0	0	0	0	0	85	0	0	0	0	0	0	0	0	0	0	0	0	0	0	0	0	0	34	0	0	0	0	0	51	0	0	0	0	0	0	0	86	0	0	0	0	0	0	0	0	0	0	0	0	137	0	0	0	0	49	0	0	0	0	0	0	0	0	0	0	0	0	0	0	0	2	0	39	36	0	0	0	21	0	0	0	0	0	0	0	0	0	0	0	0	0	0	0	0	0	0	0	137	0	0	0	0	0	0	0	0	0	0	0	0	0	0	0	0	0	95	0	0	0	0	0	0	0	42	0	0	0	0	0	0	0	28	0	0	0	0	0	0	0	0	0	0	127	0	0	0	52	0	0	0	0	0	32	0	0	0	0	0	0	118	0	0	41	0	0	0	0	0	0	0	0	0	0	0	0	0	18	0	0	0	0	0	0	0	0	10	81	0	0	0	0	0	0	0	0	0	0	0	194	0	213	0	0	0	110	0	0	0	0	0	0	0	0	0	0	133	0	3	0	52	0	0	0	0	0	0	186	0	0	0	0	0	88	70	0	0	24	0	0	163	0	0	0	45	232	40	0	0	5	104	0	0	0	0	0	0	0	0	0	0	0	265	0	0	343	0	0	0	0	0	0	0	0	0	0	6	136	123	0	0	79	0	0	0	0	75	65	0	0	0	49	0	49	0	0	0	1	0	0	0	21	49	0	0	103	0	0	209	83	124	0	0	172	0	0	0	4	0	0	0	0	0	0	56	0	35	49	209	3	0	82	147	29	119	0	42	0	0	0	7	0	0	50	0	0	238	0	0	37	0	0	307	32	0	0	0	0	34	98	36	0	86	92	64	44	62	124	53	43	72	67	0	39	0	0	0	84	0	33	127	0	0	28	19	0	183	17	123	151	39	209	72	134	197	1	132	125	107	104	60	0	15	68	87	137	0	0	148	0	267	122	14	0	0	0	57	91	34	266	7	95	101	140	26	0	13	19	167	64	73	216	0	37	153	59	92	14	14	106	5	98	93	77	6	152	122	199	61	74	105	0	42	23	181	42	66	73	31	83	187	56	40	158	28	22	180	97	0	72	0	102	9	0	111	146	91	0	159	164	10	0	0	0	74	46	165	66	0	101	10	208	166	82	22	54	129	0	30	131	0	60	130	142	67	45	49	99	105	164	97	50	0	0	102	0	38	0	0	39	201	159	136	45	63	64
69	0	0	0	0	0	0	0	0	0	0	0	0	0	0	0	0	0	0	0	0	0	0	0	0	0	0	0	0	0	0	0	0	0	0	0	0	0	0	0	0	0	0	0	0	0	0	0	0	0	0	0	0	0	0	0	0	0	0	0	0	0	0	0	0	0	0	0	0	0	0	0	0	0	0	0	0	0	0	0	0	0	0	0	0	0	0	0	0	0	0	0	0	0	0	0	0	0	0	0	0	0	0	0	0	0	0	0	0	0	0	0	0	0	0	0	0	0	0	0	0	0	0	0	0	0	0	0	0	0	0	0	0	0	0	0	0	0	0	0	0	0	0	0	0	0	0	0	0	0	0	0	0	0	0	0	0	0	0	0	0	0	0	0	0	0	0	0	0	0	0	0	0	0	0	0	0	0	0	0	0	0	0	0	0	0	0	0	0	0	0	0	0	0	0	0	0	0	0	0	0	0	0	0	0	0	0	0	0	0	0	0	0	0	0	0	0	0	0	0	0	0	0	0	0	0	0	0	0	0	0	0	0	0	0	0	0	0	0	0	0	0	0	0	0	0	0	0	0	0	0	0	0	0	0	0	0	0	0	0	0	0	0	0	0	0	0	0	0	0	0	0	0	0	0	0	0	0	0	0	0	0	0	0	0	0	0	0	0	0	0	0	0	0	0	0	0	0	0	0	0	0	0	0	0	0	0	0	0	0	0	0	0	0	0	0	0	0	0	0	0	0	0	0	0	0	0	0	0	0	0	0	0	0	0	0	0	0	0	0	0	0	0	0	0	0	0	0	0	0	0	0	0	0	0	0	0	0	0	0	0	0	0	0	0	0	0	0	0	0	0	0	0	0	0	0	0	0	0	0	0	0	0	0	0	0	0	0	0	0	0	0	0	0	0	0	0	0	0	0	0	0	0	0	0	0	0	0	0	0	0	0	0	0	0	0	0	0	0	0	0	0	0	0	0	0	0	0	0	0	0	0	0	0	0	0	0	0	0	0	0	0	0	0	0	0	0	0	0	0	5	0	0	0	0	0	0	0	0	0	0	0	0	0	0	0	0	0	0	0	0	0	0	0	0	0	0	0	0	0	0	0	0	0	0	0	0	0	0	0	0	0	0	0	0	0	0	0	0	0	0	0	0	0	0	0	0	0	45	0	0	0	0	0	0	0	0	0	0	0	0	0	0	0	0	0	0	0	0	0	0	0	0	0	0	0	0	0	0	0	0	0	0	0	0	0	0	0	92	0	0	0	0	0	0	0	0	0	0	0	0	0	0	0	114	0	0	0	0	0	0	0	0	0	0	0	0	0	0	0	0	0	0	0	0	0	0	0	0	0	0	0	0	0	0	0	0	0	23	0	0	0	0	0	11	0	0	0	0	0	0	0	0	0	0	0	0	0	0	0	0	0	0	0	0	75	0	0	0	0	19	0	0	0	0	0	0	0	0	0	0	0	0	0	0	0	0	0	70	26	0	0	0	45	0	0	0	0	0	0	0	0	0	0	0	0	0	0	0	0	0	0	0	64	0	0	0	0	0	0	0	0	0	0	0	0	0	0	0	0	0	67	0	0	0	0	0	0	0	31	0	0	0	0	0	0	0	91	0	0	0	0	0	0	0	0	0	0	171	0	0	0	28	0	0	0	0	0	112	0	0	0	0	0	0	47	0	0	0	0	0	0	0	0	0	0	0	0	0	0	0	0	106	0	0	0	0	0	0	0	0	12	87	0	0	0	0	0	0	0	0	0	0	0	130	0	38	0	0	0	225	0	0	0	0	0	0	0	0	0	0	18	0	0	0	229	0	0	0	0	0	0	198	0	0	0	0	0	193	94	0	0	172	0	0	138	0	0	0	107	76	41	0	0	24	55	0	0	0	0	0	0	0	0	0	0	0	49	0	0	186	0	0	0	0	0	0	0	0	0	0	0	45	117	0	0	91	0	0	0	0	161	124	0	0	0	60	0	39	0	0	0	0	0	0	0	95	0	0	0	24	0	0	68	135	131	0	0	58	0	0	0	3	0	0	0	0	0	0	29	0	292	109	188	10	0	9	248	122	105	0	17	0	0	0	213	0	0	142	0	0	95	0	0	76	0	0	40	122	0	0	0	0	44	81	18	11	48	46	75	66	139	52	193	239	134	29	0	132	0	0	8	109	0	21	165	0	0	19	0	0	34	194	160	164	32	108	109	20	308	41	257	72	50	82	67	0	110	85	160	54	0	0	47	0	39	61	124	0	0	0	121	290	113	81	135	328	24	74	47	0	79	0	67	69	33	96	0	136	81	132	170	50	111	50	49	64	175	0	14	98	64	84	122	51	109	0	174	180	112	10	175	35	82	180	59	37	42	75	206	47	61	20	0	118	0	49	51	1	11	24	65	0	89	25	211	0	0	0	67	67	52	43	0	36	134	56	30	46	12	77	71	0	132	34	0	27	115	65	165	101	112	269	176	90	72	155	0	0	153	0	216	0	0	93	117	13	111	46	91	113
70	0	0	0	0	0	0	0	0	0	0	0	0	0	0	0	0	0	0	0	0	0	0	0	0	0	0	0	0	0	0	0	0	0	0	0	0	0	0	0	0	0	0	0	0	0	0	0	0	0	0	0	0	0	0	0	0	0	0	0	0	0	0	0	0	0	0	0	0	0	0	0	0	0	0	0	0	0	0	0	0	0	0	0	0	0	0	0	0	0	0	0	0	0	0	0	0	0	0	0	0	0	0	0	0	0	0	0	0	0	0	0	0	0	0	0	0	0	0	0	0	0	0	0	0	0	0	0	0	0	0	0	0	0	0	0	0	0	0	0	0	0	0	0	0	0	0	0	0	0	0	0	0	0	0	0	0	0	0	0	0	0	0	0	0	0	0	0	0	0	0	0	0	0	0	0	0	0	0	0	0	0	0	0	0	0	0	0	0	0	0	0	0	0	0	0	0	0	0	0	0	0	0	0	0	0	0	0	0	0	0	0	0	0	0	0	0	0	0	0	0	0	0	0	0	0	0	0	0	0	0	0	0	0	0	0	0	0	0	0	0	0	0	0	0	0	0	0	0	0	0	0	0	0	0	0	0	0	0	0	0	0	0	0	0	0	0	0	0	0	0	0	0	0	0	0	0	0	0	0	0	0	0	0	0	0	0	0	0	0	0	0	0	0	0	0	0	0	0	0	0	0	0	0	0	0	0	0	0	0	0	0	0	0	0	0	0	0	0	0	0	0	0	0	0	0	0	0	0	0	0	0	0	0	0	0	0	0	0	0	0	0	0	0	0	0	0	0	0	0	0	0	0	0	0	0	0	0	0	0	0	0	0	0	0	0	0	0	0	0	0	0	0	0	0	0	0	0	0	0	0	0	0	0	0	0	0	0	0	0	0	0	0	0	0	0	0	0	0	0	0	0	0	0	0	0	0	0	0	0	0	0	0	0	0	0	0	0	0	10	0	0	0	0	0	0	0	0	0	0	0	0	0	0	0	0	0	0	0	0	0	0	0	0	0	0	0	0	0	0	0	0	0	0	0	0	0	0	0	0	0	0	0	0	0	0	0	0	0	0	0	0	0	0	0	0	0	0	0	0	0	0	0	0	0	0	0	0	0	0	0	0	0	0	0	0	0	0	0	0	0	0	0	0	0	0	0	0	42	0	0	0	0	0	0	0	54	0	0	0	0	0	0	0	0	0	0	0	0	0	0	0	0	0	0	0	0	0	0	0	0	0	0	0	0	0	0	0	276	0	0	0	0	0	0	0	0	0	0	0	0	0	0	0	13	0	0	0	0	0	0	36	0	0	0	0	0	0	0	0	0	0	0	0	0	0	0	0	0	0	0	0	0	0	0	0	0	0	131	0	0	0	0	0	3	0	0	0	0	0	0	0	81	0	0	0	12	0	0	0	0	0	0	0	0	191	0	0	0	0	84	0	0	0	0	0	0	0	0	0	0	0	0	0	0	0	0	0	35	49	0	0	0	74	0	0	0	0	0	0	0	0	0	0	0	0	0	0	0	0	0	0	0	63	0	0	0	0	0	0	0	0	0	0	0	0	0	0	0	0	0	142	0	0	0	0	0	0	0	121	0	0	0	0	0	0	0	181	0	0	0	0	0	0	0	0	0	0	22	0	0	0	77	0	0	0	0	0	96	8	0	0	0	0	0	60	0	0	133	0	0	0	0	0	0	0	0	0	0	0	47	0	23	0	0	0	0	0	0	0	0	110	213	0	0	0	0	0	0	0	0	0	0	0	104	0	212	0	0	0	42	0	0	0	0	0	0	0	0	0	0	21	0	0	0	37	0	0	0	0	0	0	215	0	0	0	0	0	120	17	0	0	135	0	0	105	0	0	0	162	55	85	0	0	103	152	0	0	0	0	0	0	0	0	0	0	0	35	0	0	278	0	0	12	0	0	0	0	0	0	0	0	58	318	0	0	100	0	0	12	0	254	94	0	0	0	33	0	40	0	0	0	0	0	0	0	94	92	0	0	136	0	0	58	314	185	0	0	80	0	0	14	262	0	0	0	0	0	0	29	0	17	42	60	8	0	38	49	61	126	1	15	0	0	0	182	117	0	70	0	0	178	0	0	18	0	0	113	144	0	0	0	0	12	24	1	0	42	13	27	28	19	78	62	9	167	187	0	67	0	0	0	120	0	150	32	0	0	250	0	0	332	158	169	32	92	17	88	145	54	55	128	45	151	98	11	0	80	138	39	58	0	0	43	0	61	91	41	0	0	27	34	65	153	32	52	125	181	180	45	0	200	29	34	96	1	93	0	118	50	50	37	84	145	35	28	149	72	0	43	250	123	129	123	96	18	0	22	110	221	37	120	60	61	44	146	48	62	68	12	74	37	69	0	23	0	139	87	2	101	93	39	0	29	10	113	0	0	0	46	96	77	6	0	64	158	19	62	75	104	32	251	0	172	8	0	150	84	12	107	278	22	57	7	68	62	153	0	0	206	0	83	0	0	66	143	38	51	49	35	46
71	0	0	0	0	0	0	0	0	0	0	0	0	0	0	0	0	0	0	0	0	0	0	0	0	0	0	0	0	0	0	0	0	0	0	0	0	0	0	0	0	0	0	0	0	0	0	0	0	0	0	0	0	0	0	0	0	0	0	0	0	0	0	0	0	0	0	0	0	0	0	0	0	0	0	0	0	0	0	0	0	0	0	0	0	0	0	0	0	0	0	0	0	0	0	0	0	0	0	0	0	0	0	0	0	0	0	0	0	0	0	0	0	0	0	0	0	0	0	0	0	0	0	0	0	0	0	0	0	0	0	0	0	0	0	0	0	0	0	0	0	0	0	0	0	0	0	0	0	0	0	0	0	0	0	0	0	0	0	0	0	0	0	0	0	0	0	0	0	0	0	0	0	0	0	0	0	0	0	0	0	0	0	0	0	0	0	0	0	0	0	0	0	0	0	0	0	0	0	0	0	0	0	0	0	0	0	0	0	0	0	0	0	0	0	0	0	0	0	0	0	0	0	0	0	0	0	0	0	0	0	0	0	0	0	0	0	0	0	0	0	0	0	0	0	0	0	0	0	0	0	0	0	0	0	0	0	0	0	0	0	0	0	0	0	0	0	0	0	0	0	0	0	0	0	0	0	0	0	0	0	0	0	0	0	0	0	0	0	0	0	0	0	0	0	0	0	0	0	0	0	0	0	0	0	0	0	0	0	0	0	0	0	0	0	0	0	0	0	0	0	0	0	0	0	0	0	0	0	0	0	0	0	0	0	0	0	0	0	0	0	0	0	0	0	0	0	0	0	0	0	0	0	0	0	0	0	0	0	0	0	0	0	0	0	0	0	0	0	0	0	0	0	0	0	0	0	0	0	0	0	0	0	0	0	0	0	0	0	0	0	0	0	0	0	0	0	0	0	0	0	0	0	0	0	0	0	0	0	0	0	0	0	0	0	0	0	0	0	0	0	0	0	0	0	0	0	0	0	0	0	0	0	0	0	0	0	0	0	0	0	0	0	0	0	0	0	0	0	0	0	0	0	0	0	0	0	0	0	0	0	0	0	0	0	0	0	0	0	0	0	0	0	0	0	0	0	0	0	0	0	0	0	0	0	0	0	0	0	0	0	0	0	0	0	0	0	0	0	0	0	0	0	0	0	0	0	0	138	0	0	0	0	0	0	0	0	0	0	0	0	0	0	0	0	0	0	0	0	0	0	0	0	0	0	0	0	0	0	0	0	0	0	0	0	0	0	0	0	0	0	0	0	0	0	0	0	0	0	0	0	0	0	0	38	0	0	0	0	0	0	0	0	0	0	0	0	0	0	0	0	0	0	0	0	0	0	0	0	0	0	0	0	0	0	0	0	0	45	0	0	0	0	0	215	0	0	0	0	0	0	0	0	0	0	0	0	0	0	0	0	0	0	0	0	114	0	0	1	0	35	0	0	0	0	0	0	0	0	0	0	0	0	0	0	0	0	0	84	224	0	0	0	54	0	0	0	0	0	0	0	0	0	0	0	0	0	0	0	0	0	0	0	39	0	0	0	0	0	0	0	0	0	0	0	0	0	0	0	0	0	61	0	0	0	0	0	0	0	143	0	0	0	0	0	0	0	23	0	0	0	0	0	0	0	0	0	0	130	0	0	0	148	0	0	0	0	0	40	0	0	0	0	0	0	98	0	0	150	0	0	0	0	0	0	0	0	0	0	0	12	0	90	0	0	0	0	0	0	0	0	79	7	0	0	0	0	0	0	0	0	0	0	0	95	10	94	0	0	0	143	0	0	0	0	0	0	0	0	0	0	56	0	0	0	153	0	0	0	0	0	0	42	0	66	0	0	0	48	87	0	0	94	0	0	27	22	0	0	101	236	153	0	0	139	60	0	0	0	0	0	0	0	0	0	0	0	70	0	0	23	0	0	0	0	0	0	0	0	0	0	0	55	20	0	0	60	0	0	0	0	242	83	0	0	0	0	0	91	0	0	0	0	0	0	0	111	92	0	0	187	0	0	38	46	45	0	0	135	0	0	0	38	0	0	0	0	0	0	18	0	185	62	25	0	0	24	149	51	64	0	25	0	0	0	20	19	0	71	0	0	119	0	0	14	0	0	60	14	0	0	0	0	35	60	0	0	47	164	202	160	156	56	84	67	52	17	0	173	0	0	0	113	0	31	91	5	0	98	0	0	63	82	80	11	54	203	67	37	7	94	180	82	69	125	60	0	111	102	200	105	0	0	278	0	50	105	233	0	0	0	112	107	296	91	25	118	108	74	53	0	93	0	59	68	65	61	0	17	28	8	33	169	44	52	0	62	108	81	0	114	111	61	78	61	131	0	60	17	152	72	180	192	15	31	62	115	310	39	135	93	29	105	0	27	0	124	72	134	77	93	102	0	120	83	109	0	0	0	78	39	129	111	0	29	154	46	126	301	251	43	265	0	94	2	0	242	86	98	115	24	93	41	265	54	188	91	0	0	57	0	41	0	0	89	187	198	67	13	201	80
72	0	0	0	0	0	0	0	0	0	0	0	0	0	0	0	0	0	0	0	0	0	0	0	0	0	0	0	0	0	0	0	0	0	0	0	0	0	0	0	0	0	0	0	0	0	0	0	0	0	0	0	0	0	0	0	0	0	0	0	0	0	0	0	0	0	0	0	0	0	0	0	0	0	0	0	0	0	0	0	0	0	0	0	0	0	0	0	0	0	0	0	0	0	0	0	0	0	0	0	0	0	0	0	0	0	0	0	0	0	0	0	0	0	0	0	0	0	0	0	0	0	0	0	1	0	6	0	0	0	0	0	0	0	0	0	0	0	0	0	0	0	0	0	0	0	0	0	0	0	0	0	0	0	0	0	0	0	0	0	0	0	0	0	0	0	0	0	0	0	0	0	0	0	0	0	0	0	0	0	0	0	0	0	0	0	0	0	0	0	0	0	0	0	0	0	0	0	0	0	0	0	0	0	0	0	0	0	0	0	0	0	0	0	0	0	0	0	0	0	0	0	0	0	0	0	0	0	0	0	0	0	0	0	0	0	0	0	0	0	0	0	0	0	0	0	0	0	0	0	0	0	0	0	0	0	0	0	0	0	0	0	0	0	0	0	0	0	0	0	0	0	0	0	0	9	0	0	0	0	0	0	0	0	0	0	0	0	0	0	0	0	0	0	0	0	0	0	0	0	0	0	0	0	0	0	0	0	0	0	0	0	0	0	0	0	0	0	0	0	0	0	0	0	0	0	0	0	0	0	0	0	0	0	0	0	0	0	0	0	0	0	0	0	0	0	0	0	0	0	0	0	0	0	0	0	0	0	0	0	0	0	0	0	0	0	0	0	0	0	0	0	0	0	0	0	0	0	0	0	0	0	0	0	0	0	0	0	0	0	0	0	0	0	0	0	0	0	0	0	0	0	0	0	0	0	0	0	0	0	0	0	0	0	0	0	0	0	0	31	0	0	0	0	0	0	0	0	0	0	0	0	0	0	0	0	0	0	0	0	0	0	0	0	0	0	0	0	0	0	0	0	0	0	0	0	0	0	0	0	0	0	0	0	0	0	0	0	0	0	0	0	0	0	0	0	0	0	0	0	0	0	0	0	0	0	0	0	0	0	0	0	0	0	0	0	0	0	0	0	0	0	1	0	0	0	0	0	110	0	0	0	0	0	0	0	0	0	0	0	0	0	0	0	0	0	0	0	0	0	0	0	0	0	0	0	0	0	0	0	0	0	0	0	0	0	0	0	0	0	0	0	0	0	0	0	0	0	0	0	0	0	0	0	120	0	0	0	0	0	0	0	0	0	0	0	0	0	0	0	0	0	0	1	0	0	0	0	0	0	0	0	0	0	0	0	0	0	216	0	0	0	0	0	261	0	0	0	0	0	0	0	21	0	0	87	0	0	0	0	0	0	0	0	0	209	0	0	0	0	89	0	0	0	0	0	0	0	0	0	0	0	0	0	0	0	0	0	118	124	0	0	0	70	0	0	0	0	0	0	0	0	0	0	0	0	0	0	0	0	0	0	0	13	0	0	0	0	0	0	0	0	0	0	0	0	0	0	0	0	0	50	0	0	0	0	0	0	0	62	0	0	0	0	0	0	0	17	0	0	0	0	0	0	0	0	0	0	181	0	0	0	51	0	0	0	0	0	48	0	0	0	0	0	0	10	0	0	4	0	0	0	0	0	0	25	0	0	0	0	0	0	71	0	0	15	0	0	0	0	0	240	93	13	0	0	0	0	0	0	1	0	0	0	40	0	64	0	0	0	13	0	0	0	0	0	0	0	0	0	0	48	0	0	0	224	0	0	0	0	0	0	309	0	0	0	0	0	185	277	0	0	87	0	0	227	0	0	0	114	52	50	0	0	81	96	0	0	0	0	0	0	0	0	0	0	0	167	0	0	479	0	0	0	0	0	0	0	0	0	0	0	54	51	0	0	54	0	0	0	0	196	71	0	0	0	50	0	37	0	0	0	4	0	0	0	72	1	0	0	44	0	0	93	111	308	0	0	11	0	0	0	5	0	0	0	0	0	0	54	0	73	91	66	188	0	68	16	78	222	0	130	0	0	0	71	19	0	90	0	0	46	0	0	58	0	0	214	117	0	0	0	0	51	16	0	27	26	76	67	30	105	60	143	12	127	12	0	81	0	0	0	69	0	70	59	0	0	57	0	0	50	7	50	73	89	309	176	230	70	0	78	29	242	54	44	0	173	41	187	152	0	0	120	0	71	143	302	0	0	0	34	95	55	74	96	61	49	203	51	0	53	9	19	204	43	152	0	190	137	51	14	40	125	46	23	133	173	0	0	62	100	138	158	136	121	0	18	172	50	38	109	307	73	267	39	66	246	92	132	32	64	89	0	23	43	9	29	2	18	73	88	0	25	88	42	0	0	0	28	148	284	13	0	58	65	158	50	43	47	66	16	0	31	79	0	108	203	255	34	67	39	49	93	18	8	121	0	0	55	0	52	0	0	93	73	58	15	98	221	32
73	0	0	0	0	0	0	0	0	0	0	0	0	0	0	0	0	0	0	0	0	0	0	0	0	0	0	0	0	0	0	0	0	0	0	0	0	0	0	0	0	0	0	0	0	0	0	0	0	0	0	0	0	0	0	0	0	0	0	0	0	0	0	0	0	0	0	0	0	0	0	0	0	0	0	0	0	0	0	0	0	0	0	0	0	0	0	0	0	0	0	0	0	0	0	0	0	0	0	0	0	0	0	0	0	0	0	0	0	0	0	0	0	0	0	0	0	0	0	0	0	0	0	0	0	0	0	0	0	0	0	0	0	0	0	0	0	0	0	0	0	0	0	0	0	0	0	0	0	0	0	0	0	0	0	0	0	0	0	0	0	0	0	0	0	0	0	0	0	0	0	0	0	0	0	0	0	0	0	0	0	0	0	0	0	0	0	0	0	0	0	0	0	0	0	0	0	0	0	0	0	0	0	0	0	0	0	0	0	0	0	0	0	0	0	0	0	0	0	0	0	0	0	0	0	0	0	0	0	0	0	0	0	0	0	0	0	0	0	0	0	0	0	0	0	0	0	0	0	0	0	0	0	0	0	0	0	0	0	0	0	0	0	0	0	0	0	0	0	0	0	0	0	0	0	0	0	0	0	0	0	0	0	0	0	0	0	0	0	0	0	0	0	0	0	0	0	0	0	0	0	0	0	0	0	0	0	0	0	0	0	0	0	0	0	0	0	0	0	0	0	0	0	0	0	0	0	0	0	0	0	0	0	0	0	0	0	0	0	0	0	0	0	0	0	0	0	0	0	0	0	0	0	0	0	0	0	0	0	0	0	0	0	0	0	0	0	0	0	0	0	0	0	0	0	0	0	0	0	0	0	0	0	0	0	0	0	0	0	0	0	0	0	0	0	0	0	0	0	0	0	0	0	0	0	0	0	0	0	0	0	0	0	0	0	0	0	0	0	0	0	0	0	0	0	0	0	0	0	0	0	0	0	0	0	0	0	0	0	0	0	0	0	0	0	0	0	0	0	0	0	0	0	0	0	0	0	0	0	0	0	0	0	0	0	0	0	0	0	0	0	0	0	0	0	0	0	0	0	0	0	0	0	0	0	0	0	0	0	0	0	0	0	0	0	0	0	0	0	0	0	0	0	0	0	0	0	0	198	0	0	0	0	0	0	0	0	0	0	0	0	0	0	0	0	0	0	0	0	0	0	0	0	0	0	0	0	0	0	0	0	0	0	0	0	0	0	0	88	0	0	0	0	0	0	0	0	0	0	0	0	0	0	0	62	0	0	0	0	0	0	0	0	0	0	0	0	0	0	0	0	0	0	0	0	0	0	0	0	0	0	0	0	0	0	0	0	0	18	0	0	0	0	0	48	0	0	0	0	0	0	0	36	0	0	0	0	0	0	0	0	0	0	0	0	237	0	0	0	0	141	0	0	0	0	0	0	0	0	0	0	0	0	0	0	0	0	6	259	122	0	0	0	13	0	0	0	0	0	0	0	0	0	0	0	0	0	0	0	0	0	0	0	87	0	0	0	0	0	0	0	0	0	0	0	0	0	0	0	0	0	60	0	0	0	0	0	0	0	229	0	0	0	0	0	0	0	77	0	0	0	0	0	0	0	0	0	0	251	0	0	0	221	0	0	0	0	0	51	0	0	0	0	0	0	80	0	0	141	0	0	0	0	0	0	5	0	0	0	0	0	0	261	0	0	0	0	0	0	0	0	54	113	0	0	0	0	0	0	0	0	0	0	0	148	9	243	0	0	0	173	0	0	0	0	0	0	0	0	0	0	207	0	0	0	137	0	0	0	88	0	0	138	0	0	0	0	0	33	137	0	0	24	0	0	83	0	0	0	122	33	90	0	0	42	170	0	0	0	0	0	0	0	0	0	0	0	9	0	0	166	0	0	0	0	0	0	0	0	0	0	3	81	48	0	0	58	0	0	1	0	60	27	0	0	0	64	0	124	0	0	0	0	0	0	0	47	2	0	0	40	0	0	24	119	36	0	0	28	0	0	0	44	0	0	0	0	0	0	9	0	0	21	129	0	0	54	241	95	14	0	39	0	0	0	51	12	0	59	0	0	85	0	0	57	0	0	82	11	0	0	0	0	123	125	0	0	32	88	45	71	47	16	4	94	94	9	0	15	0	0	0	329	0	91	20	0	0	123	0	0	94	242	248	154	15	81	287	140	45	0	30	56	76	29	79	0	88	170	79	114	0	0	29	0	56	115	79	0	0	0	53	115	139	43	62	70	19	37	238	0	172	0	44	70	90	138	0	33	216	161	39	81	21	131	0	130	189	0	0	132	113	187	91	100	67	0	42	24	53	20	95	181	111	33	29	42	109	61	70	72	150	39	0	93	0	251	11	0	92	12	251	0	91	126	26	0	0	0	86	33	24	52	0	105	19	48	150	115	279	74	54	0	46	133	0	397	31	49	142	119	18	70	351	93	104	172	0	0	170	0	85	0	0	55	109	125	128	39	60	32
74	0	0	0	0	0	0	0	0	0	0	0	0	0	0	0	0	0	0	0	0	0	0	0	0	0	0	0	0	0	0	0	0	0	0	0	0	0	0	0	0	0	0	0	0	0	0	0	0	0	0	0	0	0	0	0	0	0	0	0	0	0	0	0	0	0	0	0	0	0	0	0	0	0	0	0	0	0	0	0	0	0	0	0	0	0	0	0	0	0	0	0	0	0	0	0	0	0	0	0	0	0	0	0	0	0	0	0	0	0	0	0	0	0	0	0	0	0	0	0	0	0	0	0	0	0	0	0	0	0	0	0	0	0	0	0	0	0	0	0	0	0	0	0	0	0	0	0	0	0	0	0	0	0	0	0	0	0	0	0	0	0	0	0	0	0	0	0	0	0	0	0	0	0	0	0	0	0	0	0	0	0	0	0	0	0	0	0	0	0	0	0	0	0	0	0	0	0	0	0	0	0	0	0	0	0	0	0	0	0	0	0	0	0	0	0	0	0	0	0	0	0	0	0	0	0	0	0	0	0	0	0	0	0	0	0	0	0	0	0	0	0	0	0	0	0	0	0	0	0	0	0	0	0	0	0	0	0	0	0	0	0	0	0	0	0	0	0	0	0	0	0	0	0	0	0	0	0	0	0	0	0	0	0	0	0	0	0	0	0	0	0	0	0	0	0	0	0	0	0	0	0	0	0	0	0	0	0	0	0	0	0	0	0	0	0	0	0	0	0	0	0	0	0	0	0	0	0	0	0	0	0	0	0	0	0	0	0	0	0	0	0	0	0	0	0	0	0	0	0	0	0	0	0	0	0	0	0	0	0	0	0	0	0	0	0	0	0	0	0	0	0	0	0	0	0	0	0	0	0	0	0	0	0	0	0	0	0	0	0	0	0	0	0	0	0	0	0	0	0	0	0	0	0	0	0	0	0	0	0	0	0	0	0	0	0	0	0	0	8	0	0	0	0	0	0	0	0	0	0	0	0	0	0	0	0	0	0	0	0	0	0	0	0	0	0	0	0	0	0	0	0	0	0	0	0	0	0	0	0	0	0	0	0	0	0	0	0	0	0	0	0	0	0	0	0	0	89	0	0	0	0	0	0	0	0	0	0	0	0	0	0	0	0	0	0	0	0	0	0	0	0	0	0	0	0	0	0	0	0	0	0	0	0	0	0	0	0	0	0	0	0	0	0	0	0	0	0	0	0	0	0	0	0	0	0	0	0	0	0	0	0	0	0	0	0	0	0	0	0	0	0	0	0	0	0	0	0	0	0	0	0	0	0	103	0	0	0	0	0	0	0	0	0	0	0	0	0	0	0	0	0	0	0	0	0	0	0	0	0	0	0	0	0	0	0	0	0	58	0	0	0	0	0	71	0	0	0	0	0	0	0	0	0	0	0	0	0	0	0	0	0	0	0	0	31	0	0	0	0	335	0	0	0	0	0	0	0	0	0	0	0	0	0	0	0	0	0	20	86	0	0	0	329	0	0	0	0	0	0	0	0	0	0	0	0	0	0	0	0	0	0	0	60	0	0	0	0	0	0	0	0	0	0	0	0	0	0	0	0	0	105	0	0	0	0	0	0	0	111	0	0	0	0	0	0	0	90	0	0	0	0	0	0	0	0	0	0	70	0	0	0	23	0	0	0	0	0	64	0	0	0	0	0	0	49	0	0	0	0	0	0	0	0	0	0	0	0	0	0	14	0	177	0	0	0	0	0	0	0	0	21	38	0	0	0	28	0	0	0	0	0	0	0	44	0	150	0	0	0	36	0	0	0	0	0	0	0	0	0	0	28	0	0	0	115	0	0	0	0	0	0	18	0	0	0	0	0	156	120	0	0	51	0	0	118	51	0	0	60	28	49	0	0	146	103	0	0	0	0	0	0	0	0	0	0	0	14	0	0	208	0	0	0	0	0	0	0	0	0	0	0	27	191	0	0	37	0	0	0	0	136	82	0	0	0	57	0	61	0	0	0	0	0	0	0	109	44	0	0	34	0	0	131	91	48	0	3	126	0	0	0	38	0	0	0	0	0	0	0	0	24	138	74	0	0	145	63	45	83	0	296	0	0	0	22	104	0	171	0	0	58	0	13	8	0	0	78	41	0	0	0	0	83	64	26	32	34	215	98	94	180	16	83	22	11	189	0	36	0	0	0	96	0	31	140	0	0	33	0	0	66	211	151	98	95	127	13	30	53	7	19	6	154	215	40	0	148	122	18	79	0	0	8	0	29	89	44	0	0	155	304	11	86	78	152	110	115	165	179	0	208	0	237	255	56	116	0	49	56	30	155	50	32	51	0	151	81	0	0	77	42	197	46	71	25	0	85	40	102	197	47	67	126	38	74	85	68	172	14	31	113	135	0	190	0	104	15	183	96	359	57	0	19	30	93	0	0	0	38	136	69	42	0	93	33	16	79	126	49	20	86	0	80	151	0	113	31	98	58	64	49	141	53	35	100	70	0	0	36	0	62	0	0	8	73	109	37	199	354	30
75	0	0	0	0	0	0	0	0	0	0	0	0	0	0	0	0	0	0	0	0	0	0	0	0	0	0	0	0	0	0	0	0	0	0	0	0	0	0	0	0	0	0	0	0	0	0	0	0	0	0	0	0	0	0	0	0	0	0	0	0	0	0	0	0	0	0	0	0	0	0	0	0	0	0	0	0	0	0	0	0	0	0	0	0	0	0	0	0	0	0	0	0	0	0	0	0	0	0	0	0	0	0	0	0	0	0	0	0	0	0	0	0	0	0	0	0	0	0	0	0	0	0	0	0	0	0	0	0	0	0	0	0	0	0	0	0	0	0	0	0	0	0	0	0	0	0	0	0	0	0	0	0	0	0	0	0	0	0	0	0	0	0	0	0	0	0	0	0	0	0	0	0	0	0	0	0	0	0	0	0	0	0	0	0	0	0	0	0	0	0	0	0	0	0	0	0	0	0	0	0	0	0	0	0	0	0	0	0	0	0	0	0	0	0	0	0	0	0	0	0	0	0	0	0	0	0	0	0	0	0	0	0	0	0	0	0	0	0	0	0	0	0	0	0	0	0	0	0	0	0	0	0	0	0	0	0	0	0	0	0	0	0	0	0	0	0	0	0	0	0	0	0	0	0	0	0	0	0	0	0	0	0	0	0	0	0	0	0	0	0	0	0	0	0	0	0	0	0	0	0	0	0	0	0	0	0	0	0	0	0	0	0	0	0	0	0	0	0	0	0	0	0	0	0	0	0	0	0	0	0	0	0	0	0	0	0	0	0	0	0	0	0	0	0	0	0	0	0	0	0	0	0	0	0	0	0	0	0	0	0	0	0	0	0	0	0	0	0	0	0	0	0	0	0	0	0	0	0	0	0	0	0	0	0	0	0	0	0	0	0	0	0	0	0	0	0	0	0	0	0	0	0	0	0	0	0	0	0	0	0	0	0	0	0	0	0	0	0	0	0	0	0	0	0	0	0	0	0	0	0	0	0	0	0	0	0	0	0	0	0	0	0	0	0	0	0	0	0	0	0	0	0	0	0	0	0	0	0	0	0	0	0	0	0	0	0	0	0	0	0	0	0	0	0	0	0	0	0	0	0	0	0	0	0	0	0	0	0	0	0	0	0	0	0	0	0	0	0	0	0	0	0	0	0	0	0	0	55	0	0	0	0	0	0	0	0	0	0	0	0	0	0	0	0	0	0	0	0	0	0	0	0	0	0	0	0	0	0	0	0	0	0	0	0	0	0	0	0	0	0	0	0	0	0	0	0	0	0	0	0	0	0	0	48	0	0	0	0	0	0	0	0	0	0	0	0	0	0	0	0	0	0	0	0	0	0	0	0	0	0	0	0	0	0	0	0	0	52	0	0	0	0	0	129	0	0	0	0	0	0	0	0	0	0	0	0	0	0	0	0	0	0	0	0	93	0	0	0	0	34	0	0	0	0	0	0	0	0	0	0	0	0	0	0	0	0	0	0	27	0	0	0	105	0	0	0	0	0	0	0	0	0	0	0	0	0	0	0	0	0	0	0	179	0	0	0	0	0	0	0	0	0	0	0	0	0	0	0	0	0	75	0	0	0	0	0	0	0	124	0	0	0	0	0	0	0	236	0	0	0	0	0	0	0	0	0	0	32	0	0	0	110	0	0	0	0	0	0	0	0	0	0	0	0	133	0	0	102	0	0	0	0	0	0	0	0	0	0	0	0	0	23	0	0	0	0	0	0	0	0	42	224	25	0	0	0	0	0	0	0	0	0	0	87	21	78	0	0	0	105	0	0	0	0	0	0	0	0	0	0	43	0	0	0	229	0	0	0	0	0	0	35	0	0	0	0	0	93	79	0	0	155	0	0	129	0	0	0	262	69	25	0	0	95	59	0	0	0	0	0	0	0	0	0	0	0	71	0	0	99	0	0	0	0	0	0	0	0	0	0	0	54	73	0	0	41	0	0	0	0	57	85	0	0	0	0	0	26	0	0	0	0	0	0	0	128	143	0	0	100	0	0	114	83	199	0	0	68	0	0	0	89	0	0	0	0	0	0	142	0	0	33	16	1	0	57	120	160	76	0	135	0	0	0	62	84	0	162	0	0	69	0	0	139	0	0	22	38	0	0	0	0	36	74	0	0	245	58	128	61	57	69	8	10	61	180	0	31	0	0	0	145	0	36	256	0	0	99	0	0	94	77	300	111	103	170	27	13	67	13	5	73	22	21	136	0	57	26	78	146	0	0	165	0	15	120	96	0	0	0	49	229	67	36	46	127	158	54	202	0	173	0	209	31	8	206	0	207	99	137	40	39	128	89	0	61	159	0	0	121	57	231	69	85	58	0	64	93	20	24	82	142	11	88	192	32	201	77	115	27	191	32	0	134	0	68	231	0	69	121	93	0	115	70	158	0	0	0	55	137	206	309	0	90	53	194	18	207	106	72	74	0	62	67	0	73	123	301	200	70	52	82	15	50	190	31	0	0	142	0	35	0	0	124	127	381	51	76	3	35
76	0	0	0	0	0	0	0	0	0	0	0	0	0	0	0	0	0	0	0	0	0	0	0	0	0	0	0	0	0	0	0	0	0	0	0	0	0	0	0	0	0	0	0	0	0	0	0	0	0	0	0	0	0	0	0	0	0	0	0	0	0	0	0	0	0	0	0	0	0	0	0	0	0	0	0	0	0	0	0	0	0	0	0	0	0	0	0	0	0	0	0	0	0	0	0	0	0	0	0	0	0	0	0	0	0	0	0	0	0	0	0	0	0	0	0	0	0	0	0	0	0	0	0	0	0	0	0	0	0	0	0	0	0	0	0	0	0	0	0	0	0	0	0	0	0	0	0	0	0	0	0	0	0	0	0	0	0	0	0	0	0	0	0	0	0	0	0	0	0	0	0	0	0	0	0	0	0	0	0	0	0	0	0	0	0	0	0	0	0	0	0	0	0	0	0	0	0	0	0	0	0	0	0	0	0	0	0	0	0	0	0	0	0	0	0	0	0	0	0	0	0	0	0	0	0	0	0	0	0	0	0	0	0	0	0	0	0	0	0	0	1	0	0	0	0	0	0	0	0	0	0	0	0	0	0	0	0	0	0	0	0	0	0	0	0	0	0	0	0	0	0	0	0	0	0	0	0	0	0	0	0	0	0	0	0	0	0	0	0	0	0	0	0	0	0	0	0	0	0	0	0	0	0	0	0	0	0	0	0	0	0	0	0	0	0	0	0	0	0	0	0	0	0	0	0	0	0	0	0	0	0	0	0	0	0	0	0	0	0	0	0	0	0	0	0	0	0	0	0	0	0	0	0	0	0	0	0	0	0	0	0	0	0	0	0	0	0	0	0	0	0	0	0	0	0	0	0	0	0	0	0	0	0	0	0	0	0	0	0	0	0	0	0	0	0	0	0	0	0	0	0	0	0	0	0	0	0	0	0	0	0	0	0	0	0	0	0	0	0	0	0	0	0	0	0	0	0	0	0	0	0	0	0	0	0	0	0	0	0	0	0	0	0	0	0	0	0	0	0	0	0	0	0	0	0	0	0	0	0	0	0	0	0	0	0	0	0	0	0	0	0	0	0	0	0	0	41	0	0	0	0	0	0	0	0	0	0	0	0	0	0	0	0	0	0	0	0	0	0	0	0	0	0	0	0	0	0	126	0	0	0	0	0	0	0	23	0	0	0	0	0	0	0	0	0	0	0	0	0	0	0	0	0	0	0	0	0	0	0	0	0	0	0	0	0	0	0	0	0	0	0	0	0	0	0	0	0	0	0	0	0	0	0	57	0	0	0	0	0	0	0	0	0	0	0	0	0	0	0	0	0	0	0	0	0	0	0	0	0	0	0	0	0	0	0	0	0	124	0	0	0	0	0	4	0	0	0	0	0	0	0	0	0	0	0	0	0	0	0	0	0	0	0	0	51	0	0	0	0	105	0	0	0	0	0	0	0	0	0	0	0	0	0	0	0	0	0	2	0	0	0	0	93	0	0	0	0	0	0	0	0	0	0	0	0	0	0	0	0	0	0	0	160	0	0	0	0	0	0	0	0	0	0	0	0	0	0	0	0	0	40	0	0	0	0	0	0	0	11	0	0	0	0	0	0	0	77	0	0	0	0	0	0	0	0	0	0	187	0	0	0	104	0	0	0	0	0	95	0	0	0	0	0	0	56	0	0	9	0	0	0	0	0	0	0	0	0	0	0	0	0	127	0	0	0	0	0	0	0	0	199	95	62	0	0	12	0	0	0	0	0	0	0	40	0	78	0	0	0	71	0	0	0	0	0	0	0	0	0	0	56	0	0	0	121	0	0	0	0	0	0	102	0	1	0	0	0	64	33	0	0	136	0	0	153	35	0	0	88	216	184	0	0	253	63	0	0	0	0	0	0	0	0	0	0	0	18	0	0	116	0	0	0	0	0	0	0	0	0	0	0	62	71	0	0	126	106	0	0	0	37	55	0	0	0	0	0	145	0	0	0	0	0	0	0	100	60	0	0	253	0	0	249	28	159	0	0	87	0	0	0	88	0	0	0	0	0	0	20	0	42	142	57	112	0	28	53	147	29	0	75	0	0	0	20	24	0	104	0	0	55	0	0	301	0	0	109	53	0	0	0	0	168	50	0	33	102	71	22	21	149	7	90	18	81	163	0	32	0	0	0	214	0	219	127	0	0	18	0	0	33	120	19	46	22	107	81	217	51	0	63	51	65	19	63	0	281	78	120	21	0	0	68	0	121	129	133	0	0	42	48	94	76	16	217	80	114	67	98	0	198	0	71	83	103	204	0	133	60	64	52	120	109	44	152	123	83	0	0	58	99	61	21	130	34	0	83	69	149	100	26	101	130	49	110	13	58	272	2	19	168	160	0	39	0	69	187	0	66	123	13	0	148	48	116	5	0	0	22	97	244	92	0	94	63	41	38	200	162	48	73	0	12	105	0	73	54	176	224	10	220	137	122	157	211	57	0	0	189	0	72	0	0	208	186	52	61	121	87	170
77	0	0	0	0	0	0	0	0	0	0	0	0	0	0	0	0	0	0	0	0	0	0	0	0	0	0	0	0	0	0	0	0	0	0	0	8	0	0	0	0	0	0	0	0	0	0	0	0	0	0	0	0	0	0	0	0	0	0	0	0	0	0	0	0	0	0	0	0	0	0	0	0	0	0	0	0	0	0	0	0	0	0	0	0	0	0	0	0	0	0	0	0	0	0	0	0	0	0	0	0	0	0	0	0	0	0	0	0	0	0	0	0	0	0	0	0	0	0	0	0	0	0	0	0	0	0	0	0	0	0	0	0	0	0	0	0	0	0	0	0	0	0	0	0	0	0	0	0	0	0	0	0	0	0	0	0	0	0	0	0	0	0	0	0	0	0	0	0	0	0	0	0	0	0	0	0	0	0	0	0	0	0	0	0	0	0	0	0	0	0	0	0	0	0	0	0	0	0	0	0	0	0	0	0	0	0	0	0	0	0	0	0	0	0	0	0	0	0	0	0	0	0	0	0	0	0	0	0	0	0	0	0	0	0	0	0	0	0	0	0	0	0	0	0	0	0	0	0	0	0	0	0	0	0	0	0	0	0	0	0	0	0	0	0	0	0	0	0	0	0	0	0	0	0	0	0	0	0	0	0	0	0	0	0	0	0	0	0	0	0	0	0	0	0	0	0	0	0	0	0	0	0	0	0	0	0	0	0	0	0	0	0	0	0	0	0	0	0	0	0	0	0	0	0	0	0	0	0	0	0	0	0	0	0	0	0	0	0	0	0	0	0	0	0	0	0	0	0	0	0	0	0	0	0	0	0	0	0	0	0	0	0	0	0	0	0	0	0	0	0	0	0	0	0	0	0	0	0	0	0	0	0	0	0	0	0	0	0	0	0	0	0	0	0	0	0	0	0	0	0	0	0	0	0	0	0	0	0	0	0	0	0	0	0	0	0	0	0	0	0	0	0	0	0	0	0	0	0	0	0	0	0	0	0	0	0	0	0	0	0	0	0	0	0	0	0	0	0	0	0	0	0	0	0	0	0	0	0	0	0	0	0	0	0	0	0	0	0	0	0	0	0	0	0	0	0	0	0	0	0	0	0	0	0	0	0	0	0	0	0	0	0	0	0	0	0	0	0	0	0	0	0	0	0	0	0	0	171	0	0	0	0	0	0	0	0	0	0	0	0	0	0	0	0	0	0	0	0	0	0	0	0	0	0	0	0	0	0	0	0	0	0	0	0	0	0	0	0	0	0	0	0	0	0	0	0	0	0	0	0	0	0	0	139	0	0	0	0	0	0	0	0	0	0	0	0	0	0	0	0	0	0	0	0	0	0	0	0	0	0	0	0	0	0	0	0	0	213	0	0	0	0	0	95	0	0	0	0	0	0	0	0	0	0	0	0	0	0	0	0	0	0	0	0	124	0	0	0	0	105	0	0	0	0	0	0	0	0	0	0	0	0	0	0	0	0	0	16	14	0	0	0	56	0	0	0	0	0	0	0	0	0	0	0	0	0	0	0	0	0	0	0	34	0	0	0	0	0	0	0	0	0	0	0	0	0	0	0	0	0	0	0	0	0	0	0	0	0	79	0	0	0	0	0	0	0	136	0	0	0	0	0	0	0	0	0	0	137	0	0	0	59	0	0	0	0	0	0	0	0	0	0	0	0	102	0	0	0	0	0	0	0	0	0	0	0	0	0	0	0	0	215	0	0	0	0	0	0	0	0	121	57	0	0	0	0	0	0	0	0	0	0	0	90	0	124	0	0	0	24	0	0	0	0	0	0	0	0	0	0	32	0	0	0	30	0	0	0	0	0	0	80	0	0	0	0	0	78	96	0	0	61	0	0	55	0	0	0	122	43	98	0	0	45	119	0	0	0	0	0	0	0	0	0	0	0	166	0	0	330	0	0	0	0	0	0	0	0	0	0	0	162	182	0	0	49	0	0	0	0	81	125	0	0	0	0	0	47	0	0	0	0	0	0	0	20	19	0	0	107	0	0	140	61	70	0	0	0	0	0	0	111	0	0	0	0	0	0	20	0	0	260	48	0	0	85	72	73	35	0	209	0	0	0	102	36	0	106	0	0	121	0	0	96	0	0	11	70	0	0	0	0	233	95	0	0	225	92	63	103	78	48	34	1	168	60	0	95	0	0	0	67	0	109	156	0	0	43	0	0	142	76	81	11	44	105	62	166	132	0	84	28	146	12	214	0	32	78	119	7	0	0	177	0	135	152	83	0	0	0	93	44	51	285	52	23	302	120	340	0	138	0	273	38	115	186	0	36	107	46	13	131	110	1	0	109	161	0	0	40	30	33	314	34	61	0	72	102	29	156	145	91	98	62	123	123	61	22	93	45	298	59	0	64	0	41	24	0	63	73	113	0	105	104	31	0	0	0	198	45	53	71	0	181	58	156	76	15	106	139	144	0	218	40	0	87	183	51	170	267	161	57	46	110	54	81	0	0	67	0	78	0	0	40	72	22	1	67	32	13
78	0	0	0	0	0	0	0	0	0	0	0	0	0	0	0	0	0	0	0	0	0	0	0	0	0	0	0	0	0	0	0	0	0	0	0	0	0	0	0	0	0	0	0	0	0	0	0	0	0	0	0	0	0	0	0	0	0	0	0	0	0	0	0	0	0	0	0	0	0	0	0	0	0	0	0	0	0	0	0	0	0	0	0	0	0	0	0	0	0	0	0	0	0	0	0	0	0	0	0	0	0	0	0	0	0	0	0	0	0	0	0	0	0	0	0	0	0	0	0	0	0	0	0	0	0	0	0	0	0	0	0	0	0	0	0	0	0	0	0	0	0	0	0	0	0	0	0	0	0	0	0	0	0	0	0	0	0	0	0	0	0	0	0	0	0	0	0	0	0	0	0	0	0	0	0	0	0	0	0	0	0	0	0	0	0	0	0	0	0	0	0	0	0	0	0	0	0	0	0	0	0	0	0	0	0	0	0	0	0	0	0	0	0	0	0	0	0	0	0	0	0	0	0	0	0	0	0	0	0	0	0	0	0	0	0	0	0	0	0	0	0	0	0	0	0	0	0	0	0	0	0	0	0	0	0	0	0	0	0	0	0	0	0	0	0	0	0	0	0	0	0	0	0	0	0	0	0	0	0	0	0	0	0	0	0	0	0	0	0	0	0	0	0	0	0	0	0	0	0	0	0	0	0	0	0	0	0	0	0	0	0	0	0	0	0	0	0	0	0	0	0	0	0	0	0	0	0	0	0	0	0	0	0	0	0	0	0	0	0	0	0	0	0	0	0	0	0	0	0	0	0	0	0	0	0	0	0	0	0	0	0	0	0	0	0	0	0	0	0	0	0	0	0	0	0	0	0	0	0	0	0	0	0	0	0	0	0	0	0	0	0	0	0	0	0	0	0	0	0	0	0	0	0	0	0	0	0	0	0	0	0	0	0	0	0	0	0	0	0	0	0	0	0	0	0	0	0	0	0	0	0	0	0	0	0	0	0	0	0	0	0	0	0	0	0	0	0	0	0	0	0	0	0	0	0	0	0	0	0	0	0	0	0	0	0	0	0	0	0	0	0	0	0	0	0	0	0	0	0	0	0	0	0	0	0	0	0	0	0	0	0	0	0	0	0	0	0	0	0	0	0	0	0	0	0	0	0	174	0	0	0	0	0	0	0	0	0	0	0	0	0	0	0	0	0	0	0	0	0	0	0	0	0	0	0	0	0	0	0	0	0	0	0	0	0	0	0	0	0	0	0	0	0	0	0	0	0	0	0	0	0	0	0	75	0	0	0	0	0	0	0	0	0	0	0	0	0	0	0	0	0	0	0	0	0	0	0	0	0	0	0	0	0	0	0	0	0	39	0	0	0	0	0	16	0	0	0	0	0	0	0	0	0	0	0	0	0	0	0	0	0	0	0	0	115	0	0	0	0	49	0	0	0	0	0	1	0	0	0	0	0	0	0	0	0	0	0	243	1	0	0	0	264	0	0	0	0	0	0	0	0	0	0	0	0	0	0	0	0	0	0	0	33	0	0	0	0	0	0	0	0	0	0	0	0	0	0	0	0	0	77	0	0	0	0	0	0	0	26	0	0	0	0	0	0	0	114	0	0	0	0	0	0	0	0	0	0	65	0	0	0	50	0	0	0	0	0	10	0	0	0	0	0	0	141	0	0	0	0	0	0	0	0	0	0	0	0	0	0	0	0	90	0	0	0	0	0	0	0	0	184	28	0	0	0	0	0	0	0	0	0	0	0	58	0	21	0	0	0	11	0	0	0	0	0	0	0	0	0	0	108	0	0	0	185	0	0	0	0	0	0	95	0	0	0	0	0	62	64	0	0	53	0	0	45	0	0	0	26	100	68	0	0	126	214	0	0	0	0	0	0	0	0	0	0	0	82	0	0	104	0	0	0	0	0	0	0	0	0	0	0	124	89	0	0	133	0	0	0	0	43	16	0	0	0	2	0	45	0	0	0	0	0	0	0	61	54	0	0	153	0	0	72	166	93	0	0	12	0	0	0	118	0	0	0	0	0	0	12	0	39	75	117	17	0	38	190	98	118	0	129	0	0	0	23	0	0	154	0	0	75	0	0	121	0	0	129	12	0	0	0	0	165	62	0	0	116	57	133	96	50	69	142	70	51	129	0	198	0	0	0	239	0	42	185	0	0	75	0	0	225	37	143	183	54	261	27	82	97	0	113	115	134	217	68	0	143	49	109	59	0	0	193	0	121	78	155	0	0	0	122	78	132	63	86	33	147	111	16	0	148	0	71	55	92	57	0	41	135	10	137	103	127	0	0	78	70	0	0	181	144	133	194	55	137	0	88	92	183	13	171	47	78	91	26	112	40	42	92	111	30	27	0	43	0	84	61	0	90	93	49	0	92	213	158	0	0	0	164	132	38	99	0	117	75	82	32	112	24	324	147	0	135	74	0	83	100	152	117	66	82	31	165	67	83	287	0	0	94	0	163	0	0	249	122	70	131	83	351	122
79	0	0	0	0	0	0	0	0	0	0	0	0	0	0	0	0	0	0	0	0	0	0	0	0	0	0	0	0	0	0	0	0	0	0	0	0	0	0	0	0	0	0	0	0	0	0	0	0	0	0	0	0	0	0	0	0	0	0	0	0	0	0	0	0	0	0	0	0	0	0	0	0	0	0	0	0	0	0	0	0	0	0	0	0	0	0	0	0	0	0	0	0	0	0	0	0	0	0	0	0	0	0	0	0	0	0	0	0	0	0	0	0	0	0	0	0	0	0	0	0	0	0	0	0	0	0	0	0	0	0	0	0	0	0	0	0	0	0	0	0	0	0	0	0	0	0	0	0	0	0	0	0	0	0	0	0	0	0	0	0	0	0	0	0	0	0	0	0	0	0	0	0	0	0	0	0	0	0	0	0	0	0	0	0	0	0	0	0	0	0	0	0	0	0	0	0	0	0	0	0	0	0	0	0	0	0	0	0	0	0	0	0	0	1	0	0	0	0	0	0	0	0	0	0	0	0	0	0	0	0	0	0	0	0	0	0	0	0	0	0	0	0	0	0	0	0	0	0	0	0	0	0	0	0	0	0	0	0	0	0	0	0	0	0	0	0	0	0	0	0	0	0	0	0	0	0	0	0	0	0	0	0	0	0	0	0	0	0	0	0	0	0	0	0	0	0	0	0	0	0	0	0	0	0	0	0	0	0	0	0	0	0	0	0	0	0	0	0	0	0	0	0	0	0	0	0	0	0	0	0	0	0	0	0	0	0	0	0	0	0	0	0	0	0	0	0	0	0	0	0	0	0	0	0	0	0	0	0	0	0	0	0	0	0	0	0	0	0	0	0	0	0	0	0	0	0	0	0	0	0	0	0	0	0	0	0	0	0	0	0	0	0	0	0	0	0	0	0	0	0	0	0	0	0	0	0	0	0	0	0	0	0	0	0	0	0	0	0	0	0	0	0	0	0	0	0	0	0	0	0	0	0	0	0	0	0	0	0	0	0	0	0	0	0	0	0	0	0	0	0	0	0	0	0	0	0	0	0	0	0	0	0	0	0	0	0	0	0	0	0	0	0	0	0	0	0	31	0	0	0	0	0	0	0	0	0	0	0	0	0	0	0	0	0	0	0	0	0	0	0	0	0	0	0	0	0	0	55	0	0	0	0	0	0	0	0	0	0	0	0	0	0	0	0	0	0	0	0	0	0	0	0	0	0	0	0	0	0	0	0	0	0	0	0	0	0	0	43	0	0	0	0	0	0	0	0	0	0	0	0	0	0	0	124	0	0	0	0	0	0	0	0	0	0	0	0	0	0	0	0	0	0	0	0	0	0	0	0	0	0	0	0	0	0	0	0	0	87	0	0	0	0	0	399	0	0	0	0	0	0	0	99	0	0	0	0	0	0	0	0	0	0	0	0	61	0	0	0	0	72	0	0	0	90	0	0	0	0	0	0	0	0	0	0	0	0	0	107	42	0	0	0	147	0	0	0	0	0	0	0	0	0	0	0	0	0	0	0	0	0	0	0	111	0	0	0	0	0	0	0	0	0	0	0	0	0	0	0	0	0	125	0	0	0	0	0	0	0	97	0	0	0	0	0	0	0	59	0	0	0	0	0	0	0	0	0	0	75	0	0	0	40	0	0	0	0	0	73	0	0	0	0	0	0	97	0	0	37	0	0	0	0	0	0	28	0	0	0	0	6	0	38	0	0	0	0	0	0	0	0	78	56	0	0	0	7	0	0	0	0	0	0	0	73	0	10	0	0	0	72	0	0	0	0	0	0	0	0	0	0	264	0	0	0	57	0	0	0	0	0	0	47	0	72	0	0	0	159	132	0	0	30	0	0	69	0	0	0	100	111	66	0	0	102	32	0	0	0	0	0	0	0	0	0	0	0	30	0	0	110	0	0	0	0	0	0	0	0	0	0	0	128	190	0	0	264	0	0	0	0	19	62	0	0	0	3	0	65	0	0	0	0	0	0	0	121	167	0	0	45	0	0	95	64	24	0	0	25	11	0	0	143	0	0	0	0	0	0	0	0	79	89	96	106	0	179	105	26	88	6	174	0	0	0	55	30	0	141	0	0	176	0	0	131	0	0	40	156	0	0	0	0	167	67	12	0	55	91	26	91	170	24	53	4	152	81	0	35	0	0	0	23	0	137	161	0	0	25	0	0	25	49	3	110	148	149	46	56	31	139	45	169	99	0	266	0	43	79	160	160	0	0	26	0	124	211	23	0	0	0	64	43	42	188	65	90	55	92	99	0	239	0	49	166	85	51	26	58	75	49	232	280	244	29	123	236	96	0	0	153	20	18	136	79	115	0	75	132	121	89	53	25	77	120	329	122	106	244	71	158	71	92	0	65	0	21	72	15	152	76	119	0	167	59	80	0	0	0	59	131	38	16	0	248	44	94	79	49	28	86	130	0	91	63	0	161	167	316	133	85	66	126	129	82	65	117	0	0	46	0	111	0	2	10	208	53	162	102	28	68
80	0	0	0	0	0	0	0	0	0	0	0	0	0	0	0	0	0	0	0	0	0	0	0	0	0	0	0	0	0	0	0	0	0	0	0	0	0	0	0	0	0	0	0	0	0	0	0	0	0	0	0	0	0	0	0	0	0	0	0	0	0	0	0	0	0	0	0	0	0	0	0	0	0	0	0	0	0	0	0	0	0	0	0	0	0	0	0	0	0	0	0	0	0	0	0	0	0	0	0	0	0	0	0	0	0	0	0	0	0	0	0	0	0	0	0	0	0	0	0	0	0	0	0	0	0	0	0	0	0	0	0	0	0	0	0	0	0	0	0	0	0	0	0	0	0	0	0	0	0	0	0	0	0	0	0	0	0	0	0	0	0	0	0	0	0	0	0	0	0	0	0	0	0	0	0	0	0	0	0	0	0	0	0	0	0	0	0	0	0	0	0	0	0	0	0	0	0	0	0	0	0	0	0	0	0	0	0	0	0	0	0	0	0	0	0	0	0	0	0	0	0	0	0	0	0	0	0	0	0	0	0	0	0	0	0	0	0	0	0	0	0	0	0	0	0	0	0	0	0	0	0	0	0	0	0	0	0	0	0	0	0	0	0	0	0	0	0	0	0	0	0	0	0	0	0	0	0	0	0	0	0	0	0	0	0	0	0	0	0	0	0	0	0	0	0	0	0	0	0	0	0	0	0	0	0	0	0	0	0	0	0	0	0	0	0	0	0	0	0	0	0	0	0	0	0	0	0	0	0	0	0	0	0	0	0	0	0	0	0	0	0	0	0	0	0	0	0	0	0	0	0	0	0	0	0	0	0	0	0	0	0	0	0	0	0	0	0	0	0	0	0	0	0	0	0	0	0	0	0	0	0	0	0	0	0	0	0	0	0	0	0	0	0	0	0	0	0	0	0	0	0	0	0	0	0	0	0	0	0	0	0	0	0	0	0	0	0	0	0	0	0	0	0	0	0	0	0	0	0	0	0	0	0	0	0	0	0	0	0	0	0	0	0	0	0	0	0	0	0	0	0	0	0	0	0	0	0	0	0	0	0	0	0	0	0	0	0	0	0	0	0	0	0	0	0	0	0	0	0	0	0	0	0	0	0	0	0	0	0	0	0	0	0	0	0	0	0	0	0	0	0	0	0	0	0	0	0	98	0	0	0	0	0	0	0	0	0	0	0	0	0	0	0	0	0	0	0	0	0	0	0	0	0	0	0	0	0	0	0	0	0	0	0	0	0	0	0	0	0	0	0	0	0	0	0	0	0	0	0	0	0	0	0	114	0	0	0	0	0	0	0	0	0	0	0	0	0	0	0	0	0	0	0	0	0	0	0	0	0	0	0	0	0	0	0	0	0	38	0	0	0	0	0	60	0	0	0	0	0	0	0	76	0	0	0	0	0	0	0	0	0	0	0	0	55	0	0	0	0	50	0	0	0	0	0	0	0	0	0	0	0	0	0	0	0	0	0	50	24	0	0	0	125	0	0	0	0	0	0	0	0	0	0	0	0	0	0	0	0	0	0	0	48	0	0	0	0	0	0	0	0	0	0	0	0	0	0	0	0	0	185	0	0	0	0	0	0	0	47	0	0	0	0	0	0	0	178	0	0	0	0	0	0	0	0	0	0	249	0	0	0	74	0	0	0	0	0	0	0	0	0	0	0	0	168	0	0	41	0	0	0	0	0	0	0	0	0	0	0	0	0	219	0	0	0	0	0	0	0	0	73	90	0	0	0	0	0	0	0	0	0	0	0	52	0	143	0	0	0	38	0	0	0	0	0	0	0	0	0	0	149	0	0	0	18	0	0	0	0	0	0	101	0	0	0	0	0	102	104	0	0	168	0	0	64	0	0	0	35	128	18	0	0	175	23	0	0	0	0	0	0	0	0	0	0	0	96	0	0	70	0	0	0	0	0	0	0	0	0	0	0	32	33	0	0	59	0	0	0	0	36	51	0	0	0	88	0	113	0	0	0	0	0	0	0	28	16	0	0	157	0	0	91	64	58	0	0	37	0	0	0	31	0	0	0	0	0	0	84	0	41	48	53	31	0	99	164	26	218	0	116	0	0	0	91	176	0	76	0	0	53	0	0	81	0	0	67	28	0	0	0	0	37	356	10	0	58	67	68	132	92	84	17	38	87	35	0	95	0	0	0	75	0	31	43	0	0	123	0	0	7	23	120	48	58	55	209	81	21	45	18	83	173	99	32	0	18	60	96	141	0	0	133	0	77	79	31	0	0	0	114	375	105	132	117	99	109	92	29	0	5	16	101	150	35	70	0	104	80	143	152	62	31	138	0	54	38	0	0	55	117	19	184	41	45	0	85	84	82	116	60	86	205	18	78	270	114	95	254	186	53	122	0	106	0	94	11	0	19	136	81	0	84	47	97	0	0	0	107	42	61	154	0	116	73	269	52	91	18	16	163	0	19	74	0	141	153	29	47	121	88	80	10	45	152	52	0	0	52	0	85	0	2	63	88	199	45	36	126	47
81	0	0	0	0	0	0	0	0	0	0	0	0	0	0	0	0	0	0	0	0	0	0	0	0	0	0	0	0	0	0	0	0	0	0	0	0	0	0	0	0	0	0	0	0	0	0	0	0	0	0	0	0	0	0	0	0	0	0	0	0	0	0	0	0	0	0	0	0	0	0	0	0	0	0	0	0	0	0	0	0	0	0	0	0	0	0	0	0	0	0	0	0	0	0	0	0	0	0	0	0	0	0	0	0	0	0	0	0	0	0	0	0	0	0	0	0	0	0	0	0	0	0	0	0	0	0	0	0	0	0	0	0	0	0	0	0	0	0	0	0	0	0	0	0	0	0	0	0	0	167	0	0	0	0	0	0	0	0	0	0	0	0	0	0	0	0	0	0	0	0	0	0	0	0	0	0	0	0	0	0	0	0	0	0	0	0	0	0	0	0	0	0	0	0	0	0	0	0	0	0	0	0	0	0	0	0	0	0	0	0	0	0	0	0	0	0	0	0	0	0	0	0	0	0	0	0	0	0	0	0	0	0	0	0	0	0	0	0	0	0	0	0	0	0	0	0	0	0	0	0	0	0	0	0	0	0	0	0	0	0	0	0	0	0	0	0	0	0	0	0	0	0	0	0	0	0	0	0	0	0	0	0	0	0	0	0	0	0	0	0	0	0	0	0	0	0	0	0	0	0	0	0	0	0	0	0	0	0	0	0	0	0	0	0	0	0	0	0	0	0	0	0	0	0	0	0	0	0	0	0	0	0	0	0	0	0	0	0	0	0	0	0	0	0	0	0	0	0	0	0	0	0	0	0	0	0	0	0	0	0	0	0	0	0	0	0	0	0	0	0	0	0	0	0	0	0	0	0	0	0	0	0	0	0	0	0	0	0	0	0	0	0	0	0	0	0	0	0	0	0	0	0	0	0	0	0	0	0	0	0	0	0	0	0	0	0	0	0	0	0	0	0	0	0	0	0	0	0	0	0	0	0	0	0	0	0	0	0	0	0	0	0	0	0	0	0	0	0	0	0	0	0	0	0	0	0	0	0	0	0	0	0	0	0	0	0	0	0	0	0	0	0	0	0	0	0	0	0	0	0	0	0	0	0	0	0	0	0	0	0	0	0	0	0	0	0	0	0	0	0	0	0	0	0	0	0	0	54	0	0	0	0	0	0	0	0	0	0	0	0	0	0	0	0	0	0	0	0	0	0	0	0	0	0	0	0	0	0	0	0	0	0	0	0	0	0	0	0	0	0	0	0	0	0	0	0	0	0	0	0	0	0	0	15	0	0	0	0	0	0	0	0	0	0	0	0	0	0	0	0	0	0	0	0	0	0	0	0	0	0	0	0	0	0	0	0	0	59	0	0	0	0	0	90	0	0	0	0	0	0	0	0	0	0	0	0	0	0	0	0	0	0	0	0	23	0	0	0	0	47	0	0	0	0	0	0	0	0	0	0	0	0	0	0	0	0	0	155	164	0	0	0	90	0	0	0	0	0	0	0	0	0	0	0	0	0	0	0	0	0	0	0	121	0	0	0	0	0	0	0	0	0	0	0	0	0	0	0	0	0	99	0	0	0	0	0	0	0	104	0	0	0	0	0	0	0	237	0	0	0	0	0	0	0	0	0	0	102	0	0	0	134	0	0	0	0	0	68	0	0	0	0	0	0	193	0	0	0	0	0	0	0	0	0	0	0	0	0	0	39	0	154	0	0	0	0	0	0	0	0	150	185	0	0	0	0	0	0	0	0	0	0	0	135	0	116	0	0	0	58	0	0	0	0	0	0	0	0	0	0	10	0	0	0	10	0	0	0	0	0	0	23	0	0	0	0	0	40	89	0	0	123	0	0	15	0	0	0	77	55	14	0	0	54	22	0	0	0	0	0	0	0	0	0	0	0	110	0	0	70	0	0	0	0	0	0	0	0	0	0	0	75	128	0	0	59	0	0	0	0	270	129	0	0	0	5	0	51	0	0	0	0	0	0	0	146	15	0	0	64	0	0	111	282	49	0	0	34	25	0	0	7	0	50	0	0	0	0	113	0	2	54	46	79	0	114	171	140	74	0	110	0	0	0	202	0	0	118	0	0	57	0	0	58	0	0	20	50	0	0	0	0	125	22	0	0	252	72	206	16	93	56	76	5	27	41	0	33	0	0	0	100	0	233	63	0	0	21	0	0	41	38	144	153	67	100	92	30	118	0	110	173	34	7	51	0	77	76	226	142	0	0	99	0	215	188	121	0	0	0	35	234	76	67	78	38	48	173	6	0	205	0	86	139	33	39	0	36	76	51	90	108	204	28	0	166	80	0	0	68	201	79	111	21	158	0	118	48	99	101	177	173	145	242	83	63	97	17	116	177	39	15	0	182	0	52	143	0	162	103	82	0	9	35	59	0	0	0	112	74	224	218	0	132	80	37	178	147	145	142	207	0	29	82	0	67	3	38	43	70	94	58	223	84	139	11	0	0	25	0	169	0	0	144	146	138	16	39	115	78
82	0	0	0	0	0	0	0	0	0	0	0	0	0	0	0	0	0	0	0	0	0	0	0	0	0	0	0	0	0	0	0	0	0	0	0	0	0	0	0	0	0	0	0	0	0	0	0	0	0	0	0	0	0	0	0	0	0	0	0	0	0	0	0	0	0	0	0	0	0	0	0	0	0	0	0	0	0	0	0	0	0	0	0	0	0	0	0	0	0	0	0	0	0	0	0	0	0	0	0	0	0	0	0	0	0	0	0	0	0	0	0	0	0	0	0	0	0	0	0	0	0	0	0	0	0	0	0	0	0	0	0	0	0	0	0	0	0	0	0	0	0	0	0	0	0	0	0	0	0	0	0	0	0	0	0	0	0	0	0	0	0	0	0	0	0	0	0	0	0	0	0	0	0	0	0	0	0	0	0	0	0	0	0	0	0	0	0	0	0	0	0	0	0	0	0	0	0	0	0	0	0	0	0	0	0	0	0	0	0	0	0	0	0	0	0	0	0	0	0	0	0	0	0	0	0	0	0	0	0	0	0	0	0	0	0	0	0	0	0	0	0	0	0	0	0	0	0	0	0	0	0	0	0	0	0	0	0	0	0	0	0	0	0	0	0	0	0	0	0	0	0	0	0	0	0	0	0	0	0	0	0	0	0	0	0	0	0	0	0	0	0	0	0	0	0	0	0	0	0	0	0	0	0	0	0	0	0	0	0	0	0	0	0	0	0	0	0	0	0	0	0	0	0	0	0	0	0	0	0	0	0	0	0	0	0	0	0	0	0	0	0	0	0	0	0	0	0	0	0	0	0	0	0	0	0	0	0	0	0	0	0	0	0	0	0	0	0	0	0	0	0	0	0	0	0	0	0	0	0	0	0	0	0	0	0	0	0	0	0	0	0	0	0	0	0	0	0	0	0	0	0	0	0	0	0	0	0	0	0	0	0	0	0	0	0	0	0	0	0	0	0	0	0	0	0	0	0	0	0	0	0	0	0	0	0	0	0	0	0	0	0	0	0	0	0	0	0	0	0	0	0	0	0	0	0	0	0	0	0	0	0	0	0	0	0	0	0	0	0	0	0	0	0	0	0	0	0	0	0	0	0	0	0	0	0	0	0	0	0	0	0	0	0	0	0	0	0	0	0	0	0	0	0	0	0	0	0	31	0	0	0	0	0	0	0	0	0	0	0	0	0	0	0	0	0	0	0	0	0	0	0	0	0	0	0	0	0	0	0	0	0	0	0	0	0	0	0	30	0	0	0	0	0	0	0	0	0	0	0	0	0	0	0	15	0	0	0	0	0	0	0	0	0	0	0	0	0	0	0	0	0	0	0	0	0	0	0	0	0	0	0	0	0	0	0	0	0	102	0	0	0	0	0	66	0	0	0	0	0	10	0	43	0	0	0	0	0	0	0	0	0	0	0	0	17	0	0	0	0	90	0	0	0	0	0	0	0	0	0	0	0	0	0	0	0	0	0	0	33	0	0	0	147	0	0	0	0	0	0	0	0	0	0	0	0	0	0	0	0	0	0	0	33	0	0	0	0	0	0	0	0	0	0	0	0	0	0	0	0	0	110	0	0	0	0	0	0	0	113	0	0	0	0	0	0	0	49	0	0	0	0	0	0	0	0	0	0	58	0	0	0	58	0	0	0	0	0	0	0	0	0	0	0	0	76	0	0	35	0	0	0	0	0	0	0	0	0	0	0	0	0	64	0	0	0	0	0	0	0	0	188	75	0	0	0	0	0	0	0	0	0	0	0	189	0	28	0	0	0	156	0	0	0	0	0	0	0	0	0	0	15	0	0	0	121	0	0	0	0	0	0	72	0	0	0	0	0	50	62	0	0	92	0	0	34	0	0	0	136	101	117	0	0	81	53	0	0	0	0	0	0	0	0	0	0	0	117	0	0	135	0	0	0	0	0	0	0	0	0	0	0	39	87	0	0	115	0	0	0	0	56	114	0	0	0	14	0	272	0	0	0	0	0	0	0	39	4	0	0	121	0	0	44	220	52	0	0	0	0	0	0	105	0	0	0	0	0	0	44	0	133	60	57	63	0	96	117	69	248	0	219	0	0	0	122	21	0	31	0	0	25	0	0	19	0	0	97	100	0	0	0	0	46	76	0	0	37	4	150	28	188	34	35	17	381	103	0	25	0	0	0	138	0	34	84	0	0	61	0	0	142	312	59	47	130	73	55	37	160	0	14	139	25	87	75	0	85	19	116	213	0	0	111	0	55	21	73	0	0	0	49	57	99	127	66	135	97	24	45	0	51	0	133	58	80	26	0	63	23	308	209	135	109	17	0	68	91	0	0	165	52	142	137	45	212	0	72	26	105	66	81	173	68	49	36	53	96	18	35	74	49	60	0	10	0	44	198	0	35	100	10	0	84	73	47	0	0	0	5	20	126	64	0	47	49	60	13	74	239	35	147	0	151	109	0	135	160	123	158	60	11	142	43	249	116	43	0	0	147	0	142	0	0	185	68	72	124	49	226	95
83	0	0	0	0	0	0	0	0	0	0	0	0	0	0	0	0	0	0	0	0	0	0	0	0	0	0	0	0	0	0	0	0	0	0	0	0	0	0	0	0	0	0	0	0	0	0	0	0	0	0	0	0	0	0	0	0	0	0	0	0	0	0	0	0	0	0	0	0	0	0	0	0	0	0	0	0	0	0	0	0	0	0	0	0	0	0	0	0	0	0	0	0	0	0	0	0	0	0	0	0	0	0	0	0	0	0	0	0	0	0	0	0	0	0	0	0	0	0	0	0	0	0	0	0	0	0	0	0	0	0	0	0	0	0	0	0	0	0	0	0	0	0	0	0	0	0	0	0	0	0	0	0	0	0	0	0	0	0	0	0	0	0	0	0	0	0	0	0	0	0	0	0	0	0	0	0	0	0	0	0	0	0	0	0	0	0	0	0	0	0	0	0	0	0	0	0	0	0	0	0	0	0	0	0	0	0	0	0	0	0	0	0	0	0	0	0	0	0	0	0	0	0	0	0	0	0	0	0	0	0	0	0	0	0	0	0	0	0	0	0	0	0	0	0	0	0	0	0	0	0	0	0	0	0	0	0	0	0	0	0	0	0	0	0	0	0	0	0	0	0	0	0	0	0	0	0	0	0	0	0	0	0	0	0	0	0	0	0	0	0	0	0	0	0	0	0	0	0	0	0	0	0	0	0	0	0	0	0	0	0	0	0	0	0	0	0	0	0	0	0	0	0	0	0	0	0	0	0	0	0	0	0	0	0	0	0	0	0	0	0	0	0	0	0	0	0	0	0	0	0	0	0	0	0	0	0	0	0	0	0	0	0	0	0	0	0	0	0	0	0	0	0	0	0	0	0	0	0	0	0	0	0	0	0	0	0	0	0	0	0	0	0	0	0	0	0	0	0	0	0	0	0	0	0	0	0	0	0	0	0	0	0	0	0	0	0	0	0	19	0	0	0	0	0	0	0	0	0	0	0	0	0	0	0	0	0	0	0	0	0	0	0	0	0	0	0	0	0	0	0	0	0	0	0	0	0	0	0	0	0	0	0	0	0	0	0	0	0	0	0	0	0	0	0	0	0	12	0	0	0	0	0	0	0	0	0	0	0	0	0	0	0	0	0	0	0	0	0	0	0	0	0	0	4	0	0	0	204	0	0	0	0	0	0	0	0	0	0	0	0	0	0	0	0	0	0	0	0	0	0	0	0	0	0	0	0	0	0	0	0	0	0	0	0	0	0	0	62	0	0	0	0	0	0	0	0	0	0	0	0	0	0	0	75	0	0	0	0	0	0	0	0	0	0	0	0	0	0	0	0	0	0	0	0	0	0	0	0	0	0	0	0	0	0	0	0	0	5	0	0	0	0	0	31	0	0	0	0	0	0	0	51	0	0	0	0	0	0	0	0	0	0	0	0	175	0	0	0	0	31	0	0	0	0	0	0	0	0	0	0	0	0	0	0	0	0	0	31	91	0	0	0	56	0	0	0	0	0	0	0	0	0	0	0	0	0	0	0	0	0	0	0	58	0	0	0	0	0	0	0	0	0	0	0	0	0	0	0	0	0	99	0	0	0	0	0	0	0	245	0	0	0	0	0	0	0	54	0	0	0	0	0	0	0	0	0	0	46	0	0	0	198	0	0	0	0	0	0	0	0	0	0	0	0	249	0	0	80	0	0	0	0	0	0	0	0	0	0	0	0	0	29	0	0	0	0	0	0	0	0	54	225	0	0	0	0	0	0	0	0	0	0	0	83	0	119	0	0	0	130	0	0	0	0	0	0	0	0	0	0	72	0	0	0	179	0	0	0	0	0	0	92	0	0	0	0	0	107	55	0	0	96	0	0	73	0	0	0	177	47	127	0	0	25	111	0	0	0	0	0	0	0	0	0	0	0	52	0	0	33	0	0	0	0	0	0	0	0	0	0	0	81	60	0	0	86	0	0	0	0	167	168	0	0	0	0	0	146	0	0	0	0	0	0	0	114	1	0	0	93	0	0	107	177	38	0	0	90	0	0	0	143	0	0	0	0	0	0	198	0	45	204	73	73	0	159	159	268	113	0	67	0	0	0	54	0	0	113	0	0	49	0	0	144	0	0	86	64	0	0	0	0	56	41	61	0	173	57	87	36	60	23	121	5	175	85	0	71	0	0	0	114	0	33	77	0	0	92	0	0	219	146	252	66	176	26	124	122	107	6	110	380	48	213	206	0	46	72	103	108	0	0	7	0	147	161	57	0	0	0	123	56	96	72	99	91	273	192	73	0	275	172	24	59	27	277	0	164	10	58	112	102	16	93	9	74	24	0	0	63	87	38	14	102	76	0	179	141	41	46	75	29	81	131	76	153	147	86	235	184	85	82	0	47	0	17	110	9	44	63	121	0	124	112	88	0	0	0	36	66	53	135	0	56	45	44	78	114	119	28	183	0	197	66	0	157	150	34	56	159	185	25	91	8	23	79	0	0	52	0	283	0	9	91	233	49	126	11	108	129
84	0	0	0	0	0	0	0	0	0	0	0	0	0	0	0	0	0	0	0	0	0	0	0	0	0	0	0	0	0	0	0	0	0	0	0	0	0	0	0	0	0	0	0	0	0	0	0	0	0	0	0	0	0	0	0	0	0	0	0	0	0	0	0	0	0	0	0	0	0	0	0	0	0	0	0	0	0	0	0	0	0	0	0	0	0	0	0	0	0	0	0	0	0	0	0	0	0	0	0	0	0	0	0	0	0	0	0	0	0	0	0	0	0	0	0	0	0	0	0	0	0	0	0	0	0	0	0	0	0	0	0	0	0	0	0	0	0	0	0	0	0	0	0	0	0	0	0	0	0	0	0	0	0	0	0	0	0	0	0	0	0	0	0	0	0	0	0	0	0	0	0	0	0	0	0	0	0	0	0	0	0	0	0	0	0	0	0	0	0	0	0	0	0	0	0	0	0	0	0	0	0	0	0	0	0	0	0	0	0	0	0	57	0	0	0	0	0	0	0	0	0	0	0	0	0	0	0	0	0	0	0	0	0	0	0	0	0	0	0	0	0	0	0	0	0	0	0	0	0	0	0	0	0	0	0	0	0	0	0	0	0	0	0	0	0	0	0	0	0	0	0	0	0	0	0	0	0	0	0	0	0	0	0	0	0	0	0	0	0	0	0	0	0	0	0	0	0	0	0	0	0	0	0	0	0	0	0	0	0	0	0	0	0	0	0	0	0	0	0	0	0	0	0	0	0	0	0	0	0	0	0	0	0	0	0	0	0	0	0	0	0	0	0	0	0	0	0	0	0	0	0	0	0	0	0	0	0	0	0	0	0	0	0	0	0	0	0	0	0	0	0	0	0	0	0	0	0	0	0	0	0	0	0	0	0	0	0	0	0	0	0	0	0	0	0	0	0	0	0	0	0	0	0	0	0	0	0	0	0	0	0	0	0	0	0	0	0	0	0	0	0	0	0	0	0	0	0	0	0	0	0	0	0	0	0	0	0	0	0	0	0	0	0	0	0	0	0	0	0	0	0	0	0	0	0	0	0	0	0	0	0	0	0	0	0	0	0	0	0	0	0	0	0	0	0	0	0	0	0	0	0	0	0	0	0	0	0	0	0	0	0	0	0	0	0	0	0	0	0	0	0	0	0	0	0	0	0	27	0	0	0	0	0	0	0	0	0	0	0	0	0	0	0	0	0	0	0	0	0	0	0	0	0	0	0	0	0	0	0	0	0	0	0	0	0	0	0	0	0	0	0	0	0	0	0	0	0	0	0	0	0	0	0	123	0	0	0	0	0	0	0	0	0	0	0	0	0	0	0	0	0	0	0	0	0	0	0	0	0	0	0	0	0	0	0	0	0	146	0	0	0	0	0	66	0	0	0	0	0	11	0	0	0	0	0	0	0	0	0	0	0	0	0	0	27	0	0	0	24	197	0	0	0	0	0	0	0	0	0	0	0	0	0	0	0	0	0	35	36	0	0	0	3	0	0	0	0	0	0	0	0	0	0	0	0	0	0	0	0	0	0	0	163	0	0	0	0	0	0	0	0	0	0	0	0	0	0	0	0	0	108	0	0	0	0	0	0	0	130	0	0	0	0	0	0	0	70	0	0	0	0	0	0	0	0	0	0	83	0	0	0	172	0	0	0	0	0	40	0	0	0	0	0	0	62	0	0	21	0	0	0	0	0	0	0	0	0	0	0	0	0	85	0	0	0	0	0	0	0	0	94	88	0	0	0	0	0	0	0	0	0	0	0	55	0	8	0	0	0	25	0	0	0	0	0	0	0	0	0	0	31	0	0	0	61	0	0	0	0	0	0	57	0	0	0	0	0	42	50	0	0	201	0	0	96	0	0	0	240	43	20	0	0	108	43	0	0	0	0	0	0	0	0	0	0	0	41	0	0	90	0	0	0	0	0	0	0	0	0	0	0	57	70	0	0	38	0	0	0	0	83	176	0	0	0	0	0	102	0	0	0	0	0	0	0	168	17	0	0	55	0	0	107	139	79	0	0	0	0	0	0	50	0	0	0	0	0	0	28	0	0	46	67	0	0	54	97	25	182	0	43	0	0	0	39	94	0	140	0	0	63	0	0	16	0	0	54	245	0	0	0	0	40	47	14	0	70	90	111	76	33	127	65	13	13	75	0	23	0	0	0	69	0	18	142	0	0	45	0	0	138	77	190	46	50	103	121	72	74	0	91	166	138	45	170	0	33	53	114	50	0	0	239	0	204	29	232	0	0	0	38	76	147	66	36	49	56	44	111	0	126	0	133	94	25	38	1	207	52	63	337	192	76	63	0	34	260	0	0	7	54	42	17	112	63	0	41	45	8	49	108	113	231	8	173	201	130	44	55	90	291	15	0	103	0	201	76	0	143	59	179	0	47	94	149	0	0	0	29	148	202	108	0	134	124	165	122	109	71	225	86	0	81	34	0	87	19	26	235	65	92	352	46	145	272	61	0	0	144	0	79	0	0	160	92	240	278	92	137	7
85	0	0	0	0	0	0	0	0	0	0	0	0	0	0	0	0	0	0	0	0	0	0	0	0	0	0	0	0	0	0	0	0	0	0	0	0	0	0	0	0	0	0	0	0	0	0	0	0	0	0	0	0	0	0	0	0	0	0	0	0	0	0	0	0	0	0	0	0	0	0	0	0	0	0	0	0	0	0	0	0	0	0	0	0	0	0	0	0	0	0	0	0	0	0	0	0	0	0	0	0	0	0	0	0	0	0	0	0	0	0	0	0	0	0	0	0	0	0	0	0	0	0	0	0	0	0	0	0	0	0	0	0	0	0	0	0	0	0	0	0	0	0	0	0	0	0	0	0	0	0	0	0	0	0	0	0	0	0	0	0	0	0	0	0	0	0	0	0	0	0	0	0	0	0	0	0	0	0	0	0	0	0	0	0	0	0	0	0	0	0	0	0	0	0	0	0	0	0	0	0	0	0	0	0	0	0	0	0	0	0	0	0	0	0	0	0	0	0	0	0	0	0	0	0	0	0	0	0	0	0	0	0	0	0	0	0	0	0	0	0	0	0	0	0	0	0	0	0	0	0	0	0	0	0	0	0	0	0	0	0	0	0	0	0	0	0	0	0	0	0	0	0	0	0	0	0	0	0	0	0	0	0	0	0	0	0	0	0	0	0	0	0	0	0	0	0	9	0	0	0	0	0	0	0	0	0	0	0	0	0	0	0	0	0	0	0	0	0	0	0	0	0	0	0	0	0	0	0	0	0	0	0	0	0	0	0	0	0	0	0	0	0	0	0	0	0	0	0	0	0	0	0	0	0	0	0	0	0	0	0	0	0	0	0	0	0	0	0	0	0	0	0	0	0	0	0	0	0	0	0	0	0	0	0	0	0	0	0	0	0	0	0	0	0	0	0	0	0	0	0	0	0	0	0	0	0	0	0	0	0	0	0	0	0	0	0	0	0	1	0	0	0	0	0	0	0	0	0	0	0	0	0	0	0	0	0	0	0	0	0	0	0	0	0	0	0	0	0	0	0	0	0	0	0	0	0	0	0	0	0	0	0	0	0	0	0	0	0	0	0	0	0	0	0	0	0	0	0	0	0	0	0	0	0	0	0	0	0	0	0	0	0	0	0	0	0	0	0	0	0	0	0	0	0	0	0	0	99	0	0	0	0	0	0	0	0	0	0	0	0	0	0	0	0	0	0	0	0	0	0	0	0	0	0	0	0	0	0	0	0	0	0	0	0	0	0	0	111	0	0	0	0	0	0	0	0	0	0	0	0	0	0	0	50	0	0	0	0	0	0	0	0	0	0	0	0	0	0	0	0	0	0	0	0	0	0	0	0	0	0	0	0	0	0	0	0	0	190	0	0	0	0	0	275	0	0	0	0	0	0	0	19	0	0	0	0	0	0	0	0	0	0	0	0	7	0	0	0	0	116	0	0	0	0	0	0	0	0	0	0	0	0	0	0	0	0	0	4	407	0	0	0	52	0	0	0	0	0	0	0	0	0	0	0	0	0	0	0	0	0	0	0	40	0	0	0	0	0	0	0	0	0	0	0	0	0	0	0	0	0	8	0	0	0	0	0	0	0	33	0	0	0	0	0	0	0	85	0	0	0	0	0	0	0	0	0	0	70	0	0	0	76	0	0	0	0	0	44	0	0	0	0	0	0	14	0	0	86	0	0	0	0	0	0	0	0	0	0	0	0	0	8	0	0	0	0	0	0	0	0	21	135	0	0	0	0	0	0	0	0	0	0	0	64	0	78	0	0	0	45	0	0	0	0	0	0	0	0	0	0	16	0	0	0	158	0	0	0	0	0	0	35	0	0	0	0	0	128	238	0	0	17	0	0	173	0	0	0	114	199	72	0	0	179	81	0	0	0	0	0	0	0	0	0	0	0	148	0	0	156	0	0	0	0	0	0	0	0	0	0	0	103	86	0	0	134	0	0	0	0	96	38	0	0	0	0	0	20	0	0	0	0	0	0	0	349	51	0	0	70	0	0	90	75	61	0	0	0	0	0	0	224	0	0	0	0	0	0	24	0	0	106	143	0	0	267	153	39	150	0	67	0	0	0	152	72	0	58	0	0	123	0	0	49	0	0	47	262	0	0	0	0	85	104	0	0	41	99	102	159	219	95	35	36	61	49	0	59	0	14	0	72	0	108	37	0	0	18	0	0	70	39	154	44	70	242	21	289	68	0	105	47	373	9	183	0	69	69	42	232	0	0	242	0	155	244	31	23	0	0	77	17	119	57	126	109	222	119	25	0	25	0	81	97	54	56	0	95	28	129	27	143	49	31	0	54	87	0	0	62	39	167	68	206	147	0	60	52	34	134	195	44	82	86	413	39	14	1	341	178	108	73	0	52	0	70	33	0	148	72	124	0	120	195	116	0	0	0	46	228	65	37	0	191	94	211	46	45	107	134	212	0	126	41	0	27	161	153	147	124	57	102	147	54	70	93	0	0	49	0	17	0	0	261	223	25	12	97	57	18
86	0	0	0	0	0	0	0	0	0	0	0	0	0	0	0	0	0	0	0	0	0	0	0	0	0	0	0	0	0	0	0	0	0	0	0	0	0	0	0	0	0	0	0	0	0	0	0	0	0	0	0	0	0	0	0	0	0	0	0	0	0	0	0	0	0	0	0	0	0	0	0	0	0	0	0	0	0	0	0	0	0	0	0	0	0	0	0	0	0	0	0	0	0	0	0	0	0	0	0	0	0	0	0	0	0	0	0	0	0	0	0	0	0	0	0	0	0	0	0	0	0	0	0	0	0	0	0	0	0	0	0	0	0	0	0	0	0	0	0	0	0	0	0	0	0	0	0	0	0	0	0	0	0	0	0	0	0	0	0	0	0	0	0	0	0	0	0	0	0	0	0	0	0	0	0	0	0	0	0	0	0	0	0	0	0	0	0	0	0	0	0	0	0	0	0	0	0	0	0	0	0	0	0	0	0	0	0	0	0	0	0	0	0	0	0	0	0	0	0	0	0	0	0	0	0	0	0	0	0	0	0	0	0	0	0	0	0	0	0	0	0	0	0	0	0	0	0	0	0	0	0	0	0	0	0	0	0	0	0	0	0	0	0	0	0	0	0	0	0	0	0	0	0	0	0	0	0	0	0	0	0	0	0	0	0	0	0	0	0	0	0	0	21	0	0	0	0	0	0	0	0	0	0	0	0	0	0	0	0	0	0	0	0	0	0	0	0	0	0	0	0	0	0	0	0	0	0	0	0	0	0	0	0	0	0	0	0	0	0	0	0	0	0	0	0	0	0	0	0	0	0	0	0	0	0	0	0	0	0	0	0	0	0	0	0	0	0	0	0	0	0	0	0	0	0	0	0	0	0	0	0	0	0	0	0	0	0	0	0	0	0	0	0	0	0	0	0	0	0	0	0	0	0	0	0	0	0	0	0	0	0	0	0	0	0	0	0	0	237	0	0	0	0	0	0	0	0	0	0	0	0	0	0	0	0	0	0	0	0	0	0	0	12	0	0	0	0	0	0	0	0	0	0	0	0	0	0	0	0	0	0	0	0	0	0	0	0	0	0	0	0	0	0	0	0	0	46	0	0	0	0	0	7	0	0	0	0	0	0	0	0	0	0	0	0	0	0	0	0	0	0	0	0	0	0	0	0	100	0	0	0	0	0	0	0	0	0	0	0	0	0	0	0	0	0	0	0	0	0	0	0	0	0	0	0	0	0	0	0	0	0	0	0	0	0	0	0	12	0	0	0	0	0	0	0	0	0	0	0	0	0	0	0	285	0	0	0	0	0	0	3	0	0	0	0	0	0	0	0	0	0	0	0	0	0	0	0	0	0	0	0	0	0	0	0	0	0	21	0	0	0	0	0	58	0	0	0	0	0	0	0	91	0	0	0	0	0	0	0	0	0	0	0	0	77	0	0	0	0	38	0	0	0	0	0	0	0	0	0	0	0	0	0	0	0	0	0	14	15	0	0	0	230	0	0	0	0	0	0	0	0	0	0	0	0	0	0	0	0	0	0	0	114	0	0	0	0	0	0	0	0	0	0	0	0	0	0	0	0	0	40	0	0	0	0	0	0	0	85	0	0	0	0	0	0	0	40	0	0	0	0	0	0	0	0	0	0	131	0	0	0	85	0	0	0	0	0	291	0	0	0	0	0	0	24	0	0	137	0	0	0	0	0	0	6	0	0	0	0	2	0	41	0	0	0	0	0	0	0	0	161	172	0	0	0	117	0	0	0	0	0	0	0	107	15	53	0	0	0	9	0	0	0	0	0	0	0	0	0	0	132	0	0	0	62	0	0	0	0	0	0	46	0	89	0	0	0	44	134	0	0	54	0	0	108	0	0	0	133	85	82	0	0	148	69	0	0	0	0	0	0	0	0	21	0	0	290	0	0	23	0	0	0	0	0	0	0	0	0	0	10	47	31	0	0	79	0	0	198	0	55	67	0	0	0	2	0	93	0	0	0	0	0	0	0	150	47	0	0	75	0	0	55	14	92	0	0	131	0	0	0	50	0	0	0	0	0	0	12	0	58	147	110	9	0	50	66	44	74	0	46	0	0	0	126	88	0	147	0	0	172	0	0	101	0	0	166	69	0	0	0	0	115	72	142	27	15	51	169	54	151	229	41	137	15	105	0	103	0	0	0	10	0	53	96	0	0	67	0	0	23	115	65	30	29	79	170	184	186	29	21	11	357	33	54	0	179	71	147	149	0	0	59	0	63	64	62	0	0	49	58	182	195	7	165	144	13	160	66	0	235	26	307	188	248	34	0	220	21	43	175	124	197	45	85	62	65	0	0	51	50	249	153	143	51	0	49	43	21	66	158	100	58	47	166	94	122	133	79	37	82	149	0	31	0	13	64	27	107	40	103	0	86	110	38	0	0	0	43	8	144	22	0	82	8	23	161	36	11	87	249	0	147	201	0	192	65	127	43	60	40	24	25	45	12	45	0	0	113	0	57	0	0	141	71	122	43	69	88	17
87	0	0	0	0	0	0	0	0	0	0	0	0	0	0	0	0	0	0	0	0	0	0	0	0	0	0	0	0	0	0	0	0	0	0	0	0	0	0	0	0	0	0	0	0	0	0	0	0	0	0	0	0	0	4	0	0	0	0	0	0	0	0	0	0	0	0	0	0	0	0	0	0	0	0	0	0	0	0	0	0	0	0	0	0	0	0	0	0	0	0	0	0	0	0	0	0	0	0	0	0	0	0	0	0	0	0	0	0	0	0	0	0	0	0	0	0	0	0	0	0	0	0	0	0	4	0	0	0	0	0	0	0	0	3	0	0	0	0	0	0	0	0	0	0	0	0	0	0	0	0	0	0	0	0	0	0	0	0	0	0	0	0	0	0	0	0	0	0	0	0	0	0	0	0	0	0	0	0	0	0	0	0	0	0	0	0	0	0	0	0	0	0	0	0	0	0	0	0	0	0	0	0	0	0	0	0	0	0	0	0	0	0	0	0	0	0	0	0	0	0	0	0	0	0	0	0	0	0	0	0	0	0	0	0	0	0	0	0	0	0	0	0	0	0	0	0	0	0	0	0	0	0	0	0	0	0	0	0	0	0	0	0	0	0	0	0	0	0	0	0	0	0	0	0	0	0	0	0	0	0	0	0	0	0	0	0	0	0	0	0	0	0	0	0	0	0	0	0	0	0	0	0	0	0	0	0	0	0	0	0	0	0	0	0	0	0	0	0	0	0	0	0	0	0	0	0	0	0	0	0	0	0	0	0	0	0	0	0	0	0	0	0	0	0	0	0	0	0	0	0	0	0	0	0	0	0	0	0	0	0	0	0	0	0	0	0	0	0	0	0	0	0	0	0	0	0	0	0	0	0	0	0	0	0	0	0	0	0	0	0	0	0	0	0	0	0	0	0	0	0	0	0	0	0	0	0	0	0	0	0	0	0	0	0	0	4	0	0	123	0	0	0	0	0	0	0	0	0	0	0	0	0	0	0	0	0	0	0	0	0	0	0	0	0	0	0	0	0	0	0	0	0	0	0	0	0	0	0	0	0	0	0	0	0	0	0	0	0	0	0	0	0	0	0	0	0	68	0	0	0	0	0	0	0	0	0	0	0	0	0	0	0	0	0	0	0	0	0	0	0	0	0	0	0	0	0	0	142	0	0	0	0	1	0	0	17	0	0	0	0	0	0	0	0	0	0	0	0	0	0	0	0	0	0	0	0	0	0	0	0	0	0	0	0	0	0	0	24	0	0	0	0	0	0	0	0	0	0	0	0	0	0	0	25	0	0	0	0	0	0	18	0	0	49	0	0	0	0	0	0	0	0	0	0	0	0	0	0	0	0	0	0	0	0	0	0	0	35	0	0	0	0	0	85	0	0	0	0	0	33	0	29	0	0	0	0	0	0	0	0	0	0	0	0	101	0	0	0	123	37	0	0	0	0	0	0	0	0	0	0	0	0	0	0	0	0	0	124	78	6	0	0	159	0	0	0	0	0	0	0	0	0	0	0	0	0	0	0	0	0	0	0	127	0	0	0	0	0	0	0	0	0	0	0	0	0	0	0	0	0	61	0	0	0	0	0	0	0	35	0	0	0	2	0	0	0	73	0	0	0	0	0	0	0	0	0	0	89	0	0	0	95	0	0	0	0	0	39	102	0	0	0	0	0	84	0	0	50	0	0	0	0	0	0	0	0	0	0	0	330	0	49	0	2	0	0	0	0	0	0	172	142	0	0	0	136	0	0	0	0	0	0	0	29	122	44	0	0	0	47	0	0	0	0	0	0	0	0	0	0	73	0	0	0	147	0	0	0	0	0	3	56	0	64	0	0	0	148	118	0	0	54	0	0	239	14	0	0	71	109	142	0	0	58	37	0	0	0	0	0	0	0	0	0	0	0	91	0	0	92	0	0	0	0	0	0	0	0	0	0	126	98	71	0	0	41	0	6	23	0	83	103	0	0	0	123	0	65	0	0	0	0	0	0	0	97	8	0	0	28	0	0	201	36	49	0	0	106	114	0	0	71	0	0	0	0	0	0	47	0	5	148	247	111	0	113	119	114	211	4	164	0	0	0	156	148	0	105	10	0	24	0	28	72	0	0	34	52	0	0	0	0	116	79	29	50	317	145	234	143	18	70	58	48	101	42	0	83	0	0	0	44	0	21	87	0	0	73	0	0	75	25	52	45	76	69	55	80	61	64	15	125	13	14	42	0	201	34	99	22	0	39	217	0	233	283	39	4	0	0	18	175	87	8	54	84	48	138	36	0	63	71	42	96	76	30	0	48	46	221	162	81	50	75	99	22	136	5	98	54	71	195	123	25	66	0	28	167	148	214	159	37	223	55	152	38	44	111	179	116	110	98	0	61	7	150	51	74	24	90	36	0	126	133	86	0	0	0	133	16	24	66	0	197	58	97	18	72	134	145	118	0	77	47	0	175	54	98	152	52	109	62	47	284	8	197	0	0	43	4	72	0	103	121	106	400	111	30	102	46
88	0	0	0	0	0	0	0	0	0	0	0	0	0	0	0	0	0	0	0	0	0	0	0	0	0	0	0	0	0	0	0	0	0	0	0	0	0	0	0	0	0	0	0	0	0	0	0	0	0	0	0	0	0	0	0	0	0	0	0	0	0	0	0	0	0	0	0	0	0	0	0	0	0	0	0	0	0	0	0	0	0	0	0	0	0	0	0	0	0	0	0	0	0	0	0	0	0	0	0	0	0	0	0	0	0	0	0	0	0	0	0	0	0	0	0	0	0	0	0	0	0	0	0	0	0	0	0	0	0	0	0	0	0	0	0	0	0	0	0	0	0	0	0	0	0	0	0	0	0	0	0	0	0	0	0	0	0	0	0	0	0	0	0	0	0	0	0	0	0	0	0	0	0	0	0	0	0	0	0	0	0	0	0	0	0	0	0	0	0	0	0	0	0	0	0	0	0	0	0	0	0	0	0	0	0	0	0	0	0	0	0	0	0	0	0	0	0	0	0	0	0	0	0	0	0	0	0	0	0	0	0	0	0	0	0	0	0	0	0	0	0	0	0	0	0	0	0	0	0	0	0	0	0	0	0	0	0	0	0	0	0	0	0	0	0	0	0	0	0	0	0	0	0	0	0	0	0	0	0	0	0	0	0	0	0	0	0	0	0	0	0	0	0	0	0	0	0	0	0	0	0	0	0	0	0	0	0	0	0	0	0	0	0	0	0	0	0	0	0	0	0	0	0	0	0	0	0	0	0	0	0	0	0	0	0	0	0	0	0	0	0	0	0	0	0	0	0	0	0	0	0	0	0	0	0	0	0	0	0	0	0	0	0	0	0	0	0	0	0	0	0	0	0	0	0	0	0	0	0	0	0	0	0	0	0	0	0	0	0	0	0	0	0	0	0	0	0	0	0	0	0	0	0	0	0	0	0	0	0	0	0	0	0	0	0	0	0	0	109	0	0	0	0	0	0	0	0	0	0	0	0	0	0	0	0	0	0	0	0	0	0	0	0	0	0	0	0	0	0	0	0	0	0	0	0	0	0	0	0	0	0	0	0	0	0	0	0	0	0	0	0	0	0	0	0	0	0	0	0	0	0	0	0	0	0	0	0	0	0	0	0	0	0	0	0	0	0	0	0	0	0	0	0	0	0	0	0	30	0	0	0	0	0	0	0	0	0	0	0	0	0	0	0	0	0	0	0	0	0	0	0	0	0	0	0	0	0	0	0	0	0	0	0	0	0	0	0	7	0	0	0	0	0	0	0	0	0	0	0	0	0	0	0	16	0	0	0	0	0	0	0	0	0	0	0	0	0	0	0	30	0	0	0	0	0	0	0	0	0	0	0	0	0	0	0	0	0	45	0	0	0	0	0	147	0	0	0	0	0	0	0	128	0	0	0	0	0	0	0	0	0	0	0	0	141	0	0	0	0	195	0	0	0	0	0	0	0	0	0	0	0	0	0	0	0	0	0	10	32	0	0	0	20	0	0	0	0	0	0	0	0	0	0	0	0	0	0	0	0	0	0	0	181	0	0	0	0	0	0	0	0	0	0	0	0	0	0	0	0	0	11	0	0	0	0	0	0	0	74	0	0	0	0	0	0	0	26	0	0	0	0	0	0	0	0	0	0	197	0	0	0	81	0	0	0	0	0	84	0	0	0	0	0	0	44	0	0	41	0	0	0	0	0	0	0	0	0	0	0	0	0	304	0	0	0	0	0	0	0	0	82	46	0	0	0	68	0	0	0	0	0	0	0	56	0	82	0	0	0	142	0	0	0	0	0	0	0	0	0	0	14	0	0	0	152	0	0	0	0	0	0	283	0	0	0	0	0	148	31	0	0	120	0	0	117	0	0	0	70	295	125	0	0	66	79	0	0	0	0	0	0	0	0	0	0	0	45	0	0	111	0	0	0	0	0	0	0	0	0	0	0	172	14	0	0	61	0	0	0	0	150	56	0	0	0	111	0	104	0	0	0	24	0	0	0	76	212	0	0	71	0	0	21	185	28	0	0	336	0	0	0	126	0	0	0	0	0	0	55	0	19	53	21	28	0	112	20	149	316	0	246	0	0	0	223	46	0	157	0	0	5	0	4	78	0	0	33	108	0	0	0	0	163	90	10	0	55	46	121	70	222	30	359	88	48	185	0	79	0	0	0	25	0	18	126	0	0	12	0	0	18	59	87	37	113	12	2	72	59	76	136	30	87	203	206	0	57	173	114	316	0	0	86	0	273	17	161	0	0	0	49	28	76	6	218	156	94	85	105	0	98	0	36	174	101	307	0	64	80	41	94	16	24	132	69	140	55	0	0	41	214	33	88	27	205	0	11	51	130	162	80	147	99	37	209	95	20	155	65	115	220	117	0	83	0	85	130	17	101	65	62	0	44	7	60	0	0	0	18	96	79	224	0	101	43	176	195	195	60	69	153	0	86	107	0	55	97	112	119	53	55	101	119	83	147	149	0	0	72	0	191	0	0	133	114	124	109	61	114	90
89	0	0	0	0	0	0	0	0	0	0	0	0	0	0	0	0	0	0	0	0	0	0	0	0	0	13	0	0	0	0	0	0	0	0	0	0	0	0	0	0	0	0	0	0	0	0	0	0	0	0	0	0	0	0	0	0	0	0	0	0	0	0	0	0	0	0	0	0	0	0	0	0	0	0	0	0	0	0	0	0	0	0	0	0	0	0	0	0	0	0	0	0	0	0	0	0	0	0	0	0	0	0	0	0	0	0	0	0	0	0	0	0	0	0	0	0	0	0	0	0	0	0	0	0	0	0	0	0	0	0	0	0	0	0	0	0	0	0	0	0	0	0	0	0	0	0	0	0	0	0	0	0	0	0	0	0	0	0	0	0	0	0	0	0	0	0	0	0	0	0	0	0	0	0	0	0	0	0	0	0	0	0	0	0	0	0	0	0	0	0	0	0	0	0	0	0	0	0	0	0	0	0	0	0	0	0	0	0	0	0	0	0	0	0	0	0	0	0	0	0	0	0	0	0	0	0	0	0	0	0	0	0	0	0	0	0	0	0	0	0	0	0	0	0	0	0	0	0	0	0	0	0	0	0	0	0	0	0	0	0	0	0	0	0	0	0	0	0	0	0	0	0	0	0	0	0	0	0	0	0	0	0	0	0	0	0	0	0	0	0	0	0	0	0	0	0	0	0	0	0	0	0	0	0	0	0	0	0	0	0	0	0	0	0	0	0	0	0	0	0	0	0	0	0	0	0	0	0	0	0	0	0	0	0	0	0	0	0	0	0	15	0	0	0	0	0	0	0	0	0	0	0	0	0	0	0	0	0	0	0	0	0	0	0	0	0	0	0	0	0	0	0	0	0	0	0	0	0	0	0	0	0	0	0	0	0	0	0	0	0	0	0	0	0	0	0	0	0	0	0	0	0	0	0	0	0	0	0	0	0	0	0	0	0	0	0	0	0	44	0	0	0	0	0	0	0	0	0	0	0	0	0	0	0	0	0	0	0	0	0	0	0	0	0	0	0	0	0	0	0	0	0	0	0	0	0	0	0	0	0	0	0	0	0	0	0	0	0	0	0	0	0	0	0	0	0	10	0	0	0	0	0	0	0	0	0	0	0	0	0	0	0	0	0	0	0	0	0	0	0	0	0	0	0	0	0	0	11	0	0	0	0	4	0	0	0	0	0	0	0	0	0	0	0	0	0	0	0	0	0	0	0	0	0	0	0	0	0	0	0	0	0	0	0	0	0	0	0	0	0	0	0	0	0	0	0	0	0	0	0	0	86	0	173	0	0	0	0	0	0	0	0	0	0	0	0	0	0	0	0	0	0	0	0	0	0	0	0	0	0	0	0	0	0	0	0	0	102	0	0	0	0	0	198	0	0	0	0	0	0	0	35	0	0	0	0	0	0	0	0	0	0	0	0	83	0	0	0	0	155	0	0	0	0	0	0	0	0	0	0	0	0	0	0	0	0	0	88	35	0	0	0	75	0	0	0	0	0	0	0	0	0	0	0	0	0	0	0	0	0	0	0	52	0	0	0	0	0	0	0	0	0	0	0	0	0	0	0	0	0	98	0	0	0	0	0	0	0	61	0	0	0	0	0	0	0	122	0	0	0	0	0	0	0	0	0	0	99	0	0	0	43	0	0	0	0	0	96	5	0	0	0	0	0	290	0	0	3	0	0	0	0	0	0	0	0	0	0	0	38	0	102	0	0	9	0	17	0	0	0	22	146	23	0	0	8	0	0	0	0	0	0	0	92	18	107	0	0	0	34	0	0	0	0	0	0	0	0	0	0	99	0	2	0	31	0	0	0	62	0	0	23	0	47	0	0	0	88	68	0	0	145	0	0	153	0	0	0	16	85	77	0	0	166	53	0	0	0	0	0	0	0	0	0	0	0	45	0	0	38	0	0	0	0	0	0	0	0	0	0	0	135	101	0	0	39	0	0	0	0	116	578	0	0	0	159	0	107	0	0	0	0	0	0	0	87	26	0	0	63	0	0	113	135	111	0	0	127	1	0	0	66	0	0	0	0	0	0	101	0	6	85	50	9	0	16	144	290	15	0	68	0	0	0	94	17	0	188	0	0	193	0	0	76	0	0	106	56	0	0	0	0	59	61	16	61	75	178	123	174	218	127	139	18	126	24	0	87	0	0	0	77	0	14	60	0	0	38	0	0	290	139	23	127	127	34	97	122	195	130	67	42	189	71	57	0	64	58	88	151	0	0	75	0	55	128	192	0	0	0	39	121	19	114	129	141	28	149	64	0	61	16	232	182	67	104	0	64	119	79	127	147	75	135	23	29	50	4	49	17	112	6	99	83	89	0	92	13	9	25	103	44	74	36	91	91	44	153	125	28	73	20	0	27	0	79	224	0	131	19	25	0	72	81	152	0	0	0	116	17	176	277	0	147	73	70	168	96	23	92	80	0	99	24	0	182	120	244	120	27	44	113	123	128	168	36	0	0	58	0	115	0	0	170	101	145	132	298	73	290
90	0	0	0	0	0	0	0	0	0	0	0	0	0	0	0	0	0	0	0	0	0	0	0	0	0	0	0	0	0	0	0	0	0	0	0	0	0	0	0	0	0	0	0	0	0	0	0	0	0	0	0	0	0	0	0	0	0	0	0	0	0	0	0	0	0	0	0	0	0	0	0	0	0	0	0	0	0	0	0	0	0	0	0	0	0	0	0	0	0	0	0	0	0	0	0	0	0	0	0	0	0	0	0	0	0	0	0	0	0	0	0	0	0	0	0	0	0	0	0	0	0	0	0	0	0	0	0	0	0	0	0	13	0	0	0	0	0	0	0	0	0	0	0	0	0	0	0	0	0	0	0	0	0	0	0	0	0	0	0	0	0	0	0	0	0	0	0	0	0	0	0	0	0	0	0	0	0	0	0	0	0	0	0	0	0	0	0	0	0	0	0	0	0	0	0	0	0	0	0	0	0	0	0	0	0	0	0	0	0	0	0	0	0	0	0	0	0	0	0	0	0	0	0	0	0	0	0	0	0	0	0	0	0	0	0	0	0	0	0	0	0	0	0	0	0	0	0	0	0	0	0	0	0	0	0	0	0	0	0	0	0	0	0	0	0	0	0	0	0	0	0	0	0	0	0	0	0	0	0	0	0	0	0	0	0	0	0	0	0	0	0	0	0	0	0	0	0	0	0	0	0	0	0	0	0	0	0	0	0	0	0	0	0	0	0	0	0	0	0	0	0	0	0	0	0	0	0	0	0	0	0	0	0	0	0	0	0	0	0	0	0	0	0	0	0	0	0	0	0	0	0	0	0	0	0	0	0	0	0	0	0	0	0	0	0	0	0	0	0	0	0	0	0	0	0	0	0	0	0	0	0	0	0	0	0	0	0	0	0	0	0	0	0	0	0	0	0	0	0	0	0	0	0	0	0	0	0	0	0	0	0	0	0	0	0	0	0	0	0	0	0	0	0	0	0	0	0	0	0	0	0	0	0	0	0	0	0	0	0	0	0	0	0	0	0	0	0	0	0	0	0	0	0	0	0	0	0	0	0	0	0	0	0	0	0	0	0	0	0	0	0	0	0	0	0	0	0	0	0	0	0	0	0	0	0	0	0	0	0	0	0	0	0	0	0	0	0	0	0	0	0	0	0	0	0	0	0	177	0	0	0	0	0	0	0	0	0	0	0	0	0	0	0	0	0	0	0	0	0	0	0	0	0	0	0	0	0	0	0	0	0	0	0	0	0	0	0	75	0	0	0	0	0	0	0	0	0	0	0	0	0	0	0	137	0	0	0	0	0	0	0	0	0	0	0	0	0	0	0	0	0	0	0	0	0	0	0	0	0	0	0	0	0	0	0	0	0	216	0	0	0	0	0	111	0	0	0	0	0	0	0	0	0	0	0	0	0	0	0	0	0	0	0	0	97	0	0	0	0	116	0	0	0	0	0	0	0	0	0	0	0	0	0	0	0	0	0	21	47	0	0	0	147	0	0	0	0	0	0	0	0	0	0	0	0	0	0	0	0	0	0	0	66	0	0	0	0	0	0	0	0	0	0	0	0	0	0	0	0	0	224	0	0	0	0	0	0	0	42	0	0	0	0	0	0	0	139	0	0	0	0	0	0	0	0	0	0	220	0	0	0	120	0	0	0	0	0	112	0	0	0	0	0	0	24	0	0	21	0	0	0	0	0	0	0	0	0	0	0	0	0	91	0	0	0	0	0	0	0	0	112	28	0	0	0	0	0	0	0	0	0	0	0	298	0	131	0	0	0	59	0	0	0	0	0	0	0	0	0	0	168	0	0	0	59	0	0	0	0	0	0	53	0	0	0	0	0	71	93	0	0	22	0	0	28	0	0	0	42	58	13	0	0	187	71	0	0	0	0	0	0	0	0	0	0	0	55	0	0	110	0	0	0	0	0	0	0	0	0	0	0	131	18	0	0	103	0	0	0	0	122	40	0	0	0	89	0	122	0	0	0	0	0	0	0	149	108	0	0	98	0	0	38	43	69	0	0	10	0	0	0	32	0	0	0	0	0	0	45	0	39	12	86	25	0	97	65	23	134	0	181	0	0	0	67	69	0	125	0	0	66	0	0	34	0	0	148	53	0	0	0	0	80	15	7	0	57	88	116	27	78	98	20	96	334	170	0	12	0	0	0	115	0	80	15	0	0	63	0	0	86	80	13	43	176	285	115	27	48	1	169	32	204	226	49	0	37	49	157	19	0	0	220	0	50	179	68	0	0	0	41	56	94	74	86	186	19	173	70	0	119	0	129	162	46	112	0	36	36	169	104	139	129	90	0	124	108	0	0	76	40	77	26	78	196	0	62	91	107	54	29	36	52	47	239	5	13	65	130	93	131	132	0	159	0	105	190	0	182	189	134	0	175	62	72	0	0	0	79	68	75	44	0	357	31	169	65	37	66	96	24	0	92	185	0	159	106	33	61	50	118	95	30	11	124	25	0	0	153	0	169	0	0	18	126	145	40	35	119	80
91	0	0	0	0	0	0	0	0	0	0	0	0	0	0	0	0	0	0	0	0	0	0	0	0	0	0	0	0	0	0	0	0	0	0	0	0	0	0	0	0	0	0	0	0	0	0	0	0	0	0	0	0	0	0	0	0	0	0	0	0	0	0	0	0	0	0	0	0	0	0	0	0	0	0	0	0	0	0	0	0	0	0	0	0	0	0	0	0	0	0	0	0	0	0	0	0	0	0	0	0	0	0	0	0	0	0	0	0	0	0	0	0	0	0	0	0	0	0	0	0	0	0	0	0	0	0	0	0	0	0	0	0	0	0	0	0	0	0	0	0	0	0	0	0	0	0	0	0	0	0	0	0	0	0	0	0	0	0	0	0	0	0	0	0	0	0	0	0	0	0	0	0	0	0	0	0	0	0	0	0	0	0	0	0	0	0	0	0	0	0	0	0	0	0	0	0	0	0	0	0	0	0	0	0	0	0	0	0	0	0	0	0	0	0	0	0	0	0	0	0	0	0	0	0	0	0	0	0	0	0	0	0	0	0	0	0	0	0	0	0	0	0	0	0	0	0	0	0	0	0	0	0	0	0	0	0	0	0	0	0	0	0	0	0	0	0	0	0	0	0	0	0	0	0	0	0	0	0	0	0	0	0	0	0	0	0	0	0	0	0	0	0	0	0	0	0	0	0	0	0	0	0	0	0	0	0	0	0	0	0	0	0	0	0	0	0	0	0	0	0	0	0	0	0	0	0	0	0	0	0	0	0	0	0	0	0	0	0	0	0	0	0	0	0	0	0	0	0	0	0	0	0	0	0	0	0	0	0	0	0	0	0	0	0	0	0	0	0	0	0	0	0	0	0	0	0	0	0	0	0	0	0	0	0	0	0	0	0	0	0	0	0	0	0	0	0	0	0	0	0	0	0	0	0	0	0	0	0	0	0	0	0	0	0	0	0	0	0	30	0	0	0	0	0	0	0	0	0	0	0	0	0	0	0	0	0	0	0	0	0	0	0	0	0	0	0	0	0	0	0	0	0	0	0	0	0	0	0	0	0	0	0	0	0	0	0	0	0	0	0	0	0	0	0	0	0	12	0	0	0	0	0	0	0	0	0	0	0	0	0	0	0	0	0	0	0	0	0	0	0	0	0	0	0	0	0	0	82	0	0	0	0	0	0	0	4	0	0	0	0	0	0	0	0	0	0	0	0	0	0	0	0	0	0	0	0	0	0	0	0	0	0	0	0	0	0	0	89	0	0	0	0	0	0	0	0	0	0	0	0	0	0	0	133	0	0	0	0	0	0	47	0	0	0	0	0	0	0	0	0	0	0	0	0	0	0	0	0	0	0	0	0	0	0	0	0	0	0	0	0	0	0	0	19	0	0	0	0	0	1	0	0	0	0	0	19	0	0	0	0	0	0	0	0	61	0	0	0	3	316	0	0	0	0	0	0	0	0	0	0	0	0	0	0	0	0	0	110	117	0	0	0	75	0	0	0	0	0	0	0	0	0	0	0	0	0	0	0	0	0	0	0	208	0	0	0	0	0	0	0	0	0	0	0	0	0	0	38	0	0	363	0	0	0	0	0	0	0	141	0	0	0	0	0	0	0	157	0	0	0	0	0	0	0	0	0	0	131	0	0	0	34	0	0	0	0	0	39	57	0	0	0	0	0	72	0	0	90	0	0	0	0	0	1	0	0	0	0	0	34	0	215	0	0	0	0	0	0	0	0	29	95	0	0	0	139	0	0	0	0	0	0	0	69	100	164	0	0	0	116	0	0	0	0	0	0	2	0	0	0	125	0	0	0	27	0	0	0	0	0	0	11	0	0	0	0	0	110	33	0	0	100	0	0	29	0	0	0	55	75	154	0	0	279	93	0	0	0	0	0	0	0	0	0	0	0	153	0	0	89	0	0	0	0	0	0	0	0	0	0	0	138	96	0	0	76	0	7	0	0	37	51	0	0	0	63	0	35	0	0	0	0	0	0	0	265	133	0	0	177	0	0	45	91	103	0	0	172	24	0	0	77	0	0	0	0	0	0	173	0	70	33	382	20	0	127	70	119	58	0	183	0	0	0	144	85	0	105	50	0	143	0	8	40	0	3	209	63	0	0	0	0	60	125	141	23	35	96	94	168	125	139	37	224	164	97	0	91	0	0	0	80	0	139	31	0	0	75	0	0	192	42	347	25	21	5	104	193	52	40	78	71	133	77	140	0	85	36	158	58	0	0	52	0	86	101	232	0	0	0	96	92	10	17	39	122	33	112	73	0	142	10	150	70	262	116	0	74	214	73	103	151	38	14	82	2	7	4	36	62	138	57	76	146	91	0	114	146	182	79	163	61	89	137	195	34	42	128	75	109	139	67	0	46	0	111	223	81	131	9	126	0	62	52	89	0	0	0	131	61	71	234	0	58	61	62	41	103	32	56	167	0	64	130	9	37	152	109	81	134	94	149	145	70	31	103	0	0	94	0	18	0	0	193	42	182	41	30	55	91
92	0	0	0	0	0	0	0	0	0	0	0	0	0	0	0	0	0	0	0	0	0	0	0	0	0	0	0	0	0	0	0	0	0	0	0	0	0	0	0	0	0	0	0	0	0	0	0	0	0	0	0	0	0	0	0	0	0	0	0	0	0	0	0	0	0	0	0	0	0	0	0	0	0	0	0	0	0	0	0	0	0	0	0	0	0	0	0	0	0	0	0	0	0	0	0	0	0	0	0	0	0	0	0	0	0	0	0	0	0	0	0	0	0	0	0	0	0	0	0	0	0	0	0	0	0	0	0	0	0	0	0	0	0	0	0	0	0	0	0	0	0	0	0	0	0	0	0	0	0	0	0	0	0	0	0	0	0	0	0	0	0	0	0	0	0	0	0	0	0	0	0	0	0	0	0	0	0	0	0	0	0	0	0	0	0	0	0	0	0	0	0	0	0	0	0	0	0	0	0	0	0	0	0	0	0	0	0	0	0	0	0	0	0	0	0	0	0	0	0	0	0	0	0	0	0	0	0	0	0	0	0	0	0	0	0	0	0	0	0	0	0	0	0	0	0	0	0	0	0	0	0	0	0	0	0	0	0	0	0	0	0	0	0	0	0	0	0	0	0	0	0	0	0	0	0	0	0	0	0	0	0	0	0	0	0	0	0	0	0	0	0	0	0	0	0	0	0	0	0	0	0	0	0	0	0	0	0	0	0	0	0	0	0	0	0	0	0	0	0	0	0	0	0	0	0	0	0	0	0	0	0	0	0	0	0	0	0	0	0	0	0	0	0	0	0	0	0	0	0	0	0	0	0	0	0	0	0	0	0	0	0	0	0	0	0	0	0	0	0	0	0	0	0	0	0	0	0	0	0	0	0	5	0	0	0	0	0	0	0	0	0	0	0	0	0	0	0	0	0	0	0	0	0	0	0	0	0	0	0	0	0	0	0	0	0	0	0	0	0	0	0	0	0	0	0	0	0	0	0	0	0	0	0	0	0	0	0	0	0	0	0	0	0	0	0	0	0	0	0	0	0	0	0	0	0	0	0	0	0	0	0	0	0	0	0	0	0	0	0	0	0	0	0	0	0	0	0	0	0	0	0	0	0	0	0	0	0	0	0	0	0	0	0	0	0	0	0	0	0	0	0	0	0	0	0	0	0	93	0	0	0	0	0	0	0	0	0	0	0	0	0	0	0	0	0	0	0	0	0	0	0	0	0	0	0	0	0	0	0	0	0	0	0	0	0	0	0	0	0	0	0	0	0	0	0	0	0	0	0	0	0	0	0	100	0	0	0	0	0	0	0	0	0	0	0	44	0	0	0	0	0	0	0	0	0	0	0	0	0	0	0	0	0	0	0	0	0	16	0	0	0	0	0	36	0	0	0	0	0	0	0	16	0	0	0	0	0	0	0	0	0	0	0	0	123	0	0	0	2	196	0	0	0	0	0	0	0	0	0	0	0	0	0	0	0	0	0	10	27	0	0	0	5	0	0	0	0	0	0	0	0	0	0	0	0	0	0	0	0	0	0	0	156	0	0	0	0	0	0	0	0	0	0	0	0	0	0	0	0	0	36	0	0	0	0	0	0	0	127	0	0	0	0	0	0	0	259	0	0	0	0	0	0	0	0	0	0	208	0	0	0	44	0	0	0	0	0	219	0	0	0	0	0	0	28	0	0	55	0	0	0	0	0	0	0	0	0	0	0	13	0	21	0	0	0	0	0	0	0	0	57	92	0	0	0	8	0	0	0	0	0	0	0	127	0	77	0	0	0	109	0	0	0	0	0	0	0	0	0	0	269	0	0	0	42	0	0	0	2	0	0	260	0	11	0	0	0	167	67	0	0	161	0	0	257	0	0	0	142	202	84	0	0	62	101	0	0	0	0	0	0	0	0	0	0	0	94	0	0	103	0	0	0	0	0	0	0	0	0	0	0	70	73	0	0	30	0	0	0	0	84	53	0	0	0	82	0	54	0	0	0	0	0	0	0	26	127	0	0	56	0	0	194	38	35	0	0	90	0	0	0	132	0	0	0	0	0	0	155	0	73	159	60	42	0	82	53	119	73	0	270	0	0	0	157	69	0	93	0	0	92	0	6	57	0	0	24	98	0	0	0	0	150	34	9	0	46	85	47	130	17	152	129	59	27	76	0	101	0	0	1	54	0	116	62	0	0	34	0	0	95	242	12	21	72	73	230	15	100	12	193	27	52	77	178	0	195	99	141	289	0	0	117	0	59	115	63	0	0	16	66	67	87	133	104	26	41	76	21	0	108	17	57	4	96	55	0	88	135	289	153	43	49	118	4	58	89	0	15	103	30	92	88	48	277	0	100	83	16	281	54	113	17	108	129	62	25	38	99	233	126	112	0	43	0	147	15	21	95	89	105	0	24	23	75	0	0	0	55	147	102	76	0	117	102	40	207	148	162	81	200	0	56	137	0	186	156	175	74	104	355	147	180	214	24	172	0	0	102	0	119	0	0	18	89	68	187	56	122	85
93	0	0	0	0	0	0	0	0	0	0	0	0	0	0	0	0	0	0	0	0	0	0	0	0	0	0	0	0	0	0	0	0	0	0	0	0	0	0	0	0	0	0	0	0	0	0	0	0	0	0	0	0	0	0	0	0	0	0	0	0	0	0	0	0	0	0	0	0	0	0	0	0	0	0	0	0	0	0	0	0	0	0	0	0	0	0	0	0	0	0	0	0	0	0	0	0	0	0	0	0	0	0	0	0	0	0	0	0	0	0	0	0	0	0	0	0	0	0	0	0	0	0	0	0	0	0	0	0	0	0	0	0	0	0	0	0	0	0	0	0	0	0	0	0	0	0	0	0	0	0	0	0	0	0	0	0	0	0	0	0	0	0	0	0	0	0	0	0	0	0	0	0	0	0	0	0	0	0	0	0	0	0	0	0	0	0	0	0	0	0	0	0	0	0	0	0	0	0	0	0	0	0	0	0	0	5	0	0	0	0	0	0	0	0	0	0	0	0	0	0	0	0	0	0	0	0	0	0	0	0	0	0	0	0	0	0	0	0	0	0	0	0	0	0	0	0	0	0	0	0	0	0	0	0	0	0	0	0	0	0	0	0	0	0	0	0	0	0	0	0	0	0	0	0	0	0	0	0	0	0	0	0	0	0	0	0	0	0	0	0	0	0	0	0	0	0	0	0	0	0	0	0	0	0	0	0	0	0	0	0	0	0	0	0	0	0	0	0	0	0	0	0	0	0	0	0	0	0	0	0	0	0	0	0	0	0	0	0	0	0	0	0	0	0	0	0	0	0	0	0	0	0	0	0	0	0	0	0	0	0	0	0	0	0	0	0	0	0	0	0	0	0	0	0	0	0	0	0	0	0	0	0	0	0	0	0	0	0	0	0	0	0	0	0	0	0	0	0	0	0	0	0	0	0	0	0	0	0	0	0	0	0	0	0	0	0	0	0	0	0	0	0	0	0	0	0	0	0	0	0	0	0	0	0	0	0	0	0	0	0	0	0	0	0	0	0	0	0	0	0	0	0	0	0	0	0	0	0	0	0	0	0	0	0	0	0	0	0	0	0	0	0	0	0	0	0	0	0	0	0	0	0	10	0	0	0	0	0	0	0	0	0	0	0	0	0	0	0	0	0	0	0	0	0	0	0	0	9	0	0	0	0	0	0	0	0	0	0	0	0	0	0	0	0	0	0	0	0	0	0	0	0	0	0	0	0	0	0	0	0	0	0	0	0	0	0	0	0	0	0	0	0	0	0	0	0	0	0	0	0	0	0	0	82	0	0	0	0	0	0	0	0	0	0	0	0	0	0	0	0	0	0	0	0	0	0	0	0	0	0	0	0	0	0	0	0	0	82	0	0	0	0	0	72	0	0	0	0	0	0	0	0	0	0	0	0	0	0	0	0	0	0	0	0	41	0	0	0	0	124	0	0	0	0	0	0	0	0	0	0	0	0	0	0	0	0	0	100	181	0	0	0	17	0	0	0	0	0	0	0	0	0	0	0	0	0	0	0	0	0	0	0	116	0	0	0	0	0	0	0	0	0	0	0	0	0	0	0	0	0	73	0	0	0	0	0	0	0	60	0	0	0	0	0	0	0	76	0	0	0	0	0	0	0	0	0	0	15	0	0	0	183	0	0	0	0	0	16	0	0	0	0	0	0	63	0	0	0	0	0	0	0	0	0	0	0	0	0	0	0	0	189	0	0	0	0	0	0	0	0	110	53	0	0	0	13	0	0	0	0	0	0	0	43	0	6	0	0	0	153	0	0	0	0	0	0	0	0	0	0	25	0	0	0	127	0	0	0	0	0	0	48	0	0	0	0	0	148	114	0	0	32	0	0	70	0	0	0	58	191	40	0	0	59	18	0	0	0	0	0	0	0	0	0	0	0	40	0	0	126	0	0	0	0	0	0	0	0	0	0	0	218	480	0	0	63	0	0	0	0	63	61	0	0	0	24	0	192	0	0	0	0	0	0	0	145	156	0	0	3	0	0	107	59	80	0	0	78	0	0	0	196	0	0	0	0	0	0	136	0	57	330	46	296	0	84	119	60	50	0	35	0	0	0	300	8	0	213	0	0	65	0	0	27	0	0	162	62	0	0	0	0	279	17	213	0	66	36	22	72	264	148	148	118	87	75	0	145	0	0	0	85	0	125	54	0	0	86	0	0	199	65	28	79	101	28	170	70	396	78	29	41	51	141	327	0	80	229	73	13	0	0	40	0	48	39	162	0	0	0	97	158	41	111	22	31	101	250	23	0	23	0	22	90	22	103	0	26	40	197	53	140	134	29	0	398	87	0	0	23	166	108	61	295	8	0	124	174	20	104	99	149	150	106	40	155	116	80	60	38	82	106	0	39	0	33	157	0	188	127	252	0	58	104	57	0	0	0	18	111	143	74	0	31	120	128	52	25	36	7	35	0	105	31	0	144	117	167	117	48	64	46	56	318	32	75	0	0	300	0	258	0	0	39	160	229	17	31	61	46
94	0	0	0	0	0	0	0	0	0	0	0	0	0	0	0	0	0	0	0	0	0	0	0	0	0	0	0	0	0	0	0	0	0	0	0	0	0	0	0	0	0	0	0	0	0	0	0	0	0	0	0	0	0	0	0	0	0	0	0	0	0	0	0	0	0	0	0	0	0	0	0	0	0	0	0	0	0	0	0	0	0	0	0	0	0	0	0	0	0	0	0	0	0	0	0	0	0	0	0	0	0	0	0	0	0	0	0	0	0	0	0	0	0	0	0	0	0	0	0	0	0	0	0	0	0	0	0	0	0	0	0	0	0	0	0	0	0	0	0	0	0	0	0	0	0	0	0	0	0	0	0	0	0	0	0	0	0	0	0	0	0	0	0	0	0	0	0	0	0	0	0	0	0	0	0	0	0	0	0	0	0	0	0	0	0	0	0	0	0	0	0	0	0	0	0	0	0	0	0	0	0	0	0	0	0	0	0	0	0	0	0	0	0	0	0	0	0	0	0	0	0	0	0	0	0	0	0	0	0	0	0	0	0	0	0	0	0	0	0	0	0	0	0	0	0	0	0	0	0	0	0	0	0	0	0	0	0	0	0	0	0	0	0	0	0	0	0	0	0	0	0	0	0	0	0	0	0	0	0	0	0	0	0	0	0	0	0	0	0	0	0	0	0	0	0	0	0	0	0	0	0	0	0	0	0	0	0	0	0	0	0	0	0	0	0	0	0	0	0	0	0	0	0	0	0	0	0	0	0	0	0	0	0	0	0	0	0	0	0	0	0	0	0	0	0	0	0	0	0	0	0	0	0	0	0	0	0	0	0	0	0	0	0	0	0	0	0	0	0	0	0	0	0	0	0	0	0	0	0	0	0	0	0	0	0	0	0	0	0	0	0	0	0	0	0	0	0	0	0	0	0	0	0	0	0	0	0	0	0	0	0	0	0	19	0	0	0	0	0	0	0	0	0	0	0	0	0	0	0	0	0	0	0	0	0	0	0	0	0	0	0	0	0	0	0	0	0	0	0	0	0	0	0	0	0	0	0	0	0	0	0	0	0	0	0	0	0	0	0	0	0	0	0	0	0	0	0	0	0	0	0	0	0	0	0	0	0	0	0	0	0	0	0	0	0	0	0	2	0	0	0	0	0	0	0	0	0	85	0	0	0	0	0	0	0	0	0	0	0	0	0	0	0	0	0	0	0	0	0	0	0	0	0	0	0	0	0	0	0	0	0	0	0	0	0	0	0	102	0	0	0	0	0	0	0	0	0	0	0	0	0	0	0	76	0	0	0	0	0	0	0	0	0	0	0	0	0	0	0	0	0	0	0	0	0	0	0	0	0	0	0	0	0	0	0	0	0	0	0	0	0	0	0	22	0	0	0	0	0	21	0	0	0	0	0	0	0	0	0	0	0	0	0	0	14	0	0	0	0	292	0	0	0	0	0	0	0	0	0	0	0	0	0	0	0	0	0	3	106	0	0	0	90	0	0	0	0	0	0	0	0	0	0	0	0	0	0	0	0	0	0	0	105	0	0	0	0	0	0	0	0	0	0	0	0	0	0	0	0	24	81	0	0	0	0	0	0	0	34	0	0	0	0	0	0	0	292	0	0	0	0	0	0	0	0	0	0	62	0	0	0	25	0	0	0	0	0	86	0	0	0	0	0	0	197	0	0	4	0	0	0	0	0	0	0	0	0	0	0	0	0	89	0	0	0	0	0	0	0	0	220	107	0	0	0	7	0	0	0	0	0	0	0	0	0	244	0	0	0	69	0	0	0	0	0	0	0	0	0	0	39	0	0	0	23	0	0	0	3	0	0	121	0	0	0	0	0	22	21	0	0	51	0	0	48	0	0	0	48	69	92	0	0	77	129	0	0	0	0	0	0	0	0	0	0	0	58	0	0	57	0	0	0	0	0	0	0	0	0	0	0	101	91	0	0	14	0	0	0	0	147	40	0	0	0	62	0	335	0	0	0	0	0	0	0	30	78	0	0	77	0	0	46	178	45	0	0	230	0	0	0	152	0	0	0	0	0	0	64	0	66	29	79	0	0	25	54	162	226	0	110	0	0	0	281	9	0	55	0	0	69	0	0	226	0	0	43	79	0	0	0	0	68	230	29	0	51	198	163	102	65	86	115	71	20	424	0	231	0	0	0	126	0	261	37	0	0	141	0	3	189	257	267	42	410	88	141	125	243	18	34	15	111	288	36	0	167	39	22	15	0	0	47	0	94	128	53	0	0	0	52	189	63	79	105	117	36	53	12	0	85	0	139	65	75	162	0	88	52	183	353	94	91	44	0	69	32	0	21	57	96	58	74	66	18	0	18	43	115	85	14	309	40	219	60	26	169	193	8	30	78	84	0	6	0	166	126	0	61	57	35	0	79	13	98	0	12	0	35	63	35	104	0	136	121	14	105	83	44	95	71	0	183	257	0	31	34	250	15	88	299	62	53	161	84	76	0	0	0	0	103	0	0	128	146	60	126	194	87	69
95	0	0	0	0	0	0	0	0	0	0	0	0	0	0	0	0	0	0	0	0	0	0	0	0	0	0	0	0	0	0	0	0	0	0	0	0	0	0	0	0	0	0	0	0	0	0	0	0	0	0	0	0	0	0	0	0	0	0	0	0	0	0	0	0	0	0	0	0	0	0	0	0	0	0	0	0	0	0	0	0	0	0	0	0	0	0	0	0	0	0	0	0	0	0	0	0	0	0	0	0	0	0	0	0	0	0	0	0	0	0	0	0	0	0	0	0	0	0	0	0	0	0	0	0	0	0	0	0	0	0	0	0	0	0	0	0	0	0	0	0	0	0	0	0	0	0	0	0	0	0	0	0	0	0	0	0	0	0	0	0	0	0	0	0	0	0	0	0	0	0	0	0	0	0	0	0	0	0	0	0	0	0	0	0	0	0	0	0	0	0	0	0	0	0	0	0	0	0	0	0	0	0	0	0	0	0	0	0	0	0	0	0	0	0	0	0	0	0	0	0	0	0	0	0	0	0	0	0	0	0	0	0	0	0	0	0	0	0	0	0	0	0	0	0	0	0	0	0	0	0	0	0	0	0	0	0	0	0	0	0	0	0	0	0	0	0	0	0	0	0	0	0	0	0	0	0	0	0	0	0	0	0	0	0	0	0	0	0	0	0	0	0	0	0	0	0	0	0	0	0	0	0	0	0	0	0	0	0	0	0	0	0	0	0	0	0	0	0	0	0	0	0	0	0	0	0	0	0	0	0	0	0	0	0	0	0	0	0	0	0	0	0	0	0	0	0	0	0	0	0	0	0	0	0	0	0	0	0	0	0	0	0	0	0	0	0	0	0	0	0	0	0	0	0	0	0	0	0	0	0	0	0	0	0	0	0	0	0	0	0	0	0	0	0	0	0	0	0	0	0	0	0	0	0	0	0	0	0	0	0	0	0	0	0	0	0	0	0	33	0	0	0	0	0	0	0	0	0	0	0	0	0	0	0	0	0	0	0	0	0	0	0	0	0	0	0	0	0	0	0	0	0	0	0	0	0	0	0	0	0	0	0	0	0	0	0	0	0	0	0	0	0	0	0	0	0	0	0	0	0	0	0	0	0	0	0	0	0	0	0	0	0	0	0	0	0	0	0	0	0	0	0	0	0	0	0	0	27	0	0	0	0	0	0	0	0	0	0	0	0	0	0	0	0	0	0	0	0	0	0	0	0	0	0	0	0	0	0	0	0	0	0	0	0	0	0	0	17	0	0	0	0	0	0	0	0	0	0	0	0	0	0	0	103	0	0	0	0	0	0	11	0	0	0	0	0	0	0	0	0	0	0	0	0	0	0	0	0	0	0	0	0	0	0	0	0	0	4	0	0	0	0	0	53	0	0	0	0	0	0	0	0	0	0	0	0	0	0	0	0	0	0	0	0	149	0	0	0	0	272	0	0	0	0	0	0	0	0	0	0	0	0	0	0	0	0	0	56	112	0	0	0	39	0	0	0	0	0	0	0	0	0	0	0	0	0	0	0	0	0	0	0	124	0	0	0	0	0	0	0	0	0	0	0	0	0	0	0	0	0	130	0	0	0	0	0	0	0	68	0	0	0	0	0	0	0	21	0	0	0	0	0	0	0	0	0	0	28	0	0	0	69	0	0	0	0	0	21	0	0	0	0	0	0	54	0	0	83	0	0	0	0	0	0	0	0	0	0	0	0	0	84	0	0	0	0	0	0	0	0	207	182	48	0	0	0	0	0	0	0	0	0	0	50	0	82	0	0	0	104	0	0	0	0	0	0	0	0	0	0	58	0	0	0	62	0	0	0	0	0	0	39	0	6	0	0	0	178	39	0	0	28	0	0	63	0	0	0	93	9	59	0	0	56	113	0	0	0	0	0	0	0	0	0	0	0	20	0	0	223	0	0	0	0	0	0	0	0	0	0	0	140	69	0	0	84	0	0	0	0	128	150	0	0	0	1	0	88	0	0	0	4	0	0	0	96	10	0	0	64	0	0	194	1	68	0	0	179	0	0	0	162	0	0	0	0	0	0	14	0	19	37	44	17	0	87	158	53	33	0	116	0	0	0	176	26	0	85	4	0	97	0	50	143	0	0	49	49	0	0	0	0	202	172	29	0	97	208	74	40	62	140	142	22	152	45	0	148	0	0	0	5	0	32	56	0	0	298	0	0	161	18	41	190	69	269	67	110	45	2	281	15	63	162	143	0	70	43	41	34	0	0	158	0	20	128	102	0	0	0	86	99	17	176	107	50	65	51	57	0	181	0	88	158	130	105	0	107	172	108	218	96	48	22	0	169	110	0	0	73	117	68	44	44	142	0	138	85	52	198	209	113	55	102	79	29	32	105	4	34	99	72	0	126	0	155	28	0	97	219	121	0	101	153	46	0	0	0	35	166	116	175	0	29	82	70	38	81	77	91	41	0	65	15	0	14	128	167	169	57	51	83	157	18	44	127	0	0	117	0	124	0	0	30	33	46	42	139	68	194
96	0	0	0	0	0	0	0	0	0	0	0	0	0	0	0	0	0	0	0	0	0	0	0	0	0	0	0	0	0	0	0	0	0	0	0	0	0	0	0	0	0	0	0	0	0	0	0	0	0	0	0	0	0	0	0	0	0	0	0	0	0	0	0	0	0	0	0	0	0	0	0	0	0	0	0	0	0	0	0	0	0	0	0	0	0	0	0	0	0	0	0	0	0	0	0	0	0	0	0	0	0	0	0	0	0	0	0	0	0	0	0	0	0	0	0	0	0	0	0	0	0	0	0	0	0	0	0	0	0	0	0	0	0	0	0	0	0	0	0	0	0	0	0	0	0	0	0	0	0	0	0	0	0	0	0	0	0	0	0	0	0	0	0	0	0	0	0	0	0	0	0	0	0	0	0	0	0	0	0	0	0	0	0	0	0	0	0	0	0	0	0	0	0	0	0	0	0	0	0	0	0	0	0	0	0	0	0	0	0	0	0	0	0	0	0	0	0	0	0	0	0	0	0	0	0	0	0	0	0	0	0	29	0	0	0	0	0	0	0	0	0	0	0	0	0	0	0	0	0	0	0	0	0	0	0	0	0	0	0	0	0	0	0	0	0	0	0	0	0	0	0	0	0	0	0	0	0	0	0	0	0	0	0	0	0	0	0	0	0	0	25	0	0	0	0	0	0	0	0	0	0	0	0	0	0	0	0	0	0	0	0	0	0	0	0	0	0	0	0	0	0	0	0	0	0	0	0	0	0	0	0	0	0	0	0	0	0	0	0	0	0	0	0	0	0	0	0	0	0	0	0	0	0	0	0	0	0	0	0	0	0	0	0	0	0	0	0	0	0	0	0	0	0	0	0	0	0	0	0	0	0	0	0	0	0	0	0	0	0	0	0	0	0	0	0	0	0	0	0	0	0	0	0	0	0	0	0	0	0	0	0	0	0	0	0	0	0	0	0	0	0	0	0	0	0	0	0	0	0	0	0	0	0	0	0	0	0	0	0	0	0	0	0	0	0	0	0	0	0	0	0	0	0	0	0	0	0	0	0	0	0	0	0	0	0	0	0	0	0	0	0	0	0	0	0	0	0	0	0	0	0	0	0	0	0	0	0	0	0	0	0	0	0	0	0	0	0	0	0	0	0	0	0	0	0	0	0	33	0	0	0	0	0	0	0	0	0	0	0	0	0	0	0	0	0	0	0	0	0	0	0	0	0	0	0	0	0	0	0	0	0	0	0	0	0	0	0	0	0	0	0	0	0	0	0	0	0	0	0	0	0	0	0	0	0	0	0	0	0	0	0	0	0	0	0	0	0	0	0	0	0	0	0	0	0	0	0	0	0	0	0	0	0	0	0	0	0	53	0	0	1	0	0	23	0	0	0	0	0	0	0	3	0	0	0	0	0	0	0	0	0	0	0	0	119	0	0	0	0	26	0	0	0	0	0	0	0	0	0	0	0	0	0	0	0	0	0	107	0	0	0	0	22	0	0	0	0	0	0	0	0	0	0	0	0	0	0	0	0	0	0	0	26	0	0	0	0	0	0	0	0	0	0	0	0	0	0	0	0	0	7	0	0	0	0	0	0	0	104	0	0	0	0	0	0	0	24	0	0	0	0	0	0	0	0	0	0	23	28	0	0	28	0	0	0	0	0	0	0	0	0	0	0	0	56	0	0	0	0	0	0	0	0	0	0	0	0	0	0	0	0	96	0	0	0	0	0	0	0	0	43	85	0	0	0	0	0	0	0	0	0	0	0	83	0	82	0	0	0	297	0	0	0	0	0	0	0	0	0	0	178	0	0	0	89	0	0	0	0	0	0	45	0	0	0	0	0	215	20	0	0	81	0	0	41	0	0	0	74	57	71	0	0	58	144	0	0	0	0	0	0	0	0	0	0	0	73	0	0	265	0	0	0	0	0	0	0	0	0	0	0	27	52	0	0	114	0	0	0	0	267	50	0	0	0	14	0	96	0	0	0	0	0	0	0	138	12	0	0	33	0	0	95	25	113	0	0	62	0	0	0	134	0	0	0	0	0	0	3	0	0	210	104	13	0	62	116	15	61	0	37	0	0	0	59	0	0	27	0	0	8	0	0	112	0	0	54	205	0	0	0	0	14	59	0	0	142	56	47	87	166	261	115	19	166	9	0	105	0	0	0	78	0	96	117	0	0	135	0	0	183	39	40	119	14	59	192	332	26	0	87	90	184	36	52	0	57	98	151	52	0	0	7	0	86	67	68	0	0	0	46	23	172	284	201	83	30	50	28	0	59	0	186	76	12	16	0	182	140	84	182	46	105	76	0	149	167	0	0	106	32	73	113	67	47	0	53	158	139	36	76	60	71	70	16	58	115	122	73	202	16	56	0	77	0	29	135	0	87	66	146	0	115	73	24	0	0	0	38	22	104	94	0	35	88	30	38	94	44	55	155	0	118	24	0	91	73	246	41	17	81	15	50	81	30	67	0	0	20	0	198	0	0	172	113	31	143	228	21	39
97	0	0	0	0	0	0	0	0	0	0	0	0	0	0	0	0	0	0	0	0	0	0	0	0	0	0	0	0	0	0	0	0	0	0	0	0	0	0	0	0	0	0	0	0	0	0	0	0	0	0	0	0	0	0	0	0	0	0	0	0	0	0	0	0	0	0	0	0	0	0	0	0	0	0	0	0	0	0	0	0	0	0	0	0	0	0	0	0	0	0	0	0	0	0	0	0	0	0	0	0	0	0	0	0	0	0	0	0	0	0	0	0	0	0	0	0	0	26	0	0	0	0	0	0	0	0	0	0	0	0	0	0	0	0	0	0	0	0	0	0	0	0	0	0	0	0	0	0	0	0	0	0	0	0	0	0	0	0	0	0	0	0	0	0	0	0	0	0	0	0	0	0	0	0	0	0	0	0	0	0	0	0	0	0	0	0	0	0	0	0	0	0	0	0	0	0	0	0	0	0	0	0	0	0	0	0	0	0	0	0	0	0	0	0	0	0	0	0	0	0	0	0	0	0	0	0	0	0	0	0	0	0	0	0	0	0	0	0	0	0	0	0	0	0	0	0	0	0	0	0	0	0	0	0	0	0	0	0	0	2	0	0	0	0	0	0	0	0	0	0	0	0	0	0	0	0	0	0	0	0	0	0	0	0	0	0	0	0	0	0	0	0	0	0	0	0	0	0	0	0	0	0	0	0	0	0	0	0	0	0	0	0	0	0	0	0	0	0	0	0	0	0	0	0	0	0	0	0	0	0	0	0	0	0	0	0	0	0	0	0	0	0	0	0	0	0	0	0	0	0	0	0	0	0	0	0	0	0	0	0	0	0	0	0	0	0	0	0	0	0	0	0	0	0	0	0	0	0	0	0	0	0	0	0	0	0	0	0	0	0	0	0	0	0	0	0	0	0	0	0	0	0	0	0	0	0	0	0	0	0	0	0	0	0	0	0	0	0	71	0	0	0	0	0	0	0	0	0	0	0	0	0	0	0	0	0	0	0	0	0	0	0	0	0	0	0	0	0	0	0	0	0	0	0	0	0	0	0	0	0	0	0	0	0	0	0	0	0	0	0	0	0	0	0	0	0	77	0	0	0	0	0	0	0	0	0	0	0	0	0	0	0	0	0	0	0	0	0	0	0	0	0	0	0	0	0	0	71	0	0	0	0	0	0	0	0	0	0	0	0	0	0	0	0	0	0	0	0	0	0	0	0	0	0	0	0	0	0	0	0	0	0	0	0	0	0	0	76	0	0	0	0	0	0	0	0	0	0	0	0	0	0	0	68	0	0	0	0	0	0	0	0	0	0	0	0	0	0	0	0	0	0	0	0	0	0	0	0	0	0	0	0	0	0	0	0	0	42	0	1	0	0	0	96	0	0	0	0	0	40	0	58	0	0	0	0	0	0	0	0	0	0	0	0	30	0	0	0	8	31	0	0	0	0	0	0	0	0	0	0	0	0	0	0	0	0	0	72	101	0	0	0	22	0	0	0	0	0	0	0	0	0	0	0	0	0	0	0	0	0	0	0	120	0	0	0	0	0	0	0	0	0	0	0	0	0	0	0	0	0	83	0	0	0	0	0	0	0	86	0	0	0	0	0	0	0	53	0	0	0	0	0	0	0	0	0	0	262	0	0	0	348	0	0	0	0	0	89	0	0	0	0	0	0	187	0	0	73	0	0	0	0	0	0	0	0	0	0	0	56	0	44	0	0	6	0	0	0	0	0	89	2	0	0	0	36	0	0	0	0	0	0	0	76	0	202	0	0	0	74	0	0	0	0	0	0	0	0	0	0	192	0	0	0	60	0	0	0	0	0	0	169	0	5	0	0	0	99	78	0	0	108	1	0	30	0	0	0	75	145	223	0	0	69	22	0	0	0	0	0	0	0	0	0	0	0	29	0	0	62	0	0	2	0	0	0	0	0	0	0	0	25	89	0	0	100	0	0	0	0	72	10	0	0	0	170	0	44	0	0	0	0	0	0	0	33	152	0	0	7	0	0	47	81	54	0	0	65	0	0	0	208	0	0	0	0	0	0	169	0	15	99	46	11	0	149	132	43	29	0	190	0	0	0	29	173	0	66	0	0	91	0	0	134	0	0	158	105	0	0	0	0	86	116	31	0	40	162	62	54	5	23	33	101	50	16	0	141	0	0	0	75	0	50	40	0	0	46	0	0	129	43	69	12	175	133	190	144	3	74	124	103	56	75	88	0	114	16	243	196	0	0	33	0	88	83	56	0	0	0	13	83	45	126	119	44	213	278	67	0	58	8	158	25	62	178	0	28	105	173	245	129	215	166	76	107	118	5	0	109	41	79	109	50	65	0	92	189	115	129	111	42	11	70	71	70	43	195	48	193	118	115	0	27	0	42	48	23	152	38	155	0	308	128	33	0	0	0	47	89	196	211	0	19	202	66	150	110	64	88	35	0	117	210	0	16	23	124	89	49	102	9	119	154	41	52	0	0	28	0	33	0	0	72	228	116	33	183	452	39
98	0	0	0	0	0	0	0	0	0	0	0	0	0	0	0	0	0	0	0	0	0	0	0	0	0	0	0	0	0	0	0	0	0	0	0	0	0	0	0	0	0	0	0	0	0	0	0	0	0	0	0	0	0	0	0	0	0	0	0	0	0	0	0	0	0	0	0	0	0	0	0	0	0	0	0	0	0	0	0	0	0	0	0	0	0	0	0	0	0	0	0	0	0	0	0	0	0	0	0	0	0	0	0	0	0	0	0	0	0	0	0	0	0	0	0	0	0	0	0	0	0	0	0	0	0	0	0	0	0	0	0	0	0	0	0	0	0	0	0	0	0	0	0	0	0	0	0	0	0	0	0	0	0	0	0	0	0	0	0	0	0	0	0	0	0	0	0	0	0	0	0	0	0	0	0	0	0	0	0	0	0	0	0	0	0	0	0	0	0	0	0	0	0	0	0	0	0	0	0	0	0	0	0	0	0	0	0	0	0	0	0	0	0	0	0	0	0	0	0	0	0	0	0	0	0	0	0	0	0	0	0	0	0	0	0	0	0	0	0	0	0	0	0	0	0	0	0	0	0	0	0	0	0	0	0	0	0	0	0	0	0	0	0	0	0	0	0	0	0	0	0	0	0	0	0	0	0	0	0	0	0	0	0	0	0	0	0	0	0	0	0	0	0	0	0	0	0	0	0	0	0	0	0	0	0	0	0	0	0	0	0	0	0	0	0	0	0	0	0	0	0	0	0	0	0	0	0	0	0	0	0	0	0	0	0	0	0	0	0	0	0	0	0	0	0	0	0	0	0	0	0	0	0	0	0	0	0	0	0	0	0	0	0	0	0	0	0	0	0	0	0	0	0	0	0	0	0	0	0	0	0	0	0	0	0	0	0	0	0	0	0	0	0	0	0	0	0	0	0	0	0	0	0	0	0	0	0	0	0	0	0	0	0	0	0	0	0	0	0	0	0	0	0	0	0	0	0	0	0	0	0	0	0	0	0	0	0	0	0	0	0	0	0	0	0	0	0	0	0	0	0	0	0	0	0	0	0	0	0	0	0	0	0	0	0	0	0	0	0	0	0	0	0	0	0	0	0	0	0	0	0	0	0	0	0	0	0	0	0	0	0	0	0	0	0	0	0	0	0	0	0	0	0	0	0	0	0	72	0	0	0	0	0	0	0	0	0	0	0	0	0	0	0	0	0	0	0	0	0	0	0	0	0	0	0	0	0	0	0	0	0	0	0	0	0	0	0	0	0	0	0	0	0	0	0	0	0	0	0	0	0	0	0	47	0	0	0	0	0	0	0	0	0	0	0	0	0	0	0	0	0	0	0	0	0	0	0	0	0	0	0	0	0	0	0	0	0	35	0	0	0	0	0	184	0	0	0	0	0	0	0	54	0	0	0	0	0	0	0	0	0	0	0	0	74	0	0	0	0	89	0	0	0	0	0	0	0	0	0	0	0	0	0	0	0	0	0	116	53	0	0	0	48	0	0	0	0	0	0	0	0	0	0	0	0	0	0	0	0	0	0	0	98	0	0	0	0	0	0	0	0	0	0	0	0	0	0	0	0	0	438	0	0	0	0	0	0	0	45	0	0	0	0	0	0	0	153	0	0	0	0	0	0	0	0	0	0	246	0	0	0	112	0	0	0	0	0	63	0	0	0	0	0	0	101	0	0	7	0	0	0	0	0	0	0	0	0	0	0	0	0	123	0	0	0	0	0	0	0	0	232	90	0	0	0	0	0	0	0	0	0	0	0	107	0	10	0	0	0	174	0	0	0	0	0	0	0	0	0	0	63	0	0	0	64	0	0	0	0	0	0	63	0	0	0	0	0	80	144	0	0	181	0	0	110	0	0	0	46	298	264	0	0	134	65	0	0	0	0	0	0	0	0	0	0	0	155	0	0	185	0	0	0	0	0	0	0	0	0	0	0	145	6	0	0	92	0	0	0	0	211	75	0	0	0	22	0	54	0	0	0	0	0	0	0	192	219	0	0	86	0	0	62	120	33	0	0	31	0	0	0	57	0	0	0	0	0	0	50	0	42	33	38	11	0	23	104	40	218	0	126	0	0	0	63	129	0	77	0	0	60	0	0	113	0	0	7	50	0	0	0	0	162	43	38	0	41	73	118	122	123	55	48	67	19	42	0	21	0	0	0	17	0	146	147	0	0	82	0	0	123	51	27	208	92	33	35	239	129	0	310	62	157	27	142	0	154	192	106	184	0	0	58	0	31	79	156	0	0	0	146	48	43	54	147	13	108	89	142	0	223	0	87	25	59	97	0	88	51	70	71	170	158	45	20	366	69	0	0	199	135	89	113	99	169	0	23	20	182	110	103	76	163	16	173	53	57	63	45	46	193	116	0	176	0	50	61	0	121	183	35	0	60	10	99	0	0	0	78	158	101	32	0	85	55	64	79	214	77	115	43	0	118	114	0	81	12	28	129	117	23	84	239	187	151	15	0	0	40	0	178	0	0	33	181	30	230	167	93	229
99	0	0	0	0	0	0	0	0	0	0	0	0	0	0	0	0	0	0	0	0	0	0	0	0	0	0	0	0	0	0	0	0	0	0	0	0	0	0	0	0	0	0	0	0	0	0	0	0	0	0	0	0	0	0	0	0	0	0	0	0	0	0	0	0	0	0	0	0	0	0	0	0	0	0	0	0	0	0	0	0	0	0	0	0	0	0	0	0	0	0	0	0	0	0	0	0	0	0	0	0	0	0	0	0	0	0	0	0	0	0	0	0	0	0	0	0	0	0	0	0	0	0	0	0	0	0	0	0	0	0	0	0	0	0	0	0	0	0	0	0	0	0	0	0	0	0	0	0	0	0	0	0	0	0	0	0	0	0	0	0	0	0	0	0	0	0	0	0	0	0	0	0	0	0	0	0	0	0	0	0	0	0	0	0	0	0	0	0	0	0	0	0	0	0	0	0	0	0	0	0	0	0	0	0	0	0	0	0	0	0	0	0	0	0	0	0	0	0	0	0	0	0	0	0	0	0	0	0	0	0	0	0	0	0	0	0	0	0	1	0	0	0	0	0	0	0	0	0	0	0	0	0	0	0	0	0	0	0	0	0	0	0	0	0	0	0	0	0	0	0	0	0	0	0	0	0	0	0	0	0	0	0	0	0	0	0	0	0	0	0	0	0	0	0	0	0	0	0	0	0	0	0	0	0	0	0	0	0	0	0	0	0	0	0	0	0	0	0	0	0	0	0	0	0	0	0	0	0	0	0	0	0	0	0	0	0	0	0	0	0	0	0	0	0	0	0	0	0	0	0	0	0	0	0	0	0	0	0	0	0	0	0	0	0	0	0	0	0	0	0	0	0	0	0	0	0	0	0	0	0	0	0	0	0	0	0	0	0	0	0	0	0	0	0	0	0	0	0	0	0	0	0	0	0	0	0	0	0	0	0	0	0	0	0	0	0	0	0	186	0	0	0	0	0	0	0	0	0	0	0	0	0	0	0	0	0	0	0	0	0	0	0	0	0	0	0	0	0	0	0	0	0	0	0	0	0	0	0	0	0	0	0	0	1	0	0	0	0	0	0	0	0	0	0	0	0	136	0	0	0	0	0	0	0	0	0	0	0	0	0	0	0	0	0	0	0	0	0	0	0	0	20	0	0	0	0	0	122	0	0	0	0	56	0	0	17	0	0	0	0	0	0	0	0	0	0	0	0	0	0	0	0	0	0	0	0	0	0	0	0	0	0	0	0	0	0	0	36	0	0	0	0	0	0	0	0	0	0	0	0	25	0	0	129	0	0	0	0	0	0	86	0	0	51	0	135	0	0	0	0	0	0	0	0	0	0	0	0	0	0	0	0	0	0	0	0	0	149	0	0	20	0	0	206	0	0	0	0	0	34	0	81	0	0	0	14	0	0	0	0	0	0	0	0	33	0	0	0	73	229	0	0	0	0	0	0	0	0	0	0	0	0	0	0	0	0	0	74	62	0	0	0	107	0	0	0	0	0	0	0	0	0	0	0	0	0	0	0	0	0	0	0	48	0	0	0	0	0	0	0	0	0	0	0	0	0	0	0	0	0	147	0	0	0	0	26	0	0	23	0	0	0	0	0	0	0	155	0	0	43	0	0	0	0	0	0	0	29	0	0	0	88	0	0	0	0	0	15	6	0	0	0	0	0	23	0	0	117	0	0	0	0	0	0	35	0	0	0	0	96	0	63	2	0	91	0	0	0	0	0	75	41	5	0	0	4	0	0	0	0	0	0	0	133	2	49	0	0	0	79	0	0	0	0	0	0	0	0	0	0	68	0	0	0	295	0	0	0	21	0	0	8	0	87	0	0	0	142	209	0	0	116	0	0	78	28	0	0	12	33	90	0	0	102	71	0	0	0	0	0	0	0	0	0	0	0	70	0	0	172	0	0	1	0	0	0	0	0	0	0	1	5	253	0	0	323	0	0	1	0	72	80	0	0	0	35	0	206	0	0	0	13	0	0	0	221	102	0	0	83	0	0	115	94	65	0	114	182	69	0	0	144	0	32	0	0	0	0	47	0	66	13	152	98	0	128	113	47	82	0	236	0	0	0	181	143	12	62	18	0	79	0	0	50	0	0	269	89	0	0	0	0	87	57	39	0	0	79	40	67	177	80	72	74	44	110	0	85	0	2	0	59	0	26	75	0	0	25	4	0	81	72	152	123	168	20	115	78	184	144	117	68	185	57	87	0	17	78	31	9	0	0	305	0	85	117	52	0	0	6	40	6	169	360	46	137	123	21	65	0	103	62	107	145	27	9	0	151	28	55	35	44	61	112	58	59	164	94	64	71	38	22	40	121	50	0	47	29	180	38	185	201	35	40	166	131	76	217	35	47	164	39	0	28	10	45	40	88	93	80	22	0	83	51	30	0	0	0	98	239	45	77	0	122	18	333	164	50	40	133	14	0	164	169	10	24	47	92	29	87	107	63	39	2	83	30	0	0	64	42	133	0	3	39	65	152	22	28	57	47
100	0	0	0	0	0	0	0	0	0	0	0	0	0	0	0	0	0	0	0	0	0	0	0	0	0	0	0	0	0	0	0	0	0	0	0	0	0	0	0	0	0	0	0	0	0	0	0	0	0	0	0	0	0	0	0	0	0	0	0	0	0	0	0	0	0	0	0	0	0	0	0	0	0	0	0	0	0	0	0	0	0	0	0	0	0	0	0	0	0	0	0	0	0	0	0	0	0	0	0	0	0	0	0	0	0	0	0	0	0	0	0	0	0	0	0	0	0	0	0	0	0	0	0	0	0	0	0	0	0	0	0	0	0	0	0	0	0	0	0	0	0	0	0	0	0	0	0	0	0	0	0	0	0	0	0	0	0	0	0	0	0	0	0	0	0	0	0	0	0	0	0	0	0	0	0	0	0	0	0	0	0	0	0	0	0	0	0	0	0	0	0	0	0	0	0	0	0	0	0	0	0	0	0	0	0	0	0	0	0	0	0	0	0	0	0	0	0	0	0	0	0	0	0	0	0	0	0	0	0	0	0	0	0	0	0	0	0	0	0	0	0	0	0	0	0	0	0	0	0	0	0	0	0	0	0	0	0	0	0	0	0	0	0	0	0	0	0	0	0	0	0	0	0	0	0	0	0	0	0	0	0	0	0	0	0	0	0	0	0	0	0	0	0	0	0	0	0	0	0	0	0	0	0	0	0	0	0	0	0	0	0	0	0	0	0	0	0	0	0	0	0	0	0	0	0	0	0	0	0	0	0	0	0	0	0	0	0	0	0	0	0	0	0	0	0	0	0	0	0	0	0	0	0	0	0	0	0	0	0	0	0	0	0	0	0	0	0	0	0	0	0	0	0	0	0	0	0	0	0	0	0	0	0	0	0	0	0	0	0	0	0	0	0	0	0	0	0	0	0	0	0	0	0	0	0	0	0	0	0	0	0	0	0	0	0	0	0	0	0	0	0	0	0	0	0	0	0	0	0	0	0	0	0	0	0	0	0	0	0	0	0	0	0	0	0	0	0	0	0	0	0	0	0	0	0	0	0	0	0	0	0	0	0	0	0	0	0	0	0	0	0	0	0	0	0	0	0	0	0	0	0	0	0	0	0	0	0	0	0	0	0	0	0	0	0	0	0	0	0	0	0	0	0	0	0	0	0	173	0	0	0	0	0	0	0	0	0	0	0	0	0	0	0	0	0	0	0	0	0	0	0	0	0	0	0	0	0	0	0	0	0	0	0	0	0	0	0	0	0	0	0	0	0	0	0	0	0	0	0	0	0	0	0	27	0	0	0	0	0	0	0	0	0	0	0	0	0	0	0	0	0	0	0	0	18	0	0	0	0	0	0	0	0	0	0	0	0	125	0	0	0	0	0	156	0	0	0	0	0	0	0	0	0	0	0	0	0	0	0	0	0	0	0	0	60	0	0	0	0	30	0	0	0	0	0	0	0	0	0	0	0	0	0	0	0	0	0	31	56	0	0	0	21	0	0	0	0	0	0	0	0	0	0	0	0	0	0	0	0	0	0	0	118	0	0	0	0	0	0	0	0	0	0	0	0	0	0	0	0	0	93	0	0	0	0	0	0	0	54	0	0	0	0	0	0	0	214	0	0	0	0	0	0	0	0	0	0	34	0	0	0	64	0	0	0	0	0	0	0	0	0	0	0	0	222	0	0	68	0	0	0	0	0	0	0	0	0	0	0	0	0	23	0	0	0	0	0	0	0	0	6	55	0	0	0	0	0	0	0	0	0	0	0	139	0	23	0	0	0	97	0	0	0	0	0	0	0	0	0	0	197	0	0	0	55	0	0	0	0	0	0	86	0	0	0	0	0	37	173	0	0	86	0	0	145	0	0	0	119	93	28	0	0	162	53	0	0	0	0	0	0	0	0	0	0	0	94	0	0	246	0	0	0	0	0	0	0	0	0	0	0	27	109	0	0	130	0	0	0	0	244	148	0	0	0	54	0	12	0	0	0	0	0	0	0	109	134	0	0	105	0	0	128	68	49	0	0	59	0	0	0	61	0	0	0	0	0	0	109	0	0	6	187	173	0	120	36	82	80	0	124	0	0	0	240	22	0	254	0	0	55	0	0	36	0	0	41	87	0	0	0	0	45	154	249	0	111	34	75	29	17	91	81	138	39	70	0	65	0	0	0	168	0	45	177	0	0	146	0	0	87	127	214	50	58	121	57	128	125	36	73	129	65	63	147	0	254	78	127	139	0	0	224	0	39	65	9	0	0	0	170	292	112	138	114	106	18	95	60	0	43	0	34	135	88	229	0	102	101	68	122	20	295	146	0	62	171	0	0	82	74	34	70	141	87	0	183	260	125	133	143	212	82	59	289	38	235	122	28	202	43	153	0	86	0	70	41	0	119	76	9	0	209	39	118	0	0	0	61	31	115	58	0	228	134	132	170	74	165	146	41	0	126	89	0	20	103	42	51	21	34	185	123	108	98	24	0	0	44	0	123	0	0	34	5	87	327	113	364	181
101	0	13	0	0	0	0	0	0	0	0	0	0	0	0	0	0	0	0	0	0	0	0	0	0	0	0	0	0	0	0	0	0	0	0	0	0	0	0	0	0	0	0	0	0	0	0	0	0	0	0	0	0	0	0	0	0	0	0	0	0	0	0	0	0	0	0	0	0	0	0	0	0	0	0	0	0	0	0	0	0	0	0	0	0	0	0	0	0	0	0	0	0	0	0	0	0	0	0	0	0	0	0	0	0	0	0	0	0	0	0	0	0	0	0	0	0	0	0	0	0	0	0	0	0	0	0	0	0	0	0	0	0	0	0	0	0	0	0	0	0	0	0	0	0	0	0	0	0	0	0	0	0	0	0	0	0	0	0	0	0	0	0	0	0	0	0	0	0	0	0	0	0	0	0	0	0	0	0	0	0	0	0	0	0	0	0	0	0	0	0	0	0	0	0	0	0	0	0	0	0	0	0	0	0	0	0	0	0	0	0	0	0	0	0	0	0	0	0	0	0	0	0	0	0	0	0	0	0	0	0	0	0	0	0	0	0	0	0	0	0	0	0	0	0	0	0	0	0	0	0	0	0	0	0	0	0	0	0	0	0	0	0	0	0	0	0	0	0	0	0	0	0	19	0	0	0	0	0	0	0	0	0	0	0	0	0	0	0	0	0	0	0	0	0	0	0	0	0	0	0	0	0	0	0	0	0	0	4	0	0	0	0	0	0	0	0	0	0	0	0	0	0	0	0	0	0	0	0	0	0	0	0	0	0	0	0	0	0	0	0	0	0	0	0	0	0	0	0	0	0	0	0	0	0	0	0	0	0	0	0	0	0	6	0	0	0	0	0	0	0	0	0	0	0	0	0	0	0	0	0	0	0	0	0	0	0	0	0	0	0	0	0	0	0	0	0	0	0	0	0	0	0	0	0	0	0	0	0	0	0	0	0	0	0	0	1	0	0	125	0	0	0	0	0	0	0	0	0	0	0	0	0	0	0	6	34	0	0	0	0	0	0	0	0	0	0	0	0	0	0	0	0	0	0	0	0	0	0	0	0	0	0	0	0	0	0	8	0	0	0	0	0	0	0	0	0	8	0	0	0	0	0	0	0	0	0	0	0	0	0	0	0	0	0	0	0	0	0	0	0	0	0	0	0	0	0	0	46	0	0	0	0	0	0	0	0	0	0	0	0	0	0	2	0	0	0	0	0	0	0	0	0	2	0	2	0	0	0	0	0	0	0	0	0	0	0	0	9	0	0	0	0	0	0	0	0	0	0	0	0	0	0	0	71	0	0	0	0	0	0	5	0	0	41	0	2	0	0	0	0	0	0	0	13	0	0	0	0	0	0	0	0	0	0	0	0	0	151	0	0	0	0	0	64	0	0	0	0	0	7	0	35	0	0	0	0	0	0	0	0	0	0	0	0	39	0	0	0	24	84	0	0	0	0	0	0	0	0	0	0	0	0	0	0	0	0	0	120	11	0	0	0	34	0	0	0	0	0	0	0	0	0	0	0	0	0	0	0	0	0	0	0	119	0	0	0	0	0	0	0	0	0	0	0	0	0	0	0	0	0	85	0	0	0	0	0	0	0	36	0	0	0	0	0	0	0	129	0	0	0	0	0	0	0	0	0	0	45	0	0	0	158	0	0	0	0	0	17	39	0	0	0	0	0	33	0	0	363	0	0	0	0	0	0	0	0	0	0	0	0	0	75	0	0	0	0	0	0	0	0	158	103	4	0	0	41	0	0	0	0	0	0	0	82	53	99	0	0	0	26	0	0	0	0	0	0	0	0	0	0	68	0	0	0	135	7	0	0	5	0	0	121	0	0	0	0	0	63	92	0	0	63	0	0	14	141	0	0	146	5	37	0	0	58	11	0	0	0	0	69	0	0	0	0	0	0	58	0	0	16	0	0	0	0	0	0	0	0	0	0	0	34	14	0	0	104	0	54	7	0	49	120	0	0	0	48	0	151	0	0	0	0	0	0	0	57	58	0	0	176	0	0	46	19	96	0	0	0	0	0	0	83	0	0	0	0	0	0	0	0	87	15	150	39	0	167	30	110	57	3	126	0	0	0	90	7	0	51	63	0	25	0	0	38	0	0	44	22	0	0	4	0	27	102	79	70	195	14	67	128	355	0	114	0	79	70	0	38	0	0	0	74	0	115	43	0	0	194	0	0	47	155	77	258	145	378	120	397	20	0	144	132	160	85	19	0	113	20	363	31	0	71	17	0	134	15	206	0	0	19	112	119	4	90	3	70	99	163	366	0	30	13	170	93	83	39	0	91	65	0	83	68	38	26	20	73	74	0	201	204	134	57	102	72	42	0	115	184	15	80	52	140	139	114	68	81	61	68	64	208	165	136	0	26	28	55	21	1	26	87	49	0	73	116	50	0	0	0	57	103	35	120	0	136	105	91	110	25	1	42	174	0	105	179	0	48	31	65	54	117	166	98	118	17	184	214	0	0	54	0	37	0	0	115	273	122	220	112	92	4
102	0	0	0	0	0	0	0	0	0	0	0	0	0	0	0	0	0	0	0	0	0	0	0	0	0	0	0	0	0	0	0	0	0	0	0	0	0	0	0	0	0	0	0	0	0	0	0	0	0	0	0	0	0	0	0	0	0	0	0	0	0	0	0	0	0	0	0	0	0	0	0	0	0	0	0	0	0	0	0	0	0	0	0	0	0	0	0	0	0	0	0	0	0	0	0	0	0	0	0	0	0	0	0	0	0	0	0	0	0	0	0	0	0	0	0	0	0	0	0	0	0	0	0	0	0	0	0	0	0	0	0	0	0	0	0	0	0	0	0	0	0	0	0	0	0	0	0	0	0	0	0	0	0	0	0	0	0	0	0	0	0	0	0	0	0	0	0	0	0	0	0	0	0	0	0	0	0	0	0	0	0	0	0	0	0	0	0	0	0	0	0	0	0	0	0	0	0	0	0	0	0	0	0	0	0	0	0	0	0	0	0	0	0	0	0	0	0	0	0	0	0	0	0	0	0	0	0	0	0	0	0	0	0	47	0	0	0	0	0	0	0	0	0	0	0	0	0	0	0	0	0	0	0	0	0	0	0	0	0	0	0	0	0	0	0	0	0	0	0	4	0	0	0	0	0	0	0	0	0	0	0	0	0	0	0	0	0	0	0	0	0	0	0	0	0	0	0	0	0	0	0	0	0	0	0	0	0	0	0	0	0	0	0	0	0	0	0	0	0	0	0	0	0	0	0	0	0	0	0	0	0	0	0	0	0	0	0	0	0	0	0	0	0	0	0	0	0	0	0	0	0	0	0	0	0	0	0	0	0	0	0	0	0	0	0	0	0	0	0	0	0	0	0	0	0	0	0	0	0	0	0	0	0	0	0	0	0	0	0	0	0	0	0	0	0	0	0	0	0	0	0	0	0	0	0	0	0	0	0	0	0	0	0	0	24	0	0	0	41	0	0	0	0	0	0	0	0	0	0	0	0	0	0	0	0	0	0	0	0	0	0	0	0	0	0	0	0	0	0	0	0	0	0	0	0	0	0	0	0	0	0	0	0	0	0	0	0	0	0	0	0	0	0	0	0	0	60	0	0	0	0	0	0	2	0	0	0	0	0	0	0	0	0	0	0	0	0	0	0	0	0	0	0	0	0	0	0	64	0	0	0	0	12	0	0	23	0	0	0	0	0	0	0	0	0	0	0	0	0	0	2	0	0	0	0	0	0	0	0	0	0	0	0	0	0	0	0	0	0	0	0	0	0	0	0	0	0	0	0	0	4	0	0	59	0	0	0	0	0	0	0	0	0	0	0	0	0	0	0	0	0	0	0	0	0	0	0	0	0	0	0	0	0	0	0	0	0	47	0	0	0	0	0	243	0	3	0	0	0	0	0	36	0	0	0	0	0	0	0	0	0	0	0	0	52	0	0	0	0	110	0	0	0	0	0	0	0	0	0	0	0	0	0	0	0	0	0	69	64	0	0	0	28	0	0	0	0	0	0	0	0	0	0	0	0	0	0	0	0	0	0	0	133	0	0	0	0	0	0	0	0	0	0	0	0	0	0	0	0	0	15	0	0	0	0	0	0	0	23	0	0	0	0	0	0	0	95	0	0	0	0	0	0	0	0	0	0	50	0	0	0	25	0	0	0	0	0	23	0	0	0	0	0	0	85	0	0	0	0	0	0	0	0	10	0	0	0	0	0	0	0	23	3	0	28	0	0	0	0	0	145	243	0	0	0	1	0	0	0	4	0	0	0	73	4	104	0	2	0	78	0	0	0	0	0	0	0	0	0	0	49	0	14	0	59	0	0	0	58	0	0	120	0	29	0	0	0	116	88	0	0	195	0	0	126	60	0	0	175	282	18	0	0	29	71	0	0	0	0	0	0	0	0	0	0	0	32	0	0	64	0	0	0	0	0	0	0	0	0	0	0	81	9	0	2	155	0	1	0	0	68	99	0	0	0	80	0	279	0	0	0	0	0	0	0	41	41	0	0	429	0	0	155	96	103	0	0	54	27	0	0	92	0	0	0	0	0	0	8	0	0	35	29	80	0	38	325	8	17	2	60	0	0	0	48	20	0	142	0	0	139	0	0	65	0	0	87	103	0	0	6	0	212	92	69	11	87	81	100	145	97	19	84	57	111	128	0	42	0	25	0	72	0	67	133	0	0	114	0	0	24	72	87	160	22	22	99	37	95	1	90	154	106	134	13	0	46	103	184	94	0	146	90	0	51	89	65	0	0	10	119	108	96	178	73	74	155	116	59	0	181	0	169	82	44	56	0	92	170	18	230	86	65	35	2	111	14	5	220	72	32	51	172	87	101	0	8	62	140	51	100	117	46	19	400	47	4	29	28	30	21	90	0	120	0	210	64	0	35	209	15	0	161	225	145	0	0	0	75	51	162	22	0	218	38	85	103	52	79	182	108	0	34	43	0	16	74	54	26	209	39	293	148	69	28	110	3	0	293	0	195	0	3	137	114	76	148	37	145	4
103	0	0	0	0	0	0	0	0	0	0	0	0	0	0	0	0	0	0	0	0	0	0	0	0	0	0	0	0	0	0	0	0	0	0	0	0	0	0	0	0	0	0	0	0	0	0	0	0	0	0	0	0	0	0	0	0	0	0	0	0	0	0	0	0	0	0	0	0	0	0	0	0	0	0	0	0	0	0	0	0	0	0	0	0	0	0	0	0	0	0	0	0	0	0	0	0	0	0	0	0	0	0	0	0	0	0	0	0	0	0	0	0	0	0	0	0	0	0	0	0	0	0	0	0	0	0	0	0	0	0	0	0	0	0	0	0	0	0	0	0	0	0	0	0	0	0	0	0	0	0	0	0	0	0	0	0	0	0	0	0	0	0	0	0	0	0	0	0	0	0	0	0	0	0	0	0	0	0	0	0	0	0	0	0	0	0	0	0	0	0	0	1	0	0	0	0	0	0	0	0	0	0	0	0	0	0	0	0	0	0	0	0	0	0	0	0	0	0	0	0	0	0	0	0	0	0	0	0	0	0	0	0	0	0	0	0	0	0	0	0	0	0	0	0	0	0	0	0	0	0	0	0	1	0	0	0	0	0	0	0	0	0	0	0	0	0	0	0	0	0	0	0	0	0	0	0	0	0	0	0	0	0	0	0	0	0	0	0	0	0	0	0	0	0	0	0	0	0	0	0	0	0	0	0	0	0	0	0	0	0	0	0	0	0	0	0	0	0	0	0	0	0	0	0	0	0	0	0	0	0	0	0	0	2	0	0	0	0	0	0	0	0	0	0	0	0	0	0	0	0	0	0	0	0	2	0	0	0	0	0	0	0	0	0	0	0	0	0	0	0	0	0	0	0	0	0	0	0	0	0	0	0	0	0	0	0	0	0	0	0	0	0	0	0	0	0	0	0	0	0	0	0	0	0	0	0	0	0	0	0	0	0	0	0	0	0	0	0	0	0	0	0	0	0	0	0	0	0	0	0	0	0	0	0	0	0	0	0	0	0	0	0	0	0	0	0	0	0	0	0	0	0	0	0	0	0	0	0	0	0	0	0	0	0	0	0	0	0	0	0	0	0	0	0	0	0	0	0	0	0	0	0	0	0	0	0	0	0	0	0	0	0	0	0	0	0	0	0	0	0	0	0	0	0	0	0	0	0	0	0	0	0	0	0	0	0	0	0	0	0	0	0	0	0	0	0	0	0	0	0	0	0	0	0	0	0	0	0	0	0	0	0	0	0	0	0	0	0	0	0	0	0	0	0	0	0	0	0	0	0	0	0	0	0	0	0	0	0	0	0	0	0	0	0	0	0	0	0	0	0	0	0	0	0	0	0	0	0	0	0	0	0	0	0	0	0	0	0	0	0	0	0	0	0	38	0	0	0	0	0	0	0	0	0	0	0	0	0	0	0	0	0	0	0	0	0	0	0	0	19	0	0	0	0	0	0	0	30	0	0	0	0	0	0	0	0	0	0	0	0	0	0	0	0	0	0	0	0	0	0	0	0	0	0	0	0	0	0	0	0	0	0	8	0	0	0	0	0	0	0	0	0	0	0	0	0	0	0	0	0	0	0	0	0	0	0	0	0	0	0	0	0	0	0	0	0	59	0	0	0	0	0	0	0	0	0	0	0	0	0	0	62	0	0	0	0	0	0	0	0	0	0	0	0	0	0	0	0	0	0	0	0	0	0	0	0	0	0	0	0	0	0	0	0	0	0	0	0	0	0	75	0	0	0	0	15	0	0	0	0	0	0	0	0	0	0	0	0	0	39	0	0	0	0	15	0	0	0	0	0	0	0	0	0	154	0	0	0	0	0	0	0	0	0	0	0	0	0	0	0	0	28	0	0	0	0	0	0	0	145	23	0	0	116	332	0	0	0	0	0	0	11	0	0	0	0	34	0	0	0	0	0	0	0	0	0	0	0	0	0	0	20	50	0	0	0	0	0	0	0	0	100	0	0	0	0	0	85	0	0	0	0	0	0	0	8	0	0	0	41	0	0	159	0	19	0	0	0	0	0	0	0	0	0	0	0	0	0	0	0	0	0	84	0	0	170	48	1	8	0	112	0	0	0	91	0	0	6	0	0	23	0	0	146	0	0	75	0	0	0	0	0	139	203	0	0	0	0	0	103	349	0	55	0	96	10	0	69	0	0	0	111	0	124	0	0	0	98	0	0	127	43	44	0	0	89	55	149	0	0	66	106	225	113	139	0	22	117	63	136	0	0	272	0	85	83	0	0	0	0	71	108	19	0	0	105	98	259	20	0	101	0	16	26	128	48	0	442	37	0	125	287	37	6	0	185	91	0	0	107	0	171	5	43	40	0	41	56	85	9	40	43	75	0	31	123	88	30	2	125	40	232	0	53	0	45	203	0	112	169	183	0	158	2	114	0	0	0	0	36	38	81	0	26	121	185	133	179	0	140	24	0	17	0	0	0	135	34	155	115	16	143	0	205	18	62	0	0	38	0	0	0	0	0	43	81	21	59	38	0
104	0	0	0	0	0	0	0	0	0	0	0	0	43	0	0	0	0	0	0	0	0	0	0	0	0	0	0	0	0	0	0	0	0	0	0	0	0	0	0	0	0	0	0	0	0	0	0	0	0	0	0	0	0	0	0	0	0	0	0	0	0	0	0	0	0	0	0	0	0	0	0	0	0	0	0	0	0	0	0	0	0	0	0	0	0	0	0	0	0	0	0	0	0	0	0	0	0	0	0	0	0	0	0	0	0	0	0	0	0	0	0	0	0	0	0	0	0	0	0	0	0	0	0	0	0	0	0	0	0	0	0	0	0	0	0	0	0	0	0	0	0	0	0	0	0	0	0	0	0	0	0	0	0	0	0	0	0	0	0	0	0	0	0	0	0	0	0	0	0	0	0	0	0	0	0	0	0	0	0	0	0	0	0	0	0	0	0	0	0	0	0	0	0	0	0	0	0	0	0	0	0	0	0	0	0	0	0	0	2	0	1	0	0	0	0	0	0	0	0	0	0	0	0	0	0	0	0	0	0	0	0	0	0	0	4	0	0	0	0	0	0	0	0	0	0	0	0	0	0	0	0	0	0	0	0	0	0	0	0	0	0	0	0	0	0	0	0	0	0	0	0	0	0	0	0	0	0	0	0	0	0	0	0	0	0	0	0	0	0	0	0	0	0	0	0	0	0	0	0	0	0	0	0	0	0	0	0	4	0	0	0	0	0	0	0	0	0	0	0	0	0	0	0	0	0	0	0	0	0	0	0	0	0	0	0	0	0	0	0	0	0	0	0	0	0	0	0	0	0	0	0	0	0	0	0	0	0	0	0	0	0	0	0	0	0	0	0	0	0	0	0	0	0	0	0	0	0	0	0	0	0	0	0	0	0	0	0	0	0	0	0	0	0	0	0	0	0	0	0	0	0	0	0	0	0	0	0	0	0	0	0	0	0	0	0	0	0	0	0	0	0	0	0	0	0	0	0	0	0	0	0	0	0	0	0	0	0	0	0	0	0	0	0	0	0	0	0	0	0	0	0	0	0	0	3	0	0	0	0	0	0	0	0	0	0	0	0	0	0	0	0	0	0	0	0	0	0	0	0	0	0	0	0	0	0	0	0	0	0	0	0	0	0	0	0	0	0	0	0	0	0	0	0	0	0	0	0	0	0	0	0	0	0	0	0	0	0	0	0	0	0	0	0	0	0	0	0	0	0	0	0	0	0	0	0	0	0	0	0	0	0	0	0	0	0	0	0	0	0	0	0	0	0	0	0	0	0	0	0	0	0	0	0	0	0	0	0	0	0	0	0	0	0	0	0	0	0	0	0	0	0	0	0	0	0	0	0	0	0	0	0	0	0	0	0	0	0	0	0	0	0	0	0	0	0	0	0	0	0	0	0	0	0	0	0	0	0	0	0	0	0	0	0	0	0	0	0	0	0	80	0	0	0	0	0	0	0	0	0	0	0	0	0	0	0	0	0	0	0	0	0	0	0	0	0	0	0	0	0	0	4	0	0	0	0	0	0	0	0	0	0	0	0	0	0	0	0	0	0	0	0	0	0	0	0	0	0	0	0	0	0	0	0	0	0	0	0	0	0	0	0	0	0	0	0	0	161	0	0	0	0	0	0	0	0	0	0	0	0	0	0	0	0	0	0	0	0	0	0	0	0	0	0	17	0	0	0	0	0	0	0	0	0	0	0	0	0	0	0	0	0	0	0	0	0	0	0	0	0	0	145	0	0	0	0	0	0	0	0	0	16	0	0	0	0	0	0	0	0	83	0	0	0	0	0	0	0	0	0	0	0	0	0	0	83	0	0	0	0	0	0	59	0	0	0	0	0	67	27	0	0	109	0	0	0	0	0	0	0	92	141	0	0	38	0	0	0	0	0	0	0	0	0	0	0	0	5	0	0	0	0	0	0	0	0	0	0	144	0	0	0	155	0	0	0	37	0	0	0	0	0	38	0	0	0	0	0	90	0	0	0	0	0	0	0	0	0	0	0	124	0	0	18	0	15	0	0	0	0	0	0	0	0	0	0	0	0	0	0	0	0	0	14	0	0	143	184	0	11	0	109	0	0	0	26	0	0	63	0	0	12	0	0	18	0	0	39	0	0	0	0	0	170	108	0	0	0	0	0	143	32	0	75	0	120	14	0	70	0	0	0	102	0	132	0	0	0	344	0	0	385	163	45	0	0	138	163	83	0	2	40	69	120	309	44	0	103	71	29	125	0	0	21	0	88	18	0	0	0	0	84	69	47	2	1	69	35	105	86	0	285	0	138	253	56	8	0	12	356	0	43	110	77	0	0	82	88	0	0	154	0	142	35	138	61	0	12	198	70	100	168	37	147	0	160	27	144	183	0	64	149	41	0	69	0	124	180	0	57	203	186	0	90	272	112	0	0	0	0	240	85	324	0	158	94	62	8	66	0	35	1	0	212	0	0	1	45	53	81	19	208	99	0	50	45	68	0	0	9	0	0	0	0	0	60	56	97	285	179	0
105	0	0	0	0	0	0	0	0	0	0	0	0	0	0	0	0	0	0	0	0	0	0	0	0	0	0	0	0	0	0	0	0	0	0	0	0	0	0	0	0	0	0	0	0	0	0	0	0	0	0	0	0	0	0	0	0	0	0	0	0	0	0	0	0	0	0	0	0	0	0	0	0	0	0	0	0	0	0	0	0	0	0	0	0	0	0	0	0	0	0	0	0	0	0	0	0	0	0	0	0	0	0	0	0	0	0	0	0	0	0	0	28	0	0	0	0	0	0	0	0	0	0	0	0	0	3	0	0	0	0	0	0	0	0	0	0	0	0	0	0	0	0	0	0	0	0	0	0	0	0	0	0	0	0	0	0	0	0	0	0	0	0	0	0	0	0	0	0	0	0	0	0	0	0	0	0	0	0	0	0	0	0	0	0	0	0	0	0	0	0	0	0	0	0	0	0	0	0	0	0	0	0	0	0	0	0	0	0	0	0	0	0	0	0	0	0	0	0	0	0	0	0	0	0	0	0	0	0	0	0	0	0	0	0	0	0	0	0	0	0	0	0	0	0	0	0	0	0	0	0	0	0	0	0	0	0	0	0	0	0	0	0	0	0	0	0	0	0	0	0	0	0	0	0	0	0	0	0	0	0	0	0	0	0	0	0	0	0	0	0	0	0	0	0	0	0	0	0	0	0	0	0	0	0	0	0	0	0	0	0	0	0	0	0	0	0	0	0	0	0	0	0	0	0	0	0	0	0	0	0	0	0	0	0	0	0	0	0	0	0	0	0	0	0	0	0	0	0	0	0	0	0	0	0	0	0	0	0	0	0	0	0	0	0	0	0	0	0	0	0	0	0	0	0	0	0	0	1	0	0	0	0	0	0	0	0	0	0	0	0	0	0	0	0	0	0	0	0	0	0	0	0	0	0	0	0	0	0	0	0	0	0	0	0	0	0	0	0	0	0	0	0	0	0	0	0	0	0	0	0	0	0	0	0	0	0	0	0	0	0	0	0	0	0	0	0	0	0	0	0	0	0	0	0	0	0	0	0	0	0	0	0	0	0	0	0	0	0	0	0	0	0	0	0	0	0	0	0	0	0	0	0	0	0	0	0	0	0	0	0	0	0	0	0	0	0	0	0	0	0	0	0	0	0	0	0	0	0	2	0	0	0	0	0	0	0	0	0	0	0	0	0	0	0	0	0	0	0	0	0	0	0	0	0	0	0	0	0	0	0	0	0	0	0	0	0	0	0	0	0	0	0	0	0	0	0	0	0	0	0	0	0	0	0	0	0	0	0	0	0	0	0	0	0	0	0	0	0	0	0	0	0	0	0	0	0	0	0	0	0	0	0	0	0	0	0	0	0	0	0	0	0	0	0	0	0	0	0	0	0	0	0	0	0	0	0	0	0	0	0	0	0	0	0	0	0	0	0	0	54	0	0	0	0	0	0	0	0	0	0	0	0	0	0	0	0	0	0	0	0	0	0	0	0	0	0	0	0	0	0	0	0	0	0	0	0	0	0	0	0	0	0	50	0	0	0	0	0	0	0	0	0	0	0	0	0	0	0	0	0	0	0	0	0	0	0	0	0	3	0	0	0	0	0	0	0	240	0	0	0	0	0	0	0	0	0	0	0	0	0	0	21	0	0	0	0	0	0	0	0	0	0	0	0	0	0	0	0	0	0	0	0	0	0	0	0	0	0	0	0	0	0	0	0	0	0	0	0	0	0	360	0	0	0	0	0	0	0	0	0	0	0	0	19	0	0	0	0	0	137	0	0	0	0	0	0	0	0	0	0	0	0	0	0	121	0	0	0	0	0	0	24	0	0	0	0	0	104	0	0	0	46	0	0	57	0	0	0	0	35	133	0	0	45	0	0	0	0	0	0	0	0	0	0	0	0	0	0	0	0	0	0	0	0	0	0	0	0	0	0	0	56	0	0	0	0	0	8	0	0	0	67	0	0	0	0	0	69	0	0	0	0	0	0	0	0	0	0	0	15	0	0	86	0	98	0	0	0	0	0	0	0	0	0	0	0	0	0	0	0	0	0	138	0	0	86	4	0	0	0	95	0	0	0	115	0	0	210	0	0	19	0	0	85	0	0	24	0	0	0	0	0	163	76	0	0	0	0	0	207	44	0	62	0	147	0	0	64	0	0	0	47	0	49	0	0	0	141	0	0	167	227	160	10	0	162	25	150	15	0	189	119	232	34	123	0	160	88	69	25	0	0	19	0	16	133	0	0	0	0	93	132	112	51	0	128	122	128	55	0	17	0	151	33	23	23	0	73	263	0	191	73	51	1	0	23	344	0	0	147	0	88	128	120	95	0	178	113	202	128	175	78	9	0	8	65	54	49	0	141	132	16	0	63	25	94	188	0	96	57	117	0	52	182	61	0	0	0	0	35	43	84	0	125	8	97	37	10	0	54	0	0	95	0	0	4	49	73	16	45	149	42	118	62	81	139	0	0	108	0	0	0	0	61	63	97	117	38	148	0
106	0	0	0	0	0	0	0	0	0	0	0	0	0	0	0	0	0	0	0	0	0	0	0	0	0	0	0	0	0	0	0	0	0	0	0	0	0	0	0	0	0	0	0	0	0	0	0	0	0	0	0	0	0	0	0	0	0	0	0	0	0	0	0	0	0	0	0	0	0	0	0	0	0	0	0	0	0	0	0	0	0	0	0	0	0	0	0	0	0	0	0	0	0	0	0	0	0	0	0	0	0	0	0	0	0	0	0	0	0	0	0	0	0	0	0	0	0	0	0	0	0	0	0	0	0	0	0	0	0	0	0	0	0	0	0	0	0	0	0	0	0	0	0	0	0	0	0	0	0	0	0	0	0	0	0	0	0	0	0	0	0	0	0	0	0	0	0	0	0	0	0	0	0	0	0	0	0	0	0	0	0	0	0	0	0	0	0	0	0	0	0	0	0	0	0	0	0	0	0	0	0	0	0	0	0	0	0	0	0	0	0	0	0	0	0	0	0	0	0	0	0	0	0	0	0	0	0	0	0	0	0	0	0	0	0	0	0	0	0	0	0	0	0	0	0	0	0	0	0	0	0	0	0	0	0	0	0	0	0	0	0	0	0	0	0	0	0	0	0	0	0	0	0	0	0	0	0	0	0	0	0	0	0	0	0	0	0	0	0	0	0	0	0	0	0	0	0	0	0	0	0	0	0	0	0	0	0	0	0	0	0	0	0	0	0	0	0	0	0	0	0	0	0	0	0	0	0	0	0	0	0	0	0	0	0	0	0	0	0	0	0	0	0	0	0	0	0	0	0	0	0	0	0	0	0	0	0	0	0	0	0	0	0	0	0	0	0	0	0	0	0	0	0	0	0	0	0	0	0	0	0	0	0	0	0	0	0	0	0	0	0	0	0	0	0	0	0	0	0	0	0	0	0	0	0	0	0	0	0	0	0	0	0	0	0	0	0	0	0	0	0	0	0	0	0	0	0	0	1	0	0	0	0	0	0	0	0	0	0	0	0	0	0	0	0	0	0	0	0	0	0	0	0	0	0	0	0	0	0	0	0	0	0	0	0	0	0	0	0	0	0	0	0	0	0	0	0	0	0	0	0	0	0	0	0	0	0	0	0	0	0	0	0	0	0	0	0	0	0	0	0	0	0	0	0	0	0	0	0	0	0	0	0	0	0	0	0	0	0	0	2	0	0	0	0	0	0	0	0	0	0	0	0	0	0	0	0	0	0	0	0	0	0	0	0	0	0	0	0	0	0	0	0	0	0	0	0	0	0	0	0	0	0	0	0	0	0	0	0	0	0	0	0	0	0	0	0	0	0	0	0	0	0	0	1	0	0	0	0	0	0	0	0	0	0	0	0	0	0	0	0	0	0	0	0	0	0	0	0	0	0	0	0	0	0	0	0	0	0	0	0	0	0	0	0	0	0	0	0	89	0	0	0	0	0	0	0	0	0	0	0	0	0	0	0	0	0	0	0	0	0	0	0	0	0	0	15	0	0	0	0	0	0	0	0	0	0	0	0	0	0	0	39	0	0	0	0	0	0	0	0	0	0	0	0	0	0	0	0	0	0	0	0	0	0	0	0	0	0	0	0	0	0	0	0	0	106	0	0	0	0	0	0	0	0	0	0	0	0	0	0	0	0	0	0	0	0	0	0	0	0	0	0	0	0	0	0	0	0	0	0	0	0	0	0	0	0	0	0	0	0	0	0	0	0	0	0	0	0	0	96	0	0	0	0	0	0	0	0	0	0	0	0	0	0	17	0	0	0	21	5	0	0	0	0	0	0	0	0	0	0	0	0	0	35	0	0	0	0	0	0	277	0	0	0	0	0	165	0	0	0	181	0	0	57	0	0	0	0	302	31	0	0	46	0	0	0	0	0	0	0	0	0	0	0	0	7	0	0	28	0	0	0	0	0	0	0	0	0	0	0	22	0	0	2	0	0	0	0	0	0	107	0	0	0	0	0	121	0	0	0	0	0	0	0	0	0	0	0	141	0	0	76	0	83	2	0	0	0	0	0	0	0	0	0	0	0	0	0	0	0	0	77	0	0	137	19	0	20	0	52	0	0	0	47	0	0	137	0	0	31	0	0	122	0	0	23	0	0	0	0	0	95	236	0	29	0	0	0	60	103	0	110	0	244	0	0	191	0	0	0	239	0	24	0	0	0	39	0	0	13	259	27	0	0	18	8	37	0	0	56	36	0	124	52	0	42	96	106	247	0	0	45	0	16	176	0	0	0	0	260	161	135	0	24	62	62	77	82	0	133	0	118	217	39	112	0	96	309	0	85	151	41	1	0	20	132	0	0	151	0	119	127	93	29	0	99	275	50	99	15	100	145	0	171	6	124	153	0	119	295	220	0	60	0	53	63	0	3	166	55	0	96	229	73	0	0	0	0	166	31	135	0	53	122	178	44	62	0	84	9	0	116	0	0	0	87	78	91	22	141	57	0	103	107	20	0	0	154	0	0	0	0	0	23	207	24	23	47	0
107	0	0	0	0	0	0	0	0	0	0	0	0	0	0	0	0	0	0	0	0	0	0	0	0	0	0	0	0	0	0	0	0	0	0	0	0	0	0	0	0	0	0	0	0	0	0	0	0	0	0	0	0	0	0	0	0	0	0	0	0	0	0	0	0	0	0	0	0	0	0	0	0	0	0	0	0	0	0	0	0	0	0	0	0	0	0	0	0	0	0	0	0	0	0	0	0	0	0	0	0	0	0	0	0	0	0	0	0	12	0	0	0	0	0	0	0	0	0	0	0	0	0	0	0	0	0	0	0	0	0	0	0	0	0	0	0	0	0	0	0	0	0	0	0	0	0	0	0	0	0	0	0	0	0	0	0	0	0	0	0	0	0	0	0	0	0	0	0	0	0	0	0	0	0	0	0	0	0	0	0	0	0	0	0	0	0	0	0	0	0	0	0	0	0	0	0	0	0	0	0	0	0	0	0	0	0	0	0	0	0	0	0	0	0	0	0	0	0	0	0	0	0	0	0	0	0	0	0	0	0	0	0	0	0	0	0	0	0	0	0	0	0	0	0	0	0	0	0	0	0	0	0	0	0	0	0	0	0	0	0	0	0	0	0	0	0	0	0	0	0	0	0	0	0	0	0	0	0	0	0	0	0	0	0	0	0	0	0	0	0	0	0	0	0	0	0	0	0	0	0	0	0	0	0	0	0	0	0	0	0	0	0	0	0	0	0	0	0	0	0	0	0	0	0	0	0	0	0	0	0	0	0	0	0	0	0	0	0	0	0	0	0	0	0	0	0	0	0	0	0	0	0	0	0	0	0	0	0	0	0	0	0	0	0	0	0	5	0	0	0	0	0	0	0	0	0	0	0	0	0	0	0	0	0	0	0	0	0	0	0	0	0	0	0	0	0	0	0	0	0	0	0	0	0	0	0	0	0	0	0	0	0	0	0	0	0	0	0	0	0	0	0	0	0	0	0	0	0	0	0	0	0	0	0	0	0	0	0	0	0	0	0	0	0	0	0	0	0	0	0	0	0	0	0	0	0	0	0	0	0	0	0	2	0	0	0	0	0	0	0	0	0	0	0	0	0	1	0	0	0	0	0	0	0	0	0	0	0	0	0	0	0	0	0	0	0	0	0	0	0	0	0	0	0	0	0	0	0	0	0	0	1	0	0	0	0	0	0	0	0	0	0	0	0	0	0	0	0	0	0	0	0	0	0	0	0	0	0	0	0	0	0	0	0	0	0	0	0	0	0	0	0	0	0	0	0	0	0	0	0	0	0	0	0	0	0	0	0	0	0	0	0	0	0	0	0	0	0	0	0	0	0	0	0	0	0	0	0	0	0	0	0	0	0	0	0	0	0	0	0	0	0	0	0	0	0	0	0	0	0	0	0	0	0	0	0	0	0	0	0	0	0	0	0	0	0	0	0	0	55	0	0	0	0	0	0	0	0	0	0	0	0	0	0	0	0	0	0	0	0	0	0	0	0	0	0	0	0	0	0	0	0	0	0	0	0	0	0	0	0	0	0	266	0	0	0	0	0	0	0	0	0	0	0	0	0	0	0	0	0	0	0	0	0	0	0	0	0	0	0	0	0	0	0	0	0	201	0	0	0	0	0	0	0	0	0	0	0	0	0	0	0	0	0	0	0	15	0	0	0	0	0	0	0	0	0	2	0	0	0	0	0	0	0	0	0	0	0	0	0	0	0	0	0	0	0	10	0	0	0	206	0	0	0	0	0	0	0	75	0	0	0	0	31	0	0	0	0	0	41	0	0	0	0	0	0	0	0	0	0	0	0	0	0	82	0	0	0	0	0	0	19	0	0	0	0	0	115	0	0	0	47	0	0	97	0	0	0	0	224	168	0	0	118	28	0	0	0	0	0	0	0	0	0	0	0	21	0	0	0	0	0	0	0	0	0	0	0	0	0	0	54	0	0	0	0	0	0	0	0	0	126	0	0	0	0	0	105	0	0	0	0	0	0	0	91	0	0	0	36	0	0	57	3	210	0	0	0	0	0	0	10	0	0	0	0	0	1	0	0	0	0	49	0	0	184	20	0	7	0	43	0	0	0	63	0	0	31	0	0	205	0	0	157	0	0	138	0	0	0	0	0	113	28	0	0	0	0	0	13	284	0	46	0	224	15	0	112	0	0	0	78	0	106	0	0	0	57	0	0	15	155	37	0	0	168	58	46	0	0	104	24	107	164	48	0	34	97	41	30	0	0	67	0	34	36	0	0	0	0	103	78	38	72	0	173	36	94	30	0	70	0	158	103	234	98	0	167	202	0	64	190	47	0	0	90	157	0	0	223	0	36	260	20	262	0	42	39	142	1	62	90	83	0	61	69	14	16	0	176	105	53	0	132	0	125	38	0	128	37	101	0	310	81	197	0	0	0	0	60	34	38	0	89	111	174	97	63	0	90	0	0	165	0	0	0	127	124	158	159	74	72	0	113	213	43	0	0	176	0	0	0	0	32	20	104	124	25	62	0
108	0	0	0	0	0	0	0	0	0	0	0	0	0	0	0	0	0	0	0	0	0	0	0	0	0	0	0	0	0	0	0	0	0	0	0	0	0	0	0	0	0	0	0	0	0	0	0	0	0	0	0	0	0	0	0	0	0	0	0	0	0	0	0	0	0	0	0	0	0	0	0	0	0	0	0	0	0	0	0	0	0	0	0	0	0	0	0	0	0	0	0	0	0	0	0	0	0	0	0	0	0	0	0	0	0	0	0	0	0	0	0	0	0	0	0	0	0	0	0	0	0	0	0	0	0	0	0	0	0	0	0	0	0	0	0	0	0	0	0	0	0	0	0	0	0	0	0	0	0	0	0	0	0	0	0	0	0	0	0	0	0	0	0	0	0	0	0	0	0	0	0	0	0	0	0	0	0	0	0	0	0	0	0	0	0	0	0	0	0	0	0	0	0	0	0	0	0	0	0	0	0	0	0	0	0	0	0	0	0	0	0	0	0	0	0	0	0	0	0	0	0	0	0	0	0	0	0	0	0	0	0	0	0	0	0	0	0	0	0	0	0	0	0	0	0	0	0	0	0	0	0	0	0	0	0	0	0	0	0	0	0	0	0	0	0	0	0	0	0	0	0	0	0	0	0	0	0	0	0	0	0	0	0	0	0	0	0	0	0	0	0	0	0	0	0	0	0	0	0	0	0	0	0	0	0	0	0	0	0	0	0	0	0	0	0	0	0	0	0	0	0	0	0	0	0	0	0	0	0	0	0	0	0	0	0	0	0	0	0	0	0	2	0	0	0	0	0	0	0	0	0	0	0	0	0	0	0	0	0	0	0	0	0	0	0	0	0	0	0	0	0	0	0	0	0	0	0	0	0	0	0	0	0	0	0	0	0	0	0	0	0	0	0	0	0	0	0	0	0	1	0	0	0	0	0	0	0	0	0	0	0	0	0	0	0	0	0	0	0	0	0	0	0	0	0	0	0	0	0	0	0	0	0	0	0	0	0	0	0	0	0	0	0	0	0	0	0	0	0	0	0	0	0	0	0	0	0	0	0	0	0	0	0	0	0	0	0	0	0	0	0	0	0	0	0	0	0	0	0	0	0	0	0	0	0	0	0	0	0	0	0	0	0	0	0	0	20	0	0	0	0	0	0	0	0	0	0	0	0	0	0	0	0	0	0	0	0	0	0	0	0	0	0	0	0	0	0	0	0	0	0	0	0	0	0	0	0	0	0	0	0	0	0	0	0	0	0	2	0	0	0	0	0	0	0	0	0	14	0	0	0	0	0	0	0	0	0	0	4	0	0	0	0	0	0	0	0	0	0	0	0	0	0	0	0	0	0	0	0	0	0	0	0	0	0	0	0	0	0	0	0	0	0	0	0	0	0	0	0	0	0	0	0	0	0	0	0	0	0	0	0	0	0	0	26	0	0	0	0	6	0	0	0	0	0	0	0	0	0	0	0	0	0	0	0	0	0	0	0	0	0	0	0	0	0	0	0	0	0	0	0	0	0	0	0	0	0	0	0	0	0	0	67	0	0	0	0	0	0	0	0	0	0	0	0	0	0	0	0	0	0	0	0	0	0	0	0	0	0	0	0	0	0	0	0	0	175	0	0	0	0	0	0	0	0	0	0	0	0	0	0	1	0	0	0	0	0	0	0	0	0	0	0	0	0	0	0	0	0	0	0	0	0	0	0	0	0	0	0	0	0	0	0	0	0	0	0	0	0	0	93	0	0	0	0	0	0	0	0	0	0	0	0	0	0	0	0	0	0	33	0	0	0	0	0	0	0	0	0	0	0	0	0	0	66	0	0	0	0	0	0	35	0	0	0	0	0	81	0	0	0	59	0	0	0	0	0	0	0	160	173	0	0	53	0	0	0	0	0	0	0	0	0	0	0	0	9	0	0	17	0	0	0	0	0	0	0	0	0	0	0	178	22	0	0	0	0	0	0	0	0	19	0	0	0	0	0	14	0	0	0	0	0	0	0	0	0	0	0	224	0	0	59	0	136	0	0	0	0	0	0	0	0	0	0	0	0	0	0	0	0	0	136	0	0	95	32	0	54	0	122	0	0	0	22	0	0	88	0	0	178	0	0	297	0	0	3	0	0	0	0	0	32	91	0	0	0	0	0	64	78	0	131	0	117	244	0	58	0	0	0	65	0	84	0	0	0	101	0	0	41	302	82	48	0	52	52	24	34	0	47	44	117	47	99	0	78	93	42	24	0	0	85	0	192	209	0	0	0	0	18	204	224	75	0	222	21	54	120	0	91	0	10	47	117	173	0	197	87	0	41	85	47	0	0	38	68	0	0	120	0	44	199	18	85	0	11	173	42	50	26	128	71	0	26	93	29	108	0	63	140	94	0	87	0	264	114	0	48	143	87	0	110	60	103	0	0	0	0	91	38	17	0	59	80	93	126	100	0	113	2	0	143	0	0	0	61	6	277	51	190	29	0	16	90	56	0	0	142	0	1	0	0	60	76	65	162	46	92	0
109	0	0	0	0	0	0	0	0	0	0	0	0	0	0	0	0	0	0	0	0	0	0	0	0	0	0	0	0	0	0	0	0	0	0	0	0	0	0	0	0	0	0	0	0	0	0	0	0	0	0	0	0	0	0	0	0	0	0	0	0	0	0	0	0	0	0	0	0	0	0	0	0	0	0	0	0	0	0	0	0	0	0	0	0	0	0	0	0	0	0	0	0	0	0	0	0	0	0	0	0	0	0	0	0	0	0	0	0	0	0	0	0	0	0	0	0	0	0	0	0	0	0	0	0	0	0	0	0	0	0	0	0	0	0	0	0	0	0	0	0	0	0	0	0	0	0	0	0	0	0	0	0	0	0	0	0	0	0	0	0	0	0	0	0	0	0	0	0	0	0	0	0	0	0	0	0	0	0	0	0	0	0	0	0	0	0	0	0	0	0	0	0	0	0	0	0	0	0	0	0	0	0	0	0	0	0	0	0	0	0	0	0	0	0	0	0	0	0	0	0	0	0	0	0	0	0	0	0	0	0	0	0	0	0	0	0	0	0	0	0	0	0	0	0	0	0	0	0	0	0	0	0	0	0	0	0	0	0	0	0	0	0	0	0	0	0	0	0	0	0	0	0	0	0	0	0	0	0	0	0	0	0	0	0	0	0	0	0	0	0	0	0	0	0	0	0	0	0	0	0	0	0	0	0	0	0	0	0	0	0	0	0	0	0	0	0	0	0	0	0	0	0	0	0	0	0	0	0	0	0	0	0	0	0	0	0	0	0	0	0	0	0	0	0	0	0	0	0	0	0	0	0	0	0	0	0	0	33	0	0	0	0	0	0	0	0	0	0	0	0	0	0	0	0	0	0	0	0	0	0	0	0	0	0	0	0	0	0	0	0	0	0	0	0	0	0	0	0	0	0	0	0	0	0	0	0	0	0	0	0	0	0	0	0	0	0	0	0	0	0	0	0	0	0	0	0	0	0	0	0	0	0	0	0	0	0	0	0	0	0	1	0	0	0	0	0	0	59	0	0	0	0	0	0	0	0	0	0	0	0	0	0	0	0	0	0	0	0	0	0	0	0	0	0	0	0	0	0	0	0	0	0	0	0	0	0	0	0	0	0	0	0	0	0	0	0	0	0	0	0	0	0	0	0	0	0	0	0	0	0	0	0	0	0	0	0	0	0	0	0	0	0	0	0	0	0	0	0	0	0	0	0	0	0	0	0	0	0	0	0	0	0	0	0	0	0	0	0	0	0	0	0	0	0	0	0	0	0	0	0	0	0	0	0	0	0	0	0	0	0	0	0	0	0	0	0	0	0	0	0	0	0	0	0	0	0	0	0	0	0	0	0	0	0	0	0	0	0	0	0	0	0	0	0	0	0	0	0	0	0	0	0	0	0	0	0	0	0	0	0	0	0	0	0	0	0	0	0	0	92	0	0	0	0	0	0	0	0	0	0	0	7	0	0	0	0	0	0	0	0	0	0	0	0	0	0	0	0	0	0	0	0	0	0	0	0	0	0	0	0	0	0	9	0	0	0	0	0	0	0	0	0	0	0	0	0	0	0	0	0	0	0	0	0	0	0	0	0	0	0	0	0	0	0	0	0	138	0	0	6	0	0	0	0	0	0	0	0	0	0	0	0	0	0	0	0	0	0	0	0	0	0	0	0	0	0	0	0	0	0	0	0	0	0	0	0	0	0	0	0	0	0	0	0	0	0	0	0	0	0	233	0	0	0	0	0	0	0	0	0	0	0	0	0	0	0	0	0	0	19	0	0	0	0	0	0	0	0	0	0	0	0	0	0	34	0	0	0	0	0	0	120	0	0	0	0	0	0	28	0	0	75	0	0	0	0	0	0	4	16	71	0	0	63	27	0	0	0	0	0	0	0	0	0	0	0	8	0	0	0	0	0	0	0	0	0	0	0	0	0	0	137	0	0	0	0	0	0	0	0	0	58	0	0	0	0	0	32	0	0	0	0	0	0	2	0	0	0	0	59	0	0	127	45	148	0	0	0	0	0	0	0	0	0	0	0	0	0	0	0	0	0	56	0	0	32	76	0	117	0	181	0	0	0	100	0	0	301	0	0	107	0	0	28	0	0	15	0	0	0	0	0	49	122	0	0	0	0	0	20	242	0	129	0	73	6	0	72	0	0	0	109	0	99	0	0	0	50	0	0	92	134	23	0	0	130	34	173	0	0	152	231	131	77	95	0	67	46	115	80	0	0	203	0	138	124	0	0	0	0	61	53	22	46	0	110	79	141	30	0	39	0	35	43	53	406	0	80	52	0	81	112	129	0	0	41	36	0	0	42	0	57	151	83	53	0	74	22	120	121	74	55	89	0	83	268	20	90	0	61	187	33	0	314	0	159	109	0	52	84	122	0	69	179	117	0	0	0	0	87	33	148	0	100	88	86	112	159	0	19	0	0	97	0	0	0	57	14	161	142	42	35	0	171	173	82	0	0	185	0	0	0	0	185	18	32	125	76	50	0
110	0	0	0	0	0	0	0	0	0	0	0	0	0	0	0	0	0	0	0	0	0	0	0	0	0	0	0	0	0	0	0	0	0	0	0	0	0	0	0	0	0	0	0	0	0	0	0	0	0	0	0	0	0	0	0	0	0	0	0	0	0	0	92	0	0	0	0	0	0	0	0	0	0	0	0	0	0	0	0	0	0	0	0	0	0	0	0	0	0	0	0	0	0	0	0	0	0	0	0	0	0	0	0	0	0	0	0	0	0	0	0	0	0	0	0	0	0	0	0	0	0	0	0	0	0	0	0	0	0	0	0	0	0	0	0	0	0	0	0	0	0	0	0	0	0	0	0	0	0	0	0	0	0	0	0	0	0	0	0	0	0	0	0	0	0	0	0	0	0	0	0	0	0	0	0	0	0	0	0	0	0	0	0	0	0	0	0	0	0	0	0	0	0	0	0	0	0	0	0	0	0	0	0	0	0	0	0	0	0	0	0	0	0	0	0	0	0	0	0	0	0	0	0	0	0	0	0	0	0	0	0	0	0	0	0	0	0	0	0	0	0	0	0	0	0	0	0	0	0	0	0	0	0	0	0	0	0	0	0	0	0	0	0	0	0	0	0	0	0	0	0	0	0	0	0	0	12	0	0	0	0	0	0	0	0	0	0	0	0	0	0	0	0	0	0	0	0	0	0	0	0	0	0	0	0	0	0	0	0	0	0	0	0	0	0	0	0	0	0	0	0	0	0	0	0	0	0	0	0	0	0	0	0	0	0	0	0	0	0	0	0	0	0	0	0	0	0	0	0	0	0	0	0	0	0	0	0	0	0	0	1	0	0	0	0	0	0	0	0	0	0	0	7	0	0	0	0	0	0	0	0	0	0	0	0	0	0	0	0	0	0	0	0	0	0	0	0	0	0	0	0	0	0	0	0	0	0	0	0	0	0	0	0	0	0	0	0	0	0	0	0	0	0	0	0	0	0	0	0	0	0	0	0	0	0	0	0	0	0	0	0	0	0	0	0	0	0	0	0	0	0	0	0	0	0	0	0	0	0	0	0	0	0	0	0	0	0	0	0	0	0	0	0	0	0	0	0	0	0	0	0	0	0	0	0	0	0	0	0	0	0	0	0	0	0	0	0	0	0	0	0	0	0	0	0	0	0	0	0	0	0	0	0	0	0	0	0	0	0	0	0	0	0	0	0	0	0	0	0	0	0	0	0	0	0	0	0	0	0	0	0	0	0	0	0	0	0	0	0	0	0	0	0	0	0	0	0	0	0	0	0	0	0	0	0	0	0	0	0	0	0	0	0	0	0	0	0	0	0	0	0	0	0	0	0	0	0	0	0	0	0	0	0	0	0	0	0	0	0	0	0	0	0	0	0	0	0	0	1	0	0	0	0	0	0	0	0	0	0	0	0	0	0	0	0	0	0	0	0	64	0	0	0	0	0	0	0	0	0	0	0	0	0	0	0	0	0	0	0	0	0	0	0	0	0	0	0	0	0	0	0	0	0	0	0	0	0	0	0	0	0	0	0	0	0	0	0	0	0	0	0	0	0	0	0	0	0	0	0	0	0	0	0	0	0	0	0	0	0	0	0	0	0	0	0	0	52	0	0	0	0	0	0	0	0	0	0	0	0	0	0	31	0	0	0	0	0	0	0	0	0	0	0	0	0	0	0	0	0	0	0	0	0	0	0	0	1	0	0	0	0	0	0	3	7	0	0	0	0	0	76	0	0	0	0	0	0	0	0	0	0	0	0	0	0	0	0	0	0	37	0	0	0	0	0	0	0	0	0	0	0	0	0	0	83	0	0	0	0	0	0	67	0	0	0	0	0	0	0	0	0	21	0	0	3	0	0	0	0	78	260	0	12	7	3	0	0	0	0	0	0	0	0	0	0	0	91	0	0	2	0	0	0	0	0	0	0	0	0	0	0	125	0	0	0	0	0	0	0	0	0	77	0	0	0	0	0	135	0	0	0	0	0	0	0	13	0	0	0	101	0	0	68	0	90	0	0	0	0	0	0	0	0	0	0	0	0	0	0	0	0	0	48	0	0	185	46	0	58	0	47	0	0	0	28	0	0	71	0	0	118	0	0	127	0	0	84	0	0	0	8	0	90	91	0	0	0	0	0	139	62	0	86	0	55	13	0	180	0	0	0	121	0	42	0	0	0	27	0	0	52	134	48	0	0	80	163	273	0	0	134	174	22	24	166	0	159	19	42	112	0	0	105	0	25	56	0	0	0	0	29	169	34	67	0	111	73	104	132	0	86	0	178	53	25	6	0	90	56	0	69	88	15	0	0	41	30	0	0	85	0	85	100	70	11	0	135	94	158	159	58	117	71	0	73	105	95	185	0	28	42	59	0	27	0	51	57	0	91	186	102	0	19	93	35	0	0	0	0	44	12	54	0	196	171	116	114	62	0	80	14	0	33	0	0	0	123	121	71	112	105	23	9	89	36	26	0	0	300	0	5	0	0	120	142	58	81	8	104	0
111	0	0	0	0	0	0	0	0	0	0	0	0	0	0	0	0	0	0	0	0	0	0	0	0	0	0	0	0	0	0	0	0	0	0	0	0	0	0	0	0	0	0	0	0	0	0	0	0	0	0	0	0	0	0	0	0	0	0	0	0	0	0	0	0	0	0	0	0	0	0	0	0	0	0	0	0	0	0	0	0	0	0	0	0	0	0	0	0	0	0	0	0	0	0	0	0	0	0	0	0	0	0	0	0	0	0	0	0	0	0	0	0	0	0	0	0	0	0	0	0	0	0	0	0	0	0	0	0	0	0	0	0	0	0	0	0	0	0	0	0	0	0	0	0	0	0	0	0	0	0	0	0	0	0	0	0	0	0	0	0	0	0	0	0	0	0	0	0	0	0	0	0	0	0	0	0	0	0	0	0	0	0	0	0	0	0	0	0	0	0	0	0	0	0	0	0	0	0	0	0	0	0	0	0	0	0	0	0	0	0	0	0	0	0	0	0	0	0	0	0	0	0	0	0	0	0	0	0	0	0	0	0	0	0	0	0	0	0	0	0	0	0	0	0	0	0	0	0	0	0	0	0	0	0	0	0	0	0	0	0	0	0	0	0	0	0	0	0	0	0	0	0	0	0	0	0	0	0	0	0	0	0	0	0	0	0	0	0	0	0	0	0	0	0	0	0	0	0	0	0	0	0	0	0	0	0	0	0	0	0	0	0	0	0	0	0	0	0	0	0	0	0	0	0	0	0	0	0	0	0	0	0	0	0	0	0	0	0	0	0	0	0	0	0	0	0	0	0	0	0	0	0	0	0	0	0	0	0	0	0	0	0	0	0	0	0	0	0	0	0	0	0	0	0	0	0	0	0	0	0	0	0	0	0	0	0	0	0	0	0	0	0	0	0	0	0	0	0	0	0	0	0	0	0	0	0	0	0	0	0	0	0	0	0	0	0	0	0	0	0	0	0	0	0	0	0	0	0	0	0	0	0	0	0	0	0	0	0	0	0	0	0	0	0	0	0	0	0	0	0	0	0	0	0	0	0	0	0	0	0	0	0	0	0	0	0	0	0	0	0	0	0	0	0	0	0	0	0	0	0	0	0	0	0	0	0	0	0	0	0	0	0	0	0	0	0	0	11	0	0	0	0	0	0	0	0	0	0	0	0	0	0	0	0	1	0	0	0	0	0	0	0	0	0	0	0	0	0	0	0	0	0	0	0	0	0	0	0	0	0	0	0	0	0	0	0	0	0	0	0	0	0	0	0	0	0	0	0	0	0	0	0	0	0	0	0	0	0	0	0	0	0	0	0	0	0	0	0	0	0	0	0	0	0	0	0	0	0	0	0	0	0	0	0	0	0	2	8	0	0	0	0	0	0	0	0	0	0	0	0	0	0	0	0	0	0	0	0	0	0	0	0	0	0	18	0	0	0	0	71	0	0	0	0	0	0	0	0	0	0	0	0	0	0	0	0	0	0	0	0	0	0	0	0	0	0	0	0	0	0	0	0	0	0	0	0	0	0	0	0	0	0	89	0	0	0	0	0	0	0	0	0	0	0	0	0	0	0	0	0	0	0	0	0	0	0	0	0	0	0	0	0	0	0	0	0	208	0	0	0	0	0	0	0	0	0	0	0	0	0	0	0	0	0	0	0	0	0	0	0	0	0	0	0	0	0	0	0	0	0	0	0	0	0	0	0	0	0	0	0	18	0	0	0	0	0	0	0	0	0	48	0	0	0	0	0	0	0	0	0	0	0	0	0	0	0	0	0	0	109	0	0	0	0	0	0	0	0	0	0	41	0	0	0	51	0	0	0	0	0	0	3	0	0	0	0	0	31	0	0	0	81	0	0	0	0	0	0	0	129	91	0	0	102	0	0	0	0	0	0	0	0	0	0	0	0	0	0	0	0	0	0	0	0	0	0	0	0	0	0	0	102	0	0	0	0	0	0	0	0	0	133	0	0	0	0	0	21	0	0	0	0	0	0	0	5	0	0	0	91	0	0	69	0	110	0	0	0	0	0	0	0	0	0	0	0	0	0	0	0	0	0	79	0	0	184	77	0	14	0	22	0	0	0	15	0	0	124	0	0	19	0	0	40	0	0	53	0	0	0	0	0	39	72	0	0	0	0	176	33	145	0	177	0	39	121	0	60	0	0	0	63	0	541	0	0	0	93	0	0	91	150	125	0	1	121	64	43	0	0	91	231	54	10	127	0	15	146	102	85	0	0	16	0	38	128	1	0	0	0	26	97	98	70	0	109	130	68	94	0	55	0	164	125	85	148	0	115	202	0	37	243	83	0	0	162	183	0	0	164	0	37	63	112	79	0	40	5	144	17	151	140	301	0	79	93	28	98	0	15	92	152	0	171	0	199	154	0	175	159	49	0	54	81	15	0	0	0	0	71	118	118	0	47	265	77	65	3	0	38	0	0	159	0	0	0	45	16	49	73	106	311	25	99	127	5	0	0	182	0	0	0	0	25	233	67	107	79	132	0
112	0	0	0	0	0	0	0	0	0	0	10	0	0	0	0	0	0	0	0	0	0	0	0	0	0	0	0	0	0	0	0	0	0	0	0	0	0	0	0	0	0	0	0	0	0	0	0	0	0	0	0	0	0	0	0	0	0	0	0	0	0	0	0	0	0	0	0	0	0	0	0	0	0	0	0	0	0	0	0	0	0	0	0	0	0	0	0	0	0	0	0	0	0	0	0	0	0	0	0	0	0	0	0	0	0	0	0	0	0	0	0	0	0	0	0	0	0	0	0	0	0	0	0	0	0	0	0	0	0	0	0	0	0	0	0	0	0	0	0	0	0	0	0	0	0	0	0	0	0	0	0	0	0	0	0	0	0	0	0	0	0	0	0	0	0	0	0	0	0	0	0	0	0	0	0	0	0	0	0	0	0	0	0	0	0	0	0	0	0	0	0	0	0	0	0	0	0	0	0	0	0	0	0	0	0	0	0	0	0	0	0	0	0	0	0	0	0	0	0	0	0	0	0	0	0	0	0	0	0	0	0	0	0	0	0	0	0	0	0	0	0	0	0	0	0	0	0	0	0	0	0	0	0	0	0	0	0	0	0	0	0	0	0	0	0	0	0	0	0	0	0	0	0	0	0	0	0	0	0	0	0	0	0	0	0	0	0	0	0	0	0	0	0	0	0	0	0	0	0	0	0	0	0	0	0	0	0	0	0	0	0	0	0	0	0	0	0	0	0	0	0	0	0	0	0	0	0	0	0	0	0	0	0	0	0	0	0	0	0	0	0	0	0	0	0	0	0	0	0	0	0	0	0	0	0	0	0	0	0	0	0	0	0	0	0	0	0	0	0	0	0	0	0	0	0	0	0	0	0	0	0	0	0	0	0	0	0	0	0	0	0	0	0	0	0	0	0	0	0	0	0	0	0	0	0	0	0	0	0	0	0	0	0	0	0	0	0	0	0	0	0	0	0	0	0	0	0	0	0	0	0	0	0	0	0	0	0	0	0	0	0	0	0	0	0	0	0	0	0	0	0	0	0	0	0	0	0	0	0	0	0	0	0	0	0	0	0	0	0	0	0	0	0	0	0	0	0	0	0	0	0	0	0	0	0	0	0	0	0	0	0	0	0	0	0	0	0	0	0	0	0	0	0	0	0	0	0	0	0	0	0	0	0	0	0	0	0	0	0	0	0	0	0	0	0	0	0	0	0	0	0	0	0	0	0	0	0	0	0	0	0	0	0	0	0	0	0	0	0	0	0	0	3	0	0	0	0	0	0	0	0	0	0	0	0	0	0	0	0	0	0	0	0	0	0	0	0	0	0	0	0	0	0	0	0	0	0	0	0	0	0	0	0	0	0	0	0	0	2	0	0	0	0	1	0	0	0	0	0	0	0	0	0	0	0	0	0	0	0	0	0	0	0	0	0	0	0	0	0	116	0	0	0	0	0	0	0	0	0	0	0	0	0	0	0	0	0	0	0	0	0	0	0	0	0	0	0	0	0	0	0	0	0	0	0	0	0	0	0	0	0	0	50	0	0	0	0	0	0	0	0	0	0	0	0	0	0	0	0	0	0	0	0	0	0	0	0	0	0	0	0	0	0	0	0	0	49	0	0	0	0	0	0	0	0	0	0	0	0	0	0	34	0	0	0	0	0	0	0	0	0	0	0	7	0	0	0	0	0	0	0	0	0	0	0	0	0	0	0	0	0	0	0	0	0	0	0	0	0	0	9	0	0	0	0	0	0	0	0	0	0	0	0	0	0	4	0	0	0	181	0	0	0	0	0	0	0	0	0	0	0	0	0	0	31	0	0	0	0	0	0	0	0	0	0	0	0	4	0	0	0	51	0	0	0	0	0	0	0	19	124	0	0	124	75	0	0	0	0	0	0	0	0	0	0	0	3	0	0	0	0	0	0	0	0	0	0	0	0	0	0	99	30	0	0	0	0	0	0	0	0	140	0	0	0	0	0	47	0	0	0	0	0	0	0	0	0	0	0	34	0	1	171	0	72	0	0	0	0	0	0	0	0	0	5	0	0	0	0	0	0	0	69	0	0	112	64	39	0	0	89	0	0	32	46	0	0	71	0	0	65	0	0	116	0	0	26	0	0	0	0	0	54	114	0	0	0	0	26	65	40	0	75	0	134	116	0	79	0	0	0	144	0	14	0	0	0	168	0	0	245	31	54	29	0	158	61	204	20	0	105	147	183	9	120	0	51	105	97	198	0	0	63	0	100	19	0	0	0	0	97	22	73	0	0	35	99	87	93	0	236	0	52	96	24	99	0	115	107	0	182	175	22	0	0	105	35	0	0	49	0	67	83	114	93	0	8	107	46	27	87	178	75	0	36	68	74	134	0	143	87	24	0	91	0	63	73	0	34	115	132	0	243	131	1	0	0	0	0	70	101	6	0	51	99	78	31	314	0	118	0	0	146	2	0	0	29	71	67	120	136	64	0	7	57	35	0	0	231	0	0	0	0	28	23	204	219	60	122	0
113	0	0	0	0	0	0	0	0	0	0	0	0	0	0	0	0	0	0	0	0	0	0	0	0	0	0	0	0	0	0	0	0	0	0	0	0	0	0	0	0	0	0	0	0	0	0	0	0	0	0	0	0	0	0	0	0	0	0	0	0	0	0	0	0	0	0	0	0	0	0	0	0	0	0	0	0	0	0	0	0	0	0	0	0	0	0	0	0	0	0	0	0	0	0	0	0	0	0	0	0	0	0	0	0	0	0	0	0	0	0	0	0	0	0	0	0	0	0	0	0	0	0	0	0	0	0	0	0	0	0	0	0	0	0	0	0	0	0	0	0	0	0	0	0	0	0	0	0	0	0	0	0	0	0	0	0	0	0	0	0	0	0	0	0	0	0	0	0	0	0	0	0	0	0	0	0	0	0	0	0	0	0	0	0	0	0	0	0	0	0	0	0	0	0	0	0	0	0	0	0	0	0	0	0	0	0	0	0	0	0	0	0	0	0	0	0	0	0	0	0	0	0	0	0	0	0	0	0	0	0	0	0	0	0	0	0	0	0	0	0	0	0	0	0	0	0	0	0	0	0	0	0	0	0	0	0	0	0	0	0	0	0	0	0	0	0	0	0	0	0	0	0	0	0	0	0	0	0	0	0	0	0	0	0	0	0	0	0	0	0	0	0	0	0	0	0	0	0	0	0	0	0	0	0	0	0	0	0	0	0	0	0	0	0	0	0	0	0	0	0	0	0	0	0	0	0	0	0	0	0	0	0	0	0	0	0	0	0	0	0	0	0	0	0	0	0	0	0	0	0	0	0	0	0	0	0	0	0	0	0	0	0	0	0	0	0	0	0	0	0	0	0	0	0	0	0	0	0	0	0	0	0	0	0	0	0	0	0	0	0	0	0	0	0	0	0	0	0	0	0	0	0	0	0	0	0	0	0	0	0	0	0	0	0	0	0	0	0	0	0	0	0	0	0	0	0	0	0	0	0	0	0	0	0	0	0	0	0	0	0	0	0	0	0	0	0	0	0	0	0	0	0	0	0	0	0	0	0	0	0	0	0	0	0	0	0	0	0	0	0	0	0	0	25	0	0	0	0	0	0	0	0	0	0	0	0	0	0	0	0	0	0	0	0	0	0	0	0	0	0	0	0	0	0	0	0	0	0	0	0	0	0	0	0	0	0	0	0	0	0	0	0	0	0	0	0	0	0	0	0	0	0	0	0	0	0	0	0	0	0	0	0	0	0	0	0	0	0	0	0	0	0	0	0	0	0	0	0	0	0	0	0	0	0	0	0	0	0	0	0	0	0	0	0	0	0	0	0	0	0	0	0	0	0	0	0	0	0	0	0	0	0	0	0	0	0	0	0	0	0	21	0	0	0	0	0	0	0	0	0	0	0	0	0	0	3	0	0	0	0	0	0	0	0	0	0	0	0	0	14	0	0	0	0	0	0	0	0	0	0	0	0	0	0	0	0	0	0	0	0	0	0	0	0	0	0	0	0	0	0	0	0	0	0	0	0	0	0	0	0	0	0	0	0	0	0	0	0	0	0	0	0	0	0	0	0	0	0	0	0	0	0	0	0	0	0	0	0	0	0	0	0	0	0	0	0	61	0	0	0	0	0	0	0	0	0	0	0	0	0	0	0	0	0	0	0	0	0	0	0	0	0	0	0	0	0	0	0	0	0	0	0	0	0	0	0	0	0	0	0	0	0	0	0	0	0	0	0	0	0	200	0	0	0	0	0	1	0	0	0	0	0	0	0	0	0	0	0	0	91	0	0	0	0	0	0	0	0	0	0	0	0	0	0	35	0	0	0	0	0	0	23	0	0	0	0	0	19	0	0	0	94	0	0	5	0	0	0	0	107	53	0	0	36	21	0	0	0	0	0	0	0	0	0	0	0	0	0	0	4	0	0	0	0	0	0	0	0	0	0	0	92	0	0	0	0	0	0	0	0	0	175	0	0	0	0	0	76	0	0	0	0	0	0	0	0	0	0	0	74	0	0	94	0	51	0	0	0	0	0	0	22	0	0	0	0	0	0	0	0	0	0	75	0	0	261	89	0	0	0	52	0	0	0	21	0	0	118	0	0	135	0	0	38	0	0	156	0	0	0	0	0	38	9	0	0	0	0	0	31	110	0	76	0	139	0	0	408	0	0	0	76	0	155	0	0	0	143	0	0	58	3	162	0	0	44	44	51	13	0	70	194	33	41	109	0	106	5	61	135	0	0	213	0	24	252	20	0	0	0	168	119	124	37	0	52	119	41	100	0	153	0	166	84	24	231	0	120	109	0	87	99	186	20	0	271	216	0	0	74	0	252	27	123	126	0	80	60	107	47	303	45	91	0	16	139	240	76	0	219	49	99	0	37	0	81	95	0	115	200	69	0	46	51	84	0	0	0	0	9	68	65	0	74	172	61	82	79	0	238	0	0	38	0	0	0	50	24	137	22	147	91	0	101	95	118	0	0	54	0	0	0	0	4	141	181	146	11	148	0
114	0	0	0	0	0	0	0	0	0	0	0	0	0	0	0	0	0	0	0	0	0	0	0	0	0	0	0	0	0	0	0	0	0	0	0	0	0	0	0	0	0	0	0	0	0	0	0	0	0	0	0	0	0	0	0	0	0	0	0	0	0	0	0	0	0	0	0	0	0	0	0	0	0	0	0	0	0	0	0	0	24	0	0	0	0	0	0	0	0	0	0	0	0	0	0	0	0	0	0	0	0	0	0	0	0	0	0	0	0	0	0	0	0	0	0	0	0	0	0	0	0	0	0	0	0	0	0	0	0	0	0	0	0	0	0	0	0	0	0	0	0	0	0	0	0	0	0	0	0	0	18	0	0	0	0	0	0	0	0	0	0	0	0	0	0	0	0	0	0	0	0	0	0	0	0	0	0	0	0	0	0	0	0	0	0	0	0	0	0	0	0	0	0	0	0	0	0	0	0	0	0	0	0	0	0	0	0	0	0	0	0	0	0	0	0	0	0	0	0	0	0	0	0	0	0	0	0	0	0	0	0	0	0	0	0	0	0	0	0	0	0	0	0	0	0	0	0	0	0	0	0	0	0	0	0	0	91	0	0	0	0	0	0	0	0	0	0	0	0	0	0	0	0	0	0	0	0	0	0	0	0	12	0	0	0	0	0	0	0	0	0	0	0	0	0	0	0	0	0	0	0	0	0	0	0	0	0	0	0	0	0	0	0	0	1	0	0	0	0	0	0	0	0	0	0	0	0	0	0	0	0	0	0	0	0	0	0	0	0	0	0	0	0	0	0	0	0	0	172	0	0	0	0	0	0	0	0	0	0	0	0	0	0	0	0	0	0	0	0	0	0	0	0	0	0	0	0	0	0	0	0	0	0	0	0	0	0	0	0	0	0	0	0	0	0	0	0	0	0	0	0	0	0	0	0	0	0	0	0	0	0	0	0	0	0	0	0	0	0	0	0	0	0	0	0	0	0	0	0	0	0	0	0	0	0	0	0	0	0	0	0	0	0	0	0	0	0	0	0	0	0	0	0	0	0	0	0	0	0	0	0	0	0	0	0	0	0	0	0	0	0	0	0	0	0	0	0	0	0	0	0	0	0	0	0	0	0	0	0	0	0	0	0	0	0	0	0	0	0	0	0	0	0	0	0	0	0	0	0	0	0	0	0	0	0	0	0	0	0	0	0	0	0	0	0	0	0	0	0	0	0	0	0	0	0	0	0	0	0	0	0	0	0	0	0	0	0	0	0	0	0	0	0	0	0	0	0	0	0	1	0	9	0	0	0	0	0	0	0	0	0	0	0	0	0	0	0	0	0	0	0	0	0	0	0	0	0	0	0	0	0	0	0	0	0	0	0	0	0	0	0	0	0	0	0	0	0	0	0	0	0	0	0	0	0	0	0	0	0	0	0	0	0	0	17	0	0	0	0	61	0	0	0	0	0	0	0	0	0	0	0	0	0	0	0	0	0	0	0	0	0	0	0	0	0	0	0	0	0	0	0	4	0	0	0	0	0	0	0	0	0	0	0	0	0	0	0	0	0	0	0	0	0	0	0	33	0	0	0	0	0	0	0	0	0	0	0	0	0	0	0	0	0	0	0	0	0	0	0	0	0	0	0	0	0	0	0	0	0	0	0	0	0	0	0	0	0	0	0	0	0	0	0	0	0	0	0	0	0	0	1	0	0	0	0	0	0	0	1	0	0	0	0	0	0	0	0	0	0	0	38	0	0	0	0	0	0	0	0	0	0	0	0	0	0	0	0	0	0	108	0	0	0	0	0	0	0	0	0	0	0	0	0	0	73	0	0	0	0	0	0	1	0	0	0	0	0	54	23	0	0	142	0	0	0	0	0	0	0	12	119	0	0	208	153	0	0	0	0	0	0	0	0	0	0	0	1	0	0	0	0	0	0	0	0	0	0	17	0	0	0	108	0	0	0	0	0	0	0	0	0	163	0	0	0	0	0	132	0	0	0	0	0	0	0	0	0	0	0	92	0	0	138	0	85	0	0	0	0	0	0	0	0	0	0	0	0	0	0	0	0	0	113	0	0	122	34	21	8	0	30	0	0	0	116	0	0	280	0	0	28	0	0	284	0	0	65	0	0	0	0	0	72	81	0	0	0	0	0	75	44	0	19	0	186	130	0	202	0	0	0	83	0	9	0	0	0	16	0	0	74	252	139	12	0	125	128	75	0	0	137	10	21	141	200	0	84	187	32	77	0	0	104	0	116	15	9	0	0	0	152	7	36	133	0	94	75	58	104	0	55	0	74	49	237	61	0	109	92	0	138	80	56	0	0	106	63	0	0	82	0	85	168	113	37	0	203	58	24	124	109	90	101	0	81	294	140	70	0	61	240	103	0	22	0	124	113	0	65	36	97	0	134	33	252	0	0	0	2	102	68	49	0	83	153	90	220	191	0	147	6	0	139	0	0	0	163	20	51	19	99	91	5	184	57	13	0	0	53	0	30	0	0	0	118	51	180	18	120	0
115	0	0	0	0	0	0	0	0	0	0	0	0	0	0	0	0	0	0	0	0	0	0	0	0	0	0	0	0	0	0	0	0	0	0	0	0	0	0	0	0	0	0	0	0	0	0	0	0	0	0	0	0	0	0	0	0	0	0	0	0	0	0	0	0	0	0	0	0	0	0	0	0	0	0	0	0	0	0	0	0	0	0	0	0	0	0	0	0	0	0	0	0	0	0	0	0	0	0	0	0	0	0	0	0	0	0	0	0	0	0	0	0	0	0	0	0	0	0	0	0	0	0	0	0	0	0	0	0	0	0	0	0	0	0	0	0	0	0	0	0	0	0	0	0	0	0	0	0	0	0	0	0	0	0	0	0	0	0	0	0	0	0	0	0	0	0	0	0	0	0	0	0	0	0	0	0	0	0	0	0	0	0	0	0	0	0	0	0	0	0	0	0	0	0	0	0	0	0	0	0	0	0	0	0	0	0	0	0	0	0	0	0	0	0	0	0	0	0	0	0	0	0	0	0	0	0	0	0	0	0	0	0	0	0	0	0	0	0	0	0	0	0	0	0	0	0	0	0	0	0	0	0	0	0	0	0	0	0	0	0	0	0	0	0	0	0	0	0	0	0	0	0	0	0	0	0	0	0	0	0	0	0	0	0	0	0	0	0	0	0	0	0	0	0	0	0	0	0	0	0	0	0	0	0	0	0	0	0	0	0	0	0	0	0	0	0	0	0	0	0	0	0	0	0	0	2	0	0	0	0	0	0	0	0	0	0	0	0	0	0	0	0	0	0	0	0	0	0	0	0	0	0	0	0	0	0	0	0	0	0	0	0	0	0	0	0	0	0	0	0	0	0	0	0	0	0	0	0	0	0	0	0	0	0	0	0	0	0	0	0	0	0	0	0	0	0	0	0	0	0	0	0	0	0	0	0	0	0	0	0	0	0	0	0	0	0	0	0	0	0	0	0	0	0	0	0	0	0	0	0	0	0	0	0	0	0	0	0	0	0	0	0	0	0	0	0	0	49	0	0	0	0	0	0	0	0	0	0	0	0	0	0	0	0	0	0	0	0	0	0	0	1	0	0	0	0	0	0	0	0	0	0	0	0	0	0	0	0	0	0	0	0	0	0	0	0	0	0	0	0	0	0	0	0	0	0	0	0	0	0	0	0	0	0	0	0	0	0	0	0	0	0	0	0	0	0	0	0	0	0	0	0	0	0	0	0	0	0	0	0	0	0	0	0	0	0	0	0	0	0	0	0	0	0	0	0	0	0	0	0	0	0	0	0	0	0	0	0	0	0	0	0	0	0	0	0	0	0	0	0	0	0	0	0	0	0	0	0	0	0	0	0	0	0	0	0	0	0	0	0	0	0	0	0	0	0	0	0	7	0	0	0	0	0	0	0	0	0	0	0	0	0	0	0	0	0	0	0	0	38	0	0	0	0	0	0	0	0	0	0	0	0	0	24	0	0	0	0	0	0	0	0	0	0	0	2	1	0	0	0	0	0	0	0	0	0	0	0	0	0	0	0	21	0	0	0	0	0	0	0	0	0	0	0	0	0	0	0	0	0	0	0	0	0	0	0	0	0	0	0	0	0	0	0	0	0	14	0	0	0	0	0	0	0	0	0	0	0	0	0	0	38	0	0	0	0	0	0	0	0	0	0	0	0	0	0	0	0	0	0	0	0	0	0	0	0	0	0	0	0	0	0	0	0	0	0	0	0	0	0	304	78	0	0	0	0	0	0	0	0	0	0	0	0	0	0	0	0	0	73	0	0	0	0	0	0	0	0	0	0	0	0	0	0	44	0	0	0	0	0	0	175	0	0	0	0	0	90	0	0	0	75	0	0	0	0	0	0	0	96	102	0	0	252	78	0	0	0	0	0	0	0	0	0	0	0	2	0	0	0	0	0	0	0	0	1	0	0	0	0	0	57	0	0	0	0	0	0	0	0	74	22	0	0	0	0	0	40	0	0	0	0	0	0	0	0	0	0	0	46	0	0	74	0	93	0	0	0	0	0	0	0	0	0	0	0	0	0	0	0	0	0	43	0	0	23	105	0	69	0	58	0	0	0	91	0	0	96	0	0	15	0	0	63	1	0	11	14	0	0	0	0	112	149	0	0	0	0	0	150	70	0	17	0	98	97	0	92	0	0	0	40	0	48	0	0	0	58	0	0	111	134	78	6	0	51	89	72	0	0	99	130	18	76	94	0	92	117	0	91	0	0	232	0	45	10	53	0	0	0	8	97	89	106	0	123	125	75	25	0	28	0	11	53	123	20	0	29	30	0	9	59	55	0	0	83	175	0	0	167	0	39	97	67	60	0	37	146	75	98	67	98	46	0	149	117	167	58	0	133	146	160	0	43	0	110	112	0	90	57	82	0	65	207	99	0	0	0	0	12	117	130	0	49	62	67	57	38	0	216	0	0	78	0	0	0	146	44	29	88	76	27	0	58	252	47	0	0	40	0	0	0	0	162	92	63	305	69	24	0
116	0	0	0	0	0	0	0	0	0	0	0	0	0	0	0	0	0	0	0	0	0	0	0	0	0	0	0	0	0	0	0	0	0	0	0	0	0	0	0	0	0	0	0	0	0	0	0	0	0	0	0	0	0	0	0	0	0	0	0	0	0	0	0	0	0	0	0	0	0	0	0	0	0	0	0	0	0	0	0	0	0	0	0	0	0	0	0	0	0	0	0	0	0	0	0	0	0	0	0	0	0	0	0	0	0	0	0	0	0	0	0	0	0	0	0	0	0	0	0	0	0	0	0	0	0	0	0	0	0	0	0	0	0	0	0	0	0	0	0	0	0	0	0	0	0	0	0	0	0	0	0	0	0	0	0	0	0	0	0	0	0	0	0	0	0	0	0	0	0	0	0	0	0	0	0	0	0	0	0	0	0	0	0	0	0	0	0	0	0	0	0	0	0	0	0	0	0	0	0	0	1	0	0	0	0	0	0	0	0	0	0	0	0	0	0	0	0	0	0	0	0	0	0	0	0	0	0	0	0	0	0	0	0	0	0	0	0	0	0	0	0	0	0	0	0	0	0	0	0	0	0	0	0	0	0	0	0	0	0	0	0	0	0	0	0	0	0	0	0	0	0	0	0	0	0	0	0	0	0	0	0	0	0	0	0	0	0	0	0	0	0	0	0	0	0	0	0	0	0	0	0	0	0	0	0	0	0	0	0	0	0	0	0	0	0	0	0	0	0	0	0	0	0	0	0	0	0	0	0	0	0	0	0	9	0	0	0	0	0	0	0	0	0	0	0	0	0	0	0	0	0	0	0	0	0	0	0	0	0	0	0	0	0	0	0	0	0	0	0	0	0	0	0	0	0	0	0	0	0	0	0	0	0	0	0	0	0	0	0	0	0	0	0	0	0	0	0	0	0	0	0	0	0	0	0	0	0	0	0	0	0	0	0	0	0	0	0	0	0	0	0	0	0	0	0	0	0	0	0	0	1	0	0	0	0	0	0	0	0	0	0	0	0	0	0	0	0	0	0	0	0	0	0	0	0	0	0	0	0	0	0	0	0	0	0	0	0	0	0	0	0	0	0	0	0	0	0	0	0	0	0	0	0	0	0	0	0	0	0	0	0	0	0	0	0	0	0	0	0	0	0	0	0	0	0	0	0	0	0	0	0	0	0	0	0	0	0	0	0	0	0	0	0	0	0	0	0	0	0	0	0	0	0	0	0	0	0	0	0	0	0	0	0	0	0	0	0	0	0	0	0	0	0	0	0	0	0	0	0	0	0	0	0	0	0	0	0	0	0	0	0	0	0	0	0	0	0	0	0	0	0	0	0	0	0	0	0	4	0	0	0	0	0	0	0	0	0	0	0	0	0	0	0	0	0	1	0	0	0	0	0	0	0	0	0	0	0	0	0	0	0	0	0	0	0	0	0	0	0	299	0	0	0	0	0	0	0	0	0	0	0	0	0	0	0	0	0	0	0	0	0	0	0	0	0	0	0	0	0	0	0	0	0	0	0	0	0	0	0	0	0	0	20	0	0	0	0	0	0	0	0	0	0	0	0	0	0	0	0	0	0	0	0	0	27	0	0	0	9	0	0	0	0	0	0	0	110	0	0	0	0	0	0	0	0	0	0	0	0	0	0	28	0	0	0	0	0	0	0	0	0	0	0	0	0	0	0	0	0	0	0	0	0	0	0	0	0	0	0	0	0	0	0	0	23	0	0	0	0	0	16	0	0	0	0	0	0	0	0	0	0	0	0	0	0	0	0	0	0	9	0	0	0	0	0	0	0	0	0	0	0	0	0	0	84	0	0	0	0	0	0	19	0	0	0	0	0	34	0	0	0	112	0	0	0	0	0	0	24	36	128	0	0	16	161	0	0	0	0	0	0	0	0	0	0	0	6	0	0	1	0	0	0	0	0	0	0	0	0	0	0	30	0	0	0	0	0	0	0	0	4	103	0	0	0	0	0	32	0	0	0	0	0	0	0	0	0	0	0	77	11	0	132	0	80	0	0	0	0	0	0	33	0	0	0	0	0	0	0	0	0	0	56	0	0	32	74	0	31	0	104	0	0	0	124	0	0	30	0	0	339	0	0	174	0	0	78	0	0	0	0	0	12	183	0	0	0	0	0	94	94	0	231	0	152	59	0	77	0	0	0	222	0	62	0	0	0	16	0	0	99	73	13	0	0	16	214	130	5	0	224	89	157	107	20	0	60	67	0	96	0	0	174	0	38	7	0	0	0	0	158	129	83	0	0	135	61	29	42	0	104	0	227	12	7	74	0	46	147	0	31	31	4	0	0	67	122	0	0	13	0	2	69	54	132	0	116	248	90	145	313	15	138	0	107	152	44	196	0	23	40	67	0	143	0	203	125	0	25	48	120	0	43	25	188	0	0	0	0	152	162	137	0	34	65	76	75	2	1	67	0	0	115	0	0	0	103	32	34	22	96	43	0	144	150	94	0	0	6	0	21	0	0	42	97	73	87	8	48	0
117	0	0	0	0	0	0	0	0	0	0	0	0	0	0	0	0	0	0	0	0	0	0	0	0	0	0	0	0	0	0	0	0	0	0	0	0	0	0	0	0	0	0	0	0	0	0	0	0	0	0	0	0	0	0	0	0	0	0	0	0	0	0	0	0	0	0	0	0	19	0	0	0	0	0	0	0	0	0	0	0	0	0	0	0	0	0	0	0	0	0	0	0	0	0	0	0	0	0	0	0	0	0	0	0	0	0	0	0	0	0	0	0	0	0	0	0	0	0	0	0	0	0	0	0	0	0	0	0	0	0	0	0	0	0	0	0	0	0	0	0	0	0	0	0	0	0	0	0	0	0	0	0	0	0	0	0	0	0	0	0	0	0	0	0	0	0	0	0	0	0	0	0	0	0	0	0	0	0	0	0	0	0	0	0	0	0	0	0	0	0	0	0	0	0	0	0	0	0	52	0	0	0	0	0	0	0	0	0	0	0	0	0	0	0	0	0	0	0	0	0	0	0	0	0	0	0	0	0	0	0	0	0	0	0	0	0	0	0	0	0	0	0	0	0	0	0	0	0	0	0	0	0	0	0	0	0	0	0	0	0	0	0	0	0	0	0	0	0	0	0	0	0	0	0	0	0	0	0	0	0	0	0	0	0	0	0	0	0	0	0	0	0	0	0	0	0	0	0	0	0	0	0	0	0	0	0	0	0	0	0	0	0	0	0	0	0	0	0	0	0	0	0	0	0	0	0	0	0	0	0	0	0	0	0	0	0	1	0	0	0	0	0	58	0	0	0	0	0	0	0	0	0	0	0	0	0	0	0	0	0	5	0	0	0	0	0	0	0	0	0	0	0	0	0	0	0	1	4	0	0	0	0	0	0	0	0	0	0	0	0	0	0	0	0	0	0	0	0	0	0	1	0	0	0	0	0	0	0	0	0	0	0	0	5	0	0	0	0	0	0	0	0	0	0	0	0	0	0	0	0	0	0	0	0	0	0	0	0	0	0	0	0	0	0	0	0	0	0	0	0	0	0	0	0	0	0	0	0	0	0	0	0	0	0	0	0	0	0	0	0	0	0	0	0	0	0	0	0	0	0	0	0	0	0	0	0	0	0	0	0	0	0	0	0	0	0	0	0	0	0	0	0	0	0	0	0	0	0	0	0	0	0	0	0	0	0	0	0	0	0	0	0	0	0	0	0	0	0	0	0	0	0	0	0	0	0	0	0	0	0	0	0	0	0	0	0	0	0	0	0	0	0	0	0	0	0	0	0	0	0	0	0	0	0	0	0	0	0	0	0	0	0	0	0	0	0	0	0	0	0	0	0	0	0	0	0	0	0	0	0	0	0	0	0	0	0	0	0	0	0	0	0	0	12	0	0	0	0	0	0	0	0	0	0	0	0	0	0	0	0	0	0	0	0	0	0	0	0	0	103	0	0	0	0	0	0	0	0	0	0	0	0	0	0	0	0	0	0	0	0	0	0	0	0	0	0	0	0	0	0	0	0	0	0	0	0	0	0	0	0	0	0	46	0	0	0	0	0	0	0	0	0	0	0	0	0	0	0	0	0	0	0	0	0	0	0	0	0	0	0	0	0	0	0	0	0	223	0	0	0	0	0	0	0	0	0	0	0	0	0	0	1	0	0	0	0	0	0	0	0	0	0	0	0	0	0	0	0	0	0	0	0	0	0	0	0	0	0	0	0	0	0	0	0	0	0	0	0	0	0	19	79	0	0	0	0	0	0	0	0	0	0	0	0	0	56	0	0	0	37	0	0	0	0	0	0	0	0	0	0	0	0	0	0	98	0	0	0	0	0	0	1	0	0	0	0	0	110	0	0	0	159	0	0	0	0	0	0	0	52	19	0	0	98	44	0	0	0	0	0	0	0	0	0	0	0	33	0	0	0	0	0	0	0	0	0	0	0	0	0	0	99	0	0	0	0	0	0	0	0	0	119	0	0	0	0	0	185	0	0	0	0	0	0	0	13	0	0	0	67	0	0	89	16	74	0	0	0	0	0	0	0	0	0	0	0	0	0	0	0	0	0	62	0	0	78	97	0	65	0	65	0	0	0	109	0	0	18	0	0	142	0	0	87	0	0	0	0	0	0	0	0	36	59	0	0	8	0	0	47	115	0	89	0	115	5	0	262	0	0	0	63	0	135	0	0	0	323	0	0	42	108	42	0	0	19	8	33	0	0	42	174	198	25	112	0	141	15	122	112	0	0	50	0	14	155	0	0	0	0	70	25	169	110	0	54	43	224	129	0	20	0	105	55	259	118	0	143	208	0	39	55	89	0	0	67	53	0	0	72	0	146	13	265	98	0	23	33	196	39	68	62	60	0	71	10	142	109	0	102	127	42	0	24	0	99	167	0	88	52	78	0	208	198	15	0	0	0	0	93	89	97	0	123	59	255	44	94	0	121	0	0	220	16	0	60	96	64	168	34	83	54	0	18	109	116	0	0	122	0	0	0	0	0	41	113	45	201	103	0
118	0	0	0	0	0	0	0	0	0	0	0	0	0	0	0	0	0	0	0	0	0	0	0	0	0	0	0	0	0	0	0	0	0	0	0	0	0	0	0	0	0	0	0	0	0	0	0	0	0	0	0	0	0	0	0	0	0	0	0	0	0	0	0	0	0	0	0	0	0	0	0	0	0	0	0	0	0	0	0	0	0	0	0	0	0	0	0	0	0	0	0	0	0	0	0	0	0	0	0	0	0	0	0	0	0	0	0	0	0	0	0	0	0	0	0	0	0	0	0	0	0	0	0	0	0	0	0	0	0	0	0	1	0	0	0	0	0	0	0	0	0	0	0	0	0	0	0	0	0	0	0	0	0	0	0	0	0	0	0	0	0	0	0	0	0	0	0	0	0	0	0	0	0	0	0	0	0	0	0	0	0	0	0	0	0	0	0	0	0	0	0	0	0	0	0	0	0	0	0	0	0	0	0	0	0	0	0	0	0	0	0	0	0	0	0	0	0	0	0	0	0	0	0	0	3	0	0	0	0	0	0	0	0	0	0	0	0	0	0	0	0	0	0	0	0	0	0	0	0	0	0	0	0	0	0	0	0	0	0	0	0	0	0	0	0	0	0	0	0	0	0	0	0	0	0	0	0	0	0	0	0	0	0	0	0	0	0	0	0	0	0	0	0	0	0	0	0	0	0	0	0	0	0	0	0	0	0	0	0	0	0	0	0	0	0	0	0	0	0	0	14	0	0	0	0	0	0	0	0	0	0	0	0	0	0	0	0	0	0	0	0	0	0	0	0	0	0	0	0	0	0	0	0	0	0	0	0	34	0	0	0	0	0	0	0	0	0	0	0	0	0	0	0	0	0	0	0	0	0	0	0	0	0	0	0	0	0	0	19	0	0	0	0	0	0	0	0	0	0	0	0	0	0	0	0	0	0	0	0	0	0	0	0	0	0	0	0	0	0	0	0	0	0	0	0	0	0	0	0	0	0	0	0	0	0	0	0	0	0	0	0	0	0	0	0	0	0	0	0	0	0	0	0	0	0	0	0	0	0	0	0	0	0	0	0	0	0	0	0	0	0	0	0	0	0	0	0	0	0	0	0	0	0	0	0	0	0	0	0	0	0	0	0	0	0	0	0	0	0	0	0	0	0	0	0	0	0	0	0	0	0	0	0	0	0	0	0	0	0	0	0	0	0	0	0	0	0	0	0	0	0	0	0	0	0	0	0	0	0	0	0	0	0	0	0	0	0	0	0	0	0	0	0	0	0	0	0	0	0	0	0	0	0	0	0	0	0	0	0	0	0	0	0	0	0	0	0	0	0	0	0	0	0	0	0	0	0	0	0	0	0	0	0	0	0	0	0	0	0	0	0	0	0	0	0	0	0	0	0	0	0	0	0	0	0	0	0	0	0	0	0	0	0	0	0	0	0	0	0	93	0	0	0	0	0	0	0	0	0	0	0	0	0	0	0	0	0	0	0	0	0	0	0	0	0	0	0	0	0	0	0	0	0	0	0	0	0	0	0	0	0	0	70	0	0	0	0	0	0	0	0	0	0	0	0	0	0	0	0	0	0	0	0	0	0	0	0	0	0	0	0	0	0	0	0	0	82	0	0	0	0	0	0	0	0	0	0	0	0	0	0	8	0	0	0	0	0	0	0	0	0	0	0	0	0	0	0	0	0	0	0	0	0	0	0	0	0	0	0	0	0	0	0	0	0	0	0	0	0	0	54	0	0	0	0	0	0	0	0	0	0	0	0	0	0	0	0	0	0	86	0	0	0	0	0	0	0	0	0	0	0	0	0	0	87	0	0	0	5	0	0	127	0	0	0	4	0	11	0	0	0	66	0	0	0	0	0	0	0	267	21	0	0	87	74	0	0	0	0	0	0	0	0	0	0	0	65	0	0	0	0	0	0	0	0	0	0	0	0	0	0	107	0	0	0	0	0	0	0	0	0	293	0	0	0	0	0	140	0	0	0	0	0	0	0	20	0	0	0	88	0	0	262	4	63	0	0	1	0	0	0	0	0	0	0	2	0	0	0	0	0	0	27	0	0	101	44	0	26	0	47	0	0	0	90	0	0	85	0	0	163	0	0	172	0	0	28	0	0	0	1	0	65	21	0	0	0	0	0	92	167	0	89	0	90	8	0	62	0	0	0	95	0	32	0	0	0	52	0	0	300	41	39	6	0	62	79	357	0	0	89	30	46	61	57	0	232	23	92	93	0	0	28	0	54	65	0	0	0	0	113	102	87	59	0	51	136	109	56	0	94	0	22	129	93	29	0	47	81	0	63	56	82	0	0	46	9	0	0	63	0	148	107	73	78	0	319	120	53	102	66	96	106	0	4	31	37	49	0	42	224	153	0	192	0	17	234	0	43	64	31	0	96	63	19	0	0	0	0	173	81	24	0	291	50	157	320	140	0	78	46	0	45	0	0	0	74	169	68	36	121	64	77	263	268	283	0	0	41	0	21	0	0	49	149	57	98	21	46	0
119	0	0	0	0	0	0	0	0	0	0	0	0	0	0	0	0	0	0	0	0	0	0	0	0	0	0	0	0	0	0	0	0	0	0	0	0	0	0	0	0	0	0	0	0	0	0	0	0	0	0	0	0	0	0	0	0	0	0	0	0	0	0	0	0	0	0	0	0	0	0	0	0	0	0	0	0	0	0	0	0	0	0	0	0	0	0	0	0	0	0	61	0	0	0	0	0	0	0	0	0	0	0	0	0	0	0	0	0	0	0	0	0	0	0	0	0	0	0	0	0	0	0	0	0	0	0	0	0	0	0	0	0	0	0	0	0	0	0	0	0	0	0	0	0	0	0	0	0	0	0	0	0	0	0	0	0	0	0	0	12	0	0	0	0	0	0	0	0	0	0	0	0	0	0	0	0	0	0	0	0	0	0	0	0	0	0	0	0	0	0	0	0	0	0	0	0	0	0	0	0	0	0	0	0	0	0	0	0	0	0	0	0	0	0	0	0	0	0	0	0	0	0	0	0	0	0	0	0	0	0	0	0	0	0	0	0	0	0	0	0	0	0	0	0	0	0	0	0	0	0	0	0	0	0	0	0	0	0	0	0	0	0	0	0	0	0	0	0	0	0	0	0	0	0	0	0	0	0	0	0	0	0	0	0	0	0	0	0	0	0	0	0	0	0	0	0	0	0	0	0	0	0	0	0	0	0	0	0	0	0	0	0	0	0	0	0	0	0	0	0	0	0	0	0	0	0	0	0	0	0	0	0	0	0	0	0	0	0	0	0	0	0	0	0	0	0	0	0	0	0	0	0	0	0	0	0	0	0	0	0	0	0	0	0	0	0	0	0	0	0	0	0	0	0	0	0	0	0	0	0	0	0	0	0	0	0	0	0	0	0	0	0	0	0	0	0	0	0	0	0	0	0	0	0	0	0	0	0	0	0	0	0	0	0	0	0	0	0	0	0	0	0	0	0	0	0	0	0	0	0	0	0	0	0	0	0	0	0	0	0	0	0	0	0	0	0	0	0	0	0	0	0	0	0	0	0	0	0	0	0	0	0	0	0	0	0	0	0	0	0	0	0	0	0	0	0	0	0	0	0	0	0	0	0	0	0	0	0	0	0	0	0	0	0	0	0	0	0	0	0	0	0	0	0	0	0	0	0	2	0	0	0	0	0	0	0	0	0	0	0	0	0	0	0	0	0	0	0	0	0	0	0	0	0	0	0	0	0	0	0	0	0	0	0	0	0	0	0	0	0	0	0	0	0	0	0	0	0	0	0	0	0	0	0	0	0	0	0	0	0	0	0	0	0	0	0	0	0	0	0	0	0	0	0	0	0	0	0	0	0	0	0	0	0	0	6	0	7	0	0	0	0	0	0	0	0	0	0	0	0	0	0	0	0	0	0	0	0	0	0	0	0	0	0	0	0	0	0	0	0	0	0	0	0	0	0	0	0	0	0	0	0	0	0	0	0	0	0	0	0	0	0	0	0	0	0	1	0	0	0	0	0	0	0	0	0	0	0	0	0	0	0	11	0	0	0	0	0	0	0	0	0	0	0	0	0	0	0	0	0	0	0	0	0	0	0	0	0	0	0	0	0	0	0	0	0	69	0	0	0	0	0	0	0	0	0	0	0	0	0	0	0	0	0	0	0	0	0	63	0	0	0	0	0	0	0	0	0	0	0	0	0	0	0	0	0	0	0	0	0	0	0	0	0	0	0	0	0	0	0	238	0	0	0	0	0	0	0	0	0	0	0	0	0	0	0	0	0	0	36	0	0	0	0	0	0	0	0	0	0	0	0	0	0	167	0	0	0	0	0	0	0	0	0	0	0	0	47	3	0	0	106	0	0	0	0	0	0	0	0	55	0	0	27	42	0	0	0	0	0	0	0	0	0	0	0	67	0	0	13	0	0	0	0	0	0	0	0	0	0	0	99	0	0	0	0	0	0	0	0	0	144	0	0	0	0	0	341	0	0	0	0	0	0	0	2	0	0	0	23	0	0	68	12	90	0	0	0	0	0	0	0	0	0	0	0	0	0	0	0	0	0	94	0	0	34	280	0	0	0	35	0	0	0	123	0	0	119	0	0	145	0	0	89	0	0	45	0	0	0	3	0	59	25	0	0	0	0	0	118	66	0	28	0	282	73	0	58	0	0	0	92	0	111	0	0	0	52	0	0	127	51	121	0	0	206	161	97	5	0	90	161	108	117	20	0	78	45	10	279	0	0	40	0	83	153	0	0	0	0	115	32	148	31	0	132	112	23	170	0	71	0	309	20	47	91	0	87	83	0	22	95	148	0	0	19	54	0	0	35	0	32	190	67	205	0	390	63	144	101	83	155	133	0	29	115	39	111	0	82	9	151	0	26	0	35	118	0	87	60	51	0	228	43	107	0	0	0	0	168	159	120	0	130	76	160	312	32	0	37	1	0	77	0	0	0	12	98	110	196	51	37	46	151	109	18	0	0	120	0	0	0	0	49	60	214	111	101	103	0
120	0	0	0	0	0	0	0	0	0	0	0	0	0	0	0	0	0	0	0	0	0	0	0	0	0	0	0	0	0	0	0	0	0	0	0	0	0	0	0	0	0	0	0	0	0	0	0	0	0	0	0	0	0	0	0	0	0	0	0	0	0	0	0	0	0	0	0	0	0	0	0	0	0	0	0	0	0	0	0	0	0	0	0	0	0	0	0	0	0	0	0	0	0	0	0	0	0	0	0	0	0	0	0	0	0	0	0	0	0	0	0	0	0	0	0	0	0	0	0	0	0	0	0	0	0	0	0	0	0	0	0	0	0	0	0	0	0	0	0	0	0	0	0	0	0	0	0	0	0	0	0	0	0	0	0	0	0	0	0	0	0	0	0	0	10	0	0	0	0	0	0	0	0	0	0	0	0	0	0	0	0	0	0	0	0	0	0	0	0	0	0	0	0	0	0	0	0	0	0	0	0	0	0	0	0	0	0	0	0	0	0	0	0	0	0	0	0	0	0	0	0	0	0	0	0	0	0	0	0	0	0	0	0	0	0	0	0	0	0	0	0	0	0	0	0	0	0	0	0	0	0	0	0	0	0	0	0	0	0	0	0	0	0	0	0	0	0	0	0	0	0	0	0	0	0	0	0	0	0	0	0	0	0	0	0	0	0	0	0	0	0	0	0	0	0	0	0	0	0	0	0	0	0	0	0	0	0	0	0	0	0	0	0	0	0	0	0	0	0	0	0	0	0	0	0	0	0	0	0	0	0	0	0	0	0	0	0	0	0	0	0	0	0	0	0	0	0	0	0	0	0	0	0	0	0	0	0	0	0	0	0	0	0	0	0	0	0	0	0	0	0	0	0	0	0	0	0	0	0	0	0	0	0	0	0	0	0	0	0	0	0	0	0	0	0	0	0	0	0	0	0	0	0	0	0	0	0	0	0	0	0	0	0	36	0	0	0	0	0	0	0	0	0	0	0	0	0	0	0	0	0	0	0	0	0	0	0	0	0	0	0	0	0	0	0	0	0	0	0	0	0	0	0	0	0	0	0	0	0	0	0	0	0	0	0	0	0	0	0	0	0	0	0	0	0	0	0	0	0	0	0	0	0	0	0	0	0	0	0	0	0	0	0	0	0	0	0	0	0	0	0	0	0	0	0	0	0	0	0	0	0	0	0	0	0	0	0	0	0	0	0	0	0	0	0	0	0	0	0	0	0	0	0	0	0	0	0	0	0	0	0	0	0	0	0	0	0	0	0	0	0	0	0	0	0	0	0	0	0	0	0	0	0	0	0	0	0	0	0	0	0	0	0	0	0	0	0	0	0	0	0	0	0	0	0	0	0	0	0	0	0	0	0	0	0	0	0	8	0	0	0	0	0	0	0	0	0	0	0	0	0	0	0	0	0	0	0	0	0	0	0	0	0	0	46	0	0	0	0	167	0	0	10	0	0	0	0	0	0	0	0	0	0	0	0	0	0	0	0	18	0	0	0	0	0	0	0	0	0	0	0	0	0	0	0	0	0	0	0	0	0	0	0	0	0	0	0	0	0	0	0	0	0	0	0	0	0	0	0	0	0	0	0	0	0	0	0	0	1	0	0	0	0	0	0	0	106	0	0	0	0	0	0	0	0	0	0	0	0	0	0	24	0	0	0	0	0	0	0	0	0	2	0	0	0	0	0	0	0	0	0	0	0	0	0	0	0	0	0	0	0	0	0	0	0	0	0	0	0	0	137	0	0	0	0	0	0	0	0	0	0	0	0	141	0	0	5	0	0	40	0	0	0	0	0	0	0	0	0	0	0	0	0	0	25	0	0	0	0	0	0	1	0	0	0	0	0	12	0	0	0	135	0	0	0	0	0	0	0	93	81	0	0	68	0	0	0	0	0	0	0	0	0	0	0	0	50	0	0	0	0	0	0	0	0	0	0	0	0	0	0	77	0	0	0	0	0	0	0	0	0	94	0	0	0	0	0	327	0	0	0	0	0	0	0	3	0	0	0	132	0	0	42	24	85	0	0	0	41	0	0	0	0	0	0	0	0	0	0	0	0	0	30	0	0	251	53	0	12	0	27	0	0	0	75	0	0	80	0	0	220	0	0	184	0	0	57	0	0	0	0	0	56	28	0	0	0	0	0	287	79	0	54	0	56	0	0	251	0	0	0	198	0	23	0	0	0	239	0	0	199	61	103	7	0	250	128	89	0	0	24	198	78	6	44	0	52	127	11	169	0	0	29	0	41	51	0	0	0	0	98	201	100	92	0	55	220	48	134	0	51	0	76	256	23	12	0	92	138	0	178	108	62	0	0	19	122	0	0	75	0	100	31	131	102	0	243	46	199	31	108	25	86	0	124	33	47	56	0	29	123	59	0	123	0	154	96	0	151	48	138	0	250	62	70	0	0	0	0	118	21	103	0	59	47	25	120	202	0	161	0	0	109	0	0	0	45	33	137	27	22	100	0	96	83	72	0	0	143	0	26	0	0	21	73	241	175	89	132	0
121	0	0	0	0	0	0	0	0	0	0	0	0	0	0	0	0	0	0	0	0	0	0	0	0	0	0	0	0	0	0	0	0	0	0	0	0	0	0	0	0	0	0	0	0	0	0	0	0	0	0	0	0	0	0	0	0	0	0	0	0	0	0	0	0	0	0	0	0	0	0	0	0	0	0	0	0	0	0	0	0	0	0	0	0	0	0	0	0	0	0	0	0	0	0	0	0	0	0	0	0	0	0	0	0	0	0	0	0	0	0	0	0	0	0	0	0	0	0	0	0	0	0	0	0	0	0	0	0	0	0	0	0	0	0	0	0	0	0	0	0	0	0	0	0	0	0	0	0	0	0	0	0	0	0	0	0	0	0	0	0	0	0	0	0	0	0	0	0	0	0	0	0	0	0	0	0	0	0	0	0	0	0	0	0	0	0	0	0	0	0	0	0	0	0	0	0	0	0	0	0	0	0	0	0	0	0	0	0	0	0	0	0	0	0	0	0	0	0	0	0	0	0	0	0	0	0	0	0	0	0	0	0	0	0	0	0	0	0	0	0	0	0	0	0	0	0	0	0	0	0	0	0	0	0	0	0	0	0	0	0	0	0	0	0	0	0	0	0	0	0	0	0	0	0	0	0	0	0	0	0	0	0	0	0	0	0	0	0	0	0	0	0	0	0	0	0	0	0	0	0	0	0	0	0	0	0	0	0	0	0	0	0	0	0	0	0	0	0	0	0	0	0	0	0	0	0	0	0	0	0	0	0	0	0	0	0	0	0	0	0	0	0	0	0	0	0	0	0	0	0	0	0	0	0	0	0	0	0	0	0	0	0	0	0	0	0	0	0	0	0	0	0	0	0	0	0	0	0	0	0	0	0	0	0	0	0	0	0	0	0	0	0	0	0	0	0	0	0	0	0	0	0	0	0	0	0	0	0	0	0	0	0	0	0	0	0	0	0	0	0	0	0	0	0	0	0	0	0	0	0	0	0	0	0	0	0	0	0	0	0	0	0	0	0	0	0	0	0	0	0	0	0	0	0	0	0	0	0	0	0	0	0	0	0	0	0	0	0	0	0	0	0	0	0	0	0	0	0	0	0	0	0	0	0	0	0	0	0	0	0	0	0	0	0	0	0	0	0	0	0	0	0	0	0	0	0	0	0	0	0	0	0	0	0	0	0	0	0	0	0	0	0	0	0	0	0	0	0	0	0	0	0	0	0	0	0	0	0	0	0	0	0	0	0	0	0	0	0	0	0	0	0	0	0	0	0	0	0	0	0	0	0	0	0	0	0	0	0	0	0	0	0	0	0	0	0	0	0	0	0	0	0	0	0	0	0	0	0	0	0	0	0	0	0	0	0	7	0	0	0	0	0	0	0	0	0	0	0	0	0	0	0	0	0	0	0	0	0	0	0	0	0	0	0	0	0	0	0	0	40	0	0	0	0	0	0	0	0	0	0	0	0	0	0	0	0	0	0	0	0	0	0	0	0	0	0	0	0	0	0	0	0	0	0	0	0	0	0	0	0	0	0	0	0	0	0	0	0	0	0	0	0	0	0	0	0	0	0	0	0	0	0	0	0	0	0	0	0	0	0	0	0	0	0	0	0	170	0	0	0	0	0	0	0	0	0	0	43	0	0	0	30	0	0	0	0	0	0	0	0	0	0	0	0	0	0	0	0	0	0	0	0	0	0	0	0	0	0	0	0	0	0	0	0	0	0	0	0	0	0	81	5	0	0	0	0	0	0	0	0	0	17	0	0	0	0	0	0	0	5	0	0	0	0	0	0	0	0	0	0	0	0	0	0	120	0	0	0	0	0	0	250	0	0	0	0	0	5	2	0	2	93	0	0	10	0	0	0	0	63	152	0	0	28	14	0	0	0	0	0	0	0	0	0	0	0	12	0	0	0	0	0	0	0	0	0	0	0	0	3	0	25	0	0	0	0	0	0	0	0	1	20	0	0	0	0	0	95	0	0	0	0	0	0	0	0	0	0	0	137	0	0	181	0	103	0	0	0	0	0	0	0	0	0	0	0	0	0	0	0	0	0	99	0	0	91	118	0	6	0	36	0	0	0	67	0	0	53	0	0	25	0	0	115	0	0	15	0	0	0	0	0	137	16	0	0	0	0	0	63	74	0	101	0	98	111	0	268	0	0	0	170	0	38	0	0	0	201	0	0	55	31	98	0	0	203	7	213	0	0	168	68	63	41	61	0	85	202	74	99	0	0	33	0	212	108	0	0	0	0	137	32	94	19	0	121	75	78	54	0	248	0	65	138	52	56	0	17	34	0	73	52	85	0	0	56	22	0	0	102	0	17	70	70	103	0	64	127	25	249	37	28	26	0	49	53	281	387	0	51	56	126	0	95	0	104	91	0	228	80	29	0	42	172	78	0	0	0	0	115	61	55	0	205	164	182	31	34	0	143	0	0	177	0	0	0	111	237	57	133	10	158	25	179	168	90	0	0	45	0	44	0	0	143	118	7	42	104	320	0
122	0	0	0	0	0	0	0	0	0	0	0	0	0	0	0	0	0	0	0	0	0	0	0	0	0	0	0	0	0	0	0	0	0	0	0	0	0	0	0	0	0	0	0	0	0	0	0	0	0	0	0	0	0	0	0	0	0	0	0	0	0	0	0	0	0	0	0	0	0	0	0	0	0	0	0	0	0	0	0	0	0	0	0	0	0	0	0	0	0	0	0	0	0	0	0	0	0	0	0	0	0	0	0	32	0	0	0	0	0	0	0	0	38	0	0	0	0	0	0	0	0	0	0	0	0	0	0	0	0	0	0	0	0	0	0	0	0	0	0	0	0	0	0	0	0	0	0	0	0	0	0	0	0	0	0	0	0	0	0	0	0	0	0	0	0	0	0	0	0	0	0	0	0	0	0	0	0	0	0	0	0	0	0	0	0	0	0	0	0	0	0	0	0	0	0	0	0	0	0	0	0	0	0	0	0	0	0	0	0	0	0	0	0	0	0	0	0	0	0	0	0	0	0	20	0	0	0	0	0	0	0	0	0	0	0	0	0	0	0	0	0	0	0	0	0	0	0	0	0	0	0	0	0	0	0	0	0	0	0	0	0	0	0	0	0	0	0	0	0	0	0	0	0	0	0	0	0	0	0	0	0	0	0	0	0	0	0	0	0	0	0	0	0	0	0	0	0	0	0	0	0	14	0	0	0	0	0	0	0	0	0	0	0	0	0	0	0	0	0	0	0	0	0	0	0	0	0	0	0	0	0	0	0	0	0	0	0	0	0	0	0	0	0	0	0	0	0	0	0	0	0	0	0	0	0	0	0	0	0	0	0	0	0	0	0	0	0	0	0	0	0	0	0	0	0	0	0	0	0	0	0	0	0	0	0	0	0	0	0	0	0	0	0	0	0	0	0	0	0	0	0	0	0	0	0	0	0	0	0	0	0	0	0	0	0	0	0	0	0	0	0	0	0	0	0	0	0	0	0	0	0	0	0	0	0	0	0	0	0	0	0	0	0	0	0	0	0	0	0	0	0	0	0	0	0	0	0	0	0	0	0	0	0	0	0	0	0	0	0	0	0	0	0	0	0	0	0	0	0	0	0	0	0	0	0	0	0	0	0	0	0	0	0	0	0	0	0	0	0	0	0	0	0	0	0	0	0	0	0	0	0	0	0	0	0	0	0	0	0	0	0	0	0	0	0	0	0	0	0	0	0	0	0	0	0	0	0	0	0	0	0	1	0	0	0	0	0	0	0	0	0	0	0	0	0	0	0	0	0	0	0	0	0	0	0	0	0	0	0	0	0	0	0	0	0	0	0	0	0	0	0	0	0	0	0	0	0	0	0	0	0	0	0	0	0	0	0	8	0	0	0	0	0	0	0	0	0	0	0	0	0	0	0	0	0	0	0	0	0	0	0	0	0	0	15	0	0	0	0	119	0	0	0	0	0	0	0	0	0	0	0	0	0	0	0	0	0	0	0	0	0	0	0	0	0	0	0	0	0	0	0	0	0	0	0	0	0	0	0	0	0	0	18	0	0	0	0	0	0	0	0	0	0	0	0	0	0	0	0	0	0	0	0	0	0	0	0	0	0	0	0	0	0	0	0	0	54	0	0	0	0	0	0	0	0	0	0	0	0	0	0	0	0	0	0	0	0	0	0	0	0	0	0	0	0	0	0	0	0	0	0	0	0	0	0	0	0	0	0	0	0	0	0	0	0	0	0	0	0	0	69	0	0	0	0	0	0	0	0	0	0	0	0	0	0	34	0	0	0	105	0	0	0	0	0	0	0	0	0	0	0	0	0	0	21	0	0	0	0	0	0	67	0	0	0	0	0	50	10	0	0	64	0	0	39	0	0	0	0	38	25	0	0	27	5	0	0	0	0	0	0	0	0	0	0	0	18	0	0	29	0	0	0	0	0	0	0	0	0	0	0	298	0	0	0	0	0	0	2	0	0	41	0	0	0	0	0	74	0	0	0	0	0	0	0	13	0	0	0	18	0	0	124	0	68	0	0	0	0	0	0	0	0	0	0	0	0	0	0	0	0	0	86	0	0	136	106	0	1	0	115	0	0	0	135	0	0	61	0	0	6	0	0	113	1	0	0	0	0	0	0	0	26	63	0	0	0	0	0	92	172	0	294	0	109	0	0	34	0	0	0	23	0	47	0	0	0	482	0	0	30	124	64	0	0	106	20	52	0	0	85	98	116	114	194	0	151	105	87	150	0	0	44	0	3	57	0	0	0	0	114	246	198	9	0	14	123	93	110	0	101	0	56	121	139	5	0	51	113	0	65	127	49	0	0	73	139	0	0	112	0	81	153	37	79	0	91	59	233	8	136	340	53	0	60	102	46	67	0	49	60	185	0	101	0	65	49	0	89	196	165	0	147	279	22	0	0	0	3	35	191	243	0	34	266	94	52	57	0	43	0	0	161	16	0	0	56	70	46	46	64	36	62	25	66	42	0	0	78	0	51	0	0	8	93	41	227	4	53	0
123	0	0	0	0	0	0	0	0	0	0	0	0	0	0	0	0	0	0	0	0	0	0	0	0	0	0	0	0	0	0	0	0	0	0	0	0	0	0	0	0	0	0	0	0	0	0	0	0	0	0	0	0	0	0	0	0	0	0	0	0	0	0	0	0	0	0	0	0	0	0	0	0	0	0	0	0	0	0	0	0	0	0	0	0	0	0	0	0	0	0	0	0	0	0	0	0	0	0	0	0	0	0	0	0	0	0	0	0	0	0	0	0	0	0	0	0	0	0	0	0	0	0	0	0	0	0	0	0	0	0	0	0	0	0	0	0	0	0	0	0	0	0	0	0	0	0	0	0	0	0	0	0	0	0	0	0	0	0	0	0	0	0	0	0	0	0	0	0	0	0	0	0	0	0	0	0	0	0	0	0	0	0	0	0	0	0	0	0	0	0	0	0	0	0	0	0	0	0	0	0	0	0	0	0	0	0	0	0	0	0	0	0	0	0	0	0	0	0	0	0	0	0	0	0	0	0	0	0	0	0	0	0	0	0	0	0	0	0	0	0	0	0	0	0	0	0	0	0	0	0	0	0	0	0	0	0	0	0	0	0	0	0	0	0	0	0	0	0	0	0	0	0	0	0	0	0	0	0	0	0	0	0	0	0	0	0	0	0	0	0	0	0	0	0	0	0	0	0	0	0	0	0	0	0	0	0	0	0	0	0	0	0	0	0	0	0	0	0	0	0	0	0	0	0	0	0	0	0	0	0	0	0	0	0	0	0	0	0	0	0	0	0	0	0	0	0	0	0	0	0	0	0	0	0	0	0	0	0	0	0	0	0	0	0	0	0	0	0	0	0	0	0	0	0	0	0	0	0	0	0	0	0	0	0	0	0	0	0	0	0	0	0	0	0	0	0	0	0	0	0	0	0	0	0	0	0	0	0	0	0	0	0	0	0	0	0	0	0	0	0	0	0	0	0	0	0	0	0	0	0	0	0	0	0	0	0	0	0	0	0	0	0	0	0	0	0	0	0	0	0	0	0	0	3	0	0	0	0	0	0	0	0	0	0	0	0	0	0	0	0	0	0	0	0	0	0	0	0	0	0	0	0	0	0	0	0	0	0	0	6	0	0	0	0	0	0	0	0	0	0	0	0	0	0	0	0	0	0	0	0	0	0	0	0	0	0	0	0	0	0	0	0	0	0	0	0	0	0	0	0	0	0	0	0	0	0	0	0	0	0	0	0	0	0	0	0	0	0	0	0	0	0	0	0	0	0	0	0	0	0	0	0	0	0	0	0	0	0	0	0	0	0	0	0	0	0	0	0	0	0	0	0	0	0	0	0	0	0	0	0	0	0	0	0	0	0	0	0	0	0	0	0	0	0	0	0	0	0	0	0	0	0	0	0	0	0	0	0	0	0	0	0	0	0	2	0	0	0	0	214	0	0	0	0	0	0	0	0	0	0	0	0	0	0	0	0	0	0	0	0	0	0	0	0	0	0	0	0	0	0	0	0	0	0	0	0	0	0	0	0	0	0	0	0	0	0	0	0	0	0	0	0	0	0	0	0	0	0	0	0	0	0	0	0	0	0	0	0	0	0	0	0	0	0	0	0	75	0	0	0	0	0	0	0	0	0	0	0	0	0	0	11	0	0	0	0	0	0	0	0	0	0	0	0	0	0	0	0	0	0	0	0	0	0	0	0	0	0	0	0	0	0	0	0	0	0	0	0	0	0	36	49	0	0	0	0	0	0	0	0	0	0	0	0	0	0	0	0	0	254	0	0	0	0	0	0	0	0	0	0	0	0	0	0	58	17	0	0	0	0	0	0	0	0	0	0	0	23	0	0	0	39	0	0	12	0	1	0	0	3	88	0	0	107	63	0	0	0	0	0	0	0	0	0	0	0	5	0	0	0	0	0	0	0	0	0	0	0	0	0	0	82	0	0	0	0	0	0	0	0	0	89	0	0	0	0	0	200	0	0	0	0	0	0	0	0	0	0	0	34	0	0	44	0	275	0	0	0	0	0	0	0	0	0	0	0	0	0	0	0	0	0	109	0	0	52	97	0	0	0	239	0	0	0	114	0	0	89	0	0	28	0	0	90	0	0	0	0	0	0	0	0	24	51	0	0	0	0	0	18	82	1	71	0	130	102	0	28	0	0	0	9	0	115	0	0	0	56	0	0	74	81	207	0	0	89	9	60	0	0	214	64	67	29	221	0	164	17	34	36	0	0	137	0	63	135	20	0	0	0	266	20	170	49	0	245	98	45	97	0	47	0	87	176	123	142	0	91	73	0	102	34	79	0	0	103	164	0	3	139	0	36	240	150	87	0	25	34	48	70	69	233	202	0	104	51	109	147	0	41	117	69	0	16	0	364	150	15	118	167	18	0	80	32	83	0	0	0	0	235	65	65	0	147	21	9	44	15	0	103	116	0	27	42	0	0	212	70	367	23	82	187	0	91	28	84	0	0	50	0	12	0	0	49	6	165	144	274	268	0
124	0	0	0	0	0	0	0	0	0	0	0	0	0	0	0	0	0	0	0	0	0	0	0	0	0	0	0	0	0	0	0	0	0	0	0	0	0	0	0	0	0	0	0	0	0	0	0	0	0	0	0	0	0	0	0	0	0	0	0	0	0	0	0	0	0	0	0	0	0	0	0	0	0	0	0	0	0	0	0	0	0	0	0	0	0	0	0	0	0	0	0	0	0	0	0	0	0	0	0	0	0	0	0	0	0	0	0	0	0	0	0	0	0	0	0	0	0	0	0	0	0	0	0	0	0	0	0	0	0	0	0	0	0	0	0	0	0	0	0	0	0	0	0	0	0	0	0	0	0	0	0	0	0	0	0	0	0	0	0	0	0	0	0	0	0	0	0	0	0	0	0	0	0	0	0	0	0	0	0	0	0	0	0	0	0	0	0	0	0	0	0	0	0	0	0	0	0	0	0	0	0	0	0	0	0	0	0	0	0	0	0	0	0	0	0	0	0	0	0	0	0	0	0	0	0	0	0	0	0	0	0	0	0	0	0	0	0	0	0	0	0	0	0	0	0	0	0	0	0	0	0	0	0	0	0	0	0	0	0	0	0	0	0	0	0	0	0	0	0	0	0	0	0	0	2	0	0	0	0	0	0	0	0	0	1	0	0	0	0	0	0	0	0	0	0	0	0	0	0	0	0	0	0	0	0	0	0	0	0	0	0	0	0	0	0	0	0	0	0	0	0	0	0	0	0	0	0	0	0	0	0	0	0	0	0	0	0	0	0	0	0	0	0	0	0	0	0	0	0	0	0	0	22	0	0	0	0	0	0	0	0	0	0	0	0	0	0	0	0	0	0	0	0	0	0	0	0	0	0	0	0	0	0	0	0	0	0	0	0	0	0	0	0	0	0	0	0	0	0	0	0	0	0	0	0	0	0	0	0	0	0	0	0	0	0	0	0	0	0	0	0	0	0	0	0	0	0	0	0	0	0	0	0	0	0	0	0	0	0	0	0	0	0	0	0	0	0	0	0	0	0	0	0	0	0	0	0	0	0	0	0	0	0	0	0	0	0	0	0	0	0	0	0	0	0	0	0	0	0	0	0	0	0	0	0	0	0	0	0	0	0	0	0	0	0	0	0	0	0	0	0	0	0	0	0	0	0	0	0	0	0	0	0	0	0	0	0	0	0	0	0	0	0	0	0	0	0	0	0	0	0	0	0	0	0	0	0	0	0	0	0	0	0	0	0	0	0	0	0	0	0	0	0	0	0	0	0	0	0	0	0	0	0	0	0	0	0	0	0	0	0	0	0	0	0	0	0	0	0	0	0	0	0	0	0	0	0	0	0	0	0	0	0	0	0	0	0	29	0	0	0	0	0	0	0	4	0	0	0	0	0	0	0	0	0	0	0	0	0	0	0	0	0	0	29	0	0	0	0	33	0	0	0	0	0	0	0	0	0	0	0	0	0	0	0	0	0	0	0	0	0	0	0	0	0	0	0	0	0	0	0	0	0	0	0	0	0	0	0	0	0	0	0	0	0	0	0	0	0	0	0	0	0	0	0	0	0	0	0	0	0	0	0	0	0	0	0	0	0	0	0	0	0	0	0	0	82	0	0	0	0	0	0	0	0	0	0	0	0	0	0	75	0	0	0	0	0	0	0	0	0	0	0	0	0	0	0	0	0	0	0	0	0	0	0	0	0	0	0	0	0	0	0	0	0	0	0	0	0	0	109	23	0	0	0	0	0	0	0	0	0	0	0	0	27	0	0	0	0	334	0	0	0	0	0	0	0	0	0	0	0	0	0	0	149	0	0	0	0	0	0	0	0	0	0	0	0	0	125	0	0	37	0	0	0	0	0	0	0	94	83	0	0	97	0	0	0	0	0	0	0	0	0	0	0	0	0	0	0	0	0	0	0	0	0	0	0	0	0	0	0	65	0	0	0	35	0	0	0	0	0	119	0	0	0	0	0	83	0	0	0	0	0	0	0	0	0	0	0	69	0	0	105	0	210	0	0	0	0	0	0	0	0	0	0	0	0	0	0	0	0	0	106	0	0	92	57	0	0	0	72	0	0	0	89	0	0	138	0	0	6	0	0	96	0	0	66	0	0	0	0	0	70	117	0	0	2	0	0	122	28	0	79	0	59	0	0	12	0	0	0	39	0	176	0	0	0	63	0	0	110	132	111	0	0	283	106	32	0	0	246	116	95	137	88	0	48	26	52	101	0	0	187	0	76	131	0	0	0	0	234	28	15	100	0	177	80	35	125	0	170	0	59	130	89	47	0	272	24	0	155	65	139	0	0	107	65	0	0	30	0	313	112	122	54	0	199	120	74	53	49	194	52	0	61	243	228	51	0	29	144	59	0	152	0	199	97	0	111	142	9	0	94	145	88	0	0	0	0	57	150	105	0	137	177	316	237	100	0	255	0	0	134	0	0	0	161	129	91	30	116	351	0	80	65	173	0	0	79	0	9	0	0	49	59	42	43	95	27	0
125	0	0	0	0	0	0	0	0	0	0	0	0	0	0	0	0	0	0	0	0	0	0	0	0	0	0	0	0	0	0	0	0	0	0	0	0	0	0	0	0	0	0	0	0	0	0	0	0	0	0	0	0	0	0	0	0	0	0	0	0	0	0	0	0	0	0	0	0	0	0	0	0	0	0	0	0	0	0	0	0	0	0	0	0	0	0	0	0	0	0	0	0	0	0	0	0	0	0	0	0	0	0	0	0	0	0	0	0	0	0	0	0	0	0	0	0	0	0	0	0	0	0	0	0	0	0	0	0	0	0	0	0	0	0	0	0	0	0	0	0	0	0	0	0	0	0	0	0	0	0	0	0	0	0	0	0	0	0	0	0	0	0	0	0	0	0	0	0	0	0	0	0	0	0	0	0	0	0	0	0	0	0	0	0	0	0	0	0	0	0	0	0	0	0	0	0	0	0	0	0	0	0	0	0	0	0	0	0	0	0	0	0	0	0	0	0	0	0	0	0	0	0	0	0	0	0	0	0	0	0	0	0	0	0	0	0	0	0	0	0	0	0	0	0	0	0	0	0	0	0	0	0	0	0	0	0	0	0	0	0	0	0	0	0	0	0	0	0	0	0	0	0	0	0	0	0	0	0	0	0	0	0	0	0	0	0	0	0	0	0	0	0	0	0	0	0	0	0	0	0	0	0	0	0	0	0	0	0	0	0	0	0	0	0	0	0	0	0	0	0	0	0	0	0	0	0	0	0	0	0	0	0	0	0	0	0	0	0	0	0	0	0	0	0	0	0	0	0	0	0	0	0	0	0	0	0	0	0	0	0	0	0	0	0	0	0	0	0	0	0	0	0	0	0	0	0	0	0	0	0	0	0	0	0	0	0	0	0	0	0	0	0	0	0	0	0	0	0	0	0	0	0	0	0	0	0	0	0	0	0	0	0	0	0	0	0	0	0	0	0	0	0	0	0	0	0	0	0	0	0	0	0	0	0	0	0	0	0	0	0	0	0	0	0	0	0	0	0	1	0	0	0	0	1	0	0	0	0	0	0	0	0	0	0	0	0	0	0	0	0	0	0	0	0	0	0	0	0	0	0	0	0	0	0	0	0	0	0	0	0	0	0	0	0	0	0	0	0	0	0	0	0	0	0	0	0	0	0	0	0	0	0	0	0	0	0	0	0	0	0	0	0	0	0	0	0	0	0	0	0	0	0	0	34	0	0	0	0	0	0	0	0	0	0	0	0	0	0	0	0	0	0	0	0	0	0	0	0	0	0	0	0	0	0	0	0	0	0	0	0	0	0	0	0	0	0	0	0	0	0	0	0	0	0	0	0	0	0	0	0	0	0	0	0	0	0	0	0	0	0	0	0	0	0	0	0	0	0	0	0	0	0	0	0	0	0	0	0	0	0	0	0	0	0	0	0	0	0	0	91	0	0	0	0	0	0	0	0	0	0	0	0	0	0	0	0	0	0	0	0	0	0	0	0	0	0	0	0	0	0	0	39	0	0	0	0	0	0	0	0	0	0	0	0	0	0	0	0	0	0	0	0	0	0	0	0	0	0	0	0	0	0	0	0	0	0	0	0	0	0	0	0	0	1	0	18	119	0	0	0	0	0	0	0	0	0	0	0	0	0	0	0	0	0	0	0	0	0	0	0	0	0	0	0	0	0	0	0	0	0	0	0	0	0	0	0	0	0	0	0	0	0	0	0	0	0	0	0	0	0	46	0	0	0	0	0	0	0	0	0	0	0	0	0	0	15	0	0	0	373	0	0	0	0	0	0	0	0	0	0	0	0	0	0	110	0	0	0	0	0	0	114	0	0	0	0	0	0	19	0	0	118	0	0	90	0	0	0	0	38	98	0	0	50	0	0	0	0	0	0	0	0	0	0	0	0	7	0	0	0	0	0	0	0	0	0	0	0	0	0	0	126	2	0	0	0	0	0	0	0	21	149	0	0	0	0	0	202	0	0	0	0	0	0	0	7	0	0	0	60	0	0	40	0	93	0	0	0	0	0	0	0	0	0	0	0	0	0	0	0	0	0	3	0	0	40	32	0	0	0	169	0	0	0	434	0	0	44	0	0	51	0	0	135	0	0	6	0	0	0	0	0	25	13	0	0	0	0	0	115	9	0	89	0	74	20	0	59	0	0	0	40	0	52	0	0	0	95	0	0	26	268	84	0	7	185	27	136	0	0	20	57	88	112	188	0	115	45	0	258	0	16	51	0	273	4	6	0	0	0	98	162	2	141	0	126	71	116	132	0	40	0	77	14	125	64	0	26	141	0	50	293	252	0	0	25	12	0	0	166	0	29	31	66	77	0	139	250	25	41	69	164	153	0	102	89	107	105	0	272	148	164	0	48	0	86	68	0	39	161	51	0	79	86	111	0	0	0	0	95	41	47	0	240	140	211	65	48	0	153	5	0	61	0	0	0	45	13	125	107	92	105	0	120	56	105	0	0	94	0	0	0	0	2	42	25	47	58	69	0
126	0	0	0	0	0	0	0	0	0	0	0	0	0	0	53	0	0	0	0	0	0	0	0	0	0	0	0	0	0	0	0	0	0	0	0	0	0	0	0	0	0	0	0	0	0	0	0	0	0	0	0	0	0	0	0	0	0	0	0	0	0	0	0	0	0	0	0	0	0	0	0	0	0	0	0	0	0	0	0	0	0	0	3	0	0	0	0	0	0	0	0	0	0	0	0	0	0	0	0	0	0	0	0	0	0	0	0	0	0	0	0	0	0	0	0	0	0	0	0	0	0	0	0	0	0	0	0	0	0	0	0	0	0	0	0	0	0	0	0	0	0	0	0	0	0	0	0	0	0	0	0	0	0	0	0	0	0	0	0	0	0	0	0	0	0	0	0	0	0	0	0	0	0	0	0	0	0	0	0	0	0	0	0	0	0	0	0	0	0	0	0	0	0	0	0	0	1	0	0	0	0	0	0	0	0	0	0	0	0	0	0	0	0	0	0	0	0	0	0	0	0	0	0	0	0	0	0	0	0	0	0	0	0	0	0	0	0	0	0	0	0	0	0	0	0	0	0	0	0	0	0	0	0	0	0	0	0	0	0	0	0	0	0	0	0	0	0	0	0	0	0	7	0	0	0	0	0	0	0	0	0	0	0	0	0	0	0	0	0	0	0	0	32	0	0	0	0	0	0	0	0	0	0	0	0	0	0	0	0	0	0	0	0	0	0	0	0	0	0	0	0	0	0	0	0	0	0	0	0	0	0	0	0	0	0	0	0	0	0	0	0	0	0	0	0	0	0	0	0	0	0	0	0	0	1	0	0	0	0	0	0	0	0	0	0	0	0	0	0	0	0	0	0	0	0	0	0	0	0	0	0	0	0	0	0	0	89	0	0	0	0	0	0	0	0	0	0	0	0	0	0	0	0	0	0	0	0	0	0	0	0	0	0	0	0	0	0	0	0	0	0	0	0	0	0	0	0	0	0	0	0	0	0	0	0	0	0	0	0	0	0	0	0	0	0	0	0	0	0	0	0	0	0	0	0	0	0	0	0	0	0	0	0	0	0	0	0	0	0	0	0	0	0	0	0	0	0	0	0	0	0	0	0	0	0	0	0	0	0	0	0	0	0	0	0	0	0	0	0	0	0	0	0	0	0	0	0	0	0	0	0	0	0	0	0	0	0	0	0	0	0	0	0	0	0	0	0	0	0	0	0	0	0	0	0	0	0	0	0	0	0	0	0	0	0	0	0	0	0	0	0	0	0	0	0	0	0	0	0	0	0	0	0	4	0	0	0	0	0	0	0	0	0	0	0	0	0	0	0	0	0	0	0	0	0	0	0	0	0	0	0	0	0	0	0	0	0	0	0	0	0	0	0	0	0	0	0	0	0	0	0	0	0	0	0	0	0	0	0	0	0	0	0	0	0	0	0	0	0	243	0	0	0	0	0	0	0	0	0	0	0	0	0	0	0	0	0	0	0	0	0	0	0	0	0	0	0	0	0	0	0	0	0	0	0	0	0	0	0	0	0	0	8	0	0	0	0	0	0	0	0	0	0	0	0	0	0	0	0	0	0	0	0	0	0	0	0	0	0	0	0	0	0	0	0	0	105	0	0	0	0	0	0	0	0	0	0	0	0	0	0	80	0	0	0	0	0	0	0	0	0	0	0	0	0	0	0	0	0	0	0	0	0	0	0	0	0	0	0	0	0	0	0	0	0	0	0	0	0	0	56	0	0	0	0	0	0	0	0	0	0	0	0	12	0	0	0	0	0	37	0	0	0	0	0	0	0	0	0	0	0	0	0	2	37	0	0	0	0	0	1	17	0	0	0	0	0	0	0	0	0	181	0	0	17	0	0	0	0	88	106	0	0	133	16	0	0	0	0	0	0	0	0	0	0	0	46	0	0	9	0	0	0	0	0	0	0	0	0	0	0	102	0	0	0	0	0	0	0	0	36	31	0	0	0	0	0	69	0	0	0	0	0	0	0	0	0	0	0	147	0	0	50	0	118	0	0	0	0	0	0	2	0	0	0	0	0	0	0	0	0	0	48	0	0	33	17	0	40	0	59	0	0	0	113	0	0	103	0	0	292	0	0	373	0	0	23	0	0	0	0	0	52	96	0	0	0	0	0	32	67	0	72	0	164	0	0	49	0	0	0	54	0	18	0	0	0	55	0	0	82	37	94	0	0	95	101	24	0	0	108	112	61	85	9	0	197	165	87	152	0	0	139	0	59	50	0	0	0	0	277	98	77	0	0	36	37	57	33	0	114	0	94	24	195	29	0	194	64	0	70	231	126	0	0	21	156	0	0	129	0	78	156	107	49	0	211	24	220	105	91	80	62	0	141	157	34	106	0	17	122	29	0	76	0	44	61	0	256	86	257	0	22	70	51	0	0	0	0	40	135	323	0	77	140	66	130	13	0	218	0	0	340	0	0	9	75	100	163	25	96	91	86	17	122	3	0	0	144	0	0	0	0	216	87	110	137	62	320	0
127	0	0	0	0	0	0	0	0	0	0	0	0	0	0	0	0	0	0	0	0	0	0	0	0	0	0	0	0	0	0	0	0	0	0	0	0	0	0	0	0	0	0	0	0	0	0	0	0	0	0	0	0	0	0	0	0	0	0	0	0	0	0	0	0	0	0	0	0	0	0	0	0	0	0	0	0	0	0	0	0	0	0	0	0	0	0	0	0	0	0	0	0	0	0	0	0	0	0	0	0	0	0	0	0	0	0	0	0	0	0	0	0	0	0	0	0	0	0	0	0	0	0	0	0	0	0	0	0	0	0	0	0	0	0	0	0	0	0	0	0	0	0	0	0	0	0	0	0	0	0	0	0	0	0	0	0	0	0	0	0	0	0	0	0	0	0	0	0	0	0	0	0	0	0	0	0	0	0	0	0	0	0	0	0	0	0	0	0	0	0	0	0	0	0	0	0	0	0	0	0	0	0	0	0	0	0	0	0	0	0	0	0	0	0	0	0	0	0	0	0	0	0	0	0	0	0	0	0	0	0	0	0	0	0	0	0	0	0	0	0	0	0	0	0	0	0	0	0	0	0	0	0	0	0	0	0	0	0	0	0	0	0	0	0	0	0	0	0	0	0	0	0	0	0	0	0	0	0	0	0	0	0	0	0	0	0	0	0	0	0	0	0	0	0	0	0	0	0	0	0	0	0	0	0	0	0	0	0	0	0	0	0	0	0	0	0	0	4	0	0	0	0	0	0	0	0	0	0	0	0	0	0	0	0	0	0	0	0	0	0	0	0	0	0	0	0	0	0	0	0	0	0	0	0	0	0	0	0	0	0	0	0	0	0	0	0	0	0	0	0	0	0	0	0	0	0	0	0	0	0	0	0	0	0	0	0	0	0	0	0	0	0	0	0	0	0	0	0	0	0	0	0	0	0	0	0	0	0	0	0	0	0	0	8	0	0	0	39	0	0	0	0	0	0	148	0	0	0	0	0	0	0	0	0	0	0	0	0	0	0	0	0	0	0	0	0	0	0	0	0	0	0	0	0	0	0	0	0	0	0	0	0	0	0	0	0	0	0	0	0	0	0	0	0	0	0	0	0	0	0	0	0	0	0	0	0	0	0	0	0	0	0	0	0	0	0	0	0	0	0	0	0	0	0	0	0	0	0	0	0	0	0	0	0	0	0	0	0	0	0	0	0	0	0	0	0	0	0	0	0	0	0	0	0	0	0	0	0	0	0	0	0	0	0	0	0	0	0	0	0	0	0	0	0	0	0	0	0	0	0	0	1	0	1	0	0	0	0	0	0	0	0	0	0	0	0	0	0	0	0	0	0	0	0	0	0	0	0	0	0	0	0	0	0	0	0	0	0	0	0	0	0	0	0	0	0	0	0	0	0	0	0	0	0	0	0	0	0	0	0	0	0	0	0	0	0	0	0	0	86	0	0	0	0	0	4	0	0	0	0	0	0	0	0	0	0	0	0	0	0	0	3	0	0	0	0	0	0	0	0	0	0	0	0	0	0	0	0	0	0	0	0	0	0	0	0	0	0	0	0	0	0	0	0	0	0	0	0	0	0	0	0	0	0	0	0	18	0	0	0	0	0	0	0	0	0	162	0	0	0	0	0	0	0	0	0	0	0	0	0	0	0	0	0	0	0	0	0	0	0	0	0	0	0	0	0	0	0	0	0	0	0	0	0	0	0	0	0	0	0	0	0	0	0	0	0	0	0	0	0	285	0	0	0	0	0	0	0	0	0	0	0	0	0	0	0	0	0	0	167	0	0	0	0	0	0	0	0	0	0	0	0	0	0	113	0	0	0	0	0	0	50	0	0	0	0	0	60	0	0	0	141	0	0	0	0	0	0	0	40	11	0	0	160	0	0	0	0	0	0	0	0	0	0	0	0	102	0	0	0	0	0	0	0	0	0	0	0	1	0	0	120	0	0	0	0	0	0	0	0	0	34	0	0	0	0	0	50	0	0	0	0	0	0	0	2	0	0	0	157	0	0	180	84	9	0	0	0	0	0	0	0	0	0	0	0	0	0	0	0	0	0	297	0	0	73	231	0	0	0	80	0	0	0	91	0	0	14	0	0	91	0	0	84	0	0	185	13	0	0	0	0	143	128	0	0	0	0	0	118	119	0	247	0	88	133	0	235	0	0	0	222	0	60	0	0	0	110	0	0	30	32	49	0	0	99	146	40	0	0	85	18	100	65	198	0	99	43	248	188	0	0	42	0	112	102	51	0	0	0	30	219	10	67	0	166	82	110	11	0	83	0	400	103	77	21	0	117	127	0	91	99	104	0	0	152	103	0	0	28	0	14	258	53	138	0	79	205	62	73	20	128	113	0	248	95	42	89	0	49	68	36	5	100	0	58	24	0	57	4	26	0	136	108	35	0	0	0	0	3	152	15	0	102	55	50	134	30	0	45	0	0	50	0	0	0	145	128	60	91	59	17	0	43	71	29	0	0	91	0	0	0	0	123	16	57	78	49	302	0
128	0	0	0	0	0	0	0	0	0	0	0	0	0	0	0	0	0	0	0	0	0	0	0	0	0	0	0	0	0	0	0	0	0	0	0	0	0	0	0	0	0	0	0	0	0	0	0	0	0	0	0	0	0	0	0	0	0	0	0	0	0	0	0	0	0	0	0	0	0	0	0	0	0	8	0	0	0	0	0	0	0	0	0	0	0	0	0	0	0	0	0	0	0	0	0	0	0	0	0	0	0	0	0	0	0	0	0	0	0	0	0	0	0	0	0	0	0	0	0	0	0	0	0	0	0	0	0	0	0	0	25	0	0	0	0	0	0	0	0	0	0	0	0	0	0	0	0	0	0	0	0	0	0	0	0	0	0	0	0	0	0	0	0	0	0	0	0	0	0	0	0	0	0	0	14	0	0	0	0	0	0	0	0	0	0	0	0	0	0	0	0	0	0	0	0	0	0	0	0	0	0	0	0	0	0	0	0	0	0	0	0	0	0	0	0	0	0	0	0	0	0	0	0	0	0	0	0	0	0	0	0	0	0	0	0	0	0	0	0	0	0	0	0	0	0	0	0	0	0	0	0	0	0	0	0	0	0	0	0	0	0	0	0	0	0	0	0	0	0	0	0	0	0	0	0	0	0	0	0	0	0	0	0	0	0	0	0	0	0	0	0	0	0	0	0	0	0	0	0	0	0	0	0	0	0	0	0	0	0	0	0	0	0	0	0	0	0	0	0	0	0	0	0	0	2	0	0	0	0	0	0	0	0	0	0	0	0	0	0	0	0	0	0	0	0	0	0	0	0	0	0	0	0	0	0	0	0	0	0	0	0	0	0	0	0	0	0	0	0	2	0	0	0	0	0	0	0	0	0	0	0	0	0	0	0	0	0	0	0	0	0	0	0	0	0	0	0	0	0	0	0	0	0	0	0	0	0	0	0	0	0	0	0	0	0	0	0	0	0	0	0	0	0	0	0	0	0	0	0	0	0	0	0	0	0	0	0	0	0	0	0	0	0	0	0	0	0	0	0	0	0	0	0	0	0	0	0	0	0	0	0	0	0	0	0	0	0	0	6	0	0	0	0	0	0	0	0	0	0	0	0	0	0	0	0	0	0	0	0	0	0	0	0	0	0	0	0	0	0	0	0	0	0	0	0	0	0	0	0	0	0	0	0	0	0	0	0	0	0	0	0	0	0	0	0	0	0	0	0	0	0	0	0	0	0	0	0	0	0	0	0	0	0	0	0	0	0	0	0	0	0	0	0	0	0	0	0	0	0	0	0	0	0	0	0	0	0	0	0	0	0	0	0	0	0	0	0	0	0	0	0	0	0	0	0	0	0	0	0	0	0	0	0	0	0	0	0	0	0	0	0	0	0	0	0	0	0	0	0	0	0	0	0	0	0	0	0	0	0	0	0	0	0	0	34	0	0	0	0	12	0	0	0	0	0	0	2	0	0	0	0	0	0	0	0	0	0	0	0	0	0	0	0	78	0	0	0	0	0	0	0	0	0	0	0	0	0	0	0	0	0	0	7	0	0	0	0	0	0	0	0	0	0	0	0	0	0	0	0	0	0	0	0	0	0	0	0	0	0	0	0	0	0	0	0	0	132	0	0	0	0	0	0	0	0	0	0	0	0	0	0	1	0	0	0	0	0	0	0	0	0	0	0	0	32	0	0	0	0	0	0	0	0	0	0	0	0	0	0	0	0	0	0	0	0	0	0	0	0	0	127	0	0	0	0	0	0	0	0	0	0	0	0	0	0	3	0	0	0	32	0	0	0	0	0	0	0	0	0	0	0	0	0	0	96	0	0	0	0	0	0	139	0	0	0	0	0	139	0	0	0	174	0	0	11	0	0	0	0	118	69	0	0	144	0	0	0	0	0	0	0	0	0	0	0	0	86	0	0	0	0	0	0	0	0	0	0	0	0	0	0	131	0	0	0	8	0	0	0	0	0	139	0	0	0	0	0	36	0	0	0	0	0	0	0	0	0	0	0	183	0	0	29	0	129	0	0	0	0	0	0	0	0	0	0	0	0	0	0	0	0	0	73	0	0	30	128	0	0	0	38	0	0	0	67	0	1	45	0	0	139	0	0	158	0	0	5	0	0	0	0	0	5	118	0	0	0	0	0	20	76	0	119	0	57	0	0	63	0	0	0	34	0	254	0	0	0	24	0	0	212	126	62	36	0	20	42	30	0	0	51	50	38	98	67	0	68	25	12	12	0	0	1	0	167	107	0	0	0	0	208	227	2	47	0	141	76	60	114	0	64	0	15	30	96	67	0	35	29	0	16	243	59	0	0	167	23	0	0	88	0	23	92	66	208	0	62	254	66	72	160	16	127	0	40	270	65	40	0	207	145	204	0	96	0	118	61	0	31	87	82	0	98	24	262	0	0	0	0	12	82	20	0	123	94	79	184	104	0	31	23	0	153	0	0	0	60	130	226	20	46	45	40	141	45	29	0	1	64	0	3	0	0	57	16	113	112	48	61	0
129	0	0	0	0	0	0	0	0	0	0	0	0	0	0	0	0	0	0	0	0	0	0	0	0	0	0	0	0	0	0	0	0	0	0	0	0	0	0	0	0	0	0	0	0	0	0	0	0	0	0	0	0	0	0	0	0	0	0	0	0	0	0	0	0	0	0	0	0	0	0	0	0	0	0	0	0	0	0	0	0	0	0	0	0	0	0	0	0	0	0	0	0	0	0	0	0	0	0	0	0	0	0	0	11	0	0	0	0	0	0	0	0	0	0	0	0	0	0	0	0	0	0	0	0	0	0	0	0	0	0	0	0	0	0	0	0	0	0	0	0	0	0	0	0	0	0	0	0	0	0	0	0	0	0	0	0	0	0	0	0	0	0	0	0	0	0	0	0	0	0	0	0	0	0	0	0	0	0	0	0	0	0	0	0	0	0	0	0	0	0	0	0	0	0	0	0	0	0	0	0	0	0	0	0	147	0	0	0	0	0	0	0	0	0	0	0	0	0	0	0	0	0	0	0	0	0	0	0	0	0	0	0	0	0	0	0	0	0	0	0	0	0	0	0	0	0	0	0	0	0	0	0	0	0	0	0	0	0	0	0	0	0	0	0	0	0	0	0	0	0	0	0	0	0	0	0	0	0	0	0	0	0	0	0	0	0	0	0	0	6	0	0	0	0	0	0	0	0	0	0	0	0	0	0	0	0	0	0	0	0	0	0	0	0	0	0	0	0	0	0	0	0	0	0	0	0	0	0	0	0	0	0	0	0	0	0	0	0	0	0	0	0	0	0	0	0	0	0	0	0	0	0	0	0	0	0	0	0	0	0	0	0	0	0	0	0	0	0	0	0	0	0	0	0	0	0	0	0	0	0	0	0	0	0	0	0	0	0	0	0	0	0	0	0	0	0	0	0	0	0	0	0	0	0	0	0	0	0	0	0	0	0	0	0	0	0	0	0	0	0	0	0	0	0	0	0	0	0	0	0	0	0	0	0	0	0	0	0	0	38	0	0	0	0	0	0	0	0	0	0	0	0	0	0	0	0	0	0	0	0	0	0	0	0	0	0	0	0	0	0	0	0	0	0	0	0	0	0	0	0	0	0	0	0	0	0	0	0	0	0	0	0	0	0	0	0	0	0	0	0	0	0	0	0	0	0	0	0	0	0	0	0	0	0	0	0	0	0	0	0	0	0	0	0	0	0	72	0	0	0	0	0	0	0	0	0	0	0	0	0	0	0	0	0	0	0	0	0	0	0	0	0	0	0	0	0	0	0	0	0	0	0	0	0	0	0	4	0	0	0	0	0	0	0	0	0	0	0	0	0	0	0	0	0	0	0	0	0	0	0	0	0	0	0	0	0	0	0	0	0	0	0	6	0	0	0	0	0	0	0	0	0	0	0	0	0	0	0	0	0	0	0	0	0	0	0	0	0	0	118	0	0	0	0	0	0	0	0	0	0	0	0	0	0	0	0	0	0	0	0	0	0	0	0	0	0	0	0	0	0	0	0	0	0	0	0	0	0	0	0	0	0	2	0	0	0	0	0	0	0	0	0	0	0	0	0	0	0	0	0	0	0	0	0	0	0	0	0	0	0	0	0	0	0	0	0	0	0	0	0	0	0	0	0	0	0	0	1	0	0	0	0	0	0	0	0	0	0	0	0	0	0	46	0	0	0	0	0	0	0	0	0	0	0	0	0	0	0	0	0	0	0	0	0	0	0	0	0	0	0	83	0	0	0	0	0	0	0	0	0	0	0	0	0	0	0	0	0	0	36	0	0	0	0	0	0	0	0	0	0	0	0	0	0	17	0	0	0	0	0	0	1	0	0	0	0	0	12	30	0	0	325	0	0	0	0	0	0	0	102	56	0	0	16	13	0	0	0	0	0	0	0	0	0	0	0	35	0	0	42	0	0	0	0	0	0	0	0	0	0	0	107	0	0	0	0	0	0	0	0	0	67	0	0	0	0	0	209	0	0	0	0	0	0	0	0	0	0	0	43	0	0	131	109	44	0	0	0	0	0	0	0	0	0	0	0	0	0	0	0	0	0	111	0	0	27	48	0	93	0	153	0	0	0	63	0	0	144	0	0	39	0	0	86	0	0	10	0	0	0	0	0	38	24	0	0	0	0	0	27	34	0	165	0	147	0	0	81	0	0	0	65	0	45	0	0	0	60	0	0	47	96	155	68	0	62	45	47	2	0	70	14	135	64	40	0	164	26	35	111	0	0	56	0	25	25	0	0	0	0	63	10	21	123	0	18	22	143	36	0	110	0	187	104	101	67	0	16	101	0	85	25	14	0	0	121	62	0	0	222	0	139	34	194	128	0	37	183	44	78	168	122	103	0	92	51	190	97	0	6	109	49	0	131	0	65	74	0	70	33	237	0	59	84	48	0	0	0	0	167	56	80	0	86	80	117	71	53	0	27	0	0	52	0	0	0	160	71	72	51	40	89	0	16	108	67	0	0	48	0	0	0	0	97	28	305	16	120	24	0
130	0	0	0	0	0	0	0	0	0	0	0	0	0	0	0	0	0	0	0	0	0	0	0	0	0	0	0	0	0	0	0	0	0	0	0	0	0	0	0	0	0	0	0	0	0	0	0	0	0	0	0	0	0	0	0	0	0	0	0	0	0	0	0	0	0	0	0	0	0	0	0	0	0	0	0	0	0	0	0	0	0	0	0	0	0	0	0	0	0	0	0	0	0	0	0	0	0	0	0	0	0	0	0	0	0	0	0	0	0	0	0	0	0	0	0	0	0	0	0	0	0	0	0	0	0	0	0	0	0	0	0	0	0	0	0	0	0	0	0	0	0	0	0	0	0	0	0	0	0	0	0	0	0	0	0	0	0	0	0	0	0	0	0	0	0	0	0	0	0	0	0	0	0	0	0	0	0	0	0	0	0	0	0	0	0	0	0	0	0	0	0	0	0	0	0	0	0	0	0	0	0	0	0	0	0	0	0	0	0	0	0	0	0	0	0	0	0	0	0	0	0	0	0	0	0	0	3	0	0	0	0	0	0	0	0	0	0	0	0	0	0	0	0	0	0	0	0	0	0	0	0	0	0	0	0	0	0	0	0	0	0	0	0	0	0	0	0	0	0	0	0	0	0	0	0	0	0	0	0	0	0	0	0	0	0	0	0	0	0	0	0	0	0	0	0	0	0	0	0	0	0	0	0	0	0	0	0	0	0	0	0	0	0	0	0	0	0	0	0	0	0	0	0	0	0	0	0	0	0	0	0	0	0	0	0	0	0	0	0	0	0	0	0	3	0	0	0	0	0	0	0	0	0	0	0	0	0	0	0	0	0	0	0	0	0	0	0	0	0	0	0	0	0	0	0	0	0	0	0	0	0	0	0	0	0	0	0	0	0	0	0	0	0	0	0	0	0	0	0	0	0	0	0	0	0	0	0	0	0	0	0	0	0	0	0	0	0	0	0	0	0	0	0	0	0	0	0	0	0	0	0	0	0	0	0	0	0	0	0	0	0	0	0	0	0	0	0	0	0	0	0	0	0	0	0	0	0	0	0	0	0	0	0	0	0	0	0	0	0	0	0	0	2	0	0	0	0	0	0	0	0	0	0	0	0	0	0	0	0	0	0	0	0	0	0	0	0	0	0	0	0	0	0	0	0	0	0	0	0	0	0	0	0	0	0	0	0	0	0	0	0	0	0	0	0	0	0	0	0	0	0	0	0	0	0	0	0	0	0	0	0	0	0	0	0	0	0	0	0	0	2	0	0	0	0	0	0	0	0	0	0	0	0	0	0	0	0	0	0	0	0	0	0	0	0	0	0	0	0	0	0	0	0	0	0	0	0	0	0	0	0	0	0	0	0	0	0	11	0	0	0	0	0	0	0	0	0	0	0	1	0	0	0	0	0	0	0	0	0	0	0	0	0	0	0	0	0	0	0	89	0	0	0	0	0	0	0	0	0	0	0	0	0	0	0	0	0	0	0	0	0	0	0	0	0	0	0	0	0	0	0	0	0	0	0	0	0	0	0	0	0	0	0	0	1	0	0	0	0	0	0	0	0	0	0	0	0	0	0	0	0	0	0	0	0	0	0	0	0	0	0	0	0	0	0	0	119	0	0	0	0	0	0	0	0	0	0	0	0	0	0	0	0	0	0	0	0	0	0	0	0	0	2	0	0	0	0	0	0	0	0	0	0	0	0	0	0	0	0	0	0	0	0	0	0	0	0	0	0	0	16	0	0	0	0	0	0	0	0	0	0	0	0	0	0	0	0	0	0	80	0	0	0	0	0	0	0	0	0	0	5	0	0	4	63	0	0	0	0	0	0	129	0	0	0	0	0	51	0	0	0	154	0	0	5	0	0	0	0	175	8	0	0	121	45	0	0	0	0	0	0	0	0	0	0	0	2	0	0	0	0	0	0	0	0	0	0	0	0	0	0	33	1	0	0	0	0	0	0	0	0	27	0	0	0	0	0	30	0	0	0	0	0	0	0	0	0	0	0	78	0	0	53	0	69	0	0	0	0	0	0	0	0	0	0	0	0	79	0	0	0	0	66	0	0	53	45	0	34	0	99	0	0	0	227	0	0	79	0	0	59	0	0	125	0	0	225	0	0	0	0	0	132	14	0	0	0	0	0	140	228	0	76	0	96	55	0	93	0	0	0	23	0	85	0	0	0	285	0	0	125	185	96	0	0	117	43	47	0	0	69	223	48	53	160	0	47	42	112	48	0	0	225	0	42	77	0	0	0	0	156	40	81	293	0	95	50	109	65	0	63	0	62	32	61	104	0	140	176	0	11	57	68	7	0	47	93	0	0	116	0	259	39	69	32	0	119	77	28	168	151	22	29	0	114	86	66	100	0	66	164	277	0	164	0	100	133	0	60	377	94	0	68	43	141	0	0	0	0	105	8	72	0	28	164	66	66	37	0	17	0	0	170	0	0	20	144	125	78	225	175	48	88	55	32	18	0	0	68	0	0	0	0	88	64	21	138	152	45	0
131	0	0	0	0	0	0	0	0	0	0	0	0	0	0	0	0	0	0	0	0	0	0	0	0	0	0	0	0	0	0	0	0	0	0	0	0	0	0	0	0	0	0	0	0	0	0	0	0	0	0	0	0	0	0	0	0	0	0	0	0	0	0	0	0	0	0	0	0	0	0	0	0	0	0	0	0	0	0	0	0	0	0	0	0	0	0	0	0	0	0	0	0	0	0	0	0	0	0	0	0	0	0	0	0	0	0	0	0	0	44	0	0	0	0	0	0	0	0	0	0	0	0	0	0	0	0	0	0	0	0	0	0	0	0	0	0	0	0	0	0	0	0	0	0	0	0	0	0	0	0	0	0	0	0	0	0	0	0	0	0	0	0	0	0	0	0	0	0	0	0	0	0	0	0	0	0	0	0	0	0	0	0	0	0	0	0	0	0	0	0	0	0	0	0	0	0	0	0	0	0	0	0	0	0	0	0	0	0	0	0	0	0	0	0	0	0	0	0	0	0	0	0	0	0	0	0	0	0	0	0	0	0	0	0	0	0	0	0	0	0	0	0	0	0	0	0	0	0	0	0	0	0	0	0	0	0	0	0	0	0	0	0	0	0	0	0	0	0	0	0	0	0	0	0	0	0	0	0	0	0	0	0	0	0	0	0	0	0	0	0	0	0	0	0	0	0	0	0	0	0	0	0	0	0	0	0	0	0	0	0	0	0	0	0	0	0	0	0	0	0	0	0	0	0	0	0	0	0	0	0	0	0	0	0	0	0	0	0	0	0	0	0	0	0	0	0	0	0	0	0	0	0	0	0	0	0	0	0	0	0	0	0	0	9	0	0	0	0	0	0	0	0	0	0	0	0	0	0	0	0	0	0	0	0	0	0	0	0	0	0	0	0	0	0	0	0	0	0	0	0	0	0	0	0	0	0	0	0	0	0	0	0	0	0	0	0	0	0	0	0	0	0	0	0	0	0	0	0	0	0	0	0	0	0	0	0	0	0	0	0	0	0	0	0	0	0	0	0	0	0	0	0	0	0	0	0	0	0	0	0	0	0	0	0	0	0	0	0	0	0	0	0	0	0	0	0	0	0	0	0	0	0	0	0	0	7	0	0	0	0	0	0	0	0	0	0	0	0	0	0	0	0	0	0	0	0	1	0	0	0	0	0	0	0	0	0	0	0	0	0	0	0	0	0	0	0	0	0	0	0	0	0	0	0	0	0	0	0	0	0	0	0	0	0	0	0	0	0	0	0	0	0	0	0	0	0	0	1	0	0	0	0	0	0	0	0	0	1	0	0	0	0	0	0	0	0	0	0	0	0	0	0	0	0	0	0	0	0	0	0	0	0	0	0	0	0	0	0	0	0	0	0	0	0	0	0	0	0	0	0	0	0	0	0	0	0	0	0	0	0	0	0	0	0	0	0	0	0	0	27	0	0	0	0	0	0	0	0	0	0	0	0	0	0	0	0	0	0	0	0	0	0	0	0	0	0	0	0	0	0	0	0	0	0	0	0	0	0	0	0	0	0	83	0	0	0	0	0	0	0	0	0	0	0	11	0	0	0	0	0	0	0	0	0	0	0	0	0	0	0	0	0	0	0	0	0	27	0	3	0	0	0	0	0	0	0	0	0	0	0	0	0	0	0	0	0	0	0	0	0	0	0	0	0	0	0	0	0	0	0	0	0	0	0	0	0	0	0	0	0	0	0	0	0	0	0	0	0	0	0	37	0	0	0	0	0	0	0	0	0	0	0	0	0	0	0	0	0	0	33	0	0	0	0	0	0	0	0	0	0	10	0	0	0	100	0	0	0	0	0	0	71	0	0	0	0	0	1	0	0	0	40	0	0	0	0	0	0	106	164	148	0	0	145	0	0	0	0	0	0	0	0	0	0	0	0	44	0	0	7	0	0	0	0	0	0	0	0	0	0	0	21	0	0	1	0	0	0	0	0	0	26	0	0	0	0	0	69	0	0	0	0	0	0	0	0	0	0	0	66	0	0	47	0	85	0	0	0	0	0	0	0	0	0	0	0	0	0	0	0	0	0	209	0	0	116	195	0	57	0	154	0	0	0	58	0	0	60	0	0	64	0	0	84	0	0	0	0	0	0	0	0	38	63	0	0	0	0	0	50	41	0	86	0	99	0	0	106	0	0	0	85	0	74	0	0	0	250	0	0	108	410	23	0	0	69	103	171	9	0	80	77	51	58	37	0	19	57	24	127	0	0	127	0	92	65	0	0	0	0	14	44	73	40	0	155	66	116	129	0	33	0	21	253	68	118	0	200	73	0	117	33	352	0	0	140	64	0	9	64	0	35	30	160	9	0	49	141	186	142	99	81	135	0	49	14	78	135	0	245	84	202	0	113	0	8	33	0	25	142	20	0	24	198	24	0	0	0	0	107	100	123	0	120	36	152	20	121	0	81	0	0	44	0	0	0	80	12	92	227	76	111	0	58	188	152	0	0	49	0	0	0	0	88	231	13	66	143	45	0
132	0	0	0	0	0	0	0	0	0	0	0	0	0	0	0	0	0	0	0	0	0	0	0	0	0	0	0	0	0	0	0	0	0	0	0	0	0	0	0	0	0	0	0	0	0	0	0	0	0	0	0	0	0	0	0	0	0	0	0	0	0	0	0	0	0	0	0	0	0	0	0	0	0	0	0	0	0	0	0	0	0	0	0	0	0	0	0	0	0	0	0	0	0	0	0	0	0	0	0	0	0	0	0	0	0	0	0	0	0	0	0	0	0	0	0	0	0	0	0	0	0	0	0	0	0	0	0	0	0	0	0	0	0	0	0	0	0	0	0	0	0	0	0	0	0	0	0	0	0	0	0	0	0	0	0	0	0	0	0	0	0	0	0	0	0	0	0	0	0	0	0	0	0	0	0	0	0	0	0	0	0	0	0	0	0	0	0	0	0	0	0	0	0	0	0	0	0	0	0	0	0	0	0	0	0	0	0	0	0	0	0	0	0	0	0	0	0	0	0	0	0	0	0	0	0	0	0	0	0	0	0	0	0	0	0	0	0	0	0	0	0	0	0	0	0	0	0	0	0	0	0	0	0	0	0	0	0	0	0	0	0	0	0	0	0	0	0	0	0	0	0	0	0	0	0	0	0	0	0	0	0	0	0	0	0	0	0	0	0	0	0	0	0	0	0	0	0	0	0	0	0	0	0	0	0	0	0	0	0	0	0	0	0	0	0	0	0	0	0	0	0	0	0	0	0	0	0	0	0	0	0	0	0	0	0	0	0	0	0	0	0	0	0	0	0	0	0	0	0	0	0	0	0	0	0	0	0	0	0	0	0	0	0	0	0	0	0	0	0	0	0	0	0	0	0	0	0	0	0	0	0	0	0	0	0	0	0	0	0	0	0	0	0	0	0	0	0	0	2	0	0	0	0	0	0	0	0	13	0	0	0	0	0	0	0	0	0	0	0	0	0	0	0	0	0	0	0	0	0	0	0	0	0	0	0	0	0	0	0	0	0	0	0	0	0	0	0	0	0	0	0	0	0	0	2	0	0	0	0	0	0	0	0	0	0	0	0	0	0	0	0	0	0	0	0	0	0	0	0	0	0	0	0	0	0	0	0	0	0	0	0	0	0	0	0	0	0	0	0	0	0	0	0	0	0	0	0	0	0	0	0	0	0	0	0	0	0	0	0	0	0	0	0	0	0	0	0	0	0	0	0	0	0	0	0	0	0	0	0	0	0	0	0	0	0	0	0	0	0	0	0	0	0	0	0	0	0	0	0	0	0	0	0	0	0	0	0	0	0	0	0	0	0	0	0	0	0	0	0	0	0	0	0	0	0	0	0	0	0	0	0	0	0	0	0	0	0	0	0	0	0	0	0	0	0	0	0	0	0	0	0	0	0	0	0	0	0	0	0	70	0	0	0	0	0	0	0	0	0	45	0	0	0	0	0	0	0	0	0	0	0	0	0	0	0	0	0	0	0	0	0	0	0	0	0	0	0	0	0	0	0	0	0	0	0	0	0	0	0	0	0	0	24	0	0	0	0	0	0	0	0	0	0	0	0	0	0	0	0	0	0	0	0	0	0	0	0	0	0	0	0	0	0	0	0	0	101	0	0	0	0	0	0	0	0	0	0	0	0	0	0	0	0	0	0	0	0	0	0	0	0	0	0	0	0	0	0	0	0	0	0	0	0	0	0	0	0	0	0	0	0	0	0	0	0	0	0	0	0	0	70	0	0	0	0	0	0	0	0	0	0	0	0	29	0	0	0	0	0	66	0	0	0	0	0	0	0	0	0	0	0	0	0	0	170	0	0	0	0	0	0	17	0	0	0	0	0	28	0	0	0	65	0	0	15	0	0	0	0	44	40	0	0	145	90	0	0	0	0	0	0	0	0	0	0	0	36	0	0	18	0	1	0	0	0	0	0	0	0	0	0	143	0	0	0	0	0	0	0	0	0	28	0	0	0	0	0	145	0	0	0	0	0	0	0	0	0	0	0	69	0	0	422	0	48	0	0	0	0	0	0	0	0	0	0	0	0	0	0	0	0	0	105	0	0	158	110	0	43	0	44	0	0	0	58	0	0	91	0	0	36	0	0	206	0	0	137	0	0	0	0	0	27	350	0	0	26	0	9	47	167	0	78	0	143	0	0	104	0	0	0	189	0	71	0	0	0	178	0	0	54	124	20	0	0	253	170	402	0	0	65	92	228	46	257	0	314	24	15	223	0	0	298	0	156	198	0	0	0	0	88	102	43	21	0	28	156	129	187	0	75	0	106	96	60	24	0	0	41	0	36	55	160	0	0	74	119	0	0	11	0	188	68	187	46	0	80	58	54	114	42	252	126	0	28	53	66	67	0	233	8	179	0	140	0	125	157	0	104	35	209	0	137	86	48	0	0	0	0	146	125	34	0	117	189	83	40	48	0	70	27	0	58	0	0	5	41	14	135	218	82	54	5	41	53	89	0	0	127	0	0	0	0	74	13	108	105	29	184	0
133	0	0	0	0	0	0	0	0	0	0	0	0	0	0	0	0	0	0	0	0	0	0	0	0	0	0	0	0	0	0	0	0	0	0	0	0	0	0	0	0	0	0	0	0	0	0	0	0	0	0	0	0	0	0	0	0	0	0	0	0	0	0	0	0	0	0	0	0	0	0	0	0	0	0	0	0	0	0	0	0	0	0	0	0	0	0	0	0	0	0	0	0	0	0	0	0	0	0	0	0	0	0	0	0	0	0	0	0	0	0	0	0	0	0	0	0	0	0	0	0	0	0	0	0	0	0	0	0	0	0	0	0	0	0	0	0	0	0	0	0	0	0	0	0	0	0	0	0	0	0	0	0	0	0	0	0	0	0	0	0	0	0	0	0	0	0	0	0	0	0	0	0	0	0	0	0	0	0	0	0	0	0	0	0	0	0	0	0	0	0	0	0	0	0	0	0	0	0	3	0	0	0	0	0	0	0	0	0	0	0	0	0	0	0	0	0	0	0	0	0	0	0	0	0	0	0	0	0	0	0	0	0	0	0	0	0	0	0	0	0	0	0	0	0	0	0	0	0	0	0	0	0	0	0	0	0	0	0	0	0	0	0	0	0	0	0	0	0	0	0	0	0	0	0	0	0	0	0	0	0	0	0	0	0	0	0	0	0	0	0	0	0	0	0	0	0	0	0	0	0	0	0	0	0	0	0	0	0	0	0	0	0	0	0	0	0	0	0	0	0	0	0	0	0	0	0	0	0	0	0	0	0	0	0	0	0	0	0	0	0	0	0	0	0	0	0	0	0	0	0	0	0	0	0	0	0	0	85	0	0	0	0	0	0	0	0	0	0	0	0	0	0	0	0	0	0	0	0	0	0	0	0	0	0	0	0	3	0	0	0	0	0	0	0	0	0	0	0	0	0	0	0	0	0	0	1	0	0	0	0	0	0	0	0	0	0	0	0	0	0	0	0	0	0	0	0	0	0	0	0	0	0	0	0	0	0	0	0	0	0	0	0	0	0	0	0	0	0	0	0	0	0	0	0	0	0	0	0	0	0	0	0	0	0	0	0	0	0	0	0	0	0	0	0	0	0	0	0	0	0	0	0	0	0	0	0	0	0	0	0	0	0	0	0	0	0	0	0	0	0	0	0	0	0	0	0	0	0	0	0	0	0	0	0	0	0	0	0	0	0	0	0	0	0	0	0	0	0	0	0	0	0	0	0	0	0	0	0	0	0	0	0	0	0	0	0	0	0	0	0	0	0	0	0	0	0	0	0	0	0	0	0	0	0	0	0	0	0	0	0	0	0	0	0	0	0	0	0	0	0	0	0	0	0	0	0	0	0	0	0	0	0	0	0	0	0	0	0	0	0	0	0	0	0	0	0	0	0	0	0	0	0	8	0	0	0	0	0	0	0	0	0	0	0	0	0	0	0	0	89	0	0	0	0	0	0	0	0	0	0	0	0	0	0	0	0	0	0	0	0	0	0	0	0	0	0	0	0	0	0	0	0	0	0	0	0	0	0	0	0	0	0	38	0	0	0	0	0	0	0	0	0	0	0	0	0	0	0	0	0	0	0	0	0	0	0	0	0	0	0	0	0	0	0	0	0	18	0	0	0	0	0	0	0	0	0	0	0	0	0	0	14	0	0	0	0	0	0	0	0	0	0	0	0	0	0	0	0	0	0	0	0	0	0	0	0	0	0	0	0	0	0	0	0	0	0	0	0	0	0	94	0	0	0	0	0	0	0	0	0	0	0	0	0	0	0	0	0	0	162	0	0	0	0	0	0	0	0	0	0	7	0	0	0	75	0	0	0	0	0	0	45	0	0	0	0	0	99	0	0	0	43	0	0	0	0	0	26	0	298	146	0	0	20	11	0	0	0	0	0	0	0	0	0	0	0	46	0	0	18	0	0	0	0	0	0	0	0	0	0	0	296	0	0	0	0	0	0	0	0	0	17	0	0	0	0	0	51	0	0	0	0	0	0	0	0	0	0	0	63	0	0	332	0	99	0	0	0	0	0	0	7	0	0	0	0	0	0	0	0	0	0	87	0	0	115	137	43	15	3	21	0	0	141	127	0	0	99	0	0	105	0	0	142	0	0	86	0	0	42	0	0	176	43	0	0	67	0	0	16	74	0	137	0	53	63	0	63	0	0	0	61	0	149	0	0	0	83	0	0	119	65	64	2	43	7	107	54	0	0	36	30	77	138	37	0	68	100	73	220	0	0	80	0	28	62	0	0	0	0	124	115	26	113	0	152	8	222	58	0	22	0	150	12	71	225	0	66	63	0	113	165	27	11	0	72	47	0	0	76	0	33	114	83	59	0	145	99	149	107	84	198	99	0	155	58	84	35	0	54	214	94	0	71	0	18	85	0	143	59	47	0	2	116	56	0	0	0	0	224	38	48	0	98	47	30	184	43	0	52	0	0	59	0	0	0	43	58	284	172	35	196	0	80	159	90	0	0	49	0	0	0	0	13	4	82	29	78	53	0
134	0	0	0	0	0	0	0	0	0	0	0	0	0	0	0	0	0	0	0	0	0	0	0	0	0	0	0	0	0	0	0	0	0	0	0	0	0	0	0	0	0	0	0	0	0	0	0	0	0	0	0	0	0	0	0	0	6	0	0	0	0	0	0	0	0	0	0	0	0	0	0	0	0	0	0	0	0	0	0	0	0	0	0	0	0	0	0	0	0	0	0	0	0	49	0	0	0	0	0	0	0	0	0	0	0	0	0	0	0	0	0	0	0	0	0	0	0	0	0	0	0	0	0	0	0	0	0	0	0	0	0	0	0	0	0	0	0	0	0	0	0	0	0	0	0	0	0	0	0	0	0	0	0	0	0	0	0	0	0	0	0	0	0	0	0	0	0	0	0	0	0	0	0	0	0	0	0	0	0	0	0	0	0	0	0	0	0	0	0	0	0	0	0	0	0	0	0	0	0	0	0	0	0	0	0	0	0	0	0	0	0	0	0	0	0	0	0	0	0	0	0	0	0	0	0	0	0	0	0	0	0	0	0	0	0	0	0	0	0	0	0	0	0	0	0	0	0	0	0	0	0	0	0	0	0	0	0	0	0	0	0	0	0	0	0	0	0	0	0	0	0	0	0	0	0	0	0	0	0	0	0	0	0	0	0	0	0	0	0	0	0	0	0	0	0	0	0	0	0	0	0	0	0	0	17	0	0	0	0	0	0	0	0	0	0	1	0	0	0	0	0	0	0	0	0	0	0	0	0	0	0	0	0	0	0	0	0	0	0	0	0	0	0	0	0	0	0	0	0	0	0	0	0	0	0	0	0	0	0	0	0	0	0	0	0	0	0	0	0	0	0	1	0	0	0	0	0	0	0	0	0	0	0	0	0	0	0	0	0	0	0	0	0	0	0	0	0	0	0	0	0	0	0	0	0	0	0	0	0	0	0	0	0	0	0	0	0	0	0	0	0	0	0	0	0	0	0	0	0	0	0	0	0	0	0	0	0	0	0	0	0	0	0	0	0	0	0	0	0	0	0	0	0	0	0	0	0	0	0	0	0	0	0	0	0	0	0	0	0	0	0	0	0	0	0	0	0	0	0	0	0	0	0	0	0	0	0	0	0	0	0	0	0	0	0	0	0	0	0	0	0	0	0	0	0	0	0	0	0	0	0	0	0	0	0	0	0	0	0	0	0	0	0	0	0	1	0	0	0	0	0	0	0	0	0	0	0	0	0	0	0	0	0	0	0	0	0	0	0	0	0	0	0	0	0	0	0	0	0	0	0	0	0	0	0	0	0	0	0	0	0	0	0	0	0	0	0	0	0	0	0	0	0	0	0	0	0	0	0	0	0	0	0	0	0	0	0	0	0	0	0	0	0	0	0	0	0	0	0	0	0	0	7	0	0	0	0	0	0	0	0	0	0	0	0	0	0	0	0	23	0	0	0	0	0	0	0	0	0	0	0	0	0	0	0	0	0	0	0	0	0	0	0	0	0	0	0	0	0	0	0	0	0	0	0	0	0	0	0	0	0	0	0	0	0	0	0	0	0	0	0	0	0	0	0	0	0	0	0	0	0	0	0	0	0	0	0	0	0	0	0	0	0	0	0	0	58	0	0	0	0	0	0	0	0	0	0	0	0	0	0	0	0	0	0	0	0	0	0	0	0	0	0	0	0	0	0	0	0	0	0	0	0	0	0	0	0	0	0	0	0	0	0	0	0	0	0	0	0	0	152	0	0	0	0	0	0	0	0	0	0	0	0	0	0	73	0	0	0	143	0	0	0	0	0	0	0	0	0	0	0	0	0	0	26	0	0	0	0	0	0	31	0	0	0	0	0	16	0	0	0	116	0	0	15	0	0	0	0	10	70	0	0	88	0	0	0	0	0	0	0	0	0	0	0	0	44	0	0	0	0	0	0	0	0	0	0	0	0	0	0	97	0	0	0	0	0	0	0	0	0	95	0	0	0	0	0	87	0	0	0	0	0	0	0	9	0	0	0	46	0	0	124	0	54	0	0	0	0	0	0	0	0	0	0	0	0	0	0	0	0	0	134	0	0	34	17	0	31	0	121	0	0	0	320	0	0	92	0	0	100	0	0	188	0	0	25	0	0	0	0	0	50	141	0	0	0	0	0	100	236	0	84	0	173	21	0	66	0	0	0	12	0	37	0	0	0	68	0	0	64	57	96	0	0	43	97	223	0	0	149	110	11	128	6	0	226	57	6	43	0	0	150	0	160	203	0	0	0	0	72	92	74	56	0	91	57	61	126	0	187	0	34	48	127	87	0	114	178	0	7	48	25	0	0	82	117	0	17	326	0	84	313	17	198	0	268	24	63	80	180	27	13	0	20	58	48	61	0	153	60	79	0	137	0	52	47	0	13	85	84	0	64	261	67	0	0	0	0	125	264	59	0	59	93	280	103	139	0	97	0	0	65	0	0	0	238	176	80	126	121	57	0	30	18	65	0	0	149	0	49	0	0	26	163	60	138	71	144	9
135	0	0	0	0	0	0	0	0	0	0	0	0	0	0	0	0	0	0	0	0	0	0	0	0	0	0	0	0	0	0	0	0	0	0	0	0	0	0	0	0	0	0	0	0	0	0	0	0	0	0	0	0	0	0	0	0	0	0	0	0	0	0	0	0	0	0	0	0	0	0	0	0	0	0	0	0	0	0	0	0	0	0	0	0	0	0	0	0	0	0	0	0	0	0	0	0	0	0	0	0	0	0	0	0	0	0	0	0	0	0	0	0	0	0	0	0	0	0	0	0	0	0	0	0	0	0	0	0	0	0	0	0	0	0	0	0	0	0	0	0	0	0	0	0	0	0	0	0	0	0	0	0	0	0	0	0	0	0	0	0	0	0	0	0	0	0	0	0	0	0	0	0	0	0	0	0	0	0	0	0	0	0	0	0	0	0	0	0	0	0	0	0	0	0	0	0	0	0	0	0	0	0	0	0	0	0	0	0	0	0	0	0	0	0	0	45	0	0	0	0	0	0	0	0	0	0	0	0	0	0	0	0	0	0	0	0	0	0	0	0	0	0	0	0	0	0	0	0	0	0	0	0	0	0	0	0	0	0	0	0	0	0	0	0	0	0	0	0	0	0	0	0	0	0	0	0	0	0	0	0	0	0	0	0	0	0	0	0	0	0	0	0	0	0	0	0	0	0	0	0	0	0	0	0	0	0	0	0	0	0	0	0	0	0	0	0	0	0	0	0	0	0	0	0	0	5	0	0	0	0	0	0	0	0	0	0	0	0	0	0	0	0	0	0	0	0	0	0	0	0	0	0	0	0	0	0	0	0	0	0	0	0	0	0	0	0	0	0	0	0	0	0	0	0	0	0	0	0	0	0	0	0	0	0	0	0	0	0	0	0	0	0	0	0	6	0	0	0	0	0	0	0	0	0	0	0	0	0	0	0	0	0	2	0	0	0	0	0	0	0	0	0	0	0	0	0	0	0	0	0	0	0	0	0	0	0	0	0	0	0	0	0	0	0	0	0	0	0	0	0	0	0	0	0	0	0	0	0	0	0	0	0	0	0	0	0	0	0	0	0	0	0	0	0	0	0	0	0	0	0	0	0	0	0	0	0	0	0	0	0	0	0	0	0	0	0	0	0	8	0	0	0	0	0	0	0	0	0	0	0	0	0	0	0	0	0	0	0	0	0	0	0	0	0	0	0	0	0	0	0	0	0	0	0	0	0	0	0	0	0	0	0	0	0	0	0	0	0	0	0	0	0	0	0	0	0	0	0	0	0	0	0	0	0	0	0	0	0	0	0	0	0	0	0	0	0	0	0	0	0	0	0	0	0	0	0	0	0	0	0	0	0	0	0	0	0	0	0	0	0	0	0	0	0	0	0	0	0	0	0	0	0	0	0	0	0	0	0	0	0	0	0	0	0	12	0	0	0	0	258	0	0	0	0	0	0	0	0	0	0	0	0	0	0	0	0	0	0	0	0	0	0	0	0	0	0	0	0	0	0	0	0	0	0	0	0	0	0	0	0	0	0	17	0	0	0	0	0	2	0	0	0	0	0	0	0	0	0	0	0	2	0	0	0	0	0	0	0	0	0	0	0	0	0	0	0	45	0	0	0	0	0	0	0	0	0	0	0	0	0	0	0	0	0	0	0	0	0	0	0	0	0	0	0	0	0	0	0	0	0	0	0	0	0	0	0	0	0	0	0	0	0	0	0	0	0	0	0	0	0	23	0	0	0	0	0	0	0	0	0	0	0	0	0	0	0	0	0	0	162	0	0	0	0	0	0	0	0	0	0	0	0	0	0	8	0	0	0	0	0	0	19	0	0	0	0	0	43	0	0	0	152	0	0	0	0	0	0	0	63	43	0	0	111	2	0	0	0	0	0	0	0	0	0	0	0	29	0	0	0	0	0	0	0	0	0	0	0	0	0	0	68	0	0	0	0	0	0	0	0	0	110	0	0	0	0	0	248	0	0	0	0	0	0	0	211	0	0	0	113	0	0	48	0	30	0	0	0	0	0	0	0	0	0	0	0	0	0	0	6	0	0	43	0	0	241	22	0	3	0	526	0	0	0	220	0	0	206	0	0	34	0	0	115	0	0	0	0	0	0	0	0	67	8	0	0	0	0	0	210	62	0	123	0	24	8	0	12	0	0	0	34	0	112	0	0	0	67	0	0	269	88	148	0	0	69	38	32	0	0	182	58	180	118	21	0	225	38	43	122	0	0	394	0	80	42	19	0	0	0	46	21	30	1	0	185	209	32	180	0	245	0	66	206	78	16	0	43	37	0	156	62	85	0	0	36	80	0	0	46	0	42	93	116	84	0	25	174	330	84	41	39	137	0	40	328	40	27	0	17	54	79	0	22	0	5	78	0	47	46	47	0	65	199	78	0	0	0	0	74	108	261	0	88	80	79	44	157	0	54	4	0	149	0	0	0	49	57	117	430	69	34	36	88	242	27	0	0	62	0	0	0	0	39	37	162	82	12	99	0
136	0	0	0	0	0	0	0	0	0	0	0	0	0	0	0	0	0	0	0	0	0	0	0	0	0	0	0	0	0	0	0	0	0	0	0	0	0	0	0	0	0	0	0	0	0	0	0	0	0	0	0	0	0	0	0	0	0	0	0	0	0	0	0	0	29	0	0	0	0	0	0	0	0	0	0	0	0	0	0	0	0	0	0	0	0	0	0	0	0	0	0	0	0	0	0	0	0	0	0	0	0	0	0	0	0	0	0	0	0	0	0	0	0	0	0	0	0	0	0	0	0	0	0	0	0	0	0	0	0	0	0	0	0	0	0	0	0	0	0	0	10	0	0	0	0	0	0	0	0	0	0	0	0	0	0	0	0	0	0	0	0	0	0	0	0	0	0	0	0	0	0	0	0	0	0	0	0	0	0	0	0	0	0	0	0	0	0	0	0	0	0	0	0	3	0	0	0	0	0	0	0	0	0	0	0	0	0	0	0	0	0	0	0	17	0	0	0	0	0	0	0	0	0	0	0	0	0	0	0	0	0	0	0	0	0	0	0	0	0	0	0	0	0	0	0	0	0	0	0	0	0	0	0	0	0	0	0	0	0	0	0	0	0	0	0	0	0	0	0	0	0	0	0	0	0	0	0	0	0	0	0	17	0	0	0	0	0	0	0	0	0	0	0	0	0	0	0	0	0	0	0	0	0	0	0	0	0	0	0	0	0	0	0	0	0	0	0	0	0	0	0	0	0	0	0	0	0	0	0	0	0	0	0	0	0	0	0	0	0	0	0	0	0	0	0	0	0	0	0	12	0	0	1	0	0	0	0	0	0	0	0	0	0	0	0	0	0	0	0	0	0	0	0	0	0	0	0	0	0	0	0	0	0	0	0	0	0	0	0	0	0	0	0	0	0	0	0	0	0	0	0	0	0	0	0	0	0	0	0	0	0	0	0	0	0	0	0	0	0	0	0	0	0	0	0	0	0	0	0	0	0	0	0	0	0	0	0	0	0	0	0	0	0	0	0	0	0	0	0	0	0	0	0	0	0	0	0	0	0	0	0	0	0	0	0	0	0	0	0	0	0	0	0	0	0	0	0	0	0	0	0	0	0	0	0	0	0	0	0	0	0	0	0	0	0	0	0	0	0	0	0	0	0	0	0	0	0	0	0	0	0	0	0	2	0	0	0	0	0	0	0	0	0	0	0	0	0	0	0	0	0	0	0	0	0	0	0	0	0	0	0	0	0	0	0	0	0	0	0	0	0	0	0	0	0	0	0	0	0	0	0	0	0	0	0	0	0	0	0	0	0	0	0	0	0	0	0	0	0	0	0	0	0	0	0	0	0	0	0	0	0	0	0	0	0	0	0	15	0	0	0	0	0	0	0	0	0	1	0	0	0	0	0	0	0	0	0	0	0	0	0	0	0	0	0	0	0	0	0	133	0	0	0	0	0	0	0	84	0	0	0	0	0	0	0	0	0	0	0	0	0	0	0	0	0	0	0	0	0	0	0	0	0	13	0	0	0	0	0	0	0	0	7	0	0	0	0	0	0	0	0	0	0	0	0	0	0	0	0	0	0	0	0	0	0	0	0	0	0	0	0	0	0	0	0	0	28	0	0	0	0	0	0	0	0	0	0	0	0	0	0	0	0	0	0	0	0	0	0	0	0	0	0	0	0	0	0	0	0	0	0	0	0	0	0	0	0	0	0	0	0	0	0	0	0	0	0	0	0	0	167	2	0	0	0	0	0	0	0	0	0	0	0	41	0	0	0	0	0	20	0	0	0	0	0	0	0	0	0	0	0	0	0	0	147	0	0	0	0	44	0	41	0	0	0	0	0	195	0	0	0	30	0	0	0	0	0	0	0	7	84	0	0	31	0	0	0	0	0	0	0	0	0	0	0	0	94	0	0	0	0	0	0	0	0	0	0	0	0	0	1	52	21	0	0	0	0	0	0	0	0	84	0	0	0	0	0	30	0	0	0	0	0	0	0	91	0	0	0	88	0	0	32	0	42	0	0	0	0	0	0	0	0	0	0	0	0	0	0	0	0	0	290	0	0	71	150	0	0	0	145	0	0	0	93	0	0	68	0	0	17	0	0	163	0	0	45	0	0	0	9	0	139	71	0	0	0	0	0	115	87	0	50	0	66	37	0	50	0	0	0	40	0	179	0	17	0	74	0	0	42	181	184	0	0	19	58	61	18	0	164	104	22	163	49	0	114	34	31	71	0	0	42	0	45	93	0	0	0	0	45	85	61	21	0	165	8	123	219	0	162	0	107	24	123	32	0	171	109	0	95	141	17	0	0	137	98	10	0	54	0	46	42	236	95	0	17	17	27	103	142	101	41	0	100	282	228	94	0	105	184	25	0	85	0	191	74	0	258	259	20	0	37	47	148	0	0	0	0	65	40	124	0	43	75	52	64	224	0	227	4	0	96	0	0	1	59	95	19	4	48	141	135	10	21	33	0	0	196	0	0	0	0	24	156	131	199	58	121	0
137	0	0	0	0	0	0	0	0	0	0	0	0	0	0	0	0	0	0	0	0	0	0	0	0	0	0	0	0	0	0	0	0	0	0	0	0	0	0	0	0	0	0	0	0	0	0	0	0	0	0	0	0	0	0	0	0	0	0	0	0	0	0	0	0	0	0	0	0	0	0	0	0	0	0	0	0	0	0	0	0	0	0	0	0	0	0	0	0	0	0	0	0	0	0	0	0	0	0	0	0	0	0	0	0	0	0	0	0	0	0	0	0	0	0	0	0	0	0	0	0	0	0	0	0	0	0	0	0	0	0	0	0	0	0	0	0	0	0	0	0	0	0	0	0	0	0	0	0	0	0	0	0	0	0	0	0	0	0	0	0	0	0	0	0	0	0	0	0	0	0	0	0	0	0	0	0	0	0	0	0	0	0	0	0	0	0	0	0	0	0	0	0	0	0	0	0	0	0	0	0	0	0	0	0	0	0	0	0	0	0	0	0	0	0	0	0	0	0	0	0	0	0	0	0	0	0	0	0	0	0	0	0	0	0	0	0	0	0	0	0	0	0	0	0	0	0	0	0	0	0	0	0	0	0	0	0	0	0	0	0	0	0	0	0	0	0	0	0	0	0	0	0	0	0	0	0	0	0	0	0	0	0	0	0	0	0	0	0	0	0	0	0	0	0	0	0	0	0	0	0	0	0	0	0	0	0	0	0	0	0	0	0	0	0	0	0	0	0	0	0	0	0	0	0	0	0	0	0	0	0	0	0	0	0	0	0	0	0	0	0	0	0	0	0	0	0	0	0	0	0	0	0	0	0	0	0	0	0	0	0	0	0	0	0	0	0	0	0	0	0	0	0	0	0	0	0	0	0	0	0	0	0	0	0	0	0	0	0	0	0	0	0	0	0	0	0	0	0	0	0	0	0	0	0	0	0	0	0	0	0	0	0	0	0	0	0	0	0	0	0	0	0	0	0	0	0	0	0	0	0	0	0	0	0	0	0	0	0	0	0	0	0	0	0	0	0	0	0	0	0	0	0	0	0	0	0	0	0	0	0	0	0	0	0	0	0	0	0	0	0	0	0	0	0	0	0	0	0	0	0	0	0	0	0	0	0	0	0	0	0	0	0	0	0	0	0	0	0	0	0	0	0	0	0	0	0	0	0	0	0	0	0	0	0	0	0	0	0	0	0	24	0	0	0	0	0	0	0	0	0	0	0	0	0	0	0	0	0	0	0	0	0	0	0	0	0	0	0	0	0	0	0	0	0	0	0	0	0	0	0	0	0	0	0	0	0	0	0	0	0	0	0	0	0	0	0	0	0	0	0	0	0	0	0	0	0	0	0	0	0	0	0	0	0	0	0	0	0	0	0	0	0	0	0	0	0	0	0	0	0	0	0	0	0	0	0	0	0	0	0	0	0	0	0	0	6	0	0	0	34	0	0	0	0	0	0	0	0	0	0	0	0	0	0	0	0	0	0	0	0	0	0	0	0	0	0	0	0	0	0	0	0	0	0	0	0	0	0	0	0	0	0	25	0	0	0	0	0	0	0	0	0	0	0	0	0	0	0	0	0	0	0	0	0	0	0	0	0	0	0	0	0	0	0	0	0	16	0	0	0	0	0	0	0	0	0	0	0	0	0	0	0	0	0	0	0	0	0	0	0	0	0	0	0	0	0	0	0	0	0	0	0	0	0	0	0	0	0	0	0	0	0	0	0	0	0	0	0	0	0	25	0	0	0	0	0	0	0	0	0	0	0	0	0	0	0	0	0	0	10	0	0	0	0	0	0	0	0	0	0	0	0	0	0	63	0	0	0	0	0	0	3	0	0	0	0	0	50	15	0	0	22	0	0	1	0	0	0	0	11	131	0	0	37	24	0	0	0	0	0	0	0	0	0	0	0	28	0	0	0	0	0	0	0	0	0	0	0	0	0	0	217	18	0	0	0	0	0	0	0	0	3	0	0	0	0	0	60	0	0	0	0	0	0	0	7	0	0	0	13	0	0	68	0	242	0	0	6	0	0	0	0	0	0	0	0	0	0	0	0	0	0	182	0	0	81	190	71	3	0	273	0	0	0	49	0	0	249	0	0	48	0	0	120	0	0	118	0	0	0	0	31	93	152	0	0	0	0	0	21	57	0	14	0	190	27	0	135	0	0	0	306	0	24	0	0	0	245	0	0	332	128	28	0	0	41	303	19	0	0	13	69	28	44	57	0	194	111	20	63	0	0	178	0	20	89	50	0	0	0	5	278	204	95	0	30	85	58	30	0	51	0	100	73	6	285	0	167	94	0	27	89	53	0	0	161	128	0	0	137	0	44	111	115	34	0	102	44	105	81	171	195	115	0	8	50	205	57	0	149	125	118	0	57	0	171	102	0	14	49	131	0	25	95	55	0	0	0	0	56	56	88	0	63	134	97	193	43	0	89	0	0	9	0	0	0	134	83	17	177	26	206	59	145	112	54	0	0	115	0	9	0	0	58	6	165	229	176	44	0
138	0	0	0	0	0	0	0	0	0	0	0	0	0	0	0	0	0	0	0	0	0	0	0	0	0	0	0	0	0	0	0	0	0	0	0	0	0	0	0	0	0	0	0	0	0	0	0	0	0	0	0	0	0	0	0	0	0	0	0	0	0	0	0	0	0	0	0	0	0	0	0	0	0	0	0	0	0	0	0	0	0	0	0	0	0	87	0	0	0	0	0	0	0	0	0	0	0	0	0	0	0	0	0	0	0	0	0	0	0	0	0	0	0	0	0	0	0	0	0	0	0	0	0	0	0	0	0	0	0	0	0	0	0	0	0	0	0	0	0	0	0	0	0	0	0	0	0	0	0	0	0	0	0	0	0	0	0	0	0	0	0	0	0	9	0	0	0	0	0	0	0	0	0	0	0	0	0	0	0	0	0	0	0	0	0	0	0	0	0	0	0	0	0	0	0	0	0	0	0	0	0	0	0	0	0	0	0	0	0	0	0	0	0	0	0	0	0	0	0	0	0	0	0	0	0	0	0	0	0	0	0	0	0	0	0	0	0	0	0	0	0	0	0	0	0	0	0	0	0	0	0	0	0	0	0	0	0	0	0	0	0	0	0	0	0	0	0	0	0	0	0	0	0	0	0	0	0	0	0	0	0	0	0	0	0	0	0	0	0	0	0	0	0	0	0	0	0	0	0	0	0	0	0	0	0	0	0	0	0	0	0	0	0	0	0	0	0	2	0	0	0	0	0	0	0	0	0	0	0	0	0	0	0	0	0	0	0	0	0	0	0	0	0	0	0	0	0	0	0	0	0	0	0	0	0	0	0	0	0	0	0	0	0	0	0	0	0	0	0	0	0	0	0	0	0	0	0	0	0	0	0	0	0	0	0	0	0	0	0	0	0	0	0	0	0	0	0	0	0	0	0	0	0	0	0	0	0	0	0	0	0	0	0	0	0	0	0	0	0	0	0	0	0	0	0	0	0	0	0	0	0	0	0	0	0	0	0	0	0	0	0	0	0	0	0	0	0	0	0	0	0	0	5	0	0	0	0	0	0	0	0	0	0	0	0	0	0	0	0	0	0	0	0	0	0	0	0	0	0	0	0	0	0	0	0	0	0	0	0	0	0	0	0	0	0	0	0	0	0	0	0	0	0	0	0	0	0	0	0	0	0	0	0	0	0	0	0	0	0	0	0	0	0	0	0	0	0	0	0	0	0	0	0	0	0	0	0	0	0	0	0	0	0	0	0	0	0	0	0	0	0	0	0	0	0	0	0	0	0	0	0	0	0	0	0	0	0	0	0	0	0	0	0	0	0	0	0	0	0	0	0	0	0	0	0	0	0	0	0	0	0	0	0	0	0	0	0	0	0	0	0	0	0	0	0	0	0	0	0	0	0	0	0	0	0	0	0	0	0	0	0	0	0	0	33	0	0	0	0	0	0	0	0	0	0	0	0	0	0	0	0	0	0	0	0	0	0	0	0	0	0	0	0	0	0	0	0	0	0	0	0	0	0	0	0	0	0	0	0	0	0	0	0	0	0	4	0	0	0	0	0	0	0	0	5	0	0	0	0	0	0	0	0	0	0	0	0	0	0	0	0	0	0	0	0	0	107	0	0	0	0	0	0	0	0	0	0	0	0	16	0	0	0	0	0	0	0	0	0	0	0	0	4	0	0	0	0	0	0	0	0	0	4	0	0	0	0	0	0	0	0	0	0	0	0	0	0	0	0	0	37	0	0	0	0	0	0	0	0	0	0	0	0	0	0	0	0	0	0	64	0	0	0	0	0	0	0	0	0	0	0	0	0	0	30	0	0	0	0	0	0	2	0	0	0	0	0	3	10	0	0	47	0	0	0	0	0	0	23	30	106	0	0	58	31	0	0	0	0	0	0	0	0	0	0	0	34	0	0	0	0	0	0	0	0	0	0	0	0	0	0	166	0	0	0	0	0	0	0	0	0	110	0	0	0	0	0	12	0	0	0	0	0	0	0	0	0	0	0	222	0	0	424	0	34	0	0	0	0	0	0	0	0	0	0	0	0	0	0	0	0	0	41	0	0	104	34	10	0	0	22	0	0	0	147	0	0	147	0	0	218	0	0	51	0	0	15	0	0	0	0	0	11	125	0	0	0	2	0	30	104	0	65	0	13	0	0	11	0	0	0	182	0	8	0	0	0	19	0	0	97	118	106	0	0	6	43	244	0	0	113	36	77	102	31	0	92	30	0	34	0	0	7	0	115	59	0	0	0	0	24	59	70	29	0	114	37	97	117	0	131	0	68	39	161	34	0	149	155	0	284	54	84	7	0	85	133	0	0	61	0	239	16	35	156	0	13	78	327	89	213	120	20	0	96	27	165	27	0	42	64	127	0	117	0	114	46	0	212	94	36	0	57	288	72	0	0	0	0	73	60	87	0	91	63	115	17	332	0	84	0	0	54	0	0	0	174	71	37	51	68	103	0	26	180	18	0	0	44	0	0	0	0	30	94	31	43	174	54	0
139	0	0	0	0	0	0	0	0	0	0	0	0	0	0	0	0	0	0	0	0	0	0	0	0	0	0	0	0	0	0	0	0	0	0	0	0	0	0	0	0	0	0	0	0	34	0	0	0	0	0	0	0	0	0	0	0	0	0	0	0	0	0	0	0	0	0	0	0	0	0	0	0	0	0	0	0	0	0	0	0	0	0	0	0	0	0	0	0	0	0	0	0	0	0	0	0	0	0	0	0	0	0	0	0	0	0	0	0	0	0	0	0	0	0	0	0	0	0	0	0	0	0	0	0	0	0	0	0	0	0	0	0	0	0	0	0	0	0	0	0	0	0	0	0	0	0	0	0	0	0	0	0	0	0	0	0	0	0	0	0	0	0	0	0	0	0	0	0	0	0	0	0	0	0	0	0	0	0	0	0	0	0	0	0	0	0	0	0	0	0	0	0	0	0	0	0	0	0	0	0	0	0	0	0	0	0	0	0	0	0	0	0	0	0	0	0	0	0	0	0	0	0	0	0	2	0	0	0	0	0	0	0	0	0	0	0	0	0	0	0	0	0	0	0	0	0	0	0	0	0	24	0	0	0	0	0	0	0	0	0	0	0	1	0	0	0	0	0	0	0	0	0	0	0	0	0	0	0	0	0	0	0	0	0	0	0	0	0	0	0	0	0	0	0	0	0	0	0	0	0	0	0	0	0	0	0	0	0	0	0	0	0	0	0	0	0	0	0	0	0	0	0	0	0	0	0	0	0	0	0	0	0	1	0	0	0	0	0	0	0	0	0	0	0	0	0	0	0	0	0	0	0	0	0	0	0	0	0	0	0	0	0	0	0	0	0	0	0	0	0	0	0	0	0	0	0	0	0	0	0	0	0	0	0	0	0	0	0	0	0	0	0	0	0	0	0	0	0	0	0	0	0	0	0	0	0	0	0	0	0	0	0	0	0	0	0	0	0	0	0	0	0	0	0	0	0	0	0	0	0	0	0	0	0	0	0	0	0	0	0	0	0	0	0	0	0	0	0	0	0	0	0	0	0	0	0	0	0	0	0	0	0	0	0	0	0	0	0	0	0	0	0	0	0	0	0	0	0	0	0	0	0	0	0	0	0	0	0	0	0	0	0	0	0	0	0	0	0	0	0	0	0	0	0	0	0	0	0	0	0	0	0	0	0	0	0	0	0	0	0	0	0	0	0	0	0	0	0	0	0	0	0	0	0	0	0	0	0	0	0	0	0	0	0	0	0	0	0	0	0	0	0	0	0	0	0	0	0	0	0	0	0	0	0	0	0	0	0	0	0	0	0	0	0	0	0	0	0	0	0	0	0	0	0	0	0	0	0	0	0	9	0	0	0	0	0	0	0	0	0	0	0	0	0	0	0	0	0	0	0	0	0	0	0	0	0	0	0	0	0	0	0	0	0	0	0	0	0	0	20	0	0	0	0	0	0	0	0	0	0	0	0	0	0	0	0	0	0	0	0	0	0	0	0	0	0	0	0	0	0	0	0	0	0	0	0	0	0	0	0	0	0	30	0	0	0	0	0	0	0	0	0	0	0	0	0	0	0	0	0	0	0	28	0	0	0	0	0	0	0	0	0	0	0	0	0	37	0	0	0	0	0	0	0	0	0	0	0	0	0	0	0	0	0	0	0	0	0	0	0	0	0	0	0	0	0	0	0	0	0	0	0	0	0	0	0	0	0	0	0	0	0	0	0	0	0	0	0	0	0	199	0	0	0	0	0	0	0	0	0	0	0	0	0	0	0	0	0	0	27	0	0	0	0	0	0	0	0	0	0	0	0	0	0	86	0	0	0	0	0	0	58	0	0	0	0	0	0	0	0	0	119	0	0	0	0	0	0	0	215	72	0	0	135	1	0	0	0	0	0	0	0	0	0	0	0	43	0	0	0	0	0	0	0	0	0	0	0	0	0	0	71	0	0	0	0	0	0	0	0	0	128	0	0	0	0	0	91	0	0	0	0	0	0	0	0	0	0	0	124	0	0	198	0	131	0	0	0	0	0	0	0	0	0	0	0	0	0	0	0	0	0	53	0	0	74	15	0	0	0	293	0	0	0	154	0	0	48	0	0	180	0	0	172	0	0	60	0	0	2	0	0	78	51	0	0	0	0	0	111	91	0	101	0	105	23	0	102	0	0	0	179	0	340	0	0	0	81	0	0	65	86	140	0	0	46	30	30	0	0	167	33	57	55	134	0	128	96	37	117	0	0	24	0	22	197	0	0	0	0	181	35	153	143	0	217	72	3	169	0	49	0	158	174	104	68	0	114	84	0	12	140	28	0	0	76	31	0	0	207	0	62	106	100	140	0	76	77	226	95	51	23	41	0	94	95	75	196	0	87	148	58	0	107	0	153	120	0	102	60	32	0	181	186	91	0	0	0	0	32	40	5	0	198	125	92	75	41	0	21	4	0	172	0	0	74	54	65	115	97	63	36	0	27	14	128	0	0	62	0	0	0	0	68	81	238	29	72	189	0
140	0	0	0	0	0	0	0	0	0	0	0	0	0	0	0	0	0	0	0	0	0	0	0	0	0	0	0	0	56	0	0	0	0	0	0	0	0	0	0	0	0	0	0	0	0	0	0	0	0	0	0	0	0	0	0	0	0	0	0	0	0	0	0	0	0	0	0	0	0	0	0	0	0	0	0	0	0	0	0	0	0	0	0	0	0	0	0	0	0	0	0	0	0	0	0	0	0	0	0	0	0	0	0	0	0	0	0	0	0	0	0	0	0	0	0	0	0	0	0	0	0	0	0	0	0	0	0	0	0	0	0	0	0	0	0	0	0	0	0	0	0	0	0	0	0	0	0	0	0	0	0	0	0	0	0	0	0	0	0	0	0	0	0	0	0	0	0	0	0	0	0	0	0	0	0	0	0	0	0	0	0	0	0	0	0	0	0	0	0	0	0	0	0	0	0	0	0	0	0	0	0	0	0	0	0	0	0	0	0	0	0	0	0	0	0	0	0	0	0	0	0	0	0	0	0	0	0	0	0	0	0	0	5	0	0	0	0	0	0	0	0	0	0	0	0	0	0	0	0	0	0	0	0	0	0	0	0	0	0	0	0	0	0	0	0	0	0	0	0	0	0	0	0	0	0	0	0	0	0	0	0	0	0	0	0	0	0	0	0	0	0	0	0	0	0	0	0	0	0	0	0	0	0	0	0	0	0	0	0	0	0	0	0	0	0	0	0	0	0	0	0	0	0	0	0	0	0	0	0	0	0	0	0	0	0	0	0	0	0	0	0	0	0	0	0	0	0	0	0	0	0	0	0	0	0	0	0	0	0	0	0	0	0	0	0	0	0	0	0	0	0	0	0	0	0	0	0	0	0	0	0	0	0	0	0	0	0	0	0	0	0	0	0	0	0	0	0	0	0	0	0	0	0	0	0	0	0	0	0	0	0	0	0	0	0	0	0	0	0	0	0	0	0	0	0	0	0	0	0	0	0	0	0	0	0	0	0	0	0	0	0	0	0	0	0	0	0	0	0	0	0	0	0	0	0	0	0	0	0	0	0	0	0	0	0	0	0	0	0	0	0	0	0	0	0	0	0	0	0	0	0	0	0	0	0	0	0	0	0	0	0	0	0	0	0	0	0	0	0	0	0	0	0	0	0	0	0	0	3	0	0	0	0	0	0	0	0	0	0	0	0	0	0	0	0	0	0	0	0	0	0	0	0	0	0	0	0	0	0	0	0	0	0	0	0	0	0	0	0	0	0	0	0	0	0	0	0	0	0	0	0	0	0	0	0	0	0	0	0	0	0	0	0	0	0	0	0	0	0	0	0	0	0	0	0	0	0	0	0	0	0	0	0	0	0	0	0	9	1	27	0	0	0	0	0	0	0	0	0	0	0	0	0	0	0	0	0	0	0	0	0	0	0	0	0	0	0	0	0	31	0	0	0	0	0	0	0	0	0	0	0	0	6	0	0	0	0	0	0	0	0	0	0	0	0	0	0	0	0	0	0	0	0	0	0	0	0	0	1	0	0	0	69	0	0	0	0	0	0	0	0	0	0	0	0	0	0	0	0	0	0	0	0	0	0	0	0	0	0	0	0	0	0	0	0	0	130	0	0	0	0	0	0	0	0	0	0	0	0	0	0	87	0	0	0	0	0	0	0	0	0	0	0	0	0	0	0	0	0	0	0	0	0	0	0	0	0	0	0	0	0	0	0	0	0	0	0	0	0	0	42	0	0	0	0	0	0	0	0	0	0	0	0	0	0	2	0	0	0	38	0	0	0	0	0	0	0	0	0	0	0	0	0	0	148	0	0	0	0	0	0	81	0	0	0	0	0	9	0	0	0	279	0	0	16	0	0	0	0	154	2	0	0	123	2	0	0	0	0	0	0	0	0	0	0	0	0	0	0	0	0	0	0	0	0	0	0	0	0	0	0	309	0	0	0	0	0	0	0	0	18	20	0	0	0	0	0	68	0	0	0	0	0	0	0	5	0	0	0	30	0	0	209	0	92	0	0	0	0	0	0	23	0	0	0	0	0	0	0	0	0	0	340	0	0	298	142	0	0	0	55	0	0	0	40	0	0	25	0	0	224	0	0	104	0	0	314	0	0	0	0	0	141	154	0	0	0	0	0	108	276	0	115	0	132	0	0	27	0	0	0	122	0	35	0	0	0	161	0	0	23	90	101	0	0	44	44	104	2	0	94	191	254	37	132	0	231	17	74	37	0	0	128	0	23	132	0	0	0	11	81	166	20	56	0	181	131	51	70	0	37	0	79	116	24	22	0	128	243	0	22	49	27	0	0	89	126	0	0	67	0	36	82	27	68	0	88	151	35	217	140	173	33	0	218	145	78	111	0	39	52	70	0	43	0	76	31	0	96	130	27	0	100	16	83	0	0	0	0	65	90	115	0	129	29	78	61	102	0	85	38	0	23	0	0	0	44	42	153	58	78	27	3	14	113	52	0	0	221	0	0	0	0	0	39	96	224	74	64	0
141	0	0	0	0	0	0	0	0	0	0	0	0	0	0	0	0	0	0	0	0	0	0	0	0	0	0	0	0	0	0	0	0	0	0	0	0	0	0	0	0	0	0	0	29	0	0	0	0	0	0	0	0	0	0	0	0	0	0	0	0	0	0	0	0	0	0	0	0	0	0	0	0	0	0	0	0	0	0	0	0	0	0	0	0	0	0	0	0	0	0	0	0	0	0	0	0	0	0	0	0	0	0	0	0	0	0	0	0	0	0	0	0	0	0	0	0	0	0	0	0	0	0	0	0	0	0	0	0	0	0	0	0	0	0	0	0	0	0	0	0	0	0	0	0	0	0	0	0	0	0	0	0	0	0	0	0	0	0	0	0	0	0	0	0	0	0	0	0	0	0	0	0	0	0	0	0	0	0	0	0	0	0	0	0	0	0	0	0	0	0	0	0	0	0	0	0	0	0	0	0	0	0	0	0	0	0	0	0	0	0	0	0	0	0	0	0	0	0	0	0	0	0	0	0	0	0	0	0	0	0	0	0	0	0	0	0	0	0	0	0	0	0	0	0	0	0	0	0	0	0	0	0	0	0	0	0	0	0	0	0	0	0	0	0	0	0	0	0	0	0	0	0	0	0	0	0	0	0	0	0	0	0	0	0	0	0	0	0	0	0	0	0	0	0	0	0	0	0	0	0	0	0	0	0	0	0	0	0	0	0	0	0	0	0	0	0	0	0	0	0	0	0	0	0	0	0	0	0	0	0	0	0	0	0	0	0	0	0	0	0	0	0	0	0	0	0	0	0	0	0	0	0	0	0	0	0	0	0	0	0	0	0	0	0	0	0	0	0	0	0	0	0	0	0	0	0	0	0	0	0	0	0	0	0	0	0	0	0	0	0	0	0	0	0	0	0	0	0	0	0	0	0	0	0	0	0	0	0	0	0	0	0	0	0	0	0	0	0	0	0	0	0	0	0	0	0	0	0	0	0	0	0	0	0	0	0	0	0	0	0	0	0	0	0	0	0	0	0	0	0	0	0	0	2	0	0	0	0	0	0	0	0	0	0	0	0	0	0	0	0	0	0	0	0	0	0	0	0	0	0	0	0	0	0	0	0	0	0	0	0	0	0	0	0	0	0	0	0	0	0	0	0	0	0	0	0	0	0	0	0	0	0	0	0	0	0	0	0	0	0	0	0	0	0	0	0	0	0	0	0	0	0	0	0	0	0	0	0	0	0	0	0	0	0	0	0	0	0	0	0	0	0	0	0	0	0	0	0	0	0	0	0	0	0	0	0	0	0	0	0	0	0	0	0	0	4	0	0	0	0	0	0	0	0	0	0	0	0	0	0	0	0	0	0	0	0	0	0	0	0	0	0	0	70	0	0	0	0	0	0	0	0	0	0	0	0	0	0	0	0	0	0	0	0	63	0	0	0	0	20	0	0	0	0	0	0	0	0	0	0	0	0	0	0	0	0	0	0	0	0	0	0	0	0	0	0	0	0	0	0	0	0	0	0	0	0	0	0	0	0	0	0	0	0	0	0	0	0	0	0	0	0	0	0	0	0	0	0	0	0	0	0	0	0	0	0	0	0	0	0	0	0	0	0	0	0	7	0	0	0	0	0	0	0	0	0	0	0	0	0	0	0	0	0	0	0	0	0	0	0	0	0	1	0	0	0	0	0	0	0	0	0	0	0	0	0	0	0	0	0	0	0	0	0	0	0	0	0	0	0	23	46	0	0	0	0	0	0	0	0	0	0	0	0	0	0	0	0	0	93	0	0	0	0	0	0	0	0	0	0	0	0	0	0	46	0	0	0	0	0	0	20	0	0	0	0	0	67	0	0	0	17	0	0	86	0	0	0	0	85	31	0	0	109	59	0	0	0	0	0	0	0	0	0	0	0	0	0	0	0	0	0	0	0	0	0	0	0	0	0	0	25	0	0	0	0	0	0	0	0	0	122	0	0	0	0	0	49	0	0	0	0	0	0	0	0	0	0	0	119	0	0	54	0	35	0	0	0	0	0	0	0	0	0	0	0	0	0	0	0	0	0	29	0	0	107	73	0	1	0	30	0	0	0	162	0	0	67	0	0	244	2	0	49	0	0	23	0	0	0	0	0	127	103	0	0	0	0	0	148	78	0	239	0	114	10	0	137	0	0	0	65	0	184	0	0	0	17	0	0	65	101	43	0	0	108	62	34	0	0	111	141	99	129	93	0	67	67	0	151	0	0	85	0	268	85	0	0	0	0	148	157	40	45	0	111	167	47	81	0	29	0	238	94	106	135	0	169	221	0	54	185	116	0	0	90	138	0	0	39	0	181	49	20	136	0	75	147	130	43	81	41	54	0	88	99	46	8	0	78	40	76	0	47	0	106	86	0	150	104	145	0	46	286	68	0	0	0	0	56	66	49	0	103	239	80	207	69	0	311	0	0	123	0	0	0	141	249	68	52	37	28	41	54	175	37	0	0	235	0	1	0	0	19	7	303	138	133	18	0
142	0	0	0	0	0	0	0	0	0	0	0	0	0	0	0	0	0	0	0	0	0	0	0	0	0	0	0	0	0	0	0	0	0	0	0	0	0	0	0	0	0	0	0	0	0	0	0	0	0	0	0	0	0	0	0	0	0	0	0	0	0	0	0	0	0	0	0	0	0	0	0	0	0	0	0	0	0	0	0	0	0	0	0	0	0	0	0	0	0	0	0	0	0	0	0	0	0	0	0	0	0	0	0	0	0	0	0	0	0	0	0	0	0	0	0	0	0	0	0	0	0	0	0	0	0	0	0	0	0	0	0	0	0	0	0	0	0	0	0	0	0	0	0	0	0	0	0	0	0	0	0	0	0	0	0	0	0	0	0	0	0	0	0	0	0	0	0	0	0	0	0	0	0	0	0	0	0	0	0	0	0	0	0	0	0	0	0	0	0	0	0	0	0	0	0	0	0	0	0	0	0	0	0	0	0	0	0	0	0	0	0	0	0	0	0	7	0	0	0	0	0	0	0	0	0	0	0	0	0	0	0	0	0	0	0	0	0	0	0	0	0	0	0	0	0	0	0	0	0	0	0	0	0	0	0	0	0	0	0	0	0	0	0	0	0	0	0	0	0	0	0	0	0	0	0	0	0	0	0	0	0	0	0	0	0	0	0	0	0	0	0	0	0	0	0	0	0	0	0	0	0	0	0	0	0	0	0	0	0	0	0	0	0	0	0	0	0	0	0	0	0	0	0	0	0	0	0	0	0	0	0	0	0	0	0	0	0	0	0	0	0	0	0	0	0	0	0	0	0	0	0	0	0	0	0	0	0	0	0	0	0	0	0	0	0	0	0	0	0	0	0	0	0	0	0	0	0	0	0	0	0	0	0	0	0	0	0	0	0	0	0	0	0	0	0	0	0	0	0	0	0	0	0	0	0	0	0	0	0	0	0	0	0	0	0	0	0	0	0	0	0	0	0	0	0	0	0	0	0	0	0	0	0	0	0	0	0	0	0	0	0	0	0	0	0	0	0	0	0	0	0	0	0	0	0	0	0	0	0	0	0	0	0	0	0	0	0	0	0	0	0	0	0	0	0	0	0	0	0	0	0	0	0	0	0	0	0	0	0	0	0	0	0	0	0	0	0	0	0	0	0	0	0	0	0	0	0	0	0	0	0	0	0	1	0	0	0	0	0	0	0	0	0	0	0	0	0	0	0	0	0	0	0	0	0	0	0	0	0	0	0	0	0	0	0	0	0	0	0	0	0	0	0	0	0	0	0	0	0	0	0	0	0	0	0	0	0	0	0	0	0	0	0	0	0	0	0	0	0	0	0	0	0	0	0	0	0	0	0	0	0	0	0	0	0	0	0	0	0	0	0	0	0	0	0	2	0	0	0	0	0	0	0	0	0	0	0	0	0	0	0	0	0	0	0	0	0	0	0	153	0	0	0	0	0	0	0	0	0	0	0	0	0	0	0	0	0	0	0	0	0	0	0	0	0	0	0	0	0	0	0	0	0	0	0	0	8	0	0	0	0	0	4	0	0	0	0	0	0	0	0	0	0	0	0	0	0	0	0	0	0	0	0	0	0	0	0	0	0	0	0	0	0	0	0	0	42	0	0	0	0	0	0	0	0	0	0	0	0	0	0	0	0	0	0	0	0	0	0	0	0	0	0	0	0	0	0	0	0	0	0	0	0	0	0	0	0	0	0	0	0	0	0	0	0	0	0	0	0	0	235	7	0	0	0	0	0	0	0	0	0	0	0	0	0	43	0	0	0	170	0	0	0	0	0	0	0	0	0	0	0	0	0	0	180	0	0	0	0	0	0	89	0	0	0	0	0	50	0	0	1	73	0	0	0	0	0	0	0	48	30	0	0	25	0	0	0	0	0	0	0	0	0	0	0	0	22	0	0	0	0	0	0	0	0	0	0	0	0	0	0	94	0	0	0	0	0	0	0	0	1	67	0	0	0	0	0	132	0	0	0	0	0	0	0	0	0	0	0	175	0	0	12	0	120	0	0	0	0	0	0	0	0	0	0	0	0	0	0	0	0	0	24	0	0	240	24	0	37	0	57	0	0	0	173	0	0	98	0	0	412	0	0	39	0	0	3	0	0	0	1	0	38	83	0	0	0	0	0	190	61	0	143	0	38	0	0	59	0	0	0	161	0	120	0	0	0	8	11	0	54	98	121	0	0	167	24	70	0	0	48	129	73	105	56	0	79	41	2	34	0	0	184	0	43	118	0	0	0	0	42	88	72	147	0	180	109	33	52	0	177	0	18	40	43	10	0	67	77	0	81	69	65	0	0	17	42	0	0	184	0	109	26	153	48	0	206	64	73	19	118	103	34	0	96	109	169	28	0	53	35	214	0	45	0	137	22	0	132	271	103	0	59	28	113	0	0	0	0	96	71	101	0	140	108	57	102	56	0	38	15	0	64	0	0	0	72	48	80	71	232	166	85	173	69	264	0	0	22	0	0	0	0	271	90	145	6	108	108	0
143	0	0	0	0	0	0	0	0	0	0	0	0	0	0	0	0	0	0	0	0	0	0	0	0	0	0	0	0	0	0	0	0	0	0	0	0	0	0	0	0	0	0	0	0	0	0	0	0	0	0	0	0	0	0	0	0	0	0	0	0	0	0	0	0	0	0	0	0	0	0	0	0	0	0	0	0	0	0	0	0	0	0	0	0	0	0	0	0	0	0	0	0	0	0	0	0	0	0	0	0	0	0	0	0	0	0	0	0	0	0	0	0	0	0	0	0	0	0	0	0	0	0	0	0	0	0	0	0	0	0	0	0	0	0	0	0	0	0	0	0	0	0	0	0	0	0	0	0	0	0	0	0	0	0	0	0	0	0	0	0	0	0	0	0	0	0	0	0	0	0	0	0	0	0	0	0	0	0	0	0	0	0	0	0	0	0	0	0	0	0	0	0	0	0	0	0	0	0	0	0	0	0	0	0	0	0	0	0	0	0	0	0	0	0	0	0	0	0	0	0	0	0	0	0	0	0	0	0	0	0	0	15	0	0	0	0	0	0	0	0	0	0	0	0	0	0	0	0	0	0	0	0	0	0	0	0	0	0	0	0	2	0	0	0	0	0	0	0	0	0	0	0	0	0	0	0	0	0	0	0	0	0	0	0	0	0	0	0	0	0	0	0	0	0	0	0	0	0	0	0	0	0	0	0	0	0	0	0	0	0	0	0	0	0	0	0	0	0	0	0	0	0	0	0	0	0	0	0	0	0	0	0	0	0	0	0	0	0	0	0	0	0	0	0	0	0	0	0	0	0	0	0	0	0	0	0	0	0	0	0	0	0	0	0	0	0	0	0	0	0	0	0	0	0	0	0	0	0	0	0	0	0	0	0	0	0	0	0	0	0	0	0	0	0	0	0	0	0	0	0	0	0	0	0	0	0	0	0	0	0	0	0	0	0	0	0	0	0	0	0	0	0	0	0	0	0	0	0	2	0	0	0	4	0	0	0	0	0	0	0	0	0	0	0	0	0	0	0	0	0	0	0	0	0	0	0	0	0	0	0	0	0	0	0	0	0	0	0	0	0	0	0	0	0	0	5	0	0	0	0	0	0	0	0	0	0	0	0	0	0	0	0	0	0	0	0	0	0	0	0	0	0	0	0	0	0	0	0	0	0	0	0	0	0	0	0	0	0	0	0	0	0	0	0	0	0	0	0	0	0	0	0	0	0	0	0	0	0	0	0	0	0	0	0	0	0	0	0	0	0	0	0	0	0	0	0	0	0	0	0	0	0	0	0	0	0	0	0	0	0	0	0	1	0	0	0	0	0	0	0	0	0	0	0	0	0	0	0	0	0	0	0	0	0	0	0	0	0	0	0	0	0	0	0	0	0	0	0	0	0	0	0	0	0	0	0	0	0	0	0	0	0	0	0	31	0	0	0	0	57	0	0	0	0	0	0	0	0	0	0	0	0	0	0	0	0	0	0	0	0	0	0	0	0	0	0	0	0	0	0	0	0	0	0	0	0	0	0	0	0	0	0	56	0	0	0	0	0	0	0	0	0	0	0	0	0	0	0	0	0	0	0	0	0	0	0	0	0	0	0	0	0	0	0	0	0	101	0	0	0	0	0	0	0	0	0	0	0	0	0	0	2	0	0	0	0	0	0	0	0	0	0	0	0	0	0	0	0	0	0	0	0	1	0	0	0	0	0	0	0	0	0	0	0	0	0	0	0	0	0	320	0	0	0	0	0	0	0	0	0	0	0	0	0	0	0	0	0	0	59	0	0	0	0	0	0	0	0	0	0	0	0	0	0	158	0	0	0	0	0	0	20	8	0	0	0	0	9	0	0	0	130	0	0	75	0	0	0	0	0	75	0	0	46	142	0	0	0	0	0	0	0	0	0	0	0	36	0	0	0	0	0	0	0	0	0	0	0	1	0	0	10	0	0	0	0	0	0	0	0	0	48	0	0	0	0	0	125	0	0	0	0	0	0	0	0	0	0	0	86	0	0	116	0	101	0	0	0	0	0	0	23	0	0	0	0	0	0	0	0	0	0	145	0	0	91	97	0	4	0	181	0	0	0	66	0	0	89	0	0	78	0	0	58	0	0	8	0	0	0	17	0	22	88	0	0	0	0	0	68	113	0	273	0	48	159	0	39	0	0	0	193	0	60	0	0	0	78	0	0	34	70	162	0	0	64	201	42	30	0	28	181	108	122	196	0	106	47	0	70	0	0	70	0	432	116	0	0	0	0	143	323	157	141	0	123	26	59	173	0	130	0	39	113	49	192	0	143	86	0	27	30	61	0	0	132	13	0	0	57	0	199	34	82	58	0	119	55	31	53	33	185	174	0	114	9	126	89	0	50	216	110	0	105	0	127	75	0	4	154	19	0	67	234	30	0	0	0	0	150	294	30	0	184	139	157	31	159	0	174	46	0	216	0	0	0	108	121	79	158	16	131	0	13	42	61	0	0	20	0	0	0	0	48	104	21	53	93	39	0
144	0	0	0	0	0	0	0	0	0	0	0	0	0	0	0	0	0	0	0	0	0	0	0	0	0	0	30	0	0	0	0	0	0	0	0	0	0	0	0	0	0	0	0	0	0	0	0	0	0	0	0	0	0	0	0	0	0	0	0	0	0	0	0	0	0	0	11	0	0	0	0	0	0	0	0	0	0	0	0	0	0	0	0	0	0	0	0	0	0	0	0	0	0	0	0	0	0	0	0	0	0	0	0	0	0	0	0	0	0	0	0	0	0	0	0	0	0	0	0	0	0	0	0	0	0	0	0	0	0	0	0	0	0	0	0	0	0	0	0	0	0	0	0	0	0	0	1	0	0	0	0	0	0	22	0	0	0	0	0	0	0	0	0	0	0	0	0	0	0	0	0	0	0	0	0	0	0	0	0	0	0	0	0	0	0	0	0	0	0	0	0	0	0	0	0	0	0	0	0	0	0	0	0	0	0	0	0	0	0	0	0	0	0	0	0	0	0	0	0	0	0	0	0	0	0	0	0	0	0	0	0	0	0	0	0	0	0	0	0	0	0	0	0	0	0	0	0	0	0	0	1	0	0	0	0	0	0	0	0	0	0	0	0	0	0	0	0	0	0	0	0	0	0	0	0	0	0	0	0	0	0	0	0	0	0	0	0	0	0	0	0	0	0	0	0	0	0	0	0	0	0	0	0	0	0	0	0	0	0	0	0	0	0	0	0	0	0	0	0	0	0	0	0	0	0	0	0	0	0	0	0	0	0	0	0	0	3	0	0	0	0	0	0	0	0	0	0	0	0	0	0	0	0	0	0	0	0	0	0	0	0	0	2	0	0	0	0	0	0	0	0	0	0	0	0	0	0	0	0	0	0	0	0	0	0	0	0	0	0	0	0	0	0	0	0	0	0	0	0	0	0	0	0	0	0	0	0	0	0	0	0	0	0	0	0	0	0	0	0	0	0	0	0	0	0	0	0	0	0	0	0	0	0	0	0	0	0	0	0	0	0	0	0	0	0	0	0	0	0	0	0	0	0	0	0	0	0	0	0	0	0	0	0	0	0	0	0	0	0	0	0	0	0	0	0	0	0	0	0	0	0	0	0	0	0	0	0	0	0	0	0	0	0	0	0	0	0	0	0	0	0	0	0	0	0	0	0	0	0	0	0	0	0	0	0	0	0	0	0	0	0	0	0	0	0	0	0	0	0	0	0	0	0	0	0	0	0	0	0	0	0	0	0	0	0	0	0	0	0	0	0	0	0	0	0	0	0	0	0	0	0	0	0	0	0	0	0	0	0	0	0	0	0	0	0	0	0	0	0	0	0	0	0	0	0	0	0	0	0	0	0	0	0	0	0	0	0	0	0	0	0	0	0	0	0	0	0	0	0	0	0	0	0	0	0	0	0	0	0	0	0	0	0	0	9	0	0	0	0	111	0	0	0	0	0	0	0	0	0	0	0	0	0	0	0	0	0	0	0	0	0	0	0	0	0	0	0	0	0	0	0	0	0	0	0	0	0	0	0	0	0	0	117	0	0	0	0	0	0	0	0	0	0	0	0	0	0	0	0	0	0	0	0	0	0	0	0	0	0	0	0	0	0	0	0	0	18	0	0	0	0	0	0	0	0	0	0	0	0	0	0	38	0	0	0	0	0	0	0	0	0	0	0	0	0	0	0	0	0	0	0	0	0	0	0	0	0	0	0	0	0	0	0	0	0	0	0	0	0	0	43	16	0	0	0	0	0	0	0	0	0	0	0	0	0	0	0	0	0	112	0	0	0	0	0	0	0	0	0	0	0	0	0	0	206	0	0	0	0	0	0	7	0	0	0	0	0	10	0	0	0	126	0	0	0	0	0	0	8	1	89	0	0	37	28	1	0	0	0	0	0	0	0	0	0	0	46	0	0	0	0	0	0	28	0	0	0	0	0	0	0	42	0	0	0	0	0	0	0	0	0	151	0	0	0	0	0	29	0	0	0	0	0	0	0	3	0	0	0	31	0	0	350	0	172	0	0	0	0	0	0	0	0	0	0	0	0	0	0	0	0	0	162	0	0	290	57	0	69	0	47	0	0	0	10	0	0	149	0	0	71	0	0	62	0	0	64	0	0	0	0	0	62	34	0	0	39	0	0	115	95	0	69	0	112	22	0	110	0	0	0	6	0	4	0	0	0	370	0	0	67	13	14	27	2	248	105	89	0	0	76	65	305	62	120	0	62	91	170	198	0	0	49	0	76	232	0	0	0	0	128	75	31	47	0	85	117	20	78	0	15	0	155	53	33	38	0	10	77	0	71	190	93	0	0	184	80	0	0	210	0	157	99	80	155	0	126	131	121	145	56	110	36	0	181	70	55	154	0	117	92	146	0	96	0	39	65	0	16	106	83	0	147	112	15	0	0	0	11	102	7	19	0	176	84	31	207	6	0	190	0	0	112	0	0	0	314	126	21	54	135	125	0	47	41	54	0	0	81	0	85	0	0	7	45	39	138	86	221	0
145	0	0	0	0	0	0	0	0	0	0	0	0	0	0	0	0	0	0	0	0	0	0	0	0	0	0	0	0	0	0	0	0	0	0	0	0	0	0	0	0	0	0	0	0	0	0	0	0	0	0	0	0	0	0	0	0	0	0	0	0	0	0	0	0	0	0	0	0	0	0	0	0	0	0	0	0	0	0	0	0	0	0	0	0	0	0	0	0	0	0	0	0	0	0	0	0	0	0	0	0	0	0	0	0	0	0	0	0	0	0	0	0	0	0	0	0	0	0	0	0	0	0	0	0	0	0	0	0	0	0	0	0	0	0	0	0	0	0	0	0	0	0	0	0	0	0	0	0	0	0	0	0	0	0	0	0	0	0	0	0	0	0	0	0	0	0	0	0	0	0	0	0	0	0	0	0	0	0	0	0	0	0	0	0	0	0	0	0	0	0	0	0	0	0	0	0	0	0	0	0	0	0	0	0	0	0	0	0	0	0	0	0	0	0	0	0	0	0	0	0	0	0	0	0	0	0	0	0	0	0	0	0	0	0	0	40	0	0	0	0	0	0	0	0	0	0	0	0	0	0	0	0	0	0	0	0	0	0	0	0	0	0	0	0	0	0	0	0	0	0	0	0	0	0	0	0	0	0	0	0	0	0	0	0	0	0	0	0	0	0	0	0	0	0	0	0	0	0	0	0	0	0	0	0	0	0	0	0	0	0	0	0	0	0	0	0	0	0	0	0	0	0	0	0	0	0	0	0	0	0	0	0	0	0	0	0	0	0	0	0	0	0	0	0	0	0	0	0	0	0	0	0	0	0	0	0	0	0	0	0	0	0	0	0	0	0	0	0	0	0	0	0	0	0	0	0	0	0	0	0	0	0	0	0	0	0	0	0	2	0	0	0	0	2	0	0	0	0	0	0	0	0	0	0	0	0	0	0	0	0	0	0	0	0	0	0	0	0	0	0	0	0	0	0	0	0	0	0	0	0	0	0	0	0	0	0	0	0	0	0	0	0	0	0	0	0	0	0	0	0	0	0	0	0	0	0	0	0	0	0	0	0	0	0	0	0	0	0	0	0	0	0	0	0	0	0	0	0	0	0	0	0	0	0	0	0	0	0	0	0	0	0	0	0	0	0	0	0	0	0	0	0	0	0	0	0	0	0	0	0	0	0	0	0	0	0	0	0	0	0	0	0	0	0	0	0	0	0	0	0	0	0	0	0	0	0	0	0	0	0	0	0	0	0	0	0	0	0	0	0	0	0	0	0	0	0	0	0	0	0	0	0	0	0	0	0	0	0	0	0	0	0	0	0	0	0	0	0	0	0	0	0	0	0	0	0	0	0	0	0	0	0	0	0	0	0	0	0	0	0	0	0	0	0	3	0	0	0	0	0	0	0	0	0	0	0	0	0	0	0	0	0	2	0	43	0	0	0	0	4	0	0	0	0	0	0	0	0	0	0	0	0	0	0	0	0	0	0	0	0	0	0	0	0	0	0	0	0	0	0	0	0	0	0	0	0	0	0	0	0	0	0	0	0	0	0	0	0	0	0	0	0	0	0	0	0	0	0	0	0	0	0	0	0	0	0	0	0	0	0	0	0	0	0	0	0	76	0	0	0	0	0	0	0	0	0	0	0	0	0	0	6	0	0	0	0	0	0	0	0	0	0	0	0	0	0	0	0	0	0	0	0	0	0	0	0	0	0	0	0	1	0	0	0	0	0	0	0	0	0	243	0	0	0	0	0	0	0	0	0	0	0	0	0	0	0	0	0	0	87	0	0	0	0	0	0	0	0	0	0	0	0	0	0	10	0	0	0	0	0	0	0	0	0	0	0	0	3	0	0	0	68	0	0	0	0	0	0	0	119	0	0	0	106	45	0	0	0	0	0	0	0	0	0	0	0	28	0	0	0	0	0	0	0	0	0	0	0	0	0	0	45	79	0	0	0	0	0	0	0	0	73	0	0	0	0	0	111	0	0	0	0	0	0	0	0	0	0	0	109	0	0	206	1	309	0	0	0	0	0	0	0	0	0	0	0	0	0	0	0	0	0	67	0	0	41	111	0	13	0	136	19	0	0	39	0	0	39	0	0	92	0	0	263	0	0	87	0	0	0	0	0	8	372	0	0	0	0	0	107	58	1	113	0	33	19	0	2	0	0	0	138	0	56	0	0	0	119	0	0	112	52	159	0	0	83	82	76	0	16	20	153	238	72	134	0	64	107	0	15	0	0	66	0	79	106	0	0	0	0	157	73	31	42	5	371	170	45	117	0	63	0	41	64	83	75	0	120	39	0	73	66	38	1	0	11	162	0	0	118	0	52	52	126	146	0	30	38	98	179	56	185	118	0	33	39	117	58	0	79	57	6	0	119	0	30	112	0	82	137	129	0	130	166	172	0	0	0	0	129	17	143	0	51	51	108	69	73	0	151	0	0	222	0	0	0	160	119	128	6	98	73	1	33	161	197	0	0	111	0	0	0	0	155	137	81	32	48	127	0
146	0	0	0	0	0	0	0	0	0	0	0	0	0	0	0	0	0	0	0	0	0	0	0	0	0	0	0	0	0	0	0	0	0	0	0	0	0	0	0	0	0	0	0	0	0	0	0	0	0	0	0	0	0	0	0	0	0	0	0	0	0	0	0	0	0	0	0	0	0	0	0	0	0	0	0	0	0	0	0	0	0	0	0	0	0	0	0	0	0	0	0	0	0	0	0	0	0	0	0	0	0	0	0	0	0	0	0	0	0	0	0	0	0	0	0	0	0	0	0	0	0	0	0	0	0	0	10	0	0	0	0	0	0	0	0	0	0	0	0	0	0	0	0	0	0	0	0	0	0	0	0	0	0	0	0	0	0	0	0	0	0	0	0	0	0	0	0	0	0	0	0	0	0	0	0	0	0	0	0	0	0	0	0	0	0	0	0	0	0	0	0	0	0	0	0	0	0	0	0	0	0	0	0	0	0	0	0	0	0	0	0	0	0	0	0	0	0	0	0	0	0	0	0	0	0	0	0	0	0	0	0	0	0	0	0	0	0	0	0	0	0	0	0	0	0	0	0	0	0	0	0	0	0	0	0	0	0	0	0	0	0	0	0	0	0	0	0	0	0	0	0	0	0	0	0	0	0	0	0	0	0	0	0	0	0	0	0	0	0	0	0	0	0	0	0	0	0	0	0	0	0	0	0	0	0	0	0	0	0	0	0	0	0	0	0	0	0	0	0	0	0	0	0	0	0	0	0	0	0	0	0	0	0	0	0	0	0	0	0	0	0	0	0	0	0	0	0	0	0	0	0	0	0	0	0	0	0	0	0	0	0	0	0	0	0	0	0	0	0	0	0	0	0	0	0	0	0	0	0	0	0	0	0	0	0	0	0	0	0	0	0	0	0	0	0	0	0	0	0	0	0	0	0	0	0	0	0	0	0	0	0	0	0	0	0	0	0	0	0	0	0	0	0	0	0	0	0	0	0	0	0	0	0	0	0	0	0	0	0	0	0	0	0	0	0	0	0	0	0	0	0	0	0	0	0	0	0	0	0	0	0	0	0	0	0	0	0	0	0	0	0	0	0	0	0	0	0	0	0	0	0	0	0	0	0	0	0	0	0	0	0	0	0	0	0	0	0	0	0	0	0	0	0	0	0	0	0	0	0	0	0	0	0	0	0	0	0	0	0	0	0	0	23	0	0	0	0	0	0	0	0	0	0	0	0	0	0	2	0	0	0	0	0	0	0	0	0	0	0	0	0	0	0	0	0	0	0	0	0	0	0	0	0	0	0	0	0	0	0	0	0	0	0	0	0	0	0	0	0	0	0	0	0	0	0	0	0	0	0	0	0	0	0	0	0	0	0	14	0	0	0	0	0	0	0	0	0	0	0	0	0	0	0	0	0	0	0	0	0	0	0	0	0	0	0	0	0	0	0	62	0	0	0	0	0	0	0	0	0	0	0	0	0	0	0	0	0	0	0	0	0	0	0	0	0	0	0	0	0	0	0	0	0	0	0	0	0	0	0	0	0	0	0	0	0	0	0	0	0	0	0	0	13	0	0	0	0	0	0	0	0	0	24	0	0	0	0	0	0	0	0	0	0	0	0	0	69	0	0	0	0	0	0	0	0	0	0	0	0	0	0	78	0	0	0	0	0	0	0	0	0	0	0	0	0	0	0	0	0	0	0	0	0	0	0	0	0	0	0	0	0	0	0	0	0	0	0	0	0	0	32	0	0	0	0	0	0	0	0	0	0	0	0	4	0	0	0	0	0	31	0	0	0	0	0	0	0	0	0	0	0	0	0	0	97	0	0	0	0	0	0	0	0	0	0	0	0	73	0	0	0	42	0	0	1	0	0	0	0	96	212	0	0	90	0	0	0	0	0	0	0	0	0	0	0	0	0	0	0	0	0	0	0	0	0	0	0	0	0	0	0	46	0	0	0	0	0	0	0	0	0	82	0	0	0	0	11	91	0	0	0	0	0	0	0	5	0	0	0	203	0	0	70	0	39	0	0	0	0	0	0	1	0	0	0	0	0	0	0	0	0	0	30	0	0	74	67	0	0	0	123	0	0	0	96	0	0	256	0	0	173	0	0	147	0	0	53	0	0	0	0	0	109	222	0	0	48	0	0	43	196	0	71	0	26	97	0	53	0	0	0	30	0	329	0	0	0	68	0	0	50	78	103	0	0	14	51	178	124	0	159	84	185	177	58	0	57	21	92	39	0	0	122	0	0	38	0	0	0	0	87	33	13	23	0	106	22	136	121	0	169	0	165	103	45	52	0	46	23	0	77	97	75	0	0	32	50	0	0	65	0	112	33	132	80	0	147	77	228	105	116	66	152	0	52	121	50	6	0	47	139	33	0	55	0	51	25	0	64	87	125	0	47	62	89	0	0	0	0	26	28	93	0	54	51	324	95	7	0	94	0	0	45	0	0	19	258	38	50	28	53	22	1	113	153	18	0	0	6	0	0	0	0	0	82	257	119	100	13	0
147	0	0	0	0	0	0	0	0	0	0	0	0	0	0	0	0	0	0	0	0	0	0	0	0	0	0	0	0	0	0	0	0	0	0	0	0	0	0	0	0	0	0	0	0	0	0	0	0	0	0	0	0	0	0	0	0	0	0	0	0	0	0	0	0	0	0	0	0	0	0	0	0	0	0	0	0	0	0	0	0	0	0	0	0	0	0	0	0	0	0	0	0	0	0	0	0	0	0	0	0	0	0	0	0	0	0	0	0	0	0	0	0	0	7	0	0	0	0	0	0	0	0	0	0	0	0	0	0	0	0	0	0	0	0	0	0	0	0	0	0	0	0	0	0	0	0	0	0	0	0	0	0	0	0	0	0	0	0	0	0	0	0	0	0	0	0	0	0	0	0	0	0	0	0	0	0	0	0	0	0	0	0	0	0	0	0	0	0	0	0	0	0	0	0	0	0	0	0	0	0	0	0	0	0	0	0	0	0	0	1	0	0	0	0	0	0	0	0	0	0	0	0	0	0	0	0	0	0	0	0	0	0	0	0	0	0	0	0	0	0	0	0	0	0	0	0	0	0	101	0	0	0	0	0	0	0	0	0	0	0	0	0	5	0	0	1	0	0	0	0	0	0	0	0	0	0	0	0	0	0	0	0	0	0	0	0	0	0	0	0	0	0	0	0	0	0	0	0	0	0	0	0	0	0	0	0	0	0	0	0	0	0	0	0	0	0	0	0	0	0	0	0	0	0	0	0	0	0	0	0	0	0	0	0	0	0	0	0	0	0	0	0	0	0	0	0	0	0	0	0	0	0	0	0	0	0	0	0	0	0	0	0	0	0	0	0	0	0	0	0	0	0	0	0	0	0	0	0	0	0	0	0	0	0	0	0	0	0	0	0	0	0	0	0	0	0	0	0	0	0	0	0	0	0	0	0	0	0	0	0	0	0	0	0	0	0	0	0	0	0	0	0	0	0	0	0	0	0	0	0	0	0	0	0	0	0	0	0	0	0	0	0	0	0	0	0	0	0	0	0	0	0	0	0	0	0	0	0	0	0	0	0	0	0	0	0	0	0	0	0	0	0	0	0	0	0	0	0	0	0	0	0	0	0	0	0	0	0	0	0	0	0	0	0	0	0	0	0	0	0	0	0	0	0	0	0	0	0	0	0	0	0	0	0	0	0	0	0	0	0	0	0	0	0	0	0	0	0	0	0	0	0	0	0	0	0	0	0	0	0	0	0	0	0	0	0	0	0	0	0	0	0	0	0	0	0	0	0	0	0	0	0	0	0	0	0	0	0	0	0	0	0	0	0	0	0	0	0	0	0	0	0	0	0	0	0	0	0	0	0	0	0	0	0	0	0	0	0	0	0	0	0	0	0	0	0	0	0	0	0	0	0	0	0	0	0	0	0	0	0	0	0	0	0	0	0	0	0	0	203	0	0	0	0	0	0	0	0	0	0	0	0	0	0	0	0	0	0	0	0	0	0	0	0	0	0	0	0	0	0	0	0	0	0	0	0	0	0	0	0	0	0	16	0	0	0	0	0	0	0	0	0	0	0	0	0	0	0	0	0	1	0	0	0	0	0	0	0	0	0	0	0	0	0	0	0	31	0	0	0	0	0	0	0	0	0	0	0	0	0	0	0	0	0	0	0	0	0	0	0	0	0	0	0	17	0	0	0	0	0	0	0	0	0	0	0	0	0	0	0	0	0	0	0	0	0	0	0	0	0	79	0	0	0	0	0	0	0	0	0	0	0	0	0	0	48	0	0	0	88	0	0	0	0	0	0	0	0	0	0	0	0	0	0	40	0	0	0	0	0	0	235	0	0	0	0	0	36	2	0	0	133	0	0	0	0	0	0	0	83	136	0	0	27	0	0	0	0	0	0	13	0	0	0	0	0	82	0	0	0	0	0	0	0	0	0	0	0	0	0	0	43	0	0	0	0	0	0	0	0	0	1	0	0	0	0	0	13	0	0	0	0	0	0	0	15	0	0	0	27	0	0	278	0	158	0	0	0	0	0	0	0	0	2	0	0	0	0	0	0	0	0	58	0	0	51	63	0	0	0	95	0	0	0	114	0	0	162	0	0	117	0	0	116	0	0	103	0	0	0	1	0	17	10	0	0	0	0	0	135	119	0	49	0	111	9	0	57	0	0	0	97	0	184	0	0	0	396	0	0	28	66	31	0	0	69	121	54	0	0	104	82	21	60	54	0	25	51	18	73	0	0	78	0	92	154	0	0	0	0	151	64	43	50	0	47	52	26	45	0	100	0	98	46	87	28	0	175	127	0	119	62	28	0	0	28	44	0	0	64	0	116	24	178	56	0	122	52	73	36	149	162	71	0	8	252	106	170	0	54	84	213	0	63	0	27	55	0	82	155	118	0	6	143	98	0	0	0	6	33	85	26	0	55	122	51	16	93	0	123	3	0	12	0	0	0	43	67	118	60	138	84	0	52	79	134	0	0	76	0	31	0	0	24	266	137	95	205	131	0
148	0	0	0	0	0	0	0	0	0	0	0	0	0	0	0	0	0	0	0	0	0	0	0	0	0	0	0	0	0	0	0	0	0	0	0	0	0	0	0	0	0	0	0	0	0	0	0	0	0	0	0	0	0	0	0	0	0	0	0	0	0	0	0	0	0	0	0	0	0	0	0	0	0	0	0	0	0	0	0	0	0	0	0	0	0	0	0	0	0	0	0	0	0	0	0	0	0	0	0	0	0	0	0	0	0	0	0	0	0	0	0	0	0	0	0	0	0	0	0	0	0	0	0	0	0	0	0	2	0	0	0	0	0	0	0	0	0	0	0	0	0	0	0	0	0	0	0	0	0	0	0	0	0	0	0	0	0	0	0	0	0	0	0	0	0	0	0	0	0	0	0	0	0	0	0	0	0	0	0	0	0	0	0	0	0	0	0	0	0	0	0	0	0	0	0	0	0	0	0	0	0	0	0	0	0	0	0	0	0	0	0	0	0	0	0	0	0	0	0	0	0	0	0	0	0	0	0	0	0	0	0	0	0	0	0	0	0	0	0	0	0	0	0	0	0	0	0	0	0	0	0	0	0	0	0	0	0	0	0	0	0	0	0	0	0	0	0	0	0	0	0	0	0	0	0	0	0	0	0	0	0	0	0	0	0	0	0	0	0	0	0	0	0	0	0	0	0	0	0	1	0	0	0	0	0	0	0	0	0	0	0	0	0	0	0	0	0	0	0	0	0	0	0	0	0	0	0	0	0	0	0	0	0	0	0	0	0	0	0	0	0	0	0	0	0	0	0	0	0	0	0	0	0	0	0	0	0	0	0	0	0	0	0	0	0	0	0	0	0	0	0	0	0	0	0	0	0	0	0	0	0	0	0	0	0	0	0	0	0	0	0	0	0	0	0	0	0	0	0	0	0	0	0	0	0	0	0	0	0	0	0	0	0	0	0	0	4	0	0	0	0	0	0	0	0	0	0	0	0	0	0	0	0	0	0	0	0	0	0	0	0	0	0	0	0	0	0	0	0	0	0	0	0	0	0	0	0	0	0	0	0	0	0	0	0	0	0	0	0	0	0	0	0	0	0	0	0	0	0	0	0	0	0	0	0	0	0	0	0	0	0	0	0	0	0	0	0	0	0	0	0	0	0	0	0	0	0	0	0	0	0	0	0	0	0	0	0	0	0	0	0	0	0	0	0	0	0	0	0	0	0	0	0	0	0	0	0	0	0	0	0	0	0	0	0	0	0	0	0	0	0	0	0	0	0	0	0	0	0	0	0	0	0	0	0	0	0	0	0	0	0	0	0	0	0	0	0	0	0	0	0	0	0	0	0	0	0	0	0	0	0	0	0	0	0	0	0	0	0	0	0	0	0	0	0	0	0	0	0	0	0	0	0	0	0	0	0	0	0	0	0	0	0	0	0	0	0	0	0	69	0	0	0	0	0	0	0	0	0	2	0	0	0	0	0	0	0	0	0	0	0	0	0	0	0	0	0	0	0	0	0	0	0	0	0	0	0	0	0	0	0	0	0	0	0	0	0	0	0	0	0	0	0	0	0	0	0	0	0	0	0	0	0	0	0	0	0	0	3	0	0	0	0	0	0	0	33	0	0	0	0	0	0	0	0	0	0	0	0	0	0	10	0	0	0	0	0	0	0	0	0	0	0	0	0	0	0	0	0	0	0	0	0	0	0	0	0	0	0	0	0	0	0	0	0	0	0	0	0	0	7	3	0	0	0	0	0	0	0	0	0	0	0	0	0	4	0	0	0	43	0	0	0	15	0	0	0	0	0	0	0	0	0	0	38	0	0	0	0	0	0	39	0	0	0	0	0	11	56	0	0	46	0	0	49	0	0	0	0	47	118	0	0	65	7	0	0	0	0	7	0	0	0	0	0	0	105	0	0	0	0	0	0	0	0	0	0	0	0	0	0	64	0	0	0	0	0	0	0	0	0	273	0	0	0	0	0	14	0	0	0	0	0	0	0	53	0	0	0	86	0	0	33	0	76	0	0	0	0	0	0	0	0	0	0	0	0	0	0	0	0	0	96	0	0	169	60	0	48	0	43	0	0	0	129	0	0	21	0	0	11	0	0	74	0	0	25	0	0	0	0	0	25	102	0	0	0	0	4	57	137	0	63	0	279	20	0	49	0	0	0	45	0	44	0	0	0	234	0	0	114	24	65	0	0	76	55	212	0	0	59	121	128	284	26	0	100	86	30	61	0	0	9	0	48	58	0	0	0	0	201	69	234	46	0	142	190	149	86	0	169	135	129	95	139	81	0	42	68	0	102	72	96	0	0	86	167	0	0	52	0	3	207	36	153	0	257	46	43	47	231	27	96	0	73	55	294	171	0	155	135	76	0	61	0	124	168	0	122	132	159	0	112	72	99	0	0	0	0	279	165	130	0	65	7	112	50	246	0	23	0	0	68	0	0	0	11	267	171	115	236	123	27	84	245	30	0	0	140	0	0	0	0	5	27	85	242	181	131	0
149	0	0	0	0	0	0	0	0	0	0	0	0	0	0	0	0	0	0	0	0	0	0	0	0	0	0	0	0	0	0	0	0	50	0	0	0	0	0	0	0	0	0	0	0	0	0	0	0	0	0	0	0	0	0	0	0	0	0	0	0	0	0	0	0	0	0	0	0	0	0	0	0	0	0	0	0	0	0	0	0	0	0	0	0	0	0	0	0	0	0	0	0	0	0	0	0	0	0	0	0	0	0	0	0	0	0	0	0	0	0	0	0	0	0	0	0	0	0	0	0	0	0	0	0	0	0	0	0	0	0	0	0	0	0	0	0	0	0	0	0	0	0	0	0	0	0	0	0	0	0	0	0	0	0	0	0	0	0	0	0	0	0	0	0	0	0	0	0	0	0	0	0	0	0	0	0	0	0	0	0	0	0	0	0	0	0	0	0	0	0	0	0	0	0	0	0	0	0	0	0	0	0	0	0	0	0	0	0	0	0	0	0	0	0	0	0	0	0	0	0	0	0	0	0	0	0	0	0	0	0	0	0	0	0	0	0	0	0	0	0	0	0	0	0	0	0	0	0	0	0	0	0	0	0	0	0	0	0	0	0	0	0	0	0	0	0	0	0	0	2	0	0	0	0	0	0	0	0	0	0	0	0	0	0	0	0	0	0	0	0	0	0	0	0	0	0	0	0	0	0	0	0	0	0	0	0	0	0	0	0	0	0	0	0	0	0	0	0	0	0	0	0	0	0	0	0	0	0	0	0	0	0	0	0	0	0	0	0	0	0	0	0	0	0	0	0	0	0	0	0	0	0	0	0	0	0	0	0	0	0	0	0	0	0	0	0	0	0	0	0	0	0	0	0	0	0	0	0	0	0	0	0	0	0	0	0	0	0	0	0	0	0	0	0	0	0	0	0	0	0	0	0	0	0	0	0	0	0	0	0	0	0	0	0	0	0	0	0	0	0	0	0	0	0	0	0	0	0	0	0	0	0	0	0	0	0	0	0	0	0	0	0	0	0	0	0	0	0	0	0	0	0	0	0	0	0	0	0	0	0	0	0	0	0	0	0	0	0	0	0	0	0	0	0	0	0	0	0	0	0	0	0	0	0	0	0	0	0	0	0	0	0	0	0	0	0	0	0	0	0	0	0	0	0	0	0	0	0	0	0	0	0	0	0	0	0	0	0	0	0	0	0	0	0	0	0	0	0	0	0	0	0	0	0	0	0	0	0	0	0	0	0	0	0	0	1	0	0	0	0	0	0	0	0	0	0	0	0	0	0	0	0	0	0	0	0	0	0	0	0	0	0	0	0	0	0	0	0	0	0	0	0	0	0	0	0	0	0	0	0	0	0	0	0	0	0	0	0	0	0	0	0	0	0	0	0	0	0	0	0	0	0	0	0	0	0	0	0	0	0	0	0	0	0	0	0	0	0	0	214	0	0	0	0	0	0	0	0	0	0	0	0	0	0	0	0	0	0	0	0	0	0	0	0	0	0	0	0	0	0	0	0	0	0	0	0	0	0	0	0	0	0	55	0	0	0	0	0	0	0	0	0	0	0	0	0	0	0	0	0	0	0	1	0	0	0	0	0	0	0	0	0	0	0	0	0	161	0	0	0	0	0	0	0	0	0	0	0	0	0	0	0	0	0	0	0	0	0	0	0	0	0	0	0	0	0	0	0	0	0	0	0	0	0	0	0	0	0	0	0	0	0	0	0	0	0	0	0	0	0	82	4	0	0	0	0	0	0	0	0	0	0	0	0	0	0	0	0	0	75	0	0	0	0	0	0	0	0	0	0	0	0	0	0	140	0	0	0	0	0	0	129	0	0	0	0	0	71	0	0	0	258	0	0	13	0	0	0	0	23	196	0	0	69	0	0	0	0	0	0	0	0	0	0	0	0	44	0	0	0	0	0	0	0	0	0	0	0	0	0	0	154	1	0	0	1	0	0	0	1	0	35	0	0	0	0	0	23	0	0	0	7	0	0	0	9	0	0	0	125	0	0	33	0	129	0	0	0	0	0	0	0	0	0	0	0	0	0	0	0	0	0	102	0	0	285	40	0	0	0	33	0	0	0	50	0	0	83	0	0	159	0	0	72	0	0	52	0	0	0	0	0	93	71	0	0	0	0	2	29	48	98	67	0	34	79	0	97	0	0	0	17	0	99	0	0	0	269	0	0	50	41	101	0	0	8	64	109	9	0	70	28	61	99	151	0	160	7	0	28	0	0	90	0	97	20	0	0	0	0	218	138	15	77	0	214	348	28	60	0	18	0	61	67	206	117	0	158	55	0	106	59	318	0	0	290	17	0	0	54	0	94	104	162	47	0	41	120	97	44	74	28	51	0	84	249	27	120	0	48	51	246	0	53	0	83	162	0	40	151	92	0	39	67	181	0	0	0	0	17	78	98	0	96	119	105	235	162	0	108	0	0	82	0	0	0	166	53	6	136	93	93	0	68	5	58	0	0	187	0	0	0	0	0	60	157	96	258	27	0
150	0	0	0	0	0	0	0	0	0	0	0	0	0	0	0	0	0	0	0	0	0	0	0	0	0	0	0	0	0	0	0	0	0	0	0	0	0	0	0	0	0	0	0	0	0	0	0	0	0	0	0	0	0	0	0	0	0	0	0	0	0	0	0	0	0	0	0	0	0	0	0	0	0	0	0	0	0	0	0	0	0	0	0	0	0	0	0	0	0	0	0	0	0	0	0	0	0	0	0	0	0	0	0	0	0	0	0	0	0	0	0	0	0	0	0	0	0	0	0	0	0	0	0	0	0	0	0	0	0	0	0	0	0	0	0	0	0	0	0	0	0	0	0	0	0	0	0	0	0	0	0	0	0	0	0	0	0	6	0	0	0	0	0	0	0	0	0	0	0	0	0	0	0	0	0	0	3	0	0	0	0	0	0	0	0	0	0	0	0	0	0	0	0	0	0	0	0	0	0	0	0	0	0	0	0	0	0	0	0	0	0	0	0	0	0	0	0	0	0	0	0	0	0	0	0	0	0	0	0	0	0	0	0	0	0	0	0	0	0	0	0	0	0	0	0	0	0	0	0	0	0	0	0	0	0	0	0	0	0	0	0	0	0	0	0	0	0	0	0	0	0	0	0	0	0	0	0	0	0	0	0	0	0	0	0	0	0	0	0	0	0	0	0	0	0	0	0	0	0	0	0	0	0	0	0	0	0	0	0	0	0	0	0	0	0	0	0	0	0	0	0	0	0	0	0	0	0	0	0	0	0	0	0	0	0	0	0	0	0	0	0	0	0	0	0	0	0	0	0	0	0	0	0	0	0	0	0	0	0	0	0	0	0	0	0	0	0	0	0	0	0	0	0	0	0	0	0	0	0	0	0	0	0	0	0	0	0	0	0	0	0	0	0	0	0	0	0	0	0	0	0	0	0	0	0	0	0	0	0	0	0	0	4	0	0	0	0	0	0	0	0	0	0	0	0	0	0	0	0	5	0	0	0	0	0	0	0	0	0	0	0	0	0	0	0	0	0	0	0	0	0	0	0	0	0	0	0	0	0	0	0	0	0	0	0	0	0	0	0	0	0	0	0	0	0	0	0	0	0	0	0	0	0	0	0	0	0	0	0	0	0	0	0	0	0	0	0	0	0	0	0	0	0	1	0	0	0	0	0	0	0	0	0	0	0	19	0	0	0	0	0	0	0	0	0	0	0	0	0	0	0	0	0	0	0	0	0	0	0	0	0	0	0	0	0	0	0	0	0	0	0	0	0	0	0	0	0	0	0	0	0	0	0	0	0	0	0	0	0	0	0	0	0	0	0	0	0	0	0	0	0	0	0	0	0	0	0	0	0	0	0	0	0	0	0	0	0	0	0	0	0	0	0	0	0	0	0	0	0	0	0	0	0	0	0	0	0	0	0	0	0	0	0	0	0	0	0	0	0	12	0	0	0	0	0	0	0	0	0	0	0	0	0	0	0	0	0	0	0	0	0	0	0	0	0	0	0	0	0	0	0	0	0	0	0	0	0	0	0	0	0	0	40	0	0	0	0	0	0	0	0	0	0	0	0	0	0	0	0	0	0	0	0	0	0	0	0	0	0	0	0	0	0	0	0	0	29	0	0	0	0	0	0	0	0	0	0	0	0	0	0	16	0	0	0	0	0	0	0	0	0	0	0	0	0	0	0	0	0	0	0	0	0	0	0	0	0	0	0	0	0	0	0	1	0	0	0	0	0	0	70	0	0	0	0	0	0	0	0	0	0	0	0	18	0	0	0	0	0	125	0	0	0	0	0	0	0	0	0	0	0	0	0	0	128	0	0	0	0	0	0	41	0	0	0	0	0	0	195	0	0	82	0	0	0	0	0	0	0	103	162	0	0	138	0	0	0	0	0	0	0	0	0	0	0	0	20	0	0	0	0	0	0	0	0	0	0	0	0	0	0	84	51	0	0	0	0	0	0	0	0	33	0	0	0	0	0	87	0	0	0	0	0	0	0	0	0	0	0	121	0	0	125	0	262	0	0	0	0	0	0	0	0	0	0	0	0	0	0	0	0	0	200	0	0	133	93	3	96	0	145	0	0	0	46	0	0	267	0	0	155	0	0	329	0	0	56	0	0	0	0	0	69	100	0	0	0	0	2	35	203	0	57	0	89	0	0	74	0	0	0	212	0	282	0	0	0	16	0	0	15	94	12	0	0	64	63	65	2	0	238	286	35	80	125	0	122	126	84	281	0	0	41	0	22	44	0	0	0	0	49	95	51	185	0	47	114	38	134	0	95	0	28	108	52	95	0	168	153	0	86	23	76	0	0	141	223	0	0	117	0	264	60	170	160	0	150	201	97	50	120	119	22	0	67	73	70	67	0	65	54	22	0	185	0	102	102	0	27	22	66	0	32	55	233	0	0	0	0	79	51	61	0	97	17	253	71	42	0	91	0	0	51	0	0	9	61	18	215	96	46	43	0	48	35	87	0	0	228	0	0	0	0	97	5	64	123	20	111	0
