0	0	0	0	0	0	0	0	0	0	0	0	0	0	0	0	0	0	0	0	0	0	0	0	0	0	0	0	0	0	0	0	0	0	0	0	0	0	0	0	0	0	0	0	0	0	0	0	0	0	0	0	0	0	0	0	0	0	0	0	0	0	0	0	0	0	0	0	0	0	0	0	0	0	0	0	0	0	0	0	0	0	0	0	0	0	0	0	0	0	0	0	0	0	0	0	0	0	0	0	0	12	12	12	12	12	12	12	12	12	12	12	12	12	12	12	12	12	12	12	12	12	12	12	12	12	12	12	12	12	12	12	12	12	12	12	12	12	12	12	12	12	12	12	12	12	12	12	12	12	12	12	12	12	12	12	12	12	12	12	12	12	12	12	12	12	12	12	12	12	12	12	12	12	12	12	12	12	12	12	12	12	12	12	12	12	12	12	12	12	12	12	12	12	12	12	12	12	12	12	12	24	24	24	24	24	24	24	24	24	24	24	24	24	24	24	24	24	24	24	24	24	24	24	24	24	24	24	24	24	24	24	24	24	24	24	24	24	24	24	24	24	24	24	24	24	24	24	24	24	24	24	24	24	24	24	24	24	24	24	24	24	24	24	24	24	24	24	24	24	24	24	24	24	24	24	24	24	24	24	24	24	24	24	24	24	24	24	24	24	24	24	24	24	24	24	24	24	24	24	24	48	48	48	48	48	48	48	48	48	48	48	48	48	48	48	48	48	48	48	48	48	48	48	48	48	48	48	48	48	48	48	48	48	48	48	48	48	48	48	48	48	48	48	48	48	48	48	48	48	48	48	48	48	48	48	48	48	48	48	48	48	48	48	48	48	48	48	48	48	48	48	48	48	48	48	48	48	48	48	48	48	48	48	48	48	48	48	48	48	48	48	48	48	48	48	48	48	48	48	48	72	72	72	72	72	72	72	72	72	72	72	72	72	72	72	72	72	72	72	72	72	72	72	72	72	72	72	72	72	72	72	72	72	72	72	72	72	72	72	72	72	72	72	72	72	72	72	72	72	72	72	72	72	72	72	72	72	72	72	72	72	72	72	72	72	72	72	72	72	72	72	72	72	72	72	72	72	72	72	72	72	72	72	72	72	72	72	72	72	72	72	72	72	72	72	72	72	72	72	72	96	96	96	96	96	96	96	96	96	96	96	96	96	96	96	96	96	96	96	96	96	96	96	96	96	96	96	96	96	96	96	96	96	96	96	96	96	96	96	96	96	96	96	96	96	96	96	96	96	96	96	96	96	96	96	96	96	96	96	96	96	96	96	96	96	96	96	96	96	96	96	96	96	96	96	96	96	96	96	96	96	96	96	96	96	96	96	96	96	96	96	96	96	96	96	96	96	96	96	96	120	120	120	120	120	120	120	120	120	120	120	120	120	120	120	120	120	120	120	120	120	120	120	120	120	120	120	120	120	120	120	120	120	120	120	120	120	120	120	120	120	120	120	120	120	120	120	120	120	120	120	120	120	120	120	120	120	120	120	120	120	120	120	120	120	120	120	120	120	120	120	120	120	120	120	120	120	120	120	120	120	120	120	120	120	120	120	120	120	120	120	120	120	120	120	120	120	120	120	120	144	144	144	144	144	144	144	144	144	144	144	144	144	144	144	144	144	144	144	144	144	144	144	144	144	144	144	144	144	144	144	144	144	144	144	144	144	144	144	144	144	144	144	144	144	144	144	144	144	144	144	144	144	144	144	144	144	144	144	144	144	144	144	144	144	144	144	144	144	144	144	144	144	144	144	144	144	144	144	144	144	144	144	144	144	144	144	144	144	144	144	144	144	144	144	144	144	144	144	144	180	180	180	180	180	180	180	180	180	180	180	180	180	180	180	180	180	180	180	180	180	180	180	180	180	180	180	180	180	180	180	180	180	180	180	180	180	180	180	180	180	180	180	180	180	180	180	180	180	180	180	180	180	180	180	180	180	180	180	180	180	180	180	180	180	180	180	180	180	180	180	180	180	180	180	180	180	180	180	180	180	180	180	180	180	180	180	180	180	180	180	180	180	180	180	180	180	180	180	180	240	240	240	240	240	240	240	240	240	240	240	240	240	240	240	240	240	240	240	240	240	240	240	240	240	240	240	240	240	240	240	240	240	240	240	240	240	240	240	240	240	240	240	240	240	240	240	240	240	240	240	240	240	240	240	240	240	240	240	240	240	240	240	240	240	240	240	240	240	240	240	240	240	240	240	240	240	240	240	240	240	240	240	240	240	240	240	240	240	240	240	240	240	240	240	240	240	240	240	240
0	0	0	0	0	0	0	0	0	0	0	0	0	0	0	0	0	0	0	0	0	0	0	0	0	0	0	0	0	0	0	0	0	0	0	0	0	0	0	0	0	0	0	0	0	0	0	0	0	0	0	0	0	0	0	0	0	0	0	0	0	0	0	0	0	0	0	0	0	0	0	0	0	0	0	0	0	0	0	0	0	0	0	0	0	0	0	0	0	0	0	0	0	0	0	0	0	0	0	0	0	100	100	100	100	100	100	100	100	100	100	100	100	100	100	100	100	100	100	100	100	100	100	100	100	100	100	100	100	100	100	100	100	100	100	100	100	100	100	100	100	100	100	100	100	100	100	100	100	100	100	100	100	100	100	100	100	100	100	100	100	100	100	100	100	100	100	100	100	100	100	100	100	100	100	100	100	100	100	100	100	100	100	100	100	100	100	100	100	100	100	100	100	100	100	100	100	100	100	100	100	100	100	100	100	100	100	100	100	100	100	100	100	100	100	100	100	100	100	100	100	100	100	100	100	100	100	100	100	100	100	100	100	100	100	100	100	100	100	100	100	100	100	100	100	100	100	100	100	100	100	100	100	100	100	100	100	100	100	100	100	100	100	100	100	100	100	100	100	100	100	100	100	100	100	100	100	100	100	100	100	100	100	100	100	100	100	100	100	100	100	100	100	100	100	100	100	100	100	100	100	100	100	100	100	100	100	100	100	100	100	100	100	100	100	100	100	100	100	100	100	100	100	100	100	100	100	100	100	100	100	100	100	100	100	100	100	100	100	100	100	100	100	100	100	100	100	100	100	100	100	100	100	100	100	100	100	100	100	100	100	100	100	100	100	100	100	100	100	100	100	100	100	100	100	100	100	100	100	100	100	100	100	100	100	100	100	100	100	100	100	100	100	100	100	100	100	100	100	100	100	100	100	100	100	100	100	100	100	100	100	100	100	100	100	100	100	100	100	100	100	100	100	100	100	100	100	100	100	100	100	100	100	100	100	100	100	100	100	100	100	100	100	100	100	100	100	100	100	100	100	100	100	100	100	100	100	100	100	100	100	100	100	100	100	100	100	100	100	100	100	100	100	100	100	100	100	100	100	100	100	100	100	100	100	100	100	100	100	100	100	100	100	100	100	100	100	100	100	100	100	100	100	100	100	100	100	100	100	100	100	100	100	100	100	100	100	100	100	100	100	100	100	100	100	100	100	100	100	100	100	100	100	100	100	100	100	100	100	100	100	100	100	100	100	100	100	100	100	100	100	100	100	100	100	100	100	100	100	100	100	100	100	100	100	100	100	100	100	100	100	100	100	100	100	100	100	100	100	100	100	100	100	100	100	100	100	100	100	100	100	100	100	100	100	100	100	100	100	100	100	100	100	100	100	100	100	100	100	100	100	100	100	100	100	100	100	100	100	100	100	100	100	100	100	100	100	100	100	100	100	100	100	100	100	100	100	100	100	100	100	100	100	100	100	100	100	100	100	100	100	100	100	100	100	100	100	100	100	100	100	100	100	100	100	100	100	100	100	100	100	100	100	100	100	100	100	100	100	100	100	100	100	100	100	100	100	100	100	100	100	100	100	100	100	100	100	100	100	100	100	100	100	100	100	100	100	100	100	100	100	100	100	100	100	100	100	100	100	100	100	100	100	100	100	100	100	100	100	100	100	100	100	100	100	100	100	100	100	100	100	100	100	100	100	100	100	100	100	100	100	100	100	100	100	100	100	100	100	100	100	100	100	100	100	100	100	100	100	100	100	100	100	100	100	100	100	100	100	100	100	100	100	100	100	100	100	100	100	100	100	100	100	100	100	100	100	100	100	100	100	100	100	100	100	100	100	100	100	100	100	100	100	100	100	100	100	100	100	100	100	100	100	100	100	100	100	100	100	100	100	100	100	100	100	100	100	100	100	100	100	100	100	100	100	100	100	100	100	100	100	100	100	100	100	100	100	100	100	100	100	100	100	100	100	100	100	100	100	100	100	100	100	100	100	100	100	100	100	100	100	100	100	100	100	100	100	100	100	100	100	100	100	100	100	100	100	100	100	100	100	100	100	100	100	100	100	100	100	100	100	100	100	100	100	100	100	100	100	100	100	100	100	100	100	100	100	100	100	100	100	100	100	100	100	100	100	100	100	100	100	100	100	100	100	100	100	100	100	100	100	100	100	100	100	100	100	100	100	100	100	100	100	100	100	100	100	100	100	100	100	100	100	100	100	100	100	100	100	100	100	100	100	100	100	100	100	100	100	100	100	100	100	100	100	100	100	100	100	100	100
1	0	0	0	0	0	0	0	0	0	0	0	0	0	0	0	0	0	0	0	0	0	0	0	0	0	0	0	0	0	0	0	0	0	0	0	0	0	0	0	0	0	0	0	0	0	0	0	0	0	0	0	0	0	0	0	0	0	0	0	0	0	0	0	0	0	0	0	0	0	0	0	0	0	0	0	0	0	0	0	0	0	0	0	0	0	0	0	0	0	0	0	0	0	0	0	0	0	0	0	0	0	0	3	4	0	0	0	9	0	0	0	12	1	1	117	0	0	0	0	0	17	347	0	0	55	0	0	0	9	1	0	44	10	13	9	0	0	21	23	22	0	27	0	3	1	0	23	31	14	9	6	5	0	41	2	2	109	34	0	0	7	54	20	11	0	0	0	14	0	0	4	0	0	3	67	2	0	73	0	0	14	0	4	0	0	5	10	158	18	0	0	0	32	9	3	0	0	12	0	0	35	0	13	0	0	0	0	147	96	85	32	16	7	48	38	53	14	23	10	1	15	0	82	8	47	35	11	3	27	50	54	0	0	0	214	83	0	62	0	15	1	1	6	2	0	0	3	0	2	64	67	0	16	0	21	0	0	3	29	0	15	0	5	5	10	81	20	15	31	34	1	0	0	14	138	0	29	2	32	170	0	123	0	0	3	21	16	3	0	46	45	0	26	0	1	0	0	6	21	0	90	7	14	2	89	21	80	6	0	143	135	44	20	1	184	2	105	107	141	20	207	86	56	0	21	62	97	34	51	1	174	98	165	23	0	1	146	104	224	138	0	1	20	57	107	4	0	128	15	101	1	0	125	17	4	2	1	29	118	74	45	33	5	108	490	25	52	3	13	2	141	0	44	64	23	0	74	55	82	59	0	33	124	80	6	13	268	68	59	121	0	178	27	61	112	5	91	15	113	161	34	99	183	5	95	40	110	74	57	320	110	187	16	54	89	27	0	17	0	102	88	64	90	42	47	0	1	55	26	52	46	144	78	116	80	87	84	93	32	73	136	9	118	118	135	163	45	32	46	41	120	34	75	73	68	173	63	24	80	386	118	146	92	83	30	161	33	45	42	131	19	45	66	238	111	75	96	0	42	134	5	93	44	0	138	54	144	11	104	0	51	132	28	41	5	23	104	14	8	115	87	12	93	274	107	90	25	4	34	49	78	121	30	129	100	122	0	126	30	69	162	100	14	113	101	87	39	127	134	122	167	67	27	187	72	18	84	87	144	47	219	146	145	62	0	279	65	46	92	28	51	224	347	1	0	33	188	129	63	94	51	73	28	103	201	111	89	120	1	189	133	17	170	59	41	49	80	31	61	54	158	41	71	38	141	358	23	0	231	95	104	107	85	2	9	4	0	77	71	107	189	98	38	80	16	94	421	83	55	26	53	61	58	30	24	0	129	34	125	77	62	116	68	217	214	45	55	97	202	2	151	66	0	0	0	93	186	69	76	159	154	122	183	343	35	126	44	13	67	211	64	130	4	99	88	187	5	157	17	108	35	119	254	228	150	88	75	144	94	268	87	41	111	198	35	188	11	279	50	78	27	152	9	98	339	4	2	51	4	1	55	245	37	17	215	65	114	38	141	147	60	113	68	40	68	87	85	99	77	131	74	46	73	54	56	47	278	51	127	58	237	78	34	7	97	41	31	70	129	84	81	38	82	110	8	67	135	36	167	64	152	54	1	79	62	74	93	124	176	94	12	62	34	2	119	78	117	36	22	59	84	75	172	24	114	39	114	104	101	91	173	386	71	0	34	91	88	48	167	103	64	42	161	267	125	116	270	64	14	74	254	117	122	67	61	2	45	33	76	102	141	232	45	125	117	24	46	169	70	107	80	95	130	46	23	571	112	170	45	28	81	227	70	69	82	89	43	120	173	94	120	45	79	15	46	143	114	34	189	16	28	27	63	176	103	130	58	61	99	43	132	102	121	96	67	159	228	54	123	152	25	52	147	89	75	78	48	241	119	218	53	24	70	63	30	147	86	98	71	17	91	29	206	91	84	204	63	113	39	77	28	81	179	149	26	41	42	60	58	103	121	22	63	149	69	94	89	25	59	152	124	66	53	124	58	36	232	80	143	96	201	92	61	61	120	155	20	38	20	154	54	323	31	17	66	166	95	73	111	16	102	15	258	228	241	78	82	53	34	94	161	80	19	122	36	8	118	78	102	56	138	28	21	187	141	26	102	29	100	119	74	109	129	76	54	28	158	165	94	120	72	67	86	57	92	70	184	70	47	85	87	245	89	230	96	51	113	118	170	37
2	0	0	0	0	0	0	0	0	0	7	0	0	0	0	0	0	0	0	0	0	0	0	0	0	0	0	0	0	0	0	0	0	0	0	0	0	0	0	0	0	0	0	0	0	0	0	0	0	0	0	0	0	0	0	0	0	0	0	0	0	0	0	0	0	0	137	0	0	0	0	0	0	0	0	0	0	0	0	0	0	0	0	0	0	0	0	0	0	0	0	0	0	0	0	0	0	0	0	0	0	61	0	0	0	0	0	5	42	0	0	6	9	0	0	25	1	0	5	0	0	53	0	0	29	0	0	0	0	1	0	0	22	0	28	13	0	0	0	3	0	59	86	0	2	85	0	9	101	11	0	0	0	21	0	0	1	0	0	0	0	12	98	79	0	67	0	0	36	2	0	0	0	3	0	44	32	0	87	2	0	98	0	79	0	0	0	0	13	57	0	0	0	9	0	2	20	0	132	0	0	67	93	2	8	0	39	1	1	0	1	0	29	25	20	40	0	0	0	2	2	5	14	22	0	0	46	28	0	32	0	0	0	1	0	31	18	0	207	0	94	0	65	0	5	65	0	5	0	81	198	0	71	0	2	65	0	0	4	1	0	0	0	0	11	42	161	31	0	14	12	21	2	2	1	160	324	16	0	92	23	34	0	5	0	23	1	0	1	0	0	52	0	110	0	37	73	2	2	50	26	1	0	53	0	88	163	22	183	0	0	44	136	72	51	17	3	129	39	37	100	14	45	118	25	14	13	45	272	148	44	84	254	281	44	0	0	167	155	15	133	36	70	1	73	61	6	65	230	170	45	5	3	79	21	2	0	70	36	30	146	144	209	0	70	15	217	2	2	7	7	117	0	156	30	71	12	36	21	61	94	1	218	92	1	1	5	533	235	71	116	12	84	157	225	24	44	55	2	14	48	24	30	0	20	137	36	63	28	53	25	180	79	101	161	11	0	20	6	33	193	53	101	89	71	19	0	2	131	62	46	72	266	212	105	84	164	120	151	18	8	104	0	105	28	119	135	0	37	42	194	122	107	60	110	111	109	128	105	12	18	75	0	80	136	0	142	59	38	66	172	49	35	78	48	16	202	103	38	290	105	0	159	96	37	94	161	35	41	46	77	206	99	15	103	0	1	25	168	144	101	81	94	93	44	65	38	94	18	77	18	0	46	59	162	102	119	46	143	12	6	256	55	32	75	83	72	98	145	69	160	257	41	143	43	0	139	48	68	79	212	60	77	61	39	1	134	24	136	197	108	90	32	84	9	70	44	141	0	78	70	38	195	59	50	94	73	358	63	33	43	122	70	60	88	85	71	125	96	235	95	32	27	22	0	23	91	184	125	72	61	38	198	58	2	168	53	0	169	94	100	126	205	45	112	41	61	128	169	91	274	120	36	117	134	351	27	10	106	65	120	119	21	134	83	157	53	52	92	99	1	154	2	6	22	0	58	78	143	14	73	15	63	99	94	18	122	18	116	139	30	71	2	121	120	89	33	108	29	147	102	16	134	26	51	149	31	121	11	71	175	94	189	111	158	126	78	226	65	53	153	65	290	15	221	151	245	8	31	42	76	297	45	370	74	99	80	81	76	45	69	65	74	38	21	11	52	50	162	151	101	39	240	9	196	125	39	68	115	51	87	135	55	62	62	52	90	42	14	136	115	233	110	121	59	107	36	85	89	48	68	9	42	0	44	130	52	253	154	1	116	63	194	25	0	148	107	56	69	142	69	14	43	139	77	43	98	41	52	56	15	68	70	68	11	51	141	98	117	37	161	275	52	143	71	54	89	90	105	4	36	109	68	129	257	79	12	87	101	102	190	123	47	187	87	71	145	183	30	44	53	85	141	88	16	121	62	39	60	60	211	106	338	50	125	46	114	31	30	53	77	19	33	112	94	170	220	117	88	50	141	57	165	102	54	263	105	148	46	215	94	142	17	178	79	78	71	19	44	35	77	33	161	89	202	4	196	82	56	122	80	94	37	29	81	181	73	179	296	46	18	20	45	59	122	338	101	33	34	81	41	33	64	48	16	111	292	44	81	222	31	2	62	105	58	157	19	163	135	137	129	36	90	166	189	212	93	193	79	189	92	34	177	14	89	69	124	55	103	75	139	21	151	153	83	31	113	89	103	294	49	278	29	163	91	28	86	78	118	45	237	55	153	48	48	12	67	136	87	20	56	94	62	54	94	128	235	110	42	138	140	40	169	46	150	333	180	32	68	142	33	136	21	45	27	65	54	164	64	181	184	52	33	50	22	64	177	28	46	99	128
3	0	0	0	0	0	0	0	0	0	0	0	0	0	0	0	0	0	0	0	0	0	0	0	0	0	0	0	0	0	0	0	0	0	0	0	0	0	0	0	0	0	0	0	0	0	0	0	0	0	0	0	0	0	0	0	0	0	0	0	0	0	0	0	0	0	0	0	0	0	0	0	0	0	0	0	0	0	0	0	0	0	0	0	0	0	0	0	0	0	0	0	0	0	0	0	0	0	0	0	0	0	0	0	0	0	0	0	0	1	0	0	0	0	0	0	0	0	0	0	0	0	0	0	0	0	0	0	2	0	0	0	0	0	0	0	0	0	0	0	0	0	7	0	0	0	0	0	0	0	0	0	0	0	0	0	0	0	0	0	0	0	0	0	0	0	0	0	0	0	0	0	0	0	0	0	0	0	0	0	0	0	0	0	0	0	0	0	0	0	0	0	0	0	0	0	0	0	0	0	0	0	0	0	0	0	0	0	0	0	0	0	4	0	1	0	0	0	0	0	0	0	0	0	0	0	0	0	13	0	0	0	0	0	0	38	91	0	21	0	54	0	0	0	0	0	0	0	0	0	0	0	0	0	0	0	0	0	0	0	0	0	0	0	0	0	77	3	0	0	0	0	0	0	0	20	0	0	0	0	71	0	0	0	7	0	0	0	0	0	0	0	0	0	0	0	0	0	0	0	0	0	0	245	0	55	98	46	40	0	0	320	35	48	0	80	0	44	43	27	57	90	55	162	0	0	0	32	18	27	0	70	67	127	132	0	35	23	122	48	227	0	20	0	0	22	0	0	119	55	305	0	0	168	1	0	0	0	0	9	49	81	90	0	45	96	0	0	0	0	0	48	0	0	80	0	85	0	1	273	0	0	80	79	0	0	0	75	106	0	42	0	18	121	144	0	0	102	0	47	28	0	38	0	0	50	181	88	4	175	78	148	30	101	33	0	0	0	0	3	43	16	35	121	95	0	0	0	2	94	17	149	53	77	130	203	43	123	107	0	131	89	0	167	6	84	47	0	154	35	279	236	217	79	87	163	183	193	52	60	82	162	0	36	43	0	130	210	38	58	143	41	53	111	18	56	77	67	0	171	156	0	38	0	0	181	89	41	0	39	0	86	16	0	0	0	0	208	33	0	252	26	0	145	47	218	55	23	19	173	18	0	150	93	171	45	32	0	10	129	163	42	89	75	7	91	214	52	52	152	77	34	238	24	97	0	66	181	62	44	107	69	100	87	109	0	33	86	103	90	173	15	99	144	0	0	49	7	9	34	81	35	70	89	148	22	126	96	66	0	68	11	58	25	26	172	32	115	25	63	65	28	52	123	0	245	30	7	0	37	99	44	87	50	0	35	14	0	178	206	26	58	92	190	83	119	168	174	94	72	40	137	42	22	65	122	0	44	38	111	122	52	127	127	69	82	103	215	33	30	0	202	6	4	0	0	77	36	25	134	154	108	130	67	49	55	175	55	70	123	81	42	0	132	125	50	46	111	71	115	101	100	161	33	11	120	81	52	79	66	11	195	145	49	80	62	141	70	92	193	148	104	85	0	44	80	24	0	95	0	1	210	181	25	19	119	47	121	125	94	55	91	23	45	29	92	112	272	118	82	71	48	17	64	98	25	83	95	77	60	6	95	94	44	31	178	120	175	112	111	100	158	120	84	173	14	13	116	122	34	88	153	21	0	301	150	120	226	292	159	53	326	57	18	0	45	72	55	31	81	163	219	36	24	48	88	17	59	268	52	115	17	46	56	0	74	29	125	114	88	9	233	86	156	239	87	236	259	21	29	99	139	110	9	46	55	0	52	45	137	188	88	47	242	171	82	199	51	83	17	288	114	38	13	142	200	49	49	149	51	69	138	88	37	125	42	85	33	189	107	118	307	109	108	21	75	67	153	66	71	24	92	54	43	92	207	23	177	66	107	37	73	121	25	3	39	55	234	44	54	38	33	103	104	33	48	53	125	78	86	123	150	162	283	133	29	39	50	106	106	29	65	119	100	117	77	26	134	16	69	138	145	106	50	60	72	33	200	10	79	53	16	80	24	49	50	236	56	55	109	175	60	93	24	148	30	14	90	189	72	3	84	54	241	17	51	63	17	13	244	85	35	105	84	71	44	161	198	15	107	204	175	114	143	37	36	43	150	122	22	3	104	41	16	143	23	60	91	178	19	89	114	52	58	55	76	18	139	132	32	153	39	75	96	82	203	51	23	142	91	89	88	55	16	108	199	167	55	115	78	176	72	82	31	144	111	96	79	16	78	101
4	0	0	0	0	0	0	0	0	0	0	0	0	0	0	0	0	0	0	0	0	0	0	0	0	0	0	0	0	0	0	0	0	0	0	0	0	0	0	0	0	0	0	0	0	0	0	0	0	0	0	0	0	0	0	0	0	0	0	0	0	0	0	0	0	0	0	0	0	0	0	0	0	0	0	0	0	0	0	0	0	0	0	0	0	0	0	0	0	0	0	0	0	0	0	0	0	0	0	0	0	0	0	0	0	0	0	0	0	0	0	0	0	0	0	0	0	0	0	0	0	0	0	0	0	0	0	0	0	0	0	0	0	0	0	0	0	0	0	0	0	0	0	0	0	0	0	0	0	0	0	15	0	0	0	0	0	0	0	0	0	0	0	0	0	0	0	0	0	0	0	0	0	0	0	0	0	0	0	0	0	0	0	0	0	0	0	0	0	0	0	0	0	3	0	0	0	0	0	0	0	0	0	0	0	1	0	0	0	0	0	0	0	0	9	0	0	0	0	0	0	0	0	0	0	0	0	0	0	0	0	0	0	0	0	0	218	0	59	0	8	0	0	0	0	0	0	28	0	0	0	0	0	0	0	0	0	0	67	0	0	0	0	0	0	0	206	0	0	0	0	0	0	0	0	48	0	0	0	0	49	1	0	0	0	0	0	0	0	0	0	0	0	0	0	0	0	0	0	0	0	0	0	14	0	79	64	200	184	0	17	36	44	44	0	42	0	5	20	11	0	57	211	57	1	0	0	325	25	36	0	13	183	3	20	0	0	123	17	180	35	0	17	0	0	8	0	0	65	292	21	0	0	25	130	0	0	0	0	2	59	51	196	0	9	0	0	0	0	35	0	100	5	0	46	0	0	0	76	36	17	0	67	22	0	0	0	76	143	0	0	0	128	175	33	8	0	92	0	93	21	0	245	0	0	84	0	66	0	379	172	144	9	341	8	0	0	5	0	0	0	90	129	157	51	0	0	3	28	76	14	69	83	10	213	137	117	20	40	0	82	54	0	141	44	13	49	0	103	54	82	11	40	199	51	151	81	147	94	104	376	33	0	21	51	0	91	241	83	157	89	123	109	9	109	93	9	121	0	47	73	0	53	21	0	14	53	110	0	248	0	27	14	0	15	0	0	137	94	0	7	62	0	120	129	130	72	240	77	168	85	0	65	20	180	140	183	0	432	140	108	71	154	183	54	6	129	72	216	139	33	180	201	141	24	0	126	14	106	145	171	30	81	100	67	0	127	114	80	53	65	21	196	83	0	0	88	92	0	158	82	152	45	154	113	122	404	70	55	0	155	124	113	229	25	186	27	41	48	54	346	133	155	9	0	6	147	29	0	46	48	68	20	28	0	113	47	0	114	335	57	186	23	164	24	127	112	75	132	85	264	86	68	10	213	74	0	255	40	29	35	43	80	161	204	58	183	175	94	108	0	56	38	0	0	0	21	113	115	119	63	184	110	108	78	61	79	186	158	17	42	309	0	39	254	69	40	81	32	101	100	165	52	179	72	57	102	84	154	92	221	72	560	82	94	65	67	159	141	199	150	81	42	34	85	152	71	0	82	0	0	124	57	327	38	30	82	59	65	56	19	72	80	52	114	66	86	122	198	109	71	20	216	122	38	91	158	97	87	73	86	286	75	198	66	66	29	178	9	99	44	54	166	96	179	91	38	51	43	52	2	142	187	0	72	125	94	70	73	109	114	117	165	53	0	16	47	9	39	45	60	338	199	156	47	40	78	101	22	36	24	189	96	66	0	41	77	99	102	28	60	260	82	97	65	42	160	59	23	51	90	299	358	39	120	84	0	76	166	172	161	52	109	103	172	95	23	50	144	148	63	307	53	312	39	69	14	77	29	39	103	108	118	94	79	81	105	42	156	35	185	20	44	179	25	21	82	75	155	48	45	131	97	48	161	66	145	72	163	125	82	147	92	187	101	212	110	147	61	89	138	11	87	61	140	95	65	180	99	58	45	31	87	119	140	100	124	83	188	95	21	71	156	305	44	57	72	33	77	58	21	32	87	98	42	82	134	21	82	112	51	178	31	150	60	22	198	293	54	20	88	53	75	35	185	48	219	111	52	39	52	106	125	60	30	46	72	65	68	69	37	76	108	188	66	74	114	232	209	45	150	52	89	73	38	20	114	46	177	61	49	20	134	45	46	38	46	265	41	91	181	164	149	42	50	163	185	50	55	170	121	95	8	84	73	132	15	49	41	120	45	106	102	89	40	65	44	38	80	52	57	100	65	39	37	4	54	30	84	62	153
5	0	0	0	0	0	0	0	0	0	0	0	0	0	0	0	0	0	0	0	0	0	0	0	0	0	0	0	0	0	0	0	0	0	0	0	0	0	0	0	0	0	0	0	0	0	0	0	0	0	0	0	0	0	0	0	0	0	0	0	0	0	0	0	0	0	0	0	0	0	0	0	0	0	0	0	0	0	0	0	0	0	0	0	0	0	0	0	0	0	0	0	0	0	0	0	0	0	0	0	0	0	0	0	0	0	0	0	0	0	0	0	0	0	0	0	0	0	0	0	0	0	0	0	0	0	0	0	0	0	0	0	0	0	0	0	0	0	0	0	0	0	0	0	0	0	0	0	0	0	0	0	0	0	0	0	0	0	0	0	0	0	0	0	0	0	0	0	0	0	0	0	0	0	0	0	0	0	0	0	0	0	0	0	0	0	0	0	0	0	0	0	0	0	0	0	0	0	0	0	0	0	0	0	0	0	0	0	0	0	33	0	9	0	161	0	0	0	0	13	0	0	0	0	0	0	0	0	0	0	0	0	0	0	0	9	47	0	42	0	30	0	0	0	0	0	0	0	0	0	0	0	0	0	0	0	0	0	0	0	0	0	0	0	0	0	141	14	0	2	0	0	0	0	0	31	0	0	0	0	47	0	0	0	0	0	0	0	0	0	0	0	0	0	0	0	0	0	0	0	0	1	0	31	0	168	46	147	0	2	0	53	86	27	0	230	0	48	47	90	8	41	36	66	0	0	0	97	145	262	0	29	44	33	205	0	0	112	3	31	123	0	0	0	0	10	0	0	246	98	107	0	0	101	3	0	0	0	0	92	2	44	18	0	12	307	0	54	0	0	0	22	0	59	16	0	0	0	237	23	38	0	3	200	13	0	0	69	42	0	1	0	142	57	66	16	0	69	0	100	77	0	209	0	0	50	35	170	0	128	11	52	18	106	93	0	0	0	0	0	17	119	26	26	453	0	0	0	144	12	33	99	245	196	200	84	37	87	91	0	58	152	0	76	13	53	233	0	89	75	133	58	82	140	70	10	71	215	49	62	16	146	32	66	59	0	148	144	165	79	208	90	39	221	63	110	142	30	161	97	47	0	152	0	0	43	70	40	0	34	7	174	69	0	0	0	0	62	129	0	207	59	0	57	115	66	50	96	60	147	37	0	25	58	18	48	35	0	117	36	244	79	53	106	51	86	52	174	41	9	115	155	96	93	25	0	21	128	101	48	26	40	27	43	140	0	229	73	61	14	43	79	160	81	0	0	89	201	0	108	14	27	200	23	12	102	39	81	20	0	214	155	33	71	77	196	108	57	36	57	62	131	159	108	0	71	52	273	0	94	115	19	86	174	0	66	74	0	18	132	288	98	119	184	63	65	182	34	127	30	256	62	79	156	22	28	0	217	29	94	37	69	71	93	142	169	53	151	117	38	0	6	85	0	0	0	20	145	224	88	85	190	93	86	246	68	73	22	81	132	74	102	0	62	79	112	247	31	155	49	175	60	44	41	28	24	286	46	73	216	182	23	174	0	78	113	235	138	45	92	82	76	21	17	32	50	27	0	125	138	0	34	26	107	141	110	157	53	23	82	51	50	206	76	330	67	115	66	81	73	174	117	65	62	178	248	113	55	32	190	72	250	49	38	258	89	380	12	243	150	15	194	201	19	155	195	90	160	48	106	68	98	79	0	38	109	208	16	158	22	136	168	58	35	0	15	64	36	126	33	150	94	121	154	27	63	46	23	278	162	197	35	34	26	0	30	46	89	49	90	89	211	41	73	10	174	66	69	224	106	86	250	63	96	49	237	5	102	93	116	49	33	121	50	83	125	43	51	77	39	198	69	70	37	114	198	46	97	193	23	212	177	54	190	90	70	154	47	105	28	31	90	191	141	81	19	50	219	138	212	87	20	23	36	71	161	57	32	237	302	102	227	38	108	61	45	110	45	524	62	32	40	17	60	29	118	59	134	70	87	76	56	70	51	193	200	28	15	153	76	27	112	82	232	106	108	177	70	31	79	121	208	75	64	45	43	82	51	144	15	90	303	130	134	48	52	144	175	39	116	330	219	170	38	180	56	81	22	34	181	35	143	292	70	51	86	188	2	100	20	19	63	57	46	119	108	174	260	30	132	51	52	190	40	122	83	121	31	64	6	114	75	50	43	66	76	90	142	168	118	64	74	40	80	66	27	115	18	262	108	5	73	92	103	62	99	33	49	95	83	40	252	58	20	33	156	95	157	92	144	185	47	176	109	57	77	133	93	55	45	205
6	0	0	0	0	0	0	0	0	0	0	0	0	0	0	16	0	0	0	0	0	0	0	0	0	0	0	0	0	0	0	0	0	0	0	0	0	0	0	0	0	0	0	0	0	0	0	0	0	0	0	0	0	0	0	0	0	0	0	0	0	0	0	0	0	0	0	0	0	0	0	0	0	0	0	0	0	0	60	0	0	27	0	0	0	0	0	0	0	0	0	0	0	0	0	0	0	0	0	0	0	0	0	0	0	0	0	0	0	0	0	0	0	0	0	0	0	0	0	0	0	0	0	0	0	0	0	0	0	0	0	0	0	0	0	0	0	0	0	0	0	0	0	0	0	0	0	0	0	0	0	0	0	0	0	0	0	0	0	0	0	0	0	0	0	0	0	0	0	0	0	0	0	0	0	0	0	0	0	0	0	0	0	0	0	0	0	0	0	0	0	0	0	0	0	0	0	0	0	0	0	0	0	0	0	0	0	0	0	89	0	0	0	0	11	0	0	0	0	0	0	0	0	0	0	0	0	0	0	0	0	0	0	0	0	43	27	0	0	0	56	0	0	0	0	0	0	0	0	0	22	0	0	0	0	0	0	0	0	0	0	0	0	0	0	0	18	0	0	0	0	0	0	0	0	263	0	0	0	0	63	0	0	0	0	0	0	0	0	4	0	70	0	0	0	0	0	0	0	0	0	0	0	29	0	107	131	126	0	0	0	198	60	56	0	54	0	109	135	37	0	66	69	41	18	0	0	110	117	113	0	37	7	13	237	0	0	163	0	106	11	0	9	0	0	12	0	0	40	151	62	0	0	143	0	0	0	0	0	20	5	108	67	0	20	33	0	0	0	0	0	242	0	0	0	0	0	0	0	85	0	0	135	51	0	0	0	43	31	0	6	15	87	52	55	57	0	67	0	33	0	0	41	0	0	110	0	19	0	162	417	25	0	106	88	0	0	0	0	0	51	93	74	106	19	0	0	0	4	126	74	91	88	218	62	102	14	97	24	13	84	192	0	234	0	87	41	0	104	48	128	45	23	94	90	23	67	37	126	67	109	17	0	160	32	0	75	8	102	18	37	119	4	45	146	221	111	14	0	44	198	0	39	0	0	257	69	254	0	64	0	128	75	0	0	0	0	53	34	0	150	127	4	84	125	54	56	34	63	2	89	0	79	6	144	33	27	0	75	25	32	125	58	46	54	108	24	57	104	67	68	30	183	31	6	0	147	48	149	54	158	33	12	34	122	0	87	49	167	42	178	49	33	21	0	0	99	99	0	62	255	65	71	86	81	8	31	51	63	0	71	6	38	34	143	97	101	34	177	68	114	79	18	197	0	153	13	64	0	100	18	191	63	300	0	108	23	0	32	42	75	72	38	16	41	7	148	30	70	136	95	131	24	154	31	33	0	122	26	33	38	25	34	55	17	8	126	156	79	258	0	64	57	0	0	0	159	67	103	34	144	71	201	283	120	14	100	134	214	125	74	91	0	43	9	70	49	39	34	14	101	47	16	13	139	18	75	103	127	106	151	139	115	106	17	41	59	274	57	178	113	160	95	1	119	69	160	0	63	0	10	37	171	136	31	21	46	141	63	22	54	12	138	105	157	21	98	29	165	32	84	54	127	34	229	10	43	176	158	52	121	156	73	50	132	231	62	138	94	125	71	104	79	69	91	12	13	172	28	228	0	120	94	0	134	118	92	226	63	299	98	64	16	254	0	40	118	28	95	17	43	132	224	6	52	132	165	285	106	20	133	70	142	55	0	46	59	130	6	72	18	168	139	21	220	145	20	46	55	157	145	104	41	40	56	17	0	57	76	157	72	160	30	45	172	43	126	99	71	37	154	146	284	52	4	176	5	222	330	122	99	107	8	120	56	19	79	64	43	43	66	215	85	205	157	55	174	102	64	52	67	103	141	123	43	146	10	27	42	163	116	21	120	114	58	111	31	135	143	70	62	85	202	13	62	50	139	159	187	24	0	242	101	75	78	84	58	25	191	174	40	143	17	24	89	219	82	134	108	82	108	38	85	61	125	98	101	33	43	34	82	9	105	36	16	56	71	155	26	96	77	110	124	97	116	33	76	32	31	120	100	28	214	63	27	168	61	79	108	37	53	68	84	73	300	132	128	61	79	60	24	22	102	53	109	94	46	228	149	46	136	47	133	103	62	61	111	62	227	46	250	144	158	158	141	48	32	92	124	45	117	9	82	206	118	55	136	4	129	178	116	102	9	94	51	142	19	89	44	79	39	268	71	152	296	50	135	187	34	104	73
7	0	0	0	0	0	0	0	0	0	0	0	0	0	0	0	0	0	0	0	0	0	0	0	0	0	0	0	0	0	0	0	0	0	0	0	0	0	0	0	0	0	0	0	0	0	0	0	0	0	0	0	0	0	0	0	0	0	0	0	0	0	0	0	0	0	0	0	0	0	0	0	0	0	0	0	0	0	0	0	0	0	0	0	0	0	0	0	0	0	0	0	0	0	0	0	0	0	0	0	0	0	0	0	0	0	0	0	4	0	0	0	0	0	0	0	0	0	0	0	0	0	0	0	0	0	0	0	0	0	0	0	0	0	0	0	0	0	0	0	12	0	0	0	0	0	0	0	0	0	0	0	0	0	0	0	0	0	0	0	0	0	0	0	0	0	0	0	0	0	0	0	0	0	0	0	0	0	0	0	0	0	0	0	0	0	0	0	0	0	0	0	0	0	0	0	0	0	0	0	0	0	0	0	0	0	0	0	0	0	0	0	0	0	8	0	0	0	16	0	0	0	0	0	0	0	0	0	0	0	0	0	0	0	0	0	47	0	128	0	180	0	0	0	11	0	0	0	0	0	0	0	0	0	8	0	0	0	0	0	0	0	0	0	0	0	0	0	0	8	0	0	0	0	0	92	0	0	0	0	68	0	80	0	0	0	0	0	0	0	0	2	0	0	0	0	0	0	0	0	0	0	0	51	0	53	41	267	122	0	0	37	41	53	0	255	0	106	146	133	0	15	146	155	0	0	0	40	228	173	20	148	39	28	50	0	0	22	2	201	94	0	0	0	21	0	0	0	236	52	174	0	0	199	0	0	0	0	0	13	17	25	120	0	260	92	0	0	0	0	1	80	0	11	0	0	0	0	12	51	0	0	3	134	63	1	0	87	35	0	71	0	28	0	134	0	0	85	0	91	0	0	187	0	0	63	0	113	129	93	133	221	155	60	92	0	0	0	0	0	0	139	14	85	126	0	0	0	25	40	122	123	301	29	93	5	34	61	31	0	207	118	0	267	0	142	120	0	79	66	74	114	41	81	25	74	12	80	101	66	42	1	0	137	235	0	182	32	149	114	30	396	101	120	69	91	159	3	0	148	1	0	84	0	0	130	112	68	0	371	0	29	147	0	53	0	0	86	33	0	146	142	0	125	12	109	126	84	127	76	144	0	124	33	39	29	213	0	19	206	162	83	124	77	85	84	77	65	18	116	32	142	172	139	14	0	36	31	220	128	134	105	72	17	94	0	42	85	272	109	69	216	43	46	0	0	134	8	0	23	171	289	37	219	28	119	20	113	144	0	68	107	131	9	118	47	89	182	324	69	58	97	157	21	0	138	159	86	0	29	49	70	61	32	0	34	41	0	77	58	21	100	82	21	82	27	40	95	6	35	43	130	167	163	180	103	0	150	75	53	115	376	8	19	43	108	32	240	76	83	0	19	10	0	0	0	30	87	11	107	21	61	62	83	74	84	67	150	70	35	109	24	7	50	139	1	141	86	70	47	182	124	27	64	59	183	86	88	97	44	23	177	102	20	83	76	30	94	123	66	156	208	129	0	37	65	206	0	54	0	0	107	57	57	37	73	116	173	37	16	30	239	123	36	139	26	85	149	63	61	63	56	34	54	37	82	20	46	24	43	94	120	51	306	44	201	25	245	55	149	15	96	16	32	303	108	134	27	32	62	3	32	149	0	137	29	178	47	86	33	185	155	49	159	0	66	32	80	201	35	124	70	112	8	111	197	83	50	91	71	23	202	102	149	0	81	197	65	59	121	73	71	82	114	31	67	26	93	23	33	232	71	56	22	65	39	0	46	183	90	148	219	15	113	36	127	173	153	9	36	42	41	89	96	296	41	100	52	159	30	116	178	106	103	40	22	193	101	68	156	121	45	42	22	65	194	16	108	63	47	174	61	260	60	56	179	126	28	60	15	77	184	204	129	14	46	64	121	98	126	40	40	44	152	15	86	69	170	156	133	54	102	94	96	116	189	69	88	94	39	89	93	49	0	21	79	23	107	62	157	44	32	218	43	214	14	196	93	159	51	37	118	17	291	82	111	63	103	135	52	131	116	57	125	7	65	46	31	23	51	103	53	93	121	126	195	49	62	180	137	70	41	35	82	143	65	83	74	42	79	111	148	104	43	160	217	182	112	29	31	240	94	49	207	130	199	131	72	58	103	136	128	143	154	35	38	151	84	89	435	35	43	188	19	50	73	56	83	111	96	130	62	135	63	54	74	96	92	23	131	90	106	38	63	73	183	83	8	102	142	30
8	0	0	0	0	0	0	0	0	0	0	0	0	0	0	0	0	0	0	0	0	0	0	0	0	0	0	0	0	0	0	0	0	0	0	13	0	0	0	0	0	0	0	0	0	0	0	0	0	0	0	0	0	0	0	0	0	0	0	0	0	0	0	0	0	0	0	0	0	0	0	0	0	0	0	0	0	0	0	0	0	0	0	0	0	0	0	0	0	0	0	0	0	0	0	0	0	0	0	0	0	0	0	0	0	0	0	0	0	0	0	0	0	0	0	84	0	0	0	0	0	0	0	0	0	0	0	0	0	0	0	0	112	0	0	0	0	0	0	1	0	0	0	0	0	0	0	0	0	0	0	0	0	0	0	0	0	13	0	0	0	0	0	0	0	0	0	0	0	0	0	0	0	0	0	0	0	0	0	0	0	0	0	0	0	0	0	0	0	0	0	0	0	0	0	0	0	0	0	0	0	0	0	0	0	0	0	0	0	0	0	0	0	37	41	0	0	0	0	0	0	0	0	0	0	0	0	0	0	0	0	0	0	0	0	0	117	0	48	0	74	0	0	0	0	0	0	0	0	0	0	0	0	0	0	0	0	0	0	0	0	0	0	0	0	0	33	0	0	0	0	0	0	0	0	5	0	0	0	0	11	0	0	0	0	0	0	0	0	0	0	0	0	0	0	0	0	0	0	7	0	0	0	177	0	215	95	48	5	0	0	190	36	30	0	149	0	119	9	92	0	165	157	269	0	0	0	45	80	30	0	100	141	29	96	0	0	98	0	7	133	0	0	0	0	0	0	0	29	9	24	0	0	116	0	0	0	0	0	73	67	74	152	0	32	0	0	0	0	0	0	12	0	8	13	0	0	0	2	37	0	0	71	58	0	0	0	43	87	0	97	0	15	0	11	0	0	144	0	97	0	0	49	0	0	49	92	83	1	91	76	30	188	53	50	0	0	0	0	0	0	114	10	111	152	0	0	0	9	91	62	102	112	106	50	109	44	89	19	0	209	258	0	82	13	51	96	0	305	45	258	95	192	16	285	288	148	92	242	52	13	54	12	91	38	0	61	208	23	36	46	64	130	82	45	39	8	17	0	24	18	0	140	8	0	26	25	119	0	181	0	97	105	0	0	0	0	18	95	0	291	136	0	132	73	12	97	125	99	200	161	0	56	105	38	110	98	0	49	102	41	38	54	43	16	183	98	30	56	22	220	40	161	82	36	0	169	153	63	46	89	20	151	94	106	28	155	101	117	168	118	46	69	102	0	0	9	92	0	50	17	244	42	39	434	117	27	152	142	0	43	64	52	68	332	62	95	149	189	25	51	37	174	46	0	38	100	67	89	161	267	43	57	42	0	113	33	0	84	103	83	100	24	145	105	41	83	51	94	29	16	166	11	51	93	45	5	212	48	30	54	82	55	51	253	64	215	3	76	151	0	102	108	0	0	0	130	11	130	126	69	49	78	75	199	159	65	80	57	76	47	141	0	44	27	47	376	64	48	243	273	32	48	312	62	125	527	32	46	65	159	136	84	3	165	151	249	150	237	112	107	62	47	0	104	66	112	32	101	0	32	79	169	242	125	198	176	59	10	76	36	23	202	77	141	50	90	213	171	182	73	31	42	216	36	28	63	26	65	76	122	18	270	112	77	103	56	64	268	238	44	17	70	39	26	128	32	41	64	81	0	249	88	0	70	103	30	64	114	25	77	154	63	50	0	35	53	407	21	107	83	232	319	52	140	35	154	6	182	40	49	128	24	80	0	98	69	176	78	45	212	33	79	63	175	165	46	66	150	166	256	39	37	51	68	12	0	87	138	253	60	185	181	190	79	254	55	123	120	97	119	34	44	57	249	276	52	64	324	18	57	66	16	185	118	71	35	25	57	77	150	115	109	74	79	18	201	84	95	172	70	104	133	91	111	87	108	48	65	83	70	126	59	175	99	135	141	259	42	67	81	68	28	194	131	67	81	143	41	133	55	112	131	74	88	191	87	66	44	133	102	109	184	98	87	46	60	27	25	58	155	180	86	108	30	60	59	77	201	142	102	77	45	62	121	325	62	20	116	24	127	69	171	48	35	211	66	380	170	66	131	93	217	21	138	96	99	36	156	93	140	54	68	49	6	97	65	116	88	272	124	131	31	42	212	196	54	37	36	154	67	38	88	69	16	108	16	33	40	135	66	200	36	84	97	24	116	191	98	15	89	185	50	97	104	13	12	41	81	145	78	32	72	62	124	159	174	46	44	78	33	53	70	389	28	34	56	125	203	108	145
9	0	0	0	0	0	0	0	0	0	0	0	0	0	0	0	0	0	0	0	0	0	0	0	0	0	0	0	0	0	0	19	0	0	0	0	0	0	0	0	0	0	0	0	0	0	0	0	0	0	0	0	0	0	0	0	0	0	0	0	0	0	0	0	0	0	0	0	0	0	0	0	0	0	0	0	0	0	0	0	0	0	0	0	0	0	0	0	0	0	0	0	0	0	0	0	0	0	0	0	0	0	0	0	0	0	0	0	0	0	0	0	0	0	5	0	0	0	0	0	0	8	0	0	0	0	26	0	0	0	0	0	0	0	0	0	0	0	0	0	0	0	0	0	0	0	0	0	0	0	0	0	0	0	0	0	0	20	0	0	0	0	0	0	0	0	0	0	0	0	0	0	0	0	0	0	0	0	0	0	0	0	0	0	0	0	0	0	0	0	0	0	0	0	0	0	0	0	0	0	0	0	0	0	0	0	0	0	0	1	0	0	0	0	58	0	0	0	0	0	0	0	0	0	0	0	0	0	0	0	0	0	0	0	0	0	32	0	13	0	37	0	0	0	0	0	0	0	0	0	0	0	0	0	0	0	0	0	0	0	0	0	0	0	0	0	106	0	0	0	0	0	0	0	0	5	0	0	0	0	22	0	9	0	0	0	0	0	0	0	0	0	0	28	0	0	0	0	12	0	0	0	0	100	0	80	96	0	46	0	0	139	55	48	0	276	0	5	41	29	13	95	13	129	0	0	0	130	66	213	0	58	39	55	74	0	0	52	0	61	91	0	0	0	0	21	0	0	84	30	209	0	0	120	7	0	0	0	0	50	57	25	136	0	40	0	0	0	0	0	0	153	0	0	4	0	0	0	0	14	9	0	23	18	0	0	0	19	70	0	0	0	22	138	175	0	0	197	0	30	78	6	184	0	0	102	116	84	0	71	185	57	0	219	214	0	0	0	0	0	27	184	325	162	66	0	0	0	6	50	161	47	152	50	227	61	113	194	214	2	79	190	0	50	1	105	115	0	317	126	71	113	50	83	331	95	264	249	32	82	293	97	0	66	78	0	12	338	179	74	67	21	98	0	69	21	32	137	0	44	66	0	42	19	0	50	132	212	0	16	0	110	69	0	17	0	0	126	31	0	54	155	27	91	84	114	170	181	60	217	19	0	68	90	66	112	117	0	68	57	86	168	51	108	220	49	79	168	76	11	223	12	84	71	40	0	65	43	30	168	64	115	162	140	20	0	149	53	123	122	82	86	127	131	0	0	39	17	0	51	50	315	26	117	26	34	9	56	94	0	195	71	95	43	137	155	44	118	115	11	27	177	54	49	0	62	43	168	19	47	176	270	109	133	0	70	162	0	34	70	109	88	60	55	56	69	61	73	53	63	90	83	60	40	106	95	0	27	94	11	252	141	39	159	8	45	178	131	25	97	0	35	96	0	0	0	22	72	83	41	72	52	100	38	111	211	75	91	208	38	115	95	0	234	125	38	100	103	86	74	122	99	124	87	191	75	18	58	37	22	132	68	144	2	25	91	132	51	188	33	70	121	128	0	98	125	125	0	76	0	0	80	83	49	212	127	250	113	98	1	43	87	54	81	96	113	120	92	127	90	156	37	58	129	117	120	49	92	95	115	52	70	96	7	193	72	122	59	109	93	80	73	12	76	279	75	101	40	208	164	0	313	122	0	11	63	41	60	275	153	88	33	31	114	5	87	36	61	56	121	54	21	256	54	25	48	111	81	159	241	119	22	109	100	0	74	117	20	402	181	53	108	43	7	28	85	104	18	187	99	40	138	81	201	112	25	0	228	22	260	34	89	26	89	65	97	16	91	132	62	0	3	63	77	93	9	44	268	201	38	88	121	15	94	263	132	99	372	117	119	25	58	63	192	119	44	84	123	38	53	84	39	171	59	76	71	65	235	51	84	77	73	34	33	41	185	229	129	263	91	22	111	28	40	86	145	238	87	141	77	70	40	89	93	11	132	110	16	84	38	97	95	256	53	54	33	68	18	108	265	304	69	81	53	154	12	37	386	46	260	227	127	18	33	70	18	117	111	63	116	230	65	73	9	170	28	42	290	26	63	114	116	96	32	114	24	53	74	306	56	14	387	243	1	55	15	191	81	18	25	31	102	68	130	155	31	104	160	30	39	54	81	275	129	47	265	81	50	67	119	68	57	259	84	138	161	253	40	50	22	47	237	125	37	36	167	94	23	16	99	27	117	30	183	55	62	42	10	56	48	128	258	98	52	46	38	55	83	268	114	29
10	0	0	0	0	0	0	0	0	0	0	0	0	0	0	0	0	0	0	0	0	0	0	0	0	0	0	0	0	0	0	0	0	0	0	0	0	0	0	0	0	0	0	0	0	0	0	0	0	0	0	0	0	0	0	0	0	0	0	0	0	0	0	0	0	0	0	0	12	0	0	0	0	0	0	0	0	0	0	0	0	0	0	0	0	0	0	0	0	0	0	0	0	0	0	0	0	0	0	0	0	0	0	0	0	0	0	0	0	0	0	0	0	0	0	0	0	0	0	0	0	0	0	0	0	0	0	0	0	0	0	0	0	0	0	0	0	0	0	0	0	0	0	0	0	0	0	0	0	0	0	0	0	0	0	0	0	0	0	0	0	0	0	0	0	0	0	0	0	0	0	0	0	0	2	0	0	0	0	0	0	0	0	0	0	0	0	0	0	0	0	0	0	0	0	0	0	0	0	0	0	0	0	0	0	0	0	20	0	0	0	0	0	0	0	0	0	0	0	0	0	0	0	0	0	0	0	0	0	0	0	0	0	0	0	14	19	0	19	0	549	0	0	0	1	0	0	0	0	0	0	0	10	0	0	0	0	0	0	0	0	0	0	0	0	0	23	0	0	0	0	0	0	0	0	101	0	0	0	23	4	11	0	0	0	0	0	0	0	0	0	0	0	0	0	0	0	0	4	0	0	0	0	53	0	42	143	8	0	0	0	9	107	53	0	58	0	3	123	132	0	15	51	62	0	0	0	61	32	11	0	167	76	115	133	0	0	304	0	73	182	0	3	0	0	2	0	0	14	54	165	0	0	59	12	0	0	0	0	13	133	34	109	0	26	0	0	0	0	0	0	120	0	6	0	0	0	0	52	21	0	0	18	186	0	0	0	64	10	0	55	0	30	7	123	2	6	78	0	88	31	9	41	0	0	126	125	61	0	105	49	53	53	48	46	0	0	0	0	0	2	65	99	54	114	0	0	0	0	89	103	123	45	59	362	28	60	29	167	0	87	45	0	153	0	95	93	0	264	21	60	128	126	100	116	4	81	31	80	108	198	104	0	31	90	0	21	163	76	62	43	109	71	0	219	220	146	70	57	114	42	0	54	0	0	106	252	87	1	190	0	45	231	0	0	0	0	40	19	0	72	108	0	148	10	338	39	107	36	184	115	0	55	85	79	104	53	0	81	52	98	30	211	28	170	5	171	37	22	98	117	159	113	104	15	0	95	153	69	316	50	12	131	51	27	0	115	58	312	12	70	79	153	119	0	0	203	171	0	41	138	365	121	262	94	60	75	155	299	0	167	175	190	21	40	26	43	193	104	97	83	163	70	71	0	147	58	53	0	32	214	104	70	27	0	243	89	0	121	16	62	37	110	10	9	83	68	151	48	98	98	176	43	54	160	77	0	171	153	162	99	118	37	48	115	52	81	123	125	83	0	25	112	0	0	0	99	127	146	17	5	162	7	103	40	11	70	35	11	111	94	55	0	106	32	73	19	52	34	62	50	98	20	20	108	329	12	108	302	242	17	248	47	38	42	88	126	144	42	46	53	42	50	0	82	43	132	0	121	0	0	118	27	115	70	52	15	136	25	114	13	27	118	110	115	64	167	170	36	39	85	99	13	33	31	59	148	200	7	21	92	132	23	214	30	69	16	92	24	417	47	39	228	49	35	54	72	72	89	82	0	108	16	0	134	147	61	14	95	154	13	94	102	95	0	28	493	122	157	16	294	177	38	115	26	252	174	68	117	48	64	18	134	373	31	104	85	86	100	45	29	64	96	190	294	79	104	87	132	251	30	67	128	177	108	86	0	113	39	23	193	64	39	83	38	40	141	27	102	47	121	78	114	252	118	40	5	125	73	156	25	2	134	112	24	20	52	118	144	39	81	60	137	89	26	19	55	117	29	131	63	165	16	40	22	123	59	67	71	245	45	27	6	151	180	19	139	444	89	54	90	222	101	87	173	222	309	13	21	93	48	75	146	95	127	182	83	15	161	129	39	57	149	0	105	150	58	11	46	42	111	170	76	52	53	22	55	10	38	108	10	214	57	132	35	48	47	271	118	183	200	150	136	82	15	40	111	286	135	15	73	127	189	44	71	103	204	294	49	75	33	49	103	12	128	73	53	68	76	131	169	54	84	156	110	102	52	48	102	159	138	249	199	69	41	74	63	140	73	35	169	77	202	82	78	76	12	89	56	109	141	176	137	14	17	247	86	287	14	437	90	102	92	106	96	98	131	36	47	286	47	89	198	119	35	93	148	20	57	90	128
11	0	0	0	0	0	0	0	0	0	0	0	0	0	0	0	0	0	0	0	0	0	0	0	0	0	0	0	0	0	0	0	0	0	0	0	0	0	0	0	0	0	0	0	0	0	0	0	0	0	0	0	0	0	0	0	0	0	0	0	0	0	0	0	0	0	0	0	0	0	0	0	0	0	0	0	0	0	0	0	0	0	0	0	0	0	0	0	0	0	0	0	0	0	0	0	0	0	0	0	0	0	63	0	0	0	0	0	22	0	0	0	0	0	0	0	0	0	3	0	0	0	0	0	0	0	0	0	0	0	0	0	0	0	0	0	0	0	0	0	0	0	0	0	0	0	0	0	0	1	0	0	0	0	107	0	0	0	0	0	0	0	0	0	0	0	0	0	0	0	0	0	0	0	0	0	0	0	0	0	0	0	0	0	0	0	0	0	0	0	0	0	21	72	0	0	0	0	0	0	0	0	1	0	0	0	0	0	0	0	0	0	0	0	0	0	0	0	0	0	0	0	0	0	0	0	0	0	0	0	0	0	0	0	0	0	262	0	43	0	0	0	0	0	0	0	0	0	0	0	0	0	0	0	0	0	0	0	0	0	0	0	0	0	0	0	3	8	0	1	0	0	0	0	0	278	0	0	0	0	24	0	0	0	0	0	0	0	0	0	0	0	0	0	0	0	0	0	25	0	11	0	0	0	0	37	152	211	17	0	0	45	5	55	0	193	0	116	7	101	0	150	7	84	0	0	49	37	107	157	25	32	144	59	151	0	0	13	0	170	59	0	5	0	0	1	0	0	111	96	70	0	0	0	0	0	0	0	0	95	156	149	151	0	49	0	0	0	0	20	0	40	0	53	0	0	0	0	0	19	0	0	12	135	9	0	0	70	24	0	56	0	309	1	68	0	0	59	0	68	0	67	137	0	0	18	6	156	0	19	94	123	4	110	132	0	0	0	7	0	114	57	57	195	104	0	0	0	1	75	53	55	48	103	55	95	171	36	44	0	32	17	0	93	91	18	65	0	129	20	97	225	146	96	80	37	108	120	73	110	70	132	0	27	101	0	19	238	162	20	72	87	43	115	98	24	72	121	0	124	2	0	10	0	0	111	12	79	0	21	0	40	43	0	0	0	0	78	165	0	85	39	0	10	53	120	96	318	17	165	113	0	72	53	229	15	82	0	191	77	38	137	101	71	106	110	233	84	66	15	11	230	256	147	218	0	22	31	51	55	69	42	277	135	69	0	118	139	66	68	141	48	83	118	0	0	56	134	0	36	72	92	165	114	81	21	260	75	180	0	36	9	153	37	170	69	96	260	126	158	154	220	167	78	0	67	112	10	0	100	65	160	17	126	0	36	23	0	128	28	69	146	114	12	31	71	39	211	74	20	33	74	152	54	27	248	0	48	138	72	47	36	119	51	12	85	106	55	94	93	0	143	0	0	0	0	70	60	161	118	52	24	301	220	35	64	48	154	214	96	38	157	0	72	97	61	70	100	40	41	100	11	87	79	49	35	55	204	153	120	95	129	6	34	118	142	85	42	102	17	258	58	118	0	116	59	166	0	139	0	0	63	167	105	42	29	59	71	402	57	199	137	93	74	18	86	60	17	59	70	6	184	136	127	42	62	69	103	67	48	72	59	169	52	225	57	97	105	83	87	118	14	105	105	67	20	53	79	97	117	0	241	142	1	34	19	219	78	91	136	70	66	73	104	0	33	57	113	49	35	145	44	212	152	109	155	159	91	186	109	40	110	142	103	0	49	133	96	50	22	131	62	65	171	59	12	108	166	27	100	15	103	131	29	253	53	0	34	126	63	178	76	129	32	42	50	66	73	129	101	33	178	65	122	41	40	46	43	284	71	17	171	20	107	192	92	101	21	226	142	94	9	33	59	64	33	138	18	314	71	250	26	54	138	34	51	201	92	138	253	234	25	245	57	67	24	113	69	44	51	44	61	74	109	87	144	18	152	14	8	172	196	50	113	52	98	74	18	167	93	216	134	167	12	61	85	105	35	11	64	28	93	46	126	32	95	294	10	64	48	83	153	162	88	91	295	201	68	44	310	57	68	207	98	8	76	87	111	124	41	7	92	45	75	46	54	137	41	56	54	70	100	50	159	81	33	133	97	99	145	131	214	165	123	52	134	130	100	90	201	107	30	107	33	46	32	58	131	61	168	69	121	147	233	41	59	9	51	188	103	123	28	277	25	105	124	98	165	75	11	152	493	66	46	58	82	169	91	132	104	28	257	113	53	136	41	56	139	162	240	182
12	0	0	0	0	0	0	0	0	0	0	0	0	0	0	0	0	0	0	0	0	0	0	0	0	0	0	0	0	0	0	0	0	0	0	0	0	0	0	0	0	0	0	0	0	0	0	0	0	0	0	0	0	0	0	0	0	0	0	0	0	0	0	0	0	0	0	0	0	0	0	0	0	0	0	0	0	0	0	0	0	0	0	0	0	0	0	0	0	0	0	0	0	0	0	0	0	0	0	0	0	0	0	0	0	0	0	0	0	0	0	0	0	0	0	0	0	0	0	0	0	0	0	0	0	0	0	0	0	0	0	0	0	0	0	0	0	0	0	0	0	3	0	0	0	0	0	0	0	0	0	0	0	0	0	0	0	0	0	0	0	0	0	0	0	0	0	0	0	0	0	0	0	0	0	0	0	0	0	0	0	0	0	0	0	0	0	0	0	0	0	0	0	0	0	0	0	0	0	0	0	0	0	0	0	0	0	0	0	0	0	0	125	0	0	0	0	0	0	0	0	0	0	0	0	0	0	0	0	0	0	0	0	0	0	0	69	0	50	0	61	0	0	0	0	32	0	0	0	0	0	0	0	0	0	0	0	4	0	0	0	0	0	0	0	0	95	4	0	0	0	0	0	0	0	20	0	0	0	0	189	0	0	0	0	0	0	0	0	0	0	0	0	0	0	0	0	0	0	0	0	0	0	176	0	49	203	41	6	0	0	113	113	112	0	170	0	117	38	24	0	35	98	235	0	0	0	105	43	62	0	21	113	54	81	0	0	327	0	48	195	0	0	0	4	13	0	0	132	35	44	0	0	121	23	7	0	0	0	160	96	98	135	0	87	0	0	0	0	0	0	28	0	2	14	0	0	0	58	194	72	0	58	38	81	0	0	56	92	0	39	0	6	16	46	0	0	42	1	117	18	0	17	0	0	73	0	198	8	78	14	60	46	110	141	0	0	0	0	5	30	129	1	35	27	0	0	0	66	44	48	79	19	44	121	47	6	105	94	0	35	8	0	43	14	23	1	0	104	136	88	109	57	121	264	209	55	51	54	95	61	88	0	340	124	0	95	87	275	45	123	112	77	161	112	34	125	12	0	49	265	0	58	0	0	54	141	57	0	56	0	88	95	0	0	0	0	175	139	2	43	172	0	83	36	288	68	19	107	141	34	0	71	173	108	50	35	0	231	37	18	187	46	49	56	104	118	440	50	12	29	14	92	328	4	0	137	132	217	34	41	191	55	108	145	0	67	57	60	276	227	70	82	255	5	0	4	60	0	40	60	34	256	137	27	39	42	168	184	0	119	79	163	141	74	115	57	84	100	179	52	42	211	67	0	216	241	1	0	75	106	32	56	57	0	159	109	0	75	120	55	20	31	89	92	3	12	236	170	66	113	17	38	60	160	83	0	178	121	75	71	9	23	141	103	38	71	144	33	51	0	63	54	0	0	0	14	7	64	115	80	118	68	110	65	23	164	81	65	73	38	27	0	100	148	50	62	106	32	113	51	93	106	27	187	8	134	16	53	117	135	43	39	0	140	98	26	219	118	69	159	100	123	2	239	69	193	0	254	0	3	73	220	133	62	144	137	165	135	132	19	79	170	100	309	173	21	28	216	105	110	162	100	35	105	40	32	58	55	53	80	72	32	172	154	38	70	25	102	121	93	123	83	128	122	116	202	59	93	34	0	75	38	0	54	61	88	88	85	38	92	129	84	4	0	194	176	56	103	153	30	49	58	36	177	81	225	80	56	24	156	102	56	39	0	53	197	159	23	82	171	102	167	7	138	15	28	146	81	5	176	121	15	245	89	131	0	134	102	153	17	266	32	116	40	223	59	64	68	38	65	36	22	54	33	106	136	21	113	18	133	296	116	95	151	93	83	99	297	131	209	69	52	137	96	103	219	177	136	16	65	21	101	60	190	14	77	230	215	39	184	28	60	59	56	17	67	20	24	19	11	58	57	107	47	45	143	122	30	66	29	73	85	82	145	175	56	150	87	117	59	47	26	25	79	55	47	76	51	35	79	98	301	50	260	109	159	95	47	26	158	39	66	41	156	59	142	127	42	145	258	4	63	44	42	30	375	104	72	51	38	264	137	101	178	149	77	124	70	156	96	24	47	20	119	19	70	38	84	61	189	123	182	126	173	294	11	57	57	109	55	26	737	47	77	67	136	71	207	197	51	104	133	62	94	36	45	284	423	64	15	5	134	56	141	112	67	122	223	62	105	231	201	33	60	181	7	21	45	122	77	66	153	270	305	197	62	85	114	28	16
13	0	0	0	0	12	0	0	0	0	0	0	0	0	0	0	0	0	0	0	0	0	0	0	0	0	0	0	0	0	0	0	0	0	0	0	0	0	0	0	0	0	0	0	0	0	0	0	0	0	0	0	0	0	0	0	0	0	0	0	0	0	0	0	0	0	0	0	0	0	0	0	0	0	0	0	0	0	0	0	0	0	0	0	0	0	0	0	0	0	0	0	0	0	0	0	0	0	0	0	0	0	0	0	0	2	0	0	0	0	0	0	0	0	0	0	0	0	0	0	0	4	0	0	0	0	0	0	0	0	0	0	0	0	0	0	0	0	0	0	0	0	0	0	0	0	0	0	0	0	0	0	0	0	0	0	0	0	0	0	0	0	0	0	0	0	0	0	8	0	0	0	4	0	0	0	0	0	0	0	0	0	0	0	0	0	0	0	0	0	0	0	0	0	0	0	0	0	0	0	0	0	0	0	0	0	0	0	0	0	0	0	0	0	0	0	0	0	0	83	0	0	0	0	0	0	0	0	0	0	0	0	0	0	0	0	114	0	165	0	61	0	0	0	0	0	0	0	0	0	0	0	0	0	0	0	0	0	0	0	0	0	0	0	0	0	148	0	0	0	0	4	2	0	0	39	0	0	0	0	70	10	0	0	0	0	0	0	0	0	0	0	0	0	0	0	0	0	0	0	0	0	0	53	1	268	148	196	0	0	0	207	142	35	0	75	0	34	271	89	18	114	46	78	0	0	5	128	74	24	0	63	33	177	84	0	9	222	89	23	127	0	0	3	0	0	0	0	11	19	27	0	0	33	0	0	0	0	0	100	18	74	78	0	59	0	1	0	0	0	0	174	0	83	24	0	0	0	50	87	9	0	0	59	0	0	0	170	146	0	0	0	93	2	47	0	0	65	0	123	33	1	101	0	0	117	32	36	0	48	75	23	0	94	81	0	0	0	0	0	22	51	70	85	97	0	0	0	14	146	55	1	199	50	76	49	52	120	69	0	72	103	0	55	0	41	14	0	119	33	93	129	191	178	36	58	6	63	45	61	45	182	0	192	339	3	334	72	92	265	20	51	91	7	203	84	69	92	0	114	105	0	149	0	0	87	232	64	43	257	9	229	151	0	0	19	0	4	7	0	98	158	0	104	28	93	90	79	15	87	42	0	189	69	82	50	74	0	47	304	35	136	133	91	46	124	106	33	55	119	38	168	88	82	52	0	167	42	78	49	215	20	84	81	178	0	26	197	104	90	90	195	61	194	0	0	117	72	0	113	131	312	86	107	9	112	45	78	116	0	35	71	9	100	212	129	50	268	65	41	137	264	192	31	0	153	83	82	0	265	192	204	11	131	0	96	164	0	34	71	122	35	156	174	79	151	107	105	86	140	113	277	31	86	154	25	0	31	149	100	187	338	76	7	12	112	55	142	71	55	0	139	17	0	0	0	37	52	124	152	46	25	40	49	97	20	49	96	53	56	119	5	0	31	93	7	121	83	153	110	202	77	81	59	190	70	46	150	84	62	81	11	98	6	166	179	230	161	11	88	29	65	154	0	32	26	48	0	229	0	0	152	36	52	39	141	149	129	112	210	30	122	195	37	22	81	199	80	88	60	138	222	169	320	42	118	124	125	61	48	86	178	11	61	30	381	138	16	238	139	61	70	23	181	275	201	37	283	85	54	42	138	226	0	147	201	35	74	118	10	33	171	117	243	0	71	50	124	265	214	106	113	141	126	184	39	115	204	14	93	84	52	107	47	0	90	69	119	45	57	60	206	199	151	172	73	156	17	32	67	70	40	68	140	226	55	0	311	66	52	98	69	70	167	99	82	363	114	118	237	91	238	98	115	107	175	202	110	80	64	332	66	29	65	42	51	91	37	105	124	139	32	80	107	78	43	64	142	194	190	81	43	36	138	31	36	40	66	164	29	81	4	23	119	24	67	164	70	94	110	144	125	103	168	46	86	51	50	232	101	85	169	30	241	139	97	200	57	48	240	67	82	53	24	51	82	21	147	85	117	125	39	116	38	86	102	286	150	156	148	134	187	91	44	117	35	56	49	171	212	48	20	230	40	76	201	8	136	102	103	65	8	89	23	143	179	186	61	38	77	148	39	9	107	94	27	50	85	52	182	39	60	52	97	144	60	250	143	24	152	99	314	168	141	125	108	12	72	35	55	54	80	24	101	93	179	188	111	100	41	104	118	177	266	8	8	43	80	96	170	10	94	53	109	210	173	142	158	54	217	57	39	79	150	172	59	21	1	163	20	265
14	0	0	0	0	0	0	0	0	0	0	0	0	0	0	0	0	0	0	0	0	0	0	0	0	0	0	0	0	0	0	0	0	0	0	0	0	0	0	0	0	0	0	0	0	0	0	0	0	0	0	0	0	0	0	0	0	0	0	0	0	0	0	0	0	0	0	0	0	0	0	0	0	0	0	0	0	0	0	0	0	0	0	0	0	0	0	0	0	0	0	0	0	0	0	0	0	0	0	0	0	0	0	0	0	0	0	0	0	0	0	0	0	0	0	0	0	0	0	0	0	0	0	0	0	0	0	0	0	0	0	0	14	0	0	0	0	0	0	0	0	0	0	0	0	0	0	0	0	0	0	0	0	0	12	0	0	0	0	0	0	5	0	0	0	0	0	0	0	0	0	0	0	29	0	0	0	0	0	0	0	0	0	0	0	0	0	0	0	0	0	0	0	0	0	0	0	0	0	0	0	0	0	16	0	0	0	0	0	0	0	50	0	0	36	159	0	0	0	0	0	34	0	0	0	0	0	0	0	0	0	0	0	0	0	4	137	0	19	0	42	0	2	0	0	0	0	0	0	0	0	0	0	0	0	0	0	0	0	0	0	6	0	0	0	0	87	0	0	19	0	0	0	0	0	164	0	0	0	0	77	0	0	0	0	0	0	2	0	0	0	0	0	0	0	0	0	0	0	0	0	0	0	146	0	65	36	0	32	0	0	52	44	171	0	22	0	36	243	124	0	196	178	185	0	0	0	32	145	141	0	106	78	30	45	0	0	107	0	73	67	0	78	0	0	31	0	0	32	91	10	0	0	53	47	0	0	0	0	195	81	42	70	0	41	28	4	9	0	0	0	13	0	62	21	0	19	0	40	74	0	0	0	174	2	0	0	91	80	0	77	0	66	13	256	0	21	35	0	2	29	0	23	0	0	13	12	142	20	159	80	68	46	25	36	0	0	5	0	0	4	84	103	105	131	0	0	0	26	85	112	144	247	92	192	146	64	110	96	0	182	72	0	86	0	15	146	0	54	45	30	67	92	50	16	27	198	209	108	84	37	20	0	157	150	0	29	294	191	117	31	138	183	21	136	35	1	134	0	44	56	0	66	0	0	40	17	62	0	55	0	19	75	0	80	0	0	160	64	0	113	110	0	76	98	188	196	88	130	170	29	0	73	20	76	267	76	0	44	17	33	62	271	80	31	124	42	42	93	20	68	195	45	48	86	0	63	106	212	37	114	207	114	204	119	0	133	62	47	115	27	112	132	48	1	0	41	29	0	277	222	113	86	82	206	93	69	70	44	0	280	32	84	110	24	47	36	29	93	111	177	57	68	56	0	172	30	0	0	94	45	6	17	145	0	133	104	0	21	21	242	61	220	39	86	96	199	75	78	119	23	162	36	14	36	70	0	71	98	101	58	16	90	136	52	36	43	35	54	45	0	147	82	0	16	0	59	40	194	154	17	52	105	38	6	140	46	78	45	81	261	110	0	80	27	32	89	55	42	98	46	208	28	117	65	28	62	167	56	203	73	273	13	27	94	113	56	37	100	87	105	196	82	0	34	148	133	0	67	0	0	88	143	46	221	18	33	94	97	80	354	40	128	38	97	29	67	47	85	88	55	70	26	89	41	183	56	21	62	49	260	32	115	92	32	75	125	30	141	146	201	81	65	139	69	51	116	43	55	26	2	158	143	0	22	55	155	103	130	58	53	162	146	61	0	142	26	52	43	92	185	30	190	104	129	42	48	57	22	6	32	164	18	99	0	68	52	0	223	61	38	7	187	59	124	37	113	243	77	53	39	77	7	131	14	76	0	44	132	249	145	127	81	291	66	24	49	102	120	22	72	174	91	244	34	72	75	36	45	62	27	308	77	147	13	100	39	240	168	137	91	45	86	32	160	6	102	130	73	117	18	85	159	111	132	79	58	47	87	66	160	191	36	88	44	19	245	154	69	20	134	116	59	186	172	40	269	86	223	167	19	22	64	86	119	129	100	66	58	61	154	58	62	0	100	65	277	191	11	27	26	98	44	58	107	222	27	38	14	124	71	65	279	214	19	133	180	148	45	46	44	456	67	39	7	114	136	85	312	76	96	38	276	71	79	187	196	141	72	80	81	142	47	148	80	34	469	16	133	50	32	20	38	167	81	45	110	97	89	67	195	155	26	35	104	89	106	15	144	95	28	143	188	28	46	154	76	168	133	36	70	220	107	58	38	183	62	71	43	46	67	148	233	74	124	22	72	6	64	149	95	50	82	208	90	68	11	10	39	246	25
15	0	0	0	0	0	0	0	0	0	0	0	0	0	0	0	0	0	0	0	0	0	0	0	0	0	0	0	0	0	0	0	0	0	0	0	0	0	0	0	0	0	0	0	0	0	0	0	0	0	0	0	0	0	0	0	0	0	0	0	0	0	0	0	0	0	0	0	0	0	0	0	0	0	0	0	0	0	0	0	0	0	0	0	0	0	0	0	0	0	0	0	0	0	0	0	0	0	0	0	0	0	0	0	0	0	0	0	0	0	0	0	0	0	0	0	0	0	0	0	0	0	0	0	10	0	0	0	0	0	0	0	0	0	0	0	0	0	0	0	0	0	0	0	0	0	0	0	0	0	0	0	0	0	0	0	0	35	0	0	0	0	0	0	0	0	0	0	18	0	0	0	0	0	0	0	0	0	0	0	0	0	0	0	0	0	0	0	0	0	0	0	0	0	0	0	0	0	0	0	0	0	0	0	0	0	0	0	0	0	0	0	7	0	12	0	0	0	0	0	0	0	0	0	0	0	0	0	0	0	2	0	0	0	0	1	154	0	1	0	0	0	0	0	0	0	0	0	0	0	0	0	0	0	0	0	0	0	0	0	0	0	0	0	27	0	33	8	0	9	0	0	0	0	0	130	0	0	0	0	39	0	6	0	0	0	0	0	0	0	0	0	0	0	0	0	0	0	0	0	0	0	0	35	0	187	94	144	0	0	0	206	21	69	0	70	0	36	112	15	0	138	341	92	0	0	0	94	284	39	0	60	0	9	61	0	0	67	0	223	102	0	12	0	0	67	0	0	94	117	90	0	0	29	54	0	0	0	0	75	135	24	53	0	110	104	0	0	0	0	0	44	0	209	21	0	0	0	34	57	0	0	41	128	0	0	0	73	101	0	26	0	52	2	76	24	0	102	1	30	0	22	59	0	0	201	64	88	0	133	327	32	4	43	60	0	0	0	0	0	12	30	112	52	87	0	0	0	104	27	196	88	19	43	66	73	13	67	71	0	23	4	0	99	0	74	31	0	59	104	66	113	66	169	125	63	28	29	22	22	110	74	0	40	84	0	113	44	57	16	81	54	97	47	142	301	82	34	0	46	116	0	85	1	0	214	204	60	0	77	0	20	57	0	0	0	0	133	80	0	185	63	0	211	35	59	97	38	144	38	29	31	138	334	58	122	109	0	116	77	103	44	101	60	145	83	59	179	167	25	269	163	137	60	54	0	36	85	44	43	42	206	216	161	170	0	28	21	112	191	33	127	84	17	0	0	68	24	0	3	5	120	144	59	2	43	73	53	114	15	35	40	77	135	117	70	2	34	40	7	101	222	149	144	0	61	187	66	0	154	156	7	34	30	0	208	102	0	36	58	25	137	109	173	72	120	43	139	128	195	62	173	50	183	171	330	0	9	47	64	46	66	71	29	62	54	198	183	25	63	0	84	91	0	0	0	99	111	41	73	168	142	148	52	17	201	74	50	54	323	77	151	0	113	44	66	41	55	50	41	46	52	179	25	76	31	187	4	95	104	135	30	102	0	165	33	392	33	134	12	103	327	20	0	85	125	108	0	32	0	60	127	88	214	3	106	145	89	182	144	126	29	105	130	313	60	37	35	28	51	164	69	93	36	23	28	20	68	34	162	59	54	129	74	68	43	39	60	29	121	76	25	37	106	31	66	35	119	79	6	0	69	69	0	55	28	114	10	283	119	75	33	221	30	0	56	367	63	85	102	29	82	95	44	98	53	89	8	19	53	90	20	62	83	0	65	90	210	19	48	25	34	27	61	68	220	28	101	88	55	86	72	16	268	178	30	0	71	123	59	45	131	155	15	121	160	75	36	306	66	20	226	105	93	50	44	85	55	253	35	165	127	43	50	40	70	77	75	120	41	108	284	144	61	151	15	192	196	82	119	96	244	97	45	50	86	253	133	130	6	39	93	86	25	138	163	214	116	27	28	121	39	111	173	24	248	193	8	78	41	133	84	83	58	45	62	112	167	193	74	19	29	86	0	46	213	209	106	90	49	73	38	104	6	36	23	58	67	109	41	168	54	28	91	110	273	95	151	457	82	92	169	330	83	103	145	111	77	70	109	20	142	34	30	29	123	44	30	169	68	10	140	84	57	19	62	9	30	87	163	158	23	156	103	62	140	54	27	133	159	30	75	140	112	37	63	55	28	135	6	274	87	145	104	69	266	58	135	93	10	94	186	185	77	79	63	37	10	39	51	630	167	336	71	124	43	68	34	109	35	55	97	239	80	151	133	43	77	52	77	248
16	0	0	0	0	0	0	0	0	0	0	0	0	0	0	0	0	0	0	0	0	0	0	0	0	0	0	0	0	0	0	0	0	0	0	0	0	0	0	0	0	0	0	0	0	0	0	0	0	0	0	0	0	0	0	0	0	0	0	0	0	0	0	0	0	0	0	0	0	0	0	0	0	0	0	0	0	0	0	0	0	0	0	0	0	0	0	0	0	0	0	0	0	0	0	0	0	0	0	0	0	0	0	0	0	2	0	0	15	0	0	0	0	0	0	0	0	0	0	0	0	0	0	0	0	0	0	0	0	0	0	0	0	0	0	0	0	0	0	0	0	0	22	0	0	0	0	0	0	0	0	0	0	0	0	0	0	0	0	0	0	0	0	0	0	0	0	0	0	0	0	0	0	0	0	0	0	0	0	0	0	0	0	0	0	0	0	0	0	0	0	0	0	16	0	0	0	0	0	0	0	0	0	0	0	0	0	0	0	0	0	0	2	0	34	19	0	0	0	0	0	0	0	0	0	0	0	0	0	0	0	0	0	0	0	0	193	0	52	0	56	0	0	0	0	0	0	0	0	0	0	0	0	0	0	0	0	0	0	0	0	0	0	0	0	0	27	0	0	9	0	0	0	1	0	171	0	0	0	0	15	0	0	0	0	0	0	0	0	0	0	0	0	0	0	0	0	0	1	0	0	0	0	176	0	210	107	206	0	0	0	62	32	145	0	100	0	29	101	7	0	42	30	27	0	0	0	66	140	182	0	148	55	176	135	0	0	150	0	20	288	0	0	0	0	80	0	0	44	144	71	2	0	39	21	0	0	0	0	40	8	167	53	0	179	0	0	0	28	0	0	161	0	181	4	0	0	0	0	0	48	0	0	52	0	0	0	137	35	0	74	0	15	53	246	0	0	125	0	120	8	62	60	0	0	80	30	118	0	45	153	111	0	36	58	0	0	0	0	0	0	134	56	74	85	0	0	0	88	165	94	139	125	123	83	62	102	129	6	0	100	96	0	54	0	41	148	0	28	262	111	95	71	19	65	73	201	44	100	13	219	65	0	64	98	0	8	92	106	41	39	66	15	104	129	63	0	79	0	72	122	0	47	0	0	150	175	87	0	94	0	92	258	0	0	34	0	41	238	0	133	134	0	210	30	147	148	112	117	105	70	0	109	307	181	1	184	0	128	114	115	194	187	144	113	168	50	41	38	28	98	48	314	149	290	0	170	89	97	70	124	25	147	16	119	0	77	59	167	72	40	38	34	193	0	0	80	236	0	104	77	56	420	82	32	31	64	69	63	0	19	176	95	63	104	106	55	72	68	218	74	76	91	49	0	23	135	33	3	108	266	106	77	34	0	89	36	0	144	235	55	149	28	79	271	146	127	112	63	9	36	186	14	144	44	92	0	8	201	192	43	79	143	108	154	91	219	120	41	160	0	171	271	0	0	0	65	58	90	184	48	75	80	111	110	40	289	141	193	161	218	130	0	18	55	67	232	55	58	59	44	146	52	138	88	56	93	157	18	26	162	26	99	166	112	33	305	21	47	75	75	34	131	0	62	97	26	0	134	1	0	55	72	105	130	41	66	35	30	30	22	181	22	65	55	177	44	44	185	15	87	32	165	20	81	313	148	9	204	33	118	47	147	271	4	54	153	113	93	40	43	164	66	44	63	335	46	129	144	32	0	82	87	0	63	136	66	174	219	51	703	46	17	54	0	64	11	89	94	155	47	117	54	78	96	57	125	76	272	132	229	34	204	118	0	285	77	98	210	65	87	38	205	104	136	84	248	104	172	112	63	104	47	74	32	80	0	142	81	31	90	39	125	279	78	316	62	112	128	160	105	47	105	298	175	34	61	53	42	271	71	71	92	184	64	37	66	58	84	42	61	79	48	113	125	5	5	112	58	72	231	62	91	174	48	69	107	121	178	33	39	87	43	91	24	35	268	15	53	98	214	100	86	239	52	303	48	100	65	178	75	32	21	48	59	63	33	128	19	71	126	212	92	38	96	207	93	124	120	136	22	24	147	112	76	61	48	39	67	283	60	114	14	20	122	64	300	386	33	139	75	45	165	36	29	60	204	95	127	125	150	76	44	117	342	90	101	63	190	38	300	172	21	83	171	87	94	268	162	50	145	25	16	65	44	372	118	121	87	17	171	98	43	147	165	67	46	39	79	40	78	75	151	44	122	25	81	42	231	102	142	138	151	24	57	11	231	179	159	29	17	171	83	40	77	94	32	258	68	34	146	16	112	431	35	29	23	71	63	58	42
17	0	0	0	0	0	0	0	0	0	0	0	0	0	0	0	0	0	0	0	0	0	0	0	0	0	0	0	0	0	0	0	0	0	0	0	0	0	0	0	0	0	0	0	0	0	0	0	0	0	0	0	0	0	0	0	0	0	0	0	0	0	0	0	0	0	0	0	0	0	0	0	0	0	0	0	0	0	0	0	0	0	0	0	0	0	0	0	0	0	0	0	0	0	0	0	0	0	0	0	0	0	0	0	0	0	0	0	0	0	0	0	0	0	0	0	0	0	0	0	0	0	0	0	0	0	0	0	0	0	0	0	59	0	0	0	0	0	0	0	0	0	38	0	0	0	0	0	0	0	0	0	0	0	0	0	0	0	0	0	0	0	3	0	0	0	0	0	0	0	0	0	0	0	0	0	0	0	0	0	0	0	0	0	0	0	0	0	0	0	0	0	0	0	0	0	0	0	0	0	0	0	0	0	0	0	0	0	0	0	0	0	0	0	71	0	0	0	0	0	0	0	0	0	0	0	0	0	0	0	0	0	22	0	0	0	262	0	104	0	34	21	0	0	37	0	0	0	0	0	0	0	0	0	0	0	0	0	0	0	0	0	0	0	0	0	143	0	0	0	0	0	67	0	0	9	0	0	0	0	0	0	0	0	0	0	0	0	0	0	0	49	0	0	0	0	0	0	0	0	0	0	0	80	0	162	29	160	24	0	0	29	2	0	0	110	0	130	53	109	0	26	89	146	0	0	0	84	168	148	0	18	74	173	73	0	0	15	39	11	118	0	96	0	0	0	0	0	43	25	34	4	0	104	11	0	0	0	0	52	23	126	5	89	254	0	0	32	0	0	0	44	0	8	21	0	0	0	156	182	53	0	78	74	0	0	0	78	72	0	13	0	31	27	71	5	0	21	0	87	7	0	64	0	0	72	1	115	0	61	102	40	68	105	50	0	0	0	0	0	12	38	104	107	30	0	0	6	6	43	46	57	172	44	41	2	26	170	37	0	117	8	0	182	0	25	19	0	43	63	85	36	67	124	130	57	12	117	124	14	63	29	0	5	79	0	56	151	70	51	35	51	98	52	128	7	101	307	0	167	98	0	7	0	3	148	7	43	0	2	0	167	24	0	0	0	0	289	24	0	19	14	0	78	53	46	103	46	109	21	115	0	82	56	168	80	77	0	55	95	39	30	27	9	85	66	145	77	261	78	36	109	121	104	70	0	39	96	123	59	242	46	94	66	76	0	66	31	92	76	177	42	106	93	0	0	141	36	0	194	57	133	154	178	62	56	115	51	88	0	46	28	56	112	87	115	58	103	109	152	257	55	59	123	0	49	33	112	0	71	48	99	229	264	0	67	52	0	96	78	19	51	148	159	99	208	15	24	47	203	73	16	33	138	2	56	0	127	145	45	286	123	154	23	47	85	89	112	63	104	0	105	22	0	0	0	51	105	26	59	12	129	52	60	50	26	65	46	149	140	33	52	0	90	56	56	77	238	202	124	240	13	33	30	79	231	157	216	196	149	100	119	27	0	290	94	21	85	202	151	224	9	152	43	29	54	27	0	54	0	0	95	63	38	39	62	159	149	43	59	185	148	17	132	38	87	105	50	38	77	71	88	78	36	39	97	63	74	127	8	136	37	131	46	119	133	72	77	317	57	219	244	196	8	58	34	294	60	54	93	0	154	55	0	20	122	82	78	152	263	98	168	37	50	0	320	62	34	94	168	63	150	4	64	218	18	54	51	68	97	145	52	152	108	0	164	57	128	189	196	49	187	169	101	110	184	154	78	16	140	124	75	16	81	56	68	0	73	113	32	78	97	102	168	129	29	133	49	153	158	105	73	82	62	69	74	44	73	81	105	149	74	67	61	42	198	134	232	84	242	64	236	11	186	266	114	48	68	61	83	128	160	55	263	157	166	78	65	112	225	101	75	47	33	14	63	28	31	57	65	79	75	33	252	41	50	35	57	98	138	166	74	169	114	147	302	64	169	90	64	52	206	66	195	133	54	197	55	97	131	153	26	214	20	187	88	94	42	72	123	298	54	25	82	29	25	201	53	125	53	180	50	176	69	52	41	26	24	41	11	100	60	53	23	44	65	178	68	19	16	24	187	99	226	36	50	170	40	133	51	35	133	76	98	96	47	0	164	76	192	71	110	63	131	65	54	56	32	30	101	52	76	146	140	177	91	170	179	161	13	26	165	41	88	179	30	56	18	38	66	40	90	16	112	74	52	168	93	65	94	153	126	56	50	207	30	80	108	50	59	7
18	0	0	0	0	0	0	0	0	0	0	0	0	0	0	0	0	0	0	0	0	0	0	0	0	0	0	0	0	0	0	0	0	0	0	0	0	0	0	0	0	0	0	0	0	0	0	0	0	0	11	0	0	0	0	0	0	0	0	0	0	0	0	0	0	0	0	0	0	0	0	0	0	0	0	0	0	0	0	0	0	0	0	0	0	0	0	0	0	0	0	0	0	0	0	0	0	0	0	0	0	0	0	16	0	0	0	0	4	0	0	0	0	3	0	0	0	0	0	0	17	0	0	0	0	0	0	0	0	1	0	0	0	0	0	0	0	0	0	0	0	0	0	0	0	0	0	0	0	0	0	0	0	0	0	0	0	0	0	0	0	0	0	0	0	0	0	0	0	0	0	0	0	0	0	0	0	0	0	0	0	0	0	0	0	0	0	0	0	0	0	0	0	0	0	0	0	0	0	0	0	27	0	0	0	0	0	0	0	0	0	25	13	102	22	0	0	0	0	0	0	0	0	1	0	0	0	0	0	0	0	0	0	0	0	4	97	0	0	0	89	0	0	0	0	12	0	4	0	0	0	0	26	0	0	0	0	0	0	0	0	0	0	0	0	0	59	0	0	0	0	0	0	0	0	49	77	0	0	0	144	0	0	0	0	0	0	0	0	0	0	0	0	0	0	0	0	0	36	0	0	0	0	70	0	10	114	98	24	0	0	200	0	21	0	230	0	92	130	27	0	25	40	128	0	40	0	67	171	111	0	251	16	71	29	0	0	150	156	94	96	0	0	0	0	0	0	0	70	149	161	0	0	110	0	0	0	0	0	97	0	71	140	0	41	1	0	0	0	0	0	63	0	86	0	0	1	1	15	0	9	0	0	86	49	0	0	38	62	0	0	0	267	0	8	19	3	159	0	36	0	24	76	0	0	70	0	108	0	154	118	20	41	2	82	0	0	0	0	0	0	140	12	208	167	0	0	0	235	96	95	37	141	37	33	28	2	59	26	0	143	18	0	222	0	56	73	0	118	402	30	42	122	53	161	59	53	41	92	122	72	28	0	228	69	0	252	134	57	0	119	364	33	162	35	104	4	60	0	119	397	0	115	0	0	40	147	11	0	36	0	169	101	0	0	0	0	152	237	0	210	55	2	108	137	29	74	20	105	94	73	0	66	51	6	0	90	0	15	277	43	32	141	17	15	11	139	17	106	124	41	52	126	95	41	1	38	20	95	359	13	55	67	69	107	0	121	81	119	30	209	68	39	7	0	0	106	74	0	99	50	13	189	60	67	67	25	32	75	0	178	116	183	22	24	153	101	14	32	96	39	16	74	24	0	46	32	201	0	41	83	271	41	192	0	180	108	0	88	40	46	130	73	48	126	130	171	107	84	137	72	74	14	77	174	109	0	130	83	138	58	78	82	84	143	47	5	273	185	81	0	26	15	0	0	0	190	51	26	77	125	65	128	86	127	139	235	111	183	25	121	139	4	57	110	34	61	61	3	456	263	89	90	91	27	26	103	54	53	48	27	68	139	0	56	63	63	100	57	242	279	13	160	0	41	51	95	4	77	0	0	365	6	81	248	31	139	44	151	81	85	62	109	48	59	21	70	37	260	72	36	42	98	155	129	12	155	94	171	159	63	151	81	139	149	24	106	272	181	116	24	88	52	233	88	175	60	70	53	93	0	124	73	0	156	28	38	13	65	9	51	29	42	50	0	213	57	142	157	115	93	149	173	58	145	112	76	106	51	47	212	22	87	56	0	141	51	129	10	97	21	56	66	28	52	51	228	63	69	40	174	384	54	91	47	93	0	199	25	72	77	144	38	79	53	31	192	85	124	45	11	100	145	130	44	33	15	322	59	131	32	12	79	41	35	35	85	133	382	38	74	85	43	147	105	70	42	142	109	121	60	165	117	56	133	132	248	72	172	158	58	31	147	64	62	50	190	344	127	91	122	26	173	134	12	125	78	109	17	55	86	79	64	35	63	49	114	137	67	69	98	52	31	29	86	3	70	108	55	5	48	59	101	59	15	81	21	99	88	38	101	18	97	116	75	25	24	23	78	20	193	101	120	11	102	148	100	80	28	56	149	36	209	80	86	71	38	60	184	134	19	155	173	158	82	131	38	114	58	102	65	283	152	225	23	46	91	143	108	276	259	84	117	100	30	58	63	0	54	154	81	101	18	118	73	54	89	179	127	76	116	57	62	74	106	75	92	66	299	128	57	18	50	71	81	82	28	7	160	7	23	94	78	104	61	76	81	44	192	76	91
19	0	0	0	0	0	0	0	0	0	0	0	0	0	0	0	0	0	0	0	0	0	0	0	0	0	0	0	0	0	0	0	0	0	0	0	0	0	0	0	0	0	0	0	0	0	0	0	0	0	0	0	0	0	0	0	0	0	0	0	0	0	0	0	0	0	0	0	0	0	0	0	0	0	0	0	0	0	0	0	0	0	0	0	0	0	0	0	0	0	0	0	0	0	0	0	0	0	0	0	0	0	0	0	0	0	0	0	0	0	0	0	0	0	0	0	0	0	0	0	0	0	0	0	0	0	0	0	0	0	0	0	0	6	14	0	0	0	0	0	0	0	0	21	0	0	0	0	0	0	0	0	0	0	0	1	0	0	0	0	0	0	8	0	0	0	25	0	0	0	0	0	0	0	0	0	0	0	44	0	0	0	0	0	0	0	0	0	0	0	0	0	0	0	0	0	0	0	0	0	0	0	0	0	0	0	0	0	0	0	0	0	30	0	0	0	0	0	0	0	0	0	0	0	0	0	0	0	0	0	0	0	0	0	0	66	93	0	26	0	260	0	0	0	0	0	0	25	0	0	0	0	10	0	0	0	0	0	0	0	0	0	7	0	0	0	253	23	0	0	0	0	0	0	0	33	0	0	0	0	33	0	27	0	5	0	0	0	0	0	0	0	0	0	0	0	0	0	0	0	0	0	0	155	0	25	187	211	0	0	0	112	0	95	0	16	0	39	25	59	0	71	95	199	1	0	0	101	226	132	0	139	31	192	58	0	0	198	29	73	116	0	15	8	0	13	0	0	107	68	40	0	0	46	20	0	0	0	0	56	12	145	90	0	79	0	19	1	0	0	0	65	0	14	0	0	0	0	54	82	36	0	65	265	0	0	0	58	63	0	29	0	29	40	64	0	0	156	0	25	137	0	73	0	0	241	116	40	21	152	206	95	64	15	32	0	0	0	0	0	23	183	73	225	81	0	0	0	40	181	145	43	43	76	57	37	100	17	29	0	40	66	0	169	0	100	40	2	70	82	86	155	42	192	141	50	190	198	196	52	112	132	0	19	50	0	148	85	95	18	106	27	171	165	83	111	9	32	0	141	48	0	55	0	0	40	147	75	0	57	0	21	47	0	0	1	0	28	135	0	111	114	1	190	62	194	40	114	269	26	19	0	52	99	70	146	77	0	233	153	13	89	72	23	43	387	123	23	196	81	65	3	249	231	28	0	251	83	327	55	77	62	62	85	41	0	149	52	101	40	315	96	58	125	3	0	117	69	0	69	103	164	125	125	156	21	118	32	52	23	70	123	75	49	123	121	97	83	75	90	31	22	3	48	0	14	8	24	0	120	29	67	80	131	0	34	70	0	239	136	248	29	12	165	17	159	145	88	92	341	28	66	125	34	52	36	0	225	76	134	12	14	219	111	17	11	12	57	29	46	0	131	59	0	0	0	92	16	24	66	55	35	9	7	51	105	27	106	34	88	231	134	0	30	103	16	80	65	82	190	185	176	90	46	104	163	103	45	204	180	80	137	47	82	157	127	144	100	101	32	146	76	322	28	23	139	32	0	4	0	0	141	23	99	110	275	77	33	62	157	118	32	36	244	1	195	166	21	10	62	9	52	76	189	190	28	89	71	30	127	85	149	139	115	94	33	37	124	185	105	79	277	127	223	133	138	91	137	78	67	0	132	211	0	213	38	200	12	128	288	19	235	8	237	0	251	196	16	87	88	122	175	19	147	271	210	66	48	133	81	43	89	66	47	18	48	72	13	133	15	137	228	99	111	73	30	87	31	78	238	90	67	87	48	140	116	1	10	116	95	26	31	91	59	141	188	40	142	163	100	25	88	70	36	55	67	148	143	84	21	110	108	74	48	159	90	75	45	35	188	208	210	95	182	71	24	75	25	74	65	90	25	41	177	105	109	164	120	403	57	81	86	109	84	113	38	214	80	83	102	142	148	193	165	166	147	82	39	146	35	40	118	59	113	43	248	127	220	61	34	56	191	125	33	216	150	138	28	157	173	101	137	59	53	66	56	7	55	100	65	142	43	31	50	157	46	159	75	4	176	93	95	338	44	115	187	42	55	151	150	104	56	40	75	49	60	14	46	41	363	49	17	95	54	97	173	42	184	47	75	157	14	68	155	34	50	174	20	16	103	18	71	156	40	419	97	33	41	133	115	32	225	300	10	128	101	60	137	138	343	29	90	102	133	199	144	141	69	153	63	111	93	99	94	28	97	101	55	243	89	121	161	87	87	28	31	258	116	22	10	88
20	0	0	0	0	0	0	0	0	0	0	0	0	0	0	0	0	0	0	0	0	0	0	0	0	0	0	0	0	0	0	0	0	0	0	0	0	0	0	0	0	0	0	0	0	0	0	0	0	0	0	0	0	0	0	0	0	0	0	0	0	0	0	0	0	0	0	0	0	0	0	0	0	0	0	0	0	0	0	0	0	0	0	0	0	0	0	0	0	0	0	0	0	0	0	0	0	0	0	0	0	0	0	0	0	0	0	0	0	0	0	0	0	0	0	0	0	0	0	0	0	0	0	0	0	0	0	0	0	0	0	0	0	0	0	0	0	0	0	0	0	0	0	0	0	0	0	0	0	0	0	0	0	0	0	0	0	0	0	0	0	0	0	0	0	0	0	0	0	0	0	0	0	0	0	0	0	0	0	0	0	0	0	0	0	0	0	0	0	0	0	0	0	0	0	0	0	0	0	0	0	0	0	0	0	0	0	0	0	0	0	0	1	0	2	0	0	0	0	0	0	0	0	0	0	0	0	0	0	0	48	0	0	0	0	0	29	0	88	0	209	0	0	0	15	15	0	0	0	0	0	0	0	0	0	0	0	0	0	0	0	0	0	0	0	0	107	0	3	0	0	0	0	0	0	107	0	0	0	0	29	0	0	0	0	0	0	0	0	0	0	0	0	0	0	0	0	0	0	0	0	0	0	119	0	1	154	123	0	0	0	53	212	167	0	32	0	82	65	37	0	27	78	152	0	0	0	82	62	58	0	44	51	108	10	0	0	50	13	39	67	0	0	0	0	24	5	0	57	23	13	0	0	28	0	0	0	0	0	24	5	145	150	0	10	0	0	0	4	0	0	50	0	204	93	0	0	1	155	49	1	0	174	68	0	0	0	46	12	0	34	0	57	13	97	4	0	198	0	186	0	22	81	0	0	46	56	215	0	90	123	118	0	213	85	0	0	0	0	0	0	50	1	57	28	0	0	0	20	100	173	49	65	25	89	123	110	31	74	0	25	92	0	101	0	49	117	0	157	246	95	7	141	64	17	33	45	47	84	64	95	132	0	178	121	0	171	196	172	50	42	102	119	34	42	60	175	397	0	126	79	0	138	0	0	106	138	16	1	198	0	33	24	0	0	0	0	184	39	0	89	18	0	234	43	74	119	89	92	78	41	6	10	2	15	24	99	0	109	199	48	61	88	83	55	183	69	188	20	27	66	166	98	247	240	0	5	83	157	53	45	56	185	99	189	0	51	171	46	98	30	35	37	39	0	1	176	53	0	76	44	91	40	174	308	109	23	199	56	0	31	96	229	26	170	172	54	11	8	62	220	119	83	49	0	141	95	91	0	138	62	64	65	157	0	125	1	0	24	48	63	41	56	102	68	66	281	120	58	148	41	3	60	149	132	92	0	67	248	209	61	130	8	25	74	210	85	42	184	64	0	109	31	0	0	0	72	88	225	151	34	161	129	141	79	61	50	277	20	78	40	32	0	40	129	30	77	216	77	110	102	31	15	106	178	234	39	72	15	99	138	285	333	0	223	26	95	188	115	334	370	157	247	3	183	69	206	0	118	0	0	53	101	52	203	39	144	216	34	54	50	117	89	39	48	96	126	42	31	42	96	227	132	53	100	49	68	102	273	79	286	272	151	62	101	83	16	66	9	55	144	58	192	48	101	70	176	65	136	287	75	313	178	0	41	54	43	79	203	153	49	81	14	73	0	9	187	103	58	208	101	135	199	118	234	102	15	70	128	560	214	117	25	127	20	61	42	335	130	74	194	84	190	41	139	52	196	166	40	138	142	28	14	63	17	137	0	31	63	111	135	181	135	83	64	131	64	69	42	150	234	80	29	104	41	87	64	47	69	101	95	49	205	7	241	287	117	207	277	143	115	111	82	133	66	62	46	8	26	189	127	108	66	14	63	122	51	90	40	158	24	74	207	151	91	110	65	53	142	60	253	90	153	27	78	129	37	105	241	0	11	165	105	136	72	85	36	26	12	130	57	50	39	102	156	85	44	255	172	7	213	78	61	87	108	108	17	149	181	26	105	28	1	87	23	192	66	93	182	171	70	43	98	69	14	29	31	171	81	11	173	86	53	212	62	24	33	28	133	28	123	35	40	85	101	32	40	44	45	107	76	172	223	111	93	40	47	164	95	10	106	88	54	190	68	25	34	68	138	113	32	14	110	41	276	40	30	11	45	362	286	51	63	31	47	28	13	143	154	64	18	106	57	61	103	167	110	167	123	183	350	105	115	141	144	97	61	11	125	193	171
21	0	0	0	0	0	0	0	0	0	0	0	0	0	0	0	0	0	0	0	0	0	0	0	0	0	0	0	0	0	0	0	0	0	0	0	0	0	0	0	0	0	0	0	0	0	0	0	0	0	0	0	0	0	0	0	0	0	0	0	0	0	0	0	0	0	0	0	0	0	0	0	0	0	0	0	0	0	0	0	0	0	0	0	0	0	0	0	0	0	0	0	0	0	0	0	0	0	0	0	0	0	0	0	0	0	0	0	0	0	0	0	0	0	0	0	0	0	0	0	0	6	0	0	0	0	0	0	10	0	0	0	0	11	0	0	0	0	0	0	0	0	0	0	0	0	0	0	37	0	0	0	0	0	0	0	0	0	0	0	0	0	0	0	0	0	0	0	0	0	0	0	0	0	0	0	0	0	0	0	0	0	0	0	0	0	0	0	0	0	0	0	0	0	0	0	0	0	0	0	0	0	0	4	0	0	0	0	0	0	0	2	0	0	0	0	0	0	0	0	0	0	0	0	0	0	0	0	0	0	0	0	0	0	0	0	20	0	57	0	10	0	0	0	0	0	0	0	0	0	0	0	0	0	0	0	0	0	0	0	0	0	0	0	0	0	3	0	0	0	0	0	0	0	0	18	0	0	0	0	39	0	0	0	0	0	0	0	0	0	0	0	0	0	0	0	0	0	0	0	0	0	0	16	1	121	164	32	0	0	0	35	56	92	0	75	0	156	55	234	0	62	34	207	0	0	0	22	126	258	0	48	12	95	87	0	0	132	145	207	68	0	87	0	0	0	0	0	29	53	52	0	0	54	0	0	0	0	0	2	9	51	97	0	72	55	0	1	0	0	0	108	0	0	106	0	4	0	66	24	0	0	0	18	0	0	0	88	23	0	54	0	162	0	101	0	0	121	0	19	1	0	131	0	0	64	34	78	0	5	108	120	74	269	252	0	0	0	0	0	56	63	56	120	65	0	0	0	42	108	60	55	216	113	41	134	69	141	69	0	137	119	0	83	0	45	80	0	83	121	79	36	133	83	76	63	72	14	38	88	33	112	0	138	30	0	158	64	121	90	229	157	115	103	84	54	40	156	59	227	268	0	53	0	0	20	120	34	0	39	0	20	102	0	0	34	0	197	36	0	128	103	0	174	75	278	69	111	38	124	83	0	152	50	114	54	206	0	24	116	131	46	85	119	63	27	175	34	82	79	97	28	47	90	90	0	80	53	15	67	46	43	89	24	146	0	22	64	117	46	195	162	46	61	0	0	35	43	0	121	109	76	228	8	188	95	73	204	33	0	63	58	26	123	62	80	79	141	11	19	73	227	96	5	0	20	95	41	0	46	261	115	64	78	0	173	122	0	102	32	109	57	218	231	95	166	156	197	39	171	63	273	38	150	193	59	0	40	99	261	29	29	26	90	215	91	139	20	202	214	0	60	80	0	0	0	37	143	45	37	178	112	53	41	81	48	224	128	146	101	52	98	0	15	170	30	263	29	96	123	116	63	99	83	86	20	32	217	89	20	143	328	45	64	270	48	5	12	107	193	64	40	141	16	289	87	78	0	106	0	32	165	81	157	26	85	102	128	155	83	101	223	20	114	28	18	335	63	46	54	75	88	45	93	43	81	194	38	190	336	21	23	44	176	174	34	131	197	83	269	55	92	100	10	79	118	189	216	150	12	0	77	166	0	95	17	433	202	84	41	51	69	67	43	0	67	4	116	156	206	121	177	33	36	141	161	106	185	104	123	47	20	55	34	0	142	46	165	164	145	61	65	101	3	131	38	114	72	219	201	0	109	74	10	125	157	0	69	76	57	188	59	54	84	81	176	211	152	45	159	20	42	65	290	136	315	52	52	159	72	163	28	117	27	30	160	16	83	287	191	68	43	131	232	71	52	72	22	111	33	38	29	287	40	154	150	67	96	209	265	122	77	90	132	39	23	125	115	45	24	93	171	107	370	17	11	61	30	44	302	45	57	32	121	131	326	110	190	82	15	114	134	4	13	34	109	102	268	103	99	94	149	33	85	270	31	188	116	55	65	47	329	213	29	52	111	60	116	53	123	41	217	42	152	30	15	46	250	203	53	127	314	72	424	161	53	64	19	164	71	193	133	5	42	182	19	69	301	39	48	27	61	86	111	67	52	54	222	190	17	86	193	83	12	64	32	36	143	134	92	98	151	29	39	35	284	3	5	75	189	116	194	29	65	92	45	87	103	40	6	85	148	87	82	113	36	53	51	41	80	92	105	104	78	71	109	267	77	10	88	45
22	0	0	0	0	0	0	0	0	0	0	0	0	0	0	0	0	0	0	0	0	0	0	0	0	0	0	0	0	0	0	0	0	0	0	0	0	0	0	0	0	0	0	0	0	0	0	0	0	0	0	0	0	0	0	0	0	0	0	0	0	0	0	0	0	0	0	0	0	0	0	0	0	0	0	0	0	0	0	0	0	0	0	0	0	0	0	0	0	0	0	0	0	0	0	0	0	0	0	0	0	0	0	0	0	0	0	0	26	0	0	0	0	30	0	4	0	0	0	0	0	0	0	0	0	0	0	0	0	0	0	0	0	0	0	0	0	0	0	0	0	0	0	0	0	0	0	0	0	0	0	0	0	0	0	0	0	0	0	0	0	0	0	0	0	0	0	0	0	0	0	0	0	0	0	0	0	0	0	0	0	0	0	4	0	0	0	0	0	0	0	0	0	0	0	0	0	0	0	0	0	0	0	0	0	0	0	0	0	0	0	0	0	0	66	0	0	0	0	0	33	0	0	0	0	0	0	0	0	0	0	0	0	0	0	16	14	0	2	0	2	0	0	0	0	0	0	0	0	0	0	0	0	0	0	0	0	0	0	0	0	0	0	0	0	0	58	14	0	5	0	0	0	0	0	97	0	0	0	0	0	0	3	0	0	0	0	0	0	0	0	0	0	0	0	7	0	0	0	0	0	0	0	20	0	78	80	45	0	0	0	114	2	206	0	394	0	75	76	20	0	202	93	95	0	0	0	220	15	70	3	99	135	45	137	0	0	49	36	121	111	0	0	0	0	0	0	0	50	146	26	0	0	289	0	0	0	30	0	25	25	151	63	0	87	36	0	0	0	0	0	83	0	141	0	0	0	9	36	4	0	0	38	11	20	0	0	45	111	1	0	0	57	9	249	24	0	135	0	104	50	0	109	0	1	92	107	173	0	13	16	131	11	26	111	24	0	0	0	0	0	154	5	31	170	0	0	0	2	89	87	23	138	100	46	168	17	52	45	0	154	107	0	83	0	97	79	0	124	110	195	390	125	30	170	110	58	169	104	36	22	109	0	70	87	0	47	157	133	87	163	26	51	220	65	267	138	96	0	116	252	0	97	65	0	113	64	82	0	47	0	197	85	0	0	0	0	68	64	0	118	192	75	95	33	221	66	94	101	67	40	0	239	66	132	5	24	0	114	67	56	110	30	91	90	41	34	75	239	15	33	61	212	108	47	0	23	147	209	188	156	104	50	51	78	0	45	110	108	76	31	17	12	167	3	0	58	212	0	19	119	298	166	134	54	4	175	114	123	0	31	55	125	20	119	26	43	48	37	14	88	96	66	297	0	33	220	9	0	249	349	222	294	127	0	202	174	0	20	135	67	60	90	53	81	45	126	66	67	229	266	120	93	19	176	24	0	93	151	179	125	144	250	115	253	8	82	164	75	99	0	199	84	0	0	0	91	90	31	33	123	56	31	74	150	7	56	111	140	105	12	76	9	87	232	66	22	301	144	228	96	106	125	289	132	199	105	113	59	203	92	34	209	0	74	14	114	21	52	119	59	182	87	18	177	47	96	0	25	0	0	88	111	52	155	222	127	12	63	56	107	19	209	221	44	68	75	35	79	103	34	170	17	43	150	112	42	89	36	59	147	104	137	42	55	107	65	119	426	28	68	61	122	84	52	28	73	67	19	36	0	36	72	0	43	20	108	21	79	62	30	49	58	110	0	47	98	66	193	4	74	62	130	67	109	35	119	144	145	31	3	47	54	125	0	13	56	64	320	116	172	98	110	23	223	25	35	28	24	187	30	36	62	41	42	114	0	148	148	34	106	9	9	57	130	157	35	34	33	13	143	17	8	97	82	49	159	4	191	142	29	92	83	236	154	44	85	213	61	30	19	90	68	51	59	78	94	98	98	88	62	185	39	111	216	204	77	109	179	103	133	357	227	64	20	53	158	22	194	353	59	69	185	29	57	89	205	77	63	61	25	81	60	10	131	90	29	51	105	93	58	69	32	62	200	99	56	25	100	57	256	7	177	100	9	222	35	15	115	106	94	149	124	289	28	40	179	84	308	125	192	137	74	102	225	112	106	186	108	14	69	7	98	24	347	66	54	181	17	55	57	170	77	102	37	76	49	94	147	109	156	22	47	154	132	206	75	72	220	168	66	33	127	80	137	106	60	52	130	202	100	231	207	62	111	59	34	88	38	94	102	200	145	31	124	37	36	329	83	94	55	153	61	22	72	9	149	69	26	28	49	123	12	35	84	69	39	55	132	104	117
23	0	0	0	0	0	0	0	0	0	0	35	0	0	0	0	0	0	0	0	0	0	0	0	0	0	0	0	0	0	0	0	0	0	0	0	0	0	0	0	0	0	0	0	0	0	0	0	0	0	0	0	0	0	0	0	0	0	0	0	0	0	0	0	0	0	0	0	0	0	0	0	0	0	0	0	0	0	0	0	0	0	0	0	0	0	0	0	0	0	0	0	0	0	0	0	0	0	15	0	0	0	0	0	0	0	0	0	0	0	0	0	0	0	0	0	0	0	0	0	0	0	0	0	0	0	0	0	0	0	0	0	0	0	0	0	0	0	0	3	0	0	22	0	0	0	0	0	0	0	0	0	0	0	0	0	0	0	0	0	0	0	1	0	0	0	0	0	0	0	0	0	0	0	0	0	0	0	0	0	0	0	0	0	0	0	0	0	0	0	0	0	0	0	0	0	0	0	0	0	0	0	0	22	0	0	0	0	0	0	0	0	0	0	4	0	0	0	0	0	13	0	0	0	0	2	0	8	0	0	0	0	0	0	0	0	107	0	30	0	144	0	0	0	87	0	0	0	0	0	0	0	0	0	0	0	0	0	0	0	0	0	0	0	0	0	132	0	0	0	0	0	0	0	0	11	0	0	0	0	8	0	0	0	0	0	0	0	0	0	0	0	0	0	0	0	0	0	0	0	0	0	0	12	0	128	23	260	0	0	0	31	38	21	1	53	0	258	105	64	2	11	179	50	115	2	0	272	14	104	0	59	74	127	120	0	0	57	111	106	137	0	23	0	0	0	0	0	118	51	98	0	0	117	0	0	0	0	0	240	149	90	302	0	54	69	0	0	0	0	0	196	0	35	61	0	0	0	43	50	37	0	13	59	62	0	0	44	108	34	8	0	25	34	226	0	0	83	0	0	20	0	127	9	0	284	5	31	0	231	44	151	100	204	28	0	0	0	0	0	5	41	16	36	115	0	0	0	28	52	146	138	43	73	99	66	63	97	41	0	114	181	0	65	50	26	288	0	148	39	60	20	228	149	222	67	43	58	92	87	60	240	0	39	67	0	105	101	101	69	196	12	71	65	122	51	0	101	0	51	47	0	135	23	0	74	49	96	0	150	0	96	54	0	0	0	0	81	33	0	84	434	2	89	23	234	31	80	119	70	19	0	138	233	116	138	22	0	96	98	216	68	192	22	51	71	70	126	83	224	79	90	211	32	84	0	190	52	60	171	172	92	34	84	55	0	74	108	25	129	67	128	79	35	0	0	56	42	0	221	142	76	380	73	137	47	165	149	122	0	23	84	60	33	98	100	38	329	47	58	98	129	62	18	0	110	66	0	32	15	144	31	81	125	0	110	92	0	193	67	200	79	62	140	39	33	133	41	208	158	49	163	51	48	0	181	0	39	123	196	149	22	201	151	31	106	79	273	29	59	0	54	78	0	0	0	207	150	73	56	223	160	329	26	107	151	96	58	196	114	233	101	0	52	100	30	117	69	53	92	66	125	84	139	128	48	38	55	156	43	82	31	9	0	56	110	94	55	91	107	66	58	109	0	39	193	11	0	150	0	18	59	116	40	43	21	127	95	35	49	86	131	225	83	66	34	140	114	15	163	107	117	56	153	42	211	348	112	46	225	117	248	312	287	172	91	20	31	35	219	182	94	53	18	39	64	111	52	131	34	1	74	133	0	80	107	79	0	105	186	20	192	15	58	0	141	118	59	99	77	49	194	128	29	82	119	144	128	102	169	229	108	147	41	0	16	97	251	88	94	183	46	118	160	66	129	41	46	115	134	72	24	96	25	42	57	0	57	123	310	201	230	242	233	45	103	7	64	13	33	70	209	133	165	104	29	108	118	89	36	289	116	111	100	265	132	51	88	72	90	38	97	54	91	69	81	33	342	175	49	173	53	129	10	75	8	41	65	255	69	48	31	108	77	55	16	39	86	40	251	61	27	91	67	55	169	118	49	116	42	306	179	41	38	165	106	51	59	71	128	86	249	202	276	167	8	58	77	71	70	40	108	203	44	69	144	57	139	190	122	122	97	41	29	52	71	215	71	26	199	43	57	19	35	155	43	24	23	99	68	84	29	62	62	97	67	182	76	122	55	100	46	76	121	131	78	102	117	262	59	49	39	18	215	5	61	74	94	80	60	293	101	95	31	64	47	37	8	240	29	138	68	78	37	9	52	131	96	82	45	198	280	122	270	68	54	112	73	80	232	200	151	74	40	29	40	83	61	79	21	139	45	95	31	110	85	120	99	61	336	82
24	0	0	0	0	0	0	0	0	0	0	0	0	0	0	0	0	0	0	0	0	0	0	0	0	0	0	0	0	0	0	0	0	0	0	0	0	0	0	0	0	0	0	0	0	0	0	0	0	8	0	0	0	0	0	0	0	0	0	0	0	0	0	0	0	0	0	0	0	0	0	0	0	0	0	0	0	0	0	0	0	0	0	0	0	0	0	0	0	0	0	0	0	0	0	0	0	0	0	0	0	0	0	0	0	0	0	0	0	0	0	0	0	0	0	0	0	0	6	0	0	0	0	0	0	0	0	0	0	0	0	0	10	0	0	0	0	0	0	0	0	0	0	0	0	0	0	0	0	0	0	0	0	0	0	0	0	0	0	0	0	0	0	0	0	0	0	0	0	0	0	0	0	0	0	0	0	0	0	0	0	0	0	0	0	0	0	0	0	0	0	0	0	0	0	0	0	0	0	0	0	0	60	0	0	0	0	0	0	0	0	0	0	0	0	0	0	0	0	0	0	0	0	0	0	0	0	0	0	0	0	0	0	0	0	0	95	0	7	0	3	0	0	0	0	0	0	0	0	0	0	0	0	0	0	0	0	0	0	0	0	0	0	0	0	0	91	0	0	0	0	0	0	0	0	21	0	0	0	0	34	9	0	0	0	0	0	0	0	0	0	0	0	0	2	0	0	0	0	0	0	0	0	75	0	27	29	109	45	0	0	244	59	112	0	87	0	50	233	39	0	90	55	31	0	0	0	91	71	25	0	49	88	55	47	0	0	95	0	55	75	0	45	0	0	38	0	0	116	38	61	0	0	235	0	0	0	0	0	91	105	44	89	0	135	172	0	0	0	0	0	116	0	64	5	0	0	0	66	127	0	0	90	69	0	0	0	26	4	0	0	0	101	72	13	0	0	20	0	47	53	38	49	0	0	156	86	79	11	53	58	52	41	150	141	0	0	0	0	0	15	225	65	141	366	0	0	1	56	95	38	132	34	70	113	52	137	108	163	0	67	115	0	69	34	39	199	0	89	120	101	208	28	37	78	67	111	81	206	41	231	58	0	73	31	0	31	109	53	50	200	123	193	8	113	124	94	69	0	92	77	0	108	0	0	145	70	69	0	73	0	27	95	0	0	0	0	49	52	0	51	195	0	186	63	90	60	13	124	118	71	0	66	131	96	153	81	0	131	171	103	139	157	73	45	219	67	31	51	95	96	7	134	96	161	0	118	66	398	31	266	175	43	60	72	0	113	34	94	182	60	60	97	37	0	0	294	129	0	74	110	0	49	43	122	71	60	72	111	0	53	126	33	86	96	82	68	227	26	71	101	68	162	152	10	73	33	115	0	71	48	20	72	217	0	16	37	0	270	45	51	39	201	83	153	114	43	457	26	32	44	120	18	71	113	23	0	63	241	29	25	183	51	29	18	72	45	73	45	73	0	106	130	0	0	0	118	199	81	31	109	42	114	18	57	64	83	164	55	164	279	281	0	29	13	133	26	129	126	43	164	81	287	174	12	49	59	72	167	158	5	173	40	270	243	27	39	16	208	198	62	120	22	13	49	82	25	0	70	0	0	195	27	48	46	40	185	15	151	15	307	79	195	36	137	187	95	40	100	47	24	101	31	17	59	149	42	66	121	61	50	27	312	100	34	36	83	86	66	16	38	76	192	4	150	86	197	108	50	121	0	68	74	0	21	198	150	158	235	107	82	36	164	151	0	26	85	192	249	56	110	44	49	126	100	131	10	149	74	65	95	36	70	100	0	77	138	56	237	110	69	149	187	90	166	149	112	30	128	43	7	80	83	42	81	75	0	45	147	141	37	113	26	146	73	141	89	44	51	125	190	67	72	27	32	142	63	59	41	194	79	146	56	55	16	180	58	63	11	140	47	12	78	137	58	122	307	56	179	8	43	71	63	44	135	175	222	88	12	94	130	136	95	124	45	121	103	26	173	22	61	37	105	201	31	29	116	69	89	93	178	108	63	51	116	36	125	24	249	44	86	100	5	26	95	49	116	64	61	82	388	94	101	93	85	187	36	58	198	60	177	109	15	108	159	171	115	94	38	77	64	91	76	11	103	13	145	101	81	183	31	16	150	264	88	93	53	187	63	68	124	59	236	71	233	39	60	237	66	73	94	25	117	46	56	128	34	77	53	215	120	46	33	104	104	14	129	132	94	22	84	86	54	127	67	56	75	175	195	92	142	104	45	98	53	16	47	73	155	120	180	187	177	90	33	49	292	196	90	61	256	207	36	51	51	98	19	63	19	136	70
25	0	0	0	0	0	0	0	0	0	0	0	0	0	0	0	0	0	0	0	0	0	0	0	0	0	0	0	0	0	0	0	0	0	0	0	0	0	0	0	0	0	0	0	0	0	0	0	0	0	0	0	0	0	0	0	0	0	0	0	0	0	0	0	0	0	0	0	0	0	0	0	0	0	0	0	0	0	0	0	0	0	0	0	0	0	0	0	0	0	0	0	0	0	0	0	0	0	0	0	0	0	0	0	0	0	0	0	25	0	0	3	0	0	0	0	0	0	0	0	0	0	0	0	0	0	0	0	0	0	0	0	0	0	0	0	0	0	0	0	0	0	0	0	0	0	0	0	0	0	0	0	0	0	0	0	0	0	0	0	0	0	0	0	0	0	0	0	0	0	0	0	0	0	0	0	0	0	15	0	0	2	0	0	0	0	0	0	0	0	0	0	0	0	0	0	0	0	0	0	0	0	0	0	0	0	0	0	0	0	0	0	0	0	0	0	0	0	0	0	0	0	0	0	0	0	0	0	0	0	33	0	0	0	0	0	96	0	71	0	0	0	0	0	17	0	0	0	0	0	0	0	0	0	0	0	0	0	0	0	0	0	0	0	0	0	209	11	0	0	0	0	0	0	0	118	0	0	0	0	0	21	0	0	0	0	0	0	0	0	0	0	0	0	0	0	0	0	0	0	0	0	0	117	0	85	26	139	0	0	0	152	10	68	0	35	0	53	31	132	0	82	22	153	0	0	0	35	178	257	0	299	23	40	65	0	0	30	0	274	207	0	0	0	0	0	0	0	31	178	162	0	0	78	33	0	0	0	0	128	134	2	52	0	96	0	0	0	0	0	0	88	0	46	0	0	0	0	9	8	7	2	32	235	2	0	0	114	12	0	0	0	171	33	94	0	0	63	0	34	108	0	61	0	0	79	69	199	1	59	50	184	0	86	193	0	0	0	0	0	2	118	14	207	129	0	0	0	1	21	72	22	147	50	40	43	65	198	259	0	41	165	0	153	0	347	95	0	62	115	95	36	201	91	44	22	94	196	156	83	148	151	0	29	146	0	22	32	171	0	78	200	150	68	9	262	143	30	0	60	45	0	9	0	0	76	209	248	0	95	0	8	45	0	0	0	0	182	23	0	131	187	0	40	184	63	70	76	33	114	169	0	68	146	105	81	102	0	19	69	92	208	64	13	14	66	30	217	278	111	74	86	15	31	54	0	46	33	35	90	280	72	201	79	35	0	77	79	380	93	242	212	192	19	6	0	125	132	0	206	54	64	75	110	56	84	35	142	53	0	89	125	44	52	109	158	99	31	35	51	113	101	276	1	0	6	139	71	0	146	37	57	94	199	0	43	55	0	100	206	75	201	93	26	180	85	34	166	138	75	61	145	19	166	0	188	0	37	91	83	20	144	96	208	69	39	69	219	8	129	0	91	58	0	0	0	179	69	12	82	144	112	431	145	60	80	75	110	57	181	64	186	0	30	103	217	131	41	129	13	54	93	92	236	70	58	42	149	96	87	138	111	79	17	25	2	19	101	191	169	49	22	37	0	56	139	122	0	103	0	0	59	131	129	32	50	98	109	79	96	180	43	162	164	71	37	56	63	208	119	103	103	112	12	15	254	92	77	114	39	137	79	325	52	329	28	48	22	125	84	119	9	127	153	41	80	48	158	189	56	0	61	58	0	97	99	130	28	120	93	6	98	34	100	0	175	102	269	64	124	42	206	104	37	35	31	69	48	190	35	77	19	37	88	0	90	371	158	251	160	104	121	266	92	36	97	97	44	36	61	159	19	52	149	32	103	16	71	521	37	22	29	14	35	65	137	75	59	64	161	41	21	85	220	49	23	113	181	77	72	95	6	328	55	127	41	121	39	57	37	107	92	78	90	20	60	24	163	230	72	67	131	106	171	37	205	35	57	58	23	6	56	111	12	26	104	103	42	95	150	147	231	204	55	95	81	93	53	102	73	113	85	26	47	207	213	76	110	78	52	24	101	43	64	54	132	158	16	83	71	34	12	169	44	12	30	141	225	135	128	25	119	31	40	131	84	72	76	46	46	62	64	50	82	39	121	152	275	58	81	137	161	61	84	120	175	33	40	26	98	168	32	38	230	237	86	18	109	27	14	235	128	65	115	27	56	83	103	191	24	32	65	32	49	42	30	33	187	43	107	76	53	66	50	26	26	75	40	18	96	64	39	43	83	56	276	152	222	93	40	105	101	60	53	55	50	66	44	75	57	43	143	155	55	17	90	208	44	98	75	23
26	0	0	0	0	0	0	0	0	0	0	0	0	0	0	0	16	0	0	0	0	0	0	0	0	0	0	0	0	0	0	0	0	0	0	0	0	0	0	0	0	0	0	0	0	0	0	0	0	0	0	0	0	0	0	0	0	0	0	0	0	0	0	0	0	0	0	20	0	0	0	0	0	0	0	0	0	146	40	0	0	0	0	0	0	0	0	0	0	0	0	0	0	0	0	0	0	0	0	1	0	18	34	92	90	82	106	32	115	188	32	96	42	71	170	149	71	107	27	111	18	95	44	58	34	235	21	225	122	21	84	10	225	103	81	89	82	92	31	56	180	45	203	51	31	33	318	123	29	105	39	22	43	159	92	205	84	21	113	57	154	140	1	45	36	101	169	20	178	74	90	155	6	0	207	42	3	40	5	200	117	68	110	287	159	228	235	27	66	63	306	72	80	34	103	76	152	123	85	54	48	65	128	33	97	182	29	43	156	50	45	76	102	147	129	57	113	183	130	160	35	135	43	84	152	52	57	116	41	130	181	30	97	62	127	41	51	139	51	54	205	169	7	9	207	7	111	45	49	170	121	113	8	89	127	102	85	407	102	59	82	75	133	43	97	9	135	141	69	98	96	98	50	96	74	5	113	16	122	131	9	285	42	58	136	6	55	128	84	153	63	104	146	4	74	138	40	28	69	85	148	51	91	81	112	106	128	150	27	141	150	28	231	186	152	146	35	115	134	52	84	25	153	81	91	114	75	26	240	69	44	48	36	152	18	229	86	138	104	257	184	49	189	182	138	163	19	255	77	46	92	18	33	73	163	42	115	47	106	25	28	96	123	61	162	182	224	153	144	99	38	35	53	46	52	62	13	225	25	3	40	9	16	17	8	77	80	179	81	163	46	29	177	201	110	42	167	155	95	75	79	92	226	44	273	188	55	73	179	148	26	51	91	112	263	36	49	224	109	87	7	69	298	196	67	33	172	143	126	54	84	41	22	128	83	76	188	89	58	58	208	220	60	237	115	75	34	147	86	144	66	115	30	73	61	150	103	70	54	208	8	133	47	177	72	46	74	115	47	137	82	26	188	128	155	76	51	144	87	183	182	46	202	204	90	48	213	167	279	164	252	79	100	15	197	154	168	174	59	87	157	105	147	265	44	149	43	72	21	96	42	75	85	24	86	28	84	32	79	127	41	60	168	93	136	133	157	210	98	193	91	159	97	161	90	62	243	201	90	147	65	186	73	69	262	32	107	197	19	71	79	98	53	7	213	56	78	146	314	54	120	141	24	29	211	96	39	78	239	169	53	173	102	54	99	99	84	99	54	32	86	164	186	4	49	155	103	56	32	46	31	320	41	279	107	97	109	70	51	30	115	131	67	63	31	324	55	106	87	88	231	106	56	44	213	171	26	57	33	66	97	97	34	48	151	171	32	63	89	197	32	58	145	85	98	111	97	202	53	394	241	109	51	104	162	102	75	147	64	26	34	186	122	30	65	349	103	182	16	98	47	174	209	31	33	49	37	50	36	112	32	70	69	25	15	107	58	28	82	67	257	78	142	111	75	39	110	65	64	99	76	60	25	84	127	130	281	35	51	57	97	137	49	115	78	139	16	25	93	210	71	164	56	92	99	14	130	28	158	37	73	122	76	107	103	133	230	130	85	37	15	18	38	145	84	65	63	153	71	15	31	149	50	173	83	45	20	218	11	65	210	152	89	61	12	231	140	176	219	60	351	109	166	30	330	104	116	82	42	51	47	75	54	56	115	75	101	316	26	151	201	229	64	15	98	37	29	26	107	47	159	59	78	184	72	107	75	24	45	7	23	67	179	89	41	72	98	141	167	23	52	29	113	37	86	96	53	18	385	89	75	95	72	54	177	192	159	49	180	241	302	161	67	73	196	150	78	20	65	138	112	243	111	97	40	5	77	27	19	89	82	82	184	102	87	85	58	93	67	358	10	40	101	128	48	24	48	44	63	146	86	96	93	19	158	109	172	96	148	32	110	45	168	91	54	40	57	254	38	123	121	108	82	82	41	79	92	108	52	117	47	70	112	39	225	141	221	68	152	194	81	30	27	105	100	147	27	196	82	64	105	15	210	72	101	137	53	76	57	96	190	34	164	44	130	103	58	74	154	74	108	57	34	261	134	182	44	32	67	138	54	84	118	52	65	61	154	76	105	85	235	77	45	97	111	118	74	123	128	41	44	25	99	81	104	40	216	84	113	47	51	1	57	124	29	23	55	75	36	26	33	165	42	58	110	102	296	69	80	44	228
27	0	0	0	0	0	0	0	0	0	39	0	0	0	0	0	0	0	21	0	0	0	0	0	0	0	0	0	0	0	0	0	0	0	0	0	0	0	0	0	0	0	0	0	0	0	0	0	0	0	0	0	0	12	0	0	0	0	0	0	0	0	0	0	0	0	0	0	0	0	0	0	0	0	0	0	0	0	0	0	0	36	0	15	0	0	0	0	0	0	0	0	0	0	0	0	0	0	0	0	0	130	253	227	40	26	102	346	95	134	119	83	122	5	39	1	55	169	120	260	28	45	22	110	0	134	189	0	42	98	62	142	150	2	13	5	125	48	134	79	66	67	43	52	45	53	40	115	176	70	82	2	65	60	67	5	45	171	246	57	1	107	123	463	136	3	23	123	65	205	50	177	79	50	200	44	229	50	346	118	158	72	32	11	216	158	143	159	287	69	178	285	131	38	100	36	116	0	235	201	118	36	227	87	41	35	112	171	29	10	64	104	29	169	82	116	14	66	22	17	77	106	207	87	160	65	25	120	96	95	351	139	53	42	77	54	296	307	42	54	45	106	100	89	194	10	253	46	68	89	24	172	59	113	79	84	23	81	30	38	47	56	213	193	174	75	232	57	176	166	65	43	60	21	211	10	34	164	53	26	69	136	127	27	26	187	72	160	78	48	65	130	32	80	150	26	56	34	102	124	74	230	24	119	81	121	151	166	129	128	140	75	58	159	236	36	233	114	86	253	53	87	63	115	114	131	72	59	75	11	67	152	92	43	112	48	16	58	86	227	118	97	150	151	103	84	51	177	191	27	132	72	43	94	110	222	15	105	135	191	82	134	41	66	82	69	71	71	67	25	16	38	248	51	146	45	32	29	2	216	100	65	27	113	230	67	367	21	131	28	397	33	30	15	31	107	13	28	69	116	33	118	167	38	74	66	366	143	139	110	101	215	39	53	112	97	15	33	38	14	23	180	109	97	87	113	50	186	65	128	52	24	126	83	28	82	71	115	71	144	159	46	94	127	91	27	287	47	98	101	61	11	101	80	230	340	204	50	45	66	66	100	86	308	206	71	82	177	99	38	33	107	125	14	89	53	248	160	69	158	55	50	159	86	256	106	111	169	51	107	37	130	151	163	15	179	52	76	147	18	63	159	31	60	260	136	94	55	119	109	126	47	154	78	93	113	33	125	168	204	150	114	153	75	93	112	59	113	174	66	275	47	62	74	85	93	80	203	124	121	116	73	72	78	137	26	75	42	61	46	84	102	25	189	147	41	122	12	170	51	141	29	121	62	155	39	93	104	113	114	59	87	35	60	105	173	99	90	35	78	21	178	48	55	16	56	164	300	43	245	94	28	59	128	24	202	16	313	16	26	150	27	165	147	91	42	133	90	99	5	133	17	113	143	85	19	158	36	76	48	10	239	151	69	106	43	54	42	52	6	152	124	145	65	350	63	64	165	78	196	82	43	187	201	55	159	94	70	71	81	210	93	90	77	60	50	244	35	121	59	82	63	82	11	88	103	77	142	23	140	52	186	34	18	170	111	57	144	101	154	73	27	69	166	41	80	49	154	35	85	56	58	75	49	217	49	116	241	165	28	272	64	160	37	148	170	86	81	43	167	57	54	139	75	58	95	56	171	84	183	101	100	54	66	31	37	241	44	46	25	26	132	70	130	129	23	105	172	66	155	189	90	123	83	71	18	74	176	150	167	86	9	13	167	44	63	106	366	94	130	137	112	43	53	258	144	73	168	189	147	119	6	26	71	93	192	219	250	34	122	28	172	50	112	78	71	175	158	129	110	70	76	110	226	97	153	44	134	53	108	134	110	47	30	112	45	179	132	218	239	103	90	137	130	173	75	103	50	143	135	130	150	89	9	109	90	26	107	61	120	141	267	118	16	160	170	75	81	110	99	107	125	100	4	86	87	67	73	57	254	218	172	36	85	99	77	90	57	161	142	49	188	58	35	238	24	45	83	89	112	179	72	8	33	304	71	87	188	131	194	26	34	51	105	71	58	66	52	42	20	83	85	86	271	194	32	49	73	68	115	63	169	125	130	65	32	44	15	89	122	107	33	105	257	60	180	37	118	87	93	28	63	112	9	65	47	23	34	81	111	83	121	32	67	94	181	44	128	26	127	51	51	93	112	48	209	40	192	16	47	3	159	51	113	76	167	52	106	26	38	126	59	24	81	59	201	99	99	142	32	82	79	25	30	29	105	77	59	87	50	93	295	138	55	191	137	214	83	4	27	48	146	48	47	278	237	148	29	24	168	90
28	0	0	0	0	0	0	0	0	0	0	0	0	0	0	0	0	0	0	0	0	0	0	0	0	0	0	101	0	0	0	0	0	0	0	0	0	0	141	0	0	0	0	5	0	0	0	0	0	0	0	0	0	28	0	0	0	0	0	0	0	0	0	0	0	0	0	0	0	0	2	0	0	0	0	0	0	0	0	0	0	0	0	0	0	0	0	0	0	0	0	0	0	0	0	0	0	0	0	0	0	6	15	0	0	0	55	0	0	103	0	0	0	0	0	0	0	0	0	0	0	52	0	0	0	0	0	0	0	0	0	0	0	0	0	15	2	83	0	0	7	0	22	0	106	0	2	33	0	0	0	0	0	20	0	0	0	0	19	0	0	0	0	0	45	0	0	0	0	0	0	2	63	0	0	7	0	0	5	0	30	0	0	0	0	0	0	1	0	0	0	0	4	0	0	0	0	0	20	74	1	20	58	0	39	206	67	41	4	38	39	27	270	93	15	39	76	26	15	95	93	95	50	36	5	37	43	132	28	43	103	178	84	178	131	26	0	8	331	241	69	118	37	1	24	217	3	133	0	22	38	69	62	204	55	154	140	176	78	88	66	3	65	2	69	1	171	9	134	233	131	33	7	92	103	21	0	3	32	0	76	28	9	10	22	17	161	121	24	57	100	87	0	123	47	119	15	109	92	50	196	35	104	83	125	195	344	51	12	207	131	27	113	273	147	121	28	152	72	64	65	38	193	87	224	43	55	72	110	63	137	114	12	66	47	201	52	80	20	37	53	106	152	134	64	71	41	181	86	72	132	23	56	65	1	45	50	90	55	37	32	52	215	152	151	82	18	52	76	65	40	54	151	20	194	101	112	44	44	175	12	145	23	195	195	56	43	178	49	97	148	71	174	9	115	67	70	30	72	125	215	54	232	92	43	359	45	67	79	91	11	100	85	177	279	147	195	67	129	5	173	124	185	119	307	21	243	43	316	39	146	87	109	68	140	64	34	50	59	136	102	8	56	52	90	194	67	160	87	241	73	52	173	93	103	75	66	247	36	175	90	58	102	75	26	35	56	53	119	154	123	183	196	27	67	129	186	69	70	210	54	23	53	59	84	29	148	103	70	173	59	110	134	192	66	270	17	205	37	102	85	201	46	12	176	9	101	51	86	53	73	16	17	222	72	105	11	47	52	261	207	107	93	18	74	41	44	166	74	62	101	205	144	110	140	26	148	57	45	58	100	75	143	78	184	139	33	158	8	29	93	68	17	62	75	39	55	127	66	121	97	181	146	117	40	33	46	81	144	7	51	127	62	13	177	11	38	69	138	155	64	36	29	49	171	142	189	124	61	166	52	55	94	74	97	259	48	15	32	156	40	121	51	110	142	44	137	148	56	244	173	32	119	212	119	128	29	53	34	30	79	17	68	145	80	147	261	77	53	75	109	96	23	69	107	130	68	83	75	233	44	29	65	193	52	19	14	92	128	31	95	93	20	86	233	20	75	429	175	77	86	123	98	115	66	41	37	67	235	26	214	103	127	46	120	63	72	66	133	27	80	226	36	135	203	99	20	149	29	43	81	45	55	71	48	36	118	62	77	21	152	41	43	22	107	171	39	28	132	179	167	66	169	47	89	101	93	55	121	21	110	86	26	89	39	350	183	101	252	11	298	11	73	103	60	103	36	30	224	8	24	23	295	138	152	28	130	39	9	29	93	192	55	80	68	38	499	40	77	34	24	6	130	37	136	47	92	79	268	182	59	51	234	301	120	52	73	50	37	109	89	58	91	139	54	87	74	58	101	27	229	9	60	64	27	50	65	113	55	182	72	170	69	140	60	47	83	201	47	130	210	52	25	8	48	145	63	291	126	67	92	23	63	57	116	24	85	230	116	26	141	169	63	215	21	146	59	30	145	206	273	185	120	63	141	272	90	17	127	15	48	142	63	249	41	4	192	73	168	196	74	138	77	42	55	38	120	66	101	190	130	161	20	27	147	35	110	195	128	124	88	46	300	150	57	27	59	258	219	77	21	253	94	92	61	29	102	72	24	223	109	108	101	57	112	68	78	27	40	236	143	63	123	177	318	87	106	107	317	92	73	139	88	65	160	179	60	95	98	106	51	99	64	94	235	174	83	14	122	95	119	318	106	42	77	76	179	24	76	74	179	131	113	103	61	84	159	20	130	10	30	214	18	53	216	60	115	131	44	35	18	87	7	107	226	234	58	202	162	117	66	69	11	140	217	93	124	157	293	249	200	173	82	77	28	341	160	218	144	205	175
29	0	0	0	0	0	0	0	0	30	0	53	0	0	0	0	0	0	0	0	0	0	0	0	0	0	0	0	0	0	0	0	0	0	0	0	0	0	0	0	0	0	0	0	0	0	0	0	0	0	0	0	0	0	0	0	0	0	0	0	0	0	0	0	3	0	0	0	0	0	0	0	37	0	0	0	0	0	0	0	0	20	11	38	0	0	0	0	0	0	0	0	0	0	0	0	0	0	0	0	0	10	0	0	5	0	111	0	17	24	0	0	0	52	0	117	0	0	0	0	5	0	0	0	0	2	0	0	40	0	67	0	4	2	0	0	1	0	0	0	0	27	0	0	85	0	2	0	0	0	0	8	0	8	0	23	0	0	0	0	0	3	0	0	2	0	0	0	0	22	0	0	0	0	3	13	0	0	0	0	0	0	0	0	151	0	0	0	0	0	0	25	0	0	0	0	4	0	0	4	0	18	4	0	171	19	52	4	48	26	105	28	8	23	13	124	60	206	90	16	45	104	297	202	118	14	69	40	33	39	93	99	127	105	29	1	13	26	146	155	84	133	6	9	119	130	57	72	0	61	127	149	73	77	56	75	108	28	44	29	63	0	43	19	44	101	67	53	94	30	22	57	206	88	65	0	70	5	130	0	27	36	154	31	5	0	70	91	0	30	66	306	43	44	85	31	292	7	44	163	402	235	137	33	55	83	128	141	18	124	133	70	106	28	57	231	99	25	2	104	57	63	58	16	138	44	86	20	144	65	88	112	25	57	203	19	37	8	55	113	76	57	65	34	50	70	121	33	367	140	90	106	178	119	100	9	31	21	128	82	68	91	72	43	235	67	169	190	42	19	248	37	69	97	25	173	127	28	111	41	128	152	69	149	53	160	71	145	189	80	111	27	61	18	203	120	129	106	90	92	60	187	123	392	180	265	47	79	50	51	97	30	241	61	19	108	58	117	129	82	108	32	116	78	55	70	188	63	23	43	42	52	212	58	146	12	70	153	62	30	98	59	276	32	37	133	25	45	37	26	56	108	17	39	248	131	40	105	37	11	37	68	50	128	76	229	88	108	188	63	228	37	87	163	28	74	330	126	123	73	72	155	65	91	55	32	120	65	76	109	25	73	147	66	67	82	210	149	52	110	161	228	118	152	84	256	132	118	110	18	25	17	114	84	22	215	133	35	37	38	112	122	102	30	52	45	133	149	146	196	67	104	264	78	59	120	35	11	353	107	67	225	127	398	359	159	41	52	57	91	140	110	41	162	60	117	55	26	26	135	66	50	18	37	111	38	137	41	192	89	171	239	152	113	48	101	57	35	203	184	52	220	100	41	43	83	90	108	45	155	57	126	120	153	39	109	80	44	149	193	269	35	19	125	134	121	199	190	11	98	71	51	7	45	237	147	237	99	74	216	54	62	63	140	211	157	70	61	7	132	73	114	111	55	41	117	144	232	27	79	79	123	109	78	90	128	73	72	126	79	117	22	81	50	3	76	67	52	57	122	235	24	107	60	61	153	90	76	25	59	60	102	87	33	76	68	27	165	47	41	70	16	103	112	35	55	42	38	216	108	55	102	81	158	57	89	44	146	65	48	269	110	190	177	212	22	164	150	110	96	67	20	26	177	97	65	98	67	83	107	78	180	42	9	47	153	55	64	87	144	43	62	52	67	146	49	120	102	41	40	258	120	236	51	65	149	395	30	78	43	60	64	139	40	119	90	9	97	55	145	113	64	136	62	53	117	113	123	154	102	111	94	128	196	99	40	250	99	83	113	20	209	75	134	177	111	110	36	1	25	8	191	10	144	16	26	86	19	94	178	60	95	120	253	46	6	84	234	161	231	100	97	98	27	82	153	97	44	37	190	145	138	42	124	108	171	99	192	59	35	97	88	103	69	50	11	35	41	47	235	67	111	21	62	82	88	40	202	95	57	111	167	125	35	69	48	92	0	58	40	38	21	62	111	204	75	87	49	77	116	112	153	147	184	53	218	128	298	141	124	47	42	50	60	18	38	23	112	82	400	97	90	148	51	148	3	21	19	16	89	32	147	78	224	107	178	64	10	151	173	21	88	129	65	47	256	160	30	16	119	182	156	38	80	147	102	86	22	77	60	86	203	7	35	231	60	9	39	138	93	102	72	25	21	4	177	189	341	70	125	6	5	22	95	39	72	102	164	107	250	195	144	123	90	94	18	70	20	221	19	54	28	83	231	74	30	47	25	7	51	84	162	64	54	41	236	71	50	179	18	98	162	66	97	273	18	156	139	129	70	45
30	0	0	44	0	0	0	0	0	0	0	0	0	0	0	0	0	0	0	0	0	0	0	44	0	0	0	2	0	0	0	0	0	0	0	0	35	0	0	0	0	0	0	0	0	0	0	0	0	0	0	0	0	0	36	0	0	0	0	0	0	0	0	0	0	0	0	0	0	0	0	0	0	0	0	0	0	0	0	0	0	0	0	0	0	0	0	0	0	0	0	0	0	0	0	0	0	0	0	0	26	15	21	72	3	0	8	0	0	63	5	0	0	0	22	0	29	0	0	0	0	0	0	2	0	0	0	0	0	22	0	0	2	0	0	3	0	0	0	0	0	0	0	0	0	0	63	0	0	19	4	0	0	22	0	0	9	8	0	44	0	31	0	0	75	0	29	0	0	12	0	109	5	0	0	0	0	0	0	32	62	11	0	0	0	42	0	0	27	0	0	73	0	0	0	0	0	0	59	0	0	69	23	43	46	65	116	0	101	62	85	323	0	60	0	32	20	123	99	130	6	1	129	81	11	27	70	47	89	65	65	35	239	198	68	24	0	78	189	56	12	128	142	0	46	43	26	223	0	157	5	37	95	243	113	112	0	0	0	0	64	96	174	3	105	106	96	58	73	17	19	17	0	30	49	122	26	2	32	7	0	73	63	132	53	114	80	495	43	56	20	124	5	156	58	45	0	20	88	58	103	63	140	177	34	49	99	101	99	175	78	3	153	95	22	111	98	58	22	41	22	179	19	26	51	178	161	41	55	358	157	51	57	367	127	13	24	42	205	434	46	56	81	18	147	43	128	16	130	128	36	189	73	97	68	57	71	143	60	110	35	114	12	182	122	61	137	76	99	46	7	83	134	103	173	36	131	80	48	79	7	66	187	33	54	20	131	64	94	43	173	14	39	68	237	40	130	53	193	139	77	108	88	103	62	177	191	109	79	20	42	147	110	100	133	165	115	28	24	101	127	19	74	253	144	20	21	44	260	45	60	96	47	107	128	12	166	89	91	37	197	78	29	89	138	95	18	147	60	72	75	17	177	43	115	75	65	7	45	43	116	83	97	60	307	37	103	91	33	74	31	80	115	99	13	94	229	21	70	40	128	134	164	71	74	32	373	99	6	43	258	106	79	154	44	56	212	81	68	89	109	73	71	82	109	287	81	52	42	70	74	49	92	77	94	46	34	17	31	29	116	22	52	94	109	98	50	155	23	169	188	183	71	156	88	303	280	164	2	118	44	35	36	205	68	152	62	80	118	230	102	47	152	11	113	122	189	117	48	43	50	79	28	194	57	50	58	170	18	62	103	58	151	89	262	58	118	171	184	34	38	36	49	27	82	176	137	44	138	51	84	349	102	59	327	237	200	72	14	184	14	128	31	6	43	179	78	139	120	41	79	73	70	177	224	24	15	43	22	96	201	12	260	79	180	132	79	126	24	44	314	122	21	94	57	121	17	223	90	107	23	151	51	25	57	7	50	95	16	80	73	117	49	94	36	19	146	96	230	191	122	38	155	60	126	94	94	116	41	179	178	50	4	8	69	64	87	48	248	136	95	178	282	8	79	154	228	63	35	25	50	35	110	64	19	131	45	22	67	56	84	149	125	176	155	49	109	4	64	104	43	63	14	20	111	91	2	184	85	93	105	18	32	33	142	124	34	87	63	162	41	73	90	22	108	177	49	54	173	94	17	214	170	134	82	112	51	57	31	30	203	50	116	115	66	69	89	94	103	50	22	58	17	167	67	132	81	24	128	45	10	60	149	79	201	40	238	151	87	115	127	39	105	149	98	90	113	105	119	29	100	176	97	81	181	139	111	380	65	37	91	51	80	72	42	78	22	130	122	105	82	158	61	156	44	10	62	100	437	168	88	142	104	56	120	98	24	51	293	25	49	26	38	26	151	97	243	62	147	13	159	133	142	165	113	84	177	110	81	68	225	66	78	144	98	86	159	40	185	34	78	63	141	154	108	119	45	63	36	244	44	195	236	69	38	198	127	52	97	118	26	117	201	89	18	66	355	36	87	52	123	32	75	75	105	29	99	56	266	14	45	94	15	180	57	31	50	48	27	64	153	33	52	98	260	142	56	64	54	4	57	33	43	138	94	148	57	195	113	39	55	94	69	70	22	61	116	27	129	59	81	11	68	62	50	90	62	38	29	92	210	36	41	81	66	14	133	95	28	85	43	30	136	53	49	92	88	110	155	19	105	104	42	102	116	24	64	67	367	40	38	173	86	43	6	25	25	119	41	119	15	71	21	35	245	111	89	2	81	179	115
31	12	0	0	0	0	0	0	0	0	55	39	0	0	0	0	0	0	0	0	0	24	0	0	0	0	0	0	0	0	0	0	0	0	0	0	0	0	0	0	0	0	0	26	0	0	0	0	0	0	0	0	0	0	0	0	0	0	0	0	0	0	0	7	0	0	0	0	0	0	0	0	0	0	0	0	0	0	0	0	0	0	0	0	0	0	0	0	0	0	0	0	0	35	0	0	0	0	0	0	0	93	56	20	0	0	0	0	0	10	16	0	0	0	0	0	5	0	0	0	0	44	0	0	0	21	0	0	0	0	0	0	0	0	0	13	9	0	0	0	0	0	0	0	0	0	0	37	0	0	0	0	0	115	0	0	0	0	0	0	0	233	0	0	31	0	0	27	0	82	0	130	30	0	71	0	7	0	0	0	0	60	0	50	0	0	0	0	158	0	35	27	0	0	42	0	0	0	0	17	59	19	17	70	30	130	108	0	0	26	27	6	157	52	6	120	18	38	0	117	68	159	180	72	124	0	10	29	0	0	89	115	81	64	84	25	67	114	25	355	51	76	46	6	195	57	80	198	0	52	46	83	28	6	0	10	90	0	180	0	80	23	5	48	32	10	138	220	89	9	14	92	14	113	90	69	20	65	17	0	144	107	82	38	0	56	2	16	20	55	1	6	1	4	310	19	8	0	222	234	30	41	77	18	22	37	84	33	81	280	160	135	90	117	252	32	106	10	335	57	35	37	26	80	129	53	179	37	85	128	220	77	85	123	106	70	191	85	238	130	208	43	142	11	70	30	135	64	157	94	172	25	44	37	225	125	87	100	28	96	35	37	181	91	74	83	111	94	57	39	103	164	24	46	34	241	39	40	60	135	16	101	7	34	208	234	35	198	89	35	42	33	77	67	52	84	18	65	167	76	176	159	27	6	283	160	103	145	37	114	23	56	77	127	83	40	44	140	111	66	104	293	247	69	35	144	88	86	67	41	52	318	26	204	9	161	58	116	132	82	67	56	56	128	24	89	31	66	39	59	38	208	91	36	196	129	51	91	148	113	118	118	52	252	153	66	60	103	74	57	66	159	79	39	88	84	134	94	153	236	22	140	76	179	94	74	91	35	78	154	171	82	142	43	88	153	101	239	78	232	435	46	68	53	120	249	116	34	164	131	102	141	37	53	133	151	142	218	14	36	174	173	276	132	8	83	46	132	67	96	191	137	57	66	85	171	48	124	101	41	197	135	81	77	156	176	150	114	163	56	51	52	32	76	134	68	160	210	39	136	120	66	20	96	155	59	53	71	14	41	179	171	91	45	86	94	41	47	108	64	40	77	43	14	341	51	57	31	43	64	153	21	3	233	150	169	129	109	27	250	284	17	160	9	224	60	42	137	85	140	83	87	10	114	131	71	20	128	60	56	166	105	121	56	125	81	118	24	156	72	48	212	36	48	42	54	85	60	80	34	23	182	287	49	206	85	23	58	113	41	94	104	50	18	130	44	165	83	112	282	90	385	299	34	73	58	170	196	68	39	100	151	20	169	80	59	78	198	60	35	90	52	94	211	205	104	72	51	11	92	157	59	98	15	152	122	118	134	59	254	15	47	73	242	27	73	76	76	240	213	130	80	171	62	72	194	130	241	28	25	79	13	104	126	186	139	107	239	1	65	50	326	103	330	40	153	112	288	191	132	155	25	157	85	138	78	230	100	11	36	41	17	22	112	70	8	203	51	149	145	99	122	157	40	44	41	78	110	104	109	96	122	25	28	94	424	36	86	68	33	132	137	132	109	137	182	64	146	92	342	25	78	26	107	119	195	209	49	102	99	128	228	119	43	78	94	29	26	61	116	120	71	49	41	195	155	9	72	48	129	152	40	51	150	83	28	45	20	97	82	44	362	199	119	67	73	44	64	25	40	48	23	222	87	68	322	90	407	110	95	85	156	100	147	29	43	83	64	163	79	85	190	190	57	138	32	70	82	40	164	28	215	226	296	89	239	146	87	66	54	382	77	65	144	45	60	139	142	39	22	54	31	20	200	80	70	52	230	212	107	120	22	135	233	82	115	142	311	172	116	97	183	173	118	80	25	52	218	41	45	49	140	18	68	116	146	168	210	184	17	93	91	31	213	97	66	28	14	37	128	124	56	85	12	62	84	108	95	100	115	136	28	99	5	209	27	33	122	58	91	89	124	57	23	17	35	149	105	63	170	86	47	51	35	502	95	13	194	172	145	29	14	67	203	146	99	281	95	14	70	113	92	111	42	34	97	93	30	72	45	61
32	0	0	0	0	0	0	0	36	0	0	0	0	0	0	0	0	0	0	0	0	0	0	0	0	0	0	0	0	0	0	0	0	0	0	0	0	0	0	0	0	0	0	0	0	0	0	0	0	0	0	0	0	0	0	0	0	0	0	0	0	0	0	0	0	0	0	0	0	0	0	0	0	0	0	0	0	0	0	0	0	0	0	0	13	0	0	0	0	0	0	0	0	0	0	13	0	0	0	0	0	0	112	0	37	20	50	2	0	13	0	0	8	0	0	0	0	7	0	0	0	26	0	0	0	60	0	0	6	0	0	0	15	0	0	0	0	0	1	0	0	0	0	23	1	0	0	13	6	6	0	0	0	38	62	13	0	0	0	0	0	24	0	13	63	3	54	0	0	29	0	0	0	0	91	0	0	0	95	0	0	0	0	0	0	0	0	0	105	0	30	34	0	0	0	64	0	0	18	89	0	10	17	12	299	163	16	36	32	36	57	35	194	19	189	22	75	14	0	114	26	153	57	34	158	0	6	91	273	125	43	39	137	15	20	5	16	30	34	142	112	112	171	0	100	55	18	44	10	209	36	56	164	151	149	54	73	231	51	73	117	52	29	1	125	26	157	231	217	31	171	18	36	8	4	58	77	22	117	0	93	100	141	112	139	55	70	0	84	18	74	13	0	65	10	65	74	0	181	105	188	124	152	107	153	90	22	25	28	30	95	16	129	15	116	17	46	96	139	216	8	30	60	212	39	34	170	51	38	28	33	318	52	6	87	33	82	51	281	79	162	305	32	228	131	211	195	8	140	65	57	113	98	111	16	46	96	13	26	91	204	128	63	127	177	150	21	89	263	106	40	114	99	114	133	22	74	85	32	243	125	21	84	35	7	9	93	97	88	63	43	134	53	19	95	128	91	64	102	55	38	115	103	60	130	45	101	228	86	46	70	51	53	31	107	67	19	203	45	38	71	97	139	64	271	85	49	37	11	25	120	80	118	63	192	31	99	196	50	148	99	68	66	87	55	411	160	153	75	33	200	5	14	48	163	103	92	64	98	95	59	254	7	159	201	149	160	139	103	150	13	88	85	29	156	103	50	151	217	24	46	245	166	28	55	138	69	257	97	137	164	221	21	70	103	27	72	52	27	273	269	34	167	12	33	197	112	136	34	172	184	175	81	43	79	214	108	237	126	65	128	70	91	107	85	46	66	12	262	61	32	71	141	44	130	170	53	163	114	186	151	218	46	111	146	119	88	282	11	84	144	66	224	60	89	72	137	240	213	79	76	56	86	82	136	72	26	65	232	92	91	199	130	27	89	113	6	21	270	17	164	217	177	126	71	44	87	48	116	68	90	42	66	48	29	91	100	38	257	49	35	58	41	36	68	106	135	139	76	34	18	82	188	82	118	45	56	81	96	172	206	105	65	161	134	61	24	106	66	46	39	81	117	42	34	91	115	170	86	164	120	39	206	23	27	104	151	227	132	89	131	26	131	93	169	38	247	72	4	69	49	54	154	54	79	92	185	83	40	3	85	62	73	86	63	144	136	109	124	79	49	64	61	54	294	189	85	49	50	28	57	94	50	190	72	77	108	98	243	70	116	401	69	18	123	13	38	230	83	44	173	13	132	8	147	88	34	266	61	99	405	102	55	64	263	64	113	101	128	256	65	165	10	72	116	180	47	36	222	122	136	131	40	49	47	42	146	139	65	39	61	157	48	166	99	61	35	41	23	172	30	40	106	120	106	89	46	63	101	92	47	133	45	129	36	90	205	240	152	69	91	44	154	168	26	67	243	128	221	67	139	46	120	145	74	14	8	99	34	112	70	131	21	38	42	106	124	27	84	55	116	75	134	127	296	163	46	59	134	60	85	111	82	193	195	8	18	57	101	29	94	13	74	89	76	59	240	53	246	102	73	228	101	69	21	81	29	8	30	17	34	38	20	285	6	118	124	102	151	242	141	157	20	161	68	107	65	131	105	56	276	35	35	77	85	45	35	225	90	85	27	99	74	123	62	34	143	147	81	55	105	193	17	150	338	124	190	100	56	72	11	119	44	23	121	105	27	51	72	188	45	52	54	138	84	141	137	282	307	189	10	52	118	115	12	4	17	48	225	46	243	131	114	167	61	58	98	63	196	88	30	130	111	151	35	62	58	53	58	77	51	91	35	232	69	44	95	131	103	157	24	56	104	5	117	72	171	43	54	110	49	18	76	109	46	108	68	111	54	39	75	110	65	76	22	52	95	63	121	156	129	12	204	96	78	34	56	112	150	155	66
33	0	0	0	0	0	0	0	0	0	0	0	0	0	0	0	0	0	0	0	0	0	0	0	0	0	0	0	0	0	0	0	0	0	0	0	0	0	0	0	0	0	0	0	0	0	0	0	0	0	0	0	0	0	0	0	0	0	0	0	0	0	0	0	0	0	0	0	0	0	0	0	0	0	0	0	0	0	0	0	0	0	0	0	0	0	0	1	0	0	0	0	0	0	0	0	0	0	0	0	0	0	88	0	3	0	22	0	5	23	0	0	0	0	0	0	0	0	0	0	0	90	0	30	0	41	4	0	0	44	0	0	0	0	0	0	0	0	0	0	104	0	2	0	0	1	35	0	4	0	0	56	24	0	0	0	0	0	0	17	0	0	0	0	0	59	17	8	0	0	0	65	0	101	0	0	0	0	0	0	5	25	8	6	0	0	0	0	0	0	1	9	13	0	0	0	5	0	0	0	0	7	1	0	98	13	57	0	0	212	66	0	53	0	154	25	33	0	25	259	34	37	52	30	0	33	0	32	7	195	4	152	47	19	203	68	28	27	10	50	67	79	74	0	115	63	56	85	5	16	32	52	259	128	198	105	19	0	50	126	70	0	86	46	43	1	11	49	89	0	166	55	74	12	151	77	6	67	13	50	18	75	49	82	0	90	71	183	53	179	52	0	3	123	100	177	1	0	57	55	110	253	45	101	120	186	131	56	115	41	227	18	77	93	121	66	114	71	64	59	53	80	99	60	133	243	205	48	286	15	67	91	51	62	268	71	89	4	36	312	43	106	160	30	64	159	105	182	76	67	177	176	168	126	76	63	59	58	86	32	197	39	84	21	116	131	157	116	18	72	227	213	174	55	71	56	58	81	54	80	183	74	53	80	150	203	134	19	68	24	315	60	61	51	114	186	108	60	108	18	12	58	87	202	102	54	152	127	10	11	19	148	60	37	71	145	74	171	36	53	83	59	33	119	191	61	25	55	146	24	93	63	145	204	49	138	28	158	84	45	9	117	193	107	49	103	51	64	54	30	164	221	53	104	102	114	167	110	75	41	3	15	86	248	14	35	124	101	132	101	136	145	165	88	29	79	31	81	39	126	56	140	140	84	87	40	34	104	17	113	30	47	158	51	103	58	70	90	88	106	34	39	18	137	117	47	65	28	15	122	75	103	97	70	13	80	10	53	9	54	185	20	204	34	171	129	157	144	77	283	110	21	125	195	133	109	32	63	98	73	96	49	142	586	150	93	158	96	172	104	51	140	37	146	111	32	139	125	141	59	149	56	75	58	28	170	179	79	36	166	209	6	63	107	58	192	51	265	69	26	163	33	73	126	57	20	28	69	31	320	74	23	26	63	85	187	59	97	69	181	87	137	348	26	8	77	79	51	25	63	4	138	226	25	250	111	92	29	57	26	90	40	91	105	244	25	143	50	88	125	129	91	62	77	63	143	34	19	52	68	120	131	57	21	59	73	240	38	104	88	184	50	50	16	77	33	176	18	49	120	59	112	162	134	46	78	206	206	12	58	123	93	72	72	20	37	30	67	102	83	154	226	60	76	24	54	52	24	26	76	76	87	23	97	116	40	242	241	60	116	40	101	197	39	119	21	43	198	91	119	152	113	3	137	61	53	163	3	131	250	182	25	394	197	155	73	117	83	26	208	85	78	99	63	53	78	31	66	231	150	130	112	39	165	40	89	95	79	61	96	70	103	62	16	48	203	78	364	8	159	15	31	148	45	78	51	98	33	418	20	298	195	41	15	169	57	115	58	70	79	297	126	27	50	15	62	108	123	55	189	94	108	109	88	138	47	34	42	104	61	82	65	48	306	98	17	78	121	246	122	354	203	41	161	116	119	27	67	54	110	74	62	86	88	152	96	47	45	6	62	154	148	78	137	85	227	262	118	41	72	35	40	65	49	219	54	50	105	122	27	108	100	17	44	63	58	293	43	119	126	149	162	23	73	80	68	54	60	58	36	263	25	156	61	165	61	109	48	66	59	63	118	57	30	114	88	20	114	264	48	60	51	55	129	130	18	174	58	155	82	22	136	97	52	83	153	76	80	43	22	114	20	330	102	76	94	127	152	218	177	146	41	222	176	22	283	15	31	15	40	82	152	113	57	125	34	138	69	122	69	19	43	104	196	41	293	243	76	20	69	16	31	45	38	72	32	51	123	71	93	47	62	113	43	49	141	173	54	126	196	64	103	52	33	164	169	49	194	75	57	79	63	160	93	21	184	234	60	99	96	126	39	103	215	47	57	49	98	59	94	97
34	0	0	0	0	0	0	0	0	0	0	0	0	0	0	0	0	46	0	0	0	0	0	0	0	0	0	0	0	0	0	0	0	71	0	0	0	0	0	0	0	0	0	0	7	0	0	0	0	0	0	0	0	0	0	0	0	0	0	0	0	0	0	0	0	0	0	0	0	0	0	0	0	0	0	0	0	0	0	0	0	0	0	0	0	0	0	0	0	0	0	0	0	0	0	0	0	35	0	0	0	1	6	0	13	0	5	0	0	107	0	0	48	0	0	0	0	0	0	0	0	40	0	0	0	31	0	0	7	0	0	0	0	2	6	63	11	0	0	0	0	0	4	0	0	0	0	17	0	0	0	0	0	4	0	13	0	0	102	0	1	0	0	0	0	3	0	0	0	0	0	40	0	0	0	43	0	0	0	66	0	48	0	0	0	0	0	0	15	0	0	63	0	0	32	0	0	0	116	3	1	102	0	35	67	45	177	74	1	13	82	9	27	34	0	137	117	0	0	20	270	37	84	77	68	124	190	57	40	28	31	33	49	161	34	70	87	11	59	152	56	267	22	0	85	275	129	13	0	7	13	0	23	75	72	22	283	9	209	7	38	1	21	59	94	72	33	260	80	15	40	61	28	17	13	0	56	0	39	13	122	66	115	32	61	216	196	118	54	102	146	140	0	106	0	58	2	0	50	6	68	107	53	200	25	272	54	15	101	128	219	116	32	48	220	195	214	25	78	177	76	87	116	122	100	10	16	245	40	198	46	91	118	14	42	70	147	256	174	42	90	122	179	12	45	53	153	17	20	302	4	71	89	48	51	169	308	329	53	186	42	41	48	62	109	114	79	145	115	73	69	185	32	121	223	146	112	192	70	76	68	39	20	130	128	41	545	162	50	34	238	11	62	44	191	185	75	146	255	37	61	70	138	404	278	73	63	160	116	185	33	197	69	170	66	102	48	47	341	191	91	135	129	83	140	83	54	102	177	67	5	187	102	51	114	107	240	286	228	88	313	252	194	155	2	50	160	22	98	140	121	73	70	133	341	21	63	178	36	16	101	102	82	99	122	90	26	73	96	79	62	143	39	11	18	135	111	223	114	168	80	75	37	183	184	74	24	189	62	277	147	12	56	197	89	137	82	138	28	159	110	109	10	145	282	60	29	155	112	21	10	117	42	155	187	109	181	50	141	51	138	196	111	128	109	141	49	197	106	54	58	223	124	49	65	127	78	106	271	83	22	20	38	150	71	283	93	100	123	49	101	68	11	103	67	54	158	10	282	106	86	244	58	69	158	41	150	78	24	103	57	47	116	173	212	104	56	23	111	91	81	180	67	31	105	50	63	277	23	38	70	224	95	67	53	136	30	249	214	129	32	56	410	57	311	18	147	63	56	288	117	79	156	46	19	64	43	50	25	58	136	87	24	63	166	57	169	29	85	264	57	120	86	89	78	85	136	41	36	67	142	112	67	223	21	106	129	113	13	121	54	195	44	48	44	94	149	135	121	66	36	64	20	109	91	46	144	77	67	80	86	161	52	232	74	141	154	45	55	43	140	40	49	57	376	95	151	46	60	32	143	109	84	5	253	133	31	191	5	88	148	40	101	139	164	28	321	17	142	88	86	73	87	38	85	123	92	67	77	98	115	20	167	42	28	227	17	37	191	87	142	89	83	91	71	82	39	15	51	59	461	61	171	216	138	105	64	208	30	140	62	267	93	79	196	31	17	5	96	22	227	109	261	22	35	97	33	360	284	145	52	30	41	146	109	104	11	26	227	38	113	39	65	48	22	146	236	74	147	192	88	139	148	35	29	49	172	90	109	171	192	108	20	75	84	40	54	150	67	80	64	11	267	180	104	233	132	100	79	122	59	86	62	17	33	78	93	111	54	113	73	72	78	31	82	47	198	74	87	29	14	94	56	7	62	77	52	35	203	49	25	108	145	150	89	86	121	166	176	20	26	89	56	50	33	58	99	79	120	99	77	165	188	39	63	107	38	123	107	156	20	234	62	51	12	15	137	67	100	142	153	26	128	40	78	91	137	59	130	184	135	94	29	20	105	43	239	69	135	80	200	33	22	68	122	30	115	58	193	33	5	87	50	30	39	92	52	149	189	53	37	136	95	86	83	16	27	65	45	73	12	33	52	37	115	128	147	9	42	14	38	11	210	64	208	55	148	44	104	72	135	117	69	278	60	20	14	174	46	15	46	84	22	47	124	40	45	129	35	24	25	3	17	93	124	135	200	120	199	66	270	38	366	90	135	226	90	35	64	185	251
35	0	0	0	0	0	0	7	0	27	0	0	0	0	0	0	0	0	0	0	0	0	0	0	0	0	0	0	0	0	0	0	0	0	0	0	0	0	0	0	0	0	0	0	0	0	0	0	0	0	0	0	0	17	0	0	0	0	22	0	0	0	0	0	0	0	0	0	0	0	0	0	0	0	0	0	0	0	0	0	0	0	0	0	0	0	0	0	0	0	0	0	0	0	0	0	0	0	0	0	0	0	87	0	29	0	0	14	0	51	14	0	69	0	0	27	0	0	0	0	0	0	0	0	0	0	0	0	33	25	0	0	21	96	0	10	0	0	0	9	22	0	20	0	0	5	0	46	0	11	1	0	0	29	0	75	0	12	0	0	0	0	39	0	10	15	0	0	59	0	0	0	0	0	6	0	0	0	0	0	23	29	0	0	0	0	0	0	30	0	0	15	1	0	0	6	0	2	7	0	0	32	20	13	17	139	78	50	6	114	0	119	83	54	84	116	32	82	7	185	190	26	0	138	9	151	47	45	37	77	83	26	69	47	110	2	32	47	57	105	176	43	62	0	0	98	0	125	0	0	38	82	88	31	81	26	15	174	58	66	147	32	22	212	2	163	47	52	76	21	153	0	65	27	38	0	0	88	82	9	62	46	55	70	80	68	143	63	5	119	55	0	0	67	56	13	44	0	95	47	205	71	32	98	24	112	66	41	30	27	122	5	50	38	28	161	113	59	42	21	151	184	70	204	96	35	56	68	93	68	11	62	81	42	43	104	4	83	35	144	66	58	109	104	96	136	40	24	102	113	173	75	473	57	95	100	59	230	137	123	35	132	108	126	10	27	9	460	119	180	111	313	409	352	140	182	174	84	61	78	146	129	45	88	37	11	8	16	248	26	84	225	112	21	14	168	98	92	58	23	82	185	209	14	49	128	130	113	315	29	61	112	164	288	65	19	181	70	52	110	110	13	44	86	46	88	22	115	138	17	83	40	102	211	102	35	77	68	118	53	112	363	6	84	85	125	120	67	84	14	97	54	176	25	133	175	82	88	152	51	11	68	76	86	192	32	69	103	295	31	74	42	78	235	22	17	42	91	16	118	176	130	114	201	199	33	145	58	199	72	142	18	96	125	195	221	136	6	44	46	58	84	36	57	28	172	105	60	29	55	72	33	199	232	89	62	43	6	290	44	96	78	43	52	5	160	117	110	69	284	48	182	39	85	46	25	28	13	82	31	35	48	24	59	90	52	62	307	221	132	46	130	16	126	37	54	205	190	116	200	19	18	117	293	66	141	44	132	164	225	87	120	100	119	246	242	137	69	143	117	146	71	93	117	112	109	357	28	8	178	76	39	59	76	141	221	96	206	20	118	6	16	14	165	182	87	24	68	49	51	78	70	158	96	69	23	45	60	16	78	158	96	10	212	178	55	175	11	146	112	201	49	48	452	112	49	0	15	121	116	82	23	36	94	59	273	80	234	210	11	188	41	184	183	9	137	66	75	138	105	76	50	40	183	42	212	56	65	77	43	73	204	51	189	87	125	221	33	99	245	49	29	67	72	127	186	99	289	81	69	85	87	94	40	163	84	62	211	128	69	44	57	347	73	79	127	146	116	34	146	43	177	18	85	55	45	90	56	99	68	150	123	221	73	204	72	55	95	49	8	71	116	103	125	142	68	252	98	103	25	120	38	94	78	16	66	99	136	127	71	19	59	46	72	55	65	183	56	136	100	191	53	243	75	55	208	80	73	61	45	279	67	103	57	241	102	84	39	115	192	156	104	38	231	121	171	253	142	87	82	66	35	125	103	92	120	76	65	68	175	258	86	119	57	134	133	95	68	60	59	210	269	76	148	134	58	137	67	55	55	73	198	91	17	117	173	27	115	30	68	71	95	250	17	54	80	6	49	174	153	9	51	78	38	209	70	50	145	82	30	140	200	132	2	196	80	166	70	47	179	159	35	70	320	85	128	53	160	16	33	43	36	184	23	67	109	177	188	24	83	120	89	295	67	95	12	59	35	117	240	46	57	103	306	105	68	91	123	73	51	155	178	136	215	230	109	41	110	62	83	36	132	195	38	36	78	29	137	123	139	33	86	39	5	158	153	25	112	125	65	133	64	59	53	21	31	8	152	56	59	128	148	45	91	132	99	84	207	204	95	15	115	56	280	222	108	196	87	74	38	80	34	63	31	60	287	223	51	183	138	155	48	48	103	156	68	209	65	206	129	25	126	75	24	62	239	65	79	145	26	136	161	293	54	35	235	33	59	374	135	137
36	0	0	0	0	0	0	0	0	0	0	0	0	0	0	0	0	0	0	0	0	0	0	0	0	0	0	0	0	0	0	0	0	0	0	0	0	0	0	0	0	2	0	0	0	42	0	0	0	0	0	0	0	0	0	0	0	0	0	0	0	0	0	0	0	0	0	0	0	0	0	0	0	0	0	0	0	0	0	0	0	0	0	0	0	0	0	0	0	0	0	0	0	0	0	0	0	0	0	0	0	0	66	0	18	0	0	0	0	38	0	0	0	0	0	0	0	0	0	0	0	5	0	0	3	117	14	20	0	1	0	0	0	0	0	0	0	0	0	15	0	0	11	0	0	0	41	0	0	0	0	0	0	0	0	0	0	0	0	0	0	3	0	0	0	0	0	0	0	45	0	75	0	0	0	5	0	0	4	0	56	32	0	0	2	0	0	0	77	0	0	0	0	0	0	0	0	0	0	30	0	60	104	106	38	93	140	66	25	129	7	2	91	92	17	130	96	0	84	0	106	156	20	214	35	43	40	10	0	33	73	253	103	238	25	40	220	124	7	51	39	216	56	0	140	48	3	79	0	0	130	5	50	92	37	76	91	50	11	0	67	63	63	0	108	61	66	7	294	27	74	0	24	175	55	165	42	11	90	0	38	24	60	35	2	12	25	108	5	61	23	80	13	28	30	9	18	52	75	10	175	150	59	96	82	57	128	187	384	60	148	136	17	22	66	100	46	132	109	85	145	180	11	59	69	234	44	165	64	186	131	25	189	112	106	92	141	19	91	103	225	33	257	45	108	89	80	202	20	16	156	86	11	64	112	67	29	125	165	72	31	88	114	259	102	91	133	96	61	95	65	46	64	131	51	113	58	35	87	201	114	31	155	59	49	133	70	15	62	208	158	184	129	65	17	114	88	24	172	93	218	88	277	212	89	179	77	56	3	101	10	74	59	138	52	57	350	162	79	51	24	57	183	43	18	80	30	44	30	57	158	164	74	23	17	105	257	52	23	18	8	164	76	142	249	32	121	206	140	141	78	163	127	233	226	114	37	157	66	124	104	19	56	115	187	236	73	145	158	29	29	84	175	100	138	71	20	26	4	48	125	29	114	40	4	175	112	166	94	45	20	47	75	103	40	100	116	15	143	52	54	105	78	7	137	196	224	155	26	84	23	73	36	119	254	49	81	63	63	70	130	55	130	64	169	233	88	200	30	29	11	85	88	49	51	106	48	204	46	71	14	47	39	225	62	9	104	164	190	64	73	25	36	141	93	104	39	24	95	198	100	110	82	36	96	167	83	42	197	46	62	9	79	337	19	76	66	188	100	29	76	138	120	39	70	47	2	245	178	28	40	122	98	133	67	74	72	212	43	135	17	63	11	143	8	140	54	126	29	152	122	97	118	93	182	82	56	129	211	86	275	81	415	128	118	178	92	21	150	139	17	69	153	147	94	30	67	31	111	269	201	117	34	79	35	47	88	109	44	95	270	235	122	112	74	97	139	41	119	204	117	27	124	41	61	137	62	136	15	71	43	187	40	102	107	241	87	5	185	86	68	40	88	110	23	64	68	2	63	155	86	28	46	83	116	56	54	152	58	17	204	36	130	300	138	8	103	176	53	161	67	91	18	58	240	131	76	165	89	80	108	127	54	21	143	88	23	95	107	108	180	90	151	102	160	65	61	32	64	54	120	86	76	119	176	197	75	77	36	94	78	112	97	16	153	7	17	60	50	92	39	59	53	38	92	164	96	10	143	69	139	22	64	162	19	201	109	122	135	55	116	182	103	172	16	114	82	119	123	124	85	44	37	63	224	170	53	106	235	101	76	169	74	120	115	33	98	82	68	11	148	256	138	102	271	200	93	237	48	37	174	134	192	135	109	144	148	164	157	69	155	7	72	3	155	168	48	44	74	311	78	72	81	61	118	104	9	105	14	75	77	60	49	126	37	29	41	80	35	50	73	14	327	0	55	125	68	125	44	19	53	123	103	148	115	46	36	42	63	3	66	43	186	116	213	164	33	157	13	28	6	185	190	46	114	114	19	43	79	61	98	107	27	36	17	48	207	68	271	61	141	28	76	166	151	200	156	44	35	61	55	115	117	83	120	58	62	152	102	83	132	224	94	54	124	128	100	78	207	44	207	24	98	105	119	163	60	215	223	169	233	29	117	314	71	261	122	70	116	127	194	66	91	19	25	34	54	86	47	82	160	41	71	32	177	119	106	78	122	93	52	310	12	64	84	212	65	53	80	93	14	17	147	136	109	104	65	73	199	38	226
37	0	0	0	0	0	0	0	0	0	0	0	0	0	0	0	0	0	0	0	0	0	0	0	0	0	0	0	0	0	0	0	0	0	0	0	0	0	0	0	0	0	0	0	0	0	0	0	0	0	0	0	0	0	0	0	0	0	0	0	0	0	0	0	0	0	0	0	0	0	0	0	0	0	0	0	0	0	0	0	0	0	0	0	0	0	0	0	0	0	0	0	0	0	0	0	0	0	0	0	0	0	0	0	20	99	0	0	0	0	88	0	0	0	0	0	0	0	0	21	0	0	0	0	0	3	0	0	3	0	2	0	0	0	0	0	0	0	0	3	0	0	0	0	0	18	2	0	0	0	0	0	0	101	0	0	0	0	0	0	0	63	0	0	95	0	167	0	0	79	0	35	6	0	14	13	0	0	161	0	0	0	0	0	0	0	0	0	63	0	0	15	142	0	0	11	87	0	87	0	0	76	0	84	56	33	167	60	0	310	15	31	147	190	42	67	22	0	0	125	1	21	23	120	22	185	230	11	80	86	20	24	82	80	13	4	2	17	54	168	111	93	61	0	147	69	20	139	0	55	14	151	64	29	79	1	47	92	28	0	40	0	22	21	283	87	239	93	79	0	27	52	0	58	58	0	10	1	39	20	48	19	70	9	70	44	303	100	67	109	44	1	43	56	101	25	110	0	208	27	203	54	28	233	125	198	151	229	134	65	48	104	59	57	33	169	58	232	169	122	47	106	155	110	171	151	50	182	33	33	203	72	53	80	102	33	84	145	186	19	191	75	51	50	106	105	112	90	41	241	2	58	81	85	11	44	20	31	38	14	147	117	25	13	69	79	23	10	51	85	116	137	44	33	79	90	179	241	30	88	16	143	15	107	222	293	176	74	30	45	158	100	28	186	14	9	34	168	22	114	236	37	239	67	432	44	135	46	248	53	220	229	164	99	40	80	155	73	238	111	47	76	25	166	155	137	97	260	53	86	221	100	58	49	160	126	155	42	199	117	59	38	146	40	110	25	129	131	329	25	105	157	20	46	172	123	23	105	42	59	104	54	116	67	31	31	68	135	151	99	231	150	54	166	18	156	276	20	88	98	344	243	44	65	132	68	147	19	111	55	22	25	10	33	116	7	78	57	105	136	258	38	60	158	56	46	106	43	66	91	51	257	139	55	146	101	78	16	130	68	47	112	328	27	75	26	222	43	120	100	69	97	92	55	62	94	14	36	26	55	32	157	37	76	121	86	74	18	26	99	166	179	58	117	183	169	2	134	276	17	39	37	2	65	145	54	83	23	45	72	126	120	49	161	96	136	32	71	42	88	98	130	46	61	194	36	175	128	232	37	33	178	113	107	129	27	35	22	111	65	43	127	17	175	41	47	190	35	85	10	52	46	69	87	187	91	43	203	52	21	23	51	76	289	16	158	437	153	141	91	16	50	124	93	33	216	64	204	87	270	45	124	145	47	150	128	180	219	34	32	212	100	129	146	84	142	241	38	29	105	71	80	81	52	146	83	49	76	45	46	94	16	241	214	39	114	35	95	160	112	56	90	48	57	35	39	50	48	228	56	149	33	44	86	34	105	30	85	49	9	81	58	147	113	67	35	218	161	23	109	285	211	201	72	109	93	37	134	56	90	142	19	45	173	58	207	128	65	72	48	115	92	117	112	75	18	46	44	135	77	71	59	40	287	57	205	98	51	230	35	272	43	109	43	28	71	88	109	21	30	44	161	228	31	62	106	141	25	35	49	167	143	20	166	31	298	60	76	42	10	143	5	154	201	88	189	214	94	103	66	34	76	115	243	32	204	37	69	187	119	28	128	45	87	249	48	171	42	158	64	95	49	92	35	45	75	108	126	40	194	108	30	30	53	37	19	209	55	145	180	89	61	114	154	56	197	51	252	106	43	52	17	229	88	17	29	100	82	44	98	178	47	159	127	245	87	61	175	229	127	99	206	431	195	153	35	145	63	390	14	105	159	34	227	152	65	141	13	174	129	26	28	56	41	124	16	231	79	105	123	92	11	46	31	279	150	188	47	90	71	120	191	68	11	23	35	25	57	18	34	52	171	99	104	292	82	115	130	134	67	38	208	55	186	133	58	42	72	167	234	35	147	39	28	60	161	137	25	12	13	18	47	84	127	53	10	167	26	90	66	201	167	186	66	7	86	97	93	138	116	75	172	67	178	316	56	206	53	129	57	84	76	132	14	37	79	163	48	43	92	61	32	33	100	20	73	17	65	33	16	319	75	187	96	64	173	65	129	86	54	125
38	0	0	0	0	0	0	0	0	0	0	0	0	0	0	0	0	0	0	0	0	0	0	0	0	0	0	0	0	0	0	0	0	17	0	0	0	0	0	0	0	0	0	0	0	0	0	0	0	0	0	0	0	0	0	0	0	0	0	0	2	0	0	8	0	0	0	0	20	0	0	0	0	0	0	0	0	0	0	0	0	0	0	0	0	0	0	0	0	0	0	0	0	0	0	0	0	0	0	0	0	43	83	0	0	0	128	0	0	155	0	0	0	0	0	1	0	0	0	0	0	56	0	0	0	86	20	55	0	0	209	17	0	12	0	0	0	0	0	0	6	0	0	0	0	0	1	13	0	0	0	0	0	0	0	244	40	0	0	0	0	0	18	0	64	0	0	0	0	87	0	0	0	0	101	37	21	0	18	0	2	51	0	83	0	15	0	0	58	0	0	0	0	0	4	0	0	27	0	0	0	27	71	169	153	14	2	56	5	54	17	7	101	18	19	104	21	83	71	39	107	154	9	35	15	68	61	56	29	256	6	241	45	73	244	122	32	8	15	212	95	5	17	0	113	6	80	73	0	91	45	78	81	183	25	34	8	15	12	63	108	16	58	174	89	129	15	59	14	44	35	62	123	194	7	22	5	0	63	0	57	179	60	0	77	75	112	38	20	76	107	42	67	81	76	9	137	0	123	0	211	421	98	42	191	156	159	88	109	62	36	50	28	211	111	151	106	141	80	87	98	25	45	91	191	40	34	25	70	37	86	61	52	300	16	50	85	127	45	144	67	24	82	34	60	50	40	137	41	147	75	106	26	89	34	12	79	13	33	246	33	41	49	49	20	64	20	54	184	123	28	64	103	160	119	114	100	26	358	8	8	210	105	96	197	187	196	21	100	109	88	82	148	176	179	125	39	219	22	92	69	123	140	169	68	119	7	31	13	59	140	84	127	144	87	150	189	386	55	55	81	53	32	46	83	47	74	26	59	63	20	222	297	131	197	91	65	77	58	62	183	144	212	54	43	49	86	29	82	120	117	157	109	236	282	86	104	127	31	171	48	92	133	136	44	38	109	41	76	96	75	41	63	82	39	317	128	111	122	179	82	33	17	55	106	14	37	235	358	198	72	173	209	147	157	162	79	5	219	21	103	34	17	53	91	132	97	158	142	181	85	43	236	48	14	88	130	130	37	95	41	179	67	64	85	126	97	102	13	44	146	147	134	53	113	270	88	84	39	92	124	141	147	59	23	47	125	161	1	10	125	61	395	61	85	120	118	140	23	60	4	64	136	155	113	13	31	118	144	237	43	44	55	109	97	144	38	77	13	24	39	11	224	191	217	43	48	38	151	63	152	63	21	88	199	15	93	74	86	63	47	117	41	147	150	190	244	224	193	31	19	148	76	47	62	54	182	140	205	66	162	170	72	107	294	12	39	35	205	90	75	67	64	129	102	53	110	92	15	200	37	66	127	33	63	136	68	60	42	21	46	82	6	54	233	38	56	61	263	25	153	240	40	77	507	96	154	37	51	233	48	97	77	111	57	107	88	38	29	159	73	124	76	100	84	15	156	40	308	7	227	83	277	5	245	38	146	66	268	247	61	106	46	187	147	83	92	74	97	188	106	92	97	118	39	78	36	34	59	40	49	75	151	46	124	52	122	79	123	67	147	87	172	249	47	38	3	126	70	56	37	73	155	102	180	186	28	104	115	19	237	95	26	19	44	86	115	108	132	19	86	105	107	64	63	183	278	171	148	85	121	183	30	66	63	54	6	160	88	13	134	52	35	13	275	34	140	223	123	90	124	39	97	304	207	27	157	74	86	63	172	49	28	70	120	159	10	188	36	107	86	114	59	82	66	80	144	46	13	212	255	12	12	141	66	11	39	297	37	34	16	181	166	263	57	173	202	10	160	35	37	65	52	198	114	76	125	220	87	25	110	141	33	38	159	81	43	138	87	90	69	148	131	33	76	81	17	148	98	83	416	172	169	193	27	47	62	108	25	28	58	16	44	62	79	47	225	78	255	40	80	42	84	58	92	61	149	58	67	68	87	372	58	72	42	42	93	72	101	37	98	69	162	59	111	89	84	44	49	91	85	61	189	99	27	12	181	90	219	30	28	83	142	106	69	57	156	296	14	115	93	65	122	73	38	45	45	139	53	66	211	89	74	39	106	84	202	69	33	52	68	30	64	31	93	80	33	12	150	141	190	95	123	222	114	132	105	127	166	142	59	61	163	73	106	104	77	82	160	84	44	75	104	56	89	204	59	73	26	52	193
39	0	0	0	0	0	0	0	0	0	0	0	0	0	0	0	28	0	0	0	0	0	0	0	16	0	0	0	0	0	0	0	0	0	0	0	0	0	0	0	0	0	0	0	0	0	0	0	0	0	0	0	0	0	0	0	0	0	0	0	0	0	0	0	0	26	0	0	0	0	0	0	0	0	0	0	0	0	0	0	0	0	0	0	0	0	0	9	0	0	0	0	0	0	0	0	0	0	0	0	0	25	101	0	15	0	0	0	0	53	0	0	0	0	0	0	30	0	0	0	0	0	0	0	0	49	0	0	14	107	0	0	85	0	0	4	0	0	0	0	2	4	0	0	0	0	0	0	0	0	8	0	0	6	0	0	0	0	0	0	32	24	29	0	132	0	0	0	0	46	0	0	54	6	61	0	0	0	3	1	34	0	0	36	0	38	13	0	0	0	29	0	0	0	0	10	0	0	131	30	0	86	35	94	39	110	120	0	45	68	0	64	47	15	124	144	158	5	37	34	103	114	108	16	14	0	45	277	0	127	22	79	41	35	39	119	11	111	63	239	12	166	69	1	162	90	83	20	59	0	65	32	151	136	102	3	15	262	16	170	48	62	21	90	52	138	26	139	109	53	9	145	59	89	0	36	16	0	223	3	38	147	66	1	112	69	46	109	57	42	112	78	47	0	6	78	7	0	115	119	165	135	58	202	57	47	88	85	122	98	47	104	75	101	161	29	126	73	44	27	30	76	76	33	75	57	25	174	83	348	189	33	119	115	34	92	111	67	17	220	146	50	114	104	102	170	56	102	35	200	50	198	302	151	32	50	191	54	7	91	101	19	118	90	38	266	102	78	14	37	221	88	139	40	70	83	143	47	142	160	115	21	182	88	93	178	30	211	53	70	57	2	79	101	110	59	30	58	168	397	189	114	151	82	63	65	29	91	52	82	4	200	338	96	69	156	35	152	170	95	362	28	48	333	88	27	56	13	229	10	79	65	116	23	46	38	9	9	17	53	55	63	69	14	155	297	59	198	114	213	168	82	70	71	107	105	104	172	59	179	197	106	63	51	112	97	119	75	86	161	118	252	32	173	57	143	110	65	298	101	124	55	96	162	58	62	177	203	68	28	149	92	60	73	180	284	73	86	103	101	33	102	114	64	199	318	162	132	54	65	28	45	124	82	116	121	104	63	95	125	91	45	58	282	36	160	157	56	149	33	258	66	33	155	79	70	25	297	37	312	72	213	177	215	51	77	57	45	119	167	7	106	41	73	135	72	60	141	90	17	82	57	141	105	50	201	250	85	149	98	79	126	52	59	104	73	19	41	49	128	161	39	211	331	78	65	56	165	95	107	233	82	64	32	39	52	59	58	47	71	56	130	75	53	75	63	283	32	57	137	126	66	273	35	194	52	14	35	91	88	87	83	137	36	264	20	60	83	40	55	165	147	71	222	101	176	273	183	2	16	123	120	218	112	107	132	147	36	36	52	192	24	91	125	66	32	132	107	16	112	13	21	27	187	123	28	105	386	220	84	231	81	129	95	51	16	196	83	58	65	113	15	57	126	64	75	113	102	142	25	108	70	113	77	80	48	106	28	118	205	40	76	121	39	151	68	112	53	122	57	49	82	57	263	137	53	166	52	98	19	25	43	41	45	112	93	224	81	84	50	258	206	72	114	78	138	45	87	116	152	199	200	130	38	28	90	93	97	3	188	166	41	71	249	90	76	62	98	120	22	113	30	23	64	58	65	49	229	36	175	259	226	184	120	85	111	137	7	30	157	133	72	107	156	346	11	85	69	121	166	18	203	41	140	127	11	149	79	62	12	188	173	74	171	95	80	53	157	137	38	62	226	150	50	158	29	55	57	5	30	210	160	313	250	157	130	95	86	179	127	82	161	54	55	48	188	50	162	31	67	110	22	96	106	46	168	24	98	102	231	45	90	58	69	115	28	149	147	126	41	124	203	83	53	93	32	303	13	49	105	27	143	17	24	42	179	38	19	58	43	249	40	387	46	39	132	68	147	16	133	75	143	29	46	78	57	55	86	159	189	34	206	47	178	71	290	97	221	68	138	83	166	72	100	105	99	81	90	68	125	67	93	95	125	35	27	113	54	135	89	40	132	86	125	141	105	87	87	4	78	102	42	31	169	120	62	102	120	333	65	98	37	73	149	165	47	277	35	106	52	119	103	124	174	144	50	110	191	179	232	113	285	157	61	15	51	81	20	119	95	91	52	81	85	44	55	26	48	27	99	87	150	44	143	49	33	81	66	76	85	29
40	0	0	0	0	0	0	0	0	0	0	0	0	0	0	0	0	35	0	0	0	0	0	0	0	0	0	0	0	0	0	0	0	0	0	0	0	0	0	0	0	0	0	0	0	0	0	0	0	0	0	0	0	0	0	0	0	0	0	0	0	0	0	0	0	0	0	0	7	0	0	1	0	0	0	0	0	0	0	0	0	0	0	0	0	0	0	0	0	0	0	0	0	0	0	0	0	0	0	58	0	0	14	0	14	34	0	0	0	243	0	0	0	0	0	14	0	0	0	0	1	62	0	10	0	64	0	0	0	22	0	0	0	5	0	0	0	0	0	23	6	0	0	5	0	4	3	0	0	0	0	0	0	38	0	5	0	0	0	0	75	46	0	0	0	0	100	0	0	8	0	30	0	0	8	0	0	37	0	0	0	54	0	43	0	0	0	0	66	0	0	2	0	0	0	0	0	0	31	0	0	47	33	0	135	95	60	50	124	96	65	11	5	95	27	75	79	107	0	146	76	18	134	27	180	98	39	30	58	0	34	33	132	149	249	6	23	319	77	46	83	35	156	4	18	54	50	90	0	19	124	43	15	120	131	53	5	9	231	48	96	0	98	53	73	0	63	113	13	74	81	46	1	36	19	8	49	10	94	0	0	70	79	14	68	0	44	115	0	70	109	0	51	63	146	29	16	0	64	89	158	62	88	36	103	64	73	112	86	27	295	94	15	145	27	89	111	40	133	120	245	166	9	54	86	207	118	47	121	64	151	20	61	248	227	81	78	7	19	80	123	289	138	9	230	224	81	83	18	134	143	25	46	38	61	14	133	130	166	67	10	58	105	22	60	77	40	80	98	120	36	105	33	19	238	62	168	19	22	76	291	26	122	46	170	199	36	8	67	36	85	178	76	104	42	86	117	103	58	138	71	95	198	95	194	46	158	112	23	94	36	20	111	140	71	134	96	223	62	50	138	97	62	98	168	76	21	141	54	70	78	130	90	40	113	119	188	59	13	51	305	53	111	178	171	64	64	99	32	86	20	71	112	134	276	34	115	17	96	62	32	30	359	18	73	23	44	64	147	59	49	95	48	143	68	33	257	119	74	89	153	57	142	92	226	263	113	115	47	69	62	53	47	45	65	180	180	7	142	96	341	42	69	91	178	158	66	32	22	111	138	104	109	40	86	120	104	32	54	198	62	80	24	36	35	106	72	19	181	117	55	99	147	82	63	25	151	62	131	115	85	81	74	209	86	153	133	35	23	157	163	32	16	83	65	95	141	126	133	162	138	74	93	88	14	100	31	50	40	144	84	133	127	187	273	248	61	89	80	60	114	40	189	16	97	192	130	97	74	21	42	23	109	163	62	132	68	180	62	219	99	130	108	32	83	208	172	142	113	130	44	25	203	257	206	79	211	110	83	235	51	24	135	58	59	75	136	48	232	280	69	271	107	59	32	64	70	128	84	49	51	31	54	261	48	132	128	51	62	40	92	179	85	62	90	70	70	41	87	227	112	171	123	125	71	153	237	157	102	41	236	80	81	35	6	78	52	91	69	46	70	6	41	87	167	87	38	49	176	34	55	29	269	71	216	46	208	132	41	82	24	45	105	178	135	99	91	54	25	70	85	124	190	159	34	179	41	5	77	75	241	107	51	67	23	28	105	103	58	406	54	324	285	74	116	27	33	298	107	233	95	158	134	185	42	12	123	51	149	23	86	127	229	9	235	80	98	87	59	86	22	175	41	17	7	24	137	74	47	113	47	12	178	267	94	176	12	107	65	18	1	134	51	56	66	84	53	236	142	31	171	95	9	50	28	53	33	25	169	147	168	20	239	35	78	207	158	113	79	186	236	250	57	71	166	57	47	62	53	63	5	154	65	169	11	18	78	232	296	51	235	181	14	14	42	218	37	89	64	109	78	35	73	102	14	36	9	140	44	166	51	173	107	84	108	111	107	118	54	62	68	11	137	161	46	189	198	66	107	10	30	79	49	15	42	63	126	79	22	48	110	171	74	142	181	9	39	37	159	79	41	123	78	179	77	175	147	17	42	87	24	158	95	16	345	16	488	147	50	68	225	2	106	82	45	146	124	68	12	64	21	46	39	95	269	133	122	210	24	92	92	85	32	157	113	69	94	116	25	15	52	102	93	72	178	51	34	153	85	57	154	53	499	61	123	97	88	16	28	146	176	323	36	293	77	196	89	156	77	26	98	27	76	113	71	25	325	135	142	89	75	32	72	121	145	226	125	31	245	96	236	15	82	133	54	181	77	76	325	84	73
41	0	0	0	0	0	0	0	0	0	0	0	0	0	0	0	0	0	0	0	0	0	0	0	0	0	0	0	0	0	0	0	0	0	0	0	0	0	0	0	0	0	0	0	0	0	0	0	0	0	0	0	0	0	0	0	0	0	0	0	0	0	0	0	0	0	0	0	0	0	0	0	0	0	112	0	0	31	0	13	0	0	0	0	0	0	0	0	0	0	52	0	0	0	0	0	0	0	0	0	0	0	217	0	0	0	89	0	18	93	0	0	0	0	0	7	0	0	1	0	0	117	0	0	0	66	4	0	91	0	11	0	22	0	0	0	0	0	12	9	0	0	0	3	67	19	0	0	156	0	0	0	0	8	0	31	99	12	0	0	0	132	0	0	113	0	0	18	10	36	0	7	0	0	191	47	14	0	14	0	9	111	0	0	0	0	24	10	0	0	29	10	0	29	0	73	0	0	35	84	0	34	97	21	19	87	115	176	2	183	0	42	127	51	121	9	6	57	3	35	104	65	117	182	1	25	88	149	1	40	40	55	67	108	136	5	68	29	84	88	58	77	35	29	8	49	0	81	21	25	19	70	54	0	109	47	104	60	126	0	50	149	0	20	152	6	32	172	120	50	27	15	37	42	167	0	39	38	35	0	390	72	54	129	49	1	173	113	180	0	44	0	20	90	1	84	46	12	71	92	64	232	148	173	16	44	124	311	82	396	48	297	53	113	28	80	58	102	279	318	133	142	72	49	116	192	104	17	52	27	136	57	90	95	37	162	90	64	89	51	73	61	7	336	160	179	145	44	60	155	134	107	33	221	92	20	418	177	31	70	102	61	66	106	55	144	76	19	47	30	182	155	199	20	54	105	60	83	8	206	175	192	40	45	41	60	99	68	8	54	68	194	71	278	48	81	54	32	199	106	59	135	215	130	150	54	131	31	69	40	150	63	6	54	36	52	15	121	203	156	68	174	71	51	36	122	242	243	28	221	165	172	19	375	46	161	73	124	60	179	246	179	94	63	36	16	52	82	16	130	89	92	47	242	138	51	9	108	64	64	9	43	177	207	252	104	197	35	12	53	100	120	194	58	53	40	161	247	337	155	50	122	221	67	35	40	32	108	68	118	141	71	77	164	404	340	15	32	50	283	90	51	140	148	152	48	33	111	26	42	8	132	30	94	164	107	75	95	24	30	32	73	64	165	153	79	203	221	139	123	63	116	50	89	78	155	139	45	89	112	82	283	48	105	130	132	159	182	86	5	96	94	84	322	106	138	93	53	74	31	144	46	29	58	69	84	55	36	95	127	150	91	73	35	110	41	67	89	41	266	61	259	32	101	160	175	96	73	72	22	48	72	15	128	114	16	70	25	51	79	158	47	75	32	52	80	90	78	245	148	155	15	82	51	67	182	23	190	17	332	54	344	49	104	16	32	67	72	18	121	121	157	65	94	133	82	109	205	72	109	65	61	54	16	250	64	34	84	25	119	186	71	37	198	77	45	52	22	115	72	182	94	31	49	53	53	79	289	166	92	146	44	173	172	34	64	78	17	64	49	71	226	56	377	90	62	81	101	133	49	66	78	78	105	305	53	106	243	81	163	45	58	113	49	7	112	230	152	274	81	89	99	113	145	81	23	34	58	119	18	42	126	212	85	98	99	115	110	42	80	20	53	157	47	94	179	107	56	36	91	12	9	57	134	27	119	29	132	62	43	178	120	107	94	10	66	75	241	77	97	39	107	120	148	85	48	58	76	180	130	43	165	66	66	117	44	99	81	130	143	83	40	208	56	21	0	42	29	112	62	174	151	130	44	49	64	150	245	63	122	162	75	55	53	63	93	42	83	22	24	31	27	83	79	78	129	25	84	88	123	139	75	52	59	134	128	68	139	59	24	58	111	110	121	20	109	19	61	64	190	122	138	92	6	113	126	139	103	63	27	21	94	53	17	20	24	142	61	37	31	44	94	69	34	68	68	175	75	251	316	61	29	216	11	35	132	33	73	167	110	84	125	123	162	47	117	74	22	210	184	127	49	83	194	33	283	113	17	73	12	96	78	32	40	63	97	61	92	92	19	118	92	64	133	40	132	121	66	82	113	169	11	277	150	74	121	67	111	75	57	46	117	18	145	43	115	170	58	173	176	109	27	8	36	42	85	108	46	105	256	39	106	146	131	52	97	49	34	70	171	93	68	262	156	61	159	60	107	341	109	165	68	116	131	64	54	69	126	29	112	28	76	114	186	73	49	129	204	45	31	60	133	22	101	180	57	65	76	65	171	94
42	0	0	0	0	0	0	0	0	216	0	0	0	0	0	0	0	0	0	0	0	0	0	0	0	0	0	0	0	0	0	0	0	0	0	0	0	0	0	0	0	0	0	0	0	0	0	0	0	0	0	0	0	0	0	0	0	0	0	0	39	0	0	0	0	0	0	0	0	0	0	0	0	0	0	0	0	0	0	0	0	0	0	0	0	0	0	0	0	0	0	0	0	0	0	0	0	0	0	0	0	1	0	0	41	0	0	0	0	147	0	0	0	0	0	0	0	0	0	0	0	0	0	0	0	11	84	0	0	0	0	0	125	0	0	0	7	0	0	106	0	0	2	0	0	0	20	0	3	0	0	0	0	0	0	0	0	12	0	0	0	55	0	182	0	6	0	52	0	116	0	4	0	2	0	0	0	0	0	0	0	247	0	0	0	0	0	0	25	0	11	0	150	0	0	0	23	0	59	22	98	38	0	0	29	3	116	28	256	120	173	8	12	85	150	138	51	40	2	66	280	89	0	235	18	234	22	99	0	146	4	80	62	155	129	62	43	34	6	62	45	146	17	21	0	48	98	151	0	34	173	30	99	102	199	153	35	5	68	3	44	43	18	211	61	0	50	93	86	48	49	164	98	97	27	66	74	0	61	0	49	4	87	30	24	37	36	57	24	190	70	23	2	41	13	66	255	4	200	0	19	235	62	41	149	65	17	111	172	35	69	9	176	197	144	77	139	93	14	104	47	63	130	46	151	56	115	91	16	114	29	152	159	136	75	144	89	60	176	9	14	21	63	25	68	134	166	53	136	100	20	84	149	264	72	26	149	130	131	143	131	72	60	152	72	90	167	189	74	37	24	86	71	79	102	113	232	120	18	44	76	43	116	291	100	104	121	183	209	122	279	22	152	30	55	75	38	82	14	65	94	91	8	53	144	224	215	42	209	78	197	377	88	103	118	20	112	21	114	114	81	110	46	61	97	63	115	168	352	29	101	14	118	20	95	93	65	78	95	260	206	285	277	108	77	77	72	130	79	13	58	89	66	15	109	65	398	27	36	28	410	62	111	32	49	84	164	8	12	41	6	146	123	434	55	55	57	67	185	145	41	140	51	142	143	92	75	68	48	146	14	83	119	126	97	224	67	36	153	49	43	13	60	89	103	74	103	120	110	218	44	95	75	172	17	52	129	173	59	219	217	29	279	70	112	77	138	134	140	85	402	57	92	86	79	72	117	80	171	114	89	172	226	91	430	53	18	39	160	66	11	76	103	15	145	46	79	38	126	75	80	69	44	88	115	76	187	143	57	22	24	18	51	146	53	7	88	4	157	34	82	43	93	30	106	40	119	67	148	4	131	22	81	123	77	152	45	77	315	158	87	158	30	54	51	11	89	166	56	61	31	138	152	26	71	138	36	162	124	99	183	6	119	128	32	17	104	21	151	24	47	73	110	88	89	226	229	156	138	83	29	44	75	226	37	56	31	20	119	107	59	13	69	118	127	58	104	105	86	139	39	77	92	0	3	152	115	33	66	24	222	141	98	6	91	102	130	274	45	153	86	154	80	45	94	314	53	160	64	72	65	107	21	78	49	48	33	153	108	245	47	29	82	22	25	34	111	139	123	176	128	80	57	38	24	8	45	54	52	21	86	7	70	29	13	38	193	189	33	268	82	90	58	151	105	45	32	60	132	272	55	48	46	21	96	37	169	188	78	124	228	129	93	251	37	149	88	72	84	75	79	88	86	15	141	100	31	29	122	12	171	37	18	411	115	155	390	375	210	42	229	116	138	193	62	103	81	49	36	2	167	77	20	170	235	30	53	359	78	30	192	59	32	209	15	104	79	229	49	21	44	76	78	325	132	57	46	207	72	27	136	149	109	77	212	70	143	82	133	86	7	145	115	165	89	56	50	168	91	103	30	227	31	99	185	9	229	52	139	131	144	177	184	199	110	31	178	54	51	121	46	108	52	115	46	140	45	42	51	236	37	208	131	70	30	45	201	129	74	45	153	16	129	156	25	39	167	49	5	59	131	82	206	259	121	24	75	432	147	74	61	150	64	18	15	120	81	38	45	102	171	12	93	16	79	160	122	130	99	127	3	36	65	70	74	141	30	72	67	33	174	113	44	132	35	133	37	518	76	206	172	100	57	16	6	113	66	38	90	89	137	68	90	36	238	199	88	120	92	60	9	361	51	37	133	46	93	19	143	125	120	199	63	99	109	16	84	140	62	68	130	206	158	73	98	301	137	128	35	219	290	76	53	169	128	192	237	83	78	31	57
43	0	0	0	0	0	0	0	0	7	0	0	0	0	0	0	0	0	0	0	0	0	0	0	0	0	0	0	0	0	0	0	0	0	0	0	0	0	0	0	0	0	0	0	0	0	0	0	0	0	0	0	0	0	0	0	0	0	0	0	0	0	0	0	0	0	0	0	0	0	0	0	0	0	0	0	0	0	0	0	0	0	0	0	0	0	0	0	0	0	0	0	0	0	0	0	0	0	0	0	0	24	92	36	0	0	89	0	13	60	0	25	3	78	0	0	0	0	0	0	0	112	0	0	0	95	0	0	0	17	0	0	0	8	0	0	0	0	0	0	9	0	0	0	0	0	0	0	23	0	26	0	0	0	0	1	0	0	0	0	0	198	0	0	0	124	0	0	0	0	0	4	0	0	30	0	2	0	60	0	0	0	0	0	18	0	0	0	7	0	0	0	0	14	56	0	0	0	0	37	0	96	0	41	20	177	44	10	0	45	34	11	21	25	36	9	71	0	13	17	0	61	138	22	35	156	14	14	40	122	90	0	130	87	94	24	18	128	66	272	54	49	106	0	32	74	45	12	0	0	42	66	15	224	183	117	33	0	9	0	69	19	12	183	115	169	0	175	101	0	165	1	0	22	113	31	29	0	50	199	51	10	97	0	60	0	94	16	33	113	0	0	0	55	115	140	63	0	108	0	92	97	200	95	150	132	52	64	99	62	22	65	111	89	231	114	75	375	34	119	94	45	39	12	160	96	65	56	33	38	63	74	19	34	51	145	82	58	184	84	35	254	57	101	57	121	22	81	25	74	40	93	62	15	6	82	133	85	139	165	32	143	87	46	90	53	34	139	96	372	40	75	7	233	19	82	238	23	425	155	121	260	80	105	222	32	91	196	7	69	241	166	48	87	100	74	198	271	121	42	149	21	152	300	129	102	73	11	228	109	66	70	160	120	73	35	242	318	98	128	206	32	28	99	101	110	61	88	78	261	205	64	118	97	69	105	96	37	16	69	36	112	36	38	33	102	239	209	55	61	202	60	107	42	59	63	151	183	52	128	48	11	176	50	261	118	209	12	30	64	138	128	83	110	463	40	112	66	157	16	96	41	149	169	28	12	108	95	27	52	34	109	180	34	182	72	206	20	55	56	34	26	111	42	8	81	132	149	85	102	74	87	86	213	131	44	95	51	8	36	50	140	154	75	100	51	30	9	231	12	95	132	68	65	38	80	187	77	91	116	88	102	36	22	27	247	131	74	164	28	32	310	98	87	16	90	100	77	80	50	83	151	246	58	64	120	122	111	92	105	112	62	202	108	203	31	131	34	118	86	82	129	54	148	74	42	47	93	126	221	53	94	98	134	82	79	221	129	117	230	61	109	129	125	163	183	32	116	76	71	46	150	92	99	186	112	96	67	149	98	248	123	76	16	54	116	152	104	197	251	215	70	112	134	68	52	92	315	79	72	136	65	104	124	29	60	107	30	107	393	82	198	249	174	159	156	54	56	284	69	44	72	112	114	85	165	5	263	77	97	206	170	307	176	87	90	117	138	68	35	184	59	204	61	84	172	184	104	189	70	128	24	73	60	54	51	222	80	51	53	55	136	92	82	183	89	198	15	52	88	105	37	130	167	92	115	84	38	23	44	252	146	132	72	94	260	6	17	119	139	42	243	153	30	70	29	116	51	27	73	34	109	192	55	103	8	13	112	58	89	196	179	15	17	85	72	298	73	276	38	171	103	167	98	151	30	42	69	151	7	118	143	198	43	54	123	71	82	63	120	174	63	162	116	70	119	123	53	50	11	86	37	23	64	137	203	32	107	105	103	76	277	109	38	135	167	73	105	248	115	190	63	91	127	124	85	131	58	68	36	10	46	227	90	107	6	130	88	52	101	11	25	93	74	32	118	37	124	53	154	116	56	35	45	71	142	209	192	0	25	42	65	20	153	94	35	243	168	134	97	107	33	52	127	237	162	56	55	145	31	117	111	45	111	89	111	84	79	23	24	73	47	102	87	109	107	287	16	60	138	112	19	140	30	121	15	102	43	130	90	75	44	48	184	130	113	36	144	121	369	97	80	166	121	191	281	56	122	118	75	95	207	80	59	148	127	56	192	71	26	146	44	204	92	56	47	20	18	151	91	4	49	112	57	65	84	125	139	38	223	17	114	48	213	231	33	147	66	24	66	102	24	109	26	25	140	104	289	71	354	97	19	92	178	174	221	116	120	31	25	81	151	216	65	221	16	136	18	70	74	91	20	37	19	119	152	48	78	141	30	52
44	34	0	0	0	0	9	0	0	0	0	0	0	0	0	0	0	0	0	0	0	0	0	0	0	0	0	0	0	0	0	0	0	0	0	0	0	0	0	0	0	0	0	0	0	0	0	0	0	0	0	0	0	0	0	0	0	0	0	0	0	0	0	0	0	0	0	0	0	0	0	0	0	0	0	0	0	0	0	0	0	0	0	0	0	0	0	0	0	0	0	0	0	0	0	0	0	0	0	0	0	0	19	0	10	76	62	0	0	2	1	0	0	0	0	0	0	59	0	0	0	29	0	0	0	17	40	0	118	0	0	0	0	0	0	0	15	0	0	0	76	0	0	22	0	0	8	0	0	2	0	0	0	0	22	0	4	0	2	32	0	59	2	97	5	1	0	0	0	0	0	42	0	0	7	0	0	0	0	0	0	0	0	0	0	0	0	0	5	0	0	117	19	0	0	0	0	0	73	0	0	76	0	0	83	49	57	23	0	82	6	31	48	49	28	133	22	86	5	72	216	17	231	159	17	11	2	58	0	227	91	198	129	28	91	0	48	343	0	175	141	94	171	8	11	64	0	287	0	0	22	53	143	91	88	152	43	74	133	2	0	0	108	28	152	14	12	77	249	92	14	7	215	232	99	81	0	9	22	0	90	52	0	56	161	16	26	66	22	0	14	14	52	60	16	0	28	78	117	13	9	105	41	35	89	21	124	133	15	284	52	139	128	119	16	29	109	181	75	52	50	175	195	85	77	205	62	49	133	65	96	70	85	30	14	18	93	163	52	100	22	67	92	30	133	92	13	193	49	38	132	62	102	206	273	53	192	166	152	58	110	108	113	128	42	54	112	28	46	25	148	35	120	147	102	149	14	233	104	176	104	54	165	27	106	77	22	144	239	58	91	59	87	32	100	93	103	103	73	150	111	44	258	23	52	67	11	139	137	136	84	39	97	38	34	48	83	61	81	100	96	113	192	47	174	143	131	97	32	109	187	40	44	0	56	115	74	7	8	22	29	154	94	134	257	86	86	90	26	135	108	141	118	54	147	101	33	235	24	20	75	25	101	108	112	61	86	83	210	167	219	56	121	66	75	148	127	194	41	159	12	25	32	18	52	41	103	39	73	64	206	26	68	75	201	124	103	173	53	47	50	230	72	94	222	132	54	56	55	182	36	44	23	35	63	36	186	28	16	178	33	124	87	176	51	120	187	135	78	101	86	148	29	89	60	40	146	85	94	31	43	111	41	384	124	22	42	22	170	16	49	225	258	18	134	66	110	54	43	103	133	263	19	160	207	68	38	128	17	21	18	10	2	54	74	239	164	100	64	50	111	130	154	113	26	196	17	241	34	85	357	60	109	34	194	301	130	84	119	158	136	58	72	111	30	12	90	60	79	62	51	147	150	191	79	325	16	73	59	46	62	185	100	48	81	188	182	145	238	103	188	118	249	176	45	172	98	36	25	46	99	34	234	32	70	72	22	110	145	28	77	212	82	132	242	78	9	42	115	82	147	70	50	56	113	34	134	43	153	6	24	49	61	98	146	163	105	34	62	251	175	81	64	53	223	107	74	105	25	24	22	74	64	29	183	78	37	38	40	36	67	173	24	92	100	130	16	206	68	61	81	136	74	116	11	33	111	94	33	100	50	58	122	62	56	205	90	35	142	92	205	89	68	138	173	91	39	104	133	13	74	100	71	137	98	264	288	49	30	28	120	81	32	115	219	77	245	64	35	92	13	36	15	43	53	69	55	52	85	210	202	301	71	61	140	24	73	143	273	68	271	101	25	62	13	20	73	272	44	76	151	205	123	149	27	24	130	247	65	103	34	3	33	35	52	18	33	142	67	65	121	48	38	104	159	124	90	100	32	49	279	100	96	65	27	171	125	142	166	95	271	123	81	98	97	216	108	50	211	44	189	98	191	86	33	60	82	28	121	32	35	333	103	19	39	63	96	15	339	131	110	169	111	200	42	85	63	145	128	110	135	69	92	49	72	76	101	84	138	178	75	156	90	70	26	87	151	46	22	42	110	32	30	98	54	114	215	115	72	3	145	113	28	70	134	59	51	43	327	38	245	170	153	194	15	76	277	39	41	209	30	37	87	169	37	35	25	49	67	85	124	37	82	131	26	73	25	135	85	28	69	9	68	116	28	52	137	15	205	140	9	68	117	17	77	26	104	62	83	193	82	27	177	180	135	181	96	172	178	160	56	138	150	363	130	52	39	155	168	50	230	46	149	166	35	45	125	47	44	166	28	86	138	93	284	139	102	50	52	7	128
45	0	0	0	0	0	0	0	0	0	0	0	0	0	0	8	0	0	0	0	0	0	0	0	0	0	0	0	0	0	0	0	0	0	0	0	0	0	0	0	0	0	0	0	0	0	0	0	0	0	0	0	0	0	0	0	0	0	0	0	0	0	0	0	0	0	0	0	0	0	0	0	0	0	6	0	0	0	0	0	0	0	0	0	0	0	0	0	0	0	0	0	0	0	0	0	0	0	0	0	0	0	26	0	7	0	22	0	0	83	0	0	0	1	0	141	0	0	0	16	0	0	0	0	0	0	0	0	0	0	0	0	0	0	0	54	29	0	0	12	0	0	1	0	0	0	7	0	18	0	22	0	0	6	0	0	0	38	0	17	0	0	0	0	48	0	0	24	0	234	0	80	0	36	42	0	0	0	0	0	47	0	0	25	20	9	0	0	0	0	0	0	42	24	0	1	0	0	15	0	0	30	14	38	93	69	131	45	0	50	104	0	21	0	12	39	18	19	12	9	193	90	51	63	0	12	120	44	26	59	126	323	51	337	40	3	12	144	76	128	223	101	135	0	111	98	32	13	0	316	4	115	107	197	31	70	23	67	17	64	40	9	123	33	56	24	0	120	14	7	39	55	101	68	158	30	19	61	31	2	43	9	212	57	0	51	43	164	61	0	192	0	0	32	36	118	31	0	134	32	116	44	182	44	209	300	94	25	237	118	38	47	136	184	242	213	23	44	48	70	104	71	94	168	107	45	140	37	107	257	332	39	311	99	79	59	328	135	182	235	98	19	41	46	284	43	142	51	32	80	232	194	184	18	59	171	78	53	37	135	172	152	58	64	130	68	88	83	77	206	84	103	137	119	25	21	61	120	98	66	73	22	321	2	104	31	361	138	148	159	100	78	28	83	41	29	104	7	34	70	73	158	162	24	98	14	39	92	53	178	99	51	225	168	24	278	12	28	265	45	8	146	22	144	14	86	52	41	111	59	23	46	251	35	46	76	74	48	43	16	97	44	45	28	33	57	89	70	64	334	76	106	115	196	87	189	48	102	156	129	233	118	230	74	89	151	134	281	24	312	66	242	132	118	47	59	82	232	78	59	95	192	70	33	111	49	60	24	81	152	191	33	79	91	55	185	215	84	106	121	206	56	145	66	45	115	59	101	131	74	13	31	47	117	80	212	30	191	61	495	64	61	47	65	50	29	21	20	84	102	103	97	203	77	85	106	82	100	180	65	5	32	180	40	60	99	145	101	24	220	126	61	245	59	23	26	94	143	53	222	19	129	118	124	39	173	178	65	19	84	16	238	175	133	93	97	151	121	185	81	167	100	55	53	246	62	81	77	78	141	49	115	216	32	153	195	332	69	133	171	162	73	58	103	117	54	53	51	98	231	56	84	90	7	77	121	70	5	78	159	48	139	11	0	100	165	28	35	41	291	52	98	65	82	71	61	49	64	145	127	124	71	27	210	81	102	71	196	120	24	89	189	42	74	136	75	22	160	90	114	88	85	98	83	20	35	94	87	58	183	132	245	118	118	88	100	91	30	227	71	31	54	81	74	55	195	63	141	71	140	164	125	209	111	6	32	105	116	188	66	49	19	12	68	13	195	51	77	156	90	425	119	65	52	170	165	49	75	118	77	53	191	46	54	65	49	71	49	20	92	64	44	122	30	76	183	53	164	80	59	233	166	144	72	156	58	194	54	137	42	54	85	67	58	35	108	57	65	81	42	57	15	43	78	111	86	123	69	57	129	65	103	119	59	111	88	168	216	113	249	41	84	89	95	181	166	256	210	140	168	27	30	96	55	240	176	399	83	226	114	82	27	166	88	134	328	141	71	25	50	118	12	144	87	222	17	54	129	118	18	128	17	231	98	5	43	227	111	197	153	72	90	78	193	20	187	54	98	43	100	89	63	96	24	64	222	70	73	52	71	91	293	113	99	150	63	80	107	78	66	193	83	22	191	132	75	279	38	159	30	100	142	50	61	144	39	31	68	119	91	170	182	72	19	59	54	23	112	373	33	64	50	54	345	31	61	14	146	58	145	143	311	14	70	72	26	12	59	42	18	15	16	312	2	283	33	41	63	267	80	62	59	18	42	56	50	41	167	174	87	75	88	101	81	68	178	53	80	61	192	147	75	152	150	191	329	26	78	76	111	144	155	24	123	79	63	52	107	276	83	52	18	125	65	53	78	87	89	135	36	45	151	183	27	187	66	118	151	50	108	52	69	144	80	68	17	148	89	105	127	332	115	108	78	69	53	307	47	70	200	290
46	0	0	0	0	0	0	0	0	0	0	0	0	0	0	0	0	0	0	0	0	0	0	0	0	0	0	0	0	0	0	0	0	0	0	0	0	0	0	0	0	0	0	0	0	0	0	0	0	0	0	0	0	0	0	0	0	0	0	0	0	0	0	0	0	0	0	0	0	0	0	0	0	0	0	0	0	0	0	0	0	0	12	0	0	0	0	0	0	14	0	0	0	0	0	0	0	0	0	0	0	39	59	0	0	0	0	0	0	0	0	0	0	0	10	0	0	0	0	0	0	19	0	0	0	27	14	0	34	0	0	0	0	1	0	0	31	0	42	56	0	0	0	21	0	11	56	0	0	0	0	2	0	0	0	20	0	0	0	0	0	80	1	0	10	0	0	0	0	0	0	84	5	0	0	0	0	0	0	0	0	25	0	0	0	0	0	1	26	0	0	0	100	0	0	0	0	0	21	0	1	41	25	31	178	40	71	275	24	50	124	13	73	52	115	53	59	64	155	96	154	178	73	429	13	79	17	94	56	159	132	88	158	26	108	23	0	47	20	65	8	64	94	0	113	26	177	166	0	20	79	85	18	66	74	30	34	25	79	0	19	41	6	190	125	120	0	4	12	134	209	21	36	42	59	43	23	2	43	83	108	139	152	141	60	62	115	97	20	0	73	17	24	1	47	91	26	94	36	14	58	97	171	57	94	55	171	194	4	136	221	16	255	54	161	48	125	208	149	130	94	108	201	24	30	14	63	136	86	95	72	36	59	442	98	59	86	130	18	102	107	182	84	163	99	160	65	53	144	15	93	94	69	57	81	58	38	81	55	245	73	34	58	138	188	105	20	228	136	66	153	97	33	77	34	74	64	94	91	171	24	12	124	39	46	86	16	25	185	126	95	115	123	41	197	48	42	129	27	52	225	268	70	154	61	144	10	38	56	65	195	73	137	108	64	50	43	48	43	83	85	56	44	109	33	105	31	12	115	46	37	215	89	79	64	28	39	105	244	22	211	39	12	218	92	120	253	30	130	66	117	255	59	120	32	86	104	51	45	52	131	30	95	89	85	123	144	169	89	38	71	80	102	22	71	114	97	111	125	117	19	65	211	223	121	56	97	24	167	125	172	24	51	85	41	49	60	128	44	41	120	34	35	73	37	19	16	46	65	84	83	65	36	72	56	183	83	95	14	23	282	82	52	60	223	85	33	289	224	250	74	124	166	127	62	31	61	80	240	162	251	83	456	70	24	48	57	90	70	148	170	166	56	21	120	58	166	155	149	96	83	90	60	25	64	102	87	12	32	36	327	58	75	171	148	13	128	88	61	11	33	68	66	23	178	71	130	340	51	90	102	77	163	45	115	173	17	183	182	112	73	72	36	73	68	188	57	115	111	320	114	227	10	78	64	142	179	140	75	87	57	40	4	110	73	265	98	84	19	113	176	119	131	49	52	123	50	31	12	155	245	39	151	9	110	103	54	135	102	46	124	91	184	57	128	200	145	72	56	29	439	76	12	155	81	120	68	41	51	126	85	50	79	176	32	89	64	42	192	73	59	99	297	57	120	45	27	289	88	111	100	116	187	22	96	103	40	68	36	81	80	128	28	13	82	105	60	100	75	107	76	74	57	31	157	113	16	20	42	116	240	92	63	109	240	84	71	26	40	22	208	206	51	220	63	78	26	99	94	160	148	215	70	78	168	58	92	139	233	85	108	26	0	46	229	263	68	28	116	184	177	126	138	97	74	82	152	230	66	20	71	40	83	38	55	77	119	82	100	41	69	59	38	53	172	47	177	98	77	50	84	168	178	67	78	52	86	16	60	24	120	31	50	122	61	18	34	242	95	102	126	21	209	48	16	26	44	44	118	44	16	31	114	170	16	62	34	6	171	7	162	83	86	251	34	169	148	200	238	27	100	31	105	146	21	93	4	50	100	21	221	22	242	109	13	39	82	162	147	173	168	24	124	56	89	109	12	19	50	37	105	214	25	45	151	72	161	83	88	67	61	172	149	23	62	129	42	216	126	74	42	158	99	219	434	95	113	22	151	0	81	48	69	112	201	89	72	187	136	86	194	383	98	79	79	64	46	89	72	177	93	83	60	211	132	45	98	111	135	255	20	140	144	183	22	221	42	90	214	29	338	89	151	57	56	151	114	110	150	65	75	62	85	46	95	99	30	73	33	114	69	78	39	105	187	134	313	88	27	70	101	174	132	37	48	158	96	101	131	16	41	58	113	65	66	232	209	95	307	90	55	39	102	109	222	48	156	41	76	54	288
47	0	0	0	0	0	0	0	0	0	9	0	0	0	0	0	0	12	0	0	0	0	0	0	0	0	0	0	0	0	0	0	0	0	0	34	0	0	0	0	0	59	0	0	0	0	0	0	0	0	0	0	0	0	0	0	0	0	0	0	0	0	0	0	0	0	0	0	0	0	0	0	0	0	0	0	0	0	0	0	0	0	0	0	0	0	0	0	0	0	0	0	0	0	0	0	0	0	0	0	0	0	111	0	0	5	0	0	0	56	0	0	0	0	0	0	0	0	0	0	0	0	0	0	0	0	0	0	0	0	0	0	0	0	0	0	9	0	0	3	0	0	0	0	0	0	0	21	0	105	0	0	0	32	11	4	0	17	0	0	0	0	0	0	26	10	0	0	0	24	0	67	0	0	0	0	8	0	0	52	0	51	0	0	0	0	0	0	121	0	0	0	50	4	1	21	0	0	67	0	0	168	228	12	41	61	210	0	47	108	101	7	107	67	32	28	207	12	0	155	9	24	3	352	28	168	1	21	122	0	51	21	58	44	188	90	86	80	16	161	220	72	0	0	57	50	7	100	0	86	130	59	194	27	38	94	25	32	71	0	20	2	135	129	180	70	55	59	21	23	248	87	73	149	151	101	20	24	196	0	35	66	141	13	36	92	228	0	105	22	4	87	7	6	0	24	0	111	62	40	27	74	17	17	36	133	121	28	50	69	34	84	136	233	24	36	83	313	175	211	87	126	105	55	46	58	166	138	94	164	70	75	390	29	117	52	175	83	29	199	99	92	34	167	154	125	102	461	26	37	137	74	67	75	75	78	64	36	44	60	63	92	40	61	126	170	8	21	124	68	164	29	50	216	77	164	61	62	41	29	72	41	18	43	26	175	48	52	73	113	143	45	62	126	87	140	141	129	111	94	75	52	172	50	210	186	45	106	48	50	60	57	141	54	10	117	81	122	29	8	48	81	54	159	165	84	66	88	190	81	43	165	39	64	98	7	86	48	111	30	14	132	94	159	17	30	88	55	126	55	36	150	104	11	103	29	120	50	130	116	8	68	189	178	130	16	145	147	165	115	208	99	274	38	200	143	116	31	131	132	148	65	133	60	98	23	85	27	3	37	129	179	81	93	51	130	49	210	166	109	37	69	30	263	95	42	78	26	48	104	48	96	51	48	66	17	134	136	133	46	162	15	21	73	119	87	76	41	14	26	76	17	37	85	19	450	224	40	77	150	134	67	198	152	49	300	142	41	23	24	59	414	23	177	21	34	73	39	34	89	42	167	48	57	73	62	102	50	70	36	33	105	109	123	78	121	100	103	178	21	52	79	102	122	143	57	36	18	55	139	27	63	47	91	33	278	66	221	89	186	44	78	66	136	24	21	163	32	15	136	77	209	29	103	49	44	126	24	223	110	71	196	33	44	37	91	121	105	81	94	86	245	185	46	169	35	343	105	19	41	145	75	128	87	84	162	332	114	201	110	166	71	210	47	7	144	59	153	104	160	73	80	69	111	41	27	64	60	308	177	78	44	33	29	90	15	66	43	172	88	28	74	125	97	145	33	185	208	192	19	75	228	127	200	83	228	182	111	129	63	67	29	75	118	69	66	195	158	115	80	55	354	43	45	88	98	81	112	192	127	47	19	133	128	161	33	176	87	195	48	10	12	112	97	91	145	106	161	99	168	92	191	240	84	6	80	26	4	214	72	34	34	180	137	90	67	37	4	93	187	83	63	160	73	76	167	56	134	29	27	82	52	267	94	202	169	48	220	247	55	47	268	220	119	131	106	102	17	28	162	78	31	59	220	67	76	66	60	110	229	70	174	24	27	113	109	158	120	105	49	93	142	84	29	133	92	75	65	95	86	113	119	73	38	185	231	47	58	97	23	104	200	115	167	128	146	56	73	69	150	70	146	104	190	79	113	46	133	13	139	57	51	194	40	31	95	5	183	236	200	5	110	42	33	14	4	37	158	42	67	165	27	63	134	73	55	70	115	28	131	31	50	273	99	17	59	38	96	121	203	6	80	100	37	62	152	196	45	130	74	54	62	142	178	173	101	118	45	67	117	92	78	64	22	105	68	45	62	37	545	68	129	62	206	120	76	49	18	292	198	95	72	52	39	319	181	60	57	62	72	37	38	93	48	176	39	24	49	274	20	87	74	198	86	56	91	122	153	74	82	41	11	81	14	61	20	20	186	137	23	130	68	45	21	39	9	138	138	25	102	34	47	360	261	33	30	124	53	169	35	144	165	200	27	62	121	44	98	120	80	28
48	0	0	0	0	0	0	0	0	0	0	0	0	0	0	0	0	0	0	0	0	0	0	0	0	0	0	0	0	0	0	0	0	0	0	0	0	0	0	0	0	0	0	0	0	0	0	0	0	0	0	0	0	0	0	0	0	7	0	0	0	0	0	0	0	0	0	0	0	0	0	0	0	0	0	0	0	0	0	0	0	0	0	0	0	0	0	0	0	0	0	0	0	0	0	0	0	0	0	0	0	36	33	31	0	0	5	0	1	189	0	0	0	0	0	4	24	0	76	0	8	9	0	0	0	0	6	0	0	0	0	0	0	0	0	0	21	0	0	0	0	0	0	0	0	0	0	0	0	0	19	0	0	0	0	41	0	1	85	0	0	58	26	0	2	0	0	0	0	71	0	168	6	0	0	0	0	11	94	0	185	51	0	10	0	0	0	0	0	0	0	0	0	0	0	0	0	0	62	0	0	116	0	94	80	55	132	0	10	10	83	174	109	25	128	42	0	17	29	51	30	92	97	61	0	61	37	68	59	23	44	6	121	20	159	18	12	115	14	68	126	85	121	53	47	85	3	179	0	8	112	184	70	38	23	44	204	12	18	160	43	30	0	46	51	0	195	67	113	9	169	236	17	135	32	21	23	0	48	48	34	135	114	60	0	3	49	14	33	18	42	139	0	50	20	61	11	60	46	55	218	56	30	107	16	175	40	125	16	1	151	62	145	109	73	44	38	25	81	21	108	195	60	36	103	269	206	40	69	137	34	238	67	31	3	17	122	123	144	59	18	58	252	73	91	107	4	89	21	43	101	63	96	131	156	242	77	193	107	116	72	56	163	26	56	68	30	365	73	71	113	109	190	4	22	366	109	306	80	14	170	19	259	39	55	130	219	36	240	64	28	137	45	138	119	50	142	44	86	102	93	200	28	51	64	218	139	87	86	1	56	44	225	136	115	31	71	10	126	29	145	42	141	217	53	221	101	32	50	41	75	72	63	24	154	40	21	91	192	51	45	18	121	64	65	161	76	41	82	280	94	194	84	76	232	210	114	36	22	42	34	185	120	70	81	52	68	50	74	103	40	76	36	43	128	133	114	97	51	47	73	53	130	82	143	28	52	116	32	79	126	57	245	66	74	58	25	191	145	373	71	34	29	85	48	1	140	50	155	6	28	99	83	146	43	93	55	29	66	31	253	46	83	39	93	53	116	9	80	68	34	121	11	99	68	67	97	89	102	87	6	71	158	201	299	46	44	73	89	10	88	19	32	198	84	37	65	89	29	45	94	32	73	93	83	79	31	93	131	169	69	96	145	86	45	84	115	79	31	76	157	80	125	225	127	139	96	205	104	94	169	167	72	133	17	9	68	81	163	136	168	170	37	147	54	164	62	39	112	145	34	223	13	38	119	9	66	47	71	102	170	32	208	113	103	93	130	118	124	82	10	50	28	52	59	190	59	15	47	319	178	51	56	51	142	131	64	116	16	30	139	20	30	15	190	10	53	37	58	181	101	23	50	40	26	101	117	173	146	340	13	83	60	209	97	63	9	264	133	79	88	365	20	65	96	72	140	182	88	89	74	99	35	268	92	72	239	40	158	25	107	116	39	106	68	87	60	46	128	77	28	244	104	222	165	104	29	49	29	39	78	23	269	84	222	243	142	85	238	58	185	96	103	89	109	256	81	108	79	30	143	170	115	100	136	120	47	52	212	71	60	101	131	112	179	26	27	206	74	247	149	62	48	143	140	65	50	24	20	1	156	263	99	46	154	113	16	106	214	78	66	23	6	94	115	166	70	32	175	242	108	57	127	68	43	130	171	199	125	116	47	20	103	62	10	48	125	33	244	70	125	148	23	112	128	97	86	43	54	42	25	81	87	167	35	93	257	106	156	48	45	14	47	84	49	30	73	18	27	74	125	84	17	176	89	140	37	86	71	73	96	142	86	20	52	50	115	102	69	40	129	48	142	283	64	180	55	41	117	28	168	77	28	74	37	75	51	77	19	52	380	61	21	23	99	66	95	84	67	68	185	131	88	139	137	397	90	195	85	72	103	200	19	78	162	69	87	102	229	174	165	13	127	106	15	109	96	87	210	220	82	57	112	17	80	126	71	114	67	95	9	475	19	121	98	117	85	45	44	73	84	62	204	104	90	259	23	55	178	43	39	94	181	283	227	41	92	13	70	83	93	148	16	51	143	45	139	87	47	76	42	142	3	78	106	221	49	34	148	82	102	96	43	209	32	131	183	57	37	145	61	25	167	37	119	194	88	48	174	96	190
49	0	0	0	0	0	0	0	7	0	16	0	0	0	0	0	0	0	0	0	0	0	0	0	0	0	0	0	0	0	0	0	0	0	0	0	0	0	0	0	0	0	0	0	0	0	0	0	0	0	0	0	13	0	0	0	0	0	0	0	0	0	0	0	0	0	0	0	0	0	0	0	0	0	0	0	0	0	0	0	0	0	0	0	0	0	0	22	0	0	0	0	0	0	0	0	0	0	0	0	0	5	52	0	15	0	0	0	66	26	0	0	0	0	0	0	0	15	0	0	20	0	0	13	0	0	0	0	71	137	0	0	2	0	0	0	0	6	0	0	0	27	0	0	0	0	0	0	0	0	0	0	0	0	0	0	25	9	56	0	0	42	0	0	59	0	23	177	0	0	0	83	27	0	8	0	0	16	0	0	0	45	0	0	0	0	0	0	84	0	0	59	0	0	16	0	0	30	0	0	0	32	0	43	5	3	52	172	137	16	70	7	46	191	127	44	28	32	8	54	63	89	21	83	91	35	137	27	109	136	122	118	340	18	19	0	245	128	37	194	31	46	286	12	158	39	48	6	15	114	246	126	128	50	136	217	49	97	268	131	61	5	0	54	146	7	85	138	51	29	166	93	22	188	34	1	45	47	158	0	34	46	172	46	58	382	18	0	49	13	166	66	13	1	0	313	29	0	225	89	169	10	31	211	47	79	106	87	105	55	66	29	81	17	22	231	206	61	54	38	250	216	232	19	120	73	66	23	37	214	39	34	85	197	36	69	8	83	228	96	211	30	111	85	252	195	54	70	108	27	160	75	53	148	61	104	87	127	253	64	20	46	91	61	129	103	98	54	195	29	184	55	139	96	61	210	139	55	118	9	8	29	53	85	346	113	146	107	42	100	62	163	32	206	128	143	30	202	183	43	15	68	132	34	32	72	65	30	26	112	79	97	92	76	31	39	36	265	48	105	227	48	18	81	122	93	97	104	189	50	172	73	176	67	87	75	86	25	11	179	56	54	39	93	76	84	51	73	78	24	76	296	163	124	37	76	28	92	166	26	103	39	59	29	33	35	125	146	72	11	132	327	95	95	121	82	15	56	361	119	39	157	81	61	153	156	42	40	177	16	23	87	160	65	102	82	143	105	164	126	169	23	232	38	83	120	73	178	252	159	106	35	93	79	105	340	110	152	59	139	32	54	230	63	187	139	244	35	87	109	133	114	215	149	97	139	15	180	40	57	108	33	33	69	53	33	109	51	21	95	50	30	99	19	142	109	48	19	42	108	133	160	154	322	198	4	83	234	58	40	87	50	166	42	90	141	72	63	273	5	31	96	89	29	82	78	172	41	146	149	30	58	102	57	81	144	62	110	55	69	82	151	89	31	49	105	132	27	59	79	35	44	99	220	111	149	137	96	89	9	90	36	152	60	139	113	90	60	35	18	78	35	374	120	100	85	23	133	93	153	56	101	12	191	212	63	94	67	34	143	97	181	17	62	42	92	73	162	58	76	232	36	115	12	10	99	188	71	69	77	58	51	214	108	308	62	76	121	64	40	13	33	29	31	9	54	48	119	60	82	104	42	105	66	50	118	324	74	209	50	69	188	73	47	51	164	139	38	102	17	98	43	64	57	94	202	91	166	93	43	76	56	14	57	43	75	71	209	83	70	117	27	98	57	48	138	89	29	101	126	58	156	45	159	87	43	78	351	256	36	106	66	26	59	108	59	33	84	24	38	41	8	32	202	143	43	168	30	114	44	258	43	111	77	134	82	92	65	46	165	10	69	262	127	31	252	7	141	42	41	80	92	65	94	25	57	191	206	90	85	140	5	133	48	94	36	32	12	20	73	38	43	38	34	12	40	97	145	22	317	22	15	240	40	67	84	61	122	113	122	52	169	65	157	97	86	108	88	235	82	32	41	77	43	29	45	455	93	42	12	131	79	86	7	119	25	17	123	36	51	31	194	217	177	55	240	140	69	181	68	63	212	106	112	104	41	49	34	106	84	10	73	110	102	29	73	68	107	112	86	153	220	129	32	65	127	48	127	168	136	160	93	45	76	71	37	106	173	110	33	36	45	177	57	49	184	21	58	9	91	30	95	104	72	38	88	55	115	133	143	374	120	101	39	55	84	49	20	108	157	11	13	26	40	12	88	151	24	16	136	79	17	31	56	24	48	105	7	55	175	14	74	27	152	26	44	27	157	195	5	65	84	161	73	45	116	12	286	75	280	3	106	53	138	41	46	67	96	51	32	157	6	44	167	31	183	125	74	130	170	67
50	0	0	0	0	0	18	0	0	0	0	0	0	0	0	0	0	0	0	0	0	0	0	0	0	0	0	0	0	0	0	0	0	0	0	0	0	0	0	0	0	0	0	0	0	0	0	0	0	0	0	0	0	0	0	0	0	0	0	0	0	0	0	0	0	0	0	16	0	0	0	0	0	0	0	0	0	0	0	0	0	0	0	0	0	0	57	78	0	0	0	0	0	0	0	0	0	0	0	0	0	15	107	0	0	74	0	2	1	242	0	4	0	0	0	140	0	0	3	0	0	132	0	0	0	137	0	0	0	64	0	0	12	0	50	0	20	0	0	0	0	0	0	0	0	0	0	0	0	0	0	77	0	0	0	6	4	0	0	4	3	14	0	0	16	0	74	39	0	185	4	37	0	0	0	74	0	0	0	0	0	157	0	0	0	0	0	0	5	0	0	0	0	0	0	2	35	0	0	0	0	121	7	71	101	6	154	0	19	58	13	6	90	156	21	140	29	44	0	28	33	10	103	64	44	81	0	165	1	89	5	159	50	14	29	14	14	103	56	21	16	89	52	0	172	110	136	104	0	0	41	29	24	33	209	110	70	17	64	2	73	123	37	305	13	24	31	46	306	32	32	30	0	36	0	33	5	4	40	110	13	0	23	77	1	32	15	42	66	139	43	16	83	0	29	115	39	0	70	0	170	188	107	97	43	176	156	120	21	37	113	233	89	109	148	77	199	18	46	11	63	8	128	152	147	146	297	64	76	77	102	79	67	29	27	88	51	79	95	61	243	161	162	127	102	110	143	9	27	144	108	30	157	88	105	145	5	90	46	231	87	213	110	120	35	273	89	106	176	242	69	44	47	56	88	61	33	22	137	40	199	165	15	168	154	104	102	79	95	70	92	125	79	92	23	20	45	110	137	130	164	133	104	38	59	109	112	13	39	26	106	194	47	110	70	22	215	82	43	127	135	39	141	105	65	357	338	38	114	284	145	24	96	81	194	9	151	79	58	154	40	131	127	87	63	53	140	129	42	358	188	156	190	46	71	148	154	112	74	171	57	122	41	152	148	145	44	311	133	37	19	158	76	61	134	51	127	135	98	240	143	247	19	61	91	41	96	103	62	81	430	53	101	56	289	142	42	68	37	91	10	156	79	115	35	100	179	216	32	78	47	28	63	66	112	36	72	207	96	42	37	100	124	188	52	329	66	74	35	145	130	96	287	73	51	69	138	54	39	174	45	247	9	31	119	18	40	22	35	22	40	82	80	79	119	138	17	61	12	37	30	10	216	75	73	181	47	73	207	44	170	208	56	163	217	66	245	34	164	40	33	17	181	249	119	63	124	121	113	19	31	62	40	143	76	26	43	182	101	91	32	60	97	180	124	32	26	54	140	91	122	19	91	125	166	44	52	173	39	30	197	40	113	62	35	66	196	110	62	108	133	123	26	63	471	89	113	51	213	71	36	278	44	109	16	74	38	191	113	60	51	122	90	164	62	232	84	60	10	87	27	29	73	64	98	194	19	124	80	171	66	46	69	85	98	37	90	61	113	38	36	38	90	31	110	135	332	19	102	10	76	27	153	83	124	189	99	56	87	56	35	69	366	238	127	63	251	154	112	35	118	162	114	34	70	129	28	164	212	146	32	180	32	70	49	43	86	124	91	20	141	123	131	94	87	30	178	130	222	19	43	88	69	58	73	88	239	156	145	169	65	229	131	81	106	111	40	151	72	63	96	51	77	79	25	210	71	145	73	260	97	167	59	46	39	162	98	177	139	134	62	152	45	310	25	94	118	394	178	39	251	176	49	137	100	81	41	97	154	21	65	49	89	152	194	37	226	292	40	175	62	102	60	31	72	91	90	131	116	85	44	76	156	10	89	21	123	76	300	277	99	445	115	169	96	51	73	145	40	104	92	89	100	133	71	17	158	107	75	63	45	35	63	31	17	20	114	147	193	50	127	35	92	71	260	112	89	44	39	24	61	136	97	85	49	57	102	11	186	90	18	151	35	203	130	154	219	79	55	75	143	15	55	86	52	73	35	111	38	140	165	116	121	60	93	99	190	78	94	53	94	20	113	69	41	70	107	76	92	24	72	62	97	151	269	208	182	64	108	174	67	26	21	230	95	24	101	108	61	35	141	59	35	34	168	109	75	41	345	76	92	83	72	112	22	99	73	142	136	88	63	52	170	43	275	66	119	65	76	79	224	69	134	145	114	104	31	17	198	139	12	1	169	97	69	99	108	113	107	93	101	40	65	18	164	89	60	135	170	74	151
51	0	0	0	0	0	0	0	0	0	0	0	0	0	0	0	0	0	0	0	0	0	0	0	0	0	0	0	0	0	0	0	0	0	0	0	0	0	0	0	0	0	0	0	0	0	0	0	0	0	0	0	0	0	0	0	0	14	0	0	0	0	0	0	0	0	0	0	0	0	0	0	0	0	0	0	0	0	0	0	0	0	0	0	0	0	0	0	0	0	0	0	0	0	0	0	0	0	0	0	0	0	0	0	0	0	0	0	0	0	0	0	0	0	0	0	0	0	0	0	0	0	0	0	0	0	0	0	0	0	0	0	0	0	0	0	0	0	0	0	0	0	0	0	0	0	0	0	0	0	0	0	0	0	0	0	0	0	0	0	0	0	0	0	0	0	0	0	0	0	0	0	0	0	0	0	0	0	0	0	0	0	0	0	0	0	0	0	0	0	0	0	0	0	0	0	0	0	0	0	0	0	0	0	0	0	0	0	0	0	0	0	0	0	0	0	0	0	0	0	0	0	0	0	0	0	0	0	0	0	0	0	0	0	0	0	0	0	0	0	8	0	0	0	0	0	0	0	0	0	0	0	1	0	0	0	0	0	0	0	0	0	0	0	0	0	0	0	0	0	0	0	0	0	0	0	0	0	0	0	1	0	0	0	0	0	0	0	0	0	0	0	0	0	0	0	0	0	0	0	0	0	0	23	0	24	8	0	0	0	0	0	0	28	0	34	0	0	17	76	0	0	0	1	0	0	0	96	12	15	0	1	0	9	0	0	0	17	0	2	29	0	0	0	0	0	0	0	41	2	0	0	0	0	0	0	0	0	0	0	44	88	30	0	28	0	0	0	0	0	0	0	0	0	23	0	0	0	0	0	6	0	14	0	0	0	0	0	0	0	24	0	1	58	0	0	0	11	0	0	0	0	64	0	0	132	0	21	63	20	38	0	0	35	34	0	0	0	0	0	0	179	0	77	84	0	0	0	0	0	78	79	24	49	3	229	1	91	0	1	70	92	0	92	0	12	23	0	58	0	177	180	15	0	73	206	60	30	55	6	98	22	0	109	215	0	75	57	20	14	7	131	5	0	128	29	0	35	0	0	4	0	62	0	0	33	1	15	0	200	0	0	32	0	0	0	0	0	0	0	31	134	0	26	40	70	1	62	24	242	7	0	183	36	47	27	73	0	152	27	38	2	6	0	18	37	18	49	30	12	19	4	38	119	96	0	3	0	192	39	20	15	53	15	170	0	50	54	132	123	7	89	21	202	0	0	14	94	0	31	14	11	49	114	37	45	5	69	55	0	218	92	22	97	27	25	95	42	69	1	18	9	0	27	0	259	21	0	0	40	51	2	84	0	0	0	146	0	30	3	34	59	37	23	166	98	55	157	249	4	33	180	44	19	21	117	0	59	50	51	16	37	16	129	16	218	73	28	25	92	0	75	0	0	0	3	35	2	1	45	167	7	24	50	14	3	66	53	56	7	39	0	2	6	54	56	34	2	16	96	0	56	35	3	136	227	103	263	37	30	14	25	20	0	61	11	15	38	66	0	102	1	18	0	63	12	43	0	37	0	0	0	10	76	58	95	135	116	50	11	23	2	64	55	135	79	49	43	103	82	8	8	78	8	169	137	30	54	69	130	2	246	54	1	124	103	184	63	21	47	10	18	17	49	109	52	29	60	62	5	0	52	10	0	184	14	24	98	61	0	23	81	28	34	0	6	191	23	91	162	35	9	57	14	33	24	6	9	47	40	91	43	12	2	0	46	20	182	2	23	7	29	73	21	85	191	28	27	9	8	37	89	69	171	19	78	17	100	14	9	16	94	57	195	59	240	37	87	60	9	13	56	73	5	52	21	79	37	70	26	88	54	96	12	104	126	65	84	44	16	6	66	214	322	6	91	89	99	1	111	0	16	18	165	42	59	93	125	13	39	54	61	109	54	96	119	10	21	148	55	67	61	29	7	149	72	87	52	93	45	65	1	0	65	157	139	43	15	62	183	11	11	86	0	9	112	63	138	12	6	2	99	15	23	79	143	30	57	42	135	26	33	11	12	30	14	101	179	46	171	35	3	153	29	14	51	46	167	61	94	136	167	33	57	38	1	30	57	69	150	39	5	45	28	46	16	236	0	4	22	11	49	81	65	36	79	163	311	22	45	49	75	52	101	93	42	46	86	40	184	17	5	51	48	128	9	143	87	14	133	79	4	72	40	122	32	11	69	60	24	63	41	42	17	5	52	63	77	157	69	3	20	37	39	147	54	32	53	41	103	6
52	0	0	0	0	0	0	0	0	0	0	0	0	0	0	0	0	0	0	0	0	0	0	0	0	0	0	0	0	0	0	0	0	0	0	0	0	0	0	0	0	0	0	0	0	0	0	0	0	0	0	0	0	0	0	0	0	0	0	0	0	0	0	0	0	0	0	0	0	0	0	0	0	0	0	0	0	0	0	0	0	0	0	0	0	0	0	0	0	0	0	0	0	0	0	0	0	0	0	0	0	0	0	0	0	0	0	0	0	0	0	0	0	0	0	0	0	0	4	0	0	0	0	0	0	0	0	0	0	0	0	0	0	0	0	0	0	0	0	0	0	0	0	0	0	0	0	0	0	0	0	0	0	0	0	0	0	0	0	0	0	0	0	0	0	0	0	0	0	0	0	0	0	0	0	0	0	0	34	0	0	0	0	0	0	0	0	0	0	0	0	0	0	0	0	0	0	0	0	0	0	0	0	0	0	0	0	0	0	0	0	0	0	0	0	0	0	0	0	0	0	0	0	0	0	0	0	0	0	0	0	0	0	0	0	0	0	0	0	0	0	0	0	0	0	0	0	0	0	21	0	0	0	0	0	0	0	0	0	0	0	0	0	0	0	0	2	0	0	0	0	0	0	0	0	3	0	0	0	0	0	0	1	0	0	0	0	0	0	0	0	0	0	0	0	0	0	0	0	0	0	0	0	0	0	115	0	0	0	0	0	1	63	0	0	4	0	0	1	33	0	171	0	12	0	0	0	43	43	32	0	71	0	0	3	0	0	148	0	0	7	0	0	7	0	45	0	0	150	5	179	0	0	0	0	0	0	0	0	0	0	41	53	1	92	0	0	0	0	0	0	3	0	0	0	0	0	0	0	0	0	0	15	0	0	0	0	16	0	0	58	0	0	0	3	0	0	33	0	15	0	0	59	0	0	9	0	7	0	130	61	6	0	37	14	0	0	0	0	0	0	101	0	9	134	0	0	0	0	17	46	1	3	58	45	6	13	132	0	0	31	115	0	66	0	28	24	0	24	0	32	98	0	1	29	16	22	97	51	0	67	32	0	35	60	0	57	45	67	0	75	83	1	0	83	62	0	25	0	1	35	0	22	0	20	101	0	2	0	71	0	0	61	0	0	0	0	21	36	0	167	111	0	3	22	75	200	69	9	14	5	0	87	106	0	110	285	0	32	1	64	1	0	0	126	35	1	48	145	20	124	5	265	176	9	0	0	13	43	113	11	29	39	25	33	0	0	14	6	4	6	88	7	50	0	0	3	21	0	59	179	3	11	17	112	48	32	66	40	0	13	82	0	63	125	0	44	175	23	18	69	28	10	118	1	16	88	0	0	60	145	0	133	27	0	25	63	0	199	1	302	29	15	24	71	22	70	63	63	11	0	39	173	29	0	44	0	53	17	255	53	54	31	61	41	30	28	43	39	4	0	252	0	0	0	0	21	6	96	16	0	6	177	6	17	13	122	15	218	1	55	255	0	87	33	126	125	18	25	124	55	47	4	74	103	82	122	21	1	78	56	132	1	0	11	35	1	28	12	2	131	0	57	0	15	4	51	0	219	0	0	7	10	142	45	138	45	30	35	3	0	152	2	12	181	54	62	88	230	0	14	76	35	13	151	67	88	161	264	93	2	31	120	0	17	235	37	28	42	88	37	79	19	84	22	125	58	243	24	6	0	297	16	0	39	36	113	100	39	16	24	31	51	173	0	263	32	56	18	174	16	20	188	69	121	21	200	146	100	234	41	32	29	12	0	27	185	31	349	5	9	18	33	37	244	13	34	176	10	2	43	127	31	42	4	130	0	62	35	111	117	0	47	56	15	44	39	108	43	3	5	83	36	64	45	6	53	152	81	55	8	23	43	47	109	22	4	95	30	127	76	52	10	46	12	53	102	40	74	2	64	36	0	42	42	0	66	15	0	28	87	9	4	12	68	96	54	131	104	95	28	9	8	74	79	31	17	116	73	2	25	65	3	116	62	1	66	89	95	43	20	203	10	62	16	49	8	92	3	119	24	129	16	97	42	136	104	119	87	73	91	66	2	50	11	57	3	44	11	92	153	1	56	60	66	12	26	128	11	36	136	12	7	189	94	169	102	21	194	54	128	15	105	16	78	110	15	216	53	72	32	64	38	46	174	17	75	77	80	119	121	199	75	87	100	28	28	231	28	19	42	55	167	51	15	40	45	166	34	7	50	65	17	26	88	38	173	52	55	16	105	73	140	93	8	32	4	163	30	69	12	39	67	2	75	68	39	72	4	32	22
53	0	0	0	0	0	0	0	0	0	0	0	0	0	0	0	0	0	0	0	0	0	0	0	0	0	0	0	0	0	0	0	0	0	0	0	0	0	0	0	0	0	0	0	0	0	0	0	0	0	0	0	0	0	0	0	0	0	0	0	0	0	0	0	0	0	0	0	0	0	0	0	0	0	0	0	0	0	0	0	0	0	0	0	0	0	0	0	0	0	0	0	0	0	0	0	0	0	0	0	0	0	0	0	0	0	0	0	0	0	0	0	0	0	0	0	0	0	0	0	0	0	0	0	0	0	0	0	0	0	0	0	0	0	0	0	0	0	0	0	0	0	0	0	0	0	0	0	0	0	0	0	0	0	0	0	0	0	0	0	0	0	0	0	0	0	0	0	0	0	0	0	0	0	0	0	0	0	0	0	0	0	0	0	0	0	0	0	0	0	0	0	0	0	0	0	0	0	0	0	0	0	0	0	0	0	0	5	0	0	0	0	0	0	0	0	0	0	0	0	0	0	0	0	0	0	0	0	0	0	0	0	0	0	0	0	0	0	0	0	0	0	0	0	0	0	0	0	0	0	0	0	0	9	0	0	0	0	0	0	0	0	0	0	0	0	0	0	0	0	0	0	0	0	0	0	0	0	0	0	0	0	0	0	0	0	0	0	0	0	0	0	0	0	0	0	0	0	0	0	0	0	0	2	0	69	29	0	0	0	0	60	0	0	0	13	0	150	6	6	0	0	0	15	0	0	0	24	0	2	0	172	1	0	0	0	0	13	0	0	46	0	0	0	0	0	26	0	25	0	85	0	0	23	0	0	0	0	0	0	3	1	0	0	115	112	0	1	0	0	0	0	0	0	0	0	0	0	0	0	0	0	0	47	0	23	0	0	0	0	0	0	23	0	0	0	0	0	0	15	4	0	28	0	0	17	0	2	0	106	118	8	0	36	40	0	17	0	0	0	0	171	0	66	17	0	0	0	0	26	216	6	7	19	36	47	92	109	0	0	34	238	0	93	0	220	13	0	45	0	154	55	0	36	69	12	50	129	23	0	53	0	0	46	179	0	66	51	38	0	59	31	141	17	104	25	0	27	0	16	52	0	88	0	0	29	29	11	0	13	0	0	68	0	0	0	0	21	30	0	6	31	0	29	21	156	46	109	56	176	0	0	50	0	6	26	84	0	108	2	82	78	18	2	21	3	1	2	76	8	16	44	41	84	1	43	38	42	41	62	241	20	72	86	24	0	0	41	118	2	2	2	182	171	0	0	8	96	0	1	30	0	33	35	173	39	10	20	16	0	17	58	0	51	57	0	6	133	15	20	37	69	0	2	0	188	300	0	0	19	27	3	29	0	0	1	99	0	158	0	59	138	31	148	80	11	136	53	33	4	135	61	38	7	0	44	0	39	139	25	0	56	4	89	96	79	141	45	39	53	0	38	2	0	0	0	157	0	61	16	42	91	80	55	20	16	12	103	57	6	199	2	0	119	63	56	44	17	4	57	14	63	72	25	141	82	25	91	8	82	96	108	208	15	99	6	3	8	12	68	64	27	155	2	0	46	89	0	25	0	0	59	32	140	60	44	101	43	35	21	0	36	8	48	30	39	170	41	112	76	281	105	12	56	95	84	114	99	160	59	136	114	25	55	39	138	3	26	115	27	22	29	16	54	38	16	1	18	123	35	0	22	5	0	209	0	8	175	19	0	70	45	49	27	0	120	2	178	38	86	92	1	96	51	5	58	26	150	44	111	42	115	97	1	0	43	55	98	102	29	42	15	344	28	234	39	106	43	36	26	118	78	197	225	0	255	0	28	58	122	204	25	171	74	67	88	156	229	48	32	18	0	68	50	107	1	210	7	114	10	72	196	97	178	12	19	72	117	50	99	15	75	44	180	12	191	114	41	123	35	12	107	29	33	220	98	252	25	17	9	25	28	223	60	51	73	116	119	87	40	72	11	25	80	20	15	38	34	42	9	19	2	38	60	2	121	83	12	69	13	20	138	199	30	165	30	111	198	11	6	28	58	5	18	23	126	35	16	133	4	81	48	34	16	30	47	79	17	119	86	94	21	28	201	234	24	123	49	113	38	49	27	19	40	83	39	22	44	13	71	6	0	133	167	12	17	60	8	7	67	35	31	49	59	85	139	71	27	46	37	88	67	80	12	125	18	260	26	54	85	11	51	199	102	25	56	31	21	62	144	154	50	136	119	119	136	95	56	11	86	57	109	7	91	2	89	17	33	143	104	0	18	87	56	53	97	31	87	99	358	77
