0	0	0	0	0	0	0	0	0	0	0	0	0	0	0	0	0	0	0	0	0	0	0	0	0	0	0	0	0	0	0	0	0	0	0	0	0	0	0	0	0	0	0	0	0	0	0	0	0	0	0	0	0	0	0	0	0	0	0	0	0	0	0	0	0	0	0	0	0	0	0	0	0	0	0	0	0	0	0	0	0	0	0	0	0	0	0	0	0	0	0	0	0	0	0	0	0	0	0	0	0	12	12	12	12	12	12	12	12	12	12	12	12	12	12	12	12	12	12	12	12	12	12	12	12	12	12	12	12	12	12	12	12	12	12	12	12	12	12	12	12	12	12	12	12	12	12	12	12	12	12	12	12	12	12	12	12	12	12	12	12	12	12	12	12	12	12	12	12	12	12	12	12	12	12	12	12	12	12	12	12	12	12	12	12	12	12	12	12	12	12	12	12	12	12	12	12	12	12	12	12	24	24	24	24	24	24	24	24	24	24	24	24	24	24	24	24	24	24	24	24	24	24	24	24	24	24	24	24	24	24	24	24	24	24	24	24	24	24	24	24	24	24	24	24	24	24	24	24	24	24	24	24	24	24	24	24	24	24	24	24	24	24	24	24	24	24	24	24	24	24	24	24	24	24	24	24	24	24	24	24	24	24	24	24	24	24	24	24	24	24	24	24	24	24	24	24	24	24	24	24	48	48	48	48	48	48	48	48	48	48	48	48	48	48	48	48	48	48	48	48	48	48	48	48	48	48	48	48	48	48	48	48	48	48	48	48	48	48	48	48	48	48	48	48	48	48	48	48	48	48	48	48	48	48	48	48	48	48	48	48	48	48	48	48	48	48	48	48	48	48	48	48	48	48	48	48	48	48	48	48	48	48	48	48	48	48	48	48	48	48	48	48	48	48	48	48	48	48	48	48	72	72	72	72	72	72	72	72	72	72	72	72	72	72	72	72	72	72	72	72	72	72	72	72	72	72	72	72	72	72	72	72	72	72	72	72	72	72	72	72	72	72	72	72	72	72	72	72	72	72	72	72	72	72	72	72	72	72	72	72	72	72	72	72	72	72	72	72	72	72	72	72	72	72	72	72	72	72	72	72	72	72	72	72	72	72	72	72	72	72	72	72	72	72	72	72	72	72	72	72	96	96	96	96	96	96	96	96	96	96	96	96	96	96	96	96	96	96	96	96	96	96	96	96	96	96	96	96	96	96	96	96	96	96	96	96	96	96	96	96	96	96	96	96	96	96	96	96	96	96	96	96	96	96	96	96	96	96	96	96	96	96	96	96	96	96	96	96	96	96	96	96	96	96	96	96	96	96	96	96	96	96	96	96	96	96	96	96	96	96	96	96	96	96	96	96	96	96	96	96	120	120	120	120	120	120	120	120	120	120	120	120	120	120	120	120	120	120	120	120	120	120	120	120	120	120	120	120	120	120	120	120	120	120	120	120	120	120	120	120	120	120	120	120	120	120	120	120	120	120	120	120	120	120	120	120	120	120	120	120	120	120	120	120	120	120	120	120	120	120	120	120	120	120	120	120	120	120	120	120	120	120	120	120	120	120	120	120	120	120	120	120	120	120	120	120	120	120	120	120	144	144	144	144	144	144	144	144	144	144	144	144	144	144	144	144	144	144	144	144	144	144	144	144	144	144	144	144	144	144	144	144	144	144	144	144	144	144	144	144	144	144	144	144	144	144	144	144	144	144	144	144	144	144	144	144	144	144	144	144	144	144	144	144	144	144	144	144	144	144	144	144	144	144	144	144	144	144	144	144	144	144	144	144	144	144	144	144	144	144	144	144	144	144	144	144	144	144	144	144	180	180	180	180	180	180	180	180	180	180	180	180	180	180	180	180	180	180	180	180	180	180	180	180	180	180	180	180	180	180	180	180	180	180	180	180	180	180	180	180	180	180	180	180	180	180	180	180	180	180	180	180	180	180	180	180	180	180	180	180	180	180	180	180	180	180	180	180	180	180	180	180	180	180	180	180	180	180	180	180	180	180	180	180	180	180	180	180	180	180	180	180	180	180	180	180	180	180	180	180	240	240	240	240	240	240	240	240	240	240	240	240	240	240	240	240	240	240	240	240	240	240	240	240	240	240	240	240	240	240	240	240	240	240	240	240	240	240	240	240	240	240	240	240	240	240	240	240	240	240	240	240	240	240	240	240	240	240	240	240	240	240	240	240	240	240	240	240	240	240	240	240	240	240	240	240	240	240	240	240	240	240	240	240	240	240	240	240	240	240	240	240	240	240	240	240	240	240	240	240
0	0	0	0	0	0	0	0	0	0	0	0	0	0	0	0	0	0	0	0	0	0	0	0	0	0	0	0	0	0	0	0	0	0	0	0	0	0	0	0	0	0	0	0	0	0	0	0	0	0	0	0	0	0	0	0	0	0	0	0	0	0	0	0	0	0	0	0	0	0	0	0	0	0	0	0	0	0	0	0	0	0	0	0	0	0	0	0	0	0	0	0	0	0	0	0	0	0	0	0	0	100	100	100	100	100	100	100	100	100	100	100	100	100	100	100	100	100	100	100	100	100	100	100	100	100	100	100	100	100	100	100	100	100	100	100	100	100	100	100	100	100	100	100	100	100	100	100	100	100	100	100	100	100	100	100	100	100	100	100	100	100	100	100	100	100	100	100	100	100	100	100	100	100	100	100	100	100	100	100	100	100	100	100	100	100	100	100	100	100	100	100	100	100	100	100	100	100	100	100	100	100	100	100	100	100	100	100	100	100	100	100	100	100	100	100	100	100	100	100	100	100	100	100	100	100	100	100	100	100	100	100	100	100	100	100	100	100	100	100	100	100	100	100	100	100	100	100	100	100	100	100	100	100	100	100	100	100	100	100	100	100	100	100	100	100	100	100	100	100	100	100	100	100	100	100	100	100	100	100	100	100	100	100	100	100	100	100	100	100	100	100	100	100	100	100	100	100	100	100	100	100	100	100	100	100	100	100	100	100	100	100	100	100	100	100	100	100	100	100	100	100	100	100	100	100	100	100	100	100	100	100	100	100	100	100	100	100	100	100	100	100	100	100	100	100	100	100	100	100	100	100	100	100	100	100	100	100	100	100	100	100	100	100	100	100	100	100	100	100	100	100	100	100	100	100	100	100	100	100	100	100	100	100	100	100	100	100	100	100	100	100	100	100	100	100	100	100	100	100	100	100	100	100	100	100	100	100	100	100	100	100	100	100	100	100	100	100	100	100	100	100	100	100	100	100	100	100	100	100	100	100	100	100	100	100	100	100	100	100	100	100	100	100	100	100	100	100	100	100	100	100	100	100	100	100	100	100	100	100	100	100	100	100	100	100	100	100	100	100	100	100	100	100	100	100	100	100	100	100	100	100	100	100	100	100	100	100	100	100	100	100	100	100	100	100	100	100	100	100	100	100	100	100	100	100	100	100	100	100	100	100	100	100	100	100	100	100	100	100	100	100	100	100	100	100	100	100	100	100	100	100	100	100	100	100	100	100	100	100	100	100	100	100	100	100	100	100	100	100	100	100	100	100	100	100	100	100	100	100	100	100	100	100	100	100	100	100	100	100	100	100	100	100	100	100	100	100	100	100	100	100	100	100	100	100	100	100	100	100	100	100	100	100	100	100	100	100	100	100	100	100	100	100	100	100	100	100	100	100	100	100	100	100	100	100	100	100	100	100	100	100	100	100	100	100	100	100	100	100	100	100	100	100	100	100	100	100	100	100	100	100	100	100	100	100	100	100	100	100	100	100	100	100	100	100	100	100	100	100	100	100	100	100	100	100	100	100	100	100	100	100	100	100	100	100	100	100	100	100	100	100	100	100	100	100	100	100	100	100	100	100	100	100	100	100	100	100	100	100	100	100	100	100	100	100	100	100	100	100	100	100	100	100	100	100	100	100	100	100	100	100	100	100	100	100	100	100	100	100	100	100	100	100	100	100	100	100	100	100	100	100	100	100	100	100	100	100	100	100	100	100	100	100	100	100	100	100	100	100	100	100	100	100	100	100	100	100	100	100	100	100	100	100	100	100	100	100	100	100	100	100	100	100	100	100	100	100	100	100	100	100	100	100	100	100	100	100	100	100	100	100	100	100	100	100	100	100	100	100	100	100	100	100	100	100	100	100	100	100	100	100	100	100	100	100	100	100	100	100	100	100	100	100	100	100	100	100	100	100	100	100	100	100	100	100	100	100	100	100	100	100	100	100	100	100	100	100	100	100	100	100	100	100	100	100	100	100	100	100	100	100	100	100	100	100	100	100	100	100	100	100	100	100	100	100	100	100	100	100	100	100	100	100	100	100	100	100	100	100	100	100	100	100	100	100	100	100	100	100	100	100	100	100	100	100	100	100	100	100	100	100	100	100	100	100	100	100	100	100	100	100	100	100	100	100	100	100	100	100	100	100	100	100	100	100	100	100	100	100	100	100	100	100	100	100	100	100	100	100	100	100	100	100	100	100	100	100	100	100	100	100	100	100	100	100	100	100	100	100	100	100	100	100	100	100	100	100	100	100	100	100	100	100	100	100	100	100	100	100	100
1	0	0	0	0	0	0	0	0	0	0	0	0	0	0	0	0	0	0	0	0	0	0	0	0	0	0	0	0	0	0	0	0	0	0	0	17	0	0	0	0	0	0	0	0	0	0	0	0	0	0	0	0	0	0	0	0	0	0	0	0	0	0	0	19	0	0	0	0	0	0	0	0	0	0	0	0	0	0	0	0	0	0	0	0	0	0	0	0	0	0	0	0	0	0	0	0	0	0	0	0	0	72	2	0	0	61	0	0	0	8	0	0	13	0	0	18	30	0	0	12	0	0	75	0	83	0	0	0	39	19	2	0	0	11	0	3	87	0	0	0	0	0	23	11	1	0	37	15	9	0	0	7	0	0	14	27	14	0	8	0	16	0	25	11	27	0	0	0	27	21	11	0	0	0	0	0	0	19	1	0	0	23	0	122	0	9	0	50	0	6	60	11	0	16	120	4	8	0	0	5	7	0	4	0	0	75	0	33	3	15	0	0	3	0	0	12	11	0	1	0	29	24	10	7	79	117	85	19	13	0	9	0	0	9	0	2	82	0	14	41	1	0	0	0	0	21	75	82	0	70	15	2	0	2	80	0	0	30	6	0	0	62	0	0	54	0	0	0	0	108	118	96	48	232	0	118	64	103	2	0	0	59	1	14	5	15	37	4	228	0	2	0	36	0	130	82	2	39	0	18	3	146	0	95	0	10	46	74	284	27	4	0	92	343	1	4	1	47	12	16	90	21	63	0	4	146	33	51	14	9	4	0	184	26	222	87	5	272	43	176	100	120	40	134	71	0	1	14	51	61	77	0	53	103	59	118	1	0	84	45	256	280	42	50	8	7	1	36	118	109	23	0	1	58	5	17	29	159	63	96	0	109	59	19	124	141	36	1	45	135	31	2	0	201	135	35	94	168	40	164	156	253	0	153	96	128	65	200	83	39	78	0	71	69	65	53	45	54	38	43	55	7	117	45	31	147	99	65	129	114	15	72	0	0	81	31	11	4	175	207	92	34	208	93	93	108	67	24	34	16	43	63	84	57	14	1	14	28	17	92	303	10	95	48	50	27	4	9	14	55	120	134	111	164	1	133	245	3	66	182	30	51	5	125	67	129	52	171	0	69	7	1	49	82	6	72	54	99	3	78	7	113	18	226	64	0	276	74	32	23	51	122	137	0	43	53	55	14	28	9	151	217	27	154	66	27	140	34	60	37	35	1	170	88	123	58	213	64	107	3	86	55	16	296	309	121	138	270	53	75	104	98	203	0	241	196	70	82	197	47	88	85	2	42	110	215	148	59	72	73	69	194	41	226	30	175	107	112	174	0	13	71	3	216	78	79	7	0	73	97	218	131	3	112	31	76	70	10	59	72	26	174	40	163	27	163	107	1	18	28	81	193	95	28	193	46	20	44	88	7	97	136	54	97	53	110	147	46	196	17	77	91	27	48	19	154	77	63	190	105	78	64	137	112	24	38	40	135	38	111	25	130	93	164	11	147	68	73	64	46	143	27	156	123	140	77	112	2	88	90	119	26	56	179	5	15	161	158	73	71	42	73	158	48	39	25	56	75	128	65	62	194	28	44	190	70	108	151	41	42	130	200	89	315	1	93	58	11	12	55	127	35	126	89	40	113	60	111	82	148	167	108	129	220	80	109	153	149	248	81	179	149	94	78	110	43	129	66	33	74	71	50	57	44	281	149	77	17	73	87	157	160	275	88	459	110	140	243	34	0	36	38	155	209	77	140	128	33	56	226	32	84	226	270	61	55	96	225	96	106	77	126	3	84	110	182	32	38	118	230	48	67	176	156	10	185	251	147	189	59	46	208	41	163	116	17	50	30	92	43	199	85	34	37	127	65	99	75	49	139	36	35	60	121	362	75	91	145	45	88	52	87	260	60	51	41	36	138	154	209	209	21	24	68	9	73	67	44	112	153	186	38	21	105	260	197	29	49	53	15	96	70	182	183	126	105	87	13	71	189	29	124	108	16	23	39	108	30	102	235	105	49	250	68	49	16	28	92	24	72	76	91	44	3	310	375	88	86	36	82	209	83	88	98	21	24	36	208	95	80	39	125	10	168	98	103	19	105	12	15	32	19	236	197	135	46	56	49	84	45	66	208	29	1	136	138	45	141	54	143	98	52	94	225	210	45	52	75	7	71	134	35	169	156	114	138	74	150	120	23	81	86	20	264	376	8	66	113	101	150	88	5	136	37	90	19	93	26	36	11	64	100	18	96	25	260	126	70	119	87	8	66	157	57	123	92	31	130	20	28
2	0	0	0	0	0	0	0	0	0	0	0	0	0	0	0	0	0	0	0	0	0	0	0	0	0	0	0	0	0	0	0	0	0	0	0	0	0	0	0	0	0	0	0	0	0	0	0	0	0	0	0	0	0	0	0	0	0	0	0	0	0	0	0	0	0	0	0	0	0	0	0	0	0	0	0	0	0	0	0	0	0	0	0	0	0	0	0	0	0	0	0	0	0	0	0	0	0	0	0	0	0	31	14	7	106	0	44	44	27	26	0	12	8	9	0	1	0	12	1	14	0	0	0	16	32	0	3	0	35	0	0	13	0	0	0	0	0	0	0	2	0	0	86	0	29	0	6	0	0	0	0	31	0	0	0	39	22	18	10	0	0	0	0	0	21	63	0	0	17	80	30	12	168	0	127	0	2	16	0	118	1	0	33	0	0	16	0	0	20	0	0	20	0	0	0	118	0	0	0	0	0	11	0	21	0	3	2	0	38	0	34	57	0	12	0	2	1	108	0	74	53	20	0	12	5	61	16	17	1	20	0	0	9	0	25	24	0	51	0	114	111	0	30	28	0	49	0	2	10	115	27	34	3	3	176	2	0	23	9	0	0	10	0	1	284	0	38	95	246	104	67	120	91	204	0	0	0	20	0	8	147	10	1	0	90	245	28	0	9	4	46	0	36	100	0	87	4	2	0	0	11	103	8	86	33	39	13	0	25	3	0	42	136	14	9	0	20	0	71	39	53	86	9	4	1	26	0	7	19	6	40	5	146	30	171	10	36	129	129	113	66	9	34	92	104	42	96	9	40	159	130	104	45	30	65	40	2	22	0	15	103	33	122	75	15	44	105	104	28	95	205	2	10	112	129	2	60	113	172	120	30	6	49	8	175	63	52	7	0	102	1	42	18	0	66	30	215	43	294	166	40	88	23	98	65	48	34	39	106	41	73	0	167	299	44	62	67	57	54	17	45	1	66	133	197	46	127	31	259	26	1	189	7	16	32	102	9	41	116	106	189	94	20	54	42	62	77	0	60	11	39	64	20	72	0	8	0	108	129	108	154	166	303	57	218	35	0	46	42	0	49	194	92	160	5	111	23	34	98	85	73	0	15	95	13	154	46	178	46	169	180	10	91	67	254	36	58	87	93	181	91	85	38	19	79	55	109	228	62	34	22	83	131	12	1	107	46	50	3	64	5	11	177	239	128	225	95	36	70	50	55	24	105	50	218	90	91	179	45	24	108	51	47	116	35	273	253	16	196	267	167	73	35	18	197	35	140	294	120	12	35	31	0	30	65	129	10	73	63	102	155	72	116	31	101	20	13	33	156	17	0	85	14	51	73	244	71	0	92	48	292	359	20	157	107	103	160	99	161	197	61	91	150	166	119	28	171	90	55	65	22	89	61	31	38	245	58	26	131	32	133	23	90	257	113	161	32	5	99	238	116	206	83	213	164	137	137	62	91	98	163	148	180	34	59	86	158	49	15	40	226	82	93	126	112	98	81	91	47	94	264	62	56	14	234	127	20	0	145	164	42	28	34	164	8	120	120	27	184	214	147	83	210	34	24	95	75	34	106	69	46	83	144	41	234	10	36	52	26	20	255	68	126	115	11	159	157	12	122	89	127	200	127	161	68	112	38	15	189	30	201	45	150	164	54	3	90	91	73	31	28	285	79	117	84	177	13	93	71	78	25	110	51	23	54	84	22	181	123	56	117	112	368	200	215	341	117	89	62	16	91	37	40	67	21	153	12	92	181	301	54	142	21	274	256	95	40	81	65	112	7	206	121	149	50	91	82	54	167	132	54	56	31	144	184	71	104	133	224	161	71	9	39	37	119	110	52	29	129	234	178	141	173	88	29	136	107	136	35	95	314	49	215	82	56	31	22	120	127	93	57	284	37	138	56	80	3	155	73	87	31	72	91	34	72	91	240	28	68	25	89	17	38	10	210	78	178	33	25	54	31	127	46	5	111	434	199	122	126	85	14	41	82	8	257	5	78	103	71	88	175	0	66	20	150	158	64	143	18	10	57	92	100	0	141	35	392	133	179	55	57	29	14	279	81	125	92	113	26	154	43	39	115	4	42	38	98	65	42	311	10	90	53	181	97	16	52	43	72	172	66	286	172	1	178	11	78	69	201	262	59	180	98	141	147	117	25	54	85	11	127	88	145	154	106	86	69	135	56	14	34	46	166	80	130	71	153	98	103	160	238	62	73	55	15	24	92	121	56	121	165	80	36	130	57	291	142	81	191	133	101	108	84	102	119	41	260	93	15	133
3	0	0	0	0	0	0	0	0	0	0	0	0	0	0	0	0	0	0	0	0	0	0	0	0	0	0	0	0	0	0	0	0	0	0	0	0	0	0	0	0	0	0	0	0	0	0	0	0	0	0	0	0	0	0	0	0	0	0	0	0	0	0	0	0	0	0	0	0	0	0	0	0	0	0	0	0	0	0	0	0	0	0	0	0	0	0	0	0	0	0	0	0	0	0	0	0	0	0	0	0	0	0	0	0	0	0	0	0	0	0	0	0	0	0	0	0	0	0	0	0	0	0	0	0	0	0	0	0	0	0	0	0	0	0	0	0	0	0	0	0	0	0	0	0	0	0	3	0	0	0	0	0	0	0	0	0	0	0	0	0	0	0	8	0	0	0	0	0	0	0	0	0	0	0	0	0	0	0	0	0	0	0	0	0	0	0	0	0	0	0	0	0	0	0	0	0	0	0	0	0	0	0	0	0	0	0	0	0	0	0	80	0	0	0	0	0	18	0	0	0	0	0	0	0	0	0	0	0	0	0	0	0	0	0	0	0	0	0	0	40	0	0	0	0	0	7	0	0	0	22	0	0	0	0	179	0	0	77	0	0	0	0	0	0	49	0	1	0	0	0	14	0	0	107	0	0	0	0	0	0	0	0	0	0	0	0	0	0	0	0	0	0	0	0	0	0	0	0	0	0	0	171	0	76	0	3	0	0	116	0	0	0	23	295	0	0	0	0	0	3	129	86	76	0	0	63	0	13	11	0	0	0	16	0	40	0	0	47	0	48	43	60	102	49	1	0	0	0	45	205	50	0	40	0	74	0	0	0	9	0	169	166	145	40	0	0	0	0	10	61	13	0	0	137	43	0	122	50	104	108	0	0	0	0	420	109	130	0	0	50	0	7	0	0	128	0	231	73	46	197	18	14	0	84	43	6	68	95	31	125	6	0	47	90	328	103	121	35	97	69	187	0	110	25	84	133	90	21	55	154	0	80	0	8	42	85	0	0	238	118	55	43	62	61	0	74	0	0	35	82	65	122	85	34	0	0	0	62	18	114	73	0	180	56	67	0	0	208	64	0	2	93	116	81	0	133	95	0	12	10	28	0	0	71	0	53	115	22	0	50	251	0	270	50	5	129	7	81	0	103	58	24	254	48	76	0	114	157	101	118	94	37	199	0	0	36	171	87	0	56	297	224	50	157	114	171	83	30	267	224	23	0	86	36	44	30	99	232	61	117	39	70	138	192	34	54	22	159	73	173	57	140	51	0	84	107	70	44	89	44	3	59	0	51	106	0	36	22	93	9	86	147	82	169	37	164	32	78	10	0	0	42	0	57	109	67	3	0	0	44	64	109	0	74	26	166	45	229	128	82	74	89	203	157	132	142	24	0	61	108	125	82	111	68	184	162	49	73	50	35	236	139	92	228	145	264	92	113	73	74	47	145	61	132	140	68	37	209	30	133	114	81	231	181	77	56	5	66	85	65	85	75	49	83	66	182	14	168	36	45	112	40	66	26	102	99	25	0	84	20	396	103	149	32	0	39	86	73	109	22	64	75	12	133	36	174	147	92	136	54	0	109	158	301	49	139	136	29	58	180	53	59	142	105	0	162	128	27	56	27	243	99	18	28	150	138	38	137	44	128	71	59	54	52	136	118	59	197	58	106	93	43	252	59	99	26	142	42	29	122	44	20	144	68	146	59	70	196	58	136	69	58	94	26	15	19	15	54	76	0	189	153	78	12	154	53	77	93	29	42	186	68	124	134	275	218	511	99	150	123	107	160	17	75	159	41	153	31	120	33	84	60	94	56	100	214	15	78	167	168	218	206	67	277	52	35	26	191	112	53	172	75	133	186	128	206	137	244	150	13	134	47	23	69	95	158	20	43	30	90	104	120	71	315	8	65	111	168	44	86	94	60	180	120	142	42	242	37	67	73	85	100	171	73	37	136	118	20	55	76	49	25	131	25	70	123	59	10	182	5	68	97	54	99	98	238	54	24	13	105	29	0	25	96	168	180	300	233	131	75	57	70	168	0	40	145	23	264	46	71	15	35	32	32	64	193	156	158	127	176	83	64	47	19	55	25	43	15	159	69	93	79	15	24	131	102	121	8	98	20	186	53	179	30	83	41	113	28	223	63	141	30	99	60	55	18	138	91	45	66	123	167	21	63	37	64	34	111	13	58	52	205	27	8	204	245	64	152	208	100	172	79	148	98	147	158	265	28	85	132	253	81	194	69	61	237	162	167	81	10	103	246	97	115	140	141	161	85	225	183
4	0	0	0	0	0	0	38	0	0	0	0	0	0	0	0	0	0	0	0	0	0	0	0	0	0	0	0	0	0	0	0	0	0	0	0	0	0	0	0	0	0	0	0	0	0	0	0	0	0	0	0	0	0	0	0	0	0	0	0	0	0	0	0	0	0	0	0	0	0	0	0	0	0	0	0	0	0	0	0	0	0	0	0	0	0	0	0	0	0	0	0	0	0	0	0	0	0	0	0	0	0	0	0	0	0	0	0	0	0	0	0	0	0	0	0	0	0	0	0	0	0	0	0	0	0	0	0	0	0	0	0	0	0	0	0	0	0	0	0	0	0	0	0	0	0	0	0	0	0	0	0	0	0	0	0	0	0	0	0	0	0	0	0	0	0	0	0	0	0	39	0	0	0	0	0	0	0	0	0	0	0	0	0	0	0	0	0	0	0	0	0	0	0	0	0	0	0	0	0	0	0	0	0	0	0	0	0	0	0	0	0	0	0	0	0	0	0	0	0	0	0	0	0	0	0	0	0	0	0	0	0	0	0	0	0	0	0	1	0	35	0	0	0	0	0	0	0	0	0	0	0	0	0	0	8	0	0	0	0	0	0	0	0	0	80	0	0	0	0	0	44	0	0	32	0	0	0	0	0	0	0	0	0	0	0	0	0	0	0	0	0	0	0	0	0	0	0	0	0	0	0	192	0	130	0	108	0	0	21	0	0	0	93	145	24	0	0	0	0	50	49	21	0	0	0	89	0	0	3	0	0	0	85	0	94	0	0	27	45	26	209	0	101	50	189	0	0	0	65	24	123	0	131	0	104	0	0	0	0	0	99	124	170	41	0	0	0	0	169	173	369	0	0	131	155	0	137	24	129	18	0	0	77	60	82	44	9	0	0	2	0	0	0	0	41	0	0	123	56	47	110	130	0	41	239	171	23	66	13	150	38	0	163	94	156	180	16	37	85	106	197	0	51	23	69	99	179	104	53	141	0	78	0	0	1	13	0	0	173	111	43	139	57	23	6	81	0	0	57	0	107	22	143	86	0	0	0	48	30	21	33	3	29	190	77	0	0	97	90	0	0	64	10	62	0	86	213	0	41	66	149	0	0	23	0	147	175	66	0	9	99	0	180	74	14	56	80	28	0	154	73	19	75	68	22	0	86	277	12	24	155	223	145	0	0	154	48	44	0	11	56	86	75	15	53	71	44	56	101	35	67	0	84	80	108	53	177	12	104	34	45	97	76	20	242	42	86	64	54	96	197	335	30	1	50	28	23	83	123	44	27	91	0	139	36	96	84	16	281	13	13	28	20	226	38	96	83	62	62	1	0	82	7	77	39	40	11	0	0	77	55	20	0	88	25	64	65	123	45	8	51	262	43	225	19	49	175	0	49	145	21	83	90	136	66	234	65	45	16	28	126	100	169	12	156	157	59	229	228	32	104	78	232	47	24	133	87	41	28	13	79	134	46	19	55	27	36	119	145	27	45	144	47	96	40	50	45	102	117	23	67	6	41	276	221	56	80	0	44	82	51	57	210	43	0	65	40	59	55	170	59	23	116	48	81	14	33	98	136	146	0	77	150	18	124	107	56	119	11	248	16	103	316	39	0	39	73	252	36	4	129	75	58	74	57	103	92	33	108	7	152	135	45	173	209	54	31	59	92	26	19	118	125	43	74	167	28	113	111	51	99	8	132	89	46	52	98	88	37	126	176	40	157	121	67	179	175	85	183	0	103	24	22	154	69	46	99	359	26	136	109	63	66	81	430	115	237	143	58	193	53	121	137	126	76	97	170	32	158	98	59	207	24	26	39	61	28	127	20	90	156	28	20	36	226	180	367	130	87	121	161	116	135	102	32	38	46	86	153	36	66	236	19	23	32	43	75	155	41	199	5	189	112	140	24	26	105	88	44	34	64	85	60	99	95	165	16	53	33	129	80	84	132	38	58	303	190	86	194	59	192	94	9	67	167	140	135	96	55	38	105	90	110	19	72	30	81	45	200	84	19	0	74	77	181	224	51	65	71	13	119	103	93	0	133	184	83	71	128	150	171	310	81	62	72	31	65	19	96	150	77	106	254	40	45	90	60	37	42	3	141	90	229	89	45	114	91	60	115	98	56	96	79	180	221	125	36	71	135	102	88	173	85	171	60	49	24	73	211	50	85	55	253	27	64	8	20	18	37	499	85	214	108	137	87	328	136	133	63	4	121	42	79	98	52	42	203	86	106	136	84	27	96	161	222	96	73	104	163	111	39	32	4	113	81	25	337	70	88	41
5	0	0	0	0	0	0	0	0	0	0	0	0	0	0	0	0	0	0	0	0	0	0	0	0	0	0	0	0	0	0	0	0	0	0	0	0	0	0	0	0	0	0	0	0	0	0	0	0	0	0	0	0	0	0	0	0	0	0	0	0	0	0	0	0	0	0	0	0	0	0	0	0	0	0	0	0	0	0	0	0	0	0	0	0	0	0	0	0	0	0	0	0	0	0	0	0	0	0	0	0	0	0	0	0	0	0	0	0	0	0	0	0	0	0	0	0	0	0	0	0	0	0	0	0	0	0	0	0	0	0	1	0	0	0	0	0	0	0	0	0	0	0	0	0	0	0	30	0	0	0	0	0	0	0	0	0	0	0	0	0	0	0	0	0	0	0	0	0	0	0	0	0	0	0	0	0	0	0	0	0	0	0	0	0	0	0	0	0	0	0	0	0	0	0	0	0	0	0	78	0	0	0	0	0	0	0	0	0	0	0	0	0	0	0	0	0	3	1	0	0	1	0	0	0	0	0	0	0	0	0	0	0	0	0	0	0	0	0	0	32	0	0	0	0	0	37	0	0	0	16	0	0	0	0	131	0	0	0	0	0	0	0	0	0	0	0	0	0	0	71	187	0	0	44	0	0	0	0	0	0	0	0	0	0	0	0	0	0	0	0	0	0	0	0	0	0	0	0	0	0	0	40	0	165	0	37	11	0	20	40	0	0	193	0	0	0	0	0	0	207	239	47	0	0	0	82	0	48	0	0	0	0	360	0	66	0	0	78	1	65	121	17	213	80	94	15	0	0	129	97	55	0	83	1	13	10	1	0	84	0	91	18	106	184	0	0	0	0	66	97	163	0	0	88	46	4	17	115	131	49	0	0	14	35	27	82	87	0	0	1	0	29	0	0	184	0	0	221	15	47	75	40	0	84	259	44	24	198	47	80	59	0	47	126	131	109	157	242	173	88	9	0	219	208	105	123	151	66	10	37	0	164	0	0	1	34	0	0	100	69	152	74	68	151	157	40	0	0	51	0	139	87	79	300	52	0	0	46	14	23	138	0	147	52	21	67	0	36	4	0	0	139	73	65	1	56	57	0	88	40	23	0	1	81	0	48	52	45	2	0	120	0	46	128	117	164	103	37	0	118	120	24	136	71	80	0	42	110	90	96	234	174	146	0	0	16	96	51	0	125	238	37	253	56	57	126	92	59	48	119	97	0	36	77	153	238	49	51	71	82	572	58	78	27	220	135	174	94	37	16	129	41	77	0	78	72	121	75	319	9	62	125	0	62	68	6	51	191	42	270	38	36	27	50	130	26	121	99	113	0	0	134	0	150	104	118	0	0	0	66	26	47	43	86	89	61	118	86	51	69	63	155	80	65	100	204	261	0	229	61	13	48	82	113	72	74	55	12	130	83	65	94	65	48	41	185	71	373	107	91	61	44	130	46	25	96	130	90	177	39	63	35	5	38	324	37	221	151	123	116	53	87	20	93	170	90	68	66	23	108	12	209	55	221	159	142	72	0	30	71	20	161	166	64	0	113	224	41	129	65	143	109	75	114	100	146	58	109	232	60	0	36	132	73	68	256	110	122	35	125	106	96	21	47	0	112	51	122	72	41	18	135	24	65	251	86	17	19	168	39	62	357	57	149	100	156	172	86	125	89	150	25	92	97	79	30	57	101	134	20	52	69	123	23	177	177	93	90	191	42	75	90	115	129	190	39	1	108	200	0	28	109	292	45	268	23	60	207	133	39	113	17	147	158	92	135	231	63	160	18	93	174	99	201	87	77	96	92	93	345	363	138	37	102	35	176	80	48	38	73	97	248	38	135	57	29	82	177	51	143	217	113	23	127	246	91	117	122	105	118	63	164	95	81	96	33	274	187	159	117	53	146	249	30	74	46	179	111	17	30	29	108	33	114	135	206	79	185	192	147	74	66	96	68	19	73	21	84	167	78	57	62	173	213	20	249	89	181	177	121	40	140	26	149	77	72	89	144	141	36	117	0	11	171	87	62	58	219	41	29	106	37	29	0	94	69	163	142	105	113	148	77	94	80	202	71	137	76	150	69	36	25	231	103	22	152	42	41	118	10	24	5	91	36	201	71	48	78	132	339	160	145	82	15	57	133	43	112	77	27	16	81	59	98	92	44	42	43	54	26	20	12	78	183	7	25	143	111	33	48	15	198	62	31	168	145	216	67	177	56	31	159	177	97	199	199	32	89	73	239	180	117	225	68	127	38	145	214	43	79	116	44	379	33	38	86	58	84	65	95
6	0	0	0	0	0	0	0	0	0	0	0	0	0	0	0	0	0	0	0	0	0	0	0	0	0	0	0	0	0	0	0	0	0	0	0	0	0	0	0	0	0	0	0	0	0	0	0	0	0	0	0	0	0	0	0	0	0	0	0	0	0	0	0	0	0	0	0	0	0	0	1	0	0	0	0	0	0	0	0	0	0	0	0	0	0	0	0	0	0	0	0	0	0	0	0	0	0	0	0	0	0	0	0	1	0	0	0	0	0	0	0	0	0	0	0	0	0	0	0	0	0	0	0	0	0	0	0	0	0	0	0	0	0	0	0	0	0	0	0	0	0	0	0	0	0	0	0	0	0	0	0	0	0	0	0	0	0	0	0	0	0	0	0	0	0	0	0	0	0	0	0	0	0	0	0	0	0	0	0	0	0	0	0	0	0	0	0	0	26	0	0	0	0	7	0	0	0	0	0	0	0	0	0	0	0	0	0	0	0	0	0	0	0	0	0	0	0	0	0	0	0	0	0	0	0	0	0	0	0	0	0	0	0	0	0	0	0	0	0	76	0	0	0	0	0	12	0	68	0	0	0	0	0	0	0	0	0	0	0	0	0	0	0	0	138	0	0	0	0	0	28	0	0	144	0	0	0	0	0	0	0	0	0	39	0	39	0	0	0	0	0	0	0	27	0	0	0	0	0	0	23	175	0	124	3	0	0	0	181	107	0	0	54	276	0	0	0	1	29	76	179	23	64	0	0	33	0	146	0	0	0	0	168	0	37	0	48	73	66	21	183	11	20	29	127	0	0	0	98	75	16	0	89	0	84	0	0	0	21	0	99	143	95	83	0	0	69	0	80	26	55	0	0	132	52	3	36	130	263	17	0	0	1	0	122	58	22	0	6	19	0	176	0	4	30	0	0	51	47	203	46	13	0	41	144	32	65	35	82	58	13	0	23	48	86	147	145	32	44	72	124	0	19	32	98	116	158	88	55	194	0	51	0	0	0	62	0	0	99	95	34	22	62	69	57	156	0	0	49	0	145	16	26	13	27	0	0	89	109	11	51	0	32	133	330	2	0	94	6	0	0	153	61	12	0	5	150	0	32	60	132	0	0	381	0	63	16	55	0	187	62	0	160	136	0	171	14	79	0	151	39	114	129	65	154	0	222	69	73	104	306	128	134	0	0	113	60	112	0	84	63	57	55	123	132	163	126	34	25	80	37	0	91	238	17	85	16	103	101	62	74	46	142	52	77	63	228	153	137	212	34	9	90	0	217	24	41	102	66	91	141	74	0	190	128	205	39	30	81	270	45	70	40	160	14	29	17	93	57	0	0	14	10	124	87	89	0	0	0	50	82	42	0	151	21	149	134	216	69	152	88	68	64	76	81	80	83	0	204	20	270	24	37	93	50	143	42	98	76	21	12	48	85	33	73	52	115	9	34	74	491	8	208	167	51	57	149	26	286	25	124	43	19	65	92	47	101	63	62	202	64	39	24	108	66	184	40	26	28	30	130	73	138	200	53	131	73	0	6	42	28	120	128	143	0	133	47	13	118	46	199	171	44	257	118	29	229	16	114	7	0	6	43	75	165	197	91	72	96	9	77	84	120	87	0	93	260	258	20	201	119	57	116	80	258	134	51	190	112	42	76	548	182	75	213	59	68	94	45	285	168	44	387	97	53	64	43	41	12	5	146	159	121	32	63	34	195	225	47	82	32	62	49	119	47	55	173	186	18	0	34	127	161	211	186	101	129	204	55	101	17	34	86	40	44	32	211	77	54	81	34	86	12	54	11	131	53	31	83	100	16	137	166	56	78	46	36	60	29	101	140	248	133	42	71	63	87	23	22	254	65	52	60	68	213	7	110	56	158	45	190	170	57	180	123	26	10	31	24	80	201	49	94	65	176	88	282	105	179	289	147	138	87	209	77	192	121	148	90	111	109	166	64	37	29	71	66	2	168	39	148	32	37	20	57	95	163	159	225	80	330	13	149	31	38	30	225	59	27	73	54	0	138	65	121	140	125	89	73	145	31	175	140	0	134	31	33	66	315	18	63	65	161	109	182	117	90	154	126	98	79	68	210	88	247	119	35	81	13	99	90	115	94	177	96	91	45	109	43	129	116	74	78	74	76	40	24	101	78	46	71	163	38	32	89	43	262	60	160	29	37	61	140	63	113	32	56	114	228	77	118	17	88	86	7	169	74	278	284	50	83	98	285	151	183	98	138	215	77	238	119	47	123	233	204	158	11	62	78	188	72	322	110	62	208	298	81	104	94	123
7	0	0	0	0	0	0	0	0	0	0	0	0	0	0	0	0	0	0	0	0	0	0	0	0	0	0	0	0	0	0	0	0	0	0	0	0	0	0	0	0	0	0	0	0	0	0	0	0	0	0	0	0	0	0	0	0	0	0	0	0	0	0	0	0	0	0	0	0	0	0	0	0	0	0	0	0	0	0	0	0	0	0	0	0	0	0	0	0	0	0	0	0	0	0	0	0	0	0	0	0	0	0	0	0	0	0	0	0	0	0	0	0	0	0	0	0	0	0	0	0	0	0	0	0	0	0	0	0	0	0	0	0	0	0	0	0	0	0	0	0	0	0	0	0	0	0	0	0	0	0	0	0	0	0	0	0	0	0	0	0	0	0	0	0	0	0	0	0	0	37	0	1	0	0	0	0	0	0	0	0	0	0	0	0	0	0	0	0	0	0	0	73	0	0	0	0	0	0	0	0	1	0	0	0	0	0	0	0	0	0	0	0	33	0	0	0	0	0	0	0	0	138	0	0	3	0	0	0	0	0	0	0	0	0	0	0	3	0	0	142	0	0	0	0	0	75	0	0	0	0	0	0	0	0	149	0	0	0	0	0	0	0	0	0	94	0	0	0	0	140	70	0	0	16	0	0	0	0	0	0	0	0	0	0	0	11	0	0	0	0	0	0	0	0	0	0	0	0	0	0	0	134	0	7	0	6	5	0	65	0	0	0	0	19	0	0	0	0	19	49	67	139	0	0	0	40	0	141	3	0	0	1	70	0	20	0	0	103	4	20	159	0	0	310	148	0	0	0	56	65	90	0	504	0	301	152	0	0	0	0	24	85	28	119	0	0	41	0	208	141	140	0	0	126	159	0	147	91	272	77	0	1	7	0	81	64	77	0	0	28	0	0	0	0	0	0	0	26	14	138	140	39	0	104	12	185	74	27	257	261	90	0	80	85	170	27	128	282	127	149	99	15	36	75	39	74	206	107	149	78	0	44	0	0	8	43	0	0	8	110	76	20	39	251	5	312	0	0	9	0	81	96	127	142	0	0	0	29	284	65	31	0	51	101	93	0	0	191	0	0	0	52	38	153	0	45	180	0	58	192	5	0	0	187	0	107	174	109	0	88	84	0	87	76	35	80	58	37	18	54	14	58	65	0	161	0	31	345	52	184	136	148	53	11	0	182	77	50	0	72	53	73	186	72	35	276	56	136	149	83	79	0	54	81	140	163	112	77	79	15	55	105	97	105	75	71	25	33	23	49	220	198	107	0	96	54	27	79	26	66	153	29	0	103	76	70	247	65	49	48	160	145	84	160	74	13	173	82	95	0	0	94	0	70	16	64	0	0	6	132	39	355	0	91	106	46	165	89	104	35	112	79	54	70	221	192	166	0	160	338	61	372	121	39	104	60	216	56	70	105	39	54	169	56	40	49	59	72	75	96	40	205	302	101	109	48	15	92	108	123	51	42	101	37	37	161	187	36	18	230	55	119	47	43	41	276	214	28	114	100	53	140	235	84	38	66	40	0	49	165	16	39	47	257	0	52	227	60	164	50	26	171	46	27	31	90	29	61	81	136	0	38	98	94	99	90	145	55	248	121	0	109	32	60	0	40	91	104	80	136	35	4	156	68	110	83	102	50	18	45	69	104	70	137	93	56	66	73	218	193	136	24	138	117	17	151	74	104	244	42	71	66	333	99	58	25	133	87	87	75	131	117	237	125	226	61	103	68	191	0	136	17	82	91	213	188	214	74	68	235	76	95	127	73	323	32	148	80	140	45	110	152	273	208	21	142	51	45	158	196	16	124	248	34	46	122	132	111	100	62	34	176	108	39	72	194	153	30	111	132	175	97	83	169	22	78	57	187	170	77	156	31	84	60	119	86	20	138	47	140	124	69	35	179	60	71	85	254	174	20	221	94	61	39	22	278	70	3	47	30	106	94	76	111	13	247	108	19	134	41	56	95	48	129	124	20	87	156	147	3	200	48	49	136	103	56	41	34	22	142	58	0	201	75	29	111	138	88	28	176	26	61	65	0	72	119	45	209	168	98	14	78	144	124	72	113	47	102	141	50	101	116	65	117	54	133	54	72	41	93	16	74	56	126	122	229	222	28	92	229	95	128	107	195	104	217	150	172	174	124	91	167	125	131	29	269	45	82	33	24	57	10	25	68	330	90	39	109	131	68	42	8	55	104	37	136	112	74	80	118	121	120	74	27	49	89	25	30	97	37	94	65	167	29	69	133	9	166	50	13	255	166	32	93	36	205	236	11	162	37
8	0	0	0	0	0	0	0	0	0	0	0	0	0	0	0	0	0	0	0	0	0	0	0	0	0	0	0	0	0	0	0	0	0	0	0	0	0	0	0	0	0	0	0	0	0	0	0	0	0	0	0	0	0	0	0	0	0	0	0	0	0	0	0	0	0	0	0	0	0	0	0	0	0	0	0	0	0	0	0	0	0	0	0	0	0	0	0	0	0	0	0	0	0	0	0	0	0	0	0	0	0	0	0	0	0	0	0	0	0	0	0	0	0	0	0	0	0	0	0	0	0	0	0	0	0	0	0	0	0	0	0	0	0	0	0	0	0	0	0	0	0	0	0	0	0	0	23	0	0	0	0	6	0	0	0	0	0	0	0	0	0	0	0	0	0	0	0	0	0	0	0	0	0	0	0	0	0	0	0	0	0	0	0	0	0	0	0	0	0	0	0	0	0	0	0	0	0	0	36	0	1	0	0	0	0	0	0	0	0	0	31	0	0	26	0	0	0	0	0	0	2	0	0	0	0	0	0	0	0	0	0	0	0	0	0	0	0	0	0	6	0	0	0	0	7	80	0	0	1	29	0	0	0	0	132	0	0	0	0	0	0	0	0	0	21	0	0	0	0	0	28	0	0	14	0	0	0	0	0	0	0	0	0	0	11	0	0	0	0	0	0	0	0	0	48	0	0	0	0	0	6	85	1	9	0	134	56	0	120	11	0	0	32	113	0	0	0	5	0	84	196	83	0	0	0	48	0	71	3	81	0	45	148	0	132	0	0	186	0	7	186	29	112	80	80	16	0	0	97	129	236	7	28	0	46	0	0	0	231	0	277	78	128	53	0	0	0	0	11	57	26	0	0	41	57	0	42	101	47	40	0	0	0	0	44	68	78	0	0	11	0	0	4	0	103	0	0	67	22	230	72	68	0	319	151	39	63	153	154	46	28	0	321	248	122	117	158	56	133	141	74	0	68	55	72	35	92	62	102	165	19	33	0	0	1	9	0	1	6	80	62	78	15	144	22	55	0	0	45	0	55	173	143	27	0	0	0	35	128	293	22	0	177	158	139	10	0	49	0	0	0	129	134	291	0	220	37	0	16	267	163	0	10	305	56	40	130	178	0	108	139	0	32	62	0	74	86	37	0	56	92	82	15	20	61	0	189	54	129	103	70	25	148	0	0	145	69	62	0	56	50	39	89	15	148	21	76	207	42	170	250	1	431	20	58	131	62	164	42	124	160	15	104	204	59	70	238	133	209	105	122	66	31	0	23	107	23	124	98	145	43	32	0	148	166	77	113	172	106	25	119	43	37	15	28	76	65	127	46	13	0	127	6	87	86	85	0	0	0	161	70	218	0	177	88	82	56	142	110	128	204	255	22	179	109	26	33	0	48	226	70	127	81	88	140	0	157	60	198	81	142	75	17	22	46	50	59	169	21	94	214	40	4	90	105	340	190	398	125	56	132	114	176	82	19	164	89	116	98	9	44	130	30	44	91	159	86	66	61	60	253	92	212	167	184	116	160	0	20	19	116	115	92	153	0	50	69	183	94	43	100	23	131	41	21	4	160	123	129	117	0	48	338	32	99	67	158	67	37	98	155	19	67	127	0	69	83	24	21	82	17	56	74	216	31	63	28	44	54	157	73	82	36	54	88	120	31	185	389	17	23	50	59	65	41	96	73	154	228	148	123	87	119	109	165	34	104	23	27	52	24	182	12	45	97	160	48	65	102	0	92	79	36	115	33	75	10	123	56	68	20	74	214	57	138	196	190	164	86	157	108	64	90	33	102	106	77	75	30	152	178	61	23	123	89	5	35	216	97	117	172	258	216	28	168	109	108	33	22	213	96	34	86	27	54	21	42	13	221	79	25	58	162	105	154	101	115	28	61	313	99	36	42	203	85	224	25	107	71	35	242	67	140	80	194	51	49	117	86	43	20	105	88	75	66	109	163	90	156	52	101	30	21	55	42	29	251	30	74	172	32	185	114	104	32	170	81	93	1	73	234	0	79	147	83	54	87	188	216	65	103	83	93	0	36	211	90	61	90	44	62	53	41	62	85	60	96	29	154	150	140	72	134	20	49	33	14	102	73	170	44	126	90	159	34	68	155	153	218	271	76	136	163	21	163	223	98	167	36	50	116	16	96	56	120	79	111	141	158	151	143	289	157	113	130	91	58	79	14	46	218	37	63	47	128	46	120	111	168	101	61	108	180	81	80	59	54	115	83	21	32	35	48	257	219	100	53	198	140	161	25	140	101	103	113	71	143	94	35	310
9	0	0	0	0	0	0	0	0	0	0	0	0	0	0	0	0	0	0	0	0	0	0	0	0	0	0	0	0	0	0	0	0	0	0	0	0	0	0	0	0	0	0	0	0	0	0	0	0	0	0	0	0	0	0	0	0	0	0	0	0	0	0	0	0	0	0	0	0	0	0	0	0	0	0	0	0	0	0	0	0	0	0	0	0	0	0	0	0	0	0	0	0	0	0	0	0	0	0	0	0	0	0	0	0	0	0	0	0	0	0	0	0	0	0	0	0	0	0	0	0	0	0	0	0	0	0	0	0	0	0	0	0	0	0	0	0	0	0	0	0	0	0	0	0	0	0	0	0	0	0	0	0	0	0	0	27	0	0	0	0	0	0	0	0	0	0	0	0	0	0	0	0	0	0	0	0	0	0	0	0	0	0	0	0	0	0	0	0	0	0	0	0	0	0	0	0	0	0	0	0	0	0	0	0	0	0	0	0	0	0	17	11	0	0	0	0	0	0	2	0	0	0	0	0	0	0	0	0	0	0	0	0	0	0	0	0	0	0	5	222	0	0	0	0	0	89	0	0	0	13	2	0	0	0	0	0	0	0	0	0	0	0	0	0	50	0	0	0	0	5	83	0	0	11	0	0	0	0	0	0	0	0	0	0	0	105	0	0	0	0	0	0	0	0	0	0	0	0	0	0	0	196	0	43	0	50	8	0	40	15	0	0	71	113	0	0	0	8	0	107	73	20	8	0	0	99	0	14	0	0	0	0	54	0	49	0	0	31	2	6	46	0	72	12	292	0	0	0	112	34	180	0	226	0	296	66	0	0	1	0	100	71	69	220	0	0	0	0	129	24	25	0	0	33	112	0	30	107	144	68	0	43	0	0	59	142	39	0	0	35	10	59	0	0	89	0	0	48	96	174	50	218	0	11	215	84	144	215	100	6	565	0	46	43	10	158	26	98	43	15	117	2	43	63	114	70	32	23	130	73	7	67	0	0	0	13	0	0	124	102	48	94	87	62	10	117	0	0	100	0	87	391	52	99	0	0	0	170	46	36	106	2	33	43	39	0	0	202	0	0	0	151	85	38	2	54	38	0	126	177	7	0	0	72	125	109	107	92	0	78	44	0	15	16	0	51	302	15	0	35	22	137	60	124	352	0	82	183	105	137	95	240	239	0	0	175	65	82	0	337	143	94	120	212	33	94	146	128	155	74	42	0	46	94	61	339	82	304	71	108	73	177	160	18	14	161	175	119	5	47	64	277	41	0	197	40	312	136	160	73	32	76	0	76	91	22	74	129	97	85	168	43	31	115	152	287	101	44	257	0	0	57	0	86	53	57	0	0	0	243	88	161	0	16	106	63	28	139	24	37	75	61	170	99	74	95	198	0	55	34	24	120	34	34	107	91	110	155	15	154	17	57	52	129	193	23	22	87	77	41	140	123	96	269	22	239	219	68	135	121	161	71	84	29	46	120	107	65	17	106	94	46	138	14	188	40	123	33	4	102	82	17	254	53	134	59	90	0	42	197	40	137	136	78	0	136	53	138	110	122	147	44	116	73	82	102	75	85	47	26	0	57	200	41	226	5	44	106	366	360	47	141	25	54	0	13	43	120	126	39	16	2	105	54	26	93	81	85	119	91	82	57	144	125	239	83	73	211	17	102	205	43	55	132	74	168	57	133	128	133	40	61	23	276	9	104	96	14	208	107	156	67	212	55	30	97	93	42	82	0	210	210	73	80	35	373	97	71	19	153	56	77	158	120	70	92	18	118	131	92	104	20	285	110	138	151	238	122	388	112	103	108	81	86	215	83	177	77	179	41	108	46	96	154	94	185	167	54	50	29	196	74	72	122	42	25	44	208	54	85	61	347	73	132	162	124	54	42	197	36	101	56	78	123	229	57	234	175	90	56	76	83	57	44	88	63	234	194	24	188	114	173	44	39	147	21	68	113	11	56	263	100	62	35	33	127	37	78	33	199	123	48	113	108	5	172	25	457	37	101	52	0	278	48	30	88	209	193	26	128	70	199	118	0	20	101	74	179	253	154	65	127	117	82	51	113	123	77	223	40	11	100	146	192	183	212	134	229	54	109	49	105	99	61	33	102	126	42	36	58	206	104	168	206	12	110	236	94	187	27	150	135	59	99	77	74	159	358	42	86	28	70	34	85	141	96	21	21	88	3	88	74	214	149	71	74	19	49	22	169	135	40	212	19	42	43	134	45	28	65	108	1	119	38	182	111	409	114	104	43	50	102	56	129	124	148	127	35	106	16
10	0	0	0	0	0	0	0	0	0	0	0	0	0	0	0	0	0	0	0	0	0	0	0	0	0	0	0	0	0	0	0	0	0	0	0	0	0	0	0	0	0	0	0	0	0	0	0	0	0	0	0	0	0	0	0	0	0	0	0	0	0	0	0	0	0	0	0	0	0	0	0	0	0	0	0	0	0	0	0	0	0	0	0	0	0	0	0	0	0	0	0	0	0	0	0	0	0	0	0	0	0	0	0	0	0	0	0	0	0	0	0	0	0	0	0	0	0	0	0	0	0	0	0	0	0	0	0	0	0	0	0	0	0	0	0	0	0	0	0	0	0	0	0	0	0	0	0	0	0	0	0	0	0	0	36	0	0	0	0	0	0	0	0	0	0	0	0	0	0	0	0	0	0	0	0	0	0	0	0	0	0	0	0	0	0	0	0	0	0	0	0	0	0	0	0	0	0	0	0	0	0	0	0	0	0	0	0	0	0	0	0	0	0	0	0	0	0	0	0	0	0	0	0	0	3	0	0	0	0	0	0	0	0	0	0	0	0	0	0	233	0	0	0	0	0	83	0	0	6	41	0	0	0	0	3	0	0	1	0	0	0	0	0	0	68	0	0	0	0	68	0	0	7	142	0	0	0	0	0	0	0	20	0	0	0	0	7	0	0	0	0	0	0	1	0	0	0	0	0	0	0	5	0	65	0	10	3	0	134	32	0	0	195	220	1	0	0	0	0	0	120	20	5	0	0	60	0	44	0	0	0	0	124	12	15	0	6	33	0	96	29	0	106	33	127	0	0	0	69	57	22	0	53	0	35	0	0	0	80	0	75	111	113	14	0	0	0	0	38	215	18	0	0	24	34	0	57	155	100	119	0	2	0	0	71	9	21	0	0	25	0	0	0	0	21	0	0	160	97	9	130	109	0	289	84	85	11	63	35	88	30	0	144	36	142	90	10	58	107	106	34	0	89	90	254	183	306	81	45	152	0	70	0	0	2	137	0	0	50	51	131	41	44	63	0	135	3	0	53	15	76	40	51	121	0	0	0	17	127	128	19	0	279	97	45	68	0	75	3	0	0	109	66	49	0	88	77	0	108	65	3	0	0	110	0	103	133	113	0	19	30	0	190	55	2	58	21	229	0	148	32	208	18	120	18	0	8	63	252	31	155	86	148	0	0	66	139	253	0	29	89	220	237	227	52	191	18	24	77	48	61	0	46	15	79	172	141	32	83	45	56	18	176	109	220	172	55	96	59	89	107	64	55	0	24	132	80	253	54	15	72	192	0	263	132	60	70	140	48	116	52	84	11	91	161	70	103	53	160	0	0	44	66	258	81	38	5	0	0	156	174	79	8	181	27	151	66	89	49	59	109	154	96	346	23	47	13	0	30	153	104	63	49	119	52	11	7	102	24	50	95	61	124	40	92	3	38	29	25	176	96	150	330	71	136	24	69	157	79	116	82	85	62	184	85	136	10	22	85	37	143	86	88	9	104	166	70	57	113	83	75	186	168	51	108	59	80	7	95	90	358	48	51	68	0	137	31	78	17	107	52	131	131	102	97	27	107	104	154	84	0	71	94	218	270	116	267	198	7	41	121	47	40	81	0	80	24	226	68	99	32	139	42	84	52	53	57	70	105	124	66	51	21	173	136	68	69	60	114	93	16	46	83	35	61	17	403	57	68	186	204	63	63	46	155	59	205	58	163	64	126	31	170	116	65	65	37	23	23	0	10	258	66	127	85	85	60	35	109	81	237	284	162	176	121	239	101	77	25	64	132	213	101	56	164	193	86	23	139	191	32	178	20	180	116	207	246	54	60	95	189	145	128	30	125	134	157	18	14	75	50	42	48	16	44	68	47	52	23	50	210	62	22	61	93	47	22	127	41	37	4	109	17	57	82	139	94	45	132	53	55	150	106	169	56	126	62	75	24	67	172	40	126	157	95	155	121	238	81	144	155	123	95	40	70	109	63	235	218	116	22	54	59	132	4	67	285	26	11	65	78	0	26	102	37	198	22	44	96	201	346	223	154	0	62	108	91	48	186	32	172	28	129	37	102	80	96	32	48	70	94	132	92	144	47	179	79	99	143	107	55	202	129	40	79	56	165	14	64	161	56	121	53	29	79	134	159	58	123	40	120	269	123	79	122	163	119	21	78	198	120	78	76	61	18	55	127	85	117	122	167	46	39	156	174	116	105	133	68	89	64	121	95	80	107	189	12	183	58	139	96	175	17	58	58	6	28	120	71	31	47	144	201	73	21	7	31	188	176	49
11	0	0	0	0	0	0	0	0	0	7	0	0	0	0	0	0	0	0	0	0	0	0	0	0	0	0	0	0	0	0	0	0	0	0	0	0	0	0	0	0	0	0	0	0	0	0	0	0	0	0	0	0	0	0	0	0	0	0	0	0	0	0	0	0	0	0	0	0	0	0	0	0	0	0	0	0	0	0	0	0	0	0	0	0	0	0	0	0	0	0	0	0	0	0	0	0	0	0	0	0	0	0	0	0	0	0	1	0	0	0	0	0	0	0	0	0	0	0	0	0	0	0	0	0	0	0	0	0	0	0	0	0	0	0	0	0	0	0	0	0	0	0	0	0	0	0	0	0	0	0	0	0	0	0	0	0	0	0	0	0	0	0	0	0	0	0	0	0	0	0	0	0	0	0	0	0	0	0	0	0	0	0	0	0	0	0	0	0	0	0	0	0	0	0	0	0	0	0	0	0	0	0	0	0	0	0	0	0	0	0	0	0	0	0	0	0	0	0	0	0	0	0	0	0	0	0	0	0	0	0	0	0	0	0	2	0	0	0	0	275	0	3	0	0	0	28	2	0	0	155	0	0	0	0	0	0	0	0	0	0	0	0	0	0	12	0	22	0	0	8	1	0	0	364	0	0	0	0	0	0	0	0	0	0	0	0	0	0	0	0	0	0	0	0	0	0	0	0	0	0	0	88	0	177	0	11	0	0	232	0	0	30	20	33	4	0	0	0	0	0	59	0	8	0	0	26	0	0	0	1	0	0	85	0	28	0	0	151	0	0	74	0	0	62	293	0	0	0	20	36	94	0	255	0	36	0	0	0	29	0	73	145	53	366	0	38	0	0	18	46	0	0	0	29	39	0	213	126	42	81	0	0	51	0	109	38	130	0	12	216	12	0	0	0	167	0	7	136	59	414	157	24	0	62	104	31	74	44	218	43	84	0	10	95	57	41	57	59	131	237	154	0	182	88	6	71	54	74	165	25	0	46	0	19	0	226	0	1	149	74	44	20	95	67	4	222	0	0	51	0	83	65	127	118	0	0	0	29	33	24	207	0	19	49	91	46	0	241	0	0	0	60	53	232	0	55	36	56	184	73	106	0	0	192	0	89	89	123	0	35	35	0	73	70	0	67	39	676	0	51	84	189	55	133	108	0	83	75	41	43	107	51	63	0	6	28	235	113	0	76	72	66	122	117	62	121	42	101	120	77	120	0	168	62	108	25	103	45	22	171	41	62	362	47	56	39	67	62	10	110	125	77	92	0	90	321	171	265	31	129	9	63	0	36	100	49	148	68	124	78	247	17	29	60	13	163	185	0	43	0	0	52	0	189	108	242	0	0	0	49	69	91	8	41	77	58	76	210	41	81	105	45	61	53	36	49	82	0	100	149	220	136	160	133	55	2	98	95	88	127	245	93	105	133	113	181	15	13	33	43	44	64	26	34	71	33	36	262	29	85	0	41	42	53	111	230	21	156	122	147	80	51	67	296	51	129	118	201	131	178	43	88	161	446	49	96	78	0	8	72	55	85	73	38	0	33	125	111	44	142	111	221	187	36	101	155	72	32	79	116	0	84	36	129	170	198	30	129	47	145	65	47	104	37	0	198	48	166	45	70	81	190	67	132	26	76	146	180	97	172	209	218	5	103	145	214	76	151	196	15	72	75	58	150	161	22	93	229	147	200	22	75	23	65	100	125	298	21	44	54	45	129	47	120	16	309	40	38	47	0	150	23	101	5	158	141	153	63	67	61	119	153	62	47	175	260	42	78	5	151	79	34	135	127	139	131	102	60	226	233	102	83	219	339	77	110	181	101	67	10	110	67	77	107	37	165	138	97	96	15	59	22	11	44	161	73	189	120	81	64	140	249	93	176	104	154	61	47	26	189	216	124	152	27	106	32	161	92	162	74	242	50	130	133	71	74	281	144	64	146	29	44	262	5	276	175	66	59	155	53	42	18	105	48	51	50	52	125	99	5	188	147	92	196	190	22	95	63	167	170	122	0	37	97	172	38	61	93	99	72	61	46	108	0	57	155	172	35	72	32	60	156	144	136	50	92	16	81	17	46	80	180	102	33	198	186	91	160	60	237	168	3	60	85	37	235	65	115	23	41	138	83	42	77	57	68	168	150	184	56	41	58	60	47	21	49	287	71	76	40	119	116	110	48	162	81	70	171	211	127	39	93	146	48	99	60	22	116	149	73	80	56	103	69	44	94	21	199	31	69	42	68	82	42	84	49	50	83	74	10	90	81	170	172	168	63	300	88	72	84
12	0	0	0	0	0	0	0	0	0	0	0	0	0	0	0	0	0	0	0	0	0	0	0	0	0	0	0	0	0	0	0	0	0	0	0	0	0	0	0	0	0	0	0	0	0	0	0	0	0	0	0	0	0	0	0	0	0	0	0	0	0	0	0	0	0	0	0	0	0	0	0	0	0	0	0	0	0	0	0	0	0	0	0	0	0	0	0	0	0	0	0	0	0	0	0	0	0	0	0	0	0	0	0	0	0	0	0	0	0	0	0	0	0	0	0	0	0	0	0	0	0	0	0	0	0	0	0	0	0	0	0	0	0	0	0	0	0	0	0	0	0	0	0	0	0	0	2	0	0	0	0	0	0	0	0	0	0	0	0	0	1	0	0	0	0	0	0	0	0	0	0	0	0	0	0	0	0	0	0	0	0	0	0	0	0	0	0	0	0	0	0	0	0	0	0	0	0	0	0	0	0	0	0	0	0	0	0	0	0	0	0	0	0	0	0	0	0	0	0	0	0	0	0	0	0	0	0	0	0	0	0	0	0	0	0	0	0	0	0	198	0	0	0	0	0	25	0	0	0	11	0	0	0	0	1	0	0	11	0	0	0	0	0	0	75	0	0	0	27	0	23	0	0	134	0	0	4	0	0	0	0	0	0	0	0	83	0	12	0	0	2	0	0	0	2	0	0	0	0	0	0	120	0	73	0	0	0	0	82	0	0	0	93	167	0	0	0	0	0	5	127	0	18	0	0	159	0	12	49	0	0	0	48	0	0	0	0	77	8	2	33	74	32	61	53	0	0	0	76	228	78	0	120	3	58	0	0	0	0	0	117	59	31	55	0	0	23	0	18	57	135	0	0	78	161	0	51	51	24	119	0	0	0	0	56	215	209	0	0	111	0	19	0	0	108	0	0	206	97	296	651	22	0	87	98	57	23	234	103	239	19	0	111	28	37	10	53	87	23	30	96	26	79	27	63	78	7	60	146	4	14	91	0	0	0	314	0	0	79	142	123	64	39	92	25	19	2	0	66	0	57	72	149	197	0	0	0	112	137	53	69	35	87	99	233	0	0	46	44	23	0	179	24	62	0	43	231	0	134	31	147	0	3	73	0	42	89	37	0	267	150	0	62	144	67	165	254	105	11	92	97	52	34	21	153	0	174	111	3	96	34	24	56	0	0	182	68	59	0	80	38	121	40	59	226	135	75	20	168	78	176	0	32	61	150	72	22	110	133	170	96	145	15	51	127	174	62	52	45	24	160	44	60	0	25	61	66	18	104	94	106	96	0	95	170	61	98	204	114	80	202	55	22	36	43	135	69	14	254	0	0	104	0	83	149	70	0	0	0	117	27	93	0	58	325	115	94	69	67	214	14	79	59	119	118	84	105	0	55	80	95	61	25	114	135	115	95	301	113	33	68	91	152	17	123	114	70	84	2	319	19	195	151	197	290	42	52	208	123	7	77	43	109	187	79	57	51	169	127	229	106	170	79	109	258	51	269	36	66	146	136	46	35	26	49	55	219	0	117	37	38	45	183	99	0	47	183	130	111	257	142	339	23	125	101	160	78	99	31	125	0	142	148	93	48	252	39	223	96	81	61	47	44	34	0	40	69	117	47	42	99	52	207	47	40	103	157	25	29	57	50	64	82	272	114	179	145	159	117	16	13	114	24	87	16	79	248	99	161	165	258	92	104	147	45	29	44	57	36	57	0	26	155	76	150	42	133	229	58	0	122	204	135	111	71	55	232	40	241	71	30	96	158	109	45	291	76	40	116	29	79	124	63	4	53	174	88	51	36	109	135	70	102	66	359	71	74	53	19	98	30	108	221	29	88	97	49	140	129	107	132	35	96	43	119	159	38	51	165	34	230	13	68	44	127	95	53	59	104	33	59	60	20	98	44	42	157	88	202	278	36	92	128	40	180	42	89	118	32	152	48	94	46	56	64	92	43	45	134	101	21	67	89	112	67	73	106	18	27	122	213	103	62	108	107	43	155	125	113	21	355	0	124	49	120	81	75	25	26	56	35	66	25	0	262	110	95	149	27	11	122	50	23	133	77	22	143	88	53	105	30	140	177	138	73	73	99	59	184	187	35	267	213	88	20	17	66	277	174	141	80	184	69	59	134	118	126	78	83	161	123	101	48	11	125	106	156	60	77	92	62	89	109	204	222	101	10	232	129	126	221	53	25	50	142	169	17	56	145	86	51	134	98	35	142	62	127	35	163	165	93	181	148	47	186	42	95	49	226	88	46	24	157	124	119	218	47	49	58	24
13	0	0	0	0	0	0	0	0	0	0	0	0	0	0	0	0	0	0	0	0	0	0	0	0	0	0	0	0	0	0	0	0	0	0	0	0	0	0	0	0	0	0	0	0	0	0	0	0	0	0	0	12	0	0	0	0	0	0	0	0	0	0	0	0	0	0	0	0	0	0	0	0	0	0	0	0	0	0	0	0	0	0	0	0	0	0	0	0	0	0	0	0	0	0	0	0	0	0	0	0	0	0	3	0	0	0	0	0	0	0	0	0	0	13	0	0	0	0	0	0	0	0	0	0	0	0	0	0	0	0	0	0	0	0	0	0	0	0	0	0	0	0	0	0	0	0	0	0	0	0	0	0	0	0	0	0	0	0	0	0	0	0	0	0	0	0	0	0	0	0	0	0	0	0	0	0	0	0	0	0	0	0	0	0	0	0	0	0	0	0	0	0	0	0	0	0	0	0	0	0	0	0	0	0	0	0	0	0	0	0	0	0	0	0	0	0	0	0	0	0	0	0	0	0	0	0	0	0	0	0	0	0	0	0	0	0	1	0	0	49	0	0	0	58	0	0	0	0	0	0	0	0	78	0	52	0	0	53	0	0	0	0	0	0	279	0	0	0	0	195	60	0	0	7	0	0	0	0	0	0	0	0	0	0	0	0	0	0	0	0	0	0	8	7	0	0	0	0	0	0	0	84	0	330	0	37	16	0	30	0	0	0	42	49	8	0	0	0	0	22	170	35	0	0	0	68	0	0	0	0	0	0	255	0	0	0	0	204	11	3	20	0	0	19	75	0	0	0	292	30	210	0	54	0	130	0	0	0	109	0	65	41	147	336	8	0	0	0	87	37	213	0	1	17	75	0	3	62	159	24	0	0	0	0	169	5	229	0	0	25	0	0	0	6	79	0	0	19	22	49	35	23	0	103	47	217	43	135	66	25	111	0	68	23	112	92	175	21	44	87	154	0	123	112	40	84	127	37	32	68	0	102	0	0	13	408	0	21	192	225	46	192	111	38	0	32	0	0	103	0	147	54	107	178	0	0	0	43	115	151	138	0	109	277	185	17	0	93	1	0	0	106	39	73	0	48	23	0	41	135	35	0	30	105	23	121	85	180	0	432	79	0	98	105	37	28	80	163	0	36	42	152	124	73	148	0	71	44	45	71	123	50	24	0	0	152	11	57	0	27	39	101	113	40	34	37	433	25	45	119	116	0	59	109	50	52	66	31	87	106	70	40	47	76	224	92	53	54	37	91	95	161	182	0	73	284	164	135	191	109	112	40	0	82	219	0	29	191	15	64	56	129	47	74	50	203	62	130	54	0	0	71	0	96	77	64	0	0	0	224	148	81	35	213	77	41	174	187	158	238	53	100	65	98	39	81	67	0	104	74	153	139	4	137	111	75	85	19	133	87	19	26	47	194	92	97	26	19	176	91	264	35	38	73	17	86	31	132	182	49	36	136	124	100	123	54	47	92	29	188	67	106	113	255	88	166	124	24	120	53	190	52	264	10	90	39	54	0	159	119	72	15	146	33	0	62	51	26	246	81	153	27	71	4	52	146	22	36	105	96	0	215	192	31	86	69	100	147	67	26	6	89	89	134	0	89	227	45	46	155	60	135	44	34	201	53	21	91	62	45	105	84	62	29	176	152	162	60	27	57	199	65	87	262	69	71	11	30	20	159	51	45	64	77	114	105	82	102	12	255	398	117	128	69	25	80	25	22	14	1	124	80	78	29	76	98	91	41	113	34	152	107	89	77	40	95	129	32	10	95	79	58	208	89	27	155	146	56	11	116	176	171	21	189	86	41	70	175	174	54	136	189	130	59	107	97	61	21	19	73	19	70	49	24	72	56	217	103	27	104	81	32	120	64	23	94	40	24	30	221	191	157	56	64	101	29	146	115	28	34	211	174	31	117	32	18	106	28	58	113	62	59	264	236	164	37	81	142	92	44	2	67	25	186	49	127	44	79	57	79	110	49	18	157	179	84	97	116	79	24	154	0	29	65	134	251	88	172	20	160	126	105	200	0	17	72	40	167	210	41	47	171	57	45	131	89	34	47	97	231	162	22	84	218	206	40	72	60	258	27	74	106	197	81	14	61	40	62	147	32	98	253	205	67	144	99	53	78	29	49	50	66	68	266	68	169	90	60	79	76	306	165	97	84	44	68	126	59	200	83	109	121	68	121	154	49	29	88	24	46	55	89	70	27	160	124	57	336	50	41	90	104	226	110	80	16	51	44	89	353	79	171	91	115	19	206	107	88	57	248
14	0	0	0	0	0	0	0	0	0	0	0	0	0	0	0	0	0	0	1	0	0	0	0	0	0	0	0	0	0	0	0	0	0	0	0	0	0	0	0	0	0	0	0	0	0	0	0	0	0	0	0	0	0	0	0	0	0	0	0	0	0	0	0	0	0	0	0	0	0	0	0	0	0	0	0	0	0	0	0	0	0	0	0	0	0	0	0	0	0	0	0	0	0	0	0	0	0	0	0	0	0	0	0	0	0	0	0	0	0	0	0	0	0	0	0	0	0	0	0	1	0	0	0	0	0	0	0	0	0	0	0	0	0	0	0	0	0	0	0	0	0	0	0	0	0	0	0	0	0	0	0	0	0	0	0	0	0	0	0	0	0	0	0	2	0	0	0	0	0	0	0	0	0	0	0	0	0	121	0	0	0	0	0	0	0	0	0	0	0	0	0	0	0	0	0	0	0	0	0	0	0	0	0	0	0	0	0	0	0	0	0	0	0	0	0	0	0	0	0	0	0	13	0	0	0	0	0	0	0	0	0	0	0	0	0	0	0	0	0	19	0	0	0	0	0	84	0	0	0	114	0	0	0	0	34	0	0	0	0	0	0	0	0	0	287	0	0	4	0	19	0	29	0	189	0	0	0	0	0	0	0	0	0	0	0	0	0	0	0	0	0	0	0	0	0	0	0	0	0	0	80	72	0	46	0	0	0	0	55	0	0	0	5	112	0	0	0	0	0	138	105	24	51	0	0	61	0	178	0	0	0	0	86	0	70	0	0	240	14	57	112	27	28	37	82	0	0	0	130	48	61	0	199	0	67	0	0	0	7	0	294	21	28	88	0	0	0	0	61	60	51	0	0	252	165	56	156	27	185	60	0	0	18	0	129	14	27	0	0	30	0	15	0	0	128	0	0	16	92	67	44	53	0	40	129	18	47	163	48	53	59	0	115	165	162	163	47	122	49	3	75	0	4	134	93	126	138	82	122	180	2	41	0	0	18	69	0	0	92	24	159	2	49	224	58	27	0	0	91	0	37	39	137	125	0	0	0	30	80	13	71	0	263	27	55	59	0	125	1	0	0	92	64	23	0	127	29	0	126	107	45	0	0	111	0	61	34	102	6	286	113	0	48	76	0	17	78	96	0	68	116	96	32	176	71	0	30	4	39	221	116	155	68	0	0	153	167	87	10	15	299	95	42	110	59	151	41	89	66	31	122	0	138	185	36	118	83	218	96	81	84	58	122	12	115	11	68	43	83	192	5	55	45	0	25	71	223	31	299	36	44	126	0	40	122	26	2	113	259	97	39	28	52	13	61	123	152	93	46	0	0	130	2	325	125	5	10	0	0	59	59	54	0	55	152	72	180	152	186	96	106	34	10	52	178	85	54	0	96	102	20	38	32	59	211	36	74	275	38	132	89	64	82	190	120	94	140	380	129	52	104	45	170	282	179	36	105	82	55	198	46	112	164	21	77	45	206	23	71	27	94	257	81	103	75	349	17	86	112	66	272	79	43	260	80	129	67	0	394	75	68	182	277	52	0	86	141	82	46	31	228	244	150	127	31	191	188	50	106	181	0	91	140	102	66	138	56	61	129	107	52	139	124	64	3	113	39	188	151	103	180	60	17	24	49	111	11	32	162	14	174	109	57	109	61	68	71	80	60	102	21	44	36	101	350	86	31	48	76	27	142	60	90	81	108	101	16	138	93	69	218	74	107	6	12	81	5	124	201	0	103	30	35	41	45	5	40	194	132	62	20	134	240	6	55	154	12	55	21	28	10	19	78	233	63	109	166	21	68	96	27	21	79	22	29	169	75	47	149	22	111	17	168	295	109	275	245	58	69	160	85	56	70	113	224	156	97	193	146	105	507	15	150	98	181	217	82	109	74	57	43	133	71	226	26	148	110	131	48	224	10	50	108	205	107	22	71	47	37	56	63	82	71	340	109	73	275	200	72	113	12	133	226	112	268	121	112	34	98	99	54	243	179	138	32	188	17	12	393	134	144	0	57	31	106	293	46	21	71	160	47	145	91	0	294	64	118	179	64	156	56	112	18	27	28	49	312	31	29	25	6	160	129	47	246	118	80	54	36	39	222	188	166	35	180	58	47	33	251	26	73	59	22	240	158	347	19	79	122	47	189	165	61	36	184	55	39	99	43	107	239	68	66	55	133	23	249	184	49	146	156	91	29	70	63	104	188	54	38	178	57	101	137	734	127	99	149	125	46	53	240	119	134	39	160	302	132	238	84	209	189	129	90	166	29	100	31	50	75	80
15	0	0	0	0	0	0	0	0	0	0	0	0	0	0	0	0	0	0	0	0	0	0	0	0	0	0	0	0	0	0	0	0	0	0	0	0	0	0	0	0	0	0	0	0	0	0	0	0	0	0	0	0	0	0	0	0	0	0	0	0	0	0	0	0	0	0	0	0	0	0	0	0	0	0	0	0	0	0	0	0	0	0	0	0	0	0	0	0	0	0	0	0	0	0	0	0	0	0	0	0	0	0	0	0	0	33	0	0	0	0	0	0	0	0	0	0	0	0	0	0	0	0	0	0	0	0	0	0	0	0	0	0	0	0	0	0	0	0	0	0	0	0	0	0	0	0	0	0	0	0	0	0	0	0	0	0	0	0	0	0	0	0	0	0	0	0	1	0	0	0	0	0	0	0	0	0	0	0	0	0	0	0	0	0	0	0	0	0	0	0	0	0	0	0	0	0	0	0	0	0	0	0	0	0	0	0	0	0	0	0	0	0	0	0	0	0	0	0	0	0	0	0	0	0	0	1	0	0	0	0	0	0	0	0	0	0	0	0	0	291	0	0	0	0	0	48	0	0	0	0	0	0	0	0	169	0	0	2	0	0	0	0	0	0	0	0	0	0	0	22	25	0	0	7	0	0	0	0	0	0	0	0	0	0	6	0	0	0	0	0	0	0	0	0	7	0	0	2	0	0	0	170	0	159	0	0	0	0	263	0	0	6	174	205	0	0	0	0	0	71	63	304	24	0	0	80	0	0	0	0	0	0	28	0	26	0	0	259	0	0	51	32	116	94	19	0	0	0	101	159	225	0	147	0	21	0	0	0	0	0	84	186	96	120	0	0	0	0	11	41	13	0	0	196	88	0	133	83	53	37	0	0	0	0	106	176	41	0	0	55	7	0	0	0	35	0	0	165	62	97	51	89	50	50	116	169	234	81	73	54	203	0	24	35	136	50	27	257	43	39	76	0	109	48	107	8	66	58	25	20	0	42	0	0	3	88	0	0	46	46	117	133	70	98	55	193	0	0	169	0	9	13	96	275	14	0	0	72	174	107	33	0	99	88	16	0	0	58	5	0	0	117	136	130	0	34	137	0	298	69	245	0	0	4	7	318	203	49	0	245	96	0	136	152	0	46	277	59	0	30	91	63	70	129	67	0	100	16	117	116	47	62	95	0	0	85	48	50	0	0	16	179	97	84	33	36	126	10	164	126	118	27	34	144	59	68	97	31	82	49	67	53	109	9	81	30	147	118	119	66	155	105	216	0	97	40	101	124	100	32	83	61	7	40	145	55	83	90	15	135	122	80	73	183	78	24	133	241	6	0	0	164	65	57	52	56	0	0	0	148	18	80	0	73	162	145	160	68	70	17	51	114	70	101	64	125	105	0	39	143	145	121	91	79	99	30	111	142	110	62	82	72	184	12	125	153	83	121	82	149	48	85	60	496	217	198	126	135	57	65	59	219	30	174	103	180	73	84	237	107	81	139	323	107	51	150	85	319	202	53	52	193	32	100	20	84	145	10	193	28	22	132	221	40	0	14	52	33	207	80	117	191	9	18	96	268	40	72	53	65	0	116	65	59	58	26	52	146	76	64	25	14	243	120	60	49	65	28	29	121	24	84	19	53	230	70	212	193	232	143	17	144	184	85	261	41	118	120	76	20	63	234	222	67	300	91	18	4	293	86	33	65	62	12	158	66	72	39	265	154	129	91	277	92	81	130	33	127	89	0	71	167	75	37	134	193	7	22	29	57	80	103	153	48	87	77	247	74	53	60	7	77	86	38	33	78	361	42	117	87	74	86	31	77	40	14	104	138	49	114	75	160	73	84	124	4	216	67	70	168	63	71	149	94	144	188	96	16	176	23	62	23	174	105	192	72	372	27	9	21	70	138	161	165	147	88	65	149	40	66	109	315	108	122	36	65	62	145	205	33	227	143	96	77	107	219	143	11	161	343	303	92	267	24	281	85	164	240	31	72	90	54	172	15	87	148	80	62	149	38	64	0	147	242	217	40	85	61	115	40	76	111	115	0	88	49	68	107	89	79	43	142	135	80	133	119	84	187	69	339	162	55	121	66	68	63	126	54	117	210	245	105	139	75	75	19	25	71	47	193	139	213	33	194	194	146	68	48	172	16	81	47	118	2	72	275	251	64	98	18	100	213	25	22	75	64	49	100	78	67	110	27	74	127	54	48	5	86	204	81	10	215	119	225	104	70	92	67	93	90	20	133	16	270	110	33	109	76	82	62	47	138	64	105	65	204	168	187	14	135
16	0	0	0	0	0	0	0	0	0	0	0	0	0	0	0	0	0	0	0	0	0	0	0	0	0	0	0	0	0	0	0	0	0	0	0	0	0	0	0	0	0	0	0	0	0	0	0	0	0	0	0	0	0	0	0	0	0	0	0	0	0	0	0	0	0	0	0	0	0	0	0	0	0	0	0	0	0	0	0	0	0	0	0	0	0	0	0	0	0	0	0	0	0	0	0	0	0	0	0	0	0	0	0	0	0	0	0	0	0	0	0	0	0	0	0	0	0	0	0	0	0	0	0	0	0	0	0	0	0	0	0	0	0	0	0	0	0	0	0	0	0	0	0	0	0	0	0	0	0	0	0	0	0	0	0	0	0	0	0	0	0	0	0	0	0	0	0	0	0	0	0	0	0	0	0	0	0	0	0	0	0	0	0	0	0	0	0	0	0	0	0	0	0	0	0	0	0	0	0	0	77	0	0	12	0	0	0	0	0	0	0	0	0	0	0	0	0	0	0	0	8	0	0	0	0	0	0	0	0	0	0	0	0	0	0	0	0	0	0	160	0	0	0	0	0	73	0	0	0	5	0	0	0	0	137	0	0	0	2	0	0	0	0	0	50	0	0	0	0	0	0	0	0	323	0	0	0	0	0	0	0	0	0	0	0	0	0	0	0	0	0	0	0	0	0	0	0	0	0	0	0	37	0	253	0	0	0	0	90	2	0	4	91	35	0	0	0	0	0	76	105	135	0	0	0	34	0	0	0	0	0	0	177	0	43	0	0	95	53	88	14	2	14	4	39	0	0	0	22	78	35	0	6	0	125	0	0	0	0	10	66	44	8	37	2	0	0	0	11	21	67	0	0	308	57	0	28	44	74	41	0	0	58	0	163	105	102	0	0	72	0	5	0	0	169	0	0	114	86	99	18	30	41	142	91	151	50	35	28	94	66	0	184	79	27	26	134	107	133	88	94	0	37	101	121	63	189	54	9	189	0	142	0	0	0	94	0	0	46	86	58	219	99	118	4	124	1	0	217	0	146	83	161	34	0	0	0	52	108	74	126	0	165	36	164	76	0	49	0	0	0	152	33	86	0	323	76	0	68	104	55	0	0	41	6	103	16	36	0	78	55	0	6	117	100	447	57	21	0	160	18	70	189	197	21	0	69	248	123	104	148	105	119	0	0	28	45	116	0	113	219	22	104	62	67	48	93	131	93	65	183	48	123	169	210	100	56	118	237	148	171	148	47	139	14	76	42	136	67	82	181	139	37	0	77	54	290	24	149	192	117	141	31	14	136	49	37	70	161	10	26	10	35	84	29	110	34	2	76	0	0	164	2	146	103	121	0	0	0	22	19	30	0	59	91	44	31	64	211	62	166	127	22	1	38	464	148	0	105	5	94	43	213	104	138	5	5	39	26	64	152	108	122	81	287	141	62	168	193	6	66	141	77	85	48	93	58	41	54	51	50	162	55	82	59	71	130	9	79	177	341	85	198	88	56	87	44	176	279	41	57	147	52	47	126	36	5	0	164	67	25	90	57	37	0	14	112	37	22	57	295	388	97	122	173	105	206	164	30	166	0	4	63	178	132	36	74	99	78	151	0	46	104	123	0	170	30	53	117	31	61	65	130	15	224	169	19	91	24	266	26	26	115	146	118	41	86	66	122	24	20	103	197	109	33	88	122	89	158	39	70	33	31	136	21	69	92	45	83	145	223	14	251	165	40	66	59	77	67	0	28	196	16	13	109	21	213	76	190	139	114	213	58	23	154	63	77	69	115	123	188	14	184	99	164	36	61	107	176	40	97	10	37	106	72	70	185	158	129	163	75	155	81	134	74	64	310	113	10	65	108	105	38	55	27	117	45	164	69	363	45	68	9	131	79	160	102	185	92	260	221	20	253	183	51	141	35	35	17	103	200	166	119	74	20	200	109	41	116	121	59	87	33	72	66	28	31	41	16	106	14	106	134	197	154	76	200	129	217	186	46	86	179	131	223	28	50	263	51	129	209	0	106	99	51	78	271	14	73	58	52	113	199	0	57	57	214	49	10	201	41	37	30	61	97	90	317	300	39	40	98	56	117	338	110	71	147	61	70	111	50	214	55	51	112	91	103	63	22	198	60	140	92	110	40	52	140	130	170	210	104	62	65	85	32	30	173	116	17	221	42	24	200	112	105	324	106	175	79	157	88	80	36	127	157	21	147	53	101	82	133	136	95	44	163	2	88	39	35	51	197	102	15	17	121	97	79	177	317	111	85	112	3	223	65	178	142	82	87	153
17	0	0	0	0	0	0	0	0	0	0	0	0	0	0	0	0	0	0	0	0	0	0	0	0	0	0	0	0	0	0	0	0	0	0	0	0	0	0	0	0	0	0	0	0	0	0	0	0	0	0	0	0	0	0	0	0	0	0	0	0	0	0	0	0	0	0	0	0	0	0	0	0	0	0	77	0	0	0	0	0	0	0	0	0	0	0	0	0	0	0	0	0	0	26	0	0	0	0	0	0	0	0	0	0	0	0	0	0	0	0	0	0	0	0	0	0	0	0	0	0	0	0	0	0	0	0	0	0	0	6	0	0	0	0	0	0	0	0	0	0	0	0	0	0	0	0	0	0	0	0	0	5	0	0	0	0	0	0	0	0	0	0	0	0	0	0	0	0	0	0	0	0	0	0	0	0	0	0	0	0	0	0	0	0	43	0	0	0	0	0	0	0	0	0	0	0	0	0	0	0	0	34	0	0	0	0	0	0	0	0	0	0	0	0	3	0	0	0	0	0	0	0	0	0	0	0	0	0	0	0	0	0	0	0	0	0	0	0	0	169	0	0	0	0	0	0	0	0	0	22	0	0	0	0	0	0	0	0	0	0	0	0	0	0	2	0	0	0	0	28	158	0	11	104	0	0	0	0	0	0	0	0	0	0	5	0	3	0	0	0	0	0	1	0	0	0	0	0	0	0	0	174	0	155	1	22	0	0	58	0	0	0	72	219	0	0	0	0	0	216	91	147	0	0	0	256	1	47	0	0	0	0	172	2	82	0	2	96	3	14	87	68	44	19	56	0	0	1	106	60	37	0	190	0	164	0	0	0	16	23	32	199	76	142	0	0	0	0	78	104	95	0	0	75	28	0	8	93	153	57	0	0	29	15	102	268	35	0	0	48	0	0	0	12	153	0	0	48	50	69	86	62	0	173	165	14	128	22	91	50	119	0	50	66	105	81	45	382	69	309	131	0	302	201	183	20	139	47	37	91	0	41	0	41	2	94	0	0	62	237	7	126	70	29	0	162	0	0	104	0	38	10	31	80	0	0	0	120	83	178	70	0	162	113	90	7	0	153	11	0	0	122	9	8	0	130	47	0	179	78	63	0	0	129	1	37	174	144	0	51	93	0	147	51	0	75	28	139	0	20	388	187	385	102	135	0	59	91	97	142	78	87	128	0	0	174	60	4	0	226	109	30	77	116	72	18	90	101	61	143	74	0	83	48	40	261	109	37	170	150	136	65	71	202	18	50	6	35	28	20	19	14	154	0	92	152	125	88	91	161	161	51	0	82	279	161	262	188	94	61	86	37	16	5	85	94	144	231	83	0	0	70	0	141	225	127	11	0	0	206	40	56	0	11	153	210	69	57	50	153	15	43	123	57	257	135	13	0	35	59	14	35	123	188	94	18	32	79	259	167	101	86	131	257	31	80	119	144	109	33	104	49	95	129	21	85	58	205	256	45	51	63	51	39	142	98	14	261	30	195	20	23	99	68	25	86	13	69	40	100	123	21	97	39	116	168	10	0	246	114	30	76	82	71	2	45	82	213	67	85	85	102	129	311	221	199	140	41	48	18	0	57	9	19	59	70	50	81	156	114	11	33	236	151	0	41	98	80	37	85	120	117	6	71	59	169	59	102	114	98	46	64	17	81	75	53	93	44	159	202	182	185	33	134	37	133	224	150	60	111	89	63	95	56	156	38	242	67	211	61	32	79	51	53	143	67	141	213	100	0	117	91	61	84	98	17	17	85	38	100	181	69	45	128	107	59	87	200	111	124	63	47	119	110	119	35	148	18	89	56	23	136	159	264	208	26	124	156	100	72	141	53	23	88	108	74	34	222	324	39	125	118	101	73	56	41	40	45	218	74	82	31	238	210	104	78	15	52	93	152	55	74	69	161	93	172	58	30	223	148	35	132	153	279	229	101	118	125	19	55	69	104	11	238	105	167	68	89	15	42	21	32	237	78	157	84	120	189	66	82	205	47	61	146	67	166	75	208	97	7	72	7	32	199	91	66	96	118	3	236	96	62	19	0	88	106	183	140	53	280	44	122	42	150	50	259	61	116	229	260	75	185	41	132	26	24	96	224	155	155	137	94	210	103	172	179	82	161	146	129	160	134	27	100	20	51	169	49	212	77	88	222	22	112	145	111	82	236	158	74	125	69	9	5	100	172	143	53	53	82	101	162	11	35	88	250	92	203	83	49	233	51	67	32	112	26	129	70	31	43	104	170	109	55	50	203	24	18	85	81	177	2	67	24	43	13	268	138	18	70
18	0	0	0	0	0	0	0	0	0	0	0	0	0	0	0	0	0	0	0	0	0	0	0	0	0	0	0	0	0	0	0	0	0	0	0	0	0	0	0	0	0	0	0	0	0	0	0	0	0	0	0	0	0	0	0	0	0	0	0	0	0	0	0	0	0	0	0	0	0	0	0	0	0	0	0	0	0	0	0	0	0	0	0	0	0	0	0	0	0	0	0	0	0	0	0	0	0	0	0	0	0	0	0	0	0	0	0	0	0	0	0	0	0	0	0	0	0	0	0	0	0	0	0	0	0	0	0	0	0	0	0	0	0	0	0	0	0	0	0	0	0	0	0	0	0	0	0	0	0	0	0	0	0	0	0	0	0	0	0	0	0	0	0	0	0	24	0	0	0	0	0	0	0	0	0	0	0	0	0	0	0	0	0	0	0	0	0	0	0	0	0	0	0	0	0	0	0	0	0	0	0	0	0	0	0	0	0	0	0	0	0	0	0	0	0	0	0	0	0	0	0	0	0	0	0	0	0	0	2	0	0	0	0	0	0	0	6	0	0	51	0	0	0	0	0	11	0	0	0	15	0	0	0	0	23	0	0	23	0	0	0	0	0	0	63	0	0	0	0	100	25	0	0	3	0	0	0	0	0	0	0	0	13	0	0	0	0	0	0	0	0	0	0	0	0	0	0	0	0	0	0	95	0	0	0	57	0	0	133	0	0	0	9	44	0	0	0	1	0	11	57	2	3	0	0	37	0	4	0	0	0	0	68	0	97	12	0	253	0	29	43	5	0	175	78	29	2	0	25	111	38	0	289	0	34	0	0	0	1	0	31	55	103	64	0	0	0	0	89	80	65	0	0	74	10	0	115	117	129	87	0	0	0	0	56	23	25	0	0	13	0	0	0	0	30	0	0	31	85	239	120	215	0	233	136	40	116	68	18	28	125	0	167	7	106	153	183	53	172	49	109	0	214	126	61	129	18	59	60	151	3	152	0	0	0	183	0	17	90	135	114	135	75	114	53	51	0	0	51	0	219	21	107	274	0	0	0	23	86	190	120	0	48	30	181	22	0	57	16	0	0	71	118	92	0	86	128	0	90	133	9	0	0	222	0	89	122	76	7	0	208	0	235	30	285	226	30	176	0	78	34	351	65	109	19	0	33	21	88	3	59	74	139	0	0	20	43	22	0	9	85	119	500	59	44	42	138	144	45	309	13	0	135	87	29	50	5	111	54	106	139	24	29	130	99	68	26	34	12	74	106	23	125	0	187	49	92	90	75	66	77	226	0	9	69	15	22	144	49	250	35	55	43	220	111	60	4	46	59	0	0	119	0	26	90	107	0	0	0	3	118	102	0	4	131	430	122	191	70	224	122	238	12	96	54	31	80	0	52	179	78	274	33	66	338	101	158	93	86	149	18	35	50	72	42	79	103	36	87	69	213	40	105	41	73	22	26	94	141	184	41	130	159	59	10	67	86	96	67	119	86	79	54	191	4	284	121	260	58	121	23	70	122	128	40	94	29	0	102	64	158	47	220	43	0	122	134	129	72	153	98	60	137	95	62	8	154	11	40	48	0	89	56	96	36	29	126	19	122	145	77	139	155	525	0	113	114	106	95	239	95	38	65	184	79	80	29	21	31	176	26	262	178	168	190	71	291	27	76	84	145	41	72	81	11	101	150	242	49	146	112	65	125	183	190	119	12	137	64	15	51	165	115	94	117	124	164	108	202	0	209	34	52	135	71	139	116	203	148	102	69	86	62	105	92	231	11	94	243	61	108	106	58	54	7	109	103	35	90	174	81	182	47	79	8	170	66	114	36	152	158	438	95	214	246	208	70	41	56	67	205	112	101	90	5	134	57	140	126	104	140	33	91	91	42	193	91	274	160	94	56	72	93	43	108	76	102	197	29	40	76	91	76	32	166	216	35	137	106	57	270	71	77	33	23	198	123	65	68	215	75	86	126	13	40	7	67	353	52	59	116	153	29	127	7	112	110	49	227	12	87	0	44	196	69	125	24	45	166	9	79	40	41	0	68	131	157	61	28	38	62	37	178	254	30	371	9	159	12	140	82	261	158	163	102	36	25	162	139	54	5	88	133	120	200	212	11	70	100	63	118	101	122	105	77	177	127	33	165	90	61	104	158	75	178	80	33	90	92	249	209	63	158	48	328	94	101	4	217	151	179	38	71	59	62	149	22	15	120	178	30	49	143	111	93	35	221	77	120	116	44	36	43	57	185	161	146	42	167	112	111	36	121	117	33	120	110	27	95	71
19	0	0	0	0	0	0	0	0	0	0	0	0	0	0	0	0	0	0	0	0	0	0	0	0	0	0	0	0	0	0	0	0	0	0	0	0	0	0	0	0	0	0	0	0	0	0	0	0	0	0	0	0	0	0	0	0	0	0	0	0	0	0	0	0	17	0	0	0	0	0	0	0	0	0	0	0	0	11	0	0	0	0	0	0	0	0	0	0	0	0	0	0	0	0	0	0	0	0	0	0	0	0	0	0	0	0	0	0	0	0	0	0	0	0	0	0	0	0	0	0	0	0	0	0	0	0	4	0	0	0	0	0	0	0	0	0	0	0	0	0	0	0	0	0	0	0	0	0	0	0	0	0	0	0	0	0	0	0	0	0	0	0	0	2	0	0	0	0	0	16	0	0	0	0	0	0	0	0	0	0	12	0	0	7	0	0	0	0	0	0	0	0	0	0	0	0	0	0	0	0	0	0	0	0	0	0	0	0	0	0	0	0	0	0	0	0	0	0	0	0	0	0	0	0	0	0	0	0	0	0	0	0	0	0	0	0	0	0	0	24	0	0	0	0	0	0	0	0	0	7	0	0	0	0	0	0	0	0	0	0	0	0	0	0	61	0	0	0	0	119	101	0	0	71	0	0	0	0	0	0	0	0	0	0	0	15	0	0	0	0	0	0	0	0	0	0	0	0	0	0	0	128	0	81	0	0	0	1	424	0	0	0	160	64	0	0	0	0	0	65	134	72	0	0	0	55	0	0	0	1	0	0	98	0	26	0	0	17	0	44	11	50	16	124	143	0	0	4	80	68	70	0	78	0	126	0	0	0	0	0	42	45	187	35	0	0	0	0	42	96	25	0	13	89	34	0	30	8	127	199	0	0	1	0	221	33	75	0	0	63	0	23	0	0	139	0	0	96	3	379	32	98	0	208	9	35	69	116	50	92	33	0	123	55	24	267	52	44	60	163	23	0	87	38	60	130	58	47	19	210	0	79	0	0	0	93	0	1	29	128	262	147	43	257	3	13	0	0	104	0	15	252	65	55	0	0	0	298	72	60	88	0	240	52	73	0	0	129	49	0	0	43	127	42	0	110	32	0	18	139	180	0	0	30	9	49	54	24	0	13	58	0	123	96	24	167	45	20	23	83	130	175	104	136	38	0	29	32	130	92	135	96	344	0	0	35	98	214	0	49	51	7	265	167	51	88	140	107	32	62	28	0	285	173	42	68	133	168	23	268	137	82	98	128	27	23	22	157	55	169	46	34	418	0	61	35	59	51	30	279	82	118	0	167	243	81	67	145	61	103	15	45	20	158	110	32	28	232	39	0	0	30	0	179	140	120	13	0	0	185	95	154	0	123	93	110	153	45	230	41	49	109	68	65	132	127	184	0	49	68	159	266	14	198	174	166	31	66	243	169	91	100	98	114	96	67	103	58	174	187	62	105	93	196	13	121	48	197	149	92	95	140	96	55	19	105	5	16	144	86	118	99	66	82	169	132	202	71	29	416	108	75	127	72	209	228	91	7	115	64	102	133	71	25	0	146	148	61	120	171	75	143	63	63	157	72	34	55	51	123	0	67	159	4	16	300	58	40	23	104	99	104	86	33	0	49	214	63	70	72	168	193	26	65	14	112	23	47	186	44	156	180	34	96	15	115	105	69	63	153	44	12	103	166	140	214	58	128	16	189	35	41	49	15	105	29	41	89	210	230	149	55	116	114	97	59	37	67	51	0	97	117	11	49	153	41	42	46	134	65	55	135	172	199	75	15	77	85	41	59	165	98	52	79	23	106	112	31	80	101	318	51	150	26	65	124	112	312	179	58	260	139	25	214	48	120	62	77	21	192	120	132	75	50	79	97	105	13	38	142	69	70	55	136	275	33	80	58	125	107	87	43	119	217	73	117	106	38	9	131	71	88	250	59	64	123	81	25	63	60	31	93	18	72	201	34	214	197	200	198	4	138	91	74	11	50	74	255	84	125	49	121	48	43	196	38	108	67	101	159	55	0	110	160	85	100	117	181	32	70	130	217	117	0	240	121	97	47	33	203	79	126	122	175	22	107	105	28	78	204	84	31	200	221	73	293	172	56	29	16	68	95	85	150	40	50	206	214	195	26	27	140	61	182	56	83	39	197	45	97	156	72	126	61	51	64	44	45	157	0	122	50	89	77	68	143	63	34	47	145	74	160	35	44	76	21	77	132	88	113	61	32	32	162	133	175	110	91	32	35	256	29	122	74	65	49	97	61	93	106	129	62	110	30	67	108	170	192	76	6
20	0	0	0	0	0	0	0	0	0	0	0	0	0	0	0	0	0	0	0	0	0	0	0	0	0	0	0	0	0	0	0	0	0	0	0	0	0	0	0	0	0	0	0	0	0	0	0	0	0	0	0	0	0	0	0	0	0	0	0	0	0	0	0	0	0	0	0	0	0	0	0	0	0	0	0	0	0	0	0	0	0	0	0	0	0	0	0	0	0	0	0	0	0	0	0	0	0	0	0	0	0	0	0	0	0	0	0	0	0	0	0	0	0	0	0	0	0	4	0	0	0	0	0	0	0	0	0	0	0	0	0	0	0	0	0	0	0	0	0	0	0	0	0	0	0	0	20	0	0	0	0	0	0	0	0	0	0	0	0	0	0	0	0	0	0	0	0	0	0	0	0	0	0	0	0	0	0	0	0	0	0	0	0	0	0	0	0	0	0	0	0	0	0	0	0	0	0	0	0	0	0	0	0	0	0	0	0	0	0	0	0	0	0	10	0	0	0	23	0	0	0	0	0	0	0	0	0	0	0	0	0	0	0	0	0	0	0	0	0	44	0	0	0	0	3	4	0	0	0	12	0	0	0	0	86	0	0	0	0	0	0	0	0	0	0	0	0	0	0	14	90	0	0	10	0	0	0	0	0	0	0	1	0	0	18	0	0	0	0	0	0	0	0	0	2	0	0	0	0	0	0	66	0	16	97	2	6	0	35	0	0	0	39	108	0	0	0	0	0	227	79	8	11	0	0	78	0	0	0	0	0	0	224	0	21	0	0	89	2	110	32	26	99	52	23	0	0	0	157	76	18	0	180	0	37	0	0	19	3	0	92	66	94	167	0	0	0	0	120	33	86	0	0	63	78	0	95	63	62	115	0	0	8	0	52	5	179	0	0	27	10	115	0	0	10	0	0	2	282	92	172	96	0	35	196	80	226	105	28	58	55	0	16	136	41	92	59	43	107	106	157	0	260	140	6	288	35	121	65	122	6	133	0	0	0	31	0	49	90	136	73	131	81	154	73	113	0	0	195	1	37	21	204	72	0	0	0	54	86	88	151	0	128	116	34	9	0	172	0	0	0	29	110	7	0	414	9	0	66	113	231	0	72	122	9	252	64	77	0	27	154	0	67	99	0	98	86	60	68	110	53	62	271	132	74	0	77	118	110	36	87	85	180	18	6	43	147	243	0	14	18	123	163	158	4	61	138	147	104	139	145	0	67	133	100	132	10	82	55	160	94	115	72	39	168	121	46	128	103	33	45	220	25	0	87	21	81	14	86	75	94	144	0	50	84	107	121	52	165	71	149	113	90	157	18	99	34	178	92	0	0	108	0	118	80	127	0	0	0	15	20	73	0	60	104	147	107	36	76	76	119	94	65	79	93	88	68	0	152	266	110	106	44	57	78	24	83	101	42	119	124	74	95	47	154	211	28	147	25	127	46	112	99	183	19	235	35	122	32	37	161	90	127	180	60	34	99	64	153	239	38	93	85	24	258	109	104	20	43	28	143	46	21	69	146	42	16	0	102	60	68	121	72	140	0	112	32	135	13	133	159	66	6	248	90	109	134	114	39	165	0	126	89	55	65	51	105	75	312	137	102	288	178	21	0	185	102	27	41	25	93	100	51	14	68	149	84	147	170	109	48	145	19	112	60	67	49	194	173	43	232	112	193	10	103	232	104	97	188	109	65	73	122	60	71	47	6	13	60	111	162	85	300	180	151	56	66	52	131	0	114	43	87	207	62	70	219	110	149	39	62	48	35	33	172	11	86	89	13	131	111	27	5	91	151	113	84	39	76	231	55	138	73	83	77	110	276	92	153	97	36	66	158	118	45	230	68	115	103	37	82	123	141	159	102	66	30	34	105	6	3	55	70	71	100	74	82	146	374	14	121	38	154	120	52	66	128	201	62	178	117	130	53	50	9	69	17	90	70	29	120	79	133	33	53	117	27	108	128	143	139	42	51	141	40	213	25	145	49	30	48	29	9	82	90	105	35	135	27	522	149	0	150	37	63	66	229	108	61	54	115	61	44	0	217	145	107	108	55	30	119	93	190	255	120	53	147	145	120	3	109	73	114	18	150	31	36	80	187	53	116	51	111	251	33	109	79	16	147	19	39	149	99	249	161	70	141	247	139	155	63	137	34	29	22	54	136	299	146	68	129	62	110	156	305	94	148	37	95	147	501	85	107	64	131	58	18	31	15	22	21	82	75	27	36	207	133	62	162	51	84	52	192	121	68	91	112	226	158	101	248	136	15	164	308	38	113	213	40	30
21	0	0	0	0	0	0	0	0	0	0	0	0	0	0	0	0	0	0	0	0	0	0	0	0	0	0	0	0	0	0	0	0	0	0	0	0	0	0	0	58	0	0	0	0	0	0	0	0	0	0	0	0	0	0	0	0	0	0	0	0	0	0	0	0	0	0	0	0	0	0	0	0	0	0	0	0	0	0	0	0	0	0	0	0	0	0	0	0	0	0	0	0	0	0	0	0	0	0	0	0	0	0	7	0	0	0	0	0	0	0	0	0	0	0	0	0	0	0	0	0	0	0	0	0	0	0	0	0	0	0	0	0	0	0	0	0	0	0	0	0	0	0	0	0	0	0	0	0	0	0	0	0	0	0	0	0	0	0	0	0	0	0	0	0	0	0	0	0	0	0	0	0	0	0	0	2	0	0	0	0	0	0	0	0	0	0	0	0	0	0	25	0	0	0	0	0	0	0	0	0	0	0	0	0	3	0	0	0	0	0	0	0	0	0	0	0	0	0	0	0	0	66	0	0	0	0	0	0	0	0	0	0	0	0	0	0	0	2	0	42	0	0	0	0	0	1	0	0	0	0	2	0	0	0	73	0	0	0	0	0	0	23	0	0	0	0	0	0	0	215	26	18	0	148	0	0	0	0	0	0	0	0	0	0	27	0	0	0	1	0	0	0	6	0	0	0	0	0	0	0	0	13	0	179	0	0	0	0	66	12	0	0	28	103	0	0	0	0	0	40	19	37	0	0	46	48	0	107	3	0	0	64	13	0	26	0	0	62	0	8	30	5	71	158	152	0	7	1	179	101	249	0	64	0	69	0	0	30	14	0	36	33	29	94	0	0	0	0	42	59	64	0	0	105	104	0	123	176	124	115	24	0	0	0	87	136	88	0	0	13	0	1	0	0	29	0	0	144	65	70	156	7	0	65	90	39	306	174	119	26	17	0	78	52	18	45	123	162	143	62	152	0	9	147	75	166	58	80	269	18	0	47	0	0	0	84	0	0	97	33	73	75	74	114	0	202	0	0	56	0	0	71	129	40	0	0	0	119	56	356	380	6	102	25	109	0	0	29	19	0	0	65	168	33	0	81	42	0	125	73	31	0	0	212	0	352	119	73	0	186	80	0	315	75	97	46	81	97	0	73	53	71	133	77	140	0	228	255	7	58	29	30	87	3	0	83	145	22	0	133	52	6	54	36	93	13	253	58	41	81	270	0	33	31	25	109	16	90	58	60	196	39	113	43	15	101	3	89	127	263	68	114	44	0	64	183	77	30	72	83	97	24	0	26	114	131	151	163	121	196	272	149	77	130	87	120	81	266	55	0	0	235	0	37	94	139	0	0	0	75	64	214	0	22	127	21	196	291	31	82	95	39	213	323	86	366	207	0	60	128	289	149	330	111	124	113	30	187	145	30	83	79	41	61	130	21	21	129	198	165	188	71	31	38	57	49	17	122	239	44	10	78	60	89	23	115	189	32	134	201	37	114	304	177	98	31	45	67	22	147	77	67	22	16	104	65	105	0	140	57	182	35	14	42	0	89	22	75	53	57	167	60	160	120	157	106	109	102	19	39	0	120	68	51	146	194	136	54	101	46	39	9	47	74	0	38	65	33	64	295	71	74	1	42	37	83	134	284	9	68	111	54	97	191	143	86	202	198	63	10	221	30	44	183	223	44	98	7	89	123	66	69	66	105	112	95	233	24	101	78	83	108	114	121	45	4	35	57	83	0	141	351	145	212	22	60	160	147	26	72	195	118	91	127	86	81	131	138	175	161	139	215	137	114	30	57	126	48	176	82	29	154	155	167	110	114	159	104	31	84	97	26	18	90	61	78	154	145	58	137	119	215	107	145	33	52	203	61	72	62	111	80	130	11	76	112	219	122	116	108	53	78	68	142	33	71	143	79	131	183	108	247	345	101	131	69	18	173	123	19	96	136	54	114	39	146	79	10	291	112	104	187	16	46	107	88	80	26	63	83	65	48	20	62	6	22	41	10	64	115	90	0	56	119	56	50	60	109	35	46	64	222	22	0	64	28	151	221	155	142	223	121	20	35	24	103	137	30	242	66	44	95	119	131	43	18	93	23	10	292	52	64	112	93	41	79	15	67	77	157	22	47	5	145	15	129	149	28	64	63	66	82	84	44	107	208	63	48	74	46	303	83	192	88	207	10	130	78	131	42	160	15	132	160	8	204	116	82	33	93	65	130	141	76	105	8	26	63	50	24	187	35	26	245	309	104	47	31	123	62	94	59	64	19	200	264	54	23	92	138
22	0	0	0	0	0	0	0	0	0	0	0	57	0	0	0	0	0	0	0	0	0	0	0	0	0	0	0	0	0	0	0	0	0	0	0	0	0	2	0	0	0	0	0	0	0	0	0	0	0	0	0	0	0	0	0	0	0	0	0	0	0	0	0	0	0	0	0	0	0	0	0	0	0	0	0	0	0	0	0	0	0	0	0	0	0	0	0	0	0	0	0	0	0	0	0	0	0	0	0	0	0	0	0	0	0	0	0	0	0	0	0	0	0	0	0	0	0	0	0	0	0	0	0	0	0	0	0	0	0	0	0	0	0	0	0	0	0	0	0	0	0	0	0	0	0	0	0	0	0	0	0	0	0	0	0	0	0	0	0	0	0	0	0	0	0	0	0	0	0	0	0	0	0	0	0	0	0	17	0	0	0	0	0	0	0	0	0	0	0	0	0	0	0	0	0	1	0	0	0	0	0	0	0	0	0	0	0	0	0	0	0	0	0	0	0	0	0	0	0	0	0	0	0	0	0	0	28	0	0	0	0	0	0	0	0	0	0	0	0	45	0	0	0	0	0	6	0	0	0	41	0	0	0	0	156	2	0	1	0	0	0	0	0	0	61	0	0	0	0	149	26	0	0	46	0	0	0	26	0	0	0	0	5	0	0	91	0	0	0	0	0	0	0	42	0	0	3	0	0	0	0	145	0	141	0	159	0	0	104	26	0	0	129	159	0	0	0	0	0	122	34	0	0	0	0	96	0	29	0	0	0	0	98	0	16	0	0	44	27	60	23	9	0	92	206	0	0	0	12	40	213	58	105	0	181	0	0	0	62	31	37	71	247	187	15	2	0	0	46	242	163	0	0	23	285	2	112	170	32	45	0	0	0	0	110	0	27	0	0	189	0	9	0	0	0	0	0	142	100	102	20	124	0	140	83	104	74	57	245	79	165	0	215	93	131	43	23	80	96	90	70	0	16	171	40	234	193	71	150	30	0	31	0	0	0	66	0	0	36	138	62	328	135	59	9	80	0	0	157	0	14	113	76	162	0	0	0	24	88	25	107	3	162	179	113	0	0	217	29	0	0	145	283	94	0	79	78	0	36	69	141	0	0	47	0	80	169	89	0	285	169	0	94	115	27	118	156	12	0	57	134	77	36	92	71	0	13	98	55	220	31	171	112	0	0	159	56	26	0	219	98	116	106	183	51	29	26	239	21	293	24	0	44	161	151	211	133	74	87	101	3	50	72	184	82	23	71	29	214	49	102	28	36	0	31	42	64	156	49	100	9	41	0	150	184	23	43	10	35	46	133	25	13	75	114	51	300	11	77	0	0	76	0	138	45	16	0	0	0	146	121	35	0	62	92	89	62	199	70	64	133	151	72	68	86	299	22	0	203	53	251	117	48	152	188	42	12	118	24	89	71	22	115	58	87	28	139	177	19	25	153	95	200	8	67	94	43	53	111	108	70	37	227	193	52	175	67	27	72	33	140	122	229	69	55	122	168	153	47	131	136	66	5	23	38	92	148	0	49	367	25	44	51	50	0	61	146	51	159	41	56	76	120	12	57	71	50	147	240	116	0	41	66	45	56	63	76	171	71	160	73	138	69	24	0	64	63	175	185	146	83	106	149	61	66	12	23	102	33	90	109	82	139	103	68	227	9	149	148	56	53	108	127	79	115	285	51	264	216	23	78	232	83	20	65	438	67	141	57	90	66	91	42	61	229	84	180	212	119	0	135	247	109	67	26	90	25	116	139	163	72	54	42	62	93	108	194	69	20	123	52	93	226	96	32	196	98	62	248	65	55	110	240	12	100	99	76	2	270	42	231	185	80	70	120	149	76	261	249	25	59	47	141	41	287	84	11	43	67	150	13	65	121	98	108	83	87	41	152	24	114	38	24	54	30	41	61	9	223	130	136	15	44	93	124	28	226	8	242	63	145	4	130	161	130	55	81	110	173	116	38	38	33	221	37	135	237	100	64	43	170	16	410	25	179	38	6	146	65	175	16	0	98	113	84	30	32	90	70	237	379	117	113	10	39	53	40	46	176	349	37	118	41	44	118	6	104	130	102	152	38	36	118	63	57	113	86	67	25	67	97	166	28	51	117	202	154	109	17	92	40	30	24	58	39	96	87	96	210	60	188	87	116	30	99	138	145	50	142	99	121	250	80	123	77	47	194	316	276	16	118	151	9	197	73	96	47	291	36	77	40	205	241	57	153	91	70	133	215	190	59	79	201	80	97	17	186	151	90	56	16	45	87	158	68	233	43	150	31	167
23	0	0	0	0	0	0	0	0	0	0	0	0	0	0	0	0	0	0	0	0	0	0	0	0	0	0	0	0	0	0	0	0	0	0	0	0	0	0	0	0	0	0	0	0	0	0	0	0	0	0	0	0	0	0	0	0	0	0	0	0	0	0	0	0	0	0	0	0	0	0	0	0	0	0	0	0	0	0	0	0	0	0	0	0	0	0	0	0	0	0	0	0	0	0	0	0	0	0	0	0	0	0	0	0	0	0	0	0	0	0	0	0	0	0	0	0	0	42	0	0	0	0	0	0	0	0	0	0	0	0	0	0	0	0	0	0	0	0	0	0	0	0	0	0	0	0	0	0	0	0	0	0	0	0	0	0	0	0	0	0	0	0	0	0	0	0	0	0	0	0	0	0	0	0	0	0	0	0	0	0	0	6	0	0	0	0	0	0	0	0	0	0	0	0	0	0	0	0	0	0	0	0	0	0	0	0	0	0	0	0	0	0	0	0	0	0	0	0	0	0	0	0	0	0	0	0	0	0	0	0	0	0	0	0	0	0	0	0	0	108	0	0	0	0	0	85	0	0	0	0	0	0	0	0	31	0	0	0	0	0	0	0	0	0	85	0	0	0	0	39	0	0	0	37	0	0	0	0	0	0	0	0	0	0	0	0	0	0	0	0	0	0	0	0	0	0	0	0	0	0	0	74	0	100	0	8	0	0	170	5	0	0	89	96	0	0	0	0	1	63	166	22	0	0	0	65	0	59	0	0	0	0	100	0	22	0	0	12	0	22	96	0	0	0	66	0	0	0	123	22	41	0	46	0	207	27	0	2	14	0	149	117	89	176	0	0	0	0	90	171	66	0	0	83	101	0	12	22	13	24	0	0	29	0	24	102	147	0	0	0	0	46	0	0	139	0	0	46	40	73	59	173	0	14	50	103	206	220	77	19	202	0	6	102	142	153	45	160	112	185	52	0	143	73	78	130	61	122	42	147	1	47	0	0	1	68	0	0	65	192	49	41	86	82	0	177	0	0	142	0	151	142	33	216	0	0	0	19	25	228	67	0	53	252	38	0	0	64	67	0	0	222	122	45	0	127	53	0	37	137	181	0	0	186	15	84	60	29	0	56	49	0	121	19	28	97	136	256	0	11	90	155	167	107	95	0	194	81	133	35	119	144	42	0	0	129	24	45	0	98	20	58	159	110	37	89	61	81	78	81	129	0	106	262	58	200	73	114	94	55	33	72	48	133	135	106	30	63	53	295	158	97	106	0	126	140	83	20	98	41	54	140	0	81	95	163	79	181	45	205	81	167	19	80	235	180	14	56	249	0	0	9	0	197	33	77	0	0	0	197	101	80	0	182	44	164	146	48	56	91	35	168	14	8	62	45	106	0	64	240	54	38	44	35	50	109	150	102	67	27	88	69	124	54	144	157	36	157	139	37	20	122	199	87	101	89	62	16	151	111	56	82	48	40	96	57	245	95	69	127	68	91	31	75	84	83	67	30	156	78	159	38	24	64	19	119	86	0	132	403	65	70	119	133	0	40	17	116	100	158	78	111	70	146	217	117	23	148	181	68	0	252	71	67	162	58	153	50	96	223	142	212	181	35	0	47	60	72	98	157	87	11	212	76	92	143	124	138	47	38	150	63	112	273	127	113	9	63	57	195	280	35	30	50	127	65	274	184	64	155	159	183	180	178	217	80	57	53	91	73	121	80	327	118	158	62	125	154	103	0	228	102	178	52	23	90	89	92	177	154	176	29	15	156	25	288	154	20	56	68	78	47	129	30	48	150	84	14	262	7	68	12	18	214	46	82	129	281	54	101	99	80	73	48	70	191	56	114	173	144	39	11	6	103	62	152	27	90	31	220	18	86	94	114	179	152	126	70	40	159	42	187	83	73	124	57	60	148	89	157	58	47	79	12	45	75	42	291	5	99	158	77	120	72	84	16	62	68	5	74	127	62	75	115	100	33	107	98	58	28	152	309	34	77	95	54	85	79	142	9	89	0	117	149	214	66	36	137	136	186	347	152	95	0	128	120	241	98	53	76	96	167	83	59	93	105	251	108	153	137	173	89	74	95	115	91	121	14	119	393	10	60	301	185	111	162	116	75	332	40	57	80	15	55	141	156	138	61	50	21	114	14	95	97	113	49	34	156	76	117	127	72	103	15	99	164	68	152	39	18	174	64	78	28	184	135	131	94	130	139	111	305	67	109	145	112	51	26	34	14	184	104	63	38	54	6	63	25	53	101	113	97	17	51	75	67	140	82	23	30
24	0	0	0	0	0	0	0	0	0	0	0	0	0	0	0	0	0	0	0	0	0	0	0	0	0	0	0	0	0	0	0	0	0	0	0	0	0	0	0	0	0	0	0	0	0	0	0	0	0	0	0	0	0	0	0	0	0	0	0	0	0	0	0	0	0	0	0	0	0	0	0	0	0	0	0	0	0	0	0	0	0	0	0	0	0	0	0	0	0	0	0	0	0	0	0	0	0	0	0	0	0	0	0	0	0	0	0	0	0	0	0	0	0	0	0	0	0	0	0	0	0	0	0	0	0	0	0	0	0	0	0	0	0	0	0	0	0	0	0	0	0	0	0	0	0	0	0	0	0	0	0	0	0	0	0	0	0	0	0	0	0	4	0	0	0	0	0	0	0	0	0	0	0	0	0	0	0	0	0	0	0	23	0	0	0	0	0	0	0	0	1	0	0	0	0	0	0	0	0	0	0	0	0	0	0	0	0	0	0	0	0	0	0	0	0	0	0	0	0	0	0	0	0	0	0	0	0	0	0	0	0	0	0	0	0	0	0	0	0	80	0	0	0	0	0	130	0	0	2	5	0	0	0	0	0	0	0	0	0	0	23	37	0	0	0	0	13	0	0	77	71	0	0	11	0	0	0	0	1	0	0	0	0	0	0	28	0	0	0	0	0	0	0	0	0	0	0	0	0	0	4	47	0	44	0	58	0	0	83	0	0	0	9	67	0	0	0	0	10	280	46	87	0	0	0	338	0	0	0	0	0	3	43	0	116	0	0	94	0	0	238	0	82	151	99	0	0	33	323	127	105	0	13	0	55	0	0	0	11	10	229	96	30	13	0	0	0	0	93	16	142	0	0	480	135	0	22	63	48	41	0	0	4	41	130	89	107	0	0	73	0	7	0	0	33	0	0	16	36	40	101	113	0	58	25	89	47	119	24	78	115	0	48	259	140	212	104	245	235	12	76	0	51	185	108	134	84	50	91	164	0	35	0	0	30	51	0	0	124	160	74	48	75	83	19	214	0	0	113	0	33	100	2	189	0	0	0	79	26	235	67	0	74	26	141	0	0	104	61	0	0	159	8	59	0	72	104	0	306	58	24	0	0	70	0	191	92	126	0	184	156	0	140	34	162	27	26	232	0	156	13	132	110	119	70	0	211	2	187	75	70	42	45	0	0	288	103	44	0	98	50	274	220	82	20	153	227	175	47	145	75	0	138	48	32	35	21	14	50	221	283	65	122	158	116	209	78	337	114	260	41	110	93	0	31	115	40	153	83	220	12	187	0	115	108	1	21	116	86	103	50	32	98	80	70	208	89	25	36	0	0	23	17	56	23	29	12	0	0	52	68	72	0	167	176	351	124	211	34	61	32	103	98	197	173	129	151	0	230	38	165	40	93	207	96	212	121	20	71	37	124	44	235	20	17	76	86	158	81	54	129	130	35	21	335	41	81	154	51	150	21	69	17	294	131	168	64	95	63	47	80	66	53	69	63	57	86	140	187	118	25	57	135	251	200	57	11	0	116	41	55	125	220	98	0	208	46	32	106	61	92	78	111	75	140	98	39	33	25	28	0	59	64	119	59	38	95	115	24	25	68	107	210	41	0	93	47	246	51	97	91	71	117	59	51	102	31	105	46	30	12	123	68	53	110	227	41	69	116	45	35	298	123	275	109	68	32	138	216	41	53	249	116	91	69	27	128	50	64	48	110	132	85	208	108	58	77	88	11	0	104	159	56	75	211	184	90	99	49	151	62	9	43	163	71	167	45	116	83	236	104	104	80	154	121	131	56	193	45	27	153	33	100	106	37	15	91	71	67	121	125	34	36	29	123	157	241	119	111	44	128	15	24	113	130	87	84	93	151	175	63	71	105	170	71	79	32	129	73	177	204	135	19	33	88	115	72	23	210	60	213	50	19	115	38	68	51	181	41	91	112	19	67	85	229	160	98	81	11	33	146	391	83	155	59	64	12	46	139	543	258	5	155	7	248	47	71	16	104	55	83	0	50	155	90	70	60	22	47	110	120	8	131	0	63	107	132	162	110	90	26	89	129	168	298	76	35	167	121	173	46	116	167	65	22	306	61	33	77	230	40	13	3	125	62	182	140	63	62	29	85	109	71	18	91	44	194	195	87	108	166	55	17	85	58	216	103	89	127	32	83	131	218	242	63	30	13	140	90	13	124	78	240	25	188	115	85	213	79	51	191	9	189	60	49	82	132	56	45	83	151	38	243	177	34	60	364	109	128	184	84	13	15	27	55	410	57	34	155	314
25	0	0	0	0	0	0	0	0	0	0	0	0	0	0	0	0	0	0	0	0	0	0	0	0	0	0	5	0	0	0	0	0	0	0	0	0	0	0	0	0	0	0	0	0	0	0	0	0	0	0	0	0	0	0	0	0	0	0	0	0	0	0	0	0	0	0	0	0	0	0	0	0	0	0	0	0	0	0	0	0	0	0	0	0	0	0	0	0	0	0	0	0	0	0	0	0	0	0	0	0	0	0	0	0	0	0	0	0	0	0	0	0	0	0	0	0	0	0	0	0	0	0	0	0	0	0	0	0	0	0	0	0	0	0	0	0	0	0	0	0	0	0	1	0	0	0	12	0	0	0	0	0	0	0	0	0	0	0	0	0	0	0	0	0	0	0	0	1	0	0	0	0	0	0	0	0	0	0	0	0	54	0	0	0	0	0	0	0	0	0	0	0	0	0	0	0	0	0	0	0	9	0	0	0	0	0	0	0	0	0	0	0	0	0	0	0	0	0	3	0	0	0	0	0	0	0	0	0	0	0	0	0	0	0	0	0	0	0	0	125	0	0	0	0	0	45	13	0	0	2	0	0	0	0	94	0	0	0	16	0	0	0	34	0	184	0	0	0	8	23	32	0	0	268	0	0	0	0	0	0	0	0	0	0	0	0	0	0	0	0	0	0	0	0	0	0	0	0	0	0	3	59	0	34	0	6	0	0	10	0	0	0	48	22	0	0	0	0	0	0	66	0	56	0	0	402	0	0	5	1	0	0	83	0	0	0	0	202	0	32	24	62	8	66	10	0	0	1	170	341	83	0	40	0	320	50	0	0	104	0	71	114	125	71	0	0	0	0	102	172	83	0	0	66	50	0	104	305	144	77	0	0	1	0	89	9	37	0	0	84	0	0	0	0	51	0	0	15	129	81	102	87	0	107	152	58	181	32	190	77	259	0	3	160	202	105	45	69	77	102	31	0	174	55	136	79	24	59	101	148	0	58	0	0	217	26	0	0	222	4	50	46	81	151	0	205	0	0	73	0	43	34	138	166	0	0	69	69	31	34	33	0	95	71	69	20	0	68	0	0	0	30	177	55	0	204	118	20	67	54	42	0	0	167	0	163	121	58	0	118	167	0	227	21	39	207	143	56	0	204	179	133	32	40	84	0	69	214	82	57	162	41	63	0	0	199	129	25	0	14	403	111	202	61	21	92	233	145	122	30	120	4	125	192	122	276	18	62	45	39	173	63	80	8	17	334	34	75	186	31	64	57	175	0	175	281	85	133	41	32	79	0	0	60	108	21	194	163	100	149	67	51	61	115	204	167	47	34	57	0	0	42	0	53	127	74	0	0	0	58	102	38	0	80	192	85	18	11	45	15	58	62	100	242	165	97	55	0	8	136	540	70	143	290	159	66	199	105	12	34	22	226	60	266	137	142	2	57	35	36	314	67	152	30	68	82	53	18	51	141	4	168	52	51	48	275	159	59	58	199	109	84	237	149	234	14	89	7	178	147	93	79	67	116	21	345	74	0	74	36	53	163	45	97	1	54	66	316	23	72	41	33	88	7	18	45	113	158	43	73	8	60	231	61	54	102	190	73	76	74	123	98	73	51	0	139	73	49	14	237	52	79	126	43	86	199	205	60	127	161	62	107	52	53	197	120	51	146	29	14	48	109	39	52	107	45	100	54	31	17	70	188	157	70	101	112	27	100	107	134	114	76	117	46	71	116	72	55	83	0	50	4	132	102	45	211	65	50	103	118	62	188	55	100	12	141	24	68	175	187	94	76	18	158	19	4	293	95	46	22	140	98	290	144	41	198	69	43	47	88	99	160	121	132	52	230	61	292	282	68	90	115	83	180	88	93	70	219	190	69	188	110	8	167	62	88	114	237	53	67	89	196	76	103	104	121	143	43	143	173	107	81	190	52	160	12	30	97	107	173	76	61	124	161	92	65	155	59	12	21	185	42	48	192	34	10	264	147	37	151	55	163	68	66	46	209	104	86	176	176	86	0	51	91	27	107	195	219	172	75	111	104	8	0	59	34	48	72	71	25	46	312	108	106	26	123	74	49	196	31	191	133	101	11	75	234	180	166	30	78	95	151	271	94	189	12	43	99	36	65	69	250	102	112	105	42	36	81	71	42	29	48	314	135	172	84	77	52	61	149	63	26	120	149	116	202	36	223	57	130	101	184	73	222	165	141	25	153	276	6	87	88	122	73	166	71	169	37	81	105	71	64	130	502	139	199	99	384	55	99	78	134	112	141	62	150	150	199	99	171
26	34	34	0	0	0	0	0	0	0	0	0	0	0	0	0	0	0	0	0	0	0	0	0	0	0	0	0	0	0	0	0	0	0	0	0	0	0	0	0	0	0	0	0	0	0	0	0	0	0	0	0	0	0	0	0	0	0	0	0	0	0	0	14	0	0	0	0	0	0	0	0	0	0	0	0	0	0	0	0	0	0	0	0	0	0	0	0	0	0	0	0	0	0	0	0	0	0	0	0	0	129	14	15	22	234	76	48	53	109	107	87	49	229	10	81	12	29	81	86	297	77	105	128	186	31	31	37	140	115	198	36	84	89	194	61	93	44	59	77	51	172	7	57	35	446	100	42	208	27	47	145	62	166	27	53	88	163	15	24	35	33	43	24	144	177	4	41	163	19	75	95	55	28	39	37	88	184	37	134	236	117	52	61	37	0	79	99	54	85	133	52	113	59	100	92	50	60	47	0	52	308	220	11	77	149	206	125	146	30	18	183	2	105	69	39	85	101	92	78	65	45	38	28	61	37	86	38	96	114	148	47	202	170	194	51	113	129	72	86	79	105	96	113	166	124	117	46	67	81	178	128	54	79	188	141	327	53	119	141	111	36	84	163	24	105	41	54	56	140	288	150	238	68	28	66	30	17	215	66	94	72	111	98	86	100	30	114	146	32	41	98	100	76	99	23	25	75	113	165	187	116	13	24	31	105	254	227	27	90	66	164	91	48	49	125	145	74	8	27	145	55	24	73	72	262	64	61	35	60	57	80	169	211	13	93	22	34	104	41	198	80	57	188	150	53	22	247	73	24	122	76	30	122	255	48	49	197	168	56	31	219	46	36	80	150	235	189	203	23	127	197	83	116	51	12	66	90	137	135	307	163	34	40	14	51	11	56	37	137	164	77	123	66	65	95	19	62	37	241	94	36	38	94	61	108	68	155	23	81	76	111	9	69	61	51	19	46	137	40	266	102	23	116	76	186	74	17	34	226	73	43	30	82	49	93	42	90	162	49	238	100	15	101	173	112	131	207	99	92	287	58	233	134	207	62	123	71	53	85	56	140	90	44	16	129	25	321	57	61	42	85	101	51	68	35	99	92	31	107	38	125	114	52	108	64	91	104	141	93	140	239	47	53	138	59	66	139	157	54	65	374	134	17	23	108	52	97	98	25	119	104	86	135	3	20	212	103	61	157	82	167	276	96	61	73	55	110	153	53	188	143	67	198	72	129	146	100	62	111	248	26	30	74	31	92	92	156	333	53	13	187	15	149	20	170	126	138	146	262	262	80	63	182	165	89	146	37	143	135	165	51	158	58	189	113	66	25	218	21	127	256	187	32	20	135	257	42	19	117	37	128	178	75	16	32	28	8	203	133	166	34	175	61	102	171	58	54	36	87	39	123	259	107	185	98	77	70	56	12	141	72	19	54	32	225	158	94	40	41	40	116	89	207	85	61	256	37	93	120	66	30	273	107	95	158	54	15	18	170	112	51	123	96	52	50	237	62	67	100	35	181	97	23	98	32	86	222	124	43	65	109	11	107	99	107	185	167	99	71	44	75	44	77	65	87	95	155	22	84	16	64	72	146	175	77	60	86	218	74	58	126	142	25	82	67	41	34	85	98	66	23	94	67	103	54	109	19	272	85	65	89	11	96	53	62	51	272	223	32	70	28	19	29	174	68	13	10	26	47	129	187	14	7	75	181	62	375	86	80	32	120	233	22	116	175	170	44	33	237	157	149	89	138	80	62	123	130	134	86	57	51	44	149	186	231	158	153	130	116	91	106	152	143	160	73	150	62	44	17	247	31	128	165	220	38	101	81	65	63	47	16	82	80	54	95	62	93	121	46	80	104	117	237	54	99	81	110	111	142	50	59	57	54	26	203	78	83	65	43	43	79	71	101	135	118	113	2	36	74	28	83	28	67	99	157	203	24	22	20	202	45	46	176	35	33	73	167	58	224	41	145	48	145	143	32	208	189	18	85	88	71	31	61	88	162	22	108	34	33	58	7	102	108	82	137	107	111	319	140	45	40	54	102	96	140	69	169	94	48	56	296	56	79	191	117	54	69	16	293	251	60	31	89	88	70	151	95	42	287	132	164	76	43	37	91	119	119	54	53	110	157	36	69	66	44	102	72	96	101	28	118	41	28	44	86	56	29	213	55	34	155	110	29	123	81	103	11	1	41	51	93	13	89	10	61	93	36	102	31	205	91	52	190	15	106	32	3	97	148	118	158	155	81	126	112	82	61	171	129	162	15	48	102	39	161	128	167	48	63	35
27	0	0	0	0	0	0	82	0	0	0	0	0	0	0	0	0	0	0	0	18	0	0	0	0	0	0	0	0	0	0	0	0	0	0	0	0	0	0	0	0	0	0	0	0	0	0	0	0	0	0	0	0	0	0	0	0	0	0	0	0	0	0	0	0	48	0	0	0	0	0	0	0	0	90	0	0	0	0	0	0	0	0	0	0	0	0	0	0	0	0	0	0	0	0	0	0	0	0	0	0	296	62	126	30	68	48	292	65	39	102	33	132	79	72	119	222	70	142	121	89	77	110	67	40	84	30	272	73	11	24	135	42	190	55	65	22	109	64	109	89	44	0	11	261	107	17	2	65	200	53	114	30	294	163	22	70	20	159	15	0	122	142	81	14	115	69	101	61	183	250	241	34	48	64	64	123	97	175	113	86	72	60	45	22	112	256	101	65	154	100	11	26	36	26	272	168	19	55	386	20	314	67	157	151	118	45	74	251	148	18	246	48	172	22	11	93	190	17	58	71	159	43	115	125	1	48	161	75	201	17	108	240	150	64	137	96	107	336	249	65	92	102	171	8	108	55	66	64	76	39	202	22	55	1	34	14	81	57	149	124	74	169	213	115	108	35	83	76	22	212	111	10	114	52	78	21	49	86	84	156	1	100	31	116	93	121	166	46	82	57	57	128	83	72	86	126	60	71	141	25	198	241	82	226	79	40	71	192	18	101	85	78	74	94	104	86	100	43	115	141	133	29	60	117	44	94	72	69	172	75	193	22	176	40	32	86	51	29	68	19	183	104	191	130	50	16	211	275	63	137	103	14	20	272	30	170	38	154	279	68	106	164	165	108	236	175	133	79	88	21	137	127	125	208	126	164	100	37	54	20	38	61	10	48	58	127	101	39	45	208	274	142	163	75	221	107	97	4	105	103	50	105	95	113	101	57	95	187	63	83	70	146	78	68	83	22	34	167	58	57	69	76	330	252	172	157	134	350	258	172	123	113	127	15	94	65	131	134	5	67	87	42	280	120	159	57	313	115	91	55	86	8	84	61	87	98	24	122	168	54	102	76	46	106	91	181	16	146	87	73	58	59	138	53	127	26	22	53	139	122	71	104	43	244	127	153	22	61	59	98	186	73	97	76	115	185	12	10	16	18	103	11	46	137	95	190	33	141	79	41	93	161	122	84	221	120	130	34	65	73	12	42	79	55	318	73	104	46	15	190	147	242	41	169	51	124	132	376	58	200	137	184	33	24	94	59	192	108	143	34	80	13	26	111	119	55	136	252	132	102	129	76	245	44	63	110	110	52	141	54	184	99	89	169	75	21	68	87	138	68	168	156	123	417	200	74	150	101	90	163	30	7	213	38	97	194	47	139	225	32	85	77	69	7	78	144	98	3	129	103	29	17	30	17	234	55	81	137	241	30	112	179	304	69	144	337	70	156	98	83	69	81	86	1	209	94	231	48	33	101	77	125	168	138	74	37	115	24	86	145	8	127	76	80	212	33	143	96	23	83	26	165	44	114	36	45	42	124	304	84	4	203	74	119	207	43	122	59	233	76	193	81	328	61	119	25	112	114	27	31	126	135	122	95	135	58	256	170	145	158	188	83	294	50	94	113	61	84	64	110	93	64	133	128	88	39	68	108	12	57	193	3	100	47	118	99	51	209	13	100	32	77	50	42	10	31	14	293	60	118	72	196	18	81	222	125	135	123	281	62	89	70	66	73	53	72	115	40	43	58	210	16	198	118	78	64	152	70	107	49	181	71	61	100	93	92	138	102	91	59	81	85	13	19	10	8	90	174	115	3	128	50	99	191	122	153	15	30	90	149	54	152	10	167	33	31	46	266	277	45	154	244	22	33	114	86	87	102	133	101	60	64	107	154	154	4	42	177	180	214	21	231	23	234	47	18	85	54	127	443	26	19	144	107	77	58	141	63	221	204	38	117	60	155	83	112	6	21	297	67	129	70	102	109	44	91	17	102	41	56	221	99	11	77	15	12	100	65	25	35	131	53	106	43	201	45	14	29	244	45	45	142	197	106	58	131	303	92	133	192	44	107	150	55	66	157	142	14	94	240	158	25	123	152	85	54	121	46	75	76	133	246	173	163	38	329	93	75	181	37	152	39	73	33	120	45	268	71	76	74	194	250	218	74	148	84	70	79	47	125	101	214	15	10	59	40	193	153	121	116	110	76	134	201	82	2	104	35	102	207	13	21	49	235	22	455	79	66	82	33	48	166	200	134	49	159	120	29	184	88	101	50	143	57	206	182	181	10	132	48
28	0	0	0	0	0	0	0	0	0	0	0	0	0	0	0	1	0	0	0	0	0	0	0	0	0	0	0	0	0	0	61	0	0	0	0	0	0	0	0	0	0	0	0	0	0	0	0	16	0	0	0	0	0	0	0	0	0	0	0	0	0	0	0	0	0	0	0	0	0	0	0	0	0	0	0	0	0	0	0	0	0	0	0	0	0	0	0	0	0	0	0	0	32	0	0	0	0	0	0	0	0	0	12	0	19	0	0	117	81	0	0	0	0	0	15	0	0	0	92	17	3	0	0	0	0	0	0	0	10	0	38	0	0	15	0	75	0	0	0	0	28	0	0	0	0	48	0	36	0	0	5	0	34	0	0	0	2	0	0	1	0	0	0	0	0	0	0	0	0	0	5	0	0	0	0	1	6	19	42	0	0	0	36	0	0	10	0	40	0	0	0	0	0	4	11	0	9	0	0	0	0	4	0	37	44	65	53	7	81	123	74	0	107	130	0	3	181	0	5	38	0	9	2	439	149	137	41	99	33	17	147	41	55	25	42	1	0	26	73	85	55	27	3	0	21	67	50	66	20	73	18	1	41	0	30	0	176	0	60	236	0	28	62	87	39	53	3	87	29	74	31	60	0	37	16	6	0	64	0	43	184	1	0	45	72	69	6	20	29	93	22	118	60	25	25	37	0	15	2	78	124	38	64	18	37	84	100	79	22	41	10	108	202	16	205	25	130	101	123	95	288	36	18	65	59	62	61	73	19	71	48	86	90	53	117	148	60	136	22	113	38	20	105	220	110	92	129	125	46	33	72	187	27	114	129	55	4	367	169	410	229	52	91	136	51	185	90	13	60	179	58	48	56	94	221	96	159	64	109	140	78	73	66	486	189	91	91	84	29	131	124	87	27	124	61	64	38	53	119	137	56	49	224	46	94	121	304	52	163	165	200	69	109	41	35	100	39	13	99	46	94	108	86	35	151	133	71	44	62	19	199	86	106	36	121	57	86	100	123	49	168	146	54	210	79	89	105	360	128	43	79	37	111	76	95	54	241	66	67	121	60	229	34	109	146	81	154	86	85	75	12	74	91	72	8	70	87	140	32	21	56	100	144	142	18	45	190	85	102	55	53	324	107	156	288	24	193	32	59	114	73	38	65	135	72	26	60	53	134	112	48	99	56	117	3	15	271	42	19	63	96	30	64	63	170	62	90	215	66	102	54	147	246	44	218	73	58	258	60	40	49	54	69	258	72	5	88	139	32	17	156	31	40	104	76	169	45	214	228	83	471	14	14	53	74	45	66	31	105	192	143	81	246	13	91	177	25	187	10	116	47	229	22	145	126	70	102	53	53	81	50	37	18	176	72	107	253	96	210	148	179	130	58	114	197	29	80	56	36	43	122	250	21	78	48	49	35	215	107	44	44	37	38	28	90	209	44	111	235	125	24	70	56	224	149	48	115	50	35	86	85	157	67	170	241	35	61	156	181	172	42	143	45	63	66	149	24	116	110	83	4	106	96	323	162	238	32	54	48	120	100	248	75	142	69	195	54	166	224	185	58	120	14	113	16	84	238	78	248	5	118	28	49	63	324	27	82	49	236	240	48	39	43	17	306	115	106	77	101	130	55	118	48	51	130	59	27	64	142	68	325	40	118	97	60	123	71	160	80	174	98	48	33	70	59	66	81	112	68	75	181	162	158	210	101	64	284	84	34	161	164	13	22	135	87	114	186	39	8	9	99	154	62	137	17	11	65	23	89	16	75	76	120	60	95	44	105	89	96	186	11	217	55	104	179	94	256	141	61	46	125	235	35	41	203	269	84	6	45	105	98	95	72	33	106	51	177	88	196	96	85	127	58	15	124	108	74	27	105	119	172	118	30	56	79	143	33	56	31	137	164	24	91	47	25	56	110	40	27	54	139	140	223	251	93	262	68	20	11	146	54	5	36	312	84	117	73	207	46	47	75	121	63	74	41	209	24	35	24	27	131	26	180	229	172	100	116	75	57	27	10	40	134	77	52	36	73	152	100	106	164	184	58	171	226	49	91	102	95	114	52	48	133	75	34	549	50	168	112	88	127	44	99	45	184	16	81	123	12	56	141	257	3	38	44	54	82	41	79	93	150	116	27	155	109	12	99	344	76	105	47	208	31	156	100	91	87	34	74	111	143	10	228	36	172	91	19	84	115	149	153	26	71	141	25	115	60	189	76	161	228	9	21	168	72	29	229	88	238	86	99	77	300	103	327	96	121	86	195	109	25	26	126	43	36	161	110	39	124	110
29	0	0	0	0	0	0	0	0	0	0	0	0	0	0	0	0	0	0	0	0	0	0	0	0	0	0	0	0	0	0	0	0	0	0	0	0	0	60	0	0	83	0	0	21	0	0	0	0	0	0	0	0	0	0	0	0	0	0	0	0	0	0	0	0	77	0	0	0	0	0	0	0	0	9	0	0	0	0	0	0	0	0	0	0	0	0	0	0	0	0	0	0	0	0	0	0	0	0	74	0	0	14	2	0	0	0	0	0	0	0	0	0	0	0	0	0	0	0	0	25	34	35	0	0	0	0	20	0	22	0	91	0	24	0	83	47	0	0	10	22	89	0	0	0	55	70	0	0	0	0	0	0	2	0	0	3	16	0	0	0	0	0	0	0	0	0	0	0	0	0	0	11	0	0	0	0	0	9	14	0	0	0	107	22	0	0	34	0	6	10	0	0	0	0	30	0	4	0	0	2	21	4	0	27	97	75	5	94	28	74	42	0	147	17	49	40	120	7	61	92	10	187	6	54	118	42	186	69	78	147	57	29	96	160	168	13	46	40	113	60	2	92	144	0	15	37	0	19	25	34	164	10	79	72	25	5	11	29	0	211	56	0	73	223	63	110	169	151	73	101	0	8	0	12	0	25	0	127	25	23	34	43	4	17	73	1	182	32	49	224	176	121	35	60	47	0	224	39	1	30	55	86	102	66	65	113	157	44	67	150	143	88	21	43	107	4	77	150	8	118	193	136	117	9	29	39	148	225	41	53	72	62	109	64	204	5	20	124	81	146	133	132	142	33	156	74	19	212	181	40	182	142	52	70	71	97	37	142	182	87	115	297	27	166	47	158	154	155	53	141	66	41	147	62	17	146	69	116	46	44	54	10	159	62	67	66	52	143	200	45	58	98	249	126	234	103	74	5	278	76	90	46	41	32	131	36	12	141	233	113	64	57	223	91	165	123	116	138	47	169	107	124	122	23	5	29	112	164	175	309	85	44	94	49	83	93	83	95	31	65	49	306	117	71	74	39	54	114	83	426	34	129	80	168	4	92	272	166	20	202	63	220	34	38	280	69	161	52	135	7	82	88	29	228	67	81	100	28	39	24	86	279	75	47	100	12	192	134	13	37	208	118	92	70	99	33	14	109	105	88	63	49	246	38	55	107	30	28	25	108	25	42	17	14	93	34	59	169	23	95	48	149	108	7	55	109	115	85	72	48	171	77	110	148	97	12	113	193	106	274	128	117	149	220	342	228	123	28	104	158	79	121	34	142	71	111	38	38	187	277	68	94	248	129	138	154	167	119	176	92	237	175	39	76	56	196	122	97	13	186	115	13	208	73	55	227	128	30	218	137	87	108	42	166	167	42	50	10	106	125	32	99	23	45	46	37	53	93	240	22	76	37	14	98	98	304	135	49	25	46	90	200	136	151	38	66	124	301	332	45	144	106	16	42	48	151	17	106	154	19	173	85	84	211	354	24	78	87	340	89	50	70	133	267	60	125	106	44	96	37	174	44	72	33	117	201	149	67	74	139	138	81	26	74	3	68	153	173	159	49	70	181	219	124	66	103	90	14	202	146	113	63	140	113	26	173	56	187	5	65	24	75	96	73	63	50	20	35	94	237	76	63	49	240	105	51	112	60	166	42	133	78	75	223	56	160	121	100	117	61	70	45	64	77	49	98	169	104	37	177	112	44	34	63	26	12	250	174	67	151	45	121	2	161	24	196	69	20	79	28	73	64	18	214	15	196	85	102	72	83	73	106	308	45	31	26	54	59	89	47	45	173	159	21	126	13	64	7	153	133	435	154	121	78	76	129	31	102	39	211	160	169	46	241	83	266	71	59	75	129	29	52	121	181	40	255	161	129	44	109	267	102	91	135	62	281	180	45	94	69	34	104	73	73	58	99	87	58	140	36	216	134	94	78	155	96	40	141	125	146	27	35	79	170	96	22	59	38	37	41	47	116	72	62	161	222	74	27	95	5	194	89	248	13	25	113	40	28	372	22	82	315	155	92	57	26	22	30	76	204	171	24	95	26	210	83	121	26	44	86	45	151	79	3	170	100	134	5	86	33	56	80	119	125	135	74	59	40	97	217	75	108	310	32	87	38	77	52	46	64	43	93	7	392	108	165	136	111	24	60	24	95	129	65	86	230	68	58	194	86	4	76	77	53	95	238	50	61	43	86	27	71	156	41	11	142	51	28	116	86	321	78	183	197	115	48	111	113	26	184	45	73	96	163	77	50	93	68	268	2	6	73	18	62	289	141	151	57	260	101
30	0	0	0	0	0	0	0	0	0	0	0	0	0	0	0	0	0	0	0	0	0	0	0	0	0	0	0	0	0	0	0	0	0	0	0	0	0	0	0	0	0	0	0	0	0	0	0	0	0	0	0	0	0	0	0	0	0	0	0	0	0	0	0	0	0	0	0	0	0	0	0	0	0	0	0	0	0	0	0	0	0	0	0	0	0	0	12	0	0	0	0	0	0	0	0	0	0	14	0	0	0	0	0	0	1	0	0	0	0	2	0	0	126	0	0	0	0	0	63	0	0	18	0	0	6	0	8	59	32	0	0	0	127	0	0	0	0	14	0	64	0	0	0	0	0	55	0	0	0	0	100	0	0	0	0	0	0	0	0	0	0	0	0	189	47	0	9	0	3	0	0	0	9	0	0	0	3	0	30	8	0	0	15	0	0	0	89	0	53	24	0	0	0	0	0	0	0	0	0	49	34	107	91	27	4	57	30	0	172	24	4	0	121	236	12	137	0	0	43	129	0	44	0	62	15	26	69	16	120	11	101	18	9	188	19	98	49	24	56	3	68	58	9	121	6	63	10	82	18	125	83	13	66	0	5	7	11	23	10	290	25	0	114	49	64	141	0	119	114	201	19	174	0	91	166	22	4	0	65	232	40	36	1	61	140	63	156	0	131	237	29	90	141	147	69	69	153	0	0	10	130	52	15	90	156	89	61	147	17	89	54	21	68	126	51	20	166	47	54	23	122	117	27	0	8	47	192	392	76	226	55	61	135	104	193	101	99	16	101	44	36	127	35	129	9	102	48	111	95	46	98	84	23	85	104	34	234	57	34	181	78	99	48	34	178	21	98	51	209	18	137	84	16	33	142	32	40	154	76	77	114	67	198	104	32	71	36	19	26	149	38	97	236	27	23	149	130	0	119	183	166	116	46	8	75	3	167	114	116	45	125	32	114	71	38	110	20	90	65	107	107	66	37	50	30	181	95	34	170	62	199	184	39	69	66	170	87	24	20	17	28	83	137	77	171	72	98	159	46	48	18	38	230	76	225	41	47	118	46	68	43	116	118	35	46	139	13	38	45	203	205	46	27	222	74	6	49	51	30	233	60	38	38	70	40	54	87	146	136	106	164	187	12	54	167	22	137	258	96	352	184	54	20	83	41	77	84	217	37	34	228	227	181	244	121	18	63	42	66	19	180	23	83	115	4	244	81	89	50	67	163	153	118	66	73	115	16	126	58	108	286	95	125	61	50	41	135	38	149	181	110	225	51	13	41	167	89	86	36	116	36	156	30	147	24	117	78	176	43	212	47	252	75	208	101	228	47	207	31	37	12	49	135	195	41	121	168	181	86	35	115	43	70	73	22	88	148	168	159	31	141	172	67	145	105	112	15	24	151	44	27	156	88	112	14	57	27	44	90	91	58	32	40	72	67	201	73	54	148	76	57	165	173	45	71	162	208	10	19	164	170	196	132	43	58	15	113	119	178	58	151	62	51	56	66	77	57	51	99	108	76	43	174	92	118	67	4	234	175	146	64	72	103	26	97	36	266	108	12	25	20	116	236	34	251	60	64	83	86	106	44	10	182	78	65	93	55	84	24	27	109	134	134	46	64	114	65	132	239	6	57	12	91	28	86	172	66	73	137	35	57	33	94	97	92	56	109	74	136	183	57	31	191	88	53	32	16	211	31	255	44	93	89	151	103	65	92	32	53	23	152	45	33	24	97	66	181	15	42	40	188	89	65	125	88	68	89	24	37	14	157	18	456	99	27	137	38	148	53	48	151	145	30	124	124	52	66	20	157	151	84	62	119	77	87	101	153	142	158	310	61	219	110	91	81	22	152	71	105	12	20	66	98	127	56	88	144	98	241	120	32	61	139	62	30	56	96	385	100	58	136	179	59	63	100	50	133	119	178	59	97	101	145	102	66	209	158	120	13	123	42	70	126	175	77	135	100	72	106	84	178	90	182	93	151	65	53	36	130	91	140	84	93	66	36	168	75	118	31	142	96	56	67	50	15	54	95	81	233	146	76	42	213	315	81	106	61	220	76	118	153	110	115	69	70	129	181	44	76	53	118	85	142	22	76	20	277	112	59	44	22	63	49	201	207	187	74	102	86	47	108	157	269	30	68	102	48	97	29	272	94	51	103	267	44	62	115	49	68	63	134	39	69	56	121	49	122	81	40	50	282	49	70	53	89	216	35	37	154	94	98	10	181	91	214	71	5	31	21	201	108	176	124	84	122	19	80	24	81	318	41	78	149	40	59	116	331	142	61	32
31	0	0	0	0	0	0	0	0	0	0	0	0	0	0	0	0	0	0	0	0	0	0	0	0	0	0	0	0	0	0	0	0	0	0	0	0	11	0	0	0	0	0	0	0	0	0	0	0	0	0	0	0	0	0	0	0	0	0	0	0	0	0	0	0	0	0	0	0	0	0	0	0	0	0	0	0	0	0	0	0	0	0	0	0	0	0	0	0	0	0	0	0	0	0	0	0	0	0	0	0	0	0	0	0	0	0	0	0	0	19	0	0	0	0	0	36	0	6	86	9	0	0	0	103	0	0	0	0	41	0	4	0	0	8	3	0	0	0	188	54	99	14	0	0	0	172	0	23	0	0	85	0	0	0	0	0	0	0	0	0	0	0	0	0	2	11	0	0	239	0	0	0	0	0	59	0	11	3	5	132	0	0	0	0	0	0	0	0	35	28	0	0	0	0	9	8	0	1	0	52	68	3	1	39	124	6	68	28	82	66	197	168	59	57	35	44	144	0	115	69	0	0	0	0	32	124	23	80	92	48	257	88	0	137	135	24	0	57	93	47	11	62	50	1	27	69	18	23	24	30	111	3	147	0	11	1	89	156	3	0	3	5	121	2	60	91	0	25	232	0	10	19	0	30	94	38	0	12	5	184	72	25	59	23	54	10	63	92	122	2	105	256	34	35	35	18	11	21	25	105	256	0	47	58	155	36	276	167	340	78	110	58	76	51	67	29	122	37	150	205	309	88	57	110	42	59	84	167	231	121	22	180	255	39	188	69	216	151	70	70	88	41	66	38	125	250	128	9	240	27	117	223	42	74	119	109	149	33	165	75	188	22	83	98	134	115	111	242	58	112	214	70	9	108	45	70	81	164	10	25	96	143	45	65	155	164	99	130	99	12	214	296	99	91	112	89	81	262	112	372	17	72	17	109	100	9	68	97	133	91	107	98	145	216	134	153	233	152	260	209	82	32	49	178	66	118	89	270	225	169	45	30	209	104	66	78	83	98	140	40	58	85	157	13	266	188	64	8	41	14	62	91	21	26	23	139	85	127	146	161	68	60	166	80	18	85	53	117	35	65	136	170	73	35	251	99	113	113	31	115	16	36	49	162	124	21	80	123	16	9	76	165	89	265	95	13	42	138	59	73	92	46	187	39	177	87	37	164	3	46	62	94	46	3	168	134	168	190	80	7	104	114	128	91	51	143	58	47	128	118	42	189	62	89	97	285	112	120	109	25	39	43	72	37	110	113	144	276	30	88	47	19	35	70	115	113	40	119	95	107	134	24	36	167	25	103	128	37	66	198	44	103	20	184	43	27	48	222	84	152	137	4	49	149	110	66	13	20	121	302	28	43	59	88	152	56	72	79	28	118	116	15	68	103	139	233	94	49	34	138	55	103	159	70	44	52	60	154	170	80	94	60	66	71	102	130	199	236	233	63	176	73	8	122	318	99	164	137	144	91	54	165	81	73	67	129	114	333	135	154	42	56	142	59	49	83	167	57	65	15	124	35	76	255	170	80	288	73	130	106	45	99	69	102	231	342	21	205	216	181	87	29	33	91	150	32	125	157	58	92	92	103	79	80	20	94	225	47	55	46	81	11	127	90	31	158	16	73	53	11	243	41	80	102	82	54	60	20	166	38	54	193	261	78	204	51	17	82	51	11	37	84	100	127	81	147	98	163	77	223	91	122	4	69	67	114	56	31	205	15	114	198	92	113	174	100	31	56	91	83	85	216	6	96	152	77	72	52	32	20	19	11	81	68	59	127	75	140	20	104	176	51	89	190	114	62	32	251	186	74	76	214	108	127	28	188	11	50	46	92	136	81	120	91	107	43	147	94	68	73	116	104	45	61	28	93	96	250	92	53	223	91	149	44	116	99	92	160	118	86	99	144	104	87	51	151	269	79	27	111	113	30	141	77	68	77	81	40	27	158	140	56	73	76	69	9	52	3	74	70	377	55	32	15	218	175	93	22	99	167	216	144	42	111	280	23	115	105	39	42	84	90	26	213	103	127	32	30	79	129	72	81	96	82	114	98	191	260	91	97	79	116	18	23	33	160	28	32	123	37	181	83	81	380	16	35	57	137	195	48	131	14	118	85	143	43	252	106	69	111	121	59	339	130	289	41	160	44	153	154	86	179	91	67	78	318	129	116	35	153	147	116	68	39	237	150	157	63	18	41	38	353	34	74	71	15	91	58	89	99	67	125	141	49	138	65	100	76	32	108	358	61	124	215	109	195	119	25	53	232	93	68	100	81	75	71	183	156	64	93
32	0	0	0	0	0	0	0	0	0	0	0	0	0	0	0	0	0	0	0	0	0	0	0	0	0	0	0	0	2	0	0	0	0	0	0	0	0	0	0	0	0	0	0	0	0	0	0	0	0	0	0	53	0	0	0	0	0	0	0	0	0	0	0	0	0	0	0	0	0	0	0	0	15	0	0	0	0	0	0	0	0	0	0	0	0	0	0	0	0	0	0	0	0	0	0	0	0	0	0	0	0	0	30	0	37	9	8	3	0	0	0	0	0	0	0	0	0	0	8	116	13	58	0	0	0	0	0	0	2	0	0	0	25	0	21	39	0	0	7	85	38	0	0	0	37	0	0	0	0	0	0	0	63	0	0	0	17	0	10	0	0	0	22	2	0	0	0	0	0	0	164	0	0	114	0	35	31	23	32	0	0	0	0	3	13	0	0	6	17	31	0	50	0	0	0	0	0	0	0	5	100	81	5	5	34	330	41	0	190	64	97	0	162	73	249	78	79	0	158	34	0	79	92	135	42	64	176	12	127	56	63	77	62	74	28	1	25	309	40	88	86	53	170	64	80	132	37	270	27	118	21	22	121	13	1	35	0	80	0	92	215	1	287	17	93	153	14	122	72	122	157	243	12	159	0	28	0	73	12	59	76	27	35	18	71	69	79	0	37	10	156	46	15	82	51	0	46	34	45	8	96	21	116	63	244	27	204	72	15	73	17	46	76	105	65	6	15	16	274	135	63	39	106	123	18	176	120	11	65	25	72	36	38	25	51	156	56	45	25	68	68	70	159	69	119	121	86	112	137	59	93	130	50	273	134	133	32	46	60	44	124	74	169	122	191	21	119	75	25	53	86	101	37	33	22	69	109	43	199	96	116	86	82	84	83	55	95	131	28	55	37	35	119	82	61	38	130	45	139	163	90	130	68	202	58	48	52	61	84	50	89	80	40	238	193	58	21	79	48	17	165	109	84	20	66	45	63	203	43	106	78	42	102	134	197	161	71	151	51	45	76	220	42	157	61	132	320	97	38	57	65	119	138	47	89	192	163	104	97	93	31	276	166	106	99	75	21	245	35	113	183	66	26	89	16	29	168	19	156	168	54	71	41	120	162	123	179	95	11	19	152	98	98	127	171	9	89	84	71	88	26	58	15	91	46	170	111	114	167	67	61	78	173	21	180	96	32	71	39	35	30	159	94	195	124	104	76	76	161	9	93	120	213	34	53	66	57	156	95	116	36	47	30	111	82	224	102	118	130	203	36	86	83	97	153	80	28	75	142	38	152	32	61	96	144	29	65	195	186	71	7	15	257	187	37	133	14	162	247	81	58	146	148	26	194	101	215	129	38	55	92	90	103	131	61	19	78	42	45	80	33	145	184	63	59	107	152	25	39	119	46	149	277	103	188	71	70	179	193	90	102	49	388	87	19	115	144	5	39	257	95	23	149	10	116	194	204	109	92	149	75	53	87	277	116	185	42	131	141	156	206	147	54	118	125	9	117	79	31	65	113	44	85	152	43	68	89	21	92	83	187	40	121	51	74	14	159	100	43	199	30	125	121	25	39	326	31	123	55	97	124	37	83	37	132	124	36	234	226	127	102	35	109	13	52	229	89	130	16	46	24	71	139	151	40	15	227	163	137	94	4	89	98	60	8	243	143	31	102	48	54	157	130	66	34	39	99	19	55	85	17	70	183	26	99	314	148	193	76	75	72	18	56	149	123	156	15	48	106	48	28	85	171	41	105	26	142	178	55	179	230	216	215	12	119	76	137	192	109	65	142	197	11	179	105	53	43	70	156	91	45	201	16	51	97	46	13	35	16	102	116	69	93	102	131	38	27	13	147	219	116	137	21	18	256	41	114	230	85	148	162	44	179	51	21	158	154	54	67	59	43	129	53	13	32	77	246	115	82	33	167	96	110	14	238	48	111	23	52	108	31	52	59	66	181	127	167	96	73	84	274	128	59	37	196	87	245	143	49	290	119	103	219	21	103	183	83	27	151	75	119	126	63	22	144	14	174	110	171	209	218	37	7	110	63	25	26	15	116	10	201	46	148	117	114	38	53	76	80	92	31	115	47	23	103	103	27	117	26	33	51	27	79	257	166	67	53	209	76	134	204	18	66	317	84	88	148	124	47	37	76	72	187	54	261	267	35	65	139	172	11	128	125	105	138	198	73	129	35	91	44	141	16	5	39	171	20	303	135	38	32	62	24	71	410	61	64	49	298	44	61	86	169	125	63	42	75	71	307	25	157	22	157	270	3	32	17	25	73	142
33	0	0	0	0	0	31	0	0	0	0	0	0	0	0	0	0	0	0	0	0	0	0	0	0	0	0	0	0	0	0	0	0	0	0	0	0	0	0	0	0	0	0	0	0	0	0	0	0	0	0	0	0	0	0	0	0	0	0	0	0	0	0	0	0	0	0	0	62	0	0	0	0	0	0	0	0	0	0	0	0	0	0	0	0	0	0	0	0	0	0	0	0	0	0	0	0	0	0	0	0	2	0	0	0	0	23	0	0	0	204	0	0	0	0	0	0	0	1	29	12	0	0	1	0	0	4	0	0	26	0	0	0	0	0	3	0	18	0	0	40	46	0	69	0	0	253	0	9	0	0	0	0	0	0	0	0	7	0	1	0	0	4	51	0	0	19	0	8	0	0	35	0	0	25	0	0	0	0	84	0	0	13	0	1	0	0	0	0	0	14	0	0	0	0	0	2	0	0	57	0	57	0	45	12	27	9	39	11	0	78	98	132	111	25	3	145	200	0	41	16	0	110	67	4	88	154	79	135	45	2	216	251	0	73	34	35	30	107	41	95	31	0	114	120	54	184	0	216	25	13	136	19	30	0	73	12	20	12	65	19	0	382	65	160	112	183	128	180	156	251	94	220	48	84	32	17	0	149	0	89	51	18	12	97	29	21	66	24	81	46	279	14	83	2	15	4	0	160	264	123	133	66	322	38	122	134	106	68	51	92	116	160	75	101	142	91	10	47	9	56	85	108	50	147	127	70	65	59	11	12	294	117	63	158	71	31	148	60	156	58	33	8	15	94	26	54	120	36	81	19	25	77	49	8	48	23	40	24	183	8	24	6	116	109	83	119	493	169	79	156	25	53	153	40	14	279	56	230	80	361	81	71	27	165	81	132	279	26	49	160	92	115	57	2	28	109	92	73	39	108	43	45	46	154	35	147	119	65	63	236	78	242	78	148	176	66	9	99	32	164	159	42	222	19	177	211	87	96	38	118	40	53	116	54	224	185	91	82	37	39	262	22	147	74	87	72	74	72	74	44	39	174	74	151	117	49	85	64	45	168	25	33	4	81	86	110	13	96	29	34	50	147	56	137	154	77	20	29	134	19	163	15	77	240	186	31	28	131	6	565	153	78	193	135	121	140	83	334	99	89	85	55	274	108	105	175	84	143	141	199	226	9	142	68	155	43	11	40	82	138	58	17	36	28	70	14	140	30	147	50	153	104	50	147	86	82	7	167	99	20	178	17	99	24	131	46	127	61	33	99	86	22	39	37	66	211	312	54	52	13	50	135	304	59	49	81	113	28	51	64	178	159	39	18	28	173	103	83	96	37	128	100	113	78	49	118	18	291	97	179	8	44	56	54	96	33	261	162	112	10	151	36	27	63	97	18	12	79	118	147	170	271	65	54	94	74	84	325	32	18	57	179	14	230	183	60	60	15	90	31	41	119	69	102	7	150	76	36	93	59	49	12	60	30	35	17	45	443	219	19	117	35	152	29	99	65	62	131	24	37	31	31	148	37	199	151	81	65	54	47	89	64	123	197	282	93	25	87	149	66	73	38	78	49	129	149	162	91	26	169	34	46	308	154	155	7	37	91	59	101	11	140	133	314	72	63	50	26	19	100	37	5	172	12	96	21	49	22	23	262	27	110	107	119	127	272	16	41	104	63	70	40	78	140	11	113	124	133	96	28	42	169	218	78	79	84	98	12	10	44	152	147	56	52	246	77	73	121	94	66	142	43	59	12	75	157	279	78	35	90	108	206	109	151	73	88	119	171	48	66	30	61	113	82	68	39	262	69	326	52	54	140	29	31	71	99	54	27	210	89	25	138	44	201	48	55	67	182	135	94	73	112	511	126	43	220	91	77	204	81	243	63	26	50	85	115	81	95	54	65	89	46	224	195	113	70	26	145	188	172	80	90	234	66	19	177	49	52	2	45	364	172	122	17	189	50	60	39	244	51	145	101	271	111	21	95	109	127	60	25	217	47	194	48	99	94	164	139	86	63	79	97	26	27	34	65	107	125	74	130	27	120	107	76	32	85	84	64	103	62	84	126	30	32	98	30	49	64	124	50	88	209	42	141	59	46	212	95	171	58	65	108	145	211	102	55	21	111	53	103	7	41	192	98	43	155	55	152	137	54	34	189	125	59	164	86	46	56	30	38	50	60	60	23	64	94	99	20	169	32	223	14	59	33	105	78	197	154	50	55	83	300	62	6	37	194	61	137	183	263	90	62	145	13	84	29	164	84	94	46	20	25	22	113	97	41	67	192	107	60
34	0	0	0	0	0	0	0	0	0	0	0	0	0	0	0	0	0	0	0	0	0	0	0	0	0	0	0	0	0	0	0	0	0	0	0	0	0	0	0	0	0	0	0	0	0	0	0	0	0	0	0	0	26	0	0	0	0	0	0	157	0	0	0	0	0	0	0	0	0	0	0	0	0	0	0	0	0	0	0	0	0	0	1	0	0	0	0	0	0	0	0	0	0	0	0	0	0	45	0	0	0	0	0	0	0	0	16	5	0	0	0	11	0	6	116	175	0	0	0	0	10	0	0	0	0	2	0	0	15	0	17	0	64	99	0	0	20	0	0	23	0	0	0	0	0	0	0	0	0	0	0	0	114	10	10	0	0	0	0	0	0	0	16	0	0	0	0	0	29	18	4	0	0	10	0	0	122	0	29	13	0	49	0	0	0	0	3	0	97	292	0	0	6	4	4	0	0	0	3	0	57	0	0	33	4	58	40	14	0	56	84	13	58	7	0	3	78	0	5	62	13	227	9	1	75	52	23	110	67	0	152	20	48	49	60	6	38	76	65	24	0	5	26	14	134	238	4	0	200	103	22	0	47	0	1	1	15	32	0	67	122	0	47	20	289	61	114	97	37	67	93	142	35	128	58	42	0	11	126	72	103	240	44	233	257	61	42	32	39	52	148	23	40	75	89	158	54	4	1	48	58	37	179	35	112	130	74	84	82	215	15	319	56	21	56	111	123	37	48	32	69	112	98	44	170	185	41	78	195	68	67	16	78	177	160	68	28	36	89	2	24	84	112	52	44	36	87	50	8	160	72	186	90	207	39	183	51	319	43	129	88	93	131	43	110	107	29	8	123	72	267	96	148	44	54	140	26	108	23	135	79	191	287	190	211	102	10	11	0	59	143	33	53	109	112	28	80	34	105	54	43	91	28	127	54	27	175	172	70	71	204	68	27	46	112	80	124	111	94	65	59	61	93	119	129	35	101	291	104	65	82	115	56	122	172	64	18	91	54	224	68	92	79	34	28	50	118	31	127	104	133	92	42	92	194	35	57	78	59	73	39	77	197	263	13	280	38	61	57	77	45	66	45	130	124	67	143	180	11	144	78	210	120	125	313	32	36	32	68	171	157	75	162	12	92	122	145	113	350	16	111	130	110	120	82	26	70	106	162	58	82	208	68	63	131	183	43	162	56	115	90	96	128	74	49	23	213	141	302	24	63	24	129	55	110	179	101	46	25	127	94	113	67	50	126	111	52	219	54	35	35	36	289	29	131	227	109	23	215	121	312	103	76	236	59	111	29	103	143	11	43	183	30	153	93	85	178	56	60	79	140	85	25	40	61	106	173	50	62	78	21	113	11	314	79	73	46	56	46	24	105	118	50	143	37	305	194	79	114	123	93	19	83	310	190	76	140	71	52	44	55	105	100	140	185	117	224	18	19	36	22	130	345	216	113	94	2	65	160	33	99	222	141	69	17	83	86	32	8	196	57	168	230	40	60	25	97	34	209	162	13	158	41	191	71	181	28	215	187	7	19	50	41	87	148	42	49	220	91	86	64	26	21	31	47	22	95	19	234	249	131	175	31	14	259	46	26	120	120	15	106	202	197	181	131	213	60	38	73	10	260	182	133	82	59	48	157	124	163	66	91	101	101	142	95	163	68	66	84	40	132	89	49	75	25	33	79	60	61	119	229	119	53	9	165	70	86	51	72	80	272	64	43	53	57	35	90	59	33	155	73	25	143	108	114	80	351	51	35	45	131	192	43	96	69	21	224	4	91	25	148	77	13	70	16	172	71	46	30	66	140	75	119	106	124	87	133	237	98	46	236	102	15	17	86	79	162	178	189	346	40	110	98	221	10	103	89	65	173	95	139	144	248	68	54	71	28	55	194	59	100	73	149	32	210	68	48	78	162	43	60	22	34	42	122	38	44	79	76	30	57	102	21	100	113	41	80	58	154	223	77	25	33	116	60	102	93	89	21	64	51	130	55	40	118	246	120	119	31	98	122	56	179	96	52	232	40	264	59	103	174	132	91	4	57	52	396	158	65	63	66	42	179	84	266	102	21	105	30	215	23	119	15	56	160	65	197	37	444	141	272	94	100	44	92	86	350	166	52	167	65	65	38	134	170	44	149	213	193	38	94	109	66	36	153	54	171	230	260	4	54	71	54	180	162	51	9	90	80	24	92	47	71	40	50	264	19	95	71	88	143	38	147	85	120	27	184	29	66	36	22	44	65	144	15	78	88	283	135	17	181	188	74	141	60	127	20	49	318	144
35	0	0	0	0	0	0	0	0	0	0	14	0	0	0	0	0	0	0	0	0	0	0	0	0	0	0	0	0	0	0	0	0	0	0	0	0	0	0	0	0	0	0	0	0	0	0	0	0	0	0	0	0	0	0	0	0	0	0	0	0	0	0	0	0	0	0	0	0	0	0	0	0	0	0	0	0	0	0	0	0	0	0	0	0	0	0	0	0	0	0	0	0	0	0	0	0	0	0	0	0	0	0	0	0	0	9	0	0	0	1	0	0	0	0	13	0	0	0	0	0	49	0	0	0	0	0	0	0	0	0	0	12	0	0	0	0	0	0	5	0	21	0	0	0	0	35	0	0	0	0	9	1	0	0	0	0	0	0	0	0	24	0	0	21	0	0	0	0	0	0	0	0	5	1	0	0	0	0	2	0	45	0	0	0	0	0	58	0	118	35	0	0	0	0	0	0	0	0	0	26	34	0	21	0	23	5	24	0	0	0	67	4	7	58	36	0	158	0	146	0	17	46	0	117	27	104	10	4	41	102	76	28	65	1	56	25	35	28	160	42	97	7	0	44	38	69	0	156	0	104	12	35	82	8	15	0	52	84	33	30	0	7	102	224	65	108	44	42	33	146	82	26	3	46	0	0	5	171	12	30	9	265	0	117	69	30	48	14	48	0	64	74	23	32	23	110	0	44	0	8	64	18	91	50	169	26	72	48	62	98	100	50	55	80	182	83	94	240	175	174	158	63	173	91	122	53	19	109	112	62	38	210	35	65	154	164	77	23	138	75	38	94	22	164	79	7	92	55	115	44	53	26	84	60	277	48	182	18	25	42	165	14	67	62	98	38	251	45	124	249	63	111	12	83	68	42	56	148	124	87	406	69	45	57	254	76	123	16	108	27	66	47	40	42	144	71	316	12	110	19	23	198	24	128	59	252	155	38	24	163	29	51	170	59	75	28	54	79	133	58	130	196	71	48	101	201	116	86	82	95	120	90	46	75	89	103	9	165	54	38	136	107	87	121	261	60	20	33	71	155	196	53	133	139	46	124	131	48	53	73	62	90	87	65	167	324	331	222	180	62	60	76	30	59	101	295	101	65	36	87	105	34	114	138	145	89	63	107	78	55	61	94	24	23	120	16	204	68	56	174	76	184	55	236	23	108	42	36	121	88	103	66	146	278	94	69	50	93	167	110	108	41	143	74	127	14	96	91	96	63	31	202	75	231	60	151	318	62	50	63	114	117	193	28	66	66	83	196	248	53	66	29	15	27	58	22	17	82	37	74	179	76	76	34	129	89	138	41	150	28	28	140	83	162	129	121	159	55	76	20	180	34	95	55	101	23	208	163	77	122	180	32	105	20	22	7	246	170	198	124	115	75	225	70	22	134	78	257	32	89	23	128	155	149	29	127	70	392	165	140	103	37	63	33	109	124	33	62	251	248	27	106	56	57	78	51	254	56	53	79	57	127	64	48	16	110	155	37	31	83	69	56	137	70	207	59	129	109	108	142	22	150	75	174	179	187	175	57	68	48	117	263	80	200	65	127	305	107	111	115	30	94	118	108	41	32	35	23	104	23	39	30	49	49	11	110	150	97	41	49	32	33	99	50	79	13	58	208	58	50	27	67	15	110	67	124	48	27	326	182	106	58	231	313	21	83	102	65	122	21	37	20	89	20	117	68	40	7	45	112	136	91	37	58	126	314	72	189	107	180	46	24	8	105	420	136	45	70	89	248	23	49	164	46	140	82	83	65	42	93	111	117	67	86	35	63	18	76	49	13	63	66	151	26	66	108	99	103	210	263	25	17	56	106	41	105	65	50	118	71	192	55	54	132	93	249	241	61	99	85	248	198	279	163	82	50	68	104	216	22	287	30	73	126	158	129	49	189	31	48	146	202	27	25	125	121	91	56	69	49	99	13	21	141	35	58	32	62	68	32	202	62	57	324	46	179	10	68	214	118	299	344	256	92	59	56	169	57	85	155	94	52	87	98	12	96	56	126	91	81	91	124	27	110	30	19	90	100	119	79	61	106	158	70	144	60	132	159	81	70	39	51	197	65	114	152	207	71	286	119	52	100	66	123	37	5	67	52	151	67	124	67	12	54	99	124	112	100	84	112	45	30	93	88	186	47	125	75	432	39	88	42	130	213	47	34	32	339	59	91	105	20	237	235	139	37	90	225	314	119	29	107	59	132	80	46	80	65	116	88	54	168	15	13	39	102	70	7	149	76	52	192	98	100	225	97	129	36	19	5	65	22	185	278	85	80	51	57	102	52
36	0	0	123	0	0	9	0	0	0	0	0	0	0	0	0	0	0	0	0	0	0	0	0	0	0	0	0	62	0	0	0	0	25	0	0	0	0	0	0	81	0	0	0	0	0	0	0	0	0	0	0	0	0	0	0	0	0	0	0	0	0	0	0	0	0	0	0	0	0	0	0	45	0	0	0	0	0	0	0	0	0	0	0	0	0	0	0	0	17	0	0	21	0	0	0	0	0	0	0	0	29	0	0	0	0	0	85	0	0	14	0	14	0	0	0	0	0	0	100	37	80	0	0	0	0	0	1	2	57	0	0	0	17	49	3	2	0	6	0	11	108	0	0	0	0	0	6	0	26	0	18	0	37	0	16	0	0	0	0	0	0	0	7	0	19	0	0	0	0	0	0	0	0	0	0	0	20	0	14	2	7	100	0	0	0	9	0	0	51	110	0	0	0	0	0	0	0	0	0	0	42	0	69	25	2	65	127	0	0	79	22	0	45	33	72	23	135	0	14	0	16	35	0	16	100	41	119	88	48	8	120	88	12	31	76	19	235	49	21	16	56	30	82	0	80	22	3	2	46	192	64	0	95	0	39	32	153	261	27	88	34	0	82	51	22	87	0	30	0	104	3	75	89	32	0	0	9	170	59	59	310	17	0	88	46	92	66	42	147	25	203	13	156	16	80	23	3	30	0	80	121	182	79	39	152	206	109	15	142	118	97	132	22	161	54	147	50	30	105	70	43	51	15	43	47	174	73	160	66	82	133	101	50	54	179	118	58	36	33	55	212	109	119	27	115	72	106	231	248	135	309	125	63	186	169	79	39	31	21	163	103	253	52	33	91	11	107	165	159	35	32	93	88	127	90	47	48	57	51	123	83	130	48	94	296	107	54	149	68	142	50	64	151	69	142	103	39	91	161	59	134	99	25	109	42	75	100	104	71	96	175	55	117	52	39	227	124	83	15	195	99	23	138	13	297	343	44	18	218	168	102	152	183	100	39	80	61	78	25	59	155	88	44	36	70	204	43	81	42	159	27	22	117	82	65	209	31	226	55	77	74	39	216	42	71	91	136	65	76	134	111	325	26	247	23	145	142	224	25	135	127	105	26	218	92	137	72	138	32	92	103	23	144	28	21	39	55	44	76	12	42	138	95	66	54	97	83	32	97	93	1	150	94	15	94	349	73	25	18	27	15	18	61	171	54	51	147	94	19	121	193	140	178	124	82	162	93	85	49	175	192	85	110	11	235	187	82	153	162	15	92	108	104	67	70	11	101	186	166	25	25	62	59	100	30	78	105	124	184	136	283	89	178	8	78	96	75	261	156	141	29	76	61	22	76	239	110	31	81	177	93	188	36	134	107	117	49	81	20	108	45	41	110	96	21	127	104	154	110	138	5	118	122	41	74	79	104	276	275	13	140	32	185	131	75	53	11	140	44	19	280	40	234	121	27	184	87	77	135	87	59	107	12	54	72	138	41	25	55	87	179	22	82	36	0	213	169	290	177	33	37	34	70	59	510	60	59	216	183	53	78	64	82	153	144	51	285	83	55	82	21	241	38	108	131	121	51	92	52	6	145	19	24	89	61	93	93	64	88	25	64	114	4	31	139	11	10	55	128	50	72	46	14	138	2	35	136	36	165	59	155	88	42	98	147	21	23	123	92	217	197	60	30	19	166	34	34	111	137	68	408	34	57	138	90	48	169	98	212	44	116	225	80	77	319	43	18	106	138	55	136	44	182	56	93	207	94	54	133	65	112	236	40	35	37	211	118	132	79	102	243	19	252	30	59	121	188	149	113	156	51	176	178	12	22	84	40	33	200	59	88	101	23	57	64	377	16	67	52	99	41	175	85	22	165	20	109	114	12	51	10	141	177	28	47	34	46	41	59	210	18	28	131	35	88	125	85	138	395	82	163	267	44	58	311	29	141	249	54	8	62	280	89	214	72	102	33	108	58	24	76	126	85	25	67	139	108	122	39	74	194	156	93	403	125	97	183	126	140	58	111	89	68	144	73	29	38	77	145	106	197	112	345	184	301	271	169	127	187	207	187	164	36	39	28	115	36	89	123	124	140	29	89	97	60	70	103	34	59	35	164	72	78	257	46	3	231	118	255	141	56	98	101	91	126	68	50	263	14	97	85	83	50	81	28	103	152	169	94	86	81	157	127	97	54	144	62	82	37	166	21	180	118	68	75	243	197	45	82	128	123	12	91	29	147	57	95	151	48	45	104	64	14	114	14	38	23	68	68	30	21	34	5	119	202	138	92	290	111	122
37	0	0	0	0	0	0	0	0	0	0	0	0	0	0	0	0	0	0	0	0	0	0	0	0	0	0	0	0	0	0	0	0	0	0	0	6	0	0	0	0	0	0	0	0	0	0	0	0	0	0	0	0	0	0	0	0	0	0	0	0	0	0	0	0	0	0	0	0	0	0	0	0	0	0	0	0	0	0	0	0	0	4	0	0	0	0	0	0	23	0	0	0	0	0	0	0	0	0	0	0	0	100	150	1	0	0	0	0	0	0	12	0	0	0	0	0	0	0	0	0	0	0	0	0	4	0	0	0	0	0	12	0	16	0	0	0	0	0	0	0	0	0	0	0	0	0	0	0	0	9	0	0	50	0	0	10	21	0	0	0	0	0	0	11	0	0	0	0	0	0	0	0	0	166	0	0	0	0	8	0	0	0	46	58	0	0	0	0	60	337	0	0	0	0	0	0	0	0	0	33	63	10	5	30	54	1	33	39	0	192	6	3	121	43	0	49	45	0	38	0	0	113	13	81	0	13	55	65	62	7	5	193	8	87	16	0	24	238	94	12	125	34	21	54	21	75	101	22	104	110	25	0	83	0	33	17	42	0	42	376	3	9	87	46	109	43	261	33	254	50	54	48	0	164	53	4	0	71	47	50	181	62	15	90	71	61	64	18	179	39	231	50	69	372	12	1	45	128	9	3	44	184	196	6	11	66	126	22	162	69	54	21	29	37	262	36	118	111	181	11	12	94	152	214	108	156	150	75	192	130	63	188	186	68	38	77	63	96	79	87	58	151	143	17	75	226	11	182	76	52	31	93	101	14	49	121	193	184	55	66	49	51	146	34	53	346	204	26	90	156	5	49	228	158	37	6	124	93	60	142	146	106	68	9	17	17	100	40	58	76	53	146	36	207	136	36	13	90	30	173	48	26	83	303	95	129	57	165	59	41	105	178	104	72	57	75	58	64	40	129	73	238	57	69	26	246	27	104	149	172	271	119	173	173	41	47	98	149	28	42	30	173	18	50	80	243	113	223	10	186	224	83	26	85	72	29	15	215	33	33	14	68	158	126	11	34	46	4	141	125	35	43	42	60	219	75	12	23	7	31	171	122	54	35	142	15	140	29	95	71	54	72	67	34	31	85	29	253	139	87	16	40	161	192	70	103	162	90	55	70	50	79	172	101	119	86	62	173	132	141	13	75	35	73	94	162	166	30	64	103	59	178	31	110	159	91	18	30	154	104	86	53	132	78	185	22	153	82	126	35	85	96	172	43	78	126	149	156	98	64	69	60	57	94	56	21	105	34	30	47	182	100	24	46	207	165	108	148	69	100	80	52	129	145	64	67	322	128	145	28	96	62	152	83	101	54	48	73	154	97	28	51	193	74	71	42	101	82	43	22	191	159	86	198	192	48	37	19	138	51	303	16	122	284	114	32	235	178	226	143	184	54	104	145	50	11	107	103	53	96	112	120	46	214	38	51	90	63	136	104	85	132	24	108	35	204	191	48	65	150	140	88	55	36	83	165	127	326	134	106	164	62	62	5	64	26	104	160	18	89	55	72	74	134	171	89	36	58	189	45	29	62	134	162	92	19	158	170	39	279	51	15	79	5	128	80	64	54	29	94	99	29	180	88	61	47	136	44	226	146	77	99	86	7	21	135	65	73	147	129	97	95	78	158	262	124	29	48	152	41	96	184	23	278	56	77	12	56	120	40	81	63	22	115	20	9	31	137	25	115	63	107	76	259	156	19	19	36	147	5	203	55	333	238	23	34	130	103	28	131	70	87	97	100	68	256	75	62	157	24	48	33	38	101	128	100	51	146	126	27	53	159	77	10	38	35	109	50	16	62	229	45	59	241	114	19	279	50	92	29	59	61	76	48	160	125	49	73	138	84	175	123	94	49	17	99	97	42	62	6	83	248	82	107	75	84	57	62	128	41	83	67	174	56	45	60	145	197	67	32	100	67	32	116	43	248	63	8	84	38	23	60	142	19	47	104	230	70	33	41	18	56	27	198	262	149	169	41	58	164	59	139	158	48	178	21	144	27	33	63	105	93	66	55	132	12	131	272	8	158	91	106	86	159	110	27	91	25	106	8	86	146	295	56	83	62	67	18	152	56	125	3	85	141	85	237	264	41	30	107	47	99	285	103	157	124	215	134	126	31	118	77	93	111	59	147	76	188	183	28	53	318	138	55	23	89	115	20	77	190	5	169	94	143	261	130	121	136	123	115	138	61	50	51	21	188	120	41	113	64	60	128	46	96	314	62	50	32	179	49
38	0	0	0	0	0	0	0	0	0	0	0	13	0	0	0	0	0	0	0	0	0	0	0	0	0	0	0	0	0	0	0	0	0	0	0	0	0	12	0	0	0	0	0	0	0	0	0	0	0	0	0	0	0	0	4	0	0	0	0	0	0	0	33	0	0	0	0	0	0	0	0	0	0	0	0	0	0	0	0	0	0	0	13	0	0	0	0	0	3	0	0	0	0	0	0	0	0	0	0	0	0	0	17	0	0	0	97	0	0	17	45	0	17	0	1	0	35	55	29	24	0	0	0	0	0	0	0	0	48	0	0	0	21	0	0	9	0	0	157	0	85	3	0	0	91	14	0	0	0	0	0	0	44	0	57	0	0	0	0	0	0	0	0	0	0	5	8	0	0	0	0	0	18	32	0	0	0	53	0	0	0	0	0	10	0	13	0	0	266	72	0	0	0	0	1	10	0	15	0	10	158	0	6	9	171	23	396	7	10	50	10	5	310	46	33	27	427	8	110	12	0	67	8	93	55	35	448	24	103	55	100	71	44	174	55	86	291	18	125	36	53	115	66	20	182	85	4	73	24	47	207	0	136	31	73	0	179	0	9	92	133	4	7	119	54	43	14	110	99	99	43	355	13	108	116	18	0	104	2	74	99	60	36	380	24	70	64	0	91	131	214	91	67	257	27	322	0	144	35	293	45	126	33	106	27	83	91	57	76	92	115	74	88	129	71	20	118	103	37	338	61	195	36	75	90	18	161	146	82	142	86	34	151	474	56	12	27	180	100	105	186	60	147	82	124	232	154	39	35	39	35	11	66	28	66	27	168	292	81	182	101	66	210	66	100	36	155	93	25	65	38	76	128	58	170	60	129	72	159	45	128	144	37	52	185	184	9	228	57	35	61	72	137	147	11	181	22	22	15	109	21	85	79	39	115	61	38	173	132	11	155	12	43	47	180	322	71	36	93	27	70	108	58	60	195	104	34	127	23	73	166	52	70	8	124	205	447	42	102	6	11	33	55	79	212	15	115	23	38	111	177	61	77	49	76	166	36	111	25	213	98	211	65	48	104	33	117	117	52	135	145	50	113	48	29	200	34	122	84	155	210	244	142	147	53	55	119	38	55	109	284	133	43	18	61	21	60	11	65	80	134	81	184	93	56	86	29	35	108	105	75	281	31	109	69	23	151	201	135	162	80	120	77	63	109	89	42	33	51	36	119	42	227	148	78	110	176	187	124	89	166	69	92	33	78	51	142	53	235	228	136	28	24	77	191	483	106	184	45	93	53	163	156	173	68	106	108	39	230	241	252	233	107	35	63	228	128	165	21	279	165	78	101	165	477	245	7	7	177	20	102	48	46	156	116	105	154	76	70	94	250	143	42	84	19	39	193	25	6	14	29	45	70	284	130	200	187	55	124	99	24	44	153	152	92	201	194	32	131	150	212	139	42	85	132	136	8	39	98	349	49	105	48	69	57	35	189	70	78	62	79	155	96	56	208	55	22	27	142	141	32	122	7	39	211	37	93	45	100	95	17	82	24	5	46	18	106	280	51	27	80	68	216	122	118	51	324	73	7	97	535	27	11	87	84	78	76	177	72	309	56	60	145	31	58	192	227	198	139	115	55	39	37	115	70	27	143	98	113	105	157	48	30	29	97	71	106	117	155	226	41	214	38	52	139	44	23	70	26	34	45	324	98	68	134	28	175	49	31	4	226	97	44	108	35	106	16	245	65	186	45	18	215	9	117	81	238	73	57	27	337	86	81	53	74	25	77	28	170	97	109	115	47	155	42	96	54	63	5	96	94	2	69	53	34	45	230	13	136	32	92	9	75	76	128	148	63	236	47	81	133	53	148	29	149	7	67	62	46	205	50	103	44	45	75	103	92	76	18	48	173	86	131	91	92	35	20	90	13	46	49	63	157	180	252	122	80	55	135	35	118	68	5	7	130	35	41	85	129	153	42	86	186	175	199	175	176	51	10	85	54	16	123	109	103	85	110	81	82	36	57	35	224	50	218	111	33	166	179	87	129	56	32	65	212	85	191	190	177	66	40	37	65	119	90	78	77	77	287	128	122	86	21	148	17	35	45	161	107	62	50	110	281	46	34	131	47	58	109	20	94	72	141	123	23	225	172	34	52	47	99	58	87	110	24	88	163	60	51	45	115	255	103	70	6	35	192	238	125	66	187	87	76	132	16	20	71	180	125	87	81	78	19	304	121	109	47	131	46	79	380	81	38	29	204	167	119	36	166	3	20	213	92	42	87	239	78	144	36	74
39	0	0	0	0	0	0	0	0	0	0	0	0	0	0	0	0	0	0	0	0	0	0	0	0	0	0	0	0	0	17	0	0	0	0	0	0	0	0	0	0	0	0	0	0	0	0	0	0	0	0	0	0	0	0	15	0	0	0	0	0	0	0	0	0	0	0	0	0	0	0	0	0	0	0	0	0	0	0	0	0	24	0	0	0	0	0	0	0	0	0	0	0	0	0	0	0	0	0	0	0	38	87	24	0	45	41	0	0	28	0	0	0	0	0	0	0	0	9	1	128	0	0	0	0	0	0	0	0	0	0	2	0	0	0	122	0	26	0	48	266	0	0	0	0	51	2	0	43	0	0	0	0	0	0	0	0	0	0	0	0	0	0	0	0	20	0	5	0	3	0	0	0	0	0	0	0	130	0	0	67	36	0	20	1	0	0	0	0	12	239	0	0	0	0	5	0	0	0	1	0	201	0	75	139	55	71	27	0	59	89	201	39	94	0	1	0	75	0	60	154	0	153	0	64	8	21	6	436	15	12	237	164	115	77	102	45	80	20	43	207	81	0	170	63	82	1	0	123	444	82	114	0	106	52	91	0	6	32	0	184	0	0	77	114	25	129	15	56	254	38	6	236	24	7	77	49	3	40	0	74	287	43	40	87	41	154	46	52	64	49	22	11	58	85	9	141	24	0	38	68	215	51	74	41	212	55	106	38	79	84	201	6	198	126	41	457	54	20	67	116	35	44	5	217	204	170	135	42	211	67	35	59	94	89	16	59	158	249	37	36	155	70	213	23	192	184	19	51	12	43	21	85	41	132	143	58	144	44	128	195	345	167	34	96	154	96	94	218	17	82	33	40	76	58	33	48	60	72	37	88	158	136	102	108	18	50	170	92	137	123	51	49	359	51	64	14	33	78	72	63	52	199	26	98	41	70	252	146	102	27	118	121	116	84	91	25	165	144	49	212	81	67	49	25	24	80	36	214	55	91	157	82	7	24	109	168	108	192	248	194	37	60	31	68	136	54	147	139	96	68	57	29	80	48	134	99	29	36	30	90	121	38	49	65	186	237	261	99	7	120	116	23	246	55	196	109	111	102	21	48	228	91	85	211	46	217	85	109	183	135	272	66	96	159	50	183	36	93	88	41	104	64	98	80	115	66	71	79	138	73	61	283	79	26	229	177	229	51	84	25	137	20	97	37	134	172	100	107	94	122	44	53	285	50	154	20	6	103	101	65	232	127	92	113	16	34	51	42	168	94	72	101	282	61	44	19	40	152	115	118	18	51	59	254	31	119	113	181	106	95	130	50	74	52	35	168	16	120	56	229	56	83	182	18	214	100	133	42	56	55	61	117	45	138	321	239	94	27	157	20	33	103	55	77	68	59	57	106	10	181	93	249	306	29	55	24	35	80	102	106	39	252	44	64	80	36	90	30	60	109	23	129	114	39	172	38	77	338	70	27	136	210	202	12	176	104	121	169	22	18	54	97	54	264	108	49	46	54	115	30	122	74	36	69	21	91	314	54	72	40	99	113	33	103	176	127	233	220	29	42	141	39	222	15	34	78	115	48	252	73	118	39	354	147	57	151	38	90	71	31	48	72	73	253	104	96	373	56	140	15	16	42	111	80	58	207	230	325	119	5	71	92	76	45	33	20	81	83	54	23	89	36	105	16	708	35	93	104	103	146	90	135	63	69	68	59	241	33	64	233	79	55	65	35	294	99	74	252	67	140	86	89	193	60	66	45	51	45	38	464	49	34	177	44	14	27	70	53	57	200	128	100	13	26	77	95	103	140	76	108	64	83	68	103	152	59	134	36	58	88	18	141	170	46	16	94	190	119	62	30	92	78	23	192	109	48	23	171	296	60	46	239	31	89	66	78	52	156	282	46	169	76	151	95	26	131	222	79	52	26	145	50	136	43	89	83	41	64	31	12	83	185	100	86	57	49	211	41	136	76	10	121	30	115	136	88	88	50	32	148	11	109	88	32	163	118	268	243	115	40	95	152	45	329	199	29	26	222	14	154	49	166	29	16	116	135	116	256	45	79	152	84	57	105	32	95	134	85	125	103	33	43	9	99	263	166	39	102	81	92	61	58	35	50	17	287	68	150	153	22	113	205	3	33	24	201	54	129	20	86	40	113	208	255	177	104	12	57	192	140	182	32	31	105	114	140	186	357	181	79	175	141	114	78	109	67	46	90	131	82	42	63	81	79	98	187	127	88	262	95	70	141	70	179	62	51	73	108	20	14	127	9	87	67	21	116	92	90	19	30
40	0	0	0	19	0	0	0	0	0	0	0	0	0	0	0	0	0	0	0	0	0	0	0	0	0	0	0	0	0	0	0	0	0	0	0	0	0	0	0	0	0	0	0	0	0	0	0	0	0	0	0	0	0	0	0	0	0	0	0	0	0	0	10	0	0	0	0	0	0	0	0	0	0	0	0	0	0	0	0	0	0	0	0	0	0	0	0	0	0	0	0	0	0	0	0	0	0	0	0	0	0	0	0	0	0	0	0	0	0	0	0	0	0	0	0	0	0	0	113	0	0	67	5	0	7	0	49	0	106	10	48	0	0	17	23	0	0	14	37	0	0	0	0	0	0	77	0	0	0	0	44	0	0	0	3	0	0	69	0	0	0	0	73	0	0	0	0	6	0	0	0	0	0	0	0	0	2	52	4	0	0	0	0	133	0	0	7	0	4	135	0	0	0	0	27	4	7	0	0	7	39	0	34	56	15	15	113	2	26	200	53	40	52	92	110	173	84	0	371	35	32	67	0	103	0	184	57	141	41	154	96	46	97	15	62	37	0	22	16	31	106	23	101	17	122	79	0	57	112	153	176	0	84	0	0	0	6	116	55	113	37	41	48	82	40	101	0	35	118	35	46	8	0	104	103	106	0	64	161	73	24	0	7	65	41	238	112	15	105	2	26	0	93	65	125	0	94	0	89	54	250	294	181	52	7	40	76	135	138	166	25	51	134	173	50	26	65	108	62	148	237	186	113	14	73	37	53	82	69	49	203	195	59	11	327	25	88	90	75	76	9	64	44	262	136	143	17	49	130	56	292	105	54	127	22	23	123	67	74	102	95	145	75	69	102	38	53	114	85	38	201	19	92	15	153	462	84	39	99	183	56	18	118	84	65	162	86	130	90	41	55	63	285	151	54	145	69	33	128	18	116	61	64	35	35	75	44	18	236	98	84	276	27	188	60	23	167	144	181	34	99	18	47	209	320	41	15	49	130	41	151	82	160	21	166	355	23	146	153	74	53	233	82	67	59	79	42	164	51	101	87	22	105	73	72	18	122	76	148	92	175	64	35	19	96	70	13	195	41	128	34	30	68	57	59	143	24	99	40	202	90	116	163	84	34	37	208	44	79	28	54	18	204	51	28	154	107	19	66	66	154	66	48	226	88	56	216	58	59	111	16	28	75	147	17	29	147	213	106	72	243	63	122	134	150	69	122	50	100	26	113	94	93	78	95	318	70	163	130	51	36	37	12	14	50	34	274	227	172	41	243	57	2	30	211	31	52	3	26	13	45	70	21	113	33	52	52	153	73	20	176	236	191	94	30	152	110	106	124	128	72	225	44	133	23	42	57	118	34	62	22	183	49	185	131	112	66	59	46	338	88	18	73	28	90	67	51	101	71	106	39	296	172	26	49	147	176	25	105	159	82	45	287	88	67	33	66	92	75	69	253	101	69	235	99	20	260	127	127	324	120	50	46	44	62	20	30	43	97	119	109	29	194	145	15	71	72	76	46	96	120	173	48	147	195	36	68	88	122	466	145	57	114	141	41	52	88	64	41	5	144	67	363	89	48	44	48	180	20	60	233	76	52	126	95	93	338	113	10	57	44	60	120	108	264	21	37	36	21	140	217	4	62	113	191	128	66	128	9	6	452	31	83	143	40	52	79	156	252	40	55	66	79	35	37	147	76	64	104	52	171	49	51	177	95	90	219	67	229	47	154	76	22	13	196	148	95	78	75	61	74	54	124	15	41	97	47	55	79	152	431	9	119	38	48	40	39	88	258	78	120	170	19	15	88	69	88	7	30	113	236	93	19	103	47	91	82	7	242	126	46	36	68	86	48	221	95	197	76	42	169	134	110	102	129	69	49	30	135	8	112	119	92	48	99	65	5	63	121	160	75	95	130	40	105	208	84	29	254	228	32	126	40	31	60	59	124	187	119	36	29	76	108	195	17	203	79	56	144	120	106	163	120	28	104	22	5	50	30	245	38	17	53	106	374	70	164	75	150	79	139	104	115	52	110	81	31	81	61	28	84	43	136	29	74	92	77	57	160	54	58	74	139	29	140	106	126	155	140	220	85	68	63	301	73	20	81	135	34	208	101	99	81	187	91	7	28	44	71	139	55	18	344	28	68	101	13	87	90	20	33	30	63	36	72	140	55	148	114	15	40	51	94	109	60	47	301	85	93	51	142	139	143	175	186	247	276	53	76	373	109	286	121	39	46	143	64	97	220	40	26	125	83	225	91	57	162	19	56	159	105	221	352	54	172	49	68	180	12	56
41	0	0	0	0	0	0	0	0	0	0	0	0	0	0	0	0	0	0	0	0	0	0	0	0	0	0	0	0	0	0	0	0	0	0	0	0	0	0	0	0	0	0	0	0	0	0	0	0	0	0	0	0	0	0	0	0	0	0	0	0	0	0	0	0	0	0	0	0	0	0	0	0	0	0	0	0	0	0	0	0	0	0	0	0	0	0	0	0	0	0	0	0	0	0	0	0	0	0	0	0	0	0	55	1	0	0	0	0	18	0	2	0	0	0	0	0	0	60	0	126	0	18	0	0	0	0	30	16	41	0	0	0	0	0	0	0	0	0	32	14	112	0	0	0	8	0	0	0	0	0	9	0	0	0	0	0	2	14	0	0	0	0	0	7	19	0	72	0	0	0	0	0	68	0	0	0	0	0	0	0	9	0	54	0	0	2	38	0	33	74	0	0	0	0	0	0	0	0	0	18	2	0	30	161	23	38	152	14	32	41	55	78	42	232	20	55	165	23	211	14	0	2	0	85	141	109	28	129	24	55	21	21	73	1	91	35	70	23	90	171	176	14	71	0	0	65	1	65	182	40	83	33	68	14	51	0	17	8	0	26	49	11	22	56	134	311	23	22	94	61	152	10	33	125	7	77	0	20	28	37	83	13	15	84	48	78	64	97	163	0	93	34	108	8	96	290	4	37	81	92	134	5	60	43	85	75	79	163	36	105	68	104	28	22	129	212	65	187	100	35	37	103	106	46	10	171	46	36	130	262	214	39	14	130	49	102	139	88	41	43	81	76	89	210	41	98	77	138	219	237	71	48	95	69	55	104	121	54	93	82	84	25	165	197	94	57	268	196	200	16	50	104	84	130	73	85	118	93	278	210	99	39	54	173	44	84	124	98	8	83	128	12	117	123	278	16	37	44	118	46	118	2	59	180	100	22	82	76	57	43	144	191	45	13	43	27	91	99	9	39	36	277	123	59	127	67	195	47	51	46	104	41	93	79	9	64	111	80	91	80	88	32	60	164	134	91	130	106	22	25	77	47	51	36	14	180	22	22	118	199	48	127	8	177	66	163	81	92	41	159	34	48	98	104	323	33	126	80	34	43	70	111	140	54	27	175	244	148	54	82	204	74	41	129	34	45	106	193	96	32	50	52	66	126	0	130	58	108	145	171	29	186	196	18	34	167	84	61	46	81	94	183	38	137	100	148	109	140	137	210	142	271	102	223	32	298	244	125	83	199	136	90	63	72	204	185	77	77	86	98	139	60	56	59	112	16	18	252	301	102	267	87	13	107	140	51	343	36	112	187	120	58	47	11	172	173	188	118	211	304	147	76	84	135	247	267	25	63	26	41	262	33	79	42	51	194	62	202	140	77	366	143	42	41	60	171	14	33	16	155	52	65	88	29	30	60	118	115	32	198	24	0	112	86	46	45	22	129	36	107	36	60	76	127	87	92	11	30	259	129	8	67	111	184	135	21	307	71	44	103	277	193	250	180	119	78	67	76	165	13	12	199	104	85	89	78	165	33	92	56	170	38	133	41	103	22	74	164	94	114	170	26	117	235	56	72	109	110	119	38	145	224	236	84	76	233	162	28	49	14	45	47	62	109	104	57	166	134	247	217	47	123	288	109	82	188	55	33	166	258	86	243	88	23	46	16	89	80	97	206	34	105	52	7	42	135	302	18	49	103	131	146	139	91	12	40	117	57	39	121	21	198	24	35	113	332	77	114	205	104	103	147	112	4	63	81	92	114	140	213	167	74	36	15	73	237	21	196	128	121	45	72	126	318	198	122	69	42	250	66	73	60	240	118	57	27	119	28	218	10	98	153	50	82	73	37	57	48	115	61	62	151	39	128	11	106	125	22	266	20	85	411	79	168	61	120	56	104	102	151	108	92	36	68	121	53	96	87	96	59	118	30	177	295	88	94	34	87	44	42	48	47	153	87	88	69	119	98	79	124	208	126	187	318	130	55	154	69	138	108	123	64	251	72	167	163	19	173	237	278	120	73	94	113	28	312	82	109	67	47	74	51	74	141	214	148	99	185	71	30	34	102	84	127	100	86	67	135	70	174	45	200	133	119	32	14	99	76	57	197	43	23	206	9	33	83	82	41	103	160	153	122	203	324	203	51	185	11	149	70	58	106	27	75	73	30	27	128	81	90	121	153	75	129	103	134	7	133	70	107	23	64	105	159	59	81	86	79	61	209	118	53	376	87	123	146	66	90	197	123	73	152	34	154	81	92	195	105	222	24	51	45	4	70	72	32	41	42	205	95
42	0	0	0	0	0	0	0	0	0	0	0	0	0	0	0	0	0	0	0	0	0	0	0	0	0	0	0	18	0	0	0	0	0	16	0	0	0	0	0	0	0	0	0	0	0	0	0	0	0	0	0	0	0	0	0	0	0	0	0	0	0	0	0	0	0	0	0	0	0	0	0	0	0	0	0	0	0	0	0	0	0	0	0	0	0	0	0	0	0	0	0	0	0	0	0	0	0	0	0	0	0	0	0	0	1	7	0	0	0	0	0	0	26	73	0	0	0	0	0	0	5	0	26	22	1	33	7	49	2	0	0	0	0	15	13	0	0	0	0	0	54	0	0	0	0	0	0	0	0	0	0	0	32	0	18	0	0	0	0	0	4	27	8	0	135	0	7	7	5	0	34	24	0	0	0	0	11	19	20	62	0	0	0	0	0	0	0	0	0	60	0	0	0	0	20	0	0	0	0	0	123	0	71	33	32	4	47	0	11	0	195	10	139	201	41	13	61	0	46	30	42	152	1	44	7	115	118	55	167	70	20	194	105	44	23	29	49	43	83	19	28	2	2	46	72	0	4	71	12	163	56	9	149	0	27	0	25	36	0	0	0	8	22	68	149	120	1	70	7	83	119	53	36	22	0	62	0	75	37	66	83	145	12	99	101	174	28	0	222	4	137	117	37	39	30	50	73	0	34	0	206	162	197	70	143	109	145	62	199	87	198	29	83	15	122	52	90	21	80	41	60	36	49	67	59	75	151	62	219	36	238	90	155	108	31	31	526	77	160	68	152	58	258	41	57	37	140	91	81	220	78	114	127	119	18	36	86	32	152	55	170	68	85	23	17	33	108	45	82	71	27	64	95	94	27	148	115	72	139	279	13	64	115	110	173	129	143	66	30	115	160	261	17	141	29	115	210	59	178	70	318	125	116	108	16	165	35	143	59	154	58	100	104	31	35	38	117	28	35	37	36	38	39	103	91	100	257	175	97	48	66	70	2	132	103	105	114	83	32	268	50	68	81	26	128	178	36	105	496	44	208	47	64	34	49	41	88	52	230	85	16	75	17	26	110	55	33	191	27	26	6	39	23	75	22	272	97	43	98	58	153	43	128	81	184	39	39	73	83	94	182	102	86	44	116	70	95	163	45	64	254	163	44	108	26	150	33	51	205	76	36	130	136	51	14	163	139	156	127	122	84	87	93	40	157	87	81	270	81	89	124	142	125	46	119	40	225	83	22	128	210	37	59	98	138	8	204	94	211	65	53	18	50	36	64	103	82	84	109	165	95	69	121	93	77	44	215	325	78	149	39	19	27	85	168	88	206	55	117	18	111	347	73	68	36	31	200	45	108	325	138	36	78	186	64	182	50	129	137	94	75	103	53	193	55	130	53	39	75	270	52	76	132	85	42	35	8	103	37	132	105	69	66	122	115	146	55	144	72	50	139	38	143	71	62	134	42	128	95	215	89	17	48	49	91	160	163	64	82	51	101	70	267	95	148	70	200	59	34	308	48	215	45	42	45	86	318	40	59	65	61	85	29	205	233	57	82	76	26	66	100	170	27	75	190	279	179	5	11	41	79	107	56	84	53	224	85	76	53	97	84	125	120	87	163	136	114	108	71	115	20	42	12	78	91	207	44	59	159	73	177	190	59	148	26	71	137	8	50	134	81	102	194	77	42	233	94	108	203	45	42	64	83	57	76	141	132	85	45	77	109	51	63	57	64	12	84	81	58	178	35	337	3	71	77	19	76	85	81	12	6	78	84	185	135	349	173	126	16	89	220	113	254	21	142	110	36	160	128	102	85	59	179	13	103	36	66	94	11	129	161	68	73	74	128	349	128	63	264	121	114	147	52	112	29	105	66	26	76	121	29	114	84	152	30	154	103	9	53	193	82	105	82	54	242	122	80	62	0	106	112	73	158	83	196	64	163	43	37	102	28	36	84	38	90	102	211	121	51	51	69	118	192	116	87	20	85	92	135	98	51	159	171	36	122	69	375	93	32	120	231	3	149	42	235	87	380	120	7	138	61	47	113	33	87	18	99	29	118	63	189	69	79	92	100	88	33	61	148	56	104	344	95	37	53	114	79	48	28	112	93	171	89	218	110	170	68	125	105	62	151	26	120	51	31	131	175	152	75	92	37	100	93	88	83	136	135	167	191	53	32	14	154	109	107	37	135	49	88	53	73	56	61	196	79	132	37	106	38	10	177	85	80	6	8	215	84	40	116	177	26	21	253	86	55	52	148	86	128	154	57	158	223	173	47	140	143	208	146	37
43	0	0	0	0	0	0	0	0	0	0	5	0	0	0	0	0	0	0	0	0	0	0	0	0	0	0	0	0	0	0	40	0	0	0	0	0	0	0	0	0	0	0	0	0	0	0	0	0	0	0	0	0	0	0	0	0	0	0	0	0	34	0	0	0	0	0	0	0	0	0	0	0	0	0	0	0	0	0	0	0	0	0	0	0	0	0	0	0	0	0	0	0	0	0	0	0	0	0	0	0	2	83	0	0	9	1	54	0	0	61	0	0	0	0	0	0	0	0	1	67	43	0	0	0	0	7	0	0	0	0	0	23	0	76	0	0	0	0	0	23	0	0	0	0	0	0	0	0	0	0	0	0	0	0	0	12	2	0	0	0	11	0	0	0	0	0	0	0	1	0	0	0	0	0	0	0	30	0	26	56	0	0	0	0	0	4	0	0	0	104	0	0	7	0	30	0	0	0	0	0	149	36	19	0	0	164	19	0	0	189	32	52	29	146	15	107	31	0	7	15	48	75	0	1	131	18	18	5	58	37	79	50	188	69	10	25	118	151	11	67	74	106	39	141	156	27	7	203	77	42	173	1	153	41	0	4	1	47	25	32	150	50	266	122	127	21	56	0	28	30	67	182	0	114	28	5	2	237	0	47	7	90	0	73	0	89	172	49	32	2	60	17	168	218	119	31	3	0	14	41	70	289	84	78	97	66	117	41	47	15	73	62	82	92	118	125	45	101	23	14	138	73	189	47	100	190	229	74	76	124	50	51	27	58	274	41	75	14	147	19	5	34	57	134	35	144	39	86	73	118	112	36	45	252	42	9	104	59	171	54	153	175	160	68	29	78	33	33	226	109	53	77	43	180	21	120	47	133	27	87	87	71	135	89	265	99	198	47	134	90	63	184	137	55	129	50	74	82	35	371	128	36	248	110	95	22	16	74	51	83	75	125	45	20	45	63	131	156	70	109	31	169	36	84	111	64	68	96	153	142	128	143	146	36	18	46	76	20	133	46	61	101	91	137	63	218	23	215	106	79	83	41	83	72	98	152	112	44	88	155	72	68	133	25	44	215	112	44	93	22	92	37	99	107	6	32	112	214	44	40	44	98	27	51	38	53	67	39	91	111	53	90	70	17	88	78	24	184	178	62	15	126	86	63	147	114	101	10	97	172	81	198	125	76	125	72	224	275	44	8	45	80	85	156	175	78	33	43	161	181	117	209	57	49	36	85	40	199	96	123	105	149	80	149	33	53	44	12	30	31	226	96	79	51	183	109	96	228	139	146	28	22	147	46	91	110	200	243	170	51	23	23	34	35	175	60	50	73	75	295	15	135	48	55	220	35	70	64	39	174	64	118	122	133	194	96	44	33	71	27	72	125	66	59	15	34	41	88	90	55	67	84	41	84	38	259	61	17	120	69	104	22	89	133	38	28	138	166	46	57	135	65	30	185	27	47	35	169	116	61	36	100	33	96	32	32	9	74	235	37	145	194	95	55	53	65	163	108	34	82	87	109	110	99	64	109	55	183	45	52	37	108	177	73	40	32	75	46	63	21	21	73	35	190	58	116	107	65	6	40	28	40	92	213	28	220	136	65	20	123	122	160	73	161	36	161	94	63	94	60	156	185	117	73	244	100	237	83	20	376	76	64	88	114	91	34	83	153	30	169	46	61	32	30	180	16	225	24	95	106	132	99	88	129	98	42	131	68	126	104	46	207	79	236	165	109	83	64	67	15	153	109	97	86	76	138	10	38	54	249	188	62	45	274	39	55	115	144	42	40	98	16	107	36	156	84	89	99	16	233	50	63	62	98	94	75	16	72	64	55	153	122	65	91	66	77	88	74	109	88	33	184	239	166	21	28	50	193	201	17	104	23	56	36	32	35	46	96	143	101	19	146	160	76	219	231	126	274	126	43	6	138	88	35	55	260	136	202	44	75	90	196	28	69	44	237	194	22	10	483	163	186	465	36	119	86	213	316	40	43	132	150	174	32	60	90	80	62	75	56	19	67	55	103	68	88	41	231	60	132	86	56	47	61	72	292	109	109	146	162	78	116	104	229	29	39	187	142	41	134	82	130	57	36	232	78	45	76	61	49	200	70	73	152	5	42	154	311	21	153	262	107	144	129	373	52	50	92	86	95	340	27	91	64	61	126	80	248	176	185	98	118	65	89	29	87	27	59	38	213	77	70	82	21	86	98	190	40	62	145	30	58	217	86	48	12	61	120	138	25	83	29	25	118	18	267	76	58	25	49	8	28	48	45	55	151	92	151	217	77
44	0	0	0	0	0	0	0	0	0	0	0	0	0	0	0	0	0	0	0	0	0	0	0	0	0	0	0	0	0	0	0	0	0	0	0	0	0	0	0	0	0	0	0	0	0	0	0	19	0	0	0	0	0	0	0	0	29	0	0	0	0	0	0	0	0	0	0	0	0	0	0	0	0	0	0	0	0	0	0	0	0	0	28	0	0	0	0	0	0	0	0	0	0	0	0	0	0	0	0	0	0	0	0	4	31	23	0	0	0	0	9	0	0	0	0	90	0	0	0	94	0	0	0	0	0	0	0	0	48	0	0	0	0	0	40	0	0	20	5	79	0	0	0	0	30	33	0	0	0	0	64	0	2	0	0	0	0	0	0	0	0	0	0	0	121	0	0	0	0	0	0	0	0	9	45	0	37	0	0	0	76	0	0	0	0	0	12	0	5	0	0	0	0	53	0	0	83	0	0	0	64	1	170	93	45	102	100	52	97	78	64	0	29	51	0	132	18	0	53	2	0	79	0	51	23	4	93	18	171	39	191	105	7	105	249	0	0	88	112	14	405	201	142	112	36	37	17	168	342	7	71	5	108	4	82	31	24	76	44	38	12	20	72	80	67	5	37	28	2	92	6	5	2	34	71	77	0	120	35	43	131	72	4	467	164	124	73	51	52	13	37	0	55	95	92	1	4	1	174	57	231	83	131	114	121	109	66	9	23	127	22	70	236	82	68	251	7	325	63	16	45	357	69	105	46	54	138	184	69	42	45	20	316	51	128	184	118	242	80	42	55	59	89	113	364	132	17	61	43	180	150	46	72	369	113	99	86	112	234	138	161	126	222	70	101	329	45	106	57	61	90	59	114	153	146	38	145	79	224	67	138	119	145	15	3	278	173	32	117	9	209	53	99	204	10	2	133	193	108	168	96	47	108	103	61	156	12	66	143	43	244	32	173	100	68	313	218	57	50	77	80	61	77	69	185	44	56	48	98	48	113	56	91	230	36	86	119	49	112	34	100	50	45	116	223	253	107	128	176	43	31	310	180	55	31	48	41	112	237	86	111	27	44	32	92	71	190	68	69	142	99	8	91	77	134	68	28	57	157	109	102	51	25	41	34	44	86	219	49	123	169	98	56	302	94	115	79	156	254	104	93	68	74	38	41	84	95	148	146	171	77	30	3	95	48	96	103	33	40	6	107	73	80	12	27	9	117	87	49	177	23	18	40	175	106	68	43	7	302	138	62	106	29	146	24	131	28	81	94	164	158	201	180	125	113	52	173	74	114	103	48	203	26	32	195	37	60	157	121	185	79	120	25	177	115	155	57	192	6	81	36	49	53	38	90	83	46	204	120	80	101	161	229	56	322	300	121	86	73	91	130	28	135	116	35	26	153	44	129	116	34	42	64	57	106	106	19	100	118	246	44	182	113	37	138	66	36	53	255	67	67	115	51	114	155	98	122	48	126	56	143	114	20	66	91	59	150	98	38	77	106	85	108	174	113	18	145	54	58	90	92	354	140	96	65	44	51	220	141	115	65	100	37	66	175	57	74	115	90	13	37	139	92	79	143	18	70	109	76	223	116	65	25	100	79	56	22	59	96	109	190	192	33	45	168	99	142	345	62	93	168	100	67	51	96	60	6	137	203	116	170	41	19	351	114	19	141	73	81	49	77	113	119	141	90	169	71	29	7	34	102	71	78	142	190	113	145	89	22	33	61	76	28	126	178	89	187	240	25	84	145	104	39	40	92	70	98	30	33	90	9	133	170	119	172	75	20	80	39	40	92	185	107	183	23	247	32	210	0	69	125	21	115	64	58	102	155	119	172	105	45	117	182	94	96	203	91	205	42	286	100	35	157	138	86	81	204	90	12	74	153	73	124	67	54	317	25	170	34	48	133	112	69	71	196	134	119	126	56	50	91	153	35	202	36	72	49	88	48	12	233	278	91	73	42	91	42	154	85	115	57	77	89	205	57	40	132	17	77	86	109	124	96	136	112	158	117	48	40	163	108	111	33	57	242	174	69	51	101	199	91	183	84	32	132	170	45	32	207	69	13	85	87	64	88	292	79	52	167	188	117	38	25	83	37	256	208	227	27	47	8	132	97	56	201	44	33	262	112	50	151	74	41	44	46	12	27	198	121	299	47	132	36	145	8	4	207	19	108	259	122	44	83	129	144	27	13	217	83	54	80	275	36	80	116	180	78	170	150	115	68	128	208	144	64	23	87	49	252	91	249	97	55	114	60	63	120	121	131	113	83	10	45	38	69	216	75	57	18	44
45	0	0	0	0	0	0	0	0	0	0	0	0	0	0	0	0	0	0	0	0	0	0	0	0	0	0	11	0	0	0	0	0	0	0	0	0	0	0	0	0	0	0	0	0	0	0	0	0	0	0	0	0	0	0	0	0	0	0	0	0	0	12	96	0	0	0	0	0	0	0	0	0	0	0	0	0	0	0	0	0	0	0	0	0	0	0	0	0	0	0	0	0	0	0	0	0	0	0	0	0	0	0	0	0	0	22	0	18	0	19	0	16	0	0	0	115	0	0	1	0	0	0	0	4	0	0	0	0	9	16	0	0	0	23	39	4	0	27	113	151	0	0	0	0	0	0	0	0	0	0	0	1	3	0	0	0	0	0	6	0	0	0	25	0	60	0	0	19	1	0	0	0	0	15	0	0	15	0	0	0	0	106	0	0	0	0	0	60	0	0	3	0	0	0	48	5	0	0	0	0	8	0	7	0	99	53	8	123	0	40	175	9	22	79	0	121	112	17	53	125	4	139	0	80	37	102	20	19	49	111	67	19	13	156	63	260	15	169	6	27	103	67	28	89	169	14	13	45	9	75	212	0	86	0	48	100	63	25	0	51	28	56	94	127	37	0	4	56	35	41	106	153	36	200	0	17	0	21	0	93	271	14	262	111	79	6	74	21	180	82	55	100	0	44	14	69	0	0	41	131	118	115	42	98	140	77	103	107	94	69	38	15	67	87	37	93	14	181	118	162	181	172	58	191	174	57	82	61	58	76	35	98	119	54	143	31	43	112	25	96	93	84	15	158	37	28	42	115	136	186	146	65	69	80	22	65	201	35	112	26	45	81	45	128	58	122	18	261	83	50	53	114	99	42	36	250	575	189	101	80	79	25	45	33	180	108	74	153	180	229	77	102	83	96	52	44	13	146	103	62	133	175	300	49	65	22	25	132	79	116	162	37	49	126	113	132	209	71	123	217	106	200	204	147	145	3	50	92	56	53	124	91	116	209	65	53	55	209	155	103	93	102	80	296	26	215	79	66	91	42	82	31	92	159	85	119	43	53	205	465	320	109	52	30	139	64	237	19	166	42	219	94	92	46	27	156	51	122	92	98	76	21	42	72	23	177	49	123	153	19	58	90	81	421	22	237	36	54	142	120	35	236	98	57	60	65	199	157	125	133	121	11	137	123	215	59	236	64	73	78	121	56	110	228	94	21	123	86	59	130	162	196	62	179	27	66	101	62	138	151	25	167	99	348	65	95	206	145	168	108	113	289	26	58	128	98	15	65	94	75	367	33	70	268	198	128	165	35	51	289	153	79	75	38	32	21	138	42	156	43	54	108	81	184	142	85	256	95	82	4	106	89	111	190	81	56	99	1	57	94	136	76	78	47	30	67	251	14	99	16	33	169	253	79	125	31	64	144	76	121	29	87	100	179	52	178	106	34	65	92	91	215	110	70	88	242	83	330	229	173	17	146	3	28	305	16	178	6	74	57	216	158	113	24	143	277	20	86	17	325	271	169	84	161	40	172	18	22	122	199	273	229	147	91	43	102	23	32	94	188	210	64	84	97	132	46	109	29	229	64	255	82	162	127	30	64	63	46	286	80	97	149	48	91	6	148	194	43	45	37	44	120	63	52	142	151	207	57	46	3	7	12	10	1	3	81	68	129	126	72	54	66	105	57	98	23	113	8	110	73	120	77	70	20	118	95	39	53	106	122	209	32	180	57	36	32	88	62	84	331	32	83	99	106	170	36	128	286	80	234	35	187	173	20	328	93	25	97	174	131	151	104	77	68	80	65	27	152	96	84	78	182	70	161	119	38	57	77	5	91	345	55	31	101	80	89	23	126	142	37	150	310	30	66	94	88	90	32	119	14	152	108	66	22	117	75	58	33	37	109	35	54	206	111	87	25	55	52	75	90	53	82	50	69	57	20	51	57	199	26	75	33	131	32	196	197	92	36	101	97	34	87	36	148	68	47	59	45	194	242	49	92	39	130	121	81	132	266	46	56	87	102	153	56	66	55	123	294	168	76	58	57	168	106	267	239	192	256	302	84	44	143	186	305	11	160	38	199	186	90	72	24	18	127	113	35	119	71	180	21	51	73	102	116	187	158	70	84	150	48	62	13	41	254	70	119	27	11	222	47	102	97	217	20	18	110	82	196	35	84	16	75	75	68	40	9	82	183	56	78	143	5	60	111	40	336	276	159	183	45	47	174	62	55	109	210	224	93	163	104	42	10	51	105	175	121	39	63	155	99	218	217	65	40	107	127	27	84	57	15
46	0	0	0	0	0	0	0	0	0	0	0	0	0	0	0	0	0	0	0	0	0	0	0	0	72	0	0	0	0	0	0	0	0	0	0	0	0	0	0	0	0	0	0	0	0	0	0	0	0	0	0	0	0	0	0	0	0	0	0	0	0	0	0	0	0	0	40	0	0	0	0	0	0	0	0	0	0	0	0	0	0	0	0	0	0	0	0	0	0	0	62	0	0	0	0	0	0	0	0	0	0	0	12	0	50	0	0	0	0	0	0	0	0	0	0	0	0	70	0	51	7	0	0	0	5	14	0	0	105	0	2	0	0	0	0	0	11	27	0	3	87	0	0	0	0	0	0	0	0	0	43	0	0	0	0	19	0	0	0	1	0	0	88	42	0	0	0	0	0	0	0	0	0	0	0	0	0	0	0	18	0	163	0	0	0	0	0	0	0	71	0	39	0	0	44	0	0	0	0	0	18	86	0	11	33	97	96	0	2	35	65	249	159	148	12	25	221	3	43	164	0	13	0	224	3	105	22	28	52	26	108	50	59	64	0	15	0	204	51	0	81	132	224	195	50	29	33	72	19	46	34	13	125	0	30	10	180	89	5	32	0	45	47	34	119	6	114	81	165	35	187	17	0	48	78	0	0	141	0	67	127	123	0	59	46	75	165	171	64	74	62	52	166	68	86	47	0	0	51	136	236	71	19	128	69	273	334	30	283	94	47	201	196	21	120	15	6	189	253	63	56	40	95	206	13	46	89	125	146	190	85	50	33	120	233	34	74	117	96	198	22	80	111	46	15	312	172	183	37	192	54	162	123	146	16	68	136	78	23	59	40	108	5	89	84	203	41	46	90	55	173	99	49	88	42	92	39	532	159	65	88	144	60	71	49	124	96	39	70	96	92	130	18	120	17	61	188	97	54	155	42	47	32	11	26	37	182	13	53	32	138	22	99	91	116	25	71	72	293	38	140	36	215	154	132	55	45	104	14	162	160	113	74	40	467	276	22	183	22	127	15	210	82	20	31	43	129	107	5	195	222	18	70	75	113	43	31	62	17	90	210	113	58	8	61	21	205	115	12	235	25	20	247	191	151	29	114	274	24	156	76	111	123	46	43	85	13	32	48	97	39	69	14	97	132	22	250	102	19	44	149	30	126	234	116	80	18	153	136	77	109	53	42	31	205	21	100	5	34	75	58	35	19	253	124	33	289	41	155	170	136	109	86	144	120	149	37	172	116	338	76	39	69	41	47	183	43	51	53	135	76	53	131	106	51	22	46	2	88	103	197	50	69	42	62	73	15	67	73	48	90	27	96	139	19	138	115	236	141	41	26	73	180	45	86	219	105	41	85	217	19	36	103	24	176	26	42	62	89	111	124	59	136	16	43	59	61	35	114	131	83	42	54	88	46	28	114	201	69	38	156	83	138	69	102	158	143	172	161	135	47	78	173	61	179	36	105	41	184	112	64	151	29	14	145	51	27	238	135	59	114	144	116	88	24	103	92	50	31	80	6	140	125	111	82	128	60	292	128	133	91	46	117	98	74	62	15	103	24	61	72	107	126	125	228	105	38	108	91	81	207	255	125	44	105	73	45	153	88	59	91	49	83	34	21	25	78	84	91	35	66	67	104	81	22	75	187	41	120	137	50	36	41	307	95	156	243	76	75	97	205	19	146	80	17	174	42	85	66	140	65	82	248	55	197	168	52	133	152	8	69	136	116	51	324	100	63	63	75	97	71	39	42	93	236	42	44	166	172	66	19	80	259	73	66	186	50	47	15	107	120	61	103	48	116	252	124	80	94	34	55	41	56	97	127	98	12	132	20	108	149	38	28	201	108	18	149	53	108	21	120	96	93	108	82	10	54	235	177	264	50	91	181	28	193	50	115	43	361	103	84	15	242	135	104	23	10	88	58	202	95	58	56	65	27	32	108	68	21	274	148	103	153	44	33	80	187	21	182	69	240	68	49	90	239	86	199	161	123	4	42	42	74	441	218	31	100	75	43	311	29	121	17	49	295	32	69	15	44	38	110	84	110	245	73	249	84	358	22	177	69	24	47	105	59	124	153	45	23	23	39	424	56	73	24	152	29	103	65	127	129	75	37	82	92	16	13	13	215	150	146	38	47	126	46	233	117	89	77	331	93	21	28	22	59	19	18	57	68	53	39	39	128	254	21	122	43	200	46	153	145	101	84	269	33	34	65	217	58	118	142	274	151	34	80	20	114	99	107	287	56	56	26	29	51	66	72	162	143	267	86	90	108	169	170	65	123	21	42	21
47	0	0	0	0	0	0	0	0	0	0	0	0	0	0	0	0	0	0	0	0	0	87	11	0	0	0	0	0	0	0	0	0	0	0	0	0	0	0	0	0	0	0	0	0	0	0	0	0	0	0	0	0	0	0	0	0	0	0	0	0	0	0	0	0	0	0	0	0	0	0	0	0	0	0	0	56	0	0	0	0	0	0	0	0	0	0	0	0	0	0	0	12	0	28	0	0	0	0	0	0	0	0	0	0	0	0	0	0	0	0	0	0	113	0	35	0	123	26	0	10	0	0	0	2	0	0	0	25	2	0	0	0	0	21	0	0	0	4	0	0	138	0	1	0	0	0	0	0	0	6	0	0	21	0	5	34	0	0	0	0	0	0	0	84	0	24	0	0	0	0	63	0	0	0	38	0	0	0	0	0	0	0	110	0	2	0	0	0	30	61	0	0	0	0	20	1	2	2	0	0	58	0	1	10	0	9	69	0	0	8	221	177	96	61	5	17	88	6	199	163	3	37	0	5	83	67	29	147	157	17	115	67	92	226	20	51	32	50	10	81	11	0	53	40	124	31	11	11	92	58	118	1	86	0	60	15	12	10	1	5	49	0	312	50	59	16	23	24	36	230	49	0	157	32	71	0	0	64	6	60	85	55	0	58	62	99	139	42	160	122	26	90	36	50	5	192	0	4	158	73	14	73	146	16	78	48	41	173	46	27	50	73	34	51	71	65	48	130	60	11	10	124	55	125	82	32	134	123	178	219	67	21	158	93	141	154	96	250	213	23	18	175	92	99	160	31	74	81	234	43	7	34	148	55	240	85	122	137	249	63	49	202	238	226	76	51	62	86	37	21	170	149	197	129	48	35	140	72	113	124	129	117	50	79	96	81	26	133	24	110	153	77	68	267	58	20	74	83	141	48	86	41	94	40	165	85	127	163	93	112	87	137	256	87	104	349	20	118	188	102	118	79	63	74	50	45	81	116	74	79	101	95	251	94	33	78	214	202	126	97	66	47	17	87	36	83	11	71	139	43	157	52	93	78	41	71	47	20	114	170	147	122	90	53	7	173	75	12	147	43	30	166	46	41	47	66	278	34	165	64	92	81	87	345	48	29	168	11	37	98	85	225	216	181	114	121	225	153	16	30	73	24	58	32	133	59	106	106	168	101	148	129	118	15	7	122	109	172	187	38	112	27	73	34	21	25	76	83	36	140	241	243	26	191	37	37	30	148	80	110	156	139	42	151	218	210	106	43	154	57	17	156	59	72	190	66	222	155	90	79	23	99	81	13	14	100	291	47	78	67	28	25	211	163	73	49	86	90	56	266	18	18	68	48	56	41	25	24	250	81	130	160	83	84	154	55	114	18	109	88	39	107	40	27	75	50	8	124	197	250	47	48	35	217	93	96	21	110	56	43	150	37	177	33	111	89	6	65	66	161	121	47	140	40	93	122	58	62	85	32	100	99	134	119	159	108	103	344	33	28	15	155	28	126	99	33	40	51	85	66	57	40	60	54	60	57	33	183	14	136	171	170	119	69	53	64	72	55	27	91	81	90	119	140	168	109	188	177	122	36	125	160	141	15	74	118	96	187	75	143	192	49	58	44	70	164	198	136	332	154	265	215	9	73	87	99	100	9	111	227	27	39	267	25	66	180	15	240	52	102	102	41	69	89	128	31	174	118	417	132	50	21	196	57	234	58	188	142	42	84	29	70	12	139	282	7	26	158	267	353	223	76	38	67	60	179	34	55	98	57	89	27	91	45	32	86	147	74	39	143	212	78	91	201	148	110	142	141	91	38	162	168	63	95	73	36	63	91	48	111	95	105	213	120	127	191	216	280	107	130	46	204	29	32	67	101	189	154	55	36	136	151	235	44	54	65	208	29	51	37	54	44	88	179	34	101	61	109	20	113	72	55	61	159	175	14	78	50	14	181	86	68	337	207	53	57	144	75	41	132	154	187	109	26	96	29	112	120	118	75	332	65	43	83	11	19	88	78	195	90	130	144	126	145	24	68	29	158	45	40	352	13	235	28	40	254	82	63	22	117	61	53	182	23	51	29	43	162	134	46	78	50	72	77	53	10	36	33	182	49	84	117	63	126	272	321	82	20	168	182	7	36	42	21	279	118	69	274	8	19	30	119	152	43	164	65	15	4	353	82	118	23	27	41	108	102	42	164	63	32	64	200	115	106	179	129	238	173	252	159	98	29	29	113	27	220	89	81	121	155	142	158	17	169	117	22	113	56	264	7	98	46	175	54	125	64	134	72	23	56
48	0	0	0	0	0	0	0	0	0	0	0	0	0	0	0	0	0	0	0	0	0	0	0	0	0	0	0	0	0	0	0	0	0	3	0	0	0	0	0	0	0	0	0	0	0	0	13	0	0	0	0	0	0	0	0	0	0	0	0	0	0	0	0	0	0	0	44	0	0	0	0	0	0	0	24	0	0	0	0	0	0	0	0	0	0	0	0	0	0	38	54	0	0	0	0	0	0	0	0	0	0	1	0	0	0	0	0	0	76	0	0	0	97	0	0	2	0	0	0	24	46	0	0	0	0	4	0	0	4	0	0	0	33	0	0	0	0	0	0	15	48	0	0	0	0	56	3	0	0	0	0	0	0	0	18	0	0	0	0	0	0	2	0	0	0	0	3	0	0	0	5	0	0	0	0	0	93	38	76	18	0	0	7	129	0	0	25	35	57	56	19	2	0	34	0	0	0	0	0	0	110	0	0	138	56	184	102	0	16	44	93	9	51	77	0	41	23	0	32	0	0	13	1	29	12	45	93	28	28	0	20	2	75	32	23	8	34	71	0	151	19	14	19	0	15	85	0	61	40	10	150	1	43	0	259	0	57	17	8	61	27	65	67	17	178	98	42	0	77	72	14	69	1	91	2	0	0	34	94	201	238	22	42	79	54	95	15	73	131	112	189	30	262	3	76	16	0	95	93	0	104	154	28	169	81	109	53	79	188	190	36	234	61	87	37	144	66	229	108	51	244	62	191	34	158	278	78	111	212	112	174	104	135	42	78	86	102	27	28	83	62	44	69	160	55	179	65	164	177	228	94	91	50	70	56	201	150	115	1	109	119	193	50	87	115	40	155	159	22	138	82	194	224	233	136	114	30	39	158	101	116	162	141	31	107	36	122	153	63	17	115	152	47	162	40	194	138	132	28	221	106	54	67	119	61	104	167	156	224	125	70	155	99	206	84	38	173	34	55	51	124	291	34	124	136	84	198	295	21	61	54	75	43	86	61	90	64	86	178	56	19	83	61	43	105	53	33	67	26	23	80	50	54	177	271	58	128	10	106	8	115	144	157	179	221	58	39	69	139	105	67	158	59	45	79	83	44	86	354	86	257	222	93	85	118	148	21	117	56	205	54	94	31	64	109	141	18	28	81	282	195	175	298	434	136	45	26	66	82	113	38	121	110	321	180	8	44	11	80	129	73	124	52	151	53	140	6	63	233	83	44	112	114	93	71	24	51	19	186	180	176	110	69	167	70	120	85	15	205	142	26	77	44	75	41	5	15	212	78	55	92	178	129	184	186	132	76	65	101	75	137	101	95	23	78	201	91	96	123	89	102	36	163	186	46	89	30	38	65	166	55	46	175	81	41	88	64	43	32	129	92	278	216	21	133	215	77	44	111	120	35	47	80	199	208	109	46	43	263	250	179	61	193	87	195	137	101	50	21	172	19	434	62	32	150	160	79	169	32	11	55	166	92	30	83	79	175	84	232	40	200	157	64	28	157	78	110	211	86	68	103	79	142	50	37	40	94	50	61	10	37	175	131	116	68	339	64	110	28	18	92	114	203	55	150	93	115	163	148	69	38	28	90	105	147	25	62	38	222	71	116	65	33	51	48	101	176	231	59	48	140	38	62	172	248	140	61	75	77	150	6	56	65	69	139	3	20	167	62	75	21	186	139	120	282	119	53	376	265	202	53	144	99	91	32	83	320	167	28	119	30	107	57	41	26	259	12	222	72	77	13	89	178	55	46	37	43	70	179	52	240	77	66	21	60	165	36	56	86	200	425	121	100	79	118	25	71	81	55	18	91	290	138	142	18	61	228	15	242	71	87	110	137	32	31	41	80	72	233	186	88	315	60	44	138	73	12	120	111	212	77	221	141	226	25	96	177	65	75	101	137	64	23	18	145	101	72	147	11	93	107	237	55	95	143	159	106	173	112	107	43	182	159	67	51	116	40	67	211	49	34	10	52	92	103	55	168	37	63	87	217	70	51	28	80	234	225	42	125	124	61	183	140	68	65	15	29	50	178	47	39	109	70	51	46	72	59	92	76	25	121	114	96	45	86	50	157	147	41	86	18	127	38	172	28	108	33	193	6	138	151	86	119	129	49	52	109	22	93	199	148	52	192	148	99	48	29	75	74	10	174	23	142	95	89	75	68	165	211	69	76	42	9	104	169	135	134	86	121	28	172	86	39	268	25	101	9	183	115	82	105	49	40	64	158	127	63	33	338	65	36	164	104	71	34	19	96	111	241	44	91	110	44	47	65	50	71	69	89	34
49	0	0	0	0	0	0	0	0	0	0	0	0	0	0	0	0	0	0	0	0	0	0	0	0	0	0	0	0	0	0	0	0	0	0	0	0	0	0	0	0	0	0	0	0	0	0	0	0	0	0	0	0	0	0	0	0	0	0	3	0	0	0	0	0	0	0	0	0	0	0	0	0	0	0	0	0	0	0	0	0	0	0	0	0	0	0	0	0	0	0	0	0	0	0	0	0	0	0	0	0	0	96	0	0	0	0	0	0	0	0	0	0	0	0	0	0	0	0	0	93	0	0	0	0	8	0	0	0	0	0	0	0	0	0	0	0	0	2	29	70	27	0	0	0	39	0	0	0	5	0	0	0	2	0	0	0	0	0	20	0	0	0	53	0	0	0	0	0	0	0	0	0	0	1	0	0	0	53	18	0	20	0	0	0	0	0	39	0	74	0	0	0	0	0	101	0	26	0	0	53	188	0	0	1	17	37	55	0	0	93	150	36	211	71	41	81	76	0	46	18	0	67	0	0	69	144	44	103	76	1	15	106	102	129	74	0	40	127	18	35	26	33	37	0	33	100	6	136	23	69	192	0	82	0	15	20	35	63	0	221	0	52	90	168	209	12	0	69	11	137	38	49	0	55	38	27	6	194	106	98	280	34	0	51	0	0	138	137	105	0	42	11	5	3	83	36	284	0	9	151	37	141	104	62	6	6	80	33	157	237	86	176	147	101	3	22	178	286	63	157	17	101	185	88	35	89	70	210	526	10	101	30	68	138	33	138	40	52	32	153	84	132	120	39	10	15	78	35	176	58	166	101	13	197	79	10	13	179	118	68	18	72	21	99	60	208	149	18	150	58	55	16	17	139	187	73	58	134	158	102	154	230	177	20	75	38	192	40	92	38	369	37	80	139	153	3	172	79	87	4	185	37	37	86	129	58	131	57	191	37	64	39	32	68	28	92	58	126	58	299	228	26	35	138	49	148	196	142	332	60	28	73	75	203	42	120	57	16	150	55	62	45	157	41	126	15	27	113	139	85	181	38	15	64	341	127	38	170	140	96	106	21	173	66	310	103	94	60	9	109	77	132	88	89	174	40	39	48	25	135	63	74	142	68	108	53	147	108	21	67	24	78	44	14	28	40	133	49	203	38	65	189	246	25	110	34	18	185	69	48	29	87	7	46	89	192	205	99	126	81	137	129	20	141	28	50	147	65	262	31	386	150	105	139	164	97	52	59	29	70	56	61	80	186	262	42	176	80	87	103	195	157	67	180	121	121	52	83	188	268	123	69	94	114	100	84	181	23	63	37	162	4	167	98	68	94	146	62	79	68	135	351	73	120	46	91	128	168	79	160	198	100	183	217	171	164	162	175	26	210	47	85	170	168	56	133	139	66	58	25	149	108	63	56	24	7	74	59	81	162	27	351	154	295	290	41	81	57	122	29	22	91	69	140	123	177	97	82	138	40	107	281	61	82	92	114	115	199	200	207	62	36	38	82	143	169	30	42	103	195	312	58	18	28	137	218	104	69	84	55	127	102	197	59	50	42	159	21	239	60	168	28	118	99	149	209	151	92	109	214	126	45	94	93	108	46	191	31	73	76	93	23	48	106	159	160	59	130	27	122	20	161	76	354	105	45	133	86	107	49	15	53	101	35	37	136	75	257	95	87	134	90	265	58	191	78	117	176	119	71	127	101	75	116	95	126	147	193	91	67	109	164	18	193	29	251	170	84	237	11	74	105	193	140	138	51	226	225	92	228	134	46	185	42	26	53	233	85	123	287	29	156	112	207	325	50	26	134	19	173	80	298	106	141	7	115	104	33	111	174	249	23	114	63	316	133	37	70	11	77	110	97	116	110	59	73	18	205	3	85	183	208	160	27	47	116	41	136	205	184	18	58	112	66	66	130	99	34	192	144	63	64	56	104	172	140	295	80	112	204	113	96	145	169	81	121	70	77	77	63	125	16	199	116	20	123	10	19	56	68	186	59	133	54	215	160	87	93	200	205	177	91	93	44	18	186	74	56	50	146	77	44	100	126	114	203	30	80	178	122	63	8	301	165	178	125	13	22	16	73	197	7	140	87	78	29	117	85	184	75	7	52	105	101	74	73	61	26	232	34	212	67	124	125	33	236	29	80	77	91	35	73	285	280	118	47	116	197	6	80	121	108	103	21	63	71	172	62	17	94	207	73	50	70	66	98	69	63	120	88	69	212	6	63	99	143	33	225	142	102	203	58	81	50	44	20	56	232	7	273	51	57	44	75	2	27	159	54	101	63
50	0	0	0	0	0	0	0	0	0	0	0	0	0	0	0	0	0	0	0	0	0	0	0	0	4	0	0	0	0	0	0	0	0	0	0	0	0	0	0	0	0	0	0	102	0	0	0	0	0	0	0	0	0	0	0	0	0	0	0	0	0	24	0	0	0	0	0	0	23	0	0	0	0	0	0	0	0	0	0	0	0	0	0	0	0	0	0	0	0	0	0	0	0	0	8	0	0	0	0	0	0	15	0	0	0	0	0	0	0	0	0	4	1	0	5	0	0	0	45	16	1	0	57	0	49	0	0	0	6	0	0	4	8	0	0	0	0	0	116	0	0	0	0	0	37	3	63	0	0	0	0	0	14	0	5	32	0	0	0	0	37	0	124	0	80	0	0	0	175	0	0	0	6	37	0	13	26	9	37	0	0	0	22	5	0	20	1	0	65	70	0	0	63	0	0	0	0	0	0	0	115	0	0	0	21	29	66	187	106	39	16	5	215	58	5	24	0	0	148	94	0	23	0	0	0	98	101	32	20	17	177	35	123	75	27	0	93	174	64	119	21	56	58	0	110	29	32	5	30	71	230	0	15	1	85	82	41	0	19	27	0	0	87	39	204	51	0	35	185	27	88	68	70	237	48	68	5	10	13	80	76	0	117	31	87	25	28	24	127	403	94	18	159	50	77	2	19	23	3	66	254	200	15	68	87	15	42	112	90	193	66	129	91	34	133	68	32	161	22	25	100	45	45	72	71	132	55	83	103	28	50	120	173	7	48	45	14	55	31	15	67	91	67	154	29	11	28	43	47	71	30	174	86	145	86	79	148	74	60	23	296	114	173	272	105	56	63	278	36	161	88	83	153	81	132	52	41	295	63	112	42	24	46	121	84	43	14	16	17	35	59	17	161	71	244	53	201	98	139	99	154	83	15	146	43	131	107	126	60	122	79	10	122	146	240	47	167	135	47	129	82	53	71	127	88	116	44	167	80	191	78	112	216	80	57	105	54	76	206	43	183	119	117	100	37	97	136	109	61	75	20	70	124	66	49	81	93	101	117	31	89	78	157	94	65	134	71	263	64	73	141	15	61	60	116	106	224	24	120	118	31	133	183	204	30	118	36	134	64	39	328	44	14	30	80	155	3	59	98	152	44	43	298	103	145	124	57	71	163	165	23	74	5	46	127	61	59	41	101	111	64	126	126	104	117	43	10	169	17	39	176	40	39	14	61	34	494	65	167	79	84	78	158	162	105	65	123	100	93	129	133	52	116	119	78	45	10	101	58	14	43	251	65	195	87	68	112	65	214	287	137	34	31	87	168	48	131	56	186	107	53	47	179	33	27	239	33	117	40	121	124	31	71	235	167	55	32	112	267	251	90	61	179	30	72	90	122	49	234	84	137	65	273	50	98	32	13	37	25	141	156	51	129	222	134	89	103	16	76	110	31	101	131	34	102	38	310	27	255	185	33	96	144	181	70	42	170	54	118	108	50	23	104	21	141	120	48	155	110	29	129	31	87	40	65	185	222	44	1	11	70	3	70	140	168	30	16	232	115	55	168	149	115	3	201	133	56	51	29	54	30	14	103	73	46	90	183	73	96	52	56	63	81	57	126	160	154	118	107	24	93	304	17	192	291	44	47	84	149	61	131	7	67	113	96	42	66	358	74	39	86	95	54	27	41	244	152	91	121	60	58	18	136	36	130	183	55	243	80	54	132	197	124	46	67	103	124	68	116	63	42	174	110	43	59	61	45	68	245	64	113	63	300	38	177	177	81	128	135	135	65	54	166	66	131	54	143	24	35	133	188	45	66	66	155	262	110	6	52	70	78	192	133	63	52	178	193	59	81	147	133	15	144	66	108	137	89	34	64	73	131	151	112	84	169	78	30	140	209	165	216	35	156	70	44	45	97	26	116	35	146	57	116	187	90	24	32	10	370	66	16	128	178	339	176	90	127	15	299	317	121	193	9	43	62	44	116	105	102	36	174	107	20	142	59	58	202	150	85	33	286	103	22	17	51	81	208	119	58	156	110	42	21	291	61	190	43	60	121	92	78	43	145	3	141	14	116	46	53	255	69	56	60	82	123	17	74	57	67	180	56	46	23	566	145	53	13	93	47	103	122	59	35	4	67	107	134	109	110	79	179	9	153	54	112	145	34	194	79	169	45	27	120	33	140	27	31	203	17	113	341	18	89	40	128	103	8	168	116	99	94	98	101	42	135	24	76	126	30	127	94	129	88	90	50	55	105	85	130	99	28	32	71	22	14	106	62	19	96	136
51	0	0	0	0	0	0	0	0	0	0	0	0	0	0	0	0	0	0	0	0	0	0	0	0	0	0	0	0	0	0	0	0	0	0	0	0	0	0	0	0	0	0	0	0	0	0	0	0	0	0	0	0	0	0	0	0	0	0	0	0	0	0	0	0	0	0	0	0	0	0	0	0	0	0	0	0	0	0	0	0	0	0	0	0	0	0	0	0	0	0	0	0	0	0	0	0	0	0	0	0	0	0	0	0	0	0	0	0	0	0	0	0	0	0	0	0	0	0	0	0	0	0	0	8	0	0	0	0	0	0	0	0	0	0	0	0	0	0	0	0	0	0	0	0	0	0	0	0	0	0	0	0	0	0	0	0	0	0	0	0	0	0	0	0	0	0	0	0	0	0	0	0	0	0	0	0	0	0	0	0	0	0	0	0	0	0	0	0	0	0	0	0	0	0	0	0	0	0	0	0	0	0	0	0	0	0	0	0	0	0	0	0	0	0	0	0	0	0	0	0	0	0	0	0	0	0	0	0	0	0	3	0	0	0	0	0	0	0	0	0	0	0	0	0	0	0	0	0	0	0	0	0	0	0	0	0	0	0	0	0	0	0	0	0	0	0	0	0	0	0	0	0	0	0	0	0	0	0	0	0	0	0	0	0	0	0	0	0	0	0	0	0	0	0	0	0	0	0	0	0	0	0	0	15	0	0	0	0	0	0	0	0	0	0	0	0	0	0	0	0	54	0	0	0	0	39	0	0	0	0	0	0	93	0	2	0	0	87	0	0	0	0	0	38	0	0	0	0	27	0	6	0	129	0	0	0	0	0	0	0	64	105	0	22	0	0	0	42	0	97	6	0	0	0	0	0	25	319	7	84	0	0	0	0	14	0	1	0	0	59	0	0	0	0	0	0	0	0	0	11	174	0	0	24	33	1	37	13	0	0	2	0	4	35	38	3	47	10	10	31	29	0	0	78	0	4	39	3	0	10	0	34	0	0	47	28	0	0	43	50	19	0	0	89	0	4	0	0	47	0	0	1	63	9	0	0	0	103	53	57	17	0	0	24	41	0	0	9	0	0	0	51	177	22	0	76	0	0	80	96	20	0	0	18	0	209	11	0	0	1	42	0	146	0	0	0	0	48	0	10	1	70	0	5	30	0	141	65	58	5	37	74	55	0	0	101	7	4	4	0	3	14	69	60	43	1	128	25	25	5	113	0	112	15	163	3	68	39	16	3	34	72	30	89	45	64	193	14	185	105	100	33	2	0	5	40	148	162	38	1	5	139	0	0	147	0	48	99	13	16	110	121	0	1	99	35	22	0	134	1	0	47	0	62	201	64	0	0	0	2	111	31	0	29	103	148	197	79	107	18	31	54	18	117	8	25	58	0	196	12	45	115	86	75	149	25	12	26	134	3	184	9	39	2	21	21	61	13	142	63	31	271	48	50	0	37	12	90	431	10	3	242	52	38	61	37	203	31	49	36	46	17	12	22	25	122	110	112	18	100	94	14	37	44	105	57	127	0	62	51	207	5	35	66	27	33	32	105	35	17	111	15	106	5	38	145	13	17	89	247	0	154	61	74	24	56	118	97	128	17	65	13	128	56	0	126	58	11	107	38	54	32	60	141	2	57	1	56	84	13	72	47	130	33	20	173	35	190	187	102	172	11	0	5	61	18	21	32	92	8	79	54	3	124	69	58	115	73	109	15	102	155	8	42	192	35	29	48	0	0	65	26	132	9	9	2	2	194	10	84	17	176	125	64	22	30	230	24	102	56	72	161	9	89	151	37	46	53	2	57	50	39	5	299	12	34	317	18	41	36	37	63	1	36	112	263	15	82	18	75	67	45	159	98	1	3	57	0	28	95	29	262	108	34	58	82	8	198	44	46	353	98	42	74	0	225	17	31	15	148	47	80	79	26	14	74	218	13	92	0	54	13	21	30	11	56	19	85	50	38	1	1	69	53	4	85	67	72	214	71	11	4	90	5	48	62	86	286	6	7	61	0	0	53	65	1	53	41	145	62	25	16	273	0	7	23	54	83	86	26	150	82	47	71	7	32	83	71	5	23	201	23	106	41	122	48	57	129	92	66	71	3	116	179	53	42	97	99	223	172	93	98	3	6	87	12	25	196	164	49	50	145	64	168	59	29	46	22	83	30	15	171	79	36	396	21	3	133	174	51	58	106	31	48	53	34	25	22	87	189	112	29	10	156	10	166	232	160	113	207	126	211	14	98	179	31	91	46	162	194	28	12	125	65	114	0	70	8	246	12
52	0	0	0	0	0	0	0	0	0	0	0	0	0	0	0	0	0	0	0	0	0	0	0	0	0	0	0	0	0	0	0	0	0	0	0	0	0	0	0	0	0	0	0	0	0	0	0	0	0	0	0	0	0	0	0	0	0	0	0	0	0	0	0	0	0	0	0	0	0	0	0	0	0	0	0	0	0	0	0	0	0	0	0	0	0	0	0	0	0	0	0	0	0	0	0	0	0	0	0	0	0	0	0	0	0	0	0	0	0	0	0	0	0	0	0	0	0	0	0	0	0	0	0	0	0	0	0	0	0	0	0	0	0	0	0	0	0	0	0	0	0	0	0	0	0	0	0	0	0	0	0	0	0	0	0	0	0	0	0	0	0	0	0	0	0	0	0	0	0	0	0	0	0	0	0	0	0	0	0	0	0	0	0	0	0	0	0	0	0	0	0	0	0	0	0	0	0	0	0	0	0	0	0	0	0	0	0	0	0	0	0	0	0	0	0	0	0	0	0	0	0	0	0	0	0	0	0	0	0	0	0	0	0	0	0	0	0	0	0	103	0	0	0	0	0	15	0	0	0	0	0	0	0	0	0	0	0	0	0	0	0	0	0	0	0	0	0	0	0	0	36	0	0	0	0	0	0	0	0	0	0	0	0	0	0	0	0	0	0	0	0	0	0	0	0	0	0	0	0	0	0	118	0	0	0	0	0	0	0	0	0	0	0	19	0	0	0	0	0	0	120	0	0	0	0	5	0	0	0	0	0	0	55	0	40	0	0	13	0	0	15	0	26	147	0	0	0	0	35	0	256	0	7	0	0	0	0	0	0	0	69	60	8	19	0	0	0	0	0	16	0	0	0	0	0	0	0	74	22	50	0	0	0	0	60	112	64	0	0	47	0	0	0	0	15	0	0	70	38	2	42	1	0	15	0	25	6	1	13	0	227	0	0	44	0	27	41	229	13	26	12	0	33	69	13	160	31	52	68	55	0	114	0	0	0	6	0	0	5	163	0	0	0	58	0	20	0	0	6	0	0	9	66	37	0	0	0	6	64	78	55	0	0	27	84	16	0	7	0	0	0	31	54	0	20	0	11	0	18	253	22	0	0	120	0	134	15	0	6	0	32	0	56	0	38	51	25	38	0	69	218	108	0	86	117	0	92	45	96	127	79	68	87	0	0	146	14	6	6	0	30	90	132	35	9	14	148	66	50	5	61	0	238	23	27	15	118	80	27	0	0	21	23	67	0	282	16	283	135	131	107	20	3	0	72	114	91	18	79	0	16	73	0	27	46	27	83	20	17	168	3	62	0	29	24	61	0	1	120	0	0	62	1	73	74	108	0	0	0	17	23	78	0	222	149	50	5	179	36	177	3	141	159	259	12	6	31	0	37	79	4	86	99	73	36	0	75	120	188	75	112	45	94	0	12	0	105	17	95	78	0	26	5	126	1	84	3	33	72	250	0	21	108	25	86	118	91	114	122	181	39	57	21	15	61	66	27	14	49	31	17	31	76	12	196	72	170	0	147	1	30	0	93	77	0	109	172	11	25	119	80	71	12	5	76	2	36	140	50	44	0	62	133	38	6	69	0	87	175	19	0	8	75	58	0	130	25	36	36	44	133	75	31	95	150	55	3	143	132	52	22	166	73	33	187	3	40	72	9	42	10	48	73	134	15	43	14	62	47	20	18	7	0	56	31	190	32	18	87	146	105	14	41	47	31	41	195	0	3	0	76	35	64	18	0	16	16	8	52	12	25	53	169	84	53	16	104	84	191	36	16	66	14	31	96	28	109	33	127	0	33	76	10	49	54	62	120	31	19	81	224	44	135	119	91	21	16	41	85	47	51	103	15	111	2	14	23	40	11	40	52	94	44	66	119	36	89	105	62	2	52	200	8	74	0	27	97	42	2	145	98	4	105	80	7	26	96	6	206	0	39	8	58	13	304	25	27	94	37	10	14	2	34	22	266	51	22	155	17	36	23	16	122	6	23	19	18	38	63	63	89	0	6	17	108	6	57	8	91	106	48	0	78	0	16	43	130	150	10	18	39	15	61	43	10	128	31	68	2	163	70	14	95	47	134	163	133	52	81	102	42	6	20	106	144	17	272	134	82	6	36	164	95	13	58	8	87	103	6	43	54	63	141	128	60	29	27	36	302	38	18	13	202	72	145	113	1	98	43	120	143	166	223	76	100	111	181	118	190	49	89	38	106	90	59	77	28	76	39	97	42	25	4	91	18	219	251	165	6	79	40	1	108	124	45	16	3	265	53	118
53	0	0	0	0	0	0	0	0	0	0	0	0	0	0	0	0	0	0	0	0	0	0	0	0	0	0	0	0	0	0	0	0	0	0	0	0	0	0	0	0	0	0	0	0	0	0	0	0	0	0	0	0	0	0	0	0	0	0	0	0	0	0	0	0	0	0	0	0	0	0	0	0	0	0	0	0	0	0	0	0	0	0	0	0	0	0	0	0	0	0	0	0	0	0	0	0	0	0	0	0	0	0	0	0	0	0	0	0	0	0	0	0	0	0	0	0	0	0	0	0	0	0	0	0	0	0	0	0	0	0	0	0	0	0	0	0	0	0	0	0	0	0	0	0	0	0	0	1	0	0	0	0	0	0	0	0	0	0	0	0	0	0	0	0	0	0	0	0	0	0	0	0	0	0	0	0	0	0	0	0	0	0	0	0	0	0	0	0	0	0	0	0	0	0	0	0	0	0	0	0	0	0	0	0	0	0	5	0	0	0	0	0	0	0	0	0	0	0	0	0	0	0	0	0	0	0	0	0	0	0	0	0	0	0	0	0	0	0	0	0	0	0	0	0	0	0	0	0	0	0	25	0	0	0	0	0	0	0	0	0	0	0	0	0	0	0	0	0	0	0	0	0	0	0	0	0	0	0	0	0	0	0	0	0	0	0	0	0	0	0	0	0	0	0	0	0	0	0	0	0	0	0	1	0	0	0	0	0	42	0	0	0	4	51	0	0	0	0	0	0	0	0	0	0	0	37	0	29	24	0	0	0	68	0	80	0	0	8	0	0	25	0	4	9	1	0	0	0	70	12	60	0	8	0	0	0	0	0	0	0	27	53	0	24	0	17	0	0	0	37	0	0	0	0	0	0	0	101	13	69	0	0	0	0	189	18	10	0	0	4	0	0	0	0	53	0	0	0	0	136	68	83	0	38	4	27	0	1	83	9	38	0	0	106	9	20	88	41	64	0	12	0	0	13	1	21	1	1	19	36	0	2	0	0	0	9	0	0	53	127	9	0	149	58	6	67	0	0	107	0	0	85	40	44	0	3	0	1	26	4	218	0	1	41	110	0	0	16	0	0	0	45	22	7	0	170	18	0	107	3	27	0	0	187	0	46	6	47	0	122	21	1	77	17	2	24	7	346	0	51	62	83	0	2	89	0	41	30	76	2	17	83	148	0	0	91	3	34	0	0	3	24	78	13	25	0	3	164	76	53	10	0	13	20	54	16	72	52	53	87	0	106	27	70	14	151	173	4	48	37	12	1	21	6	11	14	0	12	33	0	18	38	0	59	60	0	115	79	17	100	57	9	11	23	0	5	3	0	64	0	0	39	0	49	192	36	0	0	0	89	53	283	0	110	55	29	161	55	35	139	11	223	139	200	3	52	8	0	70	68	16	124	98	69	44	15	302	71	100	0	63	26	229	0	24	8	85	9	79	30	30	49	113	36	1	34	36	61	233	0	18	30	0	234	0	96	46	43	80	25	10	96	10	80	4	106	113	1	97	9	68	186	81	193	22	102	99	0	10	112	17	10	31	124	32	240	3	92	43	67	10	79	3	1	78	10	22	49	192	75	39	39	204	67	91	157	52	53	63	103	92	42	47	38	0	114	133	13	83	23	19	16	81	62	1	64	5	91	29	4	118	68	119	8	210	53	21	42	41	10	52	35	20	22	5	197	60	125	63	80	72	45	27	40	232	17	30	34	57	28	47	43	14	169	88	37	16	122	12	0	62	82	122	80	6	17	70	184	24	6	16	82	123	166	59	69	160	247	116	148	85	12	63	12	17	228	86	17	5	10	113	21	0	221	20	97	28	296	47	65	232	37	10	58	42	28	50	17	133	259	148	32	57	171	23	53	77	14	11	56	38	67	83	108	108	4	36	144	19	37	111	87	115	17	1	15	109	10	0	92	72	54	9	84	29	188	3	10	3	0	133	2	23	25	14	70	1	140	1	29	72	8	162	11	64	25	11	2	109	13	31	54	214	31	43	40	75	36	19	146	147	0	38	289	70	63	15	77	127	81	150	64	201	0	22	163	56	81	5	8	99	63	129	26	6	62	97	40	3	104	115	33	247	35	211	113	59	5	40	10	161	236	151	162	38	11	15	23	2	3	16	9	226	6	38	5	6	39	159	33	56	79	15	34	34	9	155	20	45	35	31	65	93	88	18	109	1	64	5	22	69	42	25	41	98	24	84	319	88	135	97	21	55	64	29	5	181	1	19	263	59	29	47	27	82	77	203	161	10	38	76	48	46	61	25	98	23	16	62	34
