0	0	0	0	0	0	0	0	0	0	0	0	0	0	0	0	0	0	0	0	0	0	0	0	0	0	0	0	0	0	0	0	0	0	0	0	0	0	0	0	0	0	0	0	0	0	0	0	0	0	0	0	0	0	0	0	0	0	0	0	0	0	0	0	0	0	0	0	0	0	0	0	0	0	0	0	0	0	0	0	0	0	0	0	0	0	0	0	0	0	0	0	0	0	0	0	0	0	0	0	0	12	12	12	12	12	12	12	12	12	12	12	12	12	12	12	12	12	12	12	12	12	12	12	12	12	12	12	12	12	12	12	12	12	12	12	12	12	12	12	12	12	12	12	12	12	12	12	12	12	12	12	12	12	12	12	12	12	12	12	12	12	12	12	12	12	12	12	12	12	12	12	12	12	12	12	12	12	12	12	12	12	12	12	12	12	12	12	12	12	12	12	12	12	12	12	12	12	12	12	12	24	24	24	24	24	24	24	24	24	24	24	24	24	24	24	24	24	24	24	24	24	24	24	24	24	24	24	24	24	24	24	24	24	24	24	24	24	24	24	24	24	24	24	24	24	24	24	24	24	24	24	24	24	24	24	24	24	24	24	24	24	24	24	24	24	24	24	24	24	24	24	24	24	24	24	24	24	24	24	24	24	24	24	24	24	24	24	24	24	24	24	24	24	24	24	24	24	24	24	24	48	48	48	48	48	48	48	48	48	48	48	48	48	48	48	48	48	48	48	48	48	48	48	48	48	48	48	48	48	48	48	48	48	48	48	48	48	48	48	48	48	48	48	48	48	48	48	48	48	48	48	48	48	48	48	48	48	48	48	48	48	48	48	48	48	48	48	48	48	48	48	48	48	48	48	48	48	48	48	48	48	48	48	48	48	48	48	48	48	48	48	48	48	48	48	48	48	48	48	48	72	72	72	72	72	72	72	72	72	72	72	72	72	72	72	72	72	72	72	72	72	72	72	72	72	72	72	72	72	72	72	72	72	72	72	72	72	72	72	72	72	72	72	72	72	72	72	72	72	72	72	72	72	72	72	72	72	72	72	72	72	72	72	72	72	72	72	72	72	72	72	72	72	72	72	72	72	72	72	72	72	72	72	72	72	72	72	72	72	72	72	72	72	72	72	72	72	72	72	72	96	96	96	96	96	96	96	96	96	96	96	96	96	96	96	96	96	96	96	96	96	96	96	96	96	96	96	96	96	96	96	96	96	96	96	96	96	96	96	96	96	96	96	96	96	96	96	96	96	96	96	96	96	96	96	96	96	96	96	96	96	96	96	96	96	96	96	96	96	96	96	96	96	96	96	96	96	96	96	96	96	96	96	96	96	96	96	96	96	96	96	96	96	96	96	96	96	96	96	96	120	120	120	120	120	120	120	120	120	120	120	120	120	120	120	120	120	120	120	120	120	120	120	120	120	120	120	120	120	120	120	120	120	120	120	120	120	120	120	120	120	120	120	120	120	120	120	120	120	120	120	120	120	120	120	120	120	120	120	120	120	120	120	120	120	120	120	120	120	120	120	120	120	120	120	120	120	120	120	120	120	120	120	120	120	120	120	120	120	120	120	120	120	120	120	120	120	120	120	120	144	144	144	144	144	144	144	144	144	144	144	144	144	144	144	144	144	144	144	144	144	144	144	144	144	144	144	144	144	144	144	144	144	144	144	144	144	144	144	144	144	144	144	144	144	144	144	144	144	144	144	144	144	144	144	144	144	144	144	144	144	144	144	144	144	144	144	144	144	144	144	144	144	144	144	144	144	144	144	144	144	144	144	144	144	144	144	144	144	144	144	144	144	144	144	144	144	144	144	144	180	180	180	180	180	180	180	180	180	180	180	180	180	180	180	180	180	180	180	180	180	180	180	180	180	180	180	180	180	180	180	180	180	180	180	180	180	180	180	180	180	180	180	180	180	180	180	180	180	180	180	180	180	180	180	180	180	180	180	180	180	180	180	180	180	180	180	180	180	180	180	180	180	180	180	180	180	180	180	180	180	180	180	180	180	180	180	180	180	180	180	180	180	180	180	180	180	180	180	180	240	240	240	240	240	240	240	240	240	240	240	240	240	240	240	240	240	240	240	240	240	240	240	240	240	240	240	240	240	240	240	240	240	240	240	240	240	240	240	240	240	240	240	240	240	240	240	240	240	240	240	240	240	240	240	240	240	240	240	240	240	240	240	240	240	240	240	240	240	240	240	240	240	240	240	240	240	240	240	240	240	240	240	240	240	240	240	240	240	240	240	240	240	240	240	240	240	240	240	240
0	0	0	0	0	0	0	0	0	0	0	0	0	0	0	0	0	0	0	0	0	0	0	0	0	0	0	0	0	0	0	0	0	0	0	0	0	0	0	0	0	0	0	0	0	0	0	0	0	0	0	0	0	0	0	0	0	0	0	0	0	0	0	0	0	0	0	0	0	0	0	0	0	0	0	0	0	0	0	0	0	0	0	0	0	0	0	0	0	0	0	0	0	0	0	0	0	0	0	0	0	100	100	100	100	100	100	100	100	100	100	100	100	100	100	100	100	100	100	100	100	100	100	100	100	100	100	100	100	100	100	100	100	100	100	100	100	100	100	100	100	100	100	100	100	100	100	100	100	100	100	100	100	100	100	100	100	100	100	100	100	100	100	100	100	100	100	100	100	100	100	100	100	100	100	100	100	100	100	100	100	100	100	100	100	100	100	100	100	100	100	100	100	100	100	100	100	100	100	100	100	100	100	100	100	100	100	100	100	100	100	100	100	100	100	100	100	100	100	100	100	100	100	100	100	100	100	100	100	100	100	100	100	100	100	100	100	100	100	100	100	100	100	100	100	100	100	100	100	100	100	100	100	100	100	100	100	100	100	100	100	100	100	100	100	100	100	100	100	100	100	100	100	100	100	100	100	100	100	100	100	100	100	100	100	100	100	100	100	100	100	100	100	100	100	100	100	100	100	100	100	100	100	100	100	100	100	100	100	100	100	100	100	100	100	100	100	100	100	100	100	100	100	100	100	100	100	100	100	100	100	100	100	100	100	100	100	100	100	100	100	100	100	100	100	100	100	100	100	100	100	100	100	100	100	100	100	100	100	100	100	100	100	100	100	100	100	100	100	100	100	100	100	100	100	100	100	100	100	100	100	100	100	100	100	100	100	100	100	100	100	100	100	100	100	100	100	100	100	100	100	100	100	100	100	100	100	100	100	100	100	100	100	100	100	100	100	100	100	100	100	100	100	100	100	100	100	100	100	100	100	100	100	100	100	100	100	100	100	100	100	100	100	100	100	100	100	100	100	100	100	100	100	100	100	100	100	100	100	100	100	100	100	100	100	100	100	100	100	100	100	100	100	100	100	100	100	100	100	100	100	100	100	100	100	100	100	100	100	100	100	100	100	100	100	100	100	100	100	100	100	100	100	100	100	100	100	100	100	100	100	100	100	100	100	100	100	100	100	100	100	100	100	100	100	100	100	100	100	100	100	100	100	100	100	100	100	100	100	100	100	100	100	100	100	100	100	100	100	100	100	100	100	100	100	100	100	100	100	100	100	100	100	100	100	100	100	100	100	100	100	100	100	100	100	100	100	100	100	100	100	100	100	100	100	100	100	100	100	100	100	100	100	100	100	100	100	100	100	100	100	100	100	100	100	100	100	100	100	100	100	100	100	100	100	100	100	100	100	100	100	100	100	100	100	100	100	100	100	100	100	100	100	100	100	100	100	100	100	100	100	100	100	100	100	100	100	100	100	100	100	100	100	100	100	100	100	100	100	100	100	100	100	100	100	100	100	100	100	100	100	100	100	100	100	100	100	100	100	100	100	100	100	100	100	100	100	100	100	100	100	100	100	100	100	100	100	100	100	100	100	100	100	100	100	100	100	100	100	100	100	100	100	100	100	100	100	100	100	100	100	100	100	100	100	100	100	100	100	100	100	100	100	100	100	100	100	100	100	100	100	100	100	100	100	100	100	100	100	100	100	100	100	100	100	100	100	100	100	100	100	100	100	100	100	100	100	100	100	100	100	100	100	100	100	100	100	100	100	100	100	100	100	100	100	100	100	100	100	100	100	100	100	100	100	100	100	100	100	100	100	100	100	100	100	100	100	100	100	100	100	100	100	100	100	100	100	100	100	100	100	100	100	100	100	100	100	100	100	100	100	100	100	100	100	100	100	100	100	100	100	100	100	100	100	100	100	100	100	100	100	100	100	100	100	100	100	100	100	100	100	100	100	100	100	100	100	100	100	100	100	100	100	100	100	100	100	100	100	100	100	100	100	100	100	100	100	100	100	100	100	100	100	100	100	100	100	100	100	100	100	100	100	100	100	100	100	100	100	100	100	100	100	100	100	100	100	100	100	100	100	100	100	100	100	100	100	100	100	100	100	100	100	100	100	100	100	100	100	100	100	100	100	100	100	100	100	100	100	100	100	100	100	100	100	100	100	100	100	100	100	100	100	100	100	100	100	100	100	100	100	100	100	100	100	100	100	100	100	100	100	100	100	100	100	100	100	100	100	100	100	100	100	100	100	100	100	100	100	100	100
1	0	0	0	0	0	0	0	0	0	0	0	0	0	0	0	0	0	0	0	0	0	0	0	0	0	0	0	0	0	0	0	0	0	0	0	0	0	0	0	0	0	0	0	0	0	0	0	0	0	0	0	0	0	0	0	0	0	0	0	0	0	0	0	0	0	0	0	0	0	0	0	0	0	0	0	0	0	0	0	0	0	0	0	0	0	0	0	0	0	0	0	0	0	0	0	0	0	0	0	0	0	0	14	7	0	0	54	1	0	87	61	11	0	0	0	0	31	4	0	0	20	15	0	0	3	0	25	2	0	0	22	0	19	0	121	0	0	39	29	14	0	0	37	0	0	40	0	43	4	4	10	0	34	5	0	0	0	9	130	2	0	0	9	17	0	0	3	0	6	0	0	0	1	3	0	0	9	0	0	0	38	0	9	9	0	14	83	120	81	26	32	0	0	0	8	0	0	0	8	60	3	52	0	0	0	31	6	7	9	56	0	0	0	1	0	1	31	0	0	0	49	87	102	38	4	0	12	203	0	0	13	190	4	139	0	39	0	69	4	34	19	0	0	10	79	12	61	22	20	5	0	31	22	314	39	9	31	48	2	5	8	62	39	67	17	36	2	4	0	52	0	66	55	71	61	1	16	2	0	0	19	29	0	60	61	0	36	0	11	13	0	23	26	10	7	3	0	49	0	8	75	92	40	24	1	0	110	14	0	20	165	224	4	159	0	17	0	91	119	5	1	62	91	0	0	23	22	45	25	1	15	68	115	131	60	44	2	78	0	1	156	245	50	3	0	3	27	30	87	0	36	38	0	0	40	69	13	46	158	16	191	56	84	63	39	98	8	5	136	137	101	0	61	0	41	82	285	0	70	45	115	0	1	26	18	210	106	104	14	49	0	76	73	144	0	137	138	48	161	93	50	71	223	27	321	126	92	51	143	0	110	17	7	45	1	291	0	10	86	30	342	87	0	77	136	0	102	37	47	84	3	13	245	118	76	148	0	56	61	0	69	196	116	170	62	0	203	62	9	11	50	175	68	9	83	145	110	177	30	62	95	44	24	29	160	99	31	139	80	57	214	125	0	103	133	110	10	226	0	133	0	168	151	126	0	107	141	0	176	17	114	33	71	58	142	153	0	47	31	152	104	0	60	136	238	235	0	60	165	249	38	129	15	5	1	116	147	77	11	63	38	49	4	64	89	0	233	22	72	183	162	23	55	276	1	122	125	96	264	119	102	132	13	55	78	67	200	0	105	15	6	13	30	57	135	236	43	273	0	199	48	184	40	69	260	171	47	41	265	273	161	365	160	89	129	181	150	44	85	49	172	38	108	5	86	39	100	95	69	78	287	50	112	46	34	80	54	39	131	61	46	205	101	219	95	19	88	145	122	119	208	154	7	19	14	97	131	18	39	112	255	27	95	38	54	115	29	178	43	11	104	238	14	196	84	87	120	55	136	46	85	54	0	0	218	46	70	13	179	131	45	316	105	26	138	73	97	116	263	33	289	90	101	109	42	177	28	174	102	146	260	70	111	49	110	157	79	181	208	0	107	50	41	39	291	136	63	36	1	97	45	78	109	67	30	31	99	102	455	34	5	61	20	132	84	67	121	123	45	43	8	94	4	52	58	52	39	149	43	29	56	221	107	116	34	118	300	56	93	91	192	32	151	16	113	9	274	219	38	30	174	33	45	251	294	25	13	0	78	149	46	92	106	64	24	135	106	56	167	23	107	49	125	98	127	158	153	212	100	168	38	81	188	11	69	93	216	67	61	67	36	53	67	98	264	124	71	30	77	277	35	103	139	92	77	69	198	71	21	132	141	44	44	209	204	83	52	8	231	37	123	80	154	34	368	54	46	180	144	137	56	92	315	29	119	69	105	213	16	61	72	178	22	80	36	56	77	68	131	40	80	67	123	33	33	41	75	85	82	131	99	62	129	22	3	52	34	137	25	165	60	48	39	121	83	49	108	18	91	62	89	90	34	5	41	40	53	39	50	99	26	149	117	20	113	181	57	29	0	192	37	85	11	11	105	41	78	152	118	49	44	63	78	40	51	70	41	171	113	67	75	221	167	37	112	44	118	23	35	7	43	139	75	88	99	67	73	28	53	122	74	163	130	60	51	33	17	72	164	202	104	158	26	188	245	191	149	16	16	90	115	147	241	135	33	42	80	53	203	57	74	78	59	139	72	85	157	32	200	88	50	53	264	135	123	18	6	53	93	108	70	215	50	83	207	122	93	32	142	80	153	20	122	61	9	88	23	170	30	224
2	0	0	0	0	0	0	0	0	0	0	0	0	0	0	0	0	0	0	0	0	0	0	0	0	0	0	0	0	0	0	0	0	0	0	0	0	0	0	0	0	0	0	0	0	0	0	0	0	0	0	0	0	0	0	0	0	0	0	0	0	0	0	0	0	0	0	0	0	0	0	0	0	0	0	0	0	0	0	0	0	0	0	0	0	0	0	0	0	0	0	0	0	0	0	0	0	0	0	0	0	45	0	0	97	1	0	0	0	0	6	0	32	0	7	34	0	0	29	49	2	0	6	7	28	82	36	66	1	2	0	0	8	0	0	0	0	184	141	0	0	0	28	8	3	31	303	1	0	0	0	0	0	13	36	0	0	20	18	14	0	14	0	4	1	0	35	0	0	0	0	62	0	0	65	0	0	0	0	23	65	0	0	0	38	0	15	0	30	0	37	0	8	0	0	0	0	24	0	0	0	0	27	202	0	0	132	5	0	6	13	0	22	0	65	0	51	73	0	0	1	70	97	35	128	57	0	0	0	22	0	25	37	8	9	54	5	100	32	0	0	3	9	0	0	2	76	2	7	80	0	41	42	21	85	12	56	0	0	0	0	0	28	13	2	1	8	5	23	31	0	60	21	10	3	0	22	3	27	3	20	111	77	2	285	4	13	0	3	16	83	0	0	2	18	0	0	29	0	2	64	0	0	36	61	250	47	123	206	2	39	256	59	0	68	0	160	6	32	0	37	13	17	79	0	96	93	67	82	46	0	93	58	142	0	47	181	33	133	55	0	41	30	3	1	8	243	75	26	41	29	190	81	13	0	116	48	0	228	66	18	332	1	81	78	95	173	0	0	132	0	187	23	62	18	91	18	39	0	74	0	25	14	20	1	0	243	277	0	0	0	36	199	19	15	8	60	41	150	115	4	20	37	17	113	77	37	48	71	98	2	55	233	0	67	16	20	9	104	259	0	8	83	3	0	124	165	57	279	45	38	8	32	54	44	17	43	1	122	256	3	0	226	14	157	69	10	166	36	6	132	157	0	343	21	33	338	166	221	64	120	33	47	0	53	239	103	241	244	117	37	153	15	0	58	33	86	52	30	2	110	0	34	35	49	0	34	61	0	75	61	48	39	41	324	20	289	111	20	0	86	91	136	107	65	7	70	11	156	83	150	333	80	155	210	117	75	85	156	206	159	58	132	43	174	226	0	62	80	49	53	115	173	62	88	3	77	89	19	37	72	165	78	100	170	15	18	57	3	108	144	58	53	79	79	210	405	19	125	0	47	16	179	54	104	60	82	39	64	57	52	125	208	78	100	90	26	179	5	6	148	72	12	100	0	29	220	52	49	96	208	176	138	319	166	80	98	44	70	34	111	11	7	25	76	38	200	175	75	130	90	60	71	110	2	20	141	36	125	22	71	95	66	68	94	31	108	48	199	77	142	75	202	195	2	201	120	265	113	123	82	112	94	35	30	23	51	21	125	78	91	173	171	151	17	124	186	234	100	157	71	88	8	108	100	62	152	54	31	78	18	94	93	28	76	95	62	143	21	40	0	32	49	42	110	33	114	144	141	19	127	69	100	55	320	44	39	33	32	71	20	94	129	119	0	89	126	105	170	98	75	103	62	129	79	89	86	194	345	1	85	126	84	45	33	149	116	51	100	88	134	52	174	39	128	61	56	73	66	187	31	49	122	81	155	103	147	151	82	101	103	74	44	37	173	4	115	110	26	116	213	63	6	162	118	134	66	61	74	80	78	118	87	47	142	61	27	143	204	54	79	53	75	80	100	48	118	213	47	41	66	47	8	25	22	43	151	123	104	67	336	39	63	132	52	66	236	32	69	84	51	78	16	17	64	286	69	239	90	125	31	319	239	65	27	101	65	69	176	158	64	270	68	54	86	23	50	189	73	124	48	172	153	148	81	28	124	13	14	88	136	21	100	24	152	43	211	47	78	47	83	34	81	64	180	38	4	59	90	29	89	38	52	97	135	75	109	10	7	118	78	78	140	112	90	147	99	169	33	0	140	23	74	51	44	56	15	45	33	53	17	55	140	62	109	34	117	116	20	49	138	68	75	26	85	111	46	131	64	125	78	55	234	28	185	37	58	79	214	66	78	128	153	79	54	165	42	89	292	29	74	78	120	17	109	144	97	260	102	24	37	134	37	92	22	50	168	174	27	102	96	17	123	50	12	69	145	88	27	75	100	22	71	366	207	29	23	62	219	68	184	53	52	70	15	18	36	63	9	111	90	141	77	43	293	28	138	43	98	90	80
3	0	0	0	0	0	0	0	0	0	0	0	0	0	0	0	0	0	0	0	0	0	0	0	0	0	0	0	0	0	0	0	0	0	0	0	0	0	0	0	0	0	0	0	0	0	0	0	0	0	0	0	0	0	0	30	0	0	0	0	0	0	0	0	0	0	0	0	0	0	0	0	0	0	0	0	0	0	0	0	0	0	0	0	0	0	0	0	0	0	0	0	0	0	0	0	0	0	0	0	0	0	0	0	0	0	0	0	2	0	0	0	0	0	0	0	0	0	0	0	0	0	0	0	0	0	0	0	0	0	0	0	0	0	0	0	0	0	0	0	0	0	0	0	0	0	0	0	0	0	0	0	0	0	0	0	0	0	0	0	0	0	0	0	0	0	0	0	0	0	0	0	0	0	0	0	0	0	0	0	0	0	0	0	0	0	0	0	0	0	0	0	0	0	0	0	0	0	0	0	0	0	0	0	0	0	75	0	0	0	0	0	0	0	0	0	0	0	0	0	0	0	36	80	72	0	0	0	0	0	0	0	7	0	0	35	0	0	0	0	0	0	0	20	0	0	0	0	0	0	0	0	0	0	53	0	0	0	0	0	0	0	8	0	0	0	0	0	0	0	0	0	75	0	0	0	0	0	0	0	0	0	9	0	0	175	0	0	0	0	0	0	0	0	0	0	0	0	0	0	0	0	32	107	0	97	0	42	173	0	41	61	84	0	127	0	15	0	22	0	0	0	0	124	0	42	61	68	203	213	0	6	187	40	0	169	34	0	41	0	0	71	45	65	0	0	0	54	0	375	0	21	193	1	0	17	201	0	136	75	0	85	0	39	239	47	94	0	0	79	4	101	0	0	0	51	167	38	0	87	0	80	0	0	0	0	67	184	0	0	0	37	124	19	108	0	79	163	0	97	0	88	28	23	131	221	48	196	19	137	0	30	65	0	227	0	19	0	35	24	0	52	180	0	0	192	0	88	90	201	164	0	16	176	91	49	85	0	90	93	0	0	24	109	35	116	0	174	19	0	0	41	0	134	0	122	110	54	109	249	56	50	136	0	190	26	7	9	197	94	0	146	161	0	18	136	58	88	28	0	236	0	72	100	32	0	99	23	0	54	98	92	68	17	149	89	174	0	0	0	78	43	0	32	93	23	149	0	304	182	71	73	99	50	81	285	83	70	78	29	176	30	26	0	61	98	0	113	29	0	94	106	37	253	92	0	165	18	196	38	245	85	72	148	140	33	0	32	0	89	25	0	17	56	51	197	234	176	94	0	59	107	91	176	93	36	130	35	52	22	179	204	72	38	30	30	73	20	162	325	74	211	0	154	0	182	38	112	141	50	38	30	155	67	213	74	117	111	201	25	182	64	176	119	28	11	90	64	190	138	18	81	52	133	23	87	282	102	187	26	103	93	43	119	63	90	88	0	29	34	64	35	44	155	261	95	225	112	197	32	53	50	171	0	202	43	17	116	108	207	89	94	81	100	218	55	92	69	70	67	106	55	92	1	33	56	116	274	108	106	19	80	74	319	80	146	21	86	109	204	0	319	133	88	96	83	134	44	198	33	127	18	109	345	75	157	72	34	68	101	108	19	131	170	0	108	89	74	84	118	137	87	367	117	88	84	108	169	73	191	35	105	185	125	106	153	43	57	170	54	140	25	91	64	89	189	211	108	75	78	173	158	89	72	92	81	45	80	0	68	186	33	49	68	32	19	164	126	112	43	22	101	16	48	247	234	38	5	25	46	220	92	69	26	49	26	82	19	50	3	135	9	94	413	146	34	101	122	26	27	81	143	12	64	73	207	9	46	78	60	52	108	261	58	89	230	146	73	22	75	92	271	146	198	48	256	9	113	171	172	35	52	13	116	115	88	125	12	79	84	124	22	187	107	36	14	80	305	27	126	37	40	80	249	71	37	50	91	60	56	191	205	27	63	77	245	84	62	39	99	52	144	205	184	164	29	127	84	18	29	243	17	100	43	218	71	66	121	125	74	53	247	78	296	61	222	309	94	17	0	187	114	144	64	114	310	85	40	108	34	89	62	183	87	72	110	98	69	57	66	157	84	83	70	248	44	221	47	164	43	68	65	149	35	113	364	68	44	28	84	20	124	73	104	1	118	20	88	23	47	53	146	111	111	102	25	206	145	44	162	85	108	40	43	117	253	61	68	55	46	65	57	49	54	108	151	151	124	176	143	131	92	167	75	43	38	67	101	51	100	63	25	62	200	296	30	275	87	77	70	161	160	165	184	353	83	16	113	241	37	105
4	0	0	0	0	0	0	0	0	0	0	0	0	0	0	0	0	0	0	0	0	0	0	0	0	0	0	0	0	0	0	0	0	0	0	0	0	0	0	0	0	0	0	0	0	0	0	0	0	0	0	0	0	0	0	130	0	0	0	0	0	0	0	0	0	0	0	0	0	0	0	0	0	0	0	0	0	0	0	0	0	0	0	0	0	0	0	0	0	0	0	0	0	0	0	0	0	0	0	0	0	0	0	0	0	0	0	0	0	0	0	0	0	0	0	0	4	0	0	0	0	0	0	0	0	0	0	0	0	0	0	0	0	0	0	0	0	0	48	0	0	0	0	0	0	0	0	0	0	0	0	0	0	0	0	0	0	0	0	0	0	0	0	0	0	0	0	0	0	0	0	38	0	0	0	0	0	0	0	0	0	0	0	0	0	0	0	0	0	0	0	0	0	1	0	0	0	0	0	22	0	0	0	0	0	0	16	0	0	0	0	0	0	0	0	0	0	0	0	0	0	0	8	3	0	0	0	0	0	0	0	0	9	0	0	0	0	0	158	0	0	0	0	0	0	0	0	0	0	0	0	0	0	0	26	0	0	49	0	0	0	1	0	0	0	0	0	0	0	0	0	0	65	0	18	3	0	0	0	0	0	0	0	0	0	5	0	0	0	0	0	0	17	0	0	0	0	0	0	0	0	0	7	12	0	101	0	40	80	0	3	71	144	0	41	0	0	0	223	0	0	0	0	208	0	58	253	31	118	59	0	88	77	29	0	31	32	0	108	0	0	75	23	89	0	0	0	142	0	187	0	0	0	0	0	44	120	0	5	63	0	66	4	139	226	2	86	0	0	31	0	145	0	0	0	96	15	123	0	39	0	119	0	0	0	0	103	188	0	0	0	47	90	23	22	0	66	109	0	96	0	326	43	0	38	160	31	7	86	203	0	27	15	0	11	0	131	0	40	19	0	86	75	0	0	1	0	43	52	158	85	0	24	105	97	210	37	0	41	68	0	0	86	105	145	44	0	144	99	0	0	38	16	66	0	67	52	92	175	20	211	7	24	0	201	36	73	120	227	35	0	32	15	0	19	15	139	32	29	0	82	0	193	82	108	0	37	204	0	41	128	134	278	15	87	92	43	0	0	0	83	182	0	149	136	72	129	0	104	73	99	141	168	19	220	85	105	114	89	115	69	102	68	0	41	113	0	62	169	6	28	110	16	166	59	0	302	158	80	204	59	55	69	17	149	131	0	120	0	105	28	0	77	29	67	98	7	90	130	0	84	27	146	95	377	101	182	0	16	52	168	108	171	91	103	157	65	70	280	15	79	84	0	48	0	27	113	57	12	65	40	28	53	33	51	12	69	23	36	69	66	128	24	98	59	61	14	166	48	115	88	122	31	84	22	93	59	12	138	274	15	123	139	18	42	170	120	0	70	131	53	35	2	54	99	41	99	147	263	146	35	71	60	0	110	49	245	86	35	52	125	117	24	70	24	57	46	35	99	16	197	98	79	120	142	28	215	84	168	18	134	95	42	105	41	157	122	122	6	49	0	59	46	120	57	241	123	223	61	121	144	249	56	82	56	114	60	288	154	209	73	21	146	114	13	48	205	76	82	78	52	161	161	16	23	81	115	79	165	63	37	173	147	253	155	187	47	136	218	72	126	82	62	66	32	123	230	55	50	201	222	150	90	15	60	95	107	59	0	77	35	92	69	74	39	195	7	27	150	73	134	75	48	85	115	31	118	211	203	51	157	80	167	83	136	89	53	92	163	113	102	107	90	273	31	125	121	41	107	56	103	120	69	180	39	88	130	35	54	72	566	33	40	117	174	36	70	75	79	65	112	159	133	35	57	109	187	174	58	28	86	54	46	23	51	19	105	100	136	99	42	6	174	86	373	81	209	49	37	156	64	192	70	28	114	98	117	16	71	39	61	65	60	239	225	18	82	111	25	108	70	49	48	25	19	89	67	144	62	188	39	112	18	216	126	71	31	180	123	50	242	62	220	208	126	133	13	146	240	0	116	191	158	54	46	140	231	33	269	18	22	136	46	98	115	103	175	134	162	192	100	49	185	229	201	71	114	66	106	46	49	19	70	126	157	177	38	88	50	31	81	118	71	105	170	52	44	197	142	95	19	144	18	72	106	94	160	183	226	54	53	27	42	237	131	123	53	285	39	89	181	81	67	36	129	346	90	138	27	67	199	52	186	62	128	133	50	111	170	90	179	92	275	21	72	113	227	49	106	112	60	100	38	42	8	53	27	61	115	16	144
5	0	0	0	0	0	0	0	0	0	0	0	0	0	0	0	0	0	0	0	0	0	0	0	0	0	0	0	0	0	0	0	0	0	0	0	0	0	0	0	0	0	0	0	0	0	0	0	0	0	0	0	0	0	0	0	0	0	0	0	0	0	0	0	0	0	0	0	0	0	0	0	0	0	0	0	0	0	0	0	0	0	0	0	0	0	0	0	0	0	0	0	0	0	0	0	0	0	0	0	0	0	0	0	0	0	0	0	0	0	0	0	0	0	0	0	0	0	0	0	0	0	0	0	0	0	0	0	0	0	0	0	0	0	0	0	0	0	0	0	0	0	0	0	0	0	0	0	0	0	0	0	0	8	0	0	0	0	0	0	0	0	0	0	0	0	0	0	0	0	0	0	0	0	0	0	0	0	0	0	0	0	0	0	0	0	0	0	21	0	0	0	0	0	0	0	0	0	0	0	0	0	0	0	0	0	0	0	0	0	0	0	0	0	0	0	0	0	0	0	0	0	23	224	0	0	0	0	0	0	0	0	265	0	0	0	0	0	0	0	0	0	0	0	0	0	0	0	0	0	0	0	0	0	4	0	0	0	0	0	0	0	23	0	0	0	0	0	0	0	0	0	0	0	0	0	0	0	0	0	0	0	0	0	0	83	0	0	0	0	0	0	0	0	0	0	0	0	0	0	0	0	0	68	0	60	0	159	56	0	0	137	191	6	18	0	0	0	2	44	0	0	0	64	0	3	160	163	79	65	0	44	80	62	0	71	73	0	59	0	0	166	67	20	0	0	14	245	0	9	0	81	1	0	0	27	149	0	11	187	0	100	0	74	21	183	79	0	0	41	0	18	0	0	0	83	119	59	0	60	0	164	0	0	0	0	27	88	0	0	0	19	54	10	29	0	81	196	0	144	0	20	35	1	23	70	188	208	50	109	0	147	84	0	62	75	79	0	11	133	0	85	52	0	0	148	0	102	57	35	158	0	232	34	142	79	148	0	41	105	0	0	0	195	112	97	0	27	25	0	0	92	0	78	0	117	92	116	117	126	62	97	198	0	26	215	40	91	129	45	1	39	121	0	62	117	56	2	30	0	95	0	62	294	0	0	52	86	0	62	10	144	114	61	196	26	96	0	0	0	40	31	22	10	18	115	72	0	148	67	52	114	166	8	27	11	75	55	42	138	62	58	86	0	96	54	0	215	161	40	90	246	4	205	126	0	246	104	18	178	162	8	29	59	5	193	0	105	0	71	125	24	75	130	211	127	38	68	40	0	117	39	2	37	47	60	114	20	0	227	7	64	23	92	271	94	86	91	51	84	128	101	0	57	0	8	76	356	166	161	142	147	74	48	108	228	127	37	47	143	62	111	59	86	18	184	180	9	51	61	96	295	8	57	30	46	36	299	45	48	210	77	58	25	24	38	28	0	139	60	82	224	121	104	37	138	66	59	87	62	74	32	202	0	39	15	8	68	222	138	159	167	230	47	67	57	12	56	256	97	56	73	60	82	104	155	109	92	467	54	230	87	167	63	66	31	59	15	35	33	0	38	96	78	20	129	97	70	47	118	284	45	120	79	106	55	429	88	163	33	168	0	131	158	0	17	78	39	78	256	35	9	78	103	52	122	245	343	22	75	11	21	60	61	64	18	62	101	46	42	66	171	23	67	112	288	9	208	95	33	34	46	22	152	44	17	275	76	0	47	35	68	163	138	113	28	6	133	232	93	102	63	142	116	144	78	359	7	195	47	110	22	94	62	99	14	67	16	125	83	78	86	132	88	149	132	153	51	43	135	91	153	53	202	56	36	50	106	79	60	54	16	199	65	133	26	32	91	116	161	91	58	202	26	318	31	123	240	190	101	75	97	54	107	80	110	188	35	129	42	38	36	60	156	22	31	44	31	4	136	79	101	169	96	46	137	152	88	104	198	145	76	319	68	4	152	262	104	11	126	108	243	87	282	152	114	67	19	166	52	22	83	89	117	31	39	78	60	92	32	51	87	56	56	140	185	158	132	249	14	106	82	69	311	54	44	95	116	132	42	59	177	89	42	188	180	221	35	173	77	99	253	46	80	90	49	49	98	49	117	11	47	73	46	41	70	110	34	105	277	52	96	17	46	86	184	70	187	59	29	138	104	100	105	27	47	55	34	81	94	98	28	10	101	68	196	77	328	27	42	14	65	27	37	76	105	166	48	28	77	22	59	63	108	56	123	94	75	64	36	135	164	34	70	9	58	41	109	66	65	25	59	95	190	74	23	177	38	24	190	42
6	0	0	0	0	0	0	0	0	0	0	0	0	0	0	0	0	0	0	0	0	0	0	0	0	0	0	0	0	0	0	0	0	0	0	0	0	0	0	0	0	34	0	0	0	0	0	0	0	0	0	0	0	0	0	0	0	0	0	0	0	0	0	0	0	0	0	0	0	0	0	0	0	0	0	0	0	0	0	0	0	0	0	0	0	0	0	0	0	0	0	0	0	0	0	0	0	0	0	0	0	0	9	0	0	0	0	0	0	0	0	0	0	0	0	0	0	0	0	0	0	0	0	0	0	0	0	0	0	0	0	0	0	0	0	0	0	0	131	0	0	0	0	0	39	0	0	0	0	0	0	0	0	0	0	0	0	0	0	0	0	0	0	0	0	0	0	5	0	0	0	0	0	0	0	0	0	0	0	0	0	0	0	0	0	0	0	0	0	0	0	0	0	0	0	0	0	0	0	0	0	0	0	33	0	0	48	0	0	0	0	0	0	0	0	0	24	0	0	0	0	0	21	36	52	0	0	0	0	0	0	24	235	0	0	0	0	0	0	0	0	1	0	0	0	0	0	0	28	0	0	0	0	0	164	0	0	0	0	0	0	0	0	0	0	0	0	0	0	0	0	0	26	0	0	0	0	0	0	0	60	0	1	0	1	0	0	0	0	0	0	0	0	0	0	0	0	0	0	0	0	0	0	126	0	226	0	231	71	0	12	18	227	0	86	0	0	0	140	0	0	0	0	81	0	0	130	54	8	95	0	42	36	51	0	127	221	0	35	0	0	7	6	44	0	0	0	95	0	45	0	54	11	0	0	2	115	0	56	143	0	6	0	87	11	7	95	0	0	4	0	27	0	0	0	123	112	76	0	89	0	152	0	0	0	0	90	113	0	0	0	74	18	99	0	1	40	138	0	407	0	238	176	11	29	42	65	209	114	66	0	26	151	0	48	1	83	0	93	184	0	73	46	0	0	49	0	87	154	131	119	0	23	24	10	225	148	0	51	86	0	0	89	93	72	38	0	243	0	0	0	32	0	192	0	47	99	33	57	37	107	44	51	0	59	218	114	50	178	57	0	140	51	0	51	13	173	0	70	0	78	0	67	45	22	0	126	86	0	48	149	35	129	126	0	58	109	0	0	0	80	74	0	67	17	174	120	0	80	26	34	132	166	54	109	20	125	174	146	127	85	113	82	0	69	0	0	55	155	0	120	75	89	41	36	3	82	47	53	170	108	50	45	9	54	76	0	31	0	181	23	0	50	72	81	67	43	113	107	0	182	117	129	212	68	105	66	0	0	293	33	110	69	32	96	49	20	133	219	123	59	74	0	83	0	29	238	29	60	82	55	75	152	18	72	272	70	37	16	76	50	52	45	157	14	100	73	48	262	114	20	24	25	14	194	59	64	313	163	27	96	21	218	26	114	59	44	0	144	178	160	89	84	297	152	65	157	22	161	64	183	67	31	0	23	104	80	87	56	99	36	76	205	141	90	61	204	61	162	168	210	9	89	122	81	195	62	37	36	115	81	59	23	48	18	146	5	86	85	18	0	126	187	68	103	163	95	88	64	161	35	8	24	141	56	118	97	34	192	72	179	0	63	13	0	45	217	89	43	80	84	140	63	182	61	44	167	47	11	226	22	71	19	44	163	166	52	175	137	135	19	125	31	93	143	56	51	224	97	90	19	134	131	67	42	216	130	98	0	96	3	34	194	92	25	90	163	109	40	99	27	33	64	40	48	217	136	43	32	40	32	71	214	62	33	81	171	59	587	147	160	17	301	138	83	80	113	112	56	101	11	10	81	39	120	108	51	66	83	237	15	48	21	130	83	166	93	154	11	60	105	60	22	48	62	104	162	184	82	72	82	89	149	75	55	34	26	45	74	82	4	346	138	121	349	104	79	187	121	104	365	65	105	234	286	34	151	35	103	49	65	154	67	68	152	14	79	413	41	22	169	200	63	168	43	82	57	113	72	144	52	59	99	100	45	71	134	68	214	81	82	216	32	11	147	48	66	87	126	0	76	88	66	80	219	47	127	175	51	8	221	158	85	230	34	12	62	93	59	79	106	154	43	55	139	274	94	214	83	27	34	12	162	52	371	74	83	114	1	155	50	95	61	124	69	105	109	158	51	28	15	47	75	216	91	38	191	162	89	141	208	50	111	103	147	178	111	208	60	48	90	93	221	82	66	42	288	136	169	118	110	145	59	64	48	161	89	352	185	47	118	47	202	76	149	79	45	56	88	70	66	105	97	36	121	257	118	74	107	84	56
7	0	0	0	0	0	0	0	0	0	0	0	0	0	0	0	0	0	0	0	0	0	0	0	0	0	0	0	0	0	0	0	0	0	0	0	0	0	0	0	0	0	0	0	0	0	0	0	0	0	0	0	0	0	0	0	0	0	0	0	0	0	0	0	0	0	0	0	0	0	0	0	0	0	0	0	0	0	0	0	0	0	0	0	0	0	0	0	0	0	0	0	0	0	0	0	0	0	0	0	0	0	0	0	0	0	0	0	0	0	0	0	0	0	0	0	0	0	0	0	0	0	0	0	0	0	0	0	0	0	0	0	0	0	0	0	0	0	86	0	0	0	0	0	0	0	0	0	0	0	0	0	0	0	0	0	0	0	0	0	0	0	0	0	0	0	0	0	0	0	0	0	0	0	0	0	0	0	0	0	0	0	0	0	0	0	0	0	0	0	0	0	0	0	0	0	0	0	0	0	0	0	0	0	0	0	11	0	0	0	0	0	0	0	0	0	0	0	0	0	0	0	0	25	29	0	0	0	0	0	0	0	103	0	0	0	0	0	0	0	0	2	0	8	0	0	0	6	0	12	0	0	0	0	99	0	0	0	0	0	0	0	0	0	0	0	0	0	0	0	0	0	82	0	0	0	0	0	0	0	0	0	0	0	0	0	0	0	0	0	0	0	0	0	0	0	0	0	0	0	0	0	0	30	0	11	0	36	60	0	0	51	53	0	56	0	0	0	72	0	0	0	0	276	0	0	90	27	87	96	0	99	242	9	0	127	4	0	15	0	0	97	21	111	0	0	0	192	0	125	0	31	0	0	0	38	39	0	50	36	0	111	0	14	435	87	75	0	0	75	0	69	0	0	0	2	66	171	0	96	0	12	0	0	0	0	80	58	2	0	0	0	139	0	73	0	161	103	0	55	0	85	137	0	187	51	8	36	185	184	0	120	221	0	78	0	33	0	0	74	0	56	26	0	0	39	0	39	93	0	47	0	25	33	323	59	227	0	79	22	0	0	69	61	149	10	0	9	42	0	9	119	0	63	0	192	86	124	253	187	73	69	13	0	117	206	24	122	39	147	0	54	96	0	106	205	50	0	49	0	85	0	217	166	279	0	132	88	0	107	35	1	58	122	127	24	22	0	0	0	78	35	1	62	191	222	165	0	150	166	213	51	56	18	134	23	133	147	61	90	161	151	148	0	66	136	0	354	106	0	177	56	197	300	97	0	120	17	100	23	28	0	14	42	149	10	0	155	0	54	301	0	140	98	26	170	33	166	93	0	160	7	93	170	143	39	64	7	0	15	221	125	114	89	24	67	219	100	92	69	244	376	0	117	0	118	65	46	51	88	143	48	177	30	66	90	82	125	29	1	254	14	116	109	162	284	57	182	152	88	143	73	239	16	41	210	34	101	63	148	81	89	42	116	278	17	26	0	150	135	134	170	53	132	134	98	44	32	75	56	35	173	105	0	168	20	36	104	41	74	81	157	78	81	111	159	12	116	207	309	117	243	67	147	79	64	220	195	11	79	151	271	72	40	107	63	116	153	39	62	0	143	97	67	112	51	164	82	137	170	1	105	242	93	138	111	150	251	143	62	62	0	287	161	0	175	87	48	77	315	51	99	36	129	85	83	265	93	75	258	18	74	26	95	142	24	181	213	90	191	46	169	188	273	93	40	162	182	61	62	130	105	318	170	25	137	68	166	1	70	171	177	58	34	35	36	34	89	41	44	198	68	116	116	17	38	25	48	148	13	26	103	47	168	55	166	159	76	12	131	132	140	182	2	50	152	63	19	127	52	143	10	69	37	54	65	284	97	80	272	133	22	56	177	301	112	19	5	103	66	86	238	78	77	53	365	191	43	100	19	30	74	62	12	81	146	79	123	20	174	82	36	78	217	94	40	16	175	64	106	12	144	11	42	76	80	168	42	66	130	147	212	221	152	70	60	52	48	146	34	24	128	65	212	86	68	74	106	165	22	127	42	172	137	155	33	23	82	22	39	127	131	15	69	176	106	38	53	134	0	168	48	87	214	97	108	190	241	77	251	111	48	80	14	38	51	160	81	193	113	197	68	16	99	223	10	140	188	109	327	47	186	65	29	317	80	57	221	36	18	66	32	110	67	134	78	82	149	158	345	153	10	112	76	144	85	140	19	36	141	39	32	299	10	190	31	9	153	96	281	8	155	176	61	230	14	33	161	65	21	69	177	54	170	188	44	43	75	75	87	125	107	177	94	129	44	86	166	134	34	107	167	102	55	22	119	286	19	38	35	122
8	0	0	0	0	0	0	0	0	0	0	0	0	0	0	0	0	0	0	0	0	0	0	0	0	0	0	0	0	0	0	0	0	0	0	0	0	0	0	0	0	0	0	0	0	0	0	0	0	0	0	0	0	0	0	0	0	0	0	0	0	0	0	0	0	0	0	0	0	0	0	0	0	0	0	0	0	0	0	0	0	0	0	0	0	0	0	0	0	0	0	0	0	0	0	0	0	0	0	0	0	0	0	5	0	0	0	0	0	0	0	0	0	0	0	0	0	0	0	0	0	0	0	0	0	0	0	0	0	0	0	0	0	0	0	0	0	0	0	0	0	0	0	0	0	0	0	0	0	4	0	0	0	0	0	0	0	0	0	0	0	0	0	0	0	0	0	0	0	0	0	0	0	0	0	2	0	0	0	0	0	0	57	0	0	0	0	0	0	0	0	0	0	0	0	0	0	0	0	0	0	0	0	0	0	0	90	0	0	0	0	0	0	0	0	0	0	0	0	0	0	0	15	11	0	10	0	0	0	0	0	0	106	0	0	0	0	0	0	0	0	0	0	0	0	0	0	0	0	0	0	0	17	0	0	0	0	0	0	0	3	0	0	0	0	0	0	0	0	0	0	0	161	6	1	0	0	0	0	0	0	0	0	0	0	0	0	0	0	0	0	0	0	0	0	0	0	0	0	0	0	0	0	19	0	67	0	147	129	0	0	127	116	0	130	0	0	0	118	0	0	0	0	3	0	0	157	40	131	104	0	135	353	28	0	116	41	3	102	0	0	71	55	144	0	0	1	2	0	138	0	73	0	0	0	25	49	0	94	117	0	223	0	180	69	157	145	0	0	0	0	63	0	0	0	37	38	88	0	91	0	36	0	0	0	0	7	139	0	0	0	62	16	30	0	0	194	77	0	80	0	66	188	56	51	31	57	202	89	160	0	51	117	0	293	0	27	0	0	32	0	189	40	0	0	90	0	56	10	48	49	0	298	81	87	100	213	0	40	86	0	0	7	59	58	76	0	84	104	0	0	220	0	135	0	116	72	66	156	90	25	161	106	0	48	111	60	150	50	69	0	210	7	26	81	15	207	23	39	0	203	0	36	82	0	0	177	85	0	149	58	86	117	90	15	66	28	0	7	0	265	56	0	84	49	177	81	0	30	59	56	56	136	62	97	35	68	152	124	18	65	36	40	0	142	82	0	103	263	7	225	113	72	14	87	0	76	21	86	216	93	61	126	71	156	66	0	82	0	145	0	0	246	175	154	21	47	7	81	0	198	87	98	33	76	521	29	0	9	59	21	103	70	92	28	188	89	53	141	35	57	86	0	138	0	106	68	12	152	82	45	23	97	202	68	70	15	216	13	178	103	141	204	84	204	173	260	153	123	68	194	54	25	113	69	182	141	173	51	68	65	163	33	36	126	56	22	0	59	54	271	112	90	38	90	42	118	66	53	178	213	56	11	0	64	44	125	22	80	226	179	12	38	226	66	58	100	46	89	56	87	57	103	69	162	64	29	52	135	198	64	14	124	44	93	86	97	34	59	66	0	185	79	213	148	7	91	47	125	75	12	86	50	310	57	52	38	37	73	75	38	24	513	202	0	104	148	122	59	28	120	68	133	25	67	210	87	170	136	56	68	161	252	43	217	17	15	230	147	38	102	8	284	86	155	38	299	72	17	271	119	45	20	102	104	94	108	135	0	161	83	123	91	194	47	133	185	39	163	118	22	14	15	158	52	49	26	153	78	43	191	44	79	3	30	20	191	61	264	21	168	48	21	17	125	28	74	206	78	168	90	72	109	111	18	217	101	112	130	127	117	198	49	21	126	164	51	85	169	89	10	31	102	56	38	18	224	86	79	62	26	253	84	98	118	198	90	169	70	47	46	206	32	249	50	34	6	59	33	241	6	104	145	181	125	37	121	58	9	47	21	28	76	80	79	125	7	126	137	103	91	72	33	43	26	147	116	399	72	57	27	33	23	114	42	158	143	34	75	52	41	97	13	91	123	105	66	127	47	0	57	22	216	79	106	27	107	30	76	48	113	149	119	41	27	111	44	109	75	213	39	165	27	87	24	54	192	83	130	288	234	44	62	21	20	179	42	88	94	77	53	35	208	27	151	92	30	182	261	21	141	113	104	111	116	44	50	85	99	109	17	110	96	249	50	57	46	48	81	53	28	29	38	75	66	186	59	109	143	61	119	89	25	34	78	68	137	19	253	73	114	30	71	118	199	17	135	18	76	165	100	81	161	208	179	70	178	144	259	35	120
9	0	0	0	0	0	0	0	0	0	0	0	0	0	0	0	0	0	0	0	0	0	0	0	0	0	0	0	0	0	0	0	0	0	0	0	0	0	0	0	0	0	0	0	0	0	0	0	0	0	0	0	0	0	0	0	0	0	0	0	0	0	0	0	0	0	0	0	0	0	0	0	0	0	0	0	0	0	0	0	0	0	0	0	0	0	0	0	0	0	0	0	0	0	0	0	0	0	0	0	0	0	0	0	0	0	0	2	0	0	42	0	0	2	0	0	0	0	0	0	0	0	0	0	0	0	0	0	0	0	0	0	0	0	0	0	0	0	0	0	0	0	0	0	0	0	0	17	0	0	0	0	0	0	0	0	0	0	0	0	0	0	16	0	0	0	0	0	0	0	0	0	0	0	0	0	0	0	0	0	0	0	0	0	0	0	0	0	0	0	0	0	0	0	0	0	26	0	0	0	0	0	0	0	0	0	21	0	0	0	0	0	0	0	0	0	0	0	0	0	0	22	0	107	0	0	0	0	0	0	0	0	0	0	6	0	0	0	0	0	0	0	0	0	0	0	0	0	19	0	0	0	47	0	25	0	0	15	0	0	0	0	0	0	0	0	0	0	0	0	0	0	189	0	0	0	0	0	0	0	0	0	0	0	0	0	0	0	0	0	0	0	0	0	0	0	0	0	0	0	0	0	0	85	0	27	0	32	59	0	12	215	213	0	53	0	0	0	125	0	0	0	0	38	0	5	36	1	29	23	0	161	81	67	0	88	81	0	16	0	0	14	144	199	0	0	0	117	0	129	0	139	0	0	0	10	212	0	20	37	0	76	0	98	77	77	89	0	0	7	49	129	0	0	0	152	175	7	0	37	0	0	0	0	0	0	87	41	8	0	0	72	103	66	36	0	115	48	0	20	0	148	30	0	33	69	136	126	184	204	0	223	6	0	95	0	44	0	0	121	0	50	142	0	0	40	5	131	187	2	64	0	118	125	72	43	136	0	131	188	0	0	126	39	32	89	0	58	124	0	0	57	0	156	0	98	16	23	135	92	239	0	204	0	86	63	44	0	74	67	0	71	95	0	111	166	215	0	27	0	94	0	472	147	0	0	119	102	0	214	179	135	13	112	57	47	39	0	5	0	38	70	0	73	61	29	66	0	24	102	2	112	135	11	137	5	82	85	69	63	224	199	2	0	89	111	0	121	25	12	66	97	84	187	194	0	120	7	28	65	143	111	65	79	368	70	0	31	0	40	0	0	146	202	289	38	80	60	179	0	108	192	158	83	29	91	106	0	0	112	92	62	68	37	42	60	15	126	118	18	125	139	0	118	0	116	141	77	18	155	146	88	90	24	126	89	28	76	27	41	128	30	122	29	0	307	21	192	114	40	152	172	95	42	93	169	52	66	34	22	30	78	42	69	256	199	216	0	65	147	148	3	71	99	8	75	128	32	67	185	74	27	197	0	18	129	210	123	66	44	25	31	133	45	53	112	122	68	84	39	95	61	106	104	84	27	82	205	163	136	87	23	21	41	129	79	96	306	86	187	0	78	218	49	30	33	27	34	45	62	97	20	13	100	72	24	177	36	569	121	20	0	80	27	0	228	56	117	73	226	31	68	55	53	180	9	134	195	28	148	190	157	65	115	25	64	136	141	108	14	64	48	149	170	39	49	92	66	69	25	61	112	200	155	74	55	74	48	0	34	223	112	9	201	66	81	122	394	34	100	150	156	80	49	87	50	26	53	102	31	62	217	18	81	39	10	51	176	44	21	86	16	65	242	93	135	41	202	109	86	103	31	58	47	120	104	56	200	86	24	171	115	220	73	82	156	69	115	2	26	81	107	79	61	27	39	68	28	105	39	55	154	148	69	217	132	24	72	110	268	163	57	57	45	93	97	40	440	91	148	85	136	106	133	8	90	140	66	121	115	22	43	141	42	166	48	106	130	61	123	47	65	30	71	147	153	163	176	73	92	92	97	75	33	181	107	14	204	44	123	215	123	40	147	102	131	95	338	127	0	47	13	74	238	138	71	90	144	43	100	100	122	98	114	66	14	238	141	137	36	115	58	121	61	52	136	26	144	46	132	163	69	34	113	229	175	114	123	158	79	133	34	74	242	176	89	164	51	21	23	268	33	29	120	103	51	89	57	109	166	89	46	32	128	156	59	120	60	49	71	79	59	51	83	92	150	120	28	54	244	72	64	74	95	150	34	80	99	67	72	150	38	83	74	46	134	57	68	245	41	176	177	108	77	116	89	197	47	26	38	37
10	0	0	0	0	0	0	0	0	0	0	0	0	0	0	0	0	0	0	0	0	0	0	0	0	0	0	0	0	0	0	0	0	0	0	0	0	0	0	0	0	0	0	0	0	0	0	0	0	0	0	0	0	0	0	0	0	0	0	0	0	0	0	0	0	0	0	0	0	0	0	0	0	0	0	0	0	0	0	0	0	0	0	0	0	0	0	0	0	0	0	0	0	0	0	0	0	0	0	0	0	0	0	0	0	0	0	0	0	0	0	0	0	0	0	0	0	0	0	0	0	0	0	0	0	0	0	0	0	0	0	0	0	0	0	0	0	0	0	0	0	0	0	0	0	0	0	0	0	0	0	0	0	0	0	0	0	0	0	0	0	0	0	0	0	0	0	0	0	0	0	0	0	0	0	0	0	0	0	0	0	0	0	0	0	0	0	0	0	0	0	0	0	0	0	0	0	0	0	1	79	0	0	2	0	0	0	0	0	0	0	0	0	0	0	0	0	0	0	0	0	5	1	0	0	0	0	0	0	0	0	0	108	0	0	0	0	0	0	0	0	0	0	0	0	0	0	0	0	0	0	0	0	0	0	0	0	0	0	0	0	0	0	0	0	0	0	0	0	0	0	0	83	0	0	0	0	0	0	0	0	0	0	0	0	4	0	0	0	0	0	0	0	0	0	0	0	0	0	0	0	0	0	24	0	38	0	79	151	0	0	152	133	0	84	0	0	0	28	0	0	0	0	38	0	0	22	91	48	13	0	127	19	9	0	22	43	0	46	0	0	127	42	9	0	3	0	59	0	209	0	65	0	0	3	24	139	0	101	61	0	56	0	47	136	27	118	0	0	66	0	48	0	0	0	143	64	64	0	10	0	209	0	0	0	0	13	95	1	0	0	63	140	51	10	0	22	14	0	91	0	12	152	1	131	78	57	181	25	70	0	19	5	0	72	0	106	0	0	116	0	98	42	0	0	57	0	23	195	0	31	0	207	1	75	64	35	0	88	143	0	0	134	45	13	202	0	60	34	0	31	80	0	64	0	31	68	118	48	144	42	101	7	0	25	339	25	0	73	75	0	104	129	0	102	39	112	0	21	0	165	0	225	46	0	0	208	196	0	52	114	31	124	122	89	230	81	1	0	0	178	56	0	40	78	91	15	0	50	173	166	87	25	142	48	43	346	118	113	151	86	52	71	0	77	166	0	84	136	20	87	22	122	174	38	0	120	390	112	22	75	59	6	34	54	113	0	166	0	65	0	0	116	47	14	4	207	146	106	0	83	40	136	101	178	46	48	8	6	12	278	410	100	125	103	20	70	24	85	41	258	76	27	47	0	40	29	51	137	38	12	5	84	65	161	152	56	75	142	157	34	29	227	34	117	129	81	70	90	157	51	168	47	24	65	117	314	1	52	201	140	123	130	14	47	62	150	0	69	198	158	103	49	27	40	103	70	78	76	44	250	115	48	0	122	47	55	111	46	231	72	70	82	23	100	78	151	34	44	116	67	42	62	197	89	26	121	156	221	60	69	167	93	15	44	73	74	14	125	95	0	114	34	63	41	187	65	40	45	44	331	48	33	78	182	99	47	105	50	157	178	15	53	130	0	46	73	31	146	14	75	60	195	44	248	117	83	110	155	24	62	66	186	22	37	34	24	45	74	27	191	116	146	239	83	121	67	187	102	52	68	83	66	169	26	79	120	95	0	60	46	103	19	60	48	133	47	168	157	142	39	81	218	72	215	101	68	89	83	77	78	46	78	141	118	208	125	148	46	139	107	11	323	54	67	90	38	47	54	84	10	58	247	42	157	37	86	12	79	89	84	63	414	100	65	441	63	43	53	73	204	175	32	173	69	98	33	13	35	28	196	76	88	27	112	207	11	57	100	160	37	98	103	3	94	39	24	221	28	23	8	40	80	48	34	64	67	74	182	29	91	113	162	131	228	275	30	84	143	119	24	121	108	19	22	19	105	20	65	195	159	103	41	146	25	55	157	25	69	70	84	31	14	20	53	393	58	27	83	0	208	41	124	33	116	21	94	26	23	64	53	66	34	57	106	103	156	23	69	271	93	127	63	72	216	179	89	53	92	112	166	124	51	56	84	83	116	184	155	59	101	20	129	30	190	77	152	165	47	72	138	68	80	21	34	185	56	62	104	70	200	88	156	25	188	216	158	64	73	14	11	118	123	146	27	151	78	188	74	25	65	118	125	58	87	197	124	48	56	15	24	84	90	75	64	48	188	295	35	49	3	279	52	119	117	43	110	107	134	112	41
11	0	0	0	0	0	0	0	0	0	0	0	0	0	0	0	0	0	0	0	0	0	0	0	0	0	0	0	0	0	0	0	0	0	0	0	0	0	0	0	0	0	0	0	0	0	0	0	0	0	0	0	0	0	0	0	0	0	0	0	0	0	0	0	0	0	0	0	0	0	0	0	0	0	0	0	0	0	0	0	0	0	0	0	0	0	0	0	0	0	0	0	0	0	0	0	0	0	0	5	0	0	0	0	0	0	0	0	0	0	0	0	0	0	0	0	0	0	0	0	10	0	0	0	0	0	0	0	0	0	0	0	0	0	0	0	0	0	0	0	0	0	0	0	0	0	0	0	0	0	0	0	0	0	0	0	0	0	0	0	0	0	0	0	0	0	0	0	0	0	0	0	0	0	0	6	0	0	0	0	0	0	0	41	0	0	0	0	0	0	0	0	0	0	0	0	14	0	0	0	0	0	0	0	0	0	0	0	0	0	0	0	0	0	0	0	0	0	0	0	0	0	0	10	0	0	0	0	0	0	0	0	28	0	0	0	0	0	0	0	0	0	0	0	0	0	0	0	0	0	0	0	0	0	67	0	0	0	15	2	0	0	0	0	0	0	0	0	0	0	22	0	0	15	0	0	0	0	0	0	0	0	0	0	0	39	0	0	0	0	0	0	0	0	0	0	0	0	0	0	0	0	63	32	0	148	37	78	96	0	4	196	202	0	113	0	0	0	33	0	0	0	0	74	0	0	59	59	139	92	0	51	145	29	0	39	62	17	24	0	0	116	100	33	0	0	0	151	0	84	0	0	0	0	0	62	5	0	55	98	0	66	0	47	28	207	53	0	0	63	5	117	0	0	0	115	65	12	0	220	0	32	0	0	2	0	213	34	0	0	0	35	147	68	7	0	142	59	0	125	0	42	89	0	40	56	108	168	76	31	0	302	179	0	37	0	42	0	0	94	0	30	7	0	0	148	60	143	160	5	131	0	59	10	94	101	186	0	81	70	0	0	124	107	117	116	0	39	143	0	11	47	37	159	0	36	62	78	82	45	181	14	58	0	66	23	277	6	80	23	0	187	29	3	197	210	95	4	75	0	220	0	103	258	0	0	113	35	0	107	38	44	68	68	139	47	76	0	0	0	85	165	4	31	17	12	32	0	46	120	33	31	108	120	13	33	88	244	211	60	76	66	75	0	146	8	0	31	55	9	91	40	330	3	87	0	79	64	48	189	223	208	109	32	0	290	0	93	0	115	17	0	184	63	267	271	270	137	78	0	57	7	21	146	203	52	58	0	0	15	104	29	181	175	11	354	68	89	73	243	70	73	0	190	0	67	26	84	213	288	137	5	138	43	43	107	50	115	44	207	62	28	146	134	165	46	19	133	222	43	217	46	157	115	286	213	100	279	118	63	65	97	193	33	99	49	169	0	424	95	126	154	26	114	145	10	104	158	77	69	173	91	52	0	65	38	82	104	132	109	236	38	55	86	45	154	12	71	22	106	79	113	218	266	162	196	139	86	82	121	4	12	81	131	165	77	77	84	61	61	0	141	112	126	79	89	22	162	164	26	120	160	100	39	101	65	69	19	98	81	107	11	36	137	0	69	87	7	106	47	56	122	102	77	44	16	213	3	103	103	148	54	37	101	11	177	62	91	101	20	31	82	15	72	103	47	170	161	37	58	33	56	62	51	153	1	130	48	0	44	110	202	44	45	349	142	355	38	291	95	20	31	26	98	383	73	237	78	130	21	65	112	51	33	36	24	56	136	39	98	2	118	69	190	102	13	272	15	86	141	244	48	77	107	211	127	86	68	97	88	145	87	219	50	138	81	91	123	25	18	99	30	85	144	40	158	34	13	174	106	41	15	134	180	131	368	78	113	66	16	82	63	19	15	122	67	139	167	123	17	229	94	98	15	85	70	61	76	39	221	84	153	55	17	130	11	54	39	307	172	175	55	173	95	31	111	72	74	128	237	6	47	20	13	71	133	6	42	83	24	23	84	136	141	115	64	12	125	38	0	62	269	39	148	108	117	70	46	15	80	55	114	45	93	106	193	37	89	149	58	126	135	153	101	78	129	133	72	11	103	58	169	212	33	163	42	101	58	73	304	246	7	38	93	174	88	79	74	72	48	27	84	54	10	67	98	42	309	57	74	96	23	29	74	262	71	245	43	163	131	86	89	78	72	90	134	77	82	35	92	95	62	24	38	95	82	71	16	183	6	293	62	107	268	162	60	112	140	87	290	34	42	58	152	158	28	70	44	179	300	49
12	0	0	54	0	0	0	0	0	0	0	0	0	0	0	0	0	0	0	0	0	0	0	0	0	0	0	0	0	0	0	0	0	0	0	0	0	0	0	0	0	0	0	0	0	0	0	0	0	0	0	0	0	0	0	0	0	0	0	0	0	0	0	0	0	0	0	0	0	0	0	0	0	0	0	0	0	0	0	0	0	0	0	0	0	0	0	0	0	0	0	0	0	0	0	0	0	0	0	0	0	0	0	0	0	0	0	0	0	0	0	0	0	0	0	0	0	0	0	0	0	0	0	0	0	0	0	0	0	0	2	0	0	0	0	0	0	0	0	0	0	0	0	0	0	0	0	0	0	0	0	0	0	0	0	0	0	0	0	0	0	0	0	0	0	0	0	0	0	0	0	0	0	0	0	0	0	0	0	0	0	0	0	0	0	0	14	0	0	0	0	0	0	0	0	29	0	0	0	0	0	0	0	0	0	0	11	0	0	0	15	0	0	0	0	0	0	0	0	0	0	0	0	15	36	0	0	0	0	0	0	64	89	0	0	0	0	0	0	0	0	0	0	0	0	0	0	0	0	0	0	0	0	0	46	0	40	0	0	0	0	0	0	0	0	0	0	0	0	0	0	0	188	0	0	0	0	0	0	2	0	0	48	0	0	60	0	0	0	0	0	0	0	0	0	0	0	0	0	0	0	0	19	144	0	145	0	19	137	0	0	26	115	0	141	0	0	0	108	0	0	0	0	71	0	0	15	302	30	108	0	14	79	92	0	115	27	0	171	0	0	116	20	5	0	0	0	254	0	96	0	55	0	0	0	14	42	0	90	64	0	186	0	86	63	54	128	0	0	8	0	135	0	0	0	9	110	48	0	79	0	105	0	0	0	0	111	19	0	0	44	93	87	2	3	0	147	47	0	69	0	73	120	99	62	309	409	17	0	115	0	208	19	0	70	9	95	0	6	94	0	167	25	0	0	62	0	54	48	151	30	0	209	22	82	109	38	0	14	61	0	0	253	155	243	99	0	46	41	0	0	19	0	69	0	101	81	49	89	150	81	19	26	0	60	56	259	82	109	35	0	30	90	0	130	25	31	0	130	0	97	0	83	141	124	0	35	110	0	50	28	107	124	264	153	23	262	0	0	0	141	24	0	82	32	38	198	0	55	59	52	362	37	62	89	89	70	16	214	68	36	45	32	58	63	94	0	55	19	92	101	133	175	140	80	0	201	55	107	2	215	2	59	32	38	34	0	180	0	88	8	0	4	108	65	62	227	95	27	0	23	57	100	55	275	170	65	0	98	114	272	41	276	35	13	236	23	95	61	41	32	14	0	92	0	92	191	267	15	183	81	89	178	17	35	139	93	50	9	90	27	163	111	78	42	17	66	170	205	202	322	13	133	137	124	81	97	48	86	54	42	9	193	140	102	93	85	0	101	84	175	107	118	54	23	156	69	126	34	47	66	133	160	0	0	78	7	112	64	129	54	79	41	128	71	151	95	31	71	192	70	20	222	113	42	106	20	102	195	186	17	125	33	307	114	56	104	7	112	28	0	111	84	291	42	141	71	67	101	143	47	13	138	218	31	28	95	104	104	135	165	19	75	164	0	42	80	123	93	65	95	146	81	64	135	30	20	63	98	102	123	35	20	112	37	221	30	30	209	193	146	100	170	74	231	40	84	41	141	82	43	104	59	63	56	80	68	70	25	44	91	18	104	133	95	55	335	84	87	93	56	88	106	87	139	89	140	68	322	51	56	21	90	45	226	69	210	30	76	126	166	145	162	65	105	41	100	60	3	35	53	46	109	91	49	32	99	27	49	96	79	253	138	13	100	215	92	126	65	158	34	199	80	120	258	89	29	83	134	44	150	124	50	150	47	113	40	140	102	91	74	42	137	145	33	62	11	51	62	39	218	132	39	97	83	3	92	38	186	50	71	152	30	89	42	65	58	68	121	14	85	140	140	192	177	68	175	81	25	58	99	62	154	177	36	74	166	117	119	93	19	34	123	19	63	30	28	167	176	0	62	107	54	212	109	314	102	58	50	116	103	185	66	68	74	143	85	146	182	126	76	94	52	50	73	196	156	142	243	153	30	31	119	171	60	91	49	110	162	29	199	28	150	39	81	49	82	13	17	188	51	49	115	110	84	247	43	109	129	104	57	182	45	42	103	278	106	41	56	62	83	73	164	56	61	31	132	28	91	122	8	36	37	70	129	45	136	90	171	303	119	198	107	64	81	119	163	59	29	21	40	164	83	61	34	212	23	72	79	130	24
13	0	0	0	0	0	0	0	0	0	0	0	0	0	0	0	0	0	0	0	0	0	0	0	0	0	0	0	0	0	0	0	0	0	0	0	0	0	0	0	0	0	0	0	0	0	0	0	0	0	0	0	0	0	0	0	0	0	0	0	0	0	0	0	0	0	0	0	0	0	0	0	0	0	0	0	0	0	0	0	0	0	0	0	0	0	0	0	0	0	0	0	0	0	0	0	0	0	0	0	0	0	0	0	0	0	0	0	0	0	32	0	0	0	0	0	0	0	0	0	0	0	0	0	0	0	0	0	0	0	0	0	0	0	0	0	0	0	0	0	0	0	0	0	16	0	0	0	0	0	0	0	0	6	0	0	0	0	0	0	0	0	0	0	0	0	0	0	0	0	0	0	0	0	0	0	0	0	0	0	0	0	0	0	0	0	50	0	0	0	0	0	0	0	0	0	0	0	0	0	0	0	0	14	0	0	0	0	0	0	0	0	0	0	0	0	0	0	0	0	0	0	70	110	0	1	0	0	0	0	0	0	134	4	0	0	0	0	0	0	0	0	0	0	0	0	0	0	0	0	0	1	0	0	19	0	0	0	0	0	0	0	16	0	0	0	0	0	0	0	0	0	25	0	0	0	0	0	0	0	0	0	0	0	0	106	0	0	0	0	0	0	0	0	0	0	0	0	0	0	0	0	0	241	0	115	0	95	158	0	0	127	157	0	2	0	28	0	75	0	0	0	0	93	0	10	111	65	112	68	0	78	159	43	0	35	116	0	55	0	0	125	24	109	0	0	0	81	0	81	0	5	46	0	0	176	121	0	64	7	0	79	0	71	128	222	36	0	0	30	17	86	8	0	0	100	55	127	0	195	0	31	0	0	0	0	78	69	0	0	0	30	153	0	65	0	152	14	0	12	0	88	60	0	52	20	60	87	94	59	0	84	92	0	149	51	13	0	55	33	0	164	168	0	0	52	0	11	30	160	113	0	77	110	209	47	84	0	73	136	0	0	130	78	4	20	0	70	214	0	0	21	3	29	0	133	28	70	10	60	133	3	145	0	110	159	11	10	221	54	0	137	162	0	151	411	107	0	121	0	32	0	84	45	37	0	67	33	0	31	37	115	137	48	34	35	73	0	0	0	59	25	0	40	20	99	117	0	38	106	146	39	48	54	122	32	49	57	58	196	96	36	303	0	87	36	0	87	175	0	40	237	52	126	193	0	60	86	18	68	447	83	63	54	21	96	0	30	0	228	50	0	54	56	91	176	157	46	78	0	55	79	39	18	120	170	189	0	0	56	76	157	212	160	75	25	22	115	81	65	162	55	0	11	0	23	195	76	6	129	76	104	218	78	188	80	24	91	80	55	161	12	148	125	77	21	334	16	161	266	110	27	38	506	183	242	76	36	107	128	86	107	64	35	84	41	143	0	74	304	12	263	101	105	87	68	244	92	31	53	147	161	119	0	34	266	60	73	34	47	27	142	159	130	48	73	83	154	26	34	430	82	100	58	32	25	157	55	76	226	91	74	206	371	69	132	66	197	70	72	1	84	98	58	55	154	122	70	16	108	52	64	213	114	27	103	20	141	63	72	71	0	138	87	0	50	37	141	44	106	335	118	88	281	60	6	126	123	23	200	82	93	138	375	103	51	64	54	114	103	84	17	28	144	117	58	122	247	122	11	127	73	126	219	318	69	185	55	0	100	55	68	209	219	103	61	212	56	43	347	56	144	97	77	97	44	254	204	72	25	16	60	72	44	93	39	108	88	227	131	272	60	126	358	139	87	60	167	56	171	119	94	86	231	129	23	161	223	37	199	37	101	133	85	158	59	360	337	98	30	27	52	16	10	48	82	55	335	131	169	18	113	122	49	52	22	52	53	46	48	116	49	98	115	11	133	51	62	77	3	88	52	37	129	81	22	141	103	385	107	53	196	116	70	59	38	143	39	314	50	11	339	175	275	24	115	116	96	170	20	139	64	27	81	30	9	94	62	72	38	133	97	96	139	367	216	27	203	87	0	100	104	42	135	143	75	219	65	174	125	77	134	115	38	144	104	231	181	71	72	96	20	99	26	30	126	166	40	2	158	129	39	16	62	124	85	95	9	61	79	176	116	69	76	126	32	93	153	106	150	130	32	95	17	27	30	27	14	41	118	37	70	29	45	57	88	65	67	193	49	31	96	51	32	114	80	192	135	61	111	75	203	145	61	48	78	97	148	153	32	118	170	178	81	144	90	24	112	36	24	114	44	47	65	23	115	47	101	468	112	8
14	0	0	0	0	0	0	0	0	0	0	0	0	0	0	0	0	33	0	0	0	0	0	0	0	0	0	0	0	0	0	0	0	0	0	0	0	0	0	0	0	0	0	0	0	0	0	0	0	0	0	0	0	0	0	0	0	0	0	0	0	0	0	0	0	0	0	0	0	0	0	0	0	0	0	0	0	0	0	0	0	0	0	0	0	0	0	0	0	0	0	0	0	0	0	0	0	0	0	0	0	0	0	0	0	0	0	0	0	0	0	0	0	0	0	0	0	0	0	0	0	0	0	0	0	0	0	0	0	0	0	0	0	0	0	0	0	0	0	0	0	0	0	0	0	0	0	0	0	0	0	0	0	0	0	0	0	0	0	0	0	0	0	0	0	0	0	0	0	0	0	0	0	0	0	0	0	0	0	0	0	0	0	0	0	0	0	0	0	0	0	0	0	0	0	0	0	0	0	0	0	0	0	0	0	0	136	0	0	0	0	0	0	0	0	0	0	0	0	0	0	0	0	84	0	0	0	0	0	0	0	0	13	0	0	0	0	0	4	0	0	0	1	0	0	0	0	0	0	0	9	0	0	0	0	0	0	0	0	0	0	7	0	0	0	0	0	0	0	0	0	0	76	0	0	0	0	0	0	0	0	0	0	0	0	44	0	0	0	0	0	0	0	0	0	0	0	0	0	0	0	0	0	42	0	19	18	49	66	0	0	70	73	0	137	0	0	0	9	7	0	0	0	29	0	7	137	158	29	104	0	44	189	168	0	296	104	0	202	0	0	14	96	191	0	0	0	68	0	53	0	146	0	0	0	1	122	1	150	60	0	64	0	82	60	127	141	0	0	111	0	168	0	0	0	48	59	71	0	83	0	27	0	0	0	0	223	271	27	0	0	59	33	58	2	0	78	79	0	135	0	169	98	90	82	92	45	180	28	46	0	61	48	0	33	0	211	0	21	30	0	251	109	0	0	96	2	93	51	16	165	0	54	113	241	122	90	0	108	103	0	0	83	92	140	59	0	23	87	0	0	87	1	43	0	190	153	87	170	54	168	20	187	0	124	4	42	202	43	78	0	24	106	0	331	52	109	63	85	0	61	0	478	249	51	0	104	73	0	95	215	63	27	77	298	103	25	0	0	0	53	93	0	23	39	122	45	0	35	134	197	193	172	45	40	168	102	144	72	22	47	73	128	0	71	73	0	38	22	0	122	22	320	214	131	0	41	94	62	60	329	74	116	75	125	31	0	29	0	160	35	41	107	328	84	144	140	183	264	0	111	97	59	290	79	33	65	15	13	84	180	12	211	61	94	168	58	95	183	98	135	165	7	7	0	83	103	78	105	189	131	83	77	107	55	75	296	56	67	218	148	54	49	68	28	96	36	91	413	91	56	77	131	9	134	36	15	9	9	70	63	52	29	138	133	146	47	0	25	8	91	57	68	44	53	51	14	131	92	16	125	99	217	0	6	276	17	204	106	51	97	24	125	129	51	93	36	25	108	81	21	50	28	139	104	34	59	201	188	135	25	71	88	33	135	76	82	64	155	27	0	48	85	23	125	85	23	128	110	82	106	46	106	26	98	103	91	100	15	65	135	4	89	34	0	144	134	24	102	111	33	45	72	12	123	193	90	158	72	20	69	74	43	68	47	17	81	21	68	86	56	62	62	207	80	18	105	149	26	220	76	130	9	79	199	305	22	95	0	67	79	61	53	73	10	10	108	66	204	35	21	42	148	106	35	59	69	6	55	188	79	133	126	99	79	130	67	50	146	73	133	96	147	77	115	26	26	35	76	29	59	97	51	146	189	88	90	160	106	171	163	139	111	31	64	31	104	114	67	145	38	32	201	67	185	7	21	239	257	264	17	58	60	133	217	145	90	110	8	62	32	230	74	103	229	78	87	145	38	24	121	53	174	66	45	184	173	122	179	65	68	71	67	83	21	105	144	23	62	30	91	53	68	223	42	58	164	126	93	35	39	62	59	39	362	74	157	270	36	87	90	109	50	46	172	135	87	60	94	0	43	80	14	246	46	164	100	109	7	282	14	86	20	381	40	227	127	138	83	173	39	22	138	43	85	252	46	60	90	20	115	158	120	203	60	165	7	22	82	72	175	53	73	90	118	129	156	169	251	73	119	93	17	34	166	75	257	289	101	70	180	41	131	33	208	67	17	77	42	118	175	72	9	22	74	43	198	129	227	38	187	40	35	107	115	75	242	71	8	96	46	50	83	16	74	172	379	154	170	126	86	56	35	114	133	79	64	27	89	58	77
15	0	0	0	0	0	0	0	0	0	0	0	0	0	0	0	0	0	0	0	0	0	0	0	0	0	0	0	0	0	0	0	0	0	0	0	0	0	0	0	0	0	0	0	0	0	0	0	0	0	0	0	0	0	0	0	0	0	0	0	0	0	0	0	0	0	0	0	0	0	0	0	0	0	0	0	0	0	0	0	0	0	0	0	0	0	0	0	0	0	0	0	0	0	0	0	0	0	0	0	0	0	0	0	0	0	0	0	0	0	0	0	0	0	0	0	0	0	0	0	0	0	0	0	0	0	0	0	0	0	0	0	0	0	0	0	0	0	0	0	0	0	0	0	0	0	0	0	0	0	0	0	0	0	0	0	0	0	32	0	0	0	0	0	0	0	0	0	0	0	0	0	0	0	0	0	0	0	0	0	2	0	0	0	0	0	0	0	0	0	0	0	0	0	0	0	0	0	0	0	0	0	0	0	0	0	31	0	0	0	0	0	0	0	0	0	0	0	0	0	0	0	18	79	0	0	0	0	0	0	0	0	90	0	0	0	0	0	0	0	0	0	0	0	0	0	0	0	0	0	0	0	0	0	32	0	0	0	0	0	0	0	0	0	0	0	0	0	0	0	0	45	0	0	0	0	0	0	0	0	0	4	0	0	0	83	0	0	0	0	0	0	0	0	0	0	0	0	0	0	0	0	8	111	0	46	0	75	8	0	38	81	231	0	27	0	0	0	102	29	0	0	0	27	0	0	87	6	14	108	0	107	22	53	0	55	61	0	199	0	0	195	106	97	0	0	0	14	0	34	0	27	27	0	0	0	158	0	49	83	0	108	0	143	36	134	200	0	0	92	0	108	0	0	0	80	152	176	0	181	0	178	0	0	0	0	43	109	0	0	0	83	15	24	6	1	26	255	0	50	0	158	478	30	19	8	44	99	125	78	0	159	213	0	31	0	28	0	128	94	0	28	264	0	0	66	0	167	34	191	18	0	164	48	75	70	68	0	60	68	0	0	108	61	157	41	0	150	11	0	0	240	3	56	0	41	60	88	57	125	80	3	138	0	190	26	202	141	33	86	0	94	74	0	22	93	124	78	81	0	74	0	136	93	0	0	202	28	0	166	81	127	100	70	11	43	45	0	0	0	96	148	0	286	109	61	44	0	30	301	20	50	56	156	15	61	71	17	80	48	103	44	90	0	93	24	0	29	84	188	73	107	57	105	90	0	245	9	94	158	50	211	115	149	108	63	0	56	0	121	7	1	254	96	163	102	155	159	52	0	147	24	186	24	75	16	27	1	25	50	63	114	78	96	21	22	45	31	59	112	60	207	0	184	0	105	25	220	34	76	22	78	79	102	54	133	126	76	132	36	26	90	32	133	72	70	26	27	22	64	56	37	188	120	206	135	188	162	158	67	15	93	48	163	96	158	150	0	91	154	83	113	92	13	36	47	82	47	137	71	14	62	139	0	3	140	178	129	48	107	93	15	79	41	58	70	116	93	51	33	219	82	42	301	150	101	149	50	28	48	27	130	94	110	18	123	33	78	162	174	0	165	100	75	25	90	124	243	5	47	62	40	122	81	56	294	29	17	33	72	34	24	241	168	0	100	154	127	103	152	20	132	89	160	70	155	65	30	108	43	13	163	199	40	60	62	74	369	162	71	194	398	103	230	55	42	23	131	21	41	126	505	64	15	238	50	71	83	0	43	123	41	35	40	99	104	99	40	184	64	106	62	168	51	129	64	15	146	82	21	252	220	26	45	112	126	116	139	81	164	117	86	301	103	78	82	52	101	45	105	99	224	57	69	132	81	70	54	103	77	47	55	59	127	190	97	155	71	175	48	94	28	9	11	51	24	47	97	92	45	146	165	75	37	260	72	71	189	57	84	287	69	71	38	110	18	119	169	183	44	27	99	170	15	13	24	181	62	40	296	147	21	69	41	92	32	80	73	12	82	69	184	36	393	90	149	74	191	77	25	59	100	64	88	223	80	139	174	173	13	26	137	151	86	263	10	292	31	48	0	134	30	17	46	174	17	10	292	177	104	81	76	66	26	7	325	135	109	36	72	219	146	34	130	191	93	131	156	107	111	56	131	154	274	73	83	48	144	124	83	161	97	64	129	27	197	100	151	232	18	83	193	74	77	25	79	30	23	67	97	110	83	98	211	217	142	99	14	199	42	107	128	165	152	59	205	64	58	44	100	136	112	122	45	155	36	52	182	166	74	129	185	150	28	67	85	87	175	130	157	158	106	64	193	98	20	92	144	117	32	135
16	0	0	0	0	0	0	0	0	0	0	0	0	0	0	0	0	0	0	0	0	0	0	0	0	0	0	0	0	0	0	0	0	0	0	0	0	0	0	0	0	0	0	0	0	0	0	0	0	0	0	0	0	0	0	0	0	0	0	0	0	0	0	0	0	0	0	0	0	0	0	0	0	0	0	0	0	0	0	0	0	0	0	0	0	0	0	0	0	0	0	0	0	0	0	0	0	0	0	0	0	0	9	0	0	0	0	0	0	0	32	0	0	0	0	0	0	0	0	0	0	0	0	0	0	0	0	0	0	0	0	0	0	0	0	0	0	0	9	0	0	0	0	0	0	0	1	4	0	0	0	0	0	0	0	0	0	0	0	0	0	0	0	0	0	0	0	0	0	0	0	0	0	0	0	0	0	0	0	0	0	0	0	0	0	2	0	0	85	10	0	0	0	0	0	0	0	0	0	0	0	0	0	21	0	0	5	0	0	0	0	0	0	0	0	0	0	0	0	0	0	0	0	356	0	0	0	0	0	0	0	0	69	0	0	0	0	0	0	0	0	0	0	0	0	0	0	0	0	0	0	0	0	0	0	0	0	0	0	0	0	0	0	0	0	0	0	0	0	0	0	0	205	0	0	0	0	0	0	0	0	0	0	0	0	14	0	0	0	0	0	0	0	0	0	0	0	0	0	0	0	0	38	484	0	110	0	240	230	0	0	48	104	0	72	0	0	0	65	0	0	0	0	6	0	11	108	23	149	26	0	68	29	4	0	92	13	0	61	0	0	87	119	116	0	0	0	149	0	75	0	23	0	0	0	242	73	0	134	0	0	123	0	104	92	56	73	0	0	113	0	139	0	0	0	28	152	43	0	70	0	0	0	0	0	0	105	81	0	0	0	291	34	188	13	0	59	94	24	149	0	148	46	0	128	21	53	79	64	34	0	123	71	0	161	8	8	0	55	38	13	60	8	0	0	123	0	151	35	130	80	0	46	58	182	35	40	0	142	183	0	0	0	38	55	81	2	72	89	0	0	236	0	51	1	159	80	104	42	125	173	0	69	0	16	15	15	7	49	175	0	80	77	0	65	158	76	5	136	0	85	0	74	62	0	0	32	37	0	94	110	22	52	41	73	127	49	0	0	0	47	16	0	119	32	139	58	0	75	90	142	112	144	93	103	49	42	26	58	37	41	142	298	0	215	9	0	8	245	0	43	103	32	41	157	0	65	149	15	88	135	34	118	158	81	40	0	48	0	69	245	2	44	60	177	59	5	37	150	0	67	38	235	76	20	132	82	0	12	0	133	58	61	86	54	91	124	51	123	137	50	66	0	89	0	52	170	174	53	68	120	126	56	35	260	52	114	132	246	169	141	60	48	70	122	48	185	92	100	86	24	185	54	66	55	26	124	119	26	60	61	63	55	171	92	30	18	0	47	46	281	19	143	81	146	60	154	220	94	37	37	75	219	0	146	38	144	36	64	175	20	74	132	190	130	113	131	65	130	97	95	231	24	110	234	295	108	62	45	20	64	43	64	112	54	204	83	100	134	22	0	155	85	145	97	89	116	174	54	81	133	50	31	41	52	62	79	59	76	193	52	34	174	94	0	52	91	45	42	133	110	84	94	130	121	322	118	127	151	75	69	93	50	70	39	206	120	19	251	113	155	296	174	46	146	66	48	105	112	91	3	89	93	30	27	61	90	63	0	85	35	58	238	36	52	116	8	71	135	185	77	39	36	143	64	74	142	75	104	47	16	88	211	27	225	223	43	119	168	134	63	100	0	140	48	146	102	98	142	66	49	50	102	84	50	135	43	146	25	99	78	14	68	166	94	266	122	74	93	23	7	54	197	20	160	52	156	147	29	45	5	32	124	59	152	296	91	60	158	164	149	254	80	38	100	120	60	156	9	34	39	73	43	31	88	44	100	135	73	231	101	331	93	77	172	220	190	96	49	173	124	123	107	61	155	85	149	56	44	107	77	143	97	77	122	54	352	35	106	163	170	121	71	57	81	86	82	30	24	0	81	23	107	103	238	114	110	50	32	70	151	39	99	18	5	31	76	174	42	25	143	33	65	73	93	212	80	23	152	104	118	103	22	62	140	136	80	126	3	121	64	98	67	111	11	154	109	92	85	155	90	108	110	52	128	43	89	65	16	249	97	104	63	137	32	135	17	59	314	212	134	95	78	143	112	84	104	14	80	142	91	62	322	162	103	124	118	46	43	308	104	0	100	82	172	119	108	79	129	29	101	121	47	135	46	164	52	169	35	59	122
17	0	0	0	0	0	0	0	0	0	0	0	0	0	0	0	0	0	0	0	0	0	0	0	0	0	0	0	0	0	0	0	0	0	0	0	0	0	0	0	0	0	0	0	0	0	0	0	0	0	0	0	0	0	0	0	0	0	0	0	0	0	0	0	0	0	0	7	0	0	0	0	0	0	0	0	0	0	0	0	0	0	0	0	0	0	0	0	0	0	0	0	0	0	0	0	0	0	0	0	0	0	0	0	0	0	0	0	0	0	0	0	0	0	0	0	0	0	0	0	0	8	0	0	0	0	0	0	0	0	0	0	0	0	0	0	0	0	0	0	0	0	0	0	0	0	0	0	0	0	31	0	0	0	0	0	0	0	0	0	0	0	0	0	0	0	0	0	0	0	0	0	0	0	0	0	0	0	0	0	0	0	0	0	0	0	0	0	0	0	0	0	0	0	0	0	0	0	0	0	0	0	0	0	0	0	48	0	0	0	0	0	0	0	0	0	0	0	0	0	0	44	61	171	0	0	0	0	0	0	0	0	136	0	0	0	0	0	0	0	0	0	0	0	0	0	0	0	0	0	0	0	0	0	100	0	0	0	0	0	0	21	5	0	8	0	0	0	0	0	0	0	79	0	0	0	0	0	0	0	0	0	0	0	0	107	0	0	0	0	0	0	0	0	0	0	0	0	0	0	0	0	20	16	0	233	26	67	86	0	0	103	83	0	55	0	0	0	48	0	0	0	0	10	0	0	138	238	72	84	0	31	82	104	0	132	52	0	19	0	0	17	43	77	0	14	0	79	0	102	0	29	6	0	0	62	119	0	73	11	0	17	0	68	38	13	34	0	0	81	41	124	0	0	0	115	61	0	0	173	0	155	0	0	0	0	123	89	0	0	0	82	53	47	11	0	62	82	0	240	0	43	276	11	71	113	47	144	27	84	0	184	95	0	152	5	216	0	18	35	0	61	106	0	0	126	0	38	40	9	100	0	182	162	91	132	134	0	49	24	0	0	52	146	97	13	0	56	171	0	0	56	26	30	3	63	45	210	72	248	111	8	60	0	243	88	77	131	135	7	0	48	24	0	103	75	78	0	151	0	33	0	127	99	75	0	174	114	0	60	80	149	145	80	43	83	87	0	75	0	116	22	0	68	47	22	141	0	128	111	51	99	77	41	94	83	14	208	143	164	84	128	75	0	90	41	0	40	49	29	23	51	301	48	13	0	141	56	61	50	83	114	102	24	66	91	0	83	0	149	182	17	64	107	194	46	104	88	30	0	67	18	153	84	84	139	227	0	53	216	75	16	260	26	78	17	99	100	103	73	67	125	0	70	0	85	7	65	150	37	10	22	193	60	31	65	146	108	27	112	71	57	339	87	76	36	52	114	146	62	55	166	106	140	89	76	65	51	70	38	40	60	136	49	72	53	16	0	346	53	137	102	14	40	169	102	164	47	50	61	174	144	143	0	17	57	52	49	396	107	93	32	29	62	24	30	49	84	78	67	20	153	68	106	66	61	112	101	42	69	111	52	11	359	69	96	115	89	112	66	0	29	49	152	44	196	180	9	35	29	55	163	173	112	111	170	38	76	81	117	78	17	119	15	0	78	39	55	123	115	41	218	65	324	70	99	147	111	76	40	113	36	192	43	47	75	86	159	39	63	67	7	125	109	43	402	48	55	97	36	51	134	69	169	118	117	100	58	0	28	58	242	22	395	220	36	83	112	33	71	21	126	29	59	93	289	142	135	81	105	66	191	213	57	23	82	38	46	30	72	160	97	63	86	131	65	109	11	89	135	90	65	197	162	16	46	53	219	69	188	117	103	61	126	100	116	53	83	224	222	109	146	43	34	270	147	49	274	39	113	289	275	7	74	99	73	127	45	151	86	111	132	97	259	180	42	231	69	104	44	124	20	129	76	124	61	138	142	17	33	154	76	183	154	13	171	110	167	98	97	120	13	107	44	102	54	36	102	58	27	115	116	334	18	23	26	207	121	571	194	72	42	111	168	203	87	192	117	145	2	57	246	151	188	48	109	20	41	214	74	369	56	110	88	60	117	178	35	192	87	110	112	36	96	96	127	37	92	62	148	307	103	8	45	77	175	128	117	65	57	49	21	184	141	151	82	61	134	52	25	99	7	74	62	215	49	75	74	80	92	117	22	103	213	303	90	55	448	189	206	81	204	174	221	46	27	156	216	144	51	107	27	78	138	153	72	17	48	36	47	24	50	133	46	10	135	31	123	91	53	47	43	33	219	20	114	198	8	85	92	36
18	0	0	0	0	0	0	0	0	0	0	0	0	0	0	0	0	0	0	0	0	0	0	0	0	3	0	0	0	0	0	0	0	0	0	0	0	0	0	0	0	0	0	0	0	0	0	0	0	0	0	0	0	0	0	0	0	0	0	0	0	0	0	0	0	0	0	0	0	0	0	0	0	0	0	11	0	0	0	0	0	0	0	0	0	0	0	0	0	0	0	0	0	0	0	0	0	0	0	0	0	0	0	0	0	0	0	0	0	0	0	0	0	0	0	0	0	0	0	0	0	0	0	0	0	0	0	0	0	0	0	0	0	0	0	0	0	0	0	0	0	0	0	0	0	0	29	0	0	0	0	0	0	0	0	0	0	0	0	0	0	0	0	0	0	0	0	0	0	0	0	0	0	0	0	0	0	0	0	0	0	0	0	0	0	0	0	0	0	0	0	0	0	0	0	0	0	0	0	0	0	0	0	0	0	0	0	0	0	0	0	0	0	0	0	0	0	0	0	0	0	0	42	118	95	0	0	0	0	0	0	0	72	0	0	0	0	0	0	0	0	0	0	0	0	0	93	0	0	0	0	0	0	0	25	0	0	0	0	0	0	0	0	0	0	0	0	0	0	0	0	0	0	0	2	0	0	0	0	0	0	0	0	0	0	52	0	0	0	0	0	0	0	0	0	0	0	0	0	0	0	0	0	78	0	107	2	286	100	0	0	104	22	0	17	0	0	0	42	0	0	0	0	10	0	47	83	213	10	315	0	57	100	56	0	59	220	1	112	0	0	55	98	0	0	0	0	90	0	149	0	53	0	0	0	10	70	0	9	74	0	64	0	86	80	150	37	0	0	44	8	90	0	0	0	132	32	76	0	152	0	179	0	0	0	0	45	147	0	0	0	242	93	60	0	0	98	156	2	137	20	35	94	0	79	128	17	176	206	82	0	32	41	0	93	15	47	0	0	61	0	152	155	0	0	133	0	56	40	11	181	1	54	79	87	5	107	0	48	76	0	1	29	75	23	97	0	79	16	0	0	206	92	125	0	102	39	72	142	82	122	45	28	0	53	105	88	5	57	14	0	82	163	0	61	93	53	79	10	0	27	0	61	167	42	0	369	153	0	137	135	283	22	59	16	76	58	0	0	0	65	70	0	12	143	84	213	0	50	53	26	27	98	239	5	47	150	78	113	55	57	141	75	0	66	34	0	63	102	47	223	66	9	21	182	0	19	154	57	124	136	112	156	130	55	44	0	154	0	125	98	0	137	79	39	82	28	75	187	0	39	122	64	159	138	244	15	6	87	67	123	52	37	465	265	126	320	134	71	24	115	51	0	52	0	197	145	289	53	133	220	20	108	65	74	20	31	65	71	101	123	58	79	175	373	42	130	65	150	62	35	119	8	137	202	79	63	103	62	8	85	29	229	21	198	34	43	0	228	211	31	87	14	112	95	50	25	62	169	28	36	57	17	0	96	184	104	58	81	46	189	99	23	156	23	114	54	75	29	76	64	54	158	216	64	36	77	20	89	146	54	65	88	78	71	91	212	88	42	236	0	54	59	58	173	98	158	40	54	25	28	24	48	165	63	149	61	76	39	46	162	44	45	120	48	167	311	146	13	98	115	97	38	190	14	31	104	296	60	9	76	176	134	115	232	194	188	86	107	69	57	67	87	131	76	88	122	83	344	79	112	22	131	151	31	128	29	6	0	158	138	31	118	128	61	56	105	193	93	35	48	55	10	46	67	165	301	46	146	56	62	205	296	27	127	172	56	76	16	99	70	59	31	178	288	248	79	61	23	102	36	49	149	149	111	57	59	57	188	89	37	108	85	25	158	125	28	16	117	115	76	149	5	99	93	73	43	40	107	179	57	205	83	4	57	64	82	42	98	172	25	16	21	136	138	17	58	124	32	131	69	103	348	32	61	37	2	45	162	287	132	182	156	368	53	120	152	103	65	57	114	25	155	50	26	13	99	78	203	84	76	180	58	25	161	124	101	67	113	117	52	130	90	96	105	50	57	94	93	0	173	113	180	54	35	267	321	129	80	80	82	116	68	31	291	31	26	71	133	52	228	78	113	261	176	145	133	119	152	31	67	36	187	252	102	186	163	257	123	28	113	77	209	29	102	92	152	105	309	178	57	204	20	88	319	125	57	54	36	111	190	144	174	126	265	191	65	64	169	101	51	93	121	106	40	105	61	7	296	119	94	109	95	15	107	87	87	29	61	25	57	27	371	120	136	89	225	24	54	54	57	12	60	134	139	78	129	135	232	13	206
19	0	0	93	0	0	0	0	0	0	0	0	0	0	0	0	0	0	0	0	0	0	0	0	0	0	0	0	0	0	0	0	0	0	0	0	0	0	0	0	0	0	0	0	0	0	0	0	0	0	0	0	0	0	0	0	0	0	0	0	0	0	0	0	0	0	0	0	0	0	0	0	0	0	0	0	0	0	0	0	0	0	0	0	0	0	0	0	0	0	0	0	0	0	0	0	0	0	0	0	0	0	0	0	0	0	0	0	0	0	0	0	0	0	0	0	0	0	0	0	0	0	0	0	0	0	0	0	0	0	0	0	0	0	0	0	0	0	0	0	0	0	5	0	0	0	0	0	0	0	0	0	0	0	0	0	0	0	0	0	0	0	0	0	0	0	0	0	0	0	0	8	0	0	0	0	0	0	0	0	0	0	0	0	0	0	91	0	0	0	0	0	0	0	0	0	0	0	0	0	0	0	0	128	0	0	184	0	0	0	0	0	0	0	0	0	0	0	0	0	0	0	45	0	0	0	0	0	0	0	0	0	89	0	0	0	0	0	0	0	0	0	0	0	1	0	0	0	0	0	0	0	0	0	89	0	0	0	0	0	18	0	0	0	0	0	8	0	0	0	0	0	86	0	0	9	0	0	0	12	0	0	1	0	0	9	0	0	0	0	0	0	0	0	0	0	2	0	0	0	0	0	0	103	0	264	0	48	172	0	0	125	217	0	192	23	0	36	126	0	0	0	0	1	0	0	21	106	95	92	0	38	60	124	0	30	114	0	65	0	0	87	65	83	0	10	0	52	0	54	0	58	0	0	0	403	20	0	211	116	0	81	0	35	95	70	14	0	0	6	0	42	0	0	0	144	138	101	0	166	0	87	0	0	0	0	77	141	0	0	0	46	26	56	26	0	18	122	0	39	0	39	16	17	75	22	42	112	20	118	0	81	135	0	7	16	28	0	29	196	0	90	4	1	0	28	0	194	64	56	4	0	193	211	69	113	67	0	36	62	0	0	223	206	198	99	0	61	40	0	15	210	0	37	0	136	84	187	49	166	32	0	93	0	106	52	221	3	73	65	0	28	65	0	41	180	50	39	23	0	93	13	123	118	34	0	94	17	0	463	9	53	110	35	50	183	79	0	0	0	34	87	15	8	127	107	52	0	185	44	29	143	92	23	64	74	101	225	26	82	212	39	65	0	267	107	0	107	75	2	42	125	118	51	92	0	240	258	164	21	54	75	103	60	148	112	0	39	0	241	100	0	30	47	63	113	160	78	31	0	53	30	54	80	100	54	90	0	9	29	97	48	161	118	8	68	12	55	136	46	40	92	0	30	0	45	101	88	57	208	92	48	211	196	198	49	26	197	63	134	68	198	11	213	128	105	67	93	11	119	33	57	22	135	193	116	85	134	38	155	38	144	44	238	71	50	1	0	112	87	80	75	119	136	51	63	78	188	170	238	96	74	67	0	142	118	139	53	114	114	107	134	115	164	171	107	111	114	32	168	11	133	234	41	100	100	43	194	10	180	34	34	81	178	229	32	176	42	13	15	0	29	102	133	72	279	194	269	35	24	39	166	90	127	137	243	90	70	22	23	28	148	82	36	0	119	171	26	397	48	172	75	58	57	11	12	27	33	83	99	127	155	163	99	41	266	223	79	56	202	77	60	62	41	57	178	55	131	114	115	162	129	112	34	84	4	46	80	0	86	39	104	136	120	193	136	97	112	81	78	24	52	168	48	54	77	110	64	4	132	38	9	5	158	34	184	93	4	45	83	98	81	13	74	126	16	347	44	53	246	309	142	117	43	381	39	7	23	56	105	135	149	23	314	47	105	62	37	29	97	239	134	108	130	84	121	54	51	182	32	11	119	80	55	229	12	86	89	91	189	106	66	23	141	114	256	87	70	81	45	8	118	221	104	75	314	210	160	105	71	108	106	23	35	62	136	12	15	35	85	84	120	67	187	138	97	118	153	76	130	210	191	250	148	127	106	107	26	117	95	64	12	75	45	56	135	129	111	66	3	125	65	12	66	60	142	189	65	57	61	118	23	208	91	117	248	168	49	85	37	126	135	109	59	73	40	57	56	49	175	46	115	35	209	106	120	65	10	52	250	158	135	29	118	98	51	100	45	58	89	31	157	101	30	94	82	77	314	31	273	10	117	48	133	41	47	163	85	296	180	131	15	96	15	46	44	89	94	72	130	190	299	25	37	108	114	77	269	80	168	148	136	47	171	114	175	39	160	33	81	104	49	66	72	47	67	86	27	39	78	52
20	0	0	0	0	0	0	0	0	0	0	0	0	0	0	0	0	0	0	0	0	0	0	0	0	0	0	0	0	0	0	0	0	0	2	0	0	0	0	0	0	0	0	0	0	0	0	0	0	0	0	0	0	0	0	0	0	0	0	0	0	0	0	0	0	0	0	0	0	0	0	0	0	0	0	0	0	0	0	0	0	0	0	0	0	0	0	0	0	0	0	0	0	0	0	0	0	0	0	0	0	19	0	0	0	0	0	0	0	0	0	0	0	0	0	0	0	0	0	0	4	0	0	0	0	0	0	0	0	0	0	0	0	0	0	0	0	0	0	0	0	0	21	0	0	0	0	0	0	0	0	0	0	0	0	0	0	0	0	0	0	0	0	0	19	0	0	0	0	0	0	0	0	0	0	0	0	0	0	0	0	0	0	0	0	0	0	0	45	0	0	0	0	0	0	0	0	0	0	0	0	0	0	93	0	0	321	0	0	0	0	0	0	0	0	0	11	0	0	0	0	0	41	11	17	0	0	0	0	0	0	0	96	0	0	0	0	0	32	0	0	0	0	0	0	0	0	0	0	0	0	0	0	0	80	0	0	0	0	0	0	0	0	0	0	0	0	0	0	0	0	0	45	0	0	0	0	0	0	0	2	0	0	0	0	0	0	0	0	0	0	0	0	0	0	0	0	0	0	0	11	0	105	49	0	118	0	133	7	0	0	8	258	0	282	0	0	0	56	0	0	0	0	21	0	0	174	103	43	61	0	62	104	121	0	134	45	0	79	0	0	56	296	9	0	0	0	73	0	233	0	10	29	0	0	19	11	0	82	186	0	21	16	127	18	92	196	0	0	78	0	137	0	0	0	62	11	195	50	119	0	20	0	0	0	0	13	20	0	0	0	108	54	59	0	0	81	69	0	85	0	29	135	0	169	100	16	127	132	244	0	46	81	0	101	117	253	0	111	127	0	54	161	0	0	86	72	121	60	58	217	0	95	161	201	120	120	0	183	44	0	0	131	95	62	125	2	92	96	0	0	144	0	207	0	70	114	36	19	80	127	20	29	0	59	275	105	49	110	143	0	82	150	0	20	200	77	0	127	0	135	0	32	36	10	0	59	188	0	42	181	104	86	80	88	13	0	1	0	0	32	152	0	69	67	128	24	1	33	178	94	256	22	58	75	168	11	288	74	236	74	5	22	24	186	51	0	148	52	1	119	122	45	9	86	0	97	293	43	181	122	37	122	12	94	46	0	31	0	51	11	0	193	108	60	41	45	30	298	0	133	46	108	67	99	28	52	0	86	35	158	24	103	61	96	37	43	186	4	8	116	84	0	80	0	150	110	80	203	82	16	38	126	24	117	29	29	52	82	100	229	295	115	11	170	66	113	34	39	155	26	195	72	83	58	103	155	95	115	63	94	190	21	103	29	113	23	0	247	96	13	0	69	64	172	49	68	81	409	32	43	277	32	0	32	81	53	94	125	67	285	137	53	159	289	90	83	32	62	52	103	149	71	59	172	17	126	176	131	191	100	126	47	9	76	127	77	9	85	163	0	41	88	66	170	391	113	9	63	43	69	171	239	58	55	9	39	75	45	148	57	0	26	58	0	97	101	29	99	317	15	107	115	55	122	192	124	132	27	88	65	74	147	58	24	88	91	161	223	122	16	96	124	68	119	58	12	57	38	26	187	96	87	34	232	176	126	38	0	52	70	184	95	23	47	48	39	58	19	54	57	49	64	47	138	69	139	34	169	94	347	155	90	47	33	100	20	134	22	78	84	181	52	72	60	156	43	27	172	70	46	59	112	10	120	134	69	154	188	278	43	70	222	111	42	250	142	151	53	105	96	299	39	25	104	130	85	203	159	101	156	99	94	39	92	112	52	112	71	59	104	83	91	11	49	215	173	103	178	187	46	202	121	70	337	21	48	148	117	41	253	176	65	70	19	60	93	158	227	49	169	53	153	63	30	308	79	165	263	5	52	19	35	133	15	38	154	74	1	108	15	211	21	26	73	43	29	179	76	0	166	273	46	151	130	127	41	148	175	49	32	100	90	263	35	355	83	56	44	102	65	38	94	14	38	225	111	28	60	201	51	26	17	92	100	65	140	28	286	19	105	87	154	224	19	168	55	162	172	208	106	201	45	185	97	130	126	169	58	77	220	62	73	54	125	64	220	43	109	4	92	58	22	84	249	41	65	50	73	34	189	121	297	56	51	36	150	55	118	95	116	165	134	162	93	46	52	165	139	16	76	66	48	137	249	138	130	41	91	126	177
21	0	0	0	0	0	0	0	0	0	0	0	0	0	0	0	0	0	0	0	0	0	0	0	0	0	0	0	0	0	0	0	0	0	0	0	0	0	0	0	0	0	0	0	0	0	0	0	0	0	0	0	0	0	0	0	0	0	0	0	0	0	0	0	0	0	0	0	0	0	0	0	0	0	0	0	0	0	0	0	0	0	0	0	0	0	0	0	0	0	0	0	0	0	0	0	0	0	0	0	0	0	0	0	0	0	0	0	0	0	1	0	0	0	0	0	0	0	0	0	0	0	0	0	0	0	0	0	0	0	0	0	0	0	0	0	0	0	44	0	0	0	0	0	0	0	0	0	0	0	0	0	0	0	0	0	0	0	0	0	0	0	0	0	0	0	0	0	0	0	0	0	0	0	0	0	0	0	0	0	0	0	0	0	0	0	14	0	150	0	0	0	0	0	0	0	0	0	0	0	0	0	0	39	0	0	264	0	0	0	0	0	0	0	0	0	0	0	0	0	0	4	81	206	0	0	0	0	0	0	0	0	38	0	0	27	0	0	0	0	0	0	0	0	0	0	0	0	0	44	0	0	0	0	0	0	0	0	0	0	0	0	0	0	0	0	0	0	0	0	0	0	18	0	0	0	0	0	0	3	0	0	0	0	0	0	0	0	0	0	0	0	0	0	0	0	0	0	0	0	0	0	0	160	0	1	0	18	73	0	0	40	129	0	175	0	0	8	190	1	0	0	0	21	0	16	209	154	82	78	0	28	75	105	0	34	172	0	152	0	0	49	171	103	0	0	17	107	0	105	0	95	0	0	0	50	41	0	64	28	0	165	76	156	28	119	138	0	0	164	0	171	0	0	0	339	117	5	0	47	0	115	0	0	0	0	65	59	0	0	0	13	89	0	26	0	181	17	0	197	0	17	69	0	181	47	165	215	185	95	0	165	14	0	15	24	40	0	0	163	0	20	108	0	0	214	0	15	151	14	74	0	43	148	35	86	39	7	273	198	0	0	66	64	103	27	0	93	0	0	0	132	0	32	0	148	56	186	20	19	153	1	60	0	88	74	48	201	23	38	0	270	90	0	158	56	36	0	175	0	14	0	24	198	26	0	83	105	0	66	15	79	63	16	53	146	15	0	0	0	124	11	0	72	323	186	31	0	157	162	7	93	39	85	96	50	29	20	101	53	25	113	62	0	145	44	0	63	155	36	71	58	10	95	33	0	107	75	35	4	58	221	60	7	199	243	0	42	0	30	127	0	81	51	7	39	28	84	19	0	12	57	62	185	55	105	55	9	20	92	102	90	124	55	44	242	115	97	142	48	75	215	16	220	0	36	48	54	22	41	70	40	137	48	117	73	205	137	62	43	279	208	150	24	102	23	342	112	32	205	68	115	10	127	38	461	22	99	200	55	20	358	125	56	101	50	61	0	136	26	207	22	223	49	139	18	195	22	187	46	33	2	43	0	6	128	41	228	13	64	171	114	105	170	125	312	141	21	153	73	299	435	102	44	18	62	138	285	67	218	108	296	8	97	52	39	65	63	123	194	0	223	8	164	40	499	209	187	74	19	66	90	71	39	69	25	153	52	163	53	405	26	121	96	0	86	89	77	161	53	85	208	84	60	330	118	31	101	210	28	129	22	94	37	21	78	67	21	42	195	119	222	117	143	192	187	16	87	72	174	72	244	77	94	134	156	98	128	57	49	202	68	50	66	93	75	48	143	169	220	94	94	70	124	102	137	120	61	152	126	82	30	82	78	75	36	26	122	120	140	3	132	325	93	1	80	142	69	155	297	86	37	64	178	8	73	40	59	66	311	149	33	42	66	43	240	30	108	124	94	20	162	102	131	45	340	393	46	99	55	162	162	120	126	195	157	179	49	132	21	50	31	48	14	90	87	86	141	36	155	100	54	144	116	73	32	123	21	39	67	107	87	131	31	53	44	54	105	96	93	32	59	125	30	95	114	139	161	92	80	24	90	73	57	147	35	141	27	160	112	158	130	130	76	117	127	75	136	220	0	101	1	286	26	66	166	35	76	281	52	102	238	10	279	19	103	114	29	14	122	135	81	57	138	136	145	35	49	96	231	104	118	76	125	39	56	269	13	130	130	51	77	13	55	73	48	3	30	36	209	26	116	120	288	99	169	61	11	22	157	39	34	13	96	63	57	179	112	34	73	67	88	43	90	113	34	85	61	38	109	168	69	53	267	86	119	187	48	50	115	61	83	129	69	65	102	15	80	115	38	16	56	98	77	9	171	48	190	64	40	107
22	0	0	0	0	0	0	0	0	0	0	0	0	0	0	0	0	0	0	0	0	0	0	0	0	0	0	0	0	0	0	0	0	0	0	0	0	0	0	31	0	0	0	0	0	0	0	0	0	0	0	0	0	0	0	0	0	0	0	0	0	0	0	0	0	0	0	0	0	0	0	0	0	0	0	0	0	0	0	0	0	0	0	0	0	0	0	0	0	0	0	0	0	0	0	0	0	0	0	0	0	0	0	0	0	0	0	0	0	0	0	0	0	0	0	0	0	0	0	0	0	0	0	0	0	0	1	0	0	0	0	0	0	0	0	0	0	0	49	0	0	0	0	0	0	0	0	0	0	0	0	0	0	0	0	0	0	0	0	0	0	0	0	0	0	0	0	0	0	0	0	0	0	0	0	0	0	0	0	0	0	2	0	0	0	0	0	0	0	0	0	0	0	0	14	0	0	0	0	0	0	0	0	1	0	0	0	0	0	0	0	0	0	0	1	0	0	0	0	0	0	0	20	0	60	0	0	0	0	0	0	0	12	0	22	0	0	0	0	0	0	0	0	0	0	0	0	0	0	0	0	0	0	0	2	0	0	0	0	0	0	0	0	0	0	0	0	0	0	0	0	0	20	0	0	0	0	0	0	0	0	0	0	0	0	48	0	0	0	0	0	0	0	0	0	0	0	0	0	0	0	0	0	147	0	173	0	53	24	0	12	59	3	0	104	0	0	0	3	0	0	0	38	37	0	0	6	0	47	53	0	183	84	100	0	22	222	0	76	0	0	58	161	0	0	0	0	92	0	222	0	184	0	0	0	193	15	0	111	18	0	241	0	503	81	26	29	0	0	115	3	7	0	0	0	51	154	25	0	47	0	96	0	0	0	0	133	3	0	0	0	109	41	50	28	0	211	152	0	195	0	361	94	0	65	33	131	1	191	89	0	88	64	0	101	0	154	0	0	65	0	269	23	0	0	72	0	44	130	11	162	0	52	7	229	147	22	0	114	113	0	0	73	49	46	155	4	81	64	0	1	186	9	180	0	113	90	100	13	183	136	43	141	0	76	143	164	0	74	19	0	62	118	0	12	27	119	0	42	1	39	0	140	66	45	0	91	181	0	73	48	101	157	136	143	4	45	1	0	0	86	75	0	176	47	66	161	0	93	27	80	54	166	116	42	130	136	63	120	105	72	119	19	0	137	42	0	140	46	18	16	52	7	124	219	0	141	428	37	11	72	69	153	42	42	180	0	108	0	76	10	0	68	151	23	34	35	169	37	0	70	29	11	91	133	49	121	0	17	34	81	431	30	55	205	82	12	116	291	107	65	72	0	133	0	74	170	277	68	153	102	228	347	216	70	23	44	48	28	82	92	9	74	126	116	30	43	12	100	38	102	238	31	90	131	232	29	34	1	90	98	71	53	31	132	194	30	0	162	41	73	113	62	58	119	23	25	89	17	15	422	294	18	0	48	83	40	245	99	73	274	211	2	188	147	116	148	96	59	227	65	75	48	148	21	23	24	31	154	113	108	95	14	35	70	122	50	40	86	76	0	50	77	78	111	57	182	170	35	82	45	82	223	178	65	166	33	158	124	130	205	0	84	18	0	46	170	102	131	91	53	121	23	39	99	115	150	207	39	36	75	88	552	79	52	44	27	49	33	202	26	37	49	138	195	216	29	76	98	74	66	50	81	23	78	59	100	131	0	78	135	29	63	17	35	117	218	115	151	185	287	84	49	101	200	89	146	46	40	187	53	116	201	65	127	18	31	17	86	115	18	146	19	162	62	93	87	67	193	140	34	158	51	78	63	34	87	186	105	298	103	21	152	435	122	29	200	95	35	95	39	18	23	59	155	38	111	51	106	41	40	65	56	48	199	118	97	46	54	100	327	163	39	22	45	130	265	46	132	98	45	97	71	19	83	116	227	141	24	69	72	69	146	55	40	57	51	198	14	90	82	83	75	75	25	266	78	52	62	29	53	250	160	50	46	209	92	70	88	109	59	100	165	218	85	192	17	45	88	0	172	86	89	88	108	27	205	169	107	35	133	148	42	43	73	16	94	35	64	70	88	39	53	117	162	112	102	139	33	12	126	85	21	41	175	127	47	158	76	91	77	132	89	172	97	120	27	34	27	99	21	121	173	40	33	157	188	18	259	65	77	43	262	73	90	77	7	108	354	49	178	37	47	42	147	92	170	71	152	165	7	55	102	44	95	128	17	92	155	219	33	94	144	51	2	28	68	115	10	101	96	65	85	35	47	38	69	51	102	98	27
23	0	0	0	0	0	0	0	0	0	0	0	0	0	0	0	0	0	0	0	0	0	0	0	0	0	0	0	0	0	0	0	0	0	0	0	0	0	0	0	0	0	0	0	0	0	0	0	0	0	0	0	0	0	0	0	0	0	0	0	0	0	0	0	0	0	0	0	0	0	0	0	0	0	7	0	0	0	0	0	0	0	0	0	0	0	0	0	0	0	0	0	0	0	0	0	0	0	0	0	0	0	0	0	0	0	0	0	0	0	0	0	0	0	0	0	0	0	0	0	0	0	0	0	0	0	0	0	0	0	0	0	0	0	0	0	0	0	0	0	0	0	0	0	0	0	0	0	0	0	0	0	0	0	0	0	0	0	0	0	0	0	0	0	0	0	0	0	0	0	0	0	0	0	0	0	0	0	1	0	0	0	0	0	22	0	0	0	0	0	0	0	0	0	0	0	0	0	0	0	0	0	0	235	0	0	37	0	0	35	0	0	0	0	0	0	0	0	0	0	0	0	38	12	0	0	0	0	0	0	0	0	39	0	0	0	0	0	0	0	0	0	0	0	0	0	0	0	0	0	0	0	0	0	33	0	0	0	0	0	0	0	0	0	0	0	0	0	0	0	0	0	34	0	0	0	0	0	0	0	0	0	0	0	3	0	0	0	0	0	0	0	0	0	0	0	0	0	0	0	0	0	0	36	0	10	0	82	98	0	0	80	145	0	45	0	0	0	146	0	0	0	0	20	0	0	11	49	38	188	0	50	270	147	0	43	148	1	109	0	0	179	241	35	0	0	0	100	0	248	0	69	6	0	0	22	134	0	69	96	0	110	3	65	162	66	191	0	0	2	0	100	94	0	0	118	54	0	0	88	0	100	0	0	0	0	95	43	0	0	0	43	42	7	23	0	49	20	0	159	0	88	43	0	91	115	146	30	152	61	0	140	57	0	89	0	91	0	0	93	0	71	191	0	0	181	0	101	97	0	192	0	161	75	59	30	3	0	21	42	0	0	9	140	64	242	0	41	9	0	0	76	16	62	0	78	51	83	156	127	36	21	12	7	68	132	44	105	93	100	0	268	40	0	89	228	21	0	26	0	237	0	114	171	35	0	179	61	0	67	71	12	8	86	73	56	150	0	0	0	195	32	0	57	82	26	168	0	101	43	29	171	27	57	11	39	152	79	243	117	99	62	93	0	86	36	0	71	320	0	71	142	83	35	114	0	65	109	191	47	73	0	54	77	33	56	0	106	0	75	1	0	39	158	146	147	101	112	36	0	190	51	47	50	6	114	164	0	0	73	64	22	132	4	151	48	73	34	25	55	183	51	0	65	0	129	76	83	48	136	141	175	72	88	49	15	34	157	87	335	120	10	14	18	97	125	64	180	186	144	215	90	43	198	110	66	131	83	66	62	76	65	153	148	60	101	132	0	45	97	161	35	94	153	83	136	61	138	10	188	209	23	14	0	41	132	156	90	140	43	157	113	94	61	167	66	118	150	92	145	95	157	168	39	20	148	203	60	126	91	97	202	20	28	55	70	50	64	152	72	0	51	61	89	249	63	60	141	187	179	65	118	75	19	74	71	61	12	107	69	332	0	133	54	0	206	119	117	111	112	25	101	77	105	124	46	208	75	28	61	102	62	209	191	179	141	50	83	24	34	296	85	66	28	132	92	214	305	58	106	36	82	43	91	79	180	214	121	0	20	29	85	26	22	40	95	99	116	36	212	92	210	79	144	100	22	61	44	258	259	42	54	24	66	144	118	185	92	43	34	94	35	68	104	398	44	84	228	56	105	99	228	48	147	56	58	125	332	47	190	33	209	123	39	11	100	68	17	97	63	80	182	43	37	74	100	5	166	148	315	91	115	80	92	101	130	79	36	83	60	119	169	208	99	119	55	31	203	25	73	38	2	37	15	64	92	92	16	145	113	128	65	14	183	158	48	107	151	133	129	17	76	52	56	127	125	104	54	42	83	14	91	194	129	53	64	106	64	72	136	105	52	139	81	138	47	61	61	165	0	77	52	74	123	116	109	9	150	80	26	40	242	105	30	142	162	160	55	77	187	204	53	80	53	121	162	254	143	256	87	241	122	20	107	62	8	103	14	97	115	114	85	119	166	75	266	116	53	135	216	72	92	55	217	47	305	79	120	62	375	75	32	102	75	76	89	147	67	74	64	103	48	25	157	232	59	311	248	60	72	82	86	177	2	54	57	35	59	269	49	253	42	70	66	40	28	31	52	84	77	74	24	56	64	68	57	26	103	71	284	23
24	0	0	0	0	0	0	0	0	0	0	0	0	0	0	0	0	0	0	0	0	0	0	0	0	0	0	0	0	0	0	0	0	0	0	0	0	0	0	0	0	0	0	35	0	0	0	0	0	0	0	0	0	0	0	0	0	0	0	0	0	0	0	0	0	0	0	0	0	0	0	0	0	0	0	0	0	0	0	0	0	0	0	0	0	0	0	0	0	0	0	0	0	0	0	0	0	0	0	0	0	0	0	0	0	0	0	0	0	0	0	0	0	0	0	0	0	0	0	0	0	0	0	0	0	0	0	0	0	0	0	0	0	0	0	0	0	0	0	5	0	0	0	0	0	0	0	0	0	0	0	0	0	0	0	0	0	0	0	0	0	0	0	0	0	0	0	0	0	0	0	0	17	0	0	0	0	0	0	0	0	0	0	0	0	0	0	0	26	0	0	0	0	0	0	0	0	0	0	0	0	0	0	0	0	0	3	0	0	0	0	0	0	0	0	0	0	0	0	0	0	0	83	0	0	0	0	0	0	0	0	0	171	0	0	0	0	0	0	0	0	0	0	0	0	0	0	0	0	0	0	0	0	0	0	0	0	0	0	0	0	0	0	0	0	0	0	0	0	0	0	0	184	0	0	0	0	0	0	0	0	1	0	0	0	63	0	0	0	0	0	0	0	0	0	0	0	0	0	0	0	0	0	184	0	4	18	67	298	0	0	43	23	0	24	0	0	0	81	0	0	0	0	162	0	0	71	82	53	58	0	78	56	362	0	9	162	0	19	0	0	4	127	75	0	0	0	67	0	213	0	13	71	0	2	12	45	0	41	30	0	134	0	49	129	116	29	0	0	314	0	56	0	0	0	123	58	110	0	251	0	38	0	0	0	0	102	74	9	0	0	181	114	58	0	0	96	195	0	116	0	28	122	0	98	71	56	68	37	75	0	151	16	0	57	0	9	0	66	91	0	55	56	0	0	110	0	281	32	217	177	0	28	30	16	23	46	0	178	106	0	0	208	82	111	190	0	171	71	0	0	61	0	38	0	46	215	76	41	20	60	11	129	0	164	4	155	6	20	16	0	95	101	0	23	170	124	27	47	0	28	0	88	64	72	0	152	118	0	63	45	15	84	168	78	177	17	0	0	0	21	103	0	90	218	147	272	0	20	234	282	116	260	104	26	94	20	14	198	115	21	52	64	0	75	138	0	99	78	0	134	8	73	114	195	1	17	124	110	45	160	62	215	72	32	140	0	216	0	60	0	0	140	229	110	88	121	18	287	0	291	148	233	102	121	101	19	0	0	127	116	225	52	77	8	26	53	89	131	40	148	213	0	36	0	82	211	52	212	46	46	122	169	102	52	236	25	33	101	47	176	31	114	28	19	104	89	204	88	18	61	93	336	114	142	64	82	170	38	45	265	130	57	118	60	198	269	0	60	188	168	182	47	41	86	38	15	64	12	343	23	69	337	0	47	79	46	49	291	90	54	122	93	136	169	26	54	33	121	170	71	184	249	76	182	2	87	182	103	222	32	186	96	152	64	178	62	69	78	230	0	58	76	121	39	60	130	43	187	193	52	78	112	24	89	373	30	42	12	33	88	35	139	128	0	98	200	62	57	111	103	22	78	138	110	18	65	76	59	90	14	54	14	26	93	32	128	80	86	32	98	142	87	28	218	33	125	129	60	194	223	103	8	295	60	64	20	69	0	54	290	24	53	8	37	20	40	99	265	17	242	206	80	124	72	116	197	91	159	31	48	43	30	97	20	310	35	139	54	317	169	20	228	11	66	17	146	128	93	15	145	19	94	231	155	44	179	102	196	34	116	77	149	80	184	46	306	64	110	41	28	55	177	143	20	96	111	91	107	59	6	62	45	197	161	235	140	41	85	269	91	134	99	148	122	23	39	208	123	83	25	67	156	8	139	91	72	239	125	46	116	22	135	83	62	11	9	82	84	162	57	27	76	246	145	104	30	49	20	254	177	52	130	18	69	118	72	173	216	114	50	62	125	102	98	113	74	168	93	0	18	46	107	55	291	46	49	51	11	80	103	53	210	154	12	126	127	42	251	224	139	344	162	74	133	106	261	202	44	68	24	149	15	314	134	76	121	39	211	44	90	99	92	32	22	31	217	115	58	112	106	70	23	50	24	103	162	158	39	246	78	104	52	89	192	65	113	92	290	204	86	68	121	41	40	94	93	90	257	111	34	46	21	86	96	171	116	55	247	176	68	40	5	110	77	177	45	169	70	33	90	37	53	14	203	117	18	153	153	45	29
25	0	0	0	0	0	0	0	0	0	0	0	0	0	0	0	49	0	0	0	0	0	0	0	0	0	0	0	0	0	0	0	0	0	0	0	0	0	0	0	0	0	0	0	0	0	0	0	0	0	0	0	0	0	0	0	0	0	0	0	0	0	0	0	0	0	0	0	0	0	0	0	0	0	0	0	0	0	0	0	0	0	0	0	0	0	0	0	0	0	0	0	0	0	0	0	0	0	0	0	0	0	0	0	0	0	0	0	0	0	3	0	0	0	0	0	0	0	0	0	0	0	0	0	0	0	0	0	0	0	0	0	0	0	0	0	0	0	0	0	0	0	0	0	0	0	30	0	0	0	0	0	0	24	0	0	0	0	0	0	0	0	0	0	0	0	0	0	0	0	0	0	0	0	8	0	0	0	0	0	0	0	0	0	0	0	0	0	0	0	0	0	0	0	0	0	0	0	0	0	0	0	0	20	0	0	11	0	0	0	11	0	0	0	0	0	0	0	0	0	0	0	0	1	0	0	0	0	0	0	0	0	76	0	0	0	0	0	0	0	0	0	0	0	0	0	0	0	0	0	1	0	6	0	0	0	0	0	0	0	0	0	0	0	0	0	0	0	0	0	0	0	38	11	0	0	0	0	0	0	0	0	0	0	0	0	0	0	0	0	0	0	0	0	0	0	0	1	0	0	0	0	24	80	0	141	0	92	80	0	0	34	66	0	38	0	0	0	53	0	0	0	0	38	0	34	39	121	88	105	0	116	159	129	0	27	31	12	20	0	0	76	34	72	0	0	0	168	0	89	0	20	16	0	0	56	58	0	44	178	0	69	0	2	63	15	99	0	0	13	0	91	0	0	0	137	37	0	0	63	0	0	0	0	0	0	11	202	0	0	0	25	80	57	29	0	60	22	0	115	0	40	9	0	92	60	111	159	103	36	0	4	62	0	132	0	47	0	0	43	0	64	173	0	0	250	0	56	236	80	90	0	12	16	77	126	33	0	63	75	0	0	30	119	132	128	0	242	17	0	0	134	0	30	0	94	40	117	245	136	63	0	108	0	117	48	127	62	287	121	0	66	103	0	278	88	184	0	81	0	134	0	219	31	0	0	79	108	0	47	125	244	66	26	115	212	86	0	0	0	157	90	0	225	164	139	187	0	83	109	137	46	15	73	53	115	173	20	39	188	145	53	168	0	94	73	0	181	76	10	59	148	47	144	145	0	130	159	160	97	55	11	96	258	62	129	0	187	0	117	83	33	63	114	80	117	81	29	126	0	86	131	103	46	281	155	103	0	35	73	44	87	73	52	75	39	67	93	101	48	106	18	0	59	0	407	10	66	50	9	173	101	73	106	30	80	225	54	74	64	35	120	50	166	12	268	41	57	90	45	54	256	39	72	33	69	23	279	181	222	92	97	48	10	117	227	115	0	176	37	24	89	112	8	99	98	206	108	191	115	290	179	211	0	59	121	29	87	72	161	147	92	11	29	9	11	57	70	127	81	48	85	119	30	153	83	172	230	85	203	145	55	105	187	50	44	36	100	98	110	0	31	77	109	146	120	191	242	107	68	118	73	87	123	193	159	109	64	136	44	98	30	128	21	0	108	87	101	114	84	140	107	174	119	23	44	148	197	54	25	18	74	54	59	176	68	126	137	38	36	106	32	113	67	54	32	146	107	150	85	92	37	302	119	65	94	26	205	0	224	48	53	57	32	180	97	72	18	103	44	63	155	124	66	24	18	91	93	177	85	177	40	57	309	86	25	140	57	255	251	98	51	104	40	79	15	33	40	149	52	111	77	235	141	106	93	33	234	98	81	71	166	162	83	38	120	178	21	35	132	63	199	76	40	62	149	106	55	93	102	84	53	84	90	71	137	106	42	20	134	38	67	172	65	24	102	45	123	48	67	76	88	34	118	69	229	93	131	372	322	146	321	169	57	61	135	215	107	75	115	162	70	45	176	135	66	51	31	187	289	118	99	183	46	24	60	208	112	108	173	33	60	123	103	42	114	81	218	60	0	15	98	63	233	139	22	223	112	88	33	71	72	222	59	65	14	127	13	203	27	112	176	58	33	71	182	172	76	79	15	60	44	69	9	49	71	30	29	43	100	111	224	170	74	20	77	170	64	108	153	29	78	32	48	175	141	164	224	11	21	31	86	84	136	41	142	194	110	357	215	80	47	30	20	4	26	148	71	63	80	38	80	37	17	47	271	99	106	149	21	14	152	102	42	49	90	146	142	33	117	159	22	99	75	14	52	248	20	60	51	175
26	0	0	0	0	0	0	0	0	0	0	0	0	0	0	0	0	0	0	0	0	0	0	0	0	0	0	0	0	0	0	0	0	0	0	0	0	0	0	0	0	0	0	0	0	0	0	0	0	0	0	0	0	0	0	0	0	0	0	0	0	0	0	0	0	0	0	0	0	0	0	0	0	0	0	0	0	0	0	0	0	0	0	0	0	0	0	0	0	0	0	0	0	0	0	0	0	0	0	0	0	65	33	105	14	45	269	35	338	44	141	100	174	24	58	104	103	23	250	192	74	21	98	79	143	28	66	227	22	73	248	186	160	103	23	25	10	9	77	120	0	24	146	200	62	74	78	99	93	88	96	100	31	4	83	101	16	74	70	93	43	101	84	48	11	65	50	99	211	25	109	96	75	214	85	81	163	73	21	107	49	36	46	120	130	21	0	78	223	28	140	263	26	85	106	75	59	27	138	0	88	118	38	142	71	73	141	76	64	108	35	116	84	60	92	61	154	15	36	121	139	150	29	97	17	129	125	38	81	167	69	165	384	86	48	26	21	74	72	55	119	65	52	71	121	76	87	78	102	67	92	76	263	231	56	176	219	234	108	127	104	87	187	320	124	40	7	45	136	5	125	113	14	46	70	159	68	25	182	196	97	34	136	27	97	252	16	14	123	131	20	82	109	202	66	41	25	133	51	190	203	21	68	71	71	74	252	115	81	143	46	132	83	66	127	40	74	143	82	102	58	27	100	88	170	114	61	65	32	18	25	56	92	135	21	110	34	22	93	47	49	111	9	69	83	25	64	128	34	105	105	124	111	48	23	41	60	119	119	151	140	80	158	21	121	13	55	81	102	110	59	87	178	11	144	99	36	145	50	188	194	70	147	85	92	76	158	56	90	138	29	219	23	72	39	74	60	100	14	146	33	55	64	48	35	203	54	21	118	70	137	140	101	30	64	29	5	148	182	88	176	47	221	172	44	144	138	181	71	112	161	61	131	69	19	124	264	252	63	120	37	161	54	92	32	94	172	72	22	145	98	163	148	36	98	24	124	64	33	114	48	198	75	33	32	98	17	28	98	108	89	90	57	255	28	93	48	68	82	139	37	14	69	75	40	190	22	89	58	140	290	50	23	69	197	94	39	35	29	97	30	78	47	47	36	45	27	148	235	225	187	122	474	30	142	26	10	14	112	15	39	163	197	2	29	43	84	193	350	185	255	16	60	134	133	118	139	14	113	7	193	221	128	72	102	194	25	114	57	55	144	16	46	84	388	44	43	15	27	31	85	77	25	200	100	120	88	148	94	78	49	53	110	40	117	97	195	277	85	39	102	96	101	122	95	15	12	123	14	146	80	75	39	204	125	96	137	139	153	205	58	230	44	205	91	66	82	86	7	74	151	56	135	187	245	104	134	127	59	61	106	115	91	87	47	43	61	81	144	23	37	51	113	122	79	147	163	162	16	127	27	85	67	103	62	129	48	45	139	104	50	129	143	85	134	135	132	101	54	164	219	153	171	28	109	148	72	58	66	105	13	238	174	196	89	71	242	20	84	133	33	25	4	71	71	18	41	53	202	86	72	169	194	41	177	124	236	56	155	105	198	136	159	112	121	53	190	101	179	209	113	64	47	183	60	35	162	111	35	222	155	51	56	34	92	74	28	51	489	128	243	92	79	30	54	336	21	102	122	92	97	40	5	49	50	77	162	84	39	5	157	141	46	68	264	71	83	91	72	81	157	112	15	70	75	164	93	119	91	16	63	120	19	156	166	106	14	14	11	195	14	37	70	51	48	213	42	53	145	300	116	91	45	104	131	36	133	86	42	114	61	203	52	41	42	68	84	188	39	72	184	74	69	53	224	20	80	361	168	2	202	44	117	76	34	49	97	110	20	67	37	94	104	151	94	185	17	75	14	49	34	93	173	154	73	134	80	153	69	24	163	66	161	24	102	48	7	57	216	113	89	136	35	61	37	33	39	62	287	85	88	67	39	270	7	357	97	66	46	72	100	268	59	61	51	134	134	175	37	47	122	103	40	75	95	126	69	273	262	103	115	142	118	115	182	94	41	73	34	118	101	283	113	111	61	35	135	94	79	13	182	37	60	86	14	104	102	284	30	109	155	59	22	105	238	211	119	41	134	96	105	116	82	92	47	52	96	64	25	76	168	39	91	140	24	209	8	52	255	79	21	8	13	287	50	62	62	25	20	238	132	116	11	58	55	112	141	237	49	58	93	75	85	28	62	93	81	198	132	150	121	83	152	139	141	14	137	35	107	91	31
27	0	0	0	17	0	0	0	0	0	0	0	0	0	0	0	0	0	0	0	0	0	2	0	0	0	0	0	0	0	0	0	0	0	0	0	23	0	0	0	0	0	51	0	0	0	0	0	0	0	0	0	0	0	0	0	0	0	0	0	0	0	0	0	0	0	0	0	0	0	0	0	0	0	0	0	0	0	0	0	0	0	0	0	0	0	0	0	0	0	0	0	0	0	0	0	0	0	54	0	0	103	110	9	132	132	165	31	60	139	94	52	69	99	209	6	105	97	128	402	1	60	103	78	17	77	6	62	82	246	54	90	38	104	97	124	97	227	81	120	73	114	6	179	155	0	269	91	62	70	22	104	60	61	127	143	59	49	23	108	42	5	137	219	71	29	39	43	7	191	264	31	158	9	150	12	42	3	59	47	112	171	128	4	85	68	8	128	192	60	144	71	33	148	54	41	181	138	38	55	33	54	162	81	86	29	107	132	94	199	403	7	36	150	69	116	56	351	144	16	23	158	265	73	154	35	55	48	137	176	100	76	143	140	37	50	54	28	155	152	107	311	74	50	104	72	25	83	62	59	116	12	88	15	130	84	140	340	77	393	239	36	63	53	21	43	187	31	44	29	27	164	125	55	66	84	48	80	48	68	113	153	30	53	132	97	225	9	94	33	8	95	102	81	176	143	51	177	31	157	85	157	245	191	50	66	35	20	222	120	100	109	113	90	72	60	64	30	129	54	47	97	75	199	146	205	99	110	148	63	67	90	73	125	84	48	119	32	100	90	33	9	106	52	212	150	213	74	34	52	46	21	314	26	175	75	223	47	201	178	92	37	61	36	56	76	117	152	71	184	217	141	145	188	79	66	20	13	37	85	194	45	90	73	201	92	126	102	85	137	37	104	27	129	92	87	96	47	264	140	33	144	124	37	45	51	201	43	63	46	98	10	107	116	17	87	6	48	10	406	109	152	36	101	126	91	209	113	28	57	24	74	131	93	24	121	18	275	66	80	25	87	116	58	104	40	84	71	55	86	98	93	88	59	6	97	129	64	40	157	56	146	106	55	140	59	126	77	148	118	124	24	89	39	5	90	43	110	98	46	22	33	125	128	184	125	53	97	31	17	177	50	141	25	25	48	75	52	267	74	112	10	138	24	200	85	94	77	64	254	40	34	208	42	60	233	276	65	220	51	24	85	44	102	100	32	84	68	96	88	78	188	5	276	163	47	21	90	31	99	44	110	124	84	88	147	183	2	41	96	37	46	31	101	79	198	207	99	14	93	87	162	138	146	269	80	55	82	46	72	130	73	54	153	52	16	133	131	42	105	122	166	75	2	175	32	131	372	169	14	168	77	111	68	87	156	209	27	66	123	145	144	87	17	82	31	19	126	53	50	64	103	14	38	153	149	72	256	192	23	175	194	97	28	136	38	20	53	115	46	195	151	348	22	35	140	81	68	68	126	72	26	17	66	35	82	155	58	70	69	227	122	164	3	144	24	43	244	39	92	122	114	107	77	14	21	86	55	57	129	19	88	86	153	160	80	129	190	39	64	61	45	68	111	74	93	118	36	40	34	9	63	65	20	95	97	312	158	110	26	113	117	294	271	40	112	130	131	41	157	44	205	269	71	182	65	5	110	42	142	82	148	47	79	146	10	55	64	103	57	52	54	20	74	127	41	53	114	3	144	163	74	180	94	17	50	123	37	49	99	16	83	131	73	64	85	106	86	134	168	61	43	204	244	183	27	122	54	32	100	86	12	102	201	140	20	24	370	12	122	63	103	23	135	84	31	17	39	160	198	68	131	21	150	78	40	37	203	151	61	194	14	79	137	93	108	65	23	117	163	107	47	35	104	91	137	153	74	27	234	101	44	8	71	308	31	176	80	43	29	63	67	28	15	136	89	36	94	71	129	106	24	47	76	109	304	80	67	58	296	66	71	9	115	50	141	35	33	192	208	32	54	204	84	27	116	3	52	276	166	112	177	18	53	49	208	252	12	127	33	106	209	166	137	57	47	191	76	53	37	266	60	217	33	68	153	50	164	22	74	111	45	77	48	100	95	69	41	58	334	230	51	33	93	29	113	36	165	183	120	62	333	150	29	27	73	28	22	9	107	65	61	220	81	210	196	33	21	70	139	56	88	88	309	9	56	167	101	93	103	145	133	77	96	262	77	38	221	168	39	46	130	72	122	274	137	108	13	104	232	7	85	97	80	21	57	27	94	86	120	162	115	135	64	67	301	121	157	52	94	24	68	89	31	156	167	45	97	11	136	48
28	0	0	0	0	0	0	0	0	0	0	0	0	0	0	0	0	0	0	0	0	0	0	0	0	0	0	0	0	0	0	0	3	0	0	0	0	0	0	0	0	0	0	0	0	0	0	0	0	0	0	0	0	0	0	0	0	0	0	0	0	0	0	0	4	0	0	0	0	0	0	0	0	0	0	0	0	0	0	0	0	0	0	0	0	0	0	0	0	0	0	0	0	0	0	105	0	0	0	0	0	0	31	0	34	54	0	0	0	0	0	0	0	0	0	0	0	2	0	0	0	12	26	0	0	38	0	0	14	16	0	0	10	0	0	0	21	0	0	0	0	10	0	7	114	0	0	0	4	0	0	1	0	0	0	12	0	1	0	0	0	0	51	6	0	12	0	0	0	23	0	11	0	0	0	0	0	0	60	0	129	0	0	0	0	0	0	0	78	0	180	14	10	3	16	0	90	0	3	0	0	157	97	0	3	79	69	28	27	49	0	57	96	193	53	48	25	28	101	0	73	82	41	1	76	3	42	10	46	99	0	235	9	30	71	46	97	14	57	0	115	0	137	5	55	202	59	7	2	4	50	40	5	56	5	134	23	2	177	120	83	69	161	179	3	4	30	0	120	104	108	31	36	7	127	25	68	40	179	0	67	83	96	133	88	25	67	0	36	4	14	41	15	173	124	91	14	18	149	21	29	82	216	309	242	37	39	90	28	14	136	247	136	113	32	128	80	13	88	167	48	205	163	270	165	77	110	108	56	154	114	156	137	38	47	122	142	85	130	70	75	89	34	36	58	150	107	36	140	19	56	42	92	39	348	67	158	73	22	91	186	69	175	72	43	54	61	139	175	53	51	36	147	153	216	48	37	92	196	38	116	191	89	143	71	44	67	128	193	33	16	39	115	49	170	118	31	11	11	52	109	424	122	159	188	97	81	71	86	153	26	46	103	64	89	95	69	72	95	50	29	58	51	48	14	175	60	72	247	40	180	53	79	119	94	57	41	143	52	123	102	8	168	45	248	183	103	31	32	40	145	85	174	129	124	56	149	239	30	62	154	50	144	134	102	116	41	76	227	99	118	82	76	194	63	126	127	11	47	69	77	148	157	88	108	100	79	5	68	87	97	132	217	43	113	92	28	87	134	58	173	62	32	93	69	106	18	84	122	19	66	216	38	67	208	82	60	44	60	259	75	85	53	67	58	45	88	38	86	225	124	45	51	253	39	161	66	51	160	40	188	70	240	269	55	39	136	102	66	64	65	85	114	212	143	64	98	22	50	129	58	73	60	322	54	98	94	26	111	211	62	74	5	68	162	36	82	33	165	42	70	77	59	44	172	41	101	87	79	114	16	68	99	419	68	118	55	72	120	144	156	107	7	255	20	69	145	38	152	17	32	16	42	87	100	143	74	20	10	135	50	26	100	71	225	91	155	318	53	91	230	34	147	21	7	200	156	179	44	36	13	68	31	157	11	161	159	98	96	81	104	86	26	189	102	61	70	203	77	227	188	91	192	92	204	109	123	149	117	80	71	79	86	213	58	59	20	46	179	182	31	50	25	142	52	128	104	82	112	43	13	24	74	65	39	80	81	163	72	8	270	70	43	114	47	29	84	77	233	15	72	183	21	36	14	63	69	46	193	376	236	100	102	61	193	58	45	161	175	60	408	216	210	52	38	222	99	110	404	242	185	104	128	27	127	106	119	121	76	183	21	99	15	9	3	60	68	56	85	46	39	112	179	96	82	184	106	118	110	77	127	228	145	65	152	166	246	53	66	128	20	55	33	92	174	54	123	32	136	70	45	35	253	16	118	191	21	156	53	74	55	219	126	92	29	75	224	144	25	91	272	33	236	78	116	285	92	97	156	220	119	17	92	114	121	79	24	323	98	259	198	68	113	175	32	50	100	33	222	24	42	35	120	123	137	71	150	120	227	191	136	218	48	96	171	53	27	129	170	64	73	51	64	81	74	126	99	156	74	51	13	95	40	354	203	19	42	54	91	65	114	93	139	53	185	5	27	273	9	175	140	134	77	41	174	129	40	28	112	27	69	98	44	191	79	37	119	299	22	98	127	165	50	89	51	233	64	23	106	38	41	6	123	102	53	92	17	96	146	209	46	5	155	174	236	115	42	57	65	95	183	53	71	32	159	61	93	163	129	88	184	124	100	85	108	164	57	196	62	86	79	61	288	196	59	58	74	22	31	64	78	76	79	207	85	63	23	69	238	241	132	62	160	33	64	82	67	195	123	25	194	91	40	39	29	47	72	149	67	19	61
29	0	0	0	0	0	0	0	0	0	0	0	0	8	0	0	0	0	0	0	0	0	4	0	0	0	0	0	0	0	0	71	0	0	0	0	0	0	0	0	13	0	0	0	0	0	0	0	0	0	0	0	0	0	0	0	0	0	0	0	0	0	0	0	0	0	0	0	0	0	0	0	0	0	0	0	0	0	0	0	0	0	0	0	0	0	0	0	0	0	0	0	0	0	0	0	0	49	0	0	0	7	0	31	40	0	0	9	0	0	0	0	0	0	15	0	0	0	0	20	0	0	11	0	0	0	0	0	59	0	0	2	51	16	5	0	0	0	0	0	8	0	0	0	143	0	0	59	107	0	0	11	0	0	0	4	0	3	0	0	0	0	0	0	0	78	0	0	0	4	0	0	0	0	2	0	0	0	17	0	0	0	0	0	8	0	0	0	63	0	191	15	0	0	0	0	5	6	0	5	0	38	94	0	33	116	0	36	43	17	13	73	169	7	234	0	65	0	28	2	62	49	125	0	174	118	20	104	71	90	46	113	8	9	46	179	0	34	16	43	116	8	59	2	164	99	289	45	56	49	170	53	20	4	17	0	13	38	49	3	131	13	8	217	0	9	62	0	32	74	44	1	31	141	21	168	0	12	36	9	104	29	22	109	163	29	54	5	19	113	13	14	43	122	73	18	48	412	19	41	43	177	86	115	154	12	32	92	181	53	86	129	201	58	226	29	189	28	18	235	195	86	5	197	68	284	249	48	117	119	133	56	28	90	85	13	19	144	64	100	225	69	40	142	18	30	118	30	69	147	89	91	97	1	50	37	28	64	55	53	259	250	42	119	198	44	46	48	160	134	174	58	104	41	84	100	52	82	259	77	112	116	67	63	152	73	242	78	69	80	225	87	78	114	149	195	85	35	43	66	269	121	81	25	163	8	110	18	243	44	208	89	21	10	111	59	281	115	202	104	34	68	61	58	89	72	222	63	99	39	12	199	184	119	119	125	37	68	37	64	50	51	239	31	15	84	227	50	222	265	65	73	82	158	32	283	124	66	32	168	36	521	114	170	155	110	70	122	283	17	136	136	157	139	65	231	110	83	165	70	106	94	49	136	56	82	184	39	224	42	75	227	433	79	62	27	116	31	99	4	6	184	90	74	213	44	62	135	43	95	11	47	32	49	52	126	46	162	47	278	131	102	18	47	21	64	49	27	54	75	45	90	152	202	29	42	207	187	88	154	185	116	160	37	105	171	76	4	238	91	27	130	99	75	65	205	37	122	98	15	103	118	85	113	75	62	80	70	94	25	107	51	240	125	39	107	15	48	85	164	198	61	183	31	12	30	143	285	152	171	115	51	36	36	119	26	250	36	43	33	111	19	38	60	8	83	212	129	106	74	57	83	115	126	145	146	62	45	69	152	223	46	53	56	86	211	173	201	37	53	138	71	169	228	21	80	53	66	116	317	140	43	44	45	31	183	101	91	116	66	61	48	22	77	326	81	209	91	18	21	193	104	73	69	122	48	46	40	86	139	155	120	64	16	26	43	34	226	79	133	81	73	99	54	33	94	211	210	73	12	36	123	153	82	111	175	274	121	106	44	120	17	48	48	94	34	22	29	87	61	83	37	36	73	131	281	252	19	60	251	269	34	93	158	153	36	20	1	246	36	17	186	113	20	69	87	17	20	42	71	51	52	45	27	107	108	60	169	105	137	133	20	26	84	17	123	67	63	59	65	34	195	209	136	223	11	59	96	22	160	133	43	18	117	29	157	85	102	36	54	96	61	17	76	104	105	35	15	85	232	24	53	166	62	46	155	105	38	53	233	109	104	120	86	16	70	92	50	127	1	175	130	154	97	54	265	154	75	47	56	164	107	76	45	17	69	80	134	81	78	125	110	34	150	19	57	215	32	76	21	69	81	93	292	39	89	120	56	26	179	118	46	64	98	163	7	296	103	155	21	32	45	197	66	91	58	11	54	161	18	44	153	44	182	110	235	10	80	80	103	121	113	180	80	13	64	55	83	384	233	127	124	73	226	74	95	254	29	42	19	15	231	239	26	50	49	53	143	106	15	58	70	96	26	236	121	63	15	22	67	129	39	236	62	82	39	22	14	16	94	55	188	128	113	144	59	130	141	81	169	73	86	18	244	123	117	35	45	143	14	49	175	174	56	92	198	114	55	95	76	93	133	71	121	37	144	59	207	113	53	120	19	77	160	112	182	73	44	16	92	128	25	77	125	163	132	33	17	83	192	63	47	222	53	107	128	189	173	74	60	86
30	0	0	0	0	0	0	0	11	0	0	0	0	0	0	0	0	0	0	0	0	0	0	0	0	127	0	0	0	0	0	0	0	0	0	0	0	0	0	0	0	0	0	0	0	31	0	0	0	0	0	0	0	0	0	0	0	0	0	0	0	0	0	0	0	0	0	0	0	0	0	0	0	0	0	0	0	0	2	0	0	0	0	0	0	0	0	0	0	0	0	0	0	0	0	140	0	0	0	0	0	0	0	0	0	6	0	0	57	0	0	0	0	0	0	0	228	0	1	0	42	0	0	0	0	0	6	0	15	10	0	0	0	10	32	0	38	1	0	0	0	0	19	99	42	0	0	29	105	0	0	0	0	0	0	45	0	0	0	63	29	0	0	28	0	0	0	0	0	151	28	62	0	0	55	45	0	0	0	0	0	0	21	0	0	98	0	18	40	0	87	0	0	0	0	0	0	0	0	0	1	0	104	0	121	9	32	0	57	140	20	68	0	0	89	6	12	2	10	63	6	136	98	22	126	104	83	83	0	42	114	34	62	0	42	60	0	98	32	34	128	0	134	90	19	85	98	3	41	0	187	90	23	133	37	82	7	234	170	0	122	14	107	30	51	0	3	0	121	31	137	54	31	108	88	59	0	81	25	64	10	24	180	108	43	85	104	0	25	0	124	19	56	0	95	22	163	57	85	29	61	211	17	61	44	203	17	122	226	16	41	91	179	27	88	92	18	169	170	12	123	92	16	114	10	76	42	34	6	109	186	66	86	28	77	69	66	277	119	155	46	203	33	44	68	173	186	161	108	150	178	64	6	123	12	74	148	51	82	49	181	28	88	16	41	139	113	59	26	99	57	82	102	50	175	107	185	27	210	79	74	229	121	25	105	37	163	53	69	124	40	48	273	179	172	44	79	165	201	304	310	43	61	49	166	204	14	142	35	132	169	111	112	117	81	87	78	137	55	172	128	14	100	81	10	117	60	350	123	61	95	62	137	118	96	50	181	22	204	65	135	134	162	80	115	36	45	112	38	12	127	147	16	119	7	38	239	6	65	37	58	103	63	126	107	99	52	142	75	178	189	14	166	189	123	88	112	100	122	58	48	132	45	68	56	117	56	173	80	96	110	45	71	33	83	57	26	92	133	89	83	77	222	128	30	189	47	39	24	71	73	153	175	100	6	200	28	133	67	21	61	192	49	100	8	75	204	54	69	217	64	82	45	143	133	195	274	293	44	62	90	34	23	183	31	35	177	67	99	26	119	224	119	78	7	50	17	93	43	48	185	67	230	61	53	152	93	30	123	218	7	85	109	42	10	55	45	36	38	41	14	74	104	85	205	32	152	130	144	105	100	245	18	33	27	97	26	153	182	67	225	124	37	129	32	159	49	171	67	57	150	29	78	56	163	231	40	104	53	30	154	196	50	117	38	74	115	19	189	44	39	146	17	20	16	128	256	80	59	33	158	21	85	106	118	32	47	90	187	254	28	100	40	87	144	51	173	69	149	148	61	35	72	53	161	33	21	9	63	310	135	29	48	54	79	111	99	100	25	59	52	20	350	198	68	128	76	181	39	25	57	57	116	14	107	40	22	72	77	61	31	30	55	68	57	63	203	95	65	111	124	128	23	213	150	36	38	150	114	29	68	91	54	103	162	54	109	43	14	167	126	86	88	133	82	58	116	58	159	148	160	247	49	64	35	158	157	86	138	61	260	147	133	38	238	133	26	50	60	87	224	30	143	12	178	150	94	159	34	239	113	352	66	21	83	59	169	201	94	20	74	82	18	75	77	19	48	151	18	49	92	94	71	226	83	181	204	166	31	257	162	159	96	62	111	51	157	74	38	87	95	93	23	33	78	82	121	10	104	19	71	222	188	230	36	204	108	18	78	244	45	198	24	148	119	28	44	130	54	0	119	179	112	156	215	165	81	253	7	19	47	102	71	15	43	89	166	12	72	54	200	15	191	97	1	125	18	43	59	40	59	44	113	251	96	44	103	31	92	145	16	65	140	19	36	128	96	63	143	46	83	270	48	131	103	55	26	70	86	56	183	342	28	60	82	205	111	109	106	4	169	22	68	116	111	21	155	21	81	50	94	2	174	69	67	139	86	63	43	47	221	64	49	98	138	103	13	43	76	195	49	96	62	162	91	14	164	116	81	157	143	81	270	75	19	116	165	105	22	143	290	85	159	87	26	25	20	374	158	89	13	100	83	77	51	191	22	158	16	128	187	79	19	82	101	102	254	63	10	93	81	198	105	208	42	94	180	45	88	225	186
31	0	0	0	0	18	0	0	0	0	0	0	0	0	0	0	0	0	0	0	0	0	30	0	0	0	0	0	0	0	0	0	0	0	0	0	0	0	0	0	0	0	0	0	0	0	0	0	0	0	0	0	0	0	0	0	0	0	0	0	34	0	0	0	0	0	0	0	0	0	0	0	0	0	0	0	0	0	0	0	0	0	0	0	0	0	34	0	0	0	0	0	0	23	0	0	0	0	0	0	0	0	0	0	6	2	0	0	0	0	0	0	0	0	66	0	0	0	31	38	300	0	0	0	0	13	0	4	0	0	0	0	5	0	0	9	59	0	0	7	3	0	3	0	3	0	0	0	0	0	0	1	0	0	0	0	14	8	10	0	4	0	0	0	0	0	0	0	0	0	0	33	0	0	0	0	1	0	0	49	0	4	0	0	0	0	0	0	38	0	52	0	15	0	0	0	259	0	0	0	0	13	56	78	87	131	51	11	73	12	108	135	0	80	56	0	109	57	139	0	80	33	0	62	81	238	100	300	339	15	0	105	2	0	71	68	0	40	32	13	127	0	25	167	268	26	34	0	127	13	55	0	30	37	14	18	206	5	30	45	153	49	23	25	60	0	28	22	210	17	38	190	235	0	13	59	274	140	29	60	97	269	21	10	10	14	36	99	74	23	21	115	127	0	41	16	85	75	58	54	15	54	94	15	75	134	135	57	18	31	263	57	62	134	228	151	145	87	68	27	71	147	122	44	69	113	91	137	224	122	139	139	105	71	325	38	142	61	27	95	24	70	149	34	32	185	78	241	113	51	36	23	188	15	43	288	74	26	161	145	84	24	46	134	147	102	131	378	73	34	47	99	42	83	86	252	232	70	130	174	280	21	324	37	70	53	12	94	87	90	55	38	40	52	88	102	92	125	122	24	2	45	88	292	38	82	63	109	124	52	40	55	78	156	298	175	76	54	139	127	119	199	56	113	71	28	109	92	90	73	17	117	195	34	28	26	81	180	56	103	67	20	43	67	21	69	164	4	115	134	209	95	158	72	162	68	15	35	89	126	76	35	109	39	7	28	68	48	98	179	67	33	80	109	24	85	10	71	49	57	185	100	33	61	124	175	92	105	115	132	32	194	112	128	33	145	64	81	179	373	12	25	199	71	188	141	66	71	94	115	117	58	189	112	140	42	30	127	133	92	88	54	39	138	43	56	106	191	45	115	64	113	44	189	123	167	128	93	154	52	132	74	62	119	271	185	110	227	99	71	123	124	160	115	196	67	67	134	65	133	49	187	139	172	30	90	37	27	164	55	74	166	13	17	26	101	128	144	8	47	22	76	47	68	385	80	163	40	44	91	53	114	56	57	209	143	44	44	66	91	90	77	94	186	27	89	136	18	145	53	174	67	42	47	158	59	62	21	202	151	162	141	183	52	64	117	138	110	150	76	91	23	115	85	128	179	87	67	56	45	91	180	97	113	45	57	75	117	34	12	225	95	225	146	13	46	25	34	81	125	119	59	82	73	128	53	39	26	57	65	134	304	163	54	41	95	27	150	42	101	98	59	55	88	123	164	130	219	59	98	48	59	171	32	38	78	15	20	120	23	39	226	51	33	112	57	42	101	54	124	191	150	23	69	105	218	50	69	212	163	113	32	180	84	154	77	176	52	31	92	31	104	47	113	92	59	142	145	80	49	27	49	250	98	97	37	35	54	153	29	87	15	48	202	15	117	90	133	48	73	54	127	96	36	138	119	167	110	52	26	107	160	128	52	43	109	46	67	166	65	70	41	190	85	28	26	84	27	98	115	203	20	144	25	42	66	125	237	71	144	229	64	30	73	30	58	75	140	33	65	335	98	112	82	83	67	148	183	95	149	117	42	29	100	53	125	36	21	199	218	161	22	30	72	5	40	99	255	59	108	126	48	96	110	78	58	90	85	78	30	112	105	58	46	125	36	171	23	63	77	39	35	93	169	256	54	26	174	60	23	79	163	112	41	132	151	233	213	7	58	367	187	78	94	222	122	94	164	64	73	195	52	52	71	31	100	124	46	103	30	64	126	243	110	121	82	95	87	128	19	29	49	84	113	45	135	120	167	39	61	12	20	30	261	121	135	13	157	176	24	234	158	16	53	73	10	40	86	87	180	60	68	168	33	51	91	25	333	178	57	86	70	94	128	125	67	37	67	57	101	69	24	100	31	38	74	68	117	83	311	72	126	168	165	27	59	266	41	19	43	15	189	83	93	27	49	56	126	98	85	53	19	107	26	80	122	35	159	125	69	211
32	0	0	0	0	0	0	0	0	0	0	0	0	0	0	0	0	0	0	0	0	0	0	0	0	0	0	0	0	0	0	0	0	0	0	0	0	0	0	0	0	0	52	0	0	0	0	0	0	0	0	0	0	0	0	0	0	0	0	0	0	0	0	0	0	0	0	33	0	24	0	0	0	0	0	0	0	0	0	0	0	0	0	0	0	0	0	0	0	0	0	0	0	0	0	0	0	4	0	60	0	0	2	57	105	0	0	0	0	0	0	21	0	0	51	0	5	1	21	0	0	0	11	6	0	47	0	0	6	12	0	0	48	4	0	0	0	0	0	0	8	0	0	0	85	0	0	24	34	0	0	0	0	3	0	64	0	0	25	0	0	0	36	29	11	0	0	0	0	0	0	24	0	0	0	0	0	0	0	0	104	0	0	0	2	0	0	10	0	0	0	177	0	0	0	0	43	0	0	22	0	56	176	3	0	54	16	26	85	76	0	195	0	79	246	1	9	26	26	98	14	161	103	22	1	89	119	21	0	5	90	29	0	23	276	318	0	87	188	7	305	0	32	144	9	3	164	0	45	40	65	7	0	177	15	50	74	77	269	56	115	18	65	55	0	0	99	66	95	54	0	71	22	184	25	591	77	11	18	7	28	31	29	63	74	40	61	0	82	7	47	112	154	11	118	143	54	176	11	17	0	112	34	68	127	139	359	68	91	55	167	89	225	27	91	57	24	44	73	59	135	177	141	24	32	66	84	95	19	186	23	194	46	53	45	13	15	100	4	219	118	33	25	57	60	64	43	65	127	80	125	33	63	156	41	14	25	159	69	148	216	33	128	128	29	179	33	155	101	138	117	201	16	33	199	72	172	21	207	92	140	115	40	302	101	48	38	30	45	106	59	91	72	28	39	84	74	76	69	72	51	34	117	52	28	243	77	344	182	154	12	74	183	33	49	10	41	168	52	103	49	5	73	115	10	90	179	27	211	233	27	276	208	113	271	78	21	158	265	77	32	69	158	11	138	26	34	116	165	78	57	274	89	56	50	72	134	45	54	166	171	81	125	59	63	100	81	163	54	126	117	50	59	76	75	42	52	87	137	60	353	30	70	129	133	103	120	151	145	118	187	80	28	84	126	35	63	80	189	109	79	130	153	38	104	344	22	209	322	135	29	53	161	168	126	14	122	112	111	48	85	185	156	161	48	41	121	223	147	75	97	138	61	67	28	137	72	88	125	268	89	32	82	46	61	93	21	116	103	59	66	95	38	55	55	39	120	109	97	185	111	92	28	119	255	113	61	88	38	93	84	23	149	15	197	149	85	71	66	99	42	84	14	244	48	36	108	54	152	125	68	33	75	138	170	14	28	52	21	149	301	91	256	91	28	68	112	126	33	177	181	67	189	232	46	118	90	71	35	34	57	48	150	113	213	215	105	89	94	114	9	51	31	81	15	75	116	126	263	72	9	126	176	82	48	37	18	43	113	106	99	66	76	126	74	6	159	71	178	34	26	102	87	17	116	75	189	37	208	106	58	167	120	14	126	31	51	36	79	20	174	30	83	93	41	97	234	28	50	48	132	76	117	160	107	171	110	80	43	128	135	53	118	84	50	254	80	3	168	27	35	125	184	45	43	98	39	72	232	16	11	15	4	41	8	148	87	131	51	18	76	169	54	43	24	160	36	151	52	70	74	46	52	63	81	123	42	196	30	83	176	105	231	236	246	143	33	46	177	28	278	55	96	51	44	144	114	25	14	51	121	212	147	86	90	34	64	73	227	234	82	228	142	114	61	100	90	57	54	94	164	72	79	214	109	134	38	165	63	40	166	44	24	26	116	208	10	33	23	66	12	21	25	23	222	60	44	80	32	37	114	45	15	44	38	18	63	20	155	262	75	104	248	106	273	68	33	36	165	106	79	35	15	26	8	83	105	107	176	31	198	104	329	216	114	11	55	105	136	234	174	124	56	89	65	110	157	146	40	196	42	211	160	33	199	36	169	22	55	82	66	109	151	6	33	26	17	114	105	92	34	136	212	121	86	78	68	44	46	144	43	13	156	35	161	32	112	77	50	56	135	38	13	99	168	304	94	32	34	251	137	96	7	149	74	146	102	123	112	22	211	144	22	50	142	262	112	108	65	111	130	33	211	230	81	72	111	89	135	72	85	57	174	47	156	199	45	106	106	116	45	76	35	98	66	30	107	88	55	71	76	110	26	56	77	124	229	66	47	9	90	27	53	138	65	97	23	185	45	89	82	130	230	319	23	55	17	232	55	96	81
33	0	0	0	0	0	0	18	0	0	0	0	0	0	0	0	0	0	0	0	0	0	0	0	0	10	0	0	0	0	0	0	0	32	0	0	0	0	0	0	0	0	0	0	0	0	0	0	0	0	0	0	0	0	0	0	0	0	0	0	0	0	0	0	0	0	0	0	0	22	0	0	0	0	0	0	0	0	0	0	0	0	0	0	0	0	0	0	0	0	0	0	0	0	0	0	0	0	0	0	0	0	5	0	0	0	6	0	0	0	0	18	0	0	0	0	0	4	0	0	0	0	0	0	0	0	0	0	0	0	1	83	17	0	0	0	0	0	0	0	0	0	0	0	0	0	31	0	0	0	0	36	0	0	2	34	0	0	0	22	57	0	0	0	4	0	0	0	0	0	0	0	0	0	0	0	0	0	0	0	0	26	0	0	0	10	9	56	0	0	13	63	0	0	0	0	0	0	0	0	12	65	37	2	22	116	43	405	81	50	0	46	11	0	5	58	79	19	52	0	6	71	110	17	46	54	188	99	21	53	105	33	43	0	73	277	0	38	74	0	35	0	139	84	14	0	7	0	0	59	30	0	0	74	18	13	228	14	170	8	38	33	25	20	4	0	90	3	25	0	88	25	65	81	36	69	0	62	153	129	99	132	0	31	42	68	42	0	30	2	7	173	56	27	46	4	16	8	35	14	144	287	136	164	100	12	147	49	259	77	126	129	19	28	126	15	170	126	28	50	402	44	53	39	34	233	64	94	46	87	268	96	123	168	202	12	128	16	149	19	94	182	173	19	68	120	33	268	28	45	42	129	23	221	173	27	77	13	68	131	95	140	38	120	39	47	38	7	288	37	27	29	15	26	6	157	305	176	44	67	123	33	120	324	37	272	100	225	53	136	41	110	72	24	97	183	18	168	90	21	18	154	97	74	134	18	19	43	123	116	214	110	41	180	172	61	158	75	108	75	63	39	120	79	100	110	120	201	121	16	9	202	118	27	132	177	27	45	51	14	84	93	122	12	35	30	244	48	147	97	52	53	373	63	136	24	44	160	34	117	150	37	83	12	107	128	50	78	183	119	167	95	101	107	47	23	74	102	8	47	42	178	76	188	65	118	87	130	150	206	176	91	31	91	34	43	190	72	186	118	80	148	229	72	23	5	173	206	157	52	19	97	51	50	55	41	59	40	45	76	262	47	22	23	165	81	57	163	77	36	14	36	134	95	208	57	135	48	79	339	261	20	69	227	17	202	122	138	104	26	83	28	99	104	83	23	145	12	213	21	13	92	24	393	37	89	25	155	63	132	24	45	97	135	392	345	39	33	44	6	92	32	78	85	191	33	51	63	107	61	290	80	31	9	18	58	72	22	83	111	140	71	118	28	83	17	278	214	61	103	146	6	10	302	63	107	101	47	38	44	63	49	62	124	68	22	82	51	53	86	65	94	24	137	119	182	40	274	101	163	31	69	43	124	63	37	104	82	44	110	40	267	128	68	51	90	110	34	69	112	121	226	90	72	52	145	300	65	102	85	121	123	63	217	192	29	321	29	87	103	85	88	16	24	198	81	63	32	169	97	148	2	33	70	181	86	119	44	27	125	20	30	86	172	126	110	221	97	45	132	56	6	236	96	88	71	67	130	328	68	161	93	176	158	41	145	96	23	39	285	66	45	74	106	32	100	116	42	72	94	33	176	90	70	208	80	453	125	81	84	27	52	62	54	167	102	194	162	14	166	35	42	136	8	5	67	161	121	75	65	149	29	150	28	241	113	213	63	125	156	78	12	81	63	32	69	42	123	151	29	315	181	65	58	155	104	155	86	130	91	79	40	76	57	100	223	102	165	83	84	98	231	55	12	151	144	224	82	296	457	22	85	79	69	232	133	147	128	108	92	474	196	286	73	255	134	136	20	112	8	52	52	121	73	93	138	108	113	152	35	21	110	54	80	129	155	15	57	72	36	40	252	39	26	68	79	73	62	102	80	232	98	300	45	81	178	25	85	138	66	106	55	380	41	122	155	248	45	263	76	78	82	74	139	129	218	57	45	63	12	86	50	56	199	28	173	250	147	41	144	49	69	89	68	142	242	93	163	146	98	107	59	142	27	136	114	42	400	242	152	150	104	83	395	83	16	171	122	310	128	103	98	40	102	10	104	144	76	151	231	26	47	11	70	146	23	147	167	29	110	56	75	56	138	79	61	35	68	56	87	83	54	64	16	68	42	246	122	276	30	76	49	100	23	70	51	74	144	102	65	159	44	87	71	10	60	1	100	91	50	76
34	0	0	0	0	0	0	0	0	0	0	0	0	0	0	0	0	0	0	0	0	0	0	0	0	0	0	0	0	0	0	0	0	0	0	0	0	0	0	0	0	0	0	0	0	0	0	0	0	0	0	0	0	0	0	0	0	0	0	0	0	0	0	0	0	0	0	0	0	0	0	0	0	0	0	0	0	0	0	0	0	0	0	0	0	0	0	0	0	0	0	0	0	0	0	0	0	0	0	0	0	64	0	0	0	0	27	0	0	0	0	0	0	0	0	0	0	1	0	0	0	0	22	0	0	23	0	0	0	0	0	0	0	0	3	2	11	0	0	0	0	33	0	0	12	0	6	0	118	0	0	0	23	0	0	8	0	0	0	4	0	0	0	0	0	8	0	0	0	0	0	0	22	0	94	85	0	0	0	0	0	0	27	0	0	38	0	0	33	0	84	0	0	0	0	0	20	0	0	0	0	80	90	35	85	239	32	113	87	167	0	133	0	0	0	72	248	214	84	18	207	201	85	2	76	124	13	205	22	43	38	110	38	28	8	19	1	227	77	22	199	0	6	94	265	58	43	172	9	167	106	309	0	115	96	214	57	133	59	28	126	1	47	54	17	0	45	0	2	26	9	13	70	89	3	182	25	86	251	0	5	27	54	3	95	65	216	6	175	52	69	2	211	78	48	64	8	50	130	77	39	105	90	73	82	50	125	42	71	219	37	54	104	48	109	19	176	12	164	203	18	25	144	151	9	95	103	128	87	121	26	41	111	95	92	22	115	93	54	143	155	117	275	38	102	234	207	125	163	150	145	137	21	107	54	21	99	76	34	55	53	84	141	66	119	60	147	88	39	80	59	78	123	156	43	71	64	29	131	142	25	167	145	87	73	127	26	19	93	67	86	58	256	66	166	30	207	44	81	101	48	76	42	109	268	41	216	308	137	62	95	214	219	128	54	105	152	140	34	9	94	94	27	10	175	58	84	116	32	90	126	152	12	78	7	63	31	14	35	63	186	35	45	44	173	188	160	119	35	58	124	36	76	341	84	158	20	218	50	27	81	161	29	90	67	77	42	255	152	53	121	41	178	52	88	293	60	106	62	84	71	26	11	14	110	144	7	149	53	71	251	39	24	38	101	77	233	109	36	55	32	28	146	21	60	41	162	97	99	94	172	64	81	66	137	14	39	8	28	57	70	39	77	261	26	112	81	21	53	56	163	33	181	132	119	25	128	154	12	39	73	51	75	171	30	88	75	116	181	91	117	97	90	158	20	186	20	210	138	14	87	35	114	13	42	83	68	88	58	80	48	88	138	114	46	47	17	179	60	138	14	164	283	11	51	68	109	32	66	172	106	123	97	81	364	99	117	38	66	128	56	62	126	50	44	114	86	61	20	136	182	85	128	48	172	142	153	127	77	108	65	292	94	53	22	214	354	60	58	60	129	28	146	168	148	42	86	251	98	112	33	150	39	258	250	118	42	140	111	124	136	240	30	149	34	143	51	13	227	151	109	33	105	93	20	102	131	88	157	134	226	26	17	152	66	307	115	17	179	65	58	190	133	24	53	111	18	374	163	149	259	45	48	109	225	231	50	39	104	119	32	14	200	58	118	50	186	55	109	9	159	106	142	54	3	256	62	22	90	19	104	32	109	101	211	69	42	99	30	19	74	63	47	158	17	96	72	32	27	52	37	141	94	178	287	148	103	79	38	22	45	124	252	41	18	77	158	192	195	12	91	120	76	112	131	24	81	138	28	247	93	148	16	221	69	132	69	26	206	60	75	49	26	73	29	161	95	62	161	152	236	148	68	21	70	32	364	121	56	141	101	205	86	110	41	126	55	31	66	101	50	152	112	109	87	69	158	92	81	101	6	118	205	176	239	116	74	30	46	88	84	30	78	40	104	111	65	39	62	32	62	145	194	53	79	338	239	247	59	68	102	66	104	292	56	54	191	137	38	247	32	51	93	183	178	163	93	56	28	68	146	60	167	137	139	109	90	36	94	37	94	174	39	88	50	200	32	171	11	191	80	132	40	55	114	112	2	43	130	150	100	207	37	116	8	59	61	87	44	26	126	84	22	187	253	124	65	33	166	18	27	16	74	77	57	99	93	109	28	63	244	21	59	191	138	140	96	79	92	134	97	136	147	86	32	144	35	159	113	4	56	174	362	69	117	115	26	63	28	13	52	44	91	142	64	40	165	44	105	31	64	167	36	43	10	180	93	192	98	50	47	112	33	76	141	97	143	43	97	90	79	114	72	53	133	205	48	198	115	94	228
35	0	0	0	0	0	0	0	0	0	0	9	0	0	0	0	0	116	0	0	0	0	0	0	0	0	0	0	0	0	0	0	0	0	0	0	0	0	0	6	0	0	0	0	0	0	0	0	0	0	0	0	0	0	0	0	0	0	0	0	0	0	0	0	0	0	0	0	0	0	0	0	0	0	0	0	0	0	0	0	0	0	0	0	0	0	0	0	0	0	0	0	0	0	0	0	0	0	0	0	0	59	0	0	41	0	9	2	0	0	0	0	0	0	0	1	0	118	0	0	0	13	0	0	0	0	0	13	5	0	0	0	44	0	0	0	0	0	0	0	0	0	0	7	82	0	0	0	69	0	0	0	50	1	0	0	0	0	0	0	38	0	21	0	0	82	0	0	0	68	0	20	0	0	0	0	0	0	0	0	0	5	0	0	0	81	5	32	3	0	12	104	14	0	0	0	0	62	0	0	0	7	46	11	53	13	187	93	9	144	81	39	0	39	68	67	93	5	121	66	82	151	11	119	40	10	138	140	110	119	87	57	0	31	0	96	0	0	24	179	179	0	136	15	49	52	37	0	7	0	29	29	0	82	0	143	45	83	0	235	136	0	80	119	32	6	150	0	94	58	150	7	36	51	12	9	0	36	97	18	210	44	113	4	7	118	79	0	21	0	63	162	45	46	76	40	185	134	37	65	59	28	70	175	240	119	32	61	4	154	53	131	119	34	191	150	99	55	141	62	147	79	80	30	69	129	121	100	97	58	34	114	63	82	136	48	46	154	339	294	62	190	245	83	95	65	81	93	44	84	134	23	81	18	141	89	104	59	71	83	114	101	97	135	48	73	110	102	83	6	31	62	84	31	28	98	65	55	43	50	67	180	91	292	117	144	212	113	38	24	96	58	90	74	244	18	65	151	94	17	138	28	17	130	46	63	161	105	46	76	97	109	57	50	86	256	70	21	219	63	99	152	62	122	23	169	269	28	92	166	102	38	242	149	23	65	56	98	140	141	123	11	61	81	73	33	78	179	87	162	14	100	29	131	98	134	52	161	61	320	29	295	79	96	72	68	77	413	141	59	243	199	89	146	182	75	168	116	197	86	149	33	263	141	145	113	551	32	91	45	83	174	115	38	140	37	27	106	126	149	80	44	57	105	64	101	118	80	119	88	83	121	73	47	19	121	71	153	116	113	8	160	27	97	137	25	20	34	26	104	53	54	244	137	30	28	62	278	88	124	165	42	272	90	69	148	63	15	60	93	26	57	42	72	136	108	338	11	121	141	155	166	213	86	17	67	150	47	88	244	42	102	261	93	205	21	184	56	69	76	64	78	21	88	110	212	224	42	91	86	14	233	42	150	65	198	120	220	124	224	137	178	90	107	23	82	106	6	14	206	155	100	51	169	38	64	128	59	121	129	116	124	27	171	124	7	176	142	107	232	36	201	139	25	121	119	87	339	393	161	10	174	86	62	174	96	109	24	173	121	140	3	36	84	112	29	25	74	74	69	47	216	72	35	192	27	19	121	77	179	164	227	76	76	120	71	94	51	74	197	159	69	116	114	62	68	138	35	78	147	35	31	138	66	76	81	107	58	123	78	109	146	73	29	23	31	57	57	55	43	24	30	73	41	31	10	77	139	78	58	68	124	319	15	15	19	89	244	49	13	38	222	84	65	104	261	68	130	171	41	9	206	46	69	17	3	31	44	38	52	138	11	50	289	125	8	134	44	5	29	111	154	125	42	104	127	116	153	221	111	104	248	64	120	143	66	86	43	26	168	520	124	82	43	131	138	213	83	48	26	93	217	159	54	36	11	31	265	94	75	278	86	126	91	153	13	131	64	44	103	101	101	78	65	48	79	144	249	114	246	120	62	106	49	54	24	317	17	59	12	98	44	171	71	23	97	240	7	276	140	63	103	83	14	118	38	50	70	168	176	195	23	40	105	48	171	187	167	267	34	34	7	64	41	89	144	365	14	321	95	99	173	89	60	27	76	39	336	43	58	225	68	248	42	37	37	81	205	52	76	152	120	113	131	80	16	25	155	200	94	177	174	89	153	137	201	207	78	87	129	35	125	107	101	20	87	64	128	53	109	79	19	80	86	34	133	191	182	41	188	109	14	83	76	95	37	95	246	50	20	22	163	31	93	176	231	64	7	46	79	94	36	337	154	279	60	28	167	73	370	341	66	350	16	231	140	283	111	250	85	294	132	68	112	218	63	167	189	33	285	22	97	54	200	49	121	94	35	101	130	227	64	632	78	47	18	143	101	181	99	133
36	0	0	0	0	0	0	0	0	0	0	0	0	0	0	49	0	0	0	0	0	0	0	0	0	0	0	0	0	0	0	0	0	0	0	0	0	0	0	0	0	0	0	0	0	0	0	0	0	0	0	0	0	0	0	0	0	0	0	0	0	0	0	0	0	0	0	26	0	0	0	0	0	0	0	0	0	0	0	0	0	0	21	0	0	0	0	0	0	0	0	0	0	0	0	0	0	0	0	0	0	6	0	0	6	0	15	0	0	0	0	0	0	0	20	0	0	0	117	0	0	0	0	0	0	3	7	0	165	0	0	0	0	10	0	0	0	0	0	0	13	11	44	27	0	0	0	0	49	0	0	0	0	114	0	0	10	6	0	0	74	0	0	0	0	0	0	6	0	0	0	0	0	0	11	0	0	0	0	0	0	0	0	0	67	0	0	0	138	0	0	32	0	7	2	0	22	58	0	0	0	82	46	0	116	258	148	138	55	3	27	44	0	40	200	52	71	11	70	30	34	9	42	33	117	10	47	134	13	5	20	22	41	0	73	36	3	94	86	45	127	10	21	6	86	136	0	71	108	39	53	57	60	16	38	20	165	89	59	22	77	10	67	148	0	0	36	13	17	182	15	171	239	0	21	30	109	217	208	8	129	56	270	0	319	114	108	33	187	1	101	2	169	0	30	58	108	97	8	0	9	114	90	32	93	215	114	31	166	49	73	190	6	56	68	142	43	82	158	120	110	37	95	18	54	87	212	208	224	186	25	173	65	80	122	92	43	172	74	125	10	168	239	306	177	6	11	185	105	57	189	41	30	4	39	102	291	90	173	47	76	356	180	72	189	121	187	106	178	74	208	35	33	87	138	123	21	76	15	112	115	32	27	176	268	99	88	26	42	55	234	55	40	58	50	9	286	80	194	283	147	292	51	189	146	156	28	123	161	171	138	264	46	51	29	83	41	54	28	69	18	43	125	45	80	54	174	165	99	89	52	65	101	69	26	21	313	70	16	45	180	71	23	45	145	133	52	74	83	74	18	67	91	112	41	67	69	88	53	40	179	93	28	105	28	150	85	76	89	232	113	17	22	189	37	52	42	77	118	290	226	31	31	47	90	74	132	131	54	192	47	149	236	97	57	191	110	22	99	106	131	93	12	126	101	86	127	117	34	35	48	90	147	102	161	22	102	44	53	81	233	132	82	201	143	38	87	189	156	73	20	154	268	34	93	332	69	141	212	99	90	210	96	24	61	6	13	9	85	31	65	182	134	105	18	53	93	69	64	104	75	102	52	78	56	25	22	65	75	72	147	99	194	139	22	75	224	60	91	226	229	168	96	68	83	198	204	52	101	147	107	33	227	256	181	51	16	115	71	64	70	20	64	279	83	263	41	108	47	33	173	30	250	29	80	56	125	154	38	16	82	282	250	111	200	183	44	61	71	7	31	241	23	46	58	81	18	51	130	112	39	126	24	50	124	72	121	63	100	207	193	112	15	28	59	49	11	133	99	40	235	23	271	35	110	148	151	406	75	89	51	209	117	134	85	53	69	75	279	32	143	81	43	47	81	34	140	288	111	135	64	269	29	97	71	48	38	111	231	46	70	84	259	53	33	61	34	138	479	32	128	161	131	24	56	117	102	77	171	147	73	155	142	54	42	6	55	168	80	71	74	54	144	141	26	206	113	110	46	162	18	51	20	49	58	89	122	120	220	22	321	9	176	30	45	88	79	47	70	158	191	92	102	94	79	184	370	54	33	187	241	134	69	44	117	115	88	44	163	23	56	93	28	182	82	83	74	81	15	239	241	88	13	110	35	9	7	208	95	170	66	87	41	63	110	62	164	178	91	107	171	146	58	46	160	79	109	20	90	69	24	7	15	93	110	24	43	107	64	31	45	61	76	257	27	344	73	162	172	292	15	219	44	82	150	54	57	334	106	46	61	52	107	104	60	95	74	24	112	48	131	54	82	87	18	67	201	144	46	278	67	7	191	259	24	64	67	105	105	118	99	61	127	24	106	133	83	17	154	58	85	34	8	17	9	43	192	106	85	241	44	27	54	99	180	68	83	93	5	66	87	205	43	51	47	71	108	103	110	188	23	30	20	186	115	18	42	112	25	31	97	8	58	94	81	110	68	145	129	160	11	162	128	6	49	126	212	50	57	16	19	269	170	14	106	147	64	39	284	211	31	64	102	167	71	61	59	181	121	51	154	48	85	47	158	6	103	122	60	30	81	47	30	237	45	8	148	13	170	46	135	220	165	34	13	142	44	163	169	157	228
37	0	0	0	0	0	0	0	0	0	0	0	0	0	0	0	0	0	0	0	0	0	0	0	0	0	0	0	0	0	0	26	0	0	0	0	0	0	0	0	1	0	0	0	0	0	0	0	0	0	0	0	0	0	0	0	0	0	132	0	0	57	0	0	0	0	0	2	0	0	0	0	0	0	0	0	0	0	0	0	0	0	0	0	0	0	0	0	0	0	0	0	0	0	0	0	0	0	0	0	0	83	0	0	92	7	47	0	0	0	0	0	0	0	3	0	0	7	0	0	0	0	0	0	0	0	0	17	44	0	0	0	0	0	0	0	0	0	39	0	0	0	0	5	35	0	0	0	0	0	0	0	3	0	30	68	3	16	0	0	0	0	0	32	0	0	0	0	0	0	0	0	0	0	0	0	0	0	0	0	4	0	0	0	66	0	0	0	0	0	0	6	0	0	0	0	0	0	0	0	0	32	143	0	17	46	30	138	2	41	141	9	150	22	55	59	16	27	87	93	106	104	66	77	75	189	124	39	104	154	6	154	0	0	134	89	0	98	135	0	67	8	0	17	78	81	0	0	16	0	121	15	14	18	17	52	37	53	30	7	262	24	123	114	3	48	39	16	213	0	52	150	106	66	235	22	13	189	90	90	290	65	80	187	84	124	73	0	246	0	22	114	0	1	9	76	1	14	0	7	16	67	111	226	26	137	171	84	129	16	58	57	138	167	72	77	21	292	67	191	118	29	44	166	41	177	94	62	105	42	91	18	97	96	366	62	361	44	51	131	87	24	163	34	59	55	94	55	97	29	123	95	109	63	77	230	36	131	15	87	4	67	178	57	157	119	80	52	47	78	43	124	23	21	43	18	92	39	121	82	128	25	134	50	190	257	94	64	37	100	245	54	240	78	82	164	52	136	165	72	492	40	191	22	190	64	255	102	67	291	43	95	119	170	72	31	17	84	45	82	90	159	66	176	141	238	252	19	79	18	152	95	215	245	8	91	79	43	206	219	24	84	179	83	8	220	30	112	91	205	183	32	61	28	68	27	108	60	150	27	115	170	37	27	142	105	119	271	95	39	71	60	43	52	177	43	23	126	25	80	119	115	46	47	127	169	1	188	106	53	222	115	224	13	70	121	114	13	39	90	23	46	90	95	105	72	149	66	49	26	87	210	191	139	99	31	29	42	52	86	94	80	62	89	35	293	65	123	126	27	200	83	147	103	220	39	316	93	84	64	58	68	91	59	20	43	78	64	47	46	49	70	21	153	77	87	57	48	98	102	125	73	62	51	82	121	148	102	41	26	110	30	86	163	69	21	96	95	113	197	170	80	33	66	81	127	178	162	35	99	42	48	46	184	230	52	108	302	111	116	63	268	132	96	104	170	82	102	163	61	127	35	38	101	63	43	74	43	53	112	207	182	143	99	220	48	141	146	82	113	164	97	85	337	72	73	61	174	21	173	70	215	34	137	257	77	191	360	50	41	55	99	78	108	65	26	66	95	8	71	113	66	45	64	98	161	55	23	91	93	295	53	115	73	146	172	128	20	66	53	165	26	45	13	190	96	244	166	241	81	34	215	218	27	83	86	95	290	98	198	61	104	56	21	78	190	68	90	158	75	96	79	74	91	103	48	93	2	279	119	132	65	12	71	113	185	95	162	193	54	98	94	242	252	54	46	49	123	15	2	103	14	69	88	131	59	211	29	72	13	41	69	74	92	184	81	19	98	123	21	113	271	215	60	23	104	64	119	124	46	207	73	116	162	253	9	48	73	122	83	14	197	105	58	164	33	74	109	45	128	147	108	101	24	7	74	81	68	85	12	176	77	53	39	9	47	140	185	73	37	229	119	232	250	95	181	129	24	74	94	129	125	123	61	79	156	17	69	74	192	188	116	75	188	66	236	116	91	27	179	167	177	250	235	141	42	52	108	57	261	6	0	31	48	101	149	59	50	142	112	47	107	131	56	156	274	11	127	109	12	67	405	98	46	186	137	20	98	149	412	102	63	193	77	19	80	51	37	71	92	122	171	155	76	92	82	57	178	150	138	128	319	55	101	125	219	46	112	51	41	115	126	138	223	105	106	110	40	84	55	24	132	70	71	179	220	20	49	138	115	129	147	65	74	169	107	95	108	56	369	270	132	62	145	174	111	64	12	16	44	18	108	67	89	155	112	151	258	366	18	47	203	151	74	103	103	113	52	95	62	47	122	46	151	162	107	87	99	44	251	45	20	108	131	50	31	104	71	75	213	72	51	245	42	90	53	20	38	113	24	203
38	0	0	0	7	0	0	0	0	0	0	0	0	0	96	0	0	0	0	0	0	0	0	0	0	0	0	0	0	0	0	0	0	0	0	0	0	0	0	0	0	0	0	0	0	0	0	0	0	0	0	0	0	0	0	0	0	0	0	0	0	0	0	0	0	0	2	0	0	0	0	0	0	0	0	0	0	0	0	0	0	0	0	0	0	0	0	0	0	0	0	0	0	0	0	0	0	0	0	0	0	3	0	113	60	13	36	0	4	0	0	0	0	0	40	0	0	2	0	0	0	0	1	0	0	0	0	0	2	0	0	0	52	0	0	1	0	41	0	0	0	0	0	0	12	0	0	0	110	0	0	4	0	0	0	0	9	3	0	0	0	0	0	50	46	9	0	0	0	1	0	65	0	0	3	0	0	0	0	37	0	28	0	0	27	0	0	0	0	0	0	20	27	0	0	0	57	0	0	0	0	75	4	0	175	3	135	120	135	22	22	22	0	93	116	42	110	81	112	0	21	44	59	48	27	59	76	183	108	97	74	87	0	0	32	50	2	22	261	2	150	48	28	12	68	122	24	17	14	17	179	113	0	27	2	12	127	83	88	16	21	36	113	14	0	0	92	0	40	175	12	90	0	105	52	65	7	44	184	7	156	21	41	77	20	49	51	14	100	67	133	14	22	48	66	33	24	43	46	143	9	65	16	89	167	56	199	212	153	118	91	103	46	255	97	168	116	196	116	44	189	25	230	91	99	28	121	61	227	77	197	243	67	381	40	24	72	79	59	42	32	75	53	103	15	84	104	99	171	136	119	231	150	110	51	20	87	123	81	229	233	90	91	29	45	41	12	96	55	95	106	54	102	222	108	222	188	151	208	24	180	18	99	117	119	96	159	122	124	69	166	99	129	66	52	117	131	39	36	108	70	159	54	35	55	15	216	59	49	90	184	61	176	100	32	182	131	130	80	188	17	5	166	125	50	191	140	384	45	57	95	154	119	58	31	116	167	185	43	109	32	93	196	36	11	4	96	51	47	69	86	91	19	195	68	81	11	133	83	104	31	71	70	206	53	24	47	58	257	79	93	18	106	52	77	147	156	60	38	26	51	112	295	36	21	165	180	7	47	62	157	58	65	58	92	167	197	33	114	35	28	189	88	159	7	59	122	214	218	43	115	135	92	53	181	14	22	153	43	219	71	139	194	69	14	46	39	112	91	160	89	71	83	22	55	187	85	272	46	86	140	66	62	33	39	301	37	96	74	70	76	74	23	108	266	28	21	55	87	54	187	102	37	49	10	122	40	101	83	127	55	73	71	71	63	231	145	71	118	93	62	292	101	189	159	1	87	85	198	21	27	49	60	63	229	59	105	43	3	109	122	70	93	118	62	152	165	176	100	200	18	60	204	44	288	20	57	114	7	104	103	194	169	80	152	195	60	45	109	33	22	108	79	140	127	80	50	36	139	32	91	29	110	135	71	96	209	46	198	112	58	41	101	75	197	23	42	106	211	50	90	298	125	79	167	88	10	76	65	89	108	82	175	47	369	170	167	27	12	180	98	2	33	119	103	181	242	101	51	98	48	162	7	86	26	19	36	114	76	78	112	191	93	156	73	19	48	115	60	39	328	45	277	70	32	82	131	159	11	43	92	113	17	24	179	77	110	119	84	157	105	85	47	35	176	62	66	120	126	110	89	70	48	43	194	44	111	61	162	24	138	93	96	129	82	10	70	26	136	24	158	50	9	205	55	104	20	184	237	43	91	102	27	121	159	117	58	110	133	174	163	47	127	13	56	112	135	122	77	19	54	120	244	87	289	14	96	53	112	100	297	64	56	213	50	239	144	52	104	108	255	144	140	181	248	11	302	179	174	62	202	136	104	69	57	136	76	136	83	258	78	35	36	313	18	23	68	51	32	203	114	83	179	68	64	43	34	40	168	121	91	63	37	32	209	43	17	32	44	139	9	161	128	30	93	95	21	91	20	28	77	167	177	115	48	25	336	27	84	60	65	224	33	80	129	93	174	91	77	25	198	184	75	64	17	54	142	67	95	162	97	74	99	139	130	44	94	83	69	95	31	218	296	174	83	32	171	22	27	81	140	136	17	13	61	239	272	248	320	149	201	43	100	232	107	56	174	40	93	5	101	129	45	89	41	44	56	30	140	27	46	32	27	52	98	115	157	41	185	85	51	107	22	162	79	86	58	152	29	15	85	59	175	103	24	116	62	119	56	39	44	145	55	68	137	48	35	92	169	50	46	78	175	196	163	355	40	90	20	119	145
39	0	0	0	0	0	0	0	0	0	0	0	0	0	0	0	0	0	0	0	4	0	0	0	0	0	0	0	0	0	0	0	0	0	0	0	0	0	0	0	0	0	0	0	0	0	0	0	0	0	0	0	0	0	0	0	0	0	0	0	0	0	0	0	0	0	0	0	0	0	0	0	0	0	0	0	0	0	0	0	0	0	0	0	0	0	0	0	0	0	0	0	0	0	0	0	0	0	0	0	0	0	1	0	40	0	0	0	0	0	0	0	26	0	113	84	0	0	0	0	35	0	0	0	0	0	0	24	0	0	0	58	0	0	0	0	0	0	0	0	0	0	0	1	14	0	0	271	66	0	0	0	0	0	0	20	0	75	1	0	20	0	0	0	0	107	0	0	0	1	51	0	0	0	0	0	0	10	0	15	1	0	0	0	14	0	0	0	0	17	240	0	13	0	0	0	0	0	0	0	0	66	51	7	38	104	41	171	62	206	4	87	0	38	118	26	17	12	53	3	71	210	26	150	2	129	25	76	43	97	41	76	0	7	90	190	0	91	56	20	0	8	2	84	2	107	109	112	5	71	9	120	12	125	0	84	32	35	33	109	110	251	93	161	30	16	102	21	84	59	118	31	105	30	3	11	265	16	143	291	48	41	34	14	19	437	74	0	1	0	85	106	2	0	60	194	237	97	101	49	78	34	18	24	202	135	154	86	340	15	46	271	70	147	179	162	30	32	41	43	211	40	150	49	80	66	98	143	186	61	91	113	32	10	186	6	77	209	117	50	68	30	161	13	58	44	421	108	42	111	90	43	13	42	87	86	127	96	10	56	239	168	118	123	73	89	59	181	61	52	105	64	32	21	49	155	171	62	77	144	12	88	286	125	262	24	83	38	153	119	19	39	28	61	37	2	164	44	191	13	80	353	111	100	15	99	183	5	208	65	72	81	52	51	239	328	52	226	26	22	105	109	45	87	205	7	239	270	30	78	41	40	57	64	177	141	145	215	194	32	66	55	128	115	38	50	212	28	43	120	50	156	272	104	167	37	41	183	52	60	151	46	54	96	108	109	33	183	36	71	103	80	142	150	146	31	96	44	66	44	47	9	110	122	73	7	88	156	135	115	14	60	111	28	153	48	29	153	114	33	182	240	46	73	27	248	115	28	112	95	97	66	75	128	65	224	70	77	17	194	167	192	82	15	161	49	72	168	64	134	47	181	105	242	67	71	47	87	58	136	30	65	5	117	325	84	361	63	481	60	55	95	121	70	54	148	52	97	83	25	167	66	146	108	35	102	89	36	164	67	12	131	49	122	22	110	135	101	117	110	51	15	35	41	52	100	168	18	35	178	81	31	69	123	32	208	212	68	131	235	44	261	103	88	160	91	47	92	36	150	88	55	13	62	264	126	199	128	84	44	15	115	14	96	116	269	200	171	39	28	43	110	82	184	13	204	97	100	142	439	58	295	21	95	164	127	58	10	188	49	28	110	39	34	87	116	211	226	109	61	130	349	108	34	45	54	83	53	65	172	25	171	150	28	7	103	94	76	90	21	124	149	57	165	40	126	33	163	128	91	232	36	231	184	43	60	202	41	51	257	50	68	92	207	161	58	94	105	49	20	143	58	147	45	87	187	98	40	134	142	42	66	128	232	64	52	187	206	41	21	48	59	125	140	86	39	185	223	90	84	235	94	140	49	75	67	94	89	72	418	10	178	30	22	87	179	3	175	136	73	85	41	129	50	98	64	383	219	41	231	52	107	5	9	58	42	53	87	17	33	70	110	40	56	77	121	120	56	146	118	215	44	24	97	79	146	90	283	51	138	176	107	57	115	24	60	139	23	189	100	109	87	32	84	11	94	121	237	21	40	94	90	89	41	113	380	77	28	132	153	69	47	59	31	47	69	117	110	22	304	121	107	255	21	20	49	169	164	82	46	81	118	78	141	130	95	74	120	19	191	89	232	90	30	43	56	128	12	60	240	78	138	5	71	106	43	143	24	63	46	132	28	58	15	241	65	235	60	71	120	52	67	177	138	39	114	209	139	36	66	94	117	77	106	140	33	85	159	111	112	6	41	52	135	93	175	88	14	43	70	62	121	88	36	31	147	1	60	69	129	76	29	34	237	50	12	97	182	81	33	48	258	87	35	43	102	119	81	140	189	187	154	272	267	108	97	19	84	21	80	97	90	41	28	18	37	72	18	89	33	179	69	75	7	359	98	27	80	98	27	316	80	155	84	440	151	87	5	60	207	110	104	23	41	51	67	30	218	146	69	13
40	0	0	0	0	0	0	3	0	0	0	0	0	0	0	0	0	0	6	0	0	0	0	0	0	0	0	0	0	0	0	0	0	0	0	0	0	0	0	0	0	0	0	0	0	0	0	0	0	0	0	0	0	0	0	0	0	0	16	0	0	0	0	0	0	0	0	0	0	0	0	0	0	0	0	0	0	0	0	0	0	0	0	0	0	0	0	0	0	0	0	0	0	0	0	0	0	0	0	0	0	0	0	4	0	131	43	0	42	1	0	0	0	0	54	29	0	0	0	0	21	0	0	60	0	0	0	0	0	0	0	0	0	0	0	0	0	0	0	0	0	0	0	0	5	0	0	6	5	0	0	0	0	0	4	8	0	0	0	0	1	39	0	0	0	0	0	31	0	2	0	0	0	0	0	0	0	0	0	0	0	11	0	0	0	0	0	115	5	0	6	0	0	0	0	0	0	0	0	0	0	69	69	12	47	38	29	15	170	27	28	104	0	0	0	123	17	21	0	0	177	2	211	7	261	154	112	185	9	0	226	93	22	0	118	75	0	18	34	0	103	16	23	7	186	21	25	18	27	0	111	188	5	73	5	68	260	110	82	51	124	160	31	76	5	0	12	113	108	87	0	77	8	27	51	102	22	123	60	176	91	106	159	27	252	46	5	0	187	86	19	47	62	75	121	180	37	28	14	4	41	89	41	33	154	57	74	22	135	16	149	29	161	179	120	271	122	93	63	31	71	108	208	440	217	113	356	158	36	124	64	104	83	151	155	72	146	172	76	18	171	89	83	152	94	41	87	146	131	22	124	19	15	84	103	103	34	25	158	70	224	167	210	256	14	273	42	137	21	179	11	50	81	176	55	256	89	22	32	155	250	81	48	93	72	96	60	92	78	103	49	56	67	141	125	31	75	136	39	54	170	137	79	92	190	134	97	51	125	23	121	158	168	146	33	25	170	51	34	32	36	36	189	78	146	72	180	68	77	114	47	138	103	136	121	170	63	22	125	100	106	82	36	67	226	134	132	72	62	63	29	54	136	127	59	14	143	72	101	69	216	105	20	115	145	124	41	18	86	60	77	13	169	64	76	17	100	234	77	55	90	165	136	116	26	58	58	113	249	17	120	248	147	164	83	100	38	43	56	39	26	11	69	30	54	18	36	154	8	78	188	43	59	27	37	124	41	75	31	57	135	215	41	169	478	76	91	49	65	54	85	182	97	154	20	77	136	180	77	119	35	65	196	152	250	113	88	141	37	85	269	16	81	29	67	226	132	183	131	5	229	344	187	107	56	99	102	154	42	16	63	101	85	65	68	80	160	40	36	183	163	57	35	80	44	106	327	106	133	200	124	82	208	55	164	25	149	57	69	88	36	87	149	13	324	204	28	52	32	92	64	146	8	79	181	87	32	142	15	44	452	98	271	9	71	7	128	66	274	75	161	23	56	126	61	90	67	44	78	64	106	149	64	124	9	78	123	172	56	160	2	125	162	26	194	52	199	56	29	15	76	330	202	112	82	135	67	92	31	62	18	315	118	142	93	130	220	114	15	69	72	111	114	53	73	33	73	8	38	63	71	67	493	13	207	24	87	134	19	30	226	58	51	200	87	86	139	93	137	96	51	172	32	171	110	188	60	100	67	66	221	110	27	102	96	18	129	75	39	119	58	352	88	59	62	138	36	146	114	48	68	39	309	145	112	157	272	146	149	46	206	71	79	14	81	56	188	217	289	63	471	25	91	95	203	114	34	47	5	33	64	93	227	210	22	67	79	19	170	90	105	29	146	98	28	48	87	198	80	47	34	89	39	53	42	117	191	505	6	62	182	257	97	89	135	11	165	141	178	97	53	144	137	162	7	92	193	146	61	81	28	18	106	207	39	94	67	26	30	119	49	60	95	122	82	185	68	13	30	71	77	179	43	29	207	118	55	61	18	186	138	131	93	49	159	204	72	50	264	197	20	92	78	76	148	120	194	66	233	150	92	49	107	79	122	115	21	157	92	97	66	93	50	34	88	100	227	116	113	39	29	28	27	193	145	31	73	161	84	31	85	39	90	161	198	50	69	188	145	71	118	148	50	7	73	145	37	161	64	180	135	31	263	187	105	183	161	55	79	43	104	104	185	11	86	61	111	18	44	46	36	34	81	19	42	144	50	133	51	178	16	47	73	51	120	44	80	72	129	84	202	90	90	28	26	23	100	118	58	175	32	95	96	113	32	16	125	180	118	101	104	113	35	65	189	65	99	102	100	75	85	104	50	83	57	19	76	100	31	21	143
41	0	0	0	0	0	0	0	0	0	0	0	0	0	0	0	0	0	0	0	0	0	0	0	0	0	0	0	0	0	0	0	0	0	0	2	0	0	0	0	0	0	0	0	0	0	0	0	0	0	0	0	0	0	0	0	0	0	0	0	0	0	0	0	0	0	68	0	0	0	122	0	0	0	0	0	0	0	0	0	0	0	5	0	0	0	0	0	0	0	0	0	0	0	0	0	0	0	15	0	1	41	0	0	4	0	0	0	17	0	0	0	0	1	39	0	0	4	0	0	4	3	0	0	0	0	0	0	105	7	171	0	0	0	0	0	48	0	0	0	0	0	0	88	23	0	0	0	41	0	0	0	0	0	0	31	0	0	0	0	13	100	0	0	0	0	0	0	0	0	0	7	0	0	0	0	0	0	33	0	0	0	0	0	1	0	0	0	5	0	113	39	7	0	0	0	0	0	0	0	0	32	72	11	24	72	15	10	238	202	0	92	2	26	22	23	169	1	78	0	139	123	62	118	34	24	54	42	19	3	6	148	43	39	20	8	1	25	99	12	112	28	199	105	77	33	62	28	2	5	207	2	0	153	45	0	5	65	143	154	92	146	117	6	0	0	108	0	209	16	46	150	136	46	143	72	58	29	81	144	0	9	65	9	36	105	40	0	177	0	8	137	28	24	161	75	26	131	13	9	189	67	43	115	5	28	54	91	66	151	24	42	24	240	125	53	49	147	51	135	15	208	93	8	81	10	57	62	16	55	6	138	73	215	68	67	32	29	93	12	138	71	177	13	214	66	2	38	124	70	127	57	95	61	59	310	106	11	48	49	63	130	51	148	175	479	43	222	185	162	191	125	227	53	5	102	146	301	49	44	130	72	23	92	98	68	128	366	162	165	62	53	11	120	51	121	37	86	13	91	262	82	177	99	145	132	161	74	81	107	16	79	209	99	100	117	63	50	131	341	68	41	100	85	81	79	211	77	15	71	139	47	56	74	7	33	104	73	155	10	25	131	54	5	156	58	55	51	15	119	43	159	136	17	121	96	50	252	74	119	77	74	76	140	125	156	187	142	131	23	93	67	75	83	164	20	39	29	28	54	64	17	229	81	320	202	128	99	99	109	78	58	70	118	43	23	52	41	181	81	55	4	125	157	74	47	79	124	26	397	40	69	276	27	92	17	8	39	64	162	84	34	98	412	76	236	274	74	61	159	39	52	61	107	38	23	33	220	129	131	71	157	45	113	33	43	35	110	58	179	74	32	137	88	29	45	33	202	104	131	63	90	28	273	46	53	153	69	154	189	148	40	56	123	198	45	75	278	13	293	90	250	283	11	54	283	223	167	84	166	20	80	74	41	33	286	67	53	104	67	73	60	197	142	13	212	113	53	22	170	50	57	162	89	262	125	33	82	43	117	68	132	32	76	122	82	12	108	41	81	31	37	106	33	189	73	205	9	61	236	78	152	105	76	95	8	42	47	79	167	98	97	162	162	106	76	163	99	58	224	94	304	149	127	30	80	245	102	137	194	74	103	156	52	180	82	43	78	111	92	85	63	59	84	50	88	58	83	106	181	150	41	47	129	129	42	86	151	92	128	64	62	77	40	170	158	282	95	93	28	196	51	4	72	95	27	58	43	208	21	212	74	82	17	9	10	79	76	92	111	72	116	127	36	70	162	173	67	11	89	66	179	63	142	43	105	125	14	90	62	154	133	101	58	44	113	86	83	41	248	92	200	234	30	142	53	175	83	28	18	82	34	97	49	52	124	127	276	202	82	128	4	210	46	177	39	23	140	26	62	139	77	88	119	186	180	84	48	119	26	135	36	158	79	221	91	77	64	36	187	120	50	268	226	318	310	203	92	82	154	75	35	16	91	118	17	115	105	197	109	71	63	161	54	218	60	35	93	31	203	37	107	36	98	40	39	93	5	47	78	34	69	85	166	19	55	144	2	101	228	152	72	15	70	110	56	47	40	61	49	95	10	79	143	27	102	47	37	220	4	39	215	88	422	63	90	89	239	108	67	163	103	274	86	34	94	11	55	105	96	66	204	24	17	162	88	156	50	39	101	110	14	40	97	173	84	289	273	117	202	182	190	145	30	63	72	87	38	63	13	120	89	17	91	81	25	103	264	437	82	131	89	90	107	3	37	97	102	60	56	153	290	39	79	65	50	30	32	68	254	49	112	37	38	90	58	109	31	118	168	243	70	207	82	122	28	29	226	186	280	21	103	145	31	118	34	180	68	27	69	86	165	22	43	108	127	338	49	130	51	136
42	0	0	0	0	0	0	0	0	0	0	0	0	0	0	0	0	0	0	0	0	0	0	0	0	0	0	0	0	0	0	0	0	0	0	0	0	0	0	0	0	0	0	0	0	147	0	0	0	0	0	0	0	0	0	0	0	0	0	45	0	0	0	9	0	0	0	0	0	0	0	0	0	0	0	0	0	0	0	0	0	0	0	0	0	0	0	0	0	0	0	0	0	0	0	0	0	0	0	0	0	0	0	1	0	0	0	1	9	0	0	0	0	0	0	7	0	0	56	0	0	0	0	10	0	0	18	0	0	0	0	0	0	93	0	40	0	0	0	0	0	20	0	0	0	61	0	35	73	0	8	5	0	9	0	6	0	19	0	0	19	0	1	0	28	7	0	0	0	0	0	0	0	0	14	0	0	0	0	0	0	0	0	0	3	57	0	0	21	0	0	16	81	102	47	0	12	0	0	0	0	0	62	0	26	52	77	11	75	175	53	43	0	45	42	102	49	14	48	6	121	163	8	27	0	94	100	191	350	8	138	19	111	0	240	9	0	90	50	0	48	19	21	128	144	223	14	81	10	80	12	200	55	81	0	79	49	101	58	123	62	43	58	92	0	176	54	0	110	0	33	334	193	48	5	83	44	3	199	0	22	27	27	141	7	229	167	0	71	56	95	132	82	0	119	0	34	110	22	100	0	96	12	118	30	35	104	197	107	53	106	17	73	61	36	32	16	166	66	20	41	1	75	137	54	98	82	17	217	108	140	112	163	109	9	65	29	133	65	23	124	24	78	129	60	103	118	61	95	73	59	69	158	72	269	180	138	165	100	105	8	29	200	53	184	60	103	60	40	33	7	171	21	79	204	99	49	87	160	119	49	66	139	327	133	19	181	175	78	152	38	244	77	81	92	85	75	162	63	159	71	46	48	87	241	251	64	118	186	105	4	155	91	293	23	70	58	136	23	36	99	102	126	33	74	59	206	305	69	81	76	115	131	109	30	141	93	9	78	86	142	217	107	212	98	237	347	19	65	79	209	53	55	11	73	24	94	357	304	91	63	241	138	214	101	11	46	66	114	96	215	67	243	229	72	30	114	38	150	28	31	83	83	197	114	176	163	31	147	151	129	261	82	111	8	104	190	151	153	26	57	117	189	125	77	89	36	68	522	54	60	50	173	87	23	152	26	56	50	105	46	122	132	98	12	80	109	227	227	180	106	66	110	127	114	32	19	117	91	62	96	54	101	106	87	57	52	79	200	227	92	235	22	45	102	22	199	85	335	129	167	44	88	56	114	61	162	90	62	167	39	73	37	168	64	46	58	154	64	158	124	77	46	186	178	89	159	92	35	54	31	25	36	26	123	35	108	58	132	45	202	139	101	18	105	152	63	189	106	117	28	52	287	44	38	13	59	89	19	71	160	138	78	85	112	88	131	92	42	46	48	170	56	105	20	39	133	133	81	83	29	91	191	45	91	105	68	100	44	107	147	44	271	129	58	58	51	48	129	110	33	151	52	132	52	52	156	29	61	28	34	112	29	150	107	42	129	32	60	96	76	54	88	99	288	59	116	89	101	47	16	128	45	119	381	102	33	23	96	78	105	75	120	200	49	8	169	406	93	51	72	70	23	509	50	154	95	53	120	83	93	4	105	102	212	43	160	45	161	87	51	109	56	27	77	81	165	41	115	54	85	61	62	16	55	137	49	92	88	34	105	88	3	91	65	170	254	51	66	147	10	208	61	74	103	198	23	25	60	58	32	108	184	80	212	152	131	30	87	57	215	129	118	110	54	66	73	192	176	71	160	61	117	152	150	55	112	187	204	71	43	239	22	175	211	55	48	494	44	36	197	34	43	71	49	22	49	86	50	14	17	199	93	174	126	112	172	374	101	102	99	112	22	236	73	107	162	358	70	61	23	42	165	17	134	15	240	117	245	215	247	92	57	42	51	157	88	129	31	39	233	118	95	72	106	35	92	32	40	111	20	50	138	239	254	26	206	125	69	84	119	61	37	82	107	65	56	165	113	161	67	117	98	40	62	117	258	213	21	113	106	51	143	85	67	163	55	40	46	137	170	112	83	254	105	109	52	106	42	84	121	26	75	141	238	241	209	58	118	101	21	113	185	63	134	70	135	50	19	121	54	48	139	70	101	7	107	128	31	123	160	59	109	192	166	36	93	38	242	86	98	43	156	42	72	45	53	137	147	29	32	46	62	254	395	117	4	32	64	139	8	116	98	203	113	65	71	75	194	107	145	186	59	83	253	52	104	41	10	95	71
43	0	0	0	0	0	0	0	0	0	0	0	0	0	0	0	0	0	0	0	41	0	0	0	0	0	0	0	0	0	0	0	0	0	0	0	0	0	0	0	0	13	0	0	0	0	0	0	0	0	0	16	0	0	0	0	0	0	0	0	0	0	8	0	0	0	0	28	0	0	0	0	0	0	0	0	0	9	0	0	0	0	0	0	0	0	0	39	1	0	0	0	0	0	0	0	0	12	0	0	0	76	0	0	1	31	0	0	0	0	0	0	0	0	1	0	0	0	0	0	2	201	0	96	0	3	0	0	0	0	0	0	0	0	0	0	0	0	15	0	0	0	0	0	12	0	0	0	0	0	15	34	115	0	42	0	0	0	0	35	20	0	0	0	10	0	0	0	0	0	33	0	0	6	0	0	0	0	0	0	0	6	0	0	73	4	2	158	0	0	112	4	0	0	197	0	36	0	0	10	0	42	220	106	6	155	75	72	74	241	0	32	0	0	48	36	34	27	0	23	41	88	42	117	45	87	99	124	67	57	87	25	91	28	16	4	0	137	340	18	70	20	7	23	45	121	43	33	11	3	41	0	55	229	8	166	72	21	79	70	80	78	113	154	2	0	103	0	82	7	57	36	84	15	20	40	123	171	72	0	23	27	44	22	1	27	85	0	17	22	14	37	68	11	145	0	43	17	43	27	283	300	57	23	50	97	207	18	109	312	169	112	389	387	57	19	137	127	50	76	77	55	35	93	208	50	55	27	115	50	142	56	31	133	122	78	47	73	18	60	131	193	51	39	89	181	44	70	123	311	19	43	48	11	147	107	160	97	209	71	91	238	19	100	81	104	74	63	61	345	105	22	78	23	23	24	42	70	117	63	168	76	73	136	171	67	52	134	165	50	63	18	111	195	74	34	81	87	65	74	130	162	210	125	88	166	66	78	27	199	27	25	55	43	102	91	27	118	224	127	82	15	215	189	54	23	91	56	59	79	78	129	134	68	14	136	216	105	20	22	108	107	36	237	28	239	45	68	37	125	61	29	59	82	45	74	57	90	169	82	70	105	13	45	96	47	60	102	24	74	30	104	182	32	214	250	103	35	56	30	134	77	60	71	108	19	52	22	91	134	71	134	96	73	56	29	35	163	123	289	18	94	34	91	64	161	225	66	42	163	75	45	56	18	132	80	87	89	273	58	26	84	107	44	159	198	80	542	204	63	216	74	205	179	95	45	101	24	87	60	201	112	146	43	54	99	53	18	27	33	230	253	96	58	52	18	103	43	40	58	29	26	125	96	45	120	57	383	26	18	61	117	34	23	35	25	89	39	133	112	46	95	71	13	195	79	10	111	206	158	32	294	132	122	17	176	51	13	59	179	221	69	125	54	91	173	139	109	90	60	65	52	60	97	97	146	150	203	31	28	96	94	166	105	87	25	23	146	30	233	31	23	153	30	31	30	64	69	139	58	176	94	56	37	27	101	63	90	61	49	15	216	181	139	46	52	32	54	106	77	181	289	53	105	175	116	42	31	36	50	32	79	68	155	72	64	82	61	152	31	146	63	21	155	25	179	281	78	236	22	53	5	39	146	71	122	189	33	74	23	41	50	193	97	21	149	41	58	23	76	87	107	44	132	89	65	234	130	145	103	69	31	42	88	24	73	72	3	103	117	66	62	31	90	91	288	30	156	73	74	167	137	145	35	34	163	261	109	42	114	237	216	73	73	151	111	48	155	236	95	73	114	142	80	188	56	51	91	57	174	265	86	175	162	35	111	207	71	49	101	216	148	114	128	82	28	71	16	83	65	58	139	129	110	17	25	227	51	32	124	141	247	45	21	39	453	130	148	81	69	79	23	159	346	189	41	183	14	96	57	191	110	117	109	42	126	40	106	68	212	48	194	87	106	55	115	30	42	181	141	79	47	25	22	126	63	242	148	123	165	94	111	28	210	170	63	179	66	141	61	73	136	105	150	147	160	123	14	77	102	112	197	52	259	27	100	156	150	43	60	143	49	132	67	117	244	90	19	14	160	260	149	61	69	390	27	192	177	213	66	30	168	121	96	85	64	18	149	44	52	48	87	21	95	111	45	224	76	108	39	140	122	41	33	71	71	29	152	26	14	82	168	105	109	120	146	179	122	138	44	146	57	278	239	26	100	295	172	101	86	77	79	36	300	49	67	45	185	95	195	55	90	15	108	276	54	178	25	420	356	111	193	108	43	19	234	9	82	88	188	45	90	40	197	81	178	70	117	145	38	131	36	53	117	126	107	78	48	105	149	51
44	0	0	0	0	0	0	0	28	0	0	0	0	0	0	0	0	0	0	0	0	0	0	0	0	0	0	0	0	0	0	0	0	0	0	0	0	0	0	0	0	0	0	0	0	0	0	0	0	0	0	0	0	0	0	0	0	0	0	0	0	0	0	0	0	0	0	0	0	0	0	0	0	0	0	0	0	0	0	0	0	0	0	0	0	0	0	0	0	0	0	0	0	0	0	0	0	0	0	0	0	82	0	0	0	0	0	0	0	0	0	0	0	0	18	0	122	0	5	0	0	7	0	0	0	0	1	0	0	0	50	0	0	0	0	3	2	0	0	0	5	0	26	8	27	0	0	0	104	0	0	0	0	0	0	12	0	0	0	0	56	61	0	0	30	15	0	10	0	0	0	32	0	0	0	0	0	0	0	46	0	0	0	50	0	4	0	0	0	0	0	0	0	4	0	0	0	0	0	0	0	298	56	124	86	111	92	35	46	15	10	71	36	11	52	151	81	0	26	0	35	39	21	74	34	30	19	102	62	78	181	156	0	0	41	50	0	162	167	0	92	0	65	3	56	252	73	0	25	0	12	139	25	3	26	34	157	12	25	48	29	87	59	13	0	0	0	0	179	51	18	85	0	84	20	71	62	59	46	112	58	0	56	117	5	70	19	0	4	0	8	140	42	43	160	78	81	8	21	22	7	47	110	47	111	64	149	74	283	178	50	155	43	59	104	17	81	161	70	7	114	19	183	188	24	173	369	50	75	77	82	88	171	105	20	200	246	74	170	25	100	50	174	9	63	97	20	131	40	197	245	63	39	82	92	53	199	48	101	20	80	455	45	90	43	22	120	132	142	164	41	15	74	112	84	144	158	151	106	51	133	25	176	152	54	80	27	137	39	11	111	143	13	57	54	119	93	45	188	101	50	40	53	1	130	94	233	66	95	123	112	214	122	23	147	105	16	149	176	75	82	124	195	283	198	185	32	94	56	47	48	56	121	44	189	104	78	126	69	142	66	41	138	10	30	241	188	18	111	25	53	137	177	55	94	132	118	130	19	5	267	49	32	83	59	228	95	52	243	98	146	27	127	89	207	211	64	27	41	77	49	111	92	35	47	143	84	172	186	45	64	92	89	67	23	177	118	137	104	34	30	61	43	74	215	44	106	173	161	32	5	109	44	270	17	106	119	82	32	85	95	141	225	189	85	80	144	176	27	139	98	48	249	101	90	50	157	54	120	29	23	158	56	106	203	98	71	92	86	46	160	64	26	73	322	47	242	18	106	47	97	53	50	138	113	142	12	55	94	152	79	44	391	81	99	15	149	106	125	158	61	86	85	45	23	155	69	79	82	85	207	11	34	80	139	178	122	46	47	88	112	108	81	44	54	151	26	52	239	94	46	42	20	52	128	57	74	110	129	154	101	18	344	28	98	57	27	150	83	117	184	100	26	271	248	32	18	59	226	86	75	210	217	4	102	99	300	129	104	27	232	159	5	93	68	8	67	71	73	24	74	10	39	108	29	93	81	41	36	132	60	13	45	122	58	120	83	159	105	65	75	58	105	182	179	48	88	125	63	83	44	57	128	96	42	125	157	125	69	85	111	46	49	107	30	153	137	46	58	29	64	91	21	113	178	151	238	49	229	158	92	94	9	63	130	22	79	72	83	152	36	186	33	245	119	15	156	95	46	10	40	273	63	117	46	41	70	50	40	98	213	227	211	101	17	119	24	108	21	153	45	43	84	55	40	257	153	124	169	561	65	141	20	50	108	89	247	128	13	43	3	342	75	93	177	96	91	84	149	114	37	23	39	24	67	56	68	133	41	76	36	30	33	134	61	94	187	114	105	55	31	64	23	66	140	56	141	34	27	119	98	16	59	121	60	72	67	125	214	130	186	205	74	83	173	86	121	168	35	219	44	69	201	270	55	48	127	22	58	71	146	206	30	76	70	29	97	213	50	178	208	12	144	30	150	246	204	70	10	170	49	77	80	86	41	82	16	76	48	116	279	19	77	57	109	119	145	166	48	9	45	163	88	46	87	85	178	228	16	124	45	73	111	223	324	15	98	233	31	112	102	112	102	69	86	202	189	105	96	131	150	103	128	54	113	60	33	306	259	185	85	11	70	129	36	210	82	104	39	225	256	224	172	107	127	80	163	110	169	181	88	115	230	57	30	68	74	88	141	47	73	62	73	10	25	9	61	91	11	78	41	45	66	126	26	85	136	185	51	25	86	53	25	122	145	69	57	47	46	87	85	63	13	88	3	73	172	64	72	149	84
45	0	0	0	0	0	0	0	0	0	0	0	0	0	0	0	0	0	0	0	0	0	24	0	0	0	0	0	0	0	0	0	0	0	0	0	0	0	0	0	0	0	0	0	0	0	0	0	0	0	41	0	0	0	0	0	0	0	0	0	0	0	0	0	0	0	0	0	0	0	0	0	0	0	0	0	0	0	0	0	0	0	0	0	0	0	0	0	0	0	0	0	0	0	0	0	0	0	0	0	0	0	0	0	8	0	0	0	0	0	156	0	0	60	40	0	1	4	0	0	17	0	17	0	0	12	0	24	12	0	0	0	0	0	0	0	13	0	0	0	0	0	0	0	2	0	0	0	42	0	0	0	0	0	0	0	7	0	0	0	0	0	0	134	0	66	0	0	0	0	42	0	19	0	0	0	0	0	0	0	0	0	90	0	0	12	0	0	0	10	2	121	0	0	5	13	0	0	0	0	0	12	26	35	15	70	2	27	70	105	0	25	0	10	127	21	42	0	0	25	207	144	68	88	45	98	152	201	38	27	56	32	17	51	8	354	10	169	61	37	11	0	45	5	50	139	0	143	35	0	195	82	122	68	0	82	79	14	72	67	134	132	440	21	1	0	38	0	104	0	24	147	0	145	27	85	88	172	153	53	144	60	119	223	45	119	0	0	133	0	50	71	41	52	257	43	101	130	1	0	67	85	47	38	100	137	195	41	32	117	79	120	104	134	118	72	80	18	59	110	14	102	123	96	30	129	42	146	225	166	67	19	181	203	101	90	113	204	59	150	32	80	43	77	34	199	55	89	165	117	108	162	30	178	136	60	119	22	201	59	90	35	22	30	44	51	75	8	64	128	17	37	129	107	38	124	150	173	56	97	30	108	84	214	18	76	99	22	113	212	147	17	138	29	56	23	51	71	54	33	84	95	56	52	177	108	191	111	44	26	34	164	11	81	38	23	343	163	6	59	8	188	217	107	75	184	175	78	205	31	35	27	130	91	80	182	145	35	14	127	121	11	73	68	176	79	76	170	124	36	76	89	201	54	251	131	11	88	260	129	95	53	42	62	19	36	6	37	177	68	115	110	187	124	85	41	137	304	156	55	84	102	41	12	18	190	38	156	53	135	90	61	131	102	16	50	29	9	162	31	45	303	84	172	140	173	47	64	199	40	77	159	31	41	36	65	89	16	109	88	19	152	116	57	108	94	96	168	103	196	110	46	283	264	71	151	74	122	22	64	131	54	189	147	155	161	189	194	137	24	129	90	33	95	45	72	83	15	71	9	10	24	16	161	108	27	37	71	163	61	149	24	62	28	48	61	71	242	151	441	98	146	68	112	69	4	20	11	75	186	35	96	103	195	44	176	36	109	128	106	35	30	126	29	109	15	133	74	203	66	25	256	60	59	300	95	152	32	85	98	136	15	38	56	106	25	92	78	82	25	94	69	30	8	10	22	154	25	105	42	30	39	123	22	57	126	140	17	175	78	127	112	92	130	68	120	39	145	81	81	69	139	20	112	37	26	28	71	100	106	169	167	95	163	180	64	79	25	57	180	75	122	106	63	45	64	47	165	186	86	64	88	28	105	37	172	94	48	60	143	76	168	63	132	26	20	109	76	101	88	79	146	103	29	111	125	175	7	84	144	56	29	30	66	88	151	154	230	45	84	73	83	88	92	193	155	136	130	203	101	79	20	162	12	49	56	15	108	13	6	92	33	419	125	40	146	87	270	172	187	95	42	28	48	247	99	58	91	35	36	123	62	29	196	137	60	87	92	195	16	72	188	101	121	57	116	66	88	103	45	76	113	58	112	72	29	48	123	47	44	99	87	66	180	63	50	54	189	234	112	112	35	57	61	80	84	144	30	75	38	40	96	207	141	139	66	121	84	48	30	220	34	59	135	111	18	120	102	19	170	222	74	182	87	179	150	184	182	45	115	30	71	57	77	105	44	145	36	128	66	20	110	145	211	58	232	70	15	76	20	69	22	62	148	306	91	21	32	254	137	180	278	85	110	91	27	48	58	122	110	157	20	231	227	25	12	25	170	128	192	21	137	31	108	60	61	15	171	39	60	164	77	17	138	55	14	88	6	59	110	72	232	65	124	113	110	28	68	22	46	34	122	66	65	221	78	56	116	107	127	99	97	43	16	90	104	131	216	99	28	134	101	53	148	56	45	141	84	114	97	216	223	41	17	120	46	38	26	48	36	25	158	131	102	232	182	220	120	25	35	40	72	45	22	188	132	45	130	21	79	82	15	115	96	129	74	47	47	45	44	17
46	0	0	0	0	0	0	0	0	0	0	44	0	0	0	0	0	0	0	0	0	0	19	0	0	0	0	0	0	0	0	0	0	0	0	0	0	0	0	0	0	0	0	0	0	0	0	0	0	0	0	0	0	0	0	0	0	0	0	0	0	0	0	0	0	0	0	0	0	0	0	0	0	0	0	0	0	0	0	0	0	0	0	0	0	0	0	0	0	0	66	0	0	0	0	0	0	0	0	0	0	0	0	4	0	0	27	0	0	0	0	0	27	9	0	0	8	0	0	0	143	0	3	0	0	57	0	0	0	0	0	0	0	0	0	0	0	0	0	27	0	11	75	19	34	0	0	48	30	0	0	54	0	0	0	0	14	127	0	0	0	0	0	0	65	29	0	7	2	30	0	81	0	0	0	0	15	0	0	61	0	0	0	0	76	0	5	0	0	0	0	0	0	1	70	0	0	0	14	4	0	181	90	0	25	83	0	9	92	117	5	72	0	9	31	59	58	53	54	0	65	158	81	82	16	101	233	87	29	9	81	61	0	0	67	120	0	287	0	2	217	0	16	99	30	52	251	28	126	0	2	57	73	0	37	13	57	14	114	73	190	102	78	174	124	0	26	39	210	62	56	62	92	13	100	0	64	174	83	160	37	87	29	0	82	142	257	0	131	65	118	76	158	159	73	0	104	53	39	7	6	123	10	83	42	148	109	191	67	229	80	92	201	20	128	77	170	46	190	214	67	77	97	52	98	88	31	83	54	78	75	23	142	146	18	310	100	24	116	116	81	99	98	73	29	168	89	116	27	405	68	209	69	34	103	76	289	159	75	27	26	177	241	31	16	324	43	109	177	160	133	41	16	124	61	16	18	130	197	130	65	94	115	208	153	77	64	52	15	25	94	65	90	77	24	44	27	83	193	28	16	210	85	79	92	157	50	50	192	41	105	164	43	60	7	16	193	53	145	130	44	60	16	131	155	120	15	78	176	38	254	73	31	65	25	43	105	89	81	247	241	85	58	28	64	98	34	147	159	27	140	71	48	52	68	62	256	94	102	34	196	102	51	124	71	35	195	106	154	86	153	10	104	91	112	63	90	87	93	12	64	104	69	2	60	30	44	81	155	127	29	62	166	106	44	170	87	67	44	76	82	47	51	17	31	45	98	89	17	17	72	90	40	161	42	69	85	131	16	53	132	218	166	145	25	146	95	122	56	58	207	88	67	196	102	189	63	86	43	12	78	98	83	18	45	102	121	202	173	71	44	31	44	245	78	100	57	114	101	28	61	90	59	249	101	83	47	285	60	55	45	73	66	49	41	85	32	31	21	158	101	168	61	37	310	60	52	40	117	152	31	117	69	13	30	66	105	61	183	150	116	37	129	41	94	37	90	38	87	27	120	100	47	19	175	171	104	30	121	37	62	30	98	11	111	224	76	47	68	50	385	60	68	79	8	192	55	45	88	110	14	85	173	228	201	58	79	218	92	70	364	70	117	120	93	83	89	161	59	109	80	178	23	17	39	97	107	150	172	16	49	92	251	191	41	187	38	145	175	35	65	49	59	304	102	47	115	239	77	15	143	47	10	106	46	228	146	23	15	8	29	65	211	93	22	46	98	46	34	62	43	206	103	135	27	399	23	7	151	73	15	125	94	56	36	133	142	171	44	29	58	245	27	82	65	184	56	86	92	80	63	89	182	83	92	57	106	191	61	20	138	36	45	84	80	160	103	168	81	113	83	129	17	72	143	93	66	162	190	277	194	76	204	211	160	18	93	107	123	71	117	109	106	33	49	218	199	160	56	400	39	195	28	121	6	109	87	129	154	83	49	35	200	121	50	53	18	91	84	129	37	122	52	122	55	145	73	103	241	290	49	37	129	91	148	114	128	194	116	22	10	208	38	112	127	148	5	111	103	102	278	273	229	30	83	86	63	151	46	70	107	205	102	213	44	43	23	77	39	65	72	46	73	161	96	59	45	105	22	85	77	93	13	166	66	73	395	10	28	13	79	154	214	57	59	41	193	16	97	162	134	193	21	76	133	65	124	175	55	71	312	103	67	15	140	140	43	172	115	208	10	53	193	21	46	64	61	14	99	128	20	38	127	91	54	43	69	115	85	48	230	102	513	58	84	111	29	235	76	22	124	61	60	40	100	277	154	152	197	72	69	142	77	73	24	65	172	13	97	37	259	134	211	52	73	71	13	68	62	133	226	94	186	43	95	87	44	55	106	115	78	118	75	77	88	107	188	39	23	119	85	194	267	16	112	42	64	173	28	151	26
47	0	0	0	0	0	0	0	0	0	0	0	0	0	0	0	0	0	0	0	0	0	0	0	0	0	0	0	0	0	0	0	0	0	0	0	0	0	0	0	0	0	0	7	0	0	0	0	1	0	0	0	9	0	0	0	0	0	0	0	0	0	0	0	0	0	0	57	0	0	0	0	0	0	0	0	0	0	0	0	0	0	10	0	0	0	0	0	0	0	0	0	0	0	0	0	0	0	0	0	126	66	0	0	0	52	0	12	0	0	0	0	0	0	0	0	0	189	0	0	0	0	0	28	0	0	0	0	5	0	0	0	0	0	0	0	0	0	0	1	0	0	63	0	0	0	0	0	0	0	19	0	0	0	0	18	0	9	0	0	0	0	0	0	0	30	0	0	0	0	0	0	0	0	0	0	0	0	12	0	57	0	0	0	0	0	0	0	0	0	210	0	7	0	0	0	27	0	42	0	49	7	11	100	91	45	2	71	290	53	51	71	19	80	68	0	34	1	126	0	21	83	13	55	233	86	106	216	4	133	57	121	69	0	118	100	18	123	23	42	47	5	156	52	136	9	96	18	239	35	58	0	391	75	4	110	80	94	21	25	87	38	164	261	0	0	153	14	42	92	141	55	23	58	98	219	194	57	150	1	24	184	0	21	84	88	84	32	58	130	15	70	76	66	64	108	149	63	0	7	15	188	67	41	92	103	28	46	76	113	11	168	101	69	83	3	82	172	121	133	124	24	110	73	19	74	170	52	131	129	55	185	93	41	17	19	79	52	67	59	231	255	69	112	176	26	196	70	64	33	36	32	131	95	129	105	49	95	40	76	62	39	245	42	22	29	64	63	227	25	151	146	62	54	91	20	125	215	73	66	116	161	232	100	18	98	237	132	266	218	135	62	61	89	264	53	36	130	37	152	36	183	63	20	171	83	187	215	46	90	63	70	123	54	128	62	97	254	272	77	151	16	83	26	34	119	152	106	110	41	95	95	177	19	38	95	148	41	75	21	95	14	235	24	26	162	216	101	10	135	117	249	173	207	2	96	21	68	115	149	37	194	31	36	52	79	59	28	65	174	111	132	171	153	153	92	64	22	123	84	52	206	150	125	67	13	29	193	91	240	78	49	92	104	109	3	12	224	61	105	155	362	39	98	106	175	205	50	40	49	366	47	116	171	132	39	41	119	48	70	274	47	122	62	15	72	57	44	265	269	36	65	144	103	24	101	59	197	49	134	14	86	138	81	6	69	96	104	87	126	31	10	47	277	129	16	174	48	100	21	255	53	89	37	157	117	36	98	93	29	77	174	207	60	44	76	57	32	97	19	85	119	49	60	46	136	148	294	28	78	173	67	36	159	90	82	42	52	21	103	179	39	69	158	55	30	230	165	38	222	30	83	88	129	80	208	129	44	265	67	111	85	108	102	51	40	158	21	120	56	103	13	51	97	95	119	29	355	213	29	204	49	90	165	103	135	14	35	261	127	63	154	58	42	42	188	190	73	110	46	26	106	92	195	38	231	86	51	72	19	84	92	82	175	135	53	123	85	134	34	106	34	60	98	113	100	100	70	12	25	145	118	109	106	94	199	107	161	49	118	44	186	107	36	83	23	85	75	84	38	11	6	124	175	123	56	119	169	37	26	85	107	32	187	158	91	203	101	75	169	63	184	73	101	245	186	146	195	89	67	48	56	56	54	21	363	110	19	35	12	50	9	184	81	33	72	72	10	26	225	104	49	91	78	26	101	93	25	159	48	123	213	104	90	20	268	26	32	412	126	213	104	312	289	50	83	161	3	63	25	18	102	33	104	74	105	63	45	62	113	21	83	143	31	102	61	96	277	40	147	76	48	62	65	110	56	261	245	157	117	191	126	95	190	90	68	102	112	155	353	76	158	161	15	146	11	272	22	34	98	94	52	284	208	96	138	305	32	52	88	103	81	64	180	173	65	29	59	146	119	28	44	106	16	129	78	22	96	37	101	188	134	37	82	93	58	20	98	115	51	141	79	51	48	41	16	82	130	40	105	22	85	50	22	91	72	244	103	86	92	32	47	51	88	68	108	24	51	89	48	45	25	55	91	68	132	87	58	61	161	53	210	54	59	37	35	180	30	88	107	72	7	78	14	76	81	70	103	183	67	7	8	163	8	153	155	87	10	106	32	67	99	55	68	44	95	160	98	83	54	108	137	176	19	211	71	32	85	255	76	111	203	98	36	57	82	57	56	48	81	43	83	27	59	129	231	107	55	119	206	215	55	210	80	61	55	116	166	93	86	41
48	0	0	0	0	0	0	33	0	0	0	0	0	0	0	0	0	0	0	0	0	0	0	0	0	0	0	0	0	0	0	0	0	0	0	0	0	0	0	0	0	17	0	0	0	0	0	0	0	0	0	0	0	0	0	0	0	0	0	0	0	0	0	0	0	0	0	0	0	0	0	0	0	0	0	0	0	0	0	0	0	0	0	0	0	0	0	0	0	0	0	0	0	0	0	0	0	0	5	0	0	7	0	0	0	0	0	0	0	0	0	0	0	0	0	0	45	0	0	0	58	0	0	0	0	0	0	65	0	0	0	0	0	31	0	0	0	0	1	0	0	0	0	0	49	0	7	58	14	0	0	0	0	0	0	0	0	53	0	6	0	0	0	60	0	0	0	0	0	8	0	56	0	0	14	0	0	0	0	38	0	0	0	0	0	0	0	0	0	0	0	0	19	0	0	0	0	0	0	0	0	36	180	45	42	2	8	5	49	141	57	77	56	169	0	104	110	23	22	20	56	138	76	141	7	92	66	37	185	61	5	46	27	33	3	286	36	70	176	0	62	0	23	232	73	18	7	54	16	0	119	1	0	25	183	28	251	126	193	9	171	23	293	2	75	0	29	13	0	0	250	61	89	126	76	151	31	182	58	83	34	94	159	243	59	173	16	0	74	2	148	10	42	38	3	25	13	2	42	87	72	29	33	11	203	89	10	191	204	21	7	186	49	32	49	431	137	17	36	59	116	80	209	110	60	116	46	87	62	153	38	38	39	183	69	39	38	254	156	76	281	85	160	24	41	71	66	4	17	70	115	258	98	32	71	9	73	80	173	175	21	56	71	56	179	53	28	126	129	199	18	60	34	157	60	164	179	172	55	19	128	101	45	117	12	120	106	125	36	91	136	95	81	24	198	19	181	43	64	92	68	23	66	92	36	305	215	65	21	76	59	201	85	133	90	135	22	5	28	160	37	199	61	199	117	201	30	82	280	22	107	124	79	153	40	60	44	102	119	133	65	72	40	92	164	169	14	101	116	160	33	251	12	133	93	80	45	99	64	98	90	36	66	77	113	88	153	25	193	42	64	384	57	342	158	177	69	61	133	3	61	95	166	71	6	181	213	98	123	274	264	67	22	52	31	72	99	33	123	132	663	75	47	79	103	68	56	10	82	27	123	65	30	327	74	29	51	113	148	82	76	96	158	109	20	174	65	91	129	97	104	57	14	35	21	36	129	33	129	255	31	137	94	108	94	247	81	77	74	148	170	85	40	46	99	135	73	100	117	225	140	198	53	197	111	104	69	95	24	154	144	113	68	188	77	118	48	174	22	123	102	8	117	63	32	69	122	10	78	160	142	167	43	56	157	179	25	54	156	30	127	121	84	120	118	65	19	98	264	74	154	82	60	104	265	59	34	46	140	23	162	72	98	10	57	76	136	55	228	26	111	241	46	23	84	62	83	142	91	121	56	119	157	124	151	30	68	106	191	65	61	164	165	38	37	9	43	51	64	18	257	139	263	20	155	58	14	56	83	144	94	20	34	125	129	24	39	90	261	149	55	31	80	62	109	14	141	11	61	73	36	64	30	168	41	94	64	46	123	29	19	43	27	72	25	133	69	204	48	15	81	141	243	51	68	51	53	248	67	166	177	41	11	198	61	51	248	42	117	89	3	125	21	45	37	49	160	283	60	63	89	155	99	16	36	49	151	49	93	63	43	92	88	40	42	63	40	142	174	57	78	254	7	333	62	103	164	201	324	74	43	44	42	93	116	375	134	372	39	217	221	24	71	48	105	69	98	46	29	103	63	314	160	99	90	112	70	103	127	49	110	180	53	164	237	166	69	103	155	74	97	22	94	132	259	19	270	35	66	72	242	103	103	99	24	63	49	79	259	36	67	136	35	66	249	180	107	330	126	88	76	460	243	93	49	22	71	79	126	167	58	110	83	52	86	40	51	119	181	81	40	233	47	59	222	124	53	185	75	78	157	145	54	50	39	41	64	32	167	22	129	114	121	147	79	134	32	84	107	93	127	71	170	159	158	56	172	22	64	45	74	72	160	34	198	77	237	35	123	1	20	24	120	71	64	175	67	121	129	28	35	47	101	109	79	197	93	87	56	144	370	75	271	163	53	103	34	113	110	120	127	163	176	44	46	13	31	13	20	231	60	53	5	38	17	93	108	76	42	69	86	95	55	179	162	103	107	33	39	27	120	65	40	27	76	34	227	32	78	123	54	23	67	199	123	107	113	103	77	35	68	19	56	229	226	47	172	54	112	187	39
49	0	0	0	0	0	0	0	0	0	0	0	0	0	0	0	0	0	0	0	0	0	0	0	0	0	0	0	0	0	0	0	0	0	0	0	0	0	0	0	0	0	0	0	0	0	0	0	0	0	0	0	0	0	0	0	0	0	0	0	0	0	0	0	0	0	0	0	0	0	0	0	0	0	0	0	0	0	0	0	0	0	0	0	0	0	0	0	0	0	0	0	0	0	7	0	0	0	0	0	0	0	0	0	0	0	0	47	0	0	0	0	12	4	0	0	0	23	22	40	0	0	0	0	0	147	0	0	0	0	0	0	0	6	9	0	0	0	0	0	0	111	0	0	50	0	0	0	0	0	0	0	25	75	0	41	0	0	0	0	0	0	0	0	0	0	0	0	0	0	0	73	74	0	0	0	0	16	0	16	0	0	0	0	70	59	0	14	0	0	103	0	0	0	29	0	0	5	0	0	0	105	472	99	18	65	72	18	83	327	3	47	3	10	40	35	0	2	180	0	94	139	0	56	78	179	65	156	14	67	75	43	25	0	2	92	0	156	68	118	154	1	5	10	31	69	95	26	15	12	138	171	23	1	0	75	110	43	44	103	27	208	120	41	0	17	59	0	87	0	17	197	14	24	39	105	0	38	52	23	130	172	89	98	110	172	1	0	137	18	47	54	215	46	23	76	45	375	23	18	0	85	43	123	143	83	53	57	109	143	160	49	116	126	31	22	154	69	115	82	136	125	49	140	131	31	29	79	346	198	142	64	72	99	19	76	149	58	262	116	27	136	304	156	22	204	29	98	181	121	198	97	5	80	174	46	139	44	157	246	224	410	149	386	108	23	26	44	113	189	311	1	143	105	233	211	366	87	61	178	6	71	108	42	98	49	83	79	39	44	47	100	46	30	239	35	66	226	27	216	8	271	61	95	50	127	21	47	231	186	107	23	142	210	67	28	39	211	64	60	77	110	233	23	87	82	89	56	219	283	102	58	130	40	105	102	49	174	128	309	154	92	110	40	19	55	38	92	101	206	177	87	25	88	50	69	57	65	68	106	63	127	196	184	204	99	194	23	114	247	52	304	32	46	45	151	94	153	92	95	45	151	99	146	42	23	141	68	132	63	53	104	29	47	219	49	65	12	111	43	33	134	167	126	34	6	74	135	25	127	59	99	70	185	178	76	109	157	92	73	67	112	49	157	51	64	26	73	62	229	229	141	55	8	116	264	79	87	138	130	77	128	28	69	81	121	9	68	29	104	198	105	169	72	56	47	38	80	53	65	36	75	23	103	20	42	48	9	80	215	125	27	216	14	45	36	221	77	354	99	89	95	157	47	134	47	346	172	74	91	30	76	245	280	49	96	53	6	60	48	5	72	78	67	7	58	65	38	102	124	211	85	111	210	81	93	20	205	155	132	114	239	41	32	103	135	185	149	12	27	1	34	96	79	67	111	101	45	152	7	118	79	113	45	247	72	108	314	30	52	120	62	218	197	26	80	22	308	8	194	105	18	156	40	10	10	63	35	56	179	171	56	39	105	47	11	340	132	62	47	121	46	77	127	36	211	100	41	132	159	222	64	119	48	110	139	335	81	19	68	119	121	20	194	87	294	142	24	56	138	115	88	78	233	86	143	52	47	51	16	39	59	35	30	44	79	144	79	143	23	233	125	14	66	18	72	134	180	24	62	225	16	105	151	103	104	201	42	175	166	49	32	86	104	102	211	73	55	107	46	172	45	168	46	148	2	44	81	61	101	23	65	212	54	98	49	339	83	29	167	56	54	54	33	68	261	54	7	38	10	60	56	74	106	45	74	85	23	28	88	57	101	34	48	38	84	21	122	138	89	105	93	125	43	188	306	23	78	87	49	105	197	159	29	34	47	176	118	165	165	62	170	68	51	144	37	154	214	39	55	139	34	159	82	16	93	55	14	57	244	84	37	370	45	60	100	60	205	96	140	108	92	66	106	34	118	35	21	65	38	152	92	90	187	71	191	246	98	107	109	152	95	28	300	343	119	20	79	42	143	116	55	129	54	96	215	127	55	128	218	53	243	63	181	143	118	200	91	138	157	108	138	83	144	162	151	202	338	22	53	63	7	3	25	206	56	31	90	58	60	42	30	23	23	138	68	38	41	80	56	115	32	49	107	73	129	208	118	56	80	43	104	205	216	163	38	99	195	101	160	82	119	98	83	81	34	27	54	3	131	149	289	215	66	88	42	94	35	73	174	97	6	70	156	131	23	179	37	207	152	41	32	199	148	83	45	26	57	125	70	96
50	0	0	0	0	0	0	0	0	0	0	0	0	0	0	0	0	0	0	0	0	0	0	0	0	0	0	0	0	0	0	0	0	0	0	0	0	0	0	0	0	0	0	0	0	0	0	7	0	0	0	0	0	0	0	0	0	0	0	0	0	0	0	0	0	0	0	0	0	0	0	0	0	0	0	0	0	0	0	0	0	0	0	0	0	0	0	0	0	0	0	0	0	0	0	0	0	0	0	0	0	11	0	0	9	0	0	0	0	0	0	0	0	0	0	13	28	0	0	2	15	0	0	0	0	0	0	0	61	0	0	0	15	10	33	68	0	0	0	0	6	0	0	0	0	0	16	0	0	0	0	0	0	0	0	0	0	99	0	29	0	0	3	0	0	0	1	0	0	0	0	0	140	0	0	0	0	0	0	0	0	0	0	13	0	0	0	0	12	0	51	33	0	0	10	0	0	0	0	10	0	61	23	2	147	62	94	42	107	158	0	215	101	14	130	11	11	59	100	5	23	9	165	122	81	133	165	89	38	58	0	145	0	0	218	45	0	142	10	0	65	0	167	41	77	165	72	115	8	0	44	65	5	0	0	15	109	91	55	0	99	5	56	44	8	5	86	5	50	0	16	193	0	59	11	54	5	87	35	64	80	7	2	70	15	17	168	0	45	3	112	149	76	24	9	45	126	214	58	26	42	22	104	236	165	66	142	79	99	53	24	98	95	102	170	140	3	22	52	86	245	60	56	153	67	9	147	287	205	87	28	185	233	19	170	72	91	50	84	28	116	105	235	72	61	49	50	142	40	97	106	131	142	66	172	255	8	23	42	91	85	37	91	273	145	28	184	122	47	64	77	70	147	110	30	21	24	53	59	78	182	49	121	30	45	156	110	80	30	313	78	124	62	71	276	80	172	155	10	178	57	19	50	235	179	156	97	387	53	167	108	118	39	90	31	76	62	48	114	156	124	86	126	98	108	142	88	13	180	223	8	52	153	129	182	114	11	36	279	40	38	180	321	77	88	189	93	71	103	160	64	54	109	41	34	145	319	64	104	60	53	400	371	156	77	212	140	218	33	194	237	129	66	12	165	50	183	71	77	134	21	63	90	13	60	54	43	266	89	39	26	6	118	266	41	221	146	133	101	128	33	49	92	149	72	39	341	282	51	77	57	44	109	95	209	18	80	134	10	183	105	58	311	68	30	78	71	35	33	58	17	48	31	184	93	211	81	71	118	54	73	251	22	61	287	42	30	86	60	182	19	124	40	116	83	167	65	119	126	114	8	42	122	53	75	30	143	37	95	97	95	136	26	41	39	66	37	155	161	36	110	22	79	212	76	50	79	76	111	116	10	38	134	95	78	111	16	41	38	193	101	20	70	43	232	104	108	76	76	13	130	65	73	282	66	73	87	38	26	211	125	229	16	33	46	176	171	230	5	85	200	116	23	50	57	42	27	112	138	15	140	77	63	74	64	47	55	81	47	50	116	34	129	35	102	226	43	237	415	83	24	233	60	202	52	34	44	103	52	40	204	24	80	77	65	79	106	15	84	23	121	62	40	272	100	135	48	77	57	102	119	21	56	147	34	70	93	175	87	181	129	64	75	121	111	50	66	1	33	77	106	77	156	90	56	152	196	115	30	26	225	26	55	114	37	98	132	85	240	108	58	147	108	62	122	162	157	71	51	177	75	22	60	212	8	193	27	327	166	179	186	84	95	131	81	40	63	64	81	49	58	78	45	46	32	21	103	49	65	69	112	136	111	196	102	72	28	36	59	225	23	42	188	85	10	219	95	110	55	113	65	106	113	239	159	96	132	162	108	54	226	132	39	90	307	211	38	102	87	48	63	54	95	30	18	106	42	78	114	83	95	170	97	13	136	132	110	76	383	41	217	45	44	113	184	72	103	61	297	70	31	146	33	15	104	64	57	88	45	86	209	167	98	42	200	82	173	159	94	65	84	140	128	9	67	20	171	172	203	148	115	22	156	29	247	30	73	146	111	123	165	121	93	173	144	45	29	36	47	123	89	47	194	76	83	157	54	174	77	195	11	27	50	113	140	128	87	105	59	121	69	87	31	81	65	173	58	57	265	78	90	96	69	82	79	122	99	80	56	38	76	51	143	31	119	101	19	148	54	5	123	12	39	41	161	103	29	42	158	109	386	34	122	95	61	137	98	137	68	46	118	18	28	75	99	119	131	112	74	21	102	80	103	113	192	121	100	176	401	55	104	203	87	83	94	105	109	120	83	86	69	160	320	159	104	78	201	27	37	157	31
51	0	0	0	0	0	0	0	0	0	0	0	0	0	0	0	0	0	0	0	0	0	0	0	0	0	0	0	0	0	0	0	0	0	0	0	0	0	0	0	0	0	0	0	0	0	0	0	0	0	0	0	0	0	0	0	0	0	0	0	0	0	0	0	0	0	0	0	0	0	0	0	0	0	0	0	0	0	0	0	0	0	0	0	0	0	0	0	0	0	0	0	0	0	0	0	0	0	0	0	0	0	0	0	0	0	0	0	0	0	0	0	0	0	0	0	0	0	0	0	0	0	0	0	0	0	0	0	0	0	0	0	0	0	0	0	0	0	0	0	0	0	0	0	0	1	0	0	0	0	0	0	0	0	0	0	0	0	0	0	0	0	0	0	11	0	0	0	0	0	0	0	0	0	0	0	0	0	0	0	3	0	0	0	0	0	0	0	0	0	0	0	0	0	0	0	0	0	0	0	0	0	0	0	0	0	0	0	0	0	0	0	0	0	0	0	0	0	0	0	0	0	0	18	0	0	0	0	14	0	0	0	0	0	0	0	0	0	83	0	0	20	0	0	0	0	0	0	0	0	0	0	35	0	0	0	0	0	0	0	0	0	0	0	0	0	0	0	0	17	0	0	0	0	0	0	0	0	0	0	0	0	0	0	0	0	0	0	0	0	0	0	0	0	0	0	0	0	0	0	0	0	0	0	0	0	0	140	1	0	0	33	16	0	0	0	0	0	3	0	0	0	0	33	0	0	40	13	0	2	0	0	6	149	0	11	8	0	144	0	0	67	14	0	0	0	0	0	0	24	0	0	0	0	0	0	11	0	83	0	0	15	0	0	301	10	115	0	0	1	0	181	0	0	0	24	0	11	0	2	0	0	0	0	0	0	163	0	0	0	0	2	0	0	0	0	22	121	0	13	0	40	71	8	0	1	0	0	0	3	0	0	5	0	73	0	92	0	0	25	0	1	67	0	0	98	0	21	128	0	138	0	31	0	0	37	0	0	26	58	0	0	0	282	56	50	0	12	0	0	0	15	0	12	0	0	9	264	5	239	0	0	10	0	0	313	118	0	98	21	0	47	27	0	28	14	0	0	0	0	111	0	24	16	0	0	6	0	17	55	2	0	51	28	146	0	4	0	0	0	0	147	1	57	165	1	44	0	10	139	61	105	4	40	31	0	178	232	1	11	56	0	35	0	6	12	0	85	63	14	22	57	0	74	35	0	0	77	50	53	12	49	38	0	9	176	0	82	0	0	0	7	45	27	123	115	16	113	23	0	11	8	120	43	13	3	78	0	0	6	181	127	143	57	79	83	137	167	20	52	218	299	0	232	0	41	191	10	119	8	11	85	33	58	68	24	21	67	52	99	15	64	12	190	6	23	101	81	102	92	151	9	13	2	1	59	29	154	30	239	0	124	1	14	56	42	121	14	22	52	131	52	64	46	1	215	67	123	99	52	145	55	3	0	0	254	68	6	56	89	15	1	22	6	13	16	42	45	311	313	126	59	3	4	241	33	27	68	28	15	128	68	20	49	7	7	55	178	0	61	0	81	133	6	83	25	13	311	15	0	68	13	1	111	109	0	11	17	177	420	0	0	248	43	0	57	53	147	41	64	6	16	47	204	233	43	31	95	99	15	157	237	40	18	171	143	153	100	102	37	73	26	58	77	35	175	56	46	70	31	184	6	9	10	11	39	29	421	15	18	74	95	11	59	27	60	76	1	11	21	20	52	37	86	0	114	45	54	79	59	112	50	84	6	59	79	18	37	202	13	160	0	30	98	128	88	20	124	23	0	32	35	82	90	67	42	68	1	206	40	214	41	49	33	7	291	1	85	51	13	49	41	76	172	123	37	120	9	17	6	16	16	1	45	82	170	112	0	100	55	8	65	5	1	19	41	129	56	11	25	214	164	30	85	63	54	213	59	38	169	41	110	34	24	12	226	100	62	135	17	0	4	6	257	187	24	29	220	235	0	69	73	56	1	13	30	96	40	160	189	61	23	1	61	38	168	0	36	110	0	9	16	127	28	30	31	51	45	220	114	177	190	105	3	94	33	19	5	88	56	84	82	117	7	197	120	3	55	34	26	16	3	13	8	99	6	42	70	35	163	28	93	102	0	57	340	54	45	62	22	54	92	51	129	11	82	18	57	93	90	13	93	79	58	134	62	130	12	31	52	29	1	70	8	115	52	110	27	97	36	43	51	135	28	47	98	224	88	144	101	154	67	28	51	80	98	121	10	81	46	71	46	112	215	43	230	280	149	17	1	40
52	0	0	0	0	0	0	0	0	0	0	0	0	0	0	0	0	0	0	0	0	0	0	0	0	0	0	0	0	0	0	0	0	0	45	0	0	0	0	0	0	0	0	0	0	0	0	0	0	0	0	0	0	0	0	0	0	0	0	0	0	0	0	0	0	0	0	0	0	0	0	0	0	0	0	0	0	0	0	0	0	0	0	0	0	0	0	0	0	0	0	0	0	0	0	0	0	0	0	0	0	0	0	0	0	0	0	0	17	0	0	0	0	0	0	0	0	0	0	0	0	0	0	0	0	0	0	0	0	0	0	0	0	0	0	0	0	0	0	0	0	0	0	0	0	0	0	0	0	0	0	0	0	0	0	0	0	0	0	0	0	0	0	0	0	0	0	0	0	0	0	0	0	0	0	0	0	0	0	0	0	0	0	0	0	0	0	0	0	0	0	0	0	0	0	0	0	0	0	0	0	0	0	0	0	0	0	0	0	0	0	0	0	0	0	0	0	0	0	0	1	0	0	0	0	3	0	0	0	0	0	0	0	0	0	0	0	0	0	0	0	0	0	0	0	0	0	0	0	0	0	0	0	0	55	0	0	0	0	0	0	0	0	0	0	0	0	0	0	0	0	0	49	0	0	0	0	0	0	0	0	0	0	0	0	0	0	0	0	0	0	0	0	0	0	0	0	0	0	0	0	0	0	1	0	47	0	2	0	0	0	27	96	0	82	0	0	0	0	0	0	0	0	35	4	0	200	31	0	9	0	248	0	42	0	79	42	0	33	0	0	34	76	0	0	0	0	4	0	0	0	0	0	0	0	0	0	0	65	0	0	0	0	5	199	3	78	0	0	65	0	31	0	0	0	0	1	18	0	0	0	0	0	0	0	0	334	12	0	0	2	3	0	0	0	0	3	121	0	2	0	20	57	0	41	18	0	99	0	1	0	0	8	0	47	0	7	0	0	108	0	160	105	0	0	51	0	0	141	0	185	0	16	0	1	16	2	0	15	74	0	0	3	32	74	231	0	0	0	0	0	457	0	21	0	26	30	28	19	18	0	0	15	0	0	9	18	0	18	10	0	10	102	0	0	62	138	0	85	0	34	0	75	29	0	0	62	53	0	124	7	0	28	45	79	0	5	0	0	0	44	120	0	80	8	4	63	0	30	174	20	42	34	22	127	0	160	37	96	3	37	0	85	0	57	27	0	58	24	0	14	52	0	12	135	0	9	4	75	44	107	52	7	0	0	37	0	3	0	36	0	0	1	17	36	154	11	31	46	0	132	4	86	68	27	15	111	0	4	11	183	89	14	25	55	60	52	37	2	0	40	101	0	103	0	9	39	80	84	5	6	117	184	41	46	30	215	11	55	153	98	43	25	13	4	125	122	90	87	92	14	62	144	48	3	93	0	172	50	108	1	156	4	3	155	18	73	0	98	109	57	13	84	31	3	241	6	81	10	60	149	85	110	0	0	50	13	5	112	34	39	0	98	164	161	11	39	31	49	191	9	19	0	47	60	9	150	176	6	4	46	91	27	146	21	36	46	42	76	19	0	32	54	121	64	55	9	167	97	33	8	32	7	57	122	0	8	84	113	27	0	0	14	124	0	43	91	5	27	24	91	67	36	55	125	65	93	53	69	3	127	10	150	4	126	169	156	27	21	64	39	11	55	5	72	0	27	24	86	72	188	55	19	33	18	54	39	103	0	65	68	201	166	174	21	95	117	23	43	14	126	30	28	9	1	71	156	0	155	27	169	23	421	56	35	69	53	42	176	18	33	2	12	96	88	8	49	47	128	49	89	170	15	35	53	8	162	27	42	48	10	107	57	3	81	116	5	166	102	65	11	14	36	95	83	47	31	77	47	45	21	199	77	166	44	84	69	17	25	3	16	29	0	0	50	61	2	24	7	131	95	186	148	122	17	89	60	40	18	199	102	47	48	65	6	13	113	55	44	0	0	8	36	54	73	52	7	18	32	5	45	58	45	64	16	92	99	26	14	91	38	52	72	7	99	127	0	44	111	0	168	55	54	22	56	61	77	114	32	66	30	42	133	65	69	1	11	103	67	155	27	15	2	8	44	11	31	74	164	114	2	18	8	52	74	84	194	25	61	33	10	55	50	89	24	100	26	32	53	1	22	156	22	70	95	77	39	28	53	29	76	120	127	84	41	0	205	64	7	70	27	14	32	41	45	77	86	13	2	133	6	97	20	54	35	23	111	37	353	34	165	63	41	0	197	11	9	39	6	12	80	47	220	55	142	35	161	59	38	12	4
53	0	0	0	0	0	0	0	0	0	0	0	0	0	0	0	0	0	0	0	0	0	0	0	0	0	0	0	0	0	0	0	0	0	0	0	0	0	0	0	0	0	0	0	0	0	0	0	0	0	0	0	0	0	0	0	0	0	0	0	0	0	0	0	0	0	0	0	0	0	0	0	0	0	0	0	0	0	0	0	0	0	0	0	0	0	0	0	0	0	0	0	0	0	0	0	0	0	0	0	0	0	0	0	0	0	0	0	0	0	0	0	0	0	0	0	0	0	0	0	0	0	0	0	0	0	0	0	0	0	0	0	0	0	0	0	0	0	0	0	0	0	0	0	0	0	0	0	0	0	0	0	0	0	0	0	0	0	0	0	0	0	0	0	0	0	0	0	0	0	0	0	4	0	0	0	0	0	0	0	0	0	0	0	0	0	0	0	0	0	0	0	0	0	0	0	0	0	0	0	0	0	0	0	0	0	0	0	0	0	0	0	0	0	0	0	0	0	0	0	0	0	0	0	0	0	0	0	0	0	0	0	0	0	0	0	0	0	0	0	0	0	0	0	31	0	0	0	0	0	0	0	0	0	0	0	0	0	0	0	0	0	0	0	0	2	0	0	1	0	0	34	0	0	0	0	0	0	0	0	0	0	0	0	0	0	0	0	0	0	0	0	0	0	0	0	0	0	0	0	0	0	0	0	0	51	0	5	0	0	0	0	0	0	101	0	0	0	43	0	0	15	0	0	0	0	63	13	0	41	0	96	0	167	0	71	12	0	0	0	0	7	176	0	0	0	0	0	0	24	0	0	14	0	0	0	2	0	96	0	0	45	0	0	156	7	33	0	0	0	0	61	0	0	0	6	0	0	0	8	0	0	0	0	0	0	35	0	0	0	0	0	0	0	0	0	0	9	0	33	1	59	61	0	11	4	88	182	0	60	0	105	0	0	63	0	391	0	0	269	0	11	62	1	0	15	0	16	63	0	24	0	1	5	0	11	61	0	11	37	0	1	11	37	191	103	0	1	0	0	0	21	0	6	0	23	142	87	43	23	0	0	52	0	0	19	53	0	148	111	0	13	13	0	1	94	12	0	63	0	156	0	9	34	0	0	157	88	0	0	2	0	129	6	53	38	18	0	0	0	7	56	0	141	51	0	94	0	1	28	29	14	0	32	13	15	152	80	115	32	109	0	112	0	60	0	0	59	113	45	6	207	0	23	21	0	24	4	54	33	67	45	1	0	0	7	0	0	0	77	73	0	49	150	74	67	111	171	40	0	122	2	125	50	43	3	92	0	33	152	64	29	15	80	45	0	25	193	24	2	31	159	0	48	0	6	142	95	54	41	55	73	19	47	43	122	109	21	11	67	101	23	166	29	18	60	179	179	262	151	53	39	75	5	11	70	8	26	38	29	47	86	12	117	153	0	145	0	139	29	107	93	0	4	1	133	24	137	105	112	80	97	17	0	6	63	22	66	152	3	188	14	73	37	145	26	0	80	83	17	36	79	5	4	36	17	128	45	55	49	29	83	70	45	0	59	12	43	12	85	0	28	85	10	292	49	0	28	24	4	15	69	0	171	19	0	9	16	91	134	0	19	89	38	0	205	2	82	61	2	73	32	105	51	65	57	71	162	87	0	121	38	79	7	16	99	18	54	40	136	54	40	6	38	0	151	6	7	21	160	29	140	56	2	149	57	83	22	0	82	39	42	52	123	86	35	9	99	7	16	10	32	26	200	67	123	57	0	21	197	73	152	48	260	30	95	16	41	36	16	172	11	65	128	76	16	193	203	37	30	70	33	140	25	75	8	155	67	112	6	36	236	60	135	28	107	5	6	88	107	60	65	244	42	72	4	48	87	8	0	45	52	290	0	15	5	127	80	2	20	24	27	47	22	213	85	26	80	17	37	157	99	13	41	30	13	125	80	203	40	131	24	33	20	2	85	16	49	144	9	7	0	80	41	129	9	10	45	26	16	40	45	44	33	60	8	18	1	36	50	218	48	32	31	22	212	0	50	28	0	43	13	34	58	12	94	51	27	54	67	48	79	199	173	28	37	302	115	57	147	71	24	138	9	27	90	66	147	67	117	46	65	40	68	36	4	3	52	78	23	13	75	26	9	198	83	42	137	127	14	75	523	13	47	27	114	18	133	188	33	39	76	165	112	25	22	104	111	100	16	26	64	41	222	65	4	52	71	5	125	12	39	74	203	205	11	27	21	68	7	79	69	18	76	49	50	17	178	53	36	31	117	58	49	45	59	15	197	50	30	53
