0	0	0	0	0	0	0	0	0	0	0	0	0	0	0	0	0	0	0	0	0	0	0	0	0	0	0	0	0	0	0	0	0	0	0	0	0	0	0	0	0	0	0	0	0	0	0	0	0	0	0	0	0	0	0	0	0	0	0	0	0	0	0	0	0	0	0	0	0	0	0	0	0	0	0	0	0	0	0	0	0	0	0	0	0	0	0	0	0	0	0	0	0	0	0	0	0	0	0	0	0	12	12	12	12	12	12	12	12	12	12	12	12	12	12	12	12	12	12	12	12	12	12	12	12	12	12	12	12	12	12	12	12	12	12	12	12	12	12	12	12	12	12	12	12	12	12	12	12	12	12	12	12	12	12	12	12	12	12	12	12	12	12	12	12	12	12	12	12	12	12	12	12	12	12	12	12	12	12	12	12	12	12	12	12	12	12	12	12	12	12	12	12	12	12	12	12	12	12	12	12	24	24	24	24	24	24	24	24	24	24	24	24	24	24	24	24	24	24	24	24	24	24	24	24	24	24	24	24	24	24	24	24	24	24	24	24	24	24	24	24	24	24	24	24	24	24	24	24	24	24	24	24	24	24	24	24	24	24	24	24	24	24	24	24	24	24	24	24	24	24	24	24	24	24	24	24	24	24	24	24	24	24	24	24	24	24	24	24	24	24	24	24	24	24	24	24	24	24	24	24	48	48	48	48	48	48	48	48	48	48	48	48	48	48	48	48	48	48	48	48	48	48	48	48	48	48	48	48	48	48	48	48	48	48	48	48	48	48	48	48	48	48	48	48	48	48	48	48	48	48	48	48	48	48	48	48	48	48	48	48	48	48	48	48	48	48	48	48	48	48	48	48	48	48	48	48	48	48	48	48	48	48	48	48	48	48	48	48	48	48	48	48	48	48	48	48	48	48	48	48	72	72	72	72	72	72	72	72	72	72	72	72	72	72	72	72	72	72	72	72	72	72	72	72	72	72	72	72	72	72	72	72	72	72	72	72	72	72	72	72	72	72	72	72	72	72	72	72	72	72	72	72	72	72	72	72	72	72	72	72	72	72	72	72	72	72	72	72	72	72	72	72	72	72	72	72	72	72	72	72	72	72	72	72	72	72	72	72	72	72	72	72	72	72	72	72	72	72	72	72	96	96	96	96	96	96	96	96	96	96	96	96	96	96	96	96	96	96	96	96	96	96	96	96	96	96	96	96	96	96	96	96	96	96	96	96	96	96	96	96	96	96	96	96	96	96	96	96	96	96	96	96	96	96	96	96	96	96	96	96	96	96	96	96	96	96	96	96	96	96	96	96	96	96	96	96	96	96	96	96	96	96	96	96	96	96	96	96	96	96	96	96	96	96	96	96	96	96	96	96	120	120	120	120	120	120	120	120	120	120	120	120	120	120	120	120	120	120	120	120	120	120	120	120	120	120	120	120	120	120	120	120	120	120	120	120	120	120	120	120	120	120	120	120	120	120	120	120	120	120	120	120	120	120	120	120	120	120	120	120	120	120	120	120	120	120	120	120	120	120	120	120	120	120	120	120	120	120	120	120	120	120	120	120	120	120	120	120	120	120	120	120	120	120	120	120	120	120	120	120	144	144	144	144	144	144	144	144	144	144	144	144	144	144	144	144	144	144	144	144	144	144	144	144	144	144	144	144	144	144	144	144	144	144	144	144	144	144	144	144	144	144	144	144	144	144	144	144	144	144	144	144	144	144	144	144	144	144	144	144	144	144	144	144	144	144	144	144	144	144	144	144	144	144	144	144	144	144	144	144	144	144	144	144	144	144	144	144	144	144	144	144	144	144	144	144	144	144	144	144	180	180	180	180	180	180	180	180	180	180	180	180	180	180	180	180	180	180	180	180	180	180	180	180	180	180	180	180	180	180	180	180	180	180	180	180	180	180	180	180	180	180	180	180	180	180	180	180	180	180	180	180	180	180	180	180	180	180	180	180	180	180	180	180	180	180	180	180	180	180	180	180	180	180	180	180	180	180	180	180	180	180	180	180	180	180	180	180	180	180	180	180	180	180	180	180	180	180	180	180	240	240	240	240	240	240	240	240	240	240	240	240	240	240	240	240	240	240	240	240	240	240	240	240	240	240	240	240	240	240	240	240	240	240	240	240	240	240	240	240	240	240	240	240	240	240	240	240	240	240	240	240	240	240	240	240	240	240	240	240	240	240	240	240	240	240	240	240	240	240	240	240	240	240	240	240	240	240	240	240	240	240	240	240	240	240	240	240	240	240	240	240	240	240	240	240	240	240	240	240
0	0	0	0	0	0	0	0	0	0	0	0	0	0	0	0	0	0	0	0	0	0	0	0	0	0	0	0	0	0	0	0	0	0	0	0	0	0	0	0	0	0	0	0	0	0	0	0	0	0	0	0	0	0	0	0	0	0	0	0	0	0	0	0	0	0	0	0	0	0	0	0	0	0	0	0	0	0	0	0	0	0	0	0	0	0	0	0	0	0	0	0	0	0	0	0	0	0	0	0	0	100	100	100	100	100	100	100	100	100	100	100	100	100	100	100	100	100	100	100	100	100	100	100	100	100	100	100	100	100	100	100	100	100	100	100	100	100	100	100	100	100	100	100	100	100	100	100	100	100	100	100	100	100	100	100	100	100	100	100	100	100	100	100	100	100	100	100	100	100	100	100	100	100	100	100	100	100	100	100	100	100	100	100	100	100	100	100	100	100	100	100	100	100	100	100	100	100	100	100	100	100	100	100	100	100	100	100	100	100	100	100	100	100	100	100	100	100	100	100	100	100	100	100	100	100	100	100	100	100	100	100	100	100	100	100	100	100	100	100	100	100	100	100	100	100	100	100	100	100	100	100	100	100	100	100	100	100	100	100	100	100	100	100	100	100	100	100	100	100	100	100	100	100	100	100	100	100	100	100	100	100	100	100	100	100	100	100	100	100	100	100	100	100	100	100	100	100	100	100	100	100	100	100	100	100	100	100	100	100	100	100	100	100	100	100	100	100	100	100	100	100	100	100	100	100	100	100	100	100	100	100	100	100	100	100	100	100	100	100	100	100	100	100	100	100	100	100	100	100	100	100	100	100	100	100	100	100	100	100	100	100	100	100	100	100	100	100	100	100	100	100	100	100	100	100	100	100	100	100	100	100	100	100	100	100	100	100	100	100	100	100	100	100	100	100	100	100	100	100	100	100	100	100	100	100	100	100	100	100	100	100	100	100	100	100	100	100	100	100	100	100	100	100	100	100	100	100	100	100	100	100	100	100	100	100	100	100	100	100	100	100	100	100	100	100	100	100	100	100	100	100	100	100	100	100	100	100	100	100	100	100	100	100	100	100	100	100	100	100	100	100	100	100	100	100	100	100	100	100	100	100	100	100	100	100	100	100	100	100	100	100	100	100	100	100	100	100	100	100	100	100	100	100	100	100	100	100	100	100	100	100	100	100	100	100	100	100	100	100	100	100	100	100	100	100	100	100	100	100	100	100	100	100	100	100	100	100	100	100	100	100	100	100	100	100	100	100	100	100	100	100	100	100	100	100	100	100	100	100	100	100	100	100	100	100	100	100	100	100	100	100	100	100	100	100	100	100	100	100	100	100	100	100	100	100	100	100	100	100	100	100	100	100	100	100	100	100	100	100	100	100	100	100	100	100	100	100	100	100	100	100	100	100	100	100	100	100	100	100	100	100	100	100	100	100	100	100	100	100	100	100	100	100	100	100	100	100	100	100	100	100	100	100	100	100	100	100	100	100	100	100	100	100	100	100	100	100	100	100	100	100	100	100	100	100	100	100	100	100	100	100	100	100	100	100	100	100	100	100	100	100	100	100	100	100	100	100	100	100	100	100	100	100	100	100	100	100	100	100	100	100	100	100	100	100	100	100	100	100	100	100	100	100	100	100	100	100	100	100	100	100	100	100	100	100	100	100	100	100	100	100	100	100	100	100	100	100	100	100	100	100	100	100	100	100	100	100	100	100	100	100	100	100	100	100	100	100	100	100	100	100	100	100	100	100	100	100	100	100	100	100	100	100	100	100	100	100	100	100	100	100	100	100	100	100	100	100	100	100	100	100	100	100	100	100	100	100	100	100	100	100	100	100	100	100	100	100	100	100	100	100	100	100	100	100	100	100	100	100	100	100	100	100	100	100	100	100	100	100	100	100	100	100	100	100	100	100	100	100	100	100	100	100	100	100	100	100	100	100	100	100	100	100	100	100	100	100	100	100	100	100	100	100	100	100	100	100	100	100	100	100	100	100	100	100	100	100	100	100	100	100	100	100	100	100	100	100	100	100	100	100	100	100	100	100	100	100	100	100	100	100	100	100	100	100	100	100	100	100	100	100	100	100	100	100	100	100	100	100	100	100	100	100	100	100	100	100	100	100	100	100	100	100	100	100	100	100	100	100	100	100	100	100	100	100	100	100	100	100	100	100	100	100	100	100	100	100	100	100	100	100	100	100	100	100	100	100	100	100	100	100	100	100	100	100	100	100	100	100	100	100	100	100	100	100	100	100	100	100	100	100	100	100	100	100	100	100	100	100	100
1	0	0	0	0	0	0	0	0	0	0	0	0	0	0	0	0	0	0	0	0	0	0	0	0	0	0	0	0	0	0	0	0	0	0	0	0	0	0	0	0	0	0	0	0	0	0	0	0	0	0	0	0	0	0	0	0	0	0	0	0	0	0	0	0	0	0	0	0	0	0	0	0	0	0	0	0	0	0	0	0	0	0	0	0	0	0	0	0	0	0	0	0	0	0	0	0	0	0	0	0	5	0	0	0	0	0	0	0	0	0	0	0	0	0	13	0	0	49	0	0	0	0	0	5	0	45	0	0	0	0	0	0	0	0	0	0	0	0	0	0	0	3	0	0	0	0	0	3	0	0	0	0	0	0	11	0	0	0	0	12	0	0	0	0	0	0	10	1	39	0	0	0	0	66	0	18	0	0	0	0	0	0	20	0	0	0	0	0	0	0	0	0	0	0	36	49	0	0	0	4	0	0	0	0	3	78	0	0	2	11	0	0	5	0	0	0	14	60	0	0	0	0	39	98	0	0	0	0	0	73	0	0	0	0	0	26	31	0	40	0	0	0	0	0	0	0	16	0	0	15	0	9	0	0	0	0	0	1	2	2	0	0	0	0	103	73	0	59	0	24	0	16	3	24	10	0	0	5	0	0	0	0	0	0	0	0	0	34	36	0	0	0	0	10	0	0	0	0	0	1	21	7	0	0	0	0	1	18	0	14	66	0	0	1	0	0	4	4	2	0	0	0	97	234	0	0	0	3	0	8	0	16	0	16	87	0	0	0	0	0	99	0	48	0	11	0	56	4	0	25	0	72	1	0	7	2	10	0	5	3	50	0	1	0	20	0	36	1	44	10	42	35	0	0	0	64	113	9	1	0	0	0	7	0	239	0	0	0	7	0	4	2	1	89	25	0	0	0	0	0	0	57	190	30	0	50	26	106	0	6	0	222	37	0	115	78	17	87	0	46	82	0	0	322	6	0	0	121	121	3	113	91	0	156	0	0	58	0	0	0	0	0	0	12	0	0	86	289	0	3	22	0	107	186	0	130	0	0	15	45	21	0	0	97	38	59	15	12	93	86	143	231	0	109	0	0	53	0	147	124	0	0	24	0	0	1	43	0	11	0	0	0	33	6	0	92	21	75	0	13	0	0	0	0	0	0	0	0	0	0	0	0	0	0	0	0	0	0	0	0	0	0	0	0	0	0	0	0	0	0	0	0	0	0	0	0	0	0	0	0	0	0	0	0	0	0	0	0	0	0	0	0	0	0	0	0	0	0	0	0	0	0	0	0	0	0	0	0	0	0	0	0	0	0	0	0	0	0	0	0	0	0	0	0	0	0	0	43	0	0	0	0	0	0	0	0	16	0	0	0	0	0	0	0	0	0	0	0	0	0	0	0	0	0	0	0	0	0	0	0	0	0	0	0	0	0	0	0	0	0	0	0	0	0	0	0	0	0	0	0	0	0	0	0	0	0	0	0	0	0	0	0	0	0	0	0	0	0	0	0	0	0	0	0	0	0	0	0	0	0	0	0	0	0	0	0	0	0	0	0	0	0	0	0	0	0	0	0	0	0	0	0	0	0	0	0	0	0	0	0	0	0	0	0	0	0	0	0	0	0	0	0	0	0	0	0	0	0	0	0	0	1	0	0	0	0	0	0	0	0	0	0	0	0	0	0	0	0	0	0	0	0	0	0	0	0	0	0	80	0	0	0	0	0	0	0	0	0	0	0	0	0	0	0	0	0	0	0	0	0	0	0	0	0	0	0	0	0	0	0	0	0	0	0	0	0	0	0	0	0	0	0	0	0	0	0	0	0	0	4	0	0	0	0	0	0	0	0	0	0	0	0	0	0	0	0	0	0	0	0	0	0	0	0	0	0	0	0	0	0	0	0	0	0	0	0	0	0	8	0	0	0	0	0	0	0	0	0	0	0	0	0	0	0	0	0	0	0	0	0	0	0	0	0	0	0	0	0	0	0	0	0	0	0	0	0	0	0	0	0	0	0	0	0	0	0	0	0	0	0	0	0	0	0	0	0	0	0	0	0	0	0	0	0	0	0	0	0	0	0	0	0	0	0	0	0	0	0	0	0	27	0	0	0	0	0	0	0	0	0	0	0	0	0	0	0	0	0	0	0	0	0	227	0	0	0	0	0	0	0	0	0	0	0	0	0	0	0	0	0	0	112	0	0	0	0	0	0	0	0	0	0	0	0	0	0	0	0	0	0	0	0	0	0	0	0	0	0	0	0	0	0	0	0	0	0	0	0	0	0
2	0	0	0	0	0	0	0	0	0	0	0	0	0	0	0	0	0	0	0	0	0	0	0	0	0	0	0	0	0	0	0	0	0	0	0	0	0	0	0	0	0	0	0	0	0	0	0	0	0	0	0	0	0	0	0	0	0	0	0	0	0	0	0	0	0	0	0	0	0	0	0	0	0	0	0	0	0	0	0	0	0	0	0	0	0	0	0	0	0	0	0	0	0	0	0	0	0	0	0	0	0	0	4	0	23	16	16	0	1	1	0	0	47	0	0	0	0	0	0	0	0	0	0	0	0	93	0	0	8	0	6	0	0	0	0	0	43	0	0	0	0	0	66	0	0	0	0	0	3	0	0	0	0	0	0	0	0	0	0	46	0	0	0	0	0	0	0	0	0	44	0	0	0	0	8	0	0	0	0	6	18	0	0	4	0	0	0	0	4	0	0	0	0	0	0	0	0	0	0	0	0	0	0	0	1	0	0	5	0	7	1	0	0	0	126	0	0	0	0	0	0	62	0	0	7	5	21	51	0	3	0	8	0	20	0	2	0	2	0	50	0	0	0	0	19	0	0	0	60	0	0	0	0	0	0	0	0	0	0	0	0	3	30	0	0	14	4	0	0	9	0	0	13	0	33	0	0	0	0	0	0	0	0	0	0	0	0	25	0	0	0	0	0	11	0	0	0	0	0	0	88	0	0	0	0	2	0	31	0	0	56	0	34	4	0	0	0	7	11	0	0	0	9	71	22	0	0	0	0	6	0	74	0	0	117	0	4	3	2	0	102	0	73	0	47	0	0	64	17	17	15	0	0	0	118	0	0	0	0	331	180	27	0	2	0	42	99	0	79	0	10	122	0	0	4	90	18	32	15	0	0	26	65	0	0	0	0	0	0	0	0	134	0	91	19	0	16	0	0	0	1	8	11	26	0	48	0	77	0	0	0	43	187	75	83	37	124	75	0	144	84	0	0	17	6	6	17	282	9	0	24	168	0	76	0	0	85	0	0	39	0	0	0	0	0	0	51	103	0	4	0	35	17	120	1	28	1	0	5	116	0	0	0	102	2	95	62	0	174	91	62	164	0	29	0	0	123	12	27	204	2	10	187	0	0	15	1	0	23	7	0	0	81	0	0	15	3	141	0	28	0	0	0	0	0	0	0	0	0	0	0	0	0	0	0	0	0	0	0	0	0	0	0	0	0	0	0	0	0	0	0	0	0	0	0	0	0	0	0	0	0	0	0	0	0	0	0	0	0	0	0	0	0	0	0	0	0	0	1	0	0	0	0	0	0	0	0	0	0	0	0	0	0	0	0	0	0	0	0	0	0	0	0	0	0	0	0	227	0	0	0	0	0	0	0	0	162	0	0	0	0	0	0	0	0	0	0	0	0	0	0	0	0	0	0	0	0	0	0	0	0	0	0	0	0	0	0	0	0	0	0	0	0	0	0	0	0	0	0	0	0	0	0	0	119	0	0	0	0	0	0	0	0	0	0	0	0	0	0	0	0	0	0	0	0	0	0	0	0	0	0	0	0	0	0	0	0	0	0	0	0	0	0	0	0	0	0	0	0	0	0	0	0	0	0	0	0	0	0	0	0	0	0	0	0	0	0	0	0	0	0	0	0	0	0	0	0	0	0	0	0	0	0	0	0	0	0	0	0	0	0	0	0	0	0	0	0	0	0	0	0	0	0	0	0	0	0	0	49	0	0	0	0	0	0	0	0	0	0	0	0	0	0	0	0	0	0	0	0	0	0	0	0	0	0	0	0	0	0	0	0	0	0	0	0	0	0	0	0	0	0	0	0	0	0	0	0	0	0	1	0	0	0	0	0	0	0	0	0	0	0	0	0	0	0	0	0	0	0	0	0	0	2	0	0	0	0	0	0	0	0	0	0	0	0	0	0	0	0	0	0	0	0	0	0	1	0	0	0	0	0	0	0	0	0	0	0	0	0	5	0	0	0	0	0	0	0	0	0	0	0	0	0	0	0	0	0	0	0	0	7	0	0	0	0	0	0	0	0	0	0	0	0	0	0	0	0	0	0	0	0	0	0	0	0	0	0	0	0	0	0	0	0	0	0	0	0	0	0	0	198	0	0	0	0	0	0	0	0	0	0	0	0	0	0	0	0	0	0	0	0	0	66	0	0	0	0	0	0	0	0	0	0	0	0	0	0	0	0	0	0	13	0	0	0	0	0	0	0	0	0	0	0	0	0	0	0	0	0	0	0	0	0	0	0	0	0	0	0	0	0	0	0	0	0	0	0	0	0	0
3	0	0	0	0	0	0	0	0	0	0	0	0	0	0	0	0	0	0	0	0	0	0	0	0	0	0	0	0	0	0	0	0	0	0	0	0	0	0	0	0	0	0	0	0	0	0	0	0	0	0	0	0	0	0	0	0	0	0	0	0	0	0	0	0	0	0	0	0	0	0	0	0	0	0	0	0	0	0	0	0	0	0	0	0	0	0	0	0	0	0	0	0	0	0	0	0	0	0	0	0	0	0	0	0	0	0	0	0	0	0	0	0	0	0	0	0	0	0	0	0	0	0	0	0	0	52	0	0	0	0	0	0	0	0	0	0	0	0	0	0	0	0	0	0	3	0	0	0	0	0	0	0	0	0	9	0	0	0	0	0	0	6	0	0	0	0	0	0	0	0	0	0	0	0	0	0	0	0	0	0	0	0	0	0	0	0	0	0	0	0	0	0	0	0	0	0	0	0	0	0	0	0	0	0	0	98	0	0	0	0	0	0	0	0	0	0	0	0	0	0	0	0	10	0	0	0	54	0	0	49	0	0	0	0	0	58	1	0	18	0	0	0	0	0	0	0	0	0	0	18	0	0	0	0	0	0	0	0	0	3	7	0	0	0	0	0	0	0	0	0	0	15	0	0	0	0	0	0	0	0	0	0	0	0	0	0	0	10	0	0	0	0	88	0	0	0	0	0	0	0	6	43	0	0	0	0	0	0	0	0	0	0	0	0	0	0	0	0	0	0	0	0	69	27	0	0	0	0	0	0	0	2	0	0	160	0	0	0	0	0	16	0	172	0	270	0	0	0	139	0	0	0	0	0	141	0	1	0	0	147	191	0	0	0	0	0	141	0	67	14	0	96	0	0	0	30	104	0	0	0	4	0	0	0	0	0	81	0	0	0	0	0	0	101	32	0	0	0	0	0	0	0	18	86	0	121	36	124	0	0	0	92	155	0	32	117	19	159	0	114	50	0	0	131	0	0	0	215	30	0	41	104	0	60	0	0	120	0	0	0	0	0	0	0	0	0	91	18	0	7	88	0	130	99	0	25	0	1	0	106	0	0	0	99	17	68	189	0	143	69	25	51	0	19	0	0	59	0	28	54	0	0	156	0	0	0	0	0	0	3	0	0	12	0	0	0	7	37	0	249	0	0	0	0	0	0	0	0	0	0	0	0	0	0	0	0	0	0	0	0	0	0	0	0	0	0	0	0	0	0	0	0	0	0	0	0	0	0	0	0	0	0	0	0	0	0	0	0	0	0	0	0	0	0	0	0	0	0	0	0	0	0	0	0	0	0	0	0	0	0	0	0	0	0	0	0	0	0	0	0	0	0	0	0	0	0	0	175	0	0	0	0	0	0	0	0	102	0	0	0	0	0	0	0	0	0	0	0	0	0	0	0	0	0	0	0	0	0	0	0	0	0	0	0	0	0	0	0	0	0	0	0	0	0	0	0	0	0	0	0	0	0	0	0	0	0	0	0	0	0	0	0	0	0	0	0	0	0	0	0	0	0	0	0	0	0	0	0	0	0	0	0	0	0	0	0	0	0	0	0	0	0	0	0	0	0	0	0	0	0	0	0	0	0	0	0	0	0	0	0	0	0	0	0	0	0	0	0	0	0	0	0	0	0	0	0	0	0	0	0	0	0	0	0	0	0	0	0	0	0	0	0	0	0	0	0	0	0	0	0	0	0	0	0	0	0	0	0	199	0	0	0	0	0	0	0	0	0	0	0	0	0	0	0	0	0	0	0	0	0	0	0	0	0	0	0	0	0	0	0	0	0	0	0	0	0	0	0	0	0	0	0	0	0	0	0	0	0	0	0	0	0	0	0	0	0	0	0	0	0	0	0	0	0	0	0	0	0	0	0	0	0	0	0	0	0	0	0	0	0	0	0	0	0	0	0	0	0	0	0	0	0	0	0	0	0	0	0	0	0	0	0	0	0	0	0	0	0	0	0	0	0	0	0	0	0	0	0	0	0	0	0	0	0	0	0	0	0	0	0	0	0	0	0	0	0	0	0	0	0	0	0	0	0	0	0	0	0	0	0	0	0	0	0	0	0	0	0	0	0	0	0	0	0	0	0	0	0	0	0	182	0	0	0	0	0	0	0	0	0	0	0	0	0	0	0	0	0	0	0	0	0	53	0	0	0	0	0	0	0	0	0	0	0	0	0	0	0	0	0	0	46	0	0	0	0	0	0	0	0	0	0	0	0	0	0	0	0	0	0	0	0	0	0	0	0	0	0	0	0	0	0	0	0	0	0	0	0	0	0
4	0	0	0	0	0	0	0	0	0	0	0	0	0	0	0	0	0	0	0	0	0	0	0	0	0	0	0	0	0	0	0	0	0	0	0	0	0	0	0	0	0	0	0	0	0	0	0	0	0	0	0	0	0	0	0	0	0	0	0	0	0	0	0	0	0	0	0	0	0	0	0	0	0	0	0	0	0	0	0	0	0	0	0	0	0	0	0	0	0	0	0	0	0	0	0	0	0	0	0	0	0	0	0	0	0	0	0	0	0	0	0	0	0	0	0	0	0	0	0	0	0	0	0	0	0	7	0	0	0	0	0	0	0	0	0	0	0	0	0	0	0	0	0	0	0	0	0	0	0	0	0	0	0	0	0	0	0	0	0	0	0	0	0	0	0	0	0	0	0	0	0	0	0	0	0	0	0	0	0	0	3	0	0	0	0	0	0	0	0	0	0	0	0	0	0	0	0	0	0	0	0	0	0	0	0	187	0	0	0	0	0	0	0	0	9	0	0	0	0	0	0	0	0	0	0	0	0	0	0	0	0	0	0	0	0	0	0	0	0	0	0	0	0	0	0	0	0	0	0	0	0	0	0	0	0	0	0	0	0	0	0	0	10	0	0	0	0	0	0	0	0	0	8	0	0	0	0	0	0	0	0	0	0	0	0	0	0	0	0	0	0	0	0	0	0	0	0	0	0	0	111	133	0	0	0	0	0	17	1	0	2	0	0	0	0	0	0	0	1	0	0	0	148	202	0	0	0	0	0	0	0	31	0	0	72	0	0	0	0	0	89	0	79	0	128	0	0	0	45	0	0	0	0	0	1	0	0	0	0	19	257	0	0	0	0	0	27	0	159	0	32	135	0	0	0	40	5	61	0	0	0	0	0	0	0	0	0	0	0	0	0	0	0	226	0	0	0	0	0	0	0	0	67	70	0	96	171	131	0	0	0	26	51	0	43	63	110	102	0	86	37	0	0	4	0	0	0	50	0	0	298	9	0	87	0	0	144	0	0	0	0	0	0	0	0	0	86	276	0	0	56	0	92	95	0	67	0	0	0	213	0	0	8	78	0	410	174	0	164	60	126	64	0	225	0	0	91	0	91	172	9	0	96	0	0	0	0	0	0	0	0	0	40	0	0	0	0	13	0	101	0	0	0	0	0	0	0	0	0	0	0	0	0	0	0	0	0	0	0	0	0	0	0	0	0	0	0	0	0	0	0	0	0	0	0	0	0	0	0	0	0	0	0	0	0	0	0	0	0	0	0	0	0	0	0	0	0	0	0	0	0	0	0	0	0	0	0	0	0	0	0	0	0	0	0	0	0	0	0	0	0	0	0	0	0	0	0	59	0	0	0	0	0	0	0	0	38	0	0	0	0	0	0	0	0	0	0	0	0	0	0	0	0	0	0	0	0	0	0	0	0	0	0	0	0	0	0	0	0	0	0	0	0	0	0	0	0	0	0	0	0	0	0	0	0	0	0	0	0	0	0	0	0	0	0	0	0	0	0	0	0	0	0	0	0	0	0	0	0	0	0	0	0	0	0	0	0	0	0	0	0	0	0	0	0	0	0	0	0	0	0	0	0	0	0	0	0	0	0	0	0	0	0	0	0	0	0	0	0	0	0	0	0	0	0	0	0	0	0	0	0	0	0	0	0	0	0	0	0	0	0	0	0	0	0	0	0	0	0	0	0	0	0	0	0	0	0	0	97	0	0	0	0	0	0	0	0	0	0	0	0	0	0	0	0	0	0	0	0	0	0	0	0	0	0	0	0	0	0	0	0	0	0	0	0	0	0	0	0	0	0	0	0	0	0	0	0	0	0	0	0	0	0	0	0	0	0	0	0	0	0	0	0	0	0	0	0	0	0	0	0	0	0	0	0	0	0	0	0	0	0	0	0	0	0	0	0	0	0	0	0	0	0	0	0	0	0	0	0	0	0	0	0	0	0	0	0	0	0	0	0	0	0	0	0	0	0	0	0	0	0	0	0	0	0	0	0	0	0	0	0	0	0	0	0	0	0	0	0	0	0	0	0	0	0	0	0	0	0	0	0	0	0	0	0	0	0	0	0	0	0	0	0	0	0	0	0	0	0	0	85	0	0	0	0	0	0	0	0	0	0	0	0	0	0	0	0	0	0	0	0	0	89	0	0	0	0	0	0	0	0	0	0	0	0	0	0	0	0	0	0	122	0	0	0	0	0	0	0	0	0	0	0	0	0	0	0	0	0	0	0	0	0	0	0	0	0	0	0	0	0	0	0	0	0	0	0	0	0	0
5	0	0	0	0	0	0	0	0	0	0	0	0	0	0	0	0	0	0	0	0	0	0	0	0	0	0	0	0	0	0	0	0	0	0	0	0	0	0	0	0	0	0	0	234	0	0	0	0	0	0	0	0	0	0	0	0	0	0	0	0	0	0	0	0	0	0	0	0	0	0	0	0	0	0	0	0	0	0	0	0	0	0	0	0	0	0	0	0	0	0	0	0	0	0	0	0	0	0	0	0	0	0	0	0	0	0	0	0	0	0	0	0	0	0	0	0	0	0	0	0	0	0	0	0	0	31	0	0	0	0	0	0	0	0	0	0	0	0	0	0	0	0	0	0	5	0	0	0	0	0	0	0	0	12	0	0	0	0	0	0	0	0	0	0	0	0	0	0	0	0	0	0	0	0	0	0	0	0	0	0	0	0	0	0	0	0	0	0	0	0	0	0	0	0	0	0	0	0	0	0	0	0	0	0	0	174	0	0	0	15	0	0	0	0	9	0	0	0	0	0	0	0	0	0	0	0	0	0	0	106	0	0	0	0	0	9	0	0	0	148	0	0	0	0	0	0	0	0	0	0	0	0	0	0	0	0	0	0	0	0	0	0	0	0	0	0	0	0	0	0	0	0	0	0	0	0	0	38	0	0	0	0	0	0	0	0	0	0	0	0	0	0	0	0	0	0	0	0	0	0	80	3	0	0	0	0	0	9	0	0	55	0	0	0	0	0	0	4	0	2	0	0	0	152	0	0	0	0	0	0	0	23	0	0	63	0	14	0	0	0	32	0	84	0	226	0	0	0	0	0	0	0	0	0	31	0	0	0	0	141	76	0	0	0	0	0	84	0	79	0	0	117	0	0	0	47	0	2	0	0	0	0	0	0	0	0	0	0	0	0	0	2	0	171	0	0	0	0	0	0	0	0	20	54	0	21	17	117	0	0	0	54	94	0	87	53	117	69	0	53	199	0	0	215	0	0	0	90	97	0	0	44	0	70	0	0	97	46	0	0	0	0	0	0	0	0	105	117	0	0	192	0	75	55	0	63	0	0	0	44	70	0	0	138	0	65	73	0	151	21	35	23	0	83	0	0	28	0	26	150	0	0	32	0	0	0	0	0	0	0	0	0	0	0	0	0	0	28	0	0	0	0	0	0	0	0	0	0	0	0	0	0	0	0	0	0	0	0	0	0	0	0	0	0	0	0	0	0	0	0	0	0	0	0	0	0	0	0	0	0	0	0	0	0	0	0	0	0	0	0	0	0	0	0	0	0	0	0	0	0	0	0	0	0	0	0	0	0	0	0	0	0	0	0	0	0	0	0	0	0	0	0	0	0	0	0	0	75	0	0	0	0	0	0	0	0	117	0	0	0	0	0	0	0	0	0	0	0	0	0	0	0	0	0	0	0	0	0	0	0	0	0	0	0	0	0	0	0	0	0	0	0	0	0	0	0	0	0	0	0	0	0	0	0	0	0	0	0	0	0	0	0	0	0	0	0	0	0	0	0	0	0	0	0	0	0	0	0	0	0	0	0	0	0	0	0	0	0	0	0	0	0	0	0	0	0	0	0	0	0	0	0	0	0	0	0	0	0	0	0	0	0	0	0	0	0	0	0	0	0	0	0	0	0	0	0	0	0	0	0	0	0	0	0	0	0	0	0	0	0	0	0	0	0	0	0	0	0	0	0	0	0	0	0	0	0	0	0	55	0	0	0	0	0	0	0	0	0	0	0	0	0	0	0	0	0	0	0	0	0	0	0	0	0	0	0	0	0	0	0	0	0	0	0	0	0	0	0	0	0	0	0	0	0	0	0	0	0	0	0	0	0	0	0	0	0	0	0	0	0	0	0	0	0	0	0	0	0	0	0	0	0	0	0	0	0	0	0	0	0	0	0	0	0	0	0	0	0	0	0	0	0	0	0	0	0	0	0	0	0	0	0	0	0	0	0	0	0	0	0	0	0	0	0	0	0	0	0	0	0	0	0	0	0	0	0	0	0	0	0	0	0	0	0	0	0	0	0	0	0	0	0	0	0	0	0	0	0	0	0	0	0	0	0	0	0	0	0	0	0	0	0	0	0	0	0	0	0	0	0	76	0	0	0	0	0	0	0	0	0	0	0	0	0	0	0	0	0	0	0	0	0	20	0	0	0	0	0	0	0	0	0	0	0	0	0	0	0	0	0	0	91	0	0	0	0	0	0	0	0	0	0	0	0	0	0	0	0	0	0	0	0	0	0	0	0	0	0	0	0	0	0	0	0	0	0	0	0	0	0
6	0	0	0	0	0	0	0	0	0	0	0	0	0	0	0	0	0	0	0	0	0	0	0	0	0	0	0	0	0	0	0	0	0	0	0	0	0	0	0	0	0	0	0	0	0	0	0	0	0	0	0	0	0	0	0	0	0	0	0	0	0	0	0	0	0	0	0	0	0	0	0	0	0	0	0	0	0	0	0	0	0	0	0	0	0	0	0	0	0	0	0	0	0	0	0	0	0	0	0	0	0	0	0	0	0	0	0	0	0	0	0	0	0	0	0	0	0	0	0	0	0	88	0	0	0	98	3	0	0	0	0	0	0	180	0	0	0	0	0	0	0	2	0	0	0	0	0	0	0	0	0	0	0	3	0	0	0	0	2	61	0	0	19	0	0	0	0	0	0	0	0	0	0	0	1	0	0	0	0	0	0	0	0	0	0	0	0	0	9	0	0	0	0	0	0	0	0	0	0	0	0	0	0	0	0	136	0	0	9	0	0	0	0	0	0	0	3	8	0	0	36	0	10	0	0	0	0	0	0	58	0	0	0	0	0	51	0	3	0	0	0	0	0	0	0	0	0	0	0	0	0	0	21	0	0	0	0	0	0	0	0	0	0	0	0	0	0	0	0	0	0	2	12	0	0	0	0	0	0	0	0	0	0	0	0	0	0	0	0	0	0	0	0	0	0	0	0	0	0	0	189	158	10	7	0	0	0	51	0	7	0	0	0	0	50	0	0	0	0	0	0	0	80	55	0	0	0	0	0	0	0	68	0	0	70	0	0	19	0	0	64	0	10	0	133	0	0	0	62	49	0	0	0	0	209	0	0	0	0	26	87	0	1	0	0	0	35	11	344	0	0	112	0	0	0	35	101	56	0	0	0	0	0	0	0	0	0	0	0	0	23	0	0	43	0	0	0	0	0	0	0	0	54	108	0	36	119	111	0	0	0	63	166	0	137	339	152	80	0	114	76	0	0	173	0	0	0	62	3	0	39	35	0	84	18	0	31	0	15	0	0	0	0	0	0	0	62	27	0	0	124	0	150	27	0	94	19	0	17	102	129	0	1	50	0	225	29	0	82	63	13	90	1	263	0	0	5	0	82	111	0	0	92	0	0	0	0	0	14	0	0	0	20	0	0	0	0	19	3	8	0	0	0	0	0	0	0	0	0	0	0	0	0	0	0	0	0	0	0	0	0	0	0	0	0	0	0	0	0	0	0	0	0	0	0	0	0	0	0	0	0	0	0	0	0	0	0	0	0	0	0	0	0	0	0	0	0	0	0	0	0	0	0	0	0	0	0	0	0	0	0	0	0	0	0	0	0	0	0	0	0	0	0	0	0	0	0	75	0	0	0	0	0	0	0	0	45	0	0	0	0	0	0	0	0	0	0	0	0	0	0	0	0	0	0	0	0	0	0	0	0	0	0	0	0	0	0	0	0	0	0	0	0	0	0	0	0	0	0	0	0	0	0	0	0	0	0	0	0	0	0	0	0	0	0	0	0	0	0	0	0	0	0	0	0	0	0	0	0	0	0	0	0	0	0	0	0	0	0	0	0	0	0	0	0	0	0	0	0	0	0	0	0	0	0	0	0	0	0	0	0	0	0	0	0	0	0	0	0	0	0	0	0	0	0	0	0	0	0	0	0	0	0	0	0	0	0	0	0	0	0	0	0	0	0	0	0	0	0	0	0	0	0	0	0	0	0	0	141	0	0	0	0	0	0	0	0	0	0	0	0	0	0	0	0	0	0	0	0	0	0	0	0	0	0	0	0	0	0	0	0	0	0	0	0	0	0	0	0	0	0	0	0	0	0	0	0	0	0	0	0	0	0	0	0	0	0	0	0	0	0	0	0	0	0	0	0	0	0	0	0	0	0	0	0	0	0	0	0	0	0	0	0	0	0	0	0	0	0	0	0	0	0	0	0	0	0	0	0	0	0	0	0	0	0	0	0	0	0	0	0	0	0	0	0	0	0	0	0	0	0	0	0	0	0	0	0	0	0	0	0	0	0	0	0	0	0	0	0	0	0	0	0	0	0	0	0	0	0	0	0	0	0	0	0	0	0	0	0	0	0	0	0	0	0	0	0	0	0	0	85	0	0	0	0	0	0	0	0	0	0	0	0	0	0	0	0	0	0	0	0	0	181	0	0	0	0	0	0	0	0	0	0	0	0	0	0	0	0	0	0	134	0	0	0	0	0	0	0	0	0	0	0	0	0	0	0	0	0	0	0	0	0	0	0	0	0	0	0	0	0	0	0	0	0	0	0	0	0	0
7	0	0	0	0	0	0	0	0	0	13	0	0	0	0	0	0	0	0	0	0	0	0	0	0	0	0	0	0	0	0	0	0	0	0	0	0	0	0	0	0	0	0	0	0	0	0	0	0	0	0	0	0	0	0	0	0	0	0	0	0	0	0	0	0	0	0	0	0	0	0	0	0	0	0	0	0	0	0	0	0	0	0	0	0	0	0	0	0	0	0	0	0	0	0	0	0	0	0	0	0	0	0	0	0	0	0	0	0	0	0	0	0	0	0	0	0	0	0	0	0	0	0	0	0	0	0	0	0	0	0	0	0	0	0	0	0	0	0	0	0	0	0	0	0	0	0	0	0	0	0	0	0	0	0	0	0	0	0	0	0	0	0	0	0	0	0	0	4	0	0	0	0	0	0	0	0	0	0	0	0	0	0	0	0	0	0	0	0	0	29	0	0	0	0	0	0	0	0	0	0	0	0	0	0	0	14	0	0	0	39	0	8	0	0	0	0	4	0	0	0	0	0	0	0	0	0	0	0	0	0	0	0	0	0	0	0	0	0	0	0	0	0	0	0	0	0	0	0	0	0	0	0	0	0	0	0	0	0	0	0	0	0	1	0	0	0	0	0	0	0	0	146	39	0	0	0	0	13	0	0	0	0	0	0	0	0	0	0	0	0	0	0	0	0	0	0	2	0	0	0	186	68	5	0	0	0	0	5	0	0	10	0	0	0	0	0	34	69	0	0	0	0	99	264	0	0	0	0	0	0	2	44	0	0	86	0	6	0	0	0	212	0	106	5	133	0	0	0	25	0	0	0	28	0	101	0	0	0	0	71	110	0	0	0	0	0	44	0	144	0	15	41	0	0	0	201	148	128	0	0	0	0	0	0	0	0	3	0	0	0	0	0	0	63	0	0	0	0	0	0	0	0	60	81	1	144	0	23	0	0	0	202	101	0	116	24	43	33	0	57	126	45	0	249	0	0	3	78	103	0	65	57	0	77	0	0	127	0	88	0	0	0	0	0	0	0	40	105	0	0	74	0	21	300	0	166	0	0	10	29	0	0	0	90	0	53	106	0	62	90	50	15	0	15	0	0	117	0	89	250	0	0	206	0	0	0	0	1	0	0	0	0	22	0	1	3	11	26	0	49	0	0	0	0	0	0	0	0	0	0	0	0	0	0	0	0	0	0	0	0	0	0	1	0	0	0	0	0	0	0	0	0	0	0	0	0	0	0	0	0	0	0	0	0	0	0	0	0	0	0	0	0	0	0	0	0	0	0	0	0	0	0	0	0	0	0	0	0	0	0	0	0	0	0	0	0	0	0	0	0	0	0	0	0	0	0	0	92	0	0	0	0	0	0	0	0	44	0	0	0	0	0	0	0	0	0	0	0	0	0	0	0	0	0	0	0	0	0	0	0	0	0	0	0	0	0	0	0	0	0	0	0	0	0	0	0	0	0	0	0	0	0	0	0	0	0	0	0	0	0	0	0	0	0	0	0	0	0	0	0	0	0	0	0	0	0	0	0	0	0	0	0	0	0	0	0	0	0	0	0	0	0	0	0	0	0	0	0	0	0	0	0	0	0	0	0	0	0	0	0	0	0	0	0	0	0	0	0	0	0	0	0	0	0	0	0	0	0	0	0	0	0	0	0	0	0	0	0	0	0	0	0	0	0	0	0	0	0	0	0	0	0	0	0	0	0	0	0	44	0	0	0	0	0	0	0	0	0	0	0	0	0	0	0	0	0	0	0	0	0	0	0	0	0	0	0	0	0	0	0	0	0	0	0	0	0	0	0	0	0	0	0	0	0	0	0	0	0	0	0	0	0	0	0	0	0	0	0	0	0	0	0	0	0	0	0	0	0	0	0	0	0	0	0	0	0	0	0	0	0	0	0	0	0	0	0	0	0	0	0	0	0	0	0	0	0	0	0	0	0	0	0	0	0	0	0	0	0	0	0	0	0	0	0	0	0	0	0	0	0	0	0	0	0	0	0	0	0	0	0	0	0	0	0	0	0	0	0	0	0	0	0	0	0	0	0	0	0	0	0	0	0	0	0	0	0	0	0	0	0	0	0	0	0	0	0	0	0	0	0	52	0	0	0	0	0	0	0	0	0	0	0	0	0	0	0	0	0	0	0	0	0	94	0	0	0	0	0	0	0	0	0	0	0	0	0	0	0	0	0	0	164	0	0	0	0	0	0	0	0	0	0	0	0	0	0	0	0	0	0	0	0	0	0	0	0	0	0	0	0	0	0	0	0	0	0	0	0	0	0
8	0	0	0	0	0	0	0	0	0	0	0	0	0	0	0	0	0	0	0	0	0	0	0	0	0	0	0	0	0	0	0	0	0	0	0	0	0	0	0	0	0	0	0	0	0	0	0	0	0	0	0	0	0	0	0	0	0	0	0	0	0	0	0	0	0	0	0	0	0	0	0	0	0	0	0	0	0	0	0	0	0	0	0	0	0	0	0	0	0	0	0	0	0	0	0	0	0	0	0	0	0	0	0	0	0	0	0	0	0	0	0	0	0	0	0	0	0	0	0	0	0	0	7	0	0	0	0	0	0	0	0	0	0	0	0	0	0	0	0	0	19	0	15	0	0	0	0	0	0	0	0	0	0	0	0	0	0	0	0	0	0	0	0	0	0	0	0	0	0	0	0	0	0	0	0	0	0	0	0	0	0	0	0	0	0	0	0	0	0	36	0	0	0	0	0	0	0	0	7	0	0	0	0	0	0	216	0	0	0	31	0	0	0	0	0	0	0	0	0	0	11	0	0	0	2	0	0	0	0	0	0	4	0	0	0	32	0	0	0	0	0	0	0	0	0	0	0	0	0	0	0	0	0	27	0	0	0	0	0	0	0	0	0	9	0	0	0	0	0	0	0	0	0	0	0	0	0	49	0	0	0	0	0	0	0	0	0	73	0	0	0	0	0	0	0	0	0	0	0	0	45	173	8	0	0	0	0	19	33	0	1	0	0	0	0	0	0	30	16	0	0	0	31	18	0	0	0	0	0	1	0	90	0	0	87	0	0	0	0	22	18	0	157	0	152	0	0	0	0	0	0	0	0	0	13	0	0	0	0	163	111	0	0	0	0	0	67	0	91	0	143	61	0	0	0	10	120	6	0	0	0	0	0	0	0	0	0	0	0	0	0	21	0	123	0	0	0	0	0	0	0	0	12	79	0	44	1	60	0	0	0	79	100	18	14	101	110	45	0	109	119	0	0	160	0	0	0	83	0	0	13	246	0	28	1	0	179	0	0	0	0	0	0	0	0	0	226	50	0	0	20	0	134	83	0	61	0	0	0	79	0	0	0	58	0	58	31	0	3	62	5	71	0	119	0	0	38	0	293	289	0	0	55	0	0	0	0	0	0	0	0	0	36	0	0	0	0	83	0	95	0	0	0	0	0	0	0	0	0	0	0	0	0	0	0	0	0	0	0	0	0	0	0	0	0	0	0	0	0	0	0	0	0	0	0	0	0	0	0	0	0	0	0	0	0	0	0	0	0	0	0	0	0	0	0	0	0	0	0	0	0	0	0	0	0	0	0	0	0	0	0	0	0	0	0	0	0	0	0	0	0	0	0	0	0	0	0	38	0	0	0	0	0	0	0	0	5	0	0	0	0	0	0	0	0	0	0	0	0	0	0	0	0	0	0	0	0	0	0	0	0	0	0	0	0	0	0	0	0	0	0	0	0	0	0	0	0	0	0	0	0	0	0	0	0	0	0	0	0	0	0	0	0	0	0	0	0	0	0	0	0	0	0	0	0	0	0	0	0	0	0	0	0	0	0	0	0	0	0	0	0	0	0	0	0	0	0	0	0	0	0	0	0	0	0	0	0	0	0	0	0	0	0	0	0	0	0	0	0	0	0	0	0	0	0	0	0	0	0	0	0	0	0	0	0	0	0	0	0	0	0	0	0	0	0	0	0	0	0	0	0	0	0	0	0	0	0	0	98	0	0	0	0	0	0	0	0	0	0	0	0	0	0	0	0	0	0	0	0	0	0	0	0	0	0	0	0	0	0	0	0	0	0	0	0	0	0	0	0	0	0	0	0	0	0	0	0	0	0	0	0	0	0	0	0	0	0	0	0	0	0	0	0	0	0	0	0	0	0	0	0	0	0	0	0	0	0	0	0	0	0	0	0	0	0	0	0	0	0	0	0	0	0	0	0	0	0	0	0	0	0	0	0	0	0	0	0	0	0	0	0	0	0	0	0	0	0	0	0	0	0	0	0	0	0	0	0	0	0	0	0	0	0	0	0	0	0	0	0	0	0	0	0	0	0	0	0	0	0	0	0	0	0	0	0	0	0	0	0	0	0	0	0	0	0	0	0	0	0	0	64	0	0	0	0	0	0	0	0	0	0	0	0	0	0	0	0	0	0	0	0	0	28	0	0	0	0	0	0	0	0	0	0	0	0	0	0	0	0	0	0	82	0	0	0	0	0	0	0	0	0	0	0	0	0	0	0	0	0	0	0	0	0	0	0	0	0	0	0	0	0	0	0	0	0	0	0	0	0	0
9	0	0	0	0	0	0	0	0	0	0	0	0	0	0	0	0	0	0	0	0	0	0	0	0	0	0	0	0	0	0	0	0	0	0	0	0	0	0	0	0	0	0	0	0	0	0	0	0	0	0	0	0	0	0	0	0	0	0	0	0	0	0	0	0	0	0	0	0	0	0	0	0	0	0	0	0	0	0	0	0	0	0	0	0	0	0	0	0	0	0	0	0	0	0	0	0	0	0	0	0	0	0	0	0	0	0	22	35	0	0	0	0	0	0	0	0	0	0	0	0	0	0	0	0	0	5	0	0	0	0	0	0	0	0	0	1	0	0	0	0	0	0	32	0	0	0	0	0	0	0	0	0	0	0	0	0	0	0	0	2	0	0	0	0	0	0	0	0	0	0	0	0	0	0	0	0	0	0	0	0	0	0	0	0	0	0	0	0	0	0	0	0	0	0	0	0	0	0	0	0	0	0	0	0	0	1	0	0	0	0	0	0	0	0	0	0	0	0	0	0	42	0	0	0	8	0	0	0	0	28	0	0	0	0	0	0	0	0	0	60	0	0	0	0	0	0	0	0	0	0	0	0	0	0	0	0	0	0	0	0	0	23	12	0	0	0	0	0	0	0	0	0	0	0	0	0	0	18	0	0	4	0	0	8	0	0	0	0	0	0	0	0	0	0	0	0	0	0	0	0	17	152	26	0	0	0	0	134	0	0	0	0	0	0	0	0	90	0	0	0	0	0	192	110	0	0	0	0	0	0	0	83	0	0	113	0	48	0	0	10	136	0	207	0	80	0	30	0	92	0	0	0	0	0	106	0	0	0	0	104	5	0	0	1	0	0	46	0	80	0	0	123	0	0	0	98	30	71	0	0	0	0	13	0	0	0	0	0	0	0	0	0	0	340	0	0	0	0	0	0	28	0	45	50	0	87	0	84	0	0	0	65	75	0	136	86	17	53	0	51	57	9	0	77	15	0	0	20	103	0	160	109	0	37	0	0	120	0	0	0	0	0	0	0	0	0	180	379	0	0	36	0	115	127	0	92	0	0	17	62	0	0	0	61	0	48	268	0	9	19	228	185	13	99	0	0	34	0	368	28	0	0	38	0	0	0	0	0	0	0	0	0	86	0	0	0	1	59	0	52	0	0	0	0	0	0	0	0	0	0	0	0	0	0	0	0	0	0	0	0	0	0	0	0	0	0	0	0	0	0	0	0	0	0	0	0	0	0	0	0	0	0	0	0	0	0	0	0	0	0	0	0	0	0	0	0	0	0	0	0	0	0	0	0	0	0	0	0	0	0	0	0	0	0	0	0	0	0	0	0	0	0	0	0	0	0	0	167	0	0	0	0	0	0	0	0	131	0	0	0	0	0	0	0	0	0	0	0	0	0	0	0	0	0	0	0	0	0	0	0	0	0	0	0	0	0	0	0	0	0	0	0	0	0	0	0	0	0	0	0	0	0	0	0	0	0	0	0	0	0	0	0	0	0	0	0	0	0	0	0	0	0	0	0	0	0	0	0	0	0	0	0	0	0	0	0	0	0	0	0	0	0	0	0	0	0	0	0	0	0	0	0	0	0	0	0	0	0	0	0	0	0	0	0	0	0	0	0	0	0	0	0	0	0	0	0	0	0	0	0	0	0	0	0	0	0	0	0	0	0	0	0	0	0	0	0	0	0	0	0	0	0	0	0	0	0	0	0	106	0	0	0	0	0	0	0	0	0	0	0	0	0	0	0	0	0	0	0	0	0	0	0	0	0	0	0	0	0	0	0	0	0	0	0	0	0	0	0	0	0	0	0	0	0	0	0	0	0	0	0	0	0	0	0	0	0	0	0	0	0	0	0	0	0	0	0	0	0	0	0	0	0	0	0	0	0	0	0	0	0	0	0	0	0	0	0	0	0	0	0	0	0	0	0	0	0	0	0	0	0	0	0	0	0	0	0	0	0	0	0	0	0	0	0	0	0	0	0	0	0	0	0	0	0	0	0	0	0	0	0	0	0	0	0	0	0	0	0	0	0	0	0	0	0	0	0	0	0	0	0	0	0	0	0	0	0	0	0	0	0	0	0	0	0	0	0	0	0	0	0	54	0	0	0	0	0	0	0	0	0	0	0	0	0	0	0	0	0	0	0	0	0	73	0	0	0	0	0	0	0	0	0	0	0	0	0	0	0	0	0	0	100	0	0	0	0	0	0	0	0	0	0	0	0	0	0	0	0	0	0	0	0	0	0	0	0	0	0	0	0	0	0	0	0	0	0	0	0	0	0
10	0	0	0	0	0	0	0	0	0	0	0	0	0	0	0	0	0	0	0	0	0	0	0	0	0	0	0	0	0	0	0	0	0	0	0	0	0	0	0	0	0	0	0	0	0	0	0	0	0	0	0	0	0	0	0	0	0	0	0	0	0	0	0	0	0	0	0	0	0	0	0	0	0	0	0	0	0	0	0	0	0	0	0	0	0	0	0	0	0	0	0	0	78	0	0	0	0	0	0	0	0	0	0	0	0	0	5	0	0	0	0	0	0	0	0	0	0	0	0	0	9	0	0	0	0	242	0	0	0	0	0	0	0	0	0	0	0	0	0	0	0	0	6	0	0	0	0	0	0	0	0	0	0	0	0	0	0	0	0	19	0	0	0	0	0	25	0	0	0	0	0	0	0	0	0	0	0	43	0	0	0	0	0	15	0	0	0	0	0	0	0	60	0	0	0	0	0	0	0	0	0	0	0	0	0	105	0	0	0	0	0	0	0	0	0	0	0	0	0	0	0	0	0	0	0	0	0	0	7	0	0	0	0	0	0	34	0	43	0	0	0	0	0	0	0	0	0	0	0	0	0	0	0	3	0	0	0	0	0	0	0	0	0	0	0	2	0	0	0	0	0	0	6	0	34	0	0	35	0	0	4	0	0	0	0	0	0	166	0	0	0	0	0	0	0	0	0	0	0	0	181	0	0	0	0	0	0	240	0	2	0	0	0	0	0	0	2	0	0	0	0	0	79	87	0	6	11	0	0	0	0	205	0	0	6	0	0	0	0	0	27	13	139	0	165	0	0	0	26	0	0	0	0	0	14	70	0	0	0	106	27	0	0	0	0	0	88	0	60	0	6	56	0	0	0	29	57	81	0	0	0	0	0	11	0	0	0	0	0	0	0	152	0	25	0	0	0	0	0	0	0	0	112	166	0	33	0	68	0	3	0	130	234	0	36	111	78	32	0	15	221	0	0	281	0	0	0	71	0	0	98	178	0	144	0	0	104	0	26	1	0	0	0	0	0	0	253	86	0	0	74	0	74	38	0	49	0	0	0	34	0	0	0	26	51	129	230	0	56	201	56	30	0	227	0	0	186	0	236	85	0	0	64	0	0	0	0	0	0	0	0	0	0	0	0	0	0	82	0	47	0	0	0	0	0	0	0	0	0	0	0	0	0	0	0	0	0	0	0	0	0	0	0	0	0	0	0	0	0	0	0	0	0	0	0	0	0	0	0	0	0	0	0	0	0	0	0	0	0	0	0	0	0	0	0	0	0	0	0	0	0	0	0	0	0	0	0	0	0	0	0	0	0	0	0	0	0	0	0	0	0	0	0	0	0	0	0	321	0	0	0	0	0	0	0	0	24	0	0	0	0	0	0	0	0	0	0	0	0	0	0	0	0	0	0	0	0	0	0	0	0	0	0	0	0	0	0	0	0	0	0	0	0	0	0	0	0	0	0	0	0	0	0	0	0	0	0	0	0	0	0	0	0	0	0	0	0	0	0	0	0	0	0	0	0	0	0	0	0	0	0	0	0	0	0	0	0	0	0	0	0	0	0	0	0	0	0	0	0	0	0	0	0	0	0	0	0	0	0	0	0	0	0	0	0	0	0	0	0	0	0	0	0	0	0	0	0	0	0	0	0	0	0	0	0	0	0	0	0	0	0	0	0	0	0	0	0	0	0	0	0	0	0	0	0	0	0	0	112	0	0	0	0	0	0	0	0	0	0	0	0	0	0	0	0	0	0	0	0	0	0	0	0	0	0	0	0	0	0	0	0	0	0	0	0	0	0	0	0	0	0	0	0	0	0	0	0	0	0	0	0	0	0	0	0	0	0	0	0	0	0	0	0	0	0	0	0	0	0	0	0	0	0	0	0	0	0	0	0	0	0	0	0	0	0	0	0	0	0	0	0	0	0	0	0	0	0	0	0	0	0	0	0	0	0	0	0	0	0	0	0	0	0	0	0	0	0	0	0	0	0	0	0	0	0	0	0	0	0	0	0	0	0	0	0	0	0	0	0	0	0	0	0	0	0	0	0	0	0	0	0	0	0	0	0	0	0	0	0	0	0	0	0	0	0	0	0	0	0	0	58	0	0	0	0	0	0	0	0	0	0	0	0	0	0	0	0	0	0	0	0	0	158	0	0	0	0	0	0	0	0	0	0	0	0	0	0	0	0	0	0	51	0	0	0	0	0	0	0	0	0	0	0	0	0	0	0	0	0	0	0	0	0	0	0	0	0	0	0	0	0	0	0	0	0	0	0	0	0	0
11	0	0	0	0	0	0	0	0	0	0	0	0	0	0	0	0	19	0	0	0	0	0	0	0	0	0	0	0	0	0	0	0	0	0	0	0	0	0	0	0	0	0	0	0	0	0	0	0	0	0	0	0	0	0	0	0	0	0	0	0	0	0	0	13	0	0	0	0	0	0	0	0	0	0	0	0	0	0	0	0	0	0	0	0	0	0	0	0	0	0	0	0	0	0	0	0	0	0	0	0	0	0	0	0	0	0	0	0	0	0	0	0	0	0	0	0	0	0	0	0	0	0	0	0	0	48	0	0	0	0	1	0	0	0	0	0	0	0	0	0	0	0	139	0	0	0	0	0	0	0	0	0	0	0	0	0	0	0	0	18	0	0	0	0	0	0	0	0	0	0	0	0	0	0	0	0	0	0	0	0	0	0	0	0	0	0	0	0	0	0	0	0	0	0	0	0	0	2	0	0	0	0	1	0	0	269	0	0	0	158	0	0	0	0	2	1	32	0	0	0	11	0	76	0	16	0	0	0	0	0	0	0	1	0	0	0	0	0	0	0	0	0	0	0	0	0	0	0	0	0	0	0	0	0	0	0	0	0	0	0	0	0	0	0	0	0	0	0	0	0	0	0	26	0	0	0	0	0	0	0	0	0	0	0	110	0	0	71	0	0	5	0	0	0	0	0	0	0	0	0	105	38	4	0	0	0	0	39	0	0	0	0	0	0	0	0	0	4	0	0	0	0	58	8	0	0	0	0	1	0	0	151	0	0	41	0	0	0	0	0	69	0	56	0	106	0	0	0	68	0	0	0	97	0	52	169	0	0	0	6	85	0	0	0	0	0	49	0	119	1	65	103	2	0	0	93	96	204	0	0	0	68	0	0	0	1	0	0	0	0	0	0	0	94	0	0	0	0	0	0	0	0	138	70	0	59	52	228	0	1	0	128	8	0	131	178	133	36	0	162	66	0	0	132	0	0	0	73	8	0	14	56	0	7	0	0	55	0	0	0	0	0	0	0	0	0	60	18	0	0	12	0	25	33	0	19	0	0	69	128	5	0	0	90	2	136	46	0	236	219	42	243	0	103	0	0	66	0	115	102	14	0	213	0	0	0	0	0	38	0	0	0	76	0	25	50	12	31	0	81	0	0	0	0	0	0	0	0	0	0	0	0	0	0	0	0	0	0	0	0	0	0	0	0	0	0	0	0	0	0	0	0	0	0	0	0	0	0	0	0	0	0	0	0	0	0	0	0	0	0	0	0	0	0	0	0	0	0	0	0	0	0	0	0	0	0	0	0	0	0	0	0	0	0	0	0	0	0	0	0	0	0	0	0	0	0	0	65	0	0	0	0	0	0	0	0	78	0	0	0	0	0	0	0	0	0	0	0	0	0	0	0	0	0	0	0	0	0	0	0	0	0	0	0	0	0	0	0	0	0	0	0	0	0	0	0	0	0	0	0	0	0	0	0	0	0	0	0	0	0	0	0	0	0	0	0	0	0	0	0	0	0	0	0	0	0	0	0	0	0	0	0	0	0	0	0	0	0	0	0	0	0	0	0	0	0	0	0	0	0	0	0	0	0	0	0	0	0	0	0	0	0	0	0	0	0	0	0	0	0	0	0	0	0	0	0	0	0	0	0	0	0	0	0	0	0	0	0	0	0	0	0	0	0	0	0	0	0	0	0	0	0	0	0	0	0	0	0	44	0	0	0	0	0	0	0	0	0	0	0	0	0	0	0	0	0	0	0	0	0	0	0	0	0	0	0	0	0	0	0	0	0	0	0	0	0	0	0	0	0	0	0	0	0	0	0	0	0	0	0	0	0	0	0	0	0	0	0	0	0	0	0	0	0	0	0	0	0	0	0	0	0	0	0	0	0	0	0	0	0	0	0	0	0	0	0	0	0	0	0	0	0	0	0	0	0	0	0	0	0	0	0	0	0	0	0	0	0	0	0	0	0	0	0	0	0	0	0	0	0	0	0	0	0	0	0	0	0	0	0	0	0	0	0	0	0	0	0	0	0	0	0	0	0	0	0	0	0	0	0	0	0	0	0	0	0	0	0	0	0	0	0	0	0	0	0	0	0	0	0	22	0	0	0	0	0	0	0	0	0	0	0	0	0	0	0	0	0	0	0	0	0	86	0	0	0	0	0	0	0	0	0	0	0	0	0	0	0	0	0	0	57	0	0	0	0	0	0	0	0	0	0	0	0	0	0	0	0	0	0	0	0	0	0	0	0	0	0	0	0	0	0	0	0	0	0	0	0	0	0
12	0	0	0	0	0	0	0	0	0	0	0	0	0	0	0	0	0	0	0	0	0	0	0	0	0	0	0	0	0	0	0	0	0	0	0	0	0	0	0	0	0	0	0	0	0	0	0	0	0	0	0	0	0	0	0	0	0	0	0	0	0	0	0	0	0	0	0	0	0	0	0	0	0	0	0	0	0	0	0	0	0	0	0	0	0	0	0	0	0	0	0	0	0	0	0	0	0	0	0	0	0	0	0	0	0	0	0	0	0	0	0	0	0	0	0	0	0	0	0	0	0	0	0	0	0	46	0	0	0	0	0	0	0	0	0	0	0	0	0	0	8	0	1	0	0	0	0	0	0	0	0	0	0	0	0	0	0	0	0	0	0	0	0	0	1	0	0	0	1	0	0	0	0	0	0	0	0	0	0	0	0	0	0	0	0	0	0	0	0	0	0	0	0	0	0	0	0	0	0	0	1	0	0	0	0	53	0	0	0	0	0	0	0	0	0	0	0	0	0	0	0	0	0	0	0	0	0	0	0	0	0	0	0	0	0	0	0	0	0	0	0	0	0	0	0	0	0	0	0	0	0	0	0	0	0	0	0	0	0	0	0	0	0	0	6	0	0	0	0	0	0	0	0	3	0	0	0	0	0	0	0	0	0	0	40	0	0	0	0	0	0	0	0	0	1	0	0	0	0	0	65	139	12	0	3	0	0	0	0	0	0	0	2	0	0	0	0	0	0	0	0	0	110	19	0	0	0	0	0	0	0	135	0	0	114	0	0	5	0	0	26	0	72	0	250	0	0	8	0	0	0	0	0	0	89	0	0	0	0	28	151	0	0	0	0	0	35	5	82	12	0	121	0	0	11	136	95	6	0	0	0	0	3	0	0	0	0	0	0	0	0	0	0	131	0	0	0	0	0	0	0	0	31	75	0	94	20	82	0	0	0	100	125	0	46	80	25	25	0	24	96	0	0	152	0	0	0	29	0	0	22	61	0	55	0	0	9	0	0	0	0	0	0	0	0	0	176	134	0	0	4	1	134	201	0	70	0	0	16	31	0	0	0	21	0	86	117	15	96	98	90	46	0	230	0	0	17	0	50	87	0	0	197	0	0	0	0	0	86	0	0	0	81	0	0	0	0	71	0	97	0	0	0	0	0	0	0	0	0	0	0	0	0	0	0	0	0	0	0	0	0	0	0	0	0	0	0	0	0	0	0	0	0	0	0	0	0	0	0	0	0	0	0	0	0	0	0	0	0	0	0	0	0	0	0	0	0	0	0	0	0	0	0	0	0	0	0	0	0	0	0	0	0	0	0	0	0	0	0	0	0	0	0	0	0	0	0	38	0	0	0	0	0	0	0	0	268	0	0	0	0	0	0	0	0	0	0	0	0	0	0	0	0	0	0	0	0	0	0	0	0	0	0	0	0	0	0	0	0	0	0	0	0	0	0	0	0	0	0	0	0	0	0	0	0	0	0	0	0	0	0	0	0	0	0	0	0	0	0	0	0	0	0	0	0	0	0	0	0	0	0	0	0	0	0	0	0	0	0	0	0	0	0	0	0	0	0	0	0	0	0	0	0	0	0	0	0	0	0	0	0	0	0	0	0	0	0	0	0	0	0	0	0	0	0	0	0	0	0	0	0	0	0	0	0	0	0	0	0	0	0	0	0	0	0	0	0	0	0	0	0	0	0	0	0	0	0	0	21	0	0	0	0	0	0	0	0	0	0	0	0	0	0	0	0	0	0	0	0	0	0	0	0	0	0	0	0	0	0	0	0	0	0	0	0	0	0	0	0	0	0	0	0	0	0	0	0	0	0	0	0	0	0	0	0	0	0	0	0	0	0	0	0	0	0	0	0	0	0	0	0	0	0	0	0	0	0	0	0	0	0	0	0	0	0	0	0	0	0	0	0	0	0	0	0	0	0	0	0	0	0	0	0	0	0	0	0	0	0	0	0	0	0	0	0	0	0	0	0	0	0	0	0	0	0	0	0	0	0	0	0	0	0	0	0	0	0	0	0	0	0	0	0	0	0	0	0	0	0	0	0	0	0	0	0	0	0	0	0	0	0	0	0	0	0	0	0	0	0	0	210	0	0	0	0	0	0	0	0	0	0	0	0	0	0	0	0	0	0	0	0	0	20	0	0	0	0	0	0	0	0	0	0	0	0	0	0	0	0	0	0	54	0	0	0	0	0	0	0	0	0	0	0	0	0	0	0	0	0	0	0	0	0	0	0	0	0	0	0	0	0	0	0	0	0	0	0	0	0	0
13	0	0	0	0	0	0	0	0	0	0	0	0	0	0	0	0	0	0	0	0	0	0	0	0	0	0	0	0	0	0	0	0	0	0	0	0	0	0	0	0	0	0	0	0	0	0	0	0	0	0	0	0	0	0	0	0	0	0	0	0	0	0	0	0	0	0	0	0	0	0	0	0	0	0	0	0	0	0	0	0	0	0	0	0	0	0	0	0	49	0	0	0	0	0	44	0	0	0	0	0	0	0	0	0	0	0	0	0	0	0	0	0	0	0	0	0	0	2	0	0	0	0	0	0	0	103	0	0	0	0	0	0	0	0	0	0	0	0	0	0	0	0	3	0	0	0	0	0	0	0	0	0	0	0	0	0	0	0	0	0	0	0	0	0	0	0	0	0	0	0	0	0	0	0	0	0	0	0	0	0	0	0	0	0	0	30	0	0	0	0	0	0	0	0	0	0	0	0	0	0	0	0	0	0	0	25	0	0	0	60	0	0	0	0	0	0	12	9	0	0	0	55	0	0	0	0	0	0	0	2	0	0	0	0	0	0	0	0	0	0	0	0	0	0	0	0	0	0	0	0	0	0	0	33	0	0	0	0	0	0	0	0	0	0	0	0	0	0	0	0	0	0	0	0	0	0	0	0	0	0	4	0	0	0	0	0	0	0	0	0	0	0	0	0	0	0	0	0	0	0	106	12	0	0	0	0	0	0	6	0	166	0	0	0	0	0	0	52	0	0	50	0	0	124	0	0	0	0	0	0	0	49	0	0	9	0	6	0	0	0	151	0	18	0	35	0	0	0	0	0	0	0	0	0	128	0	0	0	0	10	266	0	0	0	0	0	4	0	24	0	0	1	0	0	0	40	45	0	0	0	1	0	0	0	0	0	0	0	4	0	0	0	0	65	0	0	73	0	0	0	0	0	75	93	0	42	0	9	0	0	0	151	60	0	72	18	176	106	0	151	292	0	0	66	0	0	0	50	9	0	12	197	0	109	0	0	8	0	0	0	0	0	0	0	0	0	51	19	0	0	211	0	113	58	0	16	0	0	0	54	0	0	0	129	9	157	166	90	64	3	77	50	5	153	0	0	128	0	42	34	0	0	152	0	0	89	0	1	0	0	0	0	235	0	0	0	0	49	0	103	0	0	0	0	0	0	0	0	0	0	0	0	0	0	0	0	0	0	0	0	0	0	0	0	0	0	0	0	0	0	0	0	0	0	0	0	0	0	0	0	0	0	0	0	0	0	0	0	0	0	0	0	0	0	0	0	0	0	0	0	0	0	0	0	0	0	0	0	0	0	0	0	0	0	0	0	0	0	0	0	0	0	0	0	0	0	0	99	0	0	0	0	0	0	0	0	40	0	0	0	0	0	0	0	0	0	0	0	0	0	0	0	0	0	0	0	0	0	0	0	0	0	0	0	0	0	0	0	0	0	0	0	0	0	0	0	0	0	0	0	0	0	0	0	0	0	0	0	0	0	0	0	0	0	0	0	0	0	0	0	0	0	0	0	0	0	0	0	0	0	0	0	0	0	0	0	0	0	0	0	0	0	0	0	0	0	0	0	0	0	0	0	0	0	0	0	0	0	0	0	0	0	0	0	0	0	0	0	0	0	0	0	0	0	0	0	0	0	0	0	0	0	0	0	0	0	0	0	0	0	0	0	0	0	0	0	0	0	0	0	0	0	0	0	0	0	0	0	133	0	0	0	0	0	0	0	0	0	0	0	0	0	0	0	0	0	0	0	0	0	0	0	0	0	0	0	0	0	0	0	0	0	0	0	0	0	0	0	0	0	0	0	0	0	0	0	0	0	0	0	0	0	0	0	0	0	0	0	0	0	0	0	0	0	0	0	0	0	0	0	0	0	0	0	0	0	0	0	0	0	0	0	0	0	0	0	0	0	0	0	0	0	0	0	0	0	0	0	0	0	0	0	0	0	0	0	0	0	0	0	0	0	0	0	0	0	0	0	0	0	0	0	0	0	0	0	0	0	0	0	0	0	0	0	0	0	0	0	0	0	0	0	0	0	0	0	0	0	0	0	0	0	0	0	0	0	0	0	0	0	0	0	0	0	0	0	0	0	0	0	57	0	0	0	0	0	0	0	0	0	0	0	0	0	0	0	0	0	0	0	0	0	27	0	0	0	0	0	0	0	0	0	0	0	0	0	0	0	0	0	0	192	0	0	0	0	0	0	0	0	0	0	0	0	0	0	0	0	0	0	0	0	0	0	0	0	0	0	0	0	0	0	0	0	0	0	0	0	0	0
14	0	0	0	0	0	0	0	0	0	0	0	0	0	0	0	0	0	0	0	0	0	0	0	0	0	0	0	0	0	0	0	0	0	0	0	0	0	0	0	5	0	44	0	0	0	0	0	0	0	0	0	0	0	0	0	0	0	0	0	0	0	0	0	0	0	0	0	0	0	0	0	0	0	0	0	0	0	0	0	0	0	0	0	0	0	0	0	0	0	0	11	0	6	0	0	0	24	0	0	0	0	0	0	0	0	0	0	0	0	0	0	0	0	1	0	0	0	0	0	0	0	0	0	0	0	49	0	0	0	0	0	0	0	0	0	0	5	0	31	0	0	0	22	0	0	0	0	0	0	0	0	0	0	0	0	0	0	1	0	0	0	0	0	0	0	0	0	0	0	0	0	0	0	0	0	0	0	0	0	0	0	0	0	0	0	0	0	0	0	0	0	0	0	0	0	0	0	0	0	0	0	0	0	0	0	84	0	0	0	55	0	0	3	0	39	0	9	0	0	0	0	48	0	0	0	0	0	0	0	62	0	0	0	0	0	40	0	0	0	0	0	0	0	0	0	0	0	0	0	0	0	0	0	0	0	0	0	0	9	0	0	0	4	0	0	0	0	0	0	0	0	0	0	0	0	0	0	8	0	0	0	0	0	0	0	0	31	41	0	0	0	0	0	31	0	0	0	0	0	0	36	5	0	9	0	0	0	0	0	0	27	0	0	0	0	0	0	32	1	0	0	0	99	133	0	15	0	0	0	0	0	261	0	0	100	0	1	0	0	0	212	0	35	0	78	0	61	0	111	78	0	0	0	0	32	0	0	4	1	53	61	0	0	0	0	0	111	8	216	0	62	35	0	0	0	106	54	123	0	0	0	0	0	0	0	0	5	0	0	0	1	0	0	163	0	0	0	0	0	0	0	0	106	43	11	54	82	115	0	0	0	39	39	0	70	36	112	179	0	14	120	0	2	193	1	0	0	56	91	0	125	214	0	128	0	0	84	1	193	0	0	2	0	0	0	0	63	38	0	0	187	4	25	159	0	48	0	0	0	72	0	0	0	31	23	137	227	0	50	123	171	200	0	69	7	0	44	0	118	150	0	0	62	0	0	0	0	8	1	0	0	3	24	0	0	38	4	417	0	105	0	0	0	0	0	0	0	0	0	0	0	0	0	0	0	0	0	0	0	0	0	0	0	0	0	0	0	0	0	0	0	0	0	0	0	0	0	0	0	0	0	0	0	0	0	0	0	0	0	0	0	0	0	0	0	0	0	0	0	0	0	0	0	0	0	0	0	0	0	0	0	0	0	0	0	0	0	0	0	0	0	0	0	0	0	0	0	136	0	0	0	0	0	0	0	0	93	0	0	0	0	0	0	0	0	0	0	0	0	0	0	0	0	0	0	0	0	0	0	0	0	0	0	0	0	0	0	0	0	0	0	0	0	0	0	0	0	0	0	0	0	0	0	0	0	0	0	0	0	0	0	0	0	0	0	0	0	0	0	0	0	0	0	0	0	0	0	0	0	0	0	0	0	0	0	0	0	0	0	0	0	0	0	0	0	0	0	0	0	0	0	0	0	0	0	0	0	0	0	0	0	0	0	0	0	0	0	0	0	0	0	0	0	0	0	0	0	0	0	0	0	0	0	0	0	0	0	0	0	0	0	0	0	0	0	0	0	0	0	0	0	0	0	0	0	0	0	0	141	0	0	0	0	0	0	0	0	0	0	0	0	0	0	0	0	0	0	0	0	0	0	0	0	0	0	0	0	0	0	0	0	0	0	0	0	0	0	0	0	0	0	0	0	0	0	0	0	0	0	0	0	0	0	0	0	0	0	0	0	0	0	0	0	0	0	0	0	0	0	0	0	0	0	0	0	0	0	0	0	0	0	0	0	0	0	0	0	0	0	0	0	0	0	0	0	0	0	0	0	0	0	0	0	0	0	0	0	0	0	0	0	0	0	0	0	0	0	0	0	0	0	0	0	0	0	0	0	0	0	0	0	0	0	0	0	0	0	0	0	0	0	0	0	0	0	0	0	0	0	0	0	0	0	0	0	0	0	0	0	0	0	0	0	0	0	0	0	0	0	0	122	0	0	0	0	0	0	0	0	0	0	0	0	0	0	0	0	0	0	0	0	0	36	0	0	0	0	0	0	0	0	0	0	0	0	0	0	0	0	0	0	78	0	0	0	0	0	0	0	0	0	0	0	0	0	0	0	0	0	0	0	0	0	0	0	0	0	0	0	0	0	0	0	0	0	0	0	0	0	0
15	0	0	0	0	0	0	0	0	0	0	0	0	0	0	0	0	0	0	0	0	0	0	0	0	0	0	0	0	0	0	0	0	0	0	0	0	0	0	0	0	0	0	0	0	0	0	0	0	0	0	0	0	0	0	0	0	0	0	0	0	0	0	0	0	0	0	0	0	0	0	0	0	0	0	0	0	0	0	0	0	0	0	0	0	0	0	0	0	0	0	0	0	0	0	0	0	0	0	0	0	0	0	0	0	0	0	0	0	0	0	0	0	0	0	0	0	0	0	0	0	0	0	0	0	0	201	0	0	0	0	0	0	0	0	0	0	0	0	0	0	0	0	0	0	0	0	0	0	0	0	0	0	0	30	0	0	0	0	0	0	0	0	0	0	0	0	0	0	0	0	0	0	0	0	13	0	0	0	0	0	0	0	0	0	0	0	0	0	0	0	0	0	0	0	0	0	0	0	0	0	0	0	0	0	0	78	0	0	0	34	0	0	0	0	0	0	8	25	0	0	0	0	0	0	0	0	0	0	0	0	0	0	0	0	0	0	0	0	0	0	0	0	8	0	0	0	0	1	0	0	0	0	0	0	0	0	0	0	0	0	0	0	0	0	0	0	0	0	0	0	0	0	0	0	0	0	0	10	0	0	2	0	0	0	0	0	0	1	0	0	0	0	0	0	0	0	0	0	0	0	31	143	0	0	0	0	0	5	0	0	0	0	0	0	0	0	0	1	0	0	0	0	0	66	0	0	0	0	0	0	0	107	0	0	58	0	0	4	0	0	150	0	66	0	144	0	0	0	0	6	0	0	0	0	70	0	0	0	0	100	36	0	0	0	0	0	107	0	24	0	13	89	0	0	0	140	44	3	0	0	0	0	0	0	0	0	0	0	0	0	0	0	0	38	0	0	0	0	0	0	0	0	133	43	0	130	0	199	0	0	0	70	245	0	169	23	20	74	0	192	179	0	0	21	0	0	0	78	0	0	55	162	0	58	0	0	197	0	0	0	0	2	0	0	0	0	92	102	0	0	2	0	149	70	0	37	0	0	9	81	0	0	0	53	0	106	54	2	51	178	88	55	0	19	0	0	198	0	86	76	0	0	32	0	0	0	0	0	0	0	0	0	104	0	0	0	0	148	0	117	0	0	0	0	0	0	0	0	0	0	0	0	0	0	0	0	0	0	0	0	0	0	0	0	0	0	0	0	0	0	0	0	0	0	0	0	0	0	0	0	0	0	0	0	0	0	0	0	0	0	0	0	0	0	0	0	0	0	0	0	0	0	0	0	0	0	0	0	0	0	0	0	0	0	0	0	0	0	0	0	0	0	0	0	0	0	0	61	0	0	0	0	0	0	0	0	80	0	0	0	0	0	0	0	0	0	0	0	0	0	0	0	0	0	0	0	0	0	0	0	0	0	0	0	0	0	0	0	0	0	0	0	0	0	0	0	0	0	0	0	0	0	0	0	0	0	0	0	0	0	0	0	0	0	0	0	0	0	0	0	0	0	0	0	0	0	0	0	0	0	0	0	0	0	0	0	0	0	0	0	0	0	0	0	0	0	0	0	0	0	0	0	0	0	0	0	0	0	0	0	0	0	0	0	0	0	0	0	0	0	0	0	0	0	0	0	0	0	0	0	0	0	0	0	0	0	0	0	0	0	0	0	0	0	0	0	0	0	0	0	0	0	0	0	0	0	0	0	16	0	0	0	0	0	0	0	0	0	0	0	0	0	0	0	0	0	0	0	0	0	0	0	0	0	0	0	0	0	0	0	0	0	0	0	0	0	0	0	0	0	0	0	0	0	0	0	0	0	0	0	0	0	0	0	0	0	0	0	0	0	0	0	0	0	0	0	0	0	0	0	0	0	0	0	0	0	0	0	0	0	0	0	0	0	0	0	0	0	0	0	0	0	0	0	0	0	0	0	0	0	0	0	0	0	0	0	0	0	0	0	0	0	0	0	0	0	0	0	0	0	0	0	0	0	0	0	0	0	0	0	0	0	0	0	0	0	0	0	0	0	0	0	0	0	0	0	0	0	0	0	0	0	0	0	0	0	0	0	0	0	0	0	0	0	0	0	0	0	0	0	82	0	0	0	0	0	0	0	0	0	0	0	0	0	0	0	0	0	0	0	0	0	64	0	0	0	0	0	0	0	0	0	0	0	0	0	0	0	0	0	0	98	0	0	0	0	0	0	0	0	0	0	0	0	0	0	0	0	0	0	0	0	0	0	0	0	0	0	0	0	0	0	0	0	0	0	0	0	0	0
16	0	0	0	0	0	0	0	0	0	0	0	0	0	0	0	0	0	0	0	0	0	0	0	0	0	0	0	0	0	0	0	0	0	0	0	0	0	0	0	0	0	0	0	0	0	0	0	0	0	0	0	0	0	0	0	0	0	0	0	0	0	0	0	0	0	0	0	0	0	0	0	0	0	0	0	0	0	0	0	0	0	0	0	0	0	0	0	0	0	0	0	0	0	0	0	0	0	0	0	0	0	0	0	0	0	0	0	0	0	0	0	0	0	0	0	0	0	0	0	6	0	0	0	0	0	6	0	0	0	24	0	0	0	0	0	0	0	0	0	0	0	0	0	0	0	0	0	0	0	0	0	0	0	0	0	0	0	0	0	0	0	0	0	0	0	0	0	0	0	0	0	0	0	0	0	0	0	0	0	0	0	0	0	0	0	0	0	0	0	0	0	0	0	0	0	0	0	3	0	0	0	3	0	0	3	53	0	0	0	26	0	0	0	0	0	0	0	0	0	0	0	0	0	0	46	0	0	0	0	69	0	0	0	0	0	0	0	0	0	0	0	0	0	0	0	0	0	0	0	0	0	0	0	0	0	0	0	0	0	20	0	1	0	0	0	0	0	0	0	0	0	0	0	0	0	0	0	0	0	0	0	0	0	0	0	0	0	53	0	0	0	0	0	0	0	0	0	0	0	0	92	31	1	0	0	0	0	0	0	0	0	0	0	0	0	0	0	30	0	0	0	0	14	31	0	0	0	0	4	10	0	30	0	0	65	24	2	54	0	0	124	0	92	0	60	0	102	7	0	0	0	0	70	0	16	0	0	0	0	154	71	0	0	0	0	0	61	0	74	0	29	85	0	0	0	56	94	6	0	0	0	0	0	0	0	0	0	0	0	0	0	0	0	161	0	0	17	0	0	0	0	0	112	153	0	68	6	182	0	0	0	56	46	0	83	288	40	27	0	111	100	0	0	84	15	0	0	6	92	0	1	47	0	123	0	0	47	0	0	0	0	13	0	0	0	0	40	78	0	0	59	0	53	37	0	153	0	0	0	73	0	0	0	172	0	134	31	0	102	190	60	54	0	161	0	0	128	5	33	30	0	0	116	0	0	0	0	0	0	0	0	0	173	0	0	0	10	42	0	184	0	0	0	0	0	0	0	0	0	0	0	0	0	0	0	0	0	0	0	0	0	0	0	0	0	0	0	0	0	0	0	0	0	0	0	0	0	0	0	0	0	0	0	0	0	0	0	0	0	0	0	0	0	0	0	0	0	0	0	0	0	0	0	0	0	0	0	0	0	0	0	0	0	0	0	0	0	0	0	0	0	0	0	0	0	0	0	39	0	0	0	0	0	0	0	0	27	0	0	0	0	0	0	0	0	0	0	0	0	0	0	0	0	0	0	0	0	0	0	0	0	0	0	0	0	0	0	0	0	0	0	0	0	0	0	0	0	0	0	0	0	0	0	0	0	0	0	0	0	0	0	0	0	0	0	0	0	0	0	0	0	0	0	0	0	0	0	0	0	0	0	0	0	0	0	0	0	0	0	0	0	0	0	0	0	0	0	0	0	0	0	0	0	0	0	0	0	0	0	0	0	0	0	0	0	0	0	0	0	0	0	0	0	0	0	0	0	0	0	0	0	0	0	0	0	0	0	0	0	0	0	0	0	0	0	0	0	0	0	0	0	0	0	0	0	0	0	0	58	0	0	0	0	0	0	0	0	0	0	0	0	0	0	0	0	0	0	0	0	0	0	0	0	0	0	0	0	0	0	0	0	0	0	0	0	0	0	0	0	0	0	0	0	0	0	0	0	0	0	0	0	0	0	0	0	0	0	0	0	0	0	0	0	0	0	0	0	0	0	0	0	0	0	0	0	0	0	0	0	0	0	0	0	0	0	0	0	0	0	0	0	0	0	0	0	0	0	0	0	0	0	0	0	0	0	0	0	0	0	0	0	0	0	0	0	0	0	0	0	0	0	0	0	0	0	0	0	0	0	0	0	0	0	0	0	0	0	0	0	0	0	0	0	0	0	0	0	0	0	0	0	0	0	0	0	0	0	0	0	0	0	0	0	0	0	0	0	0	0	0	90	0	0	0	0	0	0	0	0	0	0	0	0	0	0	0	0	0	0	0	0	0	79	0	0	0	0	0	0	0	0	0	0	0	0	0	0	0	0	0	0	45	0	0	0	0	0	0	0	0	0	0	0	0	0	0	0	0	0	0	0	0	0	0	0	0	0	0	0	0	0	0	0	0	0	0	0	0	0	0
17	0	0	0	0	0	0	0	0	0	0	0	0	0	0	0	0	0	0	0	0	0	0	0	0	0	0	0	0	0	0	0	0	0	0	0	0	0	0	0	0	0	0	0	0	0	0	0	0	0	0	0	0	0	0	0	0	0	0	0	0	0	0	0	0	0	0	0	0	0	0	0	0	0	0	0	0	0	0	0	0	0	0	0	0	0	0	0	0	0	0	0	0	0	0	0	0	0	0	0	0	0	0	0	0	0	0	0	0	0	0	0	0	0	0	0	0	0	0	0	0	0	0	0	0	0	17	0	0	0	0	0	0	0	0	0	0	0	0	0	0	0	0	0	0	0	0	0	0	0	0	0	0	0	0	0	0	0	0	0	0	0	0	0	0	0	0	0	0	0	0	0	0	0	0	0	0	0	0	0	0	0	0	0	0	0	0	0	0	0	0	0	0	0	0	0	0	0	2	0	0	0	0	0	0	0	105	0	0	0	14	0	0	0	0	2	0	0	0	0	0	0	0	0	0	0	0	0	22	0	0	0	0	0	0	0	0	69	0	0	0	0	0	0	0	0	0	0	0	6	0	0	0	0	0	0	0	0	0	0	0	0	0	8	6	0	0	0	0	0	0	0	0	0	0	0	0	0	19	0	0	0	0	0	0	0	0	0	0	0	0	0	0	0	0	0	0	0	0	0	0	111	90	0	0	33	0	0	13	0	0	0	0	0	0	0	0	0	0	0	0	0	0	55	23	0	6	29	0	0	0	0	160	0	0	147	0	0	0	0	0	158	0	59	0	54	0	0	0	43	0	0	0	98	0	42	0	0	0	0	58	5	0	0	0	0	0	58	0	91	0	0	71	0	0	0	127	65	10	0	0	0	0	0	0	0	0	0	0	0	0	0	0	0	48	0	0	0	0	0	0	0	0	83	208	0	181	134	155	0	0	0	21	27	0	67	210	66	68	0	191	54	0	0	39	0	0	0	199	13	0	3	8	0	102	0	0	77	0	0	0	0	0	0	0	0	44	129	49	0	0	93	0	181	27	0	71	0	0	16	127	0	0	0	71	0	14	82	0	37	150	146	4	36	110	0	0	71	0	0	26	0	0	139	0	0	6	0	0	1	0	0	0	28	0	1	0	0	18	0	14	0	0	0	0	0	0	0	0	0	0	0	0	0	0	0	0	0	0	0	0	0	0	0	0	0	0	0	0	0	0	0	0	0	0	0	0	0	0	0	0	0	0	0	0	0	0	0	0	0	0	0	0	0	0	0	0	0	0	0	0	0	0	0	0	0	0	0	0	0	0	0	0	0	0	0	0	0	0	0	0	0	0	0	0	0	0	0	48	0	0	0	0	0	0	0	0	110	0	0	0	0	0	0	0	0	0	0	0	0	0	0	0	0	0	0	0	0	0	0	0	0	0	0	0	0	0	0	0	0	0	0	0	0	0	0	0	0	0	0	0	0	0	0	0	0	0	0	0	0	0	0	0	0	0	0	0	0	0	0	0	0	0	0	0	0	0	0	0	0	0	0	0	0	0	0	0	0	0	0	0	0	0	0	0	0	0	0	0	0	0	0	0	0	0	0	0	0	0	0	0	0	0	0	0	0	0	0	0	0	0	0	0	0	0	0	0	0	0	0	0	0	0	0	0	0	0	0	0	0	0	0	0	0	0	0	0	0	0	0	0	0	0	0	0	0	0	0	0	106	0	0	0	0	0	0	0	0	0	0	0	0	0	0	0	0	0	0	0	0	0	0	0	0	0	0	0	0	0	0	0	0	0	0	0	0	0	0	0	0	0	0	0	0	0	0	0	0	0	0	0	0	0	0	0	0	0	0	0	0	0	0	0	0	0	0	0	0	0	0	0	0	0	0	0	0	0	0	0	0	0	0	0	0	0	0	0	0	0	0	0	0	0	0	0	0	0	0	0	0	0	0	0	0	0	0	0	0	0	0	0	0	0	0	0	0	0	0	0	0	0	0	0	0	0	0	0	0	0	0	0	0	0	0	0	0	0	0	0	0	0	0	0	0	0	0	0	0	0	0	0	0	0	0	0	0	0	0	0	0	0	0	0	0	0	0	0	0	0	0	0	121	0	0	0	0	0	0	0	0	0	0	0	0	0	0	0	0	0	0	0	0	0	117	0	0	0	0	0	0	0	0	0	0	0	0	0	0	0	0	0	0	173	0	0	0	0	0	0	0	0	0	0	0	0	0	0	0	0	0	0	0	0	0	0	0	0	0	0	0	0	0	0	0	0	0	0	0	0	0	0
18	0	0	0	0	0	0	0	0	0	0	0	0	0	0	0	0	0	0	0	0	0	0	0	5	0	0	0	0	0	0	0	0	0	0	0	0	0	0	0	0	0	1	0	0	0	0	0	0	0	0	0	0	0	0	0	0	0	0	0	0	0	0	0	0	0	0	0	0	0	0	0	0	0	0	0	37	0	0	0	0	0	0	0	0	0	0	0	0	0	0	0	0	0	0	0	0	0	0	0	0	0	1	0	0	0	0	13	0	0	0	0	0	0	4	0	0	0	0	0	0	0	2	0	0	0	185	0	0	0	32	0	0	0	0	0	0	0	0	0	0	0	0	137	0	24	0	0	0	0	0	0	0	0	0	0	0	0	66	0	0	31	0	0	0	0	0	0	0	0	0	0	0	0	137	0	0	0	0	0	0	0	0	0	0	0	0	0	5	0	0	0	0	0	0	0	0	0	0	0	0	0	0	0	0	0	111	0	0	12	73	0	0	0	0	9	0	0	0	0	3	10	0	0	0	2	0	0	0	0	90	0	0	0	0	0	117	0	0	0	0	0	2	0	0	0	0	0	0	0	0	0	0	0	0	0	0	0	9	0	0	0	0	4	0	0	0	0	0	0	0	0	4	3	125	0	0	0	0	0	0	11	0	0	0	0	0	30	0	1	0	0	0	0	0	0	0	0	0	0	0	65	78	7	0	0	0	0	58	0	0	0	0	0	0	4	0	0	18	12	0	0	0	68	86	0	0	0	24	0	0	0	104	0	0	4	0	13	0	0	0	49	0	69	0	15	0	100	0	6	91	0	83	0	0	49	0	0	0	19	98	79	0	0	0	0	0	41	0	104	0	70	181	0	0	0	168	147	198	0	0	0	11	0	0	0	0	0	0	0	0	0	0	0	89	11	0	0	0	0	0	0	0	32	16	1	46	0	255	0	0	0	20	108	0	21	190	128	40	0	85	84	0	0	65	6	0	69	116	107	0	138	100	0	118	0	1	199	4	11	0	0	0	0	0	0	0	42	173	0	0	17	11	144	53	0	57	0	0	0	57	5	0	32	64	6	64	111	0	73	19	128	71	0	35	0	0	30	0	96	112	0	4	20	0	0	0	0	0	9	0	0	0	38	2	0	0	0	74	0	195	0	0	0	0	0	0	0	0	0	0	0	0	0	0	0	0	0	0	0	0	0	0	0	0	0	0	0	0	0	0	0	0	0	0	0	0	0	0	0	0	0	0	0	0	0	0	0	0	0	0	0	0	0	0	0	0	0	0	0	0	0	0	0	0	0	0	0	0	0	0	0	0	0	0	0	0	0	0	0	0	0	0	0	0	0	0	0	99	0	0	0	0	0	0	0	0	89	0	0	0	0	0	0	0	0	0	0	0	0	0	0	0	0	0	0	0	0	0	0	0	0	0	0	0	0	0	0	0	0	0	0	0	0	0	0	0	0	0	0	0	0	0	0	0	0	0	0	0	0	0	0	0	0	0	0	0	0	0	0	0	0	0	0	0	0	0	0	0	0	0	0	0	0	0	0	0	0	0	0	0	0	0	0	0	0	0	0	0	0	0	0	0	0	0	0	0	0	0	0	0	0	0	0	0	0	0	0	0	0	0	0	0	0	0	0	0	0	0	0	0	0	0	0	0	0	0	0	0	0	0	0	0	0	0	0	0	0	0	0	0	0	0	0	0	0	0	0	0	188	0	0	0	0	0	0	0	0	0	0	0	0	0	0	0	0	0	0	0	0	0	0	0	0	0	0	0	0	0	0	0	0	0	0	0	0	0	0	0	0	0	0	0	0	0	0	0	0	0	0	0	0	0	0	0	0	0	0	0	0	0	0	0	0	0	0	0	0	0	0	0	0	0	0	0	0	0	0	0	0	0	0	0	0	0	0	0	0	0	0	0	0	0	0	0	0	0	0	0	0	0	0	0	0	0	0	0	0	0	0	0	0	0	0	0	0	0	0	0	0	0	0	0	0	0	0	0	0	0	0	0	0	0	0	0	0	0	0	0	0	0	0	0	0	0	0	0	0	0	0	0	0	0	0	0	0	0	0	0	0	0	0	0	0	0	0	0	0	0	0	0	41	0	0	0	0	0	0	0	0	0	0	0	0	0	0	0	0	0	0	0	0	0	86	0	0	0	0	0	0	0	0	0	0	0	0	0	0	0	0	0	0	52	0	0	0	0	0	0	0	0	0	0	0	0	0	0	0	0	0	0	0	0	0	0	0	0	0	0	0	0	0	0	0	0	0	0	0	0	0	0
19	0	0	0	0	0	0	0	0	0	0	0	0	0	0	0	0	0	0	0	0	0	0	0	0	0	0	0	0	0	0	0	0	0	0	0	0	0	0	0	0	0	0	0	0	0	0	0	0	0	0	0	0	0	0	0	0	0	0	0	0	0	0	0	0	0	0	0	0	0	0	0	0	0	0	0	0	0	0	0	0	0	0	0	0	0	0	0	0	0	0	0	0	0	0	0	0	0	0	0	0	0	0	0	0	0	0	0	0	0	0	0	0	0	0	0	0	0	0	0	0	0	0	0	0	0	0	0	0	0	0	0	0	0	0	12	0	0	0	0	0	0	0	0	0	0	0	0	0	0	0	0	0	0	0	0	0	0	0	0	0	0	0	0	0	0	0	0	0	0	0	0	0	0	0	0	0	0	0	0	0	0	0	0	0	0	0	0	0	0	0	0	1	0	0	0	0	0	0	0	0	0	0	0	0	0	35	0	0	0	0	0	0	0	14	0	0	1	0	7	0	0	0	1	0	0	0	0	0	0	0	0	1	0	0	0	24	0	0	0	31	0	0	0	0	0	0	0	0	0	0	0	0	0	0	0	0	0	0	0	0	0	0	65	0	0	0	0	0	0	0	0	0	0	0	0	0	0	42	0	0	12	0	0	0	0	0	0	20	0	0	0	0	0	0	0	0	0	0	0	0	43	78	4	0	0	0	0	114	0	0	0	0	0	0	2	0	0	6	0	0	0	0	122	135	0	0	0	0	0	128	0	51	0	0	92	0	0	0	0	0	160	0	170	0	129	0	0	0	79	0	0	0	0	0	102	0	0	0	0	130	186	0	0	0	53	0	124	0	145	0	25	40	1	0	0	220	60	135	0	0	0	0	0	0	0	0	0	0	0	0	0	0	0	63	0	0	0	0	0	0	0	0	20	60	1	106	180	39	0	0	0	51	175	0	168	34	75	24	0	161	325	0	0	198	0	0	0	50	187	0	44	80	0	191	0	0	58	9	31	4	0	0	0	0	0	0	21	16	0	0	120	1	33	138	0	258	0	3	13	117	0	0	0	254	0	40	155	0	41	23	58	35	0	40	0	0	115	0	5	123	0	0	53	0	0	0	1	12	0	0	0	0	177	0	0	60	1	12	4	160	0	0	0	0	0	0	0	0	0	0	0	0	0	0	0	0	0	0	0	0	0	0	0	0	0	0	0	0	0	0	0	0	0	0	0	0	0	0	0	0	0	0	0	0	0	0	0	0	0	0	0	0	0	0	0	0	0	0	0	0	0	0	0	0	0	0	0	0	0	0	0	0	0	0	0	0	0	0	0	0	0	0	0	0	0	0	0	119	0	0	0	0	0	0	0	0	20	0	0	0	0	0	0	0	0	0	0	0	0	0	0	0	0	0	0	0	0	0	0	0	0	0	0	0	0	0	0	0	0	0	0	0	0	0	0	0	0	0	0	0	0	0	0	0	0	0	0	0	0	0	0	0	0	0	0	0	0	0	0	0	0	0	0	0	0	0	0	0	0	0	0	0	0	0	0	0	0	0	0	0	0	0	0	0	0	0	0	0	0	0	0	0	0	0	0	0	0	0	0	0	0	0	0	0	0	0	0	0	0	0	0	0	0	0	0	0	0	0	0	0	0	0	0	0	0	0	0	0	0	0	0	0	0	0	0	0	0	0	0	0	0	0	0	0	0	0	0	0	37	0	0	0	0	0	0	0	0	0	0	0	0	0	0	0	0	0	0	0	0	0	0	0	0	0	0	0	0	0	0	0	0	0	0	0	0	0	0	0	0	0	0	0	0	0	0	0	0	0	0	0	0	0	0	0	0	0	0	0	0	0	0	0	0	0	0	0	0	0	0	0	0	0	0	0	0	0	0	0	0	0	0	0	0	0	0	0	0	0	0	0	0	0	0	0	0	0	0	0	0	0	0	0	0	0	0	0	0	0	0	0	0	0	0	0	0	0	0	0	0	0	0	0	0	0	0	0	0	0	0	0	0	0	0	0	0	0	0	0	0	0	0	0	0	0	0	0	0	0	0	0	0	0	0	0	0	0	0	0	0	0	0	0	0	0	0	0	0	0	0	0	171	0	0	0	0	0	0	0	0	0	0	0	0	0	0	0	0	0	0	0	0	0	56	0	0	0	0	0	0	0	0	0	0	0	0	0	0	0	0	0	0	167	0	0	0	0	0	0	0	0	0	0	0	0	0	0	0	0	0	0	0	0	0	0	0	0	0	0	0	0	0	0	0	0	0	0	0	0	0	0
20	0	0	0	0	0	0	0	0	0	0	0	0	0	0	0	0	0	0	0	0	0	0	0	0	0	0	0	0	0	0	0	0	0	0	0	0	0	0	0	0	0	0	0	0	0	0	0	0	0	0	0	0	0	0	0	0	0	0	0	0	0	0	0	0	0	0	0	0	0	0	0	0	0	0	0	0	0	0	0	0	0	0	0	0	0	0	0	0	0	0	0	0	0	0	0	0	0	0	0	0	0	0	0	0	0	0	11	0	0	0	0	0	0	0	0	0	0	0	0	0	0	0	0	0	0	36	0	0	0	0	0	0	0	0	0	0	0	0	0	0	0	0	0	0	0	0	0	0	0	0	0	0	0	0	0	0	0	0	0	0	0	0	0	0	0	0	0	0	0	0	0	0	0	0	0	0	0	0	0	0	0	0	0	0	0	0	0	0	0	0	0	0	0	0	0	0	0	0	0	0	0	0	0	0	0	28	0	0	0	0	0	0	0	0	0	0	0	1	0	0	0	0	0	0	0	0	0	0	0	0	0	0	0	0	0	0	0	0	0	0	0	0	0	0	0	0	0	0	0	0	0	0	0	0	0	0	0	0	0	0	0	0	0	0	0	0	0	0	0	0	0	0	0	0	0	0	0	0	0	0	0	0	0	0	0	0	0	0	0	0	0	0	0	0	0	0	0	0	0	0	27	0	0	0	0	0	0	7	0	0	0	0	0	0	0	0	0	0	0	0	0	0	0	154	0	0	0	0	0	0	0	22	0	0	107	0	0	0	0	0	40	0	31	0	0	0	0	0	0	0	0	0	0	0	183	0	0	0	0	22	27	0	0	0	0	0	90	0	106	0	16	63	0	0	0	38	13	0	0	0	0	0	0	0	0	0	0	0	0	0	0	0	0	34	0	0	0	0	0	0	0	0	89	64	0	75	0	79	0	0	0	229	166	0	97	144	80	27	0	91	55	0	0	58	0	0	0	211	0	0	0	74	0	123	0	0	70	0	110	0	0	0	0	0	0	0	127	100	0	0	47	0	140	55	0	148	0	0	0	62	0	0	0	216	0	73	90	0	46	8	218	8	0	28	0	0	33	0	99	108	0	0	186	0	0	0	0	0	0	0	0	0	18	0	0	0	0	63	0	87	0	0	0	0	0	0	0	0	0	0	0	0	0	0	0	0	0	0	0	0	0	0	0	0	0	0	0	2	0	0	0	0	0	0	0	0	0	0	0	0	0	0	0	0	0	0	0	0	0	0	0	0	0	0	0	0	0	0	0	0	0	0	0	0	0	0	0	0	0	0	0	0	0	0	0	0	0	0	0	0	0	0	0	0	0	0	0	72	0	0	0	0	0	0	0	0	29	0	0	0	0	0	0	0	0	0	0	0	0	0	0	0	0	0	0	0	0	0	0	0	0	0	0	0	0	0	0	0	0	0	0	0	0	0	0	0	0	0	0	0	0	0	0	0	0	0	0	0	0	0	0	0	0	0	0	0	0	0	0	0	0	0	0	0	0	0	0	0	0	0	0	0	0	0	0	0	0	0	0	0	0	0	0	0	0	0	0	0	0	0	0	0	0	0	0	0	0	0	0	0	0	0	0	0	0	0	0	0	0	0	0	0	0	0	0	0	0	0	0	0	0	0	0	0	0	0	0	0	0	0	0	0	0	0	0	0	0	0	0	0	0	0	0	0	0	0	0	0	160	0	0	0	0	0	0	0	0	0	0	0	0	0	0	0	0	0	0	0	0	0	0	0	0	0	0	0	0	0	0	0	0	0	0	0	0	0	0	0	0	0	0	0	0	0	0	0	0	0	0	0	0	0	0	0	0	0	0	0	0	0	0	0	0	0	0	0	0	0	0	0	0	0	0	0	0	0	0	0	0	0	0	0	0	0	0	0	0	0	0	0	0	0	0	0	0	0	0	0	0	0	0	0	0	0	0	0	0	0	0	0	0	0	0	0	0	0	0	0	0	0	0	0	0	0	0	0	0	0	0	0	0	0	0	0	0	0	0	0	0	0	0	0	0	0	0	0	0	0	0	0	2	0	0	0	0	0	0	0	0	0	0	0	0	0	0	0	0	0	0	0	82	0	0	0	0	0	0	0	0	0	0	0	0	0	0	0	0	0	0	0	0	0	65	0	0	0	0	0	0	0	0	0	0	0	0	0	0	0	0	0	0	250	0	0	0	0	0	0	0	0	0	0	0	0	0	0	0	0	0	0	0	0	0	0	0	0	0	0	0	0	0	0	0	0	0	0	0	0	0	0
21	0	0	0	0	0	0	0	0	0	0	0	0	0	0	0	0	0	0	0	0	0	48	0	0	0	0	0	0	0	0	0	0	0	0	0	0	0	0	0	0	0	0	0	0	0	0	0	0	0	0	0	0	0	0	0	0	9	0	0	0	0	0	0	0	0	0	0	0	0	0	0	0	0	0	0	0	0	0	0	0	0	0	0	0	0	0	0	0	0	0	0	0	0	0	0	0	0	0	0	0	0	0	0	0	0	0	0	0	0	0	0	0	0	0	0	0	0	0	0	0	0	0	3	0	0	0	0	0	0	0	0	0	0	0	0	0	0	0	0	0	3	0	0	0	0	0	0	0	0	0	0	0	0	0	0	0	0	0	0	25	0	0	0	0	0	0	0	0	0	0	0	0	0	0	0	0	0	0	0	0	0	0	0	0	0	0	0	0	0	0	0	0	0	0	0	0	0	0	0	0	0	0	0	0	0	8	0	0	2	0	0	0	0	0	0	0	121	0	0	0	0	0	0	0	11	0	0	0	0	59	0	0	0	0	0	92	0	0	0	0	0	1	0	12	0	0	0	0	0	0	0	0	0	0	0	0	0	8	0	0	9	0	6	0	0	0	0	0	0	0	0	0	72	0	0	0	0	0	0	0	0	0	0	0	0	4	0	13	25	0	0	0	0	0	0	0	0	0	0	0	196	51	50	0	0	0	0	19	0	0	9	0	0	0	0	0	0	17	0	0	0	0	79	126	0	0	0	0	0	0	0	68	0	0	11	0	0	0	0	0	165	0	89	0	51	0	29	1	0	0	0	0	0	0	24	0	0	0	0	48	62	0	0	0	0	0	165	0	117	0	7	79	0	0	0	101	78	9	0	0	0	0	0	0	0	0	2	0	9	0	0	0	0	226	0	13	0	0	0	0	0	0	172	41	0	33	17	26	0	0	0	61	34	0	107	110	77	82	0	72	15	0	0	55	0	0	0	337	74	52	21	63	4	43	0	0	370	0	0	4	0	0	0	0	0	0	191	98	0	0	22	0	24	40	0	136	0	1	8	91	0	0	0	56	0	84	110	0	43	93	123	52	0	64	0	0	15	0	3	70	0	0	57	0	0	0	0	0	16	0	0	0	55	0	0	0	0	95	0	13	0	0	0	0	0	0	0	0	0	0	0	0	0	0	0	0	0	0	0	0	0	0	1	0	0	0	0	0	0	0	0	0	0	0	0	0	0	0	0	0	0	0	0	0	0	0	0	0	0	0	0	0	0	0	0	0	0	0	0	0	0	0	0	0	0	0	0	0	0	0	0	0	0	0	0	0	0	0	0	0	0	0	0	0	0	0	0	30	0	0	0	0	0	0	0	0	76	0	0	0	0	0	0	0	0	0	0	0	0	0	0	0	0	0	0	0	0	0	0	0	0	0	0	0	0	0	0	0	0	0	0	0	0	0	0	0	0	0	0	0	0	0	0	0	0	0	0	0	0	0	0	0	0	0	0	0	0	0	0	0	0	0	0	0	0	0	0	0	0	0	0	0	0	0	0	0	0	0	0	0	0	0	0	0	0	0	0	0	0	0	0	0	0	0	0	0	0	0	0	0	0	0	0	0	0	0	0	0	0	0	0	0	0	0	0	0	0	0	0	0	0	0	0	0	0	0	0	0	0	0	0	0	0	0	0	0	0	0	0	0	0	0	0	0	0	0	0	0	120	0	0	0	0	0	0	0	0	0	0	0	0	0	0	0	0	0	0	0	0	0	0	0	0	0	0	0	0	0	0	0	0	0	0	0	0	0	0	0	0	0	0	0	0	0	0	0	0	0	0	0	0	0	0	0	0	0	0	0	0	0	0	0	0	0	0	0	0	0	0	0	0	0	0	0	0	0	0	0	0	0	0	0	0	0	0	0	0	0	0	0	0	0	0	0	0	0	0	0	0	0	0	0	0	0	0	0	0	0	0	0	0	0	0	0	0	0	0	0	0	0	0	0	0	0	0	0	0	0	0	0	0	0	0	0	0	0	0	0	0	0	0	0	0	0	0	0	0	0	0	0	0	0	0	0	0	0	0	0	0	0	0	0	0	0	0	0	0	0	0	0	55	0	0	0	0	0	0	0	0	0	0	0	0	0	0	0	0	0	0	0	0	0	52	0	0	0	0	0	0	0	0	0	0	0	0	0	0	0	0	0	0	181	0	0	0	0	0	0	0	0	0	0	0	0	0	0	0	0	0	0	0	0	0	0	0	0	0	0	0	0	0	0	0	0	0	0	0	0	0	0
22	0	0	0	0	0	0	0	0	0	0	0	0	0	0	0	0	0	0	0	0	0	0	0	0	0	0	0	0	0	0	0	0	0	0	0	0	0	0	0	0	0	0	0	0	0	0	0	0	0	0	0	0	0	0	0	0	0	0	0	0	0	0	0	0	0	0	0	0	0	0	0	0	0	0	0	0	0	0	0	0	0	32	0	0	0	0	0	0	0	0	0	0	0	0	0	0	0	0	0	0	0	0	0	3	0	0	0	0	0	0	0	0	0	0	0	0	0	0	0	1	0	0	28	0	0	5	0	0	0	0	0	0	0	0	0	0	0	0	0	0	0	0	0	0	0	0	0	0	0	0	0	0	0	0	0	0	0	0	0	0	0	0	0	0	0	0	0	0	0	0	0	0	0	0	0	0	0	0	0	0	0	19	0	0	0	0	0	0	0	0	0	0	0	0	0	0	0	0	0	0	0	0	0	1	0	71	0	0	0	35	0	0	0	0	0	0	3	0	0	0	0	0	0	0	0	0	0	0	0	0	0	0	0	0	0	0	0	0	0	0	0	0	1	0	0	0	0	0	0	0	0	0	0	92	0	0	0	0	0	0	0	0	55	0	0	0	0	0	0	0	0	0	0	0	0	0	0	93	0	0	145	0	0	0	0	0	1	0	0	0	0	0	0	0	0	0	0	0	0	0	13	110	11	0	0	0	0	20	0	0	0	0	0	0	0	0	0	8	0	0	0	0	146	144	0	0	0	0	0	0	0	4	0	0	30	0	0	0	0	0	44	0	112	0	16	0	0	5	7	15	0	0	0	0	185	7	0	0	0	179	109	0	0	0	0	0	76	0	65	0	34	41	0	0	0	141	87	18	0	0	16	0	0	0	0	0	0	0	0	0	0	0	3	266	0	0	0	0	0	0	0	0	219	50	4	120	5	48	25	0	0	140	104	0	76	7	73	26	0	37	95	0	0	176	6	115	3	16	51	0	26	79	0	123	0	0	325	0	47	0	0	0	0	0	0	0	91	67	0	0	10	7	122	96	0	75	0	0	20	198	0	0	0	39	0	171	20	0	84	117	86	136	0	80	0	0	158	0	8	13	0	0	1	0	0	0	0	0	0	0	0	0	123	0	3	0	35	280	0	107	0	0	0	0	0	0	0	0	0	0	0	0	0	0	0	0	0	0	0	0	0	0	0	0	0	0	0	0	0	0	0	0	0	0	0	0	0	0	0	0	0	0	0	0	0	0	0	0	0	0	0	0	0	0	0	0	0	0	0	0	0	0	0	0	0	0	0	0	0	0	0	0	0	0	0	0	0	0	0	0	0	0	0	0	0	0	0	170	0	0	0	0	0	0	0	0	109	0	0	0	0	0	0	0	0	0	0	0	0	0	0	0	0	0	0	0	0	0	0	0	0	0	0	0	0	0	0	0	0	0	0	0	0	0	0	0	0	0	0	0	0	0	0	0	0	0	0	0	0	0	0	0	0	0	0	0	0	0	0	0	0	0	0	0	0	0	0	0	0	0	0	0	0	0	0	0	0	0	0	0	0	0	0	0	0	0	0	0	0	0	0	0	0	0	0	0	0	0	0	0	0	0	0	0	0	0	0	0	0	0	0	0	0	0	0	0	0	0	0	0	0	0	0	0	0	0	0	0	0	0	0	0	0	0	0	0	0	0	0	0	0	0	0	0	0	0	0	0	100	0	0	0	0	0	0	0	0	0	0	0	0	0	0	0	0	0	0	0	0	0	0	0	0	0	0	0	0	0	0	0	0	0	0	0	0	0	0	0	0	0	0	0	0	0	0	0	0	0	0	0	0	0	0	0	0	0	0	0	0	0	0	0	0	0	0	0	0	0	0	0	0	0	0	0	0	0	0	0	0	0	0	0	0	0	0	0	0	0	0	0	0	0	0	0	0	0	0	0	0	0	0	0	0	0	0	0	0	0	0	0	0	0	0	0	0	0	0	0	0	0	0	0	0	0	0	0	0	0	0	0	0	0	0	0	0	0	0	0	0	0	0	0	0	0	0	0	0	0	0	0	0	0	0	0	0	0	0	0	0	0	0	0	0	0	0	0	0	0	0	0	29	0	0	0	0	0	0	0	0	0	0	0	0	0	0	0	0	0	0	0	0	0	42	0	0	0	0	0	0	0	0	0	0	0	0	0	0	0	0	0	0	6	0	0	0	0	0	0	0	0	0	0	0	0	0	0	0	0	0	0	0	0	0	0	0	0	0	0	0	0	0	0	0	0	0	0	0	0	0	0
23	0	0	0	0	0	0	0	0	0	0	0	0	0	0	0	0	0	0	0	0	0	0	0	0	0	0	0	0	0	0	0	0	0	0	0	0	0	0	0	0	0	0	0	0	0	0	0	0	0	0	0	0	0	0	0	0	0	0	0	0	0	0	0	0	0	0	0	0	0	0	0	0	0	0	0	0	0	0	0	0	0	0	0	0	0	0	0	0	0	0	0	0	0	0	0	0	0	0	0	0	0	0	0	0	0	0	0	0	0	0	0	0	0	0	0	0	0	0	0	9	0	0	0	0	0	66	0	0	0	0	0	0	0	0	0	0	0	0	0	0	0	0	0	0	0	0	0	0	0	0	0	0	0	0	0	0	0	0	0	0	0	0	0	0	0	0	0	0	0	0	0	0	0	84	0	0	0	0	0	0	0	0	0	0	0	0	0	0	0	0	0	0	0	0	0	0	0	0	0	0	0	0	0	0	0	2	0	0	0	0	0	0	0	0	0	0	0	0	0	0	0	0	0	0	4	0	0	0	0	0	0	0	0	0	0	1	85	0	0	0	0	0	0	0	0	0	0	0	0	0	0	0	0	0	0	0	0	0	0	0	0	0	0	0	0	0	0	0	0	0	0	0	14	0	0	0	0	0	0	0	17	0	0	0	0	0	0	0	0	0	0	0	0	0	0	0	0	0	0	0	34	150	0	0	9	0	0	0	0	0	0	0	0	0	0	0	0	214	0	0	4	0	0	138	0	0	0	30	0	0	0	115	0	0	38	0	0	0	0	0	185	0	22	0	160	0	0	0	40	0	0	0	45	0	0	0	0	0	11	0	162	0	0	0	5	0	154	0	270	0	0	69	0	0	0	53	11	52	0	0	0	8	0	0	0	0	0	0	13	0	0	0	0	46	0	0	0	0	0	0	0	0	130	127	0	9	47	84	0	0	0	25	52	0	84	192	267	80	0	76	171	0	0	102	0	0	0	3	158	0	21	164	0	16	0	0	44	0	0	0	0	0	0	0	0	0	8	29	0	0	227	0	2	109	0	70	0	0	0	106	0	0	0	99	2	38	56	3	200	53	164	26	26	45	0	0	59	0	70	73	0	0	26	0	0	0	0	0	0	0	0	0	128	0	2	8	0	83	0	41	0	0	0	0	0	0	0	0	0	0	0	0	0	0	0	0	0	0	0	0	0	0	0	0	0	0	0	0	0	0	0	0	0	0	0	0	0	0	0	0	0	0	0	0	0	0	0	0	0	0	0	0	0	0	0	0	0	0	0	0	0	0	0	0	0	0	0	0	0	0	0	0	0	0	0	0	0	0	0	0	0	0	0	0	0	0	0	44	0	0	0	0	0	0	0	0	99	0	0	0	0	0	0	0	0	0	0	0	0	0	0	0	0	0	0	0	0	0	0	0	0	0	0	0	0	0	0	0	0	0	0	0	0	0	0	0	0	0	0	0	0	0	0	0	0	0	0	0	0	0	0	0	0	0	0	0	0	0	0	0	0	0	0	0	0	0	0	0	0	0	0	0	0	0	0	0	0	0	0	0	0	0	0	0	0	0	0	0	0	0	0	0	0	0	0	0	0	0	0	0	0	0	0	0	0	0	0	0	0	0	0	0	0	0	0	0	0	0	0	0	0	0	0	0	0	0	0	0	0	0	0	0	0	0	0	0	0	0	0	0	0	0	0	0	0	0	0	0	74	0	0	0	0	0	0	0	0	0	0	0	0	0	0	0	0	0	0	0	0	0	0	0	0	0	0	0	0	0	0	0	0	0	0	0	0	0	0	0	0	0	0	0	0	0	0	0	0	0	0	0	0	0	0	0	0	0	0	0	0	0	0	0	0	0	0	0	0	0	0	0	0	0	0	0	0	0	0	0	0	0	0	0	0	0	0	0	0	0	0	0	0	0	0	0	0	0	0	0	0	0	0	0	0	0	0	0	0	0	0	0	0	0	0	0	0	0	0	0	0	0	0	0	0	0	0	0	0	0	0	0	0	0	0	0	0	0	0	0	0	0	0	0	0	0	0	0	0	0	0	0	0	0	0	0	0	0	0	0	0	0	0	0	0	0	0	0	0	0	0	0	41	0	0	0	0	0	0	0	0	0	0	0	0	0	0	0	0	0	0	0	0	0	46	0	0	0	0	0	0	0	0	0	0	0	0	0	0	0	0	0	0	97	0	0	0	0	0	0	0	0	0	0	0	0	0	0	0	0	0	0	0	0	0	0	0	0	0	0	0	0	0	0	0	0	0	0	0	0	0	0
24	0	0	0	0	0	0	0	0	0	0	0	0	0	0	0	0	0	0	0	5	0	0	0	0	0	0	0	0	0	0	0	0	0	0	0	0	0	0	0	0	0	39	0	0	0	0	0	0	0	0	0	0	0	0	0	0	0	0	0	0	0	0	0	0	0	0	0	0	0	0	0	0	0	17	0	0	0	0	0	0	0	0	0	0	0	0	0	0	0	0	0	0	0	0	0	0	0	0	0	0	0	0	0	0	0	0	38	0	0	0	0	0	0	0	0	0	0	0	0	16	0	0	0	0	0	49	0	5	17	0	0	0	0	0	0	0	0	0	2	0	0	13	191	0	2	14	0	0	0	0	0	0	0	0	0	0	0	0	0	19	0	0	0	0	0	0	0	0	0	0	0	0	0	81	0	0	0	0	0	0	0	0	0	0	0	2	12	0	0	0	0	0	0	0	0	0	0	0	0	0	0	0	0	0	0	222	28	0	1	108	0	0	0	0	20	0	0	0	0	0	4	14	16	0	3	0	0	0	0	0	0	0	0	0	0	1	0	0	0	0	0	0	3	0	0	0	0	0	0	0	0	0	2	76	0	0	0	0	0	0	0	0	37	0	0	0	0	0	0	0	0	0	100	0	55	0	0	0	0	0	20	0	0	0	0	0	9	22	0	0	0	1	0	15	0	0	18	0	0	0	98	38	66	0	0	0	0	40	106	0	0	0	0	0	21	0	2	35	104	0	1	0	16	41	0	2	0	6	0	0	0	41	0	20	24	2	0	0	0	0	60	0	49	0	240	0	1	84	75	105	0	0	55	0	37	146	0	0	6	66	130	0	0	0	0	0	84	14	186	0	51	100	0	0	0	11	127	13	0	0	0	18	3	0	0	0	24	0	0	0	4	60	0	153	0	0	0	19	0	0	0	0	137	162	1	97	25	112	0	0	0	113	37	0	177	176	19	238	0	90	67	0	0	33	0	1	2	55	0	0	106	148	0	272	0	0	24	0	47	1	0	1	0	0	0	12	42	121	0	0	102	0	53	43	1	114	191	0	43	134	109	0	0	51	2	72	44	13	38	172	29	120	0	211	0	5	61	0	29	18	0	0	76	40	0	0	0	0	11	0	0	4	64	0	0	32	0	53	0	34	0	0	0	0	0	0	0	0	0	0	0	0	0	0	0	0	0	0	0	0	0	0	0	0	0	0	0	0	0	0	0	0	0	0	0	0	0	0	0	0	0	0	0	0	0	0	0	0	0	0	0	0	0	0	0	0	0	0	0	0	0	0	0	0	0	0	0	0	0	0	0	0	0	0	0	0	0	0	0	0	0	0	0	0	0	0	0	34	0	0	0	0	0	0	0	0	69	0	0	0	0	0	0	0	0	0	0	0	0	0	0	0	0	0	0	0	0	0	0	0	0	0	0	0	0	0	0	0	0	0	0	0	0	0	0	0	0	0	0	0	0	0	0	0	0	0	0	0	0	0	0	0	0	0	0	0	0	0	0	0	0	0	0	0	0	0	0	0	0	0	0	0	0	0	0	0	0	0	0	0	0	0	0	0	0	0	0	0	0	0	0	0	0	0	0	0	0	0	0	0	0	0	0	0	0	0	0	0	0	0	0	0	0	0	0	0	0	0	0	0	0	0	0	0	0	0	0	0	0	0	0	0	0	0	0	0	0	0	0	0	0	0	0	0	0	0	0	0	280	0	0	0	0	0	0	0	0	0	0	0	0	0	0	0	0	0	0	0	0	0	0	0	0	0	0	0	0	0	0	0	0	0	0	0	0	0	0	0	0	0	0	0	0	0	0	0	0	0	0	0	0	0	0	0	0	0	0	0	0	0	0	0	0	0	0	0	0	0	0	0	0	0	0	0	0	0	0	0	0	0	0	0	0	0	0	0	0	0	0	0	0	0	0	0	0	0	0	0	0	0	0	0	0	0	0	0	0	0	0	0	0	0	0	0	0	0	0	0	0	0	0	0	0	0	0	0	0	0	0	0	0	0	0	0	0	0	0	0	0	0	0	0	0	0	0	0	0	0	0	0	0	0	0	0	0	0	0	0	0	0	0	0	0	0	0	0	0	0	0	0	83	0	0	0	0	0	0	0	0	0	0	0	0	0	0	0	0	0	0	0	0	0	25	0	0	0	0	0	0	0	0	0	0	0	0	0	0	0	0	0	0	143	0	0	0	0	0	0	0	0	0	0	0	0	0	0	0	0	0	0	0	0	0	0	0	0	0	0	0	0	0	0	0	0	0	0	0	0	0	0
25	0	0	0	0	0	0	0	0	0	0	0	0	0	0	0	0	0	0	0	0	0	0	0	0	0	0	0	0	0	0	0	0	0	0	0	0	0	0	0	0	0	0	0	0	0	0	0	0	0	0	0	0	0	0	0	0	0	0	0	0	0	0	0	0	0	0	0	0	0	0	0	0	0	0	0	0	0	0	0	0	0	0	0	0	0	0	0	0	0	0	0	0	0	0	0	0	0	0	0	0	0	0	0	0	0	0	0	0	0	0	0	0	0	0	0	0	0	0	0	0	0	0	0	0	0	84	0	0	0	0	0	0	0	0	0	0	0	0	0	0	0	0	0	0	0	0	0	0	0	0	0	0	0	0	0	0	0	0	0	112	0	0	0	0	0	0	0	0	0	0	0	0	0	0	0	0	23	0	0	0	0	0	0	0	0	0	0	0	0	0	0	0	0	0	0	0	0	0	0	0	0	0	0	0	35	80	0	0	0	46	0	0	0	0	0	0	35	0	0	0	1	0	0	0	4	0	0	0	0	2	0	0	0	0	0	0	0	0	0	0	0	0	0	0	0	0	0	0	0	0	0	0	0	3	0	0	0	0	0	0	0	0	0	0	0	0	0	0	0	0	0	0	9	0	0	0	0	21	0	0	10	0	0	0	0	0	1	6	0	0	0	0	0	0	0	0	0	0	0	0	125	26	0	0	0	0	0	12	0	0	6	0	0	0	0	0	0	46	11	0	16	0	1	76	0	0	0	0	0	0	0	20	0	0	99	0	0	85	0	0	175	0	79	0	24	0	0	0	22	0	0	0	0	13	44	0	0	0	0	15	31	0	0	0	0	0	17	0	86	0	48	25	0	0	0	38	9	21	0	0	0	0	0	0	0	0	0	0	0	0	9	0	0	103	0	0	0	0	0	0	0	0	172	37	0	13	179	73	0	0	0	116	8	0	186	319	202	99	0	238	117	0	0	138	0	0	0	29	0	0	132	110	0	56	0	0	94	0	14	0	0	0	0	0	0	0	143	391	0	0	56	0	155	67	0	90	4	0	0	18	0	0	0	67	10	169	48	0	59	178	27	34	0	177	0	0	88	0	58	105	0	0	166	0	0	0	0	0	1	0	0	0	9	0	0	0	0	116	0	39	0	0	0	0	0	0	0	0	0	0	0	0	0	0	0	0	0	0	0	0	0	0	0	0	0	0	0	0	0	0	0	0	0	0	0	0	0	0	0	0	0	1	0	0	0	0	0	0	0	0	0	0	0	0	0	0	0	0	0	0	0	0	0	0	0	0	0	0	0	0	0	0	0	0	0	0	0	0	0	0	0	0	0	0	0	0	0	72	0	0	0	0	0	0	0	0	310	0	0	0	0	0	0	0	0	0	0	0	0	0	0	0	0	0	0	0	0	0	0	0	0	0	0	0	0	0	0	0	0	0	0	0	0	0	0	0	0	0	0	0	0	0	0	0	0	0	0	0	0	0	0	0	0	0	0	0	0	0	0	0	0	0	0	0	0	0	0	0	0	0	0	0	0	0	0	0	0	0	0	0	0	0	0	0	0	0	0	0	0	0	0	0	0	0	0	0	0	0	0	0	0	0	0	0	0	0	0	0	0	0	0	0	0	0	0	0	0	0	0	0	0	0	0	0	0	0	0	0	0	0	0	0	0	0	0	0	0	0	0	0	0	0	0	0	0	0	0	0	43	0	0	0	0	0	0	0	0	0	0	0	0	0	0	0	0	0	0	0	0	0	0	0	0	0	0	0	0	0	0	0	0	0	0	0	0	0	0	0	0	0	0	0	0	0	0	0	0	0	0	0	0	0	0	0	0	0	0	0	0	0	0	0	0	0	0	0	0	0	0	0	0	0	0	0	0	0	0	0	0	0	0	0	0	0	0	0	0	0	0	0	0	0	0	0	0	0	0	0	0	0	0	0	0	0	0	0	0	0	0	0	0	0	0	0	0	0	0	0	0	0	0	0	0	0	0	0	0	0	0	0	0	0	0	0	0	0	0	0	0	0	0	0	0	0	0	0	0	0	0	0	0	0	0	0	0	0	0	0	0	0	0	0	0	0	0	0	0	0	0	0	280	0	0	0	0	0	0	0	0	0	0	0	0	0	0	0	0	0	0	0	0	0	125	0	0	0	0	0	0	0	0	0	0	0	0	0	0	0	0	0	0	11	0	0	0	0	0	0	0	0	0	0	0	0	0	0	0	0	0	0	0	0	0	0	0	0	0	0	0	0	0	0	0	0	0	0	0	0	0	0
26	0	0	0	0	0	0	0	0	0	0	0	0	0	0	0	0	0	0	0	0	0	0	0	0	0	0	0	0	0	0	0	0	0	0	0	0	0	0	0	0	0	0	0	0	0	0	0	0	0	0	0	0	0	0	0	0	0	0	0	0	0	0	0	0	0	0	0	0	0	0	0	0	0	0	0	0	0	0	0	0	0	0	0	0	0	0	0	0	0	0	0	0	0	0	0	0	0	0	0	0	0	0	0	0	0	0	0	0	0	0	0	0	0	0	0	0	0	0	0	0	0	0	0	0	0	0	0	0	0	0	0	0	0	0	0	0	0	0	0	0	0	0	0	0	0	0	0	0	0	0	0	0	0	0	0	0	0	0	0	0	0	0	0	0	0	0	0	0	0	0	0	0	0	0	0	0	0	0	0	0	0	0	0	0	0	0	0	0	0	0	0	0	0	0	0	0	0	0	0	0	0	0	0	0	0	0	0	0	0	0	0	0	0	0	0	0	0	0	0	0	0	0	0	0	0	0	0	0	0	0	0	0	0	0	0	0	0	0	0	0	0	0	0	0	0	0	0	0	0	0	0	0	0	0	0	0	0	0	0	0	0	0	0	0	0	0	0	0	0	0	0	0	0	0	0	0	0	0	0	0	0	0	0	0	0	0	0	0	0	0	0	0	0	0	0	0	0	0	0	0	0	0	0	0	0	0	0	0	0	0	0	0	0	0	0	0	0	0	0	0	0	0	0	0	0	0	0	0	0	0	0	0	0	0	0	0	0	0	0	0	0	0	0	0	0	0	0	0	0	0	0	0	0	0	0	0	0	0	0	0	0	0	0	0	0	0	0	0	0	0	0	0	0	0	0	0	0	0	0	0	0	0	0	0	0	0	0	0	0	0	0	0	0	0	0	0	0	0	0	0	0	0	0	0	0	0	0	0	0	0	0	10	0	0	0	0	0	0	0	0	0	0	0	0	0	0	0	0	0	0	0	0	0	0	0	0	0	0	0	0	0	0	0	0	0	0	0	0	0	0	0	0	0	0	0	0	0	0	0	92	0	0	0	0	0	0	2	0	0	0	0	0	0	0	0	0	0	0	0	0	0	0	0	0	0	0	0	0	0	0	0	0	0	0	0	0	0	0	0	0	210	87	70	126	105	59	169	30	28	116	414	34	29	100	80	92	92	77	156	16	208	103	105	38	48	80	17	60	83	119	23	66	141	123	179	84	319	46	82	34	139	29	30	33	197	381	68	40	22	114	120	78	123	72	32	150	64	37	128	124	8	145	25	53	23	115	36	67	69	144	34	162	65	53	148	28	90	137	35	30	57	30	176	48	127	36	118	58	195	198	116	24	181	212	31	55	116	106	208	148	199	89	9	99	25	120	78	15	153	40	57	104	113	176	77	118	177	102	46	79	153	76	77	142	177	50	101	68	105	72	156	59	106	36	192	76	129	238	104	123	139	105	222	155	68	45	116	51	30	158	65	57	52	121	147	99	171	204	8	42	98	132	53	134	358	62	133	135	271	75	60	171	115	74	57	163	133	19	35	36	100	61	68	88	115	71	124	69	56	28	212	84	28	57	144	136	63	103	19	71	68	150	85	211	116	71	41	56	148	104	336	50	175	234	94	132	34	285	130	53	72	76	31	139	51	62	99	252	71	256	40	238	36	104	36	192	151	92	72	12	97	19	173	131	120	23	93	32	47	340	14	198	90	130	84	62	172	13	99	42	43	248	59	58	165	36	70	259	50	203	86	34	128	126	80	224	195	74	20	98	63	123	23	60	88	100	31	116	39	28	152	77	88	47	74	110	82	67	298	88	28	9	52	66	80	112	119	37	49	78	28	144	18	41	80	168	100	137	38	189	93	200	23	69	103	127	35	109	20	92	73	63	67	51	33	118	49	118	24	151	124	54	122	115	62	85	70	48	17	100	43	176	163	73	170	169	63	83	287	213	88	88	108	128	72	271	78	90	89	85	72	177	58	122	86	39	12	47	226	79	166	124	35	31	204	96	11	40	231	51	106	118	210	125	129	110	124	48	57	36	147	34	65	43	106	45	212	64	227	55	174	115	282	208	106	9	17	23	100	180	14	122	67	105	102	40	319	69	82	54	131	57	113	198	48	189	101	81	152	193	70	36	138	29	89	111	152	35	63	145	70	45	144	113	176	81	42	92	103	22	81	75	96	26	49	54	216	101	187	12	136	28	188	177	98	105	41	46	125	110	367	92	71	20	110	207	100	55	197	105	59	74	31	290	66	172	89	123	36	77
27	0	0	0	0	0	0	0	0	0	0	0	0	0	0	0	0	0	0	0	0	0	0	0	0	0	0	0	0	0	0	0	0	0	0	0	0	0	0	0	0	0	0	0	0	0	0	0	0	0	0	0	0	0	0	0	0	0	0	0	0	0	0	0	0	0	0	0	0	0	0	0	0	0	0	0	0	0	0	0	0	0	0	0	0	0	0	0	0	0	0	0	0	0	0	0	0	0	0	0	0	0	0	0	0	0	0	0	0	0	0	0	0	0	0	0	0	0	0	0	0	0	0	33	0	0	0	0	0	0	0	0	0	0	0	0	0	0	0	0	0	0	0	0	0	0	0	0	0	0	0	0	0	0	0	0	0	0	0	0	0	0	0	0	0	0	0	0	0	0	0	0	0	0	0	0	0	0	0	0	0	0	0	0	0	0	0	0	0	0	0	0	0	0	0	0	0	0	0	0	0	0	0	0	0	0	0	0	0	0	0	0	0	0	0	0	0	0	0	0	0	0	0	0	0	0	0	0	0	0	0	0	0	0	0	0	0	0	0	0	0	0	0	0	0	0	0	0	0	0	0	0	0	0	0	0	0	0	0	0	0	0	0	0	0	0	0	0	0	0	0	0	0	0	0	0	0	0	0	0	0	0	0	0	0	0	0	0	0	0	0	0	0	0	0	0	0	0	0	0	0	0	0	0	0	0	0	0	0	0	0	0	0	0	0	0	0	0	0	0	0	0	0	0	0	0	0	0	0	0	0	0	0	0	0	0	0	0	0	0	0	0	0	0	0	0	0	0	0	0	0	0	0	0	0	0	0	0	0	0	0	0	0	0	0	0	0	0	0	0	0	0	0	0	0	0	0	0	0	0	0	0	0	0	0	0	0	0	0	0	0	0	0	0	0	0	0	0	0	0	0	0	0	0	0	0	0	0	0	0	0	0	0	0	0	0	0	0	0	0	0	0	0	0	0	0	0	0	0	0	0	0	0	0	0	0	0	0	0	0	0	0	0	0	0	0	0	16	0	0	0	0	0	0	0	0	0	0	0	0	4	0	0	0	3	0	0	1	0	0	140	0	0	0	0	0	0	0	0	0	0	0	0	0	0	0	0	0	0	0	0	0	0	0	0	0	0	0	0	0	0	21	26	154	10	83	181	131	110	184	489	109	154	15	147	75	73	67	106	98	70	31	84	196	147	96	232	24	204	61	19	140	81	167	100	119	144	74	18	12	40	151	103	96	72	30	49	180	108	9	67	105	134	132	31	85	134	104	84	155	160	161	291	42	143	116	43	59	106	71	104	83	20	96	164	119	151	225	102	113	206	94	59	83	75	29	263	10	178	95	24	34	39	49	73	159	44	83	81	79	164	122	209	159	113	117	155	260	55	78	60	116	85	36	139	215	109	190	79	198	21	33	36	174	83	46	72	109	11	51	138	110	205	64	158	406	155	176	91	20	142	105	255	180	3	4	44	106	73	9	14	109	227	134	104	122	64	10	97	240	179	84	35	158	35	234	6	245	58	6	105	44	13	134	217	160	239	92	205	74	102	4	92	484	40	47	141	57	87	50	47	228	129	36	201	51	72	44	57	101	232	31	124	100	3	52	74	67	127	162	53	127	65	152	56	87	19	54	232	3	82	171	221	260	89	40	86	60	96	104	51	82	87	85	147	277	60	121	35	89	126	44	62	76	53	131	83	231	56	65	33	53	174	183	156	74	74	170	241	37	69	114	68	26	107	31	67	111	208	59	105	29	68	82	76	57	117	55	68	60	16	19	25	141	182	64	53	167	197	175	120	48	46	112	54	48	34	102	148	233	42	21	5	93	85	66	41	36	136	25	74	238	85	55	6	77	304	50	73	104	58	98	29	119	14	55	288	16	117	109	98	112	45	135	72	57	153	51	55	110	65	194	42	108	199	166	12	42	184	93	93	183	38	28	9	178	15	57	15	26	97	322	176	48	235	80	90	194	51	41	79	159	69	89	68	37	63	31	139	62	77	102	209	96	120	82	26	43	65	94	20	31	13	52	294	20	22	180	16	155	69	3	7	140	18	39	124	67	86	142	157	108	167	124	126	180	75	73	47	86	46	372	310	12	81	7	71	8	158	62	127	49	171	106	45	49	59	59	99	22	70	74	206	50	10	74	50	56	154	57	54	22	313	45	53	73	64	120	46	69	24	44	129	37	169	171	60	85	53	30	110	150	77	85	249	209	84	116	23	37	337	56	97	290	63	161	58	60	27	43	54	247	59	26	55	197	55	124	301	93	110
28	0	0	0	0	0	0	0	0	0	0	0	0	0	0	0	0	0	0	0	0	0	0	0	0	0	0	0	0	0	0	0	0	0	0	0	0	0	0	0	0	0	0	0	0	0	0	0	0	0	0	0	0	0	0	0	0	0	0	0	0	0	0	0	0	0	0	0	0	0	0	0	0	0	0	0	0	0	0	0	0	0	0	0	0	0	0	0	0	0	0	0	0	0	0	0	0	0	0	0	0	0	0	0	0	0	0	0	0	0	0	0	0	0	0	0	0	0	0	0	0	0	0	0	0	0	0	0	0	0	0	0	0	0	0	0	0	0	0	0	0	0	0	0	0	0	0	0	0	0	0	0	0	0	0	0	0	0	0	0	0	0	0	0	0	0	0	0	0	0	0	0	0	0	0	0	0	0	0	0	0	0	0	0	0	0	0	0	0	0	0	0	0	0	0	0	0	0	0	0	0	0	0	0	0	0	0	0	0	0	0	0	0	0	0	0	0	0	0	0	0	0	0	0	0	0	0	0	0	0	0	0	0	0	0	0	0	0	0	0	0	0	0	0	0	0	0	0	0	0	0	0	0	0	0	0	0	0	0	0	0	0	0	0	0	0	0	0	0	0	0	0	0	0	0	0	0	0	0	0	0	0	0	0	0	0	0	0	0	0	0	0	0	0	0	0	0	0	0	0	0	0	0	0	0	0	0	0	0	0	0	0	0	0	0	0	0	0	0	0	0	0	0	0	0	0	0	0	0	0	0	0	0	0	0	0	0	0	0	0	0	0	0	0	0	0	0	0	0	0	0	0	0	0	0	0	0	0	0	0	0	0	0	0	0	0	0	0	0	0	0	0	0	0	0	0	0	0	0	0	0	0	0	0	0	0	0	0	0	0	0	0	0	0	0	0	0	0	0	0	0	0	0	0	0	0	0	0	0	0	0	0	0	0	0	0	0	0	0	0	0	0	2	0	0	0	0	0	0	0	0	0	0	0	0	0	0	0	0	0	0	0	0	0	0	0	0	0	0	0	0	0	0	0	0	0	0	0	0	0	0	0	0	0	0	0	0	0	0	0	0	0	0	0	0	0	0	0	0	0	0	0	0	0	0	0	0	0	0	0	0	0	0	0	0	0	0	0	0	0	0	316	48	174	104	209	21	69	50	20	55	141	139	86	56	228	93	114	321	97	84	181	266	100	60	32	253	23	57	41	20	83	53	50	164	48	59	99	7	38	243	168	88	73	299	158	156	88	203	73	46	68	96	11	93	123	65	13	217	97	102	72	66	236	124	214	83	10	188	127	32	133	122	162	222	163	182	48	145	63	31	194	55	36	152	137	23	296	0	88	166	94	77	124	80	40	332	0	75	64	76	235	54	55	167	81	96	34	134	193	20	129	27	86	82	31	194	66	122	191	17	30	261	136	212	83	18	109	55	71	41	148	88	112	200	68	63	81	22	109	167	66	203	16	53	282	117	93	159	31	70	19	43	163	45	32	43	106	74	132	174	38	205	121	49	34	13	157	33	134	95	120	78	239	65	148	97	45	125	111	51	203	47	14	95	43	107	269	53	182	175	65	48	23	88	131	133	190	144	238	101	118	51	88	140	136	124	147	54	286	111	88	157	66	53	170	38	90	45	19	20	60	117	134	81	245	166	136	41	74	144	91	86	84	239	20	131	219	11	107	107	28	70	30	63	72	120	92	152	0	13	74	61	50	96	49	42	11	3	40	57	211	112	55	31	242	194	67	231	302	68	57	195	173	101	120	504	44	155	23	72	69	147	148	46	32	59	47	30	118	196	102	132	19	77	73	137	141	31	222	191	110	165	63	239	96	75	32	253	19	88	25	78	106	12	87	19	81	186	65	19	208	151	51	97	120	107	159	30	52	109	22	127	71	80	132	81	151	127	137	99	19	83	201	229	90	52	211	84	94	113	62	55	80	75	46	55	17	51	56	37	43	216	32	165	57	147	70	52	65	41	152	91	16	91	95	118	171	161	106	50	68	338	38	143	59	38	39	20	108	87	37	277	26	198	96	170	144	110	8	68	44	80	61	142	234	69	112	74	42	113	60	162	141	63	62	109	42	19	244	227	0	77	263	246	166	99	61	163	15	149	119	232	62	61	68	30	87	83	16	214	143	152	0	22	206	61	121	32	153	21	204	104	84	86	56	60	83	141	66	145	171	0	74	92	39	128	60	95	71	212	38	40	110	56	165	98	62	53	68	90	178	43	130	77	91	73	67	47	219	38	76	71	149	22	21	78	170	53	19	184
29	0	0	0	0	0	0	0	0	0	0	0	0	0	0	0	0	0	0	0	0	0	0	0	0	0	0	0	0	0	0	0	0	0	0	0	0	0	0	0	0	0	0	0	0	0	0	0	0	0	0	0	0	0	0	0	0	0	0	0	0	0	0	0	0	0	0	0	0	0	0	0	0	0	0	0	0	0	0	0	0	0	0	0	0	0	0	0	0	0	0	0	0	0	0	0	0	0	0	0	0	0	0	0	0	0	0	0	0	0	0	0	0	0	0	0	0	0	0	0	0	0	0	0	0	0	0	0	0	0	0	0	0	2	0	0	0	0	0	0	0	0	0	0	0	0	0	0	0	0	0	0	0	0	0	0	0	0	0	0	0	0	0	0	0	0	1	0	0	0	0	0	0	0	0	0	0	0	0	0	0	0	0	0	0	0	0	0	0	0	0	0	0	0	0	0	0	0	0	0	0	0	0	0	0	0	0	0	0	0	0	0	0	0	0	0	0	0	0	0	0	0	0	0	0	0	0	0	0	0	0	0	0	0	0	0	0	0	0	0	0	0	0	0	0	0	0	0	0	0	0	0	0	0	0	0	0	0	0	0	0	0	0	0	0	0	0	0	0	0	0	0	0	0	0	0	0	0	0	0	0	0	0	0	0	0	0	0	0	0	0	0	0	0	0	0	0	0	0	0	0	0	0	0	0	0	0	0	0	0	0	0	0	0	0	0	0	0	0	0	0	0	0	0	0	0	0	0	0	0	0	0	0	0	0	0	0	0	0	0	0	0	0	0	0	0	0	0	0	0	0	0	0	0	0	0	0	0	0	0	0	0	0	0	0	0	0	0	0	0	0	0	0	0	0	0	0	0	0	0	0	0	0	0	0	0	0	0	0	0	0	0	0	0	0	0	0	0	0	0	0	0	0	0	0	0	0	0	0	0	0	0	0	0	0	0	0	0	0	0	0	0	0	0	0	0	0	0	0	0	0	0	0	0	0	0	0	0	0	0	0	0	0	0	0	0	0	0	0	0	0	0	0	0	0	0	0	0	0	0	0	0	0	0	0	0	0	0	0	0	0	0	0	0	0	48	0	0	0	0	0	0	0	0	0	0	0	0	0	0	0	0	0	0	0	0	0	0	0	0	0	234	31	129	265	115	142	170	112	84	46	136	52	117	115	58	37	29	80	48	66	182	49	97	135	127	419	64	71	111	56	113	146	96	45	107	9	115	123	99	55	306	181	28	93	16	254	116	39	90	18	124	198	38	66	45	153	88	318	41	35	193	107	44	73	164	33	51	92	79	92	106	205	158	53	175	14	19	138	159	63	160	18	116	28	86	150	96	0	28	62	83	19	232	64	63	106	0	127	162	73	94	191	151	202	24	75	104	26	276	387	39	64	41	267	84	47	174	31	89	11	43	163	83	41	43	24	42	178	34	231	34	73	71	84	73	109	132	20	6	92	187	23	122	78	67	142	80	55	222	70	103	163	168	17	295	31	47	92	74	241	192	13	171	90	185	65	110	67	127	162	56	48	21	37	77	158	18	40	157	17	77	64	14	346	191	34	118	395	74	164	56	64	75	43	64	118	142	156	216	96	76	66	167	64	48	117	194	112	54	120	56	128	24	145	11	157	66	26	181	105	128	171	27	111	361	78	125	98	201	140	89	77	51	49	107	169	46	41	68	160	66	75	70	101	87	30	92	104	0	168	92	46	102	44	240	16	99	131	96	13	77	36	127	68	29	93	265	34	101	48	210	77	254	23	39	68	144	95	149	173	36	87	76	31	101	100	160	101	67	67	52	70	19	48	52	80	112	73	213	125	34	106	87	145	150	41	376	14	216	113	223	15	144	63	186	79	124	99	23	184	72	88	77	30	26	83	10	155	58	43	37	44	40	20	191	51	82	59	283	68	109	40	74	137	164	94	33	213	22	92	82	85	223	186	21	46	158	92	29	186	5	47	123	115	29	36	182	229	57	19	51	28	140	48	160	34	117	39	239	34	56	85	121	91	19	297	58	72	91	168	47	58	30	227	39	150	58	30	55	89	82	37	238	71	301	126	93	56	47	64	23	34	253	59	48	247	144	65	184	97	0	21	103	30	82	42	64	175	199	75	75	66	44	68	37	185	98	9	57	159	190	127	0	80	60	38	165	42	62	161	250	75	125	54	20	138	59	139	73	9	50	0	156	49	152	14	89	123	34	145	88	36	43	108	14	52	52	64	173	66	83	33	128	80	230	30	121	77	34	70	11	17	120	152	191	8	73	286	100	64
30	0	0	0	0	0	0	0	0	0	0	0	0	0	0	0	0	0	0	0	0	0	0	0	0	0	0	0	0	0	0	0	0	0	0	0	0	0	0	0	0	0	0	0	0	0	0	0	0	0	0	0	0	0	0	0	0	0	0	0	0	0	0	0	0	0	0	0	0	0	0	0	0	0	0	0	0	0	0	0	0	0	0	0	0	0	0	0	0	0	0	0	0	0	0	0	0	0	0	0	0	0	0	0	0	0	0	0	0	0	0	0	0	0	0	0	0	0	0	0	0	0	0	0	0	0	0	0	0	0	0	0	0	0	0	0	0	0	0	0	0	0	0	0	0	0	0	0	0	0	0	0	0	0	0	0	0	0	0	0	0	0	0	0	0	0	0	0	0	0	0	0	0	0	0	0	0	0	0	0	0	0	0	0	0	0	0	0	0	0	0	0	0	0	0	0	0	0	0	0	0	0	0	0	0	0	0	0	0	0	0	6	0	0	0	0	0	0	0	0	0	0	0	0	0	0	0	0	0	0	0	0	0	0	0	0	0	0	0	0	0	0	28	0	0	0	0	0	0	0	0	0	0	0	0	0	0	0	0	0	0	0	0	5	0	0	0	0	0	0	0	0	0	0	0	0	0	0	20	0	0	0	0	0	0	0	0	0	0	0	0	0	0	0	0	0	0	0	0	0	0	0	0	0	0	0	0	0	0	0	0	0	0	0	0	0	0	0	0	0	0	0	0	0	0	0	0	0	0	0	0	0	0	0	0	0	0	0	0	0	0	0	0	0	0	0	0	0	0	0	0	0	0	0	0	0	0	0	0	0	0	0	0	0	0	0	0	0	0	0	0	0	0	0	0	0	0	0	0	0	0	0	0	0	0	0	0	0	0	0	0	0	0	0	0	0	0	0	0	0	0	0	0	0	0	0	0	0	0	0	0	0	0	0	0	0	0	0	0	0	0	0	0	0	0	0	0	0	0	0	0	0	0	0	0	0	0	0	0	0	0	0	0	0	0	0	0	0	0	0	0	0	0	0	0	0	0	0	0	0	0	0	0	0	0	0	0	0	0	0	0	0	0	0	0	0	0	0	0	0	0	0	0	0	0	0	0	0	0	0	0	0	0	0	0	0	0	0	0	0	0	181	49	54	55	73	89	64	114	104	109	72	11	254	279	287	9	87	209	89	266	155	81	28	23	29	65	46	140	69	183	104	82	273	45	112	82	34	25	41	88	59	175	216	70	51	5	45	42	88	64	74	125	91	76	58	38	56	51	51	79	20	102	43	107	46	224	42	42	26	20	80	59	83	27	41	46	29	165	75	133	342	33	37	116	89	111	56	0	175	81	39	283	130	18	29	12	0	81	40	13	26	156	57	196	119	106	21	25	54	106	42	63	148	114	90	37	67	62	202	109	171	51	110	104	55	122	149	244	20	61	77	114	14	85	73	99	100	56	32	62	86	163	86	56	12	69	65	158	184	65	53	113	121	61	83	9	234	65	2	100	171	81	178	148	74	116	281	147	26	71	51	119	71	124	8	84	20	132	244	42	45	225	123	62	37	127	21	105	11	301	173	90	66	119	40	21	90	121	67	45	186	38	42	79	20	159	51	51	25	52	39	78	22	42	47	14	106	50	85	295	93	38	23	156	139	206	116	72	72	215	79	66	66	22	128	81	341	21	29	43	27	35	68	67	107	194	175	182	0	43	95	71	53	54	89	51	50	28	105	209	98	190	173	52	136	158	72	90	141	118	189	3	82	111	129	65	31	161	34	67	70	104	136	66	44	139	31	139	387	50	91	41	73	181	62	91	84	91	151	79	147	45	50	310	83	203	67	104	67	345	78	151	65	156	78	82	315	94	175	68	194	68	183	84	133	128	87	31	176	30	71	275	11	200	109	118	99	181	68	224	31	133	44	52	49	19	103	3	65	83	5	284	135	70	92	65	96	43	15	129	53	129	138	81	375	124	73	19	62	21	207	291	100	29	15	71	23	147	66	119	7	13	92	122	62	67	74	14	151	72	152	96	141	112	42	144	103	102	268	52	110	12	194	45	29	111	49	83	103	110	34	159	64	93	72	97	42	77	110	138	0	27	99	90	18	81	45	71	95	31	80	135	26	88	100	170	168	66	60	89	83	16	0	104	37	199	76	335	72	171	289	243	23	199	147	21	61	9	87	39	71	0	10	76	25	119	97	172	21	146	53	52	122	110	50	72	87	176	92	147	117	322	62	107	52	53	242	231	31	80	276	135	33	47	114	63	80	66	90	20
31	0	0	0	0	0	0	0	0	0	0	0	0	0	0	0	0	0	0	0	0	0	0	0	0	0	0	0	0	0	0	0	0	0	0	0	0	0	0	0	0	0	0	0	0	0	0	0	0	0	0	0	0	0	0	0	0	0	0	0	0	0	0	0	0	0	0	0	0	0	0	0	0	0	0	0	0	0	0	0	0	0	0	0	0	0	0	0	0	0	0	0	0	0	0	0	0	0	0	0	0	0	0	0	0	0	0	0	0	0	0	0	0	0	0	0	0	0	0	0	0	0	0	0	0	0	0	22	0	0	0	0	0	0	0	0	0	0	0	0	0	229	0	0	0	0	0	0	0	0	0	0	0	0	0	0	0	0	0	0	0	0	0	0	0	0	0	0	0	0	0	0	0	0	0	0	0	0	0	0	0	0	0	0	0	51	0	0	0	0	0	0	0	0	0	0	0	0	0	0	0	0	0	1	0	0	0	0	0	0	0	0	0	0	0	0	0	0	0	0	0	0	0	0	0	0	0	0	0	0	0	0	0	0	0	0	0	0	0	0	0	0	4	0	0	0	22	0	0	0	0	0	0	0	0	0	0	0	0	0	0	0	0	0	0	0	0	0	0	0	0	0	0	0	0	0	0	0	0	0	0	0	0	0	0	0	0	0	0	0	0	0	0	0	0	0	0	0	0	0	0	0	0	0	0	0	0	0	0	0	0	0	0	0	0	0	0	0	0	0	0	0	0	0	0	0	0	0	0	0	0	0	0	0	0	0	0	0	0	0	0	0	0	0	0	0	0	0	0	0	0	0	0	0	0	0	0	0	0	0	0	0	0	0	0	0	0	0	0	0	0	0	0	0	0	0	0	0	0	0	0	0	0	0	0	0	0	0	0	0	0	0	0	0	0	0	0	0	0	0	0	0	0	0	0	0	0	0	0	0	0	0	0	0	0	0	0	0	0	0	0	0	0	0	0	0	0	0	0	0	0	0	0	0	0	0	0	0	0	0	0	0	0	0	0	0	0	0	0	0	0	0	0	0	0	0	0	0	0	0	0	0	0	0	0	0	0	0	0	0	0	0	0	0	0	0	0	0	0	0	0	0	0	0	0	0	0	0	0	2	0	0	0	0	18	0	0	0	0	0	0	21	35	33	102	31	74	63	32	100	38	71	136	100	74	136	90	50	43	157	172	165	58	59	43	93	58	126	138	434	136	66	35	76	46	44	127	100	347	28	78	123	215	62	374	166	116	80	51	59	51	84	107	66	92	92	27	111	107	60	88	108	211	137	61	34	16	180	126	137	162	72	97	38	82	96	22	265	71	8	120	208	28	251	80	88	59	135	0	47	61	75	41	94	318	62	28	9	147	84	22	96	202	180	252	21	17	302	137	49	81	54	82	117	55	167	151	357	281	55	65	89	227	64	65	194	33	8	42	56	140	67	33	145	135	30	98	19	90	10	86	141	70	14	29	46	47	55	14	311	235	4	41	245	54	44	106	222	85	240	66	5	128	92	16	80	323	136	233	71	30	235	223	126	199	113	31	44	217	37	181	223	151	130	135	78	115	86	46	58	27	72	49	30	177	62	151	94	162	136	101	41	47	116	10	12	210	49	178	43	175	59	197	149	57	76	122	58	89	222	19	55	43	158	44	14	99	290	233	21	65	33	94	32	205	52	53	44	10	107	100	109	218	244	30	177	131	202	39	0	221	85	176	79	128	63	97	82	166	101	87	119	226	15	37	53	123	93	65	148	74	33	50	110	244	73	44	188	170	32	223	25	150	48	22	79	64	81	179	120	152	70	64	11	137	66	226	78	63	30	84	9	60	69	208	137	35	115	240	67	156	118	13	87	98	57	201	75	125	85	105	42	124	115	99	192	49	77	22	105	52	59	40	67	121	47	84	120	37	91	230	44	98	132	76	86	8	23	122	57	122	40	19	50	64	17	103	105	30	150	248	181	22	75	57	71	45	122	223	199	13	73	150	126	108	38	17	87	220	55	44	174	22	185	14	62	235	99	263	59	83	106	44	58	59	84	78	276	82	26	87	99	18	183	50	80	91	182	117	171	49	153	18	77	179	39	75	58	19	197	34	12	73	149	6	253	10	54	205	107	74	13	96	40	15	206	110	57	18	175	145	310	53	0	84	70	135	99	28	29	100	37	78	57	30	128	43	83	233	102	62	61	51	67	132	182	52	124	207	217	125	32	23	101	51	50	89	55	13	207	55	46	114	21	61	156	328	79	251	66	40	81	81	218	183	90	34	147	49	247	114
32	0	0	0	0	0	0	0	0	0	0	0	0	0	0	0	0	0	0	0	0	0	0	0	0	0	0	0	0	0	0	0	0	0	0	0	0	0	0	0	0	0	0	0	0	0	0	0	0	0	0	0	85	0	0	0	0	0	0	0	0	0	0	0	0	0	0	0	0	0	0	0	0	0	0	0	0	0	0	0	0	0	0	0	0	0	0	0	0	0	0	0	0	0	0	0	0	0	0	0	0	0	0	0	0	0	0	0	0	0	0	0	0	0	0	0	0	0	0	0	0	0	0	119	0	0	0	16	0	0	0	0	0	0	0	0	0	0	3	0	0	0	0	0	0	0	0	0	0	0	0	0	3	0	0	0	0	0	0	0	0	0	0	0	0	0	0	0	0	0	0	0	0	0	0	39	0	0	0	0	0	0	0	0	0	0	0	0	0	0	0	0	0	0	0	0	0	0	0	0	0	0	0	0	0	0	0	0	0	0	0	0	0	0	0	0	0	0	0	0	0	0	0	0	0	0	0	0	0	0	0	0	0	0	0	0	0	0	0	0	0	0	0	0	0	0	0	0	0	0	0	0	0	0	0	0	0	0	0	0	0	0	0	0	0	0	0	0	0	0	0	0	0	0	0	0	0	0	0	0	0	0	0	0	0	0	0	0	0	0	0	0	0	0	0	0	0	0	0	0	0	0	0	0	0	0	0	0	0	0	0	0	0	0	0	0	0	0	0	0	0	0	0	0	0	0	0	0	0	0	0	0	0	0	0	0	0	0	0	0	0	0	0	0	0	0	0	0	0	0	0	0	0	0	0	0	0	0	0	0	0	0	0	0	0	0	0	0	0	0	0	0	0	0	0	0	0	0	0	0	0	0	0	0	0	0	0	0	0	0	0	0	0	0	0	0	0	0	0	0	0	0	0	0	0	0	0	0	0	0	0	0	0	0	0	0	0	0	0	0	0	0	0	0	0	0	0	0	0	0	0	0	0	0	0	0	0	0	0	0	0	1	0	0	0	0	0	0	0	0	0	0	0	0	0	0	0	0	0	0	0	0	0	0	0	0	0	0	0	0	0	0	0	0	0	0	0	0	0	0	0	0	0	0	0	0	0	0	0	0	0	0	0	0	0	0	0	0	0	0	0	78	204	243	16	166	18	85	21	113	252	93	34	19	142	147	144	83	26	2	99	88	38	173	160	166	21	25	113	48	16	226	18	136	30	151	41	168	17	42	56	11	107	114	32	223	45	32	87	118	156	40	116	4	240	103	49	141	76	77	260	238	69	102	63	83	50	42	38	98	329	118	38	38	195	7	266	166	30	208	61	49	33	273	128	131	47	15	0	129	30	142	70	42	92	40	42	0	54	4	116	121	117	60	139	42	13	136	77	173	19	84	46	322	77	25	78	165	294	99	73	185	165	125	63	99	66	20	56	138	93	31	74	74	37	20	139	56	179	107	93	135	150	112	65	31	308	64	60	113	108	140	83	30	182	28	69	52	5	58	79	112	109	160	37	148	22	166	175	63	16	64	153	66	58	14	106	177	122	104	52	98	222	137	9	79	50	59	34	83	146	106	32	81	70	59	38	37	78	82	20	288	86	75	19	42	96	158	186	32	95	68	241	105	2	85	44	216	110	54	137	139	1	274	125	35	221	72	221	61	193	229	38	32	157	160	67	145	155	61	21	43	53	92	43	127	108	150	27	0	34	102	35	77	36	125	73	78	90	39	117	227	130	123	47	115	72	215	109	36	29	34	91	43	126	146	160	77	62	14	57	185	92	202	134	22	155	22	186	129	83	45	179	64	43	51	25	102	83	87	117	109	48	280	117	124	84	83	143	114	88	37	28	159	100	60	56	94	9	88	61	144	70	39	61	123	50	158	42	6	64	151	167	199	48	196	130	73	94	77	66	65	73	112	91	21	82	111	267	188	69	140	96	83	92	163	31	95	38	100	41	124	175	67	36	17	17	19	237	135	27	114	43	173	152	71	85	124	30	78	17	70	67	119	168	21	162	155	46	59	27	202	25	206	157	82	31	77	112	34	58	15	26	51	64	64	41	134	105	72	118	102	53	201	62	60	25	109	256	84	18	0	19	182	43	59	72	65	64	163	170	258	107	39	39	167	48	47	66	87	55	125	67	0	79	178	108	57	228	154	112	130	99	143	25	118	306	77	58	50	87	29	0	81	287	62	132	234	132	61	35	93	51	168	87	169	15	80	65	149	46	211	25	111	120	350	51	105	70	46	29	197	48	64	137	269	89	49	73	155	133
33	0	0	0	0	0	0	0	0	0	0	0	0	0	0	0	0	0	0	0	0	0	0	0	0	0	60	0	0	0	0	0	0	0	0	0	0	0	0	0	0	0	0	0	0	0	0	0	0	0	0	0	0	0	0	0	0	0	0	0	0	0	0	0	0	0	0	0	0	0	0	0	0	0	0	0	0	0	0	0	0	0	0	0	0	0	0	0	0	0	0	0	0	0	0	0	29	0	0	0	0	0	0	0	0	0	0	0	0	0	0	0	0	0	0	0	0	0	0	0	0	0	0	0	0	0	0	0	0	0	0	0	0	0	0	0	0	0	0	0	0	0	0	0	0	0	0	0	0	0	0	0	0	0	0	0	0	0	0	0	0	0	0	0	0	0	17	0	0	0	1	0	0	0	0	0	0	0	0	0	0	0	0	0	0	0	0	0	0	0	0	0	0	0	0	0	0	0	0	0	0	0	0	0	0	0	0	0	0	0	0	0	0	0	0	0	0	0	0	0	0	0	0	0	0	0	0	0	0	0	0	0	0	0	0	0	0	0	0	0	0	0	0	0	0	0	0	0	0	0	0	0	0	0	0	0	0	0	0	0	0	0	0	0	0	0	0	0	0	0	0	0	0	0	0	0	0	0	0	0	0	0	0	0	0	0	0	0	0	0	0	0	0	0	0	0	0	0	0	0	0	0	0	0	0	0	0	0	0	0	2	0	0	0	0	0	0	0	0	0	0	0	0	0	0	0	0	0	0	0	0	0	0	1	0	0	0	0	0	0	0	0	0	0	0	0	0	0	0	0	0	0	0	0	0	0	0	0	0	0	0	0	0	0	0	0	0	0	0	0	0	0	0	0	0	0	0	0	0	0	0	0	0	0	0	0	0	0	0	0	0	0	0	0	0	0	0	0	0	0	0	0	0	0	0	0	0	0	0	0	0	0	0	0	0	0	0	0	0	0	0	0	0	0	0	0	0	0	0	0	0	0	0	0	0	0	0	0	0	0	0	0	0	0	0	0	0	0	0	0	0	0	0	0	0	0	0	0	0	0	0	0	0	0	0	0	0	0	0	0	0	0	0	0	0	0	0	0	0	0	0	0	0	0	0	0	0	0	0	0	0	0	0	0	0	0	0	0	0	0	0	235	55	26	139	18	144	56	156	119	260	62	43	55	204	97	65	188	38	16	57	18	64	53	55	80	332	7	48	38	22	62	173	73	96	30	74	85	101	263	104	66	17	31	67	166	202	24	73	80	221	77	167	55	24	113	12	60	225	139	33	53	139	112	21	94	339	75	6	92	58	67	181	157	90	20	72	66	98	233	46	133	36	69	43	88	21	18	0	71	50	297	44	80	266	336	11	64	79	64	127	49	93	290	2	28	60	132	51	48	31	62	278	135	179	37	40	164	94	102	120	129	47	175	172	20	4	121	107	56	122	22	124	82	19	160	22	102	92	172	92	130	28	23	138	132	48	33	65	243	329	61	342	54	102	203	79	198	97	252	137	97	66	87	140	74	133	205	152	171	64	150	206	8	93	170	28	17	72	11	133	73	157	113	91	127	158	13	116	67	52	101	16	122	84	25	51	23	110	55	122	73	100	90	136	36	210	60	93	183	19	53	330	158	43	180	143	38	179	128	31	84	115	28	317	19	104	17	86	68	46	88	33	62	60	160	68	74	76	53	41	44	116	119	166	31	114	139	85	0	32	113	336	51	55	127	23	110	59	77	244	172	86	149	22	135	354	35	100	116	71	70	23	121	56	60	143	79	165	128	203	177	52	68	44	62	113	29	254	36	28	137	91	49	36	74	22	147	123	118	54	74	53	53	48	12	26	44	38	63	102	239	12	212	114	100	89	36	39	284	65	261	125	121	300	166	16	79	53	57	92	69	64	107	171	99	162	167	90	188	58	59	41	87	242	89	107	35	47	149	57	13	85	147	76	38	128	34	48	117	37	47	47	139	49	64	70	62	34	51	31	215	125	7	48	95	75	146	35	136	73	23	167	223	91	45	15	117	20	70	196	76	24	9	149	210	184	389	39	84	116	25	209	57	178	22	140	54	13	54	40	21	112	243	58	81	94	50	84	153	146	0	183	7	158	265	116	9	63	150	83	122	183	4	303	143	55	111	132	24	37	21	31	0	39	87	137	116	212	40	23	56	12	71	12	69	20	69	36	190	66	40	0	16	26	165	89	95	28	11	28	236	102	377	77	127	149	32	66	111	94	259	44	110	152	42	11	53	94	24	7	26	42	109	210	88	148	152	181	265	161
34	0	0	0	0	0	0	0	0	0	0	0	0	0	0	0	0	0	0	0	0	0	0	0	0	0	0	0	0	0	0	0	0	0	0	0	0	0	0	0	0	0	0	0	0	0	0	0	0	0	0	0	0	0	0	0	0	0	0	0	0	0	0	0	0	0	0	0	0	0	0	0	0	0	0	0	0	0	0	0	0	0	0	0	0	0	0	0	0	0	0	0	0	0	0	0	0	0	0	0	0	0	0	0	0	0	0	0	0	0	0	0	0	0	0	0	0	0	0	0	0	0	0	0	0	0	0	0	0	0	0	0	0	0	0	0	0	0	0	0	0	0	0	0	0	0	0	0	0	0	0	0	0	0	0	0	0	0	0	0	0	0	0	0	0	0	0	0	0	0	0	0	0	0	0	0	0	0	0	0	0	0	0	0	0	0	0	0	0	0	0	0	0	42	0	0	0	0	0	0	0	0	0	0	0	0	0	0	0	0	0	0	0	0	0	0	0	0	0	0	0	0	0	0	0	0	0	0	0	0	0	0	0	0	0	0	0	0	0	0	0	0	0	0	0	0	0	0	0	0	0	0	0	0	0	0	0	0	0	0	0	0	0	0	0	0	1	0	0	0	0	0	0	0	0	0	0	0	0	0	0	0	0	0	0	0	0	0	0	0	0	0	0	0	0	0	0	0	0	0	0	0	0	0	0	0	0	0	0	0	0	0	0	0	0	0	0	0	0	0	0	0	0	0	0	0	0	0	0	0	0	0	0	0	0	0	0	1	0	0	0	0	0	0	0	0	0	0	0	0	0	66	0	0	0	0	0	0	0	0	0	0	0	0	0	0	0	0	0	0	0	0	0	0	0	0	0	0	0	0	0	0	0	0	0	0	0	0	0	0	0	0	0	0	0	0	0	0	0	0	0	0	0	0	0	0	0	0	0	0	0	0	0	0	0	0	0	0	0	0	0	0	0	0	0	0	0	0	0	0	0	0	0	0	0	0	0	0	0	0	0	0	0	0	0	0	0	0	0	0	0	0	0	0	0	0	0	0	0	0	0	0	0	0	0	0	0	0	0	0	0	0	0	0	0	0	0	0	0	0	0	0	0	0	0	0	0	0	0	0	0	0	0	0	0	0	0	0	0	0	0	3	134	37	136	91	60	133	81	33	120	38	123	110	56	93	90	130	57	56	57	57	111	215	21	117	273	215	78	160	174	102	149	80	116	3	112	74	39	68	20	55	239	96	88	47	118	231	95	109	179	53	67	101	38	116	220	97	88	54	95	35	115	67	70	112	218	182	272	91	86	26	186	155	96	75	1	70	129	141	259	158	49	164	13	27	152	127	43	249	181	259	42	118	70	29	34	37	69	82	186	123	68	144	54	87	81	66	14	37	107	118	96	34	94	212	168	94	106	117	140	65	146	119	31	87	24	148	79	136	38	31	73	42	96	37	96	56	52	21	96	15	266	55	58	80	127	79	222	175	49	174	116	206	75	95	243	21	9	89	119	26	142	79	12	67	36	101	212	280	36	67	30	218	40	91	40	15	91	67	177	120	40	126	66	13	1	152	134	192	20	14	17	34	19	52	94	246	73	131	291	51	85	22	146	143	73	290	70	37	131	57	71	68	97	140	34	31	80	92	60	57	78	86	52	74	18	46	115	74	14	49	40	168	77	146	191	117	21	25	26	177	81	45	86	50	87	40	57	0	78	107	51	97	125	56	179	279	193	27	87	145	175	362	138	61	64	37	223	196	178	158	34	11	131	45	42	171	40	27	146	78	82	161	15	57	48	233	189	231	151	79	210	77	134	50	44	91	42	85	149	119	177	44	189	117	29	13	43	74	151	130	167	186	80	52	86	32	87	134	174	41	235	139	143	32	11	166	190	315	37	93	76	105	148	202	56	66	176	38	15	93	82	129	60	75	155	23	132	169	19	109	134	23	40	94	243	180	71	99	135	31	105	123	168	71	53	58	54	86	263	117	216	249	72	74	74	145	92	247	52	111	306	106	57	36	54	19	116	50	35	61	92	73	260	81	110	35	127	281	76	93	39	6	44	128	27	50	98	136	16	70	132	160	48	25	104	53	119	34	190	23	111	56	141	161	126	107	133	72	77	102	30	54	82	81	350	2	68	13	100	106	155	99	42	286	47	36	394	17	135	72	181	45	11	217	46	160	27	164	11	61	3	59	138	74	68	85	64	235	236	35	100	58	124	116	175	219	203	14	15	51	73	96	65	80	92	28	89	23	65	42	39	39	225	74	237	47	103	110	137
35	0	0	35	0	0	0	0	0	0	0	0	0	0	0	0	0	0	0	0	0	0	0	0	0	0	0	0	0	0	0	0	0	0	0	0	0	0	0	0	0	0	0	0	0	0	0	0	0	0	0	0	0	0	0	0	0	0	0	0	0	0	0	0	0	0	0	0	0	0	0	0	0	0	0	0	0	0	0	0	0	0	0	0	0	0	0	0	0	0	0	0	0	0	0	0	0	0	0	0	0	0	0	0	0	0	0	0	0	0	0	0	0	0	0	0	0	0	0	0	0	0	0	0	0	0	0	0	0	0	0	0	0	0	0	0	0	0	0	0	0	0	0	0	0	0	0	0	0	0	0	0	0	0	0	0	0	0	0	0	0	0	0	0	0	0	0	0	0	0	0	0	0	0	0	0	0	0	0	0	0	0	0	0	0	0	0	0	0	0	0	0	0	0	0	0	0	0	0	0	0	0	0	0	0	0	0	0	0	0	0	0	0	0	0	0	0	0	0	0	0	0	0	0	0	0	0	0	0	0	0	0	0	0	0	0	0	0	0	0	0	0	0	0	0	0	0	8	0	0	0	0	0	0	0	0	0	0	0	0	0	0	0	0	0	0	0	0	0	0	0	0	0	0	0	0	0	0	0	0	0	0	0	0	0	0	0	0	0	0	0	0	0	0	0	0	0	0	0	0	0	0	0	0	0	0	0	0	0	0	0	0	0	0	0	0	0	0	0	0	0	0	0	0	0	0	0	0	0	0	0	0	0	0	0	0	0	0	0	0	0	0	0	0	0	0	0	0	0	0	0	0	0	0	0	0	0	0	0	0	0	0	0	0	0	0	0	0	0	0	0	0	0	0	0	0	0	0	0	0	1	0	0	0	0	0	0	0	0	0	0	0	0	0	0	0	0	0	0	0	0	0	0	0	0	0	0	0	0	0	34	0	0	0	0	0	0	0	0	0	0	0	0	0	0	0	0	0	0	0	0	0	0	0	0	0	0	0	0	0	0	0	0	0	0	0	0	0	0	0	0	0	0	0	0	0	0	0	0	0	0	0	0	0	0	0	0	0	0	0	0	0	0	0	0	0	0	0	0	0	0	0	0	0	0	0	0	0	0	0	0	0	0	0	0	0	0	0	0	0	0	60	168	64	122	51	36	67	244	98	100	36	28	64	32	140	129	73	63	119	121	71	11	279	174	128	272	294	306	116	38	52	35	52	414	206	93	175	69	85	86	122	256	90	220	121	52	28	13	110	176	32	98	44	50	23	104	36	108	161	37	29	23	32	264	111	193	204	53	80	67	67	98	100	18	179	95	115	23	44	129	143	90	113	212	156	131	44	0	53	90	25	276	117	61	61	83	27	67	31	108	88	67	40	92	232	208	137	90	23	53	18	91	155	77	37	93	235	67	88	211	131	56	61	134	258	114	36	120	104	41	56	49	170	47	98	66	82	31	90	46	72	44	166	154	37	66	101	47	61	96	19	34	38	146	84	313	65	112	240	206	85	16	185	276	19	194	243	30	214	56	107	74	25	63	55	27	150	14	57	20	3	69	57	29	35	25	154	73	95	119	58	99	142	132	81	252	85	201	46	108	229	86	150	74	279	168	76	87	29	62	71	79	115	73	47	25	86	44	69	112	198	58	424	80	136	19	56	47	146	33	54	48	40	27	67	118	57	91	37	59	58	73	27	36	8	82	54	60	0	107	36	67	51	67	56	94	40	109	104	78	75	89	39	27	27	23	32	27	215	42	55	112	35	57	110	58	40	98	28	38	3	98	44	210	140	64	76	55	94	170	35	133	153	20	256	85	68	78	213	226	64	110	109	125	42	55	54	176	99	94	45	94	19	134	63	258	64	149	41	38	102	74	43	95	125	94	49	24	131	68	37	105	92	343	50	83	45	130	55	10	36	88	4	91	49	205	163	17	16	115	38	70	215	46	103	53	219	116	213	27	32	22	86	237	106	70	70	172	195	56	44	113	79	90	87	48	17	182	90	33	55	129	322	67	137	109	116	60	52	87	85	31	62	27	144	143	203	25	225	69	36	43	84	37	86	34	7	17	130	249	4	48	70	171	145	220	17	84	55	61	53	69	141	90	36	124	67	104	46	54	63	107	27	44	112	15	45	37	175	122	202	41	46	117	150	140	262	91	39	116	158	58	146	113	58	25	348	113	133	144	74	65	138	171	217	71	149	74	93	172	102	131	86	353	179	207	18	30	141	59	33	159	53	313	183	258	146	213	24	5	79	103	304	7	106	123	160	43	74	12
36	0	0	0	0	0	0	0	0	0	0	0	0	0	0	0	0	0	0	0	0	0	0	0	0	0	0	0	0	0	0	0	0	0	0	0	0	0	0	0	0	0	0	0	0	0	0	0	0	0	0	0	0	0	0	0	0	0	0	0	0	0	0	0	0	0	0	0	0	0	0	0	0	0	0	0	0	0	0	0	0	0	0	0	0	0	0	0	0	0	0	0	0	0	0	0	0	0	0	0	0	0	0	0	0	0	0	0	0	0	0	0	0	0	0	0	0	0	0	0	0	0	0	0	0	0	0	0	0	0	0	0	0	0	0	0	0	0	0	0	0	0	0	0	0	0	0	0	0	0	0	0	0	0	0	0	0	0	0	0	0	0	0	0	0	0	0	0	0	0	17	0	0	0	0	0	0	0	0	0	0	0	0	0	0	0	0	0	0	0	0	0	0	0	0	0	0	0	0	0	0	0	0	0	0	0	0	0	0	0	0	0	0	0	0	0	0	0	0	0	0	0	0	0	0	0	0	0	0	0	0	0	0	0	0	0	0	0	0	0	0	0	0	0	0	0	0	0	0	0	0	0	0	0	0	0	0	0	0	0	0	0	0	0	0	0	0	0	0	0	0	0	0	0	0	4	0	0	0	0	0	0	0	0	0	0	0	0	0	0	0	0	0	0	0	0	0	0	0	0	0	0	0	0	0	0	0	0	0	0	0	0	0	0	0	0	0	0	0	0	0	0	0	0	0	0	0	0	0	0	0	0	0	0	0	0	0	0	0	0	0	0	0	0	0	0	0	0	0	0	0	0	0	0	0	0	0	0	0	0	0	0	0	0	0	0	0	0	0	0	0	0	0	0	0	0	0	0	0	0	0	0	0	0	0	0	0	0	0	0	0	0	0	0	0	0	0	0	0	0	0	0	0	0	0	2	0	0	0	7	0	0	0	0	0	0	0	0	0	0	0	0	0	0	0	0	0	0	0	0	0	0	0	0	0	0	0	0	0	0	0	0	0	0	0	0	0	0	0	0	0	0	0	0	0	0	0	0	0	0	0	0	0	0	0	0	0	0	0	0	0	0	0	0	0	0	0	0	0	0	0	0	0	0	0	0	0	0	0	0	0	0	0	0	0	0	0	0	0	0	0	62	244	151	229	20	165	54	47	144	133	13	207	104	122	112	217	62	43	29	110	212	66	156	59	100	266	195	81	79	19	227	135	69	87	115	30	35	125	191	37	36	56	91	31	46	73	48	114	171	29	145	30	70	54	67	115	249	77	13	83	9	75	111	65	170	377	39	2	15	68	85	56	104	71	198	110	54	55	43	69	38	82	228	76	179	68	66	0	95	53	53	128	117	71	77	169	21	61	168	91	140	75	51	31	46	17	94	78	24	246	42	39	269	112	61	115	52	48	190	32	153	349	51	58	11	21	90	76	59	148	40	232	27	23	26	41	65	109	60	34	78	145	31	80	61	368	10	193	227	21	67	7	155	49	99	67	91	31	91	68	27	198	50	131	128	204	128	170	102	7	90	121	109	88	82	133	125	93	73	51	80	123	88	18	68	257	83	211	140	58	128	130	24	205	45	107	178	86	44	10	164	68	24	17	70	88	78	162	63	88	72	65	54	137	196	41	292	47	64	71	61	53	28	33	97	91	103	208	62	103	305	256	129	222	122	65	148	48	15	228	167	185	72	8	98	177	170	195	1	37	0	261	127	68	162	107	40	105	47	74	220	56	10	77	30	55	22	130	280	54	27	125	23	134	85	44	14	124	75	23	47	82	70	9	82	43	426	151	102	62	80	162	108	6	130	259	221	62	155	36	8	71	39	104	60	62	67	126	33	71	159	40	84	34	123	87	79	127	6	47	13	39	52	113	36	118	90	71	49	70	328	38	58	63	111	60	41	215	31	76	228	132	18	124	165	282	147	58	74	286	32	26	24	86	59	5	61	50	239	187	107	38	89	27	322	62	32	165	98	117	87	29	121	98	62	107	51	57	227	58	69	62	15	99	173	138	44	22	57	169	28	67	82	101	263	23	144	12	21	26	166	114	11	72	35	332	47	69	41	43	32	66	188	119	64	133	181	40	55	43	95	67	121	28	63	140	117	156	102	14	58	154	168	70	184	269	121	75	169	23	72	89	16	50	99	55	27	172	69	66	43	228	161	137	73	117	68	126	144	168	114	0	104	54	25	24	1	32	59	35	45	65	183	95	92	63	31	25	41	77	92	143	69	232	214	49	292	35	16	22	42	187	96	81	55	76	74	80	77	129
37	0	0	0	0	0	0	0	0	0	0	0	0	0	0	0	0	0	0	0	0	0	0	0	0	0	0	0	0	0	0	0	0	0	0	0	0	0	0	0	0	0	0	0	0	0	0	0	0	62	0	0	0	0	0	0	0	0	0	0	0	0	0	0	0	0	0	0	0	0	0	0	0	0	0	0	0	0	0	0	0	0	0	0	0	0	0	0	0	0	0	0	0	0	0	0	0	0	0	0	0	0	0	0	0	0	0	0	0	0	0	0	0	0	0	0	0	0	0	0	0	0	0	0	0	0	0	0	0	0	0	0	0	0	0	0	0	0	0	0	0	0	0	0	0	0	0	0	0	0	0	0	0	0	0	0	0	0	0	0	0	0	0	0	0	0	0	0	0	0	0	0	0	0	0	0	0	0	0	0	0	0	0	0	0	0	0	0	0	0	0	0	0	0	0	0	0	0	0	0	0	0	0	0	0	0	0	0	0	0	0	0	0	0	0	0	0	0	0	0	0	0	0	0	0	0	0	0	0	0	0	0	0	0	0	0	0	0	0	0	0	0	0	0	0	0	0	0	0	0	0	0	0	0	0	0	0	0	0	0	0	0	0	0	0	0	0	0	0	0	0	0	0	0	0	0	0	0	0	0	0	0	0	0	0	0	0	0	0	0	0	0	0	0	0	0	0	0	0	0	0	0	0	0	0	0	0	0	0	0	0	0	0	0	0	0	0	0	0	0	0	0	0	0	0	0	0	0	0	0	0	0	0	0	0	0	0	0	0	0	0	0	0	0	48	0	0	0	0	0	0	0	0	0	0	0	0	0	0	0	0	0	0	0	0	0	0	0	0	0	0	0	0	0	0	0	0	0	0	0	0	0	0	0	0	0	0	0	0	0	0	0	0	0	0	0	0	0	0	0	0	0	1	0	0	0	0	0	0	0	0	0	0	0	0	0	0	0	0	0	0	0	0	0	0	0	0	0	0	0	0	0	0	0	0	0	0	0	0	0	0	0	0	0	0	0	0	0	0	0	0	0	0	0	0	0	0	0	0	0	0	0	0	0	0	0	0	0	0	0	0	0	0	0	0	0	0	0	0	0	0	0	0	0	0	0	0	0	0	0	0	0	0	0	0	0	0	0	0	0	0	43	93	28	106	61	117	53	378	39	56	113	44	125	174	48	75	94	71	85	110	127	80	48	63	158	40	86	271	87	82	128	278	56	130	124	163	26	38	115	126	38	225	15	213	108	18	145	14	31	78	154	147	54	89	39	117	27	63	371	214	194	32	19	37	31	132	37	206	341	98	148	219	90	112	40	0	59	61	2	83	70	44	193	39	108	109	50	0	177	167	21	48	10	204	122	98	0	55	46	128	77	103	120	253	10	28	48	77	220	53	105	101	222	168	44	57	140	14	94	65	155	61	162	61	201	108	55	82	62	319	71	64	70	163	154	32	11	69	17	99	18	56	116	158	56	121	125	19	249	192	63	176	139	53	98	196	91	163	132	193	105	77	266	100	66	45	71	56	33	69	102	164	63	38	117	87	145	167	79	13	82	26	42	66	294	96	128	20	93	64	88	28	151	55	117	108	98	204	35	15	359	70	118	291	86	15	165	14	288	296	35	64	70	265	188	101	49	227	176	112	38	139	32	82	50	214	99	109	48	138	26	49	22	16	106	114	90	253	171	173	157	138	75	13	79	35	38	33	0	10	145	121	91	30	64	59	86	48	49	77	148	50	217	82	2	266	92	134	102	41	90	83	46	93	103	155	152	105	14	152	88	25	77	57	33	126	169	109	127	95	144	156	124	136	245	102	80	115	212	57	201	51	25	25	263	17	55	36	165	53	166	148	176	107	95	24	138	85	65	263	131	52	23	170	50	262	58	14	217	163	56	12	75	106	170	50	199	170	20	43	256	33	129	50	54	61	38	94	12	73	112	65	122	3	148	77	80	37	18	92	205	90	79	45	67	83	29	170	143	49	137	67	73	141	178	21	33	269	31	18	96	18	125	86	36	24	294	102	37	103	26	78	77	134	36	163	55	157	76	137	9	106	36	82	58	95	38	163	79	188	149	95	105	101	219	14	66	232	61	50	0	38	90	124	20	32	91	69	62	60	27	36	109	162	60	139	282	49	90	87	71	76	0	43	140	59	66	100	145	82	64	145	163	111	235	133	306	15	17	144	100	0	39	138	45	158	56	62	47	40	91	38	66	14	18	102	57	39	7	71	383	71	41	83	70	145	54	80	61	85	37	97	81	89	74	68	62	147	20	205
38	0	0	0	0	0	0	0	0	0	0	0	0	0	0	0	0	0	0	0	0	0	0	0	0	0	0	0	0	0	0	0	0	0	0	0	0	0	0	0	0	0	0	0	0	0	0	0	0	0	0	0	0	0	0	0	0	0	0	0	0	0	0	0	0	0	0	0	0	0	0	0	0	0	0	0	0	0	0	0	0	0	0	0	0	0	0	0	0	0	0	0	0	0	0	0	0	0	0	0	0	0	0	0	0	0	0	0	0	0	0	0	0	0	0	0	0	0	0	0	0	0	0	0	0	0	0	0	0	0	0	0	0	0	0	0	0	0	0	0	0	0	0	0	0	0	0	0	0	0	0	0	0	0	0	0	0	0	0	0	0	0	0	0	0	0	0	0	0	0	0	0	0	0	0	0	0	0	0	0	0	0	0	0	0	0	0	0	0	0	0	0	0	3	0	0	0	0	0	0	0	0	0	5	0	0	0	0	0	0	0	0	0	0	0	0	0	0	0	0	0	0	0	0	0	0	0	0	0	0	0	0	0	0	0	0	0	0	0	0	0	0	0	0	0	0	34	0	0	0	0	0	0	0	0	0	0	0	3	0	0	0	0	0	0	0	0	0	0	0	0	1	0	0	0	0	0	0	0	0	0	0	0	0	0	0	0	0	0	0	0	0	0	0	0	0	0	0	0	0	0	0	0	0	0	0	0	0	0	0	0	0	0	0	0	0	0	39	0	0	0	0	0	0	0	0	0	0	0	0	0	0	0	0	0	0	0	0	0	0	0	0	0	0	0	0	0	0	0	0	0	0	0	0	0	0	0	0	0	0	0	0	0	0	0	0	0	0	0	0	0	0	0	0	0	0	0	0	0	0	0	0	0	0	0	0	0	0	0	0	0	0	0	0	0	0	0	0	0	0	0	0	0	0	0	0	0	0	0	0	0	0	0	0	0	0	0	0	0	0	0	0	0	0	0	0	32	0	0	0	1	0	0	0	0	0	0	0	0	0	0	0	0	0	0	0	0	0	0	0	0	0	0	0	0	0	0	0	0	0	0	0	0	0	0	0	0	0	0	0	0	0	0	0	0	0	0	0	0	0	0	0	0	0	0	0	0	0	0	0	0	0	0	0	0	0	0	0	0	0	0	196	40	8	63	28	153	71	97	218	45	134	85	153	108	41	148	123	95	28	5	157	69	73	71	225	219	42	61	63	146	60	246	179	99	204	49	203	143	65	35	86	148	73	107	162	126	158	45	43	97	210	106	46	17	208	26	128	194	45	279	70	62	337	83	84	80	227	165	51	54	207	119	164	166	38	77	140	117	162	71	41	50	38	9	106	77	100	0	77	102	40	94	201	78	184	86	69	279	163	167	176	390	93	159	77	76	126	139	48	166	143	214	56	63	50	63	371	66	96	155	82	112	18	15	84	43	102	89	101	216	45	80	17	160	93	106	46	68	114	24	15	112	65	98	48	31	132	59	183	128	242	141	92	61	6	56	23	96	153	103	296	6	58	133	31	85	57	116	169	24	158	60	180	93	143	147	67	79	30	60	50	31	21	151	336	161	136	214	241	100	36	39	197	50	101	102	56	30	38	142	82	63	113	195	96	74	127	122	47	78	46	31	34	56	33	52	28	135	128	77	222	57	35	29	46	158	20	127	10	37	43	202	180	125	146	216	80	60	163	245	52	179	47	138	148	175	31	156	0	113	180	127	109	126	151	37	53	93	32	104	120	41	119	23	46	133	124	65	73	320	102	20	178	99	29	72	47	74	61	227	21	32	43	91	101	69	116	75	47	136	107	64	233	39	94	65	83	66	98	46	31	133	85	85	43	50	31	126	133	76	90	153	107	118	192	173	113	58	42	8	73	122	77	169	78	46	203	63	34	169	62	98	37	28	109	17	79	12	121	72	212	51	171	55	86	131	256	26	103	268	47	123	278	205	4	302	48	215	32	40	24	63	5	50	238	29	106	55	47	126	77	39	25	205	123	117	111	303	10	95	153	70	64	258	79	87	43	148	126	73	29	126	52	164	96	23	35	110	170	92	66	105	184	71	25	65	56	15	87	123	57	83	75	168	105	318	59	73	111	15	0	108	385	72	40	49	30	66	17	148	98	72	152	51	62	180	23	75	25	101	87	7	0	125	37	118	142	65	126	33	290	22	120	54	26	60	88	75	97	43	48	0	86	53	61	102	50	87	158	111	173	115	32	161	108	32	101	73	42	122	172	306	195	36	113	90	100	24	385	166	42	255	64	27	105	242	84	118	13	190
39	0	0	0	0	0	0	0	0	0	0	0	0	0	0	0	0	0	0	0	0	0	0	0	0	0	0	0	0	0	0	0	0	0	0	0	0	0	0	0	0	0	0	0	0	0	0	0	0	0	0	0	0	0	0	0	0	0	0	0	0	0	0	0	0	0	0	0	0	0	0	0	0	0	0	0	0	0	0	0	0	0	0	0	0	0	0	0	0	0	0	0	0	0	0	0	0	0	0	0	0	0	0	0	0	0	0	0	0	0	0	0	0	0	0	0	0	0	0	0	0	0	0	0	0	0	0	0	0	0	0	0	0	0	0	0	0	0	0	0	0	0	0	0	0	1	0	0	0	0	0	0	0	0	0	0	0	0	0	0	0	0	0	1	0	0	0	0	0	0	0	0	0	0	0	0	0	0	0	0	0	0	0	0	0	0	0	0	0	0	0	0	0	0	0	0	0	0	0	0	0	0	0	0	0	0	0	0	0	0	0	0	0	0	0	0	0	0	0	0	0	0	0	0	0	0	0	0	0	0	0	0	0	0	0	0	0	0	0	0	0	0	0	0	0	0	0	0	0	0	0	0	0	0	0	0	0	0	0	0	0	0	0	0	0	0	4	0	0	0	0	0	0	0	0	0	0	0	0	0	0	0	0	0	0	0	0	0	0	0	0	0	0	0	0	0	0	0	0	0	0	0	0	0	0	0	0	0	0	0	0	24	0	0	0	0	0	0	0	0	0	0	0	0	0	0	0	0	0	0	0	4	0	0	0	0	0	0	0	0	0	0	0	0	0	0	0	0	0	0	0	0	0	0	0	0	0	0	0	0	0	0	0	0	0	0	0	0	0	0	0	0	0	0	0	0	0	0	0	0	0	0	0	0	0	0	0	0	0	0	0	0	0	0	0	0	0	0	0	0	0	0	0	0	0	0	0	0	0	0	0	0	0	0	0	0	0	0	0	0	0	0	0	0	0	0	0	0	0	0	0	0	0	0	0	0	0	0	0	0	0	0	0	0	0	0	0	0	0	0	0	0	0	0	0	0	0	0	0	0	0	0	0	0	0	0	0	0	0	0	0	0	0	0	0	0	0	0	0	0	0	0	0	0	0	0	0	0	0	0	0	0	0	0	0	0	0	0	0	0	0	89	57	31	44	159	47	179	128	127	24	24	108	224	61	43	154	39	6	293	59	75	27	59	52	110	115	19	197	199	33	125	251	13	57	85	132	168	20	65	165	165	60	107	269	195	87	62	107	137	44	69	114	40	65	84	101	90	235	111	139	20	119	193	188	70	223	25	99	40	101	27	25	167	96	157	71	56	34	100	255	86	124	74	45	184	23	64	0	143	58	43	39	411	114	67	82	0	144	334	58	126	80	68	125	29	90	119	13	105	99	20	195	239	37	66	50	82	113	118	231	161	231	136	53	35	101	36	75	97	58	390	127	44	142	24	152	192	22	23	150	92	65	168	104	92	151	100	104	18	39	20	36	140	110	242	57	89	37	167	91	180	228	65	38	35	57	185	55	52	48	13	46	72	37	23	67	53	166	114	33	124	126	214	68	6	143	29	133	9	223	107	107	95	214	68	152	60	104	49	101	180	17	117	171	111	37	20	112	41	224	50	34	79	150	176	117	39	106	56	94	157	82	94	38	87	52	93	71	66	161	15	40	40	19	44	78	181	74	80	131	9	233	43	123	153	52	31	49	0	150	59	146	214	38	104	78	141	198	74	27	111	174	164	244	30	41	113	24	59	63	151	173	36	61	32	81	166	131	74	218	96	39	61	148	135	68	137	237	314	290	58	28	89	180	80	107	163	48	113	112	60	30	10	84	63	38	15	48	157	62	15	242	271	18	93	139	60	185	23	12	145	63	94	70	46	70	144	89	48	264	154	25	416	39	50	33	138	141	105	129	77	63	141	110	55	78	53	21	77	97	75	206	17	74	67	110	104	65	106	86	282	220	32	32	80	60	67	47	49	93	51	38	20	48	74	205	44	110	158	140	25	39	59	22	31	287	129	96	50	131	266	19	102	46	36	35	109	160	262	109	63	85	204	63	130	55	70	74	55	105	38	92	98	130	256	347	29	118	38	94	0	83	78	102	63	12	38	142	0	97	208	85	76	75	29	30	108	30	127	114	70	171	0	95	40	52	39	71	217	181	64	267	61	150	203	204	51	141	320	166	16	0	65	162	95	11	102	109	110	43	266	76	33	154	136	106	84	43	115	77	100	113	214	80	20	165	136	47	90	154	135	57	85	10	22	162	258	112	67	125
40	0	0	0	0	0	0	0	0	0	0	0	0	0	0	0	0	0	0	0	0	0	0	0	0	0	0	0	0	0	0	0	0	0	0	0	0	0	0	0	0	0	0	0	0	0	0	0	0	0	0	0	0	0	0	0	0	0	0	0	0	0	0	0	0	0	0	0	0	0	0	0	0	0	0	0	0	0	0	0	0	0	0	0	0	0	0	0	0	0	0	0	0	0	0	0	0	0	0	0	0	0	0	0	0	0	0	0	0	0	0	0	0	0	0	0	0	0	0	0	0	0	0	0	0	6	0	0	0	0	0	0	0	0	0	0	0	0	0	0	0	0	0	0	0	0	0	0	0	0	0	0	0	0	0	0	0	0	0	0	0	0	0	0	0	0	0	0	0	0	0	0	0	0	0	0	0	0	0	0	0	0	0	0	0	0	0	0	0	0	0	0	0	0	0	0	0	0	0	0	0	0	0	0	0	0	0	0	0	0	0	0	0	0	0	0	0	0	0	0	0	0	0	0	0	0	0	0	0	0	0	0	0	0	0	0	0	0	0	0	0	0	0	0	0	0	0	0	0	0	0	0	0	0	0	0	0	0	0	0	0	0	0	0	0	0	0	0	0	0	0	0	0	0	0	0	0	0	0	0	0	0	0	0	0	0	0	0	0	0	0	0	0	0	0	0	0	0	0	0	0	0	0	0	0	0	0	0	0	0	0	0	0	0	0	0	0	0	0	0	0	0	0	0	0	49	0	0	0	0	0	0	0	0	0	0	0	0	0	0	0	0	0	0	0	0	0	0	0	0	0	0	0	0	0	0	0	0	0	0	4	0	0	0	0	0	0	0	0	0	0	0	0	0	0	0	0	0	0	0	0	0	0	0	0	0	0	0	0	0	0	0	0	0	0	0	0	0	0	0	0	0	0	0	0	0	0	0	0	0	0	0	0	0	0	0	0	0	0	0	0	0	0	0	0	0	0	0	0	0	0	0	0	0	0	0	0	0	0	0	0	0	0	0	0	0	0	0	0	0	0	0	0	0	0	0	0	0	0	0	0	0	0	0	0	0	0	0	0	0	0	0	0	0	0	0	0	0	0	0	0	0	0	0	0	0	0	0	0	0	0	0	0	0	0	0	0	0	0	0	0	65	17	66	90	47	270	180	115	127	135	133	68	73	81	14	58	158	57	24	110	102	19	24	40	43	25	153	41	18	112	67	186	164	92	40	60	27	212	197	111	76	61	18	317	189	114	337	199	84	24	224	186	180	329	81	37	179	6	175	68	108	30	8	33	70	221	158	5	63	72	166	62	167	118	68	47	52	89	114	146	145	104	171	135	110	94	96	0	27	184	5	99	123	18	72	83	0	16	117	191	52	70	226	85	48	54	126	32	155	87	51	25	170	156	52	46	112	158	115	303	75	30	201	60	67	199	40	131	51	58	53	102	39	136	34	52	19	54	51	55	283	46	52	30	72	55	102	82	119	143	201	73	184	171	24	143	43	46	53	80	86	23	44	28	26	31	66	203	127	108	106	48	67	123	148	155	78	135	64	90	116	181	78	21	103	38	97	89	0	11	158	71	52	62	212	42	17	18	223	92	172	108	207	55	74	95	27	43	100	213	87	54	142	193	110	170	110	59	98	72	154	32	40	67	70	59	54	22	82	191	112	64	58	14	266	85	118	52	159	69	30	171	59	106	43	140	120	110	0	103	202	152	70	21	29	28	108	208	59	8	94	76	97	64	71	84	59	39	58	14	127	118	109	153	179	47	221	283	56	121	181	55	103	67	25	26	81	51	67	107	226	83	135	83	234	117	56	183	123	14	128	187	22	8	100	0	96	116	151	19	169	17	98	40	52	129	170	98	62	145	90	61	114	250	110	59	232	75	124	74	4	43	115	13	189	21	225	62	96	45	46	59	87	71	229	75	120	49	94	231	77	12	122	6	110	89	65	142	4	367	86	94	79	34	97	134	63	138	25	19	124	51	143	122	75	14	23	258	53	126	55	125	25	99	104	214	173	120	34	48	60	209	305	110	69	109	214	40	86	35	32	157	22	174	37	71	98	81	83	139	188	268	44	74	36	58	196	169	85	116	0	63	62	89	23	57	17	43	22	102	165	340	172	97	95	27	92	96	70	16	71	51	0	12	137	58	158	125	42	33	24	64	42	93	241	222	35	78	16	60	27	0	219	106	84	106	149	51	137	84	45	53	121	39	42	61	62	51	101	167	39	90	134	218	16	49	194	78	27	202	84	32	12	125	34	7	237	285	61	119
41	0	0	0	0	0	0	0	0	0	0	0	0	0	0	0	0	0	0	0	0	0	0	0	0	0	0	0	0	0	0	0	0	0	0	0	0	0	0	0	20	0	0	0	0	0	0	0	0	0	0	0	0	0	0	0	0	0	0	0	0	0	0	0	0	0	0	0	0	0	0	0	0	0	0	0	0	0	0	0	0	0	0	0	0	0	0	0	0	0	0	0	0	0	0	0	0	0	0	0	0	0	0	0	0	0	0	0	0	0	0	0	0	0	0	0	0	0	0	0	0	0	0	0	0	0	0	0	0	0	0	0	0	0	0	0	0	0	0	0	0	0	0	0	0	0	0	0	0	0	0	0	0	0	0	0	0	0	0	0	0	0	0	0	0	0	0	0	0	0	0	0	0	0	0	0	0	0	0	0	0	0	0	0	0	0	0	0	0	0	0	0	0	0	0	0	0	0	0	0	0	0	0	0	0	0	0	0	0	0	0	0	0	0	0	0	0	2	0	0	0	0	0	0	0	0	0	0	0	0	0	0	0	0	0	0	0	0	0	0	0	0	0	8	0	0	0	0	0	0	0	0	0	0	0	0	0	0	0	0	0	0	0	0	20	0	0	0	0	0	0	0	0	0	0	0	0	0	0	0	0	0	0	0	0	0	0	0	0	0	0	0	0	0	0	0	0	0	0	0	0	0	0	0	0	0	0	0	0	0	0	0	0	0	0	0	0	0	0	0	0	0	0	0	0	0	0	0	0	0	0	0	0	0	0	0	0	0	0	0	0	0	0	0	0	0	0	0	0	0	0	0	0	0	0	0	0	0	0	0	0	0	0	0	0	0	0	0	0	0	0	0	0	0	0	0	0	0	0	0	0	0	0	0	0	0	0	0	0	0	0	0	0	0	0	0	0	0	0	0	0	0	50	0	0	0	0	0	0	0	0	0	0	0	0	0	0	0	0	0	0	0	0	0	0	0	0	11	0	0	0	0	0	0	0	0	0	0	0	17	0	0	0	0	0	0	0	0	0	0	0	0	0	0	0	0	0	0	0	0	0	0	0	0	0	0	0	0	0	0	0	0	0	0	0	0	0	0	0	0	0	0	0	0	0	0	0	0	0	0	0	0	0	0	0	0	0	0	0	0	0	142	141	81	108	203	142	98	76	106	27	63	64	162	65	54	96	10	139	247	180	235	256	70	135	48	121	149	15	31	168	117	133	73	58	67	54	40	142	26	27	45	47	35	91	65	154	96	90	193	236	131	178	14	40	88	282	83	173	10	133	77	33	82	27	78	22	202	78	240	10	148	180	55	158	316	52	164	109	50	68	108	17	45	107	103	85	117	0	15	85	37	119	32	27	243	40	0	61	206	65	127	133	9	47	15	103	25	40	27	184	59	148	180	243	157	114	215	84	31	37	121	76	281	167	156	28	191	34	7	103	59	84	210	63	129	122	122	81	140	19	117	44	239	135	70	140	7	100	103	19	42	65	121	200	43	102	91	187	256	123	35	61	88	129	127	91	47	13	151	130	90	172	60	51	201	110	60	63	115	102	2	72	24	149	214	168	62	170	32	97	109	152	28	100	23	113	90	150	71	28	34	49	123	82	130	46	88	57	159	139	147	87	59	106	39	70	150	5	104	18	76	185	159	137	50	26	71	98	85	54	116	89	85	282	117	307	11	64	212	95	96	47	115	38	80	33	8	120	0	16	40	84	82	27	36	78	83	86	58	27	277	147	163	44	61	49	124	60	17	48	162	49	252	131	35	45	121	31	47	64	24	88	81	226	81	61	309	35	189	98	104	54	9	128	101	129	66	129	109	76	224	74	46	191	110	60	144	85	42	147	117	76	70	27	81	373	157	65	67	44	58	46	22	31	170	70	69	103	132	10	151	131	33	17	66	20	124	29	84	124	155	141	26	40	64	13	102	10	168	148	60	105	24	36	178	129	52	57	87	48	19	134	108	51	413	107	141	187	20	248	48	72	105	59	173	37	67	34	46	85	243	107	101	145	236	27	94	175	79	80	36	236	205	156	61	42	252	73	79	103	56	157	92	69	239	193	30	36	87	177	184	103	43	148	63	119	78	136	138	51	0	74	142	41	32	302	108	137	85	142	34	109	52	87	30	41	20	53	38	46	121	187	0	9	95	72	171	95	280	199	120	32	2	71	146	20	91	15	45	68	280	0	169	65	26	131	143	242	121	45	114	56	112	100	78	143	315	88	18	10	21	128	98	49	25	83	42	85	22	205	135	16	150	11	100	103	93	58	75	130
42	0	0	0	0	0	0	0	0	0	0	0	0	0	0	0	0	0	0	0	0	0	0	0	0	0	0	0	0	0	0	0	0	0	0	0	0	0	0	0	0	0	0	0	0	0	0	0	0	0	0	0	0	0	0	0	0	0	0	0	0	0	0	0	0	0	0	0	0	0	0	0	0	0	0	0	0	0	0	0	0	0	0	0	0	0	0	0	0	0	0	0	0	0	0	0	0	0	0	0	0	0	0	0	0	0	0	0	0	0	0	0	0	0	0	0	0	0	0	0	0	0	0	0	0	0	0	0	0	0	0	0	0	0	0	0	0	0	0	0	0	0	0	0	0	0	0	0	0	0	0	0	0	0	0	0	0	0	0	0	0	0	0	0	0	0	0	0	0	0	0	0	0	0	0	0	0	0	0	0	0	0	0	0	0	0	0	0	92	0	0	0	0	0	0	0	0	0	0	0	0	0	0	0	0	0	0	0	0	0	0	0	0	0	0	0	0	0	0	0	0	0	0	0	0	0	0	0	0	6	0	0	0	0	0	0	0	0	0	0	0	0	0	0	0	0	0	0	0	0	0	0	0	0	0	0	0	0	0	0	0	0	0	0	0	0	0	0	0	0	0	0	0	0	0	0	0	0	0	0	0	0	0	0	0	0	0	0	0	0	0	0	0	0	0	0	0	0	0	0	0	0	0	0	0	0	0	0	0	0	0	0	0	0	0	0	0	0	0	0	0	0	0	0	0	0	0	0	0	0	0	0	0	0	0	0	0	0	0	0	0	0	0	0	0	0	0	0	0	0	0	0	0	0	0	0	0	0	0	0	0	0	0	0	0	0	0	0	0	0	0	0	0	0	0	0	0	0	0	0	0	0	0	0	0	0	0	0	0	0	0	0	0	0	0	0	0	0	0	0	0	0	0	0	0	0	0	0	0	0	0	0	0	0	0	0	0	0	0	0	0	0	0	0	0	0	0	0	0	0	0	0	0	0	0	0	0	0	0	0	0	0	0	0	0	0	0	0	0	0	6	0	0	0	0	0	0	0	0	0	0	0	0	0	0	0	0	0	0	1	0	0	0	0	0	0	0	0	0	0	0	0	0	0	0	0	0	0	0	0	0	0	0	0	0	0	0	0	0	0	0	132	38	156	21	55	20	34	131	177	81	101	100	344	108	113	173	92	69	131	51	73	62	6	23	133	137	155	354	41	82	106	2	107	190	71	61	81	37	108	86	39	75	43	67	169	134	208	266	68	29	89	10	44	142	78	111	60	94	53	145	44	128	35	47	61	97	16	146	44	49	146	76	143	54	122	71	89	191	164	69	173	125	61	115	165	133	79	0	12	146	142	47	166	123	99	278	135	25	26	193	33	99	112	139	81	206	55	65	121	90	164	42	60	207	200	41	148	74	132	30	129	54	233	49	170	269	60	58	168	68	91	24	130	65	79	137	59	72	144	81	31	84	52	65	22	283	27	176	191	128	23	53	121	203	102	192	31	218	35	30	73	134	364	59	97	62	25	14	88	24	23	96	199	43	32	224	67	72	187	55	57	108	203	95	108	99	177	95	179	52	85	39	67	62	113	46	208	92	79	30	42	88	75	195	57	60	47	18	443	121	305	29	40	104	12	166	131	218	27	34	106	113	343	110	52	79	123	75	86	5	209	96	118	138	47	74	50	78	90	141	149	128	32	74	7	64	159	68	0	76	129	71	153	25	136	30	50	119	87	84	110	53	179	129	54	165	77	119	82	43	248	67	248	20	12	156	80	128	17	220	99	301	143	66	77	91	109	281	126	121	103	10	209	156	196	191	184	225	53	79	21	69	146	17	106	227	103	119	284	2	82	118	231	150	103	225	93	25	41	58	161	65	94	126	134	8	314	134	115	83	302	337	65	70	84	106	41	51	56	142	225	120	106	80	58	42	17	91	66	125	62	91	239	15	116	97	21	70	132	70	276	188	80	78	62	24	234	120	69	84	194	121	39	73	72	274	44	51	192	114	46	55	62	96	110	86	99	55	78	180	270	231	20	48	98	23	105	97	28	118	16	63	47	70	153	92	48	23	86	197	76	38	202	135	72	41	93	88	69	141	122	115	93	71	32	415	75	208	217	87	16	51	275	162	11	56	84	168	80	74	343	34	0	185	25	50	83	129	170	51	236	36	197	11	54	67	31	35	109	110	9	100	132	204	15	88	7	142	63	89	148	54	9	431	87	186	80	167	88	330	48	49	92	37	157	70	34	102	231	36	203	88	43	18	12	69	49	146	132	211
43	0	0	0	0	0	0	0	0	0	0	0	0	0	0	0	0	0	0	0	0	0	0	0	0	0	0	0	0	0	0	0	0	0	0	0	0	0	0	0	0	0	0	0	0	0	0	0	0	0	0	0	0	0	0	0	0	0	0	0	0	0	0	0	0	0	0	0	0	0	0	0	0	0	0	0	0	0	0	0	0	0	0	0	0	0	0	0	0	0	0	0	0	0	0	0	0	0	0	0	0	0	0	0	0	0	0	0	0	0	0	0	0	0	0	0	0	0	0	0	0	0	0	0	0	0	0	0	0	0	0	0	0	0	0	0	0	0	0	0	0	0	0	0	0	0	0	0	0	0	0	0	0	0	0	0	0	0	0	0	0	0	0	0	0	0	0	0	0	0	0	0	0	0	0	0	0	0	0	0	0	0	0	0	0	0	0	0	0	0	0	0	0	0	0	0	0	0	0	0	0	0	0	0	0	0	0	0	0	0	0	0	0	0	0	0	0	0	0	0	7	0	0	0	0	0	0	0	0	0	0	0	0	0	0	0	0	0	0	0	0	0	0	0	0	0	0	0	0	0	0	0	0	0	0	0	0	0	0	0	0	0	0	0	0	0	0	0	0	0	0	0	0	0	0	0	0	0	0	0	0	0	0	0	0	0	0	0	0	0	0	0	0	0	0	0	0	0	0	0	0	0	0	0	0	0	0	0	0	0	0	0	0	0	0	0	0	0	0	0	0	0	0	0	0	0	0	0	0	0	0	0	0	0	0	0	0	55	0	0	0	0	0	0	0	0	0	0	0	0	0	0	0	0	0	0	0	0	0	0	0	0	0	0	0	0	0	0	0	0	0	0	0	0	0	0	0	0	0	0	0	0	0	0	0	0	0	0	0	0	0	0	0	14	0	0	0	0	0	0	0	0	0	0	0	0	0	0	0	0	0	0	0	0	0	0	0	0	0	0	0	0	0	0	0	0	0	0	0	0	0	0	0	0	0	0	0	0	0	0	0	0	0	0	0	0	0	0	0	0	0	0	0	0	0	0	0	0	0	0	0	0	0	0	0	0	0	0	0	0	0	0	0	0	0	0	0	0	0	0	0	0	0	0	0	0	0	0	0	0	1	0	0	0	0	0	0	0	0	0	0	49	20	60	92	84	210	115	155	185	106	1	118	31	197	237	38	161	82	6	82	17	171	19	146	12	87	88	72	63	167	37	37	184	46	79	77	244	108	36	50	29	97	55	45	54	79	55	79	4	97	54	163	100	82	80	25	85	134	60	51	116	49	65	51	153	50	11	25	43	69	200	81	65	349	38	19	128	34	47	127	135	120	112	148	129	8	130	0	191	59	58	106	141	137	117	98	0	270	51	195	138	15	86	138	11	139	186	205	291	12	81	43	16	27	23	113	66	98	170	124	134	84	202	37	175	129	230	191	44	113	245	177	96	80	59	20	77	57	28	185	53	109	112	105	198	158	88	129	66	60	59	115	121	198	182	13	120	51	115	59	97	109	30	79	102	70	63	85	6	79	23	40	193	129	66	236	51	208	64	62	17	81	43	100	82	401	57	174	130	120	114	61	48	208	100	29	104	42	106	268	11	49	51	111	99	117	105	263	195	216	63	172	94	22	135	135	42	107	66	31	29	94	90	52	159	56	111	71	138	67	47	126	56	229	54	159	190	169	32	46	163	124	20	137	83	93	149	26	0	11	139	127	122	131	123	124	180	134	149	27	26	270	152	104	129	98	101	21	56	52	143	157	102	48	19	99	120	22	70	32	98	93	34	43	40	40	127	33	4	154	76	186	129	38	32	154	112	112	15	76	127	103	58	85	174	54	95	64	95	24	36	100	204	132	137	158	92	144	129	31	38	87	202	147	45	38	28	46	57	131	132	171	137	189	25	217	73	88	135	61	80	256	36	127	91	116	69	206	354	126	91	143	64	34	252	192	69	63	97	24	75	138	106	39	71	115	108	117	61	40	96	319	31	53	53	161	43	80	241	123	21	45	32	232	44	69	101	77	98	42	108	47	38	238	36	182	30	199	92	90	263	128	38	182	52	28	121	99	41	131	170	88	109	139	119	86	35	76	288	122	0	33	88	66	109	87	106	87	85	86	39	22	123	102	53	99	108	198	75	120	156	169	0	70	76	73	59	92	67	162	74	213	40	97	146	15	199	505	28	51	139	0	23	48	217	61	121	156	207	155	54	38	65	88	7	32	242	214	28	31	23	153	87	101	134	63	60	78	26	53	129	116	84	221	20	57	74	59	163	67
44	0	0	0	0	0	0	0	0	0	0	0	0	0	0	0	0	0	0	0	0	0	0	0	0	0	0	0	0	0	0	0	0	0	0	0	0	0	0	0	0	0	0	0	0	0	0	0	0	0	0	0	0	0	0	0	0	0	0	0	0	0	0	0	0	0	0	0	0	0	0	0	0	0	0	0	0	0	0	0	0	0	0	0	0	0	0	0	0	0	0	0	0	0	0	0	0	0	0	0	0	0	0	0	0	0	0	0	0	0	0	0	0	0	0	0	0	0	0	0	0	0	0	0	0	0	0	0	0	0	0	0	0	0	0	0	0	0	0	0	0	0	0	0	0	0	0	0	0	0	0	0	0	0	0	0	0	0	0	0	0	0	0	0	0	0	0	0	0	0	0	0	0	0	0	0	0	0	0	0	0	0	0	0	0	0	0	0	0	0	0	0	0	0	0	0	0	0	0	0	0	0	0	0	0	0	0	0	0	0	0	0	0	0	0	0	0	0	0	0	0	0	0	0	0	0	0	0	0	0	0	0	0	0	3	0	0	0	0	0	0	0	0	0	0	0	0	0	0	0	0	0	0	0	0	0	0	0	0	0	0	0	0	0	0	0	0	0	0	0	0	0	0	0	0	0	0	0	0	0	0	0	0	0	0	0	0	0	0	0	0	0	0	0	0	0	0	0	0	0	0	0	0	0	0	0	0	0	0	0	0	0	0	0	0	0	0	0	0	0	0	0	0	0	0	0	0	0	0	0	0	0	0	0	0	0	0	0	0	0	0	0	0	0	0	0	0	0	0	0	0	34	0	0	0	0	0	7	0	0	0	0	0	0	0	0	0	0	0	0	0	0	0	0	0	0	0	0	0	0	0	0	0	0	0	0	0	0	0	0	0	0	0	0	0	0	0	0	0	0	0	0	0	0	0	0	0	0	0	0	0	0	0	0	7	0	0	0	0	0	0	0	0	0	0	0	0	0	0	0	0	0	0	0	0	0	0	0	0	0	0	0	0	0	0	0	0	0	0	0	0	0	0	0	0	0	0	0	54	0	0	0	0	0	0	0	0	0	0	0	0	0	0	0	0	0	0	0	0	0	0	0	0	0	0	0	0	0	0	0	0	0	0	0	0	0	0	0	0	0	0	106	11	3	312	301	20	27	231	287	238	101	28	138	77	165	30	21	90	99	47	282	97	92	93	52	98	91	102	39	56	175	100	226	116	156	108	65	61	105	283	42	42	19	122	103	46	125	64	17	29	60	173	149	62	185	131	18	64	33	178	49	87	203	62	231	159	59	41	93	24	160	255	53	41	42	78	85	139	72	50	61	16	97	96	134	123	285	0	18	18	91	219	88	25	43	12	0	71	44	64	61	169	71	211	171	112	44	78	82	128	159	24	474	19	137	154	36	92	9	140	155	174	55	153	76	100	32	109	11	30	15	22	94	139	25	19	69	118	268	92	144	71	100	214	62	25	40	45	112	61	31	104	94	26	109	12	105	2	171	63	33	63	131	66	56	27	149	22	91	183	108	288	354	36	33	49	204	34	141	15	47	41	87	137	47	75	99	205	256	226	16	117	33	83	66	97	49	109	71	62	37	202	102	115	54	50	68	157	151	40	27	131	82	78	85	80	60	89	101	269	57	149	164	22	136	71	70	72	233	202	73	38	338	31	43	79	158	73	80	138	11	190	35	102	121	58	60	32	0	37	44	110	96	226	137	100	52	109	174	39	64	80	141	46	118	75	97	128	203	48	32	107	140	36	80	23	99	187	54	79	28	100	147	42	122	75	37	33	133	85	76	11	24	44	69	67	118	158	58	28	122	193	104	119	146	26	116	248	36	45	88	9	56	125	197	191	65	23	115	125	250	163	119	72	56	145	107	209	135	44	198	113	117	127	128	132	280	32	82	39	95	59	80	16	86	54	92	18	41	59	62	49	39	11	70	105	52	26	101	9	48	143	81	73	154	18	165	202	114	29	110	155	54	75	108	55	30	53	26	58	92	60	98	46	115	59	49	54	95	234	22	167	83	47	94	218	67	317	257	94	32	96	344	14	25	85	152	160	95	11	147	18	60	73	37	119	212	122	143	40	0	48	75	211	119	146	260	440	49	35	90	50	63	238	135	123	380	79	11	61	20	224	0	198	35	207	242	374	241	114	334	101	63	26	362	102	52	111	90	100	15	0	115	71	18	97	108	72	111	80	75	128	76	181	52	94	73	389	42	87	147	87	70	242	94	385	164	68	47	89	111	116	84	140	144	187	131	116	25	76
45	0	0	0	0	0	0	0	0	0	0	0	0	0	0	0	0	0	0	0	0	0	0	0	0	0	0	0	0	0	0	0	0	0	0	0	0	0	0	0	0	0	0	0	0	0	0	0	0	0	0	0	0	0	0	0	0	0	0	0	0	0	0	0	0	0	0	0	0	0	0	0	0	0	0	0	0	0	0	0	0	0	0	0	0	0	0	0	0	0	0	0	0	0	0	0	0	0	0	0	0	0	0	0	0	0	0	0	0	0	0	0	0	0	0	0	0	0	0	0	0	0	0	0	0	0	0	0	0	0	0	0	0	0	0	0	0	0	0	0	0	0	0	0	0	0	0	0	0	0	0	0	0	0	0	0	0	0	0	2	0	0	0	0	0	0	0	0	0	0	0	0	0	0	0	0	0	0	0	0	0	0	0	0	0	0	0	0	0	0	0	0	0	0	0	0	0	0	0	0	0	0	0	0	0	0	0	0	0	0	0	0	0	0	0	0	0	0	0	0	0	0	0	0	0	0	0	0	0	0	0	0	0	0	0	0	0	0	0	0	0	0	0	0	0	0	0	0	0	0	0	0	0	0	0	0	0	0	0	0	0	0	0	0	0	0	0	0	0	0	0	0	0	0	0	0	0	0	0	0	0	0	0	0	0	0	0	0	0	0	0	0	0	0	0	0	0	0	0	0	0	0	0	0	0	0	0	0	0	0	0	0	0	0	0	0	0	3	0	0	0	0	0	0	0	0	0	5	0	0	0	0	0	0	0	0	0	0	0	0	0	0	0	0	0	0	0	0	0	0	0	0	0	0	0	0	0	0	0	0	0	0	0	14	0	0	0	0	0	0	0	0	0	0	0	0	0	0	0	0	0	0	0	0	0	0	0	0	0	0	0	0	0	0	0	0	0	0	0	0	0	0	0	0	0	0	0	0	0	0	0	0	0	0	0	0	0	0	0	10	0	0	0	0	0	0	0	0	0	0	0	0	0	0	0	0	0	0	0	0	0	0	0	0	0	0	0	0	0	1	0	0	0	0	0	0	0	0	0	0	0	0	0	0	0	0	0	0	0	0	0	0	0	0	0	0	0	0	0	0	0	0	0	0	0	0	0	0	0	0	0	0	0	0	0	0	0	0	0	0	0	41	48	102	341	73	92	19	133	115	78	155	83	47	68	257	201	82	6	40	58	69	114	29	106	144	208	98	81	271	499	70	58	8	110	43	114	56	74	112	116	48	60	95	126	35	227	38	148	158	216	78	137	80	173	191	157	22	19	113	125	90	68	147	96	56	118	215	68	66	59	56	118	126	45	99	247	41	57	384	41	180	261	112	20	68	53	32	0	116	115	86	35	90	30	110	17	0	53	186	60	84	41	17	8	34	159	82	44	174	274	51	105	62	205	47	110	245	52	49	65	34	52	47	61	160	14	16	163	82	12	12	47	5	56	41	106	56	202	172	57	167	41	99	56	116	110	15	92	297	52	112	53	50	58	121	18	267	57	46	58	189	55	58	69	56	215	60	71	385	177	50	44	66	11	82	143	74	23	61	58	184	52	139	162	120	280	81	7	58	93	147	33	254	126	159	11	137	94	61	13	100	30	25	95	52	55	38	31	98	50	11	36	138	59	163	165	198	108	105	71	116	81	44	165	58	118	107	157	135	52	32	73	16	38	71	9	137	66	225	151	72	151	64	57	77	246	209	17	0	68	79	55	44	285	85	57	159	162	56	84	76	193	71	346	102	15	49	44	119	86	72	121	64	42	60	142	44	43	153	106	196	59	70	107	48	339	44	131	129	21	75	18	31	74	46	182	243	94	120	185	49	76	93	191	202	17	37	61	72	165	223	26	33	25	57	114	74	44	64	54	93	116	82	112	21	45	24	69	212	37	195	114	102	31	80	51	79	133	132	91	397	30	122	104	43	52	109	27	139	96	6	46	73	120	12	81	80	12	18	37	152	47	48	59	53	52	127	27	117	181	136	166	153	97	92	157	48	43	149	117	165	182	104	67	122	37	110	57	63	109	84	125	50	32	98	90	60	57	64	22	150	86	59	50	37	61	26	180	142	62	81	166	53	51	7	37	12	101	67	69	0	24	46	162	26	144	136	39	25	186	99	86	95	215	112	65	35	50	190	68	49	47	0	167	301	45	33	69	64	320	47	83	180	26	165	70	156	82	49	85	50	245	84	76	21	155	165	171	60	62	20	195	100	103	120	180	36	98	151	68	79	43	44	240	77	121	108	141	55	24	25	56	129	165	129	59	76	62	26	41
46	0	0	0	0	0	0	0	0	0	0	0	0	0	0	0	0	0	0	0	0	0	0	0	0	0	0	0	0	0	0	0	0	0	0	0	0	0	0	0	0	0	0	0	0	0	0	0	0	0	0	0	0	0	0	0	0	0	0	0	0	0	0	0	0	0	0	0	0	0	0	0	0	0	0	0	0	0	0	0	0	0	0	0	0	0	0	0	0	0	0	0	0	0	0	0	0	0	0	0	0	0	0	0	0	0	0	0	0	0	0	0	0	0	0	0	3	0	0	0	0	0	0	0	0	0	0	0	0	0	0	0	0	0	0	0	0	0	0	0	0	0	0	0	0	0	0	0	0	0	0	0	0	0	0	0	0	0	0	0	0	0	0	0	0	0	0	0	0	0	0	0	0	0	0	0	0	0	0	0	0	0	0	0	0	0	0	0	0	0	0	0	0	0	0	0	0	0	0	0	0	0	0	0	0	0	0	0	0	0	0	0	0	0	0	0	0	0	0	0	0	0	0	0	0	0	0	0	0	0	0	0	0	0	0	0	0	0	0	0	0	0	0	0	0	0	0	0	0	0	0	0	0	0	0	0	0	0	0	0	0	0	0	0	0	0	0	0	0	0	0	0	0	0	0	0	0	0	0	0	0	0	0	0	0	0	0	0	0	0	0	0	0	0	0	0	0	0	0	0	0	0	0	0	0	0	0	0	0	0	0	0	0	0	0	0	0	0	0	0	0	0	0	0	0	0	0	0	0	0	0	0	0	0	0	0	0	0	0	0	0	0	0	0	0	0	0	0	0	0	0	0	0	0	0	0	0	0	0	0	0	0	0	5	0	0	0	0	0	0	0	0	0	0	0	0	0	0	0	0	0	0	0	0	0	0	0	0	0	0	0	0	0	0	0	0	0	0	0	0	0	0	0	0	0	0	0	0	0	0	0	0	0	0	0	0	0	0	0	0	0	0	0	0	0	0	0	0	0	0	0	0	0	0	0	0	0	0	0	0	0	0	0	0	0	0	0	0	0	0	0	0	0	0	0	0	0	0	0	0	0	0	0	0	0	0	0	0	0	0	0	0	0	0	0	0	0	0	0	0	0	0	0	0	0	0	0	0	0	0	0	0	0	0	0	0	0	0	0	0	0	60	156	45	34	79	126	49	53	64	63	156	112	33	103	88	165	36	99	73	50	129	302	107	13	251	104	97	204	30	164	60	127	77	88	67	181	26	274	30	13	82	92	160	151	91	47	254	67	129	29	31	136	164	192	4	42	254	43	66	39	147	16	2	217	43	101	81	112	93	87	33	68	25	136	66	74	42	126	3	432	38	182	90	23	103	44	79	0	123	12	49	54	128	125	247	41	0	155	81	101	198	72	75	18	43	120	122	113	143	419	143	69	215	60	52	112	41	30	13	131	98	163	145	66	31	71	68	10	235	101	37	50	15	182	28	191	109	179	83	67	56	91	166	81	37	140	31	91	118	304	31	18	117	44	177	127	33	176	64	103	59	156	264	57	52	225	75	199	133	82	178	29	165	113	43	152	37	25	18	88	138	119	44	41	27	178	139	105	98	143	60	17	51	78	23	68	26	27	48	94	27	77	78	46	139	65	19	142	201	18	41	16	50	30	94	70	137	82	95	59	50	118	194	22	23	178	114	73	58	61	64	125	48	78	143	62	40	179	65	93	214	50	92	121	105	97	124	116	0	92	167	25	39	33	200	87	62	92	186	27	57	30	238	81	201	14	80	129	256	83	111	80	159	46	158	291	124	242	111	264	272	89	52	124	23	71	56	44	91	150	198	11	57	202	229	157	161	129	144	61	128	190	10	170	47	60	87	52	9	71	134	177	169	224	91	60	293	99	97	54	154	83	106	29	28	176	269	134	144	51	54	141	65	59	50	171	189	79	40	187	20	76	93	134	45	81	155	61	237	375	145	7	75	5	42	81	188	97	10	129	95	131	262	226	240	65	117	122	47	26	107	87	18	15	95	69	18	124	51	36	104	310	114	111	121	68	46	32	34	95	52	157	90	27	98	92	180	136	99	86	14	217	77	76	84	164	101	25	103	128	73	127	76	260	54	43	98	91	95	100	0	121	101	50	93	183	71	125	32	50	33	176	252	40	79	176	57	19	143	17	70	51	0	37	365	67	149	15	67	81	18	119	113	86	113	25	55	38	72	69	39	0	73	111	52	124	105	27	30	78	35	69	5	62	97	79	49	51	110	122	34	14	34	47	57	143	146	125	97	33	84	129	65	31	27	85	75	61	19	101
47	0	0	0	0	0	29	0	0	0	0	0	0	0	0	0	0	0	0	0	0	0	0	0	0	0	0	0	0	0	0	0	0	0	0	0	0	0	0	0	0	0	0	0	0	0	0	0	0	0	0	0	0	0	0	0	0	0	0	0	0	0	0	0	0	0	0	0	0	0	0	0	0	0	0	0	0	0	0	0	0	0	0	0	0	0	0	0	0	0	0	0	0	0	0	0	0	0	0	0	0	0	0	0	0	0	0	0	0	0	0	0	0	0	0	0	0	0	0	0	0	0	0	0	0	0	0	0	0	0	0	0	0	0	0	0	0	0	4	0	0	0	0	0	0	0	0	0	0	0	0	0	0	0	0	0	0	0	0	0	0	0	0	0	0	0	0	0	0	0	0	0	0	0	0	0	0	0	0	0	0	0	0	0	0	0	0	0	0	0	0	0	0	0	0	0	0	0	0	0	0	0	0	0	0	0	0	0	0	0	0	0	0	0	0	0	0	0	0	0	0	0	0	0	0	0	0	0	0	0	0	0	0	0	0	0	0	0	0	0	0	0	0	0	0	0	0	0	0	0	9	0	0	0	0	0	0	0	0	0	0	0	0	0	0	0	0	0	0	0	0	0	0	0	0	0	0	0	0	0	0	0	0	0	0	0	0	0	0	0	0	0	0	0	0	0	0	0	0	0	0	0	0	0	0	0	0	0	0	0	0	0	0	0	0	0	0	0	0	0	0	0	0	0	0	0	0	0	0	0	1	0	0	0	0	0	0	0	0	0	1	0	0	0	0	0	0	0	0	0	0	0	0	0	0	0	0	0	0	0	0	0	0	0	0	0	0	0	0	0	0	0	0	0	0	0	0	0	0	0	0	0	0	0	0	0	83	0	0	0	0	0	0	0	0	0	0	0	0	0	0	0	0	0	0	0	0	0	0	0	0	0	0	0	0	0	0	0	0	0	0	0	0	0	0	0	0	0	0	0	0	0	0	0	0	0	0	0	0	0	0	0	0	0	0	0	0	0	0	0	0	0	0	0	0	0	0	0	0	0	0	0	0	0	0	0	0	0	0	0	0	0	0	0	0	0	0	0	0	0	0	0	0	0	0	0	0	0	0	0	0	0	0	0	0	0	0	0	0	0	0	146	77	117	84	48	96	69	278	75	40	198	234	126	171	17	137	46	67	263	9	22	41	43	135	76	3	84	28	135	53	130	33	65	55	69	39	59	131	156	39	104	46	77	24	69	212	14	80	50	554	1	89	66	88	22	94	61	117	77	78	73	317	21	117	89	51	88	81	107	160	136	101	212	130	261	71	43	34	24	21	136	30	154	110	66	88	123	0	26	80	82	249	91	103	134	68	2	211	132	59	117	41	86	130	141	59	150	88	63	121	70	109	143	107	22	41	55	80	41	143	289	176	87	147	169	209	120	49	129	165	35	188	55	181	13	38	41	150	61	76	107	82	103	211	34	136	85	127	73	25	13	30	18	42	56	79	318	27	99	29	71	99	95	56	63	23	147	11	34	179	52	141	157	260	291	113	118	111	63	54	195	198	100	34	193	106	324	266	162	127	27	234	2	159	96	199	57	30	238	121	32	141	23	44	71	8	11	15	179	84	85	48	47	204	41	127	73	49	207	26	53	85	64	44	85	109	66	183	154	82	120	73	15	141	45	71	67	142	179	41	19	150	130	193	63	79	24	101	0	128	13	29	58	154	18	164	159	75	77	14	187	45	100	92	15	67	32	43	26	222	249	98	63	22	253	33	17	51	93	175	113	75	72	163	61	60	209	109	129	117	69	144	72	47	118	55	58	97	78	52	57	87	21	139	198	24	138	129	75	28	191	116	72	36	188	132	35	24	131	93	74	54	61	74	60	50	75	38	315	73	73	100	97	77	137	118	26	417	19	78	76	146	87	59	110	62	115	153	55	108	52	198	149	45	109	25	154	65	6	106	31	53	178	107	140	138	294	362	68	267	162	208	192	70	161	29	102	100	24	170	119	169	80	267	82	55	45	78	84	88	188	24	62	51	122	3	174	91	55	87	23	55	12	48	158	37	49	114	89	99	44	105	98	194	160	357	43	62	20	109	10	62	274	102	5	117	192	44	47	76	31	57	75	172	49	55	67	8	60	84	13	43	0	30	86	207	141	111	63	108	107	189	91	96	109	10	76	485	197	195	27	1	176	135	68	122	89	83	54	312	41	44	98	61	86	35	53	104	50	81	60	107	35	24	147	373	77	29	336	101	75	15	96	4	125	55	227	148	107	12
48	0	0	0	0	0	0	0	0	0	0	0	0	0	0	0	0	0	0	0	0	0	0	0	0	0	0	0	0	0	0	0	0	0	0	0	0	0	0	0	0	0	0	0	0	0	0	0	0	0	0	0	0	0	0	0	0	0	0	0	0	0	0	0	0	0	0	0	0	0	0	0	0	0	0	0	0	0	0	0	0	0	0	0	0	0	0	0	0	0	0	0	0	0	0	0	0	0	0	0	0	0	0	0	0	0	0	0	0	0	0	0	0	0	0	0	0	0	0	0	0	0	0	0	0	0	0	0	0	0	0	0	0	0	0	0	0	0	0	0	0	0	0	0	0	0	0	0	0	0	0	0	0	0	0	0	0	0	0	0	0	0	0	0	0	0	0	0	0	0	0	0	0	0	0	0	0	0	0	0	0	0	0	0	0	0	0	0	0	0	0	0	0	0	0	0	0	0	0	0	0	0	0	0	0	0	0	0	0	0	0	0	0	0	0	0	0	0	0	0	0	0	0	0	0	0	0	0	0	0	0	0	0	0	0	0	0	0	0	0	0	0	0	0	0	0	0	0	0	0	0	0	0	0	0	0	0	0	0	0	0	0	0	0	0	0	0	0	0	0	0	0	0	0	37	0	0	0	0	0	0	0	0	0	0	0	0	0	0	0	0	0	0	0	0	0	0	0	0	0	0	0	0	0	0	0	0	0	0	0	0	0	0	0	0	0	0	0	0	0	0	0	0	0	0	0	0	0	0	0	0	0	0	0	0	0	0	0	0	0	0	0	0	0	0	0	0	0	0	0	0	0	0	0	0	0	0	0	0	0	0	0	0	0	0	0	0	0	0	0	0	0	0	0	0	0	0	0	0	0	0	0	0	0	0	0	0	0	0	0	0	0	0	0	0	0	0	0	0	0	0	0	0	0	0	0	0	0	0	0	0	0	0	0	0	0	0	0	0	0	0	0	0	0	0	0	0	0	0	0	0	0	0	0	0	0	0	0	0	0	0	0	0	0	0	0	0	0	0	0	0	0	0	0	0	0	0	0	0	0	0	0	0	0	0	0	0	0	0	0	0	0	0	0	0	0	0	0	0	0	0	0	0	0	0	0	0	0	0	0	0	0	0	52	0	0	0	0	0	0	0	161	18	178	205	23	69	37	142	48	25	66	73	150	39	92	214	171	126	90	73	108	147	92	322	167	57	28	259	113	25	122	62	116	91	10	9	74	57	42	131	89	106	11	230	28	32	241	50	74	20	110	148	84	47	66	30	42	92	133	162	24	42	24	137	66	27	34	55	69	77	95	183	86	77	49	125	6	101	62	109	256	353	38	205	87	74	206	0	136	103	284	101	74	65	80	26	0	111	66	94	106	204	64	36	92	137	86	99	132	132	12	7	147	71	112	118	172	39	82	127	13	206	81	74	102	109	118	80	118	54	25	42	36	127	104	37	228	188	31	29	127	81	78	20	212	86	33	103	165	122	105	69	53	183	67	429	101	149	20	81	79	97	225	120	310	68	46	150	77	110	68	110	23	235	157	111	56	60	58	22	10	78	91	38	26	133	36	58	50	38	14	61	98	122	35	32	145	139	72	32	155	90	81	30	49	118	96	190	105	62	90	146	93	23	39	17	57	134	155	51	145	123	43	180	96	78	150	60	40	6	145	133	130	53	83	83	82	49	73	84	266	87	85	35	177	245	87	87	0	124	12	32	43	34	93	308	137	51	43	47	41	36	263	66	137	171	22	176	79	46	17	187	90	177	71	207	90	49	5	33	101	47	99	13	17	49	36	46	122	43	71	100	61	49	102	115	295	171	253	27	19	144	123	224	34	217	43	71	105	14	8	60	26	43	65	88	28	108	150	48	67	35	176	71	59	81	61	153	37	121	176	39	235	30	243	42	125	389	134	61	139	42	53	95	276	207	107	76	40	83	88	196	33	32	76	148	154	99	98	95	26	8	71	27	93	51	86	88	113	106	132	31	66	208	47	39	34	50	106	72	87	61	110	68	137	128	50	0	76	69	24	31	34	24	32	20	146	114	122	23	19	33	7	40	63	111	71	20	103	304	49	161	138	49	109	20	13	47	8	105	14	111	59	122	98	531	174	43	14	64	75	125	183	52	29	48	122	81	52	148	191	60	0	71	66	65	383	74	106	86	262	32	92	48	74	43	400	52	111	81	38	0	216	49	17	142	52	82	56	76	76	31	31	24	156	389	67	179	35	75	76	80	48	168	203	156	101	71	124	195	86	99	32	67	171	5	44	81	234	64
49	0	0	0	0	0	0	0	0	0	0	0	0	0	0	0	0	0	0	0	0	0	84	0	0	0	0	0	0	0	0	0	0	0	0	0	0	0	0	0	0	0	0	0	0	0	0	0	0	0	0	0	0	0	0	0	0	0	0	0	0	0	0	0	0	0	0	0	0	0	0	0	0	0	0	0	0	0	0	0	0	0	0	0	0	0	0	0	0	0	0	0	0	0	0	0	0	0	0	0	0	0	0	0	0	0	0	0	0	0	0	0	0	0	0	0	0	0	0	0	0	0	0	0	0	0	0	0	0	0	0	0	0	0	0	0	0	0	0	0	0	0	0	0	0	0	0	0	0	0	0	0	0	0	0	0	0	0	0	0	0	0	0	0	0	0	0	0	0	0	0	0	0	0	0	0	0	0	0	0	0	0	0	0	0	0	0	0	0	0	0	0	0	0	0	0	0	0	0	0	0	0	0	0	0	0	0	0	0	0	0	0	0	0	0	0	0	0	0	0	0	0	0	0	0	0	0	0	0	0	0	0	0	0	0	0	5	0	0	0	0	0	0	0	0	0	0	0	0	0	0	0	0	0	0	0	0	0	0	0	0	0	0	0	0	0	0	0	0	0	0	0	0	0	0	0	0	0	0	14	0	0	0	0	0	0	0	0	0	0	0	0	0	0	0	0	0	0	0	0	0	0	0	0	0	0	0	0	0	0	0	0	0	0	0	0	0	0	0	0	0	0	0	0	0	0	0	0	0	0	0	0	0	0	0	0	0	0	0	0	0	13	0	0	0	0	0	0	0	0	0	0	0	0	0	0	0	0	0	0	0	0	0	0	0	0	0	0	0	0	0	0	0	0	0	0	0	0	0	0	0	0	0	0	0	0	0	0	0	0	0	0	0	0	0	0	0	0	0	0	0	0	0	0	0	0	0	0	0	0	0	0	0	0	0	0	0	0	0	0	0	0	0	0	0	0	0	0	0	0	0	0	0	0	0	0	0	0	0	0	0	0	0	0	0	0	0	0	0	0	0	0	0	0	0	0	0	0	0	0	0	0	0	0	0	0	0	0	0	0	0	0	0	0	0	0	0	0	0	0	0	0	0	0	2	0	0	0	0	0	0	0	0	0	0	0	0	0	0	0	0	229	195	75	78	160	3	22	164	48	186	62	43	62	110	138	164	191	66	146	135	63	142	203	105	19	254	10	149	41	50	136	245	36	37	97	40	90	82	30	74	60	131	41	25	26	57	48	67	77	84	138	109	72	203	27	107	89	338	81	69	35	42	67	227	64	42	334	43	87	26	143	64	84	100	42	170	58	57	49	24	94	32	181	67	12	29	129	10	136	160	143	136	178	49	117	53	173	118	13	44	52	87	45	137	110	22	71	229	215	15	133	100	104	147	121	85	52	164	248	90	33	303	20	127	185	98	17	50	176	137	227	2	131	180	88	37	77	269	41	51	50	123	51	122	178	50	122	97	23	10	300	33	26	116	57	28	28	61	18	210	74	71	58	106	297	23	37	63	67	74	9	24	159	172	178	83	86	9	130	20	59	47	86	37	99	74	161	130	106	97	1	81	105	37	66	101	77	152	91	53	139	45	74	43	66	145	41	135	115	132	35	63	43	111	52	36	176	53	94	62	172	47	507	90	30	42	209	275	58	46	70	26	90	124	43	8	31	118	127	82	138	90	41	95	11	159	58	25	24	75	65	68	28	69	142	132	228	157	78	71	25	99	26	30	151	94	123	43	120	80	31	44	163	149	18	33	205	69	30	134	288	228	82	48	125	95	62	33	113	174	178	158	22	39	16	163	66	80	155	93	224	395	98	45	185	191	9	65	133	123	61	17	65	252	150	203	128	59	10	92	122	19	68	79	32	97	64	174	59	119	55	135	66	172	133	100	38	93	45	133	57	202	117	304	3	174	35	155	84	61	133	23	232	96	36	129	114	57	31	114	166	208	28	56	186	156	49	120	197	43	77	233	103	131	126	51	8	116	117	34	43	207	191	121	55	123	100	222	186	42	105	24	34	171	89	51	49	284	63	49	232	110	121	85	30	103	82	63	170	24	38	40	105	13	27	30	86	200	91	42	67	181	157	60	167	90	88	67	105	97	32	118	67	199	75	68	185	183	113	253	160	115	46	54	139	197	55	99	227	165	113	104	136	7	68	141	77	287	165	61	52	215	45	67	250	213	17	257	6	50	134	24	90	86	150	126	50	66	64	60	169	57	56	146	126	97	158	89	66	59	29	49	168	58	97	144	208	60	264	103
50	0	0	0	0	0	0	0	0	0	0	0	0	0	0	0	0	0	0	0	0	0	0	0	0	0	0	0	0	0	0	0	0	0	0	0	0	0	0	0	0	0	0	0	0	0	0	0	0	0	0	0	0	0	0	0	0	0	0	0	0	0	0	0	0	0	0	0	0	0	0	0	0	0	0	0	0	0	0	0	0	0	0	0	0	0	0	0	0	0	0	0	0	0	0	0	0	0	0	0	0	0	0	0	0	0	0	0	0	0	0	0	0	0	0	0	0	0	0	0	0	0	0	0	0	0	0	0	0	0	0	0	0	0	0	0	0	0	0	0	0	0	0	1	9	0	0	0	0	0	0	0	0	0	0	0	0	0	0	0	0	0	0	0	0	0	0	0	0	0	0	0	0	0	0	0	0	0	0	0	0	0	0	0	0	0	0	0	0	0	0	0	0	0	0	0	0	0	0	0	0	0	0	0	0	0	0	0	0	0	0	0	0	0	0	0	0	0	0	0	0	0	0	0	0	0	4	0	0	0	0	0	0	0	0	0	0	0	0	0	0	0	0	0	0	0	0	0	0	0	0	0	0	0	0	0	0	0	0	0	0	0	0	0	0	0	0	0	0	0	0	0	0	0	0	0	0	0	0	0	0	0	0	0	0	0	0	0	0	0	0	0	0	0	0	0	0	0	0	0	0	1	0	0	0	0	0	0	0	0	0	0	0	0	0	0	0	0	0	0	0	0	0	0	0	0	0	0	0	0	0	0	0	0	0	0	0	0	0	0	0	0	0	0	0	0	0	0	0	0	0	0	0	0	0	0	0	0	0	0	0	0	0	0	0	0	0	0	0	0	0	0	0	0	0	0	0	0	0	0	0	0	0	0	0	0	0	0	0	1	0	0	0	0	0	0	0	0	0	0	0	0	0	0	0	0	0	0	0	0	0	0	0	0	0	0	0	0	0	0	0	0	0	0	0	0	0	0	0	0	0	0	0	0	0	0	0	0	0	0	0	0	0	0	0	0	0	0	0	0	0	0	0	0	0	0	0	0	0	0	0	0	0	0	0	0	0	0	0	0	0	0	0	0	0	0	0	0	0	0	0	0	0	0	0	0	0	0	0	0	0	0	0	0	0	0	0	0	0	0	0	142	151	335	146	154	49	56	12	54	82	77	64	145	40	161	89	138	84	105	86	132	21	49	9	107	84	88	24	86	71	204	172	35	19	30	101	42	76	18	208	126	98	188	84	125	115	120	54	109	27	59	49	223	121	214	162	134	14	78	56	115	67	55	66	77	169	1	40	350	163	85	92	103	29	71	282	99	92	83	140	168	71	33	246	193	73	92	0	91	185	70	38	87	60	281	60	0	61	69	110	150	71	107	104	35	26	36	210	114	18	145	44	308	47	174	177	70	36	51	2	170	130	135	206	138	49	130	122	102	27	53	100	259	47	35	59	195	59	43	252	61	102	187	110	209	20	244	91	73	32	154	166	100	92	148	75	79	81	65	160	31	30	55	22	13	66	91	83	63	43	157	60	217	100	66	81	24	117	89	102	78	20	65	246	158	264	70	202	98	13	96	44	309	38	113	302	28	193	143	53	36	153	80	58	306	87	309	12	224	10	124	57	78	78	80	29	268	184	148	160	189	124	219	128	100	57	180	40	129	178	52	34	95	193	167	210	82	46	69	108	93	53	99	12	31	42	39	224	0	50	62	182	105	50	64	67	73	111	80	37	59	25	6	89	98	167	26	126	148	67	205	57	70	54	85	35	55	151	60	154	60	82	59	181	154	59	64	88	143	51	28	131	249	73	46	23	57	132	77	137	59	66	78	157	5	75	20	88	119	16	206	171	75	50	200	175	40	84	124	107	102	256	111	76	39	150	157	112	119	11	193	122	15	70	172	120	121	77	134	55	158	146	105	49	90	169	36	43	202	72	11	90	68	70	78	163	126	23	29	80	63	97	48	86	53	145	195	19	26	130	49	36	34	103	70	46	84	139	70	103	116	35	23	127	167	63	168	26	4	96	85	71	28	84	15	23	31	66	210	168	49	42	53	115	131	12	53	116	58	34	66	32	211	121	48	43	76	70	150	178	0	71	54	25	190	126	263	177	390	69	183	98	6	72	48	67	77	38	55	91	30	178	0	21	279	97	7	87	78	128	58	261	44	71	79	103	197	218	172	127	64	33	45	18	118	71	35	207	24	82	169	32	78	62	95	85	45	133	61	130	27	163	159	187	22	446	98	166	84	77	73	99	25	130	173	97	3	96	157	18
