0	0	0	0	0	0	0	0	0	0	0	0	0	0	0	0	0	0	0	0	0	0	0	0	0	0	0	0	0	0	0	0	0	0	0	0	0	0	0	0	0	0	0	0	0	0	0	0	0	0	0	0	0	0	0	0	0	0	0	0	0	0	0	0	0	0	0	0	0	0	0	0	0	0	0	0	0	0	0	0	0	0	0	0	0	0	0	0	0	0	0	0	0	0	0	0	0	0	0	0	0	12	12	12	12	12	12	12	12	12	12	12	12	12	12	12	12	12	12	12	12	12	12	12	12	12	12	12	12	12	12	12	12	12	12	12	12	12	12	12	12	12	12	12	12	12	12	12	12	12	12	12	12	12	12	12	12	12	12	12	12	12	12	12	12	12	12	12	12	12	12	12	12	12	12	12	12	12	12	12	12	12	12	12	12	12	12	12	12	12	12	12	12	12	12	12	12	12	12	12	12	24	24	24	24	24	24	24	24	24	24	24	24	24	24	24	24	24	24	24	24	24	24	24	24	24	24	24	24	24	24	24	24	24	24	24	24	24	24	24	24	24	24	24	24	24	24	24	24	24	24	24	24	24	24	24	24	24	24	24	24	24	24	24	24	24	24	24	24	24	24	24	24	24	24	24	24	24	24	24	24	24	24	24	24	24	24	24	24	24	24	24	24	24	24	24	24	24	24	24	24	48	48	48	48	48	48	48	48	48	48	48	48	48	48	48	48	48	48	48	48	48	48	48	48	48	48	48	48	48	48	48	48	48	48	48	48	48	48	48	48	48	48	48	48	48	48	48	48	48	48	48	48	48	48	48	48	48	48	48	48	48	48	48	48	48	48	48	48	48	48	48	48	48	48	48	48	48	48	48	48	48	48	48	48	48	48	48	48	48	48	48	48	48	48	48	48	48	48	48	48	72	72	72	72	72	72	72	72	72	72	72	72	72	72	72	72	72	72	72	72	72	72	72	72	72	72	72	72	72	72	72	72	72	72	72	72	72	72	72	72	72	72	72	72	72	72	72	72	72	72	72	72	72	72	72	72	72	72	72	72	72	72	72	72	72	72	72	72	72	72	72	72	72	72	72	72	72	72	72	72	72	72	72	72	72	72	72	72	72	72	72	72	72	72	72	72	72	72	72	72	96	96	96	96	96	96	96	96	96	96	96	96	96	96	96	96	96	96	96	96	96	96	96	96	96	96	96	96	96	96	96	96	96	96	96	96	96	96	96	96	96	96	96	96	96	96	96	96	96	96	96	96	96	96	96	96	96	96	96	96	96	96	96	96	96	96	96	96	96	96	96	96	96	96	96	96	96	96	96	96	96	96	96	96	96	96	96	96	96	96	96	96	96	96	96	96	96	96	96	96	120	120	120	120	120	120	120	120	120	120	120	120	120	120	120	120	120	120	120	120	120	120	120	120	120	120	120	120	120	120	120	120	120	120	120	120	120	120	120	120	120	120	120	120	120	120	120	120	120	120	120	120	120	120	120	120	120	120	120	120	120	120	120	120	120	120	120	120	120	120	120	120	120	120	120	120	120	120	120	120	120	120	120	120	120	120	120	120	120	120	120	120	120	120	120	120	120	120	120	120	144	144	144	144	144	144	144	144	144	144	144	144	144	144	144	144	144	144	144	144	144	144	144	144	144	144	144	144	144	144	144	144	144	144	144	144	144	144	144	144	144	144	144	144	144	144	144	144	144	144	144	144	144	144	144	144	144	144	144	144	144	144	144	144	144	144	144	144	144	144	144	144	144	144	144	144	144	144	144	144	144	144	144	144	144	144	144	144	144	144	144	144	144	144	144	144	144	144	144	144	180	180	180	180	180	180	180	180	180	180	180	180	180	180	180	180	180	180	180	180	180	180	180	180	180	180	180	180	180	180	180	180	180	180	180	180	180	180	180	180	180	180	180	180	180	180	180	180	180	180	180	180	180	180	180	180	180	180	180	180	180	180	180	180	180	180	180	180	180	180	180	180	180	180	180	180	180	180	180	180	180	180	180	180	180	180	180	180	180	180	180	180	180	180	180	180	180	180	180	180	240	240	240	240	240	240	240	240	240	240	240	240	240	240	240	240	240	240	240	240	240	240	240	240	240	240	240	240	240	240	240	240	240	240	240	240	240	240	240	240	240	240	240	240	240	240	240	240	240	240	240	240	240	240	240	240	240	240	240	240	240	240	240	240	240	240	240	240	240	240	240	240	240	240	240	240	240	240	240	240	240	240	240	240	240	240	240	240	240	240	240	240	240	240	240	240	240	240	240	240
0	0	0	0	0	0	0	0	0	0	0	0	0	0	0	0	0	0	0	0	0	0	0	0	0	0	0	0	0	0	0	0	0	0	0	0	0	0	0	0	0	0	0	0	0	0	0	0	0	0	0	0	0	0	0	0	0	0	0	0	0	0	0	0	0	0	0	0	0	0	0	0	0	0	0	0	0	0	0	0	0	0	0	0	0	0	0	0	0	0	0	0	0	0	0	0	0	0	0	0	0	100	100	100	100	100	100	100	100	100	100	100	100	100	100	100	100	100	100	100	100	100	100	100	100	100	100	100	100	100	100	100	100	100	100	100	100	100	100	100	100	100	100	100	100	100	100	100	100	100	100	100	100	100	100	100	100	100	100	100	100	100	100	100	100	100	100	100	100	100	100	100	100	100	100	100	100	100	100	100	100	100	100	100	100	100	100	100	100	100	100	100	100	100	100	100	100	100	100	100	100	100	100	100	100	100	100	100	100	100	100	100	100	100	100	100	100	100	100	100	100	100	100	100	100	100	100	100	100	100	100	100	100	100	100	100	100	100	100	100	100	100	100	100	100	100	100	100	100	100	100	100	100	100	100	100	100	100	100	100	100	100	100	100	100	100	100	100	100	100	100	100	100	100	100	100	100	100	100	100	100	100	100	100	100	100	100	100	100	100	100	100	100	100	100	100	100	100	100	100	100	100	100	100	100	100	100	100	100	100	100	100	100	100	100	100	100	100	100	100	100	100	100	100	100	100	100	100	100	100	100	100	100	100	100	100	100	100	100	100	100	100	100	100	100	100	100	100	100	100	100	100	100	100	100	100	100	100	100	100	100	100	100	100	100	100	100	100	100	100	100	100	100	100	100	100	100	100	100	100	100	100	100	100	100	100	100	100	100	100	100	100	100	100	100	100	100	100	100	100	100	100	100	100	100	100	100	100	100	100	100	100	100	100	100	100	100	100	100	100	100	100	100	100	100	100	100	100	100	100	100	100	100	100	100	100	100	100	100	100	100	100	100	100	100	100	100	100	100	100	100	100	100	100	100	100	100	100	100	100	100	100	100	100	100	100	100	100	100	100	100	100	100	100	100	100	100	100	100	100	100	100	100	100	100	100	100	100	100	100	100	100	100	100	100	100	100	100	100	100	100	100	100	100	100	100	100	100	100	100	100	100	100	100	100	100	100	100	100	100	100	100	100	100	100	100	100	100	100	100	100	100	100	100	100	100	100	100	100	100	100	100	100	100	100	100	100	100	100	100	100	100	100	100	100	100	100	100	100	100	100	100	100	100	100	100	100	100	100	100	100	100	100	100	100	100	100	100	100	100	100	100	100	100	100	100	100	100	100	100	100	100	100	100	100	100	100	100	100	100	100	100	100	100	100	100	100	100	100	100	100	100	100	100	100	100	100	100	100	100	100	100	100	100	100	100	100	100	100	100	100	100	100	100	100	100	100	100	100	100	100	100	100	100	100	100	100	100	100	100	100	100	100	100	100	100	100	100	100	100	100	100	100	100	100	100	100	100	100	100	100	100	100	100	100	100	100	100	100	100	100	100	100	100	100	100	100	100	100	100	100	100	100	100	100	100	100	100	100	100	100	100	100	100	100	100	100	100	100	100	100	100	100	100	100	100	100	100	100	100	100	100	100	100	100	100	100	100	100	100	100	100	100	100	100	100	100	100	100	100	100	100	100	100	100	100	100	100	100	100	100	100	100	100	100	100	100	100	100	100	100	100	100	100	100	100	100	100	100	100	100	100	100	100	100	100	100	100	100	100	100	100	100	100	100	100	100	100	100	100	100	100	100	100	100	100	100	100	100	100	100	100	100	100	100	100	100	100	100	100	100	100	100	100	100	100	100	100	100	100	100	100	100	100	100	100	100	100	100	100	100	100	100	100	100	100	100	100	100	100	100	100	100	100	100	100	100	100	100	100	100	100	100	100	100	100	100	100	100	100	100	100	100	100	100	100	100	100	100	100	100	100	100	100	100	100	100	100	100	100	100	100	100	100	100	100	100	100	100	100	100	100	100	100	100	100	100	100	100	100	100	100	100	100	100	100	100	100	100	100	100	100	100	100	100	100	100	100	100	100	100	100	100	100	100	100	100	100	100	100	100	100	100	100	100	100	100	100	100	100	100	100	100	100	100	100	100	100	100	100	100	100	100	100	100	100	100	100	100	100	100	100	100	100	100	100	100	100	100	100	100	100	100	100	100	100	100	100	100	100	100	100	100	100	100	100	100	100	100	100	100	100	100	100	100	100	100	100	100	100	100
1	0	0	0	0	0	0	0	0	0	0	0	0	0	0	0	0	0	0	0	0	0	0	0	0	0	0	0	0	0	0	0	0	0	0	0	0	0	0	0	0	0	0	0	0	0	0	0	0	0	0	0	0	0	0	0	0	0	0	0	0	0	0	0	0	0	0	0	0	0	0	0	0	0	0	0	0	0	0	0	0	0	0	0	0	0	0	0	35	0	0	0	0	0	0	0	0	0	0	0	0	83	0	0	0	7	0	7	0	0	0	0	0	0	0	118	0	0	0	0	0	0	0	0	0	0	0	7	0	0	0	0	0	0	0	0	0	0	3	0	17	0	0	0	0	6	0	0	0	0	0	0	0	0	86	0	0	0	0	0	0	0	0	0	0	0	2	234	0	0	0	0	18	0	0	0	0	0	2	0	0	0	0	0	0	5	0	0	0	0	0	0	0	0	0	0	107	0	0	0	0	6	0	0	98	0	0	0	0	0	0	0	2	12	0	7	0	0	0	5	0	0	1	0	1	0	0	0	3	0	24	9	0	0	0	0	0	0	0	4	0	0	0	0	42	5	0	0	0	5	0	0	0	15	0	29	26	0	8	0	0	0	0	0	0	0	0	0	0	9	0	17	0	0	0	0	0	0	0	0	0	7	0	0	5	4	0	16	22	0	0	34	0	0	0	0	2	0	0	0	0	0	101	2	87	0	0	3	25	0	0	0	3	0	0	3	0	0	0	0	0	0	0	1	50	74	40	4	8	34	58	0	0	1	0	1	6	1	0	7	0	289	0	0	77	0	110	0	84	39	0	4	0	0	0	44	2	1	7	21	0	0	0	8	0	0	0	0	0	1	0	36	3	0	0	9	8	58	0	0	0	10	34	45	0	12	0	34	23	0	0	3	0	4	52	17	130	0	26	96	0	140	59	1	0	0	40	0	210	0	104	44	48	137	71	152	42	0	188	36	252	17	2	0	3	0	21	17	0	3	0	0	97	13	0	2	14	14	0	14	70	6	286	25	0	177	0	0	1	0	168	37	286	0	4	0	51	4	0	7	16	0	83	48	0	0	15	3	13	1	0	62	6	7	9	5	17	0	0	17	2	0	3	1	3	0	0	0	50	2	41	19	0	97	0	57	0	95	206	36	0	104	0	0	0	0	0	0	0	0	0	0	0	0	0	0	0	0	0	0	0	0	0	0	0	0	0	0	0	0	0	0	0	0	0	0	0	0	0	0	0	0	0	0	18	0	0	0	0	0	0	0	0	0	0	0	0	0	0	0	0	0	0	40	0	0	0	0	0	0	397	0	0	0	0	0	0	0	0	0	0	0	0	0	0	0	0	0	0	0	0	12	0	0	0	0	0	0	0	0	0	0	0	0	0	51	0	0	0	0	0	0	0	0	0	0	0	0	0	0	0	0	0	0	0	0	0	0	0	0	0	0	0	0	0	0	0	0	0	0	0	24	0	0	0	0	0	0	0	0	0	0	0	0	0	0	0	0	0	0	0	0	0	0	0	0	0	0	0	0	0	0	0	0	0	0	0	0	0	0	0	0	0	0	0	0	0	0	0	0	0	0	0	0	0	0	0	0	0	0	0	0	0	0	0	0	0	0	0	0	0	0	0	0	194	0	0	0	0	0	0	0	0	0	0	0	0	0	0	0	0	0	0	0	0	0	0	0	0	0	0	0	0	0	0	0	0	0	0	0	0	0	0	0	0	0	0	0	0	0	0	0	0	0	0	0	0	0	0	0	0	0	0	0	0	0	0	0	0	0	0	0	0	0	0	0	0	0	0	0	0	0	0	0	0	0	0	0	0	0	0	0	0	0	0	0	0	0	0	0	0	0	0	0	0	0	0	0	0	0	0	0	0	0	0	0	0	0	0	0	0	0	0	0	0	0	0	0	0	0	0	0	0	0	0	0	0	0	0	0	0	0	0	0	0	0	0	0	0	132	0	0	0	0	0	0	0	0	0	0	0	0	0	0	0	0	0	0	0	0	0	0	0	0	0	0	0	0	0	0	0	0	0	0	0	0	0	0	0	0	0	0	0	0	0	0	0	0	0	0	0	0	0	0	0	0	0	0	0	0	0	0	99	0	0	0	0	0	0	0	0	0	0	0	0	0	0	0	0	0	0	0	0	0	0	0	0	0	0	0	0	0	0	0	0	0	0	0	0	0	0	154	0	0	0	0	0	0	0	0	0	0	0	0	0	0	0	0	0	0	0	0	0	0	0	0	0	0	0	0	0	0	207	0	0	0	0	0	0	0	0
2	0	0	0	0	0	0	0	0	0	0	0	0	0	0	0	0	0	0	0	0	0	0	0	0	0	0	0	0	0	0	0	0	0	0	0	0	0	0	0	0	0	0	0	0	0	0	0	0	0	0	0	0	0	0	0	0	0	0	0	0	0	0	0	0	0	0	0	0	0	0	0	0	0	0	0	0	0	0	0	0	0	0	0	0	0	0	0	0	0	0	0	0	0	0	0	0	0	0	0	0	0	0	80	0	0	0	9	0	0	0	0	18	0	0	0	1	0	0	0	0	0	0	0	0	0	0	0	0	0	0	0	0	0	0	0	23	0	5	0	0	0	39	0	0	0	0	0	0	8	0	0	0	0	0	0	0	7	0	0	0	0	0	0	0	0	0	0	31	0	0	0	9	3	0	22	0	0	0	0	0	0	0	0	0	0	0	0	26	0	0	0	0	0	0	0	0	0	0	0	0	3	0	0	106	0	15	0	0	0	0	0	0	80	0	1	0	8	0	0	7	0	1	0	0	0	0	0	4	0	0	27	0	0	0	0	0	0	0	0	0	25	0	0	0	1	0	6	0	2	0	1	0	0	0	0	0	0	34	9	0	0	0	0	0	2	0	21	0	3	7	41	6	0	60	0	0	0	0	24	2	1	0	0	0	1	0	0	0	0	6	0	0	0	15	0	0	1	0	0	0	0	83	1	0	0	1	0	0	0	0	0	1	5	0	0	0	0	0	0	0	0	38	10	0	27	0	2	0	0	39	0	0	0	5	4	36	0	0	0	0	16	31	1	126	44	29	0	0	0	200	10	0	0	0	212	0	0	0	0	0	0	50	0	6	0	64	14	0	8	0	6	19	0	8	0	0	0	4	0	0	35	95	0	244	85	2	12	6	0	0	0	0	0	92	29	145	11	0	75	50	33	42	35	0	0	16	0	36	0	8	148	35	47	115	93	154	34	191	77	53	0	0	0	0	0	25	0	0	0	3	0	1	166	0	0	1	0	0	1	49	3	119	0	0	103	0	0	0	0	177	35	70	14	0	1	131	0	2	0	60	0	36	0	0	0	0	0	0	0	0	88	0	0	0	0	0	0	0	97	0	0	0	0	5	0	0	0	0	0	203	101	0	54	0	9	0	172	62	136	0	255	0	0	0	0	0	0	0	0	0	0	0	0	0	0	0	0	0	0	0	0	0	0	0	0	3	0	0	0	0	0	0	0	0	0	0	0	0	0	0	0	0	0	413	0	0	0	0	0	0	0	0	0	0	0	0	0	0	0	0	0	0	22	0	0	0	0	0	0	66	0	0	0	0	0	0	0	0	0	0	0	0	0	0	0	0	0	0	0	0	0	0	0	0	0	0	0	0	0	0	0	0	0	0	18	0	0	0	0	0	0	0	0	0	0	0	0	0	0	0	0	23	0	0	0	0	0	0	0	0	0	0	0	0	0	0	0	0	1	0	208	0	0	0	0	0	0	0	0	0	0	0	0	0	0	0	0	0	0	0	0	0	0	0	0	0	0	0	0	0	0	0	0	0	0	0	0	0	0	0	0	0	0	0	0	0	0	0	0	0	0	0	0	0	0	0	0	0	0	0	0	0	0	0	0	0	0	0	0	0	0	0	0	160	0	0	0	0	0	0	0	0	0	0	0	0	0	0	0	0	0	0	0	0	0	0	0	0	0	0	0	0	0	0	0	0	0	3	0	0	0	0	0	0	0	0	0	0	0	0	0	0	0	0	0	0	0	0	0	0	0	0	0	0	0	0	0	0	0	0	0	0	0	0	0	0	0	0	0	0	0	0	0	0	0	0	0	0	0	0	0	0	0	0	0	0	0	0	0	0	0	0	0	0	0	0	0	1	0	0	0	0	0	0	0	0	0	0	0	0	0	0	0	0	0	0	0	0	0	0	0	0	0	0	0	0	0	0	0	0	0	0	0	0	0	0	0	0	185	0	0	0	0	0	0	0	0	0	0	0	0	0	0	0	0	0	0	0	0	0	0	0	0	0	0	0	0	0	0	0	0	0	0	0	0	0	0	0	0	0	0	0	0	0	0	0	0	0	0	0	0	0	0	0	0	0	0	0	0	0	0	101	0	0	0	0	0	0	0	0	0	0	0	0	0	0	0	0	0	0	0	0	0	0	0	0	0	0	0	0	0	0	0	0	0	0	0	0	0	0	106	0	0	0	0	0	0	0	0	0	0	0	0	0	0	0	0	0	0	0	0	0	0	0	0	0	0	0	0	0	0	45	0	0	0	0	0	0	0	0
3	0	0	0	0	0	121	0	0	0	0	0	0	0	0	0	0	0	0	0	0	0	0	0	0	0	0	0	0	0	0	0	0	0	0	0	0	0	0	0	0	0	0	0	0	0	0	0	31	0	0	0	0	0	0	0	0	0	0	0	0	0	0	0	0	0	0	0	0	0	0	0	0	0	0	0	0	0	0	0	0	0	0	0	0	0	0	0	0	0	0	0	0	0	0	0	0	0	0	0	0	18	5	0	0	0	0	0	0	0	0	0	0	0	0	0	0	0	0	0	0	0	0	0	0	0	0	0	6	0	0	1	0	0	0	0	0	0	0	1	0	0	0	0	0	0	0	0	0	0	0	0	0	0	0	0	0	0	0	0	0	0	0	0	0	0	0	0	0	0	0	0	0	0	0	0	2	0	0	0	0	0	0	0	0	0	0	0	0	0	0	0	0	0	0	0	0	0	0	0	0	6	0	0	42	0	0	0	0	0	0	0	0	54	0	0	0	0	0	0	0	0	0	0	0	0	0	0	0	0	0	0	0	0	0	0	0	0	0	0	0	0	0	0	0	0	0	21	0	0	0	0	0	0	0	0	0	1	0	0	0	0	0	0	0	0	0	0	0	1	0	0	0	0	0	0	0	0	0	0	1	0	0	0	0	4	0	0	0	0	0	0	0	0	0	0	0	0	0	0	0	13	52	0	37	0	17	0	0	0	45	0	0	0	0	0	0	0	0	0	0	0	0	0	0	15	0	0	0	0	54	0	0	0	0	0	0	0	0	0	0	74	63	0	90	0	227	0	0	0	0	0	0	0	2	27	0	0	0	0	0	0	0	0	0	0	0	0	0	0	0	7	0	0	0	0	0	0	0	0	0	4	43	0	0	49	0	7	19	0	0	0	0	0	91	99	106	0	0	57	0	93	66	0	0	0	24	0	93	9	106	48	87	135	66	34	45	0	22	0	59	0	0	0	1	0	0	0	0	0	0	0	22	30	0	54	87	15	0	0	58	0	118	0	0	84	0	0	0	0	69	79	154	0	0	0	138	1	0	0	132	0	89	0	0	0	0	0	19	0	0	101	45	0	0	0	0	0	0	150	0	0	0	0	4	0	0	0	0	0	134	5	0	89	0	120	0	68	50	83	0	130	0	0	0	0	0	0	0	0	0	0	0	0	0	0	0	0	0	0	0	0	0	0	0	0	0	0	0	0	0	0	0	0	0	0	0	0	0	0	0	0	0	0	368	0	0	0	0	0	0	0	0	0	0	0	0	0	0	0	0	0	0	97	0	0	0	0	0	0	58	0	0	0	0	0	0	0	0	0	0	0	0	0	0	0	0	0	0	0	0	0	0	0	0	0	0	0	0	0	0	0	0	0	0	75	0	0	0	0	0	0	0	0	0	0	0	0	0	0	0	0	0	0	0	0	0	0	0	0	0	0	0	0	0	0	0	0	0	0	0	49	0	0	0	0	0	0	0	0	0	0	0	0	0	0	0	0	0	0	0	0	0	0	0	0	0	0	0	0	0	0	0	0	0	0	0	0	0	0	0	0	0	0	0	0	0	0	0	0	0	0	0	0	0	0	0	0	0	0	0	0	0	0	0	0	0	0	0	0	0	0	0	0	149	0	0	0	0	0	0	0	0	0	0	0	0	0	0	0	0	0	0	0	0	0	0	0	0	0	0	0	0	0	0	0	0	0	0	0	0	0	0	0	0	0	0	0	0	0	0	0	0	0	0	0	0	0	0	0	0	0	0	0	0	0	0	0	0	0	0	0	0	0	0	0	0	0	0	0	0	0	0	0	0	0	0	0	0	0	0	0	0	0	0	0	0	0	0	0	0	0	0	0	0	0	0	0	0	0	0	0	0	0	0	0	0	0	0	0	0	0	0	0	0	0	0	0	0	0	0	0	0	0	0	0	0	0	0	0	0	0	0	0	0	0	0	0	0	110	0	0	0	0	0	0	0	0	0	0	0	0	0	0	0	0	0	0	0	0	0	0	0	0	0	0	0	0	0	0	0	0	0	0	0	0	0	0	0	0	0	0	0	0	0	0	0	0	0	0	0	0	0	0	0	0	0	0	0	0	0	0	133	0	0	0	0	0	0	0	0	0	0	0	0	0	0	0	0	0	0	0	0	0	0	0	0	0	0	0	0	0	0	0	0	0	0	0	0	0	0	167	0	0	0	0	0	0	0	0	0	0	0	0	0	0	0	0	0	0	0	0	0	0	0	0	0	0	0	0	0	0	124	0	0	0	0	0	0	0	0
4	0	0	0	0	0	0	0	0	0	0	0	0	0	0	0	0	0	0	0	0	0	0	0	0	0	0	0	0	0	0	0	0	0	0	0	0	0	0	0	0	0	0	0	0	0	0	0	0	0	0	0	0	0	0	0	0	0	0	0	0	0	0	0	0	0	0	0	0	0	0	0	0	0	0	0	0	0	0	0	0	0	0	0	0	0	0	0	0	0	0	0	0	0	0	0	0	0	0	0	0	0	0	0	0	0	0	0	1	0	0	0	0	0	0	0	0	0	0	0	0	0	0	0	22	0	0	0	0	0	0	0	0	0	0	0	0	0	0	0	0	0	0	0	0	0	0	0	0	0	0	0	0	0	0	0	0	0	0	0	0	0	0	0	0	0	0	0	0	0	0	0	0	0	0	0	0	0	0	0	0	0	0	0	0	0	0	0	0	0	0	0	0	0	0	0	0	17	0	0	0	0	0	0	302	0	0	0	0	0	0	0	0	65	0	0	0	0	0	0	0	0	41	0	0	16	0	0	0	0	0	0	0	0	0	0	4	0	0	0	0	0	0	0	0	0	0	0	0	0	0	0	0	0	0	0	0	0	0	0	0	0	0	0	0	0	0	0	0	0	0	5	0	0	0	0	0	0	0	0	0	0	0	0	0	0	0	0	0	0	0	0	0	0	0	1	0	0	0	0	0	0	125	0	61	0	47	0	0	0	0	0	0	0	0	0	0	0	0	0	0	0	0	0	0	84	0	0	0	0	122	0	0	0	0	5	0	0	3	0	0	0	183	0	108	0	144	0	46	0	0	0	0	0	0	82	0	6	0	0	0	0	0	0	0	0	0	0	0	0	0	0	0	0	0	0	0	32	0	0	0	45	217	58	0	9	0	91	0	0	0	0	0	0	31	182	154	0	1	59	0	92	22	0	0	0	25	0	61	0	139	61	138	55	93	28	154	13	104	0	72	0	0	0	0	0	0	0	0	0	0	0	101	27	0	0	0	0	0	0	9	0	58	0	0	67	0	0	0	0	59	342	156	0	0	0	40	0	0	0	54	0	8	0	0	0	0	0	0	0	0	25	0	0	0	0	0	0	0	54	0	0	0	0	0	0	0	0	0	0	87	182	0	24	0	43	0	150	75	68	0	105	0	0	0	0	0	0	0	0	0	0	0	0	0	0	0	0	0	0	0	0	0	0	0	0	0	0	0	0	0	0	0	0	0	0	0	0	0	0	0	0	0	0	88	0	0	0	0	0	0	0	0	0	0	0	0	0	0	0	0	0	0	50	0	0	0	0	0	0	37	0	0	0	0	0	0	0	0	0	0	0	0	0	0	0	0	0	0	0	0	0	0	0	0	0	0	0	0	0	0	0	0	0	0	75	0	0	0	0	0	0	0	0	0	0	0	0	0	0	0	0	0	0	0	0	0	0	0	0	0	0	0	0	0	0	0	0	0	0	0	81	0	0	0	0	0	0	0	0	0	0	0	0	0	0	0	0	0	0	0	0	0	0	0	0	0	0	0	0	0	0	0	0	0	0	0	0	0	0	0	0	0	0	0	0	0	0	0	0	0	0	0	0	0	0	0	0	0	0	0	0	0	0	0	0	0	0	0	0	0	0	0	0	27	0	0	0	0	0	0	0	0	0	0	0	0	0	0	0	0	0	0	0	0	0	0	0	0	0	0	0	0	0	0	0	0	0	0	0	0	0	0	0	0	0	0	0	0	0	0	0	0	0	0	0	0	0	0	0	0	0	0	0	0	0	0	0	0	0	0	0	0	0	0	0	0	0	0	0	0	0	0	0	0	0	0	0	0	0	0	0	0	0	0	0	0	0	0	0	0	0	0	0	0	0	0	0	0	0	0	0	0	0	0	0	0	0	0	0	0	0	0	0	0	0	0	0	0	0	0	0	0	0	0	0	0	0	0	0	0	0	0	0	0	0	0	0	0	165	0	0	0	0	0	0	0	0	0	0	0	0	0	0	0	0	0	0	0	0	0	0	0	0	0	0	0	0	0	0	0	0	0	0	0	0	0	0	0	0	0	0	0	0	0	0	0	0	0	0	0	0	0	0	0	0	0	0	0	0	0	0	45	0	0	0	0	0	0	0	0	0	0	0	0	0	0	0	0	0	0	0	0	0	0	0	0	0	0	0	0	0	0	0	0	0	0	0	0	0	0	75	0	0	0	0	0	0	0	0	0	0	0	0	0	0	0	0	0	0	0	0	0	0	0	0	0	0	0	0	0	0	114	0	0	0	0	0	0	0	0
5	0	0	0	0	0	0	0	0	0	0	0	0	0	0	0	0	0	0	0	0	0	0	0	0	0	0	0	0	0	0	0	0	0	0	0	0	0	0	0	0	0	0	0	0	0	0	0	0	0	0	0	0	0	0	0	0	0	0	0	0	0	0	0	0	0	0	0	0	0	0	0	0	0	0	0	0	0	0	0	0	0	0	0	0	0	0	0	0	0	0	0	0	221	0	0	0	0	0	0	0	0	0	65	0	0	0	0	0	0	0	0	0	0	0	0	0	0	0	0	0	0	0	0	0	0	0	0	0	0	0	0	0	0	0	0	0	0	0	0	0	0	0	0	6	0	0	0	0	0	0	0	0	0	0	0	0	0	0	0	0	0	0	0	0	0	0	0	0	0	0	0	0	0	0	0	0	0	0	0	0	0	0	0	0	0	0	0	0	0	0	0	0	0	0	0	0	0	0	0	0	0	0	0	84	0	0	1	0	0	0	0	3	30	0	0	0	0	0	0	54	0	0	0	0	0	0	0	0	0	0	0	0	0	0	0	0	0	0	0	0	0	1	0	0	0	0	0	11	0	0	0	5	0	0	0	0	0	0	0	0	0	0	0	0	0	0	0	7	0	0	0	0	0	0	0	0	0	0	62	0	0	6	0	0	0	0	0	0	0	0	0	0	0	0	0	0	0	0	0	0	0	78	0	220	0	5	0	0	0	1	0	0	0	0	0	0	0	0	0	0	0	0	0	53	0	0	0	0	0	38	0	0	0	0	1	0	0	0	0	0	58	242	15	154	0	142	0	0	0	0	0	0	0	1	43	0	0	0	0	0	0	0	0	0	0	0	0	0	0	0	0	0	0	0	0	0	13	0	0	0	26	110	25	0	83	0	96	0	0	11	0	0	0	141	60	36	0	0	96	44	21	174	0	0	0	4	0	162	1	61	112	41	42	163	181	174	0	154	115	15	0	0	0	0	0	0	0	0	0	0	0	44	29	0	0	0	0	0	0	3	0	16	0	0	74	0	0	0	0	38	97	139	0	0	140	86	0	0	0	104	0	11	0	0	0	4	0	0	0	0	434	12	33	0	0	0	0	0	104	0	0	0	0	0	0	0	0	0	0	17	61	0	113	0	49	0	37	121	112	0	47	0	0	0	0	0	0	0	0	0	0	0	0	0	0	0	0	0	0	0	0	0	0	0	0	0	0	0	0	0	0	0	0	0	0	0	0	0	0	0	0	0	0	60	0	0	0	0	0	0	0	0	0	0	0	0	0	0	0	0	0	0	81	0	0	0	0	0	0	85	0	0	0	0	0	0	0	0	0	0	0	0	0	0	0	0	0	0	0	0	0	0	0	0	0	0	0	0	0	0	0	0	0	0	87	0	0	0	0	0	0	0	0	0	0	0	0	0	0	0	0	0	0	0	0	0	0	0	0	0	0	0	0	0	0	0	0	0	0	0	69	0	0	0	0	0	0	0	0	0	0	0	0	0	0	0	0	0	0	0	0	0	0	0	0	0	0	0	0	0	0	0	0	0	0	0	0	0	0	0	0	0	0	0	0	0	0	0	0	0	0	0	0	0	0	0	0	0	0	0	0	0	0	0	0	0	0	0	0	0	0	0	0	93	0	0	0	0	0	0	0	0	0	0	0	0	0	0	0	0	0	0	0	0	0	0	0	0	0	0	0	0	0	0	0	0	0	0	0	0	0	0	0	0	0	0	0	0	0	0	0	0	0	0	0	0	0	0	0	0	0	0	0	0	0	0	0	0	0	0	0	0	0	0	0	0	0	0	0	0	0	0	0	0	0	0	0	0	0	0	0	0	0	0	0	0	0	0	0	0	0	0	0	0	0	0	0	0	0	0	0	0	0	0	0	0	0	0	0	0	0	0	0	0	0	0	0	0	0	0	0	0	0	0	0	0	0	0	0	0	0	0	0	0	0	0	0	0	16	0	0	0	0	0	0	0	0	0	0	0	0	0	0	0	0	0	0	0	0	0	0	0	0	0	0	0	0	0	0	0	0	0	0	0	0	0	0	0	0	0	0	0	0	0	0	0	0	0	0	0	0	0	0	0	0	0	0	0	0	0	0	222	0	0	0	0	0	0	0	0	0	0	0	0	0	0	0	0	0	0	0	0	0	0	0	0	0	0	0	0	0	0	0	0	0	0	0	0	0	0	170	0	0	0	0	0	0	0	0	0	0	0	0	0	0	0	0	0	0	0	0	0	0	0	0	0	0	0	0	0	0	85	0	0	0	0	0	0	0	0
6	0	0	0	0	0	0	0	0	0	0	0	0	0	0	0	0	0	0	0	0	0	0	0	0	0	0	0	0	0	0	0	0	0	0	0	0	0	0	0	0	0	0	0	0	0	0	0	0	0	0	0	0	0	0	0	0	0	0	0	0	0	0	0	0	0	0	0	0	0	0	0	0	0	0	0	0	0	0	0	0	0	0	0	0	0	0	0	0	0	0	0	0	0	0	0	0	0	0	0	0	0	0	0	0	0	17	0	0	0	0	0	0	0	0	0	0	0	0	0	0	0	0	0	0	36	0	0	0	0	0	1	0	0	0	0	0	0	0	0	0	0	0	0	0	20	0	0	0	0	0	0	0	0	0	0	0	0	0	0	0	0	0	0	0	0	0	0	0	0	0	0	0	0	0	0	0	0	0	0	0	0	5	0	0	0	0	0	0	0	0	0	4	7	0	0	0	0	0	0	0	0	0	0	187	0	0	0	0	0	0	34	0	71	0	0	0	0	0	0	50	0	0	0	0	0	0	0	78	0	0	1	0	0	0	0	0	0	0	0	0	0	0	0	0	0	0	63	0	0	0	0	0	0	0	0	0	0	0	0	0	55	0	0	0	0	0	0	0	0	0	0	0	0	0	0	0	0	0	0	0	0	0	0	0	104	0	0	0	0	0	0	0	0	2	0	8	0	0	0	0	0	71	0	13	0	104	0	0	0	0	0	151	0	0	0	0	1	0	0	4	0	0	0	0	42	0	0	0	5	144	0	0	0	0	0	5	0	0	0	59	112	103	26	135	0	19	0	0	0	0	13	0	61	0	46	0	0	0	0	0	0	0	0	0	0	0	0	0	0	0	11	0	0	0	0	0	3	0	0	0	0	106	24	0	44	0	191	10	0	0	0	0	0	36	291	63	0	0	133	0	60	58	0	0	0	20	0	114	0	76	63	134	126	60	94	86	102	21	93	88	13	0	0	0	0	93	0	0	0	0	0	119	21	0	0	0	0	0	1	128	62	40	0	0	29	0	0	1	0	11	47	42	2	0	0	36	0	0	0	133	0	249	0	0	0	13	0	7	0	0	269	0	0	0	0	0	1	14	48	0	0	1	0	81	38	0	0	0	0	26	50	0	57	0	131	0	21	70	86	0	175	0	0	0	0	0	0	0	0	0	0	0	0	0	0	0	0	0	0	0	0	0	0	0	0	0	0	0	0	0	0	0	0	0	0	0	0	0	0	0	0	0	0	8	0	0	0	0	0	0	0	0	0	0	0	0	0	0	0	0	0	0	45	0	0	0	0	0	0	27	0	0	0	0	0	0	0	0	0	0	0	0	0	0	0	0	0	0	0	0	0	0	0	0	0	0	0	0	0	0	0	0	0	0	5	0	0	0	0	0	0	0	0	0	0	0	0	0	0	0	0	0	0	0	0	0	0	0	0	0	0	0	0	0	0	0	0	0	0	0	106	0	0	0	0	0	0	0	0	0	0	0	0	0	0	0	0	0	0	0	0	0	0	0	0	0	0	0	0	0	0	0	0	0	0	0	0	0	0	0	0	0	0	0	0	0	0	0	0	0	0	0	0	0	0	0	0	0	0	0	0	0	0	0	0	0	0	0	0	0	0	0	0	27	0	0	0	0	0	0	0	0	0	0	0	0	0	0	0	0	0	0	0	0	0	0	0	0	0	0	0	0	0	0	0	0	0	0	0	0	0	0	0	0	0	0	0	0	0	0	0	0	0	0	0	0	0	0	0	0	0	0	0	0	0	0	0	0	0	0	0	0	0	0	0	0	0	0	0	0	0	0	0	0	0	0	0	0	0	0	0	0	0	0	0	0	0	0	0	0	0	0	0	0	0	0	0	0	0	0	0	0	0	0	0	0	0	0	0	0	0	0	0	0	0	0	0	0	0	0	0	0	0	0	0	0	0	0	0	0	0	0	0	0	0	0	0	0	101	0	0	0	0	0	0	0	0	0	0	0	0	0	0	0	0	0	0	0	0	0	0	0	0	0	0	0	0	0	0	0	0	0	0	0	0	0	0	0	0	0	0	0	0	0	0	0	0	0	0	0	0	0	0	0	0	0	0	0	0	0	0	102	0	0	0	0	0	0	0	0	0	0	0	0	0	0	0	0	0	0	0	0	0	0	0	0	0	0	0	0	0	0	0	0	0	0	0	0	0	0	70	0	0	0	0	0	0	0	0	0	0	0	0	0	0	0	0	0	0	0	0	0	0	0	0	0	0	0	0	0	0	142	0	0	0	0	0	0	0	0
7	0	0	0	0	0	0	0	0	0	0	0	0	0	0	0	0	0	0	0	0	0	0	0	0	0	0	0	0	0	0	0	0	0	0	0	0	0	0	0	0	0	0	0	0	0	0	0	0	0	0	0	0	0	0	0	0	0	0	0	0	0	0	0	0	0	0	0	0	0	0	0	0	0	0	0	0	0	0	0	0	0	0	0	0	0	0	0	0	0	0	0	0	0	0	0	0	0	0	0	0	0	0	0	0	8	0	0	0	0	0	0	0	35	0	0	0	0	0	0	10	0	0	0	0	0	0	0	0	0	0	0	0	0	0	0	0	0	0	0	0	0	0	0	0	0	0	0	0	0	0	0	0	0	0	0	0	0	0	0	0	0	0	0	0	0	0	47	0	0	0	0	0	0	0	0	0	29	0	0	0	0	0	0	0	0	0	0	0	0	0	0	0	0	0	0	0	0	0	0	0	0	0	0	190	0	0	0	0	0	18	2	0	103	0	0	0	0	0	0	0	0	0	0	0	0	0	0	64	0	0	0	0	0	0	0	0	0	0	0	0	0	0	0	0	0	0	13	0	0	0	0	0	0	0	0	0	0	14	2	0	0	12	0	0	0	0	0	0	0	0	0	9	0	0	0	0	0	0	0	0	0	0	0	0	37	0	0	0	0	0	0	11	0	0	0	0	0	0	0	0	0	91	0	19	0	122	0	0	0	0	0	3	0	0	0	0	0	0	0	0	0	0	0	0	0	0	0	0	0	31	0	0	0	0	0	46	0	0	0	0	177	33	0	71	0	296	0	0	0	0	0	0	0	0	60	0	0	0	0	0	0	0	0	0	0	0	0	0	0	0	0	0	0	0	0	0	0	0	46	10	3	104	149	0	72	0	98	0	0	0	0	0	0	49	177	65	0	0	84	0	216	87	0	0	0	11	0	150	0	55	177	99	88	68	240	0	7	94	125	215	2	0	0	0	0	0	0	0	0	0	0	95	52	0	0	0	10	0	0	33	0	9	0	0	39	1	4	0	0	12	217	31	1	0	0	124	0	0	0	141	0	162	0	0	0	0	0	0	0	0	190	0	0	0	0	0	0	0	225	0	4	2	0	2	0	0	0	0	0	45	81	0	130	0	70	0	76	56	39	0	24	0	0	0	0	0	0	0	0	0	0	0	0	0	0	0	0	0	0	0	0	0	0	0	0	0	0	0	0	0	0	0	0	0	0	0	0	0	0	0	0	0	0	67	0	0	0	0	0	0	0	0	0	0	0	0	0	0	0	0	0	0	88	0	0	0	0	0	0	76	0	0	0	0	0	0	0	0	0	0	0	0	0	0	0	0	0	0	0	0	0	0	0	0	0	0	0	0	0	0	0	0	0	0	66	0	0	0	0	0	0	0	0	0	0	0	0	0	0	0	0	0	0	0	0	0	0	0	0	0	0	0	0	0	0	0	0	0	0	0	175	0	0	0	0	0	0	0	0	0	0	0	0	0	0	0	0	0	0	0	0	0	0	0	0	0	0	0	0	0	0	0	0	0	0	0	0	0	0	0	0	0	0	0	0	0	0	0	0	0	0	0	0	0	0	0	0	0	0	0	0	0	0	0	0	0	0	0	0	0	0	0	0	124	0	0	0	0	0	0	0	0	0	0	0	0	0	0	0	0	0	0	0	0	0	0	0	0	0	0	0	0	0	0	0	0	0	0	0	0	0	0	0	0	0	0	0	0	0	0	0	0	0	0	0	0	0	0	0	0	0	0	0	0	0	0	0	0	0	0	0	0	0	0	0	0	0	0	0	0	0	0	0	0	0	0	0	0	0	0	0	0	0	0	0	0	0	0	0	0	0	0	0	0	0	0	0	0	0	0	0	0	0	0	0	0	0	0	0	0	0	0	0	0	0	0	0	0	0	0	0	0	0	0	0	0	0	0	0	0	0	0	0	0	0	0	0	0	142	0	0	0	0	0	0	0	0	0	0	0	0	0	0	0	0	0	0	0	0	0	0	0	0	0	0	0	0	0	0	0	0	0	0	0	0	0	0	0	0	0	0	0	0	0	0	0	0	0	0	0	0	0	0	0	0	0	0	0	0	0	0	96	0	0	0	0	0	0	0	0	0	0	0	0	0	0	0	0	0	0	0	0	0	0	0	0	0	0	0	0	0	0	0	0	0	0	0	0	0	0	132	0	0	0	0	0	0	0	0	0	0	0	0	0	0	0	0	0	0	0	0	0	0	0	0	0	0	0	0	0	0	206	0	0	0	0	0	0	0	0
8	0	0	0	0	0	0	0	0	0	0	0	0	0	0	0	0	0	0	0	0	0	0	0	0	0	0	0	0	0	0	0	0	0	0	0	0	0	0	0	0	0	0	0	0	0	0	0	0	0	0	0	0	0	0	0	0	0	0	0	0	0	0	0	0	99	0	0	0	0	0	0	0	0	0	0	0	0	0	0	0	0	0	0	0	0	0	0	0	0	0	0	0	0	0	0	0	0	0	0	0	0	0	0	0	1	0	0	0	0	0	0	0	0	0	0	0	0	0	0	0	0	0	0	0	0	0	0	0	0	0	0	0	0	0	0	1	0	9	0	0	0	0	0	0	0	0	0	11	0	0	0	0	0	0	0	0	0	0	0	0	0	0	0	0	0	0	0	0	0	0	0	0	0	0	0	0	0	0	0	0	0	0	0	0	0	0	0	0	0	0	0	0	0	3	0	0	0	0	0	0	0	0	0	183	0	0	0	0	0	0	0	0	49	0	0	0	0	2	0	0	0	0	0	0	0	0	0	0	0	0	0	0	0	0	0	0	0	0	0	0	0	0	0	0	0	0	53	0	0	0	0	0	0	0	0	0	0	0	0	0	0	0	0	0	0	0	0	0	0	35	0	0	0	0	0	0	0	0	0	0	0	0	0	0	11	0	0	0	0	0	0	0	1	0	0	0	0	0	0	0	0	31	0	101	0	28	73	0	0	25	0	67	0	0	0	0	0	0	0	0	0	0	0	0	0	0	0	0	0	155	0	0	0	0	6	0	2	0	125	0	66	6	0	142	0	162	2	0	0	0	0	0	0	0	195	0	0	0	0	0	0	2	0	0	0	0	0	0	4	0	13	0	0	0	0	0	0	0	0	0	25	60	81	0	32	0	25	0	0	0	0	0	0	15	73	43	0	0	41	0	68	85	0	0	0	180	0	72	0	11	41	112	15	47	64	143	0	228	126	116	0	0	0	0	0	0	0	0	0	77	0	153	227	0	21	28	0	0	0	122	0	119	0	0	134	0	0	0	11	60	29	2	20	0	0	46	0	0	0	66	0	78	0	0	0	0	0	0	56	0	49	0	0	0	0	1	0	0	37	0	0	0	0	131	0	0	0	0	0	28	2	0	60	0	141	0	6	73	83	0	126	0	0	0	0	0	0	0	0	0	0	0	0	0	0	0	0	0	0	0	8	0	0	0	0	0	0	0	0	0	0	0	0	0	0	0	0	0	0	0	0	0	0	178	0	0	0	0	0	0	0	0	0	0	0	0	0	0	0	0	0	0	80	0	0	0	0	0	0	142	0	0	0	0	0	0	0	0	0	0	0	0	0	0	0	0	0	0	0	0	0	0	0	0	0	0	0	0	0	0	0	0	0	0	139	0	0	0	0	0	0	0	0	0	0	0	0	0	0	0	0	0	0	0	0	0	0	0	0	0	0	0	0	0	0	0	0	0	0	0	149	0	0	0	0	0	0	0	0	0	0	0	0	0	0	0	0	0	0	0	0	0	0	0	0	0	0	0	0	0	0	0	0	0	0	0	0	0	0	0	0	0	0	0	0	0	0	0	0	0	0	0	0	0	0	0	0	0	0	0	0	0	0	0	0	0	0	0	0	0	0	0	0	159	0	0	0	0	0	0	0	0	0	0	0	0	0	0	0	0	0	0	0	0	0	0	0	0	0	0	0	0	0	0	0	0	0	0	0	0	0	0	0	0	0	0	0	0	0	0	0	0	0	0	0	0	0	0	0	0	0	0	0	0	0	0	0	0	0	0	0	0	0	0	0	0	0	0	0	0	0	0	0	0	0	0	0	0	0	0	0	0	0	0	0	0	0	0	0	0	0	0	0	0	0	0	0	0	0	0	0	0	0	0	0	0	0	0	0	0	0	0	0	0	0	0	0	0	0	0	0	0	0	0	0	0	0	0	0	0	0	0	0	0	0	0	0	0	158	0	0	0	0	0	0	0	0	0	0	0	0	0	0	0	0	0	0	0	0	0	0	0	0	0	0	0	0	0	0	0	0	0	0	0	0	0	0	0	0	0	0	0	0	0	0	0	0	0	0	0	0	0	0	0	0	0	0	0	0	0	0	109	0	0	0	0	0	0	0	0	0	0	0	0	0	0	0	0	0	0	0	0	0	0	0	0	0	0	0	0	0	0	0	0	0	0	0	0	0	0	50	0	0	0	0	0	0	0	0	0	0	0	0	0	0	0	0	0	0	0	0	0	0	0	0	0	0	0	0	0	0	139	0	0	0	0	0	0	0	0
9	0	0	0	0	0	0	0	0	0	0	0	0	0	0	0	0	0	0	0	0	0	0	0	0	0	0	0	0	0	0	0	0	0	0	0	0	0	0	0	0	0	0	0	0	0	0	0	0	0	0	0	0	0	0	0	0	0	0	0	0	0	0	0	0	0	0	0	0	0	0	0	0	0	0	0	0	0	0	0	0	0	0	0	0	0	0	0	0	0	0	0	0	0	0	0	0	0	0	0	0	0	0	0	0	3	0	0	0	0	0	0	0	0	0	0	0	0	0	0	0	0	0	0	0	0	0	0	0	0	0	0	0	0	0	0	0	0	18	0	0	0	0	0	0	0	0	0	0	0	0	0	0	0	0	0	0	1	0	0	0	0	0	7	0	0	0	0	0	0	0	0	0	0	0	0	0	0	0	0	0	0	0	0	0	0	0	0	0	0	0	0	0	0	0	0	0	0	0	0	0	0	0	0	188	0	0	0	0	0	3	91	0	50	0	0	0	0	0	0	0	0	0	0	0	0	0	0	73	0	0	0	0	0	0	0	0	0	0	0	0	0	0	0	0	7	0	0	0	0	0	0	0	0	0	0	0	0	0	0	0	0	0	0	0	0	0	1	0	0	0	0	0	0	0	0	0	0	0	0	0	0	0	0	0	0	0	0	0	0	0	0	0	0	0	0	0	0	0	0	4	0	175	0	17	0	17	0	5	0	8	0	97	0	0	0	0	0	0	0	0	0	0	0	0	289	3	0	0	0	35	0	0	0	0	0	31	0	0	15	0	11	79	0	94	0	116	0	0	0	0	14	0	18	0	25	0	0	0	0	0	6	0	38	0	0	0	0	0	0	0	0	0	0	0	0	0	0	0	2	0	13	71	80	0	10	1	51	0	0	0	0	0	0	103	205	39	0	0	209	0	74	55	0	0	0	188	0	33	0	27	59	6	63	165	51	167	0	89	103	35	290	3	0	0	38	0	0	0	0	0	0	115	50	0	0	0	0	5	16	41	0	180	0	0	62	0	0	0	0	39	135	54	0	0	0	195	0	0	0	307	0	103	0	0	0	0	0	26	0	0	83	0	12	0	0	0	0	0	142	0	0	0	0	1	0	0	0	0	0	83	215	0	39	0	37	0	158	56	133	0	51	0	0	0	0	0	0	0	0	0	0	0	0	0	0	0	0	0	0	0	0	0	0	0	0	0	0	0	0	0	0	0	0	0	0	0	0	0	0	0	0	0	0	135	0	0	0	0	0	0	0	0	0	0	0	0	0	0	0	0	0	0	65	0	0	0	0	0	0	51	0	0	0	0	0	0	0	0	0	0	0	0	0	0	0	0	0	0	0	0	0	0	0	0	0	0	0	0	0	0	0	0	0	0	145	0	0	0	0	0	0	0	0	0	0	0	0	0	0	0	0	0	0	0	0	0	0	0	0	0	0	0	0	0	0	0	0	0	0	0	118	0	0	0	0	0	0	0	0	0	0	0	0	0	0	0	0	0	0	0	0	0	0	0	0	0	0	0	0	0	0	0	0	0	0	0	0	0	0	0	0	0	0	0	0	0	0	0	0	0	0	0	0	0	0	0	0	0	0	0	0	0	0	0	0	0	0	0	0	0	0	0	0	75	0	0	0	0	0	0	0	0	0	0	0	0	0	0	0	0	0	0	0	0	0	0	0	0	0	0	0	0	0	0	0	0	0	0	0	0	0	0	0	0	0	0	0	0	0	0	0	0	0	0	0	0	0	0	0	0	0	0	0	0	0	0	0	0	0	0	0	0	0	0	0	0	0	0	0	0	0	0	0	0	0	0	0	0	0	0	0	0	0	0	0	0	0	0	0	0	0	0	0	0	0	0	0	0	0	0	0	0	0	0	0	0	0	0	0	0	0	0	0	0	0	0	0	0	0	0	0	0	0	0	0	0	0	0	0	0	0	0	0	0	0	0	0	0	37	0	0	0	0	0	0	0	0	0	0	0	0	0	0	0	0	0	0	0	0	0	0	0	0	0	0	0	0	0	0	0	0	0	0	0	0	0	0	0	0	0	0	0	0	0	0	0	0	0	0	0	0	0	0	0	0	0	0	0	0	0	0	85	0	0	0	0	0	0	0	0	0	0	0	0	0	0	0	0	0	0	0	0	0	0	0	0	0	0	0	0	0	0	0	0	0	0	0	0	0	0	149	0	0	0	0	0	0	0	0	0	0	0	0	0	0	0	0	0	0	0	0	0	0	0	0	0	0	0	0	0	0	233	0	0	0	0	0	0	0	0
10	0	0	0	0	0	0	0	0	0	0	0	0	0	0	0	0	0	0	0	0	0	0	0	0	0	0	0	0	0	0	0	0	0	0	0	0	0	0	0	0	0	0	0	0	0	0	0	0	0	0	0	0	0	0	0	0	0	0	0	40	0	0	0	0	0	0	0	0	0	0	0	13	0	0	0	0	0	0	0	0	0	0	0	0	0	0	0	0	0	0	0	0	0	0	0	0	0	0	0	0	0	0	0	0	0	0	0	0	0	0	0	0	0	0	0	0	0	0	0	0	0	0	0	0	0	0	0	0	0	0	0	0	0	0	0	0	0	0	0	0	0	0	0	0	0	0	0	0	0	0	0	0	0	0	8	0	0	0	0	0	0	0	0	0	0	0	0	0	0	0	0	0	0	0	0	0	0	0	0	0	0	0	0	0	0	0	0	0	0	0	0	0	0	0	0	0	0	0	0	0	0	0	0	4	0	0	27	0	0	0	0	0	120	0	0	0	0	0	0	0	0	0	0	0	0	0	0	82	0	0	0	0	0	0	0	0	0	0	0	0	0	0	3	0	0	0	109	0	0	0	0	0	0	0	2	0	0	0	0	0	0	0	0	0	0	0	0	0	2	0	0	0	0	0	0	0	0	0	0	0	0	0	0	0	0	0	0	0	0	0	0	0	0	0	0	0	0	0	0	0	0	76	0	0	0	76	0	0	0	0	0	35	0	0	0	0	0	0	0	0	0	0	0	0	15	0	0	0	0	65	0	0	0	0	0	0	0	0	0	0	43	89	1	86	0	100	0	1	3	6	0	0	0	0	137	0	0	0	0	0	0	0	0	2	0	0	0	0	0	0	0	0	0	0	0	0	0	0	0	13	0	67	32	0	31	0	66	0	0	0	0	0	0	40	153	9	0	0	13	0	125	244	0	0	6	13	0	55	0	321	81	297	43	168	84	78	0	22	12	32	22	0	0	0	0	0	0	0	0	0	0	337	134	0	0	0	0	0	30	38	2	50	0	0	105	0	0	0	0	108	113	41	0	0	0	85	0	0	0	109	0	30	0	0	0	0	0	0	0	2	121	0	0	0	0	0	0	0	0	0	0	0	0	0	0	0	0	0	0	15	55	0	102	0	83	0	84	216	63	0	33	0	0	0	0	0	0	0	0	0	0	0	0	0	0	0	0	0	0	0	0	0	0	0	0	0	0	0	0	0	0	0	0	0	0	0	0	0	0	0	0	0	0	66	0	0	0	0	0	0	0	0	0	0	0	0	0	0	0	0	0	0	94	0	0	0	0	0	0	143	0	0	0	0	0	0	0	0	0	0	0	0	0	0	0	0	0	0	0	0	0	0	0	0	0	0	0	0	0	0	0	0	0	0	35	0	0	0	0	0	0	0	0	0	0	0	0	0	0	0	0	0	0	0	0	0	0	0	0	0	0	0	0	0	0	0	0	0	0	0	381	0	0	0	0	0	0	0	0	0	0	0	0	0	0	0	0	0	0	0	0	0	0	0	0	0	0	0	0	0	0	0	0	0	0	0	0	0	0	0	0	0	0	0	0	0	0	0	0	0	0	0	0	0	0	0	0	0	0	0	0	0	0	0	0	0	0	0	0	0	0	0	0	154	0	0	0	0	0	0	0	0	0	0	0	0	0	0	0	0	0	0	0	0	0	0	0	0	0	0	0	0	0	0	0	0	0	0	0	0	0	0	0	0	0	0	0	0	0	0	0	0	0	0	0	0	0	0	0	0	0	0	0	0	0	0	0	0	0	0	0	0	0	0	0	0	0	0	0	0	0	0	0	0	0	0	0	0	0	0	0	0	0	0	0	0	0	0	0	0	0	0	0	0	0	0	0	0	0	0	0	0	0	0	0	0	0	0	0	0	0	0	0	0	0	0	0	0	0	0	0	0	0	0	0	0	0	0	0	0	0	0	0	0	0	0	0	0	60	0	0	0	0	0	0	0	0	0	0	0	0	0	0	0	0	0	0	0	0	0	0	0	0	0	0	0	0	0	0	0	0	0	0	0	0	0	0	0	0	0	0	0	0	0	0	0	0	0	0	0	0	0	0	0	0	0	0	0	0	0	0	21	0	0	0	0	0	0	0	0	0	0	0	0	0	0	0	0	0	0	0	0	0	0	0	0	0	0	0	0	0	0	0	0	0	0	0	0	0	0	39	0	0	0	0	0	0	0	0	0	0	0	0	0	0	0	0	0	0	0	0	0	0	0	0	0	0	0	0	0	0	41	0	0	0	0	0	0	0	0
11	0	0	0	0	0	2	0	0	0	0	0	0	0	0	0	0	0	0	15	0	0	0	0	0	0	0	0	0	0	0	0	0	0	0	0	0	0	0	0	0	0	0	0	0	0	0	0	0	0	0	0	0	0	0	0	0	0	0	0	0	0	0	0	0	0	0	0	0	0	0	0	0	0	0	0	0	0	0	0	0	0	0	0	0	0	0	0	0	0	0	0	0	0	0	0	0	0	60	0	0	119	0	0	0	0	0	0	0	0	0	0	0	0	0	0	0	0	0	0	0	0	0	0	0	0	0	0	0	0	0	0	0	0	0	0	0	0	0	0	0	0	0	0	0	0	0	0	0	0	0	0	0	0	0	0	0	0	0	0	0	0	0	0	0	0	0	0	0	0	0	0	0	0	0	0	0	0	0	0	0	0	1	0	0	0	0	0	25	0	0	0	0	0	0	0	0	0	0	0	0	4	0	0	40	0	0	0	0	0	0	0	0	67	0	0	0	0	0	0	0	0	0	0	0	0	0	0	10	0	0	0	0	0	0	0	2	0	0	0	0	0	0	0	0	0	0	74	0	0	0	0	4	0	0	0	0	0	0	0	0	0	0	0	0	0	0	0	0	0	0	26	0	0	0	0	0	0	0	0	0	0	0	0	0	18	0	0	0	0	0	0	0	0	0	0	26	0	0	0	0	0	209	0	57	0	137	0	0	0	3	0	12	0	0	0	0	0	0	0	0	0	3	0	0	132	0	0	0	0	24	0	0	0	0	3	26	0	0	0	4	11	52	34	140	0	61	0	0	0	0	39	0	0	0	93	0	0	0	13	0	1	0	0	0	0	0	0	0	0	0	0	0	0	0	0	0	10	0	0	0	25	145	52	0	103	0	68	98	1	0	0	0	0	320	58	104	0	4	52	6	85	284	6	0	0	112	0	72	0	270	317	173	110	62	37	50	72	51	0	138	15	11	0	0	0	17	0	0	0	0	0	72	199	0	0	0	0	0	0	46	0	167	0	0	132	0	0	4	0	72	40	60	0	0	0	29	0	0	1	17	0	126	0	20	0	0	0	42	0	41	45	0	0	0	0	0	0	0	128	0	0	12	0	19	0	0	0	0	0	67	58	0	44	2	64	0	148	255	124	0	103	0	0	0	0	0	0	0	0	0	0	0	0	0	0	0	0	0	0	0	0	0	0	0	0	0	0	0	0	0	0	0	0	0	0	0	0	0	0	0	0	0	0	87	0	0	0	0	0	0	0	0	0	0	0	0	0	0	0	0	0	0	80	0	0	0	0	0	0	78	0	0	0	0	0	0	0	0	0	0	0	0	0	0	0	0	0	0	0	0	0	0	0	0	0	0	0	0	0	0	0	0	0	0	78	0	0	0	0	0	0	0	0	0	0	0	0	0	0	0	0	0	0	0	0	0	0	0	0	0	0	0	0	0	0	0	0	0	0	0	120	0	0	0	0	0	0	0	0	0	0	0	0	0	0	0	0	0	0	0	0	0	0	0	0	0	0	0	0	0	0	0	0	0	0	0	0	0	0	0	0	0	0	0	0	0	0	0	0	0	0	0	0	0	0	0	0	0	0	0	0	0	0	0	0	0	0	0	0	0	0	0	0	30	0	0	0	0	0	0	0	0	0	0	0	0	0	0	0	0	0	0	0	0	0	0	0	0	0	0	0	0	0	0	0	0	0	0	0	0	0	0	0	0	0	0	0	0	0	0	0	0	0	0	0	0	0	0	0	0	0	0	0	0	0	0	0	0	0	0	0	0	0	0	0	0	0	0	0	0	0	0	0	0	0	0	0	0	0	0	0	0	0	0	0	0	0	0	0	0	0	0	0	0	0	0	0	0	0	0	0	0	0	0	0	0	0	0	0	0	0	0	0	0	0	0	0	0	0	0	0	0	0	0	0	0	0	0	0	0	0	0	0	0	0	0	0	0	210	0	0	0	0	0	0	0	0	0	0	0	0	0	0	0	0	0	0	0	0	0	0	0	0	0	0	0	0	0	0	0	0	0	0	0	0	0	0	0	0	0	0	0	0	0	0	0	0	0	0	0	0	0	0	0	0	0	0	0	0	0	0	208	0	0	0	0	0	0	0	0	0	0	0	0	0	0	0	0	0	0	0	0	0	0	0	0	0	0	0	0	0	0	0	0	0	0	0	0	0	0	21	0	0	0	0	0	0	0	0	0	0	0	0	0	0	0	0	0	0	0	0	0	0	0	0	0	0	0	0	0	0	166	0	0	0	0	0	0	0	0
12	0	0	0	0	0	0	0	0	0	0	0	0	0	0	0	0	25	0	0	0	0	0	0	0	0	0	0	0	0	0	0	0	0	0	0	0	0	0	0	0	0	0	0	0	0	0	0	0	0	0	0	0	0	0	0	0	0	0	0	0	0	0	0	0	0	0	0	0	0	0	0	0	0	0	0	0	0	0	0	0	0	0	0	0	0	0	0	0	0	0	0	0	0	0	0	0	0	0	0	0	0	0	17	0	0	0	0	0	0	0	0	0	0	0	0	0	0	0	0	0	0	0	0	0	0	0	0	0	0	0	0	0	0	0	0	0	0	0	0	0	0	0	0	0	0	0	0	0	0	0	0	1	0	0	0	0	0	0	0	0	0	0	0	0	0	0	0	0	0	0	0	0	0	0	0	0	0	0	0	0	0	0	3	0	0	0	0	0	0	0	0	0	0	0	0	0	0	0	0	0	0	0	0	20	0	0	0	0	3	0	40	0	96	0	0	0	0	0	0	0	0	0	0	0	0	0	0	5	0	0	0	0	0	0	0	0	0	0	0	0	0	0	0	0	0	1	29	0	7	0	0	0	0	0	0	0	0	0	0	0	0	0	9	0	0	0	0	0	0	0	0	0	0	0	0	0	0	0	0	0	0	0	0	6	0	0	0	0	0	0	0	0	0	0	0	0	0	0	0	0	0	86	0	115	0	10	0	0	0	0	0	74	0	0	0	0	0	0	0	0	0	0	0	0	10	0	0	0	0	136	0	0	0	0	0	0	0	0	0	0	67	137	0	164	0	71	0	0	0	0	0	0	0	0	130	0	0	0	0	0	0	0	5	0	0	0	0	0	0	0	6	0	0	0	0	0	59	0	0	0	81	245	4	0	245	0	31	0	0	0	0	39	0	45	49	99	0	0	24	0	84	7	0	0	0	96	0	35	0	188	55	47	145	101	30	165	12	107	117	224	78	9	0	0	0	0	0	1	0	0	0	78	146	0	0	0	0	0	0	96	0	42	0	0	69	0	0	0	0	39	84	37	0	0	0	269	0	0	13	106	0	36	0	0	0	0	31	17	0	0	68	0	0	0	0	0	0	0	24	0	0	0	0	5	0	0	0	0	0	46	12	0	66	0	73	0	80	112	87	0	120	0	0	0	0	0	0	0	0	0	0	0	0	0	0	0	0	0	0	0	0	0	0	0	0	0	0	0	0	0	0	0	0	0	0	0	0	0	0	0	0	0	0	22	0	0	0	0	0	0	0	0	0	0	0	0	0	0	0	0	0	0	209	0	0	0	0	0	0	50	0	0	0	0	0	0	0	0	0	0	0	0	0	0	0	0	0	0	0	0	0	0	0	0	0	0	0	0	0	0	0	0	0	0	53	0	0	0	0	0	0	0	0	0	0	0	0	0	0	0	0	0	0	0	0	0	0	0	0	0	0	0	0	0	0	0	0	0	0	0	43	0	0	0	0	0	0	0	0	0	0	0	0	0	0	0	0	0	0	0	0	0	0	0	0	0	0	0	0	0	0	0	0	0	0	0	0	0	0	0	0	0	0	0	0	0	0	0	0	0	0	0	0	0	0	0	0	0	0	0	0	0	0	0	0	0	0	0	0	0	0	0	0	191	0	0	0	0	0	0	0	0	0	0	0	0	0	0	0	0	0	0	0	0	0	0	0	0	0	0	0	0	0	0	0	0	0	0	0	0	0	0	0	0	0	0	0	0	0	0	0	0	0	0	0	0	0	0	0	0	0	0	0	0	0	0	0	0	0	0	0	0	0	0	0	0	0	0	0	0	0	0	0	0	0	0	0	0	0	0	0	0	0	0	0	0	0	0	0	0	0	0	0	0	0	0	0	0	0	0	0	0	0	0	0	0	0	0	0	0	0	0	0	0	0	0	0	0	0	0	0	0	0	0	0	0	0	0	0	0	0	0	0	0	0	0	0	0	134	0	0	0	0	0	0	0	0	0	0	0	0	0	0	0	0	0	0	0	0	0	0	0	0	0	0	0	0	0	0	0	0	0	0	0	0	0	0	0	0	0	0	0	0	0	0	0	0	0	0	0	0	0	0	0	0	0	0	0	0	0	0	59	0	0	0	0	0	0	0	0	0	0	0	0	0	0	0	0	0	0	0	0	0	0	0	0	0	0	0	0	0	0	0	0	0	0	0	0	0	0	85	0	0	0	0	0	0	0	0	0	0	0	0	0	0	0	0	0	0	0	0	0	0	0	0	0	0	0	0	0	0	97	0	0	0	0	0	0	0	0
13	0	0	0	0	0	0	0	0	0	0	0	0	0	0	0	0	8	0	0	0	0	0	0	0	0	0	0	0	0	0	0	0	0	0	0	0	0	0	0	0	0	0	0	0	0	0	0	0	0	0	0	0	0	0	0	0	0	0	0	0	0	0	0	0	0	0	0	0	0	0	0	0	0	0	0	0	0	46	0	0	0	0	0	0	0	0	0	0	0	0	0	0	0	0	0	0	0	0	0	0	0	0	0	0	0	0	0	0	0	0	0	0	0	0	0	0	0	0	0	0	0	0	0	0	0	0	0	0	0	0	0	0	0	0	60	0	0	0	0	0	0	0	0	0	0	0	0	0	0	0	0	0	0	0	0	0	0	0	0	0	0	0	0	0	0	0	0	0	0	0	0	0	0	0	0	0	0	0	0	0	0	0	0	0	0	0	0	22	0	0	0	0	0	0	0	0	13	0	0	0	0	2	0	164	0	0	0	0	0	0	2	0	168	0	0	0	0	0	0	0	0	0	0	0	0	0	0	0	0	0	0	0	1	0	0	0	0	0	0	0	0	0	0	0	0	0	0	0	0	0	0	0	0	0	0	0	0	0	0	0	0	0	0	0	0	0	0	0	0	0	0	0	0	0	0	0	0	0	0	0	0	0	0	0	3	0	0	0	0	0	0	0	0	0	0	0	0	0	0	0	0	86	0	41	0	99	0	4	0	0	0	0	0	0	0	0	0	0	0	0	0	0	0	0	93	0	0	0	0	52	0	0	0	0	0	0	0	0	0	0	69	12	0	70	0	36	0	0	0	0	0	0	0	0	15	0	0	0	0	0	0	0	0	0	0	0	0	0	0	0	0	0	0	0	0	0	0	0	0	21	72	56	84	0	13	0	31	8	0	0	0	0	0	124	38	72	0	0	55	0	92	406	0	0	0	10	0	18	0	20	158	298	126	72	114	25	0	47	122	31	0	0	0	0	0	0	0	0	0	0	0	56	139	0	0	0	0	0	0	92	0	149	0	0	136	0	0	0	4	25	107	259	0	0	0	128	0	0	0	195	4	62	0	0	0	0	0	0	0	0	237	0	8	0	0	0	0	0	190	0	0	0	0	0	0	0	0	0	0	16	8	0	203	0	1	0	55	87	75	0	169	0	0	0	0	0	0	0	0	0	0	0	0	0	0	0	0	0	0	0	0	0	0	0	0	0	0	0	0	0	0	0	0	0	0	0	0	0	0	0	0	0	0	30	0	0	0	0	0	0	0	0	0	0	0	0	0	0	0	0	0	0	60	0	0	0	0	0	0	44	0	0	0	0	0	0	0	0	0	0	0	0	0	0	0	0	0	0	0	0	0	0	0	0	0	0	0	0	0	0	0	0	0	0	181	0	0	0	0	0	0	0	0	0	0	0	0	0	0	0	0	0	0	0	0	0	0	0	0	0	0	0	0	0	0	0	0	0	0	0	76	0	0	0	0	0	0	0	0	0	0	0	0	0	0	0	0	0	0	0	0	0	0	0	0	0	0	0	0	0	0	0	0	0	0	0	0	0	0	0	0	0	0	0	0	0	0	0	0	0	0	0	0	0	0	0	0	0	0	0	0	0	0	0	0	0	0	0	0	0	0	0	0	250	0	0	0	0	0	0	0	0	0	0	0	0	0	0	0	0	0	0	0	0	0	0	0	0	0	0	0	0	0	0	0	0	0	0	0	0	0	0	0	0	0	0	0	0	0	0	0	0	0	0	0	0	0	0	0	0	0	0	0	0	0	0	0	0	0	0	0	0	0	0	0	0	0	0	0	0	0	0	0	0	0	0	0	0	0	0	0	0	0	0	0	0	0	0	0	0	0	0	0	0	0	0	0	0	0	0	0	0	0	0	0	0	0	0	0	0	0	0	0	0	0	0	0	0	0	0	0	0	0	0	0	0	0	0	0	0	0	0	0	0	0	0	0	0	56	0	0	0	0	0	0	0	0	0	0	0	0	0	0	0	0	0	0	0	0	0	0	0	0	0	0	0	0	0	0	0	0	0	0	0	0	0	0	0	0	0	0	0	0	0	0	0	0	0	0	0	0	0	0	0	0	0	0	0	0	0	0	109	0	0	0	0	0	0	0	0	0	0	0	0	0	0	0	0	0	0	0	0	0	0	0	0	0	0	0	0	0	0	0	0	0	0	0	0	0	0	72	0	0	0	0	0	0	0	0	0	0	0	0	0	0	0	0	0	0	0	0	0	0	0	0	0	0	0	0	0	0	119	0	0	0	0	0	0	0	0
14	0	0	0	0	0	0	0	0	0	0	0	0	0	0	0	0	0	0	0	0	0	0	0	0	0	0	0	0	0	0	0	0	0	0	0	0	0	0	0	0	1	0	0	0	0	0	0	0	0	0	0	0	0	0	0	0	0	0	0	4	0	0	0	0	0	0	0	0	0	0	0	0	0	0	0	0	0	0	0	0	0	0	0	0	0	0	0	0	0	0	0	43	0	0	0	0	0	0	0	0	0	0	0	0	40	0	0	0	0	0	0	0	0	0	0	0	0	0	0	0	0	0	0	0	30	0	0	0	0	0	0	0	0	0	0	0	0	0	0	0	0	0	0	0	16	0	0	0	0	0	0	0	0	0	0	0	0	0	0	0	0	0	0	11	0	0	0	0	0	0	0	0	0	0	0	0	0	0	0	0	0	0	0	0	0	0	0	0	0	0	0	0	0	0	0	72	0	0	17	0	30	0	0	45	6	11	0	0	0	0	0	0	58	0	0	0	0	0	0	0	0	0	0	0	0	0	0	27	0	0	0	0	0	0	0	0	0	0	0	0	0	42	0	0	7	0	153	0	0	2	0	0	0	0	0	0	0	0	0	22	0	0	0	0	0	0	0	0	0	0	0	0	0	0	0	0	0	0	0	0	0	0	0	0	16	0	0	0	0	0	0	0	1	0	0	3	1	0	0	0	0	191	3	6	0	100	0	0	0	0	0	204	0	0	0	0	6	2	0	0	0	0	0	0	0	0	0	0	0	146	0	1	0	0	0	1	0	1	0	4	78	133	15	30	0	72	0	0	0	0	15	0	0	0	28	0	0	0	0	5	0	0	0	0	0	0	0	0	0	0	0	23	0	9	0	3	0	0	44	12	71	5	0	0	223	0	155	18	0	0	0	0	1	62	12	141	0	11	50	0	195	155	0	0	0	133	0	22	2	48	47	107	75	82	229	124	70	30	7	106	99	0	0	0	21	142	0	0	0	0	0	243	44	0	7	0	0	0	0	233	0	42	0	0	47	0	0	0	0	136	177	71	0	0	0	448	0	0	0	61	0	156	0	0	0	0	12	0	0	0	47	0	0	0	11	0	0	3	37	0	0	0	0	35	0	17	0	0	0	64	235	0	102	0	34	0	109	83	50	0	36	0	0	0	0	0	0	0	0	0	0	0	0	0	0	0	0	0	0	0	0	0	0	0	0	0	0	0	0	0	0	0	0	0	0	0	0	0	0	0	0	0	0	85	0	0	0	0	0	0	0	0	0	0	0	0	0	0	0	0	0	0	108	0	0	0	0	0	0	90	0	0	0	0	0	0	0	0	0	0	0	0	0	0	0	0	0	0	0	0	0	0	0	0	0	0	0	0	0	0	0	0	0	0	81	0	0	0	0	0	0	0	0	0	0	0	0	0	0	0	0	0	0	0	0	0	0	0	0	0	0	0	0	0	0	0	0	0	0	0	45	0	0	0	0	0	0	0	0	0	0	0	0	0	0	0	0	0	0	0	0	0	0	0	0	0	0	0	0	0	0	0	0	0	0	0	0	0	0	0	0	0	0	0	0	0	0	0	0	0	0	0	0	0	0	0	0	0	0	0	0	0	0	0	0	0	0	0	0	0	0	0	0	197	0	0	0	0	0	0	0	0	0	0	0	0	0	0	0	0	0	0	0	0	0	0	0	0	0	0	0	0	0	0	0	0	0	0	0	0	0	0	0	0	0	0	0	0	0	0	0	0	0	0	0	0	0	0	0	0	0	0	0	0	0	0	0	0	0	0	0	0	0	0	0	0	0	0	0	0	0	0	0	0	0	0	0	0	0	0	0	0	0	0	0	0	0	0	0	0	0	0	0	0	0	0	0	0	0	0	0	0	0	0	0	0	0	0	0	0	0	0	0	0	0	0	0	0	0	0	0	0	0	0	0	0	0	0	0	0	0	0	0	0	0	0	0	0	82	0	0	0	0	0	0	0	0	0	0	0	0	0	0	0	0	0	0	0	0	0	0	0	0	0	0	0	0	0	0	0	0	0	0	0	0	0	0	0	0	0	0	0	0	0	0	0	0	0	0	0	0	0	0	0	0	0	0	0	0	0	0	32	0	0	0	0	0	0	0	0	0	0	0	0	0	0	0	0	0	0	0	0	0	0	0	0	0	0	0	0	0	0	0	0	0	0	0	0	0	0	368	0	0	0	0	0	0	0	0	0	0	0	0	0	0	0	0	0	0	0	0	0	0	0	0	0	0	0	0	0	0	129	0	0	0	0	0	0	0	0
15	0	0	0	0	0	0	0	0	0	0	0	0	0	0	0	0	0	0	0	0	0	0	0	0	0	0	0	0	0	0	0	0	0	0	0	0	0	0	0	0	0	0	0	0	0	0	0	0	0	0	0	0	0	0	0	0	0	0	0	0	0	0	0	0	0	0	0	0	0	0	0	0	0	0	0	0	0	0	0	0	0	0	0	0	0	0	0	0	0	0	0	0	0	0	0	0	0	0	0	0	0	0	98	0	0	0	0	0	0	0	0	0	0	0	0	0	0	0	0	0	0	0	0	0	0	0	0	0	0	0	0	0	0	0	0	0	0	0	0	0	0	0	0	0	0	0	0	0	0	0	0	0	0	0	0	0	0	0	0	1	0	0	0	0	0	0	0	0	0	0	0	0	0	0	0	0	0	0	0	0	0	0	0	0	0	0	0	0	0	0	0	0	0	0	0	0	0	0	0	0	1	0	12	218	0	0	0	0	0	0	0	0	23	0	0	0	0	0	0	0	0	0	0	0	0	0	0	0	0	0	0	0	0	0	0	0	0	0	0	0	0	0	0	0	0	0	55	0	8	0	0	0	0	0	0	0	0	0	6	4	0	0	0	0	0	0	0	0	0	0	0	0	0	0	0	0	0	0	0	0	0	0	0	0	0	0	0	0	0	0	0	3	0	0	0	0	0	0	0	0	0	44	0	10	0	0	0	0	1	0	0	0	0	0	0	0	0	0	0	0	0	0	0	0	6	0	0	0	0	67	0	0	0	0	0	0	0	0	0	0	126	132	0	93	0	23	0	0	0	0	0	0	0	0	66	0	0	0	0	0	0	0	0	0	1	0	0	0	0	0	0	0	0	3	0	0	0	0	1	28	0	44	51	0	90	0	78	0	0	0	0	0	1	107	11	71	0	0	31	0	40	88	3	0	0	79	0	84	0	14	81	82	143	143	88	106	0	160	0	19	0	0	0	2	0	63	0	0	0	0	0	129	64	0	0	0	0	0	0	73	0	206	0	0	173	1	0	0	0	48	201	71	0	0	0	262	0	0	0	207	0	53	0	0	0	0	0	1	0	0	117	0	0	0	0	0	0	0	87	0	0	0	0	0	0	0	0	0	0	76	24	0	96	0	36	0	72	99	24	0	62	0	0	0	0	0	0	0	0	0	0	0	0	0	0	0	0	0	0	0	0	0	0	0	0	0	0	0	0	0	0	0	0	0	0	0	0	0	0	0	0	0	0	48	0	0	0	0	0	0	0	0	0	0	0	0	0	0	0	0	0	0	222	0	0	0	0	0	0	124	0	0	0	0	0	0	0	0	0	0	0	0	0	0	0	0	0	0	0	0	0	0	0	0	0	0	0	0	0	0	0	0	0	0	241	0	0	0	0	0	0	0	0	0	0	0	0	0	0	0	0	0	0	0	0	0	0	0	0	0	0	0	0	0	0	0	0	0	0	0	143	0	0	0	0	0	0	0	0	0	0	0	0	0	0	0	0	0	0	0	0	0	0	0	0	0	0	0	0	0	0	0	0	0	0	0	0	0	0	0	0	0	0	0	0	0	0	0	0	0	0	0	0	0	0	0	0	0	0	0	0	0	0	0	0	0	0	0	0	0	0	0	0	107	0	0	0	0	0	0	0	0	0	0	0	0	0	0	0	0	0	0	0	0	0	0	0	0	0	0	0	0	0	0	0	0	0	0	0	0	0	0	0	0	0	0	0	0	0	0	0	0	0	0	0	0	0	0	0	0	0	0	0	0	0	0	0	0	0	0	0	0	0	0	0	0	0	0	0	0	0	0	0	0	0	0	0	0	0	0	0	0	0	0	0	0	0	0	0	0	0	0	0	0	0	0	0	0	0	0	0	0	0	0	0	0	0	0	0	0	0	0	0	0	0	0	0	0	0	0	0	0	0	0	0	0	0	0	0	0	0	0	0	0	0	0	0	0	137	0	0	0	0	0	0	0	0	0	0	0	0	0	0	0	0	0	0	0	0	0	0	0	0	0	0	0	0	0	0	0	0	0	0	0	0	0	0	0	0	0	0	0	0	0	0	0	0	0	0	0	0	0	0	0	0	0	0	0	0	0	0	39	0	0	0	0	0	0	0	0	0	0	0	0	0	0	0	0	0	0	0	0	0	0	0	0	0	0	0	0	0	0	0	0	0	0	0	0	0	0	49	0	0	0	0	0	0	0	0	0	0	0	0	0	0	0	0	0	0	0	0	0	0	0	0	0	0	0	0	0	0	48	0	0	0	0	0	0	0	0
16	0	0	0	0	0	0	0	0	0	0	0	0	0	0	0	0	0	0	0	0	0	0	0	0	0	0	0	0	0	0	0	0	0	0	0	0	0	0	0	0	0	0	0	0	0	0	0	0	0	0	0	0	0	0	0	0	0	0	0	0	0	0	0	0	0	0	0	0	0	0	0	0	0	0	0	0	0	0	0	0	0	0	0	0	0	0	0	0	0	0	0	0	0	0	0	0	8	0	0	0	0	0	0	0	0	0	0	0	2	0	0	0	0	0	0	0	0	0	0	0	0	0	0	0	0	0	0	0	0	0	0	0	0	0	0	0	0	0	0	0	0	0	11	0	0	0	0	0	0	0	0	0	0	0	0	0	0	0	0	0	0	0	0	0	0	0	0	0	0	0	0	0	0	0	0	0	0	0	0	0	0	0	0	0	0	0	0	0	0	0	0	0	19	0	0	0	0	0	0	0	0	0	0	105	0	0	0	0	0	0	22	0	44	0	0	0	0	0	0	0	0	0	0	0	0	0	0	0	0	0	0	0	1	0	0	0	0	0	0	0	0	0	0	0	0	0	0	0	0	0	0	6	0	0	0	0	0	0	0	0	0	0	0	0	0	0	27	0	0	0	0	0	0	3	0	0	0	0	0	0	0	0	0	0	40	0	0	0	0	0	0	0	0	0	0	0	0	0	0	0	51	77	0	290	0	3	0	6	0	0	0	0	0	0	0	0	0	0	0	0	0	0	0	0	6	0	0	0	0	21	0	0	0	0	0	0	0	8	0	0	81	114	1	115	0	289	0	0	0	0	0	0	0	0	104	0	0	0	0	0	0	0	0	0	0	0	0	0	0	0	0	0	0	0	17	0	3	0	0	0	0	21	10	0	254	0	159	0	0	0	0	0	0	124	331	15	0	0	128	0	85	104	0	0	0	59	0	263	0	369	14	194	180	28	121	60	18	96	190	157	19	1	0	0	0	12	0	0	0	0	0	26	70	0	0	0	0	0	13	79	0	14	0	0	42	0	0	0	0	160	63	48	0	0	0	53	0	0	0	131	0	70	0	0	0	0	0	0	0	0	85	0	0	0	0	0	0	35	12	0	0	0	0	7	0	0	0	0	0	47	75	0	59	0	61	0	114	109	86	0	32	0	0	0	0	0	0	0	0	0	0	0	0	0	0	0	0	0	0	0	0	0	0	0	0	0	0	0	0	0	0	0	0	0	0	0	0	0	0	0	0	0	0	22	0	0	0	0	0	0	0	0	0	0	0	0	0	0	0	0	0	0	53	0	0	0	0	0	0	76	0	0	0	0	0	0	0	0	0	0	0	0	0	0	0	0	0	0	0	0	0	0	0	0	0	0	0	0	0	0	0	0	0	0	26	0	0	0	0	0	0	0	0	0	0	0	0	0	0	0	0	0	0	0	0	0	0	0	0	0	0	0	0	0	0	0	0	0	0	0	23	0	0	0	0	0	0	0	0	0	0	0	0	0	0	0	0	0	0	0	0	0	0	0	0	0	0	0	0	0	0	0	0	0	0	0	0	0	0	0	0	0	0	0	0	0	0	0	0	0	0	0	0	0	0	0	0	0	0	0	0	0	0	0	0	0	0	0	0	0	0	0	0	254	0	0	0	0	0	0	0	0	0	0	0	0	0	0	0	0	0	0	0	0	0	0	0	0	0	0	0	0	0	0	0	0	0	0	0	0	0	0	0	0	0	0	0	0	0	0	0	0	0	0	0	0	0	0	0	0	0	0	0	0	0	0	0	0	0	0	0	0	0	0	0	0	0	0	0	0	0	0	0	0	0	0	0	0	0	0	0	0	0	0	0	0	0	0	0	0	0	0	0	0	0	0	0	0	0	0	0	0	0	0	0	0	0	0	0	0	0	0	0	0	0	0	0	0	0	0	0	0	0	0	0	0	0	0	0	0	0	0	0	0	0	0	0	0	23	0	0	0	0	0	0	0	0	0	0	0	0	0	0	0	0	0	0	0	0	0	0	0	0	0	0	0	0	0	0	0	0	0	0	0	0	0	0	0	0	0	0	0	0	0	0	0	0	0	0	0	0	0	0	0	0	0	0	0	0	0	0	104	0	0	0	0	0	0	0	0	0	0	0	0	0	0	0	0	0	0	0	0	0	0	0	0	0	0	0	0	0	0	0	0	0	0	0	0	0	0	83	0	0	0	0	0	0	0	0	0	0	0	0	0	0	0	0	0	0	0	0	0	0	0	0	0	0	0	0	0	0	81	0	0	0	0	0	0	0	0
17	0	0	0	0	0	0	0	0	0	0	0	0	0	0	0	0	0	0	0	0	0	0	0	0	0	0	0	0	0	0	0	0	0	0	0	0	0	0	45	0	0	0	0	0	0	0	0	0	15	0	0	0	0	0	0	0	0	0	0	0	0	0	0	0	0	0	0	0	0	0	0	0	0	0	0	0	0	0	0	0	0	0	0	0	0	0	0	0	0	0	0	0	0	0	0	0	0	0	0	0	0	0	0	0	0	0	0	0	0	0	0	0	0	0	0	0	0	0	0	0	0	0	0	0	0	0	0	0	0	0	0	0	0	0	0	0	0	0	0	0	0	0	0	0	0	0	0	0	0	0	0	0	0	0	0	0	0	0	0	0	0	0	0	0	0	0	0	0	0	0	0	0	0	0	0	0	0	0	0	0	0	0	0	0	0	0	0	0	0	0	0	0	0	0	0	0	0	0	0	0	0	0	0	383	0	0	0	0	0	0	0	0	25	0	0	0	0	0	0	0	0	0	0	0	0	0	0	0	0	0	0	0	0	0	0	0	32	0	0	0	0	0	0	0	0	0	61	0	0	0	0	0	0	0	24	0	0	0	0	0	0	1	0	1	0	0	0	0	0	0	0	0	0	0	0	0	0	0	0	0	0	0	0	0	12	0	0	4	0	0	0	0	0	0	0	0	0	0	0	0	0	57	0	102	0	88	0	0	0	0	0	25	0	0	0	0	0	0	0	0	0	0	0	0	41	0	0	0	0	67	0	0	0	0	0	0	0	4	0	0	56	50	0	200	5	66	0	0	0	0	0	0	0	0	56	0	0	0	0	1	0	0	0	0	0	0	0	0	0	0	0	0	0	9	0	0	0	0	0	0	2	159	1	0	42	0	3	0	0	0	0	0	0	28	6	131	0	0	8	0	47	133	0	0	0	73	0	89	0	21	206	140	236	186	161	122	38	33	0	19	99	0	39	0	0	15	0	0	0	0	0	93	58	0	0	0	0	0	0	25	0	140	0	0	18	0	0	2	0	32	126	298	0	0	0	104	0	0	0	26	0	12	0	0	0	0	0	0	0	0	31	0	0	0	0	0	0	0	21	0	6	10	0	4	0	0	0	0	0	61	8	0	52	0	142	0	45	173	7	0	208	0	0	0	0	0	0	0	0	0	0	0	0	0	0	0	0	0	0	0	0	0	0	0	0	0	0	0	0	0	0	0	0	0	0	0	0	0	0	0	0	0	0	265	0	0	0	0	0	0	0	0	0	0	0	0	0	0	0	0	0	0	5	0	0	0	0	0	0	88	0	0	0	0	0	0	0	0	0	0	0	0	0	0	0	0	0	0	0	0	0	0	0	0	0	0	0	0	0	0	0	0	0	0	276	0	0	0	0	0	0	0	0	0	0	0	0	0	0	0	0	0	0	0	0	0	0	0	0	0	0	0	0	0	0	0	0	0	0	0	49	0	0	0	0	0	0	0	0	0	0	0	0	0	0	0	0	0	0	0	0	0	0	0	0	0	0	0	0	0	0	0	0	0	0	0	0	0	0	0	0	0	0	0	0	0	0	0	0	0	0	0	0	0	0	0	0	0	0	0	0	0	0	0	0	0	0	0	0	0	0	0	0	149	0	0	0	0	0	0	0	0	0	0	0	0	0	0	0	0	0	0	0	0	0	0	0	0	0	0	0	0	0	0	0	0	0	0	0	0	0	0	0	0	0	0	0	0	0	0	0	0	0	0	0	0	0	0	0	0	0	0	0	0	0	0	0	0	0	0	0	0	0	0	0	0	0	0	0	0	0	0	0	0	0	0	0	0	0	0	0	0	0	0	0	0	0	0	0	0	0	0	0	0	0	0	0	0	0	0	0	0	0	0	0	0	0	0	0	0	0	0	0	0	0	0	0	0	0	0	0	0	0	0	0	0	0	0	0	0	0	0	0	0	0	0	0	0	77	0	0	0	0	0	0	0	0	0	0	0	0	0	0	0	0	0	0	0	0	0	0	0	0	0	0	0	0	0	0	0	0	0	0	0	0	0	0	0	0	0	0	0	0	0	0	0	0	0	0	0	0	0	0	0	0	0	0	0	0	0	0	54	0	0	0	0	0	0	0	0	0	0	0	0	0	0	0	0	0	0	0	0	0	0	0	0	0	0	0	0	0	0	0	0	0	0	0	0	0	0	97	0	0	0	0	0	0	0	0	0	0	0	0	0	0	0	0	0	0	0	0	0	0	0	0	0	0	0	0	0	0	116	0	0	0	0	0	0	0	0
18	0	0	0	0	0	0	0	0	0	0	0	0	0	0	0	0	0	0	0	0	0	0	0	0	0	0	0	0	0	0	0	0	0	0	0	0	0	0	0	0	0	0	0	0	0	0	0	0	0	0	0	0	0	0	0	0	0	0	0	0	0	0	0	0	0	0	0	0	0	0	0	0	0	0	0	0	0	0	0	0	0	0	0	0	0	0	0	0	0	0	0	0	0	0	0	0	0	0	0	0	0	0	0	0	0	0	0	0	0	0	0	0	0	0	0	0	0	0	0	0	0	0	0	0	24	0	0	0	0	0	0	0	0	0	0	0	0	65	0	0	0	0	0	0	0	0	0	0	0	0	0	0	0	0	0	17	0	29	0	0	0	0	0	0	0	0	0	0	0	5	0	0	0	0	0	0	59	0	0	0	0	0	0	0	0	0	0	1	0	0	0	0	0	0	0	0	0	0	0	0	38	7	0	83	0	0	0	0	0	0	77	0	82	0	7	0	0	0	0	0	0	0	0	0	0	0	0	27	0	0	0	1	0	0	0	0	0	0	0	0	0	0	0	0	0	0	256	0	0	0	0	0	12	0	0	0	0	0	0	0	0	0	0	1	0	0	0	0	4	0	0	31	0	0	0	0	0	0	0	0	0	0	0	39	83	0	0	0	0	0	0	0	0	0	0	27	0	0	0	15	0	230	0	41	0	100	0	0	0	0	0	376	0	6	0	0	0	0	0	0	0	0	0	0	15	0	0	0	9	59	0	5	0	0	0	13	0	0	129	2	131	72	2	189	3	140	0	0	0	0	0	0	0	0	151	0	0	0	0	0	0	4	3	0	0	0	1	0	0	0	286	21	0	0	0	0	5	0	0	0	30	55	5	0	73	0	143	0	0	0	0	0	0	90	93	194	0	0	98	75	175	88	1	0	0	216	0	108	0	57	100	83	238	67	23	70	26	57	154	28	0	0	0	0	0	85	0	23	0	0	0	184	3	0	16	0	0	0	0	258	56	101	0	0	119	0	1	2	0	135	10	80	1	0	0	128	0	0	1	9	0	69	0	0	0	0	0	63	0	0	32	0	0	0	0	0	39	7	105	0	0	0	0	81	0	0	0	0	2	150	17	0	43	0	53	0	141	208	146	0	98	0	0	0	0	0	0	0	0	0	0	0	0	0	0	0	0	0	0	0	0	0	0	0	0	0	0	0	0	0	0	0	0	0	0	0	0	0	0	0	0	0	0	48	0	0	0	0	0	0	0	0	0	0	0	0	0	0	0	0	0	0	45	0	0	0	0	0	0	107	0	0	0	0	0	0	0	0	0	0	0	0	0	0	0	0	0	0	0	0	0	0	0	0	0	0	0	0	0	0	0	0	0	0	181	0	0	0	0	0	0	0	0	0	0	0	0	0	0	0	0	0	0	0	0	0	0	0	0	0	0	0	0	0	0	0	0	0	0	0	116	0	0	0	0	0	0	0	0	0	0	0	0	0	0	0	0	0	0	0	0	0	0	0	0	0	0	0	0	0	0	0	0	0	0	0	0	0	0	0	0	0	0	0	0	0	0	0	0	0	0	0	0	0	0	0	0	0	0	0	0	0	0	0	0	0	0	0	0	0	0	0	0	45	0	0	0	0	0	0	0	0	0	0	0	0	0	0	0	0	0	0	0	0	0	0	0	0	0	0	0	0	0	0	0	0	0	0	0	0	0	0	0	0	0	0	0	0	0	0	0	0	0	0	0	0	0	0	0	0	0	0	0	0	0	0	0	0	0	0	0	0	0	0	0	0	0	0	0	0	0	0	0	0	0	0	0	0	0	0	0	0	0	0	0	0	0	0	0	0	0	0	0	0	0	0	0	0	0	0	0	0	0	0	0	0	0	0	0	0	0	0	0	0	0	0	0	0	0	0	0	0	0	0	0	0	0	0	0	0	0	0	0	0	0	0	0	0	291	0	0	0	0	0	0	0	0	0	0	0	0	0	0	0	0	0	0	0	0	0	0	0	0	0	0	0	0	0	0	0	0	0	0	0	0	0	0	0	0	0	0	0	0	0	0	0	0	0	0	0	0	0	0	0	0	0	0	0	0	0	0	37	0	0	0	0	0	0	0	0	0	0	0	0	0	0	0	0	0	0	0	0	0	0	0	0	0	0	0	0	0	0	0	0	0	0	0	0	0	0	65	0	0	0	0	0	0	0	0	0	0	0	0	0	0	0	0	0	0	0	0	0	0	0	0	0	0	0	0	0	0	66	0	0	0	0	0	0	0	0
19	0	0	0	0	0	0	0	0	0	0	0	0	0	0	0	0	0	0	0	0	0	0	0	0	0	0	0	0	0	0	0	0	0	0	0	0	0	0	0	0	0	0	0	0	0	0	0	0	0	0	0	0	0	0	0	0	0	0	0	0	0	0	0	0	0	0	0	0	0	0	0	0	0	0	0	0	0	0	0	0	0	0	0	0	0	0	0	0	0	0	0	0	0	0	0	0	0	0	0	0	0	0	0	0	1	0	0	0	0	0	0	0	0	0	0	0	0	0	0	0	0	0	0	0	0	0	0	0	0	0	0	0	0	0	0	0	0	0	0	0	0	0	0	0	0	0	0	0	23	0	0	0	0	0	5	0	0	0	0	0	0	0	0	0	0	0	0	0	0	0	0	0	0	0	0	0	0	0	0	0	0	0	0	0	0	0	0	0	0	0	0	0	0	0	8	0	0	0	0	0	0	0	0	116	0	0	0	0	0	34	0	0	54	0	0	0	0	0	0	0	0	27	0	0	0	0	0	0	0	0	0	0	1	0	0	0	0	0	0	0	0	0	0	0	0	0	34	0	0	0	0	0	0	0	0	0	1	0	0	0	0	0	1	0	0	0	0	2	0	0	0	0	0	0	0	15	0	0	0	0	2	0	0	0	2	0	35	0	0	0	0	0	0	0	0	53	0	0	0	0	0	102	0	73	0	13	0	4	0	0	0	90	0	0	0	0	0	0	0	0	42	0	0	0	53	0	0	0	0	91	0	0	0	0	0	7	0	0	0	0	45	80	0	190	0	157	0	0	0	0	0	0	0	0	135	0	0	0	0	0	0	0	0	0	0	0	0	0	0	0	0	0	0	0	0	0	67	0	32	0	13	324	53	0	85	0	12	0	0	0	3	0	0	127	14	85	0	0	45	0	103	49	6	0	0	9	0	324	0	61	122	212	42	106	98	120	83	111	61	54	100	0	0	0	0	18	0	5	0	0	0	180	213	0	0	0	0	0	0	111	0	186	0	0	126	0	0	0	0	133	175	32	0	0	0	145	79	0	0	78	0	72	0	0	2	0	0	0	0	0	26	0	0	0	0	0	0	0	14	0	0	0	0	32	0	0	0	0	0	4	52	0	152	0	7	0	66	193	139	0	33	0	0	0	0	0	0	0	0	0	0	0	0	0	0	0	0	0	0	0	0	0	0	0	0	0	0	0	0	0	0	0	0	0	0	0	0	0	0	0	0	0	0	14	0	0	0	0	0	0	0	0	0	0	0	0	0	0	0	0	0	0	141	0	0	0	0	0	0	107	0	0	0	0	0	0	0	0	0	0	0	0	0	0	0	0	0	0	0	0	0	0	0	0	0	0	0	0	0	0	0	0	0	0	83	0	0	0	0	0	0	0	0	0	0	0	0	0	0	0	0	0	0	0	0	0	0	0	0	0	0	0	0	0	0	0	0	0	0	0	128	0	0	0	0	0	0	0	0	0	0	0	0	0	0	0	0	0	0	0	0	0	0	0	0	0	0	0	0	0	0	0	0	0	0	0	0	0	0	0	0	0	0	0	0	0	0	0	0	0	0	0	0	0	0	0	0	0	0	0	0	0	0	0	0	0	0	0	0	0	0	0	0	20	0	0	0	0	0	0	0	0	0	0	0	0	0	0	0	0	0	0	0	0	0	0	0	0	0	0	0	0	0	0	0	0	0	0	0	0	0	0	0	0	0	0	0	0	0	0	0	0	0	0	0	0	0	0	0	0	0	0	0	0	0	0	0	0	0	0	0	0	0	0	0	0	0	0	0	0	0	0	0	0	0	0	0	0	0	0	0	0	0	0	0	0	0	0	0	0	0	0	0	0	0	0	0	0	0	0	0	0	0	0	0	0	0	0	0	0	0	0	0	0	0	0	0	0	0	0	0	0	0	0	0	0	0	0	0	0	0	0	0	0	0	0	0	0	50	0	0	0	0	0	0	0	0	0	0	0	0	0	0	0	0	0	0	0	0	0	0	0	0	0	0	0	0	0	0	0	0	0	0	0	0	0	0	0	0	0	0	0	0	0	0	0	0	0	0	0	0	0	0	0	0	0	0	0	0	0	0	65	0	0	0	0	0	0	0	0	0	0	0	0	0	0	0	0	0	0	0	0	0	0	0	0	0	0	0	0	0	0	0	0	0	0	0	0	0	0	98	0	0	0	0	0	0	0	0	0	0	0	0	0	0	0	0	0	0	0	0	0	0	0	0	0	0	0	0	0	0	130	0	0	0	0	0	0	0	0
20	0	0	0	0	0	0	0	0	0	0	0	0	0	0	0	0	0	0	0	0	0	0	0	0	0	0	0	0	0	0	0	0	0	0	0	0	0	0	0	0	0	0	0	0	0	0	0	0	0	0	0	0	0	0	0	0	0	0	0	0	0	0	0	0	0	0	0	0	0	0	0	0	0	0	0	0	0	0	0	0	0	0	0	0	0	0	0	0	0	0	0	0	0	0	0	0	0	0	0	0	0	0	0	0	0	0	0	0	0	0	0	0	0	0	0	0	0	0	0	0	0	0	0	0	0	0	0	0	0	0	0	0	0	0	0	0	0	0	0	0	0	0	0	0	0	0	0	0	0	0	0	0	0	0	0	0	0	0	0	0	0	0	0	0	0	0	0	0	0	0	0	0	0	0	0	0	0	0	0	0	0	0	0	0	0	0	0	0	0	0	0	0	0	0	0	0	0	0	0	0	0	0	0	140	0	0	0	0	0	0	0	0	131	0	0	0	0	0	0	0	0	0	0	0	0	0	0	0	0	0	0	5	0	0	0	0	0	0	0	0	0	0	0	0	0	0	115	0	0	0	0	0	0	0	0	0	0	0	0	0	0	0	0	0	0	14	0	0	0	0	0	0	0	0	0	0	0	0	0	18	0	0	0	0	0	0	0	0	0	0	0	0	0	0	0	0	0	0	0	0	0	96	0	45	0	0	0	0	0	0	0	1	0	0	0	0	0	0	0	0	0	0	0	0	0	0	0	0	0	26	0	0	4	0	0	0	0	0	0	0	71	43	0	197	0	241	0	0	0	0	0	0	0	0	31	0	0	0	0	0	0	0	0	0	0	0	0	0	0	0	0	0	0	0	0	0	0	0	0	0	0	49	68	0	114	0	186	0	0	0	0	0	0	40	87	56	0	0	15	0	71	29	0	0	0	155	0	72	0	48	33	119	155	19	62	124	0	25	25	213	0	0	0	0	0	9	0	0	0	0	0	102	156	0	0	26	0	0	0	23	0	9	0	0	167	0	0	0	0	152	43	182	0	0	0	77	0	0	0	83	0	100	0	0	0	0	0	0	0	0	36	0	0	0	0	0	0	0	80	0	0	0	0	0	0	0	0	0	0	10	149	0	42	0	43	0	116	12	52	0	29	0	0	0	0	0	0	0	0	0	0	0	0	0	0	0	0	0	0	0	0	0	0	0	0	0	0	0	0	0	0	0	0	0	0	0	0	0	0	0	0	0	0	31	0	0	0	0	0	0	0	0	0	0	0	0	0	0	0	0	0	0	65	0	0	0	0	0	0	51	0	0	0	0	0	0	0	0	0	0	0	0	0	0	0	0	0	0	0	0	0	0	0	0	0	0	0	0	0	0	0	0	0	0	202	0	0	0	0	0	0	0	0	0	0	0	0	0	0	0	0	0	0	0	0	0	0	0	0	0	0	0	0	0	0	0	0	0	0	0	98	0	0	0	0	0	0	0	0	0	0	0	0	0	0	0	0	0	0	0	0	0	0	0	0	0	0	0	0	0	0	0	0	0	0	0	0	0	0	28	0	0	0	0	0	0	0	0	0	0	0	0	0	0	0	0	0	0	0	0	0	0	0	0	0	0	0	0	0	0	0	0	0	264	0	0	0	0	0	0	0	0	0	0	0	0	0	0	0	0	0	0	0	0	0	0	0	0	0	0	0	0	0	0	0	0	0	0	0	0	0	0	0	0	0	0	0	0	0	0	0	0	0	0	0	0	0	0	0	0	0	0	0	0	0	0	0	0	0	0	0	0	0	0	0	0	0	0	0	0	0	0	0	0	0	0	0	0	0	0	0	0	0	0	0	0	0	0	0	0	0	0	0	0	0	0	0	0	0	0	0	0	0	0	0	0	0	0	0	0	0	0	0	0	0	0	0	0	0	0	0	0	0	0	0	0	0	0	0	0	0	0	0	0	0	0	0	0	315	0	0	0	0	0	0	0	0	0	0	0	0	0	0	0	0	0	0	0	0	0	0	0	0	0	0	0	0	0	0	0	0	0	0	0	0	0	0	0	0	0	0	0	0	0	0	0	0	0	0	0	0	0	0	0	0	0	0	0	0	0	0	45	0	0	0	0	0	0	0	0	0	0	0	0	0	0	0	0	0	0	0	0	0	0	0	0	0	0	0	0	0	0	0	0	0	0	0	0	0	0	48	0	0	0	0	0	0	0	0	0	0	0	0	0	0	0	0	0	0	0	0	0	0	0	0	0	0	0	0	0	0	165	0	0	0	0	0	0	0	0
21	0	0	0	0	0	0	0	0	0	0	0	0	0	0	0	0	0	0	0	0	0	0	0	0	0	0	0	0	0	0	0	0	0	0	0	0	0	0	30	0	0	0	0	0	0	0	0	0	0	0	0	0	0	0	0	0	0	0	0	0	0	0	0	0	0	0	0	0	0	0	0	0	0	0	0	0	0	0	0	0	0	0	0	0	0	0	0	0	0	0	0	0	0	0	0	0	0	0	0	0	0	0	0	0	0	0	0	0	0	0	0	0	0	0	0	0	0	0	0	0	0	0	0	0	0	0	4	0	0	0	0	0	0	0	0	0	0	0	0	0	0	0	0	0	0	0	0	0	0	0	0	0	0	0	0	0	0	0	0	0	0	0	0	0	41	0	0	0	0	0	0	0	0	0	0	0	0	0	0	0	0	0	0	0	0	0	0	0	0	0	0	0	6	0	0	0	2	0	0	0	0	0	0	64	0	0	0	0	0	0	0	0	92	0	0	0	0	0	0	0	0	0	0	0	0	0	0	0	0	0	0	0	0	0	0	0	0	0	0	0	0	0	0	0	0	0	21	0	0	0	0	0	0	0	0	0	0	1	0	0	0	0	0	2	0	0	0	0	0	0	0	2	0	0	0	0	0	0	0	0	0	0	0	0	28	0	0	0	0	0	0	0	0	0	0	0	0	0	0	3	0	130	0	32	0	32	0	0	0	0	0	0	0	0	0	0	2	3	0	0	0	0	0	0	56	0	0	0	0	110	0	1	0	0	0	0	0	0	0	0	28	102	0	67	0	42	0	0	0	0	0	0	0	0	52	0	0	0	0	0	0	0	0	0	0	5	0	0	0	0	19	0	0	0	44	0	0	0	0	0	79	88	18	0	0	0	194	0	0	0	0	0	5	85	50	53	9	0	118	0	182	121	0	0	0	155	0	35	0	67	91	166	0	66	94	1	0	57	46	205	0	0	0	0	0	0	82	0	0	0	0	205	136	1	1	0	0	0	0	29	32	155	0	0	202	0	1	0	0	77	66	162	0	0	0	124	0	0	29	60	0	36	0	0	0	0	0	0	0	0	291	0	0	0	0	0	0	0	120	0	3	1	0	0	0	0	0	0	0	93	24	0	30	0	126	0	101	36	116	0	144	0	0	0	0	0	0	0	0	0	0	0	0	0	0	0	0	0	0	0	0	0	0	0	0	0	0	0	0	0	0	0	0	0	0	0	0	0	0	0	0	0	0	47	0	0	0	0	0	0	0	0	0	0	0	0	0	0	0	0	0	0	106	0	0	0	0	0	0	165	0	0	0	0	0	0	0	0	0	0	0	0	0	0	0	0	0	0	0	0	0	0	0	0	0	0	0	0	0	0	0	0	0	0	169	0	0	0	0	0	0	0	0	0	0	0	0	0	0	0	0	0	0	0	0	0	0	0	0	0	0	0	0	0	0	0	0	0	0	0	87	0	0	0	0	0	0	0	0	0	0	0	0	0	0	0	0	0	0	0	0	0	0	0	0	0	0	0	0	0	0	0	0	0	0	0	0	0	0	0	0	0	0	0	0	0	0	0	0	0	0	0	0	0	0	0	0	0	0	0	0	0	0	0	0	0	0	0	0	0	0	0	0	40	0	0	0	0	0	0	0	0	0	0	0	0	0	0	0	0	0	0	0	0	0	0	0	0	0	0	0	0	0	0	0	0	0	0	0	0	0	0	0	0	0	0	0	0	0	0	0	0	0	0	0	0	0	0	0	0	0	0	0	0	0	0	0	0	0	0	0	0	0	0	0	0	0	0	0	0	0	0	0	0	0	0	0	0	0	0	0	0	0	0	0	0	0	0	0	0	0	0	0	0	0	0	0	0	0	0	0	0	0	0	0	0	0	0	0	0	0	0	0	0	0	0	0	0	0	0	0	0	0	0	0	0	0	0	0	0	0	0	0	0	0	0	0	0	63	0	0	0	0	0	0	0	0	0	0	0	0	0	0	0	0	0	0	0	0	0	0	0	0	0	0	0	0	0	0	0	0	0	0	0	0	0	0	0	0	0	0	0	0	0	0	0	0	0	0	0	0	0	0	0	0	0	0	0	0	0	0	61	0	0	0	0	0	0	0	0	0	0	0	0	0	0	0	0	0	0	0	0	0	0	0	0	0	0	0	0	0	0	0	0	0	0	0	0	0	0	69	0	0	0	0	0	0	0	0	0	0	0	0	0	0	0	0	0	0	0	0	0	0	0	0	0	0	0	0	0	0	42	0	0	0	0	0	0	0	0
22	0	0	0	0	0	0	0	0	0	0	0	0	0	0	0	0	0	0	0	0	0	0	0	0	0	0	0	0	0	0	0	0	0	0	0	0	0	0	0	0	0	0	0	0	0	0	0	0	0	0	0	0	0	0	0	0	0	0	0	0	0	0	0	0	0	0	0	0	0	0	0	0	0	0	0	0	0	0	0	0	0	0	0	0	0	0	0	0	0	0	0	0	0	0	1	0	0	0	0	0	0	0	0	0	0	0	0	0	0	0	8	0	0	0	0	0	0	0	0	0	0	0	0	0	0	0	0	0	0	0	0	0	0	0	0	0	0	15	0	0	0	0	0	0	0	0	0	0	0	0	0	0	0	0	4	0	0	0	1	0	0	0	0	0	0	4	0	0	0	0	0	0	0	0	0	0	0	0	0	0	0	0	0	0	0	0	0	0	0	0	0	0	36	0	0	0	0	0	0	0	0	0	0	41	0	0	1	0	0	3	25	0	394	0	0	0	0	0	0	2	0	0	0	0	0	0	0	0	0	0	0	0	0	0	0	0	0	0	0	0	0	0	0	0	30	0	0	0	0	0	11	0	0	0	0	0	0	0	0	0	0	0	0	0	0	0	0	0	0	0	0	0	0	0	0	0	0	0	0	0	0	0	0	0	6	0	0	0	0	0	0	0	0	0	0	36	0	0	0	18	0	364	0	133	0	22	0	0	0	0	0	44	0	0	0	0	0	0	0	0	0	0	0	0	197	0	0	0	21	43	0	0	0	0	0	8	0	0	0	29	21	118	0	89	0	58	0	0	0	0	0	0	0	0	117	0	0	0	16	0	0	0	0	0	0	0	0	0	0	0	31	0	0	0	0	0	2	0	0	0	3	61	77	0	46	0	111	15	0	0	0	0	0	128	172	170	0	0	83	0	77	139	0	0	0	251	0	75	0	44	103	150	53	31	54	133	0	227	239	69	43	0	0	0	0	0	2	0	0	0	0	85	83	0	4	7	0	0	0	136	1	116	0	0	46	0	0	0	0	32	103	96	15	0	0	356	0	0	0	6	0	28	0	0	0	0	0	174	0	6	35	0	0	0	0	0	0	0	7	0	0	91	0	0	0	0	0	0	0	4	179	0	80	0	81	0	58	91	2	0	120	0	0	0	0	0	0	0	0	0	0	0	0	0	0	0	0	0	0	0	0	0	0	0	0	0	0	0	0	0	0	0	0	0	0	0	0	0	0	0	0	0	0	303	0	0	0	0	0	0	0	0	0	0	0	0	0	0	0	0	0	0	49	0	0	0	0	0	0	19	0	0	0	0	0	0	0	0	0	0	0	0	0	0	0	0	0	0	0	0	0	0	0	0	0	0	0	0	0	0	0	0	0	0	81	0	0	0	0	0	0	0	0	0	0	0	0	0	0	0	0	0	0	0	0	0	0	0	0	0	0	0	0	0	0	0	0	0	0	0	132	0	0	0	0	0	0	0	0	0	0	0	0	0	0	0	0	0	0	0	0	0	0	0	0	0	0	0	0	0	0	0	0	0	0	0	0	0	0	0	0	0	0	0	0	0	0	0	0	0	0	0	0	0	0	0	0	0	0	0	0	0	0	0	0	0	0	0	0	0	0	0	0	100	0	0	0	0	0	0	0	0	0	0	0	0	0	0	0	0	0	0	0	0	0	0	0	0	0	0	0	0	0	0	0	0	0	0	0	0	0	0	0	0	0	0	0	0	0	0	0	0	0	0	0	0	0	0	0	0	0	0	0	0	0	0	0	0	0	0	0	0	0	0	0	0	0	0	0	0	0	0	0	0	0	0	0	0	0	0	0	0	0	0	0	0	0	0	0	0	0	0	0	0	0	0	0	0	0	0	0	0	0	0	0	0	0	0	0	0	0	0	0	0	0	0	0	0	0	0	0	0	0	0	0	0	0	0	0	0	0	0	0	0	0	0	0	0	160	0	0	0	0	0	0	0	0	0	0	0	0	0	0	0	0	0	0	0	0	0	0	0	0	0	0	0	0	0	0	0	0	0	0	0	0	0	0	0	0	0	0	0	0	0	0	0	0	0	0	0	0	0	0	0	0	0	0	0	0	0	0	12	0	0	0	0	0	0	0	0	0	0	0	0	0	0	0	0	0	0	0	0	0	0	0	0	0	0	0	0	0	0	0	0	0	0	0	0	0	0	35	0	0	0	0	0	0	0	0	0	0	0	0	0	0	0	0	0	0	0	0	0	0	0	0	0	0	0	0	0	0	37	0	0	0	0	0	0	0	0
23	0	0	0	0	0	0	0	0	0	0	0	0	0	0	0	0	0	0	0	0	0	0	0	0	0	0	0	0	0	0	0	0	0	0	0	0	0	0	0	0	0	0	0	0	0	0	0	0	0	0	0	0	0	0	0	0	0	0	0	0	0	0	0	0	0	0	0	0	0	0	0	0	0	0	0	0	0	0	0	0	0	0	0	0	0	0	0	0	0	0	0	0	0	0	0	0	0	0	0	0	0	0	0	0	0	0	0	0	0	0	0	0	0	0	8	0	0	0	0	0	0	0	0	0	0	0	0	0	0	0	0	0	0	0	0	0	0	0	0	0	0	0	0	0	0	0	0	0	0	0	0	0	0	0	0	0	0	0	0	0	0	0	0	0	0	0	0	0	0	0	0	0	0	0	0	0	0	0	0	0	0	0	0	0	0	0	0	0	0	0	0	0	0	0	0	0	0	0	0	0	2	0	0	207	0	0	0	0	0	0	0	0	34	0	0	0	17	0	0	0	0	0	0	0	0	0	0	0	0	0	0	0	0	0	0	0	0	0	0	0	0	0	0	0	0	0	11	0	0	0	0	0	0	0	18	0	0	0	0	0	0	0	0	0	0	0	0	2	0	0	0	0	0	37	0	0	0	0	0	0	0	0	0	0	5	0	0	0	0	0	1	0	0	0	0	0	0	0	0	0	31	50	0	24	0	28	0	0	0	0	0	0	0	0	0	0	0	0	0	0	0	0	0	51	0	0	0	0	0	28	0	0	0	0	0	0	0	0	0	0	71	98	0	182	0	15	0	0	0	0	0	4	0	0	94	0	0	0	0	66	0	0	0	0	0	0	0	0	0	0	0	0	0	0	2	0	4	0	0	22	16	107	21	0	68	0	139	0	0	0	0	0	0	67	47	55	0	0	108	0	163	47	0	0	0	58	0	195	0	42	38	81	45	44	257	176	0	100	37	153	8	0	0	6	0	0	0	0	0	0	0	63	33	0	0	0	0	0	0	91	0	55	0	0	81	0	0	16	0	262	28	33	0	0	0	61	0	0	0	154	0	89	0	0	0	0	0	0	0	0	435	0	0	0	0	0	0	0	187	0	0	0	0	10	0	0	0	0	0	81	64	0	479	0	35	0	12	154	97	0	81	0	0	0	0	0	0	0	0	0	0	0	0	0	0	0	0	0	0	0	0	0	0	0	0	0	0	0	0	0	0	0	0	0	0	0	0	0	0	0	0	0	0	140	0	0	0	0	0	0	0	0	0	0	0	0	0	0	0	0	0	0	145	0	0	0	0	0	0	220	0	0	0	0	0	0	0	0	0	0	0	0	0	0	0	0	0	0	0	0	0	0	0	0	0	0	0	0	0	0	0	0	0	0	47	0	0	0	0	0	0	0	0	0	0	0	0	0	0	0	0	0	0	0	0	0	0	0	0	0	0	0	0	0	0	0	0	0	0	0	119	0	0	0	0	0	0	0	0	0	0	0	0	0	0	0	0	0	0	0	0	0	0	0	0	0	0	0	0	0	0	0	0	0	0	0	0	0	0	0	0	0	0	0	0	0	0	0	0	0	0	0	0	0	0	0	0	0	0	0	0	0	0	0	0	0	0	0	0	0	0	0	0	235	0	0	0	0	0	0	0	0	0	0	0	0	0	0	0	0	0	0	0	0	0	0	0	0	0	0	0	0	0	0	0	0	0	0	0	0	0	0	0	0	0	0	0	0	0	0	0	0	0	0	0	0	0	0	0	0	0	0	0	0	0	0	0	0	0	0	0	0	0	0	0	0	0	0	0	0	0	0	0	0	0	0	0	0	0	0	0	0	0	0	0	0	0	0	0	0	0	0	0	0	0	0	0	0	0	0	0	0	0	0	0	0	0	0	0	0	0	0	0	0	0	0	0	0	0	0	0	0	0	0	0	0	0	0	0	0	0	0	0	0	0	0	0	0	6	0	0	0	0	0	0	0	0	0	0	0	0	0	0	0	0	0	0	0	0	0	0	0	0	0	0	0	0	0	0	0	0	0	0	0	0	0	0	0	0	0	0	0	0	0	0	0	0	0	0	0	0	0	0	0	0	0	0	0	0	0	0	407	0	0	0	0	0	0	0	0	0	0	0	0	0	0	0	0	0	0	0	0	0	0	0	0	0	0	0	0	0	0	0	0	0	0	0	0	0	0	158	0	0	0	0	0	0	0	0	0	0	0	0	0	0	0	0	0	0	0	0	0	0	0	0	0	0	0	0	0	0	241	0	0	0	0	0	0	0	0
24	0	0	0	0	0	0	0	0	0	0	0	0	0	0	0	0	0	0	0	0	0	0	0	0	28	0	0	0	0	0	0	0	0	0	0	0	0	0	0	0	0	0	0	0	0	0	0	0	0	0	0	0	0	0	0	0	0	0	0	0	0	0	0	0	0	0	0	0	0	0	0	0	0	0	0	0	0	0	0	0	0	0	0	0	0	0	0	0	0	0	0	0	0	0	0	0	0	0	0	0	0	171	0	0	5	0	0	0	0	0	0	0	0	0	0	0	0	0	16	0	0	0	0	0	25	0	0	0	0	0	0	0	0	0	0	0	0	17	0	0	20	0	0	0	21	0	0	0	0	0	0	0	0	0	0	0	0	0	0	0	0	0	0	0	58	0	0	0	0	0	0	0	0	0	0	0	0	0	0	0	0	0	0	0	0	0	0	0	0	0	0	0	0	0	0	0	0	0	0	0	16	0	0	91	0	0	0	0	0	0	64	0	168	0	0	0	0	0	0	0	0	0	0	0	0	0	0	164	0	0	0	0	0	0	0	0	0	0	0	0	0	0	0	0	10	0	15	0	73	3	0	0	0	0	0	0	0	1	0	0	0	29	0	0	0	0	0	0	0	0	0	3	0	0	0	9	0	0	0	0	0	0	0	39	53	0	3	0	0	0	0	0	0	0	0	57	0	0	0	73	0	151	0	167	0	62	0	0	0	72	0	6	3	0	0	7	10	0	0	0	0	0	0	0	81	0	0	0	0	81	0	37	0	0	0	2	1	1	0	170	69	116	33	105	0	112	0	0	0	0	16	0	0	0	43	0	1	0	6	0	6	0	0	0	6	0	2	0	16	0	0	0	0	0	0	0	60	0	6	153	100	67	286	27	54	1	56	102	0	1	0	4	0	193	145	37	0	14	246	0	22	37	0	0	0	108	0	74	0	97	111	81	37	255	9	26	3	34	216	27	70	1	0	0	0	11	2	0	0	0	0	61	62	0	2	0	11	0	0	180	0	40	0	0	120	0	0	0	0	83	176	25	0	0	0	122	0	0	1	162	0	155	0	0	0	2	0	90	0	0	102	0	0	0	0	0	0	0	62	0	3	2	0	71	0	0	0	0	0	306	33	0	19	0	56	0	28	237	75	0	7	0	0	0	0	0	0	0	0	0	0	0	0	0	0	0	0	0	0	0	0	0	0	0	0	0	0	0	0	0	0	0	0	0	0	0	0	0	0	0	0	0	0	82	0	0	0	0	0	0	0	0	0	0	0	0	0	0	0	0	0	0	101	0	0	1	0	0	0	75	0	0	0	0	0	0	0	0	0	0	0	0	0	0	0	0	0	0	0	0	0	0	0	0	0	0	0	0	0	0	0	0	0	0	38	0	0	0	0	0	0	0	0	0	0	0	0	0	0	0	0	0	0	0	0	0	0	0	0	0	0	0	0	0	0	0	0	0	0	0	69	0	0	0	0	0	0	0	0	0	0	0	0	0	0	0	0	0	0	0	0	0	0	0	0	0	0	0	0	0	0	0	0	0	0	0	0	0	0	0	0	0	0	0	0	0	0	0	0	0	0	0	0	0	0	0	0	0	0	0	0	0	0	0	0	0	0	0	0	0	0	0	0	58	0	0	0	0	0	0	0	0	0	0	0	0	0	0	0	0	0	0	0	0	0	0	0	0	0	0	0	0	0	0	0	0	0	0	0	0	0	0	0	0	0	0	0	0	0	0	0	0	0	0	0	0	0	0	0	0	0	0	0	0	0	0	0	0	0	0	0	0	0	0	0	0	0	0	0	0	0	0	0	0	0	0	0	0	0	0	0	0	0	0	0	0	0	0	0	0	0	0	0	0	0	0	0	0	0	0	0	0	0	0	0	0	0	0	0	0	0	0	0	0	0	0	0	0	0	0	0	0	0	0	0	0	0	0	0	0	0	0	0	0	0	0	0	0	105	0	0	0	0	0	0	0	0	0	0	0	0	0	0	0	0	0	0	0	0	0	0	0	0	0	0	0	0	0	0	0	0	0	0	0	0	0	0	0	0	0	0	0	0	0	0	0	0	0	0	0	0	0	0	0	0	0	0	0	0	0	0	61	0	0	0	0	0	0	0	0	0	0	0	0	0	0	0	0	0	0	0	0	0	0	0	0	0	0	0	0	0	0	0	0	0	0	0	0	0	0	96	0	0	0	0	0	0	0	0	0	0	0	0	0	0	0	0	0	0	0	0	0	0	0	0	0	0	0	0	0	0	11	0	0	0	0	0	0	0	0
25	0	0	0	0	0	0	0	0	0	0	0	0	0	0	0	0	0	0	0	0	0	0	0	0	0	0	0	0	0	0	0	0	0	0	0	0	0	0	0	0	0	0	0	0	0	0	0	0	0	0	0	0	0	0	0	0	0	0	0	0	0	0	0	0	0	0	0	0	0	0	0	0	0	0	0	0	0	0	0	0	0	0	0	0	0	0	0	0	0	0	0	0	0	0	0	0	0	0	0	0	0	0	0	0	0	0	0	0	0	0	0	0	0	0	0	0	0	0	0	0	0	0	0	0	0	0	0	0	0	0	0	0	0	0	0	0	0	0	0	0	0	0	0	0	0	0	0	0	0	0	0	0	0	0	0	0	0	0	0	0	0	0	0	0	0	0	0	0	0	0	0	0	0	0	0	0	0	0	0	0	0	0	0	0	0	0	0	0	0	0	0	0	0	0	0	0	0	0	0	0	0	0	0	53	0	0	0	0	0	0	52	0	60	0	0	0	0	0	0	0	0	0	0	0	0	0	0	0	0	0	2	0	0	0	56	0	0	0	0	0	0	0	0	0	0	0	47	0	0	0	0	0	0	0	0	0	0	0	0	0	0	0	0	0	0	0	0	0	0	0	0	0	0	0	0	0	0	0	0	0	0	0	0	0	16	0	0	0	0	0	0	0	0	0	0	0	0	0	0	0	0	106	0	35	0	89	0	0	0	0	0	0	0	0	0	0	7	0	0	0	0	0	0	0	85	40	4	0	0	174	0	2	0	0	2	0	0	1	11	0	121	29	0	80	0	10	0	0	0	0	0	0	0	0	158	0	0	0	0	0	4	0	0	0	0	0	0	0	0	0	0	0	0	0	0	0	0	0	0	0	0	166	16	0	33	2	249	0	0	0	0	0	0	22	162	77	0	0	144	0	187	53	0	0	0	60	0	130	0	34	139	98	13	45	229	99	28	78	121	69	32	0	0	0	0	0	0	0	0	0	0	49	157	0	0	0	0	0	0	7	0	206	0	0	135	0	0	0	0	197	72	115	0	0	0	166	0	0	0	98	0	77	0	0	0	0	0	0	0	0	49	0	0	0	0	0	0	0	48	0	0	3	0	0	0	0	0	0	0	122	49	0	297	0	54	0	238	93	26	0	84	0	0	0	0	0	0	0	0	0	0	0	0	0	0	0	0	0	0	0	0	0	0	0	0	0	0	0	0	0	0	0	0	0	0	0	0	0	0	0	0	0	0	108	0	0	0	0	0	0	0	0	0	0	0	0	0	0	0	0	0	0	140	0	0	0	0	0	0	97	0	0	0	0	0	0	0	0	0	0	0	0	0	0	0	0	0	0	0	0	0	0	0	0	0	0	0	0	0	0	0	0	0	0	69	0	0	0	0	0	0	0	0	0	0	0	0	0	0	0	0	0	0	0	0	0	0	0	0	0	0	0	0	0	0	0	0	0	0	0	57	0	0	0	0	0	0	0	0	0	0	0	0	0	0	0	0	0	0	0	0	0	0	0	0	0	0	0	0	0	0	0	0	0	0	0	0	0	0	0	0	0	0	0	0	0	0	0	0	0	0	0	0	0	0	0	0	0	0	0	0	0	0	0	0	0	0	0	0	0	0	0	0	71	0	0	0	0	0	0	0	0	0	0	0	0	0	0	0	0	0	0	0	0	0	0	0	0	0	0	0	0	0	0	0	0	0	0	0	0	0	0	0	0	0	0	0	0	0	0	0	0	0	0	0	0	0	0	0	0	0	0	0	0	0	0	0	0	0	0	0	0	0	0	0	0	0	0	0	0	0	0	0	0	0	0	0	0	0	0	0	0	0	0	0	0	0	0	0	0	0	0	0	0	0	0	0	0	0	0	0	0	0	0	0	0	0	0	0	0	0	0	0	0	0	0	0	0	0	0	0	0	0	0	0	0	0	0	0	0	0	0	0	0	0	0	0	0	10	0	0	0	0	0	0	0	0	0	0	0	0	0	0	0	0	0	0	0	0	0	0	0	0	0	0	0	0	0	0	0	0	0	0	0	0	0	0	0	0	0	0	0	0	0	0	0	0	0	0	0	0	0	0	0	0	0	0	0	0	0	0	61	0	0	0	0	0	0	0	0	0	0	0	0	0	0	0	0	0	0	0	0	0	0	0	0	0	0	0	0	0	0	0	0	0	0	0	0	0	0	58	0	0	0	0	0	0	0	0	0	0	0	0	0	0	0	0	0	0	0	0	0	0	0	0	0	0	0	0	0	0	76	0	0	0	0	0	0	0	0
26	0	0	0	0	0	0	0	0	0	0	0	0	0	0	0	0	0	0	0	0	0	0	0	0	0	0	0	0	0	0	0	0	0	0	0	0	0	0	0	0	0	0	0	0	0	0	0	0	0	0	0	0	0	0	0	0	0	0	0	0	0	0	0	0	0	0	0	0	0	0	0	0	0	0	0	0	0	0	0	0	0	0	0	0	0	0	0	0	0	0	0	0	0	0	0	0	0	0	0	0	0	0	0	0	0	0	0	0	0	0	0	0	0	0	0	0	0	0	0	0	0	0	0	0	0	0	0	0	0	0	0	0	0	0	0	0	0	0	0	0	0	0	0	0	0	0	0	0	0	0	0	0	0	0	0	0	0	0	0	0	19	0	0	0	0	0	0	0	0	0	0	0	0	0	0	0	0	0	0	0	0	0	0	0	0	0	0	0	0	0	0	0	0	0	0	0	0	0	0	0	0	0	0	0	0	0	0	0	0	0	0	0	0	0	0	0	0	0	30	0	0	0	0	0	0	0	0	0	0	0	0	0	0	0	0	0	0	0	0	0	0	0	0	0	0	0	0	0	0	0	0	0	0	0	0	0	0	0	0	0	0	0	0	0	0	0	0	0	0	0	0	0	0	0	0	0	0	0	0	0	0	0	0	0	0	0	0	0	0	0	0	0	0	0	0	0	0	0	0	0	0	0	0	0	0	0	0	0	0	0	0	0	0	0	0	0	0	0	0	0	0	0	0	0	0	0	0	0	0	0	0	0	0	0	0	0	0	0	0	0	0	0	0	0	0	0	0	0	0	0	0	0	0	0	0	0	0	0	0	0	0	0	0	0	0	0	0	0	21	0	0	0	0	0	0	0	0	0	0	0	0	0	0	0	0	0	0	0	0	0	0	0	0	0	0	0	0	0	0	0	0	33	0	0	0	0	0	0	0	0	0	0	0	0	0	0	0	0	0	0	0	0	0	0	0	0	0	0	0	0	0	0	0	0	0	0	0	0	0	0	0	68	0	0	0	0	0	0	0	0	18	0	0	0	0	0	0	0	0	0	0	0	0	0	0	0	0	0	0	0	2	0	0	0	0	0	0	0	0	0	0	0	0	0	0	0	0	0	0	0	0	0	0	0	0	0	0	0	0	0	135	243	154	48	15	105	16	134	133	105	137	126	81	302	141	111	75	4	182	45	68	138	55	57	60	12	96	43	45	82	51	163	123	85	115	36	56	155	134	118	77	111	184	31	222	85	216	64	116	151	119	189	65	140	222	50	33	237	49	64	54	46	182	287	130	69	53	79	222	100	27	67	58	170	59	92	104	14	211	44	8	73	92	112	73	165	100	55	117	123	94	256	39	194	216	157	130	71	37	7	180	92	101	114	56	120	78	109	76	185	8	115	181	35	114	65	99	38	61	36	75	119	44	303	173	146	99	107	184	145	18	312	86	28	108	131	192	40	88	14	19	130	41	96	112	218	23	160	11	44	148	102	263	64	152	49	54	169	59	29	187	48	105	43	41	56	177	92	71	173	8	33	66	161	110	119	51	51	87	106	186	144	78	85	135	95	164	115	110	271	146	101	54	209	85	95	50	44	73	79	99	160	211	79	188	50	50	69	76	150	71	188	89	106	26	194	64	102	43	73	53	167	143	157	292	47	76	12	31	51	42	124	35	16	19	55	169	166	96	52	230	111	74	28	83	70	88	40	100	75	51	9	75	5	113	156	64	69	99	147	48	103	117	73	188	143	32	118	250	311	101	85	35	204	119	58	43	26	80	284	132	148	159	148	26	40	48	71	217	55	122	111	79	109	65	176	99	111	111	104	57	63	168	61	129	179	20	328	127	189	104	52	45	122	64	62	375	140	64	85	37	295	88	16	195	104	14	27	102	112	41	70	68	30	28	84	41	191	57	11	113	189	125	117	60	37	40	73	204	271	92	130	80	84	55	245	83	33	27	80	16	84	32	60	125	135	302	191	108	53	86	39	14	100	254	100	97	36	86	30	110	73	145	279	19	32	61	176	18	70	50	25	193	42	50	136	86	83	84	33	131	57	215	238	175	81	248	71	47	115	20	21	79	168	181	196	230	118	76	127	66	150	81	77	51	19	26	161	202	74	59	42	206	146	28	79	9	145	17	271	208	52	66	120	55	125	100	37	78	156	137	35	84	92	141	101	113	67	290	160	35	101	109	561	131	105	27	188	51	66	80	210	46	86	55	76	36	132	29	122	111	93	167	90	53	109	55	28	102	67	52	168	97	41	88	138	40	41	36	97
27	0	0	0	0	0	0	0	0	0	0	0	0	0	0	0	0	0	0	0	0	0	0	0	0	0	0	0	0	0	0	0	0	0	0	0	0	0	0	0	0	0	0	0	0	0	0	0	0	0	0	0	0	0	0	0	0	0	0	0	0	0	0	0	0	0	0	0	0	0	0	0	0	0	0	0	0	0	0	0	0	0	0	0	0	0	0	0	0	0	0	0	0	0	0	0	0	0	0	0	0	0	0	0	0	0	0	0	0	0	0	0	0	0	0	0	0	0	0	0	0	0	0	0	0	0	0	0	0	0	0	0	0	0	0	0	0	0	0	0	0	0	0	0	0	0	0	0	0	0	0	0	0	0	0	0	0	0	0	0	0	0	0	0	0	0	0	0	0	0	0	0	0	0	0	0	0	0	0	0	0	0	0	0	0	0	0	0	0	0	0	0	0	0	0	0	0	0	0	0	0	0	0	0	0	0	0	0	0	0	0	0	0	0	0	0	0	0	0	0	0	0	0	0	0	0	0	0	0	0	0	0	0	0	0	0	0	0	0	0	0	0	0	0	0	0	0	0	0	0	0	0	0	0	0	0	0	0	0	0	0	0	0	0	0	0	0	0	0	0	0	0	0	0	0	0	10	0	0	0	0	0	0	0	0	0	0	0	0	0	0	0	0	0	0	0	0	42	0	0	0	0	0	0	0	0	0	0	0	0	0	0	0	0	0	0	0	0	0	0	0	0	0	0	0	0	0	0	0	0	0	0	0	0	0	0	0	0	0	0	0	0	0	0	0	0	0	0	0	0	0	0	0	0	0	0	0	0	0	0	0	0	0	0	0	0	0	0	0	0	0	0	0	0	0	0	0	0	0	0	0	0	0	0	0	0	0	0	0	0	0	0	0	0	0	0	0	0	0	0	0	0	10	0	0	0	0	0	0	0	0	0	0	0	0	0	0	0	0	0	0	0	0	0	0	0	0	0	0	0	0	0	0	0	0	0	0	0	0	0	0	0	0	0	0	0	0	0	0	0	0	9	0	0	0	0	0	0	0	0	0	0	0	0	0	0	0	0	0	0	0	18	0	0	0	0	0	0	0	0	0	0	0	0	0	0	0	0	0	0	0	0	0	0	0	0	0	0	175	0	0	26	15	51	77	78	98	20	143	96	89	248	386	162	240	30	23	14	290	21	42	218	85	113	63	35	23	90	23	67	132	47	115	42	8	50	263	15	110	153	64	169	22	59	42	249	20	131	78	150	107	101	18	64	99	68	78	35	209	162	103	64	11	76	152	79	392	95	62	144	33	121	162	55	78	36	93	123	135	62	75	104	71	124	78	88	146	131	277	20	286	56	101	42	104	107	44	84	28	268	58	48	51	78	14	187	61	39	96	50	120	252	24	33	46	76	62	94	87	72	20	45	182	178	86	75	134	15	39	112	170	8	68	45	99	81	80	52	49	57	168	130	116	117	174	10	37	43	98	26	346	51	39	264	86	149	91	224	219	162	23	86	44	147	90	143	66	94	88	178	165	133	84	77	172	9	56	44	51	123	261	146	125	279	36	134	55	59	174	13	218	18	76	65	120	85	104	210	91	182	63	122	153	78	80	43	181	42	109	209	100	44	42	65	15	53	79	150	214	188	181	101	141	41	22	50	113	27	227	22	33	81	117	93	84	109	14	47	44	20	20	63	15	123	47	56	68	128	99	48	162	50	210	133	115	48	41	74	42	151	141	57	56	73	120	18	97	74	118	77	9	72	39	90	123	108	61	44	10	39	47	66	67	78	144	60	128	66	0	364	224	38	12	230	35	30	303	32	70	16	72	26	40	68	228	38	187	60	55	92	157	72	110	32	86	102	168	6	40	143	112	9	19	30	35	194	77	76	82	69	145	38	99	43	88	88	185	94	119	76	120	94	38	147	28	8	54	11	152	2	99	11	165	159	73	91	29	29	102	46	70	39	116	175	93	223	39	76	13	54	112	109	19	67	151	64	16	12	13	25	69	72	39	91	148	124	133	84	106	32	38	52	200	106	121	88	76	57	81	185	30	46	173	103	121	66	103	85	15	70	46	20	136	34	27	119	143	151	93	78	108	76	190	40	104	50	204	108	92	33	177	35	217	46	146	133	13	266	153	31	189	105	85	111	222	227	89	46	98	103	129	41	92	5	49	138	21	12	44	124	106	149	81	75	33	38	73	14	60	140	190	177	37	55	121	123	88	36	233	156	119	62	61	134	81	239	183	109	9	137	55	297	149	350	76	202	61	65	261	24	164
28	0	0	0	0	0	0	0	0	0	0	0	0	0	0	0	0	0	0	0	0	0	0	0	0	0	0	0	0	0	0	0	0	0	0	0	0	0	0	0	0	0	0	0	0	0	0	0	0	0	0	0	13	0	0	0	0	0	0	0	0	0	0	0	0	0	0	0	0	0	0	0	0	0	0	0	0	0	0	0	0	0	0	0	0	0	0	0	0	0	0	0	0	0	0	0	0	0	0	0	0	3	0	0	0	0	15	0	0	0	0	0	0	0	0	0	0	0	0	0	0	0	0	0	0	0	0	0	0	0	0	0	0	0	0	0	0	0	0	0	0	0	0	0	0	0	0	0	0	0	0	0	0	0	0	0	0	0	0	0	0	0	0	0	0	0	0	0	0	0	0	0	0	0	5	0	0	0	0	0	0	0	0	0	0	0	0	0	0	0	0	0	0	0	0	0	0	0	0	0	0	0	0	0	0	0	0	0	0	0	0	0	0	0	0	0	0	0	0	0	0	0	0	0	0	0	0	0	0	0	0	0	0	0	0	0	0	25	0	0	0	0	0	0	0	0	0	0	0	0	0	0	0	0	0	0	0	0	0	0	0	0	0	0	0	0	0	0	0	0	0	0	0	0	0	0	0	0	0	0	0	0	0	0	0	0	0	0	0	0	2	0	0	0	0	0	0	0	0	0	0	0	0	0	0	0	0	0	0	0	0	0	0	0	0	0	0	0	0	0	0	0	0	0	0	0	0	0	0	0	0	0	0	0	0	0	0	0	0	0	0	0	0	0	0	0	0	0	0	0	0	0	0	0	0	0	0	0	0	0	0	0	0	0	0	0	0	0	0	0	0	0	0	0	0	0	0	0	0	0	0	0	0	0	0	0	0	0	0	0	0	0	0	0	0	0	0	0	0	0	0	0	0	0	0	0	0	0	0	0	0	0	0	0	0	0	0	0	0	0	0	0	0	0	0	0	0	0	0	0	0	0	0	0	0	0	0	0	0	0	0	0	0	0	0	0	0	0	0	0	0	0	0	0	0	0	0	0	0	0	0	0	0	0	11	0	0	0	0	0	0	0	0	0	0	0	0	0	0	0	0	0	0	0	0	0	0	0	0	0	0	0	0	0	0	0	0	0	0	0	0	0	32	36	215	139	221	94	149	96	239	67	82	28	194	107	21	76	67	76	231	99	68	113	91	92	93	52	205	80	46	125	113	29	12	127	67	231	85	125	124	213	21	160	0	43	75	76	105	14	44	73	60	194	44	131	18	86	60	175	45	48	90	0	17	55	99	20	118	214	0	35	25	92	141	31	99	189	113	99	40	30	29	100	144	194	231	47	8	16	198	37	221	265	96	36	42	250	67	122	27	39	57	33	93	0	104	64	63	99	134	169	159	41	103	72	29	67	50	186	51	232	225	43	129	152	34	38	79	80	37	62	6	61	129	30	71	70	107	207	59	1	88	110	63	29	74	5	54	92	131	38	42	108	65	71	83	153	151	156	82	116	110	190	132	105	17	82	132	170	101	39	75	152	89	145	176	157	63	102	34	108	20	138	90	59	74	64	56	49	79	178	59	21	187	58	42	60	150	56	93	71	64	34	385	95	80	168	95	58	149	32	3	40	0	57	68	18	89	163	163	99	210	65	96	46	93	33	100	22	218	86	165	214	175	191	75	58	36	117	38	141	147	62	44	87	101	79	62	29	254	30	18	87	96	93	25	148	126	80	61	75	188	322	137	242	86	117	91	32	145	67	33	72	115	8	62	43	72	61	181	40	76	63	39	360	136	139	179	165	52	145	68	175	10	262	199	277	84	40	8	184	43	192	40	242	55	99	13	103	15	17	177	55	115	45	39	148	42	43	136	67	78	110	131	12	141	62	39	44	172	151	33	221	52	24	52	81	158	113	24	65	134	163	76	73	83	25	69	125	169	12	35	206	46	37	187	201	46	49	56	73	88	111	101	148	26	38	46	181	65	98	189	90	151	92	137	8	173	53	28	46	109	57	97	283	169	100	188	139	170	74	35	40	320	67	206	229	172	103	156	90	61	59	123	53	54	58	210	98	20	27	193	174	110	46	70	59	267	125	9	93	0	66	62	15	156	62	367	6	32	44	25	91	206	26	92	23	210	45	34	27	129	150	65	22	190	54	213	234	71	11	34	35	59	84	221	175	67	124	64	0	156	50	21	36	20	246	25	44	122	31	112	33	48	198	29	101	54	51	67	133	144	23	66	159	77	27	246	63	81	19	40	74	118	140	139	365	32	72	47
29	0	0	0	0	0	0	0	0	0	0	0	0	0	0	0	0	0	0	0	0	0	0	0	0	0	0	0	0	0	0	0	0	0	0	0	0	0	0	0	0	0	0	0	0	0	0	0	0	0	0	0	0	0	0	0	0	0	0	0	0	0	0	0	0	0	0	0	0	0	0	0	0	0	0	0	0	0	0	0	0	0	0	0	0	0	0	0	0	0	0	0	0	0	0	0	0	0	0	0	0	0	0	0	0	0	0	0	0	0	0	0	0	0	0	0	0	0	0	0	0	0	0	0	0	0	0	0	0	0	0	0	0	0	0	0	0	0	0	0	0	0	0	0	0	0	0	0	0	0	0	0	0	0	0	0	0	0	0	0	0	0	0	0	0	0	0	0	0	0	0	0	0	0	0	0	0	0	0	0	0	0	0	0	0	0	0	0	0	0	0	0	0	0	0	0	0	0	0	0	0	0	0	0	0	0	0	0	0	0	0	4	0	0	0	0	0	0	0	0	0	0	0	0	0	0	0	0	0	0	0	0	0	0	0	0	0	0	0	0	0	0	0	0	0	0	0	0	0	0	0	0	0	0	0	0	0	0	0	0	0	0	0	0	0	0	0	0	0	0	0	0	0	0	0	0	0	0	0	0	0	0	0	0	0	0	0	0	0	0	0	0	0	0	0	0	0	0	0	0	0	0	0	0	0	0	0	0	0	0	0	0	0	0	0	0	0	0	0	0	0	0	0	0	0	0	0	0	0	0	0	0	0	0	0	0	0	0	0	0	0	0	0	0	0	0	0	0	0	0	0	0	0	0	0	0	0	0	0	0	0	0	0	0	0	0	0	0	0	0	0	0	0	0	0	0	0	0	0	0	0	0	0	0	0	0	0	0	0	0	0	0	0	0	0	0	0	0	0	0	0	0	0	0	0	0	0	0	0	0	0	0	0	0	0	0	0	0	0	0	0	0	0	0	0	0	0	0	0	0	0	0	0	0	0	61	0	0	0	0	0	0	0	0	0	0	0	0	0	0	0	0	0	0	0	0	0	0	0	0	0	0	0	0	0	0	0	0	0	0	0	0	0	0	0	0	0	0	0	0	0	0	0	0	0	0	0	0	0	0	0	0	0	0	0	0	0	0	0	0	0	0	39	124	48	136	126	43	40	108	81	203	83	35	54	16	98	79	103	15	170	207	111	92	62	35	32	134	284	211	156	26	52	56	118	201	100	186	61	18	105	134	57	70	0	96	111	28	134	90	65	87	77	278	50	150	291	177	102	34	70	247	60	0	44	62	72	152	67	150	0	15	53	68	67	200	109	9	11	119	91	61	340	49	125	64	71	123	6	48	12	160	58	4	74	58	156	5	32	15	33	3	6	194	60	0	99	80	40	204	305	44	107	123	117	68	105	152	317	69	37	48	93	118	177	49	115	170	16	95	255	53	33	66	107	166	60	217	43	150	67	0	141	94	185	94	162	174	78	97	39	114	44	71	60	123	136	129	24	60	78	27	90	134	122	22	70	57	193	41	27	116	182	55	128	24	75	60	36	65	131	115	53	193	121	100	286	356	51	69	31	102	141	315	42	161	68	78	92	163	10	89	39	178	127	142	104	29	178	40	23	107	3	120	0	35	133	32	60	24	62	163	49	131	104	102	40	91	182	41	146	57	170	34	127	73	238	170	62	148	134	117	242	200	155	27	69	98	135	134	107	42	116	88	66	56	36	32	208	28	193	102	53	93	66	71	162	60	70	138	156	149	46	141	105	60	153	195	50	49	163	185	25	76	98	83	34	56	234	75	113	77	35	97	147	44	54	32	151	15	124	105	194	102	65	32	131	37	107	81	24	130	100	407	143	28	339	57	121	253	80	56	193	87	71	137	46	132	179	57	158	75	62	82	7	47	76	103	62	38	35	28	57	120	41	362	84	188	32	179	63	38	91	92	165	39	117	128	24	84	82	122	106	36	142	82	164	52	117	149	123	38	243	98	39	35	110	151	56	29	61	65	95	145	6	103	175	117	123	71	28	87	114	181	114	85	148	146	54	99	82	50	88	115	44	115	98	193	99	86	85	7	84	196	36	44	14	49	21	48	35	71	0	143	6	297	20	0	71	60	15	27	89	43	77	110	127	78	40	114	89	99	302	115	251	21	55	51	230	78	162	51	67	295	64	89	187	119	59	113	91	0	99	22	170	227	57	80	39	135	117	60	63	76	226	119	72	16	82	109	60	35	119	103	182	10	92	188	13	16	100	56	95	160	117	140	116	122	64	23	370
30	0	0	0	0	0	0	0	0	0	0	0	0	0	0	0	0	0	0	0	0	0	0	0	0	0	0	0	0	0	0	0	0	0	0	0	0	0	0	0	0	0	0	0	0	0	0	0	0	0	0	0	0	0	0	0	0	0	0	0	0	0	0	0	0	0	0	0	0	0	0	0	0	0	0	0	0	0	0	0	0	0	0	0	0	0	0	0	0	33	0	0	0	0	0	0	0	0	0	0	0	0	0	0	0	0	0	0	0	0	0	0	0	0	0	0	0	0	0	0	0	0	0	0	0	0	0	0	0	0	0	0	0	0	0	0	0	0	0	0	0	0	0	0	0	0	0	0	0	0	0	0	0	0	0	0	0	0	0	0	0	0	0	0	0	0	0	0	0	0	0	0	0	0	0	0	0	0	0	0	0	0	0	0	0	0	0	0	0	0	0	0	0	0	0	0	0	0	0	0	0	0	0	0	0	0	0	0	0	0	0	0	0	0	0	0	0	0	0	5	0	0	0	0	0	0	0	0	0	0	0	0	0	0	0	0	0	0	0	0	0	0	6	0	0	0	0	0	0	0	0	0	0	0	0	0	0	0	0	0	4	0	0	0	0	0	0	0	0	0	0	0	0	0	0	0	0	0	0	0	0	0	0	0	0	0	0	0	0	0	0	0	0	0	0	0	0	0	0	0	0	0	0	0	0	0	0	0	0	0	0	0	0	0	0	0	0	0	0	0	0	0	0	0	0	0	0	0	0	0	0	0	0	0	0	0	0	0	0	0	0	0	0	0	0	0	0	0	0	0	0	0	0	0	0	0	0	0	0	0	0	0	0	0	0	0	0	0	0	0	0	0	0	0	0	0	0	0	0	0	0	0	0	0	0	0	0	0	0	0	0	0	0	0	0	0	0	0	0	0	0	0	0	0	0	0	0	0	0	0	0	0	0	0	0	0	0	0	0	0	0	0	0	0	0	0	0	0	0	0	0	0	0	0	0	0	0	0	0	0	0	0	0	0	0	0	0	0	0	0	0	0	0	0	0	0	0	0	0	0	0	0	0	0	0	0	0	0	0	0	0	0	0	0	0	0	0	0	0	0	0	0	6	0	0	0	0	0	0	0	0	0	0	0	0	0	0	0	0	0	0	0	148	54	142	77	148	11	137	97	73	141	111	48	287	86	72	40	48	7	16	136	41	89	42	145	369	38	224	34	34	27	65	115	61	121	122	22	71	138	114	60	72	219	0	85	60	60	58	37	111	307	152	119	39	102	66	118	148	205	60	126	45	0	25	208	28	133	10	79	0	11	117	149	159	276	50	56	5	39	125	33	113	113	28	203	189	51	271	8	103	89	235	71	44	61	90	71	205	187	136	162	225	11	101	0	53	160	155	60	124	69	92	54	48	49	31	81	66	48	143	227	64	239	70	146	25	94	41	187	132	76	5	81	52	164	75	91	75	102	22	0	198	52	241	52	94	186	13	71	125	26	45	71	57	45	2	187	178	318	29	191	218	126	297	108	40	4	28	228	61	66	141	108	21	106	128	317	127	141	30	48	95	62	213	37	93	79	41	124	79	40	9	60	161	22	74	126	143	62	294	52	60	61	57	108	153	36	22	41	98	82	73	43	0	58	118	64	24	33	167	35	28	105	55	76	42	146	195	40	162	172	39	136	114	221	72	24	74	61	35	283	51	266	197	53	121	63	175	50	55	204	56	165	95	48	79	157	63	25	201	122	134	59	235	138	35	54	106	77	24	78	80	27	38	55	41	234	175	42	206	99	77	23	143	94	35	91	36	15	49	33	58	113	118	239	86	86	40	112	34	111	71	115	96	59	61	89	47	44	72	15	120	36	163	63	179	74	160	107	124	148	330	109	19	30	57	6	98	54	56	109	66	58	57	47	95	63	75	127	131	284	70	48	66	95	41	83	42	79	132	69	151	53	193	139	172	6	107	70	115	115	126	78	43	18	46	139	148	132	25	218	40	44	71	210	115	94	58	23	49	78	156	97	20	115	80	86	80	49	69	11	158	44	49	52	126	225	165	58	138	46	100	219	93	138	24	87	100	111	32	51	74	60	140	42	35	76	258	62	80	15	0	285	78	187	62	211	16	155	54	251	76	54	21	53	372	84	7	62	61	138	73	12	216	303	110	109	208	156	113	108	145	41	101	62	167	92	34	142	147	0	44	35	70	138	161	102	17	160	130	41	85	234	91	135	22	322	146	169	106	251	77	4	47	328	74	11	81	124	52	115	85	125	25	30	104	181	109	81	248
31	0	0	0	0	0	0	0	0	0	0	0	0	0	0	0	0	0	0	0	0	0	0	0	0	0	0	0	0	0	0	0	0	0	0	0	0	0	0	0	0	0	0	0	0	0	0	0	0	0	0	0	0	0	0	0	0	0	0	0	0	0	0	0	0	0	0	0	0	0	0	0	0	0	0	0	0	0	0	0	0	0	0	0	0	0	0	0	0	0	0	0	0	0	0	0	0	0	0	0	0	0	0	0	0	0	0	0	0	0	0	0	0	0	0	0	0	0	0	0	0	0	0	0	0	0	0	0	0	0	0	0	0	0	0	0	0	0	0	0	0	0	0	0	0	0	0	0	0	0	0	0	0	0	0	0	0	0	0	4	0	0	0	0	0	0	0	0	0	0	0	0	0	0	0	0	0	0	0	0	0	0	0	0	0	0	0	0	0	0	0	0	0	0	0	0	0	0	0	0	0	0	0	0	0	0	0	0	0	0	0	0	0	0	0	0	0	0	0	0	0	0	0	0	0	0	0	0	0	0	0	0	0	0	0	0	0	0	0	21	0	0	0	0	0	0	0	0	0	0	0	0	0	0	0	0	0	0	0	0	0	0	0	0	0	0	0	0	0	0	0	0	0	0	0	0	0	0	0	0	0	0	0	0	0	0	0	0	0	0	0	0	0	0	0	0	0	0	0	0	0	0	0	0	0	0	0	0	0	0	0	0	0	0	0	0	0	0	0	0	0	0	0	0	0	0	0	0	0	0	0	0	0	0	0	0	0	0	0	0	0	0	0	0	0	0	0	0	0	0	0	0	0	0	0	0	0	0	0	0	0	0	0	1	0	0	0	0	0	0	0	0	0	0	0	0	0	0	0	0	0	0	0	0	0	0	0	0	0	0	0	0	0	0	0	0	0	0	0	0	0	0	0	0	0	0	0	0	0	0	0	0	0	0	0	0	0	0	0	0	0	0	0	0	0	0	0	0	0	0	0	0	0	0	0	0	0	0	0	0	0	0	0	0	0	0	0	0	0	0	0	0	0	0	0	0	0	0	0	0	0	0	0	0	0	0	0	0	0	0	0	0	0	0	0	0	0	0	0	0	5	0	0	0	0	0	0	0	0	0	0	0	0	0	0	0	0	0	0	0	0	0	187	88	299	50	53	57	202	40	88	33	152	145	116	83	92	280	306	97	158	151	123	85	28	30	329	270	48	183	65	109	75	63	105	58	38	116	93	62	28	16	234	207	0	87	77	54	155	95	224	62	70	195	98	35	53	27	114	50	70	22	85	0	167	13	52	88	28	164	0	177	47	80	17	69	83	365	105	185	94	50	42	94	87	117	12	183	69	52	95	91	116	28	138	75	17	29	39	93	268	82	191	272	73	0	44	117	109	126	28	369	155	32	63	193	81	201	147	44	109	100	17	52	92	57	133	49	77	14	36	56	41	127	84	29	77	75	88	219	60	0	121	23	105	149	7	199	42	139	116	411	23	198	22	111	101	74	172	75	163	201	60	99	442	5	91	1	140	237	38	68	134	220	72	91	99	162	156	88	47	41	78	87	97	10	281	54	60	24	124	54	51	119	26	130	65	21	81	61	72	174	14	105	149	52	99	152	98	180	33	132	161	131	0	88	58	31	71	161	46	125	84	34	24	160	64	107	87	43	30	93	173	47	44	36	7	130	18	29	40	89	161	4	25	307	195	81	31	138	35	159	44	97	63	41	66	97	24	40	68	132	85	118	44	190	120	172	194	100	79	43	182	37	36	111	56	88	147	67	109	91	33	110	67	55	32	46	51	69	80	11	47	113	94	12	267	38	64	60	132	89	203	129	105	149	66	234	120	17	143	59	196	20	87	11	199	47	122	87	21	83	102	152	54	57	81	120	64	225	81	59	41	87	127	204	79	24	90	39	93	16	45	176	44	187	99	114	61	58	57	60	17	98	160	292	308	33	47	36	26	80	183	103	172	97	135	92	111	75	40	10	26	41	87	65	22	23	207	266	14	119	39	58	62	19	201	96	12	50	169	42	97	33	130	190	168	201	341	166	37	48	28	61	34	75	35	70	38	292	16	15	179	79	187	104	40	20	146	92	95	216	0	64	100	127	19	130	14	132	185	25	12	48	39	57	71	136	69	273	25	60	47	139	217	121	158	89	70	145	32	204	225	85	66	281	315	42	184	23	76	0	110	78	157	56	67	75	73	55	59	136	41	134	40	110	139	139	53	160	65	201	33	115	260	33	9	43	97	202	189	76	86	165	77	161	71	7	108	221	61
32	0	0	0	0	0	0	0	0	0	0	0	0	0	0	0	0	0	0	0	0	0	0	0	0	0	0	0	0	0	0	0	0	0	0	0	0	0	0	0	0	0	0	0	0	0	0	0	0	0	0	0	0	0	91	0	0	0	0	0	0	0	0	0	0	0	0	0	0	0	0	0	0	0	0	0	0	0	0	0	0	0	0	0	0	0	0	0	0	0	0	0	0	0	0	0	0	0	0	0	0	0	0	0	0	0	0	0	0	0	0	0	0	0	0	0	0	0	0	0	0	0	0	0	0	0	0	0	0	7	0	0	0	0	0	0	0	0	0	0	0	0	0	0	0	0	0	0	0	0	0	0	0	0	0	0	0	0	0	0	0	0	0	0	0	0	0	0	0	0	0	0	0	0	0	0	0	3	0	0	0	0	0	0	0	0	0	0	0	0	0	0	0	0	0	0	0	0	0	0	0	0	0	0	0	0	0	0	0	0	0	0	0	0	0	0	0	0	0	0	0	0	0	0	0	0	0	0	0	0	0	0	0	0	0	0	0	0	0	0	0	0	0	0	0	0	0	0	0	6	0	0	0	0	0	0	0	7	0	0	0	0	0	0	0	0	0	0	0	0	0	0	0	0	0	0	0	0	0	0	0	0	0	0	0	0	0	0	0	0	0	0	0	0	0	0	0	0	0	0	0	0	0	0	0	0	0	0	0	0	0	0	0	0	0	0	0	0	0	0	0	0	0	0	0	0	0	35	0	0	0	0	0	0	0	0	0	0	0	0	0	0	0	0	0	0	0	0	0	0	0	0	0	0	0	0	0	0	0	0	0	0	0	0	0	0	0	0	0	0	0	0	0	0	0	0	0	0	0	0	0	0	0	0	0	0	0	0	0	0	0	0	0	0	0	0	0	0	0	0	0	0	0	0	0	0	0	0	0	0	0	0	0	0	0	0	0	0	0	0	0	0	0	0	0	0	0	0	0	0	0	0	0	0	0	0	0	0	0	0	0	0	0	0	0	0	0	0	0	0	0	0	0	0	0	0	0	0	0	0	0	0	0	0	0	0	0	0	0	0	0	0	0	0	0	0	0	0	0	0	0	0	0	0	0	0	0	0	0	0	0	0	0	0	0	0	0	0	0	0	0	0	90	82	198	41	99	185	45	125	186	49	72	166	113	116	41	46	69	65	48	52	23	140	60	80	11	36	136	78	126	150	177	107	61	86	54	34	78	188	26	269	186	62	0	84	88	22	52	18	61	73	22	8	79	101	106	34	243	49	60	346	179	0	37	143	64	95	198	108	0	73	51	78	77	189	56	62	6	44	108	25	152	143	160	18	72	138	38	55	20	51	110	63	107	53	83	34	114	159	32	134	72	121	128	0	90	231	120	77	50	90	82	10	132	166	33	118	69	65	159	49	18	35	125	46	60	46	151	37	60	26	131	25	57	47	100	130	244	23	44	0	142	80	98	93	280	51	12	73	75	99	78	48	138	136	198	28	75	134	193	84	16	76	119	29	108	310	67	15	26	156	147	178	184	97	113	123	66	180	196	107	27	91	20	29	255	116	112	11	69	128	14	48	60	21	10	38	180	180	82	81	89	53	56	20	79	105	38	185	15	256	248	24	0	65	206	34	44	67	64	82	165	167	146	120	59	258	86	71	13	24	15	79	27	143	132	50	23	72	51	96	149	24	35	39	111	46	162	92	33	136	27	48	33	127	50	48	118	88	281	39	97	71	160	200	222	121	181	14	11	28	71	130	188	63	107	92	220	133	41	59	29	129	270	120	10	97	107	87	286	87	127	201	59	93	490	71	116	27	57	27	29	53	23	62	43	47	103	164	237	45	34	238	146	26	23	103	39	164	31	48	57	130	65	257	142	41	119	49	79	151	39	203	7	128	45	220	133	193	69	105	70	156	50	112	115	51	108	16	96	72	14	75	66	80	29	88	20	159	225	28	59	129	48	186	115	81	45	81	35	64	113	104	77	73	159	151	144	74	68	136	43	172	36	26	75	65	52	231	62	30	105	347	28	74	72	79	69	103	69	105	53	120	139	103	26	111	161	126	34	150	257	197	85	51	101	72	38	278	114	100	0	119	95	83	14	173	246	72	112	47	28	58	81	33	95	159	31	41	36	106	180	49	14	144	309	66	121	46	65	128	220	135	149	40	31	73	86	152	50	0	24	89	394	92	112	215	24	35	71	179	93	258	50	190	76	69	66	60	87	221	58	32	66	10	149	136	234	58	133	142	216	14	91	68	46	57	141	31	131
33	0	0	0	0	0	0	0	0	0	0	0	0	0	0	0	0	0	0	0	0	0	0	0	0	0	0	0	0	0	0	0	0	0	0	0	0	0	0	0	0	0	0	0	0	0	0	0	0	0	0	0	0	0	0	0	0	0	0	0	0	0	0	0	0	0	0	0	0	0	0	0	0	0	0	0	0	0	0	0	0	0	0	0	0	0	0	0	0	0	0	0	0	0	0	0	0	0	0	0	0	0	0	0	0	0	0	0	0	0	0	0	0	0	0	0	0	0	0	0	0	0	0	0	0	0	0	0	0	0	0	0	0	0	0	0	0	0	0	0	0	0	0	0	0	0	0	0	0	0	0	0	0	0	0	0	0	0	0	0	0	0	0	0	0	0	0	0	0	0	0	0	0	0	0	8	0	0	0	0	0	0	0	0	0	0	0	0	0	0	0	0	0	0	0	0	0	0	0	0	0	0	0	0	0	0	0	0	0	0	0	0	0	0	0	0	0	0	0	0	0	0	0	0	0	0	0	0	0	0	0	0	0	0	0	0	0	0	0	0	0	0	0	0	0	0	0	0	0	0	0	0	0	0	0	0	0	0	0	11	0	0	0	0	0	0	0	0	0	0	0	0	0	0	0	0	0	0	13	0	0	0	0	0	0	0	0	0	0	0	0	0	0	0	0	0	0	0	0	0	0	0	0	0	0	0	0	0	0	0	0	0	0	0	0	0	0	0	0	0	0	0	0	0	0	0	0	0	0	0	0	0	0	0	0	0	0	0	0	0	0	0	0	0	0	0	0	0	0	0	0	0	0	0	0	0	0	0	0	0	0	0	0	0	0	0	0	0	12	0	0	0	0	0	0	0	0	0	0	0	0	0	0	0	0	0	0	0	0	0	0	0	0	0	0	0	0	0	0	0	0	0	0	0	0	0	0	0	0	0	0	0	0	0	0	0	0	0	0	0	0	0	0	0	0	0	44	0	0	0	0	0	0	0	0	0	0	0	0	0	0	0	0	0	0	0	0	0	0	1	0	0	0	0	0	0	0	0	0	0	0	0	0	0	0	0	0	0	0	0	0	0	0	0	0	1	0	0	0	0	0	0	0	0	0	0	0	0	0	0	0	0	0	0	0	0	0	0	0	0	0	0	78	407	45	121	23	32	61	60	274	54	30	36	52	76	127	32	9	209	74	126	77	51	5	68	51	10	75	40	24	245	127	105	49	77	93	307	124	19	15	215	27	30	0	47	190	106	162	84	145	80	370	116	34	129	97	163	51	100	26	32	150	0	78	33	22	219	63	51	0	48	67	66	58	54	50	222	33	194	54	153	265	48	82	90	8	181	252	81	74	108	142	105	99	10	176	137	190	53	39	258	37	81	48	0	89	62	179	137	76	84	38	71	233	195	144	122	196	13	58	28	90	61	18	29	43	68	104	137	56	56	84	70	65	51	134	72	109	46	226	0	28	216	142	45	12	130	126	296	310	326	51	108	17	82	155	245	50	209	72	95	160	122	222	222	258	106	354	65	154	160	117	4	76	74	123	47	59	82	80	88	90	107	62	94	127	19	111	262	91	132	154	207	91	68	23	128	36	111	50	92	107	115	32	168	68	48	209	239	129	31	139	98	0	61	62	69	25	79	57	53	30	132	62	45	32	83	162	57	100	40	39	155	142	57	278	33	138	212	111	160	243	142	79	34	65	16	121	102	127	40	285	6	36	28	76	97	91	59	100	28	265	136	188	123	117	97	31	361	177	36	87	42	341	226	91	152	83	39	80	71	47	98	131	298	210	128	80	242	141	110	59	38	24	112	161	67	182	64	177	66	119	24	77	52	33	102	156	14	279	62	112	67	62	120	29	43	71	30	96	30	34	68	7	135	122	250	115	55	343	40	78	75	114	14	99	185	27	15	111	113	64	12	41	25	53	104	41	105	127	108	110	4	154	147	58	128	56	74	177	221	26	90	54	141	47	68	71	194	59	44	180	15	134	35	41	45	21	229	27	220	55	231	116	44	98	60	50	91	388	243	109	45	290	25	57	104	124	156	12	234	94	67	208	7	74	277	200	135	35	69	110	22	63	206	59	96	96	161	157	35	0	407	169	183	175	204	105	27	95	35	54	107	16	1	41	185	200	21	44	64	268	113	162	61	178	51	42	188	35	98	149	134	18	144	128	166	85	170	32	0	31	295	54	109	314	34	183	116	28	217	20	9	27	109	224	38	52	65	55	44	92	146	37	45	28	25	17	96	208	116	105	256	15	98	135	22	265	144	129
34	0	0	0	0	0	0	0	0	0	0	0	0	0	0	0	0	0	0	0	0	0	0	0	0	0	0	0	0	0	0	0	0	0	0	0	0	0	0	0	0	0	0	0	0	0	0	0	0	0	0	0	0	0	0	0	0	0	0	0	0	0	0	0	0	0	0	0	0	0	0	0	0	0	0	0	0	0	0	0	0	0	0	0	0	0	0	0	0	0	0	0	0	0	0	0	0	0	0	0	0	0	0	0	0	0	0	0	0	0	0	0	0	0	0	0	0	0	0	0	0	0	0	0	0	0	0	0	0	0	0	0	0	0	0	0	0	0	0	0	0	0	0	0	0	0	0	0	0	0	0	0	0	0	0	0	0	0	0	0	0	0	0	0	0	0	0	0	0	0	0	0	0	0	0	0	0	0	0	0	0	0	0	0	0	0	0	0	0	0	0	0	2	0	0	0	0	0	0	0	0	0	0	0	0	0	0	0	0	0	0	0	0	0	0	0	0	0	0	0	0	0	0	0	0	0	0	0	0	0	0	0	0	0	0	0	0	0	0	0	0	0	0	0	0	0	0	0	0	0	0	0	0	0	0	0	0	0	0	0	0	0	0	0	7	0	0	0	0	0	0	0	0	0	0	0	0	0	0	0	0	0	0	0	0	0	0	0	0	0	0	0	0	0	0	0	0	0	0	0	0	0	0	0	0	0	0	0	0	0	0	0	4	0	1	0	0	0	0	0	0	0	0	0	0	0	0	0	0	0	0	0	0	0	0	0	0	0	0	0	0	0	0	0	0	0	0	0	0	0	0	0	0	0	0	0	0	0	0	0	0	0	0	0	0	0	0	0	0	0	0	0	0	0	0	0	0	0	0	0	0	0	0	0	0	0	0	0	0	0	0	0	0	0	0	0	0	0	0	0	0	0	0	0	0	0	0	0	0	0	0	0	0	0	0	0	0	0	0	0	0	0	0	0	0	0	0	0	0	0	0	0	0	0	0	0	0	0	0	0	0	0	0	5	0	0	0	0	0	0	0	0	0	0	0	0	0	0	0	0	0	0	0	0	0	0	0	0	0	0	0	0	0	0	0	0	0	0	0	0	0	0	0	0	0	0	0	0	0	0	0	0	0	0	0	0	1	0	0	0	0	33	103	68	19	3	242	57	124	81	119	16	100	83	138	48	141	289	90	55	210	138	69	63	67	23	97	96	92	95	128	180	92	80	156	91	32	80	65	59	7	122	107	62	9	76	76	26	67	210	20	54	118	44	168	242	76	82	54	167	102	121	201	0	53	130	125	81	136	71	0	97	80	139	190	192	81	16	78	281	41	178	48	135	36	22	134	40	59	73	210	52	83	21	44	83	29	154	98	42	46	209	66	53	101	0	135	79	32	59	32	99	240	257	113	42	120	59	173	144	173	36	85	201	192	139	55	176	329	182	84	127	199	64	47	164	151	94	198	177	46	128	55	104	93	115	52	56	270	38	101	196	71	120	11	223	48	37	87	114	68	127	11	56	58	213	46	260	117	16	143	84	46	181	66	108	155	147	19	283	17	96	141	13	70	64	77	91	54	79	45	144	72	10	54	52	116	131	93	103	93	208	215	74	45	103	57	116	77	55	348	202	52	29	2	50	184	78	357	23	82	45	152	103	207	192	14	26	170	9	75	89	37	44	117	145	44	322	163	115	160	6	104	175	45	73	47	6	221	344	210	36	123	50	137	37	222	192	88	76	76	65	81	77	33	55	58	97	173	158	106	123	120	192	84	148	183	34	123	54	201	43	103	104	55	111	38	26	257	79	95	37	1	119	342	267	17	25	76	207	61	293	56	21	172	189	165	82	111	37	4	31	48	31	138	138	244	52	44	82	123	32	184	124	39	153	44	36	222	94	116	374	54	76	9	93	52	223	179	85	107	139	65	198	198	26	45	182	68	100	118	166	59	224	15	37	73	71	171	78	93	25	117	36	229	138	82	142	138	135	17	33	53	130	72	28	78	349	23	62	14	60	184	30	67	90	97	19	163	200	27	27	29	296	19	121	17	50	60	51	140	49	22	205	177	26	114	34	4	26	65	41	51	13	31	124	92	247	186	74	140	83	0	118	8	144	59	54	44	51	89	119	16	188	65	223	37	78	67	77	131	162	148	11	73	59	180	52	18	74	78	11	241	84	110	66	168	36	97	216	354	0	158	157	241	14	80	74	105	103	159	49	66	187	96	52	85	103	245	172	191	119	195	156	8	123	168	49	30	1	33	7	131	45	39	39	301	163	105	262	165
35	0	0	0	0	0	0	0	0	0	0	0	0	0	0	0	0	0	0	0	0	0	0	0	0	0	0	0	0	0	0	0	0	0	0	0	0	0	0	0	0	0	0	0	0	0	0	0	0	0	0	0	0	0	0	0	0	0	0	0	0	0	0	0	0	0	0	0	0	0	0	0	0	0	0	0	0	0	0	0	0	0	0	0	0	0	0	0	0	0	0	0	0	0	0	0	0	0	0	0	0	0	0	0	0	0	0	0	0	0	0	0	0	0	0	0	0	0	0	0	0	0	0	0	0	0	0	0	0	0	0	0	0	0	0	0	0	0	0	0	0	0	0	0	0	0	0	0	0	0	0	0	0	0	0	0	0	0	0	0	0	0	0	0	0	0	0	0	0	0	0	0	0	0	0	0	0	0	0	0	0	0	5	0	0	0	0	0	0	0	0	0	0	0	0	0	0	0	0	0	0	0	0	0	0	0	0	0	0	26	0	0	0	0	0	0	0	0	0	0	0	0	0	0	0	0	0	0	0	0	0	0	0	0	0	0	0	0	0	0	0	0	0	0	0	0	0	0	0	0	0	0	0	0	0	0	0	0	0	0	0	0	0	0	0	0	0	0	0	0	0	0	0	0	0	0	0	0	0	0	0	0	0	0	0	0	0	0	0	0	0	0	0	0	0	0	0	0	0	0	0	0	0	0	0	0	0	0	0	0	0	0	0	0	0	0	0	0	0	0	1	0	0	0	0	0	0	0	0	0	0	0	0	0	0	0	0	0	0	0	0	0	0	0	0	0	0	0	0	0	0	0	0	0	0	0	0	0	0	0	0	0	0	0	0	0	0	0	0	0	0	0	0	0	0	0	0	0	0	0	0	0	0	0	0	0	0	0	0	0	0	0	0	0	0	0	0	0	0	0	0	0	0	0	0	0	0	0	0	0	0	0	0	0	0	0	0	0	0	0	0	0	0	0	0	0	0	0	0	0	0	0	0	0	0	0	0	0	0	0	0	0	0	0	4	0	0	0	0	0	0	0	0	0	0	0	0	0	0	0	0	0	0	0	0	0	0	0	0	0	0	0	0	0	0	0	0	0	0	0	0	0	0	0	0	0	0	0	0	0	0	0	0	0	0	0	0	0	0	0	0	49	165	213	49	123	29	202	101	82	166	137	59	227	14	99	82	159	136	47	117	41	32	67	25	234	74	167	234	95	26	163	156	147	22	92	420	222	106	41	52	25	48	155	0	195	117	324	31	303	81	80	186	57	126	2	185	46	21	61	112	59	148	46	17	25	17	97	170	199	0	27	120	26	94	61	61	225	370	43	187	268	160	43	30	11	129	155	229	110	11	111	119	89	59	22	56	60	136	232	69	169	50	49	59	8	63	85	96	7	96	82	47	142	41	13	151	21	38	85	93	70	164	50	73	84	179	108	120	194	103	107	136	82	108	104	166	56	12	216	4	32	185	85	134	137	225	59	86	44	143	123	172	49	124	152	158	145	157	70	163	112	27	18	192	205	91	155	219	63	54	115	169	209	379	95	32	131	174	71	178	58	229	40	54	174	92	28	30	90	43	75	79	46	8	100	51	70	127	81	101	63	42	6	53	80	86	138	82	101	143	65	173	96	0	157	20	132	60	23	107	335	34	85	6	143	167	114	89	76	92	119	475	176	144	134	337	77	40	29	34	87	222	146	126	146	26	156	87	88	128	49	29	47	24	177	152	165	87	267	73	190	59	155	18	36	13	173	140	24	97	171	13	175	58	78	176	220	55	97	13	37	148	29	276	125	37	112	47	103	187	412	35	199	14	162	85	137	156	72	87	61	45	127	27	171	118	4	89	112	100	70	77	93	111	10	49	31	37	110	50	3	16	84	74	77	62	263	114	120	36	15	53	98	54	84	50	108	204	18	25	23	80	69	74	169	64	84	117	54	77	94	187	182	5	69	94	88	109	42	106	202	53	45	46	55	167	148	38	168	136	243	144	69	31	184	92	28	19	85	79	177	73	194	62	80	146	40	74	180	100	120	174	113	105	45	13	47	43	113	55	90	27	191	65	59	11	57	114	57	31	45	415	155	117	67	47	153	21	145	42	54	0	287	163	204	23	35	212	24	28	86	190	140	87	50	76	52	75	162	30	53	35	19	7	29	75	57	60	39	101	142	85	43	44	64	80	146	125	148	69	0	67	54	148	92	175	97	72	42	18	40	131	61	158	42	214	130	157	16	118	53	25	25	36	17	213	20	148	21	189	91	162	87	98	40	156	92	80	41	29
36	0	0	0	0	0	0	0	0	0	0	0	0	0	0	0	0	0	0	0	0	0	0	0	0	0	0	0	0	0	0	0	0	0	0	0	0	0	0	0	0	0	0	0	0	0	0	0	0	0	0	0	0	0	0	0	0	0	0	0	0	0	0	0	0	0	0	0	0	0	0	0	0	0	0	0	0	0	0	0	0	0	0	0	0	0	0	0	0	0	0	0	0	0	0	0	0	0	0	0	0	0	0	0	0	0	0	0	0	0	0	0	0	0	0	0	0	0	0	0	0	0	0	0	0	0	0	0	0	0	0	0	0	0	0	0	0	0	0	0	0	0	0	0	0	0	0	0	0	0	0	0	0	0	0	0	0	0	0	0	0	0	0	0	0	0	0	0	0	0	0	0	0	0	0	0	0	0	0	0	0	0	0	0	0	0	0	0	0	0	16	0	0	0	0	0	0	0	0	0	0	0	0	0	0	0	0	0	0	0	0	0	0	0	0	0	0	0	0	20	0	0	0	0	0	0	0	0	0	0	0	0	0	0	0	0	0	0	0	0	0	0	0	0	0	0	0	0	0	0	0	0	0	0	0	0	0	0	0	0	0	0	0	0	0	0	0	0	0	0	0	0	0	0	0	0	0	0	0	0	0	0	0	0	0	0	0	0	0	0	0	0	0	0	0	0	0	0	0	0	0	0	0	0	0	0	0	0	0	0	0	0	0	0	0	0	0	5	0	0	0	0	0	0	0	0	0	0	0	0	0	0	0	0	0	0	0	0	0	0	0	0	0	0	0	0	0	0	0	0	0	0	0	10	0	0	0	0	0	0	0	0	0	0	0	0	0	0	0	0	0	0	0	0	0	0	0	0	0	0	0	14	0	0	0	0	0	0	0	0	0	0	0	0	0	0	0	0	0	0	0	0	0	0	0	0	0	0	0	0	0	0	0	0	0	0	0	0	0	0	0	0	0	0	0	0	0	0	0	0	0	0	0	0	0	0	0	0	0	0	0	0	0	0	0	0	0	0	0	0	0	0	0	0	0	0	0	0	0	0	0	0	0	0	0	0	0	0	0	0	0	0	0	0	0	0	0	0	0	0	0	0	0	0	0	0	0	0	0	0	0	0	0	0	0	0	0	0	0	0	0	101	58	75	165	89	141	36	81	65	137	59	199	29	77	114	24	120	256	150	58	78	32	61	91	33	134	123	130	228	33	233	34	114	25	71	34	43	97	181	110	212	273	102	0	20	101	36	40	104	154	91	63	194	143	58	177	2	130	114	59	74	34	4	310	313	102	108	92	54	0	89	53	32	101	54	108	67	100	100	79	300	233	118	55	181	106	58	60	121	145	53	48	34	104	110	158	271	48	130	73	79	111	106	241	6	83	41	19	127	127	536	26	237	71	72	32	175	52	210	66	175	10	21	52	94	126	80	31	174	183	123	71	166	13	119	77	26	9	151	75	0	26	178	23	38	97	105	23	83	72	132	83	222	195	127	71	98	83	125	68	168	65	94	66	113	27	155	232	52	200	120	64	57	131	169	40	98	156	232	69	76	81	88	96	221	74	12	47	82	262	66	74	109	171	155	103	42	127	89	93	238	116	72	281	12	35	68	43	97	402	38	43	76	16	81	212	105	12	228	88	47	248	82	26	88	146	35	192	287	75	24	281	78	143	74	4	57	287	66	25	26	135	79	81	22	142	123	238	93	183	107	56	10	28	56	36	127	131	55	252	40	71	59	100	17	117	94	70	32	102	65	49	12	330	64	123	24	43	72	60	31	119	216	108	40	83	172	199	78	55	149	94	117	45	236	44	46	179	66	210	61	72	39	40	188	111	132	69	166	155	143	93	42	58	14	279	50	158	32	37	98	91	44	39	137	275	38	205	107	18	129	95	34	84	162	102	89	150	95	125	40	14	65	65	20	23	36	7	29	57	160	117	133	50	11	142	109	76	179	20	94	63	100	179	254	93	283	114	122	40	81	106	131	81	147	188	178	232	120	9	200	54	279	60	102	25	95	194	183	19	52	36	108	104	201	56	151	99	68	3	33	7	26	66	221	53	30	14	27	211	153	61	20	81	29	213	30	107	78	404	63	166	33	92	137	79	123	36	69	58	4	62	76	26	119	50	65	84	102	138	161	139	23	122	87	237	100	36	165	12	91	17	85	90	116	125	167	68	91	71	0	284	139	66	100	37	103	133	52	51	107	35	138	31	262	87	197	44	83	98	97	248	141	156	85	103	87	93	49	99	376	259	83	44	80	80	29	63	145	117
37	0	0	0	0	0	0	0	0	0	0	0	0	0	0	0	0	0	0	0	0	0	0	0	0	0	0	0	0	0	0	0	0	0	0	0	0	0	0	0	0	0	0	0	0	0	0	0	0	0	0	0	0	0	0	0	0	0	0	0	0	0	0	0	0	0	0	0	0	0	0	0	0	0	0	0	0	0	0	0	0	0	0	0	0	0	0	0	0	0	0	0	0	0	0	0	0	0	0	0	0	0	0	0	0	0	0	0	0	0	0	0	0	0	0	0	0	0	0	0	0	0	0	0	0	0	0	0	2	0	0	0	0	0	0	0	0	0	0	74	0	0	0	0	0	0	0	0	0	0	0	0	0	0	0	0	0	0	0	0	0	0	0	0	0	0	0	0	0	0	0	0	0	0	0	0	0	0	0	0	0	0	0	0	0	0	0	0	0	0	0	0	0	0	0	0	0	0	0	0	0	0	0	0	0	0	0	0	1	0	0	0	0	0	0	0	0	0	0	0	0	0	0	0	0	0	0	0	0	0	0	0	0	0	0	0	0	0	0	0	0	0	0	0	0	0	0	0	0	0	0	0	0	0	0	0	0	0	0	0	11	0	0	0	0	0	0	0	0	0	0	1	0	0	0	0	0	0	0	0	0	0	0	0	6	0	0	0	0	0	0	0	0	0	0	0	0	0	0	0	0	0	0	0	0	0	0	0	0	0	0	0	0	0	0	0	0	0	0	0	0	0	0	0	0	0	0	0	0	0	0	0	0	0	0	0	0	0	0	0	0	0	0	0	0	0	0	0	0	0	0	0	0	0	0	0	0	0	0	0	0	0	0	0	0	0	0	0	0	0	0	0	0	0	0	0	0	0	0	0	0	0	0	0	0	0	0	0	0	0	0	0	0	0	0	0	0	0	0	0	0	0	0	0	0	0	0	0	0	0	0	0	0	0	0	0	0	0	0	0	0	1	0	0	0	0	0	0	0	0	0	0	0	0	0	0	0	0	0	0	0	0	0	0	0	0	0	0	0	0	0	0	0	3	0	0	0	0	0	0	0	0	0	0	0	0	0	0	0	0	0	0	0	0	0	0	0	0	0	0	0	0	0	0	0	0	0	0	0	0	0	0	0	0	0	0	0	0	0	0	73	0	296	19	173	76	116	296	119	101	141	109	36	74	90	46	101	116	103	55	120	53	16	30	59	84	163	166	93	63	65	86	118	26	50	21	247	97	105	47	78	57	149	195	0	5	241	106	100	197	43	135	94	105	179	60	140	179	273	93	50	196	105	0	148	36	116	27	128	54	0	1	192	26	4	74	67	190	131	41	177	57	26	75	176	142	94	41	224	88	253	313	198	141	39	100	63	92	48	139	44	58	93	16	164	0	134	28	143	171	164	123	175	112	202	25	101	229	73	124	61	150	162	86	90	149	85	42	27	168	243	22	62	35	42	37	129	40	51	41	257	24	250	79	97	229	142	35	80	81	3	27	197	117	106	55	149	146	62	92	13	113	61	65	69	150	31	108	133	56	42	138	104	95	206	155	150	27	134	223	22	119	104	138	215	55	132	103	39	221	73	44	168	233	61	63	140	133	108	55	250	27	80	26	31	79	77	63	205	144	45	225	63	84	0	27	100	80	30	38	9	115	217	219	27	66	16	195	38	111	54	69	44	68	188	119	136	154	60	3	151	120	104	125	192	193	8	154	47	70	68	170	200	208	47	29	25	256	163	90	93	80	193	202	180	24	35	153	55	152	342	90	56	62	29	17	43	48	41	120	43	230	213	222	27	13	88	132	81	75	16	65	7	46	94	132	44	287	192	51	118	15	193	52	44	28	6	78	121	55	19	85	16	163	8	73	18	197	73	80	148	44	25	124	66	78	66	98	294	87	185	175	23	83	62	94	75	163	56	170	62	156	134	51	69	172	178	113	38	35	56	6	193	24	273	77	132	46	73	123	30	59	54	13	59	7	0	249	56	63	52	51	78	109	101	72	256	56	86	47	206	90	53	25	31	90	62	357	156	25	96	81	78	289	84	94	206	68	137	55	142	8	36	161	105	57	50	90	125	74	73	115	196	68	49	211	58	79	287	203	29	152	0	41	57	30	102	77	11	36	40	67	66	99	79	179	70	176	77	60	107	66	190	197	67	62	312	103	1	13	201	65	21	97	220	14	183	11	38	97	9	0	19	20	185	68	24	61	138	221	129	152	48	179	78	77	183	48	181	105	98	71	87	40	35	73	86	139	130	50	74	38	29	1	153	16	68	98	47	160	47
38	0	0	0	0	0	0	0	0	0	0	0	0	0	0	0	0	0	0	0	0	0	0	0	0	0	0	0	0	0	0	0	0	0	0	0	0	0	0	0	0	0	0	0	0	0	0	0	0	0	0	0	0	0	0	0	0	0	0	0	0	0	0	0	0	0	0	0	0	0	0	0	0	0	0	0	0	0	0	0	0	0	0	0	0	0	0	0	0	0	0	0	0	0	0	0	0	0	25	0	0	0	0	0	0	0	0	0	0	0	0	0	0	0	0	0	0	0	0	0	0	0	0	0	0	0	0	0	0	0	0	0	0	0	0	0	0	0	0	0	0	0	0	0	0	0	0	0	0	0	0	0	0	0	0	0	0	0	0	0	0	0	0	0	0	0	0	0	0	0	0	0	0	0	0	0	0	0	0	0	0	0	0	0	0	0	0	0	0	0	0	0	0	0	0	0	0	0	0	0	0	0	0	0	0	0	0	0	0	0	0	0	0	0	0	0	0	0	0	0	0	0	0	0	0	0	0	0	0	0	0	0	0	0	0	0	0	0	0	0	0	0	0	0	0	0	0	0	0	0	0	0	0	0	0	0	0	0	0	0	0	0	0	0	0	0	0	0	0	0	0	0	0	0	0	0	0	0	0	0	0	0	0	0	0	0	0	0	0	0	0	0	0	0	0	0	0	0	0	0	0	0	0	0	0	0	0	0	0	0	0	0	0	0	0	0	0	0	0	0	0	0	0	0	0	0	0	0	0	0	0	0	0	0	0	0	0	0	0	0	0	0	0	0	0	0	0	0	0	0	0	0	0	0	0	0	0	0	0	0	0	0	0	0	0	0	0	0	0	0	0	0	0	0	0	0	0	0	0	0	0	0	0	0	0	0	0	0	0	0	0	0	0	0	0	0	0	0	0	0	0	0	0	0	0	0	0	0	0	0	0	0	0	0	0	0	0	0	0	0	0	0	0	0	0	0	0	0	0	0	0	0	0	0	0	0	13	0	0	0	0	0	0	0	0	0	0	0	0	0	0	0	0	0	0	0	0	0	0	0	0	0	0	0	0	0	0	0	0	0	0	0	0	0	0	0	0	0	0	0	0	0	0	0	0	0	0	0	0	0	0	0	0	0	0	0	0	0	0	0	0	0	55	122	36	45	115	118	72	80	32	107	170	38	44	113	38	63	345	92	5	78	42	68	161	42	21	335	136	29	33	19	147	139	28	222	57	195	76	44	11	89	66	35	0	183	78	95	219	147	143	23	180	112	262	18	45	32	159	95	19	153	79	0	68	94	103	29	18	227	0	54	46	387	204	105	45	198	109	193	257	35	140	81	156	101	61	104	125	131	292	48	136	170	88	33	53	54	166	182	87	41	66	158	219	0	133	72	115	85	137	292	64	83	210	67	97	357	85	243	62	195	32	166	72	225	50	63	69	103	186	41	104	38	63	180	108	15	195	163	181	0	97	87	50	58	26	81	39	123	91	46	27	94	280	4	139	87	171	62	61	50	34	51	60	59	13	167	111	24	126	121	95	102	105	77	70	149	87	119	32	223	139	135	22	36	15	43	209	26	44	120	64	68	28	68	222	181	22	128	269	14	183	55	59	57	41	34	175	154	149	65	160	86	0	234	80	111	113	26	66	52	20	107	132	125	34	59	33	207	50	38	74	89	37	78	15	57	100	31	82	21	44	14	104	119	90	19	52	28	108	92	76	280	53	184	192	121	12	134	59	36	122	83	102	53	113	247	110	145	22	15	126	47	165	41	146	52	35	37	55	204	86	77	56	179	70	196	105	16	27	162	32	77	48	72	103	46	132	23	145	288	117	99	268	69	161	52	172	202	53	174	62	105	68	91	34	132	27	60	141	74	126	160	75	131	84	158	140	136	81	50	75	59	87	110	436	35	145	35	119	76	58	347	189	135	42	158	139	58	12	65	207	55	282	8	123	96	103	26	48	71	156	147	100	72	58	35	31	28	47	154	76	15	85	92	43	150	127	149	207	177	72	125	37	9	117	66	36	192	114	79	146	19	243	82	93	16	67	75	75	27	23	184	94	146	20	138	69	110	272	19	369	87	43	51	27	115	111	16	73	92	0	175	139	81	98	86	56	30	107	126	82	61	28	68	28	101	157	16	83	118	53	66	175	27	25	202	18	36	69	130	215	91	69	35	85	115	127	83	175	0	203	47	151	370	55	87	30	95	94	36	78	22	38	73	116	324	173	44	51	58	118	98	133	41	36	184	51	7	109	63	21	131	27	10	86	107	115	54	75
39	0	0	0	0	0	0	0	0	0	0	0	0	0	0	0	0	0	0	0	0	0	0	0	0	0	0	0	0	0	0	0	0	0	0	0	0	0	0	0	0	0	0	0	0	0	0	0	0	0	0	0	0	0	0	0	0	0	0	0	0	0	0	0	0	0	0	0	0	0	0	0	0	0	0	0	0	0	0	0	0	0	0	0	0	0	0	0	0	0	0	0	0	0	0	0	0	0	0	0	0	0	0	0	0	38	0	0	0	0	0	0	0	0	0	0	0	0	0	0	0	0	0	0	0	0	0	2	0	0	0	0	0	0	0	0	0	0	0	0	0	0	0	0	0	0	0	0	0	0	0	0	0	0	0	0	0	0	0	0	0	0	0	0	0	0	0	0	0	0	0	0	0	0	0	0	0	0	0	0	0	0	0	0	0	0	0	0	0	0	0	0	0	0	0	0	0	0	0	0	0	0	0	0	0	0	0	0	0	0	0	0	0	0	0	0	0	0	0	0	0	0	0	0	0	0	0	0	0	0	0	0	0	0	0	0	0	0	0	0	0	0	0	0	0	0	31	0	0	0	0	0	0	0	0	0	0	0	0	0	0	0	5	0	0	0	0	1	0	0	0	0	0	0	0	0	0	0	0	0	0	0	0	0	0	0	0	0	11	0	0	0	0	0	0	0	0	0	0	0	0	0	0	0	0	0	0	0	0	0	0	0	0	0	0	9	0	0	0	0	22	0	0	0	0	0	0	0	0	0	0	0	0	0	0	0	0	0	0	0	0	0	0	0	0	0	0	0	0	0	0	0	0	0	0	0	0	0	0	0	0	0	0	0	0	0	0	0	0	0	0	0	0	0	0	0	0	0	0	0	0	0	0	0	0	0	0	0	0	0	0	0	0	0	0	0	0	0	0	0	0	0	0	0	0	0	0	0	0	0	0	0	0	0	0	0	0	0	0	0	0	0	0	0	0	0	17	0	0	0	0	0	0	0	0	0	0	0	0	0	0	0	0	0	0	0	0	0	0	0	0	0	0	0	0	0	0	0	0	0	0	0	0	0	0	0	0	0	0	0	0	0	0	0	0	0	0	0	0	0	0	0	0	0	0	0	0	0	0	0	0	0	0	0	0	0	0	0	0	0	0	22	138	232	61	230	97	14	173	104	94	363	47	38	34	192	146	272	139	58	61	160	165	119	112	158	184	72	87	120	174	14	13	36	60	4	6	55	104	64	41	73	88	197	0	42	103	84	28	223	163	78	88	79	54	205	15	46	93	149	52	63	89	0	89	51	37	160	39	27	0	137	74	105	92	118	33	52	8	23	34	42	95	51	155	90	38	66	28	55	91	152	35	108	21	53	51	61	77	114	146	15	150	153	76	0	95	44	74	12	44	38	142	177	10	89	103	25	196	74	95	36	88	128	144	218	211	154	345	82	156	43	187	105	85	287	92	102	155	154	42	0	18	124	138	29	197	96	100	232	175	16	41	63	44	75	86	37	60	235	126	230	22	129	135	94	327	156	62	199	79	78	74	35	157	74	92	182	45	251	139	156	80	99	210	7	50	169	35	89	135	253	120	63	122	149	40	240	62	142	41	333	52	74	123	124	124	33	31	73	84	96	26	59	0	55	91	54	84	290	125	152	184	132	29	116	57	148	101	215	150	123	88	143	43	107	104	53	75	60	133	58	130	11	230	104	72	46	180	198	43	172	201	83	59	76	90	196	71	123	73	17	150	56	31	27	59	32	269	194	463	101	12	8	48	119	107	150	213	48	81	24	119	182	88	29	41	136	94	20	18	54	291	77	118	185	108	63	141	129	144	21	77	60	99	70	18	131	32	221	53	45	124	47	213	164	66	107	93	149	37	136	4	46	318	100	78	48	133	85	56	48	51	147	56	166	9	62	62	11	133	33	43	59	187	53	111	176	114	41	64	33	222	63	46	11	48	144	28	166	190	240	51	48	69	98	80	48	67	79	148	81	22	29	99	58	157	70	64	29	130	150	93	57	242	94	43	30	13	130	55	2	44	136	52	140	125	379	82	28	14	157	174	181	314	96	47	229	206	66	293	337	72	221	22	199	112	77	5	128	132	65	0	12	108	136	101	62	59	31	28	132	24	124	109	102	237	15	158	86	308	4	162	72	88	176	81	68	272	69	176	72	109	129	11	46	186	101	40	157	86	0	32	70	163	22	249	233	51	146	44	100	243	46	228	161	205	101	114	76	63	17	113	98	101	168	55	77	64	35	89	185	73	270	164	70	55	107	153	114	87
40	0	0	0	0	0	0	0	0	0	0	0	0	0	0	0	0	0	0	0	0	0	0	0	0	0	0	0	0	0	0	0	0	0	0	0	0	0	0	0	0	0	0	0	0	0	0	0	0	0	0	0	0	0	0	0	1	0	0	0	0	0	0	0	0	0	0	0	0	0	0	0	0	0	0	0	0	0	0	0	0	0	0	87	0	0	0	0	0	0	20	0	0	0	0	0	0	0	0	0	0	0	0	5	0	0	0	0	0	0	0	0	0	0	0	0	0	0	0	0	0	0	0	0	0	0	0	0	0	0	0	0	0	0	0	0	0	0	0	0	0	0	0	0	0	0	0	0	0	0	0	0	0	0	0	0	0	0	0	0	0	0	0	0	0	0	0	0	0	0	0	0	0	0	0	0	0	0	0	0	0	0	0	0	0	0	0	0	0	0	0	0	0	0	0	0	0	0	0	0	0	0	0	0	0	0	0	0	0	0	0	0	0	0	0	0	0	0	0	0	1	0	0	0	0	0	0	0	0	0	0	0	0	0	0	0	0	0	0	0	0	0	0	0	0	0	0	0	0	0	0	0	0	0	0	0	0	0	0	0	0	0	0	0	0	0	0	0	0	0	0	0	0	0	0	0	0	0	0	0	0	0	0	0	0	0	0	0	0	0	0	0	0	0	0	0	0	0	0	0	0	0	0	0	0	0	0	0	0	0	0	0	0	0	0	0	0	0	0	0	0	0	0	0	0	0	0	15	0	0	0	0	0	0	0	0	0	0	0	0	0	0	0	0	0	0	0	0	0	0	0	0	0	0	0	0	0	0	0	0	0	0	0	0	0	0	0	0	0	0	0	0	0	0	0	0	0	0	0	0	0	0	0	0	0	0	0	0	0	0	0	0	0	0	0	0	0	0	0	0	0	0	0	0	0	0	0	0	0	0	0	0	0	0	0	0	0	0	0	0	0	0	0	0	0	0	0	0	0	55	0	0	0	0	0	0	7	0	0	0	0	0	0	0	0	0	0	0	0	0	0	0	0	0	0	0	0	0	0	0	0	0	0	0	0	0	0	0	0	0	0	0	0	0	0	0	0	0	0	0	0	0	0	0	0	0	0	0	0	0	0	0	0	0	0	0	0	0	0	0	0	0	69	201	161	54	138	239	178	69	184	108	146	109	64	155	88	33	150	67	152	64	95	221	136	45	37	203	158	40	185	155	69	119	83	178	169	29	209	130	18	136	70	221	0	133	149	132	90	8	56	62	144	203	57	19	8	41	125	91	28	135	94	0	193	278	17	2	52	13	0	53	115	51	390	47	165	60	44	59	16	126	124	35	289	18	61	55	108	91	31	39	132	133	97	52	163	53	15	76	105	137	148	92	68	0	266	124	73	17	54	157	180	82	195	101	54	39	31	122	11	137	11	41	154	14	140	120	200	71	6	97	24	56	150	84	95	106	172	84	78	0	155	60	75	130	67	104	137	113	75	37	23	59	126	61	67	16	64	165	67	113	86	100	44	286	50	104	151	210	116	60	60	256	228	49	36	60	58	380	114	235	46	66	82	6	160	51	54	109	113	110	15	138	33	195	59	53	42	89	190	87	96	72	77	91	39	18	3	44	82	142	228	32	0	43	103	111	131	41	124	31	117	58	190	233	74	160	20	20	3	249	48	100	270	51	79	149	162	41	110	23	52	24	68	50	79	76	43	92	234	106	229	137	189	46	41	25	86	38	199	20	74	29	59	55	22	18	57	30	127	155	66	70	227	87	60	35	77	58	151	72	25	149	60	54	157	309	97	137	18	10	64	89	47	100	93	112	7	89	225	16	106	121	166	304	117	106	62	22	25	54	122	9	2	33	36	174	21	132	66	168	92	77	93	89	101	33	259	75	155	165	238	136	254	33	54	109	46	410	5	51	99	42	388	107	32	89	19	138	91	162	87	97	49	108	57	279	88	166	14	162	59	94	202	13	66	59	102	160	172	149	112	53	64	207	62	59	48	88	257	52	23	53	59	268	104	31	88	143	54	46	76	12	144	137	105	66	55	81	141	27	17	103	37	66	95	217	51	177	31	140	44	140	137	127	97	60	216	303	150	14	0	69	188	40	274	110	113	36	51	30	88	38	189	89	131	57	107	145	224	75	49	57	61	81	31	33	134	175	106	57	38	123	84	48	116	59	146	15	127	0	83	122	93	83	27	94	143	89	2	119	11	116	144	135	46	13	30	73	76	118	352	59	47	107	19	134	162	61	77	85	83	154	74	36	99	122	41	47	168
41	0	0	0	0	0	0	0	0	0	0	0	0	0	0	0	0	0	0	0	0	0	0	0	0	0	0	0	0	0	0	0	0	0	0	0	0	0	0	0	0	0	0	0	0	0	0	0	0	0	0	0	0	0	0	0	0	0	0	0	0	0	0	0	0	0	0	0	0	0	0	0	0	0	0	0	0	0	0	0	0	0	0	0	0	0	0	0	0	0	0	0	0	0	0	0	0	0	0	0	0	0	0	0	0	0	0	0	0	0	0	0	0	0	0	0	0	0	0	0	0	0	0	0	0	0	0	0	0	0	0	0	0	0	0	0	0	0	0	0	0	0	0	0	0	0	0	0	0	0	0	0	0	0	0	0	0	0	0	0	0	0	0	0	0	0	0	0	0	0	0	0	0	0	0	0	0	0	0	0	0	0	0	0	0	0	0	0	0	0	0	0	0	0	0	0	0	0	0	0	0	0	0	0	0	0	0	0	0	0	0	0	0	0	0	0	0	0	0	3	0	0	0	0	0	0	0	0	0	0	0	0	0	0	0	0	0	0	32	0	0	0	0	0	0	0	0	0	0	0	0	0	0	0	0	0	0	0	0	0	0	0	0	0	39	0	0	0	0	0	0	0	0	0	0	0	0	0	0	0	0	0	0	0	0	0	0	0	0	0	0	0	0	0	0	0	0	0	0	0	0	0	0	0	0	0	0	0	0	0	0	0	0	0	0	0	0	0	0	0	0	0	0	0	0	0	0	0	0	0	0	0	0	0	0	0	0	0	0	0	0	0	0	0	0	0	0	0	0	0	0	0	0	0	0	0	0	0	0	0	0	0	0	0	0	0	0	0	0	0	0	0	0	0	0	0	0	0	0	0	0	0	0	0	0	0	0	0	0	0	0	0	0	0	0	0	0	0	0	0	0	0	0	0	0	0	0	0	0	0	0	0	0	0	0	0	0	0	0	0	0	0	0	0	0	0	0	0	0	0	0	0	0	0	4	0	0	0	0	0	0	0	0	0	0	0	0	0	0	0	0	0	0	0	0	0	0	0	0	0	0	0	0	0	0	0	0	0	0	0	0	0	0	0	0	0	0	0	0	0	0	0	0	0	0	0	0	0	0	0	1	0	0	0	0	0	0	0	0	0	0	0	39	96	118	27	91	74	196	26	57	142	20	41	277	74	101	68	50	223	72	72	49	33	59	162	197	114	187	56	179	300	34	257	245	44	58	23	114	76	141	83	62	66	0	197	60	77	3	86	79	81	16	113	47	17	69	47	23	34	29	116	47	0	70	79	28	54	50	184	0	34	37	133	111	110	276	44	63	98	48	200	71	31	18	76	28	53	124	57	100	33	111	126	7	104	123	285	36	36	9	37	162	209	88	0	140	52	99	155	24	155	73	85	306	30	86	64	252	63	190	62	87	132	34	99	144	118	171	118	54	144	44	16	82	88	167	18	88	64	23	0	128	89	155	249	123	34	191	96	66	92	35	133	106	264	13	70	151	42	48	188	27	66	135	128	86	128	153	77	189	121	271	77	145	293	127	171	79	34	121	130	130	112	45	76	141	92	73	87	328	182	36	281	109	78	61	75	124	85	168	64	83	52	46	97	129	105	55	58	135	207	82	8	0	25	74	24	12	59	242	241	253	78	40	126	68	61	213	31	172	176	144	20	98	39	41	16	237	42	191	37	33	89	54	24	22	72	135	98	184	38	185	142	106	72	163	138	76	44	76	57	52	8	218	463	109	12	40	216	52	117	56	84	119	69	86	47	199	21	31	66	147	19	19	209	77	118	109	50	69	28	195	98	100	69	101	114	47	137	135	50	80	334	17	70	119	39	37	11	19	69	122	109	15	107	272	130	348	159	88	89	83	21	58	130	161	75	232	101	34	137	143	7	75	324	33	13	127	30	103	47	104	52	101	77	14	75	41	215	136	161	272	60	247	286	73	41	160	72	18	53	39	184	87	57	48	157	46	46	32	56	25	78	112	7	40	26	41	75	147	112	68	80	158	81	16	117	30	90	174	151	50	36	63	141	178	219	150	64	206	64	69	66	69	101	42	88	129	55	93	146	41	79	84	31	41	56	26	188	215	108	0	36	119	29	46	57	37	42	231	125	141	96	114	87	25	70	9	94	185	106	86	17	243	1	53	129	266	159	116	25	85	53	331	71	216	156	61	5	177	0	221	133	100	185	130	96	98	136	169	37	29	75	146	27	146	220	123	43	99	102	111	177	43	260	321	73	113	5	31	154	116	63	96	78	25	28	68	61	113
42	0	0	0	0	0	0	0	0	0	0	0	0	0	0	0	0	0	0	0	0	0	0	0	0	0	0	0	0	0	0	0	0	0	0	0	0	0	0	0	0	0	0	0	0	0	0	0	0	0	0	0	0	0	0	0	0	0	0	0	0	0	0	0	0	0	0	0	0	0	47	0	0	0	0	0	0	0	0	0	0	0	0	0	0	0	0	0	0	0	0	0	0	0	0	0	0	0	0	0	0	0	0	0	0	0	0	0	0	0	0	0	0	0	0	0	0	0	0	0	0	0	0	0	0	0	0	0	0	0	0	0	0	0	0	0	0	0	0	0	0	0	0	0	0	0	0	0	0	0	0	0	0	0	0	0	0	0	0	0	0	7	0	0	0	0	0	0	0	0	0	0	0	0	0	0	0	0	0	0	0	0	0	0	0	0	0	0	0	0	0	0	0	0	0	0	0	0	0	0	0	0	0	0	0	0	0	0	0	0	0	0	0	0	0	0	0	0	0	0	0	6	0	0	0	0	0	0	0	0	0	0	0	0	0	0	0	0	3	0	0	0	3	0	0	0	0	0	0	0	0	0	0	0	0	0	0	0	0	0	0	0	0	0	0	0	0	0	0	0	0	0	0	0	0	0	0	0	0	0	0	0	0	0	0	0	0	0	0	0	0	0	0	0	0	0	0	0	0	0	0	0	0	0	0	0	0	0	0	0	0	0	0	0	0	0	0	0	0	0	0	0	0	0	0	0	0	0	0	0	0	0	0	0	0	0	0	0	0	0	0	0	0	0	0	0	0	0	0	0	0	0	0	0	0	0	0	0	0	0	0	0	0	0	0	0	0	0	0	0	0	0	0	0	0	0	0	0	0	0	0	0	0	0	0	0	0	0	0	0	0	0	0	0	0	0	0	0	0	0	0	0	0	0	2	0	0	0	0	0	0	0	0	0	0	0	0	0	0	0	0	0	0	0	0	0	0	0	0	0	0	100	0	0	0	0	0	0	0	0	0	0	0	0	0	0	0	0	0	0	0	0	0	0	0	0	0	0	0	0	0	0	0	0	0	0	0	0	0	0	0	0	0	0	0	0	0	0	0	0	0	2	0	0	0	0	0	0	0	0	0	0	0	0	0	0	0	0	0	0	0	30	119	135	55	148	24	295	11	145	79	85	86	99	7	125	100	291	158	23	104	129	67	49	47	37	96	270	144	210	99	134	57	119	180	135	177	160	176	190	48	75	120	163	1	16	57	237	132	62	168	95	34	82	90	9	237	91	135	51	186	34	180	0	133	30	251	144	24	84	0	9	24	180	154	254	60	242	375	52	47	102	67	62	131	162	94	70	28	186	33	174	108	171	71	9	331	135	114	132	176	151	35	138	59	27	225	268	133	190	72	54	128	72	86	26	76	158	113	40	92	67	74	56	44	76	74	89	199	115	175	85	96	196	38	81	82	43	30	137	39	0	92	13	69	91	134	30	327	8	36	217	103	189	29	131	68	98	137	10	79	7	137	7	158	28	153	10	136	42	44	184	41	291	34	87	141	94	78	37	6	119	193	54	55	4	136	69	107	22	79	156	45	112	116	292	85	190	138	179	38	76	30	40	59	82	109	217	39	57	114	215	144	249	0	81	24	94	14	23	139	77	37	97	104	71	171	84	101	252	20	138	220	42	90	57	168	44	65	88	53	60	78	270	60	57	122	32	261	102	63	112	122	24	120	140	101	42	215	27	131	25	10	88	128	148	66	47	127	66	8	165	322	123	163	116	62	67	70	72	45	48	64	100	45	95	61	17	32	127	14	83	75	195	19	131	63	152	186	58	37	157	203	116	185	31	104	73	36	52	39	19	79	12	247	108	34	37	242	111	121	208	44	60	203	216	196	56	103	18	164	224	9	12	213	37	73	113	219	69	149	141	136	52	96	221	5	71	58	59	67	114	76	29	194	43	58	49	170	14	31	19	45	195	193	79	48	156	332	158	82	242	73	239	133	61	20	197	118	58	15	67	157	134	142	220	57	96	63	266	113	41	109	90	196	35	34	70	239	160	61	150	136	16	45	37	23	113	102	290	95	98	66	120	100	43	22	128	92	17	57	173	0	8	99	73	42	38	27	47	198	157	97	111	110	89	58	82	34	159	194	46	98	70	235	16	35	155	234	168	29	56	111	166	5	26	56	104	89	188	31	0	60	143	16	107	91	21	64	37	58	54	111	14	10	123	30	75	30	108	78	49	338	154	240	50	31	207	33	122	249	106	126	54	121	36	255	164	74	120	306
43	0	0	0	0	0	0	0	0	0	0	0	0	0	0	0	0	0	0	0	0	0	0	0	0	0	0	0	0	0	0	0	0	0	0	0	0	0	0	0	0	0	0	0	0	0	0	0	0	0	0	0	0	0	0	0	0	0	0	0	0	0	0	0	0	0	0	0	0	0	0	0	0	0	0	0	0	0	0	0	0	0	0	0	0	0	0	0	0	0	0	0	0	0	0	0	0	0	0	0	0	0	0	0	0	0	0	0	0	0	0	0	0	0	0	0	0	0	0	0	0	0	0	0	0	0	0	0	0	0	0	0	0	0	0	0	0	0	0	0	0	0	0	0	0	0	0	0	0	0	0	0	0	0	0	0	0	0	0	0	0	0	0	0	0	0	0	0	0	0	0	0	0	0	0	0	0	0	0	0	0	0	0	0	0	0	0	0	0	0	0	0	0	0	0	0	0	0	0	0	0	0	0	0	0	0	0	0	0	0	0	0	0	0	0	0	0	0	0	0	0	0	0	0	0	0	0	0	0	0	0	0	0	0	0	0	0	0	0	0	0	0	0	0	0	0	0	0	0	0	0	0	0	0	0	0	0	0	0	0	0	0	0	0	0	2	0	0	0	0	0	0	0	0	0	0	0	0	0	0	0	0	0	0	0	0	0	0	0	0	0	0	0	0	0	0	0	0	0	0	0	0	0	0	0	0	0	0	0	0	0	0	0	0	0	0	0	0	0	0	71	0	0	0	0	0	0	0	0	0	0	0	0	0	0	0	0	0	0	0	0	0	0	0	0	0	0	0	0	0	0	0	0	0	0	0	0	0	0	0	0	0	0	0	0	0	0	0	0	0	0	0	0	0	0	0	0	0	0	0	0	0	0	0	0	0	0	0	0	0	0	0	0	0	0	0	0	0	0	0	0	0	0	0	0	0	0	0	0	0	0	0	0	0	0	0	0	0	0	0	0	3	0	0	0	0	2	0	0	0	0	0	0	0	0	0	0	0	0	0	0	0	0	0	0	0	0	0	0	0	0	0	0	0	0	0	0	0	0	0	0	0	0	0	41	0	0	0	0	0	0	0	1	0	0	0	0	0	0	0	0	0	0	0	0	0	0	0	0	0	0	0	0	0	0	0	0	0	0	0	0	0	77	106	103	173	51	26	132	64	76	58	51	199	145	71	40	40	103	178	81	76	22	74	84	210	134	117	137	175	88	174	186	270	106	68	5	88	8	60	57	63	195	37	0	115	127	257	163	77	54	82	216	100	172	78	206	109	223	141	44	116	227	0	230	57	146	43	269	93	0	67	74	56	51	64	187	151	125	48	56	66	80	56	179	65	154	170	89	83	222	16	19	200	12	286	31	85	109	106	146	67	45	63	98	0	26	79	22	126	49	46	146	16	290	65	113	31	84	85	190	35	138	101	266	137	80	79	68	28	25	30	92	198	58	86	216	249	63	139	89	0	42	131	80	111	49	70	125	80	33	55	108	140	251	210	66	269	167	28	3	74	39	121	109	147	51	87	51	77	29	83	155	132	25	21	74	161	44	50	35	36	55	94	48	148	48	88	42	102	35	58	51	241	16	90	16	101	197	47	34	128	84	70	25	170	282	151	116	6	75	85	45	26	0	70	77	43	30	159	548	56	240	125	163	87	44	70	70	198	40	79	37	138	21	55	97	54	110	91	66	30	46	98	70	142	184	82	13	153	59	134	72	83	179	133	101	36	44	184	132	97	104	113	147	166	145	73	84	100	144	75	258	131	41	33	54	173	205	92	71	168	339	215	52	61	17	57	196	107	82	133	156	66	17	124	24	90	77	360	33	254	67	63	60	158	134	270	342	107	120	88	150	204	80	123	382	72	52	212	50	59	152	44	251	57	46	155	61	60	118	64	39	229	23	51	90	42	19	73	46	24	51	45	13	126	49	57	129	51	108	23	171	149	70	108	131	67	83	329	77	31	119	95	79	180	70	152	31	39	105	293	85	46	79	236	284	91	8	18	49	53	69	194	176	45	159	78	36	275	6	148	91	16	32	100	7	23	107	130	63	32	110	108	195	212	125	41	52	22	235	304	105	112	35	18	147	12	71	121	153	60	0	196	82	68	154	177	2	149	225	148	21	15	14	65	12	132	70	163	36	104	33	120	114	73	173	58	99	116	114	59	30	233	78	131	112	37	109	23	63	0	51	14	74	52	38	132	13	36	64	116	46	167	61	56	115	107	132	96	200	73	46	28	204	132	14	57	123	75	31	23	18	31	109	67	84	68	151	129	152
44	0	0	0	0	0	0	0	0	0	0	0	0	0	0	0	0	0	0	0	0	0	0	0	0	0	0	0	0	0	0	0	0	0	0	0	0	0	0	0	0	0	0	0	0	0	0	0	0	0	0	0	0	0	0	0	0	0	0	0	0	0	0	0	0	0	0	0	0	0	0	0	0	0	0	0	0	0	0	0	0	0	0	0	0	0	0	0	0	0	0	0	0	0	0	0	0	0	0	0	0	0	0	0	0	0	0	0	0	0	0	0	0	0	0	0	0	0	0	0	0	0	0	0	0	0	0	0	0	0	0	0	0	0	0	0	0	0	0	0	0	0	0	0	0	0	0	0	0	0	0	0	0	0	0	0	0	0	0	0	0	0	0	0	0	0	0	0	0	0	0	0	0	0	0	0	0	0	0	0	0	0	0	8	0	0	0	0	0	0	0	0	0	0	0	0	0	0	0	0	0	0	0	0	0	0	0	0	0	0	0	0	0	0	0	0	0	0	0	0	0	0	0	0	0	0	0	0	0	0	0	0	0	0	0	0	0	0	0	0	0	0	0	0	0	0	0	0	0	0	0	0	0	0	0	0	0	0	0	0	0	0	0	5	0	0	0	0	0	0	0	0	0	0	0	0	0	0	88	0	0	0	0	0	0	0	0	0	0	0	0	0	0	0	0	0	0	0	0	0	0	0	0	0	0	0	0	0	0	0	0	0	0	0	0	0	0	0	0	0	0	0	0	0	0	0	0	1	0	0	0	5	0	0	0	0	0	1	0	0	0	0	0	0	0	0	0	0	0	0	0	0	0	0	0	0	0	0	0	0	2	0	0	0	0	0	0	0	0	0	0	0	0	0	0	0	0	0	0	0	0	0	0	0	0	0	0	0	0	0	0	0	0	0	0	0	0	0	0	0	0	0	0	0	0	0	0	0	0	0	0	0	0	0	0	0	0	0	0	0	0	0	0	0	0	0	0	0	0	0	0	0	0	0	0	0	0	0	0	0	0	0	0	0	0	0	0	0	0	0	0	0	0	0	0	0	0	0	0	0	0	0	0	0	0	0	0	0	0	0	0	0	0	0	0	0	0	0	0	0	0	0	0	0	0	0	0	0	0	0	0	0	0	0	0	0	0	0	0	0	0	0	80	114	384	11	38	62	82	21	54	121	44	46	22	38	75	76	88	24	81	106	9	45	103	65	38	46	37	32	227	192	26	153	50	25	108	11	125	41	67	159	104	43	0	81	54	176	105	47	54	56	178	65	57	52	86	147	42	66	58	84	94	0	151	67	73	146	126	144	0	68	87	192	98	94	39	184	28	49	67	107	168	10	29	45	64	44	36	51	98	46	76	136	44	60	204	25	55	21	118	45	65	49	199	0	433	47	21	65	61	18	149	31	32	134	465	37	65	95	186	139	25	198	33	89	30	37	288	43	94	212	77	32	80	149	43	51	322	34	54	0	39	126	161	44	76	84	81	211	14	96	172	208	37	60	41	44	144	122	111	26	68	371	54	46	110	73	120	178	33	226	38	103	116	131	241	146	11	112	108	251	142	114	35	46	83	144	85	41	113	87	218	109	197	103	74	76	114	133	108	72	148	184	188	133	238	187	235	200	81	79	164	135	0	153	103	199	57	204	154	220	20	219	18	30	112	195	20	78	160	139	108	18	39	19	54	134	35	185	16	45	381	92	103	72	133	118	123	88	132	279	256	17	42	219	100	76	23	23	125	201	143	109	312	67	168	42	86	105	35	25	27	133	84	107	5	125	209	191	231	61	196	45	141	28	105	30	116	94	35	68	30	37	103	225	28	133	0	72	14	60	54	61	172	42	116	61	21	46	44	45	81	56	9	46	120	37	310	73	25	117	102	204	165	33	118	73	109	12	190	62	164	126	206	84	219	0	44	102	72	88	56	52	138	129	46	125	32	166	90	75	334	161	316	50	115	44	107	39	28	109	46	74	12	105	74	51	188	59	21	29	66	66	113	231	58	203	62	89	19	111	6	79	122	56	138	82	137	177	197	180	213	56	76	78	48	2	47	19	203	27	49	35	81	92	52	204	108	84	318	122	20	57	220	14	44	66	148	87	240	81	0	311	30	38	65	40	312	50	85	26	53	29	63	71	163	17	56	58	44	39	104	45	30	11	138	65	39	54	31	365	189	132	69	24	171	59	126	19	94	0	175	310	181	114	135	116	119	83	59	106	25	64	10	122	102	20	18	79	180	95	78	86	13	102	51	45	73	71	34	119	70	82	285	94	154	31	94	31	154
45	0	0	0	0	0	0	0	0	0	0	0	0	0	0	0	0	0	0	0	0	0	0	0	0	0	0	0	0	0	0	0	0	0	0	0	0	0	0	0	0	0	0	0	0	35	0	0	0	0	0	0	0	0	0	0	0	0	0	0	0	0	0	0	0	0	0	0	0	0	0	0	0	0	0	0	0	0	0	0	0	0	0	0	0	0	0	0	0	0	0	0	0	0	0	0	0	0	0	0	0	0	0	0	0	0	0	0	0	0	0	0	0	0	0	0	0	0	0	0	0	0	0	0	0	0	0	0	0	0	0	0	0	0	0	0	0	0	0	0	0	0	0	0	0	0	0	0	0	0	0	0	0	0	0	0	0	0	0	0	0	0	0	0	0	0	0	0	0	0	0	0	0	0	0	0	0	0	0	0	0	0	0	0	0	0	0	0	0	0	0	0	0	0	0	0	0	0	0	0	0	0	0	0	0	0	0	0	0	0	0	0	0	0	0	0	0	0	0	0	0	0	0	0	0	0	0	0	0	0	0	0	0	0	0	0	0	0	4	0	0	0	0	0	0	0	0	0	0	0	0	0	0	0	0	0	0	0	0	0	0	0	2	0	0	0	0	0	0	0	0	0	0	0	0	0	0	0	0	0	0	0	0	0	0	0	0	0	0	0	0	0	0	0	0	0	0	0	0	0	0	0	0	0	0	0	0	0	0	0	0	0	0	0	0	0	0	0	0	0	0	0	0	0	0	0	0	0	0	0	0	0	0	0	0	0	0	0	0	0	0	0	0	0	0	0	0	0	0	0	0	0	0	0	0	0	0	0	0	0	0	0	0	0	0	0	0	0	0	0	0	0	0	0	0	0	1	0	0	0	0	0	0	0	0	0	0	0	0	0	0	0	0	0	0	0	0	0	0	0	0	0	0	0	0	0	0	0	0	0	0	0	0	0	0	0	0	2	0	0	0	0	0	0	0	0	0	0	0	0	0	0	0	0	0	0	0	0	0	0	0	0	0	0	0	0	0	0	0	0	0	0	0	0	0	0	0	0	0	0	0	0	0	0	0	0	0	0	0	0	0	0	0	0	0	0	0	0	0	0	0	2	0	0	0	0	0	0	0	0	0	0	0	0	0	0	0	0	0	0	0	0	142	231	57	53	129	85	50	45	47	57	61	36	128	90	28	181	90	147	257	55	126	38	51	128	138	116	57	13	31	65	214	53	8	67	42	119	34	121	35	49	85	24	0	157	59	0	184	4	25	74	119	188	285	46	97	28	159	23	318	26	134	0	71	122	155	69	90	182	0	20	144	110	48	72	151	107	76	162	176	61	351	45	116	41	108	61	17	95	311	239	82	191	217	141	35	69	192	70	473	41	60	113	69	0	65	144	14	62	283	80	220	55	24	76	122	30	162	64	12	60	111	200	31	12	17	93	61	45	135	65	84	40	62	31	75	80	22	61	102	1	184	251	92	79	73	75	45	91	19	75	83	104	148	38	188	23	15	65	20	83	48	85	260	60	8	229	182	36	143	19	16	156	98	118	49	29	229	96	178	101	91	198	90	87	150	147	146	18	429	6	137	85	88	217	47	166	86	74	51	102	67	71	136	215	41	187	119	82	39	56	79	61	0	234	35	94	40	13	73	104	133	142	124	55	18	70	45	126	93	124	116	27	154	196	52	104	115	14	143	48	166	30	124	149	91	64	242	275	81	4	39	108	12	136	46	39	147	107	107	56	162	361	10	250	94	109	110	66	113	72	22	55	118	135	79	56	9	26	87	89	98	102	46	76	21	180	120	59	100	78	22	110	37	90	52	35	155	103	71	119	169	6	48	33	120	76	87	78	63	27	266	97	50	42	93	93	33	34	143	145	39	21	59	14	130	70	85	19	31	58	178	62	83	107	210	125	243	117	142	78	33	278	21	98	50	74	69	84	146	96	61	212	227	4	32	38	89	289	122	46	30	303	206	20	103	172	168	60	64	69	36	24	93	2	281	192	85	198	14	91	94	55	64	56	83	131	139	184	80	152	80	41	21	92	75	62	220	80	92	75	9	170	13	212	101	268	117	157	82	98	63	49	250	45	61	233	114	102	102	118	0	6	6	64	49	40	67	65	144	74	125	47	55	50	108	36	48	202	63	133	127	75	90	144	156	187	292	52	156	135	64	89	157	32	81	392	64	122	262	0	114	29	57	36	78	51	161	93	189	257	106	44	162	163	70	241	17	39	28	102	12	121	33	22	21	51	146	21	104	63	150	75	52	125	11	74	100	17	197
46	0	0	0	0	0	0	0	0	0	0	0	0	0	0	0	0	0	0	0	0	0	0	0	0	0	0	0	0	0	0	0	0	0	0	0	0	0	0	0	0	0	0	0	0	0	0	0	0	0	0	0	0	0	0	0	0	0	0	0	0	0	0	0	0	0	0	0	0	0	0	0	0	0	0	0	0	0	0	0	0	0	0	0	0	0	0	0	0	0	0	0	0	0	0	0	0	0	0	0	0	0	0	0	0	0	0	0	0	0	0	0	0	0	0	0	0	0	0	0	0	0	0	0	0	0	0	0	0	2	0	0	0	0	0	0	0	0	0	0	0	0	0	0	0	0	0	0	0	0	0	0	0	0	0	0	0	0	0	0	0	0	0	0	0	0	0	0	0	0	0	0	0	0	0	0	0	0	0	0	0	0	0	43	0	0	0	0	0	0	0	0	0	0	0	0	0	0	0	0	0	0	0	0	0	0	0	0	0	0	0	0	0	0	0	0	0	0	0	0	0	0	0	0	0	0	0	0	0	0	0	0	0	0	0	0	0	0	0	0	0	0	0	0	0	0	0	0	0	0	2	0	0	0	0	0	0	0	0	0	0	0	0	0	0	0	0	0	0	0	0	0	0	0	0	0	0	0	0	0	0	0	0	0	0	0	0	0	0	0	0	0	0	0	0	0	0	0	0	0	0	0	0	0	0	0	0	0	0	0	0	0	0	0	0	0	0	0	0	0	0	0	0	0	0	0	0	0	0	0	0	0	0	0	0	0	0	0	0	0	0	0	0	0	0	0	0	0	0	0	0	0	0	0	0	0	0	0	0	0	0	0	0	0	0	0	0	0	0	0	0	1	0	0	0	0	0	0	0	0	0	0	0	0	0	0	0	0	0	0	0	0	0	0	0	0	0	0	0	0	0	0	0	0	0	0	0	0	0	0	0	0	0	0	0	0	0	0	0	0	0	0	0	0	0	0	0	0	0	0	0	0	0	0	61	0	0	0	0	0	0	0	0	0	0	0	0	0	0	0	0	0	0	0	0	0	0	0	0	3	0	0	0	0	0	0	0	0	0	0	0	0	0	0	0	0	0	0	0	0	0	0	0	0	0	0	0	0	0	0	0	0	0	0	0	0	0	0	0	0	0	0	130	95	156	96	46	118	132	65	26	68	222	64	62	62	176	166	27	195	197	89	94	91	130	16	32	113	46	132	34	48	58	146	159	65	126	147	274	104	144	195	42	111	0	193	78	212	78	27	277	221	85	91	549	93	114	242	21	173	202	103	175	0	108	52	108	254	216	200	0	159	484	59	169	20	110	219	97	180	279	11	31	25	37	27	26	121	57	35	74	89	75	134	276	17	107	225	38	60	200	87	140	257	174	0	35	82	110	29	78	59	130	146	113	104	95	57	29	204	128	125	114	7	17	28	66	16	62	86	73	174	97	29	40	53	396	122	29	20	94	0	160	131	142	53	161	26	205	236	45	41	200	79	173	164	11	112	109	34	121	56	35	71	36	43	127	54	241	27	35	101	41	67	55	67	236	38	25	163	108	77	181	103	92	161	187	24	204	42	44	47	134	93	119	149	81	182	103	98	116	171	72	92	214	80	151	120	178	26	14	260	4	42	0	135	23	74	136	96	238	150	128	43	91	77	169	27	161	43	35	108	17	71	81	108	86	18	89	62	38	43	18	147	109	121	119	47	125	21	48	120	65	66	100	151	155	23	67	73	75	271	66	72	32	34	69	65	46	16	34	183	119	44	204	35	168	265	23	185	120	46	105	80	213	26	87	177	95	73	59	49	31	128	209	14	13	55	67	68	167	76	40	46	129	117	185	125	111	65	190	104	116	60	26	103	116	71	18	153	34	35	147	273	18	143	38	43	349	75	116	251	87	141	95	20	67	77	25	166	92	178	109	221	172	32	56	37	79	76	179	66	51	146	128	44	43	128	49	89	94	176	207	35	62	125	73	82	252	167	151	77	31	93	135	49	45	85	89	64	75	256	39	60	194	20	87	152	32	48	12	158	101	135	100	207	95	33	18	224	247	87	103	312	94	110	34	210	72	42	73	101	50	34	97	112	227	154	51	21	135	132	0	76	5	181	81	186	43	36	170	252	58	85	201	20	145	27	103	42	69	43	138	72	130	79	34	61	64	74	27	105	91	29	21	80	16	32	29	13	15	0	229	32	34	16	64	263	109	81	143	49	190	37	42	12	30	108	156	94	55	206	46	108	176	59	87	86	37	178	88	36	36	17	103	103	62	124	15	110	51
47	0	0	0	0	0	0	0	0	0	0	0	0	0	0	0	0	0	0	0	0	0	0	0	0	0	0	0	0	0	0	0	0	0	0	0	0	0	0	0	0	0	0	0	0	0	0	0	0	0	0	0	0	0	0	0	0	0	0	0	0	9	0	0	0	0	0	0	0	0	0	0	0	0	0	0	0	0	0	0	0	0	0	0	0	0	0	0	0	0	0	0	0	0	0	0	0	0	0	0	0	0	0	0	0	0	0	0	0	0	0	0	0	0	0	0	0	0	0	0	0	0	0	0	0	0	0	0	0	0	0	0	0	0	0	0	0	0	0	0	0	0	0	0	0	0	0	0	0	0	0	0	0	0	0	0	0	0	0	0	0	0	0	0	0	0	2	0	0	0	0	0	0	0	0	0	0	0	0	0	0	0	0	0	0	0	0	0	0	0	0	0	0	0	0	0	0	0	0	0	0	0	0	0	0	0	0	0	0	0	0	0	0	0	0	0	0	0	0	0	0	0	0	0	0	0	0	0	0	0	0	0	0	0	0	0	0	0	0	0	0	16	0	0	0	0	0	0	0	0	0	0	0	0	0	0	0	0	0	0	0	0	0	0	0	0	0	0	0	0	0	0	0	0	0	0	0	0	0	0	0	0	0	0	0	0	0	0	0	0	0	0	0	0	0	0	0	0	0	0	0	0	0	0	0	0	0	0	0	0	0	0	0	0	0	0	0	0	0	0	0	0	0	0	0	0	0	0	0	0	0	0	0	0	0	0	0	0	0	0	0	0	0	0	0	0	0	0	0	0	0	0	0	0	0	0	0	0	0	0	0	0	0	3	0	0	0	0	0	0	0	0	0	0	0	0	0	0	0	0	0	0	0	0	0	0	0	0	0	0	0	0	0	0	0	0	0	0	0	0	0	0	0	0	0	0	0	0	0	0	0	0	0	0	0	0	0	0	0	0	0	0	0	0	0	0	0	0	0	0	0	0	0	0	0	0	0	0	0	0	0	0	0	0	0	0	0	0	0	0	0	0	0	0	0	0	0	0	0	0	0	0	0	0	0	0	0	0	0	0	0	0	0	0	0	0	0	0	0	0	0	0	0	0	0	0	0	0	0	0	0	0	0	0	0	0	0	0	0	0	0	22	51	82	72	17	66	31	52	53	18	29	210	330	145	61	22	136	15	64	44	51	49	45	73	98	100	22	111	345	88	80	46	29	39	106	12	35	167	96	28	130	94	149	0	267	24	58	30	80	32	273	81	88	184	122	74	109	68	93	41	65	191	0	169	80	24	19	60	14	0	68	99	154	136	4	210	19	77	22	239	129	51	71	85	86	119	133	98	43	120	196	64	322	178	71	198	62	126	114	144	25	184	197	76	0	49	100	47	98	66	15	63	76	59	204	39	87	90	100	14	84	44	52	54	127	28	59	35	90	124	86	88	166	228	167	149	269	180	35	84	2	156	50	125	3	93	11	72	84	107	93	117	107	35	84	18	71	89	20	17	37	6	97	128	23	246	122	108	93	11	77	61	89	33	125	63	12	79	24	107	72	57	232	148	241	21	343	69	89	120	28	61	105	111	223	304	38	55	156	144	213	67	25	99	46	89	100	159	58	202	70	37	24	0	167	65	25	193	198	276	123	66	155	153	45	87	137	40	243	34	106	18	87	157	142	107	49	126	118	55	78	128	125	156	18	143	113	65	4	56	101	22	20	47	202	29	56	224	108	13	42	79	121	54	102	175	168	56	121	29	90	15	108	10	122	84	111	18	28	41	103	142	63	99	36	190	37	128	35	67	96	131	44	120	81	42	239	68	208	55	182	151	79	57	126	150	179	165	194	81	169	192	47	218	83	128	121	171	17	85	61	179	20	116	84	57	72	149	109	9	47	52	138	44	148	280	80	36	43	182	128	28	110	112	71	158	10	97	51	59	58	99	78	86	166	103	19	13	123	38	105	95	95	339	119	173	78	41	90	226	6	123	32	89	173	104	179	45	68	23	52	55	93	300	31	67	83	217	117	29	42	162	34	44	62	102	226	70	29	94	140	109	140	64	139	192	38	112	158	135	276	170	198	81	151	60	73	79	47	106	72	8	122	163	11	97	88	84	10	84	77	24	76	44	25	21	139	49	43	29	65	191	90	14	242	166	74	10	218	29	70	59	64	58	49	86	32	150	106	108	0	28	60	72	73	54	118	188	78	149	395	247	89	38	23	123	217	91	5	72	36	190	83	115	149	82	116	29	47	76	97	67	180	27	225	64	208	15	34	119
48	0	0	0	0	0	0	0	0	0	0	0	0	0	0	0	0	0	0	0	0	0	0	0	0	0	0	0	0	0	0	0	0	0	0	0	0	0	0	0	0	0	0	0	0	0	0	0	0	0	0	0	0	0	0	0	0	0	0	0	0	0	0	0	0	0	0	0	0	0	0	0	0	0	0	0	0	0	0	0	0	0	0	0	0	0	0	0	0	0	0	0	0	0	0	0	0	0	0	0	0	0	0	0	0	0	0	0	0	0	0	0	0	0	0	0	0	0	0	0	0	0	0	0	0	0	0	0	0	0	0	0	0	0	0	0	0	0	0	0	0	0	29	0	0	0	0	0	0	0	0	0	0	0	0	0	0	0	0	0	0	0	0	0	0	0	0	0	0	0	0	0	0	0	0	0	0	0	0	0	0	0	0	0	0	0	0	0	0	0	0	0	0	0	0	0	0	0	0	0	0	0	0	0	0	0	0	0	0	0	0	0	0	0	0	0	0	0	0	0	0	0	0	0	0	0	0	0	0	0	0	0	0	0	0	0	0	0	0	0	0	0	0	0	0	0	0	0	0	0	0	0	0	0	0	0	0	0	0	0	0	0	0	0	0	0	0	0	0	0	0	0	0	0	0	0	0	0	0	0	0	0	0	0	0	0	0	0	0	0	0	0	0	0	0	0	0	0	3	0	0	0	0	0	0	0	0	0	0	0	0	0	0	0	0	0	0	0	0	0	0	0	0	0	0	0	0	0	0	0	0	0	0	0	0	0	0	0	0	0	0	0	0	0	0	0	0	0	0	0	0	0	0	0	0	0	0	0	0	0	0	0	0	0	0	0	0	0	0	0	0	0	0	0	0	0	0	0	0	0	0	0	0	0	0	0	0	0	0	0	0	0	0	0	0	0	0	0	0	0	0	0	0	0	0	0	0	0	0	0	0	0	0	0	0	0	0	0	0	0	0	0	0	0	0	0	0	0	0	0	0	0	0	0	0	0	0	0	0	0	0	0	0	0	0	0	0	0	0	0	0	0	0	0	0	0	0	0	0	0	0	0	0	0	0	0	0	0	0	0	0	0	0	0	0	0	0	0	0	0	1	0	2	0	0	0	0	0	0	0	0	0	0	0	0	0	0	0	0	0	0	0	203	61	107	119	205	125	52	142	104	14	184	134	272	79	198	101	198	88	45	96	265	10	42	158	121	81	225	63	143	94	46	82	190	101	28	49	161	106	105	114	20	85	0	69	37	132	299	192	16	142	87	260	53	83	143	13	96	221	145	62	44	0	66	65	18	39	168	23	0	126	159	145	84	128	78	24	42	41	141	83	122	202	165	275	57	26	16	61	250	172	122	128	56	59	299	98	92	9	15	23	100	185	101	0	184	70	57	313	118	29	189	115	35	34	148	99	65	90	100	38	78	196	89	164	49	82	165	35	51	159	116	113	90	164	50	89	69	45	87	6	151	181	61	82	39	116	132	217	86	64	110	170	148	86	100	92	51	23	120	84	34	18	25	64	93	58	196	128	144	63	120	43	39	96	33	72	173	25	31	41	141	48	88	151	19	90	70	79	96	40	82	128	16	169	35	404	47	36	86	94	3	131	165	10	154	34	201	126	107	165	54	53	0	220	185	86	36	69	171	17	267	113	75	95	97	43	111	142	35	162	104	19	127	98	110	55	226	25	97	12	87	117	129	181	69	18	47	76	83	90	6	119	76	125	112	136	73	76	40	60	63	78	171	192	190	20	65	112	103	219	18	32	95	54	32	26	134	43	33	102	120	24	53	129	19	50	57	38	88	112	156	111	229	121	7	5	64	84	73	149	29	22	267	28	115	11	22	169	64	76	46	161	44	213	86	188	107	38	182	132	74	177	212	34	80	23	11	193	75	69	43	129	15	66	49	102	118	352	48	21	58	164	36	37	182	145	200	277	62	10	63	102	33	170	98	23	35	100	104	2	95	50	45	154	116	54	28	98	105	227	108	57	136	107	303	242	22	64	58	328	169	77	33	29	138	128	171	40	155	42	143	191	71	13	87	39	72	192	166	138	26	128	82	335	125	191	31	8	110	94	38	133	94	6	359	128	350	92	68	59	0	62	105	82	33	31	53	80	25	78	9	27	132	28	51	101	12	98	63	182	110	110	143	229	121	67	83	28	61	85	83	79	54	61	134	154	215	71	22	0	128	127	115	14	60	46	16	206	19	133	34	65	61	26	61	34	58	13	63	119	66	62	44	163	61	79	117	105	73	10	30	119	209	35	110	142	174	67	26
49	0	0	0	0	0	0	0	0	0	0	0	0	0	0	0	0	0	0	0	0	0	0	0	0	0	0	0	0	0	0	0	0	0	0	0	0	0	0	0	0	0	0	0	0	0	0	0	0	0	0	0	0	0	0	0	0	0	0	0	0	0	0	0	0	0	0	0	0	0	0	0	0	0	0	0	0	0	0	0	0	0	0	0	0	0	0	0	0	0	0	0	0	0	0	0	0	0	0	0	0	0	0	0	0	0	0	0	0	0	0	0	0	0	0	0	0	0	0	0	0	0	0	0	0	0	0	0	0	0	0	0	0	0	0	0	0	0	0	0	0	0	0	0	0	0	0	0	0	0	0	0	0	0	0	0	3	0	0	0	0	0	0	0	0	0	0	0	0	0	0	0	0	0	0	0	0	0	0	0	0	0	0	0	0	0	0	0	0	0	0	0	0	0	0	0	0	0	0	0	0	0	0	0	0	0	0	0	0	0	0	0	0	0	0	0	0	0	0	0	0	0	0	0	0	0	0	0	0	0	0	0	0	0	0	0	0	0	0	0	0	0	0	0	0	0	0	0	0	0	0	0	0	0	0	0	0	0	0	0	0	0	0	0	0	0	0	0	0	0	0	0	0	0	0	0	0	0	0	0	0	0	0	0	0	0	0	0	0	0	0	0	0	0	0	0	0	0	0	0	0	0	0	0	0	0	0	0	0	0	0	0	0	0	0	0	0	0	0	0	0	0	0	0	0	0	0	0	0	0	0	0	0	0	0	0	0	0	0	0	0	0	0	0	0	0	0	0	0	0	0	0	0	0	0	0	0	0	0	0	0	0	0	0	0	0	0	0	0	0	0	0	0	0	0	0	0	0	0	0	0	0	0	0	0	0	0	0	0	0	0	0	0	0	0	0	0	0	0	0	0	0	0	0	0	0	0	0	0	0	0	0	0	0	0	0	0	0	0	0	0	0	0	0	0	0	0	0	0	0	0	0	0	0	0	0	0	0	0	0	0	0	0	0	0	0	0	0	0	0	0	22	0	0	0	0	0	0	0	0	0	0	0	0	0	0	0	0	0	0	0	0	0	0	0	22	0	0	0	0	0	1	0	0	0	0	0	0	0	0	0	0	0	0	0	0	1	0	0	0	0	100	57	212	108	130	9	31	110	399	72	139	138	36	13	88	193	133	34	143	62	138	93	97	103	72	78	252	41	109	107	45	134	136	241	33	56	139	194	204	34	54	57	112	244	238	67	19	42	60	94	219	103	33	74	71	47	260	36	60	59	187	86	67	30	229	72	89	136	23	18	138	62	101	31	191	106	9	220	164	114	44	232	156	58	124	112	253	20	243	79	74	101	101	105	54	142	35	160	72	28	39	234	48	68	52	321	67	135	37	38	11	133	41	84	162	195	83	67	167	286	170	96	132	112	87	53	24	34	56	53	515	219	31	130	6	160	164	224	47	30	13	49	209	149	71	214	103	67	63	31	52	27	75	174	41	89	79	33	47	60	155	180	60	17	53	34	52	75	14	187	49	172	207	103	40	24	61	33	132	43	46	117	126	44	8	48	113	49	82	130	91	91	103	56	65	79	81	48	49	107	82	136	67	230	80	124	100	74	6	39	200	30	76	6	59	81	130	73	27	109	191	77	75	60	42	78	79	15	172	90	167	115	73	91	84	33	69	20	46	77	180	91	142	248	176	63	23	19	62	46	111	250	7	199	160	107	36	70	117	58	59	79	80	70	7	56	247	171	16	101	91	33	72	166	155	171	41	113	31	237	43	49	51	65	37	29	45	11	81	28	148	390	110	111	206	106	291	124	75	53	68	52	11	133	147	117	54	79	81	50	29	126	79	36	59	61	24	254	126	104	152	163	95	98	112	97	38	32	119	12	69	54	93	177	164	31	18	102	110	166	23	80	105	122	70	251	228	158	52	111	153	195	106	89	49	83	137	59	79	53	220	155	42	42	284	43	61	12	29	110	42	257	121	91	466	49	106	242	79	130	50	31	9	22	98	183	102	46	174	24	204	71	200	66	88	149	45	63	142	80	138	65	61	13	25	124	37	88	111	203	47	49	161	277	34	53	295	168	96	111	31	63	16	71	82	50	5	123	41	112	160	15	124	28	53	108	229	147	16	81	97	43	126	62	320	208	37	104	35	119	113	191	80	232	71	84	26	28	37	138	0	105	29	62	117	220	151	26	340	160	189	114	50	177	38	86	141	40	129	104	98	40	87	151	127	33	52	90	195	125	215	105	65	224	90	21	96	242	47	16
50	0	0	0	0	0	0	0	0	0	0	0	0	0	0	0	0	0	0	0	0	0	0	0	0	0	0	0	0	0	0	0	0	0	0	0	0	0	0	0	0	0	0	0	0	0	0	0	0	0	0	0	0	0	0	0	0	0	0	0	0	0	0	0	0	0	0	0	0	0	0	0	0	0	0	0	0	0	0	0	0	0	0	0	0	0	0	0	0	0	0	0	0	0	0	0	0	0	0	0	0	0	0	0	1	0	0	0	0	0	0	0	0	0	0	0	0	0	0	0	0	0	0	0	0	0	0	8	0	0	0	0	0	0	0	0	0	0	0	0	0	0	0	0	0	0	0	0	0	0	0	0	0	0	0	0	0	0	0	0	0	0	0	0	0	0	0	0	0	0	0	0	0	0	0	0	0	0	0	0	0	0	0	0	0	0	0	0	0	0	0	0	0	0	0	0	0	0	0	0	0	0	0	0	0	0	0	0	0	0	0	0	0	0	0	0	0	0	0	0	0	0	0	0	0	0	0	0	0	0	0	0	0	0	0	0	0	0	0	0	0	0	0	0	0	0	0	0	0	0	0	0	0	0	0	0	0	0	0	0	0	0	0	0	0	0	0	0	0	0	0	0	0	0	0	0	0	0	0	0	0	0	0	0	0	0	0	0	0	0	0	0	0	0	0	0	0	0	0	0	0	0	0	0	0	0	0	0	0	0	0	0	0	0	0	0	0	0	0	0	0	0	0	0	0	0	0	0	0	0	0	0	0	0	0	0	0	0	0	0	0	0	0	0	0	0	0	0	0	0	0	0	0	0	0	0	0	0	1	0	0	0	0	0	0	0	0	0	0	0	0	0	0	0	0	0	0	0	0	0	0	0	0	0	0	0	0	0	0	0	0	0	0	0	0	0	0	0	0	0	0	0	0	0	0	0	0	0	0	0	0	0	0	0	0	0	0	0	0	0	0	0	0	0	0	0	0	0	0	0	0	0	0	0	0	0	0	0	0	0	0	0	0	0	0	0	0	0	0	0	0	0	0	0	0	0	0	0	0	0	0	0	0	0	0	0	0	0	0	0	0	0	0	0	0	0	0	0	0	0	0	0	0	0	0	0	0	0	0	0	0	0	0	0	0	0	0	0	0	0	0	0	24	148	48	178	13	9	27	57	42	52	88	137	118	78	34	54	122	221	107	191	152	79	66	88	105	52	118	130	285	138	111	74	62	27	139	53	96	98	132	48	134	38	0	57	51	137	45	87	74	349	128	53	146	159	87	165	150	166	151	73	42	0	61	61	128	25	20	83	0	135	37	45	56	33	197	62	67	183	169	125	87	83	123	38	142	37	162	67	189	96	83	42	52	161	85	68	142	31	45	43	104	50	235	0	11	80	104	189	156	69	108	120	197	146	163	246	60	56	167	85	25	68	104	42	111	18	24	137	25	34	231	98	49	25	76	54	72	128	64	0	111	137	152	134	147	74	92	76	109	25	81	82	173	115	297	73	126	16	56	72	176	190	18	24	101	125	39	160	46	94	191	24	106	101	48	126	221	85	68	52	31	56	48	13	258	76	41	44	119	143	33	59	16	124	59	51	99	58	22	27	40	9	35	144	145	199	48	34	43	23	156	26	0	71	88	71	134	139	110	63	64	321	17	81	73	79	159	40	191	68	69	14	76	67	13	41	202	147	121	225	109	41	65	43	271	64	83	58	92	2	39	81	49	293	47	90	31	149	45	115	158	140	117	128	64	81	104	99	70	102	63	52	25	209	153	199	118	52	60	171	148	102	236	45	83	102	92	62	110	82	73	195	55	35	170	52	117	35	181	146	233	205	21	221	41	208	3	203	79	49	44	51	68	42	50	44	126	120	33	117	31	142	132	116	154	37	52	100	51	24	43	59	50	164	68	46	328	152	52	109	62	39	55	210	40	48	39	115	121	17	75	149	160	90	50	70	105	32	88	59	232	63	151	160	166	19	68	60	93	52	42	169	278	40	158	33	107	39	37	51	178	277	99	119	138	170	113	40	93	154	110	12	38	120	158	183	111	138	39	153	51	91	3	19	13	202	20	25	37	75	106	64	54	10	197	47	214	330	142	50	0	148	119	132	87	138	62	75	19	17	90	31	44	78	16	55	54	84	152	112	50	55	32	29	72	67	94	134	11	164	85	172	60	94	277	9	17	79	70	0	80	65	294	29	173	338	20	170	107	28	131	103	56	78	129	98	22	50	16	19	90	161	9	71	180	145	72	121	265	17	72	34	118	232	226	62	30	33	80
