0	0	0	0	0	0	0	0	0	0	0	0	0	0	0	0	0	0	0	0	0	0	0	0	0	0	0	0	0	0	0	0	0	0	0	0	0	0	0	0	0	0	0	0	0	0	0	0	0	0	0	0	0	0	0	0	0	0	0	0	0	0	0	0	0	0	0	0	0	0	0	0	0	0	0	0	0	0	0	0	0	0	0	0	0	0	0	0	0	0	0	0	0	0	0	0	0	0	0	0	0	12	12	12	12	12	12	12	12	12	12	12	12	12	12	12	12	12	12	12	12	12	12	12	12	12	12	12	12	12	12	12	12	12	12	12	12	12	12	12	12	12	12	12	12	12	12	12	12	12	12	12	12	12	12	12	12	12	12	12	12	12	12	12	12	12	12	12	12	12	12	12	12	12	12	12	12	12	12	12	12	12	12	12	12	12	12	12	12	12	12	12	12	12	12	12	12	12	12	12	12	24	24	24	24	24	24	24	24	24	24	24	24	24	24	24	24	24	24	24	24	24	24	24	24	24	24	24	24	24	24	24	24	24	24	24	24	24	24	24	24	24	24	24	24	24	24	24	24	24	24	24	24	24	24	24	24	24	24	24	24	24	24	24	24	24	24	24	24	24	24	24	24	24	24	24	24	24	24	24	24	24	24	24	24	24	24	24	24	24	24	24	24	24	24	24	24	24	24	24	24	48	48	48	48	48	48	48	48	48	48	48	48	48	48	48	48	48	48	48	48	48	48	48	48	48	48	48	48	48	48	48	48	48	48	48	48	48	48	48	48	48	48	48	48	48	48	48	48	48	48	48	48	48	48	48	48	48	48	48	48	48	48	48	48	48	48	48	48	48	48	48	48	48	48	48	48	48	48	48	48	48	48	48	48	48	48	48	48	48	48	48	48	48	48	48	48	48	48	48	48	72	72	72	72	72	72	72	72	72	72	72	72	72	72	72	72	72	72	72	72	72	72	72	72	72	72	72	72	72	72	72	72	72	72	72	72	72	72	72	72	72	72	72	72	72	72	72	72	72	72	72	72	72	72	72	72	72	72	72	72	72	72	72	72	72	72	72	72	72	72	72	72	72	72	72	72	72	72	72	72	72	72	72	72	72	72	72	72	72	72	72	72	72	72	72	72	72	72	72	72	96	96	96	96	96	96	96	96	96	96	96	96	96	96	96	96	96	96	96	96	96	96	96	96	96	96	96	96	96	96	96	96	96	96	96	96	96	96	96	96	96	96	96	96	96	96	96	96	96	96	96	96	96	96	96	96	96	96	96	96	96	96	96	96	96	96	96	96	96	96	96	96	96	96	96	96	96	96	96	96	96	96	96	96	96	96	96	96	96	96	96	96	96	96	96	96	96	96	96	96	120	120	120	120	120	120	120	120	120	120	120	120	120	120	120	120	120	120	120	120	120	120	120	120	120	120	120	120	120	120	120	120	120	120	120	120	120	120	120	120	120	120	120	120	120	120	120	120	120	120	120	120	120	120	120	120	120	120	120	120	120	120	120	120	120	120	120	120	120	120	120	120	120	120	120	120	120	120	120	120	120	120	120	120	120	120	120	120	120	120	120	120	120	120	120	120	120	120	120	120	144	144	144	144	144	144	144	144	144	144	144	144	144	144	144	144	144	144	144	144	144	144	144	144	144	144	144	144	144	144	144	144	144	144	144	144	144	144	144	144	144	144	144	144	144	144	144	144	144	144	144	144	144	144	144	144	144	144	144	144	144	144	144	144	144	144	144	144	144	144	144	144	144	144	144	144	144	144	144	144	144	144	144	144	144	144	144	144	144	144	144	144	144	144	144	144	144	144	144	144	180	180	180	180	180	180	180	180	180	180	180	180	180	180	180	180	180	180	180	180	180	180	180	180	180	180	180	180	180	180	180	180	180	180	180	180	180	180	180	180	180	180	180	180	180	180	180	180	180	180	180	180	180	180	180	180	180	180	180	180	180	180	180	180	180	180	180	180	180	180	180	180	180	180	180	180	180	180	180	180	180	180	180	180	180	180	180	180	180	180	180	180	180	180	180	180	180	180	180	180	240	240	240	240	240	240	240	240	240	240	240	240	240	240	240	240	240	240	240	240	240	240	240	240	240	240	240	240	240	240	240	240	240	240	240	240	240	240	240	240	240	240	240	240	240	240	240	240	240	240	240	240	240	240	240	240	240	240	240	240	240	240	240	240	240	240	240	240	240	240	240	240	240	240	240	240	240	240	240	240	240	240	240	240	240	240	240	240	240	240	240	240	240	240	240	240	240	240	240	240
0	0	0	0	0	0	0	0	0	0	0	0	0	0	0	0	0	0	0	0	0	0	0	0	0	0	0	0	0	0	0	0	0	0	0	0	0	0	0	0	0	0	0	0	0	0	0	0	0	0	0	0	0	0	0	0	0	0	0	0	0	0	0	0	0	0	0	0	0	0	0	0	0	0	0	0	0	0	0	0	0	0	0	0	0	0	0	0	0	0	0	0	0	0	0	0	0	0	0	0	0	100	100	100	100	100	100	100	100	100	100	100	100	100	100	100	100	100	100	100	100	100	100	100	100	100	100	100	100	100	100	100	100	100	100	100	100	100	100	100	100	100	100	100	100	100	100	100	100	100	100	100	100	100	100	100	100	100	100	100	100	100	100	100	100	100	100	100	100	100	100	100	100	100	100	100	100	100	100	100	100	100	100	100	100	100	100	100	100	100	100	100	100	100	100	100	100	100	100	100	100	100	100	100	100	100	100	100	100	100	100	100	100	100	100	100	100	100	100	100	100	100	100	100	100	100	100	100	100	100	100	100	100	100	100	100	100	100	100	100	100	100	100	100	100	100	100	100	100	100	100	100	100	100	100	100	100	100	100	100	100	100	100	100	100	100	100	100	100	100	100	100	100	100	100	100	100	100	100	100	100	100	100	100	100	100	100	100	100	100	100	100	100	100	100	100	100	100	100	100	100	100	100	100	100	100	100	100	100	100	100	100	100	100	100	100	100	100	100	100	100	100	100	100	100	100	100	100	100	100	100	100	100	100	100	100	100	100	100	100	100	100	100	100	100	100	100	100	100	100	100	100	100	100	100	100	100	100	100	100	100	100	100	100	100	100	100	100	100	100	100	100	100	100	100	100	100	100	100	100	100	100	100	100	100	100	100	100	100	100	100	100	100	100	100	100	100	100	100	100	100	100	100	100	100	100	100	100	100	100	100	100	100	100	100	100	100	100	100	100	100	100	100	100	100	100	100	100	100	100	100	100	100	100	100	100	100	100	100	100	100	100	100	100	100	100	100	100	100	100	100	100	100	100	100	100	100	100	100	100	100	100	100	100	100	100	100	100	100	100	100	100	100	100	100	100	100	100	100	100	100	100	100	100	100	100	100	100	100	100	100	100	100	100	100	100	100	100	100	100	100	100	100	100	100	100	100	100	100	100	100	100	100	100	100	100	100	100	100	100	100	100	100	100	100	100	100	100	100	100	100	100	100	100	100	100	100	100	100	100	100	100	100	100	100	100	100	100	100	100	100	100	100	100	100	100	100	100	100	100	100	100	100	100	100	100	100	100	100	100	100	100	100	100	100	100	100	100	100	100	100	100	100	100	100	100	100	100	100	100	100	100	100	100	100	100	100	100	100	100	100	100	100	100	100	100	100	100	100	100	100	100	100	100	100	100	100	100	100	100	100	100	100	100	100	100	100	100	100	100	100	100	100	100	100	100	100	100	100	100	100	100	100	100	100	100	100	100	100	100	100	100	100	100	100	100	100	100	100	100	100	100	100	100	100	100	100	100	100	100	100	100	100	100	100	100	100	100	100	100	100	100	100	100	100	100	100	100	100	100	100	100	100	100	100	100	100	100	100	100	100	100	100	100	100	100	100	100	100	100	100	100	100	100	100	100	100	100	100	100	100	100	100	100	100	100	100	100	100	100	100	100	100	100	100	100	100	100	100	100	100	100	100	100	100	100	100	100	100	100	100	100	100	100	100	100	100	100	100	100	100	100	100	100	100	100	100	100	100	100	100	100	100	100	100	100	100	100	100	100	100	100	100	100	100	100	100	100	100	100	100	100	100	100	100	100	100	100	100	100	100	100	100	100	100	100	100	100	100	100	100	100	100	100	100	100	100	100	100	100	100	100	100	100	100	100	100	100	100	100	100	100	100	100	100	100	100	100	100	100	100	100	100	100	100	100	100	100	100	100	100	100	100	100	100	100	100	100	100	100	100	100	100	100	100	100	100	100	100	100	100	100	100	100	100	100	100	100	100	100	100	100	100	100	100	100	100	100	100	100	100	100	100	100	100	100	100	100	100	100	100	100	100	100	100	100	100	100	100	100	100	100	100	100	100	100	100	100	100	100	100	100	100	100	100	100	100	100	100	100	100	100	100	100	100	100	100	100	100	100	100	100	100	100	100	100	100	100	100	100	100	100	100	100	100	100	100	100	100	100	100	100	100	100	100	100	100	100	100	100	100	100	100	100	100	100	100	100	100	100	100	100	100	100	100	100	100	100	100	100	100	100	100	100	100	100	100	100	100	100	100
1	0	0	0	0	0	0	0	0	0	0	0	0	0	0	0	0	0	0	0	0	0	0	0	0	0	0	0	0	0	0	0	0	0	0	0	0	0	0	0	0	0	0	0	0	0	0	0	0	0	0	0	0	0	0	0	0	0	0	0	0	0	0	0	0	0	0	0	0	0	0	0	0	0	0	0	0	0	0	0	0	0	0	0	0	0	0	0	0	0	0	0	0	0	0	0	0	0	0	0	0	3	2	0	0	0	158	0	0	0	0	0	1	0	0	13	0	0	0	23	0	0	0	54	0	2	0	0	0	0	0	0	0	0	0	0	7	0	0	0	0	36	0	0	0	14	29	24	0	0	0	0	0	0	0	0	0	0	0	0	0	12	0	0	0	0	0	0	0	3	0	0	0	88	0	0	0	0	0	0	0	0	0	1	0	46	6	0	41	0	0	0	0	0	0	7	0	0	0	0	0	3	2	57	0	0	0	0	0	0	8	0	0	0	0	55	0	0	30	0	1	0	0	18	0	5	0	0	22	5	0	0	0	1	2	0	0	0	0	0	0	0	0	0	0	0	0	0	0	0	0	0	1	0	5	42	0	0	0	0	0	14	0	0	0	0	0	0	0	0	0	0	0	0	12	0	0	2	0	4	0	0	0	6	0	6	0	0	0	0	0	0	0	10	0	0	16	0	1	0	0	1	11	1	89	6	0	2	0	0	156	0	1	0	0	0	58	42	137	0	5	1	0	41	18	0	57	39	104	123	0	0	0	57	0	0	21	133	0	20	0	5	12	12	0	10	0	0	0	18	0	0	6	0	158	0	2	0	14	0	0	0	0	0	211	0	282	0	4	0	0	0	0	1	21	0	71	1	10	3	3	10	131	0	0	0	17	84	0	38	2	0	0	0	0	0	5	0	1	0	4	0	0	2	11	0	62	0	136	156	2	121	36	0	0	73	0	275	52	14	3	0	120	22	1	0	85	0	6	0	0	0	79	0	20	156	0	100	93	26	0	0	0	0	0	51	0	1	0	0	74	0	0	0	173	5	93	115	286	0	0	0	0	0	0	33	1	119	0	10	0	96	1	116	47	1	0	0	0	0	6	0	0	0	13	0	0	15	3	1	0	162	0	0	42	12	5	0	0	2	104	0	0	0	0	0	0	3	0	0	0	0	0	0	0	0	0	0	0	0	0	0	0	0	0	0	0	0	0	0	7	0	0	0	1	0	0	0	0	0	0	0	0	0	0	0	0	0	0	0	0	0	0	0	0	0	0	0	0	0	0	0	0	0	0	0	0	0	0	0	0	0	0	0	0	0	0	0	0	0	0	0	0	0	0	0	0	84	0	0	0	0	0	0	0	0	0	0	0	1	0	0	0	0	0	0	0	0	0	0	0	0	0	0	0	0	0	0	0	0	0	0	0	0	0	0	0	0	0	0	0	0	0	0	0	0	0	0	0	0	0	0	0	0	0	0	0	0	0	0	0	0	0	0	0	0	0	0	0	0	0	0	0	0	0	0	0	0	0	0	0	0	0	0	0	0	0	0	0	0	0	0	0	0	0	0	0	72	0	0	0	0	0	0	0	0	0	0	0	0	0	0	0	0	0	0	0	0	209	0	0	145	0	0	0	0	0	0	0	0	0	0	0	0	0	0	0	0	0	0	0	0	0	0	0	0	0	0	0	0	0	0	0	0	0	0	0	0	0	0	0	0	0	0	0	0	0	0	0	0	0	0	0	0	0	0	0	0	0	0	0	0	0	0	0	0	0	0	0	0	0	0	0	30	0	0	0	0	0	0	0	0	0	0	0	0	0	0	0	0	0	0	0	0	0	0	0	0	0	0	0	0	0	0	0	0	0	0	6	0	0	0	0	0	0	0	0	0	0	0	0	0	0	0	0	0	0	0	0	0	0	0	0	0	0	0	0	0	0	0	0	0	0	0	0	0	0	0	0	0	0	0	0	0	0	0	0	0	0	0	0	0	0	0	0	0	0	0	0	0	0	0	0	0	0	0	0	0	0	1	0	0	0	0	0	0	0	0	0	0	0	0	0	0	0	0	0	0	0	0	0	0	0	0	0	0	0	0	0	0	0	0	0	0	0	0	0	0	0	0	0	0	0	0	0	0	0	227	0	0	0	0	0	0	0	0	0	0	0	0	0	0	0	0	0	0	0	0	0	0	0	0	0	0	0	0	0	0	0	0	0	0	0	0	0	0	0	0	42	0	0	0	0	0	0	0	0	0	0	0	0	0	0	0	0	0	0	0	0	0	10
2	0	0	0	0	0	0	0	0	0	0	0	0	0	0	0	0	0	0	0	0	0	0	0	0	0	0	0	0	0	0	0	0	0	0	0	0	0	0	0	0	0	0	0	0	0	0	0	0	0	0	0	0	0	0	0	0	0	0	0	0	0	0	0	0	0	0	0	0	0	0	0	0	0	0	0	0	0	0	0	0	0	0	0	0	0	0	0	0	0	0	0	0	0	0	0	0	0	0	0	0	0	91	0	1	0	0	0	0	0	0	0	0	0	0	0	4	0	0	38	0	0	0	0	0	0	0	0	0	0	0	0	0	0	0	0	0	11	0	0	0	0	0	4	0	0	0	0	0	32	1	14	0	37	0	0	5	0	0	0	0	0	30	0	0	0	0	0	0	0	4	0	0	0	0	0	0	0	0	0	0	0	0	11	0	5	5	0	0	0	0	0	0	0	31	0	0	0	0	0	0	0	0	2	0	0	0	17	0	0	3	96	0	0	0	25	0	18	22	8	19	10	0	24	0	0	0	40	0	0	0	0	2	0	0	1	0	0	0	0	0	0	0	0	0	0	0	0	2	0	0	0	198	0	7	0	1	0	0	0	3	3	0	0	0	0	9	0	0	0	0	3	0	0	326	0	0	49	0	81	23	0	8	0	0	4	0	0	0	0	0	0	0	0	0	10	0	0	0	0	0	0	0	19	83	19	0	0	0	0	0	0	0	0	0	13	0	1	127	0	0	8	0	0	7	0	127	0	0	42	0	0	0	160	0	33	0	10	0	2	0	0	0	73	0	43	1	0	24	2	8	10	12	0	205	0	0	0	0	6	0	5	0	3	92	0	63	5	0	0	0	0	18	0	153	0	74	0	3	6	0	8	85	0	0	0	0	53	6	119	0	0	0	38	2	1	0	0	12	2	8	0	1	0	51	0	138	2	44	141	32	39	57	0	0	3	0	124	256	0	0	0	250	207	0	104	6	0	38	1	0	2	24	0	22	38	0	126	60	68	0	1	0	0	1	237	0	0	1	0	21	10	6	0	34	55	130	9	119	0	7	44	0	0	0	0	4	241	0	25	3	219	0	24	77	4	0	1	0	0	57	0	0	3	24	0	0	60	93	0	0	103	3	26	137	0	0	0	19	15	4	0	0	0	0	0	0	0	0	0	0	0	0	0	0	0	0	0	0	0	0	0	0	0	0	0	0	0	0	0	0	0	0	0	0	0	0	0	0	0	0	0	0	0	0	0	0	0	0	0	0	0	0	0	0	0	0	0	0	0	0	0	0	0	0	0	0	0	0	0	0	0	0	0	0	0	0	0	0	0	0	0	0	0	0	0	0	421	0	0	0	0	0	0	0	0	0	0	0	0	0	0	0	0	0	0	0	0	0	0	0	0	0	0	0	0	0	0	0	0	0	0	0	0	0	0	0	0	0	0	0	0	0	0	0	0	0	0	0	0	0	0	0	0	0	0	0	0	0	0	0	0	76	0	0	0	0	0	0	0	0	0	0	0	0	0	0	0	0	0	0	0	0	0	0	0	0	0	0	0	0	0	0	0	0	0	0	117	0	0	0	0	0	0	0	0	0	0	0	0	0	0	0	0	0	0	0	0	178	0	0	56	0	0	0	0	0	11	0	0	0	0	0	0	0	0	0	0	0	0	0	0	0	0	0	0	0	0	0	0	0	0	0	0	0	0	0	0	0	0	0	0	0	0	0	0	0	0	0	0	0	0	0	0	0	0	0	0	0	0	0	0	0	0	0	0	0	0	0	0	0	0	0	56	0	0	0	0	0	0	0	0	0	0	0	0	0	0	0	0	0	0	0	0	0	0	0	0	0	0	0	0	0	0	0	0	0	0	0	0	0	0	0	0	0	0	0	0	0	0	0	0	0	0	0	0	0	0	0	1	0	0	0	0	0	0	0	0	0	0	0	0	0	0	0	0	0	0	0	0	0	0	0	0	0	0	0	0	0	0	0	0	0	0	0	0	0	0	0	0	0	0	0	0	0	0	0	0	1	0	0	0	0	0	0	0	0	0	0	0	0	0	0	0	0	0	0	0	0	0	0	0	0	0	0	0	0	0	0	0	0	0	0	0	0	0	0	0	0	0	0	0	0	0	0	0	0	90	0	0	0	0	0	0	0	0	0	0	0	0	0	0	0	0	0	0	0	0	0	0	0	0	0	0	0	0	0	0	0	1	0	0	0	0	0	0	2	0	189	0	0	0	0	0	0	0	0	0	0	0	0	0	0	0	0	0	0	0	0	0	0
3	0	0	0	0	0	0	0	0	0	0	0	0	0	0	0	0	0	0	0	0	0	0	0	0	0	0	0	0	0	0	0	0	0	0	0	0	0	0	0	0	0	0	0	0	0	0	0	0	0	0	0	0	0	0	0	0	1	0	0	0	0	0	0	0	0	0	0	0	0	0	0	0	0	0	0	0	0	0	0	0	0	0	0	0	0	0	0	0	0	0	0	0	0	0	0	0	0	0	0	0	0	0	0	0	0	0	0	0	0	0	7	0	0	0	0	0	0	0	0	0	0	0	0	56	0	0	0	0	0	0	0	0	0	0	0	0	0	0	0	0	0	0	0	0	0	0	0	0	0	0	0	0	0	0	0	0	0	0	0	0	0	0	0	0	0	0	0	0	5	0	0	0	0	0	0	0	0	0	0	0	0	0	0	0	0	4	0	0	0	0	0	0	0	0	0	0	0	0	0	0	0	0	0	0	0	0	0	0	0	4	0	0	0	0	0	0	0	0	0	0	0	0	26	0	7	0	0	0	0	0	0	0	0	3	0	0	0	0	0	0	0	0	0	0	0	0	0	0	0	0	10	0	0	0	0	0	0	0	0	0	18	0	0	0	0	0	6	0	0	0	0	0	0	129	0	0	0	20	84	0	0	0	6	0	0	0	0	0	0	0	0	0	0	0	0	0	0	0	0	0	77	0	0	43	9	0	0	0	0	0	0	0	0	0	0	0	0	21	0	0	0	0	0	133	0	145	0	133	133	0	0	4	26	0	0	0	102	0	0	0	0	0	0	7	61	0	0	33	0	0	0	0	0	113	0	0	0	0	0	0	0	0	1	119	0	140	0	0	0	0	0	0	0	151	1	9	0	0	0	0	0	23	0	0	0	0	186	0	235	0	0	0	66	0	0	0	0	0	0	0	0	0	0	0	0	114	0	56	70	0	18	126	0	0	77	0	91	393	1	0	0	115	36	0	0	42	0	0	0	0	0	100	0	0	70	0	88	45	140	0	0	0	0	0	83	0	0	0	0	85	0	0	0	0	0	32	0	121	0	0	0	0	0	0	0	0	80	0	0	0	516	0	97	86	0	0	5	0	0	199	0	0	4	0	0	0	0	3	0	0	65	0	0	101	0	0	0	0	0	0	0	0	0	0	0	0	0	0	0	0	0	0	0	0	0	0	0	0	0	0	0	0	0	0	0	0	0	0	0	0	0	0	0	0	0	0	0	0	0	0	0	0	0	0	0	0	0	0	0	0	0	0	0	0	0	0	0	0	0	0	0	0	0	0	0	0	0	0	0	0	0	0	0	0	0	0	0	0	0	0	0	0	0	0	0	0	50	0	0	0	0	0	0	0	0	0	0	0	0	0	0	0	0	0	0	0	0	0	0	0	0	0	0	0	0	0	0	0	0	0	0	0	0	0	0	0	0	0	0	0	0	0	0	0	0	0	0	0	0	0	0	0	0	0	0	0	0	0	0	0	0	0	0	0	0	0	0	0	0	0	0	0	0	0	0	0	0	0	0	0	0	0	0	0	0	0	0	0	0	0	0	0	0	0	0	0	16	0	0	0	0	0	0	0	0	0	0	0	0	0	0	0	0	0	0	0	0	73	0	0	82	0	0	0	0	0	0	0	0	0	0	0	0	0	0	0	0	0	0	0	0	0	0	0	0	0	0	0	0	0	0	0	0	0	0	0	0	0	0	0	0	0	0	0	0	0	0	0	0	0	0	0	0	0	0	0	0	0	0	0	0	0	0	0	0	0	0	0	0	0	0	0	63	0	0	0	0	0	0	0	0	0	0	0	0	0	0	0	0	0	0	0	0	0	0	0	0	0	0	0	0	0	0	0	0	0	0	0	0	0	0	0	0	0	0	0	0	0	0	0	0	0	0	0	0	0	0	0	0	0	0	0	0	0	0	0	0	0	0	0	0	0	0	0	0	0	0	0	0	0	0	0	0	0	0	0	0	0	0	0	0	0	0	0	0	0	0	0	0	0	0	0	0	0	0	0	0	0	0	0	0	0	0	0	0	0	0	0	0	0	0	0	0	0	0	0	0	0	0	0	0	0	0	0	0	0	0	0	0	0	0	0	0	0	0	0	0	0	0	0	0	0	0	0	0	0	48	0	0	0	0	0	0	0	0	0	0	0	0	0	0	0	0	0	0	0	0	0	0	0	0	0	0	0	0	0	0	0	0	0	0	0	0	0	0	0	0	46	0	0	0	0	0	0	0	0	0	0	0	0	0	0	0	0	0	0	0	0	0	0
4	0	0	0	0	0	0	0	0	0	0	0	0	0	0	0	0	0	0	0	0	0	0	0	0	0	0	0	0	0	0	0	0	0	0	0	0	0	0	0	0	0	0	0	0	0	0	0	0	0	0	0	0	0	0	0	0	0	0	0	0	0	0	0	0	0	0	0	0	0	0	0	0	0	0	0	0	0	0	0	0	0	0	0	0	0	0	0	0	0	0	0	0	0	0	0	0	0	0	0	0	0	0	0	0	0	0	0	0	0	0	0	0	0	0	0	0	0	0	0	0	0	0	0	0	0	0	0	0	0	0	0	0	0	0	0	0	0	0	0	0	0	0	0	0	0	0	0	0	0	0	0	0	0	0	20	0	0	0	0	0	0	0	0	0	0	0	0	0	0	0	0	0	0	0	0	0	0	0	0	0	0	0	0	0	0	0	0	0	0	0	0	0	0	0	0	0	0	0	0	0	0	0	0	0	0	0	0	0	0	0	0	0	0	0	0	0	0	0	0	0	0	0	0	0	0	0	0	10	0	0	0	0	0	69	0	0	0	0	0	0	0	0	0	0	0	0	0	0	0	0	0	0	0	0	0	0	0	0	0	0	43	0	0	0	2	0	0	0	0	0	0	0	1	73	0	0	0	0	4	0	4	0	0	0	0	0	0	0	0	0	0	0	0	0	0	0	0	0	0	0	0	31	0	115	0	0	0	0	0	0	0	0	0	0	0	0	0	129	0	0	0	0	0	115	0	42	0	2	49	0	0	0	225	0	0	0	36	0	0	0	0	0	0	0	10	0	0	0	0	0	0	0	0	18	0	0	0	0	14	0	0	0	76	16	0	41	0	0	0	0	0	0	0	120	0	32	0	0	0	0	0	74	0	0	0	0	77	0	58	0	0	0	38	0	0	0	0	0	0	0	0	0	0	0	0	407	0	65	41	0	63	112	0	0	121	0	95	48	0	0	0	189	106	0	0	119	0	0	0	0	0	165	0	0	68	0	54	91	50	0	0	0	0	0	21	0	0	0	0	70	0	0	0	0	0	56	0	20	0	1	0	2	0	0	118	0	124	0	0	0	66	0	58	24	0	0	0	0	0	127	0	0	0	0	0	0	0	0	0	0	234	0	0	126	0	0	0	0	0	0	0	0	0	0	0	0	0	0	0	0	0	0	0	0	0	0	0	0	0	0	0	0	0	0	0	0	0	0	0	0	0	0	0	0	0	0	0	0	0	0	0	0	0	0	0	0	0	0	0	0	0	0	0	0	0	0	0	0	0	0	0	0	0	0	0	0	0	0	0	0	0	0	0	0	0	0	0	0	0	0	0	0	0	0	0	0	151	0	0	0	0	0	0	0	0	0	0	0	0	0	0	0	0	0	0	0	0	0	0	0	0	0	0	0	0	0	0	0	0	0	0	0	0	0	0	0	0	0	0	0	0	0	0	0	0	0	0	0	0	0	0	0	0	0	0	0	0	0	0	0	0	0	0	0	0	0	0	0	0	0	0	0	0	0	0	0	0	0	0	0	0	0	0	0	0	0	0	0	0	0	0	0	0	0	0	0	103	0	0	0	0	0	0	0	0	0	0	0	0	0	0	0	0	0	0	0	0	97	0	0	91	0	0	0	0	0	0	0	0	0	0	0	0	0	0	0	0	0	0	0	0	0	0	0	0	0	0	0	0	0	0	0	0	0	0	0	0	0	0	0	0	0	0	0	0	0	0	0	0	0	0	0	0	0	0	0	0	0	0	0	0	0	0	0	0	0	0	0	0	0	0	0	43	0	0	0	0	0	0	0	0	0	0	0	0	0	0	0	0	0	0	0	0	0	0	0	0	0	0	0	0	0	0	0	0	0	0	0	0	0	0	0	0	0	0	0	0	0	0	0	0	0	0	0	0	0	0	0	0	0	0	0	0	0	0	0	0	0	0	0	0	0	0	0	0	0	0	0	0	0	0	0	0	0	0	0	0	0	0	0	0	0	0	0	0	0	0	0	0	0	0	0	0	0	0	0	0	0	0	0	0	0	0	0	0	0	0	0	0	0	0	0	0	0	0	0	0	0	0	0	0	0	0	0	0	0	0	0	0	0	0	0	0	0	0	0	0	0	0	0	0	0	0	0	0	0	105	0	0	0	0	0	0	0	0	0	0	0	0	0	0	0	0	0	0	0	0	0	0	0	0	0	0	0	0	0	0	0	0	0	0	0	0	0	0	0	0	85	0	0	0	0	0	0	0	0	0	0	0	0	0	0	0	0	0	0	0	0	0	0
5	0	0	0	0	0	0	0	0	0	0	0	0	0	0	0	0	0	0	0	0	0	0	0	0	0	0	0	0	0	0	0	0	0	0	0	0	0	0	0	0	0	0	0	0	0	0	0	0	0	0	0	0	0	0	0	0	0	0	0	0	0	0	0	0	0	0	0	0	0	0	0	0	0	0	0	0	0	0	0	0	0	0	0	0	0	0	0	0	0	29	0	0	0	0	0	0	0	0	0	0	0	0	0	0	0	0	0	0	0	0	0	0	0	0	0	0	0	0	0	0	0	0	0	0	0	0	0	0	0	0	0	0	0	0	0	0	0	0	0	0	0	0	0	0	0	0	0	0	0	0	0	0	0	0	0	0	0	4	0	0	0	0	0	0	0	0	0	0	0	0	0	0	0	0	0	2	0	0	0	0	0	0	0	0	0	63	0	0	0	0	0	0	0	0	0	0	0	0	0	0	0	0	0	0	0	0	0	0	0	0	0	0	0	0	0	0	0	0	0	0	0	0	1	0	0	0	0	0	0	0	0	0	0	0	0	0	0	0	0	0	0	0	0	0	0	0	0	0	0	3	0	0	0	0	0	0	0	0	0	0	0	8	0	0	75	0	0	0	0	0	0	0	0	110	0	0	0	0	8	0	0	3	0	0	0	0	0	0	0	0	0	0	0	0	0	1	0	0	0	0	0	0	0	36	0	0	0	0	0	0	0	0	0	0	0	0	0	187	0	0	0	0	58	47	0	59	0	23	114	0	0	0	169	0	0	0	18	0	0	0	0	0	0	79	32	0	0	0	0	7	0	0	0	46	0	0	0	0	0	0	0	0	0	100	0	36	0	0	0	0	0	0	0	234	0	0	0	0	0	19	7	22	0	0	0	0	90	0	68	0	0	0	0	0	3	0	0	0	0	0	0	0	0	0	0	80	0	82	45	0	68	96	0	0	135	0	9	51	0	0	0	56	30	0	0	78	0	0	0	0	0	76	0	0	179	0	46	23	21	0	62	0	0	0	76	0	0	0	1	3	0	0	0	0	0	107	38	142	14	0	0	0	0	0	63	0	126	0	0	0	109	0	72	71	0	0	0	0	0	76	0	0	0	0	0	0	0	0	0	0	173	0	0	22	0	0	1	0	0	0	0	0	0	0	0	0	0	0	0	0	0	0	0	0	0	0	0	0	0	0	0	0	0	0	0	0	0	0	0	0	0	0	0	0	0	0	0	0	0	0	0	0	0	0	0	0	0	0	0	0	0	0	0	0	0	0	0	0	0	0	0	0	0	0	0	0	0	0	0	0	0	0	0	0	0	0	0	0	0	0	0	0	0	0	0	0	29	0	0	0	0	0	0	0	0	0	0	0	0	0	0	0	0	0	0	0	0	0	0	0	0	0	0	0	0	0	0	0	0	0	0	0	0	0	0	0	0	0	0	0	0	0	0	0	0	0	0	0	0	0	0	0	0	0	0	0	0	0	0	0	0	0	0	0	0	0	0	0	0	0	0	0	0	0	0	0	0	0	0	0	0	0	0	0	0	0	0	0	0	0	0	0	0	0	0	0	83	0	0	0	0	0	0	0	0	0	0	0	0	0	0	0	0	0	0	0	0	218	0	0	41	0	0	0	0	0	0	0	0	0	0	0	0	0	0	0	0	0	0	0	0	0	0	0	0	0	0	0	0	0	0	0	0	0	0	0	0	0	0	0	0	0	0	0	0	0	0	0	0	0	0	0	0	0	0	0	0	0	0	0	0	0	0	0	0	0	0	0	0	0	0	0	52	0	0	0	0	0	0	0	0	0	0	0	0	0	0	0	0	0	0	0	0	0	0	0	0	0	0	0	0	0	0	0	0	0	0	0	0	0	0	0	0	0	0	0	0	0	0	0	0	0	0	0	0	0	0	0	0	0	0	0	0	0	0	0	0	0	0	0	0	0	0	0	0	0	0	0	0	0	0	0	0	0	0	0	0	0	0	0	0	0	0	0	0	0	0	0	0	0	0	0	0	0	0	0	0	0	0	0	0	0	0	0	0	0	0	0	0	0	0	0	0	0	0	0	0	0	0	0	0	0	0	0	0	0	0	0	0	0	0	0	0	0	0	0	0	0	0	0	0	0	0	0	0	0	28	0	0	0	0	0	0	0	0	0	0	0	0	0	0	0	0	0	0	0	0	0	0	0	0	0	0	0	0	0	0	0	0	0	0	0	0	0	0	0	0	69	0	0	0	0	0	0	0	0	0	0	0	0	0	0	0	0	0	0	0	0	0	0
6	0	0	0	0	0	0	0	0	0	0	0	0	0	0	0	0	0	0	0	0	54	0	0	0	0	0	0	0	0	0	0	0	0	0	0	0	0	0	0	0	0	0	0	0	0	0	0	0	0	0	0	0	0	0	0	0	0	0	0	5	0	0	0	0	0	0	0	0	0	0	0	0	0	0	0	0	0	0	0	0	0	0	0	0	0	0	0	0	0	0	0	0	0	0	0	0	0	0	0	0	0	0	0	0	0	0	0	0	0	0	0	0	0	0	0	0	0	0	8	0	0	0	0	13	0	0	0	0	0	0	0	0	0	0	0	0	0	0	0	0	0	0	0	0	0	0	0	0	0	3	0	0	5	0	0	0	0	0	0	0	0	0	0	0	0	0	0	0	0	10	0	0	0	0	0	14	0	0	0	0	0	0	0	0	0	44	0	0	0	0	0	0	0	0	0	0	0	0	0	0	66	5	0	15	0	0	24	0	0	7	0	0	0	0	0	0	0	0	0	0	0	0	0	0	0	0	0	2	0	0	0	0	0	86	0	0	0	0	0	0	0	0	0	0	0	0	4	0	0	0	0	0	0	0	0	0	0	276	0	0	100	0	0	6	0	0	0	0	0	0	0	0	0	100	0	0	0	0	30	0	0	7	0	0	0	0	0	0	0	0	32	0	0	0	0	0	0	0	0	0	47	1	0	267	0	0	0	0	0	0	0	0	12	0	0	0	0	129	0	0	0	0	0	89	0	281	1	70	78	0	0	0	58	0	0	0	289	0	0	0	0	0	0	8	234	0	0	0	0	206	1	0	0	29	0	0	0	0	0	0	0	0	39	145	0	16	0	146	0	0	0	0	114	83	0	41	0	0	0	7	1	90	0	0	0	0	213	0	51	1	0	0	80	39	0	0	0	0	0	13	0	0	0	0	0	297	0	111	90	0	59	164	1	0	1	0	110	18	35	0	0	129	38	0	1	18	0	0	95	0	0	98	0	1	60	0	132	156	40	0	0	0	0	0	95	0	0	29	0	85	22	0	0	0	2	109	0	14	0	6	0	35	0	0	60	0	43	0	0	0	120	0	64	86	0	0	0	0	0	290	0	0	0	0	0	0	2	52	0	0	110	0	0	19	0	34	0	0	0	69	0	0	0	0	0	0	0	0	0	0	0	0	0	0	0	0	0	0	0	0	0	0	0	0	0	0	0	0	0	0	0	0	0	0	0	0	0	0	0	0	0	0	0	0	0	0	0	0	0	0	0	0	0	0	0	0	0	0	0	0	0	0	0	0	0	0	0	0	0	0	0	0	0	0	0	0	0	0	0	0	0	0	0	0	0	0	22	0	0	0	0	0	0	0	0	0	0	0	0	0	0	0	0	0	0	0	0	0	0	0	0	0	0	0	0	0	0	0	0	0	0	0	0	0	0	0	0	0	0	0	0	0	0	0	0	0	0	0	0	0	0	0	0	0	0	0	0	0	0	0	0	0	0	0	0	0	0	0	0	0	0	0	0	0	0	0	0	0	0	0	0	0	0	0	0	0	0	0	0	0	0	0	0	0	0	0	32	0	0	0	0	0	0	0	0	0	0	0	0	0	0	0	0	0	0	0	0	45	0	0	204	0	0	0	0	0	0	0	0	0	0	0	0	0	0	0	0	0	0	0	0	0	0	0	0	0	0	0	0	0	0	0	0	0	0	0	0	0	0	0	0	0	0	0	0	0	0	0	0	0	0	0	0	0	0	0	0	0	0	0	0	0	0	0	0	0	0	0	0	0	0	0	11	0	0	0	0	0	0	0	0	0	0	0	0	0	0	0	0	0	0	0	0	0	0	0	0	0	0	0	0	0	0	0	0	0	0	0	0	0	0	0	0	0	0	0	0	0	0	0	0	0	0	0	0	0	0	0	0	0	0	0	0	0	0	0	0	0	0	0	0	0	0	0	0	0	0	0	0	0	0	0	0	0	0	0	0	0	0	0	0	0	0	0	0	0	0	0	0	0	0	0	0	0	0	0	0	0	0	0	0	0	0	0	0	0	0	0	0	0	0	0	0	0	0	0	0	0	0	0	0	0	0	0	0	0	0	0	0	0	0	0	0	0	0	0	0	0	0	0	0	0	0	0	0	0	66	0	0	0	0	0	0	0	0	0	0	0	0	0	0	0	0	0	0	0	0	0	0	0	0	0	0	0	0	0	0	0	0	0	0	0	0	0	0	0	0	83	0	0	0	0	0	0	0	0	0	0	0	0	0	0	0	0	0	0	0	0	0	0
7	0	0	0	0	0	0	0	0	0	0	0	0	0	0	0	0	0	0	0	0	0	0	0	0	0	0	0	0	0	0	0	0	0	0	0	0	0	0	0	0	0	0	0	0	0	0	0	0	0	0	0	0	0	0	0	0	0	0	0	0	0	0	0	0	0	0	0	0	0	0	0	0	0	0	0	0	0	0	0	0	0	0	0	0	0	0	0	0	0	0	0	0	0	0	0	0	0	0	0	0	0	0	0	0	0	0	0	0	0	0	0	0	0	0	0	0	0	18	1	0	0	0	0	0	0	0	0	1	0	0	0	0	0	0	100	0	30	0	0	14	0	0	0	0	0	0	0	0	0	0	0	0	0	0	0	0	0	0	0	0	0	0	0	0	0	0	0	0	0	0	0	0	0	0	0	0	0	0	0	0	0	2	0	0	0	0	0	0	0	0	0	17	0	0	0	0	0	0	0	0	0	0	0	0	0	0	0	0	0	0	0	0	0	0	0	0	0	0	0	0	0	0	0	0	0	0	0	0	0	0	0	0	0	0	0	0	0	0	0	1	0	0	0	0	0	0	5	0	0	0	0	0	0	0	0	0	0	107	0	15	2	0	0	0	0	0	0	0	34	0	0	0	0	120	0	0	31	0	99	0	0	1	0	9	0	0	0	0	0	36	0	0	0	0	0	0	0	0	0	0	1	0	0	82	0	0	0	0	0	0	0	0	0	0	0	0	0	118	0	0	16	0	0	107	0	137	25	105	241	0	0	0	80	0	0	0	136	0	12	0	36	0	0	39	37	0	0	0	0	36	0	0	0	33	0	0	0	0	0	0	0	0	79	44	0	32	0	40	0	0	0	0	0	326	0	23	0	0	0	0	0	196	0	5	0	0	104	0	170	0	0	0	16	0	0	0	0	25	0	0	0	5	0	0	0	72	0	23	90	0	160	96	0	0	17	0	93	93	7	0	0	104	38	0	0	87	0	0	0	0	4	52	0	0	42	0	227	193	43	1	0	0	0	0	36	2	0	0	0	9	0	0	0	0	0	84	0	33	1	0	0	10	0	0	7	0	16	0	0	0	35	0	123	102	0	0	0	0	0	190	0	0	0	1	0	0	11	58	0	0	47	0	0	85	0	53	0	0	0	0	0	0	0	0	0	0	0	0	0	0	0	0	0	0	0	0	0	0	0	0	0	0	0	0	0	0	0	0	0	0	0	0	0	0	0	0	0	0	0	0	0	0	0	0	0	0	0	0	0	0	0	0	0	0	0	0	0	0	0	0	0	0	0	0	0	0	0	0	0	0	0	0	0	0	0	0	0	0	0	0	0	0	0	0	0	0	129	0	0	0	0	0	0	0	0	0	0	0	0	0	0	0	0	0	0	0	0	0	0	0	0	0	0	0	0	0	0	0	0	0	0	0	0	0	0	0	0	0	0	0	0	0	0	0	0	0	0	0	0	0	0	0	0	0	0	0	0	0	0	0	0	0	0	0	0	0	0	0	0	0	0	0	0	0	0	0	0	0	0	0	0	0	0	0	0	0	0	0	0	0	0	0	0	0	0	0	8	0	0	0	0	0	0	0	0	0	0	0	0	0	0	0	0	0	0	0	0	107	0	0	54	0	0	0	0	0	0	0	0	0	0	0	0	0	0	0	0	0	0	0	0	0	0	0	0	0	0	0	0	0	0	0	0	0	0	0	0	0	0	0	0	0	0	0	0	0	0	0	0	0	0	0	0	0	0	0	0	0	0	0	0	0	0	0	0	0	0	0	0	0	0	0	182	0	0	0	0	0	0	0	0	0	0	0	0	0	0	0	0	0	0	0	0	0	0	0	0	0	0	0	0	0	0	0	0	0	0	0	0	0	0	0	0	0	0	0	0	0	0	0	0	0	0	0	0	0	0	0	0	0	0	0	0	0	0	0	0	0	0	0	0	0	0	0	0	0	0	0	0	0	0	0	0	0	0	0	0	0	0	0	0	0	0	0	0	0	0	0	0	0	0	0	0	0	0	0	0	0	0	0	0	0	0	0	0	0	0	0	0	0	0	0	0	0	0	0	0	0	0	0	0	0	0	0	0	0	0	0	0	0	0	0	0	0	0	0	0	0	0	0	0	0	0	0	0	0	167	0	0	0	0	0	0	0	0	0	0	0	0	0	0	0	0	0	0	0	0	0	0	0	0	0	0	0	0	0	0	0	0	0	0	0	0	0	0	0	0	69	0	0	0	0	0	0	0	0	0	0	0	0	0	0	0	0	0	0	0	0	0	0
8	0	0	0	0	0	0	0	0	0	0	0	0	0	0	0	0	0	0	0	0	0	0	0	0	0	0	0	0	0	0	0	0	0	0	0	0	0	137	0	0	0	0	0	0	0	0	0	0	0	0	0	0	0	0	0	0	0	0	0	0	0	0	0	0	0	0	0	0	0	0	0	0	0	0	0	0	0	0	0	0	0	0	0	0	0	0	0	0	0	0	0	0	0	0	0	0	0	0	0	0	0	0	0	0	0	19	0	0	0	0	0	0	0	0	0	0	0	0	0	0	0	0	0	0	0	3	0	0	0	0	0	0	0	0	0	0	0	0	0	0	0	0	0	0	0	0	0	0	0	0	0	0	0	0	0	0	0	0	0	0	0	0	0	0	0	0	0	0	0	0	0	0	0	0	0	0	0	0	0	0	0	0	0	0	0	0	0	0	0	0	0	0	0	0	0	0	0	0	0	0	0	0	0	0	0	0	0	0	0	0	0	0	0	0	0	0	0	0	0	0	0	0	0	0	3	0	0	0	0	23	0	0	0	0	0	0	0	0	0	0	0	0	0	0	0	0	0	0	0	0	0	0	0	0	0	0	0	0	0	0	38	0	0	0	0	0	0	0	0	0	0	0	0	6	0	0	5	0	5	0	0	0	0	0	0	0	0	0	0	0	0	1	0	0	0	0	0	3	0	0	0	0	0	101	114	0	0	0	0	0	1	0	0	0	0	0	0	136	0	0	0	0	0	204	0	222	0	30	64	0	0	0	42	0	4	0	59	0	0	0	0	1	0	0	69	0	0	0	0	0	0	0	0	46	0	0	109	0	0	0	0	0	0	126	0	182	0	14	0	0	0	0	28	42	0	0	0	6	0	0	0	98	0	0	0	0	69	0	127	0	0	0	31	0	0	0	0	0	0	0	0	0	0	0	7	36	0	22	168	0	92	80	0	0	126	0	116	57	0	0	0	174	18	0	0	38	0	0	0	0	0	83	0	0	59	0	140	173	220	0	0	0	0	0	42	0	68	0	0	32	0	0	0	0	0	23	9	14	0	0	0	0	0	0	89	0	141	0	0	0	191	6	194	86	0	0	0	0	0	106	0	0	0	0	0	0	0	0	3	0	62	0	0	69	0	0	0	0	0	0	0	0	0	0	0	0	0	0	0	0	0	0	0	0	0	0	0	0	0	0	0	0	0	0	0	0	0	0	0	0	0	0	0	0	0	0	0	0	0	0	0	0	0	0	0	0	0	0	0	0	0	0	0	0	0	0	0	0	0	0	0	0	0	0	0	0	0	0	0	0	0	0	0	0	0	0	0	0	0	0	0	0	0	0	0	0	236	0	0	0	0	0	0	0	0	0	0	0	0	0	0	0	0	0	0	0	0	0	0	0	0	0	0	0	0	0	0	0	0	0	0	0	0	0	0	0	0	0	0	0	0	0	0	0	0	0	0	0	0	0	0	0	0	0	0	0	0	0	0	0	0	0	0	0	0	0	0	0	0	0	0	0	0	0	0	0	0	0	0	0	0	0	0	0	0	0	0	0	0	0	0	0	0	0	0	0	87	0	0	0	0	0	0	0	0	0	0	0	0	0	0	0	0	0	0	0	0	233	0	0	139	0	0	0	0	0	0	0	0	0	0	0	0	0	0	0	0	0	0	0	0	0	0	0	0	0	0	0	0	0	0	0	0	0	0	0	0	0	0	0	0	0	0	0	0	0	0	0	0	0	0	0	0	0	0	0	0	0	0	0	0	0	0	0	0	0	0	0	0	0	0	0	118	0	0	0	0	0	0	0	0	0	0	0	0	0	0	0	0	0	0	0	0	0	0	0	0	0	0	0	0	0	0	0	0	0	0	0	0	0	0	0	0	0	0	0	0	0	0	0	0	0	0	0	0	0	0	0	0	0	0	0	0	0	0	0	0	0	0	0	0	0	0	0	0	0	0	0	0	0	0	0	0	0	0	0	0	0	0	0	0	0	0	0	0	0	0	0	0	0	0	0	0	0	0	0	0	0	0	0	0	0	0	0	0	0	0	0	0	0	0	0	0	0	0	0	0	0	0	0	0	0	0	0	0	0	0	0	0	0	0	0	0	0	0	0	0	0	0	0	0	0	0	0	0	0	213	0	0	0	0	0	0	0	0	0	0	0	0	0	0	0	0	0	0	0	0	0	0	0	0	0	0	0	0	0	0	0	0	0	0	0	0	0	0	0	0	103	0	0	0	0	0	0	0	0	0	0	0	0	0	0	0	0	0	0	0	0	0	0
9	0	0	0	0	0	0	0	0	0	0	0	0	0	0	0	0	0	193	0	0	0	0	0	0	0	0	0	0	0	0	0	0	0	0	0	0	0	0	0	0	0	0	0	0	0	0	0	0	0	0	0	0	0	0	0	0	0	0	0	0	0	0	0	0	0	0	0	0	0	0	0	0	0	0	0	0	0	0	0	0	0	0	0	0	0	0	0	0	0	0	0	0	0	0	0	0	0	0	0	0	0	0	43	0	0	0	0	0	0	0	0	0	0	0	0	10	0	0	0	0	0	0	0	0	0	0	0	0	0	0	0	0	0	0	0	0	0	0	0	0	0	0	0	0	6	0	0	0	0	0	0	0	0	0	0	0	0	0	0	0	0	0	0	0	0	0	0	0	0	0	0	0	0	0	0	3	0	0	0	0	0	0	0	0	0	43	0	0	0	4	0	0	0	0	0	0	0	0	0	0	0	0	0	0	0	0	0	0	0	0	0	0	0	0	1	0	0	0	0	0	0	0	8	0	0	1	0	0	0	0	0	0	0	0	0	0	0	0	0	0	0	0	0	0	0	0	0	0	0	0	0	0	0	0	0	0	0	13	0	0	90	0	0	0	0	0	0	0	0	0	0	0	0	15	0	0	0	0	152	0	0	0	0	2	0	0	0	0	0	0	0	0	0	0	0	0	0	0	0	0	0	1	0	195	0	0	0	0	0	0	0	0	0	0	0	0	0	125	0	0	0	0	0	111	0	98	0	149	55	0	0	0	457	0	0	0	40	0	0	0	0	0	0	56	54	0	0	0	0	78	0	0	0	62	0	0	7	0	0	0	0	0	4	15	0	57	0	15	0	0	0	0	98	74	0	43	0	0	0	0	0	91	0	0	0	0	89	0	100	0	0	0	102	0	1	0	0	0	0	0	0	2	0	0	0	43	0	94	21	0	43	36	0	0	199	0	105	90	178	0	0	26	97	0	0	234	0	0	0	0	0	84	0	0	374	0	87	31	52	7	0	0	0	0	64	37	0	0	0	65	23	0	0	0	0	124	0	169	7	0	0	28	3	0	46	3	10	0	52	31	48	0	32	61	0	0	0	0	0	122	0	0	0	0	0	0	0	39	0	0	92	47	0	52	0	0	0	0	4	28	0	0	0	0	0	0	0	0	0	0	0	0	0	0	0	0	0	0	0	0	0	0	0	0	0	0	0	0	0	0	0	0	0	0	0	0	0	0	0	0	0	0	0	0	0	0	0	0	0	0	0	0	0	0	0	0	0	0	0	0	0	0	0	0	0	0	0	0	0	0	0	0	0	0	0	0	0	0	0	0	0	0	0	0	0	0	182	0	0	0	0	0	0	0	0	0	0	0	0	0	0	0	0	0	0	0	0	0	0	0	0	0	0	0	0	0	0	0	0	0	0	0	0	0	0	0	0	0	0	0	0	0	0	0	0	0	0	0	0	0	0	0	0	0	0	0	0	0	0	0	0	0	0	0	0	0	0	0	0	0	0	0	0	0	0	0	0	0	0	0	0	0	0	0	0	0	0	0	0	0	0	0	0	0	0	0	65	0	0	0	0	0	0	0	0	0	0	0	0	0	0	0	0	0	0	0	0	28	0	0	72	0	0	0	0	0	0	0	0	0	0	0	0	0	0	0	0	0	0	0	0	0	0	0	0	0	0	0	0	0	0	0	0	0	0	0	0	0	0	0	0	0	0	0	0	0	0	0	0	0	0	0	0	0	0	0	0	0	0	0	0	0	0	0	0	0	0	0	0	0	0	0	39	0	0	0	0	0	0	0	0	0	0	0	0	0	0	0	0	0	0	0	0	0	0	0	0	0	0	0	0	0	0	0	0	0	0	0	0	0	0	0	0	0	0	0	0	0	0	0	0	0	0	0	0	0	0	0	0	0	0	0	0	0	0	0	0	0	0	0	0	0	0	0	0	0	0	0	0	0	0	0	0	0	0	0	0	0	0	0	0	0	0	0	0	0	0	0	0	0	0	0	0	0	0	0	0	0	0	0	0	0	0	0	0	0	0	0	0	0	0	0	0	0	0	0	0	0	0	0	0	0	0	0	0	0	0	0	0	0	0	0	0	0	0	0	0	0	0	0	0	0	0	0	0	0	86	0	0	0	0	0	0	0	0	0	0	0	0	0	0	0	0	0	0	0	0	0	0	0	0	0	0	0	0	0	0	0	0	0	0	0	0	0	0	0	0	55	0	0	0	0	0	0	0	0	0	0	0	0	0	0	0	0	0	0	0	0	0	0
10	0	0	0	0	0	0	0	0	0	0	0	0	0	0	0	0	0	0	0	0	0	0	0	0	0	0	0	0	0	0	0	0	0	0	0	0	0	0	0	0	0	0	0	0	0	0	0	0	0	0	0	0	0	0	0	0	0	0	0	0	0	0	0	0	0	0	0	0	0	0	0	0	0	0	0	0	0	0	0	0	0	0	0	0	0	0	0	0	0	0	0	0	0	0	0	0	0	0	0	0	0	0	153	0	0	0	0	2	0	0	0	0	0	0	0	0	0	0	0	0	5	0	0	0	0	0	0	0	0	0	0	0	0	0	0	0	0	0	0	0	0	0	1	0	0	0	0	0	0	0	0	0	29	0	0	0	0	0	0	0	0	0	0	0	0	0	0	0	0	0	0	0	0	0	0	0	0	0	0	0	0	0	0	0	0	41	0	0	0	0	0	0	0	0	0	0	0	0	0	0	0	0	0	0	0	0	0	0	0	0	0	0	0	0	0	0	0	0	5	0	0	0	0	0	0	0	0	0	0	0	0	0	0	0	0	0	0	0	0	4	0	25	0	0	0	0	0	0	148	0	0	0	0	0	0	0	0	0	0	0	31	0	0	0	0	0	0	0	0	0	0	0	0	19	0	0	0	0	0	0	2	26	0	0	0	0	0	0	0	0	0	0	0	0	0	0	0	0	0	0	0	0	0	62	0	0	0	0	0	0	7	0	0	0	0	0	0	84	0	0	0	0	0	64	0	105	0	67	9	0	0	1	228	0	0	0	96	0	0	0	0	0	0	40	24	0	0	0	0	65	0	0	0	68	0	0	0	0	0	0	0	0	0	157	107	248	0	2	0	0	0	0	0	23	0	24	0	0	0	0	0	71	0	0	0	0	45	0	157	0	0	0	271	0	0	0	0	0	0	0	6	0	0	0	0	187	0	68	111	0	97	87	0	0	44	0	108	68	21	0	0	312	67	0	0	79	0	0	0	0	0	28	0	0	153	0	105	77	32	0	0	0	0	0	151	0	0	0	0	310	0	0	0	0	0	164	0	195	0	0	0	11	0	0	67	0	118	0	0	0	142	0	64	139	0	0	0	0	0	4	0	0	0	0	0	0	0	29	3	0	206	0	0	58	0	0	0	0	0	1	0	0	0	0	0	0	0	0	0	0	0	0	0	0	0	0	0	0	0	0	0	0	0	0	0	0	0	0	0	0	0	0	0	0	0	0	0	0	0	0	0	0	0	0	0	0	0	0	0	0	0	0	0	0	0	0	0	0	0	0	0	0	0	0	0	0	0	0	0	0	0	0	0	0	0	0	0	0	0	0	0	0	0	0	0	0	40	0	0	0	0	0	0	0	0	0	0	0	0	0	0	0	0	0	0	0	0	0	0	0	0	0	0	0	0	0	0	0	0	0	0	0	0	0	0	0	0	0	0	0	0	0	0	0	0	0	0	0	0	0	0	0	0	0	0	0	0	0	0	0	0	0	0	0	0	0	0	0	0	0	0	0	0	0	0	0	0	0	0	0	0	0	0	0	0	0	0	0	0	0	0	0	0	0	0	0	27	0	0	0	0	0	0	0	0	0	0	0	0	0	0	0	0	0	0	0	0	155	0	0	26	0	0	0	0	0	0	0	0	0	0	0	0	0	0	0	0	0	0	0	0	0	0	0	0	0	0	0	0	0	0	0	0	0	0	0	0	0	0	0	0	0	0	0	0	0	0	0	0	0	0	0	0	0	0	0	0	0	0	0	0	0	0	0	0	0	0	0	0	0	0	0	40	0	0	0	0	0	0	0	0	0	0	0	0	0	0	0	0	0	0	0	0	0	0	0	0	0	0	0	0	0	0	0	0	0	0	0	0	0	0	0	0	0	0	0	0	0	0	0	0	0	0	0	0	0	0	0	0	0	0	0	0	0	0	0	0	0	0	0	0	0	0	0	0	0	0	0	0	0	0	0	0	0	0	0	0	0	0	0	0	0	0	0	0	0	0	0	0	0	0	0	0	0	0	0	0	0	0	0	0	0	0	0	0	0	0	0	0	0	0	0	0	0	0	0	0	0	0	0	0	0	0	0	0	0	0	0	0	0	0	0	0	0	0	0	0	0	0	0	0	0	0	0	0	0	20	0	0	0	0	0	0	0	0	0	0	0	0	0	0	0	0	0	0	0	0	0	0	0	0	0	0	0	0	0	0	0	0	0	0	0	0	0	0	0	0	125	0	0	0	0	0	0	0	0	0	0	0	0	0	0	0	0	0	0	0	0	0	0
11	0	0	0	0	0	0	0	0	0	0	0	0	0	0	0	0	0	0	0	0	0	0	0	0	0	0	0	0	64	0	0	0	0	0	0	0	0	0	0	0	0	0	0	0	0	0	0	0	0	0	0	0	0	0	0	0	0	69	0	0	0	0	0	0	0	0	0	0	0	0	0	0	0	0	0	0	0	0	0	0	0	0	0	0	0	0	0	0	0	0	0	0	0	0	0	0	0	0	0	0	0	0	0	0	0	0	0	0	0	0	0	0	0	0	0	0	0	0	0	0	0	0	0	0	0	0	0	0	0	0	0	0	0	0	0	0	0	0	0	0	0	0	0	0	0	0	0	0	0	0	0	0	7	0	0	0	0	0	0	0	0	0	0	0	0	0	0	0	0	0	0	0	0	0	0	2	0	0	0	0	0	0	0	60	0	0	0	0	0	0	0	0	0	0	0	0	0	0	0	0	0	0	0	0	0	0	0	0	0	0	0	0	0	0	0	0	0	0	0	0	0	0	0	0	0	1	0	0	0	0	0	0	0	0	0	0	0	0	0	0	0	0	0	0	0	0	0	0	0	0	0	0	0	0	0	0	0	29	0	0	16	0	0	0	0	0	15	0	0	0	4	0	0	29	0	0	8	0	177	0	0	1	0	0	0	0	0	0	0	0	0	4	0	0	0	0	0	0	0	0	2	0	0	131	0	0	0	0	0	0	9	0	0	0	0	0	0	16	0	0	10	0	0	234	0	70	0	202	111	0	0	0	24	0	0	0	12	0	0	0	0	0	68	87	52	0	0	0	0	17	0	0	0	106	0	0	4	15	0	0	0	0	35	40	61	11	0	34	0	0	0	0	25	219	0	0	0	0	7	0	0	75	0	0	0	0	189	4	131	0	0	0	54	0	0	0	0	0	0	0	0	0	0	0	0	88	0	42	151	0	188	25	0	0	45	0	77	482	5	17	0	158	61	0	0	143	0	0	0	0	0	5	0	0	22	0	7	17	75	0	0	0	0	0	178	0	2	0	0	228	0	1	0	0	0	155	0	85	1	0	0	2	0	0	35	0	194	0	4	4	207	0	83	31	0	0	0	0	0	40	0	0	0	3	0	0	0	3	0	0	101	0	0	21	0	0	11	0	0	77	0	0	0	0	0	0	0	0	0	0	0	0	0	0	0	0	0	0	0	0	0	0	0	0	0	0	0	0	0	0	0	0	0	0	0	0	0	0	0	0	0	0	0	0	0	0	0	0	0	0	0	0	0	0	0	0	0	0	0	0	0	0	0	0	0	0	0	0	0	0	0	0	0	0	0	0	0	0	0	0	0	0	0	0	0	0	95	0	0	0	0	0	0	0	0	0	0	0	0	0	0	0	0	0	0	0	0	0	0	0	0	0	0	0	0	0	0	0	0	0	0	0	0	0	0	0	0	0	0	0	0	0	0	0	0	0	0	0	0	0	0	0	0	0	0	0	0	0	0	0	0	0	0	0	0	0	0	0	0	0	0	0	0	0	0	0	0	0	0	0	0	0	0	0	0	0	0	0	0	0	0	0	0	0	0	0	48	0	0	0	0	0	0	0	0	0	0	0	0	0	0	0	0	0	0	0	0	110	0	0	106	0	0	0	0	0	0	0	0	0	0	0	0	0	0	0	0	0	0	0	0	0	0	0	0	0	0	0	0	0	0	0	0	0	0	0	0	0	0	0	0	0	0	0	0	0	0	0	0	0	0	0	0	0	0	0	0	0	0	0	0	0	0	0	0	0	0	0	0	0	0	0	31	0	0	0	0	0	0	0	0	0	0	0	0	0	0	0	0	0	0	0	0	0	0	0	0	0	0	0	0	0	0	0	0	0	0	0	0	0	0	0	0	0	0	0	0	0	0	0	0	0	0	0	0	0	0	0	0	0	0	0	0	0	0	0	0	0	0	0	0	0	0	0	0	0	0	0	0	0	0	0	0	0	0	0	0	0	0	0	0	0	0	0	0	0	0	0	0	0	0	0	0	0	0	0	0	0	0	0	0	0	0	0	0	0	0	0	0	0	0	0	0	0	0	0	0	0	0	0	0	0	0	0	0	0	0	0	0	0	0	0	0	0	0	0	0	0	0	0	0	0	0	0	0	0	152	0	0	0	0	0	0	0	0	0	0	0	0	0	0	0	0	0	0	0	0	0	0	0	0	0	0	0	0	0	0	0	0	0	0	0	0	0	0	0	0	80	0	0	0	0	0	0	0	0	0	0	0	0	0	0	0	0	0	0	0	0	0	0
12	0	0	0	0	0	0	0	0	0	0	0	0	0	0	0	0	0	0	0	0	0	0	0	0	0	0	0	0	0	0	0	0	0	39	0	0	0	0	0	0	0	0	0	0	0	0	0	0	0	0	0	0	12	0	0	0	3	0	0	0	0	0	0	0	0	0	0	0	0	0	0	0	0	0	0	0	0	0	0	0	0	27	0	0	0	0	0	0	0	0	0	0	0	0	0	0	0	25	0	0	0	0	0	0	0	0	0	0	0	0	0	0	0	0	0	8	0	0	0	0	0	0	0	0	0	0	0	0	0	0	0	0	0	0	0	0	0	0	0	0	0	0	0	0	0	0	0	0	0	0	0	0	13	0	0	13	0	0	0	0	0	0	0	0	0	0	0	0	0	0	0	0	0	0	0	0	0	0	0	0	0	0	0	3	0	0	0	0	0	0	0	0	0	0	0	0	0	0	0	0	0	0	0	0	0	0	0	0	0	0	0	0	0	0	0	0	0	0	0	0	0	0	0	0	0	0	0	0	0	0	0	0	0	0	0	0	0	0	0	0	0	0	9	0	0	0	0	0	0	0	0	0	0	0	0	0	0	19	0	0	8	0	0	0	0	0	0	0	0	0	0	0	0	29	0	0	0	0	268	0	0	0	0	0	0	0	0	0	0	0	0	0	0	21	0	0	0	0	0	0	89	0	0	123	0	0	0	0	0	0	0	0	0	0	0	0	0	42	0	0	0	0	0	33	0	78	0	49	223	0	0	0	30	0	1	0	42	0	0	0	0	0	0	3	0	0	0	0	0	0	0	0	0	172	0	0	0	0	0	0	0	3	0	70	0	16	0	48	0	0	0	0	0	59	0	39	0	0	7	0	0	80	0	0	0	0	117	0	148	0	0	0	46	0	1	0	0	0	0	0	0	0	0	1	0	221	0	85	163	0	131	103	0	0	116	0	51	161	24	0	0	82	106	0	0	94	0	0	0	0	0	53	0	0	33	0	46	89	80	0	0	0	0	0	31	0	0	0	0	94	0	0	0	0	0	19	0	133	46	0	0	0	0	0	4	11	22	0	0	0	24	0	198	54	0	0	0	0	0	124	0	0	0	0	0	0	0	0	0	0	72	0	0	35	0	0	0	5	0	0	0	0	0	0	0	0	0	0	0	0	0	0	0	0	0	0	0	0	0	0	0	0	0	0	0	0	0	0	0	0	0	0	0	0	0	0	0	0	0	0	0	0	0	0	0	0	0	0	0	0	0	0	0	0	0	0	0	0	0	0	0	0	0	0	0	0	0	0	0	0	0	0	0	0	0	0	0	0	0	0	0	0	0	0	0	0	20	0	0	0	0	0	0	0	0	0	0	0	0	0	0	0	0	0	0	0	0	0	0	0	0	0	0	0	0	0	0	0	0	0	0	0	0	0	0	0	0	0	0	0	0	0	0	0	0	0	0	0	0	0	0	0	0	0	0	0	0	0	0	0	0	0	0	0	0	0	0	0	0	0	0	0	0	0	0	0	0	0	0	0	0	0	0	0	0	0	0	0	0	0	0	0	0	0	0	0	19	0	0	0	0	0	0	0	0	0	0	0	0	0	0	0	0	0	0	0	0	41	0	0	120	0	0	0	0	0	0	0	0	0	0	0	0	0	0	0	0	0	0	0	0	0	0	0	0	0	0	0	0	0	0	0	0	0	0	0	0	0	0	0	0	0	0	0	0	0	0	0	0	0	0	0	0	0	0	0	0	0	0	0	0	0	0	0	0	0	0	0	0	0	0	0	146	0	0	0	0	0	0	0	0	0	0	0	0	0	0	0	0	0	0	0	0	0	0	0	0	0	0	0	0	0	0	0	0	0	0	0	0	0	0	0	0	0	0	0	0	0	0	0	0	0	0	0	0	0	0	0	0	0	0	0	0	0	0	0	0	0	0	0	0	0	0	0	0	0	0	0	0	0	0	0	0	0	0	0	0	0	0	0	0	0	0	0	0	0	0	0	0	0	0	0	0	0	0	0	0	0	0	0	0	0	0	0	0	0	0	0	0	0	0	0	0	0	0	0	0	0	0	0	0	0	0	0	0	0	0	0	0	0	0	0	0	0	0	0	0	0	0	0	0	0	0	0	0	0	71	0	0	0	0	0	0	0	0	0	0	0	0	0	0	0	0	0	0	0	0	0	0	0	0	0	0	0	0	0	0	0	0	0	0	0	0	0	0	0	0	32	0	0	0	0	0	0	0	0	0	0	0	0	0	0	0	0	0	0	0	0	0	0
13	0	0	0	0	0	0	0	0	0	0	0	0	0	0	0	0	0	0	0	0	0	0	0	0	0	0	0	0	0	0	0	0	0	0	0	0	0	0	0	0	0	0	0	0	0	0	0	0	0	0	0	0	0	0	0	0	0	0	0	0	0	0	0	0	0	0	0	0	0	0	0	0	0	0	0	0	0	0	0	0	0	0	0	0	0	0	0	0	0	0	0	0	0	0	0	0	0	0	0	0	0	0	0	0	0	0	0	0	0	0	0	0	0	0	0	0	0	0	0	0	0	0	0	0	0	0	0	0	0	0	0	0	0	0	18	0	0	0	0	0	0	0	0	0	0	0	0	0	0	0	0	56	0	0	0	0	0	0	0	0	0	0	0	0	0	0	0	0	0	0	0	0	0	0	0	0	0	0	0	0	0	0	0	0	0	0	0	0	0	0	0	0	14	0	0	0	0	0	0	0	0	0	0	0	0	0	0	0	0	0	0	0	1	0	0	0	0	0	0	0	0	0	0	0	0	0	0	0	0	0	0	0	0	0	0	0	0	0	0	0	0	0	0	0	0	0	0	0	0	3	0	2	0	0	0	0	0	70	0	0	119	0	0	0	0	0	0	0	0	0	0	0	0	200	0	0	0	0	32	0	0	0	0	0	0	0	0	0	0	0	0	0	0	0	0	0	0	0	0	0	0	0	0	85	0	0	0	0	0	0	0	0	0	0	0	0	0	110	0	0	0	0	0	24	0	34	0	0	78	0	47	0	101	0	0	0	77	0	0	0	0	0	52	9	42	0	0	0	0	0	5	0	0	19	0	0	0	0	0	0	0	0	39	72	0	7	0	0	0	0	8	0	0	114	0	17	0	0	0	0	0	129	0	0	0	0	76	0	50	0	1	0	58	0	0	0	0	0	0	5	0	0	0	0	3	48	0	80	54	0	17	159	0	0	18	0	22	92	35	0	0	56	53	0	0	82	0	0	0	0	0	19	0	0	12	0	233	318	32	0	0	0	0	0	23	0	0	0	0	204	0	0	0	0	0	20	0	81	2	0	0	7	0	0	320	0	99	0	0	0	71	0	290	82	0	0	0	0	0	36	0	0	0	0	0	0	0	0	0	0	21	0	0	138	0	0	0	0	0	0	0	0	0	0	0	0	0	0	0	0	0	0	0	0	0	0	0	0	0	0	0	0	0	0	0	0	0	0	0	0	0	0	0	0	0	0	0	0	0	0	0	0	0	0	0	0	0	0	0	0	0	0	0	0	0	0	0	0	0	0	0	0	0	0	0	0	0	0	0	0	0	0	0	0	0	0	0	0	0	0	0	0	0	0	0	0	34	0	0	0	0	0	0	0	0	0	0	0	0	0	0	0	0	0	0	0	0	0	0	0	0	0	0	0	0	0	0	0	0	0	0	0	0	0	0	0	0	0	0	0	0	0	0	0	0	0	0	0	0	0	0	0	0	0	0	0	0	0	0	0	0	0	0	0	0	0	0	0	0	0	0	0	0	0	0	0	0	0	0	0	0	0	0	0	0	0	0	0	0	0	0	0	0	0	0	0	52	0	0	0	0	0	0	0	0	0	0	0	0	0	0	0	0	0	0	0	0	139	0	0	198	0	0	0	0	0	0	0	0	0	0	0	0	0	0	0	0	0	0	0	0	0	0	0	0	0	0	0	0	0	0	0	0	0	0	0	0	0	0	0	0	0	0	0	0	0	0	0	0	0	0	0	0	0	0	0	0	0	0	0	0	0	0	0	0	0	0	0	0	0	0	0	13	0	0	0	0	0	0	0	0	0	0	0	0	0	0	0	0	0	0	0	0	0	0	0	0	0	0	0	0	0	0	0	0	0	0	0	0	0	0	0	0	0	0	0	0	0	0	0	0	0	0	0	0	0	0	0	0	0	0	0	0	0	0	0	0	0	0	0	0	0	0	0	0	0	0	0	0	0	0	0	0	0	0	0	0	0	0	0	0	0	0	0	0	0	0	0	0	0	0	0	0	0	0	0	0	0	0	0	0	0	0	0	0	0	0	0	0	0	0	0	0	0	0	0	0	0	0	0	0	0	0	0	0	0	0	0	0	0	0	0	0	0	0	0	0	0	0	0	0	0	0	0	0	0	22	0	0	0	0	0	0	0	0	0	0	0	0	0	0	0	0	0	0	0	0	0	0	0	0	0	0	0	0	0	0	0	0	0	0	0	0	0	0	0	0	31	0	0	0	0	0	0	0	0	0	0	0	0	0	0	0	0	0	0	0	0	0	0
14	0	0	0	0	0	0	0	0	0	0	0	0	0	0	0	0	0	0	0	0	0	0	0	0	0	0	0	0	0	0	0	0	0	0	0	0	0	0	0	0	0	0	0	0	0	0	0	0	0	0	0	0	0	0	0	0	5	0	0	0	0	0	0	0	0	0	0	0	0	0	0	0	0	0	0	0	0	0	0	0	0	0	0	0	0	0	0	0	0	0	0	0	0	0	0	0	0	0	0	0	0	2	0	0	0	0	0	0	0	0	0	0	0	0	0	0	0	0	0	0	0	10	0	0	0	0	0	16	0	0	0	0	0	0	0	0	0	38	0	0	0	0	0	0	0	0	0	0	0	0	0	0	0	0	7	0	0	0	0	0	0	0	0	0	0	0	0	0	0	0	0	0	0	0	0	0	0	0	0	0	0	0	0	0	0	38	0	0	0	0	0	0	0	0	0	0	0	0	0	15	0	0	0	0	0	0	0	0	0	0	0	0	0	0	0	0	0	0	0	14	0	0	0	0	0	0	0	0	0	0	0	0	0	7	0	0	0	0	0	0	0	0	0	0	0	0	0	0	0	0	0	0	0	0	0	0	0	0	0	1	160	0	0	0	0	0	3	0	0	0	0	0	0	50	0	0	4	0	39	0	0	41	0	0	0	0	1	0	0	64	0	0	0	0	0	0	1	0	0	0	4	0	0	95	0	0	0	0	0	0	0	0	0	0	0	0	0	98	3	7	1	0	0	114	0	18	0	132	100	0	0	6	48	0	34	0	14	0	0	0	0	3	0	33	39	0	0	0	0	280	0	8	0	103	0	0	0	0	2	0	0	0	24	87	0	27	0	16	0	0	0	0	0	158	0	115	0	0	0	0	0	20	0	0	0	0	71	0	20	16	0	0	53	0	0	63	0	7	0	23	6	0	0	0	0	212	0	23	17	0	40	53	0	0	51	0	160	87	70	3	0	57	13	0	1	152	0	0	0	0	0	50	0	0	198	0	118	71	17	0	9	0	0	1	80	0	0	5	0	115	0	0	0	0	0	107	1	11	4	0	0	32	0	0	304	2	29	0	0	6	156	0	36	50	13	0	1	0	0	85	0	0	49	0	0	0	3	0	0	0	49	5	0	34	47	0	0	0	0	27	0	0	0	0	0	0	0	0	0	0	0	0	0	0	0	0	0	0	0	0	0	0	0	0	0	0	0	0	0	0	0	0	0	0	0	0	0	0	0	0	0	0	0	0	0	0	0	0	0	0	0	0	0	0	0	0	0	0	0	0	0	0	0	0	0	0	0	0	0	0	0	0	0	0	0	0	0	0	0	0	0	0	0	0	0	0	163	0	0	0	0	0	0	0	0	0	0	0	0	0	0	0	0	0	0	0	0	0	0	0	0	0	0	0	0	0	0	0	0	0	0	0	0	0	0	0	0	0	0	0	0	0	0	0	0	0	0	0	0	0	0	0	0	0	0	0	0	0	0	0	0	0	0	0	0	0	0	0	0	0	0	0	0	0	0	0	0	0	0	0	0	0	0	0	0	0	0	0	0	0	0	0	0	0	0	0	76	0	0	0	0	0	0	0	0	0	0	0	0	0	0	0	0	0	0	0	0	90	0	0	79	0	0	0	0	0	0	0	0	0	0	0	0	0	0	0	0	0	0	0	0	0	0	0	0	0	0	0	0	0	0	0	0	0	0	0	0	0	0	0	0	0	0	0	0	0	0	0	0	0	0	0	0	0	0	0	0	0	0	0	0	0	0	0	0	0	0	0	0	0	0	0	61	0	0	0	0	0	0	0	0	0	0	0	0	0	0	0	0	0	0	0	0	0	0	0	0	0	0	0	0	0	0	0	0	0	0	0	0	0	0	0	0	0	0	0	0	0	0	0	0	0	0	0	0	0	0	0	0	0	0	0	0	0	0	0	0	0	0	0	0	0	0	0	0	0	0	0	0	0	0	0	0	0	0	0	0	0	0	0	0	0	0	0	0	0	0	0	0	0	0	0	0	0	0	0	0	0	0	0	0	0	0	0	0	0	0	0	0	0	0	0	0	0	0	0	0	0	0	0	0	0	0	0	0	0	0	0	0	0	0	0	0	0	0	0	0	0	0	0	0	0	0	0	0	0	79	0	0	0	0	0	0	0	0	0	0	0	0	0	0	0	0	0	0	0	0	0	0	0	0	0	0	0	0	0	0	0	0	0	0	0	0	0	0	0	0	110	0	0	0	0	0	0	0	0	0	0	0	0	0	0	0	0	0	0	0	0	0	0
15	0	0	0	0	0	0	0	0	0	0	0	0	0	0	0	0	0	0	0	0	0	0	0	0	0	0	0	0	0	0	0	0	0	0	0	0	0	0	0	0	0	0	0	0	0	0	0	0	0	0	0	0	0	0	0	0	0	0	0	0	0	0	0	0	0	0	0	0	0	0	0	0	0	0	0	0	0	0	0	0	0	0	0	0	0	0	0	0	0	0	0	0	0	0	0	0	0	0	0	0	0	0	0	0	0	0	0	0	0	0	0	0	0	0	0	0	0	0	0	0	0	0	0	0	0	0	0	0	0	0	0	0	0	0	0	0	0	3	0	0	0	0	16	0	0	0	0	0	0	0	0	0	0	0	0	0	0	0	0	0	0	0	0	0	0	0	0	0	0	0	0	0	0	0	0	0	0	0	0	0	0	0	0	0	0	53	0	0	0	0	0	0	0	0	0	0	0	0	0	6	0	0	0	0	0	0	0	0	0	0	0	0	0	5	23	0	0	0	0	0	0	0	0	0	0	0	0	0	0	0	0	0	0	0	0	0	0	0	0	0	0	0	0	0	0	0	0	2	0	0	0	0	0	0	0	0	0	0	0	0	49	0	0	0	0	0	0	0	0	0	0	0	0	84	0	0	31	0	101	0	0	0	0	0	0	0	2	0	0	0	0	0	0	0	0	0	0	0	0	0	4	0	0	40	0	0	0	0	0	0	0	0	0	0	0	0	0	121	0	0	0	0	0	7	0	132	0	126	416	75	0	0	241	0	0	0	72	0	0	0	0	0	0	4	101	0	0	0	0	1	0	0	0	210	0	0	0	0	0	0	0	0	3	58	8	61	0	4	0	0	0	0	0	111	0	24	0	0	0	0	0	12	0	0	0	0	138	0	102	0	0	0	25	0	0	0	0	0	0	0	0	0	0	0	0	75	0	28	116	0	61	22	0	0	28	0	114	285	237	0	0	56	34	0	0	224	0	0	0	0	0	98	0	0	38	0	24	140	76	0	0	0	0	0	79	0	0	0	0	121	0	0	0	0	18	213	2	17	1	0	0	19	0	0	173	0	53	0	75	0	37	0	41	45	0	0	0	0	0	297	0	0	0	0	0	0	0	0	0	0	62	0	0	91	0	0	0	0	0	0	0	0	0	0	0	0	0	0	0	0	0	0	0	0	0	0	0	0	0	0	0	0	0	0	0	0	0	0	0	0	0	0	0	0	0	0	0	0	0	0	0	0	0	0	0	0	0	0	0	0	0	0	0	0	0	0	0	0	0	0	0	0	0	0	0	0	0	0	0	0	0	0	0	0	0	0	0	0	0	0	0	0	0	0	0	0	29	0	0	0	0	0	0	0	0	0	0	0	0	0	0	0	0	0	0	0	0	0	0	0	0	0	0	0	0	0	0	0	0	0	0	0	0	0	0	0	0	0	0	0	0	0	0	0	0	0	0	0	0	0	0	0	0	0	0	0	0	0	0	0	0	0	0	0	0	0	0	0	0	0	0	0	0	0	0	0	0	0	0	0	0	0	0	0	0	0	0	0	0	0	0	0	0	0	0	0	159	0	0	0	0	0	0	0	0	0	0	0	0	0	0	0	0	0	0	0	0	19	0	0	102	0	0	0	0	0	0	0	0	0	0	0	0	0	0	0	0	0	0	0	0	0	0	0	0	0	0	0	0	0	0	0	0	0	0	0	0	0	0	0	0	0	0	0	0	0	0	0	0	0	0	0	0	0	0	0	0	0	0	0	0	0	0	0	0	0	0	0	0	0	0	0	119	0	0	0	0	0	0	0	0	0	0	0	0	0	0	0	0	0	0	0	0	0	0	0	0	0	0	0	0	0	0	0	0	0	0	0	0	0	0	0	0	0	0	0	0	0	0	0	0	0	0	0	0	0	0	0	0	0	0	0	0	0	0	0	0	0	0	0	0	0	0	0	0	0	0	0	0	0	0	0	0	0	0	0	0	0	0	0	0	0	0	0	0	0	0	0	0	0	0	0	0	0	0	0	0	0	0	0	0	0	0	0	0	0	0	0	0	0	0	0	0	0	0	0	0	0	0	0	0	0	0	0	0	0	0	0	0	0	0	0	0	0	0	0	0	0	0	0	0	0	0	0	0	0	156	0	0	0	0	0	0	0	0	0	0	0	0	0	0	0	0	0	0	0	0	0	0	0	0	0	0	0	0	0	0	0	0	0	0	0	0	0	0	0	0	83	0	0	0	0	0	0	0	0	0	0	0	0	0	0	0	0	0	0	0	0	0	0
16	0	0	0	0	0	0	0	0	0	0	0	0	0	0	0	0	0	0	0	0	0	0	0	0	0	0	0	0	0	0	0	0	0	0	0	0	0	0	0	0	0	0	0	0	0	0	0	0	0	0	0	0	0	0	0	0	0	0	0	0	0	0	0	0	0	0	0	0	0	0	0	0	0	0	0	0	0	0	0	0	0	0	0	0	0	0	0	0	0	0	0	0	0	0	0	0	0	0	0	0	0	0	0	0	0	0	0	0	0	0	0	0	0	0	0	0	0	0	0	0	0	0	0	0	0	0	0	0	0	0	0	0	0	0	0	0	0	0	0	0	0	0	0	0	0	0	0	0	0	0	0	0	0	0	0	0	0	0	0	0	0	0	0	0	0	0	0	0	0	0	0	0	0	0	0	0	0	0	0	0	0	0	0	0	72	5	0	0	0	0	0	0	0	0	0	0	0	0	0	0	0	4	0	0	0	0	0	0	0	0	0	0	0	13	0	0	0	0	0	0	0	0	2	0	0	0	0	0	0	0	0	0	0	0	0	0	0	0	0	0	0	0	0	0	0	0	0	5	0	4	0	0	0	0	0	0	0	127	0	0	86	0	0	0	0	0	0	0	0	0	0	0	0	268	0	0	0	0	114	0	0	0	0	25	2	0	0	0	0	0	0	0	0	0	0	0	0	0	0	0	14	0	0	37	0	0	0	0	0	0	0	5	0	0	0	0	1	172	0	1	0	0	0	49	0	218	0	96	331	0	0	0	25	0	0	0	19	0	0	0	0	0	0	32	92	0	0	0	0	0	0	0	0	54	0	0	0	0	0	0	0	0	0	38	0	49	0	30	0	0	0	0	2	100	0	24	0	0	0	0	0	92	0	0	0	0	255	0	184	0	0	0	67	0	0	0	0	0	0	0	0	0	0	0	0	100	0	133	112	0	111	348	0	0	87	0	127	43	0	0	0	53	16	0	0	250	0	0	0	0	0	61	0	0	196	0	37	111	47	0	0	0	0	0	290	0	0	0	0	130	0	16	0	0	0	88	6	121	0	50	0	0	0	0	38	2	27	0	0	0	180	0	9	44	0	0	0	0	0	122	0	0	0	17	0	0	0	43	0	17	100	0	0	52	0	25	0	0	0	0	0	0	0	0	0	0	0	0	0	0	0	0	0	0	0	0	0	0	0	0	0	0	0	0	0	0	0	0	0	0	0	0	0	0	0	0	0	0	0	0	0	0	0	0	0	0	0	0	0	0	0	0	0	0	0	0	0	0	0	0	0	0	0	0	0	0	0	0	0	0	0	0	0	0	0	0	0	0	0	0	0	0	0	0	0	0	173	0	0	0	0	0	0	0	0	0	0	0	0	0	0	0	0	0	0	0	0	0	0	0	0	0	0	0	0	0	0	0	0	0	0	0	0	0	0	0	0	0	0	0	0	0	0	0	0	0	0	0	0	0	0	0	0	0	0	0	0	0	0	0	0	0	0	0	0	0	0	0	0	0	0	0	0	0	0	0	0	0	0	0	0	0	0	0	0	0	0	0	0	0	0	0	0	0	0	0	86	0	0	0	0	0	0	0	0	0	0	0	0	0	0	0	0	0	0	0	0	10	0	0	33	0	0	0	0	0	0	0	0	0	0	0	0	0	0	0	0	0	0	0	0	0	0	0	0	0	0	0	0	0	0	0	0	0	0	0	0	0	0	0	0	0	0	0	0	0	0	0	0	0	0	0	0	0	0	0	0	0	0	0	0	0	0	0	0	0	0	0	0	0	0	0	14	0	0	0	0	0	0	0	0	0	0	0	0	0	0	0	0	0	0	0	0	0	0	0	0	0	0	0	0	0	0	0	0	0	0	0	0	0	0	0	0	0	0	0	0	0	0	0	0	0	0	0	0	0	0	0	0	0	0	0	0	0	0	0	0	0	0	0	0	0	0	0	0	0	0	0	0	0	0	0	0	0	0	0	0	0	0	0	0	0	0	0	0	0	0	0	0	0	0	0	0	0	0	0	0	0	0	0	0	0	0	0	0	0	0	0	0	0	0	0	0	0	0	0	0	0	0	0	0	0	0	0	0	0	0	0	0	0	0	0	0	0	0	0	0	0	0	0	0	0	0	0	0	0	56	0	0	0	0	0	0	0	0	0	0	0	0	0	0	0	0	0	0	0	0	0	0	0	0	0	0	0	0	0	0	0	0	0	0	0	0	0	0	0	0	29	0	0	0	0	0	0	0	0	0	0	0	0	0	0	0	0	0	0	0	0	0	0
17	0	0	0	0	0	0	0	0	0	0	0	0	0	0	0	0	0	0	0	0	0	0	0	0	0	0	0	0	0	0	0	0	0	0	0	0	0	0	0	0	0	0	0	0	0	0	0	0	0	0	0	0	0	0	0	0	0	0	0	0	0	0	0	0	0	0	0	0	0	0	0	0	0	0	0	0	0	0	0	0	0	0	0	0	0	0	0	0	0	0	0	0	0	0	0	0	0	0	0	0	0	0	11	0	0	0	0	0	0	0	0	0	0	0	0	31	0	0	0	0	0	0	0	1	0	0	0	0	0	0	0	0	0	0	15	0	0	0	0	0	0	0	0	0	0	0	0	0	0	0	0	0	0	0	0	0	0	0	0	3	0	0	0	2	0	0	0	3	0	0	0	0	0	0	0	0	0	0	0	0	0	0	0	0	0	0	0	0	0	0	0	0	0	0	2	0	0	0	0	0	0	0	0	9	0	0	0	0	0	0	0	0	0	0	0	0	0	0	0	0	0	1	0	0	0	0	0	0	0	0	0	0	0	0	0	0	0	0	0	0	0	0	0	0	0	0	0	0	0	0	0	0	0	0	0	0	0	0	0	0	208	0	0	0	0	0	0	0	0	0	0	0	0	255	0	0	5	0	51	0	0	0	0	0	0	0	11	0	0	0	0	0	0	0	0	0	0	0	0	0	0	0	0	140	0	0	3	0	0	0	0	0	0	0	7	0	1	92	0	2	0	0	23	11	0	37	11	45	30	0	0	0	99	0	0	0	187	0	0	0	0	0	0	244	45	0	0	0	0	0	0	0	0	98	0	0	0	0	0	0	0	0	0	35	0	86	0	0	0	0	0	0	0	374	0	5	0	0	29	0	0	49	0	0	0	0	2	0	62	0	0	0	16	0	0	3	0	0	0	0	0	0	46	0	0	29	0	317	83	0	91	114	0	0	87	0	19	93	0	0	0	30	106	0	0	162	0	0	0	0	0	244	0	0	95	0	214	182	14	0	0	0	0	0	126	0	0	0	0	53	0	0	0	0	0	68	0	81	0	0	0	0	0	0	335	0	86	0	46	0	106	0	15	146	0	0	0	0	0	75	0	0	0	0	0	0	0	10	0	0	82	0	0	43	0	0	0	0	0	9	0	0	0	0	0	0	0	0	0	0	0	0	0	0	0	0	0	0	0	0	0	0	0	0	0	0	0	0	0	0	0	0	0	0	0	0	0	0	0	0	0	0	0	0	0	0	0	0	0	0	0	0	0	0	0	0	0	0	0	0	0	0	0	0	0	0	0	0	0	0	0	0	0	0	0	0	0	0	0	0	0	0	0	0	0	0	138	0	0	0	0	0	0	0	0	0	0	0	0	0	0	0	0	0	0	0	0	0	0	0	0	0	0	0	0	0	0	0	0	0	0	0	0	0	0	0	0	0	0	0	0	0	0	0	0	0	0	0	0	0	0	0	0	0	0	0	0	0	0	0	0	0	0	0	0	0	0	0	0	0	0	0	0	0	0	0	0	0	0	0	0	0	0	0	0	0	0	0	0	0	0	0	0	0	0	0	109	0	0	0	0	0	0	0	0	0	0	0	0	0	0	0	0	0	0	0	0	60	0	0	74	0	0	0	0	0	0	0	0	0	0	0	0	0	0	0	0	0	0	0	0	0	0	0	0	0	0	0	0	0	0	0	0	0	0	0	0	0	0	0	0	0	0	0	0	0	0	0	0	0	0	0	0	0	0	0	0	0	0	0	0	0	0	0	0	0	0	0	0	0	0	0	53	0	0	0	0	0	0	0	0	0	0	0	0	0	0	0	0	0	0	0	0	0	0	0	0	0	0	0	0	0	0	0	0	0	0	0	0	0	0	0	0	0	0	0	0	0	0	0	0	0	0	0	0	0	0	0	0	0	0	0	0	0	0	0	0	0	0	0	0	0	0	0	0	0	0	0	0	0	0	0	0	0	0	0	0	0	0	0	0	0	0	0	0	0	0	0	0	0	0	0	0	0	0	0	0	0	0	0	0	0	0	0	0	0	0	0	0	0	0	0	0	0	0	0	0	0	0	0	0	0	0	0	0	0	0	0	0	0	0	0	0	0	0	0	0	0	0	0	0	0	0	0	0	0	189	0	0	0	0	0	0	0	0	0	0	0	0	0	0	0	0	0	0	0	0	0	0	0	0	0	0	0	0	0	0	0	0	0	0	0	0	0	0	0	0	138	0	0	0	0	0	0	0	0	0	0	0	0	0	0	0	0	0	0	0	0	0	0
18	0	0	0	0	0	0	0	0	0	0	0	0	0	0	0	0	0	0	0	0	0	0	0	0	0	0	0	0	0	0	0	0	0	0	0	0	0	0	0	0	0	0	0	0	0	0	0	0	0	0	0	0	0	0	0	0	0	0	0	0	0	0	0	0	0	0	0	0	0	0	0	0	0	0	0	0	0	0	0	0	0	0	0	0	0	0	0	16	37	0	0	0	0	0	0	0	0	0	0	0	0	0	0	4	2	0	0	0	0	0	0	0	0	0	0	1	0	0	0	0	0	0	0	0	0	0	0	0	0	0	0	0	0	0	0	65	0	0	0	0	0	0	0	0	23	0	0	5	0	0	0	0	7	0	0	6	0	0	0	0	0	0	0	0	0	0	5	0	0	0	0	0	0	0	0	0	0	0	0	0	0	0	2	1	0	0	0	0	79	0	0	0	0	0	0	0	0	0	0	24	0	37	0	0	0	0	8	0	0	0	0	0	0	0	0	0	0	0	0	0	0	0	0	0	0	50	0	0	0	0	0	0	0	0	0	0	0	0	0	0	0	0	0	0	0	0	0	0	0	0	0	0	0	0	0	0	0	164	0	2	57	0	2	0	0	0	51	3	0	0	0	0	0	42	0	0	0	0	11	0	0	14	0	0	4	0	5	54	0	0	0	0	0	0	0	0	0	0	0	0	22	34	0	119	0	0	0	0	0	0	29	0	0	0	0	0	0	196	0	0	18	0	0	48	0	32	0	120	89	0	0	1	104	0	0	2	149	0	0	0	0	6	0	54	76	0	0	0	0	65	0	0	0	106	0	0	0	0	3	0	0	0	32	38	5	210	0	12	0	0	0	0	13	109	1	111	0	0	0	0	1	91	0	11	0	0	24	92	131	0	0	0	9	0	0	0	0	0	6	0	0	0	0	0	0	121	0	49	246	0	111	85	0	0	16	0	56	131	238	3	3	67	335	0	0	97	0	0	0	0	0	87	0	0	14	0	137	101	102	0	26	0	0	0	35	0	1	0	0	158	37	5	0	0	0	231	2	84	6	0	0	8	5	0	57	0	38	0	80	21	30	0	56	76	0	0	0	0	0	35	0	0	0	0	0	0	0	37	0	1	47	0	0	46	11	0	0	0	0	130	0	0	0	0	0	0	0	0	0	0	0	0	0	0	0	0	0	0	0	0	0	0	0	0	0	0	0	0	0	0	0	0	0	0	0	0	0	0	0	0	0	0	0	0	0	0	0	0	0	0	0	0	0	0	0	0	0	0	0	0	0	0	0	0	0	0	0	0	0	0	0	0	0	0	0	0	0	0	0	0	0	0	0	0	0	0	68	0	0	0	0	0	0	0	0	0	0	0	0	0	0	0	0	0	0	0	0	0	0	0	0	0	0	0	0	0	0	0	0	0	0	0	0	0	0	0	0	0	0	0	0	0	0	0	0	0	0	0	0	0	0	0	0	0	0	0	0	0	0	0	0	0	0	0	0	0	0	0	0	0	0	0	0	0	0	0	0	0	0	0	0	0	0	0	0	0	0	0	0	0	0	0	0	0	0	0	275	0	0	0	0	0	0	0	0	0	0	0	0	0	0	0	0	0	0	0	0	177	0	0	46	0	0	0	0	0	0	0	0	0	0	0	0	0	0	0	0	0	0	0	0	0	0	0	0	0	0	0	0	0	0	0	0	0	0	0	0	0	0	0	0	0	0	0	0	0	0	0	0	0	0	0	0	0	0	0	0	0	0	0	0	0	0	0	0	0	0	0	0	0	0	0	34	0	0	0	0	0	0	0	0	0	0	0	0	0	0	0	0	0	0	0	0	0	0	0	0	0	0	0	0	0	0	0	0	0	0	0	0	0	0	0	0	0	0	0	0	0	0	0	0	0	0	0	0	0	0	0	0	0	0	0	0	0	0	0	0	0	0	0	0	0	0	0	0	0	0	0	0	0	0	0	0	0	0	0	0	0	0	0	0	0	0	0	0	0	0	0	0	0	0	0	0	0	0	0	0	0	0	0	0	0	0	0	0	0	0	0	0	0	0	0	0	0	0	0	0	0	0	0	0	0	0	0	0	0	0	0	0	0	0	0	0	0	0	0	0	0	0	0	0	0	0	0	0	0	82	0	0	0	0	0	0	0	0	0	0	0	0	0	0	0	0	0	0	0	0	0	0	0	0	0	0	0	0	0	0	0	0	0	0	0	0	0	0	0	0	157	0	0	0	0	0	0	0	0	0	0	0	0	0	0	0	0	0	0	0	0	0	0
19	0	0	0	0	0	0	0	0	0	0	0	0	0	0	0	0	0	0	0	0	0	0	0	32	0	0	0	0	0	0	0	0	0	0	0	0	0	0	0	0	0	1	0	0	0	0	0	0	0	0	0	0	0	0	0	0	0	0	0	0	0	0	0	0	0	0	0	0	0	0	0	0	0	0	0	0	0	0	0	0	0	0	0	0	0	0	0	0	0	0	0	0	0	0	0	0	0	0	0	0	0	0	0	0	0	0	0	0	0	0	0	0	0	0	0	0	0	0	0	0	0	0	0	0	0	0	0	0	0	0	0	0	0	0	21	0	0	0	0	0	0	0	0	0	0	0	0	0	0	0	0	0	6	0	0	0	0	0	0	0	0	0	0	0	0	0	0	0	0	0	3	0	0	0	0	0	0	0	0	0	0	0	0	48	0	38	0	0	0	0	0	0	0	0	0	0	0	0	0	0	0	0	0	0	0	0	0	0	0	0	0	0	0	0	0	0	0	0	0	0	0	0	0	0	0	0	0	0	0	0	0	0	0	0	0	0	0	0	0	0	0	0	0	1	0	3	0	0	0	0	0	0	0	0	0	0	0	45	0	0	117	0	0	0	0	0	0	0	0	0	0	0	0	229	0	0	0	0	102	0	3	0	0	0	0	0	0	0	5	0	0	0	0	0	0	0	0	0	0	0	0	0	0	8	1	0	24	0	0	0	0	0	0	0	1	0	0	3	0	0	0	0	15	10	0	11	6	115	120	0	0	0	192	0	0	0	65	0	0	0	0	0	0	123	158	0	0	0	0	0	0	0	0	51	0	0	0	0	0	0	0	0	0	129	0	344	0	193	0	0	0	0	2	136	0	6	0	0	5	0	0	19	0	0	0	0	16	0	262	0	0	0	21	0	0	0	0	0	0	0	0	0	0	0	0	104	0	62	116	0	40	150	0	0	2	0	26	116	0	0	0	107	150	0	0	156	0	7	0	0	0	206	0	0	172	0	20	121	51	0	0	0	0	0	38	0	0	0	0	91	0	0	43	0	0	180	0	11	0	5	0	3	17	0	8	0	35	0	0	0	60	26	29	55	0	0	0	0	0	401	0	0	0	3	0	0	35	0	0	0	124	0	0	57	0	0	0	0	0	20	0	0	0	0	0	0	0	0	0	0	0	0	0	0	0	0	0	0	0	0	0	0	0	0	0	0	0	0	0	0	0	0	0	0	0	0	0	0	0	0	0	0	0	0	0	0	0	0	0	0	0	0	0	0	0	0	0	0	0	0	0	0	0	0	0	0	0	0	0	0	0	0	0	0	0	0	0	0	0	0	0	0	0	0	0	0	13	0	0	0	0	0	0	0	0	0	0	0	0	0	0	0	0	0	0	0	0	0	0	0	0	0	0	0	0	0	0	0	0	0	0	0	0	0	0	0	0	0	0	0	0	0	0	0	0	0	0	0	0	0	0	0	0	0	0	0	0	0	0	0	0	0	0	0	0	0	0	0	0	0	0	0	0	0	0	0	0	0	0	0	0	0	0	0	0	0	0	0	0	0	0	0	0	0	0	0	152	0	0	0	0	0	0	0	0	0	0	0	0	0	0	0	0	0	0	0	0	46	0	0	152	0	0	0	0	0	0	0	0	0	0	0	0	0	0	0	0	0	0	0	0	0	0	0	0	0	0	0	0	0	0	0	0	0	0	0	0	0	0	0	0	0	0	0	0	0	0	0	0	0	0	0	0	0	0	0	0	0	0	0	0	0	0	0	0	0	0	0	0	0	0	0	61	0	0	0	0	0	0	0	0	0	0	0	0	0	0	0	0	0	0	0	0	0	0	0	0	0	0	0	0	0	0	0	0	0	0	0	0	0	0	0	0	0	0	0	0	0	0	0	0	0	0	0	0	0	0	0	0	0	0	0	0	0	0	0	0	0	0	0	0	0	0	0	0	0	0	0	0	0	0	0	0	0	0	0	0	0	0	0	0	0	0	0	0	0	0	0	0	0	0	0	0	0	0	0	0	0	0	0	0	0	0	0	0	0	0	0	0	0	0	0	0	0	0	0	0	0	0	0	0	0	0	0	0	0	0	0	0	0	0	0	0	0	0	0	0	0	0	0	0	0	0	0	0	0	37	0	0	0	0	0	0	0	0	0	0	0	0	0	0	0	0	0	0	0	0	0	0	0	0	0	0	0	0	0	0	0	0	0	0	0	0	0	0	0	0	119	0	0	0	0	0	0	0	0	0	0	0	0	0	0	0	0	0	0	0	0	0	0
20	0	0	0	0	0	0	0	0	0	0	0	0	0	0	0	0	0	0	0	0	0	0	0	0	0	0	0	0	0	0	0	0	0	0	0	0	0	0	0	0	0	0	0	0	0	0	0	0	0	0	0	0	0	0	0	0	0	0	0	0	0	0	0	0	0	0	0	0	0	0	0	0	0	0	0	0	0	0	0	0	0	0	0	0	0	0	0	0	0	0	0	0	0	0	0	0	0	0	0	0	0	0	0	3	0	0	0	0	0	0	0	0	0	0	0	0	0	0	0	0	0	0	0	0	0	0	0	0	0	0	0	0	0	0	0	0	0	0	0	0	0	0	0	0	0	0	0	0	0	0	0	0	0	0	0	0	0	0	0	0	0	0	0	0	0	0	0	0	0	0	0	0	0	0	0	0	0	0	0	0	0	0	0	0	0	0	0	0	0	0	0	0	0	0	0	0	0	0	0	0	0	0	0	0	0	0	0	0	0	0	0	0	0	0	0	0	0	0	0	0	0	0	0	0	0	0	0	0	0	0	0	0	0	0	0	0	0	0	0	0	0	0	0	63	0	0	0	0	0	0	0	0	0	0	0	0	0	0	0	0	74	0	0	0	0	0	0	0	0	0	0	0	0	114	0	0	0	0	0	0	0	0	0	0	0	0	0	0	0	0	0	0	0	0	0	0	0	0	0	0	0	0	0	50	0	0	0	0	0	0	0	0	0	0	0	0	0	92	0	0	0	0	0	0	0	51	0	89	34	0	0	0	355	0	0	0	186	0	0	0	0	0	0	65	0	0	0	0	2	0	0	0	0	39	1	0	0	0	0	0	0	0	0	69	0	1	0	0	0	0	0	0	0	25	0	9	0	0	0	0	0	84	0	0	0	0	101	0	43	0	0	0	100	0	0	0	0	0	0	0	0	0	0	0	0	207	0	57	30	0	24	68	0	0	32	0	104	171	65	0	0	119	65	0	0	68	0	0	0	0	0	99	0	0	75	0	45	69	94	0	0	0	0	0	50	0	0	0	0	13	0	0	0	0	0	58	0	2	0	0	0	67	0	0	60	0	129	0	0	0	113	0	115	106	0	0	0	0	0	13	0	0	0	0	0	0	0	0	0	0	82	0	0	66	0	0	0	0	0	0	0	0	0	0	0	0	0	0	0	0	0	0	0	0	0	0	0	0	0	0	0	0	0	0	0	0	0	0	0	0	0	0	0	0	0	0	0	0	0	0	0	0	0	0	0	0	0	0	0	0	0	0	0	0	0	0	0	0	0	0	0	0	0	0	0	0	0	0	0	0	0	0	0	0	0	0	0	0	0	0	0	0	0	0	0	0	24	0	0	0	0	0	0	0	0	0	0	0	0	0	0	0	0	0	0	0	0	0	0	0	0	0	0	0	0	0	0	0	0	0	0	0	0	0	0	0	0	0	0	0	0	0	0	0	0	0	0	0	0	0	0	0	0	0	0	0	0	0	0	0	0	0	0	0	0	0	0	0	0	0	0	0	0	0	0	0	0	0	0	0	0	0	0	0	0	0	0	0	0	0	0	0	0	0	0	0	77	0	0	0	0	0	0	0	0	0	0	0	0	0	0	0	0	0	0	0	0	20	0	0	138	0	0	0	0	0	0	0	0	0	0	0	0	0	0	0	0	0	0	0	0	0	0	0	0	0	0	0	0	0	0	0	0	0	0	0	0	0	0	0	0	0	0	0	0	0	0	0	0	0	0	0	0	0	0	0	0	0	0	0	0	0	0	0	0	0	0	0	0	0	0	0	48	0	0	0	0	0	0	0	0	0	0	0	0	0	0	0	0	0	0	0	0	0	0	0	0	0	0	0	0	0	0	0	0	0	0	0	0	0	0	0	0	0	0	0	0	0	0	0	0	0	0	0	0	0	0	0	0	0	1	0	0	0	0	0	0	0	0	0	0	0	0	0	0	0	0	0	0	0	0	0	0	0	0	0	0	0	0	0	0	0	0	0	0	0	0	0	0	0	0	0	0	0	0	0	0	0	0	0	0	0	0	0	0	0	0	0	0	0	0	0	0	0	0	0	0	0	0	0	0	0	0	0	0	0	0	0	0	0	0	0	0	1	0	0	0	0	0	0	0	0	0	0	0	0	29	0	0	0	0	0	0	0	0	0	0	0	0	0	0	0	0	0	0	0	0	0	0	0	0	0	0	0	0	0	0	0	0	0	0	0	0	0	0	1	0	130	0	0	0	0	0	0	0	0	0	0	0	0	0	0	0	0	0	0	0	0	0	0
21	0	0	0	0	0	0	0	0	0	0	0	0	0	0	0	0	0	0	0	0	0	0	0	0	0	0	0	0	0	0	0	0	0	0	0	0	0	0	0	0	0	0	0	0	0	0	0	0	0	0	0	0	0	0	0	0	0	0	0	0	0	0	0	0	0	0	0	0	0	0	0	0	0	0	0	0	0	0	0	0	0	0	0	0	0	0	0	0	45	0	0	0	0	0	0	0	0	0	0	0	0	0	0	0	0	0	0	0	0	0	0	0	0	0	0	0	0	0	0	0	0	0	0	0	0	0	0	0	0	0	0	0	0	0	0	0	0	0	0	0	0	0	0	0	0	0	0	0	0	0	0	0	0	0	0	0	0	0	0	0	5	0	0	0	0	0	0	0	0	0	0	0	0	0	0	0	0	0	0	0	0	0	0	0	0	0	0	0	0	0	0	0	0	0	0	0	0	0	0	0	0	0	0	0	0	0	74	0	0	0	0	0	0	0	5	0	0	0	0	125	0	0	0	0	0	0	0	0	0	0	0	0	0	0	0	0	0	0	6	0	0	0	8	0	0	0	0	1	0	0	0	0	0	0	0	0	0	0	0	3	138	0	1	0	0	0	0	0	0	0	0	4	0	126	0	0	0	0	3	9	0	1	0	0	0	0	0	0	0	0	0	0	0	0	0	0	0	0	0	0	0	0	0	7	41	0	0	0	27	0	0	0	0	0	79	0	0	14	0	0	0	0	0	122	0	64	19	34	6	0	0	0	194	0	0	0	260	0	0	0	0	0	0	68	44	3	0	0	0	0	0	0	0	201	0	0	44	0	0	0	0	0	42	128	15	104	0	0	0	0	0	0	0	42	0	19	0	0	0	0	0	160	0	0	0	0	115	0	27	0	0	0	109	1	0	0	0	0	0	0	0	0	0	0	54	39	0	103	203	0	335	82	0	0	23	0	284	138	0	0	0	122	140	0	0	138	0	4	0	0	0	5	0	0	97	0	139	3	9	0	2	0	0	0	96	0	0	0	0	50	0	0	0	0	0	93	0	29	0	16	0	0	7	0	4	0	153	0	10	0	57	0	252	38	0	0	0	0	0	43	0	0	0	29	0	0	0	0	0	11	159	0	0	150	52	0	0	0	0	109	0	0	0	0	0	0	0	0	0	0	0	0	0	0	0	0	0	0	0	0	0	0	0	0	0	0	0	0	0	0	0	0	0	0	0	0	0	0	0	0	0	0	0	0	0	0	0	0	0	0	0	0	0	0	0	0	0	0	0	0	0	0	0	0	0	0	0	0	0	0	0	0	0	0	0	0	0	0	0	0	0	0	0	0	0	0	13	0	0	0	0	0	0	0	0	0	0	0	0	0	0	0	0	0	0	0	0	0	0	0	0	0	0	0	0	0	0	0	0	0	0	0	0	0	0	0	0	0	0	0	0	0	0	0	0	0	0	0	0	0	0	0	0	0	0	0	0	0	0	0	0	0	0	0	0	0	0	0	0	0	0	0	0	0	0	0	0	0	0	0	0	0	0	0	0	0	0	0	0	0	0	0	0	0	0	0	296	0	0	0	0	0	0	0	0	0	0	0	0	0	0	0	0	0	0	0	0	22	0	0	135	0	0	0	0	0	0	0	0	0	0	0	0	0	0	0	0	0	0	0	0	0	0	0	0	0	0	0	0	0	0	0	0	0	0	0	0	0	0	0	0	0	0	0	0	0	0	0	0	0	0	0	0	0	0	0	0	0	0	0	0	0	0	0	0	0	0	0	0	0	0	0	45	0	0	0	0	0	0	0	0	0	0	0	0	0	0	0	0	0	0	0	0	0	0	0	0	0	0	0	0	0	0	0	0	0	0	0	0	0	0	0	0	0	0	0	0	0	0	0	0	0	0	0	0	0	0	0	0	0	0	0	0	0	0	0	0	0	0	0	0	0	0	0	0	0	0	0	0	0	0	0	0	0	0	0	0	0	0	0	0	0	0	0	0	0	0	0	0	0	0	0	0	0	0	0	0	0	0	0	0	0	0	0	0	0	0	0	0	0	0	0	0	0	0	0	0	0	0	0	0	0	0	0	0	0	0	0	0	0	0	0	0	0	0	0	0	0	0	0	0	0	0	0	0	0	69	0	0	0	0	0	0	0	0	0	0	0	0	0	0	0	0	0	0	0	0	0	0	0	0	0	0	0	0	0	0	0	0	0	0	0	0	0	0	0	0	36	0	0	0	0	0	0	0	0	0	0	0	0	0	0	0	0	0	0	0	0	0	0
22	0	0	0	0	0	0	0	0	0	0	0	0	0	0	0	0	0	0	0	0	0	0	0	0	0	0	0	0	0	0	0	0	0	0	0	0	0	0	0	0	0	0	0	0	0	0	0	0	0	0	0	0	0	0	0	0	0	0	0	0	0	0	0	0	0	0	0	0	0	0	0	0	0	0	0	0	0	0	0	0	0	0	0	0	0	0	0	0	0	0	0	0	0	0	0	0	0	0	0	0	0	0	0	0	0	0	0	0	0	0	0	0	0	0	0	0	0	0	0	0	0	0	0	0	0	0	0	0	0	0	0	0	0	0	34	0	2	0	0	0	0	0	0	0	60	0	0	0	0	0	0	0	0	0	0	0	0	0	0	0	0	0	4	0	0	0	0	1	0	0	0	0	0	0	0	0	0	0	0	0	0	0	0	0	0	26	0	0	0	0	0	0	0	0	0	0	0	0	0	0	0	0	0	0	0	0	0	0	0	0	0	0	0	0	0	0	0	0	0	0	0	0	2	0	0	0	0	0	0	0	0	0	0	0	8	0	0	0	0	0	0	0	3	0	0	0	0	0	0	0	0	0	0	0	0	0	0	39	0	0	158	0	0	0	0	0	0	0	0	0	0	0	0	59	0	0	0	0	5	0	0	0	0	0	0	0	0	0	0	0	0	0	0	0	0	0	0	0	0	0	1	0	0	98	0	0	0	0	0	0	0	0	0	0	0	0	0	82	0	0	0	67	0	62	0	19	63	113	56	0	0	0	3	0	0	0	81	0	0	0	0	0	0	1	50	0	0	0	0	190	0	2	0	281	0	0	67	0	0	0	0	0	63	28	0	122	0	44	0	0	0	0	0	285	0	4	0	0	0	0	0	221	0	0	0	0	96	0	69	0	0	0	244	0	0	0	0	0	0	0	0	0	0	0	0	37	0	55	37	0	207	57	0	0	26	0	76	75	107	0	0	25	98	0	0	188	0	0	0	0	0	28	0	0	39	0	33	116	111	0	3	0	0	0	1	0	0	0	0	174	0	0	0	0	0	106	0	119	0	0	0	0	0	0	42	0	10	0	0	10	290	0	123	9	0	0	0	0	0	181	0	0	0	0	0	0	37	0	0	0	64	0	0	182	31	0	0	0	0	34	0	0	0	0	0	0	0	0	0	0	0	0	0	0	0	0	0	0	0	0	0	0	0	0	0	0	0	0	0	0	0	0	0	0	0	0	0	0	0	0	0	0	0	0	0	0	0	0	0	0	0	0	0	0	0	0	0	0	0	0	0	0	0	0	0	0	0	0	0	0	0	0	0	0	0	0	0	0	0	0	0	0	0	0	0	0	70	0	0	0	0	0	0	0	0	0	0	0	0	0	0	0	0	0	0	0	0	0	0	0	0	0	0	0	0	0	0	0	0	0	0	0	0	0	0	0	0	0	0	0	0	0	0	0	0	0	0	0	0	0	0	0	0	0	0	0	0	0	0	0	0	0	0	0	0	0	0	0	0	0	0	0	0	0	0	0	0	0	0	0	0	0	0	0	0	0	0	0	0	0	0	0	0	0	0	0	37	0	0	0	0	0	0	0	0	0	0	0	0	0	0	0	0	0	0	0	0	28	0	0	64	0	0	0	0	0	0	0	0	0	0	0	0	0	0	0	0	0	0	0	0	0	0	0	0	0	0	0	0	0	0	0	0	0	0	0	0	0	0	0	0	0	0	0	0	0	0	0	0	0	0	0	0	0	0	0	0	0	0	0	0	0	0	0	0	0	0	0	0	0	0	0	259	0	0	0	0	0	0	0	0	0	0	0	0	0	0	0	0	0	0	0	0	0	0	0	0	0	0	0	0	0	0	0	0	0	0	0	0	0	0	0	0	0	0	0	0	0	0	0	0	0	0	0	0	0	0	0	0	0	0	0	0	0	0	0	0	0	0	0	0	0	0	0	0	0	0	0	0	0	0	0	0	0	0	0	0	0	0	0	0	0	0	0	0	0	0	0	0	0	0	0	0	0	0	0	0	0	0	0	0	0	0	0	0	0	0	0	0	0	0	0	0	0	0	0	0	0	0	0	0	0	0	0	0	0	0	0	0	0	0	0	0	0	0	0	0	0	0	0	0	0	0	0	0	0	367	0	0	0	0	0	0	0	0	0	0	0	0	0	0	0	0	0	0	0	0	0	0	0	0	0	0	0	0	0	0	0	0	0	0	0	0	0	0	0	0	180	0	0	0	0	0	0	0	0	0	0	0	0	0	0	0	0	0	0	0	0	0	0
23	0	0	0	0	0	0	0	0	0	0	0	0	0	0	0	0	0	0	0	0	0	0	0	0	0	0	0	0	0	0	0	0	0	0	0	0	0	0	0	0	0	0	0	0	0	0	0	0	0	0	0	0	0	0	0	0	0	0	0	0	0	0	0	0	0	0	0	0	0	0	0	0	0	0	0	15	0	0	0	0	0	0	0	0	0	0	0	0	0	0	0	0	0	0	0	0	0	0	0	0	0	0	0	0	0	0	0	5	0	0	0	0	0	0	0	0	0	19	0	0	0	0	0	0	0	0	0	0	0	0	0	0	0	0	0	0	0	0	0	0	0	0	0	0	0	0	0	0	0	0	0	0	0	0	0	0	0	0	0	0	0	0	0	0	0	0	0	0	0	0	0	0	0	0	0	0	0	2	0	0	0	0	0	8	0	0	0	0	0	0	0	0	0	0	0	0	0	0	0	0	0	0	0	0	0	0	0	0	0	0	0	0	0	0	0	0	0	0	0	0	0	0	0	0	0	11	0	0	0	0	0	0	0	0	0	0	0	0	23	0	0	0	0	0	0	0	0	0	0	0	0	0	0	0	0	0	0	0	0	0	76	0	0	0	0	0	0	0	0	0	0	0	0	191	0	0	0	0	232	0	0	0	0	0	0	0	0	0	0	0	0	0	0	0	0	0	0	0	0	0	2	0	0	125	0	0	0	0	0	0	0	0	0	0	0	0	0	245	0	0	0	0	0	39	0	74	0	64	34	0	0	0	236	0	0	0	80	0	0	0	0	0	0	10	100	1	0	0	0	0	0	0	0	231	0	0	0	0	0	0	0	0	0	55	0	69	0	37	0	0	0	0	14	136	0	16	0	0	0	0	0	74	0	0	0	0	94	0	285	0	0	19	24	0	0	0	0	4	6	0	0	0	0	0	0	110	0	25	154	0	60	171	0	0	9	0	148	32	120	0	0	85	46	0	0	29	0	0	0	0	0	96	0	0	49	0	105	236	4	0	0	0	0	0	45	0	0	0	0	34	0	48	0	0	0	104	0	134	3	3	0	4	0	0	157	0	66	0	0	0	179	0	411	100	0	0	0	0	0	96	0	0	0	0	0	0	4	0	0	11	107	14	0	158	0	0	0	0	0	0	0	0	0	0	0	0	0	0	0	0	0	0	0	0	0	0	0	0	0	0	0	0	0	0	0	0	0	0	0	0	0	0	0	0	0	0	0	0	0	0	0	0	0	0	0	0	0	0	0	0	0	0	0	0	0	0	0	0	0	0	0	0	0	0	0	0	0	0	0	0	0	0	0	0	0	0	0	0	0	0	0	0	0	0	0	0	75	0	0	0	0	0	0	0	0	0	0	0	0	0	0	0	0	0	0	0	0	0	0	0	0	0	0	0	0	0	0	0	0	0	0	0	0	0	0	0	0	0	0	0	0	0	0	0	0	0	0	0	0	0	0	0	0	0	0	0	0	0	0	0	0	0	0	0	0	0	0	0	0	0	0	0	0	0	0	0	0	0	0	0	0	0	0	0	0	0	0	0	0	0	0	0	0	0	0	0	57	0	0	0	0	0	0	0	0	0	0	0	0	0	0	0	0	0	0	0	0	110	0	0	87	0	0	0	0	0	0	0	0	0	0	0	0	0	0	0	0	0	0	0	0	0	0	0	0	0	0	0	0	0	0	0	0	0	0	0	0	0	0	0	0	0	0	0	0	0	0	0	0	0	0	0	0	0	0	0	0	0	0	0	0	0	0	0	0	0	0	0	0	0	0	0	6	0	0	0	0	0	0	0	0	0	0	0	0	0	0	0	0	0	0	0	0	0	0	0	0	0	0	0	0	0	0	0	0	0	0	0	0	0	0	0	0	0	0	0	0	0	0	0	0	0	0	0	0	0	0	0	0	0	0	0	0	0	0	0	0	0	0	0	0	0	0	0	0	0	0	0	0	0	0	0	0	0	0	0	0	0	0	0	0	0	0	0	0	0	0	0	0	0	0	0	0	0	0	0	0	0	0	0	0	0	0	0	0	0	0	0	0	0	0	0	0	0	0	0	0	0	0	0	0	0	0	0	0	0	0	0	0	0	0	0	0	0	0	0	0	0	0	0	0	0	0	0	0	0	48	0	0	0	0	0	0	0	0	0	0	0	0	0	0	0	0	0	0	0	0	0	0	0	0	0	0	0	0	0	0	0	0	0	0	0	0	0	0	0	0	280	0	0	0	0	0	0	0	0	0	0	0	0	0	0	0	0	0	0	0	0	0	0
24	0	0	0	0	0	0	0	0	0	0	0	0	0	0	0	0	0	0	0	0	0	0	0	0	0	0	0	0	0	0	0	0	0	0	0	0	0	0	0	0	0	0	0	0	0	0	0	0	0	0	0	0	0	0	0	0	0	0	0	0	0	0	0	0	0	0	0	0	0	0	0	0	0	0	0	0	0	0	0	0	0	0	0	0	0	0	0	0	0	0	0	0	0	0	0	0	0	0	0	0	0	0	0	18	0	0	0	0	0	0	0	0	0	0	0	0	0	0	0	0	3	0	0	0	0	0	0	0	0	0	0	0	0	0	0	0	0	0	0	11	0	0	11	0	0	0	0	0	0	0	0	0	20	0	0	0	0	0	14	0	0	0	8	0	0	0	0	0	0	0	0	0	0	0	0	0	23	0	0	0	0	0	0	0	0	18	0	0	0	0	0	0	0	0	0	0	0	0	0	0	34	0	0	0	0	0	26	0	0	0	11	0	0	0	0	2	0	0	0	0	0	0	0	0	0	0	0	0	0	0	0	0	0	32	0	0	0	0	0	0	0	22	2	0	0	0	0	0	0	0	0	0	0	0	0	0	0	24	0	90	100	0	0	0	30	0	0	0	0	0	0	0	0	75	1	0	0	0	84	12	7	25	0	0	0	0	0	1	0	13	0	0	0	0	0	0	85	0	0	0	21	3	0	100	0	0	0	0	0	0	71	0	0	0	0	0	2	71	15	0	0	2	0	70	0	27	23	45	248	0	0	3	16	0	49	0	54	0	0	0	0	57	0	159	15	0	0	0	0	11	0	0	0	70	0	0	3	0	0	0	0	0	46	274	35	25	0	121	0	0	0	0	162	193	0	101	0	0	0	0	0	126	0	0	7	0	77	0	189	0	0	0	130	0	12	0	0	27	0	3	6	0	0	63	0	106	0	209	40	0	44	110	0	0	18	0	73	183	161	0	0	97	9	0	0	43	0	0	0	1	0	119	0	9	29	0	71	27	185	0	2	0	0	0	39	20	0	0	0	240	0	0	0	0	0	69	18	125	0	0	0	22	32	0	43	19	72	0	64	17	77	0	202	85	0	0	0	0	0	55	0	0	0	0	0	0	16	10	0	51	90	9	0	105	26	0	0	2	0	53	0	0	0	0	0	0	0	0	0	0	0	0	0	0	0	0	0	0	0	0	0	0	0	0	0	0	0	0	0	0	0	0	0	0	0	0	0	0	0	0	0	0	0	0	0	0	0	0	0	0	0	0	0	0	0	0	0	0	0	0	0	0	0	0	0	0	0	0	0	0	0	0	0	0	0	0	0	0	0	0	0	0	0	0	0	0	35	0	0	0	0	0	0	0	0	0	0	0	0	0	0	0	0	0	0	0	0	0	0	0	0	0	0	0	0	0	0	0	0	0	0	0	0	0	0	0	0	0	0	0	0	0	0	0	0	0	0	0	0	0	0	0	0	0	0	0	0	0	0	0	0	0	0	0	0	0	0	0	0	0	0	0	0	0	0	0	0	0	0	0	0	0	0	0	0	0	0	0	0	0	0	0	0	0	0	0	132	0	0	0	0	0	0	0	0	0	0	0	0	0	0	0	0	0	0	0	0	77	0	0	123	0	0	0	0	0	0	0	0	0	0	0	0	0	0	0	0	0	0	0	0	0	0	0	0	0	0	0	0	0	0	0	0	0	0	0	0	0	0	0	0	0	0	0	0	0	0	0	0	0	0	0	0	0	0	0	0	0	0	0	0	0	0	0	0	0	0	0	0	0	0	0	22	0	0	0	0	0	0	0	0	0	0	0	0	0	0	0	0	0	0	0	0	0	0	0	0	0	0	0	0	0	0	0	0	0	0	0	0	0	0	0	0	0	0	0	0	0	0	0	0	0	0	0	0	0	0	0	0	0	0	0	0	0	0	0	0	0	0	0	0	0	0	0	0	0	0	0	0	0	0	0	0	0	0	0	0	0	0	0	0	0	0	0	0	0	0	0	0	0	0	0	0	0	0	0	0	0	0	0	0	0	0	0	0	0	0	0	0	0	0	0	0	0	0	0	0	0	0	0	0	0	0	0	0	0	0	0	0	0	0	0	0	0	0	0	0	0	0	0	0	0	0	0	0	0	25	0	0	0	0	0	0	0	0	0	0	0	0	0	0	0	0	0	0	0	0	0	0	0	0	0	0	0	0	0	0	0	0	0	0	0	0	0	0	0	0	24	0	0	0	0	0	0	0	0	0	0	0	0	0	0	0	0	0	0	0	0	0	0
25	0	0	0	0	0	0	0	0	0	0	0	0	0	0	0	0	0	0	0	0	0	0	0	9	0	0	0	0	0	0	0	0	0	0	0	0	0	0	0	0	0	0	0	0	0	0	0	0	0	0	0	0	0	0	0	0	0	0	0	0	0	0	0	0	0	0	0	0	0	0	0	0	0	0	0	0	0	0	0	0	0	0	0	0	0	0	0	0	0	0	0	0	0	0	0	0	0	0	0	0	0	0	0	0	0	0	0	0	0	0	0	0	0	0	0	0	0	0	0	0	0	0	0	0	0	0	0	0	0	0	0	0	0	0	0	0	0	0	0	0	0	0	0	0	0	0	0	0	0	0	0	0	0	0	0	0	0	0	0	0	0	8	0	0	0	0	0	0	0	0	0	0	0	0	0	0	0	0	0	0	0	0	0	0	0	0	0	0	0	0	0	0	0	0	0	0	0	0	0	0	0	11	0	0	0	0	0	0	0	0	0	0	0	0	0	0	0	0	0	0	0	0	0	0	0	0	0	0	0	0	0	0	0	0	0	0	0	0	0	0	0	0	0	0	0	0	0	0	0	0	0	0	0	0	0	0	0	17	0	0	100	0	0	0	0	30	0	0	0	0	0	0	0	179	0	0	9	0	72	0	0	2	0	0	0	0	0	0	0	0	0	0	0	0	0	0	0	0	0	0	3	0	0	25	0	0	0	0	0	0	0	0	0	0	0	0	0	122	0	5	0	0	0	196	0	117	0	52	32	27	0	0	171	0	0	0	36	0	0	0	0	0	0	24	76	0	0	0	0	1	0	0	0	66	1	0	0	0	0	0	0	0	33	71	0	48	0	43	0	0	0	0	3	196	0	27	0	0	0	0	7	91	0	0	0	5	140	0	64	7	0	0	49	0	0	0	0	0	0	0	0	0	0	0	0	70	0	102	61	0	106	87	0	0	149	1	35	14	38	0	0	49	126	0	0	126	0	0	0	0	0	84	0	0	126	0	38	143	87	0	0	0	0	0	34	0	0	0	0	25	0	0	0	0	0	196	5	154	5	0	0	5	0	0	36	0	202	0	0	0	162	0	92	42	0	0	0	0	0	91	0	0	0	0	0	0	5	7	0	11	98	0	0	28	0	0	0	0	0	30	0	0	0	0	0	0	0	0	0	0	0	0	0	0	0	0	0	0	0	0	0	0	0	0	0	0	0	0	0	0	0	0	0	0	0	0	0	0	0	0	0	0	0	0	0	0	0	0	0	0	0	0	0	0	0	0	0	0	0	0	0	0	0	0	0	0	0	0	0	0	0	0	0	0	0	0	0	0	0	0	0	0	0	0	0	0	249	0	0	0	0	0	0	0	0	0	0	0	0	0	0	0	0	0	0	0	0	0	0	0	0	0	0	0	0	0	0	0	0	0	0	0	0	0	0	0	0	0	0	0	0	0	0	0	0	0	0	0	0	0	0	0	0	0	0	0	0	0	0	0	0	0	0	0	0	0	0	0	0	0	0	0	0	0	0	0	0	0	0	0	0	0	0	0	0	0	0	0	0	0	0	0	0	0	0	0	51	0	0	0	0	0	0	0	0	0	0	0	0	0	0	0	0	0	0	0	0	152	0	0	21	0	0	0	0	0	0	0	0	0	0	0	0	0	0	0	0	0	0	0	0	0	0	0	0	0	0	0	0	0	0	0	0	0	0	0	0	0	0	0	0	0	0	0	0	0	0	0	0	0	0	0	0	0	0	0	0	0	0	0	0	0	0	0	0	0	0	0	0	0	0	0	31	0	0	0	0	0	0	0	0	0	0	0	0	0	0	0	0	0	0	0	0	0	0	0	0	0	0	0	0	0	0	0	0	0	0	0	0	0	0	0	0	0	0	0	0	0	0	0	0	0	0	0	0	0	0	0	0	0	0	0	0	0	0	0	0	0	0	0	0	0	0	0	0	0	0	0	0	0	0	0	0	0	0	0	0	0	0	0	0	0	0	0	0	0	0	0	0	0	0	0	0	0	0	0	0	0	0	0	0	0	0	0	0	0	0	0	0	0	0	0	0	0	0	0	0	0	0	0	0	0	0	0	0	0	0	0	0	0	0	0	0	0	0	0	0	0	0	0	0	0	0	0	0	0	40	0	0	0	0	0	0	0	0	0	0	0	0	0	0	0	0	0	0	0	0	0	0	1	0	0	0	0	0	0	0	0	0	0	0	0	0	0	0	0	0	128	0	0	0	0	0	0	0	0	0	0	0	0	0	0	0	0	0	0	0	0	0	0
26	0	0	0	0	0	0	0	0	0	0	0	0	0	0	0	0	0	0	0	0	0	0	0	0	0	0	0	0	0	0	0	0	0	0	0	0	0	0	0	0	0	0	0	0	0	0	0	0	0	0	0	0	0	0	0	0	0	0	0	0	0	0	0	0	0	0	0	0	0	0	0	0	0	0	0	0	0	0	0	0	0	0	0	0	0	0	0	0	0	0	0	0	0	0	0	0	0	0	0	0	0	0	0	0	0	0	0	0	0	0	0	0	0	0	0	0	0	0	0	0	0	0	0	0	0	0	0	0	0	0	0	0	0	0	0	0	0	0	0	0	0	0	0	0	0	0	0	0	0	0	1	0	0	0	0	0	0	0	0	0	0	0	0	0	0	0	0	0	0	0	0	0	0	0	0	0	0	0	0	0	0	0	0	0	0	0	0	0	0	0	0	0	0	0	0	0	0	0	0	0	0	0	0	0	0	0	0	0	0	0	0	0	0	0	0	0	0	0	0	0	0	0	0	0	0	0	0	0	0	0	0	0	0	0	0	0	0	0	0	0	0	0	0	0	0	0	0	0	0	0	0	0	0	0	0	0	0	0	0	0	0	0	0	0	0	0	0	51	0	0	0	0	0	0	0	0	0	0	0	0	0	0	0	0	0	0	0	0	0	0	0	0	0	0	0	0	0	0	0	0	0	0	0	0	0	0	0	0	0	0	0	0	0	0	0	0	0	20	0	0	0	0	0	0	0	0	0	0	0	0	0	0	3	0	0	0	0	0	0	0	0	0	0	0	0	0	0	0	0	0	0	0	0	0	0	0	0	0	0	0	0	0	0	0	0	0	0	0	0	0	0	0	0	0	0	0	0	0	0	0	0	0	0	0	0	0	0	0	0	0	0	7	0	0	0	0	0	0	0	0	0	0	0	0	0	0	0	0	0	0	0	0	0	0	0	0	0	0	0	0	0	0	0	0	0	0	0	0	0	0	0	0	0	0	0	0	0	0	0	0	0	0	0	0	0	0	0	0	0	0	0	0	0	0	0	0	0	0	0	0	0	0	0	0	0	0	12	0	0	0	0	0	0	0	0	0	0	0	0	0	0	0	0	0	0	0	0	0	0	0	0	0	0	0	0	0	0	0	0	0	91	37	104	118	109	54	147	17	244	93	26	96	97	175	209	139	292	173	134	265	325	50	64	180	56	163	75	84	123	76	143	110	64	210	31	43	154	59	103	194	17	81	177	188	195	291	39	148	25	32	20	134	91	43	70	161	73	91	197	89	217	41	40	305	40	199	118	53	2	122	38	160	42	202	215	228	42	287	64	68	133	21	44	48	276	18	86	135	58	199	71	99	50	21	2	229	102	139	38	260	94	87	41	121	199	134	41	198	97	53	80	86	106	70	118	129	53	143	22	61	110	20	130	12	112	49	112	105	98	280	170	52	114	21	248	83	56	115	137	129	77	49	52	79	90	54	94	322	336	38	98	89	80	116	32	179	28	97	83	7	43	51	279	64	235	64	176	60	94	176	16	107	249	49	157	240	101	244	75	41	114	96	119	51	66	34	70	58	45	91	63	205	14	65	47	92	105	59	209	49	27	104	82	53	52	105	242	46	69	33	31	229	77	119	177	45	101	224	65	177	112	75	80	51	57	75	123	117	65	30	74	27	95	224	41	257	58	72	150	205	77	124	56	206	72	53	69	9	146	30	9	127	129	119	39	15	66	47	36	82	30	53	247	45	56	113	175	164	19	13	330	340	50	100	63	23	31	72	112	44	9	71	135	20	69	74	135	44	31	46	38	99	172	179	218	47	28	281	35	97	48	11	11	182	186	13	50	162	100	346	153	69	49	72	77	51	194	83	158	5	67	64	72	100	27	175	126	68	91	91	98	82	145	72	19	63	75	51	78	69	70	134	85	75	4	13	42	230	114	40	37	69	13	66	56	60	343	97	15	110	145	307	143	16	59	229	13	62	44	39	80	59	76	101	38	147	132	81	179	137	74	53	149	114	101	127	24	136	148	123	48	83	230	291	43	34	213	12	11	229	67	240	108	469	120	111	66	84	92	57	4	100	247	35	14	68	243	50	36	52	92	102	38	93	27	29	21	156	37	111	45	58	260	209	230	89	160	62	148	195	204	27	86	247	93	180	65	94	82	58	84	43	52	26	54	95	63	79	188	26	115	126	150	19	50	23	442	133	105	64	53	47	344	336	7	142	50	69	34	39	50	167	100	37	238	79	33	228	98	164	93	92	149	167	23	152	182	191	68	206
27	0	0	0	0	0	0	0	0	0	0	0	0	0	0	0	0	0	0	0	0	0	0	0	0	0	0	0	0	0	0	0	0	0	0	0	0	0	0	0	0	0	0	0	0	0	0	0	0	0	0	0	0	0	0	0	0	0	0	0	0	0	0	0	0	0	0	0	0	0	0	0	0	0	0	0	0	0	0	0	0	0	0	0	0	0	0	0	0	0	0	0	0	0	0	0	0	0	0	0	0	0	0	0	0	0	0	0	0	0	0	0	0	0	0	0	0	0	0	0	0	0	0	0	0	0	0	0	0	0	0	0	0	0	0	0	0	0	0	0	0	0	0	0	0	0	0	0	0	0	0	0	0	0	0	0	0	0	0	0	0	0	0	0	0	0	0	0	0	0	0	0	0	0	0	0	0	0	0	0	0	0	0	0	0	0	0	0	0	0	0	0	0	0	0	0	0	0	0	0	0	0	0	0	0	0	0	0	0	0	0	0	0	0	0	0	0	0	0	0	0	0	0	0	0	0	0	0	0	0	0	0	0	0	0	0	0	0	0	0	0	0	0	0	0	0	0	0	0	0	0	0	0	0	0	0	0	0	0	0	0	0	0	0	0	0	0	0	0	0	0	0	0	0	0	0	0	0	0	0	0	0	0	0	0	0	0	0	0	0	0	0	0	0	0	0	0	0	0	0	0	0	0	0	0	0	0	0	0	0	0	0	0	0	0	0	0	0	0	0	0	0	0	0	0	0	0	0	0	0	0	0	0	0	0	0	0	0	0	0	0	0	0	0	0	0	0	0	0	0	0	0	0	0	0	0	0	0	0	0	0	0	0	0	0	0	0	0	0	0	0	0	0	0	0	0	0	0	0	0	0	0	0	0	0	0	0	0	0	0	0	0	0	0	0	0	0	0	0	0	0	0	0	0	0	0	0	0	0	0	0	0	0	0	0	0	0	0	0	0	0	0	0	0	0	0	24	0	0	0	0	0	0	0	0	0	0	0	0	0	0	0	0	0	0	0	0	0	0	0	0	0	0	0	0	0	0	0	0	0	0	0	0	0	0	0	0	0	0	0	0	0	0	0	0	0	0	0	0	0	0	0	0	0	0	0	0	0	0	0	0	0	0	0	0	0	0	0	0	0	0	117	90	95	95	64	1	67	197	176	27	31	235	46	143	140	114	253	96	133	154	87	94	101	142	74	68	91	143	190	63	62	31	118	74	136	142	173	81	48	38	76	97	25	62	188	23	39	92	100	210	21	50	55	37	59	121	5	129	54	53	178	116	218	181	31	78	45	31	203	37	422	146	48	242	21	47	209	63	79	43	154	55	139	109	133	68	85	160	14	153	15	100	2	35	22	159	43	251	46	92	162	34	115	38	41	77	77	71	116	275	47	135	46	50	128	48	27	63	55	22	45	38	30	143	52	148	101	68	30	167	176	50	40	114	9	18	190	130	44	56	39	117	190	158	69	63	20	22	49	22	100	140	24	25	196	21	24	81	103	165	116	38	61	9	58	28	67	37	111	84	35	48	59	20	51	21	66	117	73	84	68	82	10	184	114	84	55	323	150	115	26	50	53	89	221	13	116	135	60	51	71	34	106	88	137	127	67	222	49	194	79	44	64	78	135	134	125	14	46	3	5	24	107	78	65	29	94	46	75	32	41	100	78	173	66	91	26	52	131	106	41	95	104	147	154	27	151	99	55	70	26	182	29	83	97	211	225	138	149	86	204	70	75	51	27	70	65	101	9	57	50	39	42	184	26	154	37	24	103	14	42	172	55	149	227	41	167	88	132	68	122	10	34	179	52	62	148	88	52	30	34	45	42	47	56	74	82	23	107	231	85	64	22	61	89	10	222	106	188	148	228	54	70	50	95	416	57	80	61	190	49	202	40	59	347	104	13	84	54	178	24	102	220	307	251	68	120	88	66	57	155	59	57	80	281	100	103	6	29	235	129	163	218	21	110	22	39	176	76	124	47	67	34	7	56	62	59	54	140	157	283	171	64	183	140	49	110	92	47	80	65	179	158	127	57	77	52	91	28	206	217	73	58	45	114	135	135	110	259	85	51	45	66	101	93	65	152	24	80	28	34	105	78	102	165	76	19	109	4	143	25	31	132	183	90	141	205	150	266	54	179	69	14	168	32	90	50	35	96	79	57	367	68	98	28	77	134	62	36	64	80	42	4	131	22	30	21	191	32	98	98	392	27	214	33	50	166	134	102	49	55	78	11	42	59	28	38	107	89	132	69	51	64	67	41	59	65	62	111	100
28	0	0	0	0	0	0	0	0	0	0	0	0	0	0	0	0	0	0	0	0	0	0	0	0	0	0	0	0	0	0	0	0	0	0	0	0	0	0	0	0	0	0	0	0	0	0	0	0	0	0	0	0	0	0	0	0	0	0	0	0	0	0	0	0	0	0	0	0	0	0	0	0	0	0	0	0	0	0	0	0	0	0	0	0	0	0	0	0	0	0	0	0	0	0	0	0	0	0	0	0	0	9	0	0	0	0	0	0	0	0	0	0	0	0	0	0	0	0	8	0	0	0	0	0	0	0	0	0	34	0	0	0	0	0	0	0	0	0	0	0	0	0	0	0	0	0	0	0	0	0	0	0	0	0	0	0	0	0	0	0	0	0	0	0	0	0	0	0	0	0	0	0	0	0	0	0	0	0	0	0	0	0	0	0	0	0	0	0	0	0	0	0	0	0	0	0	0	0	0	0	0	0	0	0	0	0	0	0	0	0	0	0	0	0	0	0	0	0	0	0	0	0	0	0	0	0	0	0	0	0	0	0	0	0	0	0	0	0	0	0	0	0	0	0	0	0	0	0	0	0	0	0	1	0	0	0	0	0	0	0	0	0	0	0	0	0	0	0	0	0	0	0	0	0	0	0	0	0	0	0	0	0	0	0	0	0	0	0	0	0	0	0	0	0	0	0	0	0	0	0	0	0	0	0	0	0	0	0	0	0	0	0	0	0	0	0	0	0	0	0	0	0	0	0	0	0	0	0	0	0	0	0	0	0	0	0	0	0	0	0	0	0	0	0	0	0	0	0	0	0	0	0	0	0	0	0	0	0	0	0	0	0	0	0	0	0	0	0	0	0	1	0	0	0	0	0	0	0	0	0	0	0	0	0	0	0	0	0	0	0	0	0	0	0	0	0	0	0	0	0	0	0	0	0	0	0	0	0	0	0	0	0	0	0	0	0	0	0	0	0	0	0	0	0	0	0	0	0	0	0	0	0	0	0	0	0	0	0	0	0	0	0	0	0	0	0	0	0	0	0	0	0	0	0	0	0	0	0	0	0	0	0	0	0	0	0	0	0	0	0	0	0	0	0	0	0	0	0	0	0	0	0	0	0	0	0	0	0	0	0	0	0	0	0	0	0	0	0	0	0	86	148	105	72	100	83	97	69	100	95	53	34	220	140	9	181	22	185	47	217	73	43	46	11	283	108	72	58	273	177	161	143	212	84	260	48	58	3	94	101	117	9	86	69	85	46	169	171	110	129	31	110	148	142	119	328	68	104	180	186	123	67	21	89	93	51	79	136	163	143	159	51	160	84	65	123	56	133	152	112	9	71	89	80	64	34	0	96	113	150	114	183	170	145	23	198	207	148	42	107	415	91	54	72	20	148	20	82	30	85	182	69	115	74	38	29	219	109	62	66	62	219	119	59	71	38	65	79	253	34	49	137	32	242	10	123	23	80	111	73	125	53	35	64	111	62	125	178	34	31	68	150	122	46	44	94	150	56	41	14	102	58	91	47	93	113	35	83	63	69	48	390	16	111	224	75	192	78	109	37	119	140	34	108	46	92	0	96	92	175	44	199	53	92	238	4	52	58	48	83	115	204	55	44	170	47	15	33	150	55	0	105	280	61	37	194	69	101	102	179	275	215	101	78	251	52	66	89	25	44	244	59	79	62	92	167	86	37	64	118	243	113	14	113	162	80	171	8	29	123	66	92	140	138	46	42	30	172	100	41	270	87	83	163	119	193	82	106	115	76	28	171	17	38	37	62	104	328	94	115	217	214	0	104	40	233	102	85	143	107	87	232	183	35	23	92	30	116	85	214	47	305	54	88	162	20	27	77	264	103	40	136	9	50	21	231	107	294	107	64	195	16	91	287	86	133	117	137	86	183	77	13	115	39	86	70	146	42	1	188	105	73	189	28	18	120	169	96	12	295	57	125	67	11	22	131	20	99	122	141	118	60	79	92	63	163	34	159	103	139	49	108	82	33	103	9	140	10	17	5	83	29	133	258	41	38	121	73	109	182	57	125	102	38	250	152	159	20	126	187	83	94	54	80	188	235	14	124	107	79	234	73	69	40	136	307	3	113	78	140	95	49	46	29	88	124	38	74	59	63	37	82	79	89	371	142	0	128	36	71	169	138	15	55	249	12	57	151	53	33	37	141	52	113	142	17	153	48	148	146	336	70	63	36	266	51	55	93	110	151	111	46	116	38	195	112	198	0	344	240	188	52	60	146	181	174	160	97	35	79	39	80	295	54	105	265	83	47	16	207
29	0	0	0	0	0	0	0	0	0	0	0	0	0	0	0	0	0	0	0	0	0	0	0	0	0	0	0	0	0	0	0	0	0	0	0	0	0	0	0	0	0	0	0	0	0	0	0	0	0	0	0	0	0	0	0	0	0	0	0	0	0	0	0	0	0	0	0	0	0	0	0	0	0	0	0	0	0	0	0	0	0	0	0	0	0	0	0	0	0	0	0	0	0	0	0	0	0	0	0	0	0	0	0	0	0	0	0	0	0	0	0	0	0	0	0	0	0	0	0	0	0	0	0	0	0	0	0	0	0	0	0	0	0	0	0	0	0	0	0	0	0	0	0	0	0	0	0	0	0	0	0	0	0	0	0	0	0	0	0	0	0	0	0	0	0	0	0	0	0	0	0	0	0	0	0	0	0	0	0	0	0	0	0	0	0	0	0	0	0	0	0	0	0	0	0	0	0	0	0	0	0	0	0	0	0	0	0	0	0	0	0	0	0	0	0	0	0	0	0	0	0	0	0	0	0	0	0	0	0	0	0	0	0	0	0	0	0	0	0	0	0	0	0	0	0	0	0	0	0	0	0	0	0	0	0	0	0	0	0	0	0	0	0	0	0	0	0	0	0	0	0	0	2	0	0	0	0	0	0	0	0	0	0	0	0	0	0	0	0	0	0	0	0	0	0	0	0	0	0	0	0	0	0	0	0	0	0	0	0	0	0	0	0	0	0	0	0	0	0	0	0	0	0	0	0	0	0	0	0	0	0	0	0	0	0	0	0	0	0	0	0	0	0	0	0	0	0	0	0	0	0	0	0	0	0	0	0	0	0	0	0	0	0	0	0	0	0	0	0	0	0	0	0	0	0	0	0	0	0	0	0	0	0	0	0	0	0	0	0	0	0	0	0	0	0	0	0	0	0	0	0	0	0	0	0	0	0	0	0	0	0	0	0	0	0	0	0	0	0	0	0	0	0	0	0	0	0	0	0	0	0	0	0	0	0	0	0	0	0	0	0	0	0	0	0	0	0	0	0	0	0	0	0	0	0	0	0	0	0	0	0	0	0	0	0	0	0	0	0	0	0	0	0	0	0	0	0	0	0	0	0	0	0	0	0	0	0	0	0	0	0	0	0	0	0	0	0	0	0	0	95	47	62	98	121	276	91	162	75	184	11	69	122	99	133	318	28	82	85	82	81	115	40	158	134	14	155	89	79	68	61	66	153	19	55	48	138	45	13	122	55	14	158	69	65	80	26	56	38	136	88	220	34	172	111	158	11	74	84	84	95	106	64	137	8	32	65	6	210	139	91	86	5	103	97	77	147	153	192	78	153	57	35	261	111	90	0	59	163	56	46	63	44	188	65	57	76	183	157	248	26	50	206	30	90	164	99	35	152	315	59	237	119	80	90	48	13	77	20	16	248	79	23	105	50	44	91	160	24	84	37	36	102	383	131	149	206	70	110	88	47	26	87	70	80	67	101	19	37	377	38	130	30	484	68	73	36	195	110	260	84	133	130	149	7	63	98	211	31	85	169	49	11	298	84	69	136	138	85	132	81	106	82	99	121	47	0	81	110	50	256	73	179	108	86	36	130	38	43	204	168	132	72	145	22	97	86	25	56	135	0	90	38	80	79	19	55	354	120	11	132	147	49	20	29	309	32	35	98	153	31	82	119	243	196	31	92	5	107	28	44	32	15	35	87	116	65	40	80	26	77	48	47	75	87	22	23	80	38	10	43	122	52	71	45	16	43	169	47	30	97	15	80	109	102	20	156	65	109	55	109	124	0	70	28	106	85	48	102	72	91	103	195	123	7	150	121	280	45	38	186	111	136	90	35	70	181	31	61	67	71	62	9	70	98	53	165	118	150	50	15	16	9	52	47	386	63	59	215	19	91	71	66	52	70	51	74	7	126	85	88	89	52	148	187	68	211	68	118	154	84	62	72	35	186	97	147	32	27	82	109	53	223	12	70	78	76	68	156	21	92	18	124	62	16	179	93	51	90	36	339	153	102	140	68	60	21	24	60	52	24	66	42	157	165	67	39	72	79	284	122	59	24	148	132	15	46	33	21	104	201	9	30	65	113	53	69	131	32	66	40	52	43	133	62	58	71	36	115	43	14	54	49	67	65	16	0	61	20	67	361	73	52	88	54	140	20	80	134	3	63	53	267	153	101	87	137	16	64	159	94	221	149	111	75	241	107	34	214	12	44	216	59	34	38	109	129	0	142	239	87	146	41	125	75	149	133	31	233	39	94	99	76	111	31	118	77	107	102	228
30	0	0	0	0	0	0	0	0	0	0	0	0	0	0	0	0	0	0	0	0	0	0	0	0	0	0	0	0	0	0	0	0	0	0	0	0	0	0	0	0	0	0	0	0	0	0	0	0	0	0	0	0	0	0	0	0	0	0	0	0	0	0	0	0	0	0	0	0	0	0	0	0	0	0	0	0	0	0	0	0	0	0	0	0	0	0	0	0	0	0	0	0	0	0	0	0	0	0	0	0	0	0	0	0	0	0	0	0	0	0	0	0	0	0	0	0	0	0	0	0	0	0	0	0	0	0	0	0	0	0	0	0	0	0	0	0	0	0	0	0	0	0	0	0	0	0	0	0	0	0	0	0	0	0	0	0	0	0	0	0	0	0	0	0	0	0	0	0	0	0	0	0	0	0	0	0	0	0	0	0	0	0	0	0	0	0	0	0	0	0	0	0	0	0	0	0	0	0	0	0	0	0	0	0	0	0	0	0	0	0	0	0	0	0	0	0	0	0	0	0	0	0	0	0	0	0	0	0	0	0	0	0	0	0	0	0	0	0	0	0	0	0	0	0	0	0	0	0	0	0	0	0	0	0	0	0	0	0	0	0	0	0	0	0	0	0	0	0	0	0	0	0	0	0	0	0	0	0	0	0	0	0	0	0	0	0	0	0	0	0	0	0	0	0	0	0	0	0	0	0	0	0	0	0	0	0	0	0	0	0	0	0	0	0	0	0	0	0	0	0	0	0	0	0	0	0	0	0	0	0	0	0	0	0	0	0	0	0	0	0	0	0	0	0	0	0	0	0	0	0	0	0	0	0	0	0	0	0	0	0	0	0	0	0	0	0	0	0	0	0	0	0	0	0	0	0	0	0	0	0	0	0	0	0	0	0	0	0	0	0	0	0	0	0	0	0	0	0	0	0	0	0	0	0	0	0	0	0	0	0	0	0	0	0	0	0	0	0	0	0	0	0	0	0	0	0	0	0	0	0	0	0	0	0	0	0	0	0	0	0	0	0	0	0	0	0	0	0	0	0	0	0	0	0	0	0	0	0	0	0	0	0	0	0	0	0	0	0	0	0	0	0	0	0	0	0	0	20	0	0	0	0	0	0	0	0	0	0	0	0	0	0	0	0	0	0	0	0	0	0	157	59	34	171	98	73	341	8	171	44	196	178	147	94	80	47	57	222	126	23	178	18	175	24	73	79	41	178	10	165	206	73	57	187	33	38	158	198	14	66	107	33	71	138	103	88	94	84	165	111	43	44	44	203	31	270	205	35	119	36	136	113	69	115	109	5	128	62	122	50	281	146	28	41	110	119	89	70	164	38	160	91	105	94	17	72	0	26	56	22	75	37	31	130	52	598	74	50	63	127	55	140	70	58	101	42	122	64	189	68	41	3	62	16	41	102	313	50	178	12	64	21	225	65	56	44	81	127	60	106	70	149	23	125	8	19	29	68	134	283	64	19	21	179	39	99	200	166	61	74	208	73	144	54	64	79	111	42	118	44	128	147	147	31	43	53	78	7	61	22	11	125	34	67	39	28	172	31	58	221	34	111	83	163	165	30	0	139	123	113	219	113	57	185	185	76	68	41	9	128	69	28	23	210	25	36	78	104	196	44	0	160	236	31	66	111	220	218	219	146	44	88	43	85	59	32	35	91	160	116	50	86	339	67	147	82	42	352	22	68	180	47	110	219	130	39	32	29	247	50	77	81	137	43	383	64	40	78	69	12	97	66	326	19	79	49	162	25	202	113	54	9	173	51	196	279	40	74	134	43	215	152	0	9	24	125	174	108	161	184	75	19	80	118	105	81	84	104	194	94	153	59	67	26	20	82	85	140	160	248	239	16	48	98	158	87	27	33	42	186	56	125	52	32	179	215	43	45	196	71	139	339	173	77	15	151	36	256	21	46	140	153	98	26	113	118	122	46	221	183	172	251	97	54	77	77	65	30	79	177	113	99	40	93	25	247	51	16	180	79	52	24	246	135	59	133	171	98	156	86	98	279	10	6	193	227	32	21	32	57	223	105	54	32	78	19	16	132	47	43	82	54	110	96	86	11	124	92	81	98	63	108	89	100	170	188	49	104	61	106	27	166	214	103	36	113	34	147	301	96	115	123	74	115	50	29	0	87	59	25	148	49	64	25	73	92	138	325	108	194	248	110	168	156	175	42	235	26	41	89	30	105	59	35	290	194	127	85	161	77	8	266	28	24	35	125	91	0	136	195	58	59	153	58	73	36	98	102	115	109	148	54	262	94	173	28	110	54	124	74
31	0	0	0	0	0	0	0	0	0	0	0	0	0	0	0	0	0	0	0	0	0	0	0	0	0	0	0	0	0	0	0	0	0	0	0	0	0	0	0	0	0	0	0	0	0	0	0	0	0	0	0	0	0	0	0	0	0	0	0	0	0	0	0	0	0	0	0	0	0	0	0	0	0	0	0	0	0	0	0	0	0	0	0	0	0	0	0	0	0	0	0	0	0	0	0	0	0	0	0	0	0	0	0	0	0	0	0	0	0	0	0	0	0	0	0	0	0	0	0	0	0	0	0	0	0	0	0	0	0	0	0	0	0	0	0	0	0	0	0	0	0	0	0	0	0	0	0	0	0	0	0	0	0	0	0	0	0	0	0	0	0	0	0	0	0	0	0	0	0	0	0	0	0	0	0	0	0	2	0	0	0	0	0	0	0	0	0	0	0	0	0	0	0	0	0	0	0	0	0	0	0	0	0	0	0	0	0	0	0	0	0	0	0	0	0	0	0	0	0	0	0	0	0	0	0	0	0	0	0	0	0	0	0	0	1	0	0	0	0	0	0	0	0	0	0	0	0	0	0	0	0	0	0	0	0	0	0	0	0	0	0	0	0	0	0	0	0	0	0	0	0	0	0	0	0	0	0	0	0	0	0	0	0	0	0	0	0	0	0	0	0	0	0	0	0	0	0	0	0	0	0	0	0	0	0	0	0	0	0	0	0	0	0	0	0	0	0	0	0	0	0	0	0	0	0	0	0	0	0	0	0	0	0	0	0	0	0	0	0	0	0	0	0	0	0	0	0	0	0	0	0	0	0	0	0	0	0	0	0	0	0	0	0	0	0	0	0	0	0	0	0	0	0	0	0	0	0	0	0	0	0	0	0	0	0	0	0	28	0	0	0	0	0	0	0	2	0	0	0	0	0	0	0	0	0	0	0	0	0	0	0	0	0	0	0	0	0	0	0	0	0	0	0	0	0	0	0	0	0	0	0	0	0	0	0	0	0	0	0	0	0	0	0	0	0	0	0	0	0	0	0	0	0	0	0	0	0	0	0	0	0	0	0	0	0	0	0	0	0	0	0	0	0	0	0	0	0	0	0	0	0	0	0	0	0	0	0	0	0	0	0	0	0	0	0	0	0	0	0	0	92	121	39	178	49	80	43	157	177	108	157	76	4	231	82	87	35	64	125	54	131	73	60	78	11	180	21	118	16	55	203	15	49	131	45	19	101	18	55	311	215	62	60	133	60	37	15	96	271	118	258	53	77	99	101	171	56	108	69	74	21	63	48	53	40	93	50	109	233	123	91	39	57	656	149	205	176	98	53	17	113	113	75	65	233	34	0	49	447	123	25	63	122	91	146	52	217	50	117	114	125	55	83	180	83	81	110	34	178	72	88	210	20	112	60	210	128	71	81	25	153	1	39	63	151	64	177	303	56	34	79	43	142	54	79	92	67	4	50	25	166	131	78	219	104	107	237	111	124	35	213	244	164	55	11	53	59	34	126	50	94	16	54	47	48	235	77	61	26	98	47	27	270	49	31	53	53	124	24	23	59	34	113	134	187	94	0	87	27	51	78	113	32	19	187	183	323	166	92	118	66	164	126	90	19	79	141	33	22	48	0	28	83	201	176	38	151	54	150	23	67	70	179	76	77	84	40	94	82	77	64	97	75	193	74	45	31	8	269	112	76	89	29	43	144	105	136	174	131	164	132	103	184	89	57	9	152	104	371	122	67	60	32	46	102	35	38	81	123	144	51	46	32	207	61	83	44	196	17	86	77	101	0	41	43	71	39	19	45	108	62	26	44	268	38	144	48	176	27	81	208	154	109	241	128	45	219	31	126	27	184	12	66	62	16	313	60	94	254	232	57	128	262	30	83	84	128	144	124	89	72	75	128	73	118	117	244	117	40	119	34	91	129	30	138	35	137	196	44	56	50	85	39	169	101	103	68	243	156	190	32	64	74	220	45	18	57	49	401	107	146	148	12	31	128	198	107	97	66	218	44	80	179	78	57	98	397	184	283	4	202	69	173	66	13	54	117	120	4	93	64	145	26	19	89	98	248	20	115	42	44	11	74	22	205	33	29	39	78	226	64	140	93	87	60	54	56	143	72	112	44	16	15	126	117	6	0	60	121	155	73	58	180	52	173	175	271	86	141	87	39	47	49	82	30	34	38	325	27	259	265	133	60	78	154	44	93	135	194	63	100	215	205	11	41	30	82	0	174	15	34	191	108	51	166	67	105	182	249	215	158	45	78	5	48	82	23	22	228	131
32	0	0	0	0	0	0	0	0	0	0	0	0	0	0	0	0	0	0	0	0	0	0	0	0	0	0	0	0	0	0	0	0	122	0	0	0	0	0	0	0	0	0	0	0	0	0	0	0	0	0	0	0	0	0	0	0	0	0	0	0	0	0	0	0	0	0	0	0	0	0	0	0	0	0	0	0	0	0	0	0	0	0	0	0	0	0	0	0	0	0	0	0	0	0	0	0	0	0	0	0	0	0	0	0	0	0	0	0	0	0	0	0	0	0	2	0	0	0	0	0	0	0	0	0	0	0	0	0	0	0	0	0	0	0	0	0	0	0	0	0	0	0	0	0	0	0	0	0	0	0	0	0	0	0	0	0	0	0	0	0	0	0	0	0	0	0	0	0	0	0	0	0	0	0	0	0	0	0	0	0	0	0	0	0	0	0	0	0	0	0	0	0	0	0	0	0	0	0	0	0	0	0	0	0	0	0	0	0	0	0	0	0	0	0	0	0	0	0	0	0	0	0	0	0	0	0	0	0	0	0	0	0	0	0	0	0	0	0	0	0	0	0	0	0	0	0	0	0	0	0	0	0	0	0	0	0	0	0	0	0	0	0	0	0	0	0	52	0	0	0	0	0	0	0	0	0	0	0	0	0	0	0	0	0	0	0	0	0	0	4	0	0	0	0	0	0	0	0	0	0	0	0	0	0	0	0	0	0	0	0	0	0	0	0	0	0	0	0	0	0	0	0	0	0	0	0	0	0	0	0	0	0	0	0	0	0	0	0	0	0	0	0	0	0	0	0	0	0	0	0	0	0	0	0	0	0	0	0	0	0	0	0	0	0	0	0	0	0	0	0	0	0	0	0	0	0	0	0	0	0	0	0	0	0	0	0	0	0	0	0	0	0	0	0	0	0	0	0	0	0	0	0	0	0	0	0	0	0	0	0	0	0	0	0	0	0	0	0	0	0	0	0	0	0	0	0	0	0	0	0	0	0	0	0	0	0	0	0	0	0	0	0	0	0	0	0	0	0	0	0	0	7	0	0	0	0	0	0	0	0	8	0	0	0	0	0	0	0	0	0	0	0	0	0	0	1	0	0	0	0	0	0	0	0	0	1	0	0	0	0	0	0	0	0	0	5	0	0	0	0	83	15	70	47	169	129	76	132	40	87	46	19	80	61	122	243	89	172	50	239	77	164	92	54	46	105	6	223	246	112	43	77	164	213	182	93	296	43	204	139	248	184	23	41	94	142	209	64	95	69	120	69	48	78	120	138	50	84	75	61	104	61	35	126	71	18	130	101	43	128	64	88	99	98	36	79	168	9	31	211	92	48	84	14	51	166	0	46	65	77	194	126	126	162	79	57	185	128	103	46	37	112	87	65	166	36	122	269	78	222	19	27	145	10	131	78	95	29	76	66	230	11	129	161	95	85	104	95	162	51	88	54	11	214	242	61	79	48	74	113	80	120	90	116	32	324	31	46	22	35	125	28	49	131	205	86	145	248	142	12	6	84	73	130	121	134	163	70	29	83	111	95	5	144	161	73	129	99	122	81	31	24	177	137	78	62	0	95	49	67	62	129	97	69	66	100	109	75	139	63	288	98	90	173	2	103	98	26	221	109	0	175	62	56	18	24	94	99	55	177	46	191	67	188	46	93	88	70	129	174	32	147	204	35	138	62	54	138	152	37	101	76	165	79	37	14	251	66	117	157	100	94	132	138	212	195	67	98	105	31	39	29	80	90	44	2	86	41	37	108	62	209	180	57	81	22	81	75	26	106	54	61	0	101	56	27	124	6	46	148	84	54	93	29	130	136	65	20	1	58	39	178	93	96	141	49	155	55	80	212	97	279	99	34	179	110	134	51	120	112	80	61	72	41	39	305	130	96	274	101	49	124	150	93	35	92	293	44	112	177	42	143	190	42	33	135	110	30	95	269	180	210	125	122	124	153	152	126	269	33	231	134	15	12	83	147	41	43	61	5	108	151	120	72	40	133	12	42	77	49	62	35	127	52	74	115	41	149	124	283	74	74	44	21	82	99	70	127	28	136	63	61	50	31	76	87	54	229	15	97	114	70	101	193	131	19	82	108	22	46	108	22	96	58	62	36	82	91	266	2	43	93	189	108	15	98	0	116	128	122	89	98	43	259	53	61	34	16	49	90	98	74	149	153	86	105	46	40	105	164	114	103	26	43	174	164	112	90	139	69	145	71	41	227	71	24	207	0	171	45	213	51	31	96	5	121	90	72	51	47	71	120	47	164	236	78	125	122	174	119
33	0	0	0	0	0	0	0	0	0	0	0	0	0	0	0	0	0	0	0	0	0	0	0	0	0	0	0	0	0	0	0	0	0	0	0	0	0	0	0	0	0	0	0	0	0	0	0	0	0	0	0	0	0	0	0	0	0	0	0	0	0	0	0	0	0	0	0	0	0	0	0	0	0	0	0	0	0	0	0	0	0	0	0	0	0	0	0	0	0	0	0	0	0	0	0	0	0	0	0	0	0	0	0	0	0	0	0	0	0	0	0	0	0	0	0	0	0	0	0	0	0	0	0	0	0	0	0	0	0	0	0	0	0	0	0	0	0	0	0	0	0	0	0	0	0	0	0	0	0	0	0	0	0	0	0	0	0	0	0	0	0	10	0	0	0	0	0	0	0	0	0	0	0	0	0	0	0	0	0	0	0	0	0	0	0	0	0	0	0	0	0	0	0	0	0	0	0	0	0	0	0	0	0	0	0	1	0	0	0	0	0	0	0	0	0	0	0	0	0	0	4	0	0	0	0	0	0	0	0	0	0	0	0	0	0	0	0	0	0	0	0	0	0	0	0	0	0	0	0	0	0	0	0	0	0	0	0	0	0	0	0	0	0	0	0	0	0	0	0	0	0	0	0	0	0	0	0	0	0	0	0	0	0	0	0	0	0	0	0	0	0	0	0	0	0	0	0	0	0	0	0	0	0	0	0	0	0	0	0	0	0	0	0	0	0	0	0	0	0	0	0	0	0	0	0	0	0	0	0	0	0	0	0	0	0	0	0	0	0	0	0	0	0	0	0	0	0	0	0	0	0	0	0	0	0	0	0	0	0	0	0	0	0	0	0	0	0	0	0	0	0	0	0	0	0	0	0	0	0	0	0	0	0	0	0	0	0	0	0	0	0	0	0	0	0	0	0	0	0	0	0	0	0	0	0	0	0	0	0	0	0	0	0	0	0	0	0	0	0	0	0	0	0	0	0	0	0	0	0	0	0	0	0	0	0	0	0	0	0	1	0	0	0	0	0	0	0	0	0	0	0	0	0	0	0	0	0	0	0	0	0	0	0	0	0	0	0	0	0	0	0	0	0	0	0	0	0	0	0	0	0	0	0	0	0	0	0	0	0	0	0	0	0	0	0	0	0	0	0	0	154	36	179	26	53	325	76	105	78	134	131	11	36	139	82	74	47	107	35	141	227	202	7	83	16	15	213	136	104	27	64	140	104	147	50	23	48	63	19	93	79	193	70	86	143	232	276	26	307	20	269	53	35	29	82	3	101	45	137	87	24	36	164	98	157	25	156	153	232	13	63	70	114	372	52	8	194	140	120	98	75	83	218	23	170	52	0	95	170	47	9	104	53	52	55	114	63	54	121	32	54	115	34	31	49	212	108	41	11	35	21	85	45	92	75	14	85	231	58	242	162	30	12	38	73	67	153	81	170	191	107	265	55	130	79	114	277	20	199	87	34	35	17	38	89	36	256	38	50	263	160	143	53	128	210	167	41	31	99	57	60	117	105	22	93	76	86	248	160	151	68	96	74	134	120	85	120	15	187	37	187	60	90	14	14	27	0	193	102	145	231	258	48	100	51	92	139	280	145	137	120	88	15	219	90	45	230	90	102	131	0	50	141	131	122	76	8	26	65	62	62	92	20	187	70	37	39	168	28	77	114	40	113	163	41	58	132	109	26	57	119	61	190	105	156	165	123	30	80	38	138	321	62	91	155	91	46	167	94	10	40	92	33	134	77	50	65	50	169	158	61	82	75	141	103	90	106	82	66	257	120	152	0	13	31	80	149	111	204	297	91	256	35	126	53	43	107	210	68	50	325	26	165	95	160	29	72	122	36	170	71	94	73	42	58	4	251	73	17	63	15	48	108	7	206	196	54	47	178	57	121	30	129	59	44	210	46	43	59	80	210	151	78	137	122	74	87	85	138	95	46	28	103	57	175	175	30	117	83	117	49	169	113	179	186	36	63	88	82	73	122	9	32	57	107	101	161	175	65	157	78	172	184	175	29	21	219	77	122	210	83	90	63	126	129	201	32	90	60	34	39	86	63	28	35	5	73	65	109	73	28	30	43	25	78	41	386	68	13	24	68	74	66	87	177	38	9	33	32	49	79	290	23	76	35	24	0	46	92	47	243	94	107	84	151	81	162	288	11	72	83	41	78	40	49	333	253	108	101	68	217	13	62	93	117	73	8	79	127	90	133	31	68	118	16	131	160	0	92	60	4	100	50	444	69	44	214	53	181	239	260	175	22	27	51	13	107	102	128	172
34	0	0	0	0	0	0	0	0	0	0	0	0	0	0	0	0	0	0	0	0	0	0	0	0	0	0	0	0	0	0	0	0	0	0	0	0	0	0	0	0	0	0	0	0	0	0	0	0	0	0	0	0	0	0	0	0	0	0	0	0	0	0	0	0	0	0	0	0	0	0	0	0	0	0	0	0	0	0	0	0	0	0	0	0	0	0	0	0	0	0	0	0	0	0	0	0	0	0	0	0	0	0	0	0	0	0	0	0	0	0	0	0	0	0	0	0	0	0	0	0	0	0	0	0	0	0	0	0	0	0	0	0	0	0	0	0	0	0	0	0	0	0	0	15	0	0	0	0	0	0	0	0	0	0	0	0	0	0	0	0	0	0	0	0	0	0	0	0	0	0	0	0	0	0	0	0	0	0	0	0	0	0	0	0	0	0	0	0	0	0	0	0	0	0	0	0	0	0	0	0	0	0	0	0	0	0	0	0	0	0	0	0	0	0	0	0	55	0	0	0	0	0	0	0	0	0	0	0	0	0	0	0	0	0	0	0	0	0	0	0	0	0	0	0	0	0	0	0	0	5	0	0	0	0	0	0	0	0	0	0	0	0	0	0	0	0	0	0	0	0	0	0	0	0	0	0	0	0	0	0	0	0	0	0	0	0	0	0	0	0	0	0	0	0	0	0	0	0	0	0	0	0	0	0	0	0	0	0	0	0	0	0	0	0	0	0	0	0	0	0	0	0	0	0	0	0	0	0	0	0	0	0	0	0	0	0	0	0	0	0	0	0	0	0	0	0	0	0	0	0	0	0	0	0	0	0	0	0	0	40	0	0	0	0	0	0	0	0	0	0	0	0	0	0	0	0	0	0	0	0	0	0	0	0	0	0	0	0	0	0	0	0	0	0	0	0	0	0	0	0	0	0	0	0	0	0	0	0	0	0	0	0	6	0	0	0	0	0	0	0	0	0	0	0	0	0	0	0	0	0	0	0	0	0	0	1	0	0	0	0	0	0	0	0	0	0	0	0	0	0	0	0	0	0	0	0	0	0	0	0	0	0	0	0	0	0	0	0	0	0	0	0	0	0	0	0	0	0	0	0	0	0	0	0	0	0	0	0	0	0	0	0	0	0	0	0	0	0	0	0	98	36	106	36	105	18	149	86	217	69	15	6	70	60	150	116	96	97	206	29	50	53	7	34	92	43	48	56	39	31	139	123	44	76	81	69	102	159	49	183	90	46	12	31	81	67	0	83	89	224	71	22	91	153	106	125	23	349	73	149	45	50	52	58	198	81	48	144	422	80	138	56	173	91	84	186	76	75	287	298	72	24	252	288	104	87	4	39	82	47	62	34	104	62	59	44	137	21	91	68	188	97	236	318	151	23	160	46	43	122	26	100	137	225	15	45	56	111	106	0	134	113	28	75	122	142	195	21	144	143	96	102	79	58	196	193	49	179	110	96	25	280	114	17	111	92	64	100	40	92	158	14	151	76	34	60	75	199	56	46	21	149	234	104	100	54	116	25	90	192	127	23	43	34	40	135	116	79	33	106	15	24	156	50	284	124	0	76	113	34	176	54	162	98	24	123	83	79	48	156	81	60	20	78	213	141	57	96	230	132	0	28	28	26	111	5	97	231	113	45	66	177	75	122	78	180	85	76	100	78	77	170	40	59	72	44	202	133	194	74	31	66	94	17	32	174	188	20	107	64	54	33	140	47	79	36	69	133	85	178	41	43	134	127	41	32	38	64	62	205	10	194	41	59	85	26	145	56	114	109	83	101	0	43	60	22	90	141	87	130	93	148	55	69	10	85	128	259	42	209	161	139	206	132	61	27	188	69	179	151	150	224	116	89	64	30	109	26	39	40	86	33	41	132	87	171	47	50	70	27	46	134	3	164	36	31	87	27	36	170	114	41	58	60	117	31	30	138	20	78	110	132	83	103	59	97	146	102	76	330	57	88	164	9	28	65	75	43	101	36	25	224	60	88	94	26	78	56	44	62	68	50	13	212	10	100	257	11	143	242	63	106	249	149	106	131	34	73	33	346	21	101	123	129	154	182	40	113	47	45	77	4	136	106	66	99	111	78	16	107	34	102	187	71	274	22	57	29	50	94	89	80	183	71	61	55	0	19	102	61	54	92	91	126	160	203	356	148	143	244	55	58	153	191	196	116	64	60	142	171	134	51	176	96	179	41	100	27	18	7	147	87	28	126	182	119	102	23	88	77	176	100	62	71	60	54	91	69	44	85	75	79	67	94	104	210	99	9	56	25
35	0	0	0	0	0	0	0	0	0	0	0	0	0	0	0	0	0	0	0	0	0	0	0	0	0	0	0	0	0	0	0	0	0	0	0	0	0	0	0	0	0	0	0	0	0	0	0	0	0	0	0	0	0	0	0	0	0	0	0	0	0	0	0	0	0	0	0	0	0	0	0	0	0	0	0	0	0	0	0	0	0	0	0	0	0	0	0	0	0	0	0	0	0	0	0	0	0	0	0	0	0	0	0	0	0	0	0	0	0	0	0	0	0	0	0	0	0	0	0	0	0	0	0	0	0	0	0	0	0	0	0	0	0	0	0	0	0	0	0	0	0	0	0	0	0	0	0	0	0	0	0	0	0	0	0	0	0	0	0	0	0	0	0	0	0	0	0	0	0	0	0	0	0	0	0	0	0	0	0	0	0	12	0	0	0	0	0	0	0	0	0	0	0	0	0	0	0	0	0	0	0	0	0	0	0	0	0	0	0	0	0	0	0	0	0	0	0	0	0	0	0	0	0	0	0	0	0	0	0	0	0	0	0	0	0	0	0	0	0	0	0	0	0	0	0	0	0	0	0	0	0	0	0	0	0	0	0	0	0	0	0	0	0	0	0	0	0	0	0	0	0	0	0	0	0	0	0	0	0	0	0	0	0	0	0	0	0	0	0	0	0	0	0	0	0	0	0	0	0	0	0	0	0	0	0	0	0	0	0	0	0	0	0	0	0	0	0	0	0	0	0	0	0	0	0	0	0	0	0	0	0	0	0	0	0	0	0	0	0	0	0	0	0	0	0	0	0	0	0	0	0	0	0	0	0	0	0	6	0	0	0	0	0	0	0	0	0	0	0	3	0	0	0	0	0	0	0	0	0	0	0	0	0	0	0	0	0	0	0	0	0	0	0	0	0	0	0	0	0	0	0	0	0	0	0	0	0	0	0	0	0	0	0	0	0	0	0	0	0	0	0	0	0	0	0	0	0	0	0	0	0	0	0	0	0	0	0	0	0	0	0	0	0	0	0	0	0	0	0	0	0	0	0	0	0	0	0	0	0	0	0	0	0	0	0	0	0	0	0	0	0	0	0	0	0	0	0	0	0	0	0	0	0	0	0	0	0	0	0	0	0	0	0	0	0	0	0	0	0	0	121	116	65	135	174	61	247	112	244	58	34	246	88	150	40	107	175	37	201	75	199	87	153	224	178	74	111	30	65	39	22	163	11	102	147	104	79	74	42	49	36	113	208	28	151	90	158	42	445	233	65	29	31	91	158	124	201	187	51	104	130	102	75	77	277	23	20	160	188	109	93	123	37	12	95	134	102	73	34	36	52	42	22	56	72	94	10	14	71	57	110	199	27	245	55	27	166	139	216	243	244	79	119	61	41	422	2	56	57	201	251	237	228	42	51	118	45	17	148	61	45	32	101	234	21	156	146	160	87	234	43	28	357	36	68	158	152	17	148	121	127	43	55	24	65	51	138	48	111	109	114	40	199	61	35	60	65	22	43	135	143	38	209	42	35	65	107	93	119	92	91	59	276	37	39	17	44	231	119	37	80	47	83	51	208	76	0	46	55	25	207	21	329	10	59	127	39	92	61	214	131	2	43	55	84	95	210	42	136	126	0	254	153	167	25	89	199	58	225	270	19	183	62	101	282	130	141	17	144	133	302	100	36	228	34	84	58	73	147	58	13	67	32	47	84	55	41	123	22	153	131	65	23	243	73	25	215	75	48	52	203	7	139	43	109	218	25	219	155	52	69	191	123	128	165	44	99	45	148	25	45	40	0	135	67	209	151	22	125	181	395	89	51	362	84	94	60	86	125	69	107	63	83	377	40	62	96	66	87	96	39	191	104	16	110	116	45	106	133	202	106	10	43	74	94	376	24	123	55	61	60	63	43	94	75	132	41	85	102	148	89	153	62	198	91	25	177	92	291	33	38	61	25	75	93	36	106	84	110	144	19	51	65	26	115	42	54	110	48	122	15	133	7	94	73	198	106	29	38	87	153	46	173	37	65	126	37	96	204	2	79	23	54	207	19	91	54	21	83	44	57	46	150	75	30	127	139	77	178	57	91	20	48	168	131	90	125	64	62	138	295	27	34	88	117	45	51	91	139	142	28	12	61	107	119	43	0	123	16	45	47	17	91	101	70	363	126	71	91	100	126	125	8	213	36	173	160	63	183	52	9	34	40	46	69	239	330	139	27	44	79	79	366	37	145	62	87	1	19	150	89	120	78	57	65	201	225	31	133	128	144	26	117	31	94	122	198	104	119	173
36	0	0	0	0	0	0	0	0	0	0	0	0	0	0	0	0	0	0	0	0	0	0	0	0	0	0	0	1	0	0	0	0	0	0	0	0	0	0	0	0	0	0	0	0	0	0	0	0	0	0	0	0	0	0	0	0	0	0	0	0	0	0	0	0	0	0	0	0	0	0	0	0	0	0	0	0	0	0	0	0	0	0	0	0	0	0	0	0	0	0	0	0	0	0	0	0	0	0	0	0	0	0	0	0	0	0	0	0	0	0	0	0	0	0	0	0	0	0	0	0	0	0	4	0	0	0	0	0	0	0	0	0	0	0	0	0	0	0	0	0	0	0	0	0	0	0	0	0	0	0	0	0	0	0	0	0	0	0	0	0	0	0	0	0	0	0	0	0	0	0	0	0	0	0	0	0	0	0	0	0	0	0	0	0	0	0	0	0	0	0	0	0	0	0	0	0	0	0	0	0	0	0	0	0	0	0	0	0	0	0	3	0	0	0	0	0	0	0	0	0	0	0	1	0	0	0	0	0	0	0	0	0	0	0	0	0	0	0	0	0	0	0	0	4	0	0	0	0	0	0	0	0	0	0	0	0	0	0	0	0	0	0	0	0	0	0	0	0	0	0	0	0	0	0	0	0	0	0	0	0	0	0	4	0	0	0	0	0	0	0	0	0	0	0	0	0	0	0	0	0	0	0	0	0	0	0	0	0	0	0	0	0	0	0	0	0	0	0	0	0	0	0	0	0	0	0	0	0	0	0	0	0	0	0	0	0	0	0	0	0	0	0	0	0	0	0	0	0	0	0	0	0	0	0	0	0	0	0	0	0	0	0	0	0	0	0	0	0	0	0	0	0	0	0	0	0	0	0	0	0	0	0	0	0	0	0	0	0	0	0	0	0	0	0	0	0	0	0	0	0	0	0	0	0	0	0	0	0	0	0	0	0	0	0	0	0	0	0	0	0	0	0	0	0	0	0	0	0	0	0	2	0	0	0	0	0	0	0	0	0	0	0	0	0	0	0	0	0	0	0	0	0	0	38	0	0	0	0	0	0	0	0	0	0	0	0	0	0	0	0	0	0	0	0	0	0	0	0	0	0	0	0	1	0	0	0	0	0	0	0	0	0	0	0	0	0	0	0	0	0	131	51	27	117	31	13	114	117	27	141	98	218	203	198	54	97	7	113	194	254	161	17	10	34	55	62	44	72	70	153	151	153	226	204	21	39	60	23	136	272	152	143	22	145	251	68	90	85	43	94	62	109	32	28	102	40	229	75	13	54	275	18	367	121	134	54	51	67	104	8	185	116	49	72	91	43	91	49	14	85	114	108	55	55	118	92	85	263	157	193	163	12	63	17	73	125	25	101	15	122	13	92	146	33	99	76	212	163	60	58	111	97	118	42	158	56	39	21	179	65	59	47	101	117	1	99	196	166	152	108	133	141	156	76	46	101	80	139	77	50	54	170	80	42	33	143	103	16	120	109	119	95	153	158	165	7	76	110	69	157	259	163	100	71	110	201	39	140	154	215	19	104	39	77	23	78	68	93	156	40	31	61	157	55	79	60	0	19	236	32	48	27	89	132	186	41	46	72	124	94	23	137	81	74	48	22	188	17	108	333	0	151	112	115	83	168	39	139	153	107	18	46	28	116	107	81	92	58	42	22	30	3	72	215	82	216	302	102	307	59	159	164	66	56	64	87	63	248	57	153	22	42	37	70	55	268	81	86	266	97	56	266	159	86	79	48	113	21	98	44	20	95	153	81	113	31	121	79	170	90	169	324	0	22	95	42	17	64	3	84	70	110	197	56	47	50	12	121	98	29	61	80	121	45	51	181	263	5	55	187	28	237	14	94	38	228	26	97	16	127	40	255	55	38	26	31	78	47	56	162	105	73	69	108	218	75	48	197	49	69	14	157	64	161	41	92	186	46	218	38	71	57	31	51	238	133	22	90	53	89	37	208	82	144	139	74	37	143	158	141	149	173	67	60	172	203	75	49	130	21	61	56	108	176	110	101	38	43	206	54	50	10	72	20	59	82	45	66	49	52	183	77	76	74	242	15	140	60	95	173	190	39	108	69	118	18	127	97	87	13	17	82	44	156	29	106	17	107	51	11	61	171	150	139	72	140	17	144	112	22	89	18	149	111	121	159	235	156	169	39	91	14	66	231	54	193	152	16	106	76	34	114	67	275	61	23	136	206	132	81	32	56	47	176	112	111	123	0	91	119	41	34	120	147	94	141	164	181	131	44	50	140	118	80	312	277	170	32	109	79
37	0	0	0	0	0	0	0	0	0	0	0	0	0	0	0	0	0	0	0	0	0	0	0	0	0	0	0	0	0	0	0	0	0	0	0	0	0	0	0	0	0	0	0	0	0	0	0	0	0	0	0	0	0	0	0	0	0	0	0	0	0	0	0	0	0	0	0	0	0	0	0	0	0	0	0	0	0	0	0	0	0	0	0	0	0	0	0	0	0	0	0	0	0	0	0	0	0	0	0	0	0	0	0	0	0	0	0	4	0	0	0	0	0	0	0	0	0	0	0	0	0	0	0	0	0	0	0	0	0	0	0	0	0	0	0	0	0	0	0	0	0	0	0	0	0	0	0	3	0	0	0	0	0	0	0	0	0	0	0	0	0	0	0	0	0	0	0	0	0	0	0	4	0	0	0	0	0	0	0	0	0	0	0	0	0	0	0	0	0	0	0	0	0	0	0	2	0	0	0	0	0	0	0	0	0	0	0	0	0	0	0	0	0	0	0	0	0	0	0	0	0	0	0	0	0	0	0	0	0	0	0	0	0	0	0	0	0	0	0	0	0	0	0	0	0	0	0	0	0	0	0	0	0	0	0	0	0	0	0	0	0	0	0	0	0	0	0	0	0	0	0	0	0	0	0	0	0	0	0	0	0	0	0	0	0	0	0	0	0	0	0	0	0	0	0	0	0	0	0	0	0	0	0	0	0	0	0	0	0	0	0	0	0	0	0	0	0	0	0	0	0	0	0	0	0	0	0	0	0	0	0	0	0	0	0	0	0	0	0	0	0	0	0	0	0	0	0	0	0	0	0	0	0	0	0	0	0	0	0	0	0	0	0	0	0	0	0	0	0	0	0	0	0	0	0	0	0	0	0	0	0	0	0	0	0	0	0	0	0	0	0	0	0	0	0	0	0	0	0	0	0	0	0	0	0	0	0	0	0	0	0	0	0	0	0	0	0	0	0	0	0	0	0	0	0	0	0	0	0	0	0	0	0	0	0	0	0	0	0	0	0	0	0	0	0	0	0	0	0	0	0	0	0	0	0	0	0	0	2	0	0	0	0	0	0	0	0	0	0	0	0	0	0	0	0	0	0	0	0	0	0	0	0	0	0	0	0	0	0	0	0	1	0	0	0	0	0	0	0	0	141	50	206	110	112	114	47	44	31	185	177	23	49	143	156	91	89	176	142	95	42	23	40	57	94	245	14	56	135	68	163	153	114	99	73	120	49	208	28	304	48	109	41	125	75	68	113	96	13	58	130	163	19	115	87	141	69	190	123	29	499	76	70	59	116	64	115	81	156	34	198	112	241	70	197	137	112	167	123	54	50	160	113	180	39	215	0	85	35	89	169	182	104	285	93	98	83	84	146	269	136	124	101	49	40	17	119	202	42	82	58	67	151	69	59	10	214	107	217	121	182	32	147	138	132	180	174	201	163	87	65	128	33	72	11	178	53	26	47	327	79	28	37	90	44	120	76	133	146	60	60	65	35	98	101	288	47	4	129	74	89	143	197	104	19	35	173	17	61	78	82	280	92	36	234	167	77	28	26	53	61	246	33	27	106	103	0	91	31	46	301	66	23	100	68	50	169	91	60	21	29	54	45	67	99	148	149	97	32	50	0	38	63	120	149	52	95	122	73	102	138	251	106	40	43	70	29	44	28	58	8	70	63	191	41	22	102	15	71	51	64	109	47	78	106	27	278	47	196	126	33	140	48	203	62	30	26	14	105	101	42	47	91	140	4	82	40	318	48	106	80	30	79	142	65	50	129	25	226	52	294	197	0	101	82	62	95	40	151	82	144	57	332	63	85	54	372	66	87	81	53	44	68	122	88	36	126	30	67	45	156	53	69	28	8	173	87	48	157	42	165	68	47	37	26	21	112	145	8	143	89	92	62	211	135	178	42	35	133	79	162	265	113	41	146	82	201	82	22	51	192	48	34	70	111	41	30	147	126	31	52	189	138	119	43	76	151	34	41	14	80	73	97	182	33	81	31	140	84	49	61	36	115	33	92	72	84	23	27	91	105	171	157	149	81	204	190	102	144	136	32	12	280	79	25	62	22	30	284	206	92	48	47	7	226	15	50	93	66	67	64	34	242	214	61	58	271	83	143	12	107	112	138	32	46	182	0	26	58	26	113	11	59	125	127	149	13	86	30	56	74	79	10	71	235	118	15	218	166	91	50	37	56	136	46	104	34	118	277	51	37	144	53	81	166	196	107	0	251	23	112	17	110	299	87	13	8	77	14	178	110	45	61	70	25	42	79	176	119	49
38	0	0	0	0	0	0	0	0	0	0	0	0	0	0	0	0	0	0	0	0	0	0	0	0	0	0	0	0	0	0	0	0	0	0	0	0	0	0	0	0	0	0	0	0	0	0	0	0	0	0	0	0	0	0	0	0	0	0	0	0	0	0	0	0	0	0	0	0	0	0	0	0	0	0	0	0	0	0	0	0	0	0	0	0	0	0	0	0	0	0	0	0	0	0	0	0	0	0	0	0	0	0	0	0	0	0	0	0	0	0	0	0	0	0	0	0	0	0	0	0	0	0	0	0	0	0	0	0	0	0	0	0	0	0	0	0	0	0	0	0	0	0	0	0	0	0	0	0	0	0	0	0	0	0	0	0	0	0	0	0	0	0	0	0	0	0	0	0	0	0	0	0	0	0	0	0	0	0	0	0	0	0	0	0	0	0	0	0	0	0	0	0	0	0	0	0	0	0	0	0	0	0	0	0	0	0	0	0	0	0	0	0	0	0	0	0	0	0	0	0	0	0	0	0	0	0	0	0	0	0	0	0	0	0	0	0	0	0	0	0	0	0	0	0	0	0	0	0	0	0	0	0	0	0	0	0	0	0	0	0	0	0	0	0	0	0	0	0	0	0	0	0	0	0	0	0	0	0	0	0	0	0	0	0	0	0	0	0	0	0	0	0	0	0	0	0	0	0	0	0	0	0	0	0	0	0	0	0	0	0	0	0	0	0	0	0	0	0	0	0	0	0	0	0	0	0	0	0	0	0	0	0	0	0	0	0	0	0	0	0	0	0	0	0	0	0	0	0	0	0	0	0	0	0	0	0	0	0	0	0	0	0	0	0	0	0	0	0	0	0	0	0	0	0	0	0	0	0	0	0	0	0	0	0	0	0	0	0	0	0	0	0	0	0	0	0	0	0	0	0	0	0	0	0	0	0	0	0	0	0	0	0	0	0	0	0	0	0	0	0	0	0	0	0	0	0	0	0	0	0	0	0	0	0	0	0	0	0	0	0	0	0	0	0	0	0	0	0	0	0	0	0	0	0	0	0	0	0	0	0	0	0	0	0	0	0	0	0	0	0	0	0	0	0	0	0	0	0	1	0	0	0	0	0	0	0	0	0	0	0	0	0	0	0	0	0	0	0	0	0	15	113	74	50	119	11	179	34	12	9	149	88	101	322	101	27	110	182	109	214	134	231	301	105	154	120	33	208	115	57	56	14	63	135	209	208	125	104	73	43	18	80	70	69	146	57	204	85	38	180	72	33	78	147	132	164	57	57	22	72	137	99	46	115	9	149	122	264	59	54	6	116	50	176	145	126	62	84	112	118	42	48	82	65	222	26	0	109	74	107	141	16	84	26	201	25	55	48	4	65	84	132	189	355	228	65	25	41	27	119	92	75	39	318	120	72	170	116	137	140	132	200	56	58	194	176	23	176	54	72	88	127	44	65	51	200	181	31	134	42	57	230	244	24	102	33	52	125	83	216	64	47	185	148	47	46	349	78	8	43	82	14	100	91	21	82	99	156	97	185	55	144	73	27	238	17	76	61	239	3	177	286	97	63	122	83	0	25	75	132	181	38	222	19	150	79	25	99	129	128	69	135	197	118	312	58	17	18	19	88	0	72	17	46	50	160	247	49	92	31	40	336	48	32	175	83	121	160	90	44	189	30	139	61	99	80	52	102	49	63	83	146	161	141	10	280	243	152	95	148	50	35	153	20	105	39	54	103	200	31	30	31	194	83	45	100	179	114	89	97	22	97	64	29	57	77	151	119	254	49	20	64	0	120	54	74	93	86	156	66	42	168	67	141	59	40	108	16	25	3	206	18	179	63	121	36	93	99	6	19	2	155	139	44	88	50	87	100	85	133	64	89	196	102	140	176	156	158	111	146	130	15	33	52	214	103	56	181	292	88	7	255	143	127	49	169	122	28	282	67	97	61	100	35	57	156	84	36	10	75	29	141	172	110	68	200	146	32	36	13	56	307	63	148	60	99	94	23	51	117	132	130	67	36	151	40	110	149	70	10	132	78	81	17	18	69	107	215	150	36	119	250	31	41	86	115	34	116	110	85	164	20	76	61	19	91	9	60	104	81	68	68	14	182	19	93	208	55	130	201	458	143	32	78	48	48	0	108	363	35	25	20	148	15	87	146	141	20	250	51	41	22	142	97	55	344	81	216	116	15	171	7	57	225	66	99	44	104	27	37	181	325	146	76	122	28	28	0	180	27	73	84	43	31	76	43	63	123	96	14	64	121	166	130	115	45	102	268	231	171
39	0	0	0	0	0	0	0	0	0	0	0	0	0	0	0	0	0	0	0	0	0	0	0	0	0	0	0	0	0	0	0	0	0	0	0	0	0	0	0	0	0	0	0	0	0	0	0	0	0	0	0	0	0	0	0	0	0	0	0	0	0	0	0	0	0	0	0	0	0	0	0	0	0	0	0	0	0	0	0	0	0	0	0	0	0	0	0	0	0	0	0	0	0	0	0	0	0	0	0	0	0	0	0	0	0	0	0	0	0	0	0	0	0	0	0	0	0	0	0	0	0	0	0	0	0	0	0	0	0	0	0	0	0	0	0	0	0	0	0	0	0	0	0	0	0	0	0	0	0	0	0	0	0	0	0	0	0	0	0	0	0	0	0	0	0	0	0	0	0	8	0	0	0	0	0	0	0	0	0	0	0	0	0	0	0	0	0	0	0	0	0	0	0	0	0	41	0	0	0	0	0	0	0	0	0	0	0	0	0	0	0	0	0	0	0	0	0	0	0	0	0	0	0	0	0	0	0	0	0	0	0	0	0	0	0	0	0	0	0	0	0	0	0	0	0	0	0	0	0	1	0	0	0	0	0	0	0	0	0	0	0	0	0	0	0	0	0	0	0	0	0	0	0	0	0	0	0	0	0	0	0	0	0	0	0	0	0	0	0	4	0	0	0	0	0	0	0	0	0	0	0	0	0	0	0	0	0	0	0	0	0	0	0	0	21	0	0	0	0	0	0	0	0	0	0	0	0	0	0	0	0	0	0	0	0	0	0	0	0	0	0	0	0	0	0	0	0	0	0	0	0	0	0	0	0	0	0	0	0	12	0	0	0	0	0	0	0	0	0	0	0	0	0	0	0	0	0	0	0	0	0	0	0	0	0	0	0	0	0	0	0	0	0	0	0	0	0	0	0	0	0	0	0	0	0	1	0	0	0	0	0	0	0	0	0	0	0	0	0	0	0	0	0	0	0	0	0	0	0	0	0	0	0	0	0	7	0	0	0	0	0	0	0	0	0	0	0	0	0	0	0	0	0	0	0	0	0	0	0	0	0	0	0	0	0	0	0	0	0	0	0	0	0	0	0	0	0	0	0	0	0	0	0	0	0	0	0	0	0	0	0	0	0	0	0	0	0	0	0	0	151	33	247	25	66	163	80	91	59	41	104	103	54	210	68	41	104	100	74	116	173	133	150	154	36	152	224	312	53	85	81	325	53	107	107	92	6	227	19	164	103	70	108	61	45	105	73	98	205	26	38	224	122	21	51	117	29	94	31	83	73	44	143	181	202	49	46	143	222	71	79	30	39	8	144	94	248	69	66	122	121	160	19	151	75	83	0	71	146	64	173	41	54	57	136	253	124	11	241	105	18	233	184	179	337	71	182	199	42	208	59	168	56	35	102	56	199	10	50	158	150	210	16	38	23	65	40	244	7	65	140	43	63	9	169	43	391	131	97	77	68	212	114	102	77	114	69	117	95	36	201	178	62	30	166	79	48	172	155	125	57	193	69	1	99	100	173	50	245	40	314	218	48	217	52	92	10	113	219	85	76	60	107	158	52	65	0	103	44	372	44	8	76	156	73	202	98	75	119	35	46	330	63	71	49	10	84	289	88	61	0	62	28	104	172	93	61	83	12	103	16	112	146	61	33	37	200	19	28	24	78	142	94	80	19	77	148	61	71	178	103	199	73	126	100	32	133	101	61	102	73	102	112	43	62	15	92	33	65	21	72	104	97	26	40	43	126	114	178	76	126	68	133	81	77	83	40	79	206	117	89	173	0	70	84	41	53	101	33	29	38	66	129	1	57	192	25	44	131	103	119	119	88	322	146	82	27	101	56	112	183	292	183	71	37	193	13	321	56	80	57	157	42	89	185	80	32	60	131	182	140	182	55	152	13	70	91	79	47	111	192	168	49	93	136	202	73	48	87	104	43	56	98	129	21	198	70	24	187	38	34	156	111	177	154	13	35	46	177	150	74	154	27	102	248	35	18	242	33	56	73	45	197	141	73	77	95	78	96	69	52	219	147	78	98	172	100	142	468	62	106	67	38	71	63	23	64	258	82	65	216	179	50	365	110	42	34	111	110	198	57	81	125	15	104	66	40	63	74	57	56	9	83	101	86	133	0	44	149	32	149	169	15	74	55	94	89	11	222	89	98	41	49	92	210	240	12	30	22	170	165	382	109	87	46	118	11	28	245	65	82	252	18	164	36	32	83	0	37	15	123	156	97	233	26	112	247	100	50	40	115	275	76	77	317	29	207	57	78	108
40	0	0	0	0	0	0	0	0	0	0	0	0	0	0	0	0	0	0	0	0	0	0	0	0	0	0	0	0	0	0	0	0	0	0	0	0	0	0	0	0	0	0	0	0	0	0	0	0	0	0	0	0	0	0	0	0	0	0	0	0	0	0	0	0	0	0	0	0	0	0	0	0	0	0	0	0	0	0	0	0	0	0	0	0	0	0	0	0	0	0	0	0	0	0	0	0	0	0	0	0	0	0	0	0	0	0	0	0	0	0	0	0	0	0	0	0	0	0	0	0	0	0	0	0	0	0	0	0	0	0	0	0	0	0	0	0	0	0	0	0	0	0	0	0	0	0	0	0	0	0	0	0	0	0	0	0	0	0	0	0	0	0	0	0	0	0	0	0	0	0	0	0	0	0	0	0	0	0	0	0	0	0	0	0	0	0	0	0	0	0	0	0	0	0	0	0	0	0	0	0	0	0	0	0	0	0	0	0	0	0	0	0	0	0	0	0	0	0	0	0	0	0	0	0	0	0	0	0	0	0	0	0	0	0	0	0	0	0	0	0	0	0	0	0	0	0	0	0	0	0	0	0	0	0	0	0	0	0	0	0	0	0	0	0	0	0	0	0	0	0	0	0	0	0	0	0	0	0	0	0	0	0	0	0	0	0	0	0	0	0	0	0	0	0	0	0	0	0	25	0	0	1	0	0	0	0	0	0	0	0	0	0	0	0	0	0	0	0	0	0	0	0	0	0	0	0	0	0	0	0	0	0	0	0	0	0	0	0	0	0	0	0	0	0	0	0	0	0	0	0	0	0	0	0	0	0	0	0	0	0	0	0	0	0	27	0	0	0	0	0	0	0	0	0	0	0	0	0	0	0	0	0	0	0	0	0	0	0	0	0	0	0	0	2	0	0	0	0	0	0	0	0	0	0	0	0	0	0	0	0	0	0	0	0	0	0	0	0	0	0	0	0	0	0	0	0	0	0	0	0	0	0	0	0	0	0	0	0	0	0	0	0	0	0	0	9	0	0	0	0	0	0	0	0	0	0	0	0	0	0	0	0	0	0	0	0	0	0	0	0	0	0	0	0	0	0	0	0	0	0	0	0	0	0	0	0	0	0	0	0	0	0	0	0	0	0	0	0	0	0	127	17	58	61	228	114	115	33	227	67	88	26	34	187	33	211	53	14	6	43	65	46	74	45	177	114	234	97	130	57	115	23	213	114	12	61	155	192	73	8	86	35	142	104	296	112	140	145	107	100	234	39	51	58	59	110	197	57	133	56	172	107	40	292	18	63	203	117	172	42	62	41	185	245	328	46	211	120	107	184	192	183	160	183	127	64	0	78	45	59	142	87	56	124	7	130	35	43	113	47	42	33	67	27	81	32	58	129	14	14	69	49	184	4	42	161	34	70	61	3	188	137	117	253	151	36	76	159	69	73	204	134	173	53	95	67	3	8	64	112	297	80	161	26	65	84	92	80	172	306	67	110	75	174	90	187	9	12	43	139	78	76	43	12	121	183	108	44	169	91	177	54	42	69	232	131	279	4	82	29	93	62	60	94	47	272	0	64	112	78	15	79	44	72	91	285	205	150	12	28	171	123	124	119	171	10	96	244	121	55	0	9	109	75	207	27	106	197	63	150	153	58	29	129	79	213	36	42	139	70	53	279	25	135	48	109	161	59	35	249	179	211	123	77	110	106	123	200	177	36	52	268	48	28	284	111	88	32	119	3	131	51	97	121	79	13	100	199	60	95	54	38	53	120	85	103	42	166	98	64	6	103	0	77	74	134	101	59	100	47	12	231	40	19	51	20	13	80	59	35	73	149	51	92	165	112	159	34	33	17	46	70	23	81	2	75	36	21	203	120	162	17	24	91	72	86	8	28	26	330	131	131	248	35	42	48	162	297	44	27	142	175	49	68	159	46	257	107	234	183	163	127	65	59	132	26	211	101	21	103	287	97	13	137	31	138	140	195	10	66	171	46	20	116	4	38	163	98	76	10	38	109	119	261	61	75	89	104	78	168	66	19	147	105	18	146	78	78	129	59	65	127	34	48	52	93	72	27	133	215	9	18	137	100	100	88	54	19	214	304	43	131	36	46	27	87	5	14	69	131	135	215	63	174	172	24	0	36	133	100	30	56	39	109	82	44	92	57	249	12	44	91	27	21	82	71	162	77	34	35	10	64	128	64	16	64	263	38	220	158	122	26	65	15	62	123	27	0	107	109	85	100	80	88	106	166	78	134	72	169	32	29	155	35	56	130	400	23	45	126
41	0	0	0	0	0	0	0	0	0	0	0	0	0	0	0	0	0	0	0	0	0	0	0	0	31	0	0	0	0	0	0	0	0	0	0	0	0	0	0	0	0	0	0	0	0	0	0	0	0	0	0	0	0	0	0	0	0	0	0	0	0	36	0	0	0	0	0	0	0	0	0	0	0	0	0	0	0	0	0	0	0	0	0	0	0	0	0	0	0	0	0	0	0	0	0	0	0	0	0	0	0	20	0	0	0	0	0	0	0	0	0	0	0	0	0	0	0	0	0	0	0	0	0	0	0	0	0	0	0	0	0	0	0	0	0	0	0	0	0	0	0	0	0	0	0	0	0	0	0	0	0	0	0	0	0	0	0	0	0	0	0	0	0	0	0	0	0	0	0	0	0	0	0	0	0	0	0	0	0	0	0	0	0	0	0	0	0	0	0	0	0	0	0	0	0	0	0	0	0	0	0	0	0	0	0	0	0	0	0	0	0	0	0	0	0	0	0	0	0	0	0	0	0	0	0	0	0	0	0	0	0	0	0	0	0	0	0	0	0	0	0	0	0	0	0	0	0	0	0	0	0	0	0	0	0	0	0	0	0	0	0	0	0	1	0	0	0	0	0	0	0	0	0	0	0	0	0	0	0	0	0	0	0	0	0	68	0	0	0	0	0	0	0	0	0	0	0	0	0	0	0	0	0	0	0	0	0	0	0	0	0	0	0	0	0	0	1	0	0	0	0	0	0	0	0	0	0	0	0	0	0	0	0	0	0	0	0	0	0	0	0	0	0	0	0	0	0	0	0	0	0	0	0	0	0	0	0	0	0	0	0	0	0	0	0	0	0	0	0	0	0	0	0	0	0	0	0	0	0	0	0	0	0	0	0	0	0	0	0	0	0	0	0	0	0	0	0	0	0	0	0	0	0	0	0	0	0	0	1	0	0	0	0	0	0	0	0	0	0	0	0	0	0	0	0	0	0	0	0	0	0	0	0	0	0	0	0	0	0	0	0	0	0	0	0	0	0	0	137	0	0	0	0	0	0	0	0	0	0	0	0	0	0	0	0	0	0	0	0	0	0	0	0	0	0	0	0	0	0	0	0	0	0	0	0	0	0	0	0	0	0	0	0	0	0	0	0	0	0	0	130	33	46	21	103	33	65	160	115	57	215	27	23	116	150	200	45	173	139	161	74	107	99	20	55	14	46	158	112	59	92	63	81	90	54	50	30	165	92	28	23	147	93	103	28	117	35	117	48	108	100	272	172	77	68	139	57	71	54	11	74	153	55	20	6	102	213	74	28	32	77	12	51	33	36	96	48	100	12	209	332	33	151	93	22	39	0	26	108	15	47	8	12	158	139	86	60	226	107	49	139	145	108	77	36	42	45	50	85	73	56	88	82	22	101	55	39	146	63	13	16	262	200	240	55	76	221	112	36	76	82	68	14	215	83	22	264	213	123	36	164	101	151	127	97	21	251	163	98	171	45	146	223	50	81	81	11	100	66	139	94	153	13	173	118	51	119	42	5	106	97	128	179	14	144	156	26	46	186	91	96	32	26	120	86	29	0	24	101	66	77	30	154	51	87	132	230	94	46	59	117	161	22	94	160	198	47	56	121	76	0	76	16	73	69	122	16	55	71	160	29	6	174	69	23	60	37	86	100	239	54	56	72	132	81	38	25	67	133	225	114	6	81	215	67	68	105	42	48	104	32	41	131	43	16	20	39	143	72	77	75	101	92	8	94	108	200	41	53	158	139	314	356	34	127	137	207	87	27	240	91	88	0	30	6	67	92	38	288	22	84	221	99	78	77	225	69	112	244	16	25	31	30	103	32	122	182	267	42	105	29	81	127	20	84	41	261	64	135	75	72	115	228	71	54	53	59	16	42	44	114	179	18	40	146	182	70	28	58	185	42	70	90	284	50	111	27	175	131	72	58	140	275	32	41	157	101	104	111	73	83	422	91	82	38	227	30	116	110	52	60	37	68	32	137	41	79	281	117	43	106	27	45	84	97	90	54	159	33	127	81	141	44	80	82	106	58	58	29	99	119	110	143	136	151	44	103	76	69	35	47	133	157	11	118	74	186	237	69	93	62	67	336	18	169	19	50	126	139	67	24	83	63	93	82	91	0	64	189	70	101	21	17	30	41	196	178	54	35	115	270	8	151	33	87	18	69	24	183	12	69	43	155	294	26	214	102	222	222	83	107	43	33	95	71	103	271	0	124	49	145	52	107	76	79	155	2	179	67	36	107	122	148	396	47	34	117	74	289	32
42	0	0	0	0	0	0	0	0	0	0	0	0	0	0	0	0	0	0	0	0	0	0	0	0	0	0	0	0	0	0	0	0	0	0	0	0	0	0	0	0	0	0	0	0	0	0	0	0	0	0	0	0	0	0	0	0	0	0	0	0	0	0	0	0	0	0	0	0	0	0	0	0	0	0	0	0	0	0	0	0	0	0	0	0	0	0	0	0	0	0	0	0	0	0	0	0	0	0	0	0	0	0	0	0	0	0	0	0	0	0	0	0	0	0	0	0	0	0	0	0	0	0	0	0	0	0	0	0	0	0	0	0	0	0	0	0	0	0	0	0	0	0	0	0	0	0	0	0	0	0	0	0	0	0	0	0	0	0	0	0	0	0	0	0	0	0	0	0	0	0	0	0	0	0	0	0	0	0	0	0	0	0	0	0	0	0	0	0	0	0	0	0	0	0	0	0	0	0	0	0	0	0	0	0	0	0	0	0	0	0	0	0	0	0	0	0	2	5	0	0	0	0	0	0	0	0	0	0	0	0	0	0	0	0	0	0	0	0	0	0	0	0	0	0	0	0	0	0	0	0	0	0	3	0	0	0	0	0	0	0	0	0	0	0	0	0	0	0	0	0	0	0	0	0	0	0	0	0	0	0	0	0	0	0	0	0	0	0	0	0	0	0	0	0	0	0	0	0	0	0	0	0	0	0	0	0	0	97	0	0	0	0	0	0	0	0	0	0	0	0	0	0	0	0	0	0	0	0	0	0	0	0	0	0	0	0	0	0	0	0	0	0	0	0	0	0	0	0	0	0	0	0	0	0	0	0	0	0	0	0	0	0	0	0	1	0	0	0	0	0	0	0	0	0	0	0	0	0	0	0	0	0	0	0	0	0	0	0	0	0	37	0	0	0	0	0	0	0	0	0	0	0	0	0	0	0	0	0	0	0	0	0	0	0	0	0	0	0	0	0	0	0	0	0	0	0	0	0	0	15	0	0	0	0	0	0	0	0	0	0	0	0	0	0	0	0	0	0	0	0	0	0	0	0	0	0	0	0	0	0	0	0	0	0	0	0	0	0	0	0	0	0	0	0	0	0	0	0	0	0	0	0	0	0	0	0	0	0	0	0	0	0	0	0	0	0	0	0	0	0	15	18	95	230	46	88	29	161	130	30	22	198	93	94	29	115	173	66	18	7	49	138	163	54	57	16	127	169	18	64	137	21	23	30	27	237	25	83	21	50	129	97	69	69	143	89	97	149	115	152	277	107	201	80	71	155	34	146	58	31	66	134	83	114	125	72	209	165	29	56	83	103	99	292	17	170	110	222	81	64	51	38	44	226	65	130	0	76	20	84	85	48	68	201	20	53	89	64	119	79	97	50	76	363	68	46	117	216	74	155	86	206	39	122	96	62	116	79	92	89	55	233	228	88	52	52	70	162	220	199	161	291	10	189	42	26	28	19	57	206	24	58	60	71	69	68	208	11	198	158	16	217	163	142	51	69	157	73	219	33	20	312	213	28	80	188	146	25	30	94	43	85	91	115	37	75	44	90	193	108	11	72	47	98	61	112	0	157	35	57	51	241	130	80	113	87	3	49	97	309	100	116	104	298	363	90	64	58	143	40	0	298	63	80	90	63	170	105	101	123	87	132	12	14	19	58	75	224	14	155	11	20	62	112	43	74	40	40	128	48	124	313	69	12	35	37	83	101	41	121	20	232	97	87	80	131	60	45	174	149	33	34	59	107	86	255	78	9	106	52	15	14	128	42	8	200	91	314	81	175	59	74	0	96	130	29	35	43	60	388	96	62	99	154	17	68	248	103	109	146	76	87	34	170	51	55	66	101	86	109	205	47	174	135	51	115	19	183	84	41	242	74	46	91	167	36	64	19	67	192	264	39	18	40	100	168	95	96	44	168	129	58	343	77	204	63	272	45	133	101	77	129	57	254	10	89	40	26	145	16	21	174	89	92	96	151	71	47	125	77	108	39	89	47	223	92	74	64	135	217	141	220	105	45	137	99	39	62	101	76	68	43	87	25	66	71	42	165	240	149	301	39	155	234	78	61	88	58	43	68	59	54	39	69	119	137	115	135	85	24	149	284	115	17	37	89	53	8	117	52	6	143	105	17	143	102	0	42	184	59	21	53	177	102	271	52	29	88	68	73	207	47	67	115	127	188	48	98	156	11	115	184	48	97	74	59	188	152	23	81	15	94	106	220	116	151	66	0	10	15	119	140	146	102	33	135	37	86	136	183	22	177	44	64	157	187	12	186	91	59
43	0	0	0	0	0	0	0	0	0	0	0	0	0	0	0	0	0	0	0	0	0	0	0	0	0	0	0	0	0	0	0	0	0	0	0	0	0	0	0	0	0	0	0	0	0	0	0	0	0	0	0	0	0	0	0	0	0	0	0	0	0	0	0	0	0	0	0	0	0	0	0	0	0	0	0	0	0	0	0	0	0	0	0	0	0	0	0	0	0	0	0	0	0	0	0	0	0	0	0	0	0	0	0	0	0	0	0	0	0	0	0	0	0	0	0	0	0	0	0	0	0	0	0	0	0	0	0	0	0	0	0	0	0	0	0	0	0	0	0	0	0	0	0	0	0	0	0	0	0	0	0	0	0	0	0	0	0	0	0	0	0	0	0	0	0	0	0	0	0	0	0	0	0	0	0	0	0	8	0	0	0	0	0	0	0	0	0	0	0	0	0	0	0	0	0	0	0	0	0	0	0	0	0	0	0	0	0	0	0	0	0	0	0	0	0	0	0	0	0	0	0	0	0	0	0	0	0	0	0	0	0	0	0	0	0	0	0	0	0	0	0	0	0	0	0	0	0	0	0	0	0	0	0	0	0	0	0	0	0	0	0	0	0	0	0	0	0	0	0	0	0	0	0	0	0	0	0	0	0	0	2	0	0	0	0	0	0	0	0	0	0	0	0	0	0	0	0	0	0	0	0	0	0	0	0	0	0	0	0	0	0	0	0	0	0	0	0	0	0	0	0	0	0	0	0	0	0	0	0	0	0	0	0	0	0	0	0	0	0	0	0	0	0	0	0	0	0	0	0	0	0	0	0	0	0	0	0	0	0	0	0	0	0	0	0	0	0	0	0	0	0	0	0	0	0	0	0	0	0	0	0	0	0	0	0	0	0	0	0	0	0	0	0	0	0	0	0	0	0	0	0	0	0	0	0	0	0	0	0	0	0	0	0	0	0	0	0	0	0	0	0	0	0	0	0	0	0	0	0	0	0	0	0	0	0	0	0	0	0	0	0	0	0	0	0	0	0	0	0	0	0	0	0	0	0	0	0	0	0	0	0	0	0	0	0	0	0	0	0	0	0	0	0	0	0	0	0	0	0	0	0	0	0	0	0	0	0	0	0	0	0	0	0	0	0	0	0	0	0	0	14	53	181	145	98	97	90	40	42	90	35	138	11	31	48	47	190	74	63	34	20	237	38	12	136	124	80	203	66	202	194	337	81	56	163	277	363	35	94	12	70	97	48	60	114	76	78	186	82	68	30	66	17	134	33	168	190	110	62	53	32	60	82	48	174	70	29	158	215	119	27	40	66	208	201	85	91	91	63	52	141	30	5	164	69	190	0	26	54	125	27	44	124	163	153	47	82	12	201	12	13	28	54	194	67	43	42	72	4	186	54	76	100	39	38	162	14	178	91	137	82	223	61	11	95	143	64	74	237	56	89	94	31	49	103	162	44	133	14	165	63	105	302	66	35	16	58	149	29	58	259	53	19	109	116	15	16	48	65	161	104	44	78	315	150	27	49	78	71	50	150	114	120	76	134	170	124	45	111	27	158	66	107	81	75	155	0	151	168	21	126	258	87	229	155	74	21	86	103	364	35	102	71	133	69	116	87	25	108	11	0	12	30	91	30	229	27	38	98	36	101	85	107	82	112	116	12	46	45	246	39	139	84	196	72	105	178	57	50	197	151	7	105	100	225	57	120	71	12	34	16	31	11	177	39	51	228	156	306	77	96	121	282	139	81	71	155	71	107	33	30	150	53	19	23	139	56	20	14	61	84	35	0	114	28	85	178	117	12	105	6	25	19	211	66	71	116	25	152	172	211	143	61	57	137	94	12	41	120	34	58	44	134	29	60	9	22	120	168	40	93	152	66	114	58	134	106	117	36	237	62	39	203	98	52	60	49	30	160	38	146	16	98	21	202	28	32	99	45	184	110	290	87	122	129	95	93	182	78	400	91	229	138	84	157	41	42	292	274	226	22	76	231	37	4	126	24	29	58	121	243	52	108	125	12	201	48	158	25	73	209	36	59	111	27	70	125	43	62	13	35	105	12	236	25	355	76	29	35	287	70	34	103	65	60	233	54	13	119	217	356	56	283	79	52	36	123	85	75	154	5	101	116	68	51	34	0	12	121	40	206	108	61	40	153	42	39	99	38	191	128	319	29	119	95	108	108	22	103	270	152	67	40	92	293	135	25	7	39	160	67	160	158	100	110	83	208	0	32	102	25	114	76	184	232	15	128	71	62	73	210	221	166	15	43	82	56	255	208	22
44	0	0	0	0	0	0	0	0	0	0	0	0	0	0	0	0	0	0	0	0	0	0	0	0	0	0	0	0	0	0	0	0	0	0	0	0	0	0	0	0	0	0	0	0	0	0	0	0	0	0	0	0	0	0	0	0	0	0	0	0	0	0	0	0	0	0	0	0	0	0	0	0	0	0	0	0	0	0	0	0	0	0	0	0	0	0	0	0	0	0	0	0	0	0	0	0	0	0	0	0	0	0	0	0	0	0	0	0	0	0	0	0	0	0	0	0	0	0	0	0	0	0	0	56	0	0	0	0	0	0	0	0	0	0	0	0	0	12	0	0	0	0	0	0	0	0	0	0	0	0	0	0	0	0	0	0	0	0	0	0	0	0	0	0	0	0	0	0	0	0	0	0	0	0	0	0	0	0	0	0	0	0	0	0	0	0	0	0	0	0	0	0	0	0	0	0	0	0	0	0	0	0	0	0	0	0	0	0	0	0	0	0	0	0	0	0	0	0	0	0	0	0	0	0	0	0	0	0	0	0	0	0	0	0	0	0	0	0	0	0	0	0	0	0	0	0	0	0	0	0	0	0	0	0	0	0	0	0	0	0	0	0	0	0	0	0	0	0	30	0	0	0	0	0	0	0	0	0	0	0	0	0	0	0	0	0	0	0	0	0	0	0	0	0	0	0	0	0	0	0	0	0	0	0	0	0	0	0	0	0	0	0	0	0	0	0	0	0	0	0	0	0	0	0	0	0	0	0	0	0	0	0	0	0	0	0	0	0	0	0	0	2	0	0	0	0	0	0	0	0	0	0	0	0	0	0	0	0	0	0	0	0	0	0	0	0	0	0	0	0	0	0	0	0	0	0	0	0	0	0	0	0	0	0	0	0	0	0	0	0	0	0	0	0	0	0	0	0	0	0	0	0	0	0	0	0	0	0	0	0	0	0	0	0	0	0	0	0	0	0	0	0	0	0	0	0	0	0	0	0	0	0	0	0	0	0	0	0	0	0	0	0	0	0	0	0	0	0	0	0	0	0	0	0	0	0	0	0	0	0	0	0	0	0	0	0	0	0	0	0	0	0	0	0	0	0	0	0	0	0	0	0	0	0	0	0	0	0	0	0	0	0	0	0	0	0	0	0	0	0	90	154	86	128	211	98	217	121	116	93	121	41	115	31	207	60	50	243	92	71	17	19	50	169	93	32	25	87	88	10	181	38	63	44	37	31	37	79	98	16	113	188	27	62	69	71	43	50	109	32	140	63	76	132	30	155	53	20	115	66	80	245	25	53	279	74	41	73	210	131	95	178	75	133	72	128	111	157	75	106	73	39	117	128	67	56	0	284	348	47	105	106	89	20	47	109	143	112	99	44	45	55	31	129	82	167	64	102	129	129	162	45	90	174	112	177	49	130	46	235	52	95	147	50	74	258	44	108	114	89	75	229	65	189	66	77	302	97	13	101	50	32	271	60	26	133	68	38	14	153	15	244	105	208	171	136	42	28	81	102	47	151	43	125	119	66	150	50	52	111	62	74	74	179	216	38	104	136	104	80	137	56	75	88	129	83	0	226	219	66	7	221	26	86	254	134	240	58	82	58	162	97	31	94	97	17	13	26	36	110	0	42	156	141	102	37	119	93	281	154	20	5	193	153	130	278	57	28	92	164	27	45	118	128	154	23	44	43	114	58	28	70	180	141	115	137	302	75	248	201	73	140	154	20	135	37	183	107	85	56	31	140	14	23	82	67	71	137	163	50	157	186	333	12	167	528	54	110	51	157	76	38	0	90	183	34	101	227	85	67	27	115	174	220	60	116	17	149	107	156	150	17	61	43	91	180	89	260	170	23	144	76	163	189	326	44	66	15	300	69	176	86	58	276	123	165	78	87	158	232	26	225	76	31	37	128	122	146	34	89	53	30	109	164	172	40	55	92	261	94	171	128	64	31	112	39	336	247	283	74	25	167	94	164	103	38	112	100	70	19	40	142	104	109	270	52	135	120	38	87	89	55	39	109	52	230	128	390	128	112	66	83	89	37	103	150	189	49	83	119	240	98	151	65	184	61	44	95	158	151	95	149	263	230	97	101	166	172	104	100	68	37	95	64	47	74	112	55	14	87	65	146	92	86	191	40	0	71	178	46	71	256	28	110	167	330	58	92	210	74	133	223	99	65	161	221	150	45	77	228	198	55	141	243	72	158	48	89	51	84	27	44	78	24	87	207	27	0	165	64	98	56	57	34	30	260	193	133	55	132	66	77	117	153	59	143	35	111	132	17
45	0	0	0	0	0	0	0	0	0	0	0	0	0	0	0	0	0	0	0	0	0	0	0	0	0	0	0	0	0	0	0	0	0	0	0	0	0	0	0	0	0	0	0	0	0	0	0	0	0	0	0	0	0	0	0	0	0	0	0	0	0	0	0	0	0	0	0	0	0	0	0	0	0	0	0	0	0	0	0	0	0	0	0	0	0	0	0	0	0	0	0	0	0	0	0	0	0	0	0	0	0	0	0	0	0	0	0	0	0	0	0	0	0	0	0	0	0	0	0	0	0	0	0	0	0	0	0	0	0	0	0	0	0	0	0	0	0	0	33	0	0	0	0	0	0	0	0	0	0	0	0	0	0	0	0	0	0	0	0	0	0	0	0	0	0	0	0	0	0	0	0	0	0	0	0	0	0	0	0	0	0	0	0	0	0	0	0	0	0	0	0	0	0	0	0	0	0	0	0	0	0	0	0	0	0	0	0	0	0	0	0	0	0	0	0	0	0	0	0	0	0	16	0	0	0	0	0	0	0	0	0	0	0	0	0	0	0	0	0	0	0	0	0	0	0	0	0	0	0	0	0	0	0	0	0	0	0	0	0	0	0	0	0	0	0	0	0	0	0	0	0	0	0	0	0	0	0	0	0	0	0	0	0	0	0	0	0	0	0	0	0	0	0	0	0	0	0	0	0	0	0	0	0	0	0	0	0	0	0	0	0	0	0	0	0	0	0	0	0	0	0	0	0	0	0	0	0	0	0	0	0	0	0	0	0	0	0	0	0	0	0	0	1	0	0	0	0	0	0	0	0	0	0	0	0	0	0	0	0	0	0	0	0	0	8	0	0	0	0	0	0	0	0	0	0	0	0	0	0	0	0	0	0	0	0	0	0	0	0	0	0	0	0	0	0	0	0	0	0	0	0	0	0	0	0	0	0	0	0	0	0	0	0	0	0	0	0	0	0	0	0	0	0	0	0	0	0	40	0	0	0	0	0	0	0	0	0	0	0	0	0	0	0	0	0	0	0	2	0	0	0	0	0	0	17	0	0	0	0	0	0	0	0	0	0	0	0	0	0	0	0	0	0	0	0	0	0	0	0	0	0	0	0	0	0	0	0	0	0	0	0	0	0	0	0	0	0	0	0	0	48	170	200	168	83	144	72	33	48	61	187	104	30	124	68	190	178	141	44	25	70	114	77	24	27	18	135	90	145	125	85	104	46	47	59	51	163	117	175	99	83	129	61	18	87	45	35	487	87	73	139	117	69	302	30	106	222	18	111	198	27	52	68	150	141	185	267	226	166	143	5	33	79	46	89	64	185	85	52	94	171	250	59	9	151	42	0	104	181	231	56	5	105	117	30	53	255	92	55	84	28	93	30	57	12	114	201	47	59	113	158	21	60	209	96	68	18	92	70	95	103	60	149	177	30	45	63	79	108	86	95	44	169	75	142	116	186	59	69	20	54	188	78	141	75	37	151	33	42	70	114	134	86	150	54	85	186	50	119	67	180	90	238	102	56	197	104	111	164	9	200	257	145	42	29	111	65	104	81	26	15	58	36	142	129	119	0	109	144	280	95	134	99	178	38	77	199	156	23	128	70	133	67	257	17	114	30	46	84	48	0	120	366	87	179	43	19	108	48	177	30	65	135	162	37	56	248	73	30	20	27	265	84	212	115	67	157	82	184	39	85	89	168	106	128	16	84	100	20	60	175	87	96	118	73	84	196	37	38	94	39	44	86	113	80	61	92	73	47	83	141	81	201	67	80	68	58	72	34	49	185	29	0	67	140	92	171	20	102	91	100	194	14	127	173	215	11	62	110	110	108	103	465	116	94	54	48	156	5	78	117	50	47	37	27	9	172	12	42	100	90	49	179	175	20	159	75	81	50	26	137	107	105	313	75	50	75	74	96	8	40	33	44	141	0	24	275	277	108	24	153	13	98	56	101	133	53	19	118	66	116	66	32	102	74	155	31	214	94	119	38	89	136	92	204	23	38	268	130	16	43	120	31	28	63	142	245	103	25	114	158	62	117	90	91	98	94	96	138	90	102	78	59	105	7	214	102	27	185	116	83	50	20	261	61	70	123	136	107	88	64	139	92	81	123	111	29	73	88	126	38	91	26	182	92	122	0	330	39	67	154	178	123	63	57	102	125	30	161	95	77	87	187	11	33	76	186	124	63	78	28	15	180	44	177	57	102	571	100	36	92	125	88	163	87	41	107	0	8	91	120	107	53	22	86	27	145	44	320	66	110	126	173	90	6	83	26	269	24	117
46	0	0	0	0	0	0	0	0	0	0	0	0	0	0	0	0	0	0	0	0	0	0	0	0	0	0	0	0	0	0	0	0	0	0	0	0	0	0	0	0	0	0	0	0	0	24	0	0	0	0	0	0	0	0	0	0	0	0	0	0	0	0	0	0	0	44	0	0	0	0	0	0	0	0	0	0	0	0	0	0	0	0	0	0	0	0	0	0	0	0	0	0	0	0	0	0	0	0	0	0	0	0	0	0	0	0	0	0	0	0	0	0	0	0	0	0	0	0	0	0	0	0	0	0	7	0	0	0	0	0	0	6	0	0	0	0	0	0	0	0	0	0	0	0	0	0	0	0	0	0	0	0	0	0	0	0	0	0	0	0	0	0	0	0	0	3	0	0	0	0	0	0	0	0	0	0	0	0	0	0	0	0	0	0	0	0	0	0	0	0	0	0	0	0	0	0	0	0	0	0	0	0	0	0	0	0	0	0	0	0	0	0	0	0	0	0	0	0	0	0	0	0	0	0	0	0	0	0	0	0	0	0	0	0	0	0	0	0	0	0	0	5	0	0	0	0	0	0	0	0	0	0	0	0	0	0	0	0	0	0	0	0	0	0	0	0	0	0	0	0	0	0	0	0	0	0	0	0	0	0	0	0	0	0	0	0	0	0	0	0	0	0	0	0	0	0	0	0	0	0	0	0	0	0	0	0	0	0	0	0	0	0	0	0	0	0	0	0	0	0	0	0	0	0	0	0	0	0	0	0	0	0	0	0	0	0	0	0	0	0	0	0	0	0	0	0	0	0	0	0	0	0	0	0	0	0	0	0	0	0	0	0	0	0	0	0	0	0	0	0	0	0	0	0	0	0	0	0	0	0	0	0	0	0	0	0	0	0	0	0	0	0	0	0	0	0	0	0	0	0	0	0	0	0	0	0	0	0	0	0	0	0	0	0	0	0	0	0	0	0	0	0	0	0	0	0	0	0	0	0	0	0	0	0	0	0	0	0	0	0	0	0	0	0	0	0	0	0	0	0	0	0	0	0	0	0	0	0	0	0	0	0	0	0	0	0	0	0	0	0	0	0	0	0	0	28	0	0	0	0	0	0	0	0	0	0	0	0	0	0	0	0	0	0	0	0	0	0	0	0	51	62	22	154	24	48	222	55	79	183	62	84	104	48	39	112	121	32	153	55	62	85	28	81	168	56	130	52	149	78	147	137	67	82	209	178	327	92	149	130	107	250	34	113	27	18	76	221	191	51	228	46	71	80	18	107	146	33	52	17	60	91	150	34	153	60	98	224	195	125	92	29	130	48	104	101	141	232	280	145	62	55	247	54	60	59	0	17	2	52	50	95	93	86	47	37	127	70	135	79	108	41	115	103	49	99	153	12	61	41	87	75	77	232	65	120	117	32	209	55	46	106	132	72	107	91	57	171	332	172	47	208	92	42	61	124	62	108	202	86	215	150	24	290	24	78	125	25	122	196	70	10	174	13	28	174	41	285	137	102	45	25	108	104	64	53	37	113	348	44	165	285	33	129	83	119	4	146	91	262	20	64	145	62	152	229	0	59	35	143	295	108	21	137	93	51	249	158	40	65	121	197	113	226	178	120	106	197	114	48	0	40	146	41	142	55	81	26	178	118	123	139	40	105	14	65	67	24	15	56	79	98	90	20	21	78	139	117	168	199	15	271	178	10	43	354	58	46	20	102	131	30	29	111	18	20	46	85	54	51	70	128	72	184	83	136	72	35	43	271	45	180	100	95	35	156	38	38	123	132	32	50	0	60	167	190	24	42	42	130	22	160	164	137	49	160	61	74	85	90	181	54	106	38	92	37	190	33	36	56	55	85	44	205	28	67	47	205	78	134	72	46	100	154	147	49	53	31	84	51	39	92	117	135	140	181	79	26	148	59	77	356	51	102	163	25	24	219	115	38	112	123	92	116	303	55	163	45	84	52	33	137	33	59	123	150	114	28	40	28	40	43	102	139	152	248	128	72	43	297	187	129	54	138	139	323	148	142	29	254	154	51	130	114	52	81	71	39	31	48	226	55	144	135	187	78	71	291	69	227	19	36	98	47	68	160	40	76	68	91	142	252	65	117	47	124	84	49	90	146	305	79	70	205	15	40	0	36	162	87	187	284	14	78	109	110	53	381	47	117	111	70	76	61	104	66	121	37	127	38	76	27	101	99	167	52	128	121	161	55	82	2	23	80	31	100	138	0	127	104	21	77	55	55	114	61	176	7	51	142	76	105	291	79	27	148	279	33	136	73
47	0	0	0	0	0	0	0	0	0	0	0	0	0	0	0	0	0	0	0	0	0	0	0	0	0	0	0	7	0	0	0	0	0	0	0	0	0	0	0	0	0	0	0	0	0	0	0	0	0	0	0	0	0	0	0	0	0	0	0	0	0	0	0	0	0	0	0	0	0	0	0	0	0	0	0	0	0	0	0	0	0	0	0	0	0	0	0	0	0	0	0	0	0	0	0	0	0	0	0	0	0	0	0	0	0	0	0	0	0	0	0	0	0	0	0	0	0	0	0	0	0	0	0	0	0	0	0	0	0	0	2	0	0	0	1	0	0	0	0	0	0	0	0	0	0	0	0	0	0	0	0	0	0	0	0	0	0	0	0	0	0	0	0	0	0	0	0	0	0	0	0	0	0	0	0	0	0	0	0	0	0	0	0	2	0	0	0	0	0	0	0	0	0	0	0	0	0	0	0	0	0	0	0	0	0	0	0	0	0	0	0	0	0	0	2	0	0	0	0	0	0	0	0	0	0	0	0	0	0	0	0	0	0	0	0	0	0	0	0	0	0	0	0	0	0	0	0	0	0	0	0	0	0	0	0	0	0	0	0	0	0	0	0	0	0	0	0	0	0	0	0	0	0	0	0	0	0	0	0	0	0	0	0	0	0	0	0	0	0	0	0	0	0	0	0	0	0	0	0	0	0	0	0	0	0	0	0	0	0	0	0	0	0	0	0	0	0	0	0	0	0	0	0	0	0	0	0	0	0	0	0	0	0	0	0	0	0	0	0	0	0	2	0	0	0	0	0	0	0	0	0	0	0	0	0	0	0	0	0	0	0	0	0	0	0	0	0	0	0	0	0	0	0	0	0	0	3	0	0	0	0	0	0	0	0	0	0	0	0	0	0	0	0	0	0	0	0	0	0	0	0	0	0	0	0	0	0	0	0	0	0	0	0	0	0	0	0	0	0	0	0	0	0	0	0	0	0	0	0	0	0	0	0	0	0	2	0	0	0	0	0	0	0	0	0	0	0	0	0	0	0	0	0	0	0	0	0	0	0	0	0	0	0	0	0	0	0	0	0	0	0	0	0	0	0	0	0	0	0	0	0	0	0	0	0	0	0	0	0	0	0	0	0	0	0	0	0	0	0	0	270	58	80	55	190	29	40	43	138	168	254	123	153	117	21	167	111	99	82	61	61	104	214	124	102	74	65	107	46	158	98	124	190	76	42	132	104	304	160	81	76	87	25	48	94	20	159	103	306	75	71	100	27	37	24	79	121	78	48	169	297	56	12	149	89	102	111	39	46	137	37	39	315	34	68	9	88	163	165	42	205	109	57	208	140	134	0	50	81	171	100	149	69	66	52	180	34	130	72	98	175	135	61	99	95	52	161	29	103	156	339	16	59	120	206	119	61	207	28	82	82	135	72	109	58	21	63	122	58	109	71	190	136	110	52	126	179	241	59	92	16	112	208	27	116	130	144	95	64	22	108	6	25	217	132	89	161	60	43	44	35	118	211	269	65	171	150	49	34	123	243	33	182	257	196	50	54	207	241	107	98	36	106	179	74	141	0	166	205	22	146	187	84	79	59	65	391	88	144	207	127	4	222	173	75	84	249	88	87	141	0	120	108	92	74	122	95	40	102	121	150	56	111	94	62	89	108	441	40	177	112	46	187	262	257	107	139	68	75	70	94	40	70	68	79	28	224	121	83	22	72	124	65	110	154	29	57	24	4	124	4	137	193	102	123	77	36	167	45	147	173	88	82	88	107	181	34	49	31	131	69	175	0	29	127	134	33	56	194	107	61	160	18	184	77	56	28	66	106	111	45	45	32	85	116	60	274	117	220	43	65	143	11	159	69	213	88	24	65	66	115	163	14	132	69	50	29	24	114	171	125	125	56	83	12	6	14	241	94	67	152	149	103	36	13	31	118	43	26	25	221	58	76	144	281	10	55	196	19	121	128	88	148	102	140	119	72	54	172	113	45	45	17	26	171	66	193	212	110	82	161	98	66	91	44	115	79	186	68	92	177	23	59	60	190	64	209	21	170	70	77	29	9	81	119	107	66	37	74	201	89	16	106	38	86	36	84	90	25	316	71	135	21	107	54	72	65	150	236	59	88	40	52	231	94	29	0	123	179	104	91	324	31	187	55	83	223	99	11	61	20	83	60	132	21	280	75	48	38	103	88	44	285	107	168	60	80	294	45	53	71	135	54	89	26	46	90	0	27	189	12	90	93	169	87	213	86	61	227	25	183	163	106	21	123	39	119	85	23	88
48	0	0	0	0	0	0	0	0	0	0	0	0	0	0	0	0	0	0	0	0	0	0	0	0	0	0	0	0	0	0	0	0	0	0	0	0	0	0	0	0	0	0	0	0	0	0	0	0	0	0	0	0	0	0	0	0	0	0	0	0	0	0	0	0	0	0	0	0	0	0	0	0	0	0	0	0	0	0	0	0	0	0	0	0	0	0	0	0	0	0	0	0	0	0	1	0	0	0	0	0	0	0	0	0	0	0	0	0	0	0	0	0	0	0	0	0	0	0	0	0	0	0	0	0	0	0	0	0	0	0	0	0	0	0	0	0	0	0	0	0	0	0	0	0	0	0	0	0	0	0	0	0	0	0	0	0	0	0	0	0	0	0	0	0	0	0	0	0	0	0	0	0	0	0	0	0	0	0	0	0	0	0	0	0	0	0	0	0	0	0	0	0	0	0	0	0	0	0	2	0	0	0	0	0	0	0	0	0	0	0	0	0	0	19	0	16	0	0	0	0	0	0	0	0	0	0	0	0	0	0	0	0	0	0	0	0	0	0	0	0	0	0	0	0	0	0	0	0	0	0	0	0	0	0	0	0	0	0	0	0	0	0	0	0	0	0	0	0	0	0	0	0	0	0	0	0	0	0	0	0	0	0	0	0	0	0	0	0	0	0	0	0	0	0	0	0	0	0	0	0	0	0	0	0	0	0	0	0	0	0	0	0	0	0	0	0	0	0	0	0	0	0	0	0	0	0	0	0	0	0	0	0	0	0	0	0	0	9	0	0	0	0	0	0	0	0	0	0	0	0	0	0	0	0	0	0	0	0	0	0	0	0	0	0	0	0	0	0	0	0	0	0	0	0	0	0	0	0	0	0	0	0	0	0	0	0	0	0	0	0	0	0	0	0	0	0	0	0	0	0	0	0	0	0	0	0	0	0	0	0	0	0	0	0	0	0	0	0	0	0	0	0	0	0	0	0	0	0	0	0	0	0	0	0	0	0	0	0	0	0	0	0	0	0	0	0	0	0	0	0	0	0	0	0	0	0	0	0	0	0	0	0	0	0	0	0	0	0	0	0	0	0	0	0	0	0	0	0	0	0	0	0	0	0	0	0	0	0	0	0	0	0	0	0	0	0	0	0	0	0	155	59	56	151	99	183	63	83	47	234	59	40	76	165	126	59	320	65	53	50	79	64	63	46	56	34	131	78	68	49	22	38	63	88	328	59	72	139	73	36	161	41	30	56	196	39	34	36	77	107	95	76	65	149	109	17	230	55	209	74	59	56	109	51	133	180	100	19	121	36	66	0	123	99	29	195	108	205	4	149	103	107	58	89	92	89	0	136	188	151	41	71	62	103	50	75	54	30	173	89	109	26	107	74	96	70	16	49	161	44	39	121	179	33	147	81	109	68	66	17	139	39	110	54	55	63	54	93	126	38	35	60	53	60	181	48	33	52	46	135	74	121	80	183	38	60	46	26	119	35	63	0	77	44	124	51	97	261	44	46	15	30	73	20	31	32	196	136	116	107	163	68	183	245	41	193	118	53	24	158	18	63	90	32	28	37	0	67	77	79	76	248	154	78	51	59	37	49	76	69	14	206	113	61	36	89	28	21	40	12	0	169	116	44	18	56	69	352	19	52	47	53	111	45	78	54	67	198	69	37	165	212	154	70	69	129	111	62	178	77	103	189	45	112	274	21	33	116	28	33	84	106	54	62	137	88	14	74	117	64	146	71	65	6	90	11	149	118	87	7	71	147	122	15	107	153	41	41	107	104	109	60	0	91	29	63	44	28	62	93	47	18	220	118	29	93	167	28	83	33	72	33	193	61	211	88	132	139	213	88	35	39	120	22	92	36	102	39	43	93	101	93	23	4	53	63	464	30	100	284	54	90	73	112	71	20	112	13	250	66	48	185	34	55	24	199	63	8	36	99	69	63	225	116	36	47	140	21	134	122	63	40	84	170	129	50	180	89	49	33	192	144	39	142	99	50	113	56	204	123	168	251	68	227	27	39	75	176	142	70	115	48	233	15	88	33	71	110	49	98	101	131	9	88	155	15	176	62	13	53	105	116	23	129	11	31	28	217	84	138	139	79	149	95	31	246	23	106	372	238	121	61	60	128	87	39	0	131	46	23	53	203	157	169	71	9	125	238	145	110	32	49	55	33	122	36	86	94	57	40	440	172	62	107	142	69	19	98	188	93	101	120	50	72	116	251	59	0	72	121	72	49	56	107	93	75	88	103	19	23	53	97	103	98	44	14	102	105	52	74
49	0	0	0	0	0	0	0	0	0	0	0	0	0	0	0	0	0	0	0	0	0	0	0	0	0	0	0	0	0	0	0	0	0	0	0	0	0	0	0	0	0	0	0	0	0	0	0	0	0	0	0	0	0	0	0	0	0	0	0	0	0	0	0	0	0	0	0	0	0	0	0	0	0	0	0	0	0	0	0	0	0	0	0	0	0	0	0	0	0	0	0	0	0	0	0	0	0	0	0	0	0	0	0	0	0	0	0	0	0	0	0	0	0	0	0	0	0	0	0	0	0	0	0	0	0	0	0	0	0	0	0	0	0	0	0	0	0	0	0	0	0	63	0	0	0	0	0	0	0	0	0	0	0	0	0	0	0	0	0	0	0	7	0	0	0	0	0	0	0	0	0	0	0	0	0	0	0	0	0	0	0	0	0	0	0	0	9	0	0	0	0	0	0	0	0	0	0	0	0	0	0	0	0	0	0	2	0	0	0	0	0	0	0	0	0	0	0	0	0	0	0	0	0	0	0	0	0	0	0	0	0	0	0	0	0	0	0	0	0	0	0	0	0	0	0	0	0	0	0	0	0	0	0	0	0	0	0	0	0	0	0	0	0	0	0	0	0	0	0	0	0	0	0	0	0	0	0	0	0	0	0	0	0	0	0	0	0	0	0	0	0	0	0	0	0	0	0	0	0	0	0	0	0	0	0	0	0	0	0	0	0	0	0	0	0	0	0	0	0	0	0	0	0	0	0	0	0	0	0	0	0	0	0	0	0	0	0	0	0	15	0	0	0	0	0	6	0	0	0	0	0	0	0	0	0	0	0	0	0	0	0	0	0	0	0	0	0	0	0	0	0	0	0	0	0	0	0	0	0	0	0	0	0	0	0	0	0	0	0	0	0	0	0	0	0	0	0	0	0	0	0	0	0	0	0	0	0	0	0	0	0	0	0	0	0	0	0	0	0	0	0	0	0	0	0	0	0	0	0	0	0	10	0	0	0	0	0	0	0	0	0	0	0	0	0	0	0	0	0	0	0	0	0	0	0	0	0	0	0	0	0	0	0	0	0	0	0	0	0	0	0	0	0	0	0	0	0	0	0	0	0	0	0	0	0	0	0	0	0	0	0	0	0	0	0	0	0	0	0	0	108	177	334	71	174	112	49	62	49	20	80	88	97	74	97	64	169	131	38	140	141	333	48	120	186	188	163	119	199	44	8	25	88	107	117	102	46	70	53	120	137	130	82	105	44	63	86	67	48	111	179	184	105	168	50	6	98	43	172	137	218	30	37	47	50	29	88	147	177	37	41	130	21	36	139	78	103	159	129	126	268	120	57	264	130	51	108	60	88	69	48	129	142	194	30	96	67	174	375	15	184	217	75	229	121	68	89	24	83	36	72	34	87	72	89	105	58	182	61	65	121	90	124	54	155	74	197	27	75	28	26	77	74	203	356	114	72	69	0	72	40	79	41	210	42	123	120	88	33	110	56	84	58	53	109	65	139	40	127	196	34	157	84	294	174	88	68	145	291	240	52	65	107	31	240	148	37	73	80	101	43	29	46	88	49	176	33	137	16	7	116	194	128	69	125	85	64	53	119	207	84	49	186	99	80	94	302	76	84	142	27	181	121	79	44	17	74	188	19	15	99	23	88	39	176	124	35	42	149	51	88	161	100	37	85	74	6	105	71	76	353	223	37	72	82	51	55	111	84	68	240	142	48	137	98	230	179	10	36	94	13	41	120	89	109	218	104	393	61	237	108	35	236	42	3	61	10	45	63	66	102	48	3	182	162	166	25	279	124	36	280	76	66	83	71	33	33	153	42	29	61	215	128	12	89	71	91	32	113	18	8	5	93	24	26	109	91	74	100	62	208	57	105	68	168	36	190	16	135	38	416	30	98	85	408	86	60	51	101	70	126	93	119	26	78	125	98	264	114	100	28	34	114	201	55	48	33	13	129	136	79	40	24	137	20	27	84	51	108	95	95	49	33	105	79	146	63	140	232	55	88	27	19	185	84	98	87	13	76	48	83	41	55	158	221	19	18	47	49	86	74	339	29	102	4	21	53	95	95	425	119	104	63	21	23	174	44	202	23	60	141	193	82	23	57	140	112	170	19	153	68	122	166	108	53	125	189	11	66	71	64	195	171	125	62	35	57	244	57	87	14	66	117	124	177	171	50	93	102	74	430	45	72	124	42	49	39	30	45	257	118	99	93	32	209	53	105	78	185	127	91	67	16	103	34	92	55	29	16	69	81	13	106	52	64	312	14	94	46	64
50	0	0	0	0	0	0	0	0	0	0	0	0	0	0	0	0	0	0	0	0	0	0	0	0	0	0	0	0	0	0	0	0	0	0	0	0	0	0	0	0	0	0	0	0	0	0	0	0	0	0	0	0	0	0	0	0	0	0	0	0	0	0	0	0	0	0	0	0	0	0	0	0	0	0	0	0	0	0	0	0	0	0	0	0	0	0	0	0	0	0	0	0	0	0	0	0	0	0	0	0	0	0	0	0	0	0	0	0	0	0	0	0	0	0	0	0	0	0	0	19	0	0	0	0	0	0	0	0	0	0	0	0	0	0	0	0	0	0	0	0	0	0	0	0	0	0	0	0	0	0	0	0	0	0	0	0	0	0	0	0	0	0	0	0	0	0	0	0	0	0	0	0	0	0	0	0	0	0	0	0	0	0	0	0	0	0	0	0	0	0	0	0	0	0	0	0	0	0	0	0	0	0	0	0	0	0	0	0	0	0	0	0	0	0	0	0	0	0	0	0	0	0	0	0	0	0	0	0	0	0	0	0	0	0	0	0	0	0	0	0	0	0	0	0	0	0	0	0	0	0	0	0	0	0	0	0	0	0	0	0	0	0	0	0	0	0	0	0	0	0	0	0	0	0	0	0	0	0	0	0	0	0	0	0	0	0	0	0	0	0	0	0	0	0	0	0	0	0	0	0	0	0	0	0	0	0	0	0	0	0	0	0	0	0	0	0	0	0	0	0	0	0	0	0	0	0	0	0	0	0	0	5	0	0	0	0	0	0	0	0	0	0	0	0	0	0	0	0	0	0	0	0	0	0	0	0	0	0	0	0	0	0	0	0	0	0	0	0	0	0	0	0	0	0	0	0	0	0	0	0	15	0	0	0	0	0	0	0	0	0	0	0	0	0	0	0	0	0	0	0	0	0	0	0	0	0	0	0	0	0	0	0	0	0	0	0	0	0	0	0	0	0	0	0	0	0	0	0	0	0	0	0	0	0	0	0	0	0	0	0	0	0	0	0	0	0	0	0	0	0	0	0	0	0	0	0	0	0	0	0	0	0	0	0	0	0	0	0	0	0	0	0	0	0	0	0	0	1	0	0	0	0	0	0	0	0	0	0	0	0	0	0	0	0	0	0	1	0	0	0	51	96	395	236	76	77	88	163	95	164	84	147	59	78	262	71	55	89	80	126	107	137	109	66	98	40	15	56	27	120	178	227	78	58	104	80	164	9	59	155	161	215	87	46	56	36	154	64	284	150	261	63	16	100	234	122	28	180	157	279	30	150	131	72	287	81	58	217	120	20	227	84	115	94	121	122	79	49	27	38	33	13	48	119	121	44	0	83	24	94	56	138	104	48	57	243	220	76	273	42	95	148	89	81	23	38	6	91	148	175	106	95	45	154	96	47	3	10	102	53	109	51	28	97	35	52	86	19	132	206	73	42	133	18	141	30	82	60	279	107	42	100	57	113	212	177	104	54	45	109	152	246	133	4	211	198	194	61	97	68	55	109	29	21	31	79	408	23	223	87	24	118	183	58	91	373	194	103	61	0	121	48	109	124	101	292	0	37	70	46	262	56	7	35	65	110	96	213	326	52	143	123	31	177	28	199	50	60	48	335	0	69	153	72	57	106	35	49	3	94	339	102	28	143	82	2	32	133	46	131	99	86	108	81	149	98	81	39	39	71	77	38	132	85	40	83	25	69	56	83	79	26	48	70	122	108	76	31	54	108	50	76	141	179	65	11	164	134	45	119	100	163	58	129	96	95	18	120	62	99	130	168	0	77	134	45	131	51	97	111	51	119	63	145	70	53	39	81	40	52	104	131	46	22	54	37	35	27	81	159	138	39	35	30	78	42	246	157	45	93	23	61	225	129	40	423	113	207	174	77	14	133	38	77	184	298	106	20	107	31	63	236	219	96	14	23	35	68	159	39	28	99	110	97	136	44	54	58	154	250	175	158	259	96	11	61	95	66	35	54	52	100	201	19	262	64	55	68	166	68	38	21	126	30	113	51	47	104	108	44	64	19	57	25	132	153	26	35	18	36	117	36	62	122	58	68	63	173	73	42	29	201	104	66	93	93	21	13	92	72	96	167	138	68	95	38	49	127	37	6	1	40	169	126	86	238	0	77	33	210	38	103	89	103	179	37	41	89	39	74	75	301	33	86	176	102	87	23	159	47	43	135	185	126	74	39	7	36	31	252	254	83	237	8	108	116	107	0	139	121	443	63	154	30	155	153	133	45	67	52	65	11	112	79	81	215	49	7	119	96
