0	0	0	0	0	0	0	0	0	0	0	0	0	0	0	0	0	0	0	0	0	0	0	0	0	0	0	0	0	0	0	0	0	0	0	0	0	0	0	0	0	0	0	0	0	0	0	0	0	0	0	0	0	0	0	0	0	0	0	0	0	0	0	0	0	0	0	0	0	0	0	0	0	0	0	0	0	0	0	0	0	0	0	0	0	0	0	0	0	0	0	0	0	0	0	0	0	0	0	0	0	12	12	12	12	12	12	12	12	12	12	12	12	12	12	12	12	12	12	12	12	12	12	12	12	12	12	12	12	12	12	12	12	12	12	12	12	12	12	12	12	12	12	12	12	12	12	12	12	12	12	12	12	12	12	12	12	12	12	12	12	12	12	12	12	12	12	12	12	12	12	12	12	12	12	12	12	12	12	12	12	12	12	12	12	12	12	12	12	12	12	12	12	12	12	12	12	12	12	12	12	24	24	24	24	24	24	24	24	24	24	24	24	24	24	24	24	24	24	24	24	24	24	24	24	24	24	24	24	24	24	24	24	24	24	24	24	24	24	24	24	24	24	24	24	24	24	24	24	24	24	24	24	24	24	24	24	24	24	24	24	24	24	24	24	24	24	24	24	24	24	24	24	24	24	24	24	24	24	24	24	24	24	24	24	24	24	24	24	24	24	24	24	24	24	24	24	24	24	24	24	48	48	48	48	48	48	48	48	48	48	48	48	48	48	48	48	48	48	48	48	48	48	48	48	48	48	48	48	48	48	48	48	48	48	48	48	48	48	48	48	48	48	48	48	48	48	48	48	48	48	48	48	48	48	48	48	48	48	48	48	48	48	48	48	48	48	48	48	48	48	48	48	48	48	48	48	48	48	48	48	48	48	48	48	48	48	48	48	48	48	48	48	48	48	48	48	48	48	48	48	72	72	72	72	72	72	72	72	72	72	72	72	72	72	72	72	72	72	72	72	72	72	72	72	72	72	72	72	72	72	72	72	72	72	72	72	72	72	72	72	72	72	72	72	72	72	72	72	72	72	72	72	72	72	72	72	72	72	72	72	72	72	72	72	72	72	72	72	72	72	72	72	72	72	72	72	72	72	72	72	72	72	72	72	72	72	72	72	72	72	72	72	72	72	72	72	72	72	72	72	96	96	96	96	96	96	96	96	96	96	96	96	96	96	96	96	96	96	96	96	96	96	96	96	96	96	96	96	96	96	96	96	96	96	96	96	96	96	96	96	96	96	96	96	96	96	96	96	96	96	96	96	96	96	96	96	96	96	96	96	96	96	96	96	96	96	96	96	96	96	96	96	96	96	96	96	96	96	96	96	96	96	96	96	96	96	96	96	96	96	96	96	96	96	96	96	96	96	96	96	120	120	120	120	120	120	120	120	120	120	120	120	120	120	120	120	120	120	120	120	120	120	120	120	120	120	120	120	120	120	120	120	120	120	120	120	120	120	120	120	120	120	120	120	120	120	120	120	120	120	120	120	120	120	120	120	120	120	120	120	120	120	120	120	120	120	120	120	120	120	120	120	120	120	120	120	120	120	120	120	120	120	120	120	120	120	120	120	120	120	120	120	120	120	120	120	120	120	120	120	144	144	144	144	144	144	144	144	144	144	144	144	144	144	144	144	144	144	144	144	144	144	144	144	144	144	144	144	144	144	144	144	144	144	144	144	144	144	144	144	144	144	144	144	144	144	144	144	144	144	144	144	144	144	144	144	144	144	144	144	144	144	144	144	144	144	144	144	144	144	144	144	144	144	144	144	144	144	144	144	144	144	144	144	144	144	144	144	144	144	144	144	144	144	144	144	144	144	144	144	180	180	180	180	180	180	180	180	180	180	180	180	180	180	180	180	180	180	180	180	180	180	180	180	180	180	180	180	180	180	180	180	180	180	180	180	180	180	180	180	180	180	180	180	180	180	180	180	180	180	180	180	180	180	180	180	180	180	180	180	180	180	180	180	180	180	180	180	180	180	180	180	180	180	180	180	180	180	180	180	180	180	180	180	180	180	180	180	180	180	180	180	180	180	180	180	180	180	180	180	240	240	240	240	240	240	240	240	240	240	240	240	240	240	240	240	240	240	240	240	240	240	240	240	240	240	240	240	240	240	240	240	240	240	240	240	240	240	240	240	240	240	240	240	240	240	240	240	240	240	240	240	240	240	240	240	240	240	240	240	240	240	240	240	240	240	240	240	240	240	240	240	240	240	240	240	240	240	240	240	240	240	240	240	240	240	240	240	240	240	240	240	240	240	240	240	240	240	240	240
0	0	0	0	0	0	0	0	0	0	0	0	0	0	0	0	0	0	0	0	0	0	0	0	0	0	0	0	0	0	0	0	0	0	0	0	0	0	0	0	0	0	0	0	0	0	0	0	0	0	0	0	0	0	0	0	0	0	0	0	0	0	0	0	0	0	0	0	0	0	0	0	0	0	0	0	0	0	0	0	0	0	0	0	0	0	0	0	0	0	0	0	0	0	0	0	0	0	0	0	0	100	100	100	100	100	100	100	100	100	100	100	100	100	100	100	100	100	100	100	100	100	100	100	100	100	100	100	100	100	100	100	100	100	100	100	100	100	100	100	100	100	100	100	100	100	100	100	100	100	100	100	100	100	100	100	100	100	100	100	100	100	100	100	100	100	100	100	100	100	100	100	100	100	100	100	100	100	100	100	100	100	100	100	100	100	100	100	100	100	100	100	100	100	100	100	100	100	100	100	100	100	100	100	100	100	100	100	100	100	100	100	100	100	100	100	100	100	100	100	100	100	100	100	100	100	100	100	100	100	100	100	100	100	100	100	100	100	100	100	100	100	100	100	100	100	100	100	100	100	100	100	100	100	100	100	100	100	100	100	100	100	100	100	100	100	100	100	100	100	100	100	100	100	100	100	100	100	100	100	100	100	100	100	100	100	100	100	100	100	100	100	100	100	100	100	100	100	100	100	100	100	100	100	100	100	100	100	100	100	100	100	100	100	100	100	100	100	100	100	100	100	100	100	100	100	100	100	100	100	100	100	100	100	100	100	100	100	100	100	100	100	100	100	100	100	100	100	100	100	100	100	100	100	100	100	100	100	100	100	100	100	100	100	100	100	100	100	100	100	100	100	100	100	100	100	100	100	100	100	100	100	100	100	100	100	100	100	100	100	100	100	100	100	100	100	100	100	100	100	100	100	100	100	100	100	100	100	100	100	100	100	100	100	100	100	100	100	100	100	100	100	100	100	100	100	100	100	100	100	100	100	100	100	100	100	100	100	100	100	100	100	100	100	100	100	100	100	100	100	100	100	100	100	100	100	100	100	100	100	100	100	100	100	100	100	100	100	100	100	100	100	100	100	100	100	100	100	100	100	100	100	100	100	100	100	100	100	100	100	100	100	100	100	100	100	100	100	100	100	100	100	100	100	100	100	100	100	100	100	100	100	100	100	100	100	100	100	100	100	100	100	100	100	100	100	100	100	100	100	100	100	100	100	100	100	100	100	100	100	100	100	100	100	100	100	100	100	100	100	100	100	100	100	100	100	100	100	100	100	100	100	100	100	100	100	100	100	100	100	100	100	100	100	100	100	100	100	100	100	100	100	100	100	100	100	100	100	100	100	100	100	100	100	100	100	100	100	100	100	100	100	100	100	100	100	100	100	100	100	100	100	100	100	100	100	100	100	100	100	100	100	100	100	100	100	100	100	100	100	100	100	100	100	100	100	100	100	100	100	100	100	100	100	100	100	100	100	100	100	100	100	100	100	100	100	100	100	100	100	100	100	100	100	100	100	100	100	100	100	100	100	100	100	100	100	100	100	100	100	100	100	100	100	100	100	100	100	100	100	100	100	100	100	100	100	100	100	100	100	100	100	100	100	100	100	100	100	100	100	100	100	100	100	100	100	100	100	100	100	100	100	100	100	100	100	100	100	100	100	100	100	100	100	100	100	100	100	100	100	100	100	100	100	100	100	100	100	100	100	100	100	100	100	100	100	100	100	100	100	100	100	100	100	100	100	100	100	100	100	100	100	100	100	100	100	100	100	100	100	100	100	100	100	100	100	100	100	100	100	100	100	100	100	100	100	100	100	100	100	100	100	100	100	100	100	100	100	100	100	100	100	100	100	100	100	100	100	100	100	100	100	100	100	100	100	100	100	100	100	100	100	100	100	100	100	100	100	100	100	100	100	100	100	100	100	100	100	100	100	100	100	100	100	100	100	100	100	100	100	100	100	100	100	100	100	100	100	100	100	100	100	100	100	100	100	100	100	100	100	100	100	100	100	100	100	100	100	100	100	100	100	100	100	100	100	100	100	100	100	100	100	100	100	100	100	100	100	100	100	100	100	100	100	100	100	100	100	100	100	100	100	100	100	100	100	100	100	100	100	100	100	100	100	100	100	100	100	100	100	100	100	100	100	100	100	100	100	100	100	100	100	100	100	100	100	100	100	100	100	100	100	100	100	100	100	100	100	100	100	100	100	100	100	100	100	100	100	100	100	100	100	100	100	100	100	100	100	100	100	100	100	100	100	100	100	100	100	100	100	100
1	0	0	0	0	0	0	7	0	0	0	0	0	0	0	0	0	0	0	0	0	0	0	0	0	0	0	0	0	0	0	0	0	0	0	27	3	0	0	23	0	0	0	0	0	0	0	0	0	0	0	0	0	0	0	0	0	0	0	0	0	0	0	0	0	0	0	0	0	0	0	0	0	0	0	0	0	0	0	0	0	71	0	0	0	58	0	0	0	0	0	0	0	0	0	12	0	0	0	0	0	139	65	129	57	71	0	45	2	255	121	69	113	0	61	1	17	13	74	84	13	131	34	410	18	52	50	132	60	3	50	39	68	28	62	78	55	65	158	171	23	77	82	83	9	15	161	29	68	86	14	121	67	83	82	33	59	165	68	72	139	24	2	10	4	106	51	11	47	282	21	70	137	45	46	33	165	0	46	112	79	131	103	56	62	159	65	95	135	22	47	160	60	23	308	5	209	100	200	55	253	83	111	225	68	152	160	220	140	67	106	155	47	70	91	34	138	148	78	204	70	218	56	130	132	19	121	23	76	2	143	29	31	219	84	30	43	65	148	66	89	81	111	114	32	7	193	27	104	161	163	111	238	85	155	53	95	91	218	119	272	114	112	75	30	61	99	95	4	77	79	114	137	10	41	45	51	26	360	64	179	137	103	57	129	51	14	125	101	160	102	132	222	78	29	48	269	37	97	168	84	82	182	37	145	284	59	124	9	16	2	100	11	68	32	93	44	57	23	190	215	17	154	120	114	144	16	117	175	57	235	82	53	92	338	136	203	19	192	75	149	86	45	209	78	16	227	162	118	48	102	71	46	139	115	30	167	293	134	121	19	87	26	46	116	142	130	163	230	110	146	78	256	100	51	83	172	43	64	93	13	103	102	96	53	137	22	133	65	32	165	35	106	32	88	128	67	411	98	108	32	42	54	205	81	60	155	169	54	95	120	333	94	91	132	155	25	68	54	195	448	79	181	84	37	110	161	93	76	129	96	2	68	75	63	53	91	31	63	30	40	37	23	74	56	59	297	62	40	115	58	85	93	49	81	88	128	111	170	74	131	118	118	268	210	85	62	42	215	68	47	112	102	35	63	228	254	93	133	46	109	58	26	112	52	34	137	257	204	129	80	165	75	113	24	96	55	49	22	22	43	41	14	1	7	217	193	54	90	11	70	102	210	112	57	217	177	14	164	15	68	18	108	42	87	103	57	98	248	220	79	152	85	24	135	39	46	75	22	63	12	135	49	30	85	50	277	65	116	82	27	52	30	17	24	48	16	143	22	232	73	180	37	76	62	25	179	64	28	27	44	191	143	91	77	24	100	11	260	168	55	92	188	33	20	26	100	224	111	99	37	27	81	42	195	94	69	22	232	45	117	64	129	115	18	135	127	40	67	115	108	272	55	73	223	5	259	142	17	95	46	40	48	134	183	84	84	128	159	26	65	73	226	112	55	67	21	43	142	49	217	166	138	15	166	166	30	195	177	96	71	299	92	59	91	32	89	101	47	27	58	58	50	19	104	100	91	112	41	14	36	50	88	107	92	185	83	25	10	14	139	227	101	110	190	243	140	47	106	39	240	76	182	242	72	49	173	109	178	47	23	101	25	10	21	19	14	97	78	48	5	222	14	222	87	29	36	13	63	139	109	300	23	128	100	101	163	117	121	98	53	99	38	51	162	73	119	66	27	303	50	58	236	62	24	74	9	62	52	142	27	236	30	146	93	53	72	187	110	104	42	127	100	97	28	10	39	164	42	10	18	5	115	51	193	180	22	114	80	156	209	90	49	123	98	37	146	116	143	74	40	82	154	27	68	309	53	185	206	69	84	21	234	148	56	74	69	245	267	128	18	37	57	66	208	25	91	134	122	113	178	175	94	24	91	1	21	88	97	55	234	35	40	79	17	175	32	90	53	47	109	113	172	60	158	82	72	57	16	111	67	24	200	201	77	16	56	115	207	182	93	16	34	40	84	295	34	144	46	161	49	58	90	60	23	69	69	60	54	83	68	111	60	155	105	31	103	124	13	109	96	94	285	101	105	71	76	73	71	39	331	26	290	125	14	117	66	156	66	208	147	100	107	211	150	31	52	159	18	124	207	100	32	42	15	132	121	89	24	193	15	27	229	128	101	123	15	207	38	65	53	83	97	185	9	215	116	151	267	53	243	177	98	198	28	100	96	106	215	233	136	48	53	69	219	134	26	201	161	214	110	233	39	65	43	158	297	31	64	196	80	153	48	71	82	263	120	60	51	36	73	69	32	92	111	20	51	65	189	214	96
2	0	0	0	0	0	0	0	0	0	0	0	0	0	0	0	0	0	0	0	0	0	0	0	0	0	0	0	0	0	0	0	0	0	0	0	0	0	0	0	0	0	0	0	0	0	0	0	0	0	0	0	0	0	0	0	0	0	0	0	0	0	0	0	0	0	0	0	0	0	0	0	0	0	0	0	0	0	0	0	0	0	0	0	0	0	0	0	0	0	0	0	0	0	0	0	0	0	0	0	0	50	13	164	103	9	39	48	56	33	91	77	151	45	48	49	63	36	46	43	40	104	74	19	123	162	11	127	41	68	48	96	107	24	83	210	52	226	116	82	111	85	89	56	0	137	20	49	274	173	46	35	218	51	197	9	189	9	59	14	128	188	133	23	37	36	61	42	1	124	12	22	342	82	65	0	45	122	73	37	8	1	46	18	253	63	188	22	111	75	141	0	86	81	84	8	106	21	76	34	124	14	56	56	24	149	5	214	32	17	19	138	238	44	118	9	60	114	122	146	2	171	187	15	40	204	60	72	50	105	43	31	75	88	111	3	127	47	6	1	30	151	50	11	57	117	152	6	71	89	13	56	9	64	42	173	184	53	35	62	33	92	117	20	47	79	105	47	5	128	155	81	186	13	68	141	38	25	28	127	30	74	10	37	101	107	118	80	25	4	24	45	86	176	51	196	90	59	120	41	57	103	75	133	87	101	113	141	112	170	58	143	61	207	73	63	80	37	28	23	40	50	34	49	98	31	123	39	111	82	159	34	292	85	132	227	38	77	154	29	54	61	172	79	363	387	126	117	105	146	64	91	36	123	177	50	179	55	121	54	273	19	156	90	172	115	34	4	48	152	179	108	110	22	131	164	35	182	133	161	132	83	6	151	141	80	92	10	59	6	158	43	39	70	192	142	15	278	97	78	138	66	112	11	80	100	88	91	42	57	90	272	26	43	55	157	80	82	135	12	95	7	90	83	187	78	142	59	39	110	8	46	155	101	282	23	103	59	37	154	151	107	29	135	94	46	86	88	177	360	110	61	112	75	46	45	77	58	37	76	35	6	189	205	90	48	39	149	34	125	71	51	36	72	61	6	103	78	93	242	22	128	24	50	174	117	23	95	41	244	132	22	116	31	7	78	97	94	43	93	72	48	357	218	86	57	103	66	153	53	37	77	13	161	197	81	210	51	57	19	99	74	101	39	50	56	185	80	61	62	90	103	52	110	168	43	95	58	72	65	231	44	113	120	98	108	43	19	84	46	44	131	239	175	185	96	99	137	29	197	33	147	27	92	118	82	21	51	200	108	113	135	78	63	186	40	120	25	104	52	76	253	67	166	109	393	69	82	82	124	159	190	116	191	94	126	97	20	170	101	237	284	256	52	170	85	147	91	38	143	111	23	31	50	75	32	101	119	300	179	27	96	50	27	59	33	54	111	118	28	125	91	121	78	196	88	22	122	108	61	77	140	100	102	184	157	104	426	145	95	50	100	36	28	109	206	27	96	197	128	115	18	18	61	79	86	22	94	99	232	82	62	138	115	63	185	20	14	24	82	34	28	41	147	273	103	17	67	172	73	188	91	64	267	58	45	103	71	83	276	90	69	52	101	88	63	216	22	49	159	256	112	56	206	97	13	55	136	6	117	241	46	125	183	72	224	89	97	147	48	36	293	153	13	65	75	32	183	21	122	51	87	216	50	56	55	104	95	125	125	50	140	202	100	95	122	89	72	23	218	109	59	54	107	38	86	6	30	102	62	32	185	145	249	25	171	74	107	75	99	58	88	67	93	101	26	169	90	212	88	48	45	225	66	81	97	117	93	118	118	53	133	59	24	117	35	68	44	68	263	43	41	104	217	42	49	228	209	82	66	247	201	190	122	41	30	63	76	102	222	69	28	47	25	100	82	112	23	74	113	266	53	82	75	76	196	196	210	119	41	140	90	30	78	205	54	13	14	65	18	18	49	44	157	69	53	98	107	110	113	101	18	188	58	94	115	26	242	160	141	62	74	83	251	113	180	94	156	114	127	194	317	86	37	21	172	77	129	185	131	122	131	108	49	86	100	152	53	12	67	54	68	150	100	228	95	65	194	20	173	149	122	54	74	194	92	44	92	9	94	7	70	50	178	25	85	269	30	85	38	81	79	52	97	80	140	69	107	4	69	45	34	109	97	158	75	109	44	93	199	152	121	100	264	100	281	51	15	63	49	129	167	54	27	229	75	213	90	65	174	94	258	86	219	70	93	17	135	68	224	219	74	112	75	171	71	327	88	226	197	99
3	0	0	0	0	0	0	0	0	0	0	0	0	0	0	0	0	0	0	0	0	0	0	0	0	0	0	0	0	0	0	0	0	0	0	0	0	0	0	0	0	0	0	0	0	0	0	0	0	0	0	0	0	0	0	0	0	0	0	0	0	0	0	0	0	0	0	0	84	0	0	0	0	0	0	0	0	0	0	0	0	0	0	0	0	0	0	0	0	0	0	0	0	0	0	0	0	0	0	0	0	0	0	0	6	0	0	0	21	0	0	0	0	0	0	0	0	0	0	0	0	0	0	0	0	0	6	0	0	0	0	0	0	0	0	0	0	12	0	4	5	4	0	0	0	0	20	0	0	0	0	11	0	0	22	0	0	0	0	0	0	0	2	0	0	0	5	0	0	0	15	0	0	26	0	0	0	0	0	0	0	0	0	0	0	10	14	0	0	7	2	0	0	0	0	0	3	0	7	0	0	22	4	0	0	244	0	0	0	0	0	77	8	0	31	0	0	0	0	0	0	0	121	16	0	28	0	0	0	0	83	0	208	14	0	0	1	0	0	0	0	0	79	0	53	107	0	48	0	10	0	84	1	0	148	0	2	202	132	173	7	68	234	50	24	15	49	85	0	168	37	15	26	0	29	51	41	0	0	1	0	21	42	1	91	0	1	12	0	0	0	29	45	0	0	19	1	0	3	171	22	57	66	139	77	52	80	50	261	77	24	100	156	171	5	59	93	43	41	14	25	56	44	46	48	187	136	38	151	83	14	36	26	208	167	118	34	110	241	129	47	0	112	51	60	124	23	6	264	184	70	64	205	43	105	275	97	263	215	28	118	57	51	149	54	28	154	74	94	149	154	67	89	57	16	91	32	104	49	111	208	105	12	36	87	15	296	90	48	79	26	106	182	75	34	143	66	156	141	76	232	155	96	14	34	207	54	186	144	70	181	79	90	49	71	131	153	76	47	28	89	87	29	111	175	96	41	95	98	445	57	37	30	40	59	141	48	197	45	96	307	74	22	169	103	79	42	57	157	6	23	29	98	184	173	88	107	38	74	182	150	83	29	361	103	127	147	70	85	65	26	69	7	95	67	32	64	166	99	96	16	47	151	97	53	17	67	108	145	154	79	54	108	176	47	99	57	55	154	295	23	64	294	283	45	83	63	148	175	45	142	85	111	258	107	18	104	82	26	9	112	57	239	92	23	89	129	154	142	60	267	107	85	221	119	42	14	62	67	130	90	21	46	133	19	36	230	209	61	84	37	256	240	2	66	267	101	121	136	53	83	166	103	31	40	71	132	31	15	7	32	129	46	222	198	41	52	39	46	22	101	61	81	101	229	59	19	20	76	154	47	76	123	41	18	113	85	73	101	55	71	238	61	51	178	159	42	56	27	78	43	39	33	93	87	36	107	154	127	22	88	52	109	193	73	59	156	17	47	268	83	140	111	46	192	113	83	106	52	222	180	97	80	217	139	184	21	167	74	10	117	44	40	146	39	100	21	98	75	72	112	120	39	45	21	29	166	76	63	124	10	13	37	41	23	54	146	64	84	26	76	163	23	139	148	13	81	77	272	42	87	127	37	40	78	164	9	165	4	107	209	48	179	16	68	34	123	140	320	48	36	31	122	81	89	49	196	28	110	61	30	112	51	48	60	64	239	119	266	29	120	165	41	110	65	65	90	15	32	164	122	176	214	80	141	279	101	126	164	256	71	229	71	172	157	52	143	108	1	22	96	39	81	105	76	107	127	58	80	23	99	150	180	121	114	36	51	28	77	61	130	107	69	85	23	179	48	138	118	113	97	128	96	41	90	34	173	60	71	48	65	62	380	116	113	143	95	121	101	66	111	31	139	169	36	157	46	185	50	65	84	86	0	85	47	123	95	20	61	266	154	8	50	19	93	56	30	20	193	11	137	54	126	44	11	17	89	219	75	156	122	45	80	51	24	89	74	54	95	60	24	55	27	103	109	90	68	103	10	107	84	80	44	29	6	44	30	73	80	75	27	82	79	275	169	254	109	13	68	67	48	167	26	70	46	157	83	40	55	133	59	82	159	81	159	97	95	161	107	161	78	57	41	123	132	160	129	178	269	121	20	100	126	283	18	80	102	171	133	133	325	28	86	156	50	27	27	232	28	107	116	29	37	53	267	19	71	88	27	8	95	45	121	40	25	11	50	44	47	76	44	209	115	37	179	3	64	87	83	120	215	31	191	180	81	190	192	331	48	96	45	111	136	58	57	79	79	136	58	93	129	12	26	61	92	34	121	32	24	77	101
4	0	0	0	0	0	0	0	0	0	0	0	0	0	0	0	0	0	0	0	0	0	0	0	0	0	0	0	0	0	0	2	0	0	0	0	0	0	0	0	0	0	0	0	0	0	0	0	0	0	0	0	0	0	0	0	0	0	0	0	0	0	0	0	0	0	0	0	0	0	0	0	0	0	0	0	0	0	0	0	0	0	0	0	0	0	0	0	0	0	16	0	0	0	0	0	0	0	0	0	0	24	52	0	0	0	0	5	0	0	0	0	46	0	0	0	0	0	0	0	0	11	0	0	0	0	7	0	0	0	1	0	0	1	0	0	0	0	8	5	0	101	0	0	0	0	2	0	1	34	0	0	38	0	0	0	0	0	31	0	0	107	0	0	2	0	0	0	0	0	0	0	27	0	0	0	0	0	0	0	0	0	13	0	0	0	0	0	0	0	0	22	0	0	0	0	0	0	0	0	96	53	0	79	1	8	0	8	19	0	15	110	36	0	134	0	28	11	0	26	0	12	37	5	0	27	22	0	0	0	208	0	94	0	9	1	71	0	0	0	0	0	73	15	0	2	31	54	0	0	53	97	12	0	20	1	33	7	19	12	0	121	17	0	0	46	4	2	0	38	74	1	165	0	183	1	172	7	5	11	8	37	225	0	25	74	16	0	0	0	1	89	74	109	0	98	0	0	0	117	0	80	53	92	76	99	216	106	82	186	127	91	228	60	90	154	84	232	45	85	91	18	41	64	55	4	108	0	16	0	145	69	41	244	115	65	2	27	227	64	238	1	90	19	24	72	43	70	82	24	37	45	59	72	38	51	36	126	289	102	47	77	108	67	46	29	70	109	83	91	104	44	44	76	107	85	255	89	22	50	23	13	66	5	88	46	46	46	23	48	54	122	124	15	59	16	107	165	51	216	232	23	39	94	248	86	81	100	53	129	116	81	253	45	21	32	84	324	97	84	243	61	129	42	43	101	83	82	168	27	42	53	72	181	72	363	38	249	164	153	76	51	111	52	206	83	147	140	186	56	81	99	54	144	19	108	45	72	41	38	107	121	114	161	134	35	38	91	28	153	124	56	626	56	214	34	71	124	127	36	65	102	30	82	73	34	201	56	74	45	118	10	145	153	82	56	80	332	22	147	89	47	38	59	90	48	101	122	408	168	41	76	164	30	32	84	24	93	133	49	38	112	120	28	79	101	35	42	23	171	75	182	41	75	148	29	102	46	410	42	59	119	29	178	109	179	15	129	326	57	212	101	141	27	41	196	42	54	53	161	62	95	43	50	123	201	58	161	72	248	153	133	104	233	98	36	69	67	81	32	18	13	129	174	84	29	5	93	137	3	147	85	136	87	78	77	123	53	27	124	101	44	134	321	215	113	51	60	90	83	21	113	111	39	118	96	145	324	200	31	197	42	72	127	17	269	40	22	120	128	93	18	257	123	60	174	161	72	69	93	148	20	58	67	237	37	27	77	58	9	48	58	253	63	479	69	101	30	66	191	108	15	97	44	59	248	68	33	25	61	39	49	58	94	84	7	226	73	51	15	45	124	122	204	36	63	88	188	143	79	38	151	22	47	48	237	182	39	136	132	72	90	93	16	196	130	78	112	52	130	71	100	105	75	27	204	68	184	68	155	116	236	18	179	91	246	81	36	41	43	91	330	22	228	58	39	231	27	139	81	150	41	33	44	154	64	118	73	270	66	13	37	53	139	123	294	67	33	195	79	91	142	250	130	370	143	55	67	47	20	77	34	48	128	54	117	129	200	153	57	110	158	34	17	64	82	138	131	144	66	9	57	37	194	52	166	58	73	25	78	21	175	17	186	7	50	28	37	217	142	10	10	81	28	5	38	47	207	7	43	258	24	253	100	87	71	102	198	42	69	72	7	168	179	53	24	47	161	166	29	54	100	168	76	66	118	78	29	197	300	73	63	170	271	150	58	12	11	96	98	66	104	164	12	20	139	46	50	126	228	160	41	40	139	77	73	182	82	61	12	84	255	4	199	25	355	25	106	51	158	51	66	179	229	121	49	100	237	27	49	66	29	89	52	162	88	47	36	77	39	27	26	38	276	84	58	64	126	123	387	58	85	16	127	23	6	119	275	87	52	80	67	125	132	28	87	29	120	72	193	310	6	276	282	133	64	106	67	152	45	71	88	138	136	57	93	49	89	25	243	59	43	71	238	9	175	56	230	108	154	83	43	89	47	79	251	29	224	82	77	170	47	60	105	90	25	79	142	91	61	45	140	34	27	53	155	43	80	50	125	114
5	0	0	0	0	0	0	0	0	0	0	0	0	0	0	0	0	0	0	0	0	0	0	0	0	0	0	0	0	0	0	0	0	0	0	0	0	0	0	0	0	0	0	0	0	0	0	0	0	0	0	0	0	0	0	0	0	0	0	0	0	0	12	0	0	0	0	0	0	0	0	0	0	0	0	0	0	0	0	0	0	0	0	0	0	0	0	0	0	0	0	0	0	0	0	0	0	0	0	0	0	0	0	0	0	0	0	0	0	0	0	2	0	0	0	0	0	0	106	0	0	0	5	0	0	0	0	0	0	0	0	0	0	0	0	0	0	24	0	0	79	0	0	0	0	31	0	0	0	0	0	0	0	0	0	0	0	0	8	0	0	0	0	0	0	0	0	25	0	0	0	0	0	0	0	0	0	0	0	0	0	0	0	20	30	0	0	0	15	0	0	0	0	57	0	0	0	0	0	0	0	6	0	0	23	0	1	15	0	0	0	50	82	15	83	130	0	0	0	8	0	0	31	119	33	51	0	0	1	7	15	1	0	88	0	0	0	47	0	0	0	0	44	6	0	46	0	0	3	0	0	12	101	49	7	0	23	87	124	94	0	13	146	3	30	2	108	107	0	3	167	0	102	0	49	76	0	0	0	125	104	0	12	5	54	0	0	98	12	0	16	177	7	34	8	37	0	0	0	16	1	110	101	59	56	21	45	71	129	13	50	74	64	27	31	36	120	93	43	51	30	94	183	142	131	76	45	104	59	41	294	254	154	20	36	170	20	60	37	143	129	58	42	48	96	120	130	131	129	119	14	42	35	165	205	125	139	115	3	99	142	10	36	98	15	51	149	78	104	25	54	234	105	140	27	146	162	34	476	63	106	177	68	38	208	45	64	269	125	87	99	176	168	85	78	82	15	106	86	39	71	188	17	136	54	93	215	51	134	20	23	54	161	93	122	90	35	75	106	151	67	60	78	32	50	157	61	47	59	99	61	110	314	31	44	35	40	90	131	51	37	170	123	99	25	62	69	12	118	77	87	10	44	98	15	87	100	117	76	236	83	55	20	7	28	96	108	45	176	29	355	90	89	176	25	61	163	55	43	229	19	45	167	115	150	96	130	189	74	118	120	35	222	105	98	139	45	157	76	109	70	30	23	39	53	145	84	124	62	67	39	106	82	185	234	64	89	144	38	62	106	62	134	161	25	29	92	171	55	122	44	33	116	60	93	74	151	68	94	70	55	100	76	17	176	281	469	69	74	13	70	79	93	44	22	77	13	134	257	171	50	164	147	99	92	158	140	62	62	140	7	94	96	189	17	94	161	193	240	139	169	77	81	94	50	248	169	67	89	19	219	104	18	61	152	82	234	19	117	77	46	29	128	183	93	330	97	105	173	44	75	30	150	81	235	74	82	4	54	80	74	107	19	132	110	48	106	189	147	183	51	75	7	46	81	132	77	94	85	19	128	105	65	30	45	111	218	12	78	23	246	60	94	267	127	140	20	191	163	126	58	130	15	66	145	191	133	74	27	132	142	122	50	51	294	117	41	29	30	79	16	225	94	26	60	35	218	10	286	17	121	114	130	261	29	86	94	142	56	92	306	104	38	118	63	92	55	55	147	14	198	73	80	38	162	85	68	14	66	74	100	40	89	87	20	84	70	214	65	151	131	56	121	135	95	103	70	70	30	100	23	80	82	91	132	101	116	79	126	53	73	39	138	174	78	141	90	96	31	11	51	41	72	110	121	133	28	110	78	103	184	187	135	13	180	34	61	76	57	88	90	40	114	36	69	175	197	30	23	55	19	244	36	63	27	91	107	76	8	289	27	108	42	176	92	90	136	100	40	81	77	51	31	46	218	22	68	214	63	10	26	167	127	215	389	106	20	46	262	24	83	94	49	39	163	27	146	188	349	68	177	53	30	131	163	193	27	71	85	19	33	166	74	76	67	303	47	41	40	51	20	52	53	120	6	73	118	50	94	90	22	110	85	290	38	156	153	200	13	267	120	124	201	38	57	333	299	19	154	34	114	176	233	183	209	52	103	179	200	285	23	80	74	214	85	73	115	34	79	83	107	114	183	82	147	6	153	23	214	110	182	41	12	32	94	32	16	153	37	72	21	18	58	13	10	61	197	28	209	164	113	8	34	141	304	107	41	68	113	238	103	11	54	126	90	89	155	238	1	85	79	105	120	98	197	280	25	148	251	68	173	88	89	158	165	149	60	204	53	83	151	41	38	71	157	126	37	120	83	40	30	132	125	76	232	42	108	138	78	237	28
6	0	0	0	0	0	0	0	0	0	0	0	0	0	0	0	0	0	0	0	0	0	0	0	0	0	0	0	0	0	0	0	0	0	0	0	0	0	0	0	0	0	0	0	0	0	0	0	0	0	0	0	0	0	0	0	0	0	0	0	0	0	0	0	0	0	0	0	0	0	0	0	0	0	42	0	0	0	0	0	0	0	0	0	0	0	0	0	0	0	0	0	0	0	0	0	0	0	0	0	0	0	0	0	25	0	28	0	0	0	0	0	0	4	0	0	58	9	0	0	0	0	0	23	0	0	0	0	11	0	0	0	0	0	0	0	0	0	0	0	0	8	6	21	0	5	0	3	0	0	0	0	0	0	0	0	0	0	1	0	10	0	0	0	0	0	0	0	0	7	0	0	0	47	0	0	0	0	0	0	0	0	0	0	0	0	40	17	0	0	0	0	0	0	0	0	0	0	0	0	4	19	96	19	0	0	1	341	13	0	67	9	278	0	68	28	0	41	0	11	0	3	14	67	0	128	0	0	0	0	25	0	3	74	0	0	50	0	1	7	0	15	108	6	23	12	0	32	65	73	0	45	0	0	33	0	0	16	3	20	0	129	14	95	95	311	77	11	0	38	0	72	0	0	158	20	100	0	41	7	65	24	0	3	22	4	103	44	31	0	12	383	35	38	0	27	19	0	9	82	0	232	97	25	141	131	164	29	202	86	108	119	159	195	102	228	9	51	223	59	80	6	103	109	5	50	13	25	93	67	95	9	35	13	223	22	104	4	151	63	175	155	99	58	22	213	65	56	92	81	17	238	5	26	83	112	23	139	79	265	34	30	152	24	123	71	60	44	42	47	136	42	14	78	110	34	48	94	105	12	191	55	34	5	36	95	61	133	113	66	82	95	86	34	216	53	42	21	265	171	86	37	163	7	84	121	53	73	95	82	54	14	92	65	132	111	15	258	28	70	299	61	51	274	51	73	85	31	19	75	73	168	189	47	250	134	82	111	118	192	148	39	82	80	193	116	282	16	202	129	26	259	81	72	122	178	28	72	80	52	176	48	54	73	92	5	18	112	87	77	91	36	90	91	128	39	93	123	26	80	198	100	99	105	100	13	11	114	214	120	19	122	29	66	158	36	65	102	33	220	67	102	30	106	58	178	135	161	13	84	71	187	180	84	274	12	37	188	145	68	116	30	135	6	177	116	68	119	69	56	46	62	167	7	42	106	78	6	49	76	85	86	14	61	78	90	113	93	37	77	88	40	102	116	173	79	37	189	39	98	229	95	29	41	40	44	164	385	203	63	54	128	64	61	208	77	92	58	126	155	123	38	72	132	22	197	30	92	56	231	21	123	65	54	38	12	57	62	112	179	232	135	73	190	105	96	30	105	140	120	261	44	85	51	72	138	50	8	70	37	46	146	100	26	196	55	115	42	24	6	103	137	79	186	105	32	38	34	81	17	378	72	131	6	130	145	133	101	26	76	174	87	55	173	32	62	37	16	164	179	30	100	70	60	81	25	86	37	142	55	179	137	41	29	49	156	10	42	101	97	61	105	166	66	81	17	96	24	134	49	237	119	31	112	61	125	64	23	46	218	88	274	93	12	258	92	12	168	45	99	15	109	167	74	121	86	144	104	215	138	79	38	116	277	32	33	23	102	229	15	69	61	224	134	194	46	122	56	128	148	165	185	176	46	185	156	15	35	49	22	263	21	15	23	25	74	171	74	291	11	156	50	222	234	43	192	84	102	50	71	27	272	59	76	126	16	40	140	74	55	118	88	83	97	113	43	86	30	22	24	114	241	132	49	15	125	81	232	123	32	50	54	22	204	221	34	172	188	95	164	51	54	33	76	116	92	110	89	141	42	87	107	92	89	28	65	5	14	211	191	81	94	173	39	130	119	47	28	71	97	83	42	142	43	28	171	140	30	35	86	61	182	32	25	8	65	72	69	152	116	9	135	54	149	101	74	139	49	178	79	41	149	20	256	36	210	266	32	61	88	150	49	337	152	82	47	94	170	36	144	156	159	94	37	26	143	147	14	310	39	120	170	101	78	17	241	110	1	214	35	82	88	65	114	118	69	54	95	101	20	37	110	72	29	131	224	44	114	70	129	48	33	51	37	53	20	63	70	95	94	41	226	102	23	89	131	139	31	121	90	85	34	138	141	169	55	145	160	118	24	10	66	75	39	108	153	154	116	135	86	99	98	214	14	42	73	78	42	215	30	291	42	72	66	115	68	178	130	114	170	35	48	33	20	81	143	112	175	105	61	109
7	0	0	0	0	0	0	0	0	0	0	0	0	0	0	0	0	0	0	0	0	0	0	0	0	0	0	0	0	0	0	0	0	0	0	0	0	0	0	0	0	0	0	0	0	0	0	0	0	0	0	0	29	0	0	0	0	0	0	0	0	0	0	0	0	0	0	0	0	0	40	12	0	0	0	0	0	0	0	0	0	0	0	0	0	0	0	0	0	0	0	0	0	0	0	0	0	0	0	0	0	0	0	0	0	0	0	1	0	0	0	0	0	22	0	6	0	0	0	0	0	12	0	0	166	12	0	0	0	0	0	0	0	0	0	0	0	0	0	0	0	0	0	5	0	0	0	0	0	49	0	0	0	0	0	0	0	0	44	0	0	0	0	0	0	0	0	8	0	38	0	0	0	0	0	0	0	0	0	0	0	0	0	0	0	0	0	0	0	0	0	0	17	0	0	0	0	0	0	0	0	128	18	57	0	0	21	21	13	0	10	100	19	1	0	31	49	23	0	0	0	0	238	50	0	0	28	0	0	0	79	28	225	65	0	0	9	111	3	94	10	0	96	17	21	168	0	0	91	31	0	128	330	81	36	0	0	141	75	38	0	92	43	0	0	4	96	0	0	17	3	0	45	0	195	11	51	0	74	97	26	4	9	42	56	0	0	38	0	0	142	97	58	68	0	91	2	0	10	155	33	5	198	97	38	16	318	98	107	48	41	67	243	33	5	27	27	31	157	231	13	163	163	160	81	73	41	49	188	30	87	141	88	91	34	44	163	0	28	217	180	110	18	5	275	13	133	158	35	70	40	120	85	149	82	93	233	119	15	199	223	58	42	48	70	115	26	187	231	19	90	80	101	172	131	44	32	153	83	210	106	51	6	59	62	43	161	40	56	26	19	190	22	9	90	79	34	111	6	100	112	22	8	175	15	26	15	157	116	62	129	107	6	40	87	36	32	51	52	101	156	96	137	42	254	46	67	30	69	194	69	96	16	206	27	149	83	62	33	70	74	164	116	76	71	6	205	71	175	245	101	64	75	57	76	116	107	96	59	285	203	97	33	166	184	98	91	39	50	166	54	95	81	44	207	42	88	33	164	85	102	21	130	26	29	23	19	19	52	31	44	93	56	17	55	93	54	73	101	139	94	101	108	70	140	157	213	71	42	63	25	61	95	110	138	168	51	89	30	11	100	256	60	206	22	60	50	82	18	136	144	142	84	90	72	28	123	97	190	31	40	165	110	82	52	171	91	234	100	82	52	219	47	26	79	39	50	61	47	247	41	66	67	174	67	27	33	25	44	43	48	9	21	70	14	309	104	136	130	134	46	39	26	127	60	31	220	80	17	115	158	142	99	37	20	134	90	72	85	156	53	46	58	205	149	72	29	6	38	227	212	64	68	93	182	132	91	121	191	86	117	17	20	49	46	44	108	47	100	276	201	13	20	55	37	83	224	261	107	85	296	46	130	24	93	256	91	86	206	87	209	116	327	36	266	64	176	103	114	36	277	83	338	83	118	54	177	110	227	43	219	67	100	81	105	79	65	87	22	73	154	40	114	220	39	107	97	120	92	128	99	70	153	127	185	136	103	79	52	115	196	107	213	78	72	137	60	79	63	72	87	81	122	77	132	26	56	32	79	12	55	180	195	76	115	40	74	97	194	57	101	65	87	99	20	99	93	37	52	119	112	64	12	189	25	42	242	65	100	65	32	181	13	18	94	41	21	78	7	73	16	110	59	119	173	238	110	59	17	15	57	19	188	73	22	203	35	121	97	221	20	69	84	78	96	163	90	55	63	201	117	137	113	143	50	85	42	366	162	9	173	40	85	29	31	60	156	118	163	74	89	125	219	178	60	68	128	190	5	26	78	227	109	25	110	178	27	8	161	82	322	268	169	5	99	227	43	84	73	46	76	151	37	84	21	66	33	95	147	92	32	112	35	9	115	164	115	187	125	103	54	59	100	46	44	60	83	317	78	90	176	103	22	155	27	60	165	7	162	61	100	56	20	44	117	292	86	22	53	93	111	88	119	260	90	129	259	73	44	182	108	170	33	115	64	30	30	353	86	130	58	46	161	123	182	52	192	25	69	72	118	33	73	180	145	57	244	98	65	14	81	170	110	81	90	97	69	119	22	125	79	209	164	82	38	10	238	96	200	40	28	38	49	23	335	151	30	340	66	39	131	394	47	26	53	230	36	25	41	47	24	48	97	104	117	91	191	120	158	150	144	95	67	78	29	28	108	132	93	206	176	153	145	93	124	46	118	286	20	84	57
8	0	0	0	0	0	0	0	0	0	0	0	0	0	0	0	0	0	0	0	0	0	0	0	0	0	0	0	0	0	0	0	0	0	0	0	0	0	0	0	0	0	0	0	0	0	0	0	0	0	0	0	0	0	0	0	0	0	0	0	0	0	0	0	0	0	0	0	0	0	0	0	0	0	0	0	0	0	0	0	0	0	0	0	0	0	0	0	0	0	0	0	0	0	0	0	0	0	0	0	22	0	0	4	1	0	0	0	0	0	0	0	0	0	0	0	0	0	0	0	0	0	0	0	1	0	0	0	0	0	0	0	0	0	0	0	0	0	0	0	0	0	0	0	0	0	0	0	0	10	0	0	0	0	0	0	0	0	0	0	0	0	0	0	0	11	0	5	0	0	0	0	20	0	0	0	0	0	0	0	0	0	0	0	0	0	0	0	32	0	0	0	0	0	0	0	13	0	0	0	0	94	0	0	0	0	0	0	0	0	0	98	66	0	110	0	7	0	8	0	0	4	165	19	197	0	0	0	0	0	94	0	2	0	0	0	5	5	0	0	0	0	226	8	50	11	7	18	0	0	0	16	38	0	138	30	0	156	12	15	0	38	6	28	0	17	12	40	21	96	196	10	3	0	78	0	34	0	5	27	0	7	0	25	130	17	0	26	21	2	58	76	26	33	306	171	0	0	0	74	0	16	122	123	72	46	52	122	10	60	21	12	45	110	51	84	173	110	477	95	92	45	270	100	53	97	18	40	112	0	57	33	109	84	180	106	15	33	87	71	79	86	134	53	93	101	127	268	154	168	78	103	8	64	290	114	325	280	19	115	381	81	12	185	134	31	49	21	51	241	128	12	65	42	116	8	7	254	44	172	143	392	111	18	84	15	59	240	69	121	80	32	92	112	106	99	328	42	105	262	129	179	81	55	78	57	39	217	150	61	46	240	17	65	85	20	76	98	48	4	33	39	319	157	142	59	110	147	72	197	12	47	3	76	23	31	91	33	52	159	54	50	35	107	231	108	218	111	47	32	77	94	18	158	30	53	127	10	130	61	92	48	97	72	30	115	248	63	81	157	51	223	14	14	4	198	82	95	63	202	88	100	180	116	103	79	125	102	13	108	78	93	18	59	84	78	58	92	38	21	36	89	65	91	27	43	145	58	92	58	69	92	72	97	122	106	49	231	71	35	13	215	46	112	148	101	86	102	106	127	55	58	225	96	102	37	81	102	213	68	45	75	84	96	112	198	248	244	73	100	13	162	38	19	31	78	202	169	107	118	93	43	49	130	322	80	153	107	213	88	177	109	19	7	106	60	100	93	187	11	46	81	146	114	90	218	92	96	55	80	115	144	41	198	110	262	129	154	39	117	51	54	31	119	213	86	115	50	172	101	26	46	115	288	24	30	142	130	203	224	87	102	179	67	22	42	45	50	152	61	88	41	42	90	38	82	114	131	81	116	123	65	194	118	88	102	85	26	51	94	117	41	110	112	69	264	52	194	146	99	60	32	37	146	103	43	54	19	183	142	106	235	146	188	141	51	127	100	102	76	75	128	79	97	102	59	156	67	28	69	130	152	81	72	133	133	114	119	42	26	145	93	380	96	91	68	202	93	119	150	77	34	108	277	34	121	249	149	101	45	24	124	92	87	148	156	125	44	141	88	286	118	21	95	52	46	52	170	192	84	109	145	52	80	184	68	1	134	260	27	91	105	21	33	239	29	226	98	37	79	251	87	61	101	7	54	20	43	78	50	43	176	68	9	21	59	73	132	75	99	118	109	127	38	66	86	73	44	235	55	15	55	293	141	88	32	34	148	30	53	112	17	109	108	202	28	242	105	99	61	78	62	60	119	133	39	37	43	185	312	17	188	85	110	56	178	125	6	67	114	9	221	62	37	303	117	35	131	68	105	100	108	46	122	115	53	65	28	41	71	177	285	65	52	147	188	50	213	36	60	17	82	174	122	258	153	156	313	110	148	98	88	105	104	97	170	99	110	128	95	78	89	14	63	45	52	8	102	67	126	54	52	74	82	22	62	37	167	161	135	9	57	76	88	135	91	33	114	94	155	119	164	73	7	175	52	3	71	179	31	97	15	20	93	138	70	46	98	53	80	163	7	35	100	107	32	35	149	60	192	178	172	245	236	125	87	76	64	58	192	286	32	93	69	30	76	162	69	240	134	94	68	134	169	183	64	210	129	71	116	54	121	126	44	44	147	38	97	212	73	144	147	274	106	175	190	94	133	81	12	105	15	93	119	55	32	131	110	234	75	18
9	0	0	0	0	0	0	0	0	0	0	0	0	0	0	0	0	0	0	0	0	0	0	0	0	0	0	0	0	0	0	0	0	0	0	0	0	0	0	13	0	0	0	0	0	0	0	0	0	0	0	0	0	0	0	0	102	0	0	0	0	0	0	0	0	0	0	0	0	0	0	0	0	0	0	0	0	0	0	0	30	0	0	0	0	0	0	0	0	0	0	0	0	0	0	0	0	0	0	0	0	0	0	4	0	18	0	4	0	0	0	0	0	0	0	0	0	0	0	0	0	0	0	68	0	0	0	0	4	47	0	0	0	0	0	0	0	0	0	126	0	17	0	0	0	0	0	0	0	0	0	1	0	0	7	0	0	0	0	2	0	0	130	0	71	16	0	0	0	0	0	0	3	0	0	0	0	0	10	88	0	0	0	0	0	0	75	28	132	0	0	26	0	0	0	0	0	0	0	0	0	6	123	76	0	0	58	106	0	8	4	159	50	1	19	2	0	49	75	16	1	62	123	4	2	0	0	0	0	0	0	19	69	92	0	49	22	0	9	0	0	5	68	68	91	40	0	1	2	86	0	247	74	0	79	0	0	56	4	23	0	33	45	74	24	0	0	0	4	300	3	19	14	6	58	0	65	116	0	64	0	0	43	35	116	0	34	43	0	0	6	0	163	9	11	1	0	0	6	138	0	91	199	35	92	223	397	142	8	242	2	200	33	228	106	175	27	140	286	38	15	83	84	176	60	28	39	27	90	43	153	153	136	115	100	102	51	42	67	36	28	49	74	19	100	65	70	2	104	128	57	44	78	39	43	24	47	99	11	44	124	15	10	113	113	31	71	2	33	205	344	2	43	152	59	13	31	117	53	29	11	88	140	61	85	66	53	60	12	75	79	191	71	41	16	32	86	148	134	21	56	87	172	73	207	107	105	37	118	139	86	221	102	24	116	70	99	37	52	93	62	228	63	52	47	23	73	121	48	148	339	139	42	12	59	49	206	158	26	79	22	61	142	81	78	41	7	88	38	103	87	141	40	154	136	21	77	13	9	107	45	125	96	88	45	177	65	58	219	135	72	118	188	31	87	20	139	245	77	79	100	74	61	162	35	134	81	44	55	36	132	84	29	25	77	222	63	130	67	107	52	96	153	49	125	8	72	172	49	45	133	37	119	39	147	106	132	48	90	66	158	81	29	204	171	65	112	96	148	118	32	11	181	78	113	29	181	78	106	33	76	88	32	66	88	52	186	215	64	302	89	43	179	66	143	152	181	137	119	92	72	82	310	107	71	30	191	37	60	15	86	220	57	29	28	190	12	85	138	68	190	78	209	7	8	123	6	119	207	133	54	88	165	189	359	78	57	127	82	66	136	61	26	28	308	93	97	210	259	43	112	75	44	90	89	101	28	15	56	171	161	102	179	241	87	137	33	38	145	62	156	31	74	93	68	25	82	40	160	107	60	31	79	154	75	74	36	155	107	279	236	123	80	217	73	88	136	40	48	13	31	57	54	24	103	184	89	102	25	167	73	88	66	18	152	162	86	64	64	114	73	113	47	226	47	14	149	33	180	346	40	54	129	91	88	350	89	57	186	22	19	317	37	84	37	165	71	69	52	97	57	81	53	189	36	126	134	87	76	108	185	83	61	19	28	60	107	143	127	42	61	100	120	55	469	152	172	171	15	16	98	104	109	61	51	41	25	12	167	144	34	57	109	72	31	51	128	57	44	270	51	12	45	18	87	132	7	59	118	36	55	54	141	76	189	86	159	127	75	211	29	38	36	69	244	101	94	132	93	129	83	16	51	56	166	44	17	107	131	12	167	46	171	219	44	105	57	126	143	47	281	78	31	288	32	53	83	9	105	145	299	7	132	163	105	205	93	99	130	52	80	65	223	4	68	30	32	25	28	59	28	36	74	115	29	279	21	78	140	127	222	127	68	366	76	210	86	149	25	31	182	27	84	0	67	40	96	119	39	133	92	143	100	86	86	211	62	84	104	87	51	250	146	232	62	54	303	38	23	29	24	151	10	48	103	124	91	47	143	86	11	130	127	164	88	53	29	292	21	123	105	112	79	148	135	151	224	43	55	31	116	95	36	78	43	102	79	37	54	96	132	92	31	5	39	69	50	60	90	42	239	191	209	44	47	48	64	82	121	123	313	70	159	19	97	112	21	81	151	123	185	40	36	49	91	262	224	217	119	55	18	276	35	159	160	101	111	146	34	14	63	19	196	46	184	112	126	23	85	166	75	32	130	201	51	68	19	140	98	10	17
10	0	0	0	0	0	0	0	0	0	0	0	0	0	0	0	0	0	0	0	0	0	0	0	0	0	0	0	0	0	17	0	0	0	0	15	0	0	0	0	0	0	0	0	0	0	0	0	0	0	0	0	0	0	0	0	34	0	39	0	0	0	0	0	0	0	39	0	0	0	0	0	0	0	0	0	0	0	0	0	0	0	0	0	0	0	0	0	0	0	0	0	0	0	0	0	0	0	0	0	0	0	0	0	0	0	0	0	0	0	0	0	0	2	68	97	26	89	0	0	0	0	0	0	0	0	0	0	0	0	0	3	0	0	0	0	0	0	0	73	0	0	0	0	0	0	5	0	0	0	0	0	85	0	0	0	0	0	0	0	0	0	0	0	0	37	0	0	0	0	0	2	0	0	0	0	0	0	1	0	0	0	1	0	0	0	120	0	62	0	0	0	0	0	0	1	0	0	30	4	0	39	125	0	0	0	0	0	1	1	17	128	98	2	95	0	0	0	59	7	0	35	10	87	15	14	0	0	0	23	4	0	13	32	0	31	22	0	0	0	0	28	80	0	67	0	0	41	2	9	0	14	26	0	33	0	0	30	171	244	0	19	96	0	0	35	18	24	0	58	20	17	2	0	108	32	0	16	17	58	13	0	29	9	33	84	2	40	0	0	27	3	142	6	0	54	24	1	0	13	6	88	50	247	20	41	190	126	88	242	0	234	77	79	77	73	190	66	43	67	23	42	19	89	50	22	179	48	154	0	76	27	9	172	67	22	59	46	307	91	77	70	219	74	21	32	269	3	54	9	107	232	22	46	164	79	76	53	4	22	78	44	35	39	96	188	33	56	23	64	49	38	188	69	212	9	195	228	166	52	85	23	103	220	366	93	123	52	91	200	101	103	167	51	47	31	4	71	132	52	114	33	73	80	20	14	94	11	19	47	9	53	235	249	156	33	342	54	17	115	182	185	104	118	98	118	100	100	39	132	207	147	42	72	110	115	177	20	129	83	24	86	80	25	182	99	84	68	158	84	93	145	20	14	111	29	412	160	63	96	106	40	66	94	20	54	95	77	52	158	169	96	44	62	21	17	138	104	85	37	81	25	92	59	95	17	43	29	97	47	43	216	235	138	25	153	52	39	27	19	78	33	190	67	128	60	265	282	87	80	261	47	52	58	34	39	87	138	56	200	134	78	24	8	33	168	31	86	17	35	54	81	11	285	164	57	136	67	130	207	73	102	35	55	39	148	316	49	72	201	39	144	106	56	51	157	163	65	19	28	96	83	50	73	48	154	45	20	174	8	119	52	130	151	312	351	170	198	51	67	94	53	126	89	157	28	86	64	124	70	167	61	84	9	42	28	70	44	195	181	23	10	75	49	29	41	170	242	34	171	134	137	133	93	59	58	41	26	121	23	63	41	88	67	85	173	67	20	248	160	40	162	7	17	103	50	38	15	141	81	244	82	106	115	32	34	132	18	169	25	21	65	110	56	6	173	36	99	129	117	184	74	36	97	130	70	50	66	272	242	21	105	77	64	49	75	85	53	152	37	19	134	135	106	154	124	225	203	118	26	49	113	307	40	105	197	39	41	62	59	122	78	80	34	147	94	59	91	155	58	217	165	30	63	27	76	37	165	149	210	24	22	47	231	106	63	22	20	87	59	87	105	96	22	48	55	216	73	78	72	2	242	33	27	9	205	55	58	16	13	164	293	3	13	83	128	121	169	74	25	286	72	129	28	81	43	11	199	65	123	44	50	150	168	77	12	207	22	55	34	46	39	103	99	40	59	184	72	171	19	103	30	58	145	45	53	28	57	74	71	258	122	26	179	95	80	89	14	135	97	195	57	122	209	77	95	103	392	19	151	69	109	62	47	11	37	48	51	341	76	44	32	55	29	256	100	382	49	52	75	127	62	157	30	25	42	141	85	43	316	80	54	184	95	142	71	27	159	122	48	49	38	48	14	82	54	158	79	14	191	110	103	180	105	95	65	65	113	144	79	67	94	96	113	35	51	79	162	145	29	104	25	37	78	116	168	112	99	119	106	41	128	31	234	8	45	96	82	55	73	31	68	141	29	44	86	128	44	92	19	33	96	258	65	73	285	82	74	212	45	40	2	80	115	106	115	128	37	27	68	113	206	63	34	138	110	58	156	66	290	65	177	65	85	35	110	121	63	27	106	60	143	90	87	90	29	32	67	165	156	180	226	51	171	102	110	89	234	190	74	45	158	49	52	57	185	79	25	38	64	207	396	28	42	146	272	32	105	112	72	163
11	0	0	0	0	0	0	0	0	0	0	0	0	0	0	0	0	0	0	0	0	0	0	0	0	0	0	0	0	0	0	0	0	0	0	0	0	0	0	0	0	0	0	0	0	0	0	0	0	0	0	0	7	0	0	0	0	0	0	0	0	0	0	0	0	0	0	0	0	0	0	0	0	0	0	0	0	0	0	0	0	0	0	0	0	0	0	0	0	0	0	0	0	0	0	0	0	99	0	46	0	0	0	0	0	0	0	0	38	0	0	0	0	0	1	0	0	0	0	0	0	0	0	0	0	0	0	0	0	0	0	0	0	0	0	0	0	0	38	9	0	0	0	0	0	0	0	17	0	0	0	0	0	23	0	0	0	0	0	0	0	0	0	0	0	13	14	0	0	0	0	42	0	0	0	1	0	0	0	0	0	0	21	0	0	46	0	0	24	0	0	34	0	15	0	0	0	0	14	0	20	1	0	55	0	0	0	49	40	0	61	82	11	0	222	0	47	3	0	29	1	2	0	61	0	0	27	0	0	0	7	0	68	18	0	3	14	0	0	0	0	44	127	58	189	0	0	21	12	0	0	146	11	0	158	88	1	0	86	54	24	176	52	126	7	0	21	9	1	95	56	16	37	0	145	111	14	17	0	124	0	0	98	74	74	46	16	7	0	17	113	85	113	54	0	202	6	0	0	123	71	54	66	45	200	66	95	117	38	56	20	147	70	106	113	60	249	178	115	96	91	67	96	35	168	32	8	103	102	59	52	165	12	18	27	98	30	0	72	11	160	44	36	153	231	31	59	160	20	61	114	103	154	44	64	46	139	87	113	169	94	246	28	52	221	78	74	185	107	43	121	45	50	30	110	199	53	79	37	102	9	39	64	141	23	135	96	43	147	80	135	114	46	154	157	155	56	87	33	70	28	38	133	23	26	44	33	102	176	151	169	124	75	77	165	85	5	15	21	210	196	286	100	104	164	40	48	196	142	161	41	74	25	20	92	36	175	264	33	44	51	38	61	33	63	85	88	171	49	96	123	69	138	148	200	147	36	154	62	174	134	225	122	102	131	23	181	102	40	144	21	68	55	115	95	39	192	260	143	30	59	123	154	98	38	82	66	94	149	46	150	48	103	54	41	43	168	150	172	299	149	86	99	25	18	76	99	134	179	106	85	22	148	79	27	22	238	6	67	84	135	97	81	43	62	62	108	189	165	32	19	186	27	152	52	51	65	64	63	23	122	123	126	69	178	141	121	91	67	139	168	128	142	127	44	283	41	149	143	108	26	83	40	56	12	21	113	28	29	369	208	210	47	45	84	94	15	81	59	13	185	111	218	71	47	88	129	24	35	51	22	212	94	120	67	64	36	132	83	168	47	90	69	106	80	103	60	54	163	141	75	198	94	63	173	165	55	62	37	83	17	42	14	49	17	121	54	197	220	49	71	37	46	86	22	121	166	101	57	450	115	110	105	106	242	10	40	57	38	71	71	146	125	99	34	87	73	141	20	171	64	93	58	112	146	13	14	94	143	91	23	67	183	101	140	52	118	125	200	148	80	40	41	78	201	82	172	74	200	116	255	81	258	108	64	232	37	36	46	65	71	199	9	69	59	110	17	37	140	28	81	34	95	533	152	91	195	263	163	217	158	27	113	203	136	3	18	131	74	35	50	76	197	68	41	146	53	10	19	142	112	267	73	252	68	218	217	170	57	281	97	81	161	10	53	27	143	124	128	73	28	80	63	182	32	206	223	120	93	70	266	200	76	24	122	45	223	36	50	112	50	84	15	156	29	119	41	25	138	75	98	30	75	209	40	231	18	200	113	55	24	8	19	13	73	95	35	31	56	180	55	130	41	111	68	65	78	185	66	31	189	69	55	92	15	23	211	141	102	155	63	141	46	162	166	60	95	49	122	440	81	62	36	47	116	16	117	115	49	73	98	21	24	71	89	100	194	23	43	80	61	50	180	68	49	150	80	123	359	17	66	85	114	16	66	139	73	118	85	126	37	50	74	117	25	19	141	212	253	186	23	41	311	81	157	82	76	18	41	127	83	105	31	214	29	131	35	48	120	46	246	49	17	68	35	116	123	139	135	12	147	44	126	118	104	72	41	9	30	138	37	127	234	160	67	45	72	164	85	32	152	64	40	32	181	63	49	56	182	66	94	125	91	187	64	132	280	66	120	11	20	19	378	195	207	68	103	63	199	64	84	34	73	115	82	15	67	100	142	56	26	148	21	71	70	99	95	51	32	89	73	127	147	29	26	25	105	105	113	125	57
12	51	18	0	0	0	0	0	0	0	0	0	0	0	0	0	0	0	0	0	0	0	0	0	0	0	0	0	0	0	0	0	0	0	25	0	0	0	0	0	0	0	0	0	0	0	0	0	0	0	0	0	0	0	0	0	0	0	0	0	0	0	0	0	0	0	0	0	0	0	0	0	0	1	0	0	0	0	0	0	0	0	0	0	0	0	0	0	0	0	0	0	0	0	0	0	0	0	0	0	0	7	0	0	0	0	9	0	0	0	0	17	0	0	4	0	0	0	0	21	0	0	0	0	89	0	44	0	0	2	0	0	0	29	0	12	0	0	0	44	0	0	2	0	0	51	0	18	0	0	0	0	0	0	2	0	0	0	0	25	0	0	0	0	0	0	23	0	0	0	0	0	0	0	0	0	0	0	0	3	0	0	103	166	0	0	0	0	73	0	0	0	0	0	0	0	0	0	0	0	0	26	12	23	0	0	0	42	13	1	11	53	75	7	0	48	0	120	0	0	0	17	0	40	0	27	17	0	34	19	42	0	183	38	0	7	49	3	69	6	71	22	39	3	19	82	62	46	4	70	11	28	66	3	96	0	2	4	0	41	0	9	100	0	0	0	31	83	0	121	18	21	53	0	84	61	81	68	0	19	18	0	100	157	0	85	14	8	0	7	136	27	80	94	2	50	5	1	21	16	0	125	152	89	86	47	74	161	46	9	25	56	143	48	113	145	178	79	62	87	108	74	117	148	0	111	27	109	23	95	11	104	119	1	15	30	72	93	104	304	78	84	70	44	120	62	26	35	66	87	84	38	105	183	68	111	45	22	72	28	65	109	62	157	213	91	141	265	17	70	152	161	47	88	53	64	149	143	7	156	154	127	22	260	46	8	116	76	15	84	71	71	184	100	25	54	121	83	106	54	37	135	32	259	68	141	144	49	38	31	110	69	40	106	102	61	116	91	102	87	18	149	337	344	92	78	143	12	99	51	176	137	11	25	75	54	117	301	39	17	190	43	306	98	78	51	119	106	81	92	87	45	61	30	23	137	111	20	44	134	38	105	77	54	59	345	142	31	81	17	49	310	114	56	11	137	46	56	16	66	25	69	220	51	191	90	148	42	109	36	18	128	34	88	53	119	39	252	110	94	52	172	177	174	172	6	182	33	26	176	24	194	44	109	49	47	105	31	135	58	23	239	225	165	170	47	149	84	45	35	9	9	88	149	72	76	46	29	33	67	284	103	73	19	60	248	109	105	183	59	93	127	58	57	24	40	6	156	20	84	66	72	114	25	58	175	80	89	121	204	5	222	176	147	259	70	109	18	3	84	145	136	37	49	35	59	28	141	256	15	156	61	25	84	48	71	59	117	222	60	153	88	46	51	145	135	32	30	199	57	117	43	25	202	27	151	131	119	74	109	49	203	129	93	160	27	23	198	99	102	232	28	34	67	236	106	44	14	320	114	43	53	87	197	65	145	60	23	124	177	75	23	48	65	40	98	67	52	31	67	132	176	159	128	37	205	159	137	63	68	180	172	95	156	184	192	68	5	135	173	9	110	200	88	206	88	100	33	64	14	66	65	36	77	109	89	167	61	57	204	255	33	39	112	18	186	4	17	61	67	202	189	150	117	69	61	64	165	37	58	163	117	149	108	55	37	69	112	102	135	106	95	150	49	42	232	24	59	56	108	56	86	163	84	45	15	211	203	82	71	87	112	79	46	40	4	232	155	84	71	87	21	64	21	10	157	253	29	29	54	80	140	149	31	53	48	66	85	41	170	199	49	68	110	121	39	107	28	84	226	47	75	48	129	124	95	60	136	82	132	97	203	114	114	116	119	292	29	155	27	89	72	310	105	129	127	248	37	137	171	33	58	99	40	57	172	214	159	137	129	46	154	78	131	36	140	119	19	18	75	92	59	62	66	91	157	123	42	180	63	16	75	56	154	26	124	34	49	83	16	29	77	19	43	94	49	229	136	218	66	107	117	113	79	49	63	51	23	360	70	209	44	24	313	121	27	23	118	105	146	252	17	180	52	95	107	167	47	76	41	13	230	28	73	253	155	141	49	140	82	127	80	12	23	261	71	6	68	53	48	42	15	58	198	93	180	28	36	251	52	110	76	21	50	142	156	18	39	80	63	69	110	97	96	161	4	140	352	87	182	85	43	31	55	65	335	89	127	111	189	57	82	31	46	119	24	56	112	134	96	174	97	31	33	175	63	104	4	36	97	322	103	138	50	47	133	116	84	191	29	61	111	152	89	93	80	29	178	58	100	126
13	0	0	0	0	0	0	0	0	0	0	0	0	0	0	0	0	0	0	0	0	0	0	0	0	0	0	0	0	0	0	0	0	0	0	0	0	0	0	0	0	0	0	0	149	0	0	0	0	0	0	0	0	0	0	0	0	0	0	0	0	0	0	0	0	72	0	0	0	0	0	0	0	0	0	0	0	0	0	0	0	0	0	0	0	0	0	0	0	0	0	0	0	0	0	0	0	0	0	0	0	0	0	0	4	0	0	0	0	0	0	0	0	0	0	0	0	0	0	0	0	0	0	16	68	0	0	29	0	21	0	0	0	0	0	0	0	0	0	66	0	67	0	0	0	0	0	0	0	1	6	0	56	0	0	0	0	0	0	0	0	0	0	0	0	0	5	15	0	0	0	0	0	0	32	0	0	0	0	0	0	0	0	0	0	0	0	0	0	0	44	27	0	0	45	18	95	0	0	2	0	18	51	43	0	2	3	0	117	0	24	107	0	18	0	2	0	118	1	5	0	9	10	197	0	215	0	43	0	0	87	3	201	17	0	2	0	0	0	0	12	13	8	67	57	2	0	9	85	17	0	0	30	183	9	0	0	127	6	35	0	135	109	36	0	20	10	18	0	73	98	2	111	0	233	0	30	0	52	0	72	0	15	0	122	10	0	0	0	0	36	86	104	0	0	189	0	25	0	96	0	228	19	94	44	303	213	66	102	137	63	43	9	26	141	56	68	67	25	21	33	170	53	158	66	30	93	0	210	34	161	15	81	10	459	53	37	0	121	80	29	61	25	9	169	41	108	71	152	74	158	114	116	94	177	169	122	126	85	131	30	22	19	37	150	55	47	7	296	70	17	45	21	40	117	53	20	140	138	52	34	56	223	187	139	73	124	47	90	124	63	204	25	248	175	43	94	37	24	117	56	46	189	82	102	42	126	136	18	206	174	71	295	100	29	133	62	12	122	44	80	84	202	23	217	103	45	28	92	23	82	44	51	96	43	65	173	9	52	78	52	61	120	69	36	109	145	117	102	136	72	205	24	76	183	33	81	109	39	77	11	103	47	93	49	113	46	44	42	14	105	24	113	141	244	120	117	294	47	109	90	61	119	59	202	115	74	165	247	107	129	159	10	124	241	203	29	149	21	106	63	91	49	9	103	278	45	87	14	72	361	64	63	104	155	58	129	174	106	129	359	296	291	76	188	198	139	141	21	69	102	101	75	27	190	42	132	116	34	93	94	137	63	84	190	129	119	159	123	67	267	77	16	92	105	41	226	63	19	59	36	130	77	66	13	105	52	16	47	24	361	47	99	36	34	216	24	189	127	101	48	90	41	76	147	46	171	107	133	12	208	62	38	5	25	29	395	218	139	194	12	37	17	54	85	88	194	71	28	17	109	134	77	57	22	139	229	81	69	190	52	176	132	134	134	152	92	120	117	90	38	189	4	98	73	124	92	132	107	26	64	85	147	66	102	69	284	61	15	142	124	155	60	31	54	121	1	23	57	125	128	40	66	137	60	30	47	239	81	89	155	30	26	74	57	114	63	146	94	27	51	242	81	35	13	29	51	142	174	31	155	15	109	22	107	88	150	88	126	154	101	88	57	17	148	272	52	52	33	134	93	54	61	73	250	74	272	73	99	190	130	234	48	85	80	67	113	20	140	140	159	72	105	72	30	119	55	12	135	157	205	40	97	66	37	138	182	131	73	258	56	28	204	279	148	73	118	74	20	58	186	130	33	54	80	158	110	166	160	45	77	115	68	69	7	111	3	15	130	75	69	97	111	50	50	19	37	59	89	54	199	67	160	65	113	78	121	100	90	79	219	50	96	78	34	26	13	23	126	36	21	319	181	182	19	255	54	39	87	112	111	58	58	127	77	84	145	43	77	37	100	97	85	79	112	20	338	185	19	15	63	59	122	170	12	133	128	58	32	259	230	36	18	72	130	56	104	139	49	8	24	51	60	75	98	227	83	36	44	91	21	82	36	86	359	75	83	43	156	43	45	199	48	92	54	72	187	20	20	266	277	52	30	55	35	125	158	17	85	38	48	52	36	77	128	4	193	98	218	22	86	126	42	66	195	150	103	34	57	39	81	57	14	232	151	105	31	65	28	115	147	19	81	50	210	52	39	87	258	105	107	269	132	166	15	134	29	9	92	22	125	144	48	222	30	175	254	110	98	197	150	109	42	32	22	246	132	47	127	62	81	66	76	96	28	109	97	79	202	98	34	163	113	86	96	132	63	4	7	132	129	98	256	70	65	119	75	73	39	78	84
14	0	0	0	0	0	0	0	36	0	0	0	0	0	0	0	0	7	0	0	0	0	0	0	0	0	0	0	0	0	0	0	0	0	0	0	0	0	0	0	0	0	0	0	0	0	0	0	0	0	0	0	0	0	0	0	0	0	0	0	0	0	0	0	0	0	0	0	0	0	0	0	0	0	0	0	0	0	0	0	0	0	0	0	0	0	0	0	0	0	0	0	0	0	0	0	0	0	0	0	0	0	0	0	0	0	0	0	0	1	0	0	5	0	0	0	0	97	0	0	0	0	0	0	0	0	78	0	0	0	31	0	0	0	0	0	0	35	15	23	6	0	0	0	0	0	14	0	3	0	0	0	11	1	0	0	0	0	0	0	0	0	0	0	0	0	0	0	0	0	0	2	0	0	23	0	0	0	0	4	0	0	0	0	0	10	0	1	55	0	0	0	0	0	0	0	0	0	1	1	0	1	10	0	0	33	16	0	50	25	6	0	107	4	108	0	0	208	0	38	0	92	21	4	0	11	10	0	0	4	0	0	116	70	0	50	5	0	0	0	0	0	139	66	13	309	0	4	0	8	0	66	6	0	21	1	37	0	107	61	7	30	19	0	0	14	218	102	0	52	114	0	0	0	94	0	0	0	18	63	40	4	5	4	144	204	14	0	13	10	12	2	156	48	0	77	78	0	0	63	0	265	29	112	120	41	341	109	188	305	99	62	74	144	0	127	112	26	65	51	271	165	20	192	83	102	64	75	33	22	69	149	372	1	117	208	11	42	57	125	119	25	56	31	139	126	134	46	55	229	60	74	126	114	59	112	48	9	76	158	72	31	110	53	248	35	60	195	75	61	330	60	144	153	35	81	85	67	99	76	101	34	137	73	27	159	75	70	68	40	57	243	234	14	193	57	26	153	98	53	23	67	225	23	175	169	64	52	256	132	131	63	71	117	81	99	83	82	7	78	9	40	95	106	104	91	163	98	35	43	101	73	24	166	88	202	17	158	218	119	40	147	122	2	69	68	39	64	199	37	88	156	129	87	177	52	52	10	389	46	60	119	66	43	26	67	16	23	223	27	148	168	60	76	86	114	97	106	67	75	4	66	21	48	11	184	33	8	36	149	140	22	276	188	50	111	32	172	192	37	33	47	13	76	18	22	95	42	141	28	47	53	212	26	152	164	48	140	82	46	31	13	61	134	299	118	77	188	168	264	88	394	97	65	2	47	230	51	48	32	173	110	57	29	84	122	88	59	44	46	70	61	59	141	131	149	38	60	52	10	23	160	114	189	49	148	98	68	157	270	34	120	65	38	53	100	48	136	27	88	70	201	118	69	265	38	236	88	40	12	170	54	26	103	152	159	31	81	157	27	113	18	29	90	45	93	68	128	351	152	30	84	24	71	44	87	21	16	138	41	103	194	86	10	110	26	50	14	13	80	55	26	57	17	182	59	45	67	127	63	162	29	129	82	45	154	244	103	274	21	156	64	70	155	60	18	19	177	234	73	128	78	47	192	103	20	96	145	53	24	250	29	84	114	160	56	7	4	54	46	41	36	110	126	77	91	78	28	12	49	12	52	15	54	106	75	95	13	69	94	79	23	59	185	116	119	43	24	22	85	127	66	78	59	71	18	54	132	86	20	68	95	57	137	80	81	102	222	106	48	121	96	65	265	94	129	80	34	174	46	42	167	158	10	50	41	153	162	102	101	55	35	113	88	88	174	72	222	147	63	44	177	14	76	119	177	64	51	40	40	74	136	23	133	67	211	93	31	148	45	50	75	31	67	77	74	101	130	322	39	27	64	56	46	254	49	37	21	26	242	26	27	23	92	238	260	78	115	82	147	107	157	86	135	83	93	114	15	24	149	105	17	205	23	125	92	144	100	55	15	139	38	102	85	116	49	41	47	154	75	73	89	81	146	127	47	56	190	104	38	219	57	8	82	120	34	94	71	114	28	54	55	30	61	166	40	24	116	80	95	77	107	292	76	211	42	70	79	201	84	105	108	106	30	84	300	72	192	23	74	63	195	35	88	29	25	39	148	46	134	97	36	42	44	114	30	225	93	100	192	200	24	250	87	220	247	165	34	184	118	84	167	105	2	133	59	437	112	73	137	11	16	25	124	36	18	136	92	175	69	20	149	16	142	6	233	72	200	370	177	172	123	260	263	49	99	114	189	155	35	126	106	217	5	70	45	51	114	224	172	105	22	61	130	133	14	8	48	156	91	81	73	155	14	89	8	176	33	287	112	37	37	30	136	159	17	33	144	303	171	20
15	0	0	0	0	0	0	0	0	0	0	0	0	0	0	0	0	0	0	0	0	0	0	0	0	0	0	0	0	0	0	0	0	0	0	0	0	0	0	0	0	0	0	0	0	0	0	0	0	0	0	0	0	0	0	40	0	0	0	0	0	0	0	0	0	0	0	0	0	0	0	0	0	0	0	0	0	0	0	0	0	0	0	0	0	0	0	0	0	0	0	0	0	0	0	0	0	0	0	0	0	0	10	0	117	25	21	0	0	0	0	0	0	0	0	0	0	0	10	0	0	0	0	0	19	0	0	0	0	0	0	16	0	13	0	0	14	38	14	0	0	0	0	0	0	0	66	0	0	0	0	0	0	0	0	0	0	0	0	5	0	0	0	0	0	98	0	0	0	0	0	3	112	0	0	0	0	0	0	0	0	0	0	0	0	0	0	0	0	0	0	0	0	0	0	0	1	0	0	0	0	65	2	24	0	0	0	8	0	0	38	66	0	0	0	22	30	0	0	5	0	10	0	133	0	0	0	0	0	0	2	0	8	0	0	45	66	0	0	0	0	21	41	44	0	194	0	67	3	0	0	4	40	44	26	0	0	11	1	20	0	6	100	84	0	5	0	65	0	105	0	0	16	1	5	0	0	8	0	4	0	0	0	0	18	0	1	181	1	0	87	15	126	48	0	108	0	0	69	124	0	69	163	51	35	93	183	65	67	144	8	144	193	114	108	62	183	57	113	90	1	37	77	33	145	95	3	2	95	6	88	41	131	0	96	99	143	0	302	92	57	88	68	64	100	163	96	104	93	69	169	71	41	138	68	28	121	58	52	74	207	33	166	140	157	88	48	2	207	15	178	0	27	163	74	62	33	55	309	202	54	81	121	108	51	27	109	51	52	160	225	81	8	24	125	47	280	53	16	36	109	98	112	96	82	21	8	79	105	45	154	21	213	63	124	103	37	121	188	42	373	44	97	148	105	75	54	90	82	63	142	118	178	149	26	79	103	29	111	55	27	127	95	28	80	15	187	115	72	72	96	17	60	77	104	80	22	182	45	119	158	65	46	12	44	37	106	53	35	84	193	210	59	187	150	159	8	118	124	91	120	43	14	44	19	144	148	80	264	168	74	51	40	54	195	12	125	16	45	56	28	244	48	200	190	51	60	66	103	115	13	108	29	50	98	256	25	192	69	76	85	63	58	69	254	154	24	78	95	224	144	143	113	91	152	127	8	44	44	41	46	54	81	46	36	158	146	219	10	122	363	115	156	133	44	78	142	70	79	66	136	45	54	40	128	67	102	31	32	77	18	46	37	188	142	92	138	110	147	78	60	176	191	155	89	25	167	324	52	370	19	250	109	127	95	95	147	59	209	19	37	37	45	49	56	126	66	165	73	94	187	46	42	39	89	123	168	60	15	71	55	138	136	58	127	145	128	70	143	87	68	102	18	65	200	224	40	52	371	141	89	94	78	41	145	88	2	145	58	184	172	105	51	10	77	43	213	65	63	124	54	130	19	156	49	65	123	67	45	51	120	38	40	122	153	130	45	82	97	346	88	34	77	108	79	184	149	57	61	104	37	8	25	265	282	256	117	102	30	157	2	92	182	132	53	29	193	54	24	232	147	56	179	239	26	76	137	114	43	91	188	19	124	41	65	68	103	6	20	170	112	90	143	44	52	7	133	79	81	60	47	168	49	88	2	210	82	33	58	32	123	15	128	79	108	79	21	212	49	180	141	140	70	10	64	86	79	23	101	117	185	47	31	147	68	62	104	26	156	147	24	147	72	31	149	103	7	141	68	74	96	65	97	132	143	133	25	9	70	213	41	94	83	125	148	167	62	87	137	111	170	60	66	61	87	40	77	36	62	21	79	123	142	75	97	48	54	46	65	270	94	84	37	100	17	52	218	121	96	130	16	176	160	93	182	26	161	139	131	67	22	134	15	195	98	38	46	46	23	75	147	31	235	270	145	108	44	87	92	124	222	117	11	219	106	69	50	50	149	378	36	184	166	274	19	171	150	6	18	19	26	0	16	63	110	38	175	82	52	105	36	146	121	129	35	23	185	210	78	236	117	106	49	37	229	221	77	122	78	149	68	157	156	33	174	50	22	84	80	209	47	95	163	116	32	9	196	65	39	206	71	43	118	65	114	95	18	74	207	9	63	80	57	69	33	85	250	98	117	31	38	18	155	127	30	108	66	197	74	83	242	92	44	115	96	105	117	208	47	216	19	96	83	37	2	55	107	178	104	123	171	121	44	368	91	41	53	188	87	38	156
16	0	0	0	0	0	0	0	0	6	0	0	0	0	0	0	0	0	0	0	0	0	0	0	0	0	0	0	0	0	0	0	0	0	0	0	0	0	0	0	0	0	0	0	0	0	0	0	0	0	0	0	0	0	0	0	0	0	0	0	0	0	0	0	0	0	0	0	0	0	0	0	0	0	0	0	0	0	0	0	0	39	0	0	0	0	0	0	0	0	0	0	0	0	0	0	0	21	0	0	0	0	0	0	0	0	0	0	22	0	0	0	0	0	37	0	0	0	0	0	0	0	0	0	7	0	0	0	0	0	0	0	0	0	0	0	0	0	0	5	0	30	10	1	0	0	15	7	0	40	0	0	179	0	0	17	0	0	73	0	0	6	0	0	0	0	6	27	0	0	0	0	0	0	0	0	0	3	0	0	0	0	6	0	0	0	54	0	0	0	9	0	0	0	0	0	0	0	0	0	0	10	0	49	0	47	19	0	1	0	0	31	34	10	112	2	0	27	0	64	1	0	78	34	3	4	2	0	16	2	0	0	1	36	0	0	15	70	5	2	0	0	25	38	43	54	8	3	54	28	15	67	14	15	114	20	36	75	10	51	13	1	0	0	36	70	76	98	0	19	256	158	156	0	85	0	44	46	0	157	0	30	152	94	76	0	79	94	0	1	18	25	52	40	0	76	0	10	0	279	0	32	95	37	86	42	117	184	23	57	0	90	40	36	26	284	129	115	229	128	71	45	165	19	112	408	0	293	69	6	195	99	50	31	161	130	156	7	21	20	88	17	175	55	266	83	131	23	93	250	25	127	120	151	111	84	20	95	27	26	93	102	140	91	30	87	86	179	69	46	84	53	102	115	99	167	49	60	97	72	252	86	114	117	35	83	77	74	67	43	41	121	41	90	28	84	29	41	106	44	103	56	69	125	47	193	77	51	41	85	25	101	48	73	111	226	250	54	25	88	80	30	41	120	130	218	106	232	185	149	92	108	161	108	59	52	86	29	83	56	80	58	412	198	35	26	164	193	46	20	48	296	24	132	53	116	45	26	110	70	369	38	37	91	50	15	29	37	104	188	180	62	119	29	132	415	66	142	36	114	78	254	94	119	186	60	76	70	129	109	54	76	65	111	230	105	52	79	126	49	26	237	201	58	86	69	82	86	51	31	211	48	234	75	167	142	33	46	83	220	18	78	159	138	175	139	81	107	115	233	82	241	128	31	179	88	163	110	206	58	30	58	251	14	119	27	201	19	4	64	48	72	59	102	70	164	108	153	105	167	228	311	450	149	22	132	17	48	204	48	97	14	280	50	37	63	232	31	74	234	38	32	103	137	74	26	49	92	25	50	20	13	159	140	22	68	140	115	77	108	43	71	68	38	77	87	35	51	205	50	118	25	192	24	63	26	179	87	28	157	18	100	128	23	89	137	164	26	50	52	4	82	38	54	55	221	67	49	52	235	61	142	109	114	114	84	77	45	122	100	41	98	69	25	112	322	92	126	219	70	68	91	27	73	43	115	50	103	101	38	86	73	120	147	39	44	28	54	119	140	79	258	12	22	21	134	7	107	52	99	49	91	280	8	189	149	79	61	159	154	46	78	61	237	196	32	99	108	101	52	53	108	46	129	26	22	37	134	113	109	189	30	28	40	13	173	25	185	241	24	110	56	133	13	149	367	112	101	72	154	136	66	292	89	44	155	75	168	208	76	235	21	13	39	44	93	135	36	99	37	81	15	32	77	77	63	76	43	172	81	39	148	91	132	87	122	64	167	64	214	38	132	138	58	68	318	55	93	136	70	34	44	96	123	37	189	76	98	457	78	163	94	45	42	104	105	184	53	35	137	79	102	99	89	72	69	55	385	189	58	106	172	115	211	113	119	25	25	137	42	165	47	78	106	134	23	66	25	159	39	156	132	52	67	240	59	64	46	221	389	63	174	99	16	182	195	191	89	22	135	216	104	146	34	78	23	101	146	39	78	17	198	131	144	96	56	74	100	82	169	141	10	152	81	66	38	35	72	71	86	107	133	19	32	259	48	238	15	83	77	112	108	137	110	37	179	67	105	291	28	179	125	87	45	219	124	160	55	80	191	103	20	203	158	13	134	27	161	61	33	93	60	10	116	117	57	13	35	160	65	13	233	114	104	132	87	53	80	61	87	31	181	39	102	33	200	43	188	99	134	76	65	92	77	79	51	49	237	185	79	167	43	71	59	46	141	63	152	149	22	23	72	22	63	25	40	221	43	139	149	141	42	255	91	178	50	112	48	133	180	179
17	0	0	0	0	0	0	0	0	0	0	0	0	0	0	0	0	0	0	0	0	0	0	0	0	0	0	0	0	0	0	0	0	0	0	0	0	0	0	0	0	0	0	0	0	0	0	0	0	0	0	0	0	0	0	0	0	0	0	0	0	0	1	0	0	0	0	0	0	0	0	0	0	0	14	0	0	0	0	0	0	0	0	0	0	0	0	0	0	0	0	0	0	0	0	0	0	0	0	0	0	0	0	0	0	0	0	0	0	32	0	0	0	0	0	0	0	22	0	0	0	18	0	0	43	0	0	0	0	0	0	0	63	0	0	0	0	0	0	0	2	0	0	0	0	1	0	0	24	0	0	0	0	2	57	3	0	0	3	0	0	0	14	0	0	49	0	0	0	0	0	0	0	0	0	0	0	0	0	0	205	0	0	0	0	0	9	0	54	7	0	0	0	0	0	0	0	0	0	0	0	87	4	0	0	58	0	28	0	78	3	228	105	0	69	3	22	0	0	9	0	0	97	8	27	0	0	0	0	0	72	0	0	10	0	0	22	91	0	1	0	0	3	8	17	42	16	0	95	6	133	3	11	3	0	0	0	16	94	282	0	100	36	0	0	34	98	5	0	254	104	0	71	0	0	53	0	115	0	42	18	0	45	0	51	68	37	15	0	0	0	170	44	68	0	54	7	20	0	167	0	58	153	28	116	86	39	41	51	28	21	96	95	28	96	36	113	35	56	25	93	3	106	50	44	45	6	47	77	80	69	113	74	71	72	235	9	47	25	75	79	163	409	59	58	135	16	46	91	136	7	124	157	2	105	112	95	39	160	250	125	75	34	67	41	356	97	120	113	160	13	269	55	85	189	90	70	49	166	144	139	20	30	30	118	99	64	62	10	129	195	88	105	158	17	106	223	8	127	180	97	98	96	102	248	576	128	181	34	248	45	190	143	101	43	137	32	21	72	117	100	36	51	51	146	119	7	75	235	30	68	100	146	42	198	37	372	158	222	144	84	151	76	113	85	14	1	17	162	35	88	35	138	113	21	47	2	29	47	13	5	62	65	196	186	174	306	90	160	69	153	196	31	57	37	65	40	15	95	30	115	38	122	53	36	66	100	43	64	100	251	73	92	137	20	107	86	63	21	7	351	13	40	157	86	140	49	124	153	102	72	220	255	20	65	163	29	45	46	137	20	59	141	130	70	134	211	92	5	22	170	203	421	110	105	60	57	50	23	174	185	287	31	115	113	44	34	2	25	41	139	142	27	121	200	32	63	67	190	32	95	74	59	107	86	69	124	69	19	34	55	74	144	57	38	25	211	16	179	40	92	183	197	135	66	23	262	53	127	181	33	12	175	98	290	189	59	52	281	177	70	64	44	92	62	91	39	44	167	331	83	44	43	76	68	42	211	78	103	14	71	115	116	100	60	40	74	69	79	68	16	47	37	263	29	159	101	445	242	176	229	36	105	47	119	76	154	38	34	130	67	111	419	146	151	71	41	187	224	99	17	135	94	46	178	88	68	144	75	148	20	100	50	46	258	148	247	63	142	7	46	258	127	58	33	68	152	284	54	104	97	35	27	103	157	34	2	90	21	216	50	74	105	69	78	78	120	68	99	133	226	338	86	85	18	116	33	62	75	81	47	147	93	69	188	113	120	91	26	74	35	29	123	85	136	58	70	144	183	133	77	64	106	132	195	78	134	14	183	186	27	172	84	101	46	67	126	52	16	122	27	20	82	97	69	22	96	72	13	114	118	85	75	47	209	61	122	16	78	97	111	166	28	91	177	51	68	41	46	40	42	375	87	43	144	36	47	57	176	79	88	60	52	62	112	82	21	32	29	66	44	66	83	12	89	110	51	162	219	106	80	10	86	320	226	156	118	111	28	169	63	119	133	169	66	327	70	155	38	61	35	223	113	122	57	68	102	161	108	38	17	111	339	140	72	34	20	77	116	543	30	358	15	105	110	169	19	53	95	20	99	34	83	54	56	49	105	39	65	49	11	13	128	139	250	11	72	106	47	122	60	176	46	95	58	217	134	154	190	107	125	139	20	127	135	52	97	80	51	89	109	165	62	81	64	30	25	67	40	33	19	135	108	21	39	209	24	45	123	76	28	52	106	84	114	90	81	19	59	94	64	42	53	23	62	52	98	174	115	88	75	282	24	61	105	189	53	109	10	99	311	56	218	226	33	45	115	34	47	37	8	219	92	155	238	211	39	67	85	35	122	187	34	8	228	60	87	114	269	89	31	50	115	51	15	137	173	372	105	219	102
18	0	0	0	0	0	0	0	0	0	0	0	0	0	0	0	0	0	0	0	0	0	0	0	0	0	0	0	0	0	0	0	0	0	0	0	0	0	0	0	0	0	0	0	0	0	0	0	0	0	0	0	0	0	0	0	0	0	0	0	0	0	0	0	0	0	0	0	0	0	0	0	0	0	0	0	0	0	0	0	0	0	0	0	0	0	0	0	0	0	0	0	0	0	0	0	0	0	0	0	0	0	0	0	0	0	0	0	0	0	0	0	1	0	0	0	0	0	0	0	0	0	0	0	0	0	0	0	0	0	0	0	0	0	0	0	0	0	0	0	0	0	0	0	0	29	0	17	0	0	0	0	0	0	0	0	0	0	0	0	0	0	0	0	0	0	0	0	0	0	0	0	142	0	0	0	0	0	0	3	0	0	0	0	0	3	0	0	20	0	0	0	0	19	0	0	0	0	0	0	18	47	19	20	5	111	8	91	83	0	0	81	17	2	42	0	5	12	0	0	0	10	19	162	0	33	0	0	0	0	3	0	23	0	0	101	0	0	87	0	0	52	8	0	66	6	0	10	0	0	0	134	20	9	0	0	0	184	53	50	0	0	90	35	0	0	97	32	0	28	94	0	25	25	33	2	14	0	0	73	11	11	17	0	145	15	10	32	8	72	1	39	24	13	0	67	0	0	53	195	3	53	38	151	94	237	137	47	87	33	7	108	232	90	21	165	180	144	257	61	44	143	83	40	15	163	4	69	35	40	137	8	18	4	406	96	1	0	65	110	86	47	208	101	83	279	117	194	84	100	204	38	20	45	65	46	9	75	26	16	114	31	89	139	52	19	165	124	22	94	79	11	32	97	104	187	274	2	48	13	66	18	306	39	53	14	167	65	50	258	13	199	51	20	71	154	91	149	61	152	92	96	154	49	11	181	87	240	56	102	195	111	117	54	140	25	54	72	96	40	13	48	28	38	80	173	50	68	171	191	112	47	65	80	71	26	146	14	16	44	101	37	349	301	96	172	84	33	200	260	86	72	64	167	90	107	35	81	178	67	40	97	107	139	263	26	104	140	35	27	13	61	95	201	51	164	93	54	132	71	190	86	119	94	49	56	25	122	42	17	66	133	76	91	46	160	41	62	34	61	46	29	38	35	144	291	498	26	256	146	64	138	46	87	58	35	45	35	28	127	175	117	118	80	157	97	74	159	78	94	103	105	26	115	97	75	146	90	139	115	39	227	235	129	234	109	56	38	195	168	133	16	9	50	212	65	245	36	188	56	119	117	119	59	18	57	100	188	207	171	20	178	30	136	114	66	324	115	55	31	532	27	77	178	51	206	137	26	45	96	18	259	157	112	93	36	104	53	68	23	88	198	27	83	114	13	47	69	37	101	89	19	92	100	169	325	15	95	232	198	156	195	139	115	51	79	30	40	116	160	96	156	23	56	79	12	61	66	24	66	24	155	36	124	27	43	135	93	120	166	64	87	39	200	68	201	7	71	130	238	61	47	117	121	58	185	178	73	96	9	52	24	167	106	90	166	14	138	37	118	182	35	204	81	121	68	61	8	61	74	80	106	81	53	74	287	193	342	38	30	125	58	43	55	72	120	73	30	24	20	198	34	38	288	46	18	45	182	181	87	82	159	117	41	67	24	78	68	84	75	67	27	167	198	147	65	71	74	186	188	32	28	121	286	73	352	70	99	19	103	79	99	113	114	124	104	36	78	32	125	147	123	175	85	62	152	159	39	219	134	123	71	66	43	195	23	37	216	97	66	67	132	59	56	94	300	71	60	42	254	8	67	348	96	68	134	37	120	83	282	114	87	41	70	116	128	87	58	60	207	35	49	38	90	106	71	167	147	125	108	85	57	86	41	172	102	66	7	148	183	22	160	224	6	142	144	76	41	90	98	301	82	33	226	193	300	148	8	204	57	45	92	77	56	97	77	59	84	84	133	136	61	71	31	76	59	136	261	81	221	110	17	61	113	198	159	330	76	144	228	158	14	141	196	241	105	60	236	78	65	89	56	82	196	202	173	90	129	53	121	34	112	109	22	48	168	77	23	36	39	59	30	192	81	71	107	69	178	68	34	41	101	263	105	41	42	212	177	143	101	63	48	141	190	178	46	113	22	64	67	151	49	143	49	35	103	73	238	50	109	99	132	64	207	50	44	128	180	220	73	201	177	223	102	44	11	38	129	155	98	200	169	54	133	76	85	75	14	154	65	146	16	91	60	81	41	90	89	267	53	95	101	93	135	64	187	82	66	58	94	202
19	0	0	0	0	0	0	0	0	0	0	0	1	0	15	0	0	0	0	0	0	0	0	0	0	0	0	0	0	0	0	0	0	0	0	0	0	0	47	0	0	0	0	0	0	0	0	0	0	0	0	0	0	0	0	0	0	0	0	0	0	0	0	16	0	0	0	0	0	0	0	0	0	0	0	0	0	0	0	0	0	0	0	0	0	0	0	0	0	0	0	0	0	0	0	0	0	0	0	0	0	0	0	0	7	0	0	0	0	0	0	0	0	3	0	0	0	10	0	0	0	0	0	0	0	0	0	0	0	0	0	0	0	0	0	0	0	0	0	0	0	0	0	0	0	0	0	0	25	0	0	0	0	0	0	0	0	0	0	0	0	0	0	0	0	0	0	0	0	22	20	0	0	0	31	0	0	0	0	0	3	0	0	0	0	0	31	0	1	0	0	0	0	0	0	0	85	0	0	0	0	14	0	0	0	19	0	0	10	0	46	59	3	0	71	10	0	20	16	27	0	36	44	30	0	0	50	0	8	0	25	29	37	0	0	1	6	22	0	0	0	331	56	14	96	27	0	17	22	17	0	43	190	20	40	34	0	1	96	76	0	73	179	15	0	40	11	54	0	40	207	0	2	0	70	19	17	0	0	143	16	65	101	73	37	0	2	198	0	0	0	97	43	5	4	81	0	0	0	30	0	54	84	160	196	148	125	37	62	80	46	15	25	104	36	43	98	174	103	36	0	145	121	139	48	87	46	115	159	1	40	101	11	35	50	215	157	3	69	191	37	35	206	84	173	113	28	186	87	282	9	165	49	227	293	127	2	22	68	109	86	48	225	97	210	162	34	114	77	129	48	16	48	30	20	255	225	5	98	157	63	89	118	420	82	32	257	13	13	137	109	96	4	172	135	335	48	64	44	199	94	45	71	108	127	65	139	74	26	354	105	29	251	60	79	115	72	13	16	68	21	42	23	84	56	36	47	166	133	67	195	64	163	161	60	42	29	92	87	392	334	71	95	48	42	202	105	84	130	38	49	91	74	61	87	38	175	52	69	203	67	48	54	36	43	58	158	21	121	137	69	90	27	102	89	70	81	426	12	54	78	57	62	66	26	37	68	53	250	208	75	279	273	88	56	23	100	34	103	117	55	69	119	114	142	110	94	124	29	10	27	157	13	61	103	151	218	77	9	82	84	70	186	55	221	90	72	47	123	232	71	23	56	77	21	44	118	33	324	24	46	111	141	201	158	64	137	92	102	22	15	46	100	423	53	108	211	43	102	146	156	228	40	47	61	163	226	271	234	197	78	45	123	139	76	47	39	77	64	20	358	31	65	98	143	64	55	50	69	87	108	152	79	62	285	70	101	34	99	104	186	179	21	82	169	36	114	113	35	53	49	113	127	373	16	16	66	225	58	146	43	17	147	218	143	115	207	64	85	262	167	37	84	215	49	33	73	240	70	122	230	56	48	96	73	78	170	181	88	75	61	79	86	15	40	117	111	117	31	40	100	103	258	101	60	12	138	85	109	71	50	24	55	165	29	52	110	113	36	106	19	92	63	55	95	49	223	56	31	268	120	79	98	127	135	89	60	9	116	57	55	24	182	4	60	107	31	49	19	108	169	78	128	80	8	56	40	108	34	85	71	222	77	58	30	8	195	182	89	59	128	77	207	74	70	91	63	250	183	73	82	67	221	9	198	204	13	164	47	189	43	226	49	47	110	165	189	113	36	300	285	254	203	245	57	61	122	58	30	44	75	84	202	85	75	249	148	66	51	45	50	14	73	311	104	50	149	66	92	92	208	44	118	225	99	91	195	13	43	116	66	205	82	143	188	209	161	19	17	158	94	52	62	268	64	82	118	45	139	70	55	129	137	111	118	83	73	137	94	228	67	166	178	108	122	70	36	125	76	216	88	39	175	31	227	97	152	68	181	78	136	218	30	133	76	142	87	50	34	83	29	85	41	87	90	62	123	120	77	75	106	78	78	197	29	103	159	131	44	109	61	15	114	136	188	46	124	105	239	236	86	94	52	174	33	128	43	73	206	229	112	42	35	75	46	17	63	32	129	78	59	68	42	103	63	35	61	42	125	101	64	14	130	80	123	60	59	64	63	32	209	44	69	22	135	107	58	189	114	22	178	62	66	103	35	70	115	23	110	386	131	29	57	426	164	106	81	60	89	85	207	17	49	206	67	35	100	203	379	91	104	68	30	51	181	24	135	41	74	128	76	207	134	82	41	95	134	154	81	87	84	137	238	141	33	71	88	66	85	121	57
20	0	0	0	0	0	0	0	0	0	0	0	0	9	0	0	0	0	0	0	0	0	0	0	0	0	0	0	0	0	0	0	0	0	0	0	0	0	0	0	0	0	0	0	0	0	0	0	0	0	0	0	0	0	0	0	0	0	0	0	0	0	0	0	0	0	0	0	0	0	0	0	0	0	0	0	0	0	0	0	0	0	0	0	0	0	0	0	0	0	0	0	0	0	0	0	0	0	0	0	0	0	0	0	15	42	0	0	0	2	0	0	0	0	0	2	0	0	0	0	0	0	0	0	0	0	0	0	0	0	0	0	0	0	6	0	0	1	11	35	116	0	0	0	0	0	0	0	8	0	1	0	0	0	0	0	0	0	18	0	4	0	0	0	0	0	5	0	0	0	0	0	0	0	0	0	0	0	0	0	0	0	0	0	1	22	35	0	18	0	0	0	0	0	0	0	0	0	0	0	0	15	24	0	0	0	0	48	155	0	0	4	2	5	16	4	0	22	0	63	4	23	4	50	24	5	85	0	0	0	43	0	74	0	0	0	7	8	0	0	0	0	46	0	200	136	0	2	6	0	85	58	32	0	2	0	46	31	0	21	2	45	46	11	0	13	64	45	0	20	42	35	0	3	100	0	6	68	5	39	5	0	10	38	91	92	6	32	0	0	54	25	119	26	0	5	4	27	0	141	0	85	117	164	77	82	109	12	24	113	19	240	45	39	118	47	102	35	75	47	18	149	130	52	53	43	20	120	17	69	156	66	276	106	55	42	251	10	208	57	164	27	76	153	187	90	36	60	4	100	94	41	168	97	299	84	0	70	33	58	160	74	170	117	44	63	65	45	81	42	57	129	136	25	34	90	113	25	186	83	98	52	107	62	33	97	55	59	26	46	141	63	139	120	39	65	290	8	106	46	68	208	120	77	59	43	272	59	8	100	121	213	235	54	55	124	76	49	24	53	65	50	47	113	428	99	14	126	50	39	28	24	87	125	88	72	180	199	53	123	294	335	35	141	11	5	79	100	97	14	60	65	137	74	190	67	63	73	150	45	19	133	224	42	116	91	306	130	29	104	18	52	79	163	96	54	41	27	64	41	63	66	50	21	52	246	371	184	207	80	112	93	78	77	30	79	178	318	6	50	93	60	149	12	19	384	94	112	208	131	31	126	88	20	94	192	164	72	49	105	24	38	31	37	203	152	17	19	30	151	27	143	62	33	125	98	81	253	261	86	7	440	25	129	77	9	80	24	65	156	72	113	67	65	124	141	18	325	52	88	16	54	27	50	282	38	69	117	105	28	118	62	58	107	26	115	158	59	71	35	51	180	120	30	53	59	17	264	136	73	13	74	70	26	216	171	70	117	78	206	100	84	41	5	126	195	105	46	19	36	100	69	39	50	49	163	60	220	105	16	150	315	121	176	216	165	248	61	21	39	31	247	100	92	50	114	112	128	86	57	83	51	60	40	17	86	127	52	176	192	56	28	84	74	102	97	126	118	52	99	224	46	56	174	124	203	77	67	146	28	130	72	168	35	140	92	10	51	144	127	10	107	89	47	102	34	81	48	20	24	69	163	232	100	104	19	9	59	50	112	163	242	58	55	99	61	111	79	173	230	18	237	86	195	30	149	180	37	53	41	179	183	81	130	111	75	18	95	95	20	207	22	110	166	158	106	61	30	84	72	105	39	80	178	16	79	239	60	170	49	138	59	29	19	119	136	11	34	42	36	261	57	34	32	38	254	43	45	216	153	64	113	183	29	140	67	216	71	52	16	95	133	25	107	116	95	209	420	114	34	103	78	22	12	117	87	59	101	80	31	39	48	18	10	115	92	74	79	206	74	38	39	7	199	81	173	120	116	129	45	195	31	102	67	186	160	69	23	88	74	48	163	19	108	50	206	47	106	140	74	85	217	92	285	171	53	206	115	114	361	79	105	74	97	118	87	124	53	90	24	54	66	56	224	21	256	93	42	68	181	117	92	224	343	92	148	147	11	14	148	35	238	28	92	98	6	191	15	100	111	181	59	37	11	17	72	228	196	260	54	105	243	36	58	52	361	179	159	42	193	62	155	131	217	12	147	208	28	193	221	89	77	119	142	45	109	89	48	40	176	53	156	109	129	62	31	118	237	94	97	94	148	38	54	76	127	88	167	41	46	59	65	23	122	25	184	90	52	347	204	30	89	67	76	180	232	101	9	92	75	127	183	172	136	51	12	275	186	21	55	43	68	23	48	7	56	97	60	34	93	53	59	156	37	146	189	42	90	46	9	13
21	0	0	0	0	0	0	0	0	0	0	0	0	0	0	0	0	0	0	57	0	0	0	0	0	0	0	0	0	0	0	0	0	0	0	0	0	0	0	0	0	0	0	0	0	0	0	0	0	0	0	0	0	0	0	0	0	0	0	0	0	0	0	0	0	0	0	0	0	0	0	0	0	0	0	0	0	0	0	0	43	0	0	0	0	0	0	0	0	0	0	0	0	0	0	0	0	0	0	0	0	0	0	0	0	0	2	0	0	0	0	0	0	0	0	0	17	180	0	0	0	0	0	0	0	0	0	0	0	0	61	0	0	0	0	0	0	0	7	28	0	0	0	0	5	0	0	0	0	15	0	0	25	0	0	0	0	0	0	0	0	23	0	0	0	0	0	0	0	39	0	0	0	0	0	0	0	0	0	123	0	4	0	0	0	0	25	0	0	0	0	0	0	0	0	6	0	0	0	0	0	8	25	0	0	24	0	25	7	0	14	186	2	8	74	0	120	12	0	118	0	42	84	13	32	0	27	0	0	0	0	0	128	0	0	30	9	0	0	0	85	0	30	27	12	0	0	0	20	63	45	96	2	0	144	89	2	123	1	8	0	74	29	11	0	119	13	82	0	96	53	0	0	0	13	41	103	0	3	52	49	4	26	7	82	0	87	0	3	94	0	42	33	53	0	14	11	0	0	22	0	45	19	81	36	92	38	32	71	81	73	105	198	24	115	73	105	84	142	56	85	72	16	261	38	18	151	167	87	126	119	89	121	13	202	141	121	2	72	132	19	145	48	57	60	74	110	143	90	152	155	35	27	86	26	101	149	2	25	96	8	143	95	167	41	48	51	136	29	82	36	45	72	60	68	9	62	123	18	76	45	68	291	15	82	84	133	22	15	46	53	85	111	26	66	153	55	81	65	161	123	175	47	129	137	25	82	242	121	40	112	104	41	213	41	61	174	76	174	66	29	32	62	61	184	121	84	317	14	48	75	94	9	116	143	94	147	94	99	22	111	69	111	35	55	200	29	136	46	379	48	32	82	16	82	19	163	23	102	85	102	54	143	28	39	189	246	116	56	65	54	128	16	188	167	69	30	139	109	33	152	100	34	131	75	148	165	108	79	46	23	100	21	51	70	145	99	81	80	46	72	46	74	147	50	104	110	156	100	24	117	93	140	129	264	127	189	46	41	125	92	28	149	94	105	40	130	130	144	95	73	50	52	252	102	214	63	33	49	120	73	21	233	148	31	244	115	115	146	28	158	40	16	61	65	77	119	54	52	56	86	127	59	114	181	69	121	148	219	50	89	32	61	116	94	37	128	62	107	58	98	83	39	102	224	43	32	213	165	83	205	63	19	36	154	264	132	65	108	42	150	15	127	161	112	173	165	91	95	132	91	46	185	122	75	205	97	295	23	67	256	20	81	83	101	85	28	60	64	164	80	41	37	180	85	168	180	67	217	104	89	174	218	248	49	265	259	54	94	23	56	108	278	76	207	204	152	60	117	104	147	63	28	82	42	357	433	63	90	16	156	82	166	58	57	157	4	252	170	147	125	116	9	46	79	96	168	58	120	135	133	28	123	117	28	101	26	21	30	91	143	77	30	43	44	170	46	179	31	17	44	72	206	238	177	6	43	154	68	15	172	29	115	33	42	169	13	67	82	59	113	70	20	317	36	47	134	50	113	203	4	17	126	48	141	66	189	117	112	87	180	10	83	7	151	70	143	114	43	22	176	163	211	68	132	136	118	201	115	35	51	75	95	120	60	18	66	21	147	40	43	163	156	252	89	28	83	140	24	108	114	82	118	114	10	30	202	179	99	91	75	91	162	32	62	110	89	160	123	250	171	144	34	194	177	33	63	169	195	67	46	51	32	29	23	87	56	43	27	86	72	30	62	61	124	134	93	31	147	38	175	150	119	61	105	43	89	20	153	140	29	27	96	119	81	172	24	11	101	89	443	93	31	109	25	107	88	82	72	53	54	90	140	57	149	182	108	144	86	50	132	112	68	204	222	42	21	28	95	59	140	77	11	349	94	18	52	22	133	69	199	12	79	159	79	153	114	69	132	161	206	92	35	114	82	15	7	216	90	40	71	89	91	115	42	92	30	14	51	95	44	52	35	127	157	143	44	64	72	15	80	120	98	57	271	111	189	10	29	89	161	79	188	192	119	17	326	79	119	121	71	47	79	350	192	153	155	86	35	137	109	36	89	68	113	116	54	246	95	169	43	67	126	83	101	47	105	56	47	43	74	113	115	71	86	79	24	73	152	91	74
22	0	0	0	0	0	0	0	0	11	0	0	0	0	0	0	0	0	0	0	0	41	0	0	0	0	0	0	0	0	0	0	0	0	0	0	0	0	0	0	0	0	0	0	0	0	0	0	0	0	0	0	0	0	0	0	0	0	0	0	0	0	0	0	0	0	0	0	0	0	0	0	0	0	0	0	0	0	0	0	0	0	0	0	0	0	0	0	0	0	0	0	0	19	0	0	0	0	0	0	0	0	0	0	0	44	0	0	0	0	0	0	0	0	4	0	0	0	0	0	0	0	0	0	5	0	0	0	0	0	0	0	0	0	0	0	43	0	0	20	1	0	0	0	0	0	0	0	0	0	0	0	0	0	0	0	0	0	16	0	0	0	0	0	0	0	0	0	0	0	2	0	0	0	0	0	0	0	0	0	0	0	0	0	0	0	0	0	65	9	0	0	0	0	0	0	0	0	37	4	0	2	39	183	0	29	53	63	0	0	39	161	1	3	134	0	20	0	0	28	0	49	125	50	0	9	0	53	0	3	76	0	11	49	0	0	31	3	0	0	0	15	24	33	71	46	16	15	0	148	84	71	0	0	52	0	18	13	55	106	0	42	27	1	0	20	101	9	0	7	4	172	96	0	88	44	82	10	3	48	4	36	0	35	14	1	0	0	0	0	39	95	49	0	0	21	58	6	172	125	0	79	58	64	126	140	13	178	80	160	0	51	35	101	47	65	64	5	161	82	190	44	19	116	39	87	107	20	47	7	263	4	99	7	76	52	225	38	17	135	71	74	180	61	70	95	39	31	103	118	235	60	52	39	79	167	38	171	82	153	102	68	232	53	68	16	41	61	75	154	39	68	205	207	80	74	299	158	167	129	184	32	48	74	39	106	139	190	72	159	7	134	147	165	102	41	126	68	112	130	48	107	219	205	148	366	117	45	147	86	62	130	119	185	91	65	111	291	58	133	161	71	109	118	31	75	78	48	18	30	53	158	58	25	27	42	10	48	79	41	150	78	60	136	21	182	37	43	169	174	114	54	105	261	120	38	156	130	126	53	23	57	122	19	24	15	34	86	44	70	54	25	374	49	21	58	26	352	20	215	6	98	16	102	26	66	77	68	64	120	87	6	52	36	74	94	33	50	12	122	121	108	106	89	127	92	46	35	156	20	44	60	139	95	44	100	114	224	69	93	113	22	64	86	207	101	206	144	131	77	170	45	61	62	84	92	44	8	69	208	106	38	138	197	181	246	109	174	39	25	27	58	111	96	16	173	21	154	98	147	33	66	12	68	59	163	9	51	82	170	85	83	175	282	159	185	87	43	240	172	12	186	17	49	48	108	69	40	38	56	74	122	180	59	65	159	59	72	104	119	92	99	316	155	130	39	36	59	81	86	112	280	52	74	54	9	87	45	57	59	27	69	170	146	90	45	7	238	179	102	37	126	80	93	63	49	97	41	51	89	51	56	12	45	175	231	106	146	123	162	154	76	121	62	81	71	88	351	274	79	40	62	85	219	88	97	104	156	13	213	41	209	189	51	194	34	48	109	142	37	209	104	202	55	111	66	29	17	72	76	107	28	139	71	61	125	83	65	164	20	189	334	77	188	58	51	69	112	134	40	50	101	128	177	198	11	105	167	58	49	8	64	61	80	138	87	123	87	164	18	77	36	62	133	127	104	25	191	61	39	34	8	42	55	93	118	25	56	19	52	93	48	112	71	16	178	151	34	91	37	193	297	28	56	137	90	46	32	113	135	67	134	11	4	78	43	107	61	57	68	46	106	46	61	181	121	196	80	101	56	84	65	60	105	78	133	51	86	34	46	140	74	25	133	87	70	132	222	157	121	194	271	43	209	95	44	257	94	15	55	16	58	346	194	27	57	28	86	46	77	16	158	23	64	69	66	92	87	49	24	51	8	43	42	18	19	139	52	187	69	73	19	57	67	62	72	122	279	261	60	71	136	35	108	83	46	80	142	180	103	34	64	96	67	145	285	76	144	74	82	151	123	140	376	124	212	90	251	31	91	66	100	32	88	138	33	61	65	249	38	167	66	240	45	94	59	69	30	47	75	280	68	55	77	73	24	69	56	162	55	143	161	10	133	96	61	153	291	32	103	70	8	99	55	174	158	133	27	146	78	134	24	173	125	54	229	161	51	70	60	161	302	206	144	57	153	102	27	11	128	92	2	36	147	186	47	172	39	177	44	128	84	237	52	227	19	76	129	97	104	138	169	140	149	125	152	127	91	86	143	47	40	60	118	131	132	298	113	52	128	58
23	0	0	0	0	0	11	0	0	0	0	0	0	0	0	0	0	0	7	0	0	0	0	0	0	0	0	0	0	0	0	0	0	0	0	0	0	0	0	0	0	0	0	0	0	0	0	0	0	0	0	0	0	0	0	0	0	0	0	4	0	0	0	0	0	36	0	0	0	0	0	0	0	0	0	0	0	0	0	0	0	0	0	0	0	0	0	0	0	0	0	0	0	0	0	0	0	0	0	0	0	0	0	0	0	0	0	0	0	0	0	0	0	0	0	0	0	0	3	0	0	0	0	0	0	0	0	0	0	0	0	0	0	0	0	0	0	0	0	0	10	0	0	0	0	0	0	10	0	13	0	0	0	0	1	6	0	0	31	0	0	0	40	0	0	0	1	0	30	0	0	0	8	104	0	13	0	44	0	0	0	0	0	0	0	0	0	24	0	0	0	0	0	15	0	0	0	0	0	0	0	105	0	184	0	128	50	22	36	0	3	51	0	5	16	0	40	0	0	32	0	0	5	233	1	107	125	0	0	11	27	1	124	5	0	0	2	30	48	0	3	42	8	0	127	55	0	179	61	8	18	29	288	0	8	0	0	152	86	26	0	11	150	48	48	91	70	77	0	108	82	16	0	0	113	48	5	6	0	276	1	0	37	11	57	64	0	156	0	18	152	14	3	116	0	48	0	0	0	74	0	143	158	24	70	72	41	67	107	171	1	28	119	110	75	24	75	74	151	77	23	78	89	46	75	18	86	152	76	3	155	50	65	46	3	48	143	36	29	18	142	60	29	63	134	54	151	186	14	67	66	45	34	19	167	83	59	116	117	98	53	36	84	81	232	29	138	87	89	36	212	60	78	128	36	47	24	35	86	3	11	35	161	88	68	206	138	149	81	19	85	22	23	347	181	61	176	113	55	29	37	79	255	58	304	29	193	122	303	24	19	206	88	144	51	56	40	94	27	8	56	91	252	124	41	84	27	41	123	54	135	205	29	117	256	41	136	202	173	76	73	132	23	74	168	108	47	37	162	186	135	194	106	72	127	73	148	84	33	84	88	124	42	93	91	102	36	166	47	181	85	144	14	49	32	132	196	83	60	179	111	105	78	82	81	76	126	88	65	98	79	163	80	94	133	22	51	33	17	121	84	61	49	46	150	59	71	88	173	0	147	74	82	70	243	101	75	72	62	18	56	263	34	147	140	53	252	85	48	96	103	121	44	23	226	34	131	32	97	178	55	100	119	86	51	69	336	112	70	115	49	134	92	66	53	3	162	61	66	41	177	42	86	27	9	74	62	203	124	88	143	30	169	100	130	40	124	177	37	206	53	209	240	230	20	16	123	90	182	127	156	122	193	222	61	77	83	119	176	46	58	134	27	160	50	89	67	52	65	79	56	242	29	41	120	137	143	170	56	180	246	81	109	67	55	126	61	189	164	58	32	141	180	98	16	62	52	89	72	125	59	93	59	32	43	106	153	40	46	212	70	254	95	125	84	350	112	201	104	150	17	86	175	69	57	88	34	50	81	72	172	186	57	132	28	71	36	22	107	67	6	31	216	104	160	43	88	100	60	86	460	180	44	151	63	132	33	300	28	88	121	312	101	120	272	112	45	82	85	53	27	87	34	41	110	147	90	112	89	106	24	98	10	160	175	24	49	76	82	219	5	91	4	28	210	121	118	174	371	69	51	82	56	81	61	69	46	135	428	185	85	75	38	9	130	22	17	110	153	47	51	115	137	88	197	102	157	168	139	114	113	316	328	119	39	11	56	234	83	242	49	65	126	59	90	64	137	73	52	137	91	25	148	193	48	44	93	57	175	54	51	79	47	83	179	64	121	353	139	88	31	39	37	66	83	54	39	36	143	58	93	50	166	56	27	87	19	233	32	56	131	314	45	27	23	125	250	192	115	71	61	46	104	108	120	163	30	231	128	130	70	24	84	91	77	145	93	20	41	183	73	18	102	193	48	95	156	53	94	153	23	102	153	329	111	183	234	115	42	66	44	154	85	55	137	11	151	134	158	242	17	202	17	3	63	107	76	84	50	33	96	95	51	125	76	202	20	96	33	128	148	177	46	22	133	79	4	36	82	265	80	50	63	289	23	131	96	238	117	97	102	81	158	125	106	217	117	16	20	75	66	54	47	67	85	37	39	68	126	115	99	57	181	120	16	141	71	105	309	22	19	104	199	188	122	91	124	113	45	131	193	50	208	17	198	113	116	25	153	41	70	11	96	76	80	58	154	67	282	96	26	285	61	28	160	116	205	141	40	349	42
24	0	0	0	0	0	0	0	0	0	0	0	0	0	0	0	0	0	0	0	0	0	0	0	0	0	0	0	0	0	0	0	0	0	0	0	0	0	0	0	22	0	0	12	44	0	0	0	0	0	0	0	0	0	0	0	0	0	0	0	0	0	0	0	0	0	0	0	0	0	0	0	0	0	0	0	0	0	0	0	0	0	0	0	0	0	0	0	0	0	0	0	0	0	0	0	0	0	0	0	0	0	0	0	0	0	0	0	38	0	0	0	0	0	0	0	0	10	0	0	0	0	0	0	0	0	0	65	0	0	0	0	0	0	0	0	0	0	0	0	8	0	5	1	0	6	0	129	0	0	0	0	3	0	0	0	0	0	0	85	0	0	0	0	0	0	0	0	0	0	0	0	0	0	0	1	0	0	11	0	0	0	0	0	0	15	0	0	0	8	0	10	0	0	0	9	0	0	6	0	0	19	0	15	0	5	0	0	2	0	0	119	94	0	73	0	2	18	22	43	0	108	15	99	0	7	0	0	0	40	12	0	89	38	0	0	23	0	0	0	17	73	207	19	117	73	81	103	67	98	1	89	31	0	22	35	15	63	1	3	0	19	8	1	0	133	35	8	0	0	35	0	0	0	131	0	24	13	26	59	0	8	36	0	72	0	0	20	19	21	0	2	121	26	0	49	0	0	0	32	0	86	137	31	30	151	117	84	43	508	2	196	174	45	71	26	16	146	124	13	50	4	99	62	93	26	30	91	33	58	75	137	39	103	137	70	153	31	65	130	45	35	86	35	7	106	15	105	111	60	209	46	223	128	40	32	64	17	39	74	88	8	194	39	186	72	52	44	122	120	10	45	161	101	321	0	54	62	210	279	398	130	49	106	191	20	48	59	176	57	67	68	39	116	106	95	76	3	204	129	60	157	61	70	18	68	145	69	73	120	163	166	120	177	49	153	83	31	39	148	17	107	168	21	41	166	43	159	298	45	61	148	27	45	77	82	64	53	46	98	120	67	46	328	74	137	66	27	54	9	106	73	184	24	61	339	225	88	312	108	74	227	324	157	23	11	83	24	142	51	35	108	17	22	39	61	77	91	44	266	164	319	427	95	120	238	143	68	58	35	401	191	22	181	95	18	40	125	52	155	31	64	28	227	151	20	70	59	103	144	320	342	17	153	50	84	86	78	11	150	73	40	43	60	207	151	123	55	5	76	68	81	152	188	78	57	110	27	236	63	232	144	37	252	55	94	19	16	81	109	134	141	49	54	50	191	51	69	27	217	128	79	59	52	20	108	102	113	84	33	31	32	49	92	56	76	53	111	37	120	67	120	337	31	144	207	51	126	91	156	79	10	20	34	8	80	39	77	48	84	212	10	53	88	169	92	258	173	25	16	251	28	214	107	29	109	70	34	210	154	1	185	76	66	42	63	119	97	211	199	102	74	119	80	108	17	78	401	66	118	52	53	142	166	81	57	31	112	25	51	34	54	120	174	19	98	73	45	28	20	21	125	33	84	26	134	132	1	132	119	150	135	67	112	52	46	144	65	37	65	203	100	71	21	120	39	63	125	142	141	78	8	78	119	47	26	124	34	61	102	140	178	33	184	108	120	19	199	25	36	25	60	9	113	117	221	12	107	83	62	34	83	14	65	102	148	29	125	210	180	59	75	28	220	32	70	107	66	51	94	158	83	40	136	106	155	68	80	242	33	92	112	116	54	82	88	103	130	58	92	104	175	93	57	98	138	23	80	167	102	29	212	92	107	49	27	190	48	32	335	145	64	87	25	84	24	384	82	133	83	82	125	34	115	99	150	68	30	209	6	241	20	0	154	11	60	132	134	86	29	124	397	56	160	63	96	98	60	29	16	62	22	50	49	206	37	7	140	256	99	93	2	118	276	58	75	45	35	65	20	273	36	46	30	74	99	109	177	38	65	216	72	240	82	72	15	126	118	367	111	44	173	109	63	68	104	149	50	86	56	466	83	124	54	180	153	111	43	331	40	33	86	78	88	100	130	122	177	236	105	77	122	27	99	20	9	71	110	181	97	138	52	156	138	233	104	251	71	47	17	33	77	20	54	17	115	236	158	150	28	71	27	44	51	91	16	127	100	112	121	29	223	44	176	103	86	37	31	142	61	47	359	59	65	81	199	120	121	54	24	120	57	122	0	27	22	56	64	19	137	66	67	86	13	22	8	5	37	74	124	14	236	121	45	82	34	32	141	16	63	91	52	44	124	35	87	15	146	59	63	27	82	37	29	111	57	196	85	249	37	48
25	0	0	0	0	0	0	0	0	0	0	0	0	0	0	0	0	0	0	0	0	0	0	0	0	0	0	0	0	0	0	0	0	0	0	0	0	0	0	0	0	0	0	0	0	0	0	0	0	30	0	0	0	0	0	0	0	0	0	0	0	0	0	0	0	0	0	0	0	0	0	46	0	0	0	0	0	0	0	0	0	0	0	0	0	0	0	0	0	0	0	0	0	0	0	0	0	0	0	0	0	0	0	0	2	13	0	3	0	25	0	0	0	0	54	0	1	0	13	0	0	0	0	0	2	0	4	0	43	0	87	0	0	0	0	0	3	0	0	0	0	28	27	0	0	0	18	0	0	0	0	3	102	0	0	0	0	0	0	16	0	0	0	0	1	5	2	1	0	0	0	0	0	0	0	0	0	0	0	0	0	0	3	0	0	0	0	0	19	0	0	6	0	0	0	0	0	0	0	0	0	35	0	35	0	0	5	243	3	0	18	56	0	136	26	13	0	22	2	0	0	0	17	138	90	19	112	11	0	5	81	0	0	49	0	22	2	29	0	0	22	47	41	0	26	29	0	220	0	64	16	39	43	0	24	3	0	33	13	63	125	39	66	0	0	78	232	7	0	75	16	106	0	0	102	10	36	0	9	70	109	29	61	170	165	93	82	9	0	125	49	106	0	101	0	158	0	0	117	48	23	182	12	183	12	41	85	38	107	50	4	8	13	105	33	196	63	80	142	343	11	68	100	217	67	72	208	29	480	62	142	190	181	0	41	40	59	0	58	128	124	129	101	47	26	99	88	135	112	82	71	100	236	46	112	62	26	83	203	222	111	93	11	103	130	62	188	204	210	64	61	65	71	178	97	10	33	17	136	96	120	83	55	71	18	83	77	78	190	64	77	66	105	50	138	44	19	70	88	127	101	120	123	158	142	98	15	644	82	84	36	13	108	254	89	45	81	115	35	38	83	40	252	7	32	52	118	102	70	47	110	15	103	59	66	129	8	28	150	122	92	28	139	47	64	131	57	123	122	85	66	180	54	65	255	110	47	93	21	57	70	143	111	101	114	244	87	158	15	19	178	147	110	85	118	145	15	68	186	187	139	45	79	48	69	110	280	106	197	105	149	140	107	283	284	150	169	116	74	207	75	98	1	113	211	110	195	49	14	130	72	14	10	94	22	104	294	38	29	118	123	71	192	139	235	9	64	239	64	281	125	52	34	64	136	18	287	56	69	107	51	169	131	12	32	110	104	98	88	69	120	137	97	76	86	234	153	14	25	15	116	189	41	63	219	49	269	22	24	92	64	62	160	59	267	172	180	313	246	47	146	146	52	90	56	124	1	117	156	128	11	114	56	13	46	84	146	12	97	12	126	16	131	110	50	74	53	175	123	227	83	74	112	101	161	54	22	169	56	136	39	127	138	109	191	5	37	200	245	64	109	4	64	191	107	54	89	74	100	105	79	90	4	133	65	157	88	131	466	250	153	146	78	4	57	126	53	160	326	162	52	88	140	152	144	50	25	121	250	13	119	25	93	167	66	101	40	209	53	70	34	88	51	36	91	55	157	177	36	66	108	177	58	147	90	128	24	32	121	195	53	20	61	122	22	202	192	67	70	45	325	174	123	160	161	172	117	24	71	17	128	19	93	16	72	56	29	36	217	49	166	192	154	29	89	118	101	64	68	116	214	116	80	63	59	68	108	33	92	59	37	40	106	35	58	176	132	95	54	77	88	125	140	116	148	2	11	135	15	100	134	46	19	5	71	67	56	162	383	132	190	58	161	100	32	83	53	92	64	2	77	39	120	63	64	43	379	159	234	112	50	91	50	48	227	147	168	274	21	138	105	132	57	45	168	154	3	83	77	94	87	111	115	86	186	64	27	231	120	146	44	133	141	128	144	107	64	21	102	36	121	127	62	16	113	64	39	136	71	66	24	29	28	43	112	68	110	225	20	85	33	44	72	40	129	91	101	50	31	89	11	73	173	201	56	44	108	133	117	158	161	194	113	98	131	13	170	132	129	296	85	153	25	22	119	150	28	103	305	87	143	73	88	29	37	117	45	117	120	212	64	23	9	102	253	249	79	36	82	25	33	69	105	19	58	58	40	53	81	15	254	126	37	126	48	249	52	53	35	120	19	144	50	204	32	85	18	278	52	63	102	89	122	39	190	13	113	38	181	83	134	74	246	290	195	85	24	95	204	123	6	134	86	47	30	145	140	124	51	148	65	179	77	18	58	22	65	94	30	20	282	62	148	30	76	76	99	22	132	126	45
26	0	0	0	0	0	0	0	0	0	0	0	2	0	0	0	0	0	0	0	0	0	0	0	0	0	0	0	0	0	0	40	0	0	0	0	0	0	0	0	0	0	0	0	0	0	0	0	0	3	0	0	0	0	0	0	0	0	0	0	0	62	0	0	0	0	0	0	0	0	0	0	0	0	0	0	0	0	0	0	0	0	0	0	0	0	0	0	0	0	0	7	0	0	0	0	0	0	0	7	0	98	158	93	45	0	69	37	58	101	34	14	210	34	53	105	114	197	47	63	91	47	12	15	168	43	19	4	215	7	89	42	137	53	75	76	7	81	27	141	32	89	61	74	2	77	164	7	44	70	3	20	22	17	101	48	86	36	15	54	36	90	59	37	66	17	375	39	80	75	52	31	147	22	32	149	63	20	21	60	238	54	41	34	85	8	297	132	29	30	51	43	5	44	128	12	163	56	90	3	88	68	108	70	181	78	107	32	266	5	109	22	33	189	37	119	208	147	142	108	148	122	53	5	93	60	115	81	47	202	9	121	100	35	49	78	16	162	32	104	34	68	291	33	127	19	160	35	55	58	109	200	79	27	55	40	75	150	221	118	91	106	84	83	53	74	76	258	47	105	90	158	43	139	151	23	41	21	86	209	104	73	20	87	150	22	51	69	125	157	88	126	49	66	73	79	27	112	59	72	116	65	243	190	156	152	204	17	70	276	26	44	99	93	170	108	51	38	87	107	49	212	41	79	49	66	237	15	89	91	51	60	47	144	143	29	104	87	115	63	70	192	59	116	266	89	52	86	71	95	107	29	62	93	108	72	38	27	150	77	148	34	112	15	198	50	97	112	101	201	16	32	192	52	303	98	31	88	92	115	153	115	16	58	104	187	2	138	194	177	102	37	80	128	102	142	160	114	192	169	110	72	42	80	189	272	40	21	131	38	121	49	93	27	48	165	100	77	60	130	184	143	82	111	73	122	86	78	225	233	81	29	57	45	276	24	75	13	67	206	154	123	237	55	95	104	131	62	80	24	81	88	76	298	59	174	157	43	114	26	4	28	65	194	166	79	169	8	48	65	153	31	113	84	91	50	108	99	51	53	2	389	41	129	63	118	31	99	106	265	11	120	95	93	171	44	98	68	37	19	11	163	258	101	54	158	108	32	158	149	79	201	200	180	139	76	127	304	20	107	106	116	69	138	92	93	101	242	113	23	89	19	128	35	10	95	183	122	76	68	88	21	27	66	188	22	83	19	30	120	121	95	138	101	45	29	100	19	127	36	22	140	42	300	129	92	96	42	70	68	77	56	67	18	194	24	139	88	204	218	42	70	114	126	113	23	232	297	68	2	100	42	42	155	271	297	250	143	179	89	57	113	66	99	78	23	75	8	5	152	71	8	82	33	86	105	44	17	195	149	85	23	8	27	167	75	31	65	227	213	83	2	132	198	73	53	77	160	75	46	25	20	14	133	104	52	25	54	3	17	319	202	394	22	192	31	94	70	233	78	48	26	159	123	72	39	52	15	94	237	29	51	184	54	295	109	93	71	165	78	14	44	170	72	58	76	29	175	48	143	158	140	36	88	108	143	180	10	128	78	28	55	24	16	2	30	141	216	66	66	105	155	53	58	101	90	144	30	75	93	186	92	153	149	79	126	52	144	11	97	95	89	440	91	190	12	271	124	56	130	138	101	143	74	8	155	108	60	59	47	40	71	216	157	41	6	79	78	134	68	118	260	68	83	103	196	260	170	54	19	25	29	107	60	170	49	64	272	51	239	21	130	86	183	98	217	13	24	79	45	74	49	128	47	78	20	29	86	91	133	68	87	82	116	15	30	83	26	233	22	285	116	148	86	95	89	30	40	152	78	60	99	142	45	34	97	5	240	157	23	164	36	182	13	52	169	13	46	92	172	118	14	66	31	10	47	243	28	150	100	34	36	131	117	55	37	41	85	111	241	66	31	270	95	91	36	74	88	189	5	40	127	11	18	13	81	190	38	123	36	205	108	163	80	190	129	44	116	80	209	165	49	76	64	114	33	64	53	60	113	99	138	217	96	127	56	27	55	88	34	116	149	15	105	51	54	55	73	68	175	51	99	11	68	129	101	113	53	89	16	14	303	254	72	78	122	54	134	40	12	72	58	99	41	46	325	61	49	27	293	78	175	83	52	77	453	76	22	61	57	70	23	35	59	17	155	43	120	15	66	70	355	150	113	228	58	45	70	42	172	57	52	21	52	48	201	111	100	77	123	73	283	15	85	61	171	189	85	94	53	163
27	0	0	0	0	0	0	0	0	0	0	0	0	0	0	0	0	0	0	18	0	0	0	0	0	0	0	0	0	0	0	0	0	0	0	0	0	0	0	0	0	0	0	0	0	0	0	0	0	0	0	0	0	0	0	0	0	0	0	0	0	0	0	0	0	0	0	0	0	19	0	0	0	0	0	0	0	0	0	0	0	0	0	0	0	0	0	0	0	10	0	0	0	0	0	0	0	0	0	0	0	123	1	115	63	31	14	231	157	56	11	23	167	30	124	21	168	106	22	3	26	102	35	39	101	405	95	102	171	73	24	112	9	69	115	57	39	194	181	203	82	198	200	42	62	37	21	91	9	178	269	181	252	26	36	81	14	11	50	76	54	130	211	45	131	167	41	8	139	9	246	77	55	166	72	62	22	33	217	90	22	74	15	71	62	45	22	21	91	20	19	41	80	91	178	98	92	41	173	48	78	1	140	38	51	45	31	14	164	74	177	95	18	50	221	49	53	9	216	96	90	54	34	180	114	135	135	25	41	23	211	56	33	114	42	84	287	73	76	49	45	179	154	54	46	30	90	38	49	46	156	113	14	140	46	69	68	64	90	55	87	46	137	37	171	22	18	107	36	110	146	118	14	352	35	43	103	15	35	194	266	22	87	42	98	295	62	35	76	76	80	156	134	73	166	24	75	148	9	29	40	109	181	47	177	122	138	164	60	141	26	16	43	60	21	105	79	396	28	102	59	96	104	74	126	127	99	56	41	84	86	123	72	78	20	28	238	341	23	171	60	46	199	50	54	133	33	45	243	114	162	127	122	25	18	266	155	73	356	196	69	34	123	230	64	75	23	134	16	117	84	47	76	87	115	114	256	220	48	114	68	55	50	52	31	135	85	194	46	113	43	240	38	156	75	22	151	18	142	71	147	215	88	59	37	254	87	38	182	38	105	71	64	29	74	44	87	5	9	82	204	184	178	365	46	117	184	94	14	75	286	95	39	116	173	30	98	38	52	218	79	122	68	65	128	32	87	337	345	7	80	43	59	199	124	128	140	174	77	173	204	261	143	106	101	21	101	32	79	93	118	123	31	50	63	170	273	9	101	32	19	89	55	226	90	134	330	68	100	121	86	42	148	134	47	216	155	13	69	280	47	27	99	109	114	119	20	19	93	75	126	148	145	84	133	188	120	67	69	115	78	171	57	43	71	129	113	547	125	141	1	224	4	52	82	42	50	92	127	246	105	70	93	169	102	192	23	229	76	12	88	49	43	19	77	122	17	75	90	143	54	7	59	15	38	47	31	62	27	35	74	147	109	2	129	77	272	133	121	130	125	149	40	12	86	33	102	22	14	26	37	52	23	110	30	68	142	41	184	160	78	92	151	73	37	322	48	253	139	32	23	208	80	120	86	50	136	297	103	112	167	15	165	87	19	144	84	314	58	82	49	45	126	323	91	67	105	114	139	85	106	83	110	116	240	74	99	117	182	67	149	34	61	9	33	31	41	84	82	12	128	60	88	116	142	3	193	136	66	230	83	48	18	16	53	93	125	64	39	76	86	208	144	30	115	297	25	119	123	196	145	66	200	42	140	25	157	137	223	160	102	132	59	207	85	33	83	17	47	73	193	67	44	14	34	56	20	47	55	200	152	155	74	23	29	16	54	79	64	86	96	45	73	23	61	32	171	95	10	89	55	182	37	20	47	86	86	401	38	90	75	87	65	88	149	39	68	242	76	110	90	368	2	11	39	81	161	286	71	176	156	212	119	130	76	45	161	29	121	80	144	65	50	61	106	12	2	158	104	6	14	64	81	78	98	61	147	14	34	141	382	12	179	454	27	52	29	87	58	31	37	60	91	345	74	18	154	30	72	306	269	179	47	22	50	14	83	186	95	32	85	82	81	206	35	281	56	11	113	75	326	102	126	14	95	242	123	3	51	51	19	197	10	193	96	113	309	25	7	57	71	44	74	121	96	30	34	180	159	165	155	63	57	51	95	54	90	147	148	202	38	243	129	34	76	96	53	32	66	22	63	50	208	67	149	33	29	59	119	59	85	32	84	248	34	112	65	91	47	68	119	143	177	110	29	128	30	60	29	80	87	29	209	83	170	11	61	105	70	66	56	51	43	137	29	188	15	249	111	81	59	90	43	138	126	139	47	44	16	109	33	99	95	90	77	367	164	167	82	13	45	74	56	175	62	105	25	150	234	104	124	271	154	33	93	100	94	87	134	110	223	201	40	31	38	200	81	98	169	62	119	30	79	27	91	103	148	186	3	143	122
28	0	0	0	0	0	0	0	0	0	0	0	0	0	0	0	0	0	0	0	0	0	0	0	0	0	0	0	0	0	0	0	0	0	0	0	0	0	0	0	0	0	0	0	0	0	0	0	0	0	0	0	0	0	0	0	0	0	0	0	0	0	0	18	0	0	0	0	0	0	0	0	0	0	0	0	0	0	0	0	0	101	36	0	0	0	0	0	0	0	0	0	0	0	0	0	20	0	0	0	0	0	0	0	0	0	0	0	7	0	0	0	0	0	107	0	0	0	0	0	0	0	0	0	0	0	0	0	0	0	0	0	0	0	17	0	0	0	0	0	0	0	0	0	0	10	3	0	10	0	0	0	0	0	0	0	0	0	0	0	0	0	1	0	0	0	0	0	0	0	0	0	1	0	0	0	0	0	0	0	0	0	0	0	0	3	0	22	0	0	0	0	0	0	0	0	0	0	0	0	0	0	1	0	190	0	0	0	0	7	25	35	0	6	34	26	93	28	136	0	11	0	49	0	0	0	5	0	47	16	0	0	0	0	0	95	14	147	0	44	0	51	71	0	0	0	28	0	7	0	0	44	2	0	102	0	34	0	30	117	83	17	0	0	28	20	52	0	10	5	140	8	102	67	68	88	3	1	42	13	35	50	0	42	4	0	1	82	21	15	5	0	51	0	0	35	0	1	9	42	0	27	13	211	80	34	176	74	12	376	85	243	4	44	25	106	25	121	78	102	189	97	22	219	1	139	198	146	96	204	94	68	149	124	122	63	80	16	173	99	25	20	143	5	115	146	107	51	252	66	29	19	142	6	188	162	84	52	243	182	112	114	371	2	12	33	32	85	65	132	74	4	253	91	53	223	146	41	96	210	62	22	132	170	72	141	56	55	0	70	71	56	60	168	87	33	103	239	140	99	18	155	50	48	41	22	30	67	168	112	274	29	190	11	6	307	40	78	128	72	29	13	15	32	112	73	17	196	87	128	122	59	120	48	90	92	155	27	59	89	135	205	146	87	131	40	140	22	81	128	17	80	90	55	26	68	16	9	181	78	57	37	273	193	285	82	98	83	65	197	53	52	72	95	84	50	26	35	134	174	35	41	115	69	70	10	26	134	47	121	52	83	26	45	172	54	74	321	158	76	209	201	156	189	101	183	193	83	30	183	12	49	66	36	29	121	68	12	59	71	71	48	89	65	78	55	55	46	184	53	190	144	119	148	128	38	136	88	55	37	57	27	151	60	181	165	17	29	124	272	79	86	93	54	200	410	197	126	82	97	118	101	150	73	4	37	565	45	70	68	265	34	55	52	62	119	218	37	79	46	133	122	41	191	58	81	71	123	57	99	98	164	68	147	174	26	145	62	58	123	62	164	131	63	122	52	54	76	20	57	67	114	104	87	40	64	74	35	74	348	73	215	71	210	78	53	232	51	250	56	75	93	86	186	300	68	140	73	170	163	47	71	51	9	6	97	14	188	291	89	73	89	151	20	68	120	26	113	30	25	26	84	147	187	57	140	60	42	48	149	120	99	74	235	419	84	76	7	31	143	30	117	78	107	31	26	130	146	38	38	126	48	79	91	36	180	149	79	44	18	115	69	14	97	21	107	54	50	116	49	110	44	37	266	48	15	120	184	259	57	12	99	72	85	184	89	35	29	76	119	191	233	70	38	56	266	153	61	58	113	89	83	221	4	102	46	65	169	183	266	99	74	123	111	143	56	45	27	146	112	11	26	69	59	52	111	29	56	107	110	155	342	195	185	44	297	20	143	61	57	109	27	135	146	207	175	174	65	160	53	40	45	8	289	123	48	116	34	20	89	152	6	138	94	25	78	14	34	148	16	19	145	112	142	23	12	110	257	296	156	104	58	54	60	69	99	27	61	210	16	128	48	80	163	9	103	115	62	48	60	11	57	125	103	64	53	197	117	40	27	9	141	45	169	86	154	117	152	52	116	47	300	91	178	61	96	47	59	69	29	26	65	14	198	139	193	70	67	156	55	103	109	86	184	82	283	6	234	40	67	40	91	84	174	130	100	10	12	164	160	132	36	178	225	81	173	232	229	27	150	78	110	23	41	12	34	44	72	128	22	98	28	23	26	187	97	58	5	63	90	72	20	121	134	144	66	113	20	71	55	90	97	113	253	124	73	193	13	106	14	128	64	11	91	160	153	24	265	55	75	32	112	30	91	58	54	49	107	263	126	38	52	81	95	183	60	103	79	85	7	153	189	125	98	164	102	31	223	54	27	38	23	32	22	69	76	45	12	38	31	45
29	5	0	0	0	0	0	0	0	0	0	0	0	0	0	0	0	0	0	0	0	0	0	0	0	0	0	0	0	0	0	0	0	0	0	17	0	18	0	0	0	0	0	0	0	32	0	0	0	0	0	0	1	0	0	0	0	0	0	0	0	0	0	0	0	0	0	0	0	0	0	0	0	0	0	22	0	0	0	0	0	0	0	0	0	0	0	0	0	0	0	0	0	0	0	0	0	116	0	0	0	0	0	0	0	0	18	0	53	0	0	0	0	0	0	0	0	11	0	0	0	0	0	0	0	0	0	0	83	0	39	0	0	108	0	0	0	0	0	0	0	0	0	0	0	40	0	4	3	4	0	0	25	0	0	35	0	0	0	0	29	10	0	0	0	0	0	0	17	0	0	0	0	0	0	34	0	0	0	18	0	40	0	0	0	0	13	0	0	0	0	160	0	72	0	0	0	0	5	0	0	0	0	0	121	0	0	0	0	3	131	48	0	11	67	66	0	7	25	6	15	63	18	8	0	54	79	2	20	26	2	0	8	0	20	24	0	0	0	37	0	238	65	52	132	0	46	0	7	0	55	55	0	0	83	90	52	0	0	85	1	0	12	22	26	0	0	38	1	36	16	303	31	89	1	0	0	0	47	115	168	0	0	41	16	41	0	0	20	7	0	0	124	0	16	0	11	48	0	0	0	169	215	120	148	31	38	37	111	79	130	130	149	237	104	53	35	107	105	14	40	103	335	127	7	104	104	118	113	178	163	25	43	96	50	45	142	218	156	33	44	79	37	86	188	56	37	30	452	179	56	202	138	18	35	106	72	53	24	12	69	44	81	86	140	24	81	101	193	59	27	64	159	20	38	153	60	92	21	81	118	47	39	58	167	6	67	14	11	93	39	137	118	101	24	11	182	239	56	67	98	61	18	45	32	182	138	60	81	223	22	65	131	213	155	40	313	159	83	55	25	166	135	49	84	73	52	20	116	135	192	55	149	15	127	86	49	161	14	148	100	314	194	30	61	129	71	37	466	101	49	64	54	124	165	173	90	25	71	60	238	136	218	15	58	102	92	67	17	81	128	72	40	111	131	43	98	171	138	54	255	17	74	140	80	94	127	180	127	119	135	73	97	6	148	285	59	87	71	34	93	33	35	60	43	49	250	67	51	12	22	147	14	12	71	30	40	67	95	158	16	31	163	170	194	145	28	85	62	61	48	52	116	82	116	140	131	128	41	90	130	48	31	167	275	168	126	48	132	45	197	160	190	178	170	144	33	70	50	156	194	170	213	23	108	59	105	70	15	77	62	141	79	108	171	244	152	148	253	53	221	84	115	122	18	18	12	266	19	66	320	77	151	28	101	55	98	24	80	21	78	332	150	16	20	89	12	70	88	79	42	16	81	80	134	35	153	33	73	15	170	114	99	106	45	87	116	62	39	111	182	57	138	112	201	272	72	71	28	58	93	66	101	47	129	75	95	67	23	79	48	26	187	78	217	115	66	364	192	160	298	175	153	81	80	67	85	48	351	83	330	12	15	71	115	51	35	106	185	58	51	162	61	7	14	137	100	52	23	46	33	97	47	58	91	49	88	72	31	131	204	205	148	126	159	59	60	169	111	71	52	123	12	159	165	55	117	222	34	32	204	175	55	5	71	148	79	107	15	84	74	226	164	70	89	199	100	89	61	28	112	176	113	52	22	117	53	175	64	143	93	159	129	109	37	5	111	75	43	151	58	20	151	208	127	93	131	103	202	232	108	82	90	163	25	34	44	69	91	64	18	24	9	53	80	59	111	166	95	110	57	273	89	101	36	226	36	50	74	106	24	101	60	223	141	69	147	48	135	87	111	86	209	34	89	346	102	63	231	178	59	206	157	189	29	66	126	61	10	88	65	56	94	62	144	164	65	373	133	163	49	84	125	143	89	190	142	29	149	79	94	96	137	116	149	21	28	110	44	118	28	184	112	79	8	37	95	175	151	70	61	55	69	37	60	133	28	52	43	45	65	195	136	83	27	76	132	79	80	179	47	45	120	101	108	62	48	10	33	113	97	38	38	70	39	104	50	166	266	20	29	134	80	169	69	200	100	311	293	45	121	45	87	31	32	73	70	20	59	140	10	51	94	43	55	110	97	83	129	88	70	128	122	51	217	105	158	7	49	72	67	106	256	122	28	5	47	92	29	95	121	267	69	94	95	21	27	164	262	56	171	173	81	40	22	65	41	32	10	61	108	88	168	40	298	16	170	130	272	98	175	242	13	13	292	51	25	34	34	88	58
30	0	0	0	0	0	0	0	0	0	0	0	0	0	0	0	0	0	0	0	0	0	0	0	0	0	0	0	0	0	0	0	0	0	0	0	0	0	0	0	0	0	0	0	0	0	0	0	0	0	0	0	0	0	0	0	0	0	0	0	0	0	0	0	0	0	0	0	0	0	0	0	0	0	0	0	0	0	0	0	0	0	0	0	0	0	0	0	0	0	0	0	0	0	0	0	0	0	0	0	0	0	0	8	0	0	0	0	0	0	0	0	0	0	89	0	0	2	0	0	0	0	0	0	68	0	0	0	0	0	0	0	0	36	0	0	0	6	0	7	0	16	0	0	0	0	33	0	0	0	0	0	0	3	0	0	0	0	0	5	0	0	0	0	0	12	0	0	0	0	0	4	0	0	0	0	0	0	0	0	0	0	1	0	0	0	0	0	0	0	0	0	0	41	0	0	0	0	0	0	0	0	0	34	115	0	0	23	0	0	38	137	0	3	0	0	19	0	0	6	0	14	4	0	84	0	0	0	85	14	0	4	0	0	3	8	0	6	0	70	0	0	67	46	11	0	108	0	0	0	115	0	0	0	0	0	121	1	0	5	0	0	38	0	0	25	0	0	0	4	33	33	0	0	0	26	0	0	3	9	32	15	0	31	0	105	37	0	3	0	55	0	12	114	0	0	27	25	30	7	0	35	274	111	65	60	35	135	343	68	77	62	30	108	147	184	41	0	92	199	196	110	197	79	17	18	253	30	75	71	147	52	133	228	235	20	144	58	213	81	30	34	77	47	65	96	120	90	10	5	77	0	114	26	263	14	30	134	163	22	55	132	49	61	76	237	83	114	327	14	26	17	87	47	19	6	17	232	38	27	44	56	25	104	100	17	138	53	0	115	0	93	61	23	51	82	17	124	9	47	319	76	226	88	38	183	117	279	225	87	31	129	123	95	125	90	114	92	138	66	168	59	216	192	15	368	167	231	97	92	66	42	48	81	150	141	66	234	37	5	181	66	29	35	46	33	282	46	91	53	63	83	322	136	169	108	88	87	332	64	228	49	12	153	21	67	84	53	39	304	21	138	16	74	55	103	126	27	21	44	18	43	166	59	129	91	103	108	46	94	183	133	38	76	86	162	99	209	277	67	124	71	36	195	119	77	56	62	114	171	35	159	119	43	44	89	39	71	120	19	223	286	53	37	11	64	14	85	60	120	58	94	176	108	53	71	146	6	67	96	78	113	29	53	70	159	44	86	52	4	155	66	39	145	87	189	99	56	120	74	133	207	165	33	287	111	36	24	23	147	130	66	151	85	93	121	51	157	382	154	33	100	121	123	29	56	45	191	199	131	21	88	33	94	141	57	121	10	90	64	150	88	88	67	54	58	118	50	95	124	96	103	192	155	71	122	105	206	44	33	78	12	111	85	232	94	58	12	32	10	10	44	60	98	27	125	142	147	134	270	232	57	251	65	121	117	82	61	130	206	91	170	204	55	50	53	61	58	326	130	149	72	81	78	136	80	163	191	267	127	10	91	93	66	376	42	60	6	129	70	132	120	24	45	166	32	88	51	51	49	26	19	71	60	120	19	81	210	167	23	69	90	56	65	56	91	113	65	4	13	72	54	121	180	228	98	51	116	131	63	44	163	161	72	130	123	71	120	171	24	152	4	19	111	114	76	26	15	23	205	54	178	16	104	50	100	188	68	31	163	46	65	52	142	61	84	47	91	126	30	165	23	52	54	74	65	173	83	36	38	72	68	25	135	40	12	84	81	98	33	40	69	91	233	72	109	63	21	91	123	60	78	52	31	51	315	14	256	43	63	113	137	76	164	65	78	212	78	137	130	106	234	175	19	94	73	155	60	55	72	115	54	58	85	69	77	89	4	66	352	170	24	85	75	53	102	34	118	91	116	112	81	149	104	75	21	128	92	62	78	59	75	38	65	64	25	46	48	220	121	102	52	24	73	19	149	167	24	155	53	54	17	56	106	142	117	175	262	14	305	71	92	163	49	47	117	252	90	99	76	125	277	80	94	127	63	217	113	138	101	72	41	198	239	155	48	158	209	127	119	84	121	78	44	147	30	119	275	138	52	13	87	235	65	123	136	47	85	176	20	31	93	74	53	182	54	83	58	89	32	56	54	25	155	124	218	60	38	429	21	41	51	214	200	175	78	145	99	94	250	173	167	107	45	168	143	3	52	228	18	219	79	75	228	108	55	57	64	56	65	24	59	122	218	33	97	5	36	95	80	197	48	107	134	68	140	261	89	89	209	76
31	0	0	0	0	0	0	0	0	0	0	0	0	0	0	0	0	0	0	0	0	0	0	0	0	0	6	0	0	0	0	0	0	0	0	0	0	0	0	0	0	0	0	0	0	0	0	0	0	0	0	0	0	0	0	0	0	0	0	0	0	0	2	0	0	0	8	0	0	0	0	0	0	0	0	0	0	0	0	0	3	0	0	0	0	0	0	0	0	27	0	4	0	0	0	0	0	0	0	0	0	0	2	0	11	0	0	0	68	0	0	1	0	0	45	0	0	0	29	1	0	0	0	0	25	0	0	0	133	0	23	0	0	0	0	0	0	0	0	0	0	0	0	24	0	0	6	1	0	0	0	64	0	0	2	0	0	0	0	38	0	58	41	0	0	35	0	0	0	0	0	0	37	0	0	0	5	0	0	0	0	20	0	0	0	0	0	0	12	0	0	0	0	0	14	0	0	0	0	0	0	26	112	60	34	7	0	0	98	8	157	127	2	35	0	7	149	0	44	37	7	0	0	15	0	46	134	0	4	62	0	2	0	63	182	28	85	42	0	62	9	90	37	113	114	75	123	0	101	0	0	26	37	0	6	0	75	0	0	52	0	54	19	0	70	90	86	77	31	9	188	125	22	82	0	0	13	0	0	99	391	224	76	111	65	6	39	4	89	0	1	5	3	19	121	90	0	48	19	108	0	84	91	95	86	84	284	159	101	85	115	262	159	6	221	131	17	72	77	54	114	66	128	157	8	27	147	88	83	86	223	356	237	38	66	130	74	208	141	40	23	15	36	30	33	118	110	33	120	122	83	91	147	34	55	136	63	86	64	51	55	94	128	71	188	74	49	29	116	72	22	64	54	43	96	46	195	101	97	63	203	102	32	70	125	127	92	94	13	85	49	61	80	127	45	70	221	32	219	16	190	83	41	229	130	67	100	71	17	185	141	103	104	28	70	20	243	54	234	107	5	101	111	161	182	22	197	170	121	138	18	226	59	143	27	30	149	41	113	95	184	21	39	55	180	83	173	70	13	52	130	32	194	50	118	138	34	45	45	99	37	140	90	143	36	60	70	61	22	73	48	73	33	26	36	53	79	195	61	43	34	22	23	102	43	162	34	112	71	103	160	109	171	50	97	40	64	27	46	142	93	125	91	60	20	105	10	37	72	44	136	74	120	222	25	64	115	66	162	57	159	82	142	183	183	61	176	88	45	279	96	72	49	106	225	125	36	159	82	34	50	7	124	153	188	155	83	68	100	51	131	115	195	210	267	54	61	68	95	103	109	49	67	114	276	31	57	145	46	85	101	117	49	45	79	197	149	82	114	47	67	140	112	43	202	58	80	70	163	74	46	32	167	77	101	48	139	181	45	24	78	57	122	117	50	126	67	37	259	54	160	134	113	99	114	102	89	149	82	44	41	15	39	160	26	178	36	156	46	59	98	55	56	1	166	133	67	137	178	153	176	17	219	112	110	51	55	46	9	73	107	13	116	144	115	59	182	28	21	146	140	212	164	61	61	204	87	155	113	51	130	162	90	13	38	75	93	124	116	128	133	48	119	91	184	165	75	140	50	123	386	119	47	149	46	65	7	25	187	74	69	73	106	78	68	32	85	24	59	55	183	107	19	27	89	151	68	157	157	144	105	102	236	48	86	51	67	116	128	83	78	221	344	43	100	111	41	227	39	7	83	25	185	4	166	78	221	194	52	74	81	127	59	53	24	24	77	111	77	64	27	154	39	109	122	155	56	50	193	296	30	83	146	80	28	367	155	64	131	72	114	39	107	79	72	29	109	92	113	163	165	21	71	22	80	69	61	125	232	106	166	183	79	78	123	49	77	204	31	103	14	111	487	31	84	16	230	8	151	101	51	504	57	96	3	90	48	66	101	52	71	82	143	38	55	110	105	83	28	93	126	9	122	311	145	55	108	72	206	91	37	138	29	141	196	82	56	105	112	171	260	51	210	126	69	59	71	67	41	127	271	123	80	54	17	18	35	21	21	129	113	121	61	130	157	14	86	135	72	51	145	99	265	27	33	14	111	197	31	23	26	83	124	165	88	31	127	15	22	187	242	100	81	6	97	89	45	58	37	63	144	284	86	40	20	22	31	133	22	20	199	85	43	87	70	58	156	85	129	63	172	31	53	87	86	6	152	52	124	262	68	254	195	55	35	31	134	23	56	69	125	47	26	235	37	82	89	87	276	106	111	124	14	27	20	90	183	53	75	11	224	63	173	25	126	81	177	30	65	4	75	66	99	408	177	39	50	149	122	120	54
32	0	0	0	0	0	0	0	0	0	0	0	0	0	0	0	0	0	0	0	0	0	0	0	0	0	0	0	0	0	0	8	0	0	0	0	0	0	0	0	0	0	0	0	0	0	0	0	0	0	0	0	0	0	0	0	0	0	0	0	0	0	0	0	0	0	0	0	0	0	0	0	0	0	0	0	0	0	0	0	0	0	0	0	0	0	0	0	0	0	0	0	0	0	0	0	17	0	0	0	0	0	0	0	0	0	0	0	61	0	0	0	5	0	0	0	0	0	0	0	0	20	0	0	291	13	7	0	0	0	0	0	0	0	0	0	27	0	0	15	0	2	3	3	35	0	4	0	0	0	0	0	0	0	3	0	0	0	0	0	21	0	85	25	0	0	1	0	33	0	55	0	0	0	62	0	2	0	0	0	0	4	0	4	0	0	0	0	0	0	0	0	0	0	0	0	0	40	0	0	0	8	119	21	42	0	0	30	4	0	101	61	1	12	19	48	29	0	313	9	71	94	131	0	0	126	46	115	0	86	0	53	0	191	1	1	155	25	0	1	0	60	232	1	0	0	66	1	89	7	0	0	0	0	6	0	159	5	104	106	0	36	19	0	53	6	0	1	56	25	104	22	29	31	70	0	67	0	16	287	50	0	4	60	53	116	52	0	2	10	41	40	1	0	136	34	30	0	30	0	0	99	117	102	106	73	42	226	112	269	18	179	34	79	103	82	37	71	123	15	200	156	75	67	214	137	96	48	162	47	88	204	40	109	124	231	44	173	6	20	47	176	167	29	44	101	133	35	78	141	311	137	131	53	32	122	63	34	226	45	291	22	118	122	56	125	156	50	85	45	74	186	31	44	108	154	54	33	156	41	97	20	91	69	147	40	74	11	411	190	46	102	73	122	171	156	124	214	55	117	127	61	144	17	156	65	137	93	73	93	146	91	46	91	266	61	180	116	128	15	33	129	173	167	135	62	98	49	81	41	105	62	90	73	15	112	261	69	50	46	154	57	77	31	70	94	42	112	126	70	200	248	86	119	60	226	321	44	56	120	50	201	318	172	110	191	45	121	14	138	34	38	106	31	55	114	119	19	154	32	78	57	86	159	3	213	98	32	62	53	73	102	54	252	30	144	155	98	217	129	9	133	330	77	32	268	115	138	85	104	43	178	122	47	98	6	62	44	19	51	131	30	70	23	39	61	24	27	153	147	52	39	38	96	99	47	38	33	115	145	8	8	97	32	97	105	73	104	24	200	292	144	94	65	67	72	166	73	70	152	141	139	12	118	164	114	175	142	88	188	74	131	76	32	95	89	17	85	100	237	9	195	134	132	93	97	109	181	28	35	130	90	128	217	19	78	323	232	118	66	91	111	94	93	77	189	18	101	96	272	119	122	250	75	125	58	266	73	170	72	47	318	170	167	24	23	38	33	13	51	61	32	38	73	196	32	83	153	21	54	72	235	118	106	116	118	64	62	80	96	124	121	81	120	69	29	54	82	170	55	49	152	215	191	439	89	113	158	35	206	48	44	131	64	41	205	51	408	95	29	110	15	9	134	88	66	204	137	42	57	40	80	62	120	8	98	20	69	86	173	178	272	43	243	21	77	53	116	208	71	65	60	117	30	72	62	89	56	216	118	39	44	56	48	105	66	50	129	32	45	62	104	131	103	113	95	196	107	147	77	170	8	176	146	237	89	161	29	42	170	210	63	179	106	94	99	103	81	133	100	25	72	44	286	54	22	30	13	124	14	195	63	322	147	46	135	137	89	102	42	246	30	47	188	106	163	175	43	13	31	210	408	113	227	14	100	144	8	46	70	54	182	56	6	84	119	69	127	67	155	81	187	95	63	51	88	148	161	37	54	63	50	39	306	58	110	272	67	273	250	53	72	34	90	123	56	119	52	121	26	50	90	38	64	59	45	74	94	392	190	20	112	17	119	180	214	39	21	58	49	49	84	179	55	84	162	25	24	16	47	55	196	40	145	75	197	54	40	54	29	59	204	62	107	27	28	80	37	157	241	46	100	5	195	38	201	56	489	44	249	8	21	92	44	218	219	94	64	94	114	54	78	28	45	8	174	123	167	85	120	77	92	135	48	33	214	52	158	17	173	191	111	172	106	98	53	199	117	32	115	50	50	188	76	264	47	139	63	72	75	134	32	70	64	66	88	87	2	159	15	101	114	88	239	117	31	228	85	210	110	90	55	28	115	134	20	99	63	62	104	207	11	20	397	187	114	89	14	85	20	115	7	115	54	43	56	66	63	25	46	19
33	0	0	0	0	0	0	0	0	0	0	0	0	0	0	0	0	0	0	0	0	0	0	0	0	0	0	0	0	0	0	0	0	0	0	0	0	0	0	0	0	0	0	0	0	0	0	0	0	0	0	0	0	0	0	0	0	0	0	0	0	0	0	0	12	0	0	0	0	0	0	0	0	0	0	0	0	0	0	0	0	0	0	32	0	0	0	0	0	0	0	0	0	0	0	0	0	0	0	0	0	0	0	1	0	0	0	0	0	0	1	0	24	0	0	0	0	12	0	0	0	0	0	93	10	0	0	0	0	0	0	0	0	16	0	7	0	0	19	0	0	36	0	56	0	0	3	0	4	0	66	73	72	0	0	0	0	0	0	0	0	0	21	0	0	0	0	0	3	0	0	0	0	0	0	0	17	0	0	0	0	0	0	0	0	0	2	0	2	0	0	0	0	0	0	0	0	0	5	8	0	0	26	0	47	0	0	13	1	0	9	0	0	0	0	1	86	7	53	73	0	0	51	0	7	10	1	26	0	77	0	0	0	0	0	1	6	238	0	9	4	138	138	118	0	155	18	0	137	0	0	0	135	0	0	2	93	0	2	0	13	15	201	0	0	90	0	0	4	85	0	9	15	0	10	0	0	0	104	124	11	7	0	84	11	107	22	0	32	19	17	0	0	0	95	12	0	1	30	166	98	173	180	91	111	185	80	189	29	19	111	307	68	449	168	265	353	48	83	86	85	45	75	100	159	194	168	139	84	66	197	120	124	254	274	169	62	44	32	149	74	57	51	94	66	40	176	212	133	1	66	38	19	25	94	148	68	29	61	14	144	22	278	262	49	31	79	218	119	69	23	16	68	165	184	77	25	54	188	39	101	175	324	79	41	66	163	78	0	49	66	203	116	284	136	105	22	114	29	60	71	84	18	98	30	57	57	365	121	30	61	24	218	38	66	28	88	39	116	47	26	30	149	87	163	121	90	25	48	11	29	71	64	74	36	38	120	238	64	191	355	31	51	33	116	9	40	124	172	13	9	73	183	111	195	77	7	1	96	200	179	33	96	142	28	111	25	120	110	66	47	47	59	45	40	42	147	65	72	71	232	62	67	53	358	149	26	33	89	155	92	16	81	25	42	157	170	81	104	156	82	73	14	122	190	232	61	57	114	36	173	170	110	29	38	34	24	14	143	87	174	120	110	67	209	131	201	65	114	6	243	76	22	164	78	42	157	81	46	178	34	279	8	60	34	72	63	81	61	247	26	111	70	301	27	78	34	86	208	7	34	189	72	169	96	38	58	108	189	21	45	31	54	134	121	144	52	41	60	88	91	83	202	28	222	70	188	229	63	72	9	312	173	135	13	65	32	4	139	13	60	111	57	106	85	99	111	172	113	5	90	37	23	8	71	38	42	55	42	38	45	318	180	34	130	77	55	45	107	139	49	10	286	53	120	44	45	16	94	138	11	76	53	69	41	21	77	123	107	53	141	164	224	155	67	136	6	62	125	162	101	14	116	138	158	43	156	10	39	44	67	273	96	69	49	115	24	29	64	75	222	15	138	67	83	41	63	28	164	66	72	33	101	63	63	197	65	137	69	176	280	125	73	61	27	94	182	70	24	43	39	189	68	68	71	177	79	76	232	81	112	22	92	150	73	81	134	190	91	20	32	50	141	43	121	50	99	183	34	91	87	40	225	58	151	37	10	44	185	127	73	142	75	46	146	197	265	72	153	38	215	159	31	49	23	29	179	39	124	97	161	119	125	56	64	147	150	46	270	14	239	77	22	114	92	142	178	94	62	106	133	666	19	12	213	111	181	92	123	38	103	176	87	148	2	84	40	102	179	113	188	86	118	85	99	24	89	135	34	68	22	16	65	28	204	149	74	49	45	78	194	35	145	327	64	17	150	161	66	95	165	108	171	87	134	124	99	109	197	115	168	40	77	35	27	27	96	83	47	31	152	152	44	125	201	75	81	97	74	47	208	111	47	85	57	196	134	4	37	91	126	36	117	49	135	56	213	202	137	202	36	66	136	177	122	38	24	110	34	68	184	182	128	27	121	37	197	95	81	210	103	50	65	98	68	14	136	113	35	241	72	53	147	110	98	60	50	81	73	271	25	72	30	71	61	182	65	195	54	234	33	124	105	130	84	54	197	69	71	168	15	6	39	27	17	79	17	86	171	136	173	45	85	151	193	134	45	153	71	177	68	235	37	94	22	65	177	80	136	195	167	74	246	10	89	112	97	110	161	53	63	23	22	35	36	158	97	277	83	120	213
34	0	0	0	0	0	0	0	0	0	0	0	0	0	0	0	0	0	0	0	0	0	0	0	0	0	0	0	0	0	0	0	0	0	0	0	0	0	0	0	0	6	0	0	0	0	0	0	0	0	0	0	0	117	0	0	0	0	0	0	0	0	0	0	0	0	0	0	0	0	0	0	0	0	0	0	0	0	0	0	0	0	0	0	0	0	0	0	0	0	0	0	0	0	0	0	0	0	0	0	0	0	0	11	0	0	0	54	0	3	0	0	0	0	0	3	0	0	0	0	0	0	0	5	0	0	0	0	11	0	69	0	0	0	0	0	3	0	0	0	24	0	0	0	0	0	0	0	0	0	5	0	0	1	0	3	0	0	0	0	0	0	33	0	0	0	0	0	0	0	0	0	0	0	0	0	0	0	0	0	1	16	0	0	0	65	0	0	0	0	33	42	0	0	0	0	0	0	0	0	195	0	1	0	174	0	38	1	0	7	152	7	0	71	0	14	111	4	30	0	19	0	17	35	25	150	0	0	0	3	0	9	99	2	66	5	38	16	0	83	2	23	47	28	0	0	2	0	22	0	35	36	28	0	0	15	9	0	0	19	0	11	46	16	0	69	0	0	0	0	110	2	3	47	26	0	0	0	0	32	246	0	0	0	19	24	0	80	51	0	0	0	0	0	4	5	0	0	20	30	31	4	105	10	126	19	0	102	137	354	56	37	71	72	12	124	94	10	26	248	78	43	140	28	12	28	46	105	81	43	137	71	91	57	111	104	93	38	177	29	44	71	101	18	101	82	31	108	30	65	73	34	26	16	49	82	67	91	124	196	27	31	13	88	80	151	53	34	54	57	60	94	49	38	175	261	208	177	40	54	61	8	109	114	59	70	137	158	3	18	44	61	33	22	266	36	8	69	92	129	66	408	25	179	108	173	247	152	66	40	193	75	84	127	155	51	53	142	38	100	112	209	100	226	126	279	134	73	56	94	129	146	82	51	44	189	74	44	31	150	114	61	128	25	65	143	67	126	39	34	11	61	177	111	150	101	165	109	71	132	160	26	77	89	25	35	13	48	80	65	112	20	38	24	20	70	91	154	178	203	187	50	13	42	56	77	20	24	64	65	145	332	91	44	34	184	84	45	66	77	36	177	189	90	80	83	269	184	48	110	72	90	96	93	103	124	57	3	151	158	2	144	86	121	32	24	116	254	67	59	95	114	55	38	138	77	179	76	133	95	138	122	130	117	129	377	145	76	265	190	18	161	94	88	137	263	279	87	120	74	208	60	27	110	121	80	90	118	277	37	96	156	92	77	67	4	88	39	242	51	157	100	114	76	195	52	90	162	201	59	120	289	146	77	33	173	69	36	68	20	75	43	147	117	205	97	106	34	221	70	50	84	95	189	12	174	106	178	119	57	135	216	51	37	77	25	240	137	53	72	41	53	50	24	235	7	64	29	61	206	27	180	50	72	69	35	130	37	124	171	42	25	28	59	213	58	102	33	67	107	79	15	80	70	198	193	128	170	177	169	90	70	76	122	159	97	23	52	52	102	77	173	0	57	66	43	43	72	72	53	202	32	118	89	251	71	53	52	54	44	83	59	12	143	62	92	237	34	11	152	163	44	103	31	41	165	93	102	225	43	143	54	25	112	63	84	44	107	28	81	114	123	59	40	164	25	153	59	54	169	181	118	70	15	29	224	75	105	155	37	113	16	148	151	348	68	85	60	63	75	158	82	118	34	8	48	144	65	200	152	53	340	44	53	27	267	44	8	182	87	143	99	12	109	68	106	84	183	48	189	110	59	35	119	91	161	17	42	91	89	166	62	172	92	246	69	29	131	24	126	94	130	79	94	117	65	162	29	60	47	74	22	319	83	175	20	7	22	180	153	200	36	273	64	17	107	23	333	12	182	71	77	17	137	82	53	149	91	82	47	91	62	67	29	87	104	175	106	17	14	134	204	75	43	168	74	64	155	90	79	98	147	91	25	38	43	70	52	64	208	43	67	64	159	133	134	21	1	21	61	201	236	84	192	82	47	129	12	22	64	105	29	57	37	326	136	213	194	32	149	137	44	150	165	74	54	75	50	85	54	69	20	45	78	41	13	124	81	45	113	181	43	75	35	215	158	74	37	167	57	166	213	84	159	59	31	51	100	43	34	47	57	65	33	64	137	87	143	184	68	112	39	31	73	97	48	109	98	52	159	2	188	304	121	24	23	8	66	123	37	135	192	126	94	44	25	15	14	54	83	38	107	138	102	172	31	240	321	35	37	78
35	0	0	0	0	0	0	0	0	0	0	0	0	0	0	0	0	0	0	0	0	0	0	0	0	0	0	0	0	0	73	0	0	0	0	0	0	0	17	0	22	0	0	0	0	0	0	0	0	0	0	0	0	0	0	0	0	0	0	0	0	0	0	0	0	0	0	0	0	0	0	0	0	0	11	0	0	0	0	0	0	0	0	0	0	0	0	0	0	0	0	0	0	0	0	0	0	119	0	0	0	0	0	0	10	0	0	0	0	0	0	0	0	33	1	0	0	0	0	10	0	0	0	4	0	0	0	0	2	0	0	0	0	0	0	0	0	0	0	0	0	0	0	0	5	0	4	0	0	0	0	101	0	0	0	0	0	0	0	0	0	0	0	13	12	0	0	0	0	0	0	9	0	0	0	66	0	0	0	51	0	0	0	0	0	0	0	0	0	0	0	0	0	0	0	55	0	12	0	0	0	0	0	0	105	0	0	40	0	0	171	0	10	0	78	84	221	0	80	0	0	11	30	10	0	0	183	0	0	6	0	13	51	19	1	0	6	54	0	36	0	1	263	9	20	31	50	120	28	0	21	11	20	0	0	0	26	121	0	90	0	17	73	0	0	41	13	34	19	2	13	80	20	237	41	0	118	0	88	51	38	25	0	45	0	16	0	9	84	216	0	0	0	164	8	34	0	0	5	11	2	47	23	214	17	81	10	71	173	78	63	198	82	75	63	177	39	53	32	158	26	160	37	70	4	132	16	3	184	159	24	141	179	36	113	32	6	123	20	84	92	46	100	119	72	97	55	170	14	133	122	80	131	90	41	287	167	70	40	36	120	102	74	189	80	182	83	73	199	46	231	117	55	1	69	65	56	65	52	6	34	99	66	103	124	66	35	159	55	117	69	41	109	157	131	0	61	79	22	59	21	130	60	0	42	35	79	1	54	137	65	70	126	175	46	73	66	155	97	116	83	311	28	107	104	134	10	87	88	73	25	46	46	52	46	112	74	64	59	22	45	135	44	138	99	48	28	58	326	275	253	185	172	50	58	112	31	89	106	39	19	79	44	123	22	51	16	82	91	294	221	75	41	93	78	81	202	39	62	289	110	1	54	163	35	102	61	127	214	174	211	38	9	75	37	63	68	95	38	204	37	240	80	165	37	123	13	125	41	13	106	49	160	138	69	243	129	49	77	79	75	14	125	57	37	85	21	70	25	87	38	155	165	210	92	18	64	13	85	157	177	86	18	320	35	96	55	39	150	30	156	58	113	141	40	231	28	35	119	36	273	229	49	128	85	187	106	63	13	128	187	119	43	95	178	109	189	156	136	61	86	107	237	55	119	126	92	37	74	18	127	102	85	27	70	141	91	31	112	44	107	121	79	101	119	57	95	76	130	22	18	157	44	20	295	125	90	33	103	85	229	62	105	54	143	118	58	55	43	139	114	5	107	100	61	81	109	137	137	40	116	58	23	77	31	175	115	33	8	42	42	43	166	33	57	26	175	63	74	144	57	130	110	14	42	185	158	62	36	117	97	48	26	459	42	89	168	43	95	122	59	18	247	15	93	18	12	67	184	96	45	66	127	160	61	87	150	90	24	140	58	161	71	73	12	60	147	7	150	151	159	223	52	85	80	18	269	164	19	17	127	35	112	111	31	38	12	136	137	55	36	21	25	27	24	61	19	149	35	144	164	25	11	57	283	10	88	44	33	8	106	48	164	150	149	43	73	91	16	50	169	75	103	167	17	82	115	103	141	112	73	24	68	98	220	94	95	178	218	162	24	107	64	62	44	129	174	104	104	52	339	334	125	89	78	105	13	84	11	139	242	50	54	149	126	163	179	64	20	58	146	151	490	81	134	102	61	43	114	109	24	68	66	82	125	147	34	151	30	60	121	45	220	39	56	146	50	86	127	30	100	174	204	37	94	80	146	5	160	55	92	95	163	135	118	36	64	120	248	120	118	55	18	108	186	148	96	226	43	30	57	24	7	16	88	193	209	26	84	163	145	40	150	136	67	47	119	248	134	111	36	132	217	112	193	111	124	97	13	69	84	120	127	8	149	138	49	71	13	102	131	83	90	133	28	142	83	211	109	96	177	85	32	20	73	56	55	91	104	23	42	73	165	130	22	56	146	200	340	104	201	15	37	45	44	39	24	192	87	16	42	28	282	7	105	64	104	57	77	42	116	162	200	72	82	55	106	113	104	195	26	121	9	124	82	78	92	138	38	47	244	165	154	68	218	32	324	70	50	77	136	85	91	63	58	79	24	205	70	77	7
36	0	5	0	0	0	0	0	0	0	30	0	0	0	0	0	0	0	0	0	0	0	0	0	0	0	0	0	0	0	0	0	0	0	0	0	0	0	0	0	0	0	6	6	0	0	0	0	0	0	0	0	0	0	0	0	0	0	0	0	0	0	0	0	0	0	0	0	0	0	0	0	0	0	0	0	3	0	0	0	0	0	0	0	0	0	0	0	0	0	0	0	0	0	0	0	0	0	0	0	0	0	0	0	0	0	0	0	0	0	55	0	0	0	0	0	0	0	0	0	0	0	15	0	0	19	0	0	11	0	53	6	0	0	15	0	0	0	0	0	39	0	0	0	0	0	0	0	0	0	0	0	0	0	0	0	0	27	0	0	0	0	38	0	0	2	0	0	0	0	0	0	0	0	0	0	0	0	0	0	0	0	23	0	0	0	96	0	0	0	0	92	0	0	0	0	0	0	0	0	4	10	0	0	184	0	1	0	0	76	30	0	0	0	137	59	11	0	49	0	126	2	49	0	0	0	36	0	0	1	0	0	0	0	0	0	42	62	0	46	0	18	4	0	39	0	49	0	110	27	0	14	0	3	7	0	68	5	110	0	0	11	33	0	13	81	3	0	0	34	26	0	4	0	0	0	0	0	0	26	14	0	3	23	3	0	0	0	127	0	29	0	0	0	17	5	0	0	16	10	0	30	61	40	64	100	97	146	13	20	103	33	69	37	1	15	48	94	273	71	18	95	80	60	160	66	82	45	51	127	14	40	111	41	161	62	64	112	119	70	158	105	45	15	196	89	174	159	27	36	42	98	67	1	68	0	155	73	3	82	14	189	552	175	34	75	135	77	111	33	76	49	35	90	67	4	208	32	50	111	24	98	187	103	161	7	72	67	0	63	68	77	104	116	92	183	43	122	14	56	176	196	4	106	47	213	17	140	166	119	134	72	327	71	65	80	112	65	41	45	85	73	57	66	6	200	103	45	102	121	123	76	17	27	121	44	197	47	14	44	77	66	41	35	143	47	15	78	141	133	71	160	20	152	41	14	76	133	50	83	24	44	230	57	73	33	106	90	64	62	43	110	130	33	65	111	127	63	30	117	211	27	9	104	54	268	105	16	22	7	233	73	162	170	92	66	179	109	14	31	157	65	123	96	52	268	92	74	161	13	120	80	46	89	43	31	185	259	105	44	93	60	204	116	157	70	74	116	274	131	70	214	110	134	187	251	117	113	38	81	44	100	154	47	153	182	38	13	68	66	70	50	100	69	147	16	126	214	166	46	108	38	144	97	234	140	70	52	82	38	172	100	35	249	88	113	22	83	84	55	136	66	40	108	54	64	75	188	52	49	31	42	44	101	36	23	218	62	43	12	191	74	39	76	104	74	167	132	102	8	59	272	73	182	43	48	10	39	20	41	16	109	10	157	171	23	146	60	39	153	234	178	69	78	328	71	134	23	97	141	77	58	114	112	40	68	69	202	51	126	5	173	76	228	139	54	189	85	85	29	91	150	54	125	66	113	87	81	112	109	15	85	110	100	98	112	166	151	163	43	22	347	59	103	267	162	37	116	237	42	7	31	62	92	144	241	76	76	42	55	468	225	108	68	110	67	71	103	60	16	20	90	224	169	30	203	102	61	248	60	135	132	130	33	28	30	27	13	54	82	119	72	51	62	205	90	227	31	17	102	96	83	70	231	41	211	120	84	72	65	70	176	62	85	45	94	166	94	50	330	129	132	86	20	30	25	25	149	53	81	87	193	87	102	284	162	47	120	16	85	467	55	58	65	210	61	170	96	47	108	76	96	126	93	44	95	53	233	78	18	47	32	91	22	28	112	109	155	39	227	18	131	33	138	93	208	124	101	238	10	51	167	288	15	108	66	100	249	45	133	116	330	134	53	54	158	15	161	173	73	355	168	84	121	42	162	67	53	66	24	108	52	40	111	83	23	4	78	86	81	131	85	14	60	65	106	128	162	70	61	192	185	79	36	169	105	54	62	68	210	61	81	33	31	28	47	76	156	66	52	107	159	40	48	208	15	73	24	90	155	71	374	82	293	127	125	22	199	117	159	45	109	21	81	151	125	92	72	51	11	96	107	138	132	8	16	99	311	102	62	22	132	19	37	86	24	89	87	159	78	229	28	244	180	120	118	73	30	22	200	144	343	149	47	70	34	13	32	118	111	102	57	16	119	77	176	151	57	108	216	58	130	76	160	42	131	31	193	58	110	164	17	123	64	139	137	102	134	53	50	108	80	207	12	36	80	59	23	154	40	122
37	0	0	0	0	0	0	0	0	0	0	0	0	17	0	0	0	0	0	0	0	0	0	0	0	0	0	0	0	0	0	0	0	0	0	0	0	0	0	0	0	0	0	0	0	0	0	0	0	0	0	0	0	0	0	0	0	0	0	0	0	0	0	0	0	0	0	0	0	0	0	0	0	0	0	0	0	0	0	0	0	0	0	0	0	0	0	0	0	0	0	0	0	0	0	0	0	0	0	0	0	156	0	0	0	0	0	6	0	0	0	0	0	0	15	0	0	0	0	0	0	0	0	7	0	0	0	0	5	0	0	0	0	0	0	0	28	0	0	0	0	0	0	0	0	0	0	21	14	2	13	0	6	0	0	0	0	0	0	0	0	0	0	0	0	0	9	0	0	0	0	0	12	0	0	2	13	0	0	0	0	0	7	0	0	0	0	0	1	0	0	0	0	0	0	0	0	58	0	0	0	0	14	0	8	0	27	0	0	114	25	23	0	6	19	259	0	0	103	14	0	0	0	41	113	34	53	0	0	9	0	66	6	15	238	0	26	14	0	12	0	93	0	19	15	0	0	0	38	0	0	0	49	5	42	0	66	0	15	7	0	42	21	0	14	0	0	0	12	0	8	1	27	6	35	0	39	6	0	58	107	0	0	16	0	35	0	10	60	2	168	5	141	0	8	80	2	7	177	22	0	106	246	197	75	85	178	122	100	250	94	52	196	14	126	53	55	40	24	84	30	299	30	42	132	119	214	59	25	123	226	30	23	239	264	149	188	11	15	53	74	125	102	21	234	24	7	103	32	24	154	39	225	14	26	48	89	155	152	79	86	123	155	124	137	180	73	124	36	160	219	102	120	113	38	19	137	71	29	106	162	81	71	127	4	6	180	86	10	20	44	54	89	235	120	255	45	187	106	71	108	141	63	55	194	239	36	138	64	70	91	75	115	184	24	36	26	122	47	61	154	44	38	34	179	30	113	157	171	33	217	111	66	81	50	61	146	133	169	152	62	187	13	70	101	36	161	76	19	67	106	97	121	189	54	215	14	36	46	24	110	75	129	24	120	103	47	112	70	148	41	105	30	80	133	133	127	30	63	15	193	35	185	123	68	106	28	176	111	247	26	68	63	175	27	38	268	19	66	11	212	53	42	5	133	97	44	159	131	78	38	140	19	271	68	13	51	32	46	145	172	29	82	91	145	122	59	42	106	167	86	331	24	269	237	139	31	74	100	91	278	72	27	65	175	35	79	45	31	61	17	9	4	152	210	88	42	103	369	116	257	37	105	75	222	23	83	44	44	18	98	236	70	47	38	89	187	94	203	4	48	67	97	129	51	59	166	63	24	60	150	106	46	106	179	2	67	75	121	52	89	26	197	78	140	134	27	91	96	33	175	113	183	45	157	113	43	146	11	52	214	229	54	59	232	54	49	79	79	170	33	84	15	38	172	30	116	62	111	68	112	47	83	162	48	87	51	24	50	50	123	34	176	212	66	114	32	14	177	112	38	45	60	229	215	176	293	298	74	248	308	37	46	215	5	17	43	245	92	25	70	119	82	156	116	76	39	97	29	174	83	60	28	40	106	94	56	56	41	80	79	50	26	67	89	115	241	45	18	130	44	123	375	284	47	135	51	74	86	82	269	15	76	197	44	70	374	131	96	8	16	207	100	22	84	230	92	39	71	109	41	195	63	170	65	67	164	28	49	55	14	94	116	29	33	114	76	96	26	52	63	41	13	57	38	120	171	185	143	28	89	129	184	149	61	220	80	151	103	276	69	125	171	71	53	97	95	27	201	102	67	51	198	89	65	62	86	144	89	96	62	11	56	68	136	367	73	86	16	79	85	64	8	49	39	55	39	17	222	74	59	26	174	78	137	51	134	42	47	61	30	149	86	64	9	182	93	34	41	26	129	82	233	143	107	306	99	68	89	167	40	68	33	204	59	111	48	103	63	194	255	55	42	40	164	45	82	214	66	51	228	176	162	42	12	68	52	29	22	129	92	33	51	91	143	117	92	153	58	18	119	96	122	224	157	60	146	79	97	92	317	60	69	65	133	105	173	83	190	64	62	207	50	147	45	230	85	54	36	17	73	37	23	56	8	88	140	20	65	86	105	17	38	84	53	57	98	86	21	50	55	6	15	192	28	28	102	133	28	319	12	75	168	58	13	43	62	56	115	145	137	150	75	72	290	102	76	79	41	87	428	60	49	5	138	43	40	75	96	148	73	123	35	61	24	129	77	189	80	83	125	86	84	215	39	16	27	64	101	173	88
38	0	0	0	0	0	0	0	0	0	0	0	0	0	0	0	0	0	0	0	0	0	0	0	0	0	0	0	0	0	0	0	0	0	0	0	0	0	0	0	0	0	0	0	0	0	0	0	0	0	0	0	0	0	0	0	0	0	0	0	0	0	0	0	0	0	0	0	0	0	0	0	0	0	0	0	0	0	0	0	0	0	0	0	0	0	0	0	0	0	0	0	0	0	0	0	0	0	0	0	0	0	0	0	0	179	0	92	0	0	8	0	0	0	32	0	0	104	0	0	0	70	0	19	15	0	2	0	0	0	0	2	0	0	0	0	0	0	0	0	0	0	0	0	0	1	0	0	0	8	14	0	0	0	0	0	0	0	0	0	0	0	19	0	0	0	0	0	0	0	0	0	0	0	0	0	87	0	0	0	16	1	0	0	0	0	38	12	0	0	0	0	0	7	0	0	18	0	4	0	0	0	11	0	179	0	0	5	20	36	5	2	0	26	134	31	23	0	23	53	0	31	3	14	0	26	3	0	8	0	0	0	8	0	46	0	106	16	0	0	0	5	45	0	27	11	0	0	77	8	11	1	35	15	0	83	178	37	119	39	6	230	49	74	0	35	58	3	0	9	11	0	4	5	0	0	0	4	6	38	38	21	0	7	1	71	2	0	240	0	0	4	22	0	73	143	1	60	98	17	0	129	291	74	200	370	36	92	60	93	122	81	241	124	91	120	135	60	58	159	44	24	29	48	91	215	82	235	22	65	66	42	163	62	60	6	147	18	40	95	40	41	90	60	112	47	107	99	120	104	118	56	54	130	34	43	79	262	79	143	223	230	65	37	176	96	78	46	94	51	43	16	53	130	54	58	5	73	126	27	54	60	127	52	176	134	96	217	2	327	35	77	7	50	109	155	152	65	135	320	188	103	38	72	81	65	43	23	140	86	73	147	52	23	109	82	64	31	60	57	76	67	223	193	61	149	48	220	39	22	52	130	125	75	84	222	100	8	118	36	41	17	26	84	69	54	41	157	159	80	54	144	65	16	16	51	23	109	141	15	88	118	54	72	31	210	172	231	152	24	25	129	28	106	29	38	370	127	114	106	126	66	56	78	166	21	34	38	92	124	53	209	55	34	127	15	170	38	202	72	121	59	149	66	173	77	105	69	124	49	21	255	58	114	47	132	18	200	124	29	79	21	122	55	47	232	173	75	143	43	25	67	59	14	173	215	82	188	67	153	160	118	99	64	98	201	180	29	5	39	58	57	50	102	202	86	39	25	16	109	152	108	96	39	236	54	365	127	67	117	134	111	14	56	148	89	93	188	118	76	239	86	56	48	35	88	107	140	57	15	27	72	136	68	22	126	73	103	134	50	83	37	181	23	81	210	81	135	21	63	29	78	36	33	126	82	137	50	131	116	24	28	183	108	375	94	98	90	27	50	154	89	64	81	8	32	190	128	131	60	54	123	155	196	31	52	109	163	58	177	182	62	76	184	42	136	45	77	46	175	121	164	62	136	102	118	162	187	90	10	47	34	90	101	92	53	114	17	42	45	75	10	69	96	161	52	275	68	20	102	28	30	101	92	94	34	33	114	16	69	144	90	97	51	11	23	249	18	112	197	137	205	170	71	80	19	180	99	38	32	35	33	48	102	157	14	73	138	33	200	41	106	46	42	24	68	44	62	61	80	62	129	47	16	19	33	77	150	151	183	128	105	91	194	61	123	139	150	148	90	89	123	67	279	54	146	113	57	43	42	70	41	76	89	164	48	35	186	89	241	38	74	60	104	93	87	129	44	95	138	83	93	25	195	159	48	75	51	130	132	73	79	72	68	115	58	94	30	40	45	49	78	44	63	63	92	59	14	51	65	85	60	62	219	76	49	88	310	62	30	153	130	38	56	196	137	85	65	60	49	224	92	141	42	53	59	120	353	43	132	189	8	148	23	47	82	60	112	82	198	29	103	324	208	69	49	27	212	220	132	44	179	119	298	62	177	26	16	163	117	167	93	109	29	36	132	107	117	108	137	115	17	15	180	268	32	83	70	86	106	214	5	206	145	120	65	289	125	110	101	128	222	290	16	133	36	47	62	63	48	102	150	100	77	116	136	78	138	73	24	58	123	76	30	107	43	16	99	211	408	82	75	83	101	178	133	31	96	236	119	67	139	47	187	135	202	171	85	79	97	229	65	63	211	65	35	102	41	43	52	43	142	196	63	118	53	24	149	45	71	137	81	74	169	371	77	105	91	60	117	30	140	109	221	52	181	120	121	29	164	64
39	0	0	0	0	0	0	0	0	0	16	0	0	50	0	0	0	0	0	0	0	0	0	0	0	0	0	0	19	0	0	0	0	0	0	0	0	0	0	0	0	0	0	0	0	0	0	0	0	0	0	0	0	7	0	0	0	0	0	0	0	0	0	0	0	0	0	0	0	0	0	0	0	0	0	0	4	0	0	0	0	0	0	0	0	0	0	0	0	0	0	0	0	0	0	0	0	0	4	0	0	0	0	107	0	0	0	0	47	0	0	0	3	0	0	0	2	0	0	0	0	0	0	0	79	0	0	72	85	0	0	0	0	0	0	0	0	0	0	5	0	0	0	0	0	0	23	0	0	0	45	0	23	0	0	39	0	0	0	0	0	0	0	14	0	0	0	2	0	0	0	0	0	0	0	0	16	0	0	0	0	0	0	0	0	0	0	0	0	0	0	0	0	0	0	0	0	27	5	0	0	0	0	0	144	2	13	0	0	0	59	67	0	1	0	85	0	0	11	0	68	2	11	0	19	2	49	3	0	25	0	253	48	4	57	69	102	20	1	1	0	52	279	2	4	5	8	0	9	0	35	1	0	11	0	8	61	0	87	12	33	106	22	0	0	44	1	0	159	3	99	66	3	111	0	1	123	0	0	10	27	5	0	0	8	66	39	30	2	4	11	0	40	0	64	100	0	0	43	16	0	109	40	190	40	167	70	122	35	69	249	211	20	83	141	111	124	32	82	170	195	127	16	48	508	142	219	67	48	9	33	23	193	70	182	176	135	9	66	40	86	48	55	141	106	134	8	89	39	118	119	50	29	85	37	199	43	50	89	39	130	33	313	106	137	95	95	104	107	6	263	202	98	8	71	367	19	38	126	36	285	192	263	20	114	39	92	46	0	17	56	106	103	196	104	35	88	140	346	63	80	202	28	97	72	56	45	17	10	170	207	50	120	62	22	219	29	80	65	120	67	124	249	56	74	49	46	63	78	85	109	33	157	35	35	189	73	219	245	103	105	102	110	307	23	76	63	92	63	290	71	97	48	97	89	59	15	22	147	202	207	54	91	128	115	107	150	125	152	26	84	101	35	78	220	128	75	41	73	161	195	79	167	138	94	186	29	152	68	67	99	145	94	84	50	47	72	492	133	99	107	95	92	110	43	71	74	102	92	190	28	58	67	28	71	38	89	88	63	67	146	15	150	159	239	178	98	91	244	19	91	158	30	54	325	75	9	161	207	22	32	59	46	80	36	57	61	208	10	10	71	156	68	157	76	61	214	14	119	69	116	113	188	95	102	44	31	98	62	118	25	48	159	133	83	96	322	175	73	122	124	93	12	266	119	67	419	126	15	33	93	218	12	30	72	214	62	38	230	116	175	17	81	212	37	97	17	45	206	68	210	190	62	48	138	42	33	54	56	47	358	202	48	97	236	64	144	79	43	28	4	215	95	45	131	149	79	67	159	64	162	167	62	94	72	95	172	41	216	112	114	94	37	185	110	90	69	13	140	30	56	26	6	52	49	12	3	65	131	106	72	60	137	105	35	50	128	144	138	125	10	46	127	19	153	182	350	295	165	92	183	63	66	145	25	22	62	319	155	179	31	253	50	54	52	53	107	124	114	88	113	73	27	36	15	232	102	88	57	92	112	115	218	166	341	64	44	107	123	151	197	90	148	108	68	68	57	26	81	229	82	35	71	250	143	58	51	120	42	82	77	14	68	66	29	22	70	47	83	230	71	32	206	53	236	244	126	43	72	152	217	155	173	51	148	159	382	204	17	107	110	39	188	39	66	86	101	112	7	38	93	156	46	63	144	56	31	143	46	220	43	299	37	59	71	51	34	111	255	5	129	439	46	90	29	78	82	62	127	204	244	104	96	58	18	27	23	209	63	93	112	359	113	124	33	20	27	109	23	205	67	88	199	28	194	40	284	110	271	163	153	54	29	170	92	205	158	21	174	169	24	64	46	56	64	99	69	104	86	62	23	169	12	51	69	104	154	231	170	30	95	55	20	142	135	69	106	86	73	127	129	115	51	164	46	249	245	27	74	22	53	80	113	79	30	153	133	20	24	14	36	76	91	100	60	46	191	171	29	85	25	69	71	187	308	166	122	71	107	136	126	57	62	224	37	17	98	59	62	132	65	30	210	324	59	252	157	90	177	231	69	29	25	174	140	88	51	36	65	272	61	95	117	124	352	51	226	89	25	64	258	109	91	40	129	59	74	61	132	56	167	48	16	75	32	128	266	63	104	190	50	159	132	196	64	19	146	227	66	73	78
40	0	0	0	0	0	0	0	49	31	0	0	0	0	0	0	0	0	0	0	0	44	0	0	0	0	0	0	0	0	0	0	0	0	0	0	0	9	101	0	0	0	0	0	0	0	0	5	0	0	0	25	0	0	0	0	0	0	0	0	0	0	0	0	0	0	0	0	0	0	0	0	0	0	0	0	0	0	0	0	19	0	0	0	0	0	0	0	0	0	0	0	0	0	0	0	0	0	0	17	0	0	0	0	0	0	0	95	0	0	0	0	0	0	0	0	0	4	0	0	0	0	0	0	0	0	0	0	0	0	0	0	0	0	0	0	13	0	0	0	0	14	0	10	0	0	0	0	0	0	0	0	0	0	4	0	0	0	0	0	0	0	0	0	0	44	3	15	0	9	0	0	0	0	14	0	0	0	0	0	0	0	0	0	3	0	0	0	0	0	0	0	0	0	0	0	0	0	0	0	0	3	0	0	37	0	5	0	0	0	137	4	0	0	0	110	0	0	39	37	92	0	102	6	0	19	0	0	0	0	0	4	0	3	68	37	37	93	0	223	0	25	118	10	23	20	0	0	10	0	9	58	5	11	2	0	36	0	90	6	0	20	43	0	18	78	13	0	197	10	9	1	0	7	137	0	0	6	0	0	67	0	24	2	5	82	4	0	4	78	0	0	99	10	0	43	91	39	13	12	0	129	114	38	160	16	19	102	109	60	66	197	142	109	16	132	172	106	131	37	147	185	13	53	121	93	157	33	106	95	256	16	30	12	52	54	25	63	57	123	136	65	16	96	252	120	143	37	77	42	185	33	147	118	34	81	154	40	25	20	149	52	82	208	26	53	89	84	22	107	32	75	30	87	90	8	72	61	68	182	62	65	25	58	55	128	8	38	60	74	33	93	26	26	33	60	124	48	18	194	37	35	278	315	52	97	54	138	246	62	99	58	154	67	44	131	134	36	127	139	173	185	24	16	122	110	56	162	226	110	36	98	83	79	78	60	85	61	122	22	165	65	34	157	43	174	54	111	67	209	89	17	71	26	63	19	149	95	93	4	120	22	109	67	54	263	187	49	53	22	120	163	229	165	311	157	582	76	87	30	14	100	58	69	164	20	123	22	36	121	92	14	213	8	78	102	466	56	62	49	10	79	35	30	94	181	11	151	89	10	43	45	286	131	35	35	141	214	75	47	59	6	54	72	35	135	28	50	22	267	70	221	83	106	56	14	194	9	40	19	177	118	185	113	186	21	40	121	191	17	222	31	62	78	46	103	61	41	154	90	61	14	183	3	38	34	214	89	11	27	42	108	69	456	63	45	63	168	83	61	166	24	323	58	91	97	202	274	148	325	120	60	230	84	83	98	152	110	48	121	94	53	100	43	226	85	65	23	46	49	82	172	97	169	196	119	68	94	101	344	241	16	124	141	109	84	100	162	59	21	115	117	19	126	116	29	93	56	71	120	70	37	62	128	22	64	162	79	6	22	21	83	20	54	16	108	54	116	57	34	76	152	37	73	7	18	33	172	108	104	95	63	107	27	103	45	134	275	175	90	60	56	41	28	189	80	256	64	153	139	51	226	14	55	176	63	324	179	4	77	150	216	31	228	261	76	64	80	352	129	64	158	98	76	27	52	243	283	163	79	43	53	62	43	5	43	90	281	38	297	136	128	36	96	22	49	21	356	58	35	19	22	17	92	48	182	113	208	129	113	202	67	29	141	65	34	53	94	446	10	234	239	51	21	115	84	127	262	44	191	53	44	38	135	62	130	87	50	65	745	38	59	28	97	30	17	74	57	24	212	78	59	140	199	84	44	37	27	128	96	198	94	91	26	110	254	34	40	186	81	84	99	103	68	116	142	201	142	44	129	311	174	154	8	20	119	137	100	60	40	85	64	70	21	94	23	44	72	59	257	211	49	107	83	36	104	106	87	303	89	48	60	304	58	169	126	125	17	24	138	78	15	50	101	49	269	95	43	99	26	118	275	82	75	139	115	45	60	131	141	77	61	119	44	191	66	220	53	41	133	217	51	56	207	123	141	121	175	36	118	125	115	60	14	31	16	111	96	78	57	36	37	48	91	113	72	108	59	41	192	2	35	85	143	76	60	120	19	95	156	104	52	22	67	147	157	129	25	116	41	31	133	37	64	148	56	104	484	61	58	163	127	175	137	55	32	32	235	192	158	87	121	153	77	64	32	153	122	410	51	17	35	92	352	106	5	151	83	170	153	91	14	55	46	221	32	74	31	170	107	68	140	120	169	65	45	187	100	138	78	219
41	0	0	0	0	0	0	0	0	0	0	0	0	0	0	0	0	0	0	0	73	0	0	0	0	0	0	0	0	0	0	0	0	0	0	0	0	0	0	0	0	0	0	0	0	0	0	0	0	0	0	0	0	0	0	0	0	0	0	0	0	0	0	0	0	0	0	0	0	0	0	0	45	0	0	0	0	0	0	0	0	0	23	0	0	0	0	0	0	0	0	0	0	0	0	0	0	0	0	0	0	0	0	0	0	0	0	0	70	0	0	0	30	0	0	0	0	0	0	0	0	0	0	0	0	0	0	0	38	0	0	0	0	0	0	0	32	0	0	0	0	0	0	0	0	0	0	0	55	0	0	0	7	0	10	0	0	0	0	0	0	0	48	0	0	0	0	0	0	0	0	0	0	0	0	0	0	3	0	0	30	2	0	0	0	0	0	0	0	2	0	0	5	0	0	0	0	0	0	0	0	6	0	0	204	0	0	71	0	91	73	111	0	87	8	53	0	9	35	0	27	0	49	24	0	0	0	10	7	7	0	0	0	0	0	0	97	11	0	0	20	43	26	0	0	96	106	22	128	0	2	0	0	0	0	48	14	3	42	2	0	155	0	0	36	137	27	0	0	11	81	83	0	20	0	0	56	0	0	152	235	42	0	0	0	0	18	0	64	0	3	5	24	46	0	7	0	0	11	26	3	182	18	165	93	116	31	87	206	239	54	45	140	27	33	88	71	79	89	30	192	40	184	301	72	159	101	30	75	75	265	83	82	348	35	274	74	15	25	200	138	15	85	18	13	226	39	121	71	52	10	59	66	91	67	50	181	68	44	27	4	22	147	130	39	18	92	91	30	193	219	38	128	3	162	14	65	32	113	105	85	11	68	68	155	12	23	56	0	78	77	70	110	93	54	73	101	181	10	80	67	62	71	207	54	83	82	244	139	89	169	50	56	107	108	142	62	49	17	57	104	51	52	303	7	45	119	80	46	319	93	67	77	38	52	72	32	305	111	73	205	31	30	76	158	132	29	77	107	100	107	420	113	74	95	25	94	101	23	128	145	31	189	103	189	37	36	114	27	32	78	34	17	71	141	53	23	140	61	119	161	25	29	7	448	102	191	153	79	63	41	131	91	27	115	200	53	95	45	76	24	13	84	60	80	28	95	52	100	121	114	169	179	55	57	242	46	35	104	110	87	12	93	20	152	48	53	47	88	64	102	8	28	123	132	145	105	41	65	84	136	135	48	24	21	10	138	123	181	234	168	27	26	75	189	87	60	181	100	210	27	241	126	48	149	19	97	111	41	55	129	64	170	205	41	115	54	45	48	385	5	23	92	57	41	147	79	113	197	24	98	27	94	86	116	279	203	36	104	201	76	93	38	48	57	56	58	28	63	70	64	64	45	62	99	115	2	85	167	22	151	108	125	38	67	82	96	4	178	140	50	155	40	192	29	46	73	13	96	38	124	9	106	68	183	98	32	55	77	45	21	97	58	76	6	46	23	99	231	96	109	14	19	139	58	124	77	84	76	138	116	75	136	103	28	99	223	96	140	57	359	8	175	80	39	32	68	163	55	91	164	161	29	198	83	88	47	174	223	309	272	310	118	181	117	19	44	9	54	105	259	118	182	69	24	166	53	52	72	63	322	76	53	98	57	28	45	128	142	105	37	62	16	84	85	136	81	60	50	51	40	72	395	58	136	197	90	35	18	110	118	92	100	41	47	178	193	89	158	62	118	59	57	129	38	81	123	83	121	50	82	25	192	29	32	189	81	160	61	152	190	48	197	76	214	53	88	77	106	267	47	134	170	67	41	28	74	65	24	53	17	177	64	59	48	189	119	31	73	102	66	11	288	47	222	134	97	42	17	164	22	34	101	106	18	290	111	42	106	54	224	92	13	197	61	221	123	109	86	263	60	254	282	187	27	58	136	84	51	126	15	94	63	68	37	126	104	122	76	42	82	25	108	243	123	42	86	55	92	64	67	10	44	28	15	84	76	23	12	80	194	76	101	122	11	75	200	72	102	107	184	85	41	14	96	58	79	91	35	130	141	139	67	39	52	187	106	207	45	60	61	25	125	5	77	79	204	82	223	122	59	48	114	217	64	170	95	152	102	26	115	13	128	74	50	149	28	201	54	45	154	45	49	28	93	37	137	20	167	197	193	38	44	44	180	59	25	93	32	45	29	67	86	85	80	83	78	129	39	49	40	34	39	34	111	69	31	72	72	123	160	104	28	79	79	64	83	115	11	263	50	47	74	105	154	112	86	170	181	47	66
42	0	5	0	0	0	0	0	0	0	0	0	0	0	0	0	0	0	0	7	0	0	0	0	0	0	0	0	0	0	0	0	0	0	0	0	0	0	35	0	0	0	0	0	0	0	0	0	0	0	0	0	0	0	0	0	155	0	0	0	0	0	0	0	0	0	0	0	0	43	0	0	0	0	0	0	0	0	0	0	0	0	0	0	0	0	0	0	0	0	0	0	0	0	0	0	0	0	0	0	0	0	0	0	0	0	0	0	27	0	0	0	21	0	108	0	0	0	0	0	0	0	0	0	0	4	0	0	0	0	9	0	2	0	0	0	0	0	0	0	0	1	0	0	0	0	31	10	0	0	0	35	0	0	0	0	0	0	7	51	0	0	0	0	0	0	0	0	0	0	0	0	0	0	0	2	154	31	0	0	0	0	0	3	0	0	0	3	0	0	0	0	0	2	0	0	0	39	0	0	0	9	84	8	77	3	9	49	2	0	13	83	13	28	21	136	0	1	12	0	0	0	27	0	84	0	0	0	1	9	0	7	4	30	57	0	33	89	28	39	1	48	60	0	0	0	23	0	193	0	0	23	0	0	0	146	103	0	48	30	0	0	94	2	65	90	0	5	66	0	2	39	149	10	0	0	10	7	0	105	105	10	11	124	32	0	4	28	15	90	0	0	43	0	110	78	52	0	13	37	0	6	134	5	119	87	238	68	46	64	80	168	107	426	119	213	70	22	57	29	57	112	19	130	35	186	129	182	71	123	98	88	71	84	3	10	72	66	10	70	87	67	29	54	63	178	30	181	50	88	83	89	29	0	82	52	13	71	24	42	129	86	118	70	78	16	55	52	17	110	131	34	332	116	157	59	67	250	104	132	38	77	21	33	27	207	99	45	35	7	48	19	101	45	220	63	233	45	99	38	240	130	69	39	22	51	76	167	23	212	256	41	69	143	64	60	72	81	98	211	34	113	40	60	56	90	130	64	197	120	134	16	189	73	254	95	71	79	195	161	48	115	108	100	203	72	117	116	196	196	29	103	45	51	209	13	196	182	99	49	50	182	149	58	116	152	21	23	65	347	193	63	70	57	33	36	157	39	45	84	54	49	77	64	37	195	51	139	29	52	29	14	38	182	176	74	182	27	238	70	32	58	271	20	28	64	91	96	145	91	168	79	185	52	36	84	199	25	75	95	108	139	236	208	14	214	49	33	50	132	139	82	82	51	99	156	184	162	96	74	120	165	53	50	60	109	123	81	90	106	16	59	61	179	89	84	122	219	34	18	33	117	55	59	372	119	63	171	34	149	157	351	36	109	132	53	114	98	99	148	54	222	60	109	13	80	74	42	90	141	155	11	18	152	68	45	20	93	63	22	92	332	30	72	165	107	10	153	14	77	68	75	159	244	75	89	58	136	97	123	233	40	35	223	109	45	69	25	122	44	65	21	120	62	111	54	152	17	70	48	23	123	37	29	74	82	85	36	180	120	57	147	108	82	49	276	23	109	24	69	67	92	206	52	14	76	9	104	117	37	169	53	44	69	17	63	149	161	99	102	98	80	66	154	84	24	274	48	65	89	73	176	37	40	120	7	17	125	91	163	65	60	54	101	38	80	135	55	100	237	266	48	20	330	128	177	46	136	62	88	125	21	147	67	65	101	109	77	95	276	95	17	177	20	56	76	121	71	156	67	204	61	139	107	134	113	67	79	90	54	103	51	41	44	81	123	30	93	96	146	93	46	34	74	74	86	98	213	96	94	89	160	181	52	72	76	52	174	157	70	94	46	15	250	76	45	146	139	16	72	67	51	49	227	16	15	114	126	47	228	30	34	103	101	33	130	15	137	36	55	125	34	241	68	172	61	128	10	95	46	294	12	21	132	39	161	25	263	148	228	41	74	54	46	108	37	28	77	45	74	23	240	57	106	38	38	112	36	106	13	76	59	91	70	114	66	142	113	12	136	10	53	99	43	39	42	90	93	133	22	256	70	46	95	146	85	85	7	118	67	78	110	75	21	88	63	87	118	180	28	136	91	116	63	37	133	211	126	151	76	97	98	97	38	29	96	99	71	104	101	66	91	78	109	71	65	25	124	48	62	71	61	27	52	33	43	123	110	72	119	199	211	279	18	169	121	92	73	63	109	50	67	42	58	100	165	120	138	74	149	176	99	156	111	23	38	92	46	89	198	219	72	21	111	166	27	90	140	55	22	199	13	109	174	192	107	45	51	72	14	290	199	207	46	49	20	114	118	113	193	355	89	206	121	65	148	41	56	8	26	26
43	0	0	0	0	0	0	0	0	0	0	0	0	0	0	0	0	0	0	0	0	0	0	0	0	0	0	0	0	0	0	0	0	0	0	0	0	0	0	0	0	0	0	0	0	0	0	0	0	0	0	0	0	30	0	0	0	0	0	0	0	0	0	0	0	0	0	0	0	0	0	0	0	0	0	0	0	0	0	0	0	0	0	0	0	0	0	0	0	0	0	0	0	0	0	0	0	0	0	0	0	11	10	0	19	0	52	0	74	0	0	4	0	0	0	0	0	0	0	0	0	0	44	0	0	0	0	0	15	0	0	0	0	0	0	0	0	0	0	7	0	0	0	0	0	0	0	9	0	0	0	0	0	5	0	15	0	0	21	0	15	0	44	0	0	0	0	0	0	0	53	0	0	0	0	4	0	0	0	0	133	0	0	0	0	0	2	0	0	0	0	7	0	3	0	0	0	0	41	24	0	0	0	0	135	0	28	0	6	0	62	7	28	0	49	0	165	0	61	13	193	0	0	0	0	2	20	0	68	49	0	0	0	0	4	0	11	164	0	12	0	14	154	0	35	0	16	0	50	15	16	4	85	13	0	0	26	12	69	17	0	18	54	1	0	155	0	0	66	0	41	0	7	15	6	0	33	68	0	29	30	0	0	58	46	46	0	0	0	2	58	0	39	0	89	21	5	141	0	0	4	63	101	144	88	129	54	144	37	45	168	124	168	69	130	51	100	53	89	27	331	8	108	152	12	37	38	22	149	36	98	30	198	37	61	160	42	21	64	14	147	53	20	50	57	120	65	60	182	41	152	17	39	172	160	56	127	146	117	87	67	43	168	3	18	58	0	113	64	256	129	16	56	9	64	11	183	53	24	38	68	96	59	31	20	1	43	144	20	26	132	69	25	112	144	106	19	169	42	74	73	45	70	69	78	215	156	179	109	53	20	52	79	70	92	70	42	139	20	45	10	102	47	237	22	206	43	80	137	37	176	61	73	275	74	88	167	101	91	24	23	99	54	69	75	38	41	54	81	19	103	89	172	12	20	358	54	165	130	136	100	116	196	82	151	106	114	52	13	356	94	20	104	86	33	92	32	92	158	54	41	8	34	180	125	98	161	64	81	164	42	32	72	64	100	63	52	64	50	120	82	57	225	372	52	278	139	314	42	43	72	124	51	95	44	81	110	170	15	87	250	35	200	200	112	62	19	25	89	66	247	295	114	112	37	137	125	100	139	116	123	56	129	104	73	46	65	108	41	87	150	56	104	230	84	52	260	81	117	44	41	24	121	27	157	39	98	153	119	38	113	74	197	133	101	138	109	53	163	24	108	148	96	61	166	158	118	208	71	108	65	92	141	146	33	502	318	21	107	24	46	28	48	441	137	27	40	135	85	125	42	84	22	121	68	66	29	151	59	61	77	15	27	75	64	112	107	53	33	11	32	47	45	160	21	135	95	31	162	307	161	181	26	10	130	87	171	13	56	161	76	22	137	143	80	38	175	105	27	143	201	37	57	221	308	321	50	51	95	139	138	143	183	162	169	56	31	5	66	370	157	129	45	72	45	111	21	43	141	21	52	107	55	60	85	55	72	148	194	107	147	61	92	44	5	305	58	103	8	206	75	46	140	50	14	52	35	102	239	26	75	245	179	44	43	184	40	332	65	58	106	252	4	129	83	46	285	59	60	94	31	72	42	38	6	130	21	146	35	94	50	181	101	54	145	81	133	197	85	107	179	72	58	54	33	177	139	140	13	41	148	44	149	52	67	94	40	55	57	110	147	126	37	145	35	45	136	27	158	130	126	117	2	189	179	54	138	30	54	27	28	43	100	33	38	409	148	34	60	42	203	83	38	153	59	20	160	37	119	91	19	81	88	236	212	248	39	151	27	120	108	112	44	100	105	160	57	210	60	353	101	172	34	30	259	63	88	23	70	67	221	128	132	35	60	172	62	116	39	18	141	92	209	109	112	203	123	194	241	53	84	93	324	103	69	131	83	121	58	141	60	239	86	34	25	98	22	32	80	97	27	135	44	120	36	91	7	29	29	35	84	198	77	88	82	154	200	79	223	42	66	79	38	95	249	64	89	123	75	30	190	6	19	128	89	144	164	49	181	121	85	59	147	185	138	125	30	97	213	85	68	46	93	28	73	53	58	45	64	45	66	39	220	371	58	67	96	37	155	152	41	32	104	66	8	100	33	93	25	20	21	129	100	219	37	42	114	84	175	123	236	219	54	139	339	67	41	52	41	106	19	80	114	298	228	28	151	122	95	142	78
44	0	0	0	0	0	95	0	0	0	0	0	0	0	0	0	0	0	0	0	0	0	0	0	0	0	0	0	0	0	0	0	0	0	17	0	0	0	0	0	0	0	0	0	0	0	0	0	0	0	0	0	0	0	0	0	0	0	0	0	0	0	0	0	0	0	0	0	0	0	0	0	0	0	0	0	0	0	0	0	0	0	0	0	0	0	0	0	0	7	0	0	0	0	0	0	6	0	0	0	0	0	0	0	0	0	0	35	0	0	0	0	0	73	0	0	0	0	0	0	1	0	0	0	0	0	33	0	0	32	0	0	0	48	0	0	0	0	0	0	0	0	0	0	0	0	0	0	0	50	0	0	16	1	0	0	0	0	0	0	0	0	103	25	0	22	0	0	0	0	62	0	0	3	0	161	0	0	0	0	3	0	0	0	0	0	0	0	0	0	0	0	0	0	0	0	0	23	0	0	0	0	15	0	132	0	20	4	40	0	37	56	0	73	0	12	39	191	77	23	28	28	0	86	0	128	4	0	27	22	1	1	2	0	14	21	5	86	4	9	56	117	24	0	153	6	75	1	5	0	0	1	0	0	0	0	337	11	16	110	49	0	177	13	0	134	95	17	0	0	156	35	0	80	0	0	8	0	0	167	213	3	29	22	0	228	86	20	60	0	0	4	139	7	8	79	49	0	32	21	0	75	26	307	111	84	6	40	155	100	35	97	101	154	99	20	22	0	103	67	133	110	43	129	87	40	111	110	111	210	19	63	39	125	164	117	71	217	129	45	33	62	150	179	118	144	279	46	184	21	121	125	94	41	149	100	102	81	18	146	150	141	113	5	48	24	18	52	38	144	79	0	131	139	306	38	122	91	201	70	76	158	52	325	86	165	268	186	42	39	18	79	168	79	96	39	148	66	84	77	88	96	50	84	109	44	32	116	21	59	50	85	53	62	207	142	73	140	63	93	9	108	63	109	51	190	87	29	257	20	120	113	147	158	37	81	224	164	24	171	15	172	27	142	5	12	99	70	128	92	62	116	81	28	138	86	127	89	16	175	38	71	95	169	60	34	95	51	33	16	56	17	111	60	61	46	72	68	26	32	117	217	66	103	104	189	46	28	33	244	109	81	41	107	312	77	246	103	35	53	221	97	158	57	107	83	130	68	263	146	45	65	83	10	73	23	55	169	541	38	66	218	95	296	171	77	161	93	84	68	107	37	15	129	72	108	42	59	121	130	78	34	107	151	86	187	133	92	108	92	173	76	90	65	92	73	119	214	89	123	25	42	77	50	80	208	37	86	173	136	88	69	132	38	247	57	164	186	35	104	119	51	103	51	130	86	83	182	251	116	17	46	50	55	45	54	255	10	86	73	80	33	274	69	178	186	13	52	96	30	66	80	73	137	142	153	70	31	31	53	145	84	73	131	15	102	222	143	5	159	135	142	261	145	152	28	93	32	141	94	86	34	70	79	413	80	35	117	71	117	76	74	13	26	134	139	24	140	159	72	113	261	74	69	32	25	318	118	41	27	194	25	16	346	86	150	9	80	49	138	83	147	222	95	235	93	263	32	61	26	14	63	206	23	211	109	192	108	136	107	57	43	123	104	21	51	124	126	72	22	13	160	99	136	11	144	96	46	162	49	205	118	34	66	77	51	214	86	201	60	122	68	33	47	106	121	267	77	83	106	6	164	138	205	28	42	76	180	82	180	124	37	266	24	120	51	50	38	154	99	23	36	15	150	39	255	3	135	235	58	71	155	69	160	118	212	200	16	36	101	27	164	232	239	127	42	230	99	35	148	46	77	223	111	87	196	72	78	82	29	24	40	169	282	128	37	129	133	95	49	77	188	137	35	40	158	63	12	124	31	232	52	83	155	178	47	54	90	90	69	116	208	40	38	47	36	196	56	165	35	296	60	17	127	39	131	131	97	39	27	97	192	78	122	28	101	225	18	126	74	72	48	76	54	77	20	49	78	46	22	87	110	31	189	42	108	298	227	52	52	80	382	151	89	497	60	63	26	140	119	93	47	63	68	299	166	65	71	237	17	62	46	19	33	39	63	96	111	217	175	58	134	472	380	93	263	80	111	90	43	7	47	134	33	121	76	4	87	204	195	68	193	26	543	42	75	75	71	194	300	4	98	76	84	84	42	125	104	56	273	45	100	282	106	278	122	91	51	12	25	132	116	105	131	109	267	86	190	82	135	131	108	116	50	75	174	26	15	12	54	134	30	38	43	65	14	124	109	46	46	75	284	17	88	18	202	124	79	70	6	68
45	0	0	0	0	0	0	70	0	0	0	0	0	0	0	0	0	0	0	0	0	10	0	0	0	0	0	0	0	0	0	0	0	0	0	0	0	0	0	0	0	0	0	0	0	0	0	0	0	0	0	0	0	0	0	0	0	0	0	0	0	0	0	0	0	0	0	0	0	0	0	0	0	0	0	0	0	0	0	0	0	0	0	0	0	0	0	0	0	0	0	0	0	0	0	0	0	0	0	0	0	0	0	2	0	0	0	15	10	0	0	0	12	0	0	0	13	0	0	0	0	0	0	0	0	0	0	0	1	0	0	0	0	0	0	0	3	0	0	0	28	0	1	0	11	78	0	0	0	0	0	0	0	0	0	4	0	0	87	0	0	0	0	0	0	8	0	0	0	0	24	0	0	0	0	0	0	0	0	0	0	0	0	0	0	0	0	0	0	0	0	0	0	0	0	0	0	0	0	0	0	0	0	147	64	0	0	0	0	0	11	7	0	11	17	18	0	9	136	27	0	0	10	0	0	8	0	3	7	0	0	171	0	0	258	17	60	24	0	0	0	82	3	0	68	0	0	0	0	1	19	23	0	0	0	0	158	0	0	18	55	0	0	0	0	18	0	0	0	0	41	53	1	9	0	0	0	0	0	28	70	0	0	1	0	12	0	0	3	0	51	0	20	38	10	3	0	14	80	5	0	184	89	194	146	107	260	113	191	70	173	117	65	76	74	72	29	138	315	88	54	187	62	227	196	113	94	129	171	177	111	75	98	73	136	62	34	105	30	157	116	228	109	95	34	223	55	131	188	51	54	16	65	46	45	189	80	143	54	43	49	56	53	90	19	53	28	21	45	70	149	7	30	6	211	41	49	46	55	53	169	15	68	4	208	57	154	153	46	75	7	125	75	271	58	27	77	240	40	127	59	160	62	138	149	69	275	60	55	26	66	55	37	21	50	46	20	36	22	38	90	276	25	13	265	119	118	101	32	108	213	203	85	60	24	120	47	30	7	134	35	23	55	118	42	56	106	61	222	49	125	136	35	64	85	94	161	43	11	286	13	14	71	89	171	111	53	166	36	101	65	40	41	83	105	145	89	147	160	132	145	68	52	81	53	193	32	86	95	125	40	75	55	302	77	49	120	61	59	36	19	123	135	182	84	40	30	17	104	109	87	171	39	33	244	102	39	245	162	127	185	70	62	104	115	17	5	75	152	96	104	44	58	159	149	22	177	38	220	109	122	52	106	72	120	76	19	176	416	200	12	58	68	140	117	126	168	90	33	33	76	50	103	178	12	97	35	26	55	35	71	38	24	10	149	68	100	45	71	49	270	41	137	45	38	83	329	47	85	28	86	82	171	54	118	86	233	85	111	91	43	121	93	87	102	130	126	44	165	354	271	172	169	90	31	97	128	85	155	120	152	101	2	148	74	91	8	71	162	38	97	88	44	209	197	271	131	45	67	45	334	84	48	129	92	68	20	29	105	179	34	44	51	49	19	116	147	46	262	37	21	171	182	191	214	153	80	132	282	81	130	261	94	344	69	229	47	79	41	43	178	172	162	128	47	23	46	139	49	27	24	96	161	195	53	84	60	90	273	12	51	90	181	98	57	62	152	61	69	94	128	33	268	40	95	47	36	25	103	224	89	84	54	18	104	156	70	179	133	62	174	55	126	4	52	113	172	29	94	122	208	114	279	118	42	58	92	75	198	48	79	32	42	131	35	86	218	96	76	170	44	171	70	74	82	144	204	75	94	26	178	116	66	94	170	352	85	97	242	168	35	56	196	149	54	50	75	48	176	227	143	43	69	55	118	45	126	69	138	45	22	241	40	5	37	367	57	14	61	79	46	114	91	26	5	43	36	85	38	55	3	85	287	127	36	55	239	50	144	19	116	75	103	34	121	117	63	78	94	379	312	25	69	68	46	175	108	106	113	26	53	48	153	63	49	14	73	9	214	42	45	111	32	86	77	122	86	216	130	150	51	14	151	290	50	58	54	189	197	173	95	108	42	120	81	113	128	169	150	157	116	212	57	41	30	71	99	178	68	108	117	87	196	33	40	34	50	26	18	38	33	54	82	52	111	255	79	53	16	108	97	62	126	95	70	146	95	175	194	96	93	137	82	102	186	99	142	16	52	36	95	63	15	90	55	170	107	212	111	42	105	61	111	285	126	132	19	81	52	44	258	214	59	32	92	229	18	34	27	58	29	256	25	79	11	119	77	179	103	173	30	21	99	109	192	73	28	31	109	64	229	128	91	71	327	86	84	98	42	87	90
46	0	0	0	0	0	0	0	0	0	0	0	0	0	0	0	0	0	0	0	0	0	0	0	0	0	0	0	0	0	0	0	0	36	0	0	0	0	0	29	0	0	0	0	0	0	0	0	0	0	0	0	0	0	0	0	0	0	0	0	0	0	0	0	0	0	0	0	0	0	0	0	0	0	0	0	0	0	0	0	0	0	0	0	0	0	0	0	0	0	0	0	0	0	0	0	0	0	0	0	0	0	0	0	0	0	0	0	0	0	0	0	33	0	5	0	0	0	0	0	1	0	0	0	0	0	50	0	4	0	0	1	0	0	0	163	0	0	0	0	0	0	0	0	0	0	0	47	0	0	0	0	0	0	13	0	0	0	0	0	0	0	0	110	0	0	0	0	0	5	0	0	0	0	0	0	0	0	0	0	0	0	0	4	0	0	0	0	0	0	42	0	0	0	0	0	11	0	10	0	6	2	9	51	97	0	0	23	0	0	25	0	0	19	50	196	1	7	1	0	0	0	1	24	19	0	87	1	2	4	0	38	5	0	60	24	61	33	0	18	0	0	148	1	0	29	2	0	21	0	1	0	0	0	55	51	28	8	26	0	50	59	28	1	0	8	0	57	6	35	156	2	0	75	64	0	0	0	3	40	122	0	37	1	10	62	5	0	3	0	14	0	2	0	14	12	28	0	0	0	0	178	112	51	113	27	37	78	31	235	87	56	156	202	136	48	23	254	44	72	82	48	219	119	171	270	258	42	76	60	167	153	66	34	99	116	177	95	5	108	15	46	176	53	62	194	156	15	71	114	154	58	162	74	76	62	35	61	15	78	163	40	6	61	53	157	92	28	70	209	29	83	384	69	57	70	57	96	149	67	15	17	217	55	35	104	134	40	0	173	74	61	46	70	131	20	141	173	2	59	34	42	153	181	155	125	9	18	139	65	48	112	105	78	54	20	11	137	44	103	189	22	24	78	94	15	87	45	153	126	16	421	57	10	45	45	91	9	95	77	154	243	68	65	60	24	165	90	156	67	195	208	43	75	48	62	18	41	89	32	9	21	61	103	69	71	38	88	109	129	116	12	15	151	182	30	67	32	102	41	49	41	34	36	59	123	125	66	158	169	123	133	40	92	147	79	52	82	58	42	41	151	68	129	182	6	104	168	47	122	70	50	24	228	49	19	112	46	96	74	50	73	61	62	32	99	169	54	22	92	141	108	151	72	116	75	7	327	88	72	169	168	225	193	91	37	120	176	120	131	15	44	102	70	30	33	255	39	56	164	126	38	30	114	274	100	140	130	97	86	130	204	29	137	134	120	105	75	115	120	17	104	31	37	88	176	29	70	34	165	139	92	128	47	325	78	158	83	136	222	52	22	180	149	235	27	167	75	237	363	68	206	11	67	29	5	49	79	27	56	313	37	84	56	165	18	226	85	38	164	55	70	24	77	63	27	76	8	81	55	25	68	90	100	163	109	133	59	212	102	229	36	26	241	64	91	33	147	78	101	82	41	71	53	33	110	32	95	167	30	25	139	27	55	89	38	68	127	84	57	81	14	159	107	118	112	106	51	41	5	58	187	15	192	7	80	35	57	147	38	34	132	25	24	78	154	66	174	245	124	210	156	38	85	75	6	110	32	128	194	173	88	32	136	148	27	132	68	149	77	43	159	256	31	21	258	36	102	103	162	252	225	368	59	19	107	152	49	115	52	43	132	204	558	173	266	25	45	45	123	158	31	38	119	42	170	254	189	104	16	232	136	191	108	24	128	107	182	276	94	24	47	170	29	70	69	162	55	93	119	63	107	72	178	75	163	78	67	60	113	76	314	112	48	98	40	58	112	108	84	105	219	150	158	92	143	136	2	129	7	7	28	80	132	78	45	86	41	151	71	66	179	94	44	50	32	96	24	69	89	78	23	136	134	51	99	80	248	252	166	111	95	229	78	211	45	35	98	31	406	19	87	90	139	65	28	56	64	55	29	16	85	34	8	196	74	52	229	186	137	63	139	27	228	107	196	65	67	120	32	56	73	13	71	349	18	184	146	141	34	186	91	47	39	131	78	94	43	192	105	355	78	126	93	94	45	93	46	20	65	65	126	104	14	67	67	90	7	99	49	50	152	75	165	201	94	5	35	194	154	144	152	171	67	170	307	52	44	140	188	77	133	67	243	57	166	43	109	14	264	96	111	223	171	7	154	261	121	136	81	4	96	45	28	28	68	37	53	83	45	88	86	174	57	53	11	41	104	51	97	86	256	88	292	567	94	106	47	19	124	82
47	0	0	0	0	0	0	0	0	0	0	0	0	0	0	0	0	0	0	0	0	0	0	0	0	0	0	0	0	0	0	0	0	0	0	0	0	0	0	0	0	0	0	0	0	0	14	0	0	0	0	0	0	0	0	0	0	0	0	0	0	0	0	0	0	0	0	0	0	0	0	0	0	0	0	0	0	0	0	0	0	0	0	0	0	0	0	0	0	0	0	0	0	0	0	0	0	0	0	15	0	0	0	0	0	14	0	0	29	0	0	0	0	0	2	0	0	0	0	0	0	0	0	0	1	0	0	0	111	0	0	2	0	0	0	0	0	2	0	0	0	0	15	0	0	6	0	0	0	0	0	0	0	0	3	0	0	39	0	0	0	5	0	0	0	34	0	0	0	0	0	0	0	0	0	0	0	0	0	0	9	40	0	0	0	0	0	0	0	0	0	0	0	5	13	0	0	0	40	0	0	37	44	0	228	10	0	0	0	49	97	85	0	1	50	0	0	0	185	57	15	5	88	3	0	135	0	0	20	50	0	0	0	0	129	0	43	5	37	24	12	69	65	6	0	0	8	0	11	0	36	0	80	0	0	0	16	1	2	94	27	115	0	20	0	88	0	1	14	4	11	16	40	10	8	0	101	0	0	26	112	26	2	33	0	25	17	124	50	0	16	22	9	0	31	116	11	19	0	60	0	78	9	84	98	66	134	46	41	368	199	178	165	88	123	40	153	43	274	38	36	33	174	103	190	156	60	98	214	239	120	22	30	55	82	105	73	81	23	62	96	58	18	25	36	73	25	58	96	58	157	124	58	208	54	64	65	80	130	124	200	209	55	54	63	102	65	42	95	96	138	0	94	110	148	58	50	233	127	65	17	52	114	76	298	222	42	63	0	114	13	279	34	15	121	20	150	43	90	136	109	125	62	157	113	127	31	23	220	48	104	294	21	24	177	89	212	18	131	18	181	56	109	96	24	88	63	193	14	72	85	66	29	31	89	27	47	229	147	74	143	29	116	156	48	85	80	59	70	65	56	251	142	30	55	38	234	30	171	37	98	50	47	80	164	121	66	109	172	186	288	175	208	117	68	90	102	56	153	99	65	53	50	165	47	62	328	73	101	68	136	124	80	54	33	137	38	62	93	109	66	51	130	52	103	93	95	32	21	124	62	178	129	18	83	21	58	154	16	230	33	57	31	65	162	39	43	33	49	69	49	100	303	72	12	22	51	59	156	80	13	170	71	95	66	32	37	110	230	172	95	129	38	53	168	79	56	107	5	19	33	69	33	102	31	161	119	64	67	31	118	150	290	235	54	146	24	87	41	84	68	138	47	24	49	113	71	26	126	45	316	36	182	17	59	56	33	92	61	35	99	117	113	46	329	23	188	71	226	44	40	49	104	31	161	105	23	51	60	427	119	130	75	111	84	257	62	113	22	43	161	158	178	38	281	161	86	136	191	189	36	124	90	10	122	48	77	231	86	314	134	80	169	82	39	61	258	32	267	50	62	150	189	67	153	67	367	60	168	83	93	32	28	293	92	112	59	60	62	15	65	70	68	1	46	149	269	14	26	240	46	196	95	221	21	32	55	44	39	19	245	18	122	60	170	93	104	131	180	156	170	84	181	23	115	211	140	198	117	74	34	106	14	37	98	48	83	55	187	32	170	193	101	64	113	156	152	50	50	45	223	99	24	20	25	54	8	37	38	62	84	28	187	17	52	60	92	8	61	32	199	216	113	81	94	91	59	75	262	58	135	64	270	65	163	87	91	26	121	18	123	183	351	31	80	255	45	3	75	88	153	89	133	58	46	17	35	106	44	48	75	210	119	189	39	40	123	73	166	43	117	174	68	13	44	108	141	92	70	100	63	45	196	18	153	124	248	257	99	104	116	67	138	36	48	73	391	31	86	50	39	186	66	68	140	29	41	137	84	77	38	22	53	162	43	160	54	42	136	41	77	35	134	25	324	138	84	103	128	51	178	205	30	163	40	304	38	109	146	139	65	125	75	161	69	201	108	98	109	153	192	201	53	80	121	89	10	212	27	49	161	258	252	87	99	201	160	156	214	93	24	91	118	13	85	272	207	64	127	19	48	10	139	48	39	48	30	296	62	219	136	208	26	49	75	20	158	58	76	30	46	4	143	135	303	126	123	180	49	126	94	95	128	69	42	23	67	47	88	115	73	19	178	131	33	114	73	99	81	192	67	50	236	80	316	49	144	41	127	15	27	134	191	93	36	199	124	76	96	51	184	17	91	153	246	228	126	147	48	117	72
48	0	0	0	0	0	0	0	0	0	0	0	0	0	0	0	0	0	0	14	0	0	0	0	0	57	0	0	0	2	0	0	0	0	0	0	0	0	0	0	0	0	0	0	0	0	0	0	0	0	0	0	0	0	0	0	0	0	0	0	0	0	0	0	0	0	0	0	0	0	0	0	0	0	0	0	0	0	0	0	0	0	0	0	0	0	0	0	0	0	0	0	0	9	0	0	0	0	0	0	0	0	0	0	19	0	0	1	74	0	0	54	0	0	0	0	0	0	0	0	0	5	30	0	42	0	0	0	16	0	0	0	0	0	0	0	0	0	0	0	1	0	9	0	0	0	1	0	0	0	0	0	0	0	0	0	0	0	9	0	0	0	0	0	0	0	0	0	0	0	0	3	0	0	0	37	0	0	2	0	0	7	25	0	0	0	0	0	0	0	0	0	1	46	0	0	0	0	0	0	0	0	61	9	4	2	0	0	4	0	176	105	34	26	0	122	71	0	25	0	43	0	3	0	1	55	0	0	0	15	0	0	0	0	16	0	13	7	0	4	0	26	41	0	0	0	15	24	82	0	0	0	0	0	0	0	200	0	0	13	0	62	0	23	0	0	0	0	8	1	3	5	0	0	8	0	11	0	65	50	152	0	8	35	0	81	0	3	86	51	0	0	88	40	34	0	7	12	94	0	0	76	144	95	218	150	68	52	43	121	197	121	49	63	57	244	154	80	81	52	29	105	222	60	76	159	47	38	183	94	85	26	96	28	51	252	78	84	51	106	72	135	302	122	98	40	185	29	1	159	42	112	83	28	65	132	79	84	17	94	51	75	119	197	75	51	158	21	28	155	92	18	87	26	249	51	125	140	191	106	51	43	85	109	70	36	96	155	14	33	54	52	95	172	72	75	76	112	279	120	19	45	28	18	23	33	104	77	62	146	30	333	120	20	114	346	46	57	77	47	70	230	158	317	95	80	37	130	137	27	138	131	84	17	264	68	79	48	91	32	44	32	94	117	20	208	77	78	54	41	56	84	109	42	121	164	94	62	187	142	22	49	3	80	28	52	174	132	122	111	33	29	20	76	58	93	167	120	219	49	39	34	8	67	172	30	50	13	49	167	29	207	93	136	94	128	124	35	108	35	102	37	34	140	21	78	110	316	35	31	16	65	142	50	51	14	87	82	39	25	196	74	67	31	122	80	9	37	51	131	106	186	118	79	26	133	312	63	54	141	14	124	137	16	257	85	85	129	143	93	163	157	46	45	94	232	186	37	174	188	142	59	15	62	242	84	83	20	57	48	31	38	65	44	165	61	138	86	214	13	34	207	130	121	84	162	103	110	224	68	126	24	71	143	14	128	120	61	68	188	67	57	107	51	40	101	91	264	144	71	39	122	72	107	110	115	146	376	69	43	116	51	46	21	64	106	157	6	173	257	36	174	42	71	188	142	158	96	39	104	25	39	110	140	83	62	63	63	170	508	185	62	158	33	88	57	197	222	41	285	19	115	24	61	74	48	52	121	96	25	92	107	198	74	109	117	72	61	73	117	25	210	38	110	137	70	249	53	13	110	56	57	27	110	85	124	24	116	81	71	155	111	47	155	168	25	9	85	274	35	49	230	164	20	53	36	185	19	80	264	88	18	127	85	142	138	34	62	66	217	66	47	85	49	56	103	60	104	28	53	207	51	106	180	203	48	21	100	95	268	169	12	48	105	209	38	5	55	77	46	226	92	142	15	310	98	97	78	70	50	139	109	41	19	80	69	91	35	51	48	77	41	10	53	151	94	29	150	69	60	103	179	329	85	95	60	145	72	102	191	36	2	74	72	69	49	23	153	25	55	85	144	192	100	78	241	106	67	45	75	91	109	116	89	164	186	84	133	37	88	130	158	71	77	248	18	103	241	21	323	35	225	10	24	92	52	305	215	96	100	66	38	81	41	52	61	38	64	65	169	36	95	46	104	63	146	66	7	193	371	43	301	132	231	208	94	66	6	31	96	209	79	82	53	49	102	62	39	71	71	286	15	82	22	95	74	196	249	127	23	88	63	12	186	44	77	93	226	95	18	28	56	122	8	103	16	49	132	107	85	186	61	48	155	25	53	56	54	67	37	19	267	74	107	94	259	49	231	92	26	4	37	88	46	92	152	25	209	24	166	78	110	320	30	153	32	211	67	35	46	219	117	54	224	86	66	323	28	92	261	226	87	77	141	90	54	73	36	18	282	32	72	64	158	68	58	221	59	117	70	96	76	127	5	96	87	34	135	97	48	63
49	0	0	0	0	0	0	0	0	0	0	0	0	0	0	0	0	0	0	0	0	0	0	0	0	0	0	0	0	46	0	0	0	0	0	0	0	0	46	0	0	0	0	0	0	16	0	0	0	0	0	0	6	0	0	0	0	0	0	0	0	0	0	0	0	0	0	0	0	0	0	0	0	0	0	0	0	0	0	0	0	0	0	0	0	0	37	0	0	0	0	0	0	0	0	0	0	0	0	0	0	0	0	10	0	0	0	0	1	0	0	0	0	1	0	0	0	6	0	0	0	0	31	0	0	0	0	0	62	0	0	0	0	0	0	0	0	10	0	0	0	0	0	125	0	0	0	1	0	0	0	0	0	0	0	0	78	17	0	0	0	0	30	0	0	0	0	3	0	2	0	0	0	0	0	0	0	0	0	3	0	0	0	0	0	0	0	0	0	0	0	0	0	45	0	0	0	0	0	0	0	0	0	0	89	0	0	105	0	15	255	14	0	14	0	0	22	0	29	0	6	1	14	0	0	0	14	1	0	0	0	47	0	1	31	83	43	74	0	111	0	148	41	0	0	1	0	0	20	3	0	29	0	0	0	0	13	0	0	11	46	0	95	0	0	55	0	117	0	20	2	8	0	3	29	0	10	11	0	76	83	60	33	15	26	0	0	1	10	0	0	0	16	0	0	72	0	0	102	178	2	35	109	10	78	122	99	61	12	128	46	95	139	37	11	55	157	4	216	63	69	44	113	43	140	78	144	371	99	34	109	43	64	141	133	89	37	31	86	155	52	203	101	14	30	83	12	55	30	114	21	22	136	55	241	84	84	69	62	105	94	81	25	76	99	99	101	186	65	89	49	107	101	11	106	56	189	50	41	1	223	59	114	59	49	13	257	121	148	200	1	103	45	59	74	70	148	61	143	91	62	131	134	21	176	119	288	98	194	138	281	380	132	77	90	31	128	306	99	136	52	169	56	34	85	46	108	49	84	98	163	65	34	190	116	101	51	87	73	120	48	102	31	57	32	191	232	82	153	210	161	37	86	196	215	159	177	148	107	222	46	167	96	77	44	20	58	32	178	19	16	44	117	38	39	29	103	99	97	126	125	59	153	141	130	117	104	198	309	235	77	63	74	88	52	204	8	110	45	111	36	65	130	56	27	15	106	52	10	178	72	137	16	44	31	28	188	103	177	50	29	202	148	67	134	125	64	66	98	152	27	118	75	38	99	18	86	74	107	137	66	112	77	365	33	45	156	65	283	35	25	34	8	87	96	233	65	24	136	56	139	78	129	10	168	119	178	115	80	68	71	66	143	73	70	11	63	68	48	80	21	172	46	45	54	159	120	75	59	46	208	83	92	41	60	17	120	86	110	9	67	68	13	93	102	9	96	44	39	107	68	110	60	19	118	99	243	57	47	187	43	33	115	28	19	43	106	125	54	144	97	77	209	216	173	168	23	190	173	53	44	40	79	9	131	83	70	41	151	188	53	13	53	159	76	168	72	89	77	54	89	19	45	22	104	124	11	55	24	192	70	37	65	49	35	141	131	91	67	79	74	104	33	161	96	65	65	52	115	92	52	108	39	96	86	151	46	134	83	22	23	92	54	54	98	79	44	206	30	75	167	33	163	41	246	364	211	48	127	49	111	45	143	69	81	44	57	138	205	329	324	99	86	21	16	228	305	109	101	188	57	103	13	24	97	152	282	77	51	70	200	131	103	183	86	68	165	20	59	15	25	29	46	143	53	65	171	168	15	75	94	119	36	98	187	83	35	35	56	233	54	94	20	123	30	140	121	100	154	138	59	69	83	12	98	129	97	112	366	85	251	243	23	90	20	58	81	96	339	294	213	96	35	75	177	9	101	34	181	171	155	218	74	141	27	102	88	39	121	271	47	114	51	172	361	65	47	43	28	11	59	53	69	41	156	51	58	81	97	124	127	72	22	38	93	51	94	107	77	57	105	163	42	69	80	98	283	59	269	147	159	60	184	357	105	62	172	300	212	227	63	8	48	131	328	61	28	166	181	101	112	47	209	146	119	103	138	86	108	98	91	34	117	209	205	68	150	44	76	136	68	120	71	44	87	109	41	71	104	109	101	79	117	270	93	160	222	55	33	63	13	289	87	2	246	37	120	73	205	12	126	148	23	181	21	23	117	82	422	36	188	30	42	98	125	178	46	310	158	87	116	17	113	92	136	100	393	149	148	100	18	100	38	222	131	87	95	45	48	87	69	106	56	60	157	44	19	266	94	134	84	168	37	61	13	108	45	75	102	76	172
50	0	0	0	0	0	0	0	0	0	0	0	0	0	0	0	0	0	0	0	0	0	0	0	0	0	0	0	0	0	0	0	0	0	0	0	0	0	0	0	0	0	0	0	0	0	0	0	0	0	0	0	0	0	0	0	0	0	0	0	0	0	0	0	0	0	0	0	0	0	0	0	0	0	0	0	0	0	0	0	0	0	0	0	0	0	0	0	0	0	0	0	0	0	0	0	0	0	0	0	0	0	0	0	0	0	0	6	66	0	0	0	11	0	12	0	0	50	0	0	0	3	0	0	38	41	6	0	67	6	0	0	0	21	0	0	0	4	0	0	0	0	0	0	97	0	0	0	0	0	0	0	0	0	64	0	0	0	0	15	0	0	115	0	0	0	0	0	0	0	0	0	25	0	0	0	0	0	0	57	44	12	0	0	0	0	0	0	0	0	0	0	0	0	0	0	0	0	0	0	0	0	45	0	38	0	0	0	0	29	321	21	0	42	0	0	56	0	88	38	59	0	206	0	0	4	0	0	0	0	0	6	0	20	3	57	42	24	51	53	0	82	51	0	0	1	0	11	120	29	0	55	18	0	27	35	162	0	39	31	30	129	5	0	0	41	0	33	14	4	0	15	21	182	79	1	2	10	0	26	68	0	19	117	49	55	1	0	38	0	0	0	0	15	56	83	0	0	18	0	0	130	25	84	123	33	53	139	85	64	155	504	99	45	97	89	95	86	204	20	8	83	116	77	83	193	82	58	165	52	24	64	37	21	96	33	166	88	118	92	80	10	89	27	57	217	34	119	218	156	232	14	27	22	95	81	169	117	282	100	68	45	49	36	52	72	85	77	112	58	5	102	42	18	115	241	19	97	37	33	92	27	26	103	46	39	51	176	42	187	13	39	208	139	6	59	11	167	98	130	57	36	71	81	55	96	10	112	156	115	67	86	57	16	88	96	37	165	175	95	77	415	117	115	87	58	8	161	75	187	8	102	88	342	206	57	85	116	81	138	109	63	57	28	250	50	75	82	110	111	21	67	36	29	168	166	29	60	40	75	82	28	65	96	117	143	72	212	16	78	142	41	70	19	158	144	109	180	201	350	233	132	18	200	62	127	196	159	32	143	76	78	20	110	44	59	42	122	130	124	157	125	24	114	371	171	45	19	38	58	135	158	38	142	129	104	86	72	91	30	161	42	237	18	117	50	216	137	95	289	70	52	48	101	101	72	208	24	227	88	79	110	68	67	151	68	68	34	136	104	119	8	59	109	47	98	53	80	38	111	59	45	39	117	29	160	13	264	46	124	86	55	45	33	145	122	195	19	102	47	67	16	157	165	124	63	77	111	85	47	263	85	67	63	29	54	225	2	86	112	202	184	11	86	94	143	71	135	32	58	59	54	235	214	187	46	38	83	127	113	89	85	44	129	204	58	270	111	47	126	19	65	111	36	85	172	74	45	105	61	88	54	115	111	31	159	118	67	57	114	142	160	199	144	67	48	109	239	73	53	284	197	74	55	35	90	116	25	18	95	100	45	113	20	62	59	170	98	119	127	135	96	86	211	138	122	32	184	110	70	77	158	5	192	175	99	216	134	34	143	52	29	65	45	138	91	324	121	220	103	98	299	41	380	13	85	67	18	151	111	62	64	198	37	222	50	110	129	14	129	77	71	113	60	93	124	80	27	105	174	9	47	20	197	158	29	88	38	49	131	146	73	123	244	81	218	173	168	129	173	49	107	43	141	38	136	25	134	29	73	75	162	32	66	39	103	93	73	147	109	87	37	56	77	98	11	203	65	62	77	67	93	28	60	166	248	54	43	184	193	182	44	122	190	34	92	109	42	61	9	109	111	177	201	46	70	46	100	66	99	41	204	161	58	46	86	76	25	260	33	73	81	190	228	153	58	95	27	11	72	37	137	159	174	87	157	73	82	125	71	55	124	108	71	76	43	52	37	51	81	57	75	111	100	35	98	12	117	117	34	53	64	119	53	137	49	215	108	7	94	344	43	97	216	121	180	240	65	32	57	145	44	9	42	49	114	86	100	215	111	78	57	134	157	31	54	48	161	119	104	92	95	164	43	95	128	147	147	40	23	21	12	6	163	111	111	49	44	92	381	116	184	196	153	113	436	13	78	54	57	11	81	70	56	38	63	163	61	81	29	119	164	84	168	141	47	202	61	78	190	93	154	106	93	21	105	29	57	14	15	185	53	42	108	43	264	47	33	63	53	102	170	243	46	197	75	28	110	104	63	211	96	100	21	94	108	34	113	153	56	50
51	0	0	0	0	0	0	0	0	0	0	0	0	0	0	0	0	0	0	0	0	0	0	0	0	0	0	0	0	0	0	0	0	0	0	0	0	0	0	0	0	0	0	0	0	0	0	0	0	0	0	0	0	0	0	0	0	0	0	0	0	0	0	0	0	0	0	0	0	0	0	0	0	0	44	0	0	0	0	0	0	0	0	0	0	0	0	0	0	0	0	0	0	0	0	0	0	0	0	0	0	0	0	0	0	0	0	0	0	0	0	0	0	0	0	0	0	0	0	0	0	0	0	0	0	0	0	0	0	0	0	0	0	0	0	0	0	0	0	0	0	0	0	0	0	0	0	0	0	0	0	0	0	0	0	0	0	0	0	0	0	0	0	0	0	0	0	0	0	0	0	0	0	0	0	0	0	0	0	0	0	0	0	0	0	0	0	0	0	0	0	0	0	0	0	0	0	0	0	0	0	0	0	0	0	0	0	0	0	0	0	38	0	0	0	51	0	0	0	0	0	0	0	0	0	0	0	0	0	0	0	0	0	0	0	0	2	38	0	0	0	36	0	0	6	0	0	0	0	0	0	0	0	0	0	0	0	0	0	0	0	0	183	0	0	0	30	0	0	0	0	0	9	0	0	0	0	0	0	16	34	0	1	0	0	0	0	0	0	0	27	0	99	0	0	0	0	0	0	0	0	14	203	117	9	117	6	55	20	9	0	3	11	22	15	18	220	90	0	8	17	9	4	10	76	35	148	19	39	2	29	80	0	25	129	46	46	113	0	49	21	0	50	109	50	7	10	203	173	4	96	73	154	69	60	18	0	1	49	13	67	71	21	77	0	13	0	34	52	22	150	0	48	0	22	115	35	9	118	7	21	9	20	12	1	36	2	11	0	43	0	69	0	0	149	7	107	0	67	121	157	169	1	33	30	189	17	181	4	52	78	51	45	0	3	94	104	1	134	46	173	43	32	10	38	27	51	82	3	7	123	86	13	154	3	1	49	3	45	67	49	196	51	108	75	86	12	108	1	83	83	298	75	43	12	29	24	41	110	61	40	89	3	83	33	14	2	24	0	60	23	77	2	0	105	89	51	79	1	26	0	125	52	20	67	91	1	147	183	50	1	33	16	156	0	55	131	4	165	0	7	65	47	3	127	168	7	8	3	24	74	80	64	94	13	43	25	194	26	74	49	92	24	16	12	115	18	17	40	28	5	35	3	1	67	47	45	23	37	19	98	50	43	103	143	18	7	43	106	128	45	0	13	19	196	108	36	5	143	29	30	19	10	21	23	16	124	3	38	22	86	25	35	16	20	22	10	7	12	168	99	24	9	20	102	13	41	42	122	1	2	60	23	53	27	42	56	79	145	110	193	33	48	13	79	159	236	35	47	16	2	46	91	34	101	54	22	77	148	4	72	0	85	177	78	63	1	157	3	40	30	106	105	64	45	0	56	5	121	0	105	42	62	231	217	49	62	158	1	61	78	108	57	34	29	82	72	76	133	3	10	1	109	55	56	15	92	52	0	44	74	1	35	20	15	32	20	52	3	50	116	116	20	43	140	30	9	52	130	198	132	57	63	168	84	88	168	90	86	209	97	136	64	87	23	57	25	12	54	24	131	101	59	27	16	42	132	11	29	61	22	82	14	156	4	20	11	56	14	81	14	17	25	41	223	47	14	26	64	5	36	36	57	71	132	42	12	62	134	71	0	153	90	41	85	76	16	5	30	41	153	39	4	9	26	1	111	88	71	160	81	414	29	43	77	162	29	1	139	79	8	83	6	160	6	26	117	108	34	83	47	8	154	22	29	26	1	183	22	36	59	3	2	200	119	35	201	97	134	335	226	25	99	31	81	16	150	35	64	248	15	200	29	18	33	1	99	72	225	21	8	62	75	165	26	62	119	34	118	12	23	129	192	255	18	93	40	6	12	81	116	43	41	28	2	5	164	1	21	186	123	128	80	8	42	95	96	53	28	48	148	59	90	0	26	61	53	28	14	150	23	86	87	35	89	80	30	25	149	30	74	129	166	183	72	51	11	137	114	164	38	71	18	0	216	3	35	96	1	41	155	29	17	1	0	13	106	107	21	60	332	97	83	0	61	36	20	56	31	300	65	47	11	62	18	32	173	51	264	11	42	2	54	147	33	66	59	40	14	82	39	155	11	236	15	52	29	43	115	45	62	88	258	22	70	133	163	69	52	61	139	57	97	160	2	66	25	8	34	19	146	54	29	94	57	12	275	132	6	60	127	1	180	114	64	78	118	25	78	242	141
52	0	0	0	0	0	0	0	0	0	0	0	0	0	0	0	0	0	0	0	0	0	0	0	0	0	0	0	0	0	0	0	0	0	0	0	0	0	0	0	0	0	0	0	0	0	0	0	0	0	0	0	0	0	0	0	0	0	0	0	0	0	0	0	0	0	0	0	0	0	0	0	0	0	0	0	0	0	0	0	0	0	0	0	0	0	0	0	0	0	0	0	0	0	0	0	0	0	0	0	0	0	0	0	0	0	0	0	0	0	0	0	0	0	0	0	0	0	0	0	0	0	0	0	0	0	0	0	0	0	0	0	0	0	0	0	0	0	0	0	0	0	0	0	0	0	0	0	0	0	0	0	0	0	0	0	0	0	0	0	0	0	0	0	0	0	0	0	0	0	0	0	0	0	0	0	0	0	0	0	0	0	0	0	0	0	0	0	0	0	0	0	0	0	0	0	0	0	0	0	5	0	0	0	0	0	0	0	0	0	49	11	0	0	0	0	0	0	0	61	0	0	4	0	0	0	0	0	0	0	0	0	0	0	0	0	0	0	0	0	0	0	14	0	0	0	0	0	1	0	0	62	0	0	0	0	0	0	0	0	0	0	0	0	0	90	0	0	0	0	0	0	0	0	0	0	0	0	0	4	0	0	0	0	38	0	0	0	11	0	0	0	0	0	0	0	0	0	0	0	0	12	56	38	0	20	3	0	33	11	0	28	0	40	36	55	153	67	0	0	16	61	37	4	0	28	18	279	37	25	96	0	18	0	178	7	276	0	24	30	1	0	0	8	0	70	91	0	0	0	141	11	148	31	12	0	226	66	0	96	4	75	0	55	6	174	53	0	13	26	22	0	21	0	24	65	84	139	8	48	241	130	34	34	15	19	0	1	0	30	0	44	2	53	5	1	88	229	39	135	21	144	7	168	9	92	74	89	109	76	61	57	28	9	0	53	33	11	23	108	79	13	40	23	135	16	136	8	0	23	24	23	16	51	20	5	121	47	25	116	71	9	277	64	39	198	148	28	0	50	38	99	52	104	3	14	14	29	31	43	144	23	33	30	64	34	34	81	39	11	15	87	66	21	128	58	36	27	9	46	20	64	14	106	32	11	0	38	7	74	43	72	10	71	0	12	54	3	78	5	19	4	171	184	3	4	59	41	20	65	27	80	86	51	67	133	231	103	20	23	12	57	76	84	27	40	102	110	54	175	159	136	3	77	55	122	168	5	91	74	2	32	28	30	41	49	51	99	5	402	26	131	64	43	107	105	141	56	114	191	21	48	0	44	8	47	60	11	69	12	86	9	22	91	22	101	92	91	48	106	57	12	90	45	113	89	65	36	16	29	2	18	17	89	42	393	100	51	20	93	54	107	16	134	33	60	177	36	171	104	3	55	173	41	27	58	18	139	20	0	43	23	164	41	103	94	30	70	46	94	64	46	65	8	135	5	66	39	47	0	48	32	16	150	43	45	41	152	29	57	62	76	34	62	23	33	92	155	27	139	17	5	11	9	22	34	17	42	32	21	30	23	58	12	0	49	16	122	15	98	32	120	59	195	53	225	11	175	134	146	20	10	54	113	98	9	55	39	63	76	61	56	155	106	23	36	141	105	16	383	110	46	87	52	42	9	29	62	3	19	102	22	25	33	61	129	6	61	81	12	157	16	100	16	48	49	130	17	122	110	32	38	7	48	79	38	34	166	147	3	1	90	184	39	45	35	88	180	83	86	165	75	17	77	24	29	35	29	8	10	99	143	70	69	61	66	5	100	198	105	86	58	39	127	118	7	70	68	211	50	36	24	141	87	90	33	2	21	219	25	43	11	95	78	15	12	87	85	194	82	4	278	31	25	76	46	85	128	28	45	55	11	72	37	63	55	0	24	136	89	8	160	70	16	43	64	133	57	40	21	42	178	80	141	22	25	10	122	0	46	48	43	63	108	15	1	86	3	69	176	24	93	118	0	49	308	30	27	107	120	195	3	26	0	237	10	145	11	40	43	83	79	92	101	55	75	35	59	60	70	37	49	331	248	33	142	1	236	78	26	33	30	108	24	36	13	13	98	1	116	136	69	47	16	50	123	137	116	19	86	6	1	15	0	32	50	109	11	19	12	12	16	9	1	28	127	144	87	47	27	172	24	139	9	299	127	118	2	13	28	97	10	177	213	4	121	43	22	35	94	9	40	39	23	57	122	33	40	2	70	10	349	88	180	47	85	104	4	98	35	53	27	0	100	35	32	51	127	8	33	2	166	95	1	146	328	169	57	17	43	103
53	0	0	0	0	0	0	0	0	0	0	0	0	0	0	0	0	0	0	0	0	0	0	0	0	0	0	0	0	0	0	0	0	0	0	0	0	0	0	0	0	0	0	0	0	0	0	0	0	0	0	0	0	0	0	0	0	0	0	0	0	0	0	0	0	0	0	0	0	0	0	0	0	0	0	0	0	0	0	0	0	0	0	0	0	0	0	0	0	0	0	0	0	0	0	0	0	0	0	0	0	0	0	0	0	0	0	0	0	0	0	0	0	0	0	0	0	0	0	0	0	0	0	0	0	0	0	0	0	0	0	0	0	0	0	0	0	0	0	0	0	0	0	0	0	0	0	0	0	4	0	0	0	0	0	0	0	0	0	0	0	0	0	0	0	0	0	0	0	0	0	0	0	0	0	0	0	0	0	0	0	0	0	0	0	0	0	0	0	0	0	0	0	0	0	0	0	0	0	0	0	0	0	0	0	0	0	0	14	0	3	0	0	0	0	0	0	0	0	0	0	0	0	0	0	0	0	0	0	0	0	0	0	0	0	0	0	0	0	0	0	0	136	0	0	0	0	0	0	0	0	0	0	0	0	0	0	0	0	2	0	0	0	0	0	0	0	0	0	0	58	0	0	0	0	0	0	42	0	4	0	0	0	0	0	0	0	0	0	0	0	0	0	0	18	0	0	0	0	0	0	34	203	44	80	105	81	1	6	21	0	36	0	101	10	6	16	52	0	14	0	4	0	34	0	13	31	16	11	0	68	43	133	2	44	27	115	5	46	23	28	65	0	142	17	0	18	150	36	1	1	56	73	19	6	75	43	101	0	24	84	22	50	312	31	46	17	0	16	0	97	0	48	2	62	1	8	17	124	38	37	6	34	4	9	5	10	29	0	113	1	55	19	9	167	65	115	0	16	178	43	7	5	31	0	85	49	148	49	45	71	21	43	0	6	13	16	13	3	57	26	99	50	111	84	53	300	0	16	22	32	128	33	121	35	0	258	22	19	2	88	12	82	47	102	16	53	17	4	165	69	11	8	204	175	0	8	123	30	14	101	130	77	31	6	8	153	56	12	40	127	42	40	15	89	230	62	20	22	4	0	93	2	50	12	10	0	70	88	73	104	183	15	110	6	27	89	0	22	4	0	37	101	4	17	62	16	140	0	3	36	196	27	105	60	21	27	3	4	10	173	3	4	40	116	15	51	28	36	19	63	69	7	48	42	82	31	58	92	95	18	22	65	161	49	117	33	2	58	12	52	17	62	39	69	33	36	76	298	46	40	61	23	3	137	60	91	64	33	64	77	1	1	60	35	26	30	107	137	98	72	14	172	55	28	12	77	1	172	85	27	109	3	19	52	194	34	4	25	7	22	130	54	51	105	45	24	56	53	27	13	64	98	61	36	18	53	10	62	32	66	156	87	26	107	24	9	58	4	49	86	6	78	154	14	64	143	29	108	1	127	13	176	58	95	80	131	17	0	93	7	66	109	50	86	24	90	26	60	203	50	2	25	132	8	40	83	1	23	4	66	16	13	112	3	223	147	143	76	38	72	235	68	100	34	32	103	160	15	248	55	5	157	181	83	2	79	20	51	22	7	131	95	43	23	57	6	132	32	25	11	98	64	13	39	20	22	0	23	232	69	152	147	21	97	76	5	140	16	34	11	44	66	84	54	65	50	98	97	12	9	69	33	1	29	17	20	115	36	37	22	39	147	72	24	50	186	143	67	16	49	59	13	75	16	2	0	65	49	6	22	227	23	161	20	39	18	101	27	137	44	52	14	435	68	62	38	58	38	77	67	51	112	116	148	0	37	15	63	138	124	13	122	156	209	2	75	58	45	50	211	31	434	257	38	41	51	234	43	34	23	131	150	122	71	21	90	7	6	219	39	42	61	10	17	14	30	47	79	6	3	48	60	107	30	38	114	0	5	6	10	72	21	137	11	22	44	50	45	20	93	4	6	54	144	162	83	186	75	49	62	7	41	32	72	2	125	47	0	19	25	34	175	120	12	16	103	14	143	4	62	109	30	47	124	55	32	75	24	16	138	38	3	45	8	39	12	169	5	7	42	82	38	24	76	2	256	59	5	21	0	49	52	48	77	8	80	5	72	65	76	50	49	25	44	207	20	136	70	26	129	8	140	65	78	101	81	4	15	13	164	119	14	83	84	14	162	184	140	118	35	39	113	143	53	103	34	32	67	42	27	150	12	49	14	38	49	97	68	7	102	65	9	12	55	168	159	35	40	43	13	0	65	65	51	79	88	11	20	63	66
