0	0	0	0	0	0	0	0	0	0	0	0	0	0	0	0	0	0	0	0	0	0	0	0	0	0	0	0	0	0	0	0	0	0	0	0	0	0	0	0	0	0	0	0	0	0	0	0	0	0	0	0	0	0	0	0	0	0	0	0	0	0	0	0	0	0	0	0	0	0	0	0	0	0	0	0	0	0	0	0	0	0	0	0	0	0	0	0	0	0	0	0	0	0	0	0	0	0	0	0	0	12	12	12	12	12	12	12	12	12	12	12	12	12	12	12	12	12	12	12	12	12	12	12	12	12	12	12	12	12	12	12	12	12	12	12	12	12	12	12	12	12	12	12	12	12	12	12	12	12	12	12	12	12	12	12	12	12	12	12	12	12	12	12	12	12	12	12	12	12	12	12	12	12	12	12	12	12	12	12	12	12	12	12	12	12	12	12	12	12	12	12	12	12	12	12	12	12	12	12	12	24	24	24	24	24	24	24	24	24	24	24	24	24	24	24	24	24	24	24	24	24	24	24	24	24	24	24	24	24	24	24	24	24	24	24	24	24	24	24	24	24	24	24	24	24	24	24	24	24	24	24	24	24	24	24	24	24	24	24	24	24	24	24	24	24	24	24	24	24	24	24	24	24	24	24	24	24	24	24	24	24	24	24	24	24	24	24	24	24	24	24	24	24	24	24	24	24	24	24	24	48	48	48	48	48	48	48	48	48	48	48	48	48	48	48	48	48	48	48	48	48	48	48	48	48	48	48	48	48	48	48	48	48	48	48	48	48	48	48	48	48	48	48	48	48	48	48	48	48	48	48	48	48	48	48	48	48	48	48	48	48	48	48	48	48	48	48	48	48	48	48	48	48	48	48	48	48	48	48	48	48	48	48	48	48	48	48	48	48	48	48	48	48	48	48	48	48	48	48	48	72	72	72	72	72	72	72	72	72	72	72	72	72	72	72	72	72	72	72	72	72	72	72	72	72	72	72	72	72	72	72	72	72	72	72	72	72	72	72	72	72	72	72	72	72	72	72	72	72	72	72	72	72	72	72	72	72	72	72	72	72	72	72	72	72	72	72	72	72	72	72	72	72	72	72	72	72	72	72	72	72	72	72	72	72	72	72	72	72	72	72	72	72	72	72	72	72	72	72	72	96	96	96	96	96	96	96	96	96	96	96	96	96	96	96	96	96	96	96	96	96	96	96	96	96	96	96	96	96	96	96	96	96	96	96	96	96	96	96	96	96	96	96	96	96	96	96	96	96	96	96	96	96	96	96	96	96	96	96	96	96	96	96	96	96	96	96	96	96	96	96	96	96	96	96	96	96	96	96	96	96	96	96	96	96	96	96	96	96	96	96	96	96	96	96	96	96	96	96	96	120	120	120	120	120	120	120	120	120	120	120	120	120	120	120	120	120	120	120	120	120	120	120	120	120	120	120	120	120	120	120	120	120	120	120	120	120	120	120	120	120	120	120	120	120	120	120	120	120	120	120	120	120	120	120	120	120	120	120	120	120	120	120	120	120	120	120	120	120	120	120	120	120	120	120	120	120	120	120	120	120	120	120	120	120	120	120	120	120	120	120	120	120	120	120	120	120	120	120	120	144	144	144	144	144	144	144	144	144	144	144	144	144	144	144	144	144	144	144	144	144	144	144	144	144	144	144	144	144	144	144	144	144	144	144	144	144	144	144	144	144	144	144	144	144	144	144	144	144	144	144	144	144	144	144	144	144	144	144	144	144	144	144	144	144	144	144	144	144	144	144	144	144	144	144	144	144	144	144	144	144	144	144	144	144	144	144	144	144	144	144	144	144	144	144	144	144	144	144	144	180	180	180	180	180	180	180	180	180	180	180	180	180	180	180	180	180	180	180	180	180	180	180	180	180	180	180	180	180	180	180	180	180	180	180	180	180	180	180	180	180	180	180	180	180	180	180	180	180	180	180	180	180	180	180	180	180	180	180	180	180	180	180	180	180	180	180	180	180	180	180	180	180	180	180	180	180	180	180	180	180	180	180	180	180	180	180	180	180	180	180	180	180	180	180	180	180	180	180	180	240	240	240	240	240	240	240	240	240	240	240	240	240	240	240	240	240	240	240	240	240	240	240	240	240	240	240	240	240	240	240	240	240	240	240	240	240	240	240	240	240	240	240	240	240	240	240	240	240	240	240	240	240	240	240	240	240	240	240	240	240	240	240	240	240	240	240	240	240	240	240	240	240	240	240	240	240	240	240	240	240	240	240	240	240	240	240	240	240	240	240	240	240	240	240	240	240	240	240	240
0	0	0	0	0	0	0	0	0	0	0	0	0	0	0	0	0	0	0	0	0	0	0	0	0	0	0	0	0	0	0	0	0	0	0	0	0	0	0	0	0	0	0	0	0	0	0	0	0	0	0	0	0	0	0	0	0	0	0	0	0	0	0	0	0	0	0	0	0	0	0	0	0	0	0	0	0	0	0	0	0	0	0	0	0	0	0	0	0	0	0	0	0	0	0	0	0	0	0	0	0	100	100	100	100	100	100	100	100	100	100	100	100	100	100	100	100	100	100	100	100	100	100	100	100	100	100	100	100	100	100	100	100	100	100	100	100	100	100	100	100	100	100	100	100	100	100	100	100	100	100	100	100	100	100	100	100	100	100	100	100	100	100	100	100	100	100	100	100	100	100	100	100	100	100	100	100	100	100	100	100	100	100	100	100	100	100	100	100	100	100	100	100	100	100	100	100	100	100	100	100	100	100	100	100	100	100	100	100	100	100	100	100	100	100	100	100	100	100	100	100	100	100	100	100	100	100	100	100	100	100	100	100	100	100	100	100	100	100	100	100	100	100	100	100	100	100	100	100	100	100	100	100	100	100	100	100	100	100	100	100	100	100	100	100	100	100	100	100	100	100	100	100	100	100	100	100	100	100	100	100	100	100	100	100	100	100	100	100	100	100	100	100	100	100	100	100	100	100	100	100	100	100	100	100	100	100	100	100	100	100	100	100	100	100	100	100	100	100	100	100	100	100	100	100	100	100	100	100	100	100	100	100	100	100	100	100	100	100	100	100	100	100	100	100	100	100	100	100	100	100	100	100	100	100	100	100	100	100	100	100	100	100	100	100	100	100	100	100	100	100	100	100	100	100	100	100	100	100	100	100	100	100	100	100	100	100	100	100	100	100	100	100	100	100	100	100	100	100	100	100	100	100	100	100	100	100	100	100	100	100	100	100	100	100	100	100	100	100	100	100	100	100	100	100	100	100	100	100	100	100	100	100	100	100	100	100	100	100	100	100	100	100	100	100	100	100	100	100	100	100	100	100	100	100	100	100	100	100	100	100	100	100	100	100	100	100	100	100	100	100	100	100	100	100	100	100	100	100	100	100	100	100	100	100	100	100	100	100	100	100	100	100	100	100	100	100	100	100	100	100	100	100	100	100	100	100	100	100	100	100	100	100	100	100	100	100	100	100	100	100	100	100	100	100	100	100	100	100	100	100	100	100	100	100	100	100	100	100	100	100	100	100	100	100	100	100	100	100	100	100	100	100	100	100	100	100	100	100	100	100	100	100	100	100	100	100	100	100	100	100	100	100	100	100	100	100	100	100	100	100	100	100	100	100	100	100	100	100	100	100	100	100	100	100	100	100	100	100	100	100	100	100	100	100	100	100	100	100	100	100	100	100	100	100	100	100	100	100	100	100	100	100	100	100	100	100	100	100	100	100	100	100	100	100	100	100	100	100	100	100	100	100	100	100	100	100	100	100	100	100	100	100	100	100	100	100	100	100	100	100	100	100	100	100	100	100	100	100	100	100	100	100	100	100	100	100	100	100	100	100	100	100	100	100	100	100	100	100	100	100	100	100	100	100	100	100	100	100	100	100	100	100	100	100	100	100	100	100	100	100	100	100	100	100	100	100	100	100	100	100	100	100	100	100	100	100	100	100	100	100	100	100	100	100	100	100	100	100	100	100	100	100	100	100	100	100	100	100	100	100	100	100	100	100	100	100	100	100	100	100	100	100	100	100	100	100	100	100	100	100	100	100	100	100	100	100	100	100	100	100	100	100	100	100	100	100	100	100	100	100	100	100	100	100	100	100	100	100	100	100	100	100	100	100	100	100	100	100	100	100	100	100	100	100	100	100	100	100	100	100	100	100	100	100	100	100	100	100	100	100	100	100	100	100	100	100	100	100	100	100	100	100	100	100	100	100	100	100	100	100	100	100	100	100	100	100	100	100	100	100	100	100	100	100	100	100	100	100	100	100	100	100	100	100	100	100	100	100	100	100	100	100	100	100	100	100	100	100	100	100	100	100	100	100	100	100	100	100	100	100	100	100	100	100	100	100	100	100	100	100	100	100	100	100	100	100	100	100	100	100	100	100	100	100	100	100	100	100	100	100	100	100	100	100	100	100	100	100	100	100	100	100	100	100	100	100	100	100	100	100	100	100	100	100	100	100	100	100	100	100	100	100	100	100	100	100	100	100	100	100	100	100	100	100	100	100	100	100	100	100	100	100	100	100	100	100	100	100	100	100	100	100	100	100	100	100	100	100	100	100
1	0	0	0	0	0	0	0	0	0	0	0	0	13	0	0	0	0	0	0	0	0	0	16	0	0	0	0	102	0	0	0	0	25	0	0	0	0	0	0	0	16	0	0	22	0	0	0	0	0	0	0	0	0	0	0	0	0	0	0	0	32	0	0	0	0	0	0	0	0	0	0	0	0	0	0	0	0	0	0	0	0	0	0	3	0	0	0	0	0	0	0	0	0	0	0	0	0	0	9	0	151	31	51	75	29	40	99	86	69	62	130	84	318	22	78	56	278	114	44	15	223	23	61	24	110	85	46	72	195	58	36	0	97	206	81	34	45	80	109	70	6	120	4	51	180	129	83	10	15	8	217	56	55	80	31	173	105	3	81	15	143	12	24	215	43	20	105	54	94	17	163	129	26	41	103	136	114	25	35	72	168	76	171	106	2	156	102	69	3	84	197	34	178	17	77	23	31	59	61	54	91	30	100	49	64	47	101	118	81	57	138	93	31	0	200	162	70	159	139	134	99	25	60	42	24	24	101	279	86	150	134	63	259	102	239	22	20	196	89	183	36	46	52	71	29	74	82	183	83	59	108	45	17	3	64	66	40	281	19	133	51	94	30	36	93	26	52	224	94	38	14	36	285	15	277	72	38	75	17	15	150	273	90	18	63	163	36	13	113	91	83	97	26	12	132	95	81	18	134	116	49	72	66	97	46	54	61	21	39	24	76	117	5	15	128	23	172	45	47	111	41	103	80	107	52	58	80	84	129	141	44	134	24	256	80	172	158	86	97	48	89	30	45	49	146	59	139	50	28	34	176	120	119	12	140	80	149	12	111	122	133	53	23	277	130	43	145	48	80	96	158	58	218	376	91	12	57	47	76	183	118	98	123	119	270	29	61	32	273	55	252	92	39	81	119	29	120	210	124	29	100	77	123	7	85	70	36	61	90	189	27	67	107	132	104	145	67	152	170	167	234	27	71	210	59	118	36	235	29	149	84	153	21	117	46	99	35	131	110	116	36	87	101	47	273	46	62	59	39	73	109	106	132	32	64	304	24	69	198	80	99	38	100	48	145	112	187	53	82	378	97	99	119	15	135	56	264	249	238	125	88	170	104	233	99	49	179	84	51	14	21	133	157	141	132	148	63	124	32	312	15	39	112	160	126	46	195	64	89	56	28	26	178	166	69	19	82	8	8	85	51	86	75	66	19	56	29	160	60	26	501	62	69	104	140	73	9	73	115	198	202	139	42	12	84	63	72	154	273	33	45	51	188	75	26	120	80	74	200	81	216	97	23	50	57	15	71	79	426	15	24	34	17	52	335	56	52	70	293	103	170	21	324	64	21	25	9	100	197	79	66	142	90	63	74	100	13	132	71	218	201	34	80	249	104	115	185	93	21	198	145	189	217	3	40	133	38	71	54	83	38	31	33	215	65	50	37	23	42	199	124	115	20	129	48	109	60	53	113	83	81	43	55	74	41	226	90	140	71	35	96	86	235	81	69	135	135	95	174	93	27	76	104	60	29	178	54	14	70	131	16	116	178	47	140	107	20	27	39	6	131	123	12	163	98	147	175	136	28	102	22	256	214	96	50	10	28	206	78	30	53	44	109	113	193	54	160	55	59	84	152	85	43	103	75	62	13	44	624	31	134	97	85	31	71	26	213	77	244	26	41	51	10	143	85	63	44	76	115	153	173	72	186	168	83	106	86	78	53	134	11	177	205	109	37	13	220	12	19	196	64	111	6	60	100	102	35	221	82	97	344	44	195	73	136	106	112	65	82	231	76	38	10	24	82	91	146	50	74	104	164	122	222	116	150	124	126	71	104	23	76	28	62	112	36	144	75	72	21	19	127	63	115	99	110	162	7	20	7	93	17	26	67	227	47	22	31	68	13	22	106	199	201	370	76	72	113	221	204	86	52	127	34	72	49	262	48	79	263	265	98	177	9	158	147	83	107	14	61	134	37	57	59	69	134	136	84	161	98	167	11	241	45	156	180	187	292	59	75	78	19	80	23	36	88	145	166	69	141	4	144	131	133	177	221	153	193	89	189	41	148	73	185	51	4	62	65	170	25	80	99	36	82	86	80	302	37	124	106	125	46	20	88	70	24	186	147	60	9	141	21	122	67	34	110	40	186	129	39	115	402	18	57	55	181	124	48	60	78	61	115	44	164	159	28	69	62	311	106	6	135	63	17	108	54	220	31	54	122	72	94	157	217	70	119	84	47	169	104	104	245	148	126	152	143	165	160	93	63	104	69	60	13	92	40	100	62	61	97	99
2	0	0	0	0	0	0	0	0	0	0	0	0	0	0	0	0	0	0	0	0	0	0	0	0	0	0	0	0	0	0	0	0	0	0	0	0	0	0	0	0	0	0	0	0	0	0	0	0	0	0	0	0	0	0	0	0	0	0	0	0	0	0	0	0	0	0	0	0	0	0	0	0	0	0	0	0	0	0	0	0	0	0	0	0	0	0	0	0	0	0	0	0	0	0	0	0	0	0	0	0	26	46	125	38	8	15	64	116	275	117	233	3	26	105	62	64	120	53	114	46	186	146	81	76	156	103	226	70	41	39	72	134	33	90	33	40	93	83	64	5	8	94	90	137	44	138	58	3	48	131	62	8	31	41	57	8	99	60	3	30	153	43	85	113	217	56	12	42	0	3	94	4	91	45	25	104	56	21	21	24	61	28	83	160	39	166	42	134	235	12	24	46	299	132	156	43	33	8	10	83	21	124	66	130	26	23	185	298	138	50	43	262	108	78	95	113	8	2	196	199	80	45	61	61	24	18	199	48	13	130	94	33	7	190	129	56	148	35	66	93	128	50	74	40	13	242	160	14	53	107	54	31	88	86	201	52	205	49	137	23	39	108	21	158	88	0	156	51	159	80	32	71	170	36	123	86	77	23	29	110	190	61	21	39	31	57	187	71	84	87	128	61	34	4	143	49	11	30	49	43	81	63	307	73	90	61	56	104	319	80	41	112	85	93	164	170	106	201	153	67	91	48	135	48	103	32	3	69	31	67	9	12	308	38	51	147	42	74	357	436	156	123	77	115	218	243	42	35	45	79	331	187	56	33	96	68	38	68	170	28	2	118	27	156	17	17	179	55	24	112	63	33	50	77	94	212	57	62	64	4	50	24	33	97	30	64	89	140	83	203	22	32	109	110	96	34	37	156	174	46	122	93	95	47	115	14	24	92	182	103	92	191	85	28	48	106	167	134	40	26	185	67	288	100	35	71	127	166	22	137	80	18	306	77	133	88	35	239	170	60	56	108	144	345	303	54	108	27	133	30	71	229	145	252	60	302	88	152	95	285	130	88	355	18	118	67	126	71	149	131	19	201	135	21	54	191	40	66	145	21	30	4	76	33	41	74	27	30	92	150	237	68	71	93	196	34	50	231	23	47	57	152	10	136	138	185	182	17	185	65	86	104	202	158	79	92	35	91	370	68	49	231	56	212	117	164	44	150	197	59	40	36	105	22	46	100	77	188	84	71	102	67	53	81	95	64	147	150	82	115	22	229	39	273	24	170	132	134	44	82	84	15	36	111	51	313	4	199	260	12	148	96	73	21	81	203	121	91	27	58	73	315	99	11	99	24	70	148	18	60	44	84	75	76	37	115	244	47	223	9	87	28	60	64	50	74	57	53	269	61	137	59	79	56	274	106	193	267	117	63	149	222	46	224	212	93	76	125	197	85	74	92	34	7	84	110	34	76	118	161	84	84	119	119	3	44	126	138	149	87	73	21	67	200	48	113	17	41	46	25	43	95	110	66	94	31	163	22	108	56	141	119	72	174	118	63	50	91	78	209	191	79	93	240	131	195	67	101	70	199	160	133	52	116	31	75	353	261	37	116	55	191	47	43	99	143	94	130	125	16	49	104	196	142	75	167	363	79	54	222	104	17	65	55	39	53	40	67	40	67	75	107	176	56	28	28	57	140	53	74	59	302	74	83	30	51	43	159	82	145	54	90	13	104	136	50	90	57	82	89	83	124	99	103	29	22	108	95	293	51	78	87	76	40	11	76	67	134	67	70	202	59	93	100	107	64	76	49	72	27	28	158	175	53	147	23	67	64	192	130	181	78	322	31	79	116	110	48	174	78	39	38	49	22	13	372	21	97	290	88	73	77	114	30	139	29	236	183	125	53	126	127	52	167	83	98	41	67	119	101	7	170	188	46	108	128	64	117	63	204	53	152	30	34	9	118	92	64	82	53	131	105	290	159	213	147	182	84	183	41	98	296	57	71	46	97	112	174	107	59	48	89	150	124	6	30	73	21	86	150	108	16	92	216	75	62	155	59	45	114	61	167	53	213	109	317	86	40	95	67	72	97	115	66	192	193	67	135	193	397	11	87	152	60	254	60	66	58	152	48	14	71	109	138	174	53	44	117	42	69	24	149	232	71	63	240	118	135	137	181	156	27	19	183	34	87	78	287	229	136	207	91	8	49	18	245	16	147	28	70	169	77	99	39	68	82	29	38	73	122	167	176	123	74	222	49	141	75	90	10	212	54	85	12	266	100	205	181	153	94
3	0	0	0	0	0	0	0	0	0	0	0	0	0	0	0	0	0	0	0	0	0	0	0	0	0	0	0	0	0	0	0	0	0	0	0	0	0	0	0	0	0	0	0	0	0	0	0	0	0	0	0	0	0	0	0	0	0	0	0	0	0	0	0	0	0	0	0	0	0	0	0	0	0	0	0	0	0	0	0	0	0	0	0	0	0	0	0	0	0	0	0	0	0	0	0	0	0	0	0	0	0	0	0	0	0	0	0	0	0	0	0	0	0	0	0	0	17	0	0	2	0	0	0	0	52	0	0	0	0	0	0	0	11	11	28	0	12	0	0	0	0	11	0	0	0	13	0	0	2	0	0	0	0	0	0	0	19	0	0	0	0	0	0	0	0	0	0	10	0	0	0	0	0	0	0	0	0	0	0	0	0	22	0	0	0	40	0	0	0	6	0	0	0	0	1	0	0	17	0	0	7	80	52	0	1	0	12	4	39	98	0	38	0	0	0	0	3	258	16	0	40	15	0	0	73	0	30	126	65	1	81	4	0	0	0	25	0	27	102	236	37	0	0	10	97	0	19	18	26	0	2	61	0	0	136	155	59	1	0	81	0	9	2	166	0	59	333	73	10	10	1	0	86	0	31	58	0	0	86	0	10	12	0	0	2	2	0	114	18	1	68	24	17	0	21	98	97	0	0	0	134	41	137	96	155	96	13	42	121	73	185	117	78	31	180	0	85	26	51	139	190	141	21	32	49	110	12	144	36	76	194	98	94	49	59	104	87	122	93	24	125	147	255	54	110	33	24	196	96	97	48	0	221	199	4	213	44	111	163	233	61	54	73	28	117	27	405	176	85	68	17	93	98	129	26	119	94	71	33	127	110	261	201	59	32	26	250	128	7	47	47	86	167	153	99	121	49	75	53	86	287	45	67	212	57	41	201	85	18	145	78	75	81	25	74	57	154	53	182	17	162	53	35	163	28	154	170	99	152	33	50	218	44	88	138	23	70	211	146	76	89	21	54	230	467	130	82	245	25	94	281	195	69	72	309	39	102	77	209	14	148	171	95	105	179	68	39	224	44	29	73	36	34	101	61	134	197	81	26	27	84	27	48	74	174	77	80	84	184	239	410	131	8	74	107	120	187	25	51	104	442	30	98	239	80	133	22	145	179	137	54	21	100	192	63	188	34	170	368	44	95	52	39	6	26	114	64	140	117	42	51	143	32	104	95	130	17	68	23	130	50	137	222	94	108	420	35	42	118	88	102	84	212	82	480	48	122	157	245	83	27	84	51	14	94	299	404	210	210	135	102	23	102	179	19	104	80	61	14	86	112	145	182	22	201	8	45	157	26	28	29	136	32	119	400	40	51	107	87	88	127	123	210	8	204	97	113	24	159	12	132	128	144	23	47	68	37	65	56	191	139	62	179	143	178	51	95	145	80	15	109	51	249	60	14	18	37	32	27	157	209	56	67	128	15	145	131	70	58	80	163	27	128	8	35	36	275	242	54	155	18	126	20	105	89	25	85	53	132	299	77	22	26	53	194	29	42	41	88	100	175	109	107	13	52	114	134	95	177	77	120	156	190	60	46	35	69	43	87	53	10	230	80	143	101	80	117	144	195	79	31	60	199	88	200	39	200	49	76	63	86	95	25	102	53	213	144	16	170	99	20	223	286	109	0	44	333	86	20	25	59	40	9	367	132	70	79	127	14	86	182	5	213	62	338	108	80	27	38	174	77	56	208	57	130	36	207	37	123	44	37	224	33	100	51	158	91	60	42	176	85	120	34	62	93	136	90	76	43	93	69	12	30	99	111	45	63	96	123	203	71	117	24	10	107	136	60	20	22	109	45	45	15	113	87	204	149	179	184	136	93	117	107	124	102	36	26	139	160	253	299	123	39	168	34	127	49	22	119	49	47	90	130	5	57	79	83	163	18	75	52	49	86	193	110	25	30	58	47	59	59	265	179	68	106	85	42	167	101	162	217	111	32	73	60	110	47	173	40	129	72	114	99	70	127	41	51	93	48	130	121	130	55	121	119	20	47	86	62	41	54	232	53	174	104	54	145	32	45	217	65	182	144	61	25	141	55	63	86	172	47	55	139	197	192	138	105	109	83	72	101	23	254	75	43	173	89	43	86	168	18	92	74	198	62	278	92	44	52	126	29	25	88	101	30	108	75	53	83	50	107	147	98	124	12	41	132	199	286	39	114	96	43	52	125	137	34	39	154	130	94	122	160	22	130	102	39	137	60	79	147	137	68	204	67	68	157	28	162	62
4	0	0	0	0	0	0	0	0	8	0	0	0	44	0	0	0	0	0	0	0	0	0	0	0	0	0	0	0	0	0	0	0	0	0	0	0	0	0	0	0	0	0	0	0	0	0	0	0	0	0	0	0	0	0	0	0	0	0	0	0	0	0	0	0	0	0	0	0	0	0	0	0	0	0	0	0	0	0	0	0	0	0	0	0	0	0	0	0	0	0	0	0	0	0	0	0	0	0	0	0	21	25	0	0	0	0	0	0	0	0	38	0	0	0	105	0	0	26	43	2	0	0	0	0	0	22	30	0	0	0	0	0	0	0	0	0	0	0	0	0	0	18	0	0	0	0	0	0	0	0	69	0	0	0	0	0	0	4	0	0	0	0	0	0	0	0	0	1	0	13	0	0	0	0	0	55	38	2	0	0	0	0	0	0	0	20	0	0	0	0	0	0	0	0	0	0	0	0	0	0	2	25	118	7	0	1	33	178	20	48	30	0	12	0	0	33	21	69	100	35	0	33	0	33	1	86	56	175	0	2	9	0	0	144	2	0	152	2	75	8	43	0	0	0	44	0	136	31	0	0	0	26	16	0	76	51	6	64	0	87	0	0	0	0	0	0	16	46	0	75	19	241	0	0	47	172	1	0	204	0	29	122	0	0	43	32	36	0	10	30	51	260	120	1	21	2	0	0	0	2	145	175	81	73	109	65	102	12	134	239	156	72	114	0	139	59	19	63	43	76	44	112	55	60	32	62	130	177	22	46	0	73	3	136	170	4	70	317	29	97	109	227	163	80	6	45	42	124	58	76	97	34	63	107	142	70	10	30	83	130	224	237	82	60	102	109	48	119	39	128	89	96	183	94	39	264	86	115	82	6	150	118	197	193	126	12	5	191	369	101	37	115	104	233	68	288	39	93	27	41	25	69	192	120	100	173	112	139	41	103	59	104	35	148	137	96	230	45	54	167	76	131	35	31	165	61	54	46	100	64	35	131	52	49	147	69	331	91	48	29	90	135	34	132	40	139	143	179	28	35	86	88	41	46	111	125	19	44	59	97	284	58	24	117	214	189	87	298	58	128	162	133	126	84	161	132	250	30	38	52	105	101	3	29	18	112	92	186	164	94	100	121	119	157	313	71	62	62	52	185	57	122	123	47	130	42	87	14	21	166	238	117	150	36	57	50	242	52	71	74	75	98	130	56	141	135	38	66	157	85	142	145	150	17	138	80	58	5	82	52	39	161	5	37	240	82	111	200	52	120	23	311	28	31	229	159	98	55	85	22	20	86	211	62	80	58	159	211	22	50	14	70	122	124	21	59	281	3	44	84	15	110	213	118	11	78	42	31	30	162	120	111	127	90	107	13	72	42	155	133	94	42	109	71	58	71	29	98	114	54	83	11	64	13	128	64	219	225	30	127	219	167	44	45	228	77	47	78	100	87	32	167	65	51	68	153	79	86	85	46	138	299	115	88	52	140	92	130	73	113	160	22	23	192	42	34	71	11	44	36	195	60	8	221	58	145	88	156	50	144	164	62	45	55	238	138	58	62	44	10	151	42	7	182	60	87	28	216	62	153	37	129	91	108	96	43	122	139	103	63	3	92	83	167	48	76	122	12	30	49	120	75	17	70	114	126	22	147	90	109	38	322	298	13	39	78	47	57	40	59	68	49	100	108	73	27	96	20	85	77	118	98	120	78	20	70	39	66	37	72	96	16	199	39	107	108	123	105	66	179	108	201	9	77	252	114	79	146	16	103	100	94	70	28	23	219	189	76	279	156	41	440	28	44	44	160	70	109	80	218	65	211	230	144	171	61	90	429	6	114	167	48	364	91	156	128	111	267	57	54	161	71	79	125	205	110	101	70	352	104	57	98	100	143	98	20	15	117	75	38	159	32	113	8	88	28	9	94	34	115	95	230	273	102	102	68	60	190	46	90	22	37	98	89	55	159	18	318	144	31	59	62	92	69	167	113	63	147	37	188	76	30	2	140	124	41	22	115	33	48	56	190	182	118	97	217	24	12	127	55	91	125	35	87	120	94	152	32	135	30	25	49	79	46	48	58	85	75	113	178	104	55	153	147	26	118	278	116	7	109	32	19	49	58	38	221	313	96	17	111	28	145	63	25	95	31	139	100	96	34	131	148	139	196	66	64	167	41	390	11	58	34	45	27	91	57	99	271	83	16	10	114	73	121	88	212	164	114	121	33	117	156	100	153	84	88	165	30	95	29	85	41	96	56	78	93	53	186	5	127	97	109	98	231	68	39	305	37	148	78
5	0	0	0	0	0	0	0	0	0	0	0	19	0	0	0	0	0	0	0	0	0	0	0	0	0	0	0	0	0	0	0	0	0	0	0	0	0	0	0	0	0	0	0	0	0	0	0	0	0	0	0	0	0	0	0	0	0	0	0	0	0	0	0	0	0	0	0	0	0	0	0	0	0	0	0	0	0	0	0	0	0	0	0	0	0	0	0	0	0	0	0	0	1	0	0	0	0	0	0	0	0	0	0	8	0	0	0	0	0	0	0	0	0	0	0	13	2	0	0	5	89	1	0	0	0	0	0	0	0	0	0	0	0	0	0	0	0	0	0	0	7	0	0	0	12	0	0	0	0	0	0	0	0	0	0	0	0	0	0	0	0	0	0	0	0	0	0	0	0	0	0	0	0	0	0	89	0	0	0	0	0	0	0	0	0	40	15	0	0	0	0	0	0	0	0	0	0	0	0	0	0	16	0	8	0	1	0	92	76	25	0	0	0	0	19	6	2	54	93	2	0	2	11	5	30	29	79	7	0	0	13	34	0	0	68	0	0	83	10	0	46	0	10	0	0	0	38	61	30	0	12	7	52	0	75	23	57	18	0	46	24	0	17	0	17	0	62	43	0	23	6	0	18	0	32	49	0	0	60	0	11	30	0	0	0	23	0	0	91	119	34	3	102	17	0	60	42	0	21	41	108	121	87	23	97	66	38	77	192	145	61	121	121	16	73	0	19	99	52	43	46	162	85	18	17	137	260	8	71	17	324	159	31	130	70	0	101	79	42	102	80	68	137	81	59	87	144	69	24	177	20	1	41	95	143	59	187	23	95	169	71	62	128	62	64	27	83	69	3	127	22	59	287	229	145	81	34	128	25	34	121	24	114	50	35	122	51	166	204	241	10	44	48	113	26	165	110	67	107	157	98	37	146	102	81	21	61	49	112	58	59	126	91	109	51	174	76	128	57	111	28	92	45	72	21	256	233	147	48	96	103	115	36	114	156	139	20	126	64	35	62	38	36	159	253	81	37	43	123	76	174	115	17	3	34	71	178	36	141	54	111	130	181	28	88	60	231	48	28	34	3	269	65	151	152	430	96	145	32	83	117	152	36	115	87	295	35	40	127	171	100	144	75	231	15	63	57	205	53	77	134	18	78	61	321	147	54	247	124	111	41	111	73	47	38	65	239	50	16	199	21	154	136	46	87	26	156	45	178	78	30	51	35	174	14	169	234	173	455	23	25	57	91	101	20	36	221	80	51	91	88	103	27	97	53	207	228	166	284	50	66	77	100	81	84	99	66	155	81	165	42	21	96	99	266	20	82	50	121	76	63	152	28	304	81	363	93	116	45	14	99	17	147	106	142	129	61	58	63	157	24	339	53	59	10	139	96	140	96	39	46	234	33	62	53	19	60	56	205	80	81	198	44	101	79	109	74	80	13	112	20	155	39	219	77	15	77	14	209	117	20	88	74	169	145	75	62	186	120	80	79	51	119	123	55	140	90	107	122	162	29	73	56	50	193	88	72	104	178	19	42	50	104	29	81	60	131	172	120	12	76	51	159	272	82	92	56	48	245	121	35	80	186	37	84	11	61	58	141	32	62	118	117	15	231	47	71	189	102	27	139	57	23	149	36	67	138	23	168	80	46	88	70	171	73	143	26	80	265	80	121	90	172	32	129	46	166	72	111	13	87	113	45	65	45	15	41	76	82	8	143	8	34	65	114	22	128	160	22	137	38	22	145	69	141	203	75	42	67	100	124	48	78	105	115	6	68	99	42	164	158	151	153	72	74	128	56	72	171	7	23	194	110	32	57	41	112	136	136	40	137	54	31	5	39	38	181	61	103	16	153	69	5	103	79	59	114	57	226	55	116	21	167	6	254	54	38	105	169	51	52	52	30	45	20	22	48	179	3	52	131	178	24	114	78	107	88	79	84	156	162	89	202	213	92	209	84	219	117	176	133	88	74	174	198	252	190	35	192	184	182	290	25	120	177	134	109	52	101	104	105	94	217	145	66	110	63	65	85	57	64	155	136	166	198	231	85	84	98	150	69	232	78	52	102	57	51	170	26	188	84	49	143	46	150	75	73	82	97	16	197	59	78	40	117	45	111	49	44	199	61	33	117	54	232	135	132	121	63	215	90	26	76	181	67	363	24	259	143	46	134	272	220	87	76	82	264	55	150	71	124	11	60	90	73	346	36	185	95	141	69	64	66	64	187	109	93	297	30	58	141	33	49	30	55	34	34	110	95	34	70	59	89	177	166	82	258	8	37	56
6	0	0	0	0	0	0	0	0	0	0	0	0	0	0	0	0	0	0	0	0	0	0	0	0	0	0	0	0	0	0	0	0	0	0	0	0	0	0	0	0	0	0	0	0	0	0	0	0	0	0	0	0	0	0	0	0	0	0	0	0	0	202	0	0	0	0	51	0	0	0	0	0	0	0	0	0	0	0	0	0	0	0	3	0	0	0	0	0	0	0	0	0	0	0	0	0	0	0	0	0	0	0	0	0	0	0	0	0	0	2	0	71	0	0	3	0	0	0	0	0	0	0	0	0	20	1	0	0	0	0	0	34	0	0	21	0	0	36	43	12	0	0	0	0	0	100	0	0	53	0	0	0	0	0	0	0	37	0	0	0	2	0	0	0	0	9	0	0	0	0	83	0	0	0	1	47	22	0	0	0	0	0	0	16	0	0	0	0	0	0	0	21	0	0	0	0	2	0	0	4	17	3	0	0	4	2	0	36	241	263	6	40	0	19	0	0	9	45	111	0	0	23	28	30	0	10	113	8	0	2	203	0	0	82	0	0	2	0	1	41	86	0	4	0	7	0	20	4	19	0	20	10	47	3	44	28	36	5	10	28	0	0	0	55	47	2	182	142	0	0	7	3	34	0	0	126	0	0	50	0	12	40	0	0	5	102	61	0	7	39	15	95	146	1	50	42	199	0	0	0	37	195	371	34	181	71	61	116	85	34	200	34	108	70	57	21	79	102	103	82	61	4	88	85	40	82	29	102	38	39	23	90	183	80	17	137	4	19	308	49	66	52	9	134	110	150	67	55	67	32	99	4	20	2	51	76	122	128	76	85	13	168	115	21	31	2	114	27	239	91	157	86	118	33	56	10	267	48	152	168	113	159	69	43	38	288	89	19	112	41	121	335	106	24	105	67	3	111	24	6	133	222	38	55	89	172	89	22	132	76	29	79	76	36	55	162	111	54	13	153	67	23	36	33	69	332	96	128	50	12	188	101	95	179	44	252	84	108	132	51	54	101	150	286	89	13	59	30	43	151	128	12	32	56	32	16	129	46	51	26	59	112	25	144	172	43	97	133	40	32	146	106	71	29	85	32	56	129	60	48	327	93	86	3	66	110	83	41	111	133	83	97	112	9	64	81	18	64	77	86	168	192	238	27	31	118	72	146	36	297	117	44	46	96	406	12	117	252	26	246	124	46	186	169	133	68	63	62	165	163	66	54	207	103	67	84	100	322	96	94	139	242	41	87	25	70	47	129	26	25	30	106	9	93	84	65	35	40	36	118	117	77	128	36	190	92	56	17	108	53	112	126	19	175	131	32	80	40	56	77	65	30	22	328	164	242	151	55	32	61	142	8	3	97	65	54	140	145	58	62	44	289	69	34	200	124	63	215	55	145	101	113	147	107	74	193	121	108	83	156	28	130	157	112	232	124	102	95	101	145	73	87	171	82	85	75	127	145	74	92	98	146	103	138	26	104	33	54	199	24	65	99	140	77	49	65	141	60	248	123	250	182	63	34	185	98	110	118	244	46	20	9	78	62	41	16	84	41	54	129	7	57	133	111	22	169	58	84	307	46	240	51	57	207	143	232	29	216	296	45	147	82	216	92	52	104	28	244	207	67	189	74	44	252	158	239	167	62	289	37	230	24	224	79	24	82	55	82	51	60	128	224	51	31	88	57	39	165	56	53	42	28	204	56	86	223	127	85	125	147	72	31	9	28	64	98	152	107	210	128	161	250	221	83	41	126	129	144	24	150	165	60	24	161	177	63	73	44	206	14	122	122	148	45	242	414	75	116	128	68	118	202	162	29	163	14	137	192	169	34	208	24	91	89	24	181	134	46	3	198	35	109	24	88	15	54	10	60	50	22	120	107	160	23	112	80	372	146	73	87	34	233	47	183	99	10	41	92	58	33	224	57	185	79	23	116	18	90	131	52	111	71	197	10	162	107	100	96	63	81	102	23	52	100	65	60	25	133	113	217	95	120	256	97	98	65	2	97	76	153	63	32	187	83	96	20	81	8	146	98	75	124	241	69	34	32	99	38	61	45	27	47	63	216	98	97	110	159	207	95	85	45	164	176	84	75	36	57	216	72	44	86	121	56	63	81	49	33	96	44	36	60	142	121	167	130	119	105	207	23	155	98	107	93	21	91	79	26	142	119	24	76	30	396	213	74	83	126	106	58	72	142	38	82	56	137	162	161	69	26	25	134	211	231	139	68	171	147	25	180	121	122	144	156	237	55	232	100	139	85	199	12	166	193	45	121	134	86	53	66
7	0	0	0	0	0	0	0	0	0	0	0	0	0	0	0	0	0	0	0	0	0	0	0	0	0	0	0	0	0	0	0	0	0	0	0	0	0	0	0	0	0	0	0	0	0	0	0	0	0	0	0	0	0	0	0	0	0	0	0	0	0	0	0	0	0	0	0	0	0	0	0	24	0	0	0	0	0	0	0	0	0	0	0	0	0	0	0	0	0	0	0	0	0	0	0	0	0	0	0	0	0	0	0	0	0	12	0	0	0	79	31	0	0	0	0	0	0	0	0	0	0	0	0	0	44	0	0	0	0	0	0	0	0	0	0	0	0	0	0	0	0	0	0	0	0	0	0	0	0	0	0	0	0	0	0	0	0	0	0	0	0	0	0	0	0	0	0	0	0	0	0	20	0	0	0	1	0	0	0	0	0	16	26	82	6	0	0	0	0	4	0	3	0	0	26	0	0	0	0	0	0	0	31	0	0	22	66	56	340	61	0	1	0	0	0	18	0	166	64	2	0	82	35	0	0	55	10	21	25	0	38	16	0	51	8	2	15	0	8	78	14	111	68	59	210	0	0	39	44	0	146	0	25	0	152	28	120	0	0	19	0	5	10	0	16	0	63	221	60	0	1	94	0	0	30	59	1	55	298	0	13	81	211	270	146	9	0	1	0	49	0	8	25	0	103	54	15	15	56	31	73	180	28	30	230	28	30	51	280	67	56	51	94	14	51	57	39	77	19	96	9	208	24	84	129	24	18	44	57	10	72	55	102	60	54	17	88	42	57	34	22	42	6	45	29	88	240	149	40	89	163	0	211	130	88	212	73	97	65	183	34	196	26	23	172	33	93	44	107	123	75	139	65	41	17	150	35	82	274	41	46	271	21	66	139	136	76	114	29	151	12	143	13	59	87	124	101	264	206	65	115	49	67	31	190	35	13	128	75	37	28	78	27	19	228	15	82	142	79	23	155	199	147	19	189	98	28	113	133	19	179	63	41	61	55	50	92	65	104	30	64	30	70	332	176	186	48	141	80	164	22	119	74	52	20	195	92	86	180	46	130	74	95	87	93	43	58	10	77	16	103	62	101	95	164	103	81	59	131	95	9	110	174	192	188	65	79	28	23	204	133	220	69	28	65	246	188	53	29	51	314	77	114	29	44	85	33	46	110	48	18	54	57	64	155	93	155	6	83	88	125	185	11	26	34	127	81	15	107	109	78	152	125	53	100	143	202	277	185	49	20	122	125	86	24	348	127	90	32	103	112	16	93	154	250	105	146	251	116	72	105	62	45	6	169	45	63	136	52	145	119	123	23	62	120	68	88	426	46	153	72	350	28	36	78	160	9	178	310	76	89	153	196	163	3	132	12	29	45	71	91	35	69	31	133	57	179	37	130	20	320	69	33	32	29	112	24	286	261	59	56	44	197	18	97	70	71	19	110	79	101	67	74	50	62	111	48	53	60	60	86	173	48	19	137	77	112	106	120	16	193	146	137	27	148	27	83	42	121	178	54	127	113	120	77	116	100	25	71	130	28	75	90	151	60	128	35	84	220	152	7	52	100	34	72	73	67	121	30	125	160	37	76	24	43	149	264	83	91	169	16	122	118	160	69	288	154	173	79	196	104	122	283	82	39	117	239	24	109	214	128	112	101	97	121	167	83	31	69	35	41	64	134	141	29	226	52	22	84	63	66	51	72	249	54	38	245	44	172	29	63	38	57	99	61	50	51	59	215	74	56	36	49	341	152	89	79	263	79	77	54	80	12	63	105	172	113	136	114	121	29	90	134	28	185	139	16	56	92	166	81	131	16	36	152	132	187	5	81	89	113	120	34	53	108	49	44	163	31	10	11	158	55	34	70	183	197	155	206	33	38	16	96	36	201	93	93	98	193	140	30	94	207	96	131	72	64	12	41	139	49	13	10	61	77	113	62	49	91	19	126	304	92	67	156	157	59	139	172	112	6	55	130	217	95	151	80	115	77	118	144	140	86	40	37	50	70	183	129	65	124	214	235	29	158	65	19	19	68	63	15	78	17	44	104	57	38	90	85	44	19	83	72	33	119	65	21	47	405	48	92	79	44	29	26	10	130	157	44	116	29	53	45	38	120	120	92	214	43	304	61	74	101	140	94	41	169	19	148	31	142	175	213	118	184	68	114	35	64	11	138	53	149	116	43	19	41	139	231	216	30	160	32	77	144	154	83	90	24	338	274	74	68	16	34	83	131	54	28	98	61	22	247	0	163	38	95	71	79	15	307	123	149	134	224	63	366	130	23	62
8	0	0	0	0	0	0	0	0	0	0	0	3	0	0	0	0	0	0	0	0	0	0	0	0	0	0	0	0	0	0	0	0	0	0	0	0	0	0	0	0	0	0	0	0	0	0	0	0	0	0	0	0	0	0	0	0	0	0	0	0	0	0	0	0	0	0	0	0	0	0	0	0	0	0	34	0	0	0	0	0	0	0	0	0	0	0	0	0	0	0	0	0	0	0	0	0	0	0	0	0	0	0	0	0	0	1	6	0	0	0	0	0	0	0	0	0	0	83	0	0	21	0	40	0	89	27	5	0	0	0	0	0	0	0	0	0	0	0	15	0	0	0	0	30	5	0	0	0	0	0	0	0	0	0	0	0	0	0	0	0	0	0	0	0	0	0	0	0	0	0	0	0	0	0	0	86	0	61	0	0	0	0	44	0	0	0	95	0	0	0	0	0	142	0	0	0	0	0	0	0	0	1	0	0	24	0	137	12	40	104	1	0	0	0	0	31	0	30	0	6	35	0	0	0	0	0	0	2	0	0	34	12	0	0	39	0	0	12	1	4	57	0	2	0	0	0	10	25	157	1	66	0	0	0	173	9	0	1	7	7	0	0	0	0	28	0	73	15	54	188	64	0	0	31	12	186	0	2	16	0	72	200	0	6	9	0	0	0	0	52	67	1	87	0	41	49	54	32	0	4	73	72	14	4	137	87	200	74	105	130	152	85	65	104	15	0	166	480	332	6	157	24	5	97	41	50	20	3	74	134	57	111	21	51	33	41	65	86	60	124	42	14	66	50	371	85	125	29	44	21	126	0	112	85	301	64	33	29	63	29	52	37	141	6	161	1	103	31	27	213	88	82	102	254	141	82	67	61	236	56	74	372	185	119	111	82	57	59	33	101	22	63	89	123	24	255	14	27	94	18	72	26	37	6	15	74	156	58	117	190	77	180	110	59	80	115	65	90	181	11	145	15	92	140	31	45	100	330	132	100	50	139	108	156	128	130	43	102	67	32	81	174	15	19	118	137	176	62	278	119	122	116	159	121	134	41	37	327	83	100	87	33	61	156	75	123	55	9	105	67	73	52	37	114	256	169	31	37	35	48	69	71	176	115	74	15	77	79	90	108	321	31	49	25	22	46	359	53	126	69	49	19	20	155	98	205	114	157	110	24	26	125	194	138	96	16	87	195	113	142	129	30	226	180	234	210	56	45	167	163	157	185	39	48	168	84	147	206	117	25	108	196	144	282	103	104	62	114	138	105	206	19	218	124	87	64	43	46	136	22	160	93	137	131	27	58	98	133	57	147	258	41	31	147	106	53	64	97	22	9	12	124	51	15	143	271	121	87	60	69	45	45	80	62	61	55	55	103	90	17	85	26	27	202	105	153	107	18	207	40	2	105	84	97	66	117	66	132	104	18	140	148	69	143	50	87	283	40	38	287	42	21	162	91	10	40	22	49	260	196	48	56	148	191	256	97	81	106	225	46	160	49	24	86	126	245	64	82	61	55	99	13	156	72	22	15	175	75	276	48	141	144	205	65	201	139	170	109	156	123	94	36	97	25	26	94	14	9	231	50	30	87	301	21	39	106	77	98	56	51	85	60	125	151	42	60	231	107	90	122	138	57	36	111	46	277	349	41	130	49	133	101	179	97	106	9	58	50	110	185	118	99	130	112	43	258	73	48	62	335	91	67	56	166	71	89	10	71	58	98	310	63	30	112	119	52	69	118	82	166	61	33	95	105	222	34	70	54	59	27	69	67	144	50	21	67	25	86	9	217	85	108	108	78	208	42	93	70	90	48	42	85	88	21	39	23	213	339	47	77	21	252	68	27	22	56	10	45	90	230	103	69	4	84	159	135	61	127	84	134	114	82	64	27	20	43	114	43	34	51	94	189	118	50	243	63	35	44	78	131	104	22	81	194	8	49	103	68	171	96	15	74	32	53	101	95	61	66	40	198	138	83	85	154	419	122	87	142	19	62	41	65	35	38	215	182	154	202	83	100	109	30	15	71	182	144	138	57	58	103	82	9	63	30	130	153	236	34	7	110	97	6	76	125	147	82	168	162	59	65	145	60	39	113	116	161	29	56	31	34	18	204	5	164	73	139	169	72	180	111	27	38	15	91	82	98	115	28	37	23	149	61	138	56	50	109	104	253	172	314	92	73	50	147	19	167	57	80	70	95	49	66	57	150	62	174	459	57	139	32	52	117	225	63	91	81	74	411	77	124	63	83	24	91	69	148	297	26	22	62	101	125	74	126	76	33	125	109	60	106
9	0	0	0	0	0	0	0	0	0	0	0	0	0	0	0	0	0	0	0	0	0	13	0	0	0	58	0	0	0	0	0	0	0	0	0	0	0	0	0	0	0	0	0	0	0	0	0	0	0	0	0	0	0	0	0	0	0	0	0	0	0	0	0	0	0	0	0	0	0	0	0	0	0	0	0	0	0	0	0	0	0	0	0	0	0	0	0	0	0	0	0	0	0	0	0	0	0	0	0	0	0	0	11	0	0	0	0	0	0	3	0	0	0	0	125	0	0	0	0	0	0	0	0	0	0	0	0	0	0	0	0	0	0	0	17	0	30	0	0	0	0	0	0	0	0	0	0	0	0	0	0	3	0	0	0	0	71	15	0	0	1	0	9	1	0	0	0	0	0	0	0	2	0	0	0	58	0	0	0	0	0	0	0	4	0	10	0	161	0	0	0	0	0	0	0	0	7	24	16	0	0	0	6	0	0	0	52	48	0	153	24	19	0	0	0	18	93	26	45	0	59	0	17	0	0	0	4	4	43	6	4	0	0	14	0	0	0	1	0	115	48	0	0	1	15	33	189	0	17	14	39	30	55	0	133	9	75	8	0	0	7	0	0	8	45	0	156	139	0	0	42	114	3	0	0	101	2	29	155	0	50	17	0	0	0	13	24	0	13	169	74	38	7	0	6	49	0	4	0	0	25	44	131	74	62	85	141	3	116	57	92	144	129	69	80	8	90	45	33	50	122	82	21	188	164	101	182	1	26	206	35	92	211	72	127	69	158	52	168	28	12	319	51	70	164	61	59	91	394	534	36	4	128	96	63	118	32	109	79	70	194	86	103	100	54	8	153	127	18	266	27	39	104	81	50	159	77	66	31	238	30	322	74	7	84	117	62	90	60	212	101	119	41	157	180	61	47	44	70	132	35	136	173	211	153	29	84	102	66	87	33	113	58	31	128	42	67	20	68	38	151	138	351	64	47	48	323	35	44	245	47	62	40	90	96	77	115	100	90	47	96	148	15	99	90	48	32	107	103	34	29	174	21	157	91	94	139	114	7	121	68	125	97	178	86	84	188	159	169	66	136	9	75	47	105	80	331	29	69	411	69	45	120	44	31	158	176	84	205	50	75	66	20	38	113	155	135	83	15	200	62	25	94	66	15	119	123	81	234	66	28	37	203	121	134	114	78	28	80	229	136	95	141	24	104	92	43	78	60	61	67	13	116	33	44	54	79	61	363	5	71	110	46	44	29	95	223	81	179	30	45	195	27	51	28	121	42	43	91	127	20	140	33	28	59	38	59	157	168	69	41	103	140	56	124	142	163	135	38	108	21	20	61	147	45	370	24	131	78	20	125	89	43	60	65	34	249	36	153	131	32	65	32	111	248	102	171	351	56	174	313	112	55	150	66	179	85	160	24	147	370	36	58	59	84	70	87	32	81	109	468	106	25	51	59	123	245	37	211	62	64	87	111	179	7	111	12	82	42	68	29	42	52	147	7	113	133	61	31	196	101	42	115	178	210	44	55	102	148	188	22	186	141	15	67	164	102	86	101	117	232	63	310	96	37	288	114	139	204	34	182	27	66	65	12	68	386	81	114	112	119	110	64	153	80	63	79	30	53	102	61	45	162	34	94	129	50	48	73	259	77	93	72	98	15	148	185	70	363	17	27	129	103	74	39	36	204	211	60	80	18	37	98	10	145	113	57	15	71	92	32	87	161	8	28	135	89	43	156	101	53	67	48	92	64	95	48	94	19	207	33	114	45	85	48	129	149	37	69	76	101	57	132	329	119	65	62	50	64	58	334	89	18	25	83	23	187	33	187	85	54	68	40	40	177	42	320	118	165	63	7	15	112	104	232	11	83	40	24	55	54	146	200	24	17	216	47	115	53	60	75	185	35	94	169	55	118	235	90	41	53	46	232	75	152	42	174	189	126	78	52	49	48	223	165	108	86	107	195	76	143	65	74	181	77	49	85	167	112	46	112	125	40	110	126	33	54	33	116	200	10	90	75	57	79	65	164	128	197	96	95	356	47	156	85	93	9	59	227	78	46	54	73	172	190	168	227	196	81	174	97	79	143	60	154	51	55	56	85	61	173	97	96	195	139	53	64	77	129	250	77	94	35	33	78	41	52	134	339	26	29	54	43	104	200	263	76	174	58	123	129	117	51	145	76	139	36	164	88	261	22	112	132	12	156	103	70	47	109	14	8	237	33	103	87	93	78	90	93	159	34	58	100	142	123	109	31	115	20	56	94	247	81	124	116	3	129	17	25	112
10	0	0	0	0	0	0	0	0	0	0	0	0	0	3	12	12	0	0	0	0	0	0	0	0	0	0	0	0	0	0	0	0	0	0	22	0	0	0	0	0	0	0	0	0	0	0	0	0	0	0	0	0	0	0	0	0	0	0	0	0	0	0	0	0	0	0	0	0	0	0	0	0	0	0	0	0	0	0	0	0	0	0	0	0	0	0	0	0	0	0	0	0	0	0	0	0	0	0	0	0	0	0	0	0	0	0	0	0	0	0	3	2	0	0	0	0	0	0	0	0	0	0	0	0	22	0	4	0	0	0	0	0	0	0	10	0	5	0	14	0	25	29	0	0	0	7	0	0	0	0	0	14	0	0	0	0	0	0	0	0	0	0	0	0	7	1	0	0	0	0	4	0	0	0	0	0	6	0	0	0	0	0	0	0	0	0	0	0	0	0	0	0	38	0	0	0	0	16	0	0	4	0	7	0	0	0	77	47	5	12	8	1	1	0	0	0	3	142	43	21	84	153	5	43	83	106	19	86	8	67	108	36	4	20	7	0	19	46	0	22	9	23	0	0	7	0	23	23	24	0	54	124	15	0	2	65	57	0	9	169	3	0	0	44	11	0	133	161	0	48	0	58	11	0	21	73	0	0	0	0	0	33	0	13	28	207	0	0	0	30	0	42	41	0	0	54	94	0	0	4	249	44	60	7	33	52	5	15	72	176	69	191	84	72	79	0	138	124	257	39	153	90	177	71	77	27	14	109	123	119	36	138	170	101	136	57	176	39	108	44	212	138	22	116	168	49	8	40	125	262	144	39	90	0	97	218	34	76	219	16	166	83	55	88	59	55	125	67	67	83	99	117	33	172	36	35	42	91	125	27	66	244	99	13	28	48	78	131	103	99	98	101	260	98	46	154	81	50	79	116	93	7	73	79	133	203	18	26	99	126	85	159	139	18	122	2	53	20	112	117	167	30	215	62	17	156	211	46	178	75	65	66	81	157	51	204	151	322	100	47	124	75	141	38	34	101	113	132	28	176	129	52	121	70	59	51	68	299	120	46	77	51	25	154	177	53	147	186	86	79	169	155	130	76	93	36	90	23	51	20	147	86	85	211	59	33	113	64	78	127	57	61	75	99	158	48	104	340	87	62	48	21	38	163	64	80	26	46	146	63	71	182	60	80	298	22	54	83	36	276	244	139	99	18	53	65	108	36	174	151	40	162	169	262	175	91	83	32	72	12	118	7	29	57	87	20	105	122	116	1	170	41	98	127	106	111	60	83	23	31	199	159	228	107	98	48	67	56	33	132	161	8	113	42	118	141	98	147	32	97	155	75	206	211	121	90	51	409	31	100	193	101	120	65	74	29	66	307	78	138	139	241	59	229	37	118	65	188	36	3	15	560	82	238	178	90	79	167	45	39	103	171	39	157	275	55	103	152	10	200	35	113	270	139	166	21	13	111	14	59	113	86	101	132	114	35	199	248	111	67	184	398	118	9	161	26	97	97	35	118	104	170	114	110	92	141	11	28	131	78	70	112	100	139	106	117	106	198	243	96	61	116	92	121	32	48	199	23	291	185	73	15	48	192	71	44	155	303	123	18	119	171	68	165	109	13	141	55	117	60	175	40	117	25	170	126	112	92	165	12	197	38	149	23	25	55	44	137	58	159	267	84	129	143	112	2	153	31	31	18	38	52	235	81	19	53	212	12	125	247	69	32	141	34	103	145	24	62	21	110	224	91	44	109	186	32	48	57	76	348	159	125	203	245	19	226	41	2	110	75	74	91	238	31	245	46	62	138	226	176	29	48	132	20	102	93	157	112	95	67	145	169	39	134	94	68	34	104	57	71	161	88	94	93	88	123	141	20	93	59	75	142	174	89	65	258	159	86	38	11	21	176	104	100	302	72	147	96	260	14	60	29	108	106	233	135	134	80	142	231	285	59	238	28	128	220	15	67	213	97	118	77	24	55	146	139	95	94	136	73	41	86	37	67	33	87	29	119	13	79	87	138	138	180	72	152	8	87	133	169	83	52	22	72	162	112	25	56	174	151	92	34	27	110	187	116	203	11	152	104	42	45	127	35	62	99	47	140	4	109	23	79	88	67	211	48	17	82	53	53	53	104	142	11	37	71	84	134	73	195	86	30	46	111	174	220	51	88	38	24	257	38	84	113	26	290	152	67	68	438	168	210	113	323	8	188	63	92	186	120	86	94	51	176	22	119	216	136	106	127	88	34	82	63	51	256	24	33	68	67	61	105	37	15	99	144	20	119	21	63
11	0	0	0	0	0	0	0	0	0	0	0	0	0	0	0	0	0	0	0	0	0	0	0	0	0	0	0	0	0	0	1	0	0	0	0	0	0	0	0	0	0	0	0	0	0	46	0	0	0	0	0	0	0	0	56	0	0	0	0	0	0	0	0	0	10	0	0	0	2	0	0	0	0	0	0	0	0	0	0	0	0	0	0	0	0	0	0	0	0	0	0	0	0	0	0	0	0	0	0	0	26	126	0	0	0	0	0	0	0	0	0	0	0	0	0	0	15	0	0	0	22	0	0	6	0	0	0	5	0	0	0	0	0	58	0	0	0	0	0	0	0	0	0	61	0	0	0	0	0	24	0	0	0	0	0	136	0	0	0	0	13	0	0	0	0	0	0	0	0	0	0	0	0	1	0	4	0	0	0	0	0	0	0	0	0	55	0	0	0	0	0	0	0	0	0	0	0	0	0	0	24	2	0	1	0	0	36	2	130	56	11	0	0	0	0	0	7	39	159	0	210	37	0	0	0	60	175	0	22	9	101	49	0	9	0	18	0	23	4	26	0	55	9	0	0	0	40	41	2	0	245	84	0	0	81	120	88	12	0	54	28	22	77	0	4	0	152	22	111	0	7	96	0	5	7	162	11	0	3	0	0	31	43	17	0	31	60	0	8	63	110	71	82	0	0	78	137	22	0	37	106	73	37	136	293	84	140	21	184	103	123	140	7	26	161	10	22	27	43	28	27	91	34	151	85	37	19	39	138	120	31	42	207	78	32	60	43	72	17	171	158	65	102	16	170	127	113	17	22	118	49	96	228	76	94	79	33	164	162	47	29	139	84	187	71	73	170	28	10	109	161	65	94	16	128	33	7	68	107	28	52	25	63	235	86	59	43	142	51	66	3	57	79	23	35	95	145	85	66	169	142	66	110	115	137	153	153	35	268	30	45	146	69	36	95	43	98	40	236	59	133	154	103	97	121	73	27	80	165	122	22	278	13	34	65	20	56	130	407	157	174	70	33	175	72	272	33	94	151	98	270	83	75	42	80	83	72	73	108	224	154	48	69	81	44	47	21	454	194	88	87	79	51	147	45	148	134	33	32	114	25	22	23	72	58	66	120	50	116	122	88	161	22	103	50	80	178	73	20	111	22	155	201	80	139	106	237	231	23	42	2	57	106	113	74	133	123	100	30	107	70	114	11	125	37	8	13	49	53	68	52	135	26	93	158	107	22	45	86	16	90	67	62	125	57	79	179	192	50	64	54	5	6	36	17	142	84	93	140	20	52	62	84	104	261	310	32	70	74	27	189	257	186	23	58	90	93	219	35	17	92	117	52	148	138	10	90	144	140	98	59	176	30	38	224	320	139	53	143	168	107	53	175	132	32	88	27	49	179	37	236	139	49	28	97	31	86	116	126	13	123	223	120	41	69	39	68	90	94	101	29	138	105	138	22	105	47	161	267	90	116	97	77	50	73	51	79	50	104	259	61	26	38	81	296	159	83	105	211	9	283	47	142	28	71	65	180	36	58	76	177	86	32	234	81	108	232	205	135	198	40	89	103	57	32	342	295	72	38	111	128	55	111	103	91	116	91	165	67	52	216	159	390	87	126	17	324	28	393	49	136	103	65	72	55	130	64	64	219	99	11	167	102	254	66	123	66	96	172	68	270	132	123	95	162	79	25	111	121	121	126	273	82	20	76	162	116	58	71	19	127	64	98	166	125	64	109	14	25	54	39	69	153	101	6	106	158	63	159	107	66	134	167	74	39	184	75	136	91	30	109	38	38	89	121	263	113	128	121	29	66	130	200	42	32	108	232	39	132	115	52	126	26	28	153	230	96	146	167	67	42	21	52	75	45	115	55	48	77	146	67	130	59	26	49	238	26	134	130	87	52	132	60	25	31	123	62	135	121	101	101	95	41	70	151	11	30	21	51	63	129	13	236	133	70	149	258	54	10	89	204	23	137	74	139	155	129	131	186	187	31	37	72	47	137	165	142	82	127	59	87	27	110	134	48	298	67	58	92	305	38	227	38	141	9	98	43	75	75	88	116	124	225	206	17	100	65	210	99	95	20	108	115	55	180	295	47	242	148	61	81	94	162	205	41	121	64	80	167	103	76	105	20	26	158	99	73	27	88	37	107	99	188	149	175	247	61	83	57	4	104	145	106	147	204	59	10	83	74	68	96	87	29	165	106	42	42	35	84	147	62	109	58	94	20	180	17	164	15	25	109	52	19	38	116	155	133	74	27	136	135	38	59	56	22	123	180	229	26	175
12	0	0	0	0	0	0	0	0	0	0	0	0	0	0	0	0	0	0	0	0	0	0	0	0	0	0	0	0	0	0	0	0	0	0	0	0	0	0	0	0	0	0	0	0	12	0	0	0	0	0	0	0	0	0	0	0	0	0	0	0	0	0	0	0	35	0	6	0	0	0	0	0	0	0	0	0	0	0	0	0	11	0	0	0	0	0	0	0	0	0	0	0	0	0	0	77	0	0	0	0	0	0	0	0	0	0	0	0	0	0	0	0	101	14	123	0	0	13	1	0	0	0	0	0	0	24	0	0	1	6	0	0	0	0	0	0	0	0	10	0	0	0	0	7	0	0	0	0	0	0	95	0	4	0	0	0	0	0	0	35	0	0	0	0	51	0	0	0	0	0	0	0	11	13	0	358	0	32	0	2	0	29	0	0	0	0	77	0	0	36	0	0	0	106	0	0	27	0	0	0	27	98	0	0	0	6	115	116	70	301	30	0	0	0	78	0	0	27	136	33	53	32	2	0	5	19	53	59	0	1	45	0	0	154	0	0	0	25	0	8	46	0	14	0	16	0	105	82	1	6	112	308	64	1	49	33	151	17	0	39	0	0	0	26	97	0	134	46	3	2	11	0	124	0	30	100	53	30	69	0	62	53	7	0	70	79	9	0	1	54	19	33	127	18	0	153	46	0	13	0	19	154	69	30	107	19	127	384	157	65	33	204	102	4	64	37	192	270	144	98	20	98	85	130	98	69	137	135	126	18	82	43	94	136	173	115	38	165	66	60	298	130	179	59	71	84	61	89	19	116	54	63	14	151	144	99	78	98	294	55	84	48	69	28	83	11	162	26	63	244	46	31	120	78	60	96	14	203	52	67	119	49	71	436	112	121	233	115	193	53	11	297	50	26	108	67	122	30	134	158	70	65	78	16	118	207	81	91	107	32	238	77	113	210	79	154	20	23	75	101	22	30	169	90	166	281	52	131	43	155	95	70	118	23	102	168	74	82	73	85	49	43	63	64	312	61	178	247	42	243	93	29	68	105	34	29	16	59	16	133	103	57	33	122	64	44	231	134	14	111	41	94	40	27	105	67	73	98	201	32	81	15	86	66	150	66	110	98	100	142	121	1	57	40	71	78	88	273	141	222	260	211	49	161	75	155	28	76	200	145	128	104	21	509	60	83	94	27	117	9	132	102	162	102	15	116	41	174	72	145	41	26	93	24	61	121	36	97	49	62	24	173	61	99	24	85	159	54	71	129	66	53	364	44	87	78	50	117	172	40	171	71	152	54	51	41	84	21	54	51	70	99	35	42	194	122	91	44	137	135	131	69	94	13	52	35	35	127	75	62	71	53	288	97	15	27	38	21	51	133	30	38	64	25	98	244	51	104	102	32	53	154	89	171	213	79	172	194	166	18	201	45	76	70	193	132	81	55	117	72	140	30	59	344	201	59	42	36	34	20	103	182	75	36	76	131	51	249	147	129	186	138	102	36	85	83	50	10	24	74	150	42	134	232	2	290	75	83	26	158	76	110	85	13	69	97	7	179	239	80	93	15	59	65	90	147	126	31	221	195	51	64	68	24	139	231	19	57	15	90	225	152	31	96	71	101	86	28	94	213	74	377	167	229	118	95	17	84	58	64	27	20	243	110	80	81	42	116	86	46	49	26	45	11	72	213	122	48	64	95	217	133	35	34	86	152	52	294	223	75	177	17	26	40	41	209	76	76	120	27	81	22	30	144	119	58	55	35	34	16	22	78	138	97	154	218	188	75	101	57	97	27	256	109	161	35	23	142	133	19	148	95	42	44	166	74	87	37	16	66	178	135	75	141	113	13	5	58	110	152	141	26	72	140	32	46	115	2	129	65	71	11	54	82	66	28	34	42	122	71	77	159	49	30	34	29	27	78	66	292	111	125	50	48	189	365	33	47	25	72	75	137	66	8	51	104	16	58	14	93	61	71	127	51	139	1	199	84	102	328	85	204	43	55	178	57	11	155	83	59	145	36	35	59	111	63	34	117	89	58	57	179	38	27	164	55	47	73	42	116	125	40	17	50	44	4	75	119	102	84	134	32	19	48	56	207	109	4	55	154	116	125	98	23	84	83	104	26	34	91	133	35	68	136	4	111	110	181	66	49	82	109	179	65	29	91	32	35	134	117	133	24	23	30	194	273	64	41	172	28	78	14	64	61	461	20	86	200	135	65	130	181	40	133	11	20	136	185	106	38	139	140	121	54	43	210	99	144	80	29	59	186	52	91	148	67	134	18	302	146
13	0	0	0	0	0	0	0	0	0	0	0	0	0	0	0	0	0	0	0	0	0	0	0	0	0	0	0	0	0	0	0	0	0	0	0	0	0	0	0	0	0	0	0	0	0	0	0	0	0	0	0	0	0	0	0	0	0	0	0	0	0	0	0	0	0	0	0	0	0	0	1	0	0	0	0	0	0	0	0	0	0	0	0	0	0	0	0	0	0	0	0	0	0	0	0	0	0	0	0	0	0	0	0	0	0	0	0	0	0	0	0	0	0	0	0	0	0	90	0	0	9	0	0	0	0	0	66	12	17	0	0	0	9	131	0	0	0	2	36	18	0	0	0	0	0	0	0	0	35	0	1	0	1	0	0	0	0	0	0	0	0	0	0	0	0	0	0	0	98	0	0	0	0	0	0	0	0	0	1	0	0	0	0	0	19	0	35	0	0	33	0	0	0	10	0	0	0	0	0	9	0	0	8	90	1	0	23	54	109	95	5	0	0	0	0	0	60	72	35	15	15	6	0	0	0	96	137	25	0	13	86	167	3	108	0	0	144	25	0	0	0	1	34	15	8	0	34	0	11	0	98	94	125	0	49	6	41	32	0	127	0	0	0	0	50	0	3	11	38	4	0	0	13	0	163	88	0	1	31	0	0	10	11	2	101	0	61	0	15	15	6	125	12	0	37	69	0	0	0	2	148	40	120	16	44	133	69	36	105	38	172	197	5	62	31	80	53	20	104	14	12	71	135	164	53	57	120	18	39	26	29	43	60	81	17	14	83	79	25	131	102	8	150	48	66	221	227	113	45	134	56	27	92	69	26	18	106	144	56	187	80	86	94	2	62	35	89	51	58	50	144	123	74	47	148	25	158	95	75	275	48	50	128	9	76	31	97	69	44	260	41	139	148	117	84	176	123	94	112	113	242	56	75	69	48	112	163	65	99	58	162	125	29	75	57	122	39	178	25	134	190	104	199	161	62	31	89	41	20	166	156	78	83	101	66	186	162	129	121	182	143	137	46	33	119	141	33	141	94	27	116	11	42	103	9	21	13	240	125	117	93	135	156	114	68	189	28	89	52	44	166	25	266	84	105	108	11	80	317	137	74	126	52	9	153	57	120	128	67	261	28	50	80	144	52	31	4	45	19	106	119	221	118	210	69	5	31	85	249	86	174	35	44	214	61	43	31	137	145	57	58	64	33	80	121	39	28	259	87	71	28	48	121	47	166	38	99	201	20	51	51	75	20	101	244	278	137	80	72	135	93	168	130	88	95	26	69	96	104	93	61	33	58	174	42	92	48	73	155	50	127	114	87	132	89	36	159	74	105	201	80	13	147	68	22	112	48	37	135	126	24	96	43	16	119	178	25	52	8	105	31	40	162	31	275	85	133	85	79	75	17	178	53	38	47	84	127	50	91	179	29	76	174	84	38	87	84	180	79	45	47	114	209	28	11	158	75	45	21	13	120	85	40	45	108	127	18	3	63	17	45	69	154	50	33	7	41	96	92	172	24	138	55	72	37	164	15	138	77	73	99	46	41	48	58	26	141	77	73	56	111	67	79	26	171	30	194	96	34	154	31	95	82	34	33	132	80	39	32	74	60	96	135	71	273	89	137	86	101	108	75	50	119	97	137	80	174	86	220	101	42	39	1	204	73	147	68	24	117	630	60	191	26	77	142	225	59	9	87	232	132	157	87	113	122	57	36	49	29	51	19	36	6	145	5	193	116	12	31	265	71	231	128	64	86	94	15	46	171	41	230	39	162	58	162	26	21	88	89	219	77	152	68	35	86	34	4	168	17	101	231	53	123	59	52	130	25	42	148	110	43	131	38	54	147	58	67	65	252	101	123	24	178	8	68	171	114	8	119	227	220	93	328	77	89	90	76	60	132	40	60	33	65	44	126	48	104	81	16	121	84	113	56	273	206	26	44	147	138	163	68	180	150	20	130	88	93	289	34	55	51	85	38	334	51	69	85	38	20	169	26	17	18	29	88	43	289	113	117	100	91	225	51	94	147	265	156	55	34	70	70	134	60	97	123	65	96	131	19	71	230	57	11	85	85	110	72	28	103	60	88	140	49	107	190	35	53	124	137	133	98	103	174	186	179	98	93	70	288	92	16	130	122	49	27	39	99	93	22	165	13	75	78	127	44	53	107	18	116	29	47	94	150	80	48	46	57	87	18	45	121	57	20	54	118	61	76	19	127	36	45	124	49	168	9	148	104	107	30	43	125	108	122	144	54	57	49	49	79	27	298	74	94	190	87	96	163	36	81	15
14	0	0	0	0	0	0	0	0	0	0	0	0	0	0	0	0	0	0	0	0	0	0	0	0	0	0	0	0	0	0	0	0	0	0	0	0	0	0	0	0	0	0	0	0	0	0	0	0	0	0	0	0	0	0	0	0	0	0	0	3	0	0	0	0	0	0	0	0	0	0	0	0	0	0	0	0	0	0	0	0	16	0	0	0	0	0	0	0	0	0	0	0	0	0	0	0	0	0	0	0	0	0	0	1	0	3	0	0	0	0	15	0	1	0	11	0	0	73	3	0	0	0	0	107	0	0	8	0	0	0	0	0	0	0	0	0	0	4	0	0	0	0	0	0	0	28	0	0	0	0	0	0	0	0	0	11	0	0	0	0	0	0	0	0	0	0	0	0	0	0	0	0	0	0	165	23	9	0	0	0	0	0	7	0	0	0	0	0	0	0	0	0	14	95	0	0	0	0	0	0	1	14	110	0	0	0	98	55	49	29	143	8	0	0	0	7	0	0	49	118	0	15	1	0	0	182	67	22	0	0	74	3	43	52	0	47	0	47	13	51	43	1	0	36	0	0	98	0	0	0	138	0	38	0	2	58	51	2	0	0	0	2	27	24	0	5	45	58	102	42	16	14	105	0	0	43	21	11	10	0	6	124	0	0	0	0	0	8	0	60	30	55	5	0	55	127	100	0	0	4	341	247	10	122	98	53	57	66	133	174	108	33	99	12	61	111	142	74	83	58	126	191	113	42	62	64	57	237	189	106	84	18	192	193	165	14	52	28	53	6	55	49	119	68	12	100	370	70	24	191	65	9	242	36	114	4	177	11	28	38	80	32	93	109	128	235	25	76	126	95	390	60	77	115	92	126	73	27	22	56	15	110	134	45	75	3	169	27	87	60	73	170	88	145	55	153	91	142	145	131	76	70	217	73	43	54	10	13	20	26	241	211	80	167	132	56	98	83	95	58	76	85	187	96	99	125	46	87	245	124	111	40	30	58	58	146	218	55	41	79	106	124	61	27	118	69	135	75	72	136	26	94	34	383	70	173	93	17	367	94	82	15	174	91	72	63	147	142	85	93	76	126	61	87	28	42	73	52	88	107	123	50	38	141	72	37	96	205	11	113	189	140	9	59	56	44	160	10	71	55	43	32	90	153	38	102	208	52	38	30	65	49	366	125	74	94	6	31	66	20	55	100	19	30	83	154	105	83	190	246	224	31	64	18	92	38	210	47	62	123	47	36	53	186	209	120	246	41	195	29	93	55	78	14	179	91	87	75	196	121	131	163	46	212	164	88	73	157	87	64	110	298	154	200	102	23	120	28	116	64	351	151	200	85	46	130	49	56	19	23	111	147	34	148	196	89	142	54	90	18	128	48	13	45	49	32	43	285	295	104	23	92	227	173	52	141	30	204	104	173	16	76	36	153	84	100	85	142	97	197	27	72	81	44	42	12	29	66	169	62	88	65	62	183	34	96	44	104	52	42	24	111	116	139	63	32	71	78	104	8	86	49	121	65	89	163	122	244	208	106	46	33	164	64	38	147	121	65	140	104	66	14	90	72	156	30	196	57	9	59	67	20	15	118	29	121	39	108	16	33	48	120	59	73	41	112	32	183	133	46	129	127	33	94	91	115	37	43	60	161	32	38	151	83	13	214	163	83	74	275	6	55	110	45	120	206	82	189	202	20	41	95	43	109	155	110	34	98	41	228	90	19	322	139	130	104	19	203	81	105	93	16	159	118	111	12	36	28	48	34	192	39	200	59	84	149	165	33	143	85	8	27	190	12	207	166	194	50	95	16	21	69	144	66	24	83	120	136	18	160	151	156	383	40	101	47	48	19	35	20	181	174	301	64	45	132	162	83	68	67	52	111	9	130	206	21	133	242	44	156	30	51	153	36	95	88	255	104	81	117	11	75	114	191	53	271	43	102	86	71	45	113	273	88	172	70	40	44	91	26	7	11	247	22	47	53	290	141	246	85	35	78	166	152	124	115	116	117	255	344	33	61	304	195	18	41	54	124	203	296	32	34	133	75	57	100	71	23	78	20	204	203	106	73	38	19	68	214	51	78	143	24	129	261	123	5	165	125	50	98	20	302	280	19	41	20	132	139	110	261	91	120	33	133	61	43	392	129	87	20	116	291	108	67	21	43	123	46	50	12	61	115	67	60	165	202	84	98	19	211	83	60	77	71	79	97	75	44	55	21	122	106	135	129	106	48	122	107	65	112	91	89	73	130	12	230	177	81	227	64	136	54	311	42	97	99	53	120	119	86
15	0	0	0	0	0	0	0	0	0	0	0	0	0	0	0	0	0	0	0	0	0	0	0	0	0	0	0	0	0	0	0	0	0	0	0	0	0	0	0	42	4	0	0	0	0	50	0	0	0	0	0	0	0	0	0	0	0	0	0	0	0	0	0	0	0	0	0	0	0	0	0	0	0	0	0	0	0	0	0	0	0	0	0	0	0	0	0	0	0	0	0	0	0	0	0	0	0	0	0	0	0	0	0	0	0	0	0	0	0	14	0	0	0	0	1	0	0	101	0	0	0	0	0	0	20	151	1	0	0	0	15	49	0	1	0	0	0	0	0	0	0	0	0	31	3	0	0	0	0	9	0	25	0	0	0	0	0	0	0	0	0	0	0	0	0	0	0	0	0	0	0	0	0	0	0	0	0	0	0	0	5	0	0	0	0	4	0	0	0	0	0	0	0	0	0	2	0	0	0	0	0	0	111	0	0	0	53	48	58	156	95	0	84	0	0	0	0	78	0	46	1	0	13	0	0	47	308	46	0	7	8	27	4	10	0	0	0	2	12	37	105	9	0	0	0	0	0	14	4	0	47	5	0	0	56	53	68	12	0	0	0	1	0	0	0	0	200	106	0	0	113	0	6	84	0	16	0	25	0	13	0	10	0	0	12	5	0	0	0	36	91	56	142	0	4	68	10	35	0	0	113	67	157	11	112	61	55	5	121	43	73	94	87	161	49	18	105	67	128	92	15	35	40	92	12	48	22	14	7	39	233	49	82	91	91	22	30	25	25	63	188	69	162	26	86	53	34	76	169	82	38	47	166	46	44	81	0	17	6	51	137	32	122	348	165	6	98	11	154	182	61	54	172	9	33	223	96	123	57	105	9	136	7	18	26	234	59	119	52	195	3	104	168	62	80	83	79	116	136	237	90	219	156	26	39	108	29	41	69	91	91	17	110	58	117	148	125	101	143	45	106	81	72	93	154	7	105	93	98	131	142	47	89	201	14	33	50	82	74	139	45	143	60	249	27	116	100	69	57	11	217	48	223	103	47	83	129	59	141	149	218	103	17	100	13	80	12	127	172	37	161	47	152	67	104	99	9	9	39	79	79	244	121	289	188	215	154	192	114	193	159	71	185	324	50	25	47	63	52	88	122	189	142	181	251	119	18	84	23	97	154	106	153	97	53	45	15	163	105	96	204	26	94	162	110	34	33	176	33	82	60	64	132	47	195	126	165	120	13	64	81	97	22	103	109	58	37	70	121	16	309	142	57	96	40	19	84	166	92	141	133	49	36	47	47	11	111	52	97	41	65	74	107	99	242	195	20	121	167	111	159	223	337	21	133	92	228	155	191	114	23	13	284	31	82	94	152	19	93	16	104	109	62	178	62	117	60	38	73	28	87	188	79	3	49	303	51	49	117	109	182	45	13	13	19	73	200	25	81	61	59	221	222	4	56	219	153	99	63	249	66	121	14	66	70	13	32	134	41	119	136	89	82	79	64	14	38	206	87	21	41	111	35	50	21	36	73	71	75	60	137	68	37	70	166	48	107	97	232	48	75	89	139	32	147	193	182	31	77	116	68	186	153	82	185	149	258	133	18	100	83	34	49	83	44	67	41	95	41	106	86	229	21	114	53	48	258	63	4	80	154	62	175	94	79	158	103	90	36	25	138	301	127	125	30	136	49	121	43	20	64	127	47	97	19	264	178	39	67	117	65	99	121	128	50	71	57	94	47	47	48	121	106	12	282	33	37	38	97	241	27	106	166	35	51	28	442	35	52	68	76	159	52	64	92	161	91	32	66	88	54	192	39	48	46	181	199	134	27	107	147	48	21	67	58	96	211	98	141	43	116	29	72	97	127	170	107	30	55	51	123	168	121	30	292	47	21	18	109	132	27	112	37	175	39	85	166	67	12	75	78	23	227	16	51	89	26	167	149	117	89	54	201	135	30	314	43	150	54	86	51	139	193	99	31	80	41	45	62	55	194	134	70	76	140	82	38	121	48	53	105	88	101	234	92	135	89	48	24	172	37	5	120	205	106	47	175	43	24	231	11	51	268	51	96	88	95	3	112	95	114	76	124	158	71	223	39	117	237	306	75	75	66	34	125	8	249	46	47	145	202	53	101	155	96	33	121	32	121	86	27	52	119	20	9	49	178	47	21	111	47	32	41	28	46	62	528	196	174	7	76	208	90	20	107	327	23	41	288	58	136	123	118	190	64	158	12	141	112	128	196	38	169	128	76	18	261	30	200	103	107	202	54	184	93	98	81	126	72	248
16	0	0	0	0	0	21	0	0	0	0	0	0	0	0	0	0	0	0	0	0	0	0	0	0	0	0	0	0	0	0	0	0	0	0	0	0	0	0	0	0	0	0	0	0	0	0	0	0	0	0	0	0	0	0	0	0	0	0	0	0	0	0	0	0	0	0	0	0	41	0	0	0	0	0	0	0	0	0	0	0	0	0	0	0	0	0	0	0	0	0	0	0	0	0	1	0	0	0	0	0	0	0	2	0	0	0	0	0	0	0	0	0	0	0	30	0	2	0	0	0	74	0	0	0	0	0	3	0	0	0	0	0	0	0	0	0	0	0	0	87	45	0	0	0	0	114	0	0	0	0	0	0	0	0	0	0	0	0	0	0	0	0	0	0	0	44	0	0	0	0	0	0	0	0	0	0	0	33	0	0	0	0	0	22	0	32	0	0	19	0	0	61	50	0	0	0	0	0	0	28	0	0	6	42	0	33	50	65	61	136	49	0	0	0	0	264	0	0	60	50	1	1	0	46	0	2	120	41	29	0	47	134	0	7	6	1	0	30	64	8	129	54	12	0	0	0	150	69	0	18	43	141	8	0	93	114	24	27	0	8	0	0	0	0	62	0	169	250	0	7	0	6	226	0	3	110	0	0	111	0	31	7	0	1	13	3	8	7	0	151	174	11	44	2	51	74	10	0	0	2	78	20	282	149	236	161	143	229	76	101	32	156	165	156	115	117	294	11	69	71	47	174	145	131	129	26	42	120	54	64	13	67	180	49	142	154	90	77	116	38	8	153	292	60	56	99	15	95	80	74	46	22	58	35	154	46	6	75	141	31	56	29	126	52	80	52	138	131	72	102	166	146	141	318	255	301	96	102	136	132	147	25	109	136	128	137	147	47	50	60	55	29	53	45	111	44	100	48	56	39	176	252	91	18	111	81	247	45	212	145	79	125	142	43	98	275	55	122	109	5	53	31	71	47	24	125	132	201	41	354	257	40	19	100	106	98	113	85	27	192	33	124	71	43	101	65	96	177	75	31	55	54	12	70	94	59	54	86	26	64	24	45	60	33	229	5	110	115	48	127	19	63	60	98	115	146	78	79	92	117	65	30	44	82	83	24	43	105	119	198	106	21	18	138	130	47	114	193	74	50	54	40	93	66	137	71	52	169	13	172	69	33	34	109	48	93	127	62	107	31	81	135	77	193	10	42	52	91	108	83	44	78	94	108	124	105	31	68	58	81	95	112	53	160	71	61	52	82	119	191	189	255	124	30	79	81	25	72	23	458	125	45	107	170	32	64	36	106	244	80	160	185	70	108	156	123	143	134	56	114	57	76	18	11	161	66	255	10	313	105	77	5	23	70	69	72	70	28	155	20	42	23	232	50	116	129	186	41	123	75	99	46	75	123	143	59	93	66	30	24	74	198	99	34	29	145	0	61	46	48	157	217	158	203	15	121	71	123	84	19	39	74	103	69	33	227	25	111	103	95	155	131	186	98	192	64	76	18	94	8	9	41	14	78	38	66	102	24	121	105	162	59	54	72	33	28	84	115	322	57	131	69	134	158	153	80	172	25	80	37	77	86	166	53	57	21	198	225	16	33	123	13	107	169	78	57	243	100	11	231	243	155	71	192	29	66	60	29	113	152	44	162	87	55	41	186	185	67	31	41	21	3	40	182	49	16	20	46	241	157	90	49	67	128	24	33	170	12	166	46	98	96	38	44	49	130	69	23	132	149	144	101	233	60	147	51	162	73	124	240	147	85	95	87	50	99	54	83	262	113	125	59	74	68	309	9	125	176	176	303	146	107	224	54	87	273	73	192	27	39	167	73	101	139	24	89	208	161	46	70	65	63	35	102	114	78	40	31	94	85	179	99	45	95	95	53	15	87	100	109	50	280	203	110	95	74	138	114	25	39	16	38	80	57	316	26	109	200	29	39	189	114	53	160	66	221	43	74	32	87	120	156	154	363	225	168	333	14	193	120	99	55	70	29	114	31	93	128	101	47	50	70	10	101	44	83	37	70	255	172	50	145	76	145	171	89	44	73	44	157	69	18	120	66	44	81	64	95	13	45	120	97	150	159	142	201	84	103	73	62	63	55	71	67	115	62	185	103	9	255	83	78	131	4	68	51	166	48	253	28	131	11	79	200	89	86	10	43	18	78	44	23	41	126	196	102	32	24	144	134	155	112	189	42	137	187	100	42	45	16	44	109	82	102	13	256	198	91	64	12	197	100	194	55	60	195	29	11	36	165	95	69	61	16	131	132	149	213	92	62
17	0	0	0	0	0	0	0	0	0	0	0	0	0	0	0	0	0	0	0	0	0	0	0	0	0	0	0	0	0	84	0	0	0	0	0	0	0	0	0	0	0	3	0	0	0	0	0	0	0	0	0	0	0	0	0	0	0	0	0	0	0	0	0	0	0	0	0	0	0	0	0	0	0	0	0	0	0	0	0	0	0	0	0	0	0	0	0	57	0	0	0	0	0	0	0	0	0	0	0	0	0	0	0	0	2	0	0	0	0	0	0	24	0	0	0	0	0	0	0	0	0	0	0	0	0	0	35	0	0	0	0	0	0	0	0	0	0	0	35	0	172	0	0	14	0	0	16	0	0	0	0	0	0	0	0	0	0	0	0	0	0	1	0	0	3	0	0	0	0	0	11	0	2	0	0	0	0	13	0	0	0	0	0	0	85	0	0	0	22	0	0	0	67	0	0	0	0	0	0	0	213	95	3	0	0	0	0	139	41	139	91	0	38	0	0	0	0	73	31	0	55	39	13	0	11	21	47	3	0	0	3	7	0	137	14	0	0	0	64	0	2	0	0	0	0	0	11	1	40	0	76	29	64	0	0	38	16	0	74	2	40	0	0	0	0	0	1	89	0	54	18	0	91	10	0	454	15	0	42	0	65	12	1	0	77	10	0	0	123	12	90	2	0	19	75	13	5	0	0	3	228	75	298	170	8	77	177	30	90	6	138	10	68	2	96	59	92	69	36	107	166	56	261	100	128	102	114	62	163	209	17	39	47	87	74	94	86	11	72	106	282	117	126	187	18	119	264	95	38	23	6	131	130	315	84	73	117	168	73	113	90	196	153	90	149	33	19	50	62	123	178	147	38	72	100	100	68	198	16	120	79	111	89	103	290	222	21	105	19	12	21	154	118	60	156	82	32	104	63	251	98	48	26	64	141	45	145	34	39	104	185	100	129	21	79	62	92	56	69	25	139	54	219	43	108	103	25	112	53	91	44	71	122	163	58	35	240	75	53	32	185	42	80	154	121	64	26	136	132	158	39	14	22	77	15	69	180	3	105	30	337	258	41	104	11	233	22	26	136	24	137	37	152	82	208	75	123	185	118	77	284	61	23	79	8	219	248	162	118	71	69	224	13	57	182	192	21	119	92	100	79	126	12	125	173	116	31	114	37	194	21	48	149	19	18	255	24	76	31	65	188	50	31	92	30	145	261	186	49	39	74	57	160	55	161	261	22	242	92	85	197	73	4	124	87	78	31	123	126	108	110	41	85	111	181	46	76	233	112	151	111	19	179	33	88	101	227	65	63	79	128	145	114	107	40	21	47	86	17	77	113	39	57	18	40	158	149	2	48	45	45	154	140	73	383	73	225	40	105	76	162	375	154	20	115	144	56	4	98	8	211	15	23	56	35	33	161	22	77	20	160	70	38	73	83	136	15	242	157	123	56	64	20	82	233	239	75	69	80	53	46	44	39	53	191	55	118	39	261	110	119	87	65	8	26	298	131	403	115	164	112	124	132	196	26	81	20	174	143	110	92	162	48	22	8	78	116	40	263	55	21	23	44	120	114	216	52	50	71	33	33	24	101	61	86	211	53	73	221	64	83	31	20	143	66	46	85	108	151	45	24	107	333	55	90	61	26	81	250	75	16	127	78	51	55	142	70	132	96	42	59	28	43	64	116	72	69	76	110	40	21	78	41	171	102	102	89	121	120	189	65	29	116	200	91	147	102	175	37	232	106	95	38	44	348	40	89	76	26	74	44	117	70	22	74	91	183	105	111	125	84	107	52	9	24	49	23	18	48	57	5	32	40	70	275	7	20	29	10	101	329	91	207	71	163	166	61	73	122	43	34	164	11	45	74	31	5	161	136	153	176	28	122	84	121	79	224	233	22	157	111	13	55	63	80	93	87	58	56	50	62	110	5	139	146	54	14	118	32	163	23	72	60	89	80	43	108	164	190	171	283	66	93	14	77	73	22	6	110	84	18	108	59	102	181	233	171	91	220	137	178	109	52	20	39	89	244	218	59	70	26	94	47	17	154	79	42	60	107	283	212	104	86	43	54	46	188	20	54	98	74	39	6	36	44	76	94	126	296	61	27	153	80	40	63	134	118	158	48	164	107	109	62	68	49	61	131	106	26	94	34	120	10	181	27	65	20	148	24	58	110	149	105	214	116	244	82	35	22	28	24	227	75	107	97	39	120	28	201	133	103	59	42	121	15	248	63	117	81	128	74	66	85	52	129	223	97	28	74	159	36	12	57	56	218	46	63	67	41	211
18	0	0	0	0	0	0	0	0	0	0	0	0	0	0	0	0	0	0	0	0	0	0	0	0	0	0	0	0	0	0	0	0	0	0	0	0	0	0	0	0	0	0	0	0	0	0	0	0	0	0	0	0	0	6	0	0	0	0	0	0	0	0	0	0	0	0	0	0	0	0	0	0	0	0	0	0	0	0	0	0	0	0	0	0	0	0	0	0	0	88	0	0	0	0	0	0	0	0	0	0	0	0	154	0	0	0	0	0	9	0	0	0	0	0	7	0	0	0	0	0	0	0	6	0	55	0	0	0	0	0	0	18	0	0	0	0	0	0	1	0	0	0	0	0	0	0	0	0	0	0	0	71	0	33	0	10	0	0	0	0	0	12	0	0	0	0	0	0	0	0	0	0	0	0	0	0	0	0	0	0	0	0	0	0	0	0	0	0	0	0	0	0	0	0	0	0	0	0	0	0	5	0	25	101	0	0	0	6	1	117	0	0	0	0	5	1	0	0	53	22	0	248	0	116	0	52	10	102	0	0	8	17	71	38	0	9	0	72	19	0	0	0	0	0	13	0	81	0	60	0	11	103	22	0	6	6	70	0	15	66	0	2	0	31	51	0	48	67	140	29	0	0	122	2	1	30	1	0	4	0	0	36	0	1	26	0	14	0	37	110	96	20	54	18	28	81	25	0	0	0	117	195	57	70	144	87	176	110	50	54	144	97	9	140	127	25	103	223	144	58	56	157	73	1	10	13	167	98	117	150	111	55	80	76	49	61	122	21	50	75	118	130	84	50	58	97	65	29	29	15	66	13	14	143	34	61	81	36	279	226	97	203	298	17	102	36	74	52	63	40	49	74	103	206	49	192	22	73	72	53	251	73	80	204	119	88	89	86	29	115	0	42	171	155	134	31	10	153	60	102	112	255	62	14	20	80	139	50	28	102	107	87	43	39	37	251	111	116	94	35	21	72	192	152	114	80	18	51	22	26	85	24	113	41	105	81	68	80	155	250	0	25	207	76	136	257	50	77	49	191	184	77	149	42	101	104	25	103	149	65	49	359	103	91	161	43	95	74	177	73	47	23	55	122	218	67	29	107	92	257	92	58	70	21	54	63	80	327	73	71	77	48	117	92	204	220	32	17	199	49	12	122	90	46	131	212	250	56	71	79	172	270	55	79	313	95	76	4	82	111	143	302	143	32	39	82	83	7	115	141	120	209	205	58	47	112	12	67	30	37	45	216	76	216	165	109	392	220	58	47	54	171	151	5	25	71	152	106	224	118	87	67	52	36	42	75	120	180	112	105	238	24	183	58	150	116	51	66	326	259	61	97	45	110	152	94	61	93	194	123	58	140	83	88	10	30	66	128	60	66	155	6	42	294	132	63	44	9	29	78	163	135	29	162	94	109	94	125	138	81	84	18	7	58	54	56	306	42	360	190	26	51	114	65	170	305	47	127	170	102	45	113	71	156	100	43	110	64	21	44	180	110	49	62	78	56	22	52	80	93	19	30	173	69	56	88	23	76	14	58	54	85	80	49	173	131	155	86	182	121	128	30	22	153	145	3	115	116	94	30	63	108	15	23	26	53	41	278	129	143	83	78	193	78	37	46	153	246	22	14	17	139	61	34	45	133	75	105	126	12	143	12	47	32	85	66	197	28	91	184	165	172	81	77	91	27	47	13	76	267	44	118	8	42	167	64	49	97	297	91	94	97	103	40	16	391	47	15	38	74	98	66	128	244	89	35	32	88	192	26	153	158	47	248	114	143	207	73	25	28	311	148	121	120	72	72	17	147	26	222	144	53	15	6	99	86	70	126	131	22	84	25	132	76	166	29	256	82	195	44	78	12	120	31	72	95	66	190	123	52	103	167	76	96	336	74	14	109	72	31	28	306	9	167	51	161	68	200	90	109	60	62	225	7	31	102	78	152	53	257	254	39	203	125	91	73	109	78	24	133	31	143	78	61	49	177	74	37	115	168	17	57	20	102	167	48	234	11	127	47	50	83	148	77	106	285	215	67	188	41	126	53	163	102	55	121	30	99	91	55	253	282	156	189	34	110	17	107	64	275	169	244	59	147	34	57	26	82	47	38	39	117	25	18	18	568	117	144	76	85	141	394	168	56	96	117	115	48	62	37	15	225	129	37	116	81	20	52	46	68	42	80	230	118	14	28	301	13	97	37	71	49	69	61	218	212	163	104	28	60	46	17	104	205	22	80	64	110	104	51	157	102	100	122	142	277	26	221	20	118	220	41	58	203	108	23	144	86	38	138
19	0	0	0	0	0	0	0	0	0	0	9	0	0	0	0	0	0	0	0	16	0	0	0	0	0	0	0	0	0	0	0	35	0	0	0	0	0	0	36	0	0	0	0	16	0	0	0	0	0	0	0	0	0	0	0	0	0	0	0	0	0	0	0	0	0	0	0	0	0	0	0	0	0	0	0	0	0	0	0	0	0	0	0	0	0	0	0	0	0	0	0	0	0	0	0	0	0	0	0	0	0	64	0	0	0	0	16	0	0	10	0	0	0	0	0	0	0	0	10	0	0	0	0	0	0	0	0	0	0	0	7	7	0	0	0	28	0	0	0	0	0	0	9	80	0	0	0	0	0	0	20	0	0	0	2	0	0	0	0	3	0	0	0	0	0	27	47	0	0	0	52	0	44	0	0	0	0	0	16	0	0	0	6	54	0	136	65	0	0	0	0	85	0	0	0	0	0	0	0	0	127	0	0	0	0	12	63	71	51	49	6	14	14	0	4	0	37	147	27	0	133	47	88	86	0	26	67	78	0	0	28	23	0	0	0	0	0	6	3	11	96	0	0	40	0	0	35	58	1	0	119	185	140	0	21	84	23	27	0	78	0	6	13	2	31	0	34	29	0	52	0	0	15	0	0	40	0	0	39	0	11	82	45	13	0	2	37	1	39	78	31	0	156	1	24	0	97	3	11	0	320	92	119	100	279	187	94	33	52	61	126	28	191	236	114	21	112	25	90	90	44	88	50	143	214	114	61	39	27	72	94	41	94	173	58	45	142	6	60	58	56	155	2	180	263	28	177	22	38	56	130	66	345	9	14	207	26	67	191	213	21	115	47	79	33	24	215	127	84	86	172	18	16	16	44	111	126	62	29	15	73	89	264	74	1	124	49	162	69	29	133	21	41	8	103	12	110	77	60	80	102	88	125	52	88	61	36	13	188	7	125	107	147	58	188	14	149	98	231	43	22	115	73	113	110	117	34	88	99	59	80	42	27	142	28	119	186	13	47	101	124	256	188	169	115	72	89	161	2	138	12	88	13	139	96	33	39	41	72	86	54	178	155	60	97	53	104	62	150	44	118	55	97	101	54	75	231	326	68	143	71	120	134	4	17	18	141	51	62	103	50	134	112	190	15	38	42	57	131	95	37	138	29	148	63	29	22	12	45	97	29	134	191	55	182	240	109	144	114	38	22	97	9	99	40	20	191	48	25	80	192	35	54	188	46	152	234	145	164	191	104	138	62	93	446	196	149	193	217	41	71	34	171	159	10	42	139	51	151	27	221	84	65	118	59	62	12	181	16	144	92	39	76	225	48	215	25	38	407	15	17	48	95	78	101	111	43	194	89	95	49	16	83	106	58	76	72	145	250	129	69	260	289	31	104	61	102	28	43	126	154	207	88	94	23	127	9	127	83	40	43	48	145	50	10	198	86	92	87	62	128	20	28	139	49	97	207	143	257	111	73	25	52	31	47	31	251	289	85	55	114	172	55	49	24	53	41	217	69	45	288	32	65	93	58	45	110	92	106	93	4	140	162	142	62	80	10	73	164	103	121	25	80	53	102	218	208	53	69	117	138	29	9	124	83	133	144	222	227	13	108	19	55	60	98	50	125	135	13	84	136	81	13	169	65	180	61	32	93	8	96	108	110	56	69	136	3	226	84	92	58	57	84	49	86	128	234	26	87	40	60	59	100	181	57	195	81	109	112	236	131	51	74	164	41	224	351	24	51	87	34	154	153	125	317	261	26	80	109	191	30	48	70	6	117	52	70	41	43	158	187	134	269	18	240	118	179	219	96	129	78	68	102	180	238	218	110	63	47	249	36	192	161	123	104	224	162	161	150	191	224	158	54	207	60	2	36	30	64	128	199	10	99	104	17	51	253	250	31	29	77	6	33	48	9	45	139	28	31	87	37	53	151	89	50	144	102	98	102	32	28	74	45	81	108	83	15	36	49	94	59	16	42	28	83	177	98	124	179	287	221	88	54	164	23	185	45	65	83	79	60	88	316	108	54	55	7	67	55	0	49	33	78	74	127	29	95	316	113	92	20	66	207	16	40	162	30	114	126	37	74	96	44	65	84	49	17	21	65	78	119	389	258	39	74	45	81	282	133	58	11	11	145	132	315	172	45	127	96	246	91	31	262	206	143	66	145	76	154	84	56	96	48	255	45	51	184	121	73	54	40	64	78	171	62	59	53	90	132	57	135	254	173	44	157	8	252	79	52	284	82	198	71	60	50	103	173	37	202	29	194	54	94	105	107	25	23	223	68	155
20	0	0	0	0	0	0	0	0	0	0	0	0	0	0	0	0	0	0	0	0	0	0	0	0	0	0	0	0	0	0	0	0	0	0	0	0	0	5	0	0	0	0	22	0	0	0	0	0	0	0	0	0	0	0	0	0	0	0	0	0	0	0	0	0	0	0	0	0	0	0	0	0	0	0	0	0	0	0	0	0	0	0	0	0	0	0	0	0	0	0	0	0	0	0	0	0	0	0	0	0	0	0	0	0	0	5	0	27	0	0	0	0	58	0	39	0	0	24	0	0	0	0	0	103	4	0	0	0	0	0	0	0	0	8	0	0	0	3	0	41	0	23	0	46	5	24	0	0	0	0	9	0	0	0	2	0	0	0	97	0	23	0	0	0	0	0	0	0	0	0	2	8	24	0	1	17	0	0	0	0	0	13	0	13	0	0	0	0	0	1	5	0	99	4	0	0	0	0	107	72	41	0	44	6	0	0	31	133	8	55	109	0	78	0	42	0	0	310	8	24	0	160	1	23	51	113	2	54	0	35	66	25	6	60	0	0	0	12	1	5	37	7	0	0	0	32	52	7	80	14	25	84	0	0	93	143	95	0	0	172	204	0	17	62	0	0	108	121	0	0	0	61	158	129	109	41	0	0	16	0	37	37	8	8	27	0	52	0	102	15	2	20	8	22	43	60	43	0	0	5	154	133	80	199	80	15	12	95	42	58	227	25	103	273	134	12	235	47	112	1	41	35	99	87	61	55	54	20	63	30	28	83	71	83	57	32	110	230	113	79	81	8	66	120	42	35	32	107	69	1	27	92	50	202	218	38	39	95	67	167	129	144	145	20	24	76	142	176	27	56	166	33	231	35	114	65	110	179	70	14	126	93	109	45	101	223	115	129	75	190	98	61	34	54	123	20	54	428	62	142	235	169	62	11	78	87	257	128	64	153	103	85	49	35	19	83	87	287	49	24	37	67	326	65	52	93	39	216	47	14	200	311	76	103	171	122	77	229	173	71	136	10	91	52	2	16	113	50	43	185	248	209	84	63	130	209	61	236	189	187	158	281	153	78	26	57	253	33	116	148	245	29	128	193	68	116	4	86	45	211	17	205	77	54	113	52	123	245	28	15	38	161	227	127	151	131	31	64	47	15	105	33	121	70	79	14	89	115	213	82	169	101	197	45	37	103	50	100	28	88	40	48	161	344	70	32	2	63	161	112	168	130	170	147	227	58	96	68	84	66	218	114	93	160	38	38	44	25	12	58	78	51	35	54	102	65	22	49	130	104	33	98	250	72	96	138	43	145	52	44	29	100	162	109	90	158	178	68	140	88	105	103	46	31	64	14	66	153	58	9	12	235	162	82	96	208	46	95	25	212	103	12	8	35	101	22	76	68	53	111	169	146	96	9	39	218	106	59	14	125	116	62	126	96	17	253	121	51	88	71	179	181	88	51	51	85	129	131	49	63	13	91	87	77	58	53	110	226	218	51	209	131	58	406	250	128	151	236	80	23	147	59	159	17	89	55	58	38	99	26	149	42	276	125	100	31	83	106	76	38	22	180	12	83	80	93	106	84	153	239	28	72	126	69	68	150	68	221	99	204	108	134	93	25	43	237	56	207	84	96	308	69	212	146	98	195	63	60	17	168	22	163	80	219	62	400	71	80	213	213	99	143	5	71	76	77	182	78	124	43	117	180	65	118	106	158	332	31	63	115	99	33	189	188	52	175	263	145	155	48	118	89	213	82	55	85	418	116	132	143	125	191	51	234	94	101	41	52	48	176	30	49	231	137	75	37	94	107	138	61	105	62	159	80	28	113	33	39	90	239	50	90	49	45	85	119	102	114	62	109	111	69	121	66	69	84	156	346	64	17	84	81	42	336	6	67	20	6	64	22	15	83	98	24	286	188	70	110	103	36	44	43	21	91	328	98	23	211	100	54	58	212	15	138	53	150	88	83	28	135	117	34	50	48	66	45	93	16	36	51	221	67	105	23	95	174	30	30	75	50	16	15	97	93	33	4	3	31	85	21	122	19	275	53	86	69	103	99	241	76	32	99	132	50	238	89	33	54	135	186	99	93	12	137	48	202	96	20	71	36	28	78	88	15	92	119	97	142	103	19	93	49	38	25	41	23	40	55	86	16	38	193	140	75	109	190	52	56	99	151	95	66	16	44	21	46	15	41	50	96	282	199	106	132	73	52	106	249	252	147	24	58	108	110	227	22	221	154	110	53	126	55	25	40	160	173	44	59	159	54	15	83	38	268	115	19	362	77	153	48
21	0	0	0	0	0	0	0	0	0	0	0	0	0	0	0	0	0	0	0	0	0	0	0	0	0	0	0	0	0	0	0	153	0	0	0	0	0	0	0	0	0	0	0	0	0	0	0	0	0	0	0	0	0	0	0	0	0	0	0	0	0	0	0	0	0	0	0	0	0	0	0	0	0	0	0	0	0	0	0	0	0	0	0	0	0	0	0	0	0	0	0	0	0	0	0	0	0	0	0	0	0	0	0	0	0	0	0	0	0	48	0	6	0	0	0	0	0	0	0	5	0	43	0	0	18	0	0	0	0	0	0	0	0	0	10	0	69	0	0	0	18	0	0	0	0	49	30	0	0	0	2	0	0	0	0	0	0	0	0	0	0	8	0	0	0	0	0	1	0	11	4	0	0	0	0	0	0	0	0	0	0	0	0	0	0	0	7	0	0	0	0	2	0	0	12	0	0	0	0	16	4	13	0	23	0	43	68	23	33	66	29	0	0	0	0	3	0	102	234	31	0	0	0	0	0	14	78	129	3	0	71	15	0	32	0	13	0	0	126	21	0	0	5	0	0	0	41	0	35	0	40	43	77	12	66	72	87	0	0	32	0	0	0	6	31	0	4	17	0	18	45	0	14	0	182	40	0	6	1	1	1	52	0	0	4	0	17	0	17	40	0	137	23	3	1	143	0	4	0	37	25	138	63	9	45	73	37	61	65	78	24	152	203	22	75	4	26	123	166	8	9	7	65	36	6	81	85	69	134	25	47	138	52	159	129	13	119	46	67	105	28	69	75	126	43	15	36	81	81	53	78	0	142	113	142	145	183	170	173	18	87	81	115	72	81	5	78	43	74	42	52	21	196	122	60	52	151	183	99	75	121	5	272	177	119	108	153	88	25	148	11	58	43	93	25	101	4	26	139	62	57	45	96	74	106	67	107	105	256	24	48	198	163	45	135	52	16	176	65	102	73	94	23	150	128	72	114	356	69	88	162	115	64	85	6	177	27	189	165	124	59	29	64	185	47	50	69	83	130	34	68	45	110	222	217	81	304	36	237	23	93	69	142	80	52	168	57	77	186	220	90	147	63	51	91	91	326	39	146	35	117	249	55	191	151	74	30	31	170	19	92	165	85	15	93	199	18	83	7	148	148	75	98	53	17	35	201	203	50	235	123	14	7	86	136	179	21	50	70	61	108	186	114	133	253	57	186	9	19	105	49	83	77	26	99	65	79	200	122	41	63	41	55	134	107	171	34	134	197	28	142	65	67	97	79	138	162	31	60	51	35	60	111	138	125	3	53	127	97	28	92	12	108	105	55	45	45	49	177	298	151	222	267	168	95	198	106	233	27	80	105	78	94	87	12	66	16	98	73	74	102	89	65	31	158	28	61	24	45	81	61	126	288	138	94	193	23	144	13	164	49	68	117	174	45	46	49	67	110	140	73	179	24	110	153	126	49	127	48	23	97	91	62	78	87	42	137	207	26	66	32	66	142	178	132	69	118	73	20	173	130	21	83	340	141	103	28	78	227	30	79	135	87	76	149	204	58	48	117	16	50	100	47	100	34	90	69	50	174	409	104	94	70	85	85	160	55	224	22	178	81	114	197	152	115	132	240	25	62	83	108	47	133	191	224	91	20	155	62	21	32	23	100	40	66	193	159	164	50	71	182	104	100	78	74	130	149	66	196	101	99	229	291	67	67	274	101	46	52	78	52	170	126	124	20	37	76	49	257	185	79	168	121	81	141	33	74	31	183	88	68	115	142	49	95	122	59	57	6	120	354	24	162	44	133	151	86	128	160	129	56	319	322	92	11	112	79	189	78	172	158	118	30	57	64	18	66	13	152	125	53	91	122	44	20	72	293	44	161	67	22	75	31	56	165	61	69	252	101	147	13	97	241	170	215	142	163	51	30	169	60	225	127	17	265	46	21	102	43	53	64	238	304	167	105	47	99	24	68	116	26	93	9	196	47	73	46	45	87	13	49	125	62	47	30	270	41	265	232	61	20	126	121	55	49	53	16	234	172	138	118	100	199	75	128	46	79	124	232	52	67	79	310	7	73	84	50	117	58	174	70	129	22	4	47	36	63	157	213	213	40	75	52	85	106	124	243	128	152	24	141	54	245	18	26	78	4	44	27	32	75	20	68	22	206	26	169	80	135	84	120	171	71	116	269	301	33	16	28	63	148	86	42	15	23	46	226	43	82	166	29	47	55	242	195	68	180	103	7	66	144	89	58	135	135	67	24	17	100	63	102	114	52	64	102	195	2	122	11	115
22	0	0	0	0	0	0	0	0	0	0	0	0	0	0	0	0	0	0	0	0	0	0	0	0	0	0	0	0	0	0	0	0	0	0	0	0	0	0	0	0	0	0	0	0	0	0	0	0	0	31	0	0	0	0	0	0	0	0	0	53	0	0	0	0	0	0	0	0	0	0	0	0	0	0	0	0	0	0	0	0	0	46	0	0	0	0	0	0	0	353	0	0	0	0	0	0	0	0	0	0	4	0	0	0	0	0	0	120	0	0	0	0	0	0	20	0	0	2	0	0	0	0	0	0	74	0	0	0	0	0	0	0	0	63	0	0	0	0	0	0	0	0	54	6	0	2	0	13	0	0	6	0	0	0	0	0	0	0	1	0	0	0	0	0	6	0	0	0	42	0	26	0	0	193	0	28	0	13	0	0	0	31	0	0	0	15	0	0	0	0	0	0	0	0	0	0	0	0	0	21	0	0	41	0	16	114	36	43	0	214	61	29	16	0	0	5	4	126	35	45	24	349	7	0	108	7	14	5	0	0	0	0	0	51	2	0	0	96	76	0	10	23	0	53	6	0	66	33	82	0	105	5	0	0	25	0	63	43	6	36	0	0	43	14	131	0	100	56	0	111	0	0	27	0	27	102	26	5	0	0	48	29	0	0	130	13	13	7	0	102	127	0	9	8	141	6	26	0	6	0	85	56	116	98	4	72	42	65	67	113	337	67	273	13	205	131	105	65	120	139	119	58	125	85	132	97	118	137	57	46	115	130	60	163	83	48	154	115	167	31	43	144	86	47	136	121	149	4	57	25	61	71	61	137	56	140	19	139	203	43	89	144	40	32	74	28	47	19	71	97	26	118	143	59	61	39	159	176	43	52	33	111	21	48	45	261	172	64	128	112	0	85	118	96	91	69	116	52	207	78	99	34	68	63	119	57	132	147	93	49	55	18	45	56	79	122	176	200	67	150	130	81	65	41	17	1	226	99	102	44	33	179	52	107	67	100	75	5	91	85	208	53	83	12	97	127	150	99	64	60	113	49	112	10	174	156	32	49	21	34	153	93	195	83	68	47	72	73	298	189	45	26	31	120	190	71	71	44	53	180	30	95	169	129	122	19	73	175	152	94	88	150	62	104	140	112	40	85	43	6	81	53	41	22	34	76	104	39	79	144	104	49	91	142	100	114	134	4	67	168	15	89	141	102	131	155	246	250	51	18	112	31	60	124	49	203	129	108	47	70	68	114	4	136	149	51	130	52	80	43	21	95	180	24	142	77	150	186	128	32	237	27	146	21	111	177	110	76	70	26	31	146	169	41	98	5	50	180	133	74	110	121	53	180	128	149	121	19	244	71	93	62	175	61	127	13	124	88	271	119	109	20	94	76	177	22	50	139	56	80	106	93	78	80	12	50	177	136	132	50	207	121	139	33	188	13	14	87	57	303	186	34	73	205	26	154	197	31	110	66	65	128	98	114	9	74	102	203	125	119	33	169	217	111	315	37	65	113	146	84	9	50	2	100	88	79	143	43	126	168	114	161	18	174	48	44	175	30	206	48	45	76	23	152	78	39	36	21	192	75	57	138	99	271	94	87	35	110	227	195	49	19	104	140	40	163	126	197	110	182	181	154	16	149	198	77	66	119	123	44	229	199	54	147	371	10	42	63	44	126	144	121	144	7	264	312	40	72	29	23	153	86	101	111	164	38	132	139	20	16	34	66	292	88	39	13	45	75	186	62	78	11	69	36	147	67	177	101	126	131	35	137	78	30	103	160	43	24	110	156	158	58	63	130	123	148	121	86	83	20	56	12	80	139	115	69	45	30	192	120	82	53	50	113	191	43	120	253	24	45	92	9	52	101	60	28	173	90	26	16	118	77	44	49	91	86	170	169	140	120	21	315	115	183	33	172	90	30	66	61	64	65	106	300	65	63	58	139	58	48	119	199	95	45	171	158	159	25	51	70	178	358	116	79	47	121	165	201	180	105	63	304	60	23	205	216	56	97	122	64	21	213	161	94	125	74	120	106	76	10	187	210	110	150	79	81	40	104	39	237	56	45	54	78	22	24	149	77	30	40	106	25	21	182	106	271	64	24	17	109	47	22	29	21	234	130	188	59	44	80	132	111	15	179	90	24	81	15	3	143	84	90	109	206	5	18	76	87	76	55	357	228	67	129	105	79	95	102	65	144	142	45	240	33	90	198	95	119	15	346	143	38	82	138	173	81	103	225	329	44	16	52	135	15	36	23	89	25	276	71	165	156	8	38	51	35	12	63	43	108
23	0	0	0	0	0	0	0	0	0	0	0	0	0	0	0	0	0	0	0	0	0	0	0	0	0	0	0	0	0	0	0	0	0	0	0	0	0	9	0	0	0	0	0	0	0	0	0	0	0	0	0	0	0	0	0	55	0	0	0	0	0	0	0	0	0	0	0	0	0	0	0	0	0	0	0	0	0	0	0	0	0	0	0	0	0	0	0	67	0	0	0	0	0	0	0	0	10	0	0	0	0	0	0	0	0	0	0	0	0	0	0	0	0	93	12	0	0	0	0	0	23	0	1	0	0	0	0	0	0	17	0	0	0	0	0	0	0	0	0	0	0	0	0	8	0	9	54	0	0	0	0	0	0	0	0	0	0	0	41	0	0	17	0	0	0	5	26	66	0	0	0	3	0	0	67	7	0	99	0	0	0	0	66	0	0	0	0	0	0	0	0	0	0	0	0	0	0	0	0	0	27	0	142	0	0	0	4	30	97	53	0	0	0	0	16	105	0	46	0	45	59	28	3	0	0	86	115	29	0	0	10	12	12	18	0	2	0	14	59	9	133	0	0	0	20	0	87	88	16	0	282	0	70	3	1	115	43	4	63	11	0	2	59	27	17	0	113	46	0	147	0	7	5	0	20	72	0	0	31	45	4	9	19	0	121	0	82	0	8	44	44	4	12	21	43	15	70	0	12	0	12	6	188	26	169	30	88	96	12	76	47	129	90	203	74	0	384	107	147	53	31	21	69	53	88	16	53	256	9	55	21	65	74	131	91	99	48	1	55	142	66	100	29	100	223	38	34	142	88	44	30	0	144	108	53	31	98	155	162	131	34	44	367	6	98	1	68	96	95	68	3	103	25	102	19	144	80	114	139	90	36	242	44	150	159	18	55	90	138	40	80	51	71	46	191	43	76	106	37	59	137	219	130	100	41	102	88	86	49	364	243	125	38	44	14	75	201	92	164	173	202	90	167	159	71	13	159	140	47	82	120	62	139	32	77	54	175	281	87	14	122	34	65	40	92	58	117	182	114	17	110	21	124	120	106	110	99	67	9	129	118	65	25	50	101	57	156	67	100	107	250	105	125	66	136	105	46	104	232	137	112	189	278	158	113	8	65	58	110	66	180	124	45	90	55	153	49	148	235	214	98	88	139	119	124	30	171	37	106	83	51	103	74	84	49	164	44	143	342	52	296	114	12	27	111	165	28	115	232	151	64	150	31	171	111	198	82	329	50	100	286	86	114	337	35	76	167	113	160	54	159	107	99	26	104	165	32	117	62	59	56	54	115	25	67	47	30	17	101	67	18	84	159	47	111	27	23	68	48	54	160	54	34	9	72	124	65	155	88	367	57	19	55	30	147	164	50	46	86	38	254	47	98	73	240	183	47	103	22	322	74	32	174	154	107	35	40	50	48	130	23	104	193	50	37	21	5	113	9	242	71	259	116	122	112	209	104	91	43	113	60	78	256	118	53	50	257	73	154	50	240	18	128	148	170	51	186	74	59	74	89	181	230	58	115	24	58	48	26	49	154	170	16	153	415	140	56	115	92	50	13	147	87	125	78	120	126	24	62	90	90	66	136	52	125	186	83	101	67	340	141	60	127	9	130	161	268	28	75	124	24	123	142	27	22	23	53	60	47	118	75	36	25	350	140	29	111	156	108	99	257	203	109	181	121	20	168	108	32	37	64	10	34	165	131	30	145	102	101	193	45	65	35	25	7	41	196	16	152	80	89	43	93	213	100	46	132	40	50	82	116	184	325	55	63	37	124	25	175	96	87	57	40	125	146	154	20	55	101	191	84	21	44	173	122	79	25	19	332	262	36	5	247	40	23	145	23	128	251	68	91	322	95	267	33	29	148	52	177	191	203	114	39	84	14	128	42	72	328	20	30	93	36	18	227	77	213	128	34	31	134	147	148	65	164	15	195	113	180	18	363	10	108	39	250	142	5	127	119	49	141	58	39	65	51	180	81	74	65	24	95	83	84	110	50	214	97	75	62	166	196	32	187	113	401	100	176	203	125	72	53	50	75	151	55	47	40	139	253	69	34	13	75	161	114	240	128	117	44	46	14	124	62	43	14	139	133	77	159	87	105	100	57	154	58	251	93	46	45	35	89	33	236	24	136	83	111	82	77	69	297	177	114	251	10	72	152	74	175	40	42	136	77	171	19	98	102	155	290	217	190	53	88	99	53	28	353	195	80	95	188	72	173	127	31	31	110	261	71	121	65	41	57	13	99	44	48	240	117	53	462	101	78	53	81	61	121	136	162	43
24	0	0	0	0	0	0	0	0	0	0	0	0	0	0	0	0	0	0	0	0	0	0	0	0	0	0	0	0	0	0	0	0	0	0	0	0	0	0	0	0	0	0	0	0	0	0	0	0	0	0	0	0	0	0	0	0	0	14	0	0	0	0	0	0	0	0	0	0	0	0	0	0	0	0	0	0	0	0	0	0	0	0	0	0	0	0	0	0	0	0	0	0	0	67	0	0	0	0	0	0	0	0	0	0	0	0	0	0	0	29	0	8	0	3	2	0	0	15	0	0	0	15	0	0	20	0	0	43	0	0	0	0	0	70	0	0	11	14	0	0	0	0	0	0	0	0	0	0	0	0	0	0	0	0	0	0	9	0	0	14	0	0	0	0	0	0	0	0	0	0	0	0	32	0	0	0	30	0	0	0	0	0	0	0	19	5	11	0	17	0	0	3	0	33	0	0	0	0	0	0	0	0	72	0	0	10	50	33	47	8	37	0	0	0	0	2	0	134	38	12	2	48	0	311	13	16	47	48	4	0	61	1	1	234	94	0	0	23	0	22	49	0	0	19	0	0	23	18	135	89	18	33	44	3	38	68	90	55	0	34	0	0	0	120	13	0	79	184	7	39	75	0	137	0	14	105	128	0	32	0	0	40	0	0	108	5	6	0	0	79	22	105	93	0	0	34	0	0	0	0	115	178	29	58	160	148	89	38	123	184	155	184	44	7	101	1	18	170	98	73	25	101	71	70	13	112	38	90	116	140	34	40	236	54	85	189	51	13	74	14	122	55	78	49	103	63	64	85	34	268	67	140	52	113	68	4	73	99	172	10	93	69	38	103	59	28	64	19	13	88	79	45	149	267	121	74	53	278	108	13	79	68	46	157	43	177	450	9	125	86	30	74	186	38	54	202	63	69	142	97	45	177	37	149	34	44	27	42	67	157	72	34	63	27	46	68	78	89	32	67	25	135	255	35	102	8	70	239	55	46	83	61	51	121	183	44	183	103	171	18	118	42	3	13	202	201	55	275	94	103	50	202	172	68	79	24	129	190	146	34	126	37	29	113	178	57	95	74	71	251	31	58	71	83	129	173	138	272	78	63	49	41	328	201	19	43	122	99	37	46	195	21	69	75	183	26	102	83	113	103	64	103	195	47	154	97	47	94	105	205	6	47	32	220	61	55	139	79	102	40	119	261	33	171	184	37	42	149	6	87	156	235	185	197	102	74	26	126	80	67	114	25	220	49	290	62	54	43	89	101	117	143	44	141	96	55	88	79	48	134	287	95	69	190	76	123	108	97	190	21	192	74	117	112	106	68	48	29	224	140	119	200	36	56	133	107	187	57	36	63	114	217	29	42	85	48	55	82	254	71	101	84	238	41	200	232	85	25	158	123	54	5	77	226	42	85	11	172	36	43	26	71	72	74	48	21	182	55	33	267	218	93	167	126	62	1	45	175	32	198	95	146	61	93	85	99	110	49	260	134	181	104	183	20	1	122	26	27	85	136	80	127	128	33	24	46	132	70	56	37	93	106	46	58	108	48	77	181	4	82	92	29	82	192	185	9	37	169	243	95	47	38	6	199	35	154	102	93	113	134	58	251	43	124	119	66	80	113	63	101	92	67	80	18	68	92	154	11	133	131	217	67	70	157	179	23	68	175	77	30	21	91	162	158	64	42	45	47	65	101	101	60	8	69	196	36	56	57	90	38	112	16	88	20	64	55	28	78	22	79	3	32	156	102	5	39	83	103	174	66	25	39	69	413	81	122	91	233	31	52	94	19	136	42	67	101	155	145	11	183	68	263	25	42	23	188	61	163	187	43	8	21	18	40	49	64	201	98	42	78	115	105	98	88	130	25	57	213	77	111	72	72	66	132	26	37	22	178	114	52	54	87	214	120	32	76	135	171	77	101	89	139	59	121	54	12	118	47	86	23	209	134	7	32	124	18	38	138	38	128	181	226	125	114	22	93	40	26	368	97	93	19	89	54	124	194	130	65	246	116	71	54	63	184	34	32	40	186	66	39	36	17	142	277	40	67	108	34	80	56	124	4	90	72	90	87	179	44	79	81	36	83	52	105	86	13	41	182	78	62	249	67	4	95	80	104	69	126	93	67	137	71	74	90	37	3	178	102	87	39	45	233	104	45	149	67	29	61	17	123	126	159	227	82	240	204	58	97	90	67	26	80	43	42	112	111	165	27	315	59	79	215	191	81	303	154	32	72	166	31	26	64	41	39	6	182	247	12	55	12	48	34	94	23	28	112	58	215	261	44
25	0	0	0	0	0	0	0	0	0	0	0	0	0	0	0	0	0	0	0	0	0	0	0	0	0	0	0	8	0	0	0	0	0	0	0	0	0	0	0	0	0	0	0	0	0	0	0	0	0	0	0	0	0	0	0	0	0	0	0	0	0	0	0	0	126	0	0	0	0	0	0	0	0	0	0	0	0	0	0	0	0	0	0	0	0	0	0	0	0	0	0	0	0	0	0	0	0	12	0	0	0	4	0	0	1	0	0	0	0	0	4	0	0	36	86	0	23	0	0	3	55	0	0	18	0	64	0	2	0	0	0	0	0	3	0	88	31	12	0	0	0	0	0	0	0	20	0	0	0	0	0	0	0	0	0	0	0	0	3	0	0	0	19	0	0	0	0	0	0	0	0	0	47	0	0	33	6	0	0	0	0	0	2	0	0	0	0	52	0	0	0	0	24	0	0	0	0	0	0	0	24	16	28	0	0	67	31	1	73	132	43	15	0	10	40	42	0	6	13	5	0	58	0	15	20	9	57	2	0	0	155	10	0	207	0	0	0	2	46	32	28	2	0	8	13	0	16	75	33	8	133	132	19	0	6	76	75	10	0	10	40	9	1	0	89	0	21	59	0	0	3	2	34	0	12	75	1	0	61	0	19	21	0	37	23	4	26	0	80	71	72	58	107	10	6	141	76	0	0	0	162	36	156	96	166	11	8	23	227	269	45	33	106	195	118	24	103	48	155	47	54	99	17	47	29	63	286	13	62	113	140	54	107	27	20	35	48	62	98	45	211	59	113	49	147	17	104	77	111	111	45	48	276	45	98	27	189	35	3	91	103	151	156	88	79	96	227	165	71	190	226	64	55	20	51	126	39	74	23	73	96	84	29	0	117	31	35	41	45	45	96	22	23	56	101	44	8	46	71	105	79	60	92	204	108	133	106	124	55	21	95	113	186	13	119	41	11	88	58	146	81	113	155	83	113	44	200	173	91	184	107	88	40	64	37	53	87	172	77	263	216	322	1	92	10	13	31	66	107	55	105	43	162	118	142	127	62	102	43	35	91	127	43	31	45	43	43	19	78	243	47	115	213	87	94	12	71	127	63	82	59	119	34	8	30	20	139	48	131	18	27	26	46	149	81	144	41	130	5	103	130	160	13	192	110	120	58	78	74	239	91	30	111	77	4	73	14	104	79	71	375	29	154	68	57	67	52	99	114	95	32	256	346	43	118	127	62	46	137	109	368	73	53	232	129	132	77	32	17	103	121	144	82	50	76	39	172	93	254	62	35	63	302	55	46	69	167	54	384	131	25	237	214	31	182	94	120	111	102	9	51	89	52	238	68	68	166	55	188	30	111	51	201	142	141	19	86	38	79	15	91	36	127	74	39	48	55	15	42	167	76	79	109	44	33	120	28	123	181	164	99	134	138	135	14	46	70	27	37	76	146	444	134	27	139	134	27	28	256	90	117	10	113	151	77	15	97	62	171	77	37	109	187	181	73	109	43	114	103	35	23	147	150	43	49	21	101	8	42	140	66	152	184	124	158	72	51	56	12	53	65	263	88	76	83	100	14	191	28	165	41	108	154	33	120	36	76	105	26	61	84	138	17	129	81	98	69	183	143	97	20	77	153	117	148	121	44	38	92	192	80	174	114	65	238	50	202	83	111	60	278	197	30	55	45	33	52	142	97	250	83	9	10	46	185	6	90	45	70	88	28	60	67	192	69	195	62	216	101	114	136	57	149	150	38	102	26	246	216	143	156	87	166	136	61	94	72	60	70	46	40	170	56	134	114	95	267	56	84	148	353	195	129	112	28	170	85	120	61	46	59	175	27	46	36	237	277	85	71	27	71	45	117	94	54	84	46	52	38	5	20	223	118	36	51	27	258	101	45	85	21	54	73	81	3	35	104	74	137	33	43	77	41	194	138	90	3	96	177	81	16	257	20	32	86	135	107	117	105	37	97	22	52	11	87	196	52	163	106	207	139	136	58	57	98	126	21	111	51	25	247	103	96	34	68	62	108	33	31	39	144	64	106	80	48	7	97	63	174	23	35	19	217	36	178	62	81	17	179	90	76	150	38	69	68	71	137	129	46	53	64	53	34	249	88	104	192	36	321	32	16	97	166	36	27	30	24	52	266	116	109	104	151	225	364	44	63	48	67	54	135	149	6	122	66	126	71	89	195	77	47	172	287	15	82	329	109	81	49	110	66	95	32	281	98	139	40	85	145	57	41	93	176	15	97	118	45	105	86	4	247	9	56	233	67	29	95	123	36	131
26	0	0	0	0	0	0	0	0	0	0	0	0	0	0	0	0	0	23	0	0	0	0	0	0	0	0	0	0	0	0	0	0	0	0	0	0	0	0	0	0	0	0	0	0	0	0	0	0	0	0	0	0	0	0	0	0	0	0	0	0	0	0	0	0	0	0	0	0	0	0	0	0	0	0	0	0	0	0	0	0	0	77	0	0	0	0	0	0	0	0	0	0	0	0	0	0	0	0	0	0	13	65	176	156	287	55	65	73	199	130	339	36	2	185	15	46	6	165	66	9	163	47	218	26	58	253	35	10	51	62	13	98	52	13	18	192	61	23	30	60	65	8	51	132	151	5	114	65	34	32	53	66	104	33	129	29	8	34	44	398	12	103	148	53	160	20	145	22	67	65	84	127	127	7	70	31	223	9	38	310	77	59	180	361	71	33	156	20	8	29	30	15	162	151	125	263	34	130	25	56	116	78	70	53	41	21	43	56	99	115	192	38	61	28	54	80	34	25	46	66	56	58	62	241	44	105	230	71	143	94	18	36	21	32	75	2	47	19	200	77	146	73	93	37	119	109	71	154	119	140	96	27	16	29	46	10	86	81	47	99	165	175	123	31	357	154	145	249	16	85	39	143	93	112	39	119	32	205	54	49	159	25	96	50	122	11	57	69	88	306	126	31	38	18	133	34	98	40	82	24	71	114	110	11	78	7	15	18	41	199	40	60	68	153	68	88	232	113	152	42	236	9	55	89	238	24	62	29	135	77	87	61	291	83	94	40	109	35	103	65	182	31	21	180	69	225	77	40	130	195	52	237	54	83	38	86	40	93	134	49	135	241	52	215	70	56	9	153	170	178	202	65	58	181	38	89	56	364	37	134	43	76	48	239	39	137	88	81	61	89	155	91	161	76	71	240	130	141	106	206	20	255	21	24	22	31	106	151	55	66	68	101	200	61	54	162	26	67	58	33	63	23	11	85	100	25	135	52	36	134	176	73	52	86	23	86	137	135	15	31	23	45	134	40	316	86	47	69	18	39	185	114	86	61	64	76	68	102	34	72	71	90	36	251	61	203	284	31	91	135	102	78	45	98	75	101	37	251	49	50	117	105	87	60	28	324	317	113	106	46	50	90	52	150	45	76	43	187	202	268	155	126	89	63	77	159	126	138	419	88	24	72	97	50	55	31	71	138	47	157	16	55	118	63	83	150	91	229	39	162	63	104	122	34	155	79	235	53	79	55	72	24	108	185	49	188	93	42	97	305	60	274	77	31	46	148	53	107	48	421	130	65	54	82	102	99	2	48	461	92	24	47	90	60	43	91	45	10	92	122	34	234	91	69	187	49	126	76	55	4	99	178	117	173	19	63	61	17	34	137	55	26	107	51	51	91	34	68	131	52	191	28	62	265	178	126	82	154	74	38	140	190	81	35	129	174	56	55	84	35	208	226	25	76	35	141	260	123	163	117	72	21	24	289	198	137	34	29	121	99	74	49	182	166	137	25	86	88	48	41	21	218	178	54	65	240	92	48	14	203	85	103	133	97	52	66	10	68	28	109	306	122	45	97	215	53	205	103	102	81	104	116	178	44	77	18	108	22	47	29	96	108	44	234	103	92	69	88	75	72	14	409	63	196	144	48	102	132	166	152	85	85	173	29	102	31	116	251	127	105	57	26	87	288	114	71	8	32	80	100	93	114	213	81	243	16	64	123	99	202	134	110	18	251	142	97	31	151	68	25	121	187	152	58	121	118	275	61	49	143	17	168	170	110	265	46	39	113	60	84	121	293	155	95	5	31	3	135	34	86	18	95	28	85	96	24	102	293	124	55	28	117	123	100	103	146	100	116	72	148	88	286	57	52	192	41	141	88	55	63	48	104	143	78	146	139	179	92	34	129	162	81	60	92	156	203	24	78	174	46	84	177	61	48	160	58	104	29	139	180	98	64	10	32	189	171	31	115	304	57	44	66	153	86	47	98	45	49	39	80	37	68	95	148	90	125	57	94	103	231	62	57	55	24	145	166	126	99	14	4	8	60	111	118	115	39	96	33	72	72	24	79	153	187	15	144	172	58	143	223	46	66	218	73	99	159	94	192	22	34	142	192	55	72	68	18	17	205	15	98	141	220	61	66	128	99	28	116	74	47	88	69	23	16	106	235	10	42	44	296	440	169	111	62	275	17	64	140	12	179	83	59	64	99	235	27	130	41	144	75	31	49	118	144	162	68	340	76	207	33	81	99	121	123	37	81	153	157	114	39	89	65	127	56	128	16	20	216	138	127
27	0	0	0	0	0	0	0	0	0	0	0	0	0	0	0	0	0	0	0	0	0	0	0	0	0	0	0	0	0	0	0	0	0	0	0	0	0	0	0	0	74	0	0	0	0	0	0	0	0	0	0	0	8	0	0	0	0	0	0	0	12	0	0	0	0	0	0	0	0	0	0	0	0	0	0	0	0	0	0	0	0	0	0	0	0	0	0	0	0	18	0	0	0	0	0	0	0	0	0	0	14	45	24	62	19	28	3	58	246	95	10	20	22	127	99	57	86	6	114	93	85	116	11	116	33	71	17	135	81	106	46	21	45	11	25	89	92	217	77	149	268	24	8	4	142	2	90	5	51	31	87	14	19	179	7	34	92	43	129	66	163	30	257	21	129	136	25	150	42	44	14	166	168	158	123	155	103	36	96	44	138	13	2	77	64	0	45	120	101	94	106	20	143	90	25	10	89	36	265	0	101	41	61	48	97	79	125	139	37	138	15	51	165	11	94	83	91	42	51	191	80	237	184	48	204	187	41	91	27	303	331	237	97	49	38	8	159	78	21	7	67	122	70	12	120	138	79	166	253	26	18	45	40	40	67	118	195	124	76	145	61	209	52	100	49	179	9	52	181	9	147	0	1	189	83	120	19	87	173	51	109	199	47	77	223	189	180	133	91	59	165	131	200	50	0	79	22	18	79	211	84	78	54	34	141	78	46	69	79	93	32	2	88	113	51	15	53	91	172	178	12	37	23	254	191	22	53	103	58	159	20	49	19	159	55	23	69	44	107	90	47	28	98	34	126	36	101	40	116	83	88	124	53	54	173	42	103	96	122	124	17	382	179	61	110	36	177	83	113	97	49	131	97	70	153	36	85	13	223	124	87	33	133	117	174	96	122	67	46	72	37	24	131	218	122	32	111	101	148	123	63	106	210	26	24	182	166	88	18	68	89	40	120	180	169	35	34	18	29	216	73	38	4	177	282	203	20	73	106	53	99	62	121	88	148	48	94	40	69	99	27	82	166	136	144	38	115	127	16	111	201	55	58	38	19	191	145	98	130	116	140	86	23	4	113	291	134	48	41	131	172	116	140	50	14	90	268	61	108	92	68	44	195	112	121	130	95	76	274	115	148	23	151	242	72	246	92	29	132	81	140	164	64	210	137	158	57	104	23	111	172	100	87	108	87	11	92	33	416	137	71	126	71	49	135	46	94	60	52	10	51	36	69	102	71	8	66	108	55	146	66	98	224	103	237	36	190	129	39	132	32	91	112	156	122	89	71	65	153	46	35	91	178	282	199	151	82	55	289	66	129	88	102	65	95	56	21	97	33	74	165	38	56	7	58	90	211	49	50	76	14	185	59	56	74	87	151	70	40	59	325	36	211	86	110	105	53	68	137	304	71	54	48	334	168	77	50	154	51	39	23	107	3	84	87	51	92	268	57	47	47	235	162	67	90	57	15	52	85	125	113	131	49	4	194	79	68	12	420	11	17	96	29	37	169	27	50	180	173	169	178	308	79	333	93	92	41	52	14	18	55	33	69	32	10	168	99	90	130	76	115	13	115	89	24	15	94	95	61	45	186	137	133	82	246	84	38	29	44	152	83	201	245	179	34	121	112	56	19	185	157	175	102	135	31	29	61	122	115	54	58	108	118	257	33	233	57	52	150	71	122	34	45	239	31	92	134	78	113	66	164	137	88	28	67	63	203	52	14	33	53	88	37	109	64	27	54	74	57	33	150	42	26	65	193	143	303	156	79	99	48	186	106	45	138	10	50	48	69	92	137	18	95	122	134	206	118	22	132	10	164	65	19	62	172	72	54	93	132	92	105	105	10	40	148	233	60	39	71	39	60	66	22	45	186	148	95	47	179	62	27	109	46	64	142	191	40	93	71	102	40	56	50	43	26	23	103	53	207	86	51	112	46	36	42	173	136	81	92	77	45	64	32	27	67	130	26	106	67	28	212	158	94	54	267	138	19	92	79	37	1	39	196	85	247	306	95	316	79	73	129	44	28	153	46	54	25	72	437	85	105	174	70	58	93	99	39	38	119	89	246	198	149	58	105	123	84	190	81	98	251	129	86	134	48	45	181	22	41	31	61	166	175	50	57	42	157	44	43	35	188	80	96	111	99	110	18	214	200	148	49	95	173	392	11	79	87	72	64	278	87	84	12	79	38	94	42	98	2	125	54	103	114	94	102	191	66	34	42	128	76	50	128	51	105	77	38	250	124	120	302	208	74	73	100	43	96	49	133	91	175	132	84	36	87	171	65	117	85	78
28	0	0	0	0	0	0	0	0	0	0	0	0	0	0	0	0	0	0	0	0	0	0	0	0	0	0	0	0	0	0	0	0	0	0	0	0	0	0	0	0	0	0	0	0	0	0	0	0	0	0	0	0	0	0	0	0	0	0	0	0	0	0	0	0	0	0	0	0	0	0	0	0	0	0	0	0	0	0	4	0	0	0	0	0	0	0	0	0	0	0	0	0	0	0	0	0	0	0	0	0	0	0	0	0	0	0	0	0	0	0	0	0	6	0	0	28	0	8	0	0	12	0	0	43	14	0	0	0	0	24	0	0	0	0	0	3	0	0	0	0	0	0	0	0	0	0	13	0	203	0	0	24	0	2	0	0	0	0	48	0	0	0	0	0	0	0	0	0	0	0	0	0	21	0	198	0	0	0	0	0	0	0	0	0	0	0	0	0	0	0	0	0	0	10	0	25	0	0	0	0	0	0	0	18	0	5	92	1	16	32	153	18	0	5	56	5	66	77	0	164	0	74	12	0	12	34	0	125	0	36	46	2	0	11	0	0	0	0	238	70	0	25	67	42	43	35	0	9	99	7	30	0	0	0	0	0	4	23	139	57	51	0	14	2	41	24	56	29	39	37	36	0	12	0	0	0	0	1	48	20	0	0	1	1	0	0	84	0	69	20	4	98	0	0	0	14	28	3	0	73	20	140	435	72	89	177	49	58	167	85	184	74	133	40	115	27	100	90	20	198	12	40	47	88	407	74	130	174	65	51	85	251	41	107	81	93	95	120	295	55	125	106	146	187	183	75	88	131	111	105	80	87	102	170	81	10	34	43	174	206	203	135	6	417	45	60	58	48	192	122	15	166	23	100	211	283	136	57	39	11	132	109	51	109	164	58	38	21	55	136	9	254	54	73	143	23	93	105	36	75	130	22	219	163	135	101	167	23	164	108	169	102	127	316	196	97	55	42	35	144	20	296	418	137	60	96	195	38	77	59	118	40	133	17	72	232	115	150	167	38	306	71	39	19	64	14	212	67	51	82	158	121	16	83	52	149	24	35	24	26	87	98	80	106	66	235	152	112	99	27	107	59	70	86	223	28	92	30	69	253	92	94	76	86	57	145	208	89	139	145	34	16	113	199	137	236	143	114	49	133	168	83	65	59	156	73	75	83	51	10	43	85	227	36	205	29	77	86	154	61	40	73	93	67	7	91	152	129	67	208	11	88	383	132	40	167	62	69	62	86	132	132	72	226	37	114	50	114	18	22	16	85	225	54	79	8	19	51	107	155	31	118	78	40	379	77	33	58	160	34	148	194	136	162	39	171	173	22	94	36	21	93	277	57	138	97	78	186	183	80	143	77	11	209	105	72	55	165	54	221	264	66	170	54	55	48	120	257	214	56	161	63	101	108	84	174	20	208	277	92	11	183	145	206	125	87	32	217	220	195	122	94	73	126	112	247	15	139	28	213	269	63	11	72	31	24	371	57	58	176	143	137	122	78	126	34	93	17	297	161	60	18	177	288	113	243	19	36	38	64	81	107	245	13	21	50	72	52	26	99	166	83	148	67	271	116	31	211	174	140	81	145	165	157	81	53	32	22	110	61	137	19	106	109	49	55	52	161	165	236	25	52	68	152	138	103	82	15	218	104	304	38	55	164	48	118	103	58	111	54	158	189	60	89	131	164	49	58	84	46	173	168	66	102	75	79	115	67	15	122	10	69	21	78	214	183	137	63	65	252	131	25	30	68	45	162	120	44	133	100	44	84	30	31	56	55	105	36	101	78	97	348	362	17	37	120	96	39	89	114	15	74	125	43	72	54	15	177	99	13	86	145	34	124	140	102	49	188	31	103	141	31	222	20	45	11	204	26	78	117	48	119	67	43	212	209	57	139	86	30	130	45	140	198	73	41	69	319	262	99	64	44	77	128	24	109	48	182	159	95	42	190	127	123	73	12	75	89	81	43	153	121	113	32	218	121	126	103	95	143	70	76	171	145	310	126	69	34	59	12	73	86	116	18	188	85	69	55	39	65	177	10	157	50	70	43	81	97	13	59	57	89	94	140	32	57	19	206	33	129	33	73	49	176	207	157	80	54	7	38	115	89	51	72	259	66	75	19	93	61	114	123	148	152	126	88	54	127	139	7	149	5	64	375	24	134	174	213	81	96	29	45	125	248	33	175	103	91	47	209	266	99	137	56	46	220	113	141	10	74	138	146	60	299	75	125	48	105	104	61	27	192	67	71	99	25	57	139	35	58	160	20	26	60	87	75	26	66	23	138
29	0	0	178	0	0	0	0	0	0	0	0	0	0	0	0	0	0	0	0	0	0	0	0	0	0	0	0	0	0	0	0	0	0	0	0	0	0	0	0	0	0	0	0	0	0	0	0	0	19	0	0	0	0	0	0	0	0	0	0	0	0	16	0	0	0	0	0	0	0	0	0	0	0	0	0	0	0	0	0	0	0	0	0	0	0	0	0	0	0	0	0	0	0	0	0	0	0	0	0	0	0	32	0	0	0	0	0	0	51	0	0	31	0	0	0	0	0	0	60	0	0	0	0	0	0	87	0	7	0	0	0	0	91	2	1	0	0	0	0	0	0	6	8	0	0	0	0	122	0	4	0	0	0	0	0	0	0	0	0	0	0	0	0	0	0	0	0	0	0	0	0	0	0	1	0	0	0	6	0	0	0	0	5	0	0	0	0	9	0	0	0	5	0	0	0	0	0	0	0	0	15	75	0	0	11	109	39	0	91	54	344	32	2	18	132	22	6	36	0	12	25	3	20	0	173	0	34	48	0	0	0	0	43	102	96	0	25	0	134	38	0	70	0	7	22	98	0	1	13	307	0	0	0	0	72	2	1	0	1	5	10	0	0	19	12	25	38	81	0	71	18	3	32	0	15	107	0	44	68	0	43	13	92	0	18	0	0	0	11	3	19	156	20	0	0	3	104	27	102	133	26	119	32	180	77	77	20	3	26	33	32	110	211	18	248	16	145	99	59	113	15	264	86	174	64	17	30	180	153	16	92	35	82	46	98	56	44	110	25	137	57	78	71	120	16	82	57	186	53	60	44	86	22	219	16	2	46	35	88	87	206	124	36	64	4	190	160	176	68	68	38	35	86	99	52	149	123	77	89	78	177	97	57	37	89	137	20	99	54	32	210	204	40	143	17	245	266	8	97	105	24	61	122	113	158	80	123	168	117	166	143	118	73	58	110	183	68	68	109	70	78	73	47	114	51	22	116	152	57	56	59	247	55	39	82	60	142	210	123	44	60	27	55	177	79	96	56	20	79	186	51	14	163	66	207	70	56	402	65	96	62	73	316	123	333	57	6	77	99	51	76	23	132	63	96	89	177	39	97	211	120	43	81	76	98	179	65	109	116	149	85	109	23	138	46	73	73	4	124	60	94	21	187	48	154	51	123	99	8	118	103	57	134	95	126	108	18	58	84	59	68	84	61	123	33	243	61	8	13	139	122	145	55	135	129	143	179	139	294	156	93	151	242	70	80	119	56	56	2	88	130	64	33	63	111	77	165	168	79	102	72	20	84	20	33	213	110	62	93	208	136	13	119	211	94	81	202	180	72	59	101	149	80	20	64	96	180	68	117	58	42	48	84	63	41	33	166	82	51	32	106	64	61	142	174	111	82	118	176	44	339	95	100	142	253	94	148	199	59	50	37	99	55	107	39	44	35	35	162	148	19	94	202	52	112	39	85	47	56	95	38	3	242	40	12	246	313	118	47	86	91	10	83	73	30	103	71	31	70	16	222	118	40	81	154	84	189	128	203	97	77	177	12	110	23	52	125	88	175	135	27	46	67	65	57	127	92	168	58	324	488	42	94	58	98	65	199	142	70	216	40	134	190	249	16	73	43	115	88	151	96	113	67	12	85	262	77	58	130	66	60	33	108	49	25	57	109	7	43	61	76	160	160	43	112	90	114	61	7	156	119	110	58	44	38	31	173	16	79	109	12	102	46	113	59	149	34	26	152	67	175	114	106	51	92	123	148	74	260	12	204	21	101	81	49	117	306	52	161	283	73	217	58	147	31	84	100	46	82	29	47	91	121	56	153	180	311	110	60	154	146	227	37	88	114	101	66	417	70	134	109	92	208	168	107	31	41	144	124	46	60	67	18	34	46	124	77	124	13	21	32	93	176	18	83	116	127	6	47	68	150	74	69	68	66	96	32	96	78	138	27	122	63	61	121	132	145	89	32	63	176	191	144	55	26	21	164	35	79	128	184	81	68	141	41	69	61	56	55	191	30	25	102	48	47	51	150	149	62	46	26	234	280	38	93	41	221	70	217	96	225	68	49	130	105	68	92	51	32	102	77	47	29	147	23	63	70	43	86	101	64	259	111	56	98	64	44	114	20	235	276	135	48	125	238	32	138	161	64	50	198	63	70	53	71	126	97	80	128	62	91	77	103	177	182	57	145	131	42	161	43	144	43	590	183	105	72	102	22	132	34	28	124	151	11	16	97	190	145	13	131	132	62	48	98	55	87	162	89	114	21	196	125	39	23	80	42	127	144	76
30	0	0	0	0	0	0	0	0	0	0	0	0	0	0	4	0	0	0	0	0	0	0	0	0	4	0	0	0	0	0	0	0	0	0	0	0	0	0	0	0	0	0	0	0	0	0	0	0	0	0	0	0	0	0	0	0	0	0	0	0	0	0	0	0	0	0	0	0	0	0	0	0	0	0	0	0	0	0	7	0	0	0	0	0	0	0	0	0	0	0	0	0	0	0	0	0	0	0	0	0	0	0	0	0	64	0	0	0	0	0	0	0	0	0	0	0	0	0	58	0	0	0	0	0	0	0	0	13	0	70	0	0	0	0	0	0	0	0	0	0	0	0	0	0	0	0	89	32	0	54	0	1	0	0	0	0	0	0	0	0	43	0	0	0	0	0	0	11	0	0	19	0	0	0	0	22	0	0	0	0	0	0	0	0	0	0	0	0	0	8	0	0	0	0	0	0	4	101	0	0	66	0	0	0	13	6	72	0	10	51	69	114	1	28	0	56	31	54	8	18	0	1	0	0	134	0	0	344	59	10	0	0	21	0	15	0	0	0	36	259	0	29	0	0	77	0	83	0	0	12	0	0	0	1	0	1	0	0	63	14	0	0	0	107	11	7	16	0	2	2	49	0	0	0	19	69	0	6	27	0	6	0	68	0	40	0	0	11	89	17	206	0	11	0	0	0	15	121	17	7	23	5	214	148	167	9	6	10	84	54	47	97	101	376	57	56	26	102	61	194	11	203	23	57	85	194	77	62	162	147	160	103	15	36	84	85	48	115	44	99	92	10	37	189	5	68	163	387	48	137	99	43	114	119	223	0	33	19	29	110	276	10	92	32	9	47	58	40	151	121	57	85	29	139	189	145	77	21	18	82	252	25	89	217	84	227	36	37	31	135	55	73	297	71	12	6	90	167	158	74	139	20	74	189	54	106	82	59	96	12	58	184	103	46	43	43	168	53	196	155	80	127	112	174	122	71	165	134	14	185	100	100	166	32	46	94	49	216	89	74	67	398	142	73	63	28	122	95	218	45	134	82	90	45	91	86	188	77	96	135	19	152	62	153	142	78	57	139	136	153	431	101	98	38	61	57	213	13	19	60	28	232	45	111	49	107	121	56	135	56	27	455	15	45	151	268	166	152	67	83	99	162	123	84	33	89	90	176	145	4	60	140	31	222	158	143	173	117	140	181	93	117	71	42	55	33	132	67	63	51	65	24	316	75	44	74	102	131	17	186	129	30	128	31	96	69	7	145	258	253	11	27	55	37	90	172	73	55	116	24	121	75	71	126	86	138	48	44	170	69	115	23	151	233	93	109	70	152	33	23	88	22	171	163	133	312	69	227	46	89	43	60	123	61	44	38	145	37	192	232	48	29	234	77	118	89	71	44	11	208	107	28	44	41	137	84	106	47	17	146	102	108	74	45	48	31	54	223	66	60	73	152	31	139	50	170	72	151	84	80	82	51	11	159	158	48	144	249	17	9	138	108	248	47	115	61	81	194	38	98	18	290	481	47	215	64	102	109	205	241	28	72	98	191	276	17	226	60	164	246	141	23	139	68	60	55	88	137	84	74	15	200	38	99	89	164	94	64	365	162	164	24	80	113	31	66	37	51	46	12	76	132	87	132	100	46	227	95	145	304	154	292	36	63	104	32	25	101	44	210	35	108	276	83	29	113	277	221	221	99	257	111	64	24	170	87	148	53	10	135	151	42	137	215	72	39	367	30	12	91	146	31	260	56	81	75	45	64	101	111	57	48	18	47	47	70	37	27	100	28	228	37	70	28	17	80	246	39	119	128	15	36	156	33	67	59	3	113	152	28	93	157	68	86	154	39	58	7	83	131	76	66	32	66	89	103	92	143	184	176	10	12	40	90	553	54	77	134	38	195	88	52	113	59	66	80	27	47	49	97	39	25	45	200	28	52	114	67	28	38	82	243	25	134	13	148	251	83	10	13	114	148	103	69	194	89	227	22	86	125	40	163	76	135	101	28	88	24	41	77	199	359	146	146	27	77	49	101	43	86	75	128	87	57	196	153	158	139	25	156	123	98	54	57	168	353	180	234	148	28	110	158	8	167	37	102	132	58	46	116	66	186	149	79	43	245	65	49	51	62	88	20	38	92	156	21	101	95	47	94	68	10	96	95	91	65	111	51	281	114	176	146	233	199	60	159	96	52	120	5	98	193	29	27	33	39	39	42	115	59	154	90	103	65	16	113	90	61	139	101	80	358	92	179	134	3	62	122	107	119	229	78	61	412	234	52	50	211	130	56
31	0	0	0	0	0	0	0	0	0	0	0	0	0	0	0	0	0	0	0	0	0	0	0	0	0	0	0	0	0	0	0	0	0	0	23	0	0	0	0	0	0	0	0	0	0	0	0	0	0	0	0	0	0	0	0	0	0	26	0	0	0	0	0	0	0	0	0	0	0	0	0	0	0	47	0	0	0	0	15	0	0	0	0	0	0	0	0	29	0	0	0	0	0	0	0	0	0	0	0	0	0	0	0	0	0	0	0	0	0	36	0	2	0	4	0	0	0	95	11	72	0	0	0	87	0	92	0	0	0	0	0	0	0	0	24	0	0	0	0	0	0	0	0	0	0	0	1	0	0	21	0	15	0	0	0	0	0	0	0	32	0	0	111	6	0	0	0	35	0	0	0	0	0	24	0	0	0	0	0	86	0	0	0	0	0	0	0	0	0	0	0	15	115	0	14	0	0	0	0	0	8	0	0	12	0	79	133	29	57	70	38	245	171	22	38	58	0	45	0	76	47	18	81	0	176	19	19	110	254	11	0	11	48	8	94	0	89	5	58	16	0	99	19	2	128	47	89	46	78	14	3	3	0	163	24	0	0	46	45	0	30	19	98	131	121	23	23	0	67	0	0	102	52	0	0	160	100	140	69	65	34	94	61	23	0	24	85	68	36	2	155	144	3	13	0	42	49	9	0	105	86	42	54	55	223	360	91	88	29	52	87	217	178	181	134	35	191	140	185	13	3	31	127	128	240	26	59	246	223	42	192	46	368	89	87	73	147	84	186	59	25	113	29	126	198	159	123	164	85	30	86	53	252	125	285	12	117	104	193	9	232	148	52	39	101	97	105	76	69	79	128	124	34	9	47	44	15	73	85	35	100	101	162	24	76	77	92	42	93	77	109	178	76	4	113	122	57	33	82	15	134	30	360	231	34	29	173	175	101	141	191	245	190	43	112	118	44	424	89	60	207	308	38	60	80	112	147	65	113	115	52	145	7	267	69	156	111	30	36	161	8	152	52	124	41	59	121	224	143	43	32	100	93	143	45	45	31	221	52	124	27	102	5	452	125	84	138	76	158	69	63	33	165	10	41	140	95	110	29	103	121	92	100	20	39	115	198	81	178	133	54	74	66	96	130	25	99	37	21	7	118	102	53	77	41	96	80	39	50	244	166	117	98	4	12	133	49	33	141	75	252	79	153	58	136	18	19	90	35	121	89	99	15	81	87	256	100	117	28	148	122	113	145	66	68	89	17	219	134	103	114	60	55	71	166	186	189	106	21	30	86	118	112	106	50	95	83	90	79	146	69	114	157	135	102	104	136	85	98	103	105	170	88	179	203	81	101	26	116	125	74	38	127	33	86	35	138	113	162	102	78	79	71	91	90	13	41	184	66	121	53	96	146	44	69	108	185	40	70	139	10	185	105	208	204	141	54	42	46	156	22	81	50	262	99	43	57	10	44	50	39	20	134	63	147	107	30	18	38	110	54	80	125	166	112	7	52	146	106	30	262	113	27	189	60	57	256	9	122	22	95	56	206	15	150	72	161	114	30	63	135	67	65	123	105	119	269	204	84	76	133	63	135	83	40	41	37	129	104	37	78	107	80	132	156	91	290	89	23	134	52	131	111	38	132	252	56	179	117	139	143	15	125	225	154	47	67	128	148	156	158	84	93	87	48	31	99	181	92	69	57	36	79	221	128	148	95	88	163	59	20	63	34	26	61	120	108	43	78	51	47	27	83	99	29	73	275	99	106	82	115	180	30	80	89	105	136	80	62	99	14	29	25	45	131	110	82	60	28	90	19	52	146	26	62	62	6	80	29	43	117	161	37	146	361	33	5	27	108	69	68	139	136	51	72	42	225	23	112	142	15	232	125	70	91	15	31	141	140	43	29	50	97	70	212	63	218	171	85	95	53	63	159	152	113	233	124	163	68	51	138	91	51	38	65	157	69	34	69	58	141	69	109	88	39	121	76	47	22	93	14	56	95	6	203	71	48	281	89	14	74	111	5	50	66	40	48	38	114	226	32	181	36	40	113	76	108	27	10	63	148	61	137	367	36	167	186	87	181	83	73	102	72	38	96	84	167	51	286	18	116	31	69	485	49	222	43	43	58	64	50	68	54	57	71	152	98	106	78	49	18	264	53	134	59	198	80	39	31	133	122	98	185	60	107	71	140	73	63	27	42	265	49	95	61	52	19	76	61	35	106	50	96	20	93	103	32	75	91	67	295	21	19	183	96	107	84	119	56	88	142	25	96	78	93	304	13	46	78	160
32	0	0	0	0	0	0	0	0	0	0	0	0	0	0	0	0	0	0	0	0	0	0	0	0	0	0	0	0	0	0	3	0	0	0	0	0	0	0	0	0	0	0	0	0	0	0	0	0	0	0	0	0	0	0	0	0	0	0	0	19	0	0	0	0	0	0	0	0	0	0	0	0	0	0	0	0	0	0	0	0	0	0	0	0	0	0	43	0	0	0	0	0	0	0	0	0	0	0	0	0	0	0	0	0	0	0	0	0	0	0	0	0	5	0	17	0	0	0	0	0	0	0	0	10	0	41	0	0	0	55	0	0	20	0	0	0	0	0	0	0	94	0	0	81	16	0	0	1	0	0	0	0	26	16	0	14	0	18	0	0	0	0	0	0	0	0	0	0	0	10	0	0	0	3	103	0	220	0	0	20	113	7	0	0	0	7	0	0	0	35	0	0	0	0	0	0	0	0	3	0	49	48	0	68	0	37	1	5	249	78	68	70	0	9	43	0	66	123	0	66	0	43	224	0	27	39	6	29	6	214	0	2	2	136	18	0	11	0	109	109	1	130	0	98	27	140	0	0	0	45	0	0	0	68	9	4	137	0	66	0	0	31	26	0	181	14	109	79	47	49	69	126	64	84	57	21	4	79	0	86	35	40	89	19	0	13	170	0	159	132	25	18	0	0	8	73	141	162	8	207	105	26	117	70	19	137	19	50	366	60	128	58	32	60	58	143	40	21	137	159	114	350	229	29	142	205	4	16	55	194	60	13	136	80	119	56	4	299	123	63	98	7	197	70	140	80	75	378	162	37	93	189	187	87	8	27	247	137	33	57	22	24	14	171	156	224	63	11	131	110	136	141	103	32	110	43	97	50	245	51	18	58	344	184	78	126	195	231	116	62	12	171	122	101	121	124	90	141	55	42	36	117	118	50	69	131	126	34	34	116	77	180	155	31	252	241	175	31	209	96	88	96	16	99	26	138	164	174	180	159	145	50	55	32	102	268	107	61	117	132	5	212	110	62	37	98	30	36	62	20	20	336	74	155	37	172	195	31	244	71	36	45	78	63	95	13	106	62	55	52	56	41	109	91	46	112	108	151	78	349	151	133	39	96	47	321	217	195	98	106	213	61	125	46	26	160	140	10	139	20	65	39	60	131	47	67	211	132	48	107	99	232	86	221	134	56	126	10	71	91	114	143	175	433	84	16	82	45	107	109	161	85	51	69	171	178	73	99	87	235	200	61	24	22	238	101	49	162	101	172	81	42	20	316	19	357	93	86	74	84	184	28	74	35	43	367	119	91	138	141	89	118	62	171	221	81	309	38	61	104	78	135	279	408	100	71	152	61	174	88	176	178	187	18	58	82	105	94	97	80	111	132	84	200	163	96	100	159	29	205	130	435	308	39	21	53	49	122	15	179	131	39	79	82	218	52	84	63	148	94	13	116	62	14	218	135	34	102	122	131	24	104	18	65	298	62	82	51	42	98	65	108	51	238	144	14	210	12	75	136	81	117	189	20	68	69	48	127	131	42	45	29	31	26	33	111	49	190	32	220	53	412	136	6	37	48	45	47	28	55	130	177	116	141	81	81	47	48	147	183	114	254	130	9	11	217	21	70	49	31	146	95	164	29	34	131	58	59	206	10	73	35	96	95	122	192	186	286	271	156	100	92	166	50	427	80	217	125	67	116	11	52	94	121	41	74	28	112	120	276	181	121	169	19	123	17	127	97	343	23	68	163	157	84	89	27	39	67	74	146	54	97	73	26	48	200	57	228	51	54	31	42	62	186	75	198	137	104	37	272	30	85	79	302	262	194	164	118	58	189	169	60	19	209	155	136	68	158	183	16	162	316	101	154	52	100	18	6	223	33	143	166	170	114	15	31	120	42	87	155	173	94	116	15	212	106	81	73	99	142	27	65	102	135	40	154	74	91	370	56	103	58	110	43	18	56	38	72	63	11	252	170	89	91	64	92	177	53	62	55	90	120	161	72	87	43	141	72	73	66	61	14	149	6	249	121	59	167	46	18	97	111	69	75	74	28	103	355	77	92	120	119	108	517	70	28	48	40	69	143	24	174	162	36	147	75	47	72	98	163	179	88	59	254	54	36	128	23	37	87	56	67	8	155	1	117	186	93	138	264	263	288	215	3	127	6	75	49	69	42	73	25	61	124	185	47	115	56	176	22	35	76	113	72	47	66	31	97	22	106	136	44	91	135	161	225	105	86	135	63	78	99	58	105	68	11	6	110	144	146	43	132	176	56	31	140	183	148	140	36
33	0	27	0	0	0	0	0	0	0	0	0	0	0	0	0	0	0	0	0	0	0	0	0	0	0	0	0	0	0	0	0	0	9	0	0	0	0	0	0	0	0	0	0	0	0	0	0	0	0	0	0	0	0	0	0	0	0	0	0	0	0	0	0	0	0	0	0	0	0	27	0	0	0	0	0	22	0	0	0	0	0	0	0	0	0	0	0	0	0	0	0	0	0	0	0	0	0	0	0	0	0	3	0	0	0	0	21	0	0	8	46	0	0	0	1	0	0	0	0	0	9	0	100	0	0	0	0	0	0	0	0	12	0	0	0	0	68	0	0	0	0	0	0	0	6	0	0	0	0	0	0	0	0	0	0	0	0	0	0	0	0	0	0	64	0	33	0	0	47	0	15	0	0	0	0	0	32	2	0	6	0	0	0	0	9	0	0	0	0	0	0	0	0	0	53	0	20	0	0	0	13	0	0	0	0	0	44	50	45	0	16	25	0	48	116	2	58	71	0	53	12	36	10	0	65	0	0	36	53	45	0	0	9	0	0	64	8	0	87	120	27	151	0	10	57	62	65	0	0	33	0	0	0	230	0	0	27	0	0	0	10	0	0	119	11	65	83	0	24	9	0	128	10	0	0	331	0	17	0	0	14	2	62	1	0	122	0	107	19	32	31	2	1	0	0	6	0	0	46	47	133	71	119	82	36	31	68	61	93	192	103	98	91	35	164	138	171	104	104	164	24	85	60	202	126	25	46	81	103	23	73	51	124	98	32	109	57	34	131	56	37	101	14	67	160	117	104	49	159	60	63	46	104	59	19	11	185	86	190	103	196	169	67	66	36	45	61	52	170	58	55	184	162	116	167	60	97	143	104	72	59	167	168	80	35	123	9	44	64	28	20	106	39	88	99	38	196	77	26	234	45	52	58	43	85	118	44	161	80	50	106	11	184	195	77	148	130	17	7	167	123	57	187	117	61	90	86	26	91	69	55	64	19	32	22	73	153	117	19	222	63	64	178	35	92	32	62	115	58	151	72	139	100	118	111	151	40	173	101	22	114	54	52	45	77	21	45	64	37	49	213	90	80	122	31	47	92	93	158	253	76	110	145	60	100	121	108	135	114	101	59	159	36	48	153	141	154	37	103	34	50	15	88	15	117	109	49	54	94	27	18	62	137	61	92	47	189	242	68	163	115	271	48	156	92	49	122	95	51	178	110	132	130	126	77	243	112	17	122	61	83	14	34	162	221	177	93	138	47	62	51	443	40	54	32	51	155	150	213	13	21	271	23	150	16	38	18	96	82	124	90	91	89	247	50	141	160	193	192	92	50	56	80	94	230	50	138	64	32	81	4	188	40	65	148	42	84	155	120	175	24	96	61	111	261	166	48	113	103	200	113	160	116	110	63	135	85	4	96	61	133	4	99	67	264	61	55	106	177	86	215	15	72	16	115	179	53	68	144	5	36	86	104	37	96	205	241	134	64	212	11	37	169	155	284	321	118	35	99	155	136	217	84	81	15	287	96	99	91	108	201	66	40	112	29	105	84	235	93	28	96	163	81	102	119	182	99	156	34	51	74	101	71	39	22	52	94	190	113	154	39	137	146	195	75	139	95	53	204	209	28	51	36	141	330	97	16	198	29	48	217	13	130	32	216	170	12	50	582	38	194	94	36	54	56	82	44	90	64	150	24	279	71	29	46	35	115	54	130	22	98	56	66	190	8	48	106	47	39	224	10	72	153	36	268	19	92	185	44	108	130	55	99	282	94	167	76	143	85	249	122	12	200	275	27	56	307	82	72	87	180	145	22	109	107	22	39	45	75	16	22	136	17	213	101	203	145	135	84	74	108	81	104	61	84	67	447	55	61	221	227	112	287	53	50	47	227	266	18	49	35	119	53	41	94	65	17	52	127	50	63	165	218	68	158	8	153	56	108	124	86	33	56	66	145	61	28	21	211	60	23	68	201	12	186	71	338	106	128	52	67	63	119	301	76	43	96	30	108	222	68	98	122	15	15	116	25	77	26	72	19	221	163	236	318	176	19	228	110	76	55	176	31	57	128	178	245	100	132	81	98	121	71	160	72	159	127	58	45	34	41	81	142	105	62	46	19	30	113	5	59	17	61	51	33	64	47	60	49	112	41	77	34	58	118	60	251	119	92	167	38	83	92	98	55	63	160	6	49	94	112	62	14	119	118	112	37	97	3	169	109	54	177	63	53	118	65	14	95	36	65	198	101	175	110	113	44	86	198	209	19	42	74	101	56	143	19	53	97	118
34	0	0	182	0	0	0	0	0	39	0	0	0	0	0	0	0	9	0	0	0	0	0	0	0	0	0	0	0	0	0	0	0	0	0	0	0	0	0	0	0	0	0	0	0	0	0	0	0	0	0	0	0	0	39	0	0	0	0	0	0	0	0	0	0	0	0	0	0	0	29	0	0	0	0	0	0	0	0	0	0	0	0	0	0	0	0	0	0	0	0	0	0	0	0	0	0	0	0	0	0	0	0	0	10	0	0	0	0	0	4	18	0	0	14	28	7	2	0	0	0	29	0	0	0	0	11	0	0	0	0	0	0	0	0	0	0	0	0	143	0	0	0	0	0	0	0	0	0	4	0	27	0	0	0	0	0	0	0	17	0	0	13	3	0	0	0	0	0	0	0	0	0	17	0	0	0	0	0	0	0	0	0	0	71	0	0	0	4	0	7	0	0	0	0	34	0	0	0	0	0	0	1	0	0	0	60	146	19	10	0	111	201	13	0	1	62	99	16	18	18	16	0	0	0	55	3	147	8	0	0	6	0	114	0	14	0	0	36	0	29	0	110	0	11	0	15	0	0	259	103	5	15	0	17	0	31	0	2	20	0	4	81	108	0	61	0	0	0	14	16	46	67	0	0	0	19	233	0	0	0	0	3	115	0	27	0	0	0	42	12	10	0	0	0	0	7	0	25	2	8	115	45	92	374	40	13	63	77	146	132	152	32	127	220	124	24	84	155	241	175	20	57	39	104	13	322	157	144	107	93	7	77	150	145	4	33	91	174	84	181	181	3	81	8	331	39	34	33	115	199	192	173	165	41	85	56	52	131	87	124	21	45	20	32	34	94	45	33	53	390	39	77	68	224	34	149	136	221	33	22	143	50	2	153	61	117	253	37	0	0	49	14	104	72	123	118	3	79	5	75	53	78	161	53	35	155	69	168	27	72	138	30	87	184	164	55	131	86	115	80	81	171	19	75	118	82	15	43	172	40	23	66	62	68	74	14	55	119	80	219	10	97	5	45	26	83	24	27	147	57	112	29	76	103	7	96	36	89	105	51	138	182	142	230	43	31	145	120	118	13	17	113	83	231	178	120	57	33	62	100	102	328	99	16	49	54	49	87	13	75	77	89	207	277	88	152	220	46	61	102	92	98	49	97	296	91	22	190	125	46	122	99	123	121	223	73	79	67	14	75	23	31	140	98	189	60	25	64	95	115	175	30	87	29	50	35	44	183	65	173	33	49	83	65	217	23	121	47	135	66	180	142	22	63	110	160	109	52	229	91	159	116	12	35	11	55	121	123	61	15	43	153	97	83	149	258	45	246	59	40	39	63	20	23	94	55	92	275	77	223	42	40	6	105	60	107	180	149	130	279	138	100	5	33	57	114	101	32	68	41	95	179	115	125	90	46	168	236	67	234	61	168	33	93	121	193	78	114	18	82	316	143	52	124	36	43	117	72	68	375	94	75	96	26	69	15	22	48	12	10	126	38	49	158	130	93	29	24	181	25	106	423	49	185	104	54	70	175	22	49	174	9	27	66	72	4	189	135	29	184	92	83	219	60	94	63	57	43	135	33	55	154	85	82	297	13	96	263	33	124	57	164	87	94	61	151	21	18	41	68	40	152	7	195	71	15	33	44	74	188	43	55	45	95	156	19	42	54	273	102	35	87	47	148	215	100	152	55	58	54	15	100	62	34	232	118	123	20	164	120	158	41	156	55	56	39	113	78	130	82	66	277	173	41	128	48	35	11	124	74	99	21	154	30	108	65	19	37	83	54	94	178	241	135	197	60	148	26	95	36	160	100	54	160	20	51	160	111	20	89	152	38	66	166	31	182	43	166	77	53	233	20	57	28	120	94	167	57	6	22	41	109	97	16	94	35	86	184	116	190	152	126	117	357	149	147	140	121	68	73	8	11	128	93	49	66	99	193	95	24	327	112	126	149	51	54	78	82	100	133	34	166	53	55	132	77	35	99	10	89	10	120	21	166	204	120	60	72	137	71	48	174	49	127	196	174	196	250	33	198	91	27	120	83	25	71	275	29	106	156	164	40	75	27	80	181	100	103	178	47	194	34	73	129	21	106	45	211	153	80	49	21	15	15	55	47	332	97	72	133	180	141	198	75	273	61	51	44	47	3	122	91	120	158	167	54	202	101	35	57	100	31	125	74	30	55	134	73	119	4	65	102	16	23	244	39	85	353	177	310	69	62	55	138	155	297	10	28	146	173	103	123	71	109	33	92	75	63	294	233	86	146	95	63	172	29	143	74	63	67
35	0	0	0	0	0	0	0	0	0	0	0	0	0	0	0	0	0	0	0	0	0	0	0	0	0	0	0	0	0	0	0	0	9	0	0	0	0	0	0	0	0	0	0	0	0	0	0	0	0	0	0	0	0	0	0	0	0	0	0	0	48	0	0	0	0	0	0	0	0	0	0	0	0	0	0	0	0	0	0	0	0	0	0	0	0	0	0	0	0	0	0	0	0	0	13	0	0	0	72	0	0	0	0	0	0	0	7	0	0	0	0	0	0	0	174	0	0	0	11	6	0	0	0	0	0	0	0	154	0	0	0	0	0	12	62	0	0	0	0	0	0	0	0	0	0	13	0	0	0	0	0	0	11	0	0	23	0	0	0	0	0	0	103	0	0	0	0	0	0	0	0	0	4	0	0	0	31	0	5	20	0	0	6	0	0	0	0	0	1	0	0	0	0	0	0	0	0	0	6	0	15	0	0	33	2	25	0	1	27	13	49	19	14	2	1	86	14	39	0	17	6	0	74	0	117	10	6	23	83	0	0	20	0	0	3	40	14	0	20	110	34	142	42	97	0	36	0	0	12	0	7	0	1	0	0	9	63	72	16	0	11	0	0	135	17	11	70	0	129	37	7	0	26	0	0	39	10	263	0	0	17	68	24	21	0	38	90	0	7	118	125	0	0	0	0	0	23	5	6	38	100	103	74	47	95	45	51	7	105	113	94	251	17	20	92	137	68	44	42	36	59	105	62	51	58	77	67	273	107	81	86	25	48	51	18	30	46	7	41	42	50	28	129	14	70	118	76	297	90	49	47	31	181	72	126	0	38	49	149	136	16	217	99	29	3	63	159	95	189	106	62	135	102	47	18	104	63	30	103	10	5	107	77	77	7	50	32	83	78	38	150	22	37	63	98	81	245	152	84	181	104	140	445	67	87	18	138	46	7	62	135	147	102	11	117	68	91	14	24	272	211	290	19	3	121	3	70	84	179	100	36	46	265	108	135	78	17	149	139	289	53	42	98	77	65	93	232	223	176	83	157	49	36	60	301	62	230	104	89	77	67	109	78	126	109	89	165	13	90	44	52	239	102	87	43	8	46	193	26	84	83	123	86	35	48	18	96	127	129	47	35	91	115	105	175	181	61	11	119	84	166	73	20	156	2	209	143	22	126	36	84	68	32	69	74	187	221	91	136	97	26	222	107	7	177	56	147	22	222	35	238	138	48	104	41	62	362	89	67	34	66	63	76	43	64	53	36	60	44	27	19	200	54	211	55	170	266	400	143	26	53	117	35	184	104	95	17	98	46	261	173	7	71	113	143	106	53	153	24	21	80	26	13	90	103	51	82	78	197	32	131	100	189	161	200	52	115	26	180	15	13	103	132	45	85	101	66	272	361	57	44	321	89	136	92	274	35	86	49	72	49	36	137	170	187	77	67	48	55	179	65	117	188	144	233	50	28	27	79	87	129	318	106	40	224	98	33	74	164	233	154	152	219	15	18	46	75	59	218	3	12	40	90	86	25	46	85	84	68	40	99	63	111	79	39	129	138	89	122	22	22	38	123	119	35	55	74	136	197	83	21	61	150	47	128	154	43	145	55	21	26	315	91	30	321	155	70	162	68	102	154	239	41	35	218	25	22	167	146	47	75	252	136	19	46	115	76	41	38	56	46	46	120	89	231	93	77	70	65	324	53	15	109	59	142	45	75	22	34	56	141	261	169	59	86	158	237	48	139	111	75	120	147	151	152	27	131	39	54	79	160	45	197	119	220	123	255	102	76	89	13	45	4	209	50	216	136	178	229	166	14	109	53	99	48	71	74	48	103	154	88	89	83	39	17	212	77	10	62	55	143	4	42	134	45	39	148	40	59	97	88	227	162	12	238	181	68	179	20	130	115	56	37	39	123	113	77	36	75	37	130	60	102	18	193	59	29	133	61	106	48	40	35	57	82	109	174	157	200	100	37	91	45	144	5	60	45	43	37	47	31	99	231	102	146	19	1	26	35	112	49	13	167	94	27	168	0	242	71	349	138	121	116	10	40	165	168	85	76	94	7	26	114	77	206	112	26	88	32	188	112	48	257	37	390	91	169	26	129	27	37	82	115	96	62	183	114	209	74	86	63	132	11	13	75	103	40	66	45	148	104	45	82	143	27	85	94	226	15	101	154	20	73	109	36	158	25	54	343	108	29	101	59	173	106	82	56	40	132	55	101	121	119	61	265	69	171	36	78	176	91	25	52	89	25	165	108	104	56	153	185	213	22	17	63	87	150	71	77	141
36	0	0	0	0	0	0	0	0	0	0	0	0	0	0	0	0	0	0	0	0	0	0	0	0	0	0	0	0	0	0	0	0	0	0	0	0	0	0	0	0	0	0	0	0	0	0	0	0	0	0	98	0	0	0	0	0	0	0	0	0	0	0	0	0	0	0	0	0	0	0	0	0	0	0	0	0	0	0	0	0	0	89	0	0	0	0	0	0	0	0	0	0	0	0	0	0	0	0	0	0	0	0	0	0	0	0	0	0	10	0	0	5	0	0	0	0	0	0	0	0	0	8	0	0	0	5	0	0	8	0	0	0	0	0	0	0	0	0	0	0	0	4	0	3	0	0	20	0	0	0	2	0	0	0	0	0	0	0	0	0	0	0	0	0	0	0	0	0	0	0	0	0	0	6	0	0	0	0	0	0	17	0	0	0	0	0	0	0	0	0	0	9	0	0	0	26	4	0	0	0	0	0	0	5	0	0	0	0	115	1	34	7	27	8	178	0	61	2	0	10	0	35	10	11	52	78	20	18	3	60	0	0	20	0	0	81	130	15	51	0	0	113	0	5	0	10	39	0	36	0	0	16	0	82	0	0	5	4	1	0	0	0	10	4	2	21	3	0	31	35	96	1	1	0	0	12	4	0	42	43	0	128	10	0	12	0	0	0	86	31	21	109	11	0	0	33	0	27	50	167	38	23	158	14	62	20	91	76	110	57	33	190	37	16	143	181	142	127	52	68	41	128	38	30	44	107	57	11	109	56	35	131	33	96	176	187	108	98	180	27	84	95	45	103	11	156	204	22	71	120	171	107	99	36	1	40	42	27	129	148	40	195	172	39	31	106	225	137	104	100	151	339	38	347	109	11	144	85	73	182	23	189	67	64	145	66	139	38	11	38	162	88	315	22	170	105	10	21	114	157	83	52	211	122	140	31	8	60	127	94	190	51	118	152	68	85	70	64	31	54	59	43	46	49	24	240	130	29	113	37	79	12	27	61	242	47	122	196	44	50	164	53	38	13	118	93	92	112	143	180	80	66	68	170	27	58	124	21	217	24	25	136	156	50	64	68	56	80	33	108	45	145	134	34	74	4	79	30	112	106	61	168	53	56	153	33	148	96	74	77	101	48	50	122	36	105	36	49	132	97	242	230	161	195	45	138	22	216	91	55	101	17	133	117	31	301	206	67	22	16	43	601	83	156	93	137	159	113	217	82	246	154	35	43	114	109	103	75	180	33	108	46	214	16	43	83	61	129	54	137	71	148	48	17	206	6	58	28	100	294	302	25	93	67	19	18	160	100	92	75	199	34	41	94	126	25	269	134	19	11	51	46	48	85	187	109	198	44	172	26	157	114	15	21	188	177	102	103	125	203	50	53	126	99	26	164	24	93	35	9	181	29	20	34	133	44	66	33	68	283	233	38	77	108	9	132	85	178	248	27	51	3	83	47	48	128	246	113	130	122	64	53	144	20	140	65	111	284	127	78	51	32	32	117	125	112	94	140	154	192	215	199	76	75	58	130	92	86	52	195	64	53	66	121	110	66	7	155	231	32	23	171	32	71	103	11	179	123	81	15	61	91	67	76	62	97	100	11	40	31	112	206	104	58	133	92	51	110	85	12	140	106	107	149	148	18	152	89	55	63	2	45	131	62	76	268	141	121	152	58	104	76	136	36	106	98	50	34	120	84	100	97	101	41	19	133	35	149	37	97	228	178	230	95	121	30	81	150	113	31	147	40	36	185	121	117	109	98	84	18	117	119	140	149	50	183	191	20	111	29	188	84	39	70	111	153	357	37	92	212	232	92	25	25	19	89	84	44	98	337	99	26	77	113	218	58	74	270	12	77	3	11	18	66	93	97	58	49	76	78	178	225	202	214	55	147	24	57	129	36	21	71	115	35	59	39	126	104	26	155	27	57	105	1	147	54	212	50	154	74	287	74	158	5	249	6	85	89	32	197	44	31	133	172	124	250	363	89	60	21	104	31	85	74	105	86	100	130	329	59	372	48	19	58	39	93	171	80	153	128	109	77	55	104	354	29	53	74	112	127	97	129	99	53	49	59	102	139	125	155	44	130	97	59	66	9	72	182	218	375	66	134	309	142	15	40	114	98	39	63	93	205	45	17	40	34	27	111	75	45	153	119	109	51	230	143	133	61	60	388	145	101	183	49	79	72	70	108	200	51	71	147	53	79	141	124	174	78	6	18	60	91	291	45	123	94	88	36	88	50	77	277	98	61	133	173	84	84	93	23	130	38	38	10	102	97	29	115	29	10
37	0	0	0	0	0	0	0	0	0	0	0	0	0	0	0	0	0	0	0	0	0	0	0	0	0	0	0	0	0	0	0	0	0	0	0	0	0	0	0	0	0	0	0	0	0	0	0	0	0	0	0	0	0	0	0	0	0	0	0	0	0	0	0	0	0	0	0	0	0	0	0	0	0	0	0	0	0	0	0	50	0	0	11	0	0	0	0	0	6	0	117	0	0	0	0	0	0	5	0	0	0	0	0	0	0	0	0	15	12	0	0	0	0	1	99	0	0	0	11	56	0	0	0	0	0	5	0	0	0	0	0	0	6	0	0	0	0	0	0	1	0	0	0	0	0	0	5	26	0	0	0	0	0	0	0	0	0	0	0	0	0	0	0	0	0	1	0	0	0	5	20	0	57	0	5	0	0	0	0	0	0	0	0	0	0	0	0	0	0	1	0	0	0	0	10	0	130	0	54	0	0	37	0	17	0	0	32	47	17	19	98	55	15	5	188	31	91	10	11	0	23	50	1	0	55	0	0	137	0	5	68	0	55	0	0	0	2	0	55	77	0	40	0	0	87	46	0	0	27	60	22	2	0	45	146	26	0	43	104	47	65	0	46	41	129	1	8	17	0	30	0	25	0	0	0	89	0	144	57	0	0	16	14	2	0	88	21	46	43	13	88	94	62	0	0	3	4	94	112	66	155	141	102	69	158	125	73	62	147	23	159	18	128	45	55	35	108	60	114	29	131	151	105	180	90	96	134	72	141	42	129	32	57	41	104	275	52	133	217	38	17	49	53	292	132	70	126	119	177	1	110	68	88	14	53	0	78	31	115	112	23	34	180	141	30	190	13	22	75	156	16	72	212	129	52	113	31	54	173	97	48	96	20	101	39	49	61	90	17	39	53	142	75	83	108	51	39	141	2	123	63	164	122	142	107	91	145	149	97	61	27	138	139	40	48	24	48	46	49	29	118	169	148	16	240	159	69	45	75	46	10	247	52	146	180	68	19	50	41	102	39	103	40	67	38	169	257	151	70	91	87	51	5	114	122	147	20	144	29	19	78	129	177	289	256	90	44	89	108	28	56	75	143	54	32	120	78	103	163	72	79	57	24	27	45	87	107	80	95	58	10	48	164	69	51	43	37	23	245	31	179	404	71	195	122	96	73	400	111	246	96	33	51	22	219	20	105	106	115	39	24	41	68	15	25	56	62	70	147	45	47	213	110	14	127	144	244	32	107	41	243	96	51	30	47	191	73	109	116	162	292	33	69	70	90	159	157	195	120	306	47	42	138	156	69	91	273	21	56	44	207	135	72	91	114	63	42	46	73	275	107	135	37	48	27	142	44	314	157	21	54	18	26	111	30	64	69	163	73	30	43	65	107	40	109	118	72	69	40	117	96	232	56	73	43	61	87	65	37	85	72	270	72	83	144	122	81	194	15	51	180	61	68	90	387	37	87	152	42	37	36	50	58	145	32	47	74	28	246	225	255	193	66	132	23	80	39	57	63	251	80	118	233	37	13	168	50	60	120	113	71	98	230	49	73	205	62	185	48	91	210	122	70	124	320	37	126	87	66	43	113	23	78	43	81	87	57	229	163	290	301	73	43	65	10	13	71	26	51	68	20	69	89	34	197	240	95	71	43	45	51	26	183	84	70	176	15	89	58	17	143	93	123	44	28	84	36	77	40	77	94	62	136	55	63	206	237	215	44	42	236	97	314	188	178	288	7	27	243	57	44	48	82	68	79	52	79	294	68	87	28	116	210	71	114	20	50	184	127	66	106	61	71	95	131	101	33	58	89	60	94	263	276	167	77	87	132	14	73	18	85	36	99	178	74	26	13	96	59	14	33	28	66	69	59	327	207	109	91	92	76	71	110	149	156	64	235	52	33	35	120	124	157	89	91	82	118	220	18	105	41	20	70	74	136	277	44	117	227	99	205	36	34	38	86	92	124	73	184	74	37	187	81	168	84	57	35	60	82	121	55	66	85	75	49	51	172	102	16	109	48	311	18	74	60	121	207	48	45	51	268	56	42	69	251	244	149	42	193	8	64	88	15	1	59	215	85	72	105	64	241	138	29	117	50	24	109	133	32	102	80	58	12	124	286	61	117	230	40	43	56	51	63	62	15	101	62	142	142	216	207	29	272	140	111	46	104	18	13	155	35	44	24	26	123	40	98	85	128	42	82	138	139	44	61	170	80	3	124	69	38	33	149	50	33	7	32	360	107	69	161	53	46	266	152	45	85	76	36	89	55	49	61	68	47	40	121	41	25	20
38	0	0	0	0	0	0	0	0	0	0	0	0	0	0	0	0	0	0	0	0	0	0	0	0	0	0	0	0	0	0	0	0	0	0	0	0	0	0	0	0	0	0	0	0	0	0	0	0	0	0	0	0	0	0	0	0	0	0	0	0	0	0	0	0	0	64	0	0	112	0	0	0	0	0	0	0	0	0	0	0	0	0	0	0	0	0	0	0	0	0	0	0	0	0	0	0	0	0	0	0	0	0	0	0	0	0	0	0	0	0	3	0	0	0	0	0	0	0	0	0	0	0	0	0	0	0	0	0	8	0	0	0	0	0	0	0	0	0	0	11	0	0	0	0	0	0	0	2	0	19	92	0	0	0	0	0	8	0	0	0	0	0	0	0	0	0	0	0	0	0	0	53	0	7	0	0	0	0	0	0	10	0	0	0	0	0	0	0	0	74	0	0	0	0	0	6	0	0	43	0	209	0	0	0	0	0	14	0	0	23	74	45	86	0	47	4	103	6	33	114	43	0	58	3	108	41	0	31	0	56	0	0	1	7	0	0	0	0	162	65	0	12	1	7	20	140	19	0	45	0	0	142	102	0	0	0	0	16	1	23	4	0	0	50	0	138	21	0	83	196	0	46	0	89	0	7	9	27	0	0	8	65	30	41	1	29	0	0	219	11	155	0	0	0	0	194	49	16	0	74	22	133	140	131	76	102	51	26	47	115	75	25	89	232	16	116	45	13	8	145	7	45	0	25	62	43	167	39	74	48	22	38	73	181	143	153	35	51	31	166	99	158	27	120	410	164	90	34	61	135	137	40	88	139	17	115	17	144	196	174	17	23	162	39	25	143	31	159	53	89	42	127	62	28	42	458	366	219	64	110	18	49	53	122	211	73	49	124	91	31	73	25	166	97	22	16	163	67	146	135	146	83	88	45	141	132	44	135	16	173	16	92	15	87	35	114	89	320	43	54	155	71	26	30	55	109	125	11	3	125	154	81	64	78	65	21	98	38	98	131	19	94	128	52	171	175	2	91	25	82	206	79	69	30	78	134	159	28	106	37	12	177	80	3	108	89	59	40	80	17	91	56	70	148	36	93	106	76	16	98	118	62	55	153	98	64	435	107	157	59	78	70	202	12	34	465	38	111	148	34	15	25	77	124	43	133	79	56	87	99	99	28	27	73	89	52	46	69	6	39	157	179	320	81	82	38	152	116	45	48	88	63	135	198	55	26	65	49	62	66	4	58	154	27	88	21	139	102	160	104	169	112	77	201	56	36	111	389	31	294	21	102	33	28	188	27	120	47	29	147	179	40	54	210	153	53	49	210	46	189	123	39	62	36	151	51	80	74	225	84	36	3	27	75	145	115	190	201	31	15	66	116	6	102	7	101	81	227	8	44	158	50	145	28	17	53	115	92	188	32	130	29	64	148	122	94	149	28	75	27	117	74	153	148	135	143	97	124	133	85	74	73	90	113	45	16	25	8	49	126	184	253	123	104	78	234	57	44	17	291	16	98	185	65	127	68	50	155	55	111	70	82	23	23	70	317	227	124	49	131	161	86	107	24	95	100	24	118	38	78	144	193	118	210	99	138	123	198	21	165	73	73	48	7	148	275	148	178	62	78	64	14	96	27	134	90	75	60	90	115	66	64	167	39	119	40	36	145	34	114	56	171	107	216	38	241	60	105	25	88	196	49	96	15	165	48	41	11	32	100	76	78	36	68	87	56	91	107	157	63	166	127	146	45	165	84	151	104	42	144	66	89	108	109	171	135	23	66	35	99	123	179	55	123	100	97	173	113	95	151	42	18	41	39	118	43	353	52	127	222	34	31	55	70	12	45	288	81	198	56	82	51	60	31	38	73	17	30	203	81	67	50	125	184	171	63	122	140	83	117	77	96	303	73	54	116	219	159	73	134	51	48	194	140	86	84	79	70	95	130	112	10	140	139	174	270	132	72	131	178	29	49	177	49	116	133	57	47	229	84	183	119	90	95	62	140	130	59	243	252	11	282	59	73	111	62	80	98	71	5	62	309	67	69	46	86	15	210	27	144	102	37	115	71	134	111	256	100	79	89	31	40	190	40	149	314	259	66	84	52	68	99	123	30	12	189	335	101	122	70	77	59	100	11	81	90	45	48	120	90	0	70	56	74	23	151	69	44	226	36	51	94	88	61	73	305	57	36	57	128	49	123	182	82	105	60	100	42	198	124	78	101	257	198	208	58	26	49	144	53	47	62	28	52	80	113	41	137	103	48	61	187	15	263	99	84	128	66	60	133
39	0	0	0	0	0	0	0	0	0	0	0	0	0	0	0	0	51	4	0	0	0	0	0	0	0	35	0	0	0	0	0	0	0	0	0	0	0	0	0	0	0	0	0	0	0	0	0	0	0	0	0	0	0	0	0	0	0	0	0	0	0	0	0	37	0	0	0	0	0	0	0	0	0	0	0	0	0	0	0	0	14	0	0	0	0	0	0	0	0	0	0	0	0	0	8	0	0	0	0	0	0	0	0	12	0	0	0	0	0	0	0	0	0	0	0	0	0	19	0	0	0	27	0	0	13	8	0	15	0	13	8	0	0	0	13	0	0	0	0	34	58	3	0	0	0	16	1	0	0	0	0	0	0	0	0	0	0	9	0	0	0	17	0	7	0	0	51	0	6	0	0	0	0	0	0	79	0	14	0	0	0	0	0	20	0	0	0	0	0	0	8	0	4	0	0	0	41	0	0	0	0	0	0	30	33	0	0	0	16	45	131	3	0	0	140	19	98	64	0	52	5	49	115	120	114	6	7	158	65	42	0	25	6	0	96	0	0	0	20	76	0	91	0	0	62	36	0	69	47	0	0	0	0	27	1	0	71	0	10	18	19	51	0	0	11	0	6	14	45	0	0	3	7	0	0	50	15	108	40	0	35	9	118	48	13	15	0	0	105	3	2	0	6	0	0	18	11	18	19	0	115	71	61	178	84	2	167	65	110	56	227	21	49	68	45	77	10	131	150	17	98	45	55	93	134	84	208	137	176	123	10	5	182	205	26	38	1	105	31	35	47	32	35	79	85	73	25	177	158	24	106	70	92	99	164	10	127	159	109	210	76	124	9	66	186	30	130	0	128	86	124	75	62	288	64	28	45	167	231	19	169	62	7	5	171	29	28	58	17	151	80	56	57	249	36	318	97	69	4	77	33	192	163	35	156	136	113	115	206	40	202	189	82	239	132	14	151	34	83	117	19	96	200	76	122	34	14	84	8	220	63	10	127	56	84	191	67	145	169	48	147	17	26	112	56	57	7	25	53	115	98	137	109	117	98	415	26	181	161	101	22	44	467	119	66	55	90	199	74	247	88	124	191	24	31	142	94	71	47	169	30	185	84	161	14	137	87	43	35	167	188	24	32	206	146	31	30	72	71	247	16	149	56	103	36	20	107	24	140	105	3	80	203	59	163	34	126	95	138	80	325	11	93	152	152	85	177	102	18	45	93	16	23	58	76	346	84	232	43	78	38	107	26	18	106	134	35	63	60	29	31	119	55	101	31	51	115	287	158	87	74	107	60	87	204	53	269	27	151	46	141	42	189	108	7	89	62	66	232	88	40	36	14	215	136	210	34	68	203	44	11	55	81	26	8	94	129	132	88	58	36	70	127	120	43	94	50	280	47	74	100	33	163	36	15	141	77	67	52	85	223	289	41	68	85	156	11	41	40	3	98	108	73	125	111	93	107	54	410	138	87	180	100	12	25	75	12	94	34	90	144	121	297	74	35	122	117	160	54	141	63	272	13	145	146	112	24	89	148	29	89	40	105	35	37	31	66	165	286	86	153	64	139	134	125	87	58	69	176	40	65	160	38	185	151	58	28	276	98	60	129	83	171	81	39	41	22	224	24	192	70	211	142	138	130	75	61	48	212	44	24	7	225	42	237	86	201	294	97	82	46	89	26	163	123	174	75	20	123	31	41	197	97	161	112	72	29	289	77	43	257	114	28	222	108	66	159	164	18	48	37	102	144	212	94	75	71	35	52	262	77	119	76	165	104	84	140	108	78	94	12	88	118	70	164	43	45	75	140	17	96	30	111	54	272	219	142	189	166	53	211	33	37	88	264	79	34	154	44	134	85	98	345	308	64	187	106	58	57	46	76	13	138	52	225	159	90	84	32	282	163	16	84	30	15	237	29	111	66	172	223	60	95	40	103	117	141	46	98	79	229	90	52	27	147	31	81	268	320	58	215	172	56	50	64	84	161	76	52	37	38	182	87	53	17	154	119	84	28	28	257	205	161	59	30	148	42	51	126	20	42	13	77	65	106	89	141	178	124	210	149	498	60	74	71	111	48	91	129	57	141	14	15	168	381	29	305	168	42	45	61	215	42	30	24	215	26	151	9	38	163	144	73	272	22	210	205	128	42	198	22	36	120	14	113	94	61	97	194	411	80	166	415	139	89	103	93	211	104	96	224	272	207	52	214	123	63	89	25	8	257	115	140	19	268	88	155	127	194	164	112	110	104	35	24	211	48	123	92	38	21	92	52	73	47	75	44	87	64	36
40	0	0	0	0	0	0	0	0	33	0	0	0	0	0	0	22	0	0	0	0	0	0	0	0	0	0	0	0	0	0	0	0	0	0	0	0	0	0	0	0	0	0	0	0	0	0	0	0	0	0	0	0	0	0	61	0	0	0	0	0	0	0	0	0	0	0	0	0	0	0	0	0	0	0	0	0	0	0	0	0	0	0	0	0	0	0	0	0	0	0	0	0	0	0	0	0	0	0	0	0	0	0	41	0	0	0	0	0	0	0	0	0	0	0	0	0	0	0	0	0	19	0	48	0	0	23	0	0	0	0	7	0	0	0	0	20	1	0	0	0	0	0	0	0	5	0	0	16	74	0	0	0	0	55	11	0	0	0	0	0	0	0	14	0	0	0	0	0	0	0	4	0	0	58	0	0	0	0	0	0	0	1	0	56	0	0	0	0	0	0	0	0	87	0	0	0	0	0	0	0	34	0	0	2	1	2	20	0	75	2	49	49	48	24	119	1	94	9	0	11	25	0	11	0	0	63	5	72	31	127	0	0	18	0	0	0	47	31	37	43	0	98	54	0	24	69	0	0	62	11	149	0	0	58	78	2	14	0	89	57	22	0	0	14	110	66	1	40	12	10	20	83	0	28	9	99	3	73	0	3	7	0	45	33	0	0	30	0	57	33	0	0	33	0	0	2	183	26	182	14	167	93	66	247	78	13	219	156	43	368	191	16	194	133	77	10	175	13	84	11	32	65	134	55	127	35	168	77	129	122	19	21	45	24	82	22	41	17	40	9	14	58	91	1	141	13	44	161	192	56	82	170	43	33	2	29	22	51	223	38	195	88	122	107	94	59	18	84	47	165	142	49	84	463	93	69	126	43	152	52	113	36	44	58	18	58	95	36	89	25	21	18	141	173	98	21	36	30	159	145	125	59	67	99	59	208	56	52	144	36	129	185	173	44	251	160	29	128	55	62	108	30	51	80	141	83	125	86	12	168	170	114	119	191	355	113	96	97	61	149	64	68	193	131	52	92	203	158	19	66	161	128	131	147	114	39	176	198	159	124	25	74	69	89	119	67	91	95	239	58	107	79	133	56	49	64	125	142	109	96	243	40	58	216	59	108	155	164	17	215	51	152	39	164	119	142	67	175	36	15	54	86	87	181	147	93	276	199	93	14	10	198	81	110	49	104	54	138	153	209	259	37	39	13	53	106	34	36	90	42	377	190	248	4	90	363	13	66	103	401	175	107	136	87	84	102	130	26	183	30	56	387	52	40	119	118	47	57	87	81	121	124	286	108	156	174	42	150	16	109	146	224	228	75	56	18	203	37	67	69	51	145	88	383	167	212	59	13	122	73	69	249	39	94	95	116	90	97	60	75	64	8	69	132	92	47	238	58	93	83	23	46	47	98	98	57	240	40	68	166	154	25	56	49	159	47	252	154	133	152	85	84	38	183	78	101	99	15	48	337	102	305	95	83	191	142	102	239	134	60	92	46	147	97	95	39	113	171	171	133	15	290	167	66	21	91	158	91	75	304	26	33	113	69	5	44	16	190	64	105	193	106	142	57	113	140	56	120	98	171	37	22	89	163	86	52	73	14	122	177	50	126	206	31	117	41	30	96	137	42	28	144	144	109	167	99	88	209	129	104	144	104	17	80	54	27	64	72	39	56	131	60	218	11	14	41	85	61	88	120	88	21	25	103	161	77	135	118	69	191	162	422	28	125	74	67	59	138	17	26	135	204	173	64	109	161	79	33	56	102	82	88	32	60	30	32	160	136	192	72	183	89	131	180	35	23	105	180	132	86	128	92	104	92	50	21	203	56	68	190	26	89	196	33	51	60	50	408	225	237	167	46	62	191	27	36	105	104	93	17	41	113	79	173	34	116	58	45	45	31	77	61	197	250	121	35	157	64	17	141	40	95	129	53	136	40	51	127	20	118	126	37	189	169	43	92	64	62	56	9	89	55	65	76	177	141	96	72	12	132	174	51	34	125	27	163	47	24	65	31	41	28	82	172	81	14	108	3	17	26	114	122	25	28	113	46	164	148	140	29	115	38	23	54	112	25	94	57	95	60	64	68	65	370	82	37	160	59	73	151	201	89	107	9	80	83	98	37	97	262	268	183	13	144	68	0	55	113	227	66	85	94	54	38	67	170	94	124	142	168	131	49	27	92	91	116	88	73	86	76	205	179	167	179	74	37	19	203	14	29	57	106	43	2	35	265	32	15	242	233	62	69	175	37	55	115	115	45	26	38	70	47	30	253	150	29	251	93	116	18
41	0	0	0	0	0	0	0	0	49	0	0	0	0	0	12	9	0	0	0	0	0	0	0	0	0	0	0	22	0	0	0	0	0	0	0	0	0	0	0	0	0	0	0	0	0	0	0	0	0	0	0	0	0	0	0	0	0	0	0	0	0	0	1	0	0	0	0	0	0	0	0	0	0	0	0	0	0	0	0	0	0	0	0	0	0	0	0	0	24	0	0	0	0	0	0	0	0	0	0	0	0	0	7	0	0	0	0	0	0	165	0	0	0	0	0	0	0	1	0	0	0	0	0	0	0	87	0	0	34	47	0	0	0	0	0	0	0	0	0	25	0	0	9	0	0	0	37	0	0	12	40	0	0	0	0	0	0	0	0	0	0	105	0	0	0	0	0	0	0	0	0	0	0	83	0	0	0	0	0	0	0	0	0	0	16	0	0	0	0	12	0	0	36	21	0	0	0	0	29	0	0	0	0	6	0	5	81	0	244	0	45	0	0	3	194	89	22	21	4	0	0	0	27	0	91	0	23	42	0	5	0	0	25	2	2	0	8	0	53	108	0	69	0	0	0	0	0	0	21	0	0	0	0	20	0	47	0	3	40	1	0	0	62	35	257	47	23	0	31	0	13	8	2	17	0	68	0	79	9	0	8	0	41	0	205	45	7	27	22	3	0	6	4	0	0	105	12	0	4	110	19	86	135	39	37	10	122	61	90	39	65	18	94	5	35	41	9	71	171	63	5	84	96	33	84	98	94	45	177	34	14	28	61	46	158	120	236	58	166	217	11	26	0	249	70	302	45	81	82	55	19	5	89	98	216	22	77	8	45	128	100	126	180	93	339	78	356	146	64	181	91	72	294	88	95	71	132	24	91	62	99	32	120	75	85	256	29	239	79	46	21	65	42	245	39	107	132	104	46	41	97	30	206	138	16	47	95	102	78	63	83	83	33	85	147	252	65	68	356	298	262	119	24	19	105	139	123	172	68	115	75	157	96	19	42	18	308	74	66	310	32	25	190	83	240	155	195	123	33	92	124	204	36	315	90	110	93	155	153	171	71	28	158	55	75	47	28	62	4	110	200	164	63	38	109	136	17	71	119	114	166	86	32	214	103	130	263	133	246	108	62	31	217	195	29	100	75	123	109	144	146	130	94	70	47	54	15	26	80	116	245	345	227	72	61	19	136	225	179	103	282	47	110	207	76	70	64	129	149	99	66	71	75	54	69	24	59	239	58	117	101	64	283	10	131	4	27	85	34	15	61	89	88	169	299	25	130	92	130	211	72	180	177	60	382	201	141	123	90	101	56	43	41	99	104	87	43	74	127	8	49	123	88	254	25	73	57	151	70	44	55	108	99	86	32	91	7	193	100	43	99	142	47	78	183	89	37	65	25	65	101	32	202	15	163	11	211	140	62	75	69	17	21	62	47	2	104	95	60	55	59	215	162	68	15	60	42	53	40	69	76	44	154	131	241	20	57	59	181	118	215	198	103	124	175	15	69	161	238	134	80	155	228	32	12	285	92	88	122	130	70	103	40	108	72	93	17	55	208	142	38	88	69	25	30	121	140	88	81	51	120	318	86	191	70	186	181	96	50	155	84	192	185	157	145	54	206	21	65	262	43	20	70	92	22	36	31	323	66	13	410	78	79	89	119	146	254	137	95	40	58	85	337	44	45	108	38	75	17	93	30	107	98	85	239	40	78	445	77	41	82	18	149	115	192	191	24	79	102	226	76	85	212	54	90	97	137	35	124	68	73	58	138	16	101	63	133	154	172	139	14	51	22	21	28	53	65	23	285	137	120	53	90	105	153	106	43	71	59	113	206	74	153	65	56	24	10	125	152	67	45	16	189	30	112	12	81	51	316	34	227	39	231	23	142	150	48	60	169	72	90	69	60	46	8	73	123	145	179	86	75	254	78	94	168	53	97	56	87	82	26	224	53	189	183	157	21	75	319	130	237	72	119	159	13	65	50	99	137	18	99	242	49	49	41	158	44	115	70	41	126	79	35	28	130	40	79	15	22	44	54	112	187	54	87	42	115	115	143	84	183	136	102	53	179	50	16	107	97	85	43	225	181	107	63	44	83	40	119	125	92	59	60	141	40	125	111	71	72	178	54	117	240	85	101	83	89	120	41	157	113	98	49	308	41	107	345	41	45	88	43	7	10	33	40	154	74	54	106	56	16	25	428	127	165	99	72	27	99	121	100	262	140	39	286	22	38	140	168	52	46	92	4	171	72	183	126	60	45	99	318	146	140	98	214	9	131	229	76	48
42	0	0	0	0	0	0	0	0	0	0	0	0	0	0	0	0	0	0	0	0	0	0	0	0	0	0	0	0	0	0	0	0	0	0	0	0	0	0	0	0	0	0	0	0	0	0	0	0	0	0	0	0	0	0	0	0	0	0	0	0	0	0	0	0	0	0	0	0	0	0	0	0	0	0	0	0	0	0	0	0	0	0	0	0	0	0	0	0	0	0	0	0	0	0	0	0	0	0	0	0	0	0	0	51	0	0	0	0	0	0	0	0	0	2	0	0	0	18	1	0	0	0	0	0	0	102	0	0	0	11	0	0	0	17	0	0	0	37	0	0	0	0	0	0	30	0	0	0	0	0	0	64	0	0	0	0	0	0	0	0	0	8	0	3	0	0	0	0	0	0	0	20	0	0	0	0	33	0	0	0	0	0	0	19	0	0	12	0	0	11	0	0	38	0	0	0	0	0	0	0	17	0	72	43	10	87	12	2	7	26	188	150	19	0	39	17	119	122	0	132	0	1	37	34	155	91	0	190	0	120	0	0	48	0	6	0	0	0	8	136	0	63	55	5	23	32	0	0	0	0	0	9	0	59	70	0	43	139	15	9	12	0	35	139	48	138	0	59	25	107	140	140	0	0	0	323	0	14	18	0	12	5	0	0	0	9	6	0	122	104	50	32	72	0	2	54	255	4	1	175	71	117	305	84	19	136	88	3	24	245	100	51	146	205	153	60	33	98	29	29	44	44	62	168	38	130	27	199	100	9	138	82	3	89	2	69	89	118	69	43	41	42	17	185	80	103	89	28	180	102	20	22	77	64	104	16	81	106	42	111	233	67	291	36	56	84	94	134	181	5	277	191	38	64	69	73	203	84	215	56	161	22	47	42	83	62	35	48	27	82	95	70	178	236	57	82	59	118	67	131	74	20	54	50	110	111	35	129	77	64	70	218	125	67	117	52	68	181	19	238	55	31	44	39	66	342	160	107	16	135	18	37	280	62	122	134	72	134	104	159	16	126	100	46	156	58	35	218	15	25	244	35	36	131	112	101	43	205	91	62	43	23	311	23	63	125	85	94	251	69	129	74	61	47	241	211	82	151	97	58	222	133	112	48	122	67	120	119	131	51	23	4	28	180	27	132	165	76	202	61	105	51	36	65	189	161	210	15	36	87	103	111	27	109	43	204	195	67	83	23	109	162	100	75	103	20	12	116	141	15	32	111	190	304	89	144	163	60	45	170	95	25	11	78	18	130	83	65	49	459	48	86	81	20	37	220	58	48	105	2	360	124	83	58	61	130	198	126	35	106	151	84	105	30	29	43	24	83	49	99	44	37	306	154	66	67	24	228	43	19	292	44	36	219	75	234	68	38	171	40	24	169	106	32	91	112	122	292	75	149	10	36	63	56	78	53	87	93	79	34	142	29	147	159	64	108	369	17	16	172	311	199	16	52	153	247	139	115	49	131	123	4	62	83	100	133	71	143	104	114	69	82	56	119	174	56	140	228	128	12	75	78	175	163	142	115	76	182	130	140	117	165	85	122	24	104	198	101	89	102	121	78	46	67	113	239	48	37	103	74	386	66	137	23	68	41	67	83	49	101	191	5	162	188	48	25	24	27	31	21	19	30	69	67	18	37	93	127	215	361	189	230	99	132	180	41	32	160	91	59	86	66	92	74	287	89	56	144	14	5	295	32	26	167	180	115	95	57	8	94	497	143	186	94	89	33	21	482	57	25	58	13	142	94	71	116	105	202	60	108	274	32	280	37	8	34	152	50	28	44	14	104	94	45	59	195	49	197	13	147	156	2	313	139	25	7	182	25	50	14	127	63	20	87	79	49	124	132	99	20	159	273	144	47	145	43	29	41	77	21	82	120	9	216	73	19	58	40	104	11	72	139	80	127	255	90	39	85	162	146	143	145	98	1	42	154	116	36	61	154	30	29	4	28	146	99	32	43	169	145	176	75	73	60	327	36	110	105	45	54	10	41	22	96	113	16	51	70	88	135	263	104	94	109	29	117	118	135	16	111	71	30	142	16	242	101	62	99	149	43	65	373	50	29	205	343	142	60	175	73	38	59	54	113	171	194	89	226	67	9	57	49	456	91	38	162	87	12	111	40	26	227	85	95	173	99	21	38	14	23	6	88	23	94	76	45	74	77	22	77	93	37	31	74	130	121	83	132	16	96	45	136	152	26	147	146	65	243	111	70	72	106	54	111	94	178	12	407	236	267	303	53	130	29	93	92	46	243	110	84	148	35	143	61	35	303	123	148	75	97
43	0	0	0	0	0	0	13	0	0	0	0	0	0	0	0	0	0	0	0	0	0	0	0	0	0	0	0	0	0	0	0	0	0	0	0	0	0	0	0	0	0	0	0	0	0	0	0	0	0	0	0	0	0	0	0	0	0	0	0	0	34	0	0	0	0	0	0	0	0	0	0	0	0	0	0	33	87	0	0	0	0	0	43	0	0	0	0	0	0	0	0	0	0	0	0	0	0	0	0	0	0	0	0	0	3	0	3	0	0	0	0	0	0	0	10	0	0	0	20	0	0	0	45	0	0	0	0	0	13	0	1	0	0	0	0	1	0	0	0	6	0	60	0	0	0	0	59	0	0	0	0	0	0	0	0	0	0	0	0	0	9	0	14	0	0	0	0	0	0	0	0	0	3	0	0	0	19	6	0	0	8	26	0	0	3	0	0	0	0	0	0	0	28	0	0	0	0	0	0	0	49	4	67	0	0	31	35	64	169	18	114	9	0	0	24	5	15	83	0	8	28	14	87	0	0	0	33	69	21	8	14	0	0	0	0	0	0	0	0	40	0	12	0	0	88	56	0	2	40	0	0	20	16	97	0	0	11	0	120	41	13	43	1	0	1	63	82	0	95	17	33	76	0	4	0	165	0	39	14	4	0	0	38	0	0	27	0	47	4	5	148	21	0	0	22	131	70	3	28	58	86	80	38	9	43	54	0	88	247	368	182	6	159	19	135	116	81	254	117	48	0	55	64	59	100	18	57	30	56	50	66	198	115	210	38	80	107	88	28	257	1	23	106	97	57	25	107	178	126	216	47	44	45	80	312	19	152	139	18	215	111	109	52	142	81	58	196	36	53	84	62	13	248	25	30	49	60	153	113	215	71	54	14	27	58	168	109	57	138	93	110	68	14	61	46	13	181	104	40	50	101	154	37	96	56	61	188	39	162	14	57	63	191	114	43	84	91	55	34	242	25	125	55	40	87	18	172	11	254	12	136	71	11	82	23	24	260	120	35	85	66	198	28	44	147	135	75	48	0	88	66	38	187	110	25	122	33	128	9	87	18	134	39	80	86	70	68	106	77	95	91	16	312	113	95	216	151	47	325	38	305	18	16	146	61	184	177	59	89	147	288	39	123	30	57	278	24	86	7	68	185	330	95	37	20	91	147	136	114	23	39	189	112	248	114	91	251	166	90	145	81	108	225	30	92	245	91	74	219	47	140	117	104	27	35	94	133	42	35	103	243	53	35	167	94	44	9	25	111	37	58	39	253	14	6	36	99	80	87	64	227	25	66	118	108	71	29	104	12	12	85	62	14	73	206	109	273	32	23	68	138	90	68	174	51	209	105	144	224	197	167	39	127	82	87	5	118	231	161	60	43	103	277	52	42	193	40	78	298	184	56	63	151	4	204	184	122	180	147	34	46	49	111	152	91	164	272	109	69	101	45	54	35	89	211	115	170	63	205	122	34	200	58	51	59	343	44	144	90	194	55	57	21	35	230	118	67	20	52	37	133	35	18	123	202	21	185	17	110	47	21	145	144	155	136	172	39	55	44	75	29	13	8	37	59	54	32	79	130	95	82	49	85	149	21	68	66	130	94	3	91	59	31	53	91	57	98	3	135	84	92	140	122	58	115	123	24	90	221	108	41	67	198	315	220	41	23	88	95	84	81	140	12	65	122	6	24	51	156	136	31	166	134	78	226	121	19	138	187	107	125	36	167	64	212	28	144	24	269	87	90	202	112	44	113	322	28	70	9	72	116	146	111	45	36	21	48	134	130	37	110	54	31	46	117	88	43	201	180	97	135	105	60	57	120	142	101	81	106	36	8	612	44	59	56	95	181	64	59	52	119	181	56	59	203	45	69	16	233	21	117	75	184	10	144	128	38	25	9	27	51	76	84	105	138	55	160	51	201	143	183	10	201	107	174	70	26	161	43	71	45	268	27	65	4	154	92	17	177	44	226	47	42	90	15	62	91	268	158	104	37	211	101	110	233	144	53	62	85	63	120	139	83	108	73	69	133	86	54	62	114	61	89	184	71	57	49	47	136	35	47	54	126	7	42	88	165	55	67	66	219	142	55	90	8	34	213	86	106	60	103	49	85	117	30	203	159	41	91	43	188	93	126	27	224	679	54	274	306	41	175	96	128	95	41	63	41	54	169	86	118	20	29	194	19	22	35	36	33	117	120	238	183	49	83	52	158	76	97	59	91	67	46	104	122	209	24	81	54	72	145	235	66	296	152	25	11	89	83	90	36	112	151	173	163	135	226	15	34	139
44	0	0	0	0	0	0	0	0	0	4	0	0	0	0	0	26	0	0	0	0	0	0	0	0	0	0	0	0	0	0	0	0	0	0	16	0	0	0	0	0	0	1	12	0	0	0	0	0	0	0	0	0	0	0	0	0	0	0	0	0	0	0	0	0	0	0	0	0	0	0	0	0	0	0	0	0	0	0	0	0	0	0	0	0	0	0	0	0	0	0	49	0	0	0	0	0	0	0	0	0	0	0	0	0	0	0	0	0	0	0	0	0	0	0	0	0	63	0	0	15	0	0	0	0	0	0	0	27	0	18	0	0	0	0	0	0	13	0	0	49	0	0	0	11	9	0	0	0	0	37	37	0	39	0	0	0	0	0	0	0	0	0	0	0	0	0	0	0	0	62	0	46	38	89	2	43	37	1	0	0	0	0	0	0	0	0	0	0	22	0	26	0	0	0	0	0	0	0	0	0	4	0	0	19	155	0	109	1	166	207	116	158	0	32	32	97	137	19	0	148	85	24	18	0	8	0	71	37	38	81	8	91	45	43	15	0	57	5	32	4	0	65	54	0	172	8	5	78	5	4	0	19	0	14	137	5	0	2	161	12	13	9	2	11	43	0	140	19	213	81	43	35	16	72	179	158	36	61	45	0	21	0	100	0	0	44	73	50	11	38	0	13	0	0	0	11	66	24	55	1	79	99	98	79	150	23	130	206	91	84	11	25	199	94	118	251	205	76	57	39	22	99	48	46	103	29	57	65	48	241	73	67	79	91	350	17	65	73	311	29	221	13	33	42	81	14	138	238	131	30	96	358	75	102	25	0	116	230	175	103	82	166	139	83	40	96	364	2	44	37	103	71	88	72	83	12	27	101	40	115	93	35	372	53	42	113	17	40	95	66	59	172	186	107	107	70	327	78	23	233	130	159	156	25	89	310	102	145	124	241	135	62	176	115	5	137	71	37	139	27	177	119	44	217	109	88	96	46	89	193	19	20	154	134	124	49	71	18	91	60	135	72	34	75	70	174	91	270	46	66	24	16	141	20	184	333	61	29	20	91	176	86	92	30	120	32	139	43	163	68	97	33	52	52	179	103	41	86	103	94	225	22	49	55	12	123	12	55	66	69	34	80	168	62	29	45	67	40	133	77	21	10	68	6	211	88	32	55	103	60	68	64	168	146	63	117	89	113	58	89	12	86	64	84	156	102	25	195	77	115	138	109	188	52	106	49	43	334	67	14	101	60	39	173	170	79	281	103	49	160	102	34	56	38	66	96	21	142	196	112	91	35	76	97	84	25	126	51	27	187	59	33	179	35	31	119	121	206	93	41	59	71	148	23	50	112	272	24	180	93	262	132	76	259	149	90	15	173	72	92	67	46	14	356	62	202	48	94	131	96	149	137	81	144	109	30	53	60	52	53	156	111	14	179	106	505	73	24	69	110	208	96	23	236	47	233	46	308	31	149	145	39	27	24	362	79	123	107	80	39	39	114	45	63	215	42	44	121	95	146	66	56	64	84	2	66	138	131	261	44	99	259	116	90	34	44	63	390	66	125	106	51	41	136	144	45	40	133	165	203	26	171	106	67	43	67	59	65	131	492	55	140	101	65	189	98	177	59	54	40	200	154	8	118	176	97	130	182	107	68	211	56	182	48	100	30	190	92	50	108	59	32	77	170	41	75	91	130	43	110	148	103	94	35	155	18	45	167	280	51	7	125	30	24	67	14	133	41	124	79	75	48	174	44	154	109	204	64	22	142	21	115	199	89	8	68	61	36	77	80	127	110	176	55	28	10	56	93	51	41	114	211	80	17	97	114	46	170	46	48	69	100	19	90	113	147	80	59	66	118	20	178	162	31	189	185	188	309	30	25	43	66	196	134	100	25	173	65	81	31	203	296	18	24	43	10	77	32	44	76	81	25	378	53	23	41	89	112	161	75	178	219	104	30	204	31	43	238	96	138	102	162	242	74	92	118	10	325	23	78	102	57	21	40	77	69	28	57	43	51	123	174	59	4	102	98	206	137	114	149	55	18	49	29	12	165	60	144	12	169	187	41	90	66	68	40	139	8	68	167	35	8	104	177	33	15	165	28	231	133	90	223	115	75	144	138	176	109	29	206	72	7	141	33	133	251	95	46	89	53	102	4	230	110	109	94	106	152	130	12	0	21	213	286	113	54	79	94	20	35	54	71	31	206	25	129	36	51	122	201	84	82	79	59	26	402	158	96	83	98	33	58	202	36	54	85	180	192	18	387	41	155	111	103	51	41	52	27	45	68
45	0	0	0	0	0	0	0	0	0	0	0	0	0	0	0	0	0	0	0	0	0	0	0	0	0	0	0	0	0	0	0	0	0	0	0	0	0	0	0	0	0	0	0	0	0	0	0	0	0	0	0	0	0	0	0	0	0	0	0	0	0	0	0	0	0	0	0	0	0	0	0	32	0	0	0	0	0	0	0	0	0	0	0	0	0	0	0	0	0	0	0	0	0	0	0	56	0	0	0	0	0	0	0	0	0	0	0	0	0	0	0	0	0	0	0	0	0	33	27	0	0	0	0	4	0	0	0	0	0	0	0	0	0	0	0	0	0	0	0	0	0	207	0	0	0	0	0	0	0	0	0	0	0	0	0	0	0	0	9	0	0	18	0	0	18	0	0	0	0	0	0	0	0	0	0	0	4	0	0	0	0	0	0	0	0	0	0	0	0	0	0	75	0	0	12	0	0	0	0	0	0	0	0	6	0	0	163	0	0	0	55	67	0	0	37	0	33	27	18	81	36	6	0	16	203	3	8	42	0	8	0	25	52	19	21	0	0	0	23	141	2	1	0	11	24	0	0	0	57	0	5	0	0	0	1	8	71	0	57	0	1	10	0	11	132	38	47	0	0	29	22	0	0	0	0	53	10	8	35	12	2	0	63	0	0	0	34	55	160	30	6	0	0	0	0	30	0	0	13	0	73	48	16	53	207	17	13	22	41	77	196	26	132	168	197	59	92	105	28	127	15	18	150	84	62	6	6	109	76	143	239	187	38	70	7	166	28	210	78	95	101	40	72	100	35	50	58	87	94	67	156	229	181	284	161	15	61	137	187	124	166	31	26	172	15	245	121	58	101	114	21	53	161	204	156	90	174	198	86	147	46	141	39	47	68	74	145	9	94	23	128	71	106	39	44	70	204	93	29	134	78	127	123	25	17	28	135	85	37	11	61	43	65	153	32	51	77	79	198	59	160	67	86	132	93	67	99	374	75	102	48	28	112	99	42	367	84	238	77	2	296	75	95	48	114	39	276	118	49	36	356	116	13	89	104	128	121	65	66	25	26	93	26	80	58	133	53	106	53	96	58	20	155	24	161	203	88	105	55	238	314	24	160	70	40	75	96	85	56	22	34	63	114	15	30	55	156	38	20	72	140	204	29	230	73	344	135	82	52	249	47	55	81	9	102	62	43	249	130	41	124	19	165	119	20	84	167	119	136	83	39	72	37	229	41	84	145	33	82	75	81	148	220	72	166	83	113	48	123	70	17	32	88	193	33	30	91	207	253	49	129	161	37	170	133	75	127	132	185	62	462	217	82	16	10	52	357	37	57	35	61	79	178	30	59	77	66	164	167	43	56	81	83	110	174	201	119	262	70	363	66	159	142	24	60	61	31	180	88	104	171	175	44	83	189	276	49	180	222	95	79	70	139	21	78	51	50	215	159	25	155	94	72	60	102	39	139	220	32	54	72	76	131	222	37	176	229	154	304	104	32	109	129	76	223	115	47	151	276	16	51	194	72	89	202	55	121	57	114	54	73	16	112	24	185	201	88	101	97	87	151	87	219	60	69	33	146	78	38	90	144	124	54	18	45	24	33	80	32	202	121	66	53	31	117	118	85	87	55	147	33	132	84	117	40	171	110	49	83	201	66	132	127	39	72	19	149	214	367	111	246	218	126	240	65	166	32	68	96	43	166	47	190	135	140	126	139	288	51	123	60	18	13	66	31	81	339	68	141	114	325	74	53	17	33	77	158	36	88	259	4	305	58	74	88	79	41	111	38	153	190	129	177	111	163	31	147	62	98	108	202	101	63	29	175	109	101	60	89	158	44	130	90	56	31	102	114	116	158	255	196	74	34	13	196	38	121	29	28	44	119	129	57	21	78	119	134	185	23	72	77	142	179	28	126	45	67	81	20	24	169	57	55	212	7	156	234	78	103	7	38	81	123	174	41	48	254	97	163	6	67	54	186	228	45	103	119	192	40	55	26	134	171	52	54	12	188	85	85	60	24	130	95	55	140	82	144	128	26	150	44	100	52	331	117	131	144	62	59	104	109	59	16	152	142	44	263	88	140	211	111	396	215	81	177	92	180	18	36	20	16	169	140	134	279	117	29	51	54	111	115	155	62	64	245	115	98	49	69	75	64	113	147	119	58	57	76	54	74	268	86	172	36	42	153	108	97	47	128	135	19	111	59	62	111	135	101	125	136	154	198	100	89	15	90	185	63	86	80	18	24	97	90	89	158	271	91	45	25	272	357	25	88	81	146	38	51	40	48	4
46	25	0	0	0	0	0	0	0	0	0	0	0	0	0	0	0	0	0	0	0	0	0	0	0	0	0	0	0	0	0	0	0	0	0	0	0	0	0	0	0	0	0	0	0	0	0	0	0	0	0	0	0	0	0	0	0	0	0	0	0	0	0	0	0	0	0	0	0	0	0	0	0	0	0	0	0	0	0	0	0	0	0	0	0	0	0	0	0	0	0	0	0	0	0	0	0	0	0	0	0	0	0	0	0	24	0	0	45	0	0	0	0	0	0	0	19	0	0	0	0	0	0	0	0	0	0	0	0	43	0	0	0	0	16	0	0	0	0	0	5	0	0	0	0	0	0	0	0	0	0	0	0	4	0	7	0	0	0	0	0	0	0	0	9	0	0	0	0	0	0	0	0	2	22	0	0	0	0	0	0	0	0	0	0	0	0	0	0	3	0	0	0	2	0	0	0	0	0	0	67	77	0	0	8	0	0	30	0	11	10	10	185	0	0	71	35	173	196	0	0	0	0	0	0	9	0	0	3	38	0	0	0	11	7	8	0	0	0	197	0	0	123	33	4	0	57	0	0	153	0	0	15	0	1	0	0	0	20	72	0	71	8	0	0	0	0	1	5	6	1	10	0	0	0	0	6	6	11	80	0	0	0	48	40	66	12	0	0	65	31	73	53	138	0	0	0	31	0	12	4	25	176	126	7	73	29	0	131	53	431	52	42	29	36	132	220	58	73	99	69	4	89	65	104	219	396	47	32	139	10	198	166	158	0	73	83	63	73	163	123	6	4	62	21	25	49	247	120	125	23	52	211	206	26	86	7	5	26	61	123	81	167	28	87	219	24	222	30	88	128	54	85	13	124	239	27	206	33	255	60	127	14	95	46	154	97	30	29	65	17	74	24	95	76	157	86	98	81	57	46	202	157	70	33	60	53	61	15	77	124	43	357	106	129	150	57	81	137	18	82	20	59	147	122	47	125	94	147	149	17	72	167	88	118	131	20	25	32	75	202	145	152	46	44	76	77	49	67	177	121	26	41	45	69	2	132	40	71	68	36	108	46	299	117	89	36	147	29	142	45	64	44	81	18	23	8	105	33	84	42	25	78	64	97	8	121	148	25	91	32	53	23	29	65	247	39	137	79	43	34	77	62	83	136	102	33	245	95	90	85	71	130	26	197	70	125	146	161	30	192	50	130	83	32	82	50	47	146	29	97	63	58	37	118	110	59	99	91	86	134	18	55	99	42	128	103	95	26	127	162	200	18	46	60	33	70	53	230	111	89	48	251	56	187	8	312	122	164	25	50	94	48	155	100	92	60	56	170	136	25	12	62	232	59	171	136	66	46	54	153	196	82	208	118	2	79	68	68	241	132	15	78	109	52	44	227	90	72	111	88	34	90	217	60	56	183	46	138	99	65	83	90	308	110	103	12	205	7	151	18	111	114	73	319	63	83	45	94	95	157	63	92	134	67	111	110	36	122	15	61	56	23	199	92	74	36	43	59	241	48	26	119	28	75	88	224	61	52	51	4	85	140	99	75	88	35	117	87	84	42	22	70	32	92	79	63	30	153	63	44	285	66	80	38	109	210	36	188	54	227	110	116	54	182	94	158	92	55	302	90	192	274	205	128	78	105	14	24	127	68	70	145	136	66	224	50	254	102	146	145	97	98	27	182	25	123	158	44	68	129	212	52	45	36	156	174	82	78	104	27	76	74	129	46	62	70	138	52	51	97	19	191	110	60	348	118	55	172	51	73	56	202	140	230	75	54	124	175	73	104	82	152	45	64	80	286	69	152	55	19	24	191	304	29	184	39	116	104	151	120	56	188	88	68	30	57	143	160	94	164	46	87	31	137	104	69	164	224	66	32	31	68	251	89	100	24	35	79	46	177	24	48	42	53	188	201	65	58	63	151	85	48	6	23	129	145	71	27	146	24	109	41	134	66	101	164	144	101	99	46	92	35	34	68	75	21	61	35	48	112	140	17	45	105	215	81	82	169	72	91	72	130	141	45	259	145	258	77	69	72	91	139	34	140	187	28	39	428	34	27	82	130	82	133	130	70	164	140	36	19	101	97	349	158	57	174	32	138	48	104	96	56	49	89	71	99	67	187	28	8	124	203	183	153	23	177	74	135	71	47	124	51	44	116	6	100	497	88	14	50	104	81	216	28	33	82	145	49	31	62	120	242	89	105	20	218	49	45	62	90	61	57	152	89	251	96	114	43	85	11	59	224	197	20	222	215	136	43	15	57	282	63	120	394	154	83	160	65	73	109
47	0	0	0	0	0	0	0	0	0	0	0	0	0	0	0	0	0	0	0	20	0	0	0	82	0	0	0	0	0	0	0	0	0	0	0	0	0	0	0	0	0	0	0	0	0	0	0	0	0	0	0	0	0	0	0	0	0	0	0	0	0	0	0	0	43	0	0	0	0	0	0	0	0	0	0	0	0	0	0	0	0	0	0	0	0	0	0	0	0	0	0	0	0	0	0	0	0	0	0	0	0	0	0	0	0	0	0	0	47	0	0	0	68	14	103	0	0	0	0	0	0	0	0	0	0	0	0	14	0	0	50	0	0	0	0	0	10	0	0	0	0	0	0	0	9	0	0	0	0	42	0	0	49	0	0	0	0	0	0	0	16	0	14	16	0	0	0	0	0	0	0	0	0	19	0	0	81	0	0	10	0	0	0	21	0	0	4	0	0	0	0	0	0	64	0	0	0	2	0	0	19	22	0	0	2	20	20	2	5	0	176	81	0	2	41	16	431	75	0	223	10	61	0	0	20	2	0	164	0	32	0	0	0	1	9	0	0	2	60	18	10	49	0	0	2	45	0	19	42	86	0	0	0	6	1	0	16	0	36	0	82	16	7	65	95	187	23	69	0	2	0	9	0	0	21	28	33	41	25	0	33	35	101	71	0	9	0	0	0	163	278	2	0	0	0	68	56	0	0	31	120	35	27	53	65	8	130	30	49	54	120	37	34	104	72	21	97	185	233	123	54	59	29	33	64	97	29	377	174	38	79	121	7	25	100	149	40	149	243	115	88	36	119	26	103	86	24	78	18	147	135	200	192	237	29	91	9	83	180	167	83	69	287	111	172	255	30	16	120	88	405	75	111	80	152	184	11	140	114	81	82	146	31	21	153	117	120	1	51	30	135	118	164	81	131	117	59	141	137	58	197	135	54	14	68	119	134	74	324	145	44	122	433	161	96	138	121	23	101	30	192	154	52	14	106	28	16	76	49	50	116	76	50	16	62	45	185	130	291	49	111	301	138	105	97	241	22	40	80	28	33	79	137	220	81	153	74	28	69	116	114	107	149	118	23	41	175	99	90	44	47	125	49	127	10	102	157	44	9	52	211	76	142	44	54	19	49	220	174	87	173	90	110	105	19	50	33	171	97	51	15	79	77	40	108	97	88	31	175	111	212	5	40	242	178	16	145	14	79	28	164	42	65	17	345	36	125	19	79	202	138	135	88	162	273	118	27	44	58	17	163	90	279	44	144	60	140	78	45	124	74	40	39	181	174	39	218	138	63	171	53	29	149	83	65	104	44	54	130	19	156	129	73	163	76	160	164	123	55	130	45	50	148	58	41	21	159	29	118	107	166	77	122	90	20	194	30	42	41	73	81	174	73	102	149	79	107	17	24	193	123	85	169	112	102	322	67	180	81	23	59	15	7	197	94	121	61	72	203	196	53	149	73	74	59	156	0	86	179	47	79	208	62	193	48	75	95	29	119	129	75	229	97	90	90	107	219	132	86	11	78	235	185	15	27	41	22	65	38	40	119	121	76	239	4	93	63	30	68	61	55	52	132	75	157	105	25	107	10	62	116	58	34	32	194	67	17	36	41	140	30	242	22	19	276	147	396	97	16	97	93	191	48	66	149	44	74	69	100	125	73	70	92	91	54	58	73	13	121	34	88	104	163	58	117	6	234	205	340	149	136	102	145	42	69	17	136	125	111	112	20	59	134	88	33	95	122	55	94	209	97	63	137	407	315	93	66	144	239	111	163	114	51	204	49	66	106	100	152	95	15	42	22	186	131	155	71	44	60	251	21	174	75	4	73	31	120	178	52	79	63	121	71	120	42	59	144	36	40	23	56	101	173	41	72	80	133	332	38	79	79	78	133	256	159	65	108	121	36	29	107	19	57	73	224	73	66	60	14	53	112	123	78	117	59	61	89	162	158	9	77	147	119	115	23	27	123	18	179	13	30	156	195	32	48	32	177	31	174	33	50	155	103	37	185	235	26	158	134	192	166	93	60	214	140	10	78	34	231	32	123	85	23	89	80	149	62	84	132	167	48	65	42	68	160	64	31	20	43	113	87	254	37	167	69	70	192	113	156	44	130	39	81	94	55	128	18	55	37	61	27	116	128	106	104	190	330	170	127	41	0	33	35	2	62	40	115	158	47	255	99	271	56	31	54	88	28	30	45	89	69	201	28	218	86	24	4	190	83	18	234	87	129	358	85	158	41	99	89	160	109	113	37	70	44	197	17	264	154	95	92	21	166	20	178	100	94	17	115	107
48	0	0	0	0	0	0	0	0	0	0	0	0	0	0	0	0	0	0	0	0	0	0	0	0	0	0	0	0	0	0	0	0	0	0	0	0	0	0	0	0	0	0	0	0	0	0	0	0	0	0	0	0	0	0	0	0	0	0	0	0	0	0	0	0	0	0	0	0	0	0	80	0	0	0	0	0	0	0	0	0	0	0	0	0	0	0	0	0	0	0	0	0	0	0	0	0	22	0	0	0	0	9	0	0	0	0	0	0	0	0	0	38	0	71	0	0	0	0	64	31	66	0	0	0	0	0	0	17	18	2	0	0	0	0	0	0	0	0	0	0	13	0	10	0	0	0	0	66	0	0	0	0	0	0	0	0	0	0	0	0	0	0	0	7	0	0	0	0	0	19	0	0	0	0	0	0	114	10	12	0	8	0	0	41	0	0	0	0	0	0	0	0	0	0	0	2	65	0	7	0	11	9	0	2	0	32	0	28	464	0	170	121	0	0	72	1	65	75	0	0	0	14	50	60	12	2	0	70	0	18	0	0	32	6	0	0	5	24	36	119	0	4	9	63	0	37	0	0	72	0	0	0	26	0	0	0	0	20	16	0	103	81	36	16	19	20	60	3	57	0	37	31	0	0	22	83	29	38	43	0	15	21	0	24	3	0	4	14	11	110	33	70	0	0	0	0	77	0	0	16	52	74	26	26	21	128	55	183	35	102	68	59	136	60	51	62	10	122	45	115	6	40	144	172	338	30	43	105	57	35	5	216	76	146	158	8	227	41	97	46	77	92	1	50	275	86	132	57	230	41	125	183	125	161	21	16	54	47	44	9	133	35	39	205	12	30	67	87	105	38	53	186	100	257	211	358	156	66	91	148	39	75	57	52	14	90	137	105	145	270	237	47	148	19	69	26	78	67	49	462	64	81	177	207	61	52	64	12	178	33	42	92	114	318	47	43	89	23	49	145	153	116	35	10	41	56	78	223	147	77	107	247	180	126	18	200	131	272	123	45	5	143	133	39	188	54	81	83	144	107	114	76	91	18	157	53	17	31	61	12	294	105	28	20	47	40	118	154	184	90	77	46	273	78	128	37	241	109	49	116	69	49	23	122	79	54	21	93	70	168	131	106	37	107	44	33	60	105	56	50	85	119	37	145	38	35	137	127	100	19	35	63	320	84	84	96	138	106	224	39	51	60	50	231	80	177	10	160	76	84	126	232	68	98	164	62	73	117	59	181	91	97	41	46	41	60	121	115	249	91	44	126	98	48	20	23	45	109	97	86	68	72	15	96	148	84	109	179	122	47	58	227	93	357	76	80	88	79	198	146	37	54	79	66	185	147	101	138	30	15	132	56	43	53	189	119	74	191	25	239	242	357	131	62	119	208	130	114	111	136	158	61	214	64	14	219	48	82	107	111	58	38	90	73	11	76	30	45	104	19	10	73	34	166	74	109	86	122	57	72	76	92	67	63	46	131	112	74	111	94	38	91	41	54	9	57	85	144	79	48	86	78	28	117	121	317	94	301	46	181	41	159	12	50	34	93	34	50	174	163	138	94	145	29	114	352	65	84	220	157	19	38	89	109	46	110	30	181	102	127	63	77	66	125	114	54	102	90	127	19	199	149	61	91	208	89	83	128	95	399	84	29	41	87	211	273	170	94	123	24	102	35	39	213	119	54	63	67	45	108	110	29	41	38	332	61	6	93	108	111	73	37	323	161	259	71	10	99	53	37	87	78	358	140	16	132	176	134	188	19	232	58	206	45	43	54	51	102	82	327	27	7	37	66	106	73	94	124	53	210	113	85	130	63	162	157	231	137	171	78	139	139	115	260	60	109	54	265	32	236	64	22	174	267	19	258	143	33	178	87	47	29	244	27	72	214	36	50	71	157	103	147	198	107	68	43	104	237	35	107	68	30	231	81	54	159	218	166	87	106	151	71	64	166	180	36	68	142	201	129	87	169	90	156	45	116	31	137	43	59	34	280	43	66	93	65	19	73	158	117	167	79	119	226	222	9	84	116	63	31	99	18	69	62	52	19	204	90	82	140	235	82	96	154	92	74	96	47	27	151	80	214	90	112	74	103	159	92	95	29	183	60	118	160	137	218	15	97	94	330	144	169	44	63	37	76	94	63	184	83	97	66	41	217	222	83	177	10	86	25	62	23	211	57	45	192	103	179	108	225	25	148	47	276	23	38	124	8	69	111	77	23	15	68	92	120	292	182	241	76	78	336	46	92	31	219	29	9	145	29	21	78	66	144	36	85	32	206	75	10
49	0	0	0	0	0	0	0	0	0	0	0	0	0	0	0	0	0	0	0	0	0	0	0	0	0	0	0	0	0	0	0	0	0	0	0	0	31	0	0	0	0	0	0	0	0	0	0	0	0	0	0	0	0	0	0	0	0	0	0	0	0	18	0	0	0	0	0	0	0	0	0	0	0	0	0	0	0	0	0	0	0	0	0	0	0	0	0	0	0	0	0	0	0	0	0	0	0	0	0	10	0	0	0	0	0	0	0	0	0	49	0	0	0	48	0	0	0	0	0	0	0	0	0	0	0	8	0	0	0	0	25	0	0	0	0	0	0	0	0	0	0	0	0	41	0	0	0	0	6	55	9	0	0	0	0	0	0	0	0	0	22	0	0	0	0	0	0	0	0	0	0	4	67	0	0	0	0	0	0	0	0	0	0	0	0	0	0	0	5	0	0	0	0	0	0	0	0	0	0	0	0	27	7	1	0	0	0	0	107	0	32	15	0	0	57	13	106	1	1	61	0	20	10	3	67	0	0	173	16	53	0	0	19	35	22	0	0	0	138	35	0	55	70	11	0	68	0	21	60	83	2	0	0	10	45	288	65	0	121	0	31	57	0	0	72	33	0	6	74	79	12	12	0	3	0	20	7	12	14	0	79	127	65	0	0	0	30	0	13	189	0	29	23	0	0	280	0	2	140	13	7	14	73	88	24	1	136	53	142	113	82	30	168	160	45	137	126	206	57	108	27	115	78	89	34	32	60	82	139	46	127	245	120	205	117	137	117	35	141	56	90	54	56	66	91	61	119	58	35	73	238	319	141	39	68	138	31	42	189	30	45	79	26	128	53	82	18	56	104	56	89	49	94	36	70	34	58	28	36	4	18	115	157	52	104	14	350	69	129	29	41	278	29	157	138	59	231	55	54	97	45	155	249	165	181	87	4	163	233	130	22	194	128	47	75	95	60	139	95	27	70	50	71	100	241	34	65	86	74	246	85	136	20	35	160	137	199	3	37	163	36	32	31	53	77	86	91	258	179	203	477	101	64	82	33	46	28	10	170	341	79	71	41	52	31	0	24	18	102	12	72	72	83	15	189	78	232	106	154	89	31	27	99	79	113	162	141	60	119	99	65	152	168	39	26	112	28	106	73	43	10	135	287	17	116	139	112	65	145	183	154	30	166	99	14	157	53	4	18	76	119	113	80	162	234	34	23	146	189	338	25	15	117	149	38	67	158	64	118	31	9	17	101	196	93	118	267	124	53	58	218	51	69	107	21	36	44	47	146	18	204	68	47	45	80	101	118	63	282	107	108	71	61	60	51	193	97	61	74	132	184	278	39	48	18	45	341	59	73	67	33	124	40	93	208	100	50	109	167	47	75	32	198	179	108	38	15	343	97	22	84	32	68	138	242	115	36	152	12	40	83	133	79	275	129	113	58	164	81	182	112	38	44	112	6	73	98	143	70	82	152	165	50	75	162	236	71	80	251	158	194	60	25	452	228	164	127	202	120	119	101	105	181	131	58	142	107	148	38	75	69	110	129	126	14	546	102	68	49	71	72	166	137	60	17	51	75	27	30	116	113	9	24	142	38	81	148	108	175	106	120	213	40	59	112	89	284	113	80	1	48	40	179	39	188	27	56	191	42	48	84	120	37	46	24	93	9	8	55	73	104	26	8	88	63	246	66	73	51	87	126	47	196	51	83	117	70	190	57	72	139	98	210	7	29	119	94	66	128	65	86	59	48	168	232	55	125	102	120	48	69	32	19	43	237	57	68	62	33	84	171	52	80	37	51	66	132	183	119	52	238	70	114	80	59	37	294	20	247	53	54	49	168	98	291	89	62	43	288	77	178	122	27	115	92	35	166	89	155	62	78	43	22	39	109	83	30	107	78	68	240	61	75	39	127	83	112	77	193	42	128	105	163	206	66	153	47	117	69	154	30	28	36	48	218	23	108	20	150	102	299	104	159	74	240	119	413	28	75	78	135	57	33	17	113	100	149	42	93	8	70	27	288	61	30	39	42	10	9	108	136	125	291	263	63	47	86	225	66	92	62	28	18	48	34	175	157	51	37	170	143	113	30	66	39	57	97	76	96	91	15	47	30	167	45	125	116	86	32	243	5	129	112	59	63	95	213	19	34	15	23	102	83	155	32	15	240	197	79	186	67	140	37	5	34	59	144	139	63	82	114	36	291	25	119	252	180	51	73	102	120	86	62	165	62	61	79	184	39	182	430	134	110	197	82	101	27	154	44	68	78	29	47	75	131	128	98	262	255	150
50	0	0	0	0	0	0	0	139	0	0	0	0	0	0	0	0	0	0	0	0	0	0	0	0	9	0	0	0	0	0	0	0	0	0	0	0	0	0	0	0	0	0	0	0	0	0	0	0	0	46	0	0	0	0	0	0	0	0	0	0	0	0	0	0	0	0	0	0	0	0	0	0	0	0	0	0	0	14	0	0	0	0	0	0	0	0	0	0	0	0	0	0	26	0	0	0	0	0	0	0	0	0	0	0	0	0	0	0	0	11	0	0	6	18	45	0	0	0	0	0	26	0	0	25	0	35	0	0	3	11	0	0	0	23	12	0	0	0	0	69	0	0	0	0	0	0	0	0	0	0	0	0	0	0	0	0	0	0	0	0	0	113	0	0	0	0	0	0	0	0	15	0	0	0	92	0	0	0	3	62	0	0	0	0	0	0	0	0	0	0	0	0	101	0	0	20	0	64	0	0	0	11	0	0	75	0	35	76	48	88	5	112	0	3	47	20	101	85	0	0	0	0	40	2	129	18	0	12	13	143	0	62	10	19	0	61	11	0	15	70	71	17	5	0	29	74	0	2	74	192	6	5	0	104	0	6	0	0	34	0	37	0	39	128	40	74	83	57	91	16	10	9	5	14	0	174	0	38	0	0	5	39	33	11	1	0	66	80	105	174	51	0	2	0	0	43	1	0	138	0	134	136	179	86	143	25	146	87	42	174	95	56	25	15	162	240	15	101	80	10	22	191	37	16	114	30	37	135	42	55	75	51	152	75	73	151	8	64	60	15	11	6	25	22	29	253	24	36	68	79	104	123	139	119	71	44	113	79	57	14	153	214	58	198	118	113	78	32	47	91	174	54	89	111	28	97	101	222	67	104	16	85	27	108	129	14	41	22	189	89	108	3	42	72	89	65	21	35	43	248	93	127	71	49	79	52	24	19	134	36	64	44	54	51	37	114	221	88	60	232	53	78	32	42	56	54	72	31	16	7	268	103	84	148	15	79	98	179	16	93	94	13	17	56	246	67	57	31	73	57	137	82	59	118	128	108	55	77	90	32	62	107	71	193	122	31	68	31	143	71	69	14	89	78	29	67	133	45	85	25	35	31	243	125	66	64	190	110	87	36	130	90	122	109	90	154	23	186	96	67	35	30	115	62	96	86	74	27	180	32	15	292	163	21	103	174	124	67	132	92	178	93	71	141	93	32	40	47	141	49	152	206	116	55	25	92	72	42	89	118	376	38	34	79	128	204	112	168	81	41	97	32	233	76	21	119	75	79	40	5	47	50	84	76	134	36	67	35	125	132	94	48	247	110	78	25	65	122	157	81	36	91	90	48	74	31	143	26	138	90	17	172	62	56	111	38	17	43	15	50	131	216	56	47	142	22	62	117	8	24	335	91	99	99	93	42	147	21	79	95	85	20	14	54	74	218	56	128	117	89	168	39	49	243	17	11	116	163	139	37	76	135	39	49	43	14	84	42	71	130	106	373	69	86	25	76	240	149	16	257	47	20	37	135	265	62	57	50	34	94	118	59	181	8	123	3	171	41	168	35	112	203	131	16	48	61	9	72	159	102	170	79	10	68	76	107	85	194	73	37	55	47	101	111	49	198	47	111	130	28	115	35	143	111	207	25	42	57	98	78	32	15	18	54	100	297	84	68	27	102	6	206	197	17	200	83	114	55	126	85	19	206	33	93	93	64	133	82	77	103	76	150	99	37	56	129	174	17	118	126	79	12	112	34	38	186	162	89	100	195	73	37	498	176	306	86	99	144	85	62	43	54	59	132	89	107	22	119	72	75	107	8	114	133	120	37	50	190	126	74	143	34	75	211	80	29	124	108	128	174	63	13	44	66	139	19	216	106	47	47	68	128	118	207	108	60	20	212	156	14	105	7	6	6	63	187	119	100	399	23	125	58	51	82	42	32	446	145	93	99	87	368	59	107	162	50	84	50	244	118	148	154	64	49	39	355	45	34	10	222	176	23	147	150	51	109	12	89	8	83	72	129	49	174	133	52	26	13	97	250	101	408	93	92	6	301	74	13	263	78	73	8	14	119	128	30	15	46	49	139	54	10	105	100	69	107	51	141	216	51	132	45	45	97	98	35	52	386	33	86	38	155	209	57	258	48	66	19	52	34	212	225	127	37	152	29	173	120	28	212	223	46	41	159	174	32	161	6	138	51	43	120	127	106	12	239	100	3	76	132	19	84	192	76	136	213	78	202	83	134	112	102	45	93	149	108	130	92	31	56	50	130	10	105	92	44	205	15	24	45
51	0	0	0	0	0	0	0	0	0	0	0	0	0	0	0	0	0	0	0	0	0	0	0	0	0	0	0	0	0	0	0	0	0	0	0	0	0	0	0	0	0	0	0	0	0	0	0	0	0	0	0	0	0	0	0	0	0	0	0	0	0	0	0	0	0	0	0	0	0	0	0	0	0	0	0	0	0	0	0	0	0	0	0	0	0	0	0	0	0	0	0	0	0	0	0	0	0	0	0	0	0	0	0	0	0	0	0	0	0	0	0	0	0	0	0	0	0	0	0	0	0	0	0	0	0	0	0	0	0	0	0	0	0	0	0	0	0	0	0	0	0	0	0	0	104	0	0	0	0	0	0	0	0	0	0	0	0	0	0	0	0	0	0	0	0	0	0	0	0	0	0	0	0	0	0	0	0	0	0	0	0	14	0	0	0	0	0	0	0	0	0	0	0	0	0	0	0	0	0	0	0	0	0	0	0	0	8	0	0	0	0	36	0	0	1	0	0	1	0	0	0	0	0	0	6	0	0	11	0	0	0	0	0	0	0	0	68	0	0	0	0	0	0	0	0	0	4	0	0	0	0	0	0	0	0	0	0	0	0	0	0	0	47	0	0	0	0	0	0	0	3	0	0	0	0	2	0	0	0	0	0	54	0	0	0	0	0	0	0	10	0	0	0	0	0	0	0	0	0	0	72	13	92	25	95	6	12	59	0	59	92	5	29	5	267	0	41	6	84	3	0	0	8	5	214	3	0	33	1	3	31	10	35	163	13	63	2	0	116	98	109	0	0	34	90	23	39	0	47	72	0	0	81	0	0	0	4	79	46	166	62	49	81	4	0	5	4	26	174	92	0	18	59	1	8	68	127	132	7	20	3	2	0	94	0	31	79	36	48	27	0	0	0	81	126	22	2	172	9	13	35	110	38	9	42	58	0	51	0	100	18	526	3	42	53	21	159	69	62	17	33	35	5	99	6	39	81	42	214	51	23	4	115	112	3	49	9	33	244	0	25	95	96	187	2	130	261	27	60	60	160	33	100	66	48	49	59	13	92	28	81	22	38	71	26	17	9	176	50	58	31	15	10	31	52	28	24	139	84	3	116	22	24	27	24	84	57	174	87	10	12	45	0	124	174	21	41	24	119	61	22	47	11	104	63	10	261	9	15	19	13	19	298	84	63	139	198	7	36	9	178	72	159	35	45	91	15	180	60	27	10	104	18	158	36	101	18	134	202	146	61	8	29	41	35	8	64	36	21	115	7	75	27	29	91	76	77	68	1	2	11	150	36	9	30	255	0	39	109	76	126	30	14	78	118	163	100	152	30	21	121	75	147	204	358	9	3	117	93	11	54	47	30	214	53	6	8	163	35	73	35	59	122	57	49	98	121	41	50	46	240	26	167	16	121	106	37	278	30	30	4	276	5	61	92	74	54	72	22	40	80	45	33	130	76	73	48	97	129	32	39	225	9	40	29	27	7	5	43	39	21	8	77	27	122	57	46	149	7	26	69	20	115	29	43	26	79	64	6	116	211	45	3	13	92	145	13	99	36	68	37	8	36	70	32	28	141	46	17	129	0	1	89	139	18	0	6	38	33	91	41	141	256	72	74	110	122	90	184	222	12	171	25	55	84	136	33	90	108	146	102	20	41	33	117	137	186	95	39	70	12	17	56	138	129	53	81	11	6	135	74	128	110	151	14	32	27	10	179	45	121	80	55	283	16	13	114	331	204	39	120	76	31	80	89	55	35	111	29	0	55	54	169	33	10	37	43	5	226	51	232	10	156	41	94	77	19	146	58	43	118	49	107	73	99	80	49	227	95	243	32	83	32	20	29	12	45	60	83	83	59	78	144	99	202	11	58	0	62	160	44	57	37	9	113	2	9	39	119	60	7	114	38	44	18	66	73	25	11	53	13	29	5	62	27	45	11	62	95	8	97	118	19	7	94	46	89	17	236	46	72	74	61	0	19	17	34	4	123	26	77	9	120	106	45	14	24	73	21	28	40	29	0	72	129	62	32	24	103	45	44	39	7	16	44	21	28	27	55	4	13	44	72	118	0	96	106	78	93	34	57	94	1	141	45	20	19	19	31	7	134	19	66	18	3	0	26	57	78	43	53	76	60	74	39	122	84	56	117	36	106	99	19	97	94	53	113	51	153	68	34	44	70	10	37	136	99	155	77	11	27	60	90	61	27	67	51	80	12	42	61	5	164	37	161	29	10	89	6	37	18	9	26	16	66	179	13	59	30	143	61	122	74	98	102	99	79	13	124	54
52	0	0	0	0	0	0	0	0	0	0	0	0	0	0	0	0	0	0	0	0	0	0	0	0	0	0	0	0	0	0	0	0	0	0	0	0	0	0	0	0	0	0	0	0	0	0	0	0	0	0	0	0	0	0	0	0	0	0	0	0	0	0	0	0	0	0	0	0	0	0	0	0	0	0	0	0	0	0	0	0	0	0	0	0	0	0	0	0	0	0	0	0	0	0	0	0	0	0	0	0	0	0	0	0	0	0	0	0	0	0	0	0	0	0	0	0	0	0	0	0	0	0	0	0	0	0	0	0	0	0	0	0	0	0	0	0	0	0	0	0	0	0	0	0	0	0	0	0	0	0	0	0	0	0	0	0	0	0	0	0	0	0	0	0	0	0	0	0	0	0	0	0	0	0	0	0	2	0	0	0	0	0	0	0	0	0	0	0	0	0	0	0	0	0	0	0	0	0	0	0	0	0	0	0	0	1	0	0	13	0	9	7	0	0	0	0	0	6	0	0	0	0	0	0	0	0	0	10	0	0	58	0	0	0	0	0	0	0	0	59	0	12	0	0	0	0	0	0	0	0	0	0	0	0	0	0	5	0	0	0	0	0	0	0	0	0	17	0	0	0	0	0	42	0	0	216	0	0	0	0	0	0	0	0	0	0	0	0	0	3	0	40	0	0	0	0	0	0	0	99	41	45	172	0	36	12	11	0	126	109	59	5	6	50	63	0	20	13	100	18	0	20	112	31	156	0	0	17	6	186	0	21	58	172	30	0	29	6	17	95	35	0	63	49	2	83	95	0	23	38	142	116	52	52	0	1	17	24	63	179	0	61	1	12	1	0	21	18	9	100	35	50	83	0	53	1	20	99	173	0	2	5	0	72	0	54	38	0	18	304	7	101	6	5	95	22	97	47	22	0	21	55	31	4	8	36	7	10	4	37	133	72	72	0	127	54	68	109	13	40	13	39	1	13	12	72	23	68	7	136	75	3	103	46	0	35	43	41	22	0	99	42	101	52	136	42	98	16	32	48	47	2	51	131	6	10	70	104	131	133	78	9	24	46	26	83	123	153	45	67	122	0	7	216	5	71	128	63	69	1	64	4	120	217	0	36	57	74	140	0	33	60	0	115	170	100	64	54	97	16	29	9	5	75	17	28	260	41	392	45	14	1	23	99	37	9	217	24	18	28	35	152	174	171	28	81	125	167	27	118	79	14	15	173	196	84	111	72	144	228	106	112	29	50	40	5	48	72	5	97	0	50	20	43	9	5	178	228	8	90	24	61	35	73	205	14	18	0	14	165	14	84	22	7	152	28	59	139	13	147	146	194	106	106	19	38	72	160	120	4	18	38	25	36	5	50	207	135	29	5	119	11	58	118	45	39	95	55	88	96	39	193	25	21	89	64	23	143	6	117	44	44	74	49	42	19	25	21	120	16	113	45	231	49	195	7	135	78	46	25	69	27	4	96	15	49	111	34	96	251	151	10	25	105	128	57	76	62	97	12	107	103	35	241	12	47	10	45	0	244	130	72	79	10	75	80	4	11	45	7	45	54	2	121	19	18	105	20	42	181	46	2	88	25	48	6	82	9	43	80	36	32	94	23	90	34	40	197	100	113	82	115	63	48	131	79	56	44	56	13	77	13	21	112	46	63	70	50	173	168	119	30	25	134	62	56	1	98	2	25	109	54	27	59	32	41	44	342	110	141	35	67	15	115	1	0	74	5	146	2	30	20	71	190	171	157	115	114	221	11	21	85	171	175	4	41	29	21	60	33	44	29	21	71	6	115	119	36	13	18	81	106	27	38	62	74	32	13	32	85	45	8	53	4	47	11	4	72	72	63	42	70	110	35	92	54	51	30	179	38	13	182	83	181	121	23	8	51	82	7	80	140	14	4	22	20	121	68	112	1	14	129	10	183	35	32	78	55	218	55	1	60	27	10	13	59	4	91	109	29	12	31	138	52	27	33	18	91	84	127	65	17	210	42	204	201	14	101	233	189	36	164	11	55	24	53	78	243	15	13	116	29	46	107	72	5	34	27	129	65	45	81	1	107	2	93	115	62	36	187	120	18	1	98	167	80	123	56	4	207	74	69	59	38	19	12	131	10	49	109	30	88	58	157	18	8	88	36	36	14	30	98	71	71	51	7	2	131	23	8	0	112	73	304	3	2	93	63	11	95	136	7	116	47	22	76	63	19	32	157	39	6	27	58	41	34	44	133	60	6	230	86	48	156	112	243	115	13	26	42	73	67	60	12	48	21	166	163	20	63
53	0	0	0	0	0	0	0	0	0	0	0	0	0	0	0	0	0	0	0	0	0	0	0	0	0	0	0	0	0	0	0	0	0	0	0	0	0	0	0	0	0	0	0	0	0	0	0	0	0	0	0	0	0	0	0	0	0	0	0	0	0	0	0	0	0	0	0	0	0	0	0	0	0	0	0	0	0	0	0	0	0	0	0	0	0	0	0	0	0	0	0	0	0	0	0	0	0	0	0	0	0	0	0	0	0	0	0	0	0	0	0	0	0	0	0	0	0	0	0	0	0	0	0	0	0	0	0	0	0	0	0	0	0	0	0	0	0	0	0	0	0	0	0	0	0	0	0	0	0	10	0	0	0	0	0	0	0	0	0	0	0	0	0	0	0	0	0	0	0	0	0	0	0	0	0	0	0	0	0	0	0	0	0	0	0	0	0	0	0	0	0	0	0	0	0	0	0	0	0	0	0	0	0	0	0	0	28	0	0	0	43	0	0	0	0	0	0	0	0	0	3	0	46	0	92	0	0	0	0	0	0	22	0	0	0	0	0	0	0	0	90	3	0	0	0	0	0	0	0	0	0	0	0	0	0	0	109	0	0	0	0	0	51	0	0	0	0	0	52	0	0	0	0	0	0	0	0	0	0	0	0	0	0	0	0	0	0	0	0	37	0	0	0	0	0	0	0	0	0	0	53	62	51	8	60	0	7	0	15	48	11	0	34	17	159	0	2	11	172	1	0	170	24	16	11	0	21	0	0	15	0	0	108	33	4	57	116	3	67	45	6	0	0	17	29	243	78	0	51	124	1	14	48	44	0	29	52	16	78	64	5	188	13	8	49	0	119	18	12	53	41	13	32	3	81	24	0	29	147	126	3	0	4	225	0	14	218	0	80	64	0	0	3	45	62	12	11	18	150	5	13	94	56	79	12	99	0	6	0	20	24	107	81	43	185	59	57	2	136	26	145	94	5	24	27	12	5	114	42	19	67	65	95	205	79	109	9	132	73	2	130	88	120	135	87	7	46	0	20	68	241	23	91	24	6	0	152	144	21	8	7	7	30	4	163	55	5	2	66	131	45	4	142	404	69	120	44	4	4	55	30	19	150	146	83	33	34	104	130	4	18	119	0	202	174	160	30	144	83	62	36	29	3	10	0	107	8	127	38	93	7	17	195	177	99	18	14	14	9	5	167	37	30	156	1	136	0	116	71	8	22	14	48	75	13	95	78	226	28	10	190	80	59	68	36	71	0	144	1	26	12	13	21	25	127	82	6	77	0	73	26	284	52	92	61	159	7	52	140	22	88	25	12	146	41	156	111	41	129	50	11	67	29	22	45	173	63	225	47	28	58	37	93	21	7	52	4	46	46	2	10	12	195	31	6	60	233	39	68	26	210	6	9	108	92	44	118	156	50	35	167	148	7	122	206	73	181	18	104	19	40	133	47	45	54	3	12	5	32	179	76	40	0	56	99	126	19	11	47	108	104	7	0	34	8	76	78	115	133	43	29	45	70	150	178	60	149	45	131	85	10	62	32	36	50	119	62	106	280	20	89	44	4	30	16	46	35	24	142	71	8	2	106	35	14	91	77	23	8	56	83	45	48	193	72	122	143	107	174	63	36	111	66	170	123	86	50	109	72	129	78	79	117	4	14	22	25	56	73	19	29	7	42	44	185	24	100	35	144	231	36	81	83	6	27	80	213	50	68	41	15	118	29	234	17	15	52	121	137	251	15	109	28	84	10	35	37	19	84	40	37	24	30	61	1	22	13	121	68	60	38	20	75	82	52	46	46	141	77	60	37	31	18	16	81	98	29	55	27	124	17	92	13	115	154	30	28	28	144	119	103	61	34	48	126	242	33	24	172	98	17	117	108	10	128	28	8	55	102	261	64	148	44	26	110	53	217	27	314	228	1	51	110	34	74	19	62	189	108	98	57	32	324	7	76	30	76	18	59	7	5	5	51	55	169	47	54	21	10	203	73	40	130	85	80	178	18	32	27	23	117	54	0	37	76	37	75	165	101	27	40	14	23	39	144	4	70	5	41	61	14	142	108	19	42	55	22	52	60	41	66	49	119	32	2	17	76	297	35	40	47	37	46	255	58	16	49	22	48	16	21	211	15	31	40	47	28	19	123	83	19	61	98	101	105	12	94	63	67	76	75	80	58	111	7	86	100	97	19	52	51	76	172	15	85	2	128	11	10	36	9	1	139	99	42	61	66	133	23	1	90	58	50	3	116	78	48	78	45	35	28	166	37	40	102	94	60	69	155	16
