0	0	0	0	0	0	0	0	0	0	0	0	0	0	0	0	0	0	0	0	0	0	0	0	0	0	0	0	0	0	0	0	0	0	0	0	0	0	0	0	0	0	0	0	0	0	0	0	0	0	0	0	0	0	0	0	0	0	0	0	0	0	0	0	0	0	0	0	0	0	0	0	0	0	0	0	0	0	0	0	0	0	0	0	0	0	0	0	0	0	0	0	0	0	0	0	0	0	0	0	0	12	12	12	12	12	12	12	12	12	12	12	12	12	12	12	12	12	12	12	12	12	12	12	12	12	12	12	12	12	12	12	12	12	12	12	12	12	12	12	12	12	12	12	12	12	12	12	12	12	12	12	12	12	12	12	12	12	12	12	12	12	12	12	12	12	12	12	12	12	12	12	12	12	12	12	12	12	12	12	12	12	12	12	12	12	12	12	12	12	12	12	12	12	12	12	12	12	12	12	12	24	24	24	24	24	24	24	24	24	24	24	24	24	24	24	24	24	24	24	24	24	24	24	24	24	24	24	24	24	24	24	24	24	24	24	24	24	24	24	24	24	24	24	24	24	24	24	24	24	24	24	24	24	24	24	24	24	24	24	24	24	24	24	24	24	24	24	24	24	24	24	24	24	24	24	24	24	24	24	24	24	24	24	24	24	24	24	24	24	24	24	24	24	24	24	24	24	24	24	24	48	48	48	48	48	48	48	48	48	48	48	48	48	48	48	48	48	48	48	48	48	48	48	48	48	48	48	48	48	48	48	48	48	48	48	48	48	48	48	48	48	48	48	48	48	48	48	48	48	48	48	48	48	48	48	48	48	48	48	48	48	48	48	48	48	48	48	48	48	48	48	48	48	48	48	48	48	48	48	48	48	48	48	48	48	48	48	48	48	48	48	48	48	48	48	48	48	48	48	48	72	72	72	72	72	72	72	72	72	72	72	72	72	72	72	72	72	72	72	72	72	72	72	72	72	72	72	72	72	72	72	72	72	72	72	72	72	72	72	72	72	72	72	72	72	72	72	72	72	72	72	72	72	72	72	72	72	72	72	72	72	72	72	72	72	72	72	72	72	72	72	72	72	72	72	72	72	72	72	72	72	72	72	72	72	72	72	72	72	72	72	72	72	72	72	72	72	72	72	72	96	96	96	96	96	96	96	96	96	96	96	96	96	96	96	96	96	96	96	96	96	96	96	96	96	96	96	96	96	96	96	96	96	96	96	96	96	96	96	96	96	96	96	96	96	96	96	96	96	96	96	96	96	96	96	96	96	96	96	96	96	96	96	96	96	96	96	96	96	96	96	96	96	96	96	96	96	96	96	96	96	96	96	96	96	96	96	96	96	96	96	96	96	96	96	96	96	96	96	96	120	120	120	120	120	120	120	120	120	120	120	120	120	120	120	120	120	120	120	120	120	120	120	120	120	120	120	120	120	120	120	120	120	120	120	120	120	120	120	120	120	120	120	120	120	120	120	120	120	120	120	120	120	120	120	120	120	120	120	120	120	120	120	120	120	120	120	120	120	120	120	120	120	120	120	120	120	120	120	120	120	120	120	120	120	120	120	120	120	120	120	120	120	120	120	120	120	120	120	120	144	144	144	144	144	144	144	144	144	144	144	144	144	144	144	144	144	144	144	144	144	144	144	144	144	144	144	144	144	144	144	144	144	144	144	144	144	144	144	144	144	144	144	144	144	144	144	144	144	144	144	144	144	144	144	144	144	144	144	144	144	144	144	144	144	144	144	144	144	144	144	144	144	144	144	144	144	144	144	144	144	144	144	144	144	144	144	144	144	144	144	144	144	144	144	144	144	144	144	144	180	180	180	180	180	180	180	180	180	180	180	180	180	180	180	180	180	180	180	180	180	180	180	180	180	180	180	180	180	180	180	180	180	180	180	180	180	180	180	180	180	180	180	180	180	180	180	180	180	180	180	180	180	180	180	180	180	180	180	180	180	180	180	180	180	180	180	180	180	180	180	180	180	180	180	180	180	180	180	180	180	180	180	180	180	180	180	180	180	180	180	180	180	180	180	180	180	180	180	180	240	240	240	240	240	240	240	240	240	240	240	240	240	240	240	240	240	240	240	240	240	240	240	240	240	240	240	240	240	240	240	240	240	240	240	240	240	240	240	240	240	240	240	240	240	240	240	240	240	240	240	240	240	240	240	240	240	240	240	240	240	240	240	240	240	240	240	240	240	240	240	240	240	240	240	240	240	240	240	240	240	240	240	240	240	240	240	240	240	240	240	240	240	240	240	240	240	240	240	240
0	0	0	0	0	0	0	0	0	0	0	0	0	0	0	0	0	0	0	0	0	0	0	0	0	0	0	0	0	0	0	0	0	0	0	0	0	0	0	0	0	0	0	0	0	0	0	0	0	0	0	0	0	0	0	0	0	0	0	0	0	0	0	0	0	0	0	0	0	0	0	0	0	0	0	0	0	0	0	0	0	0	0	0	0	0	0	0	0	0	0	0	0	0	0	0	0	0	0	0	0	100	100	100	100	100	100	100	100	100	100	100	100	100	100	100	100	100	100	100	100	100	100	100	100	100	100	100	100	100	100	100	100	100	100	100	100	100	100	100	100	100	100	100	100	100	100	100	100	100	100	100	100	100	100	100	100	100	100	100	100	100	100	100	100	100	100	100	100	100	100	100	100	100	100	100	100	100	100	100	100	100	100	100	100	100	100	100	100	100	100	100	100	100	100	100	100	100	100	100	100	100	100	100	100	100	100	100	100	100	100	100	100	100	100	100	100	100	100	100	100	100	100	100	100	100	100	100	100	100	100	100	100	100	100	100	100	100	100	100	100	100	100	100	100	100	100	100	100	100	100	100	100	100	100	100	100	100	100	100	100	100	100	100	100	100	100	100	100	100	100	100	100	100	100	100	100	100	100	100	100	100	100	100	100	100	100	100	100	100	100	100	100	100	100	100	100	100	100	100	100	100	100	100	100	100	100	100	100	100	100	100	100	100	100	100	100	100	100	100	100	100	100	100	100	100	100	100	100	100	100	100	100	100	100	100	100	100	100	100	100	100	100	100	100	100	100	100	100	100	100	100	100	100	100	100	100	100	100	100	100	100	100	100	100	100	100	100	100	100	100	100	100	100	100	100	100	100	100	100	100	100	100	100	100	100	100	100	100	100	100	100	100	100	100	100	100	100	100	100	100	100	100	100	100	100	100	100	100	100	100	100	100	100	100	100	100	100	100	100	100	100	100	100	100	100	100	100	100	100	100	100	100	100	100	100	100	100	100	100	100	100	100	100	100	100	100	100	100	100	100	100	100	100	100	100	100	100	100	100	100	100	100	100	100	100	100	100	100	100	100	100	100	100	100	100	100	100	100	100	100	100	100	100	100	100	100	100	100	100	100	100	100	100	100	100	100	100	100	100	100	100	100	100	100	100	100	100	100	100	100	100	100	100	100	100	100	100	100	100	100	100	100	100	100	100	100	100	100	100	100	100	100	100	100	100	100	100	100	100	100	100	100	100	100	100	100	100	100	100	100	100	100	100	100	100	100	100	100	100	100	100	100	100	100	100	100	100	100	100	100	100	100	100	100	100	100	100	100	100	100	100	100	100	100	100	100	100	100	100	100	100	100	100	100	100	100	100	100	100	100	100	100	100	100	100	100	100	100	100	100	100	100	100	100	100	100	100	100	100	100	100	100	100	100	100	100	100	100	100	100	100	100	100	100	100	100	100	100	100	100	100	100	100	100	100	100	100	100	100	100	100	100	100	100	100	100	100	100	100	100	100	100	100	100	100	100	100	100	100	100	100	100	100	100	100	100	100	100	100	100	100	100	100	100	100	100	100	100	100	100	100	100	100	100	100	100	100	100	100	100	100	100	100	100	100	100	100	100	100	100	100	100	100	100	100	100	100	100	100	100	100	100	100	100	100	100	100	100	100	100	100	100	100	100	100	100	100	100	100	100	100	100	100	100	100	100	100	100	100	100	100	100	100	100	100	100	100	100	100	100	100	100	100	100	100	100	100	100	100	100	100	100	100	100	100	100	100	100	100	100	100	100	100	100	100	100	100	100	100	100	100	100	100	100	100	100	100	100	100	100	100	100	100	100	100	100	100	100	100	100	100	100	100	100	100	100	100	100	100	100	100	100	100	100	100	100	100	100	100	100	100	100	100	100	100	100	100	100	100	100	100	100	100	100	100	100	100	100	100	100	100	100	100	100	100	100	100	100	100	100	100	100	100	100	100	100	100	100	100	100	100	100	100	100	100	100	100	100	100	100	100	100	100	100	100	100	100	100	100	100	100	100	100	100	100	100	100	100	100	100	100	100	100	100	100	100	100	100	100	100	100	100	100	100	100	100	100	100	100	100	100	100	100	100	100	100	100	100	100	100	100	100	100	100	100	100	100	100	100	100	100	100	100	100	100	100	100	100	100	100	100	100	100	100	100	100	100	100	100	100	100	100	100	100	100	100	100	100	100	100	100	100	100	100	100	100	100	100	100	100	100	100	100	100	100	100	100	100	100	100	100	100	100	100	100	100	100	100	100	100
1	0	0	0	0	0	0	0	0	0	0	0	0	0	0	0	0	0	0	0	0	0	0	0	0	0	0	0	0	0	0	0	0	0	0	0	0	0	0	0	0	0	0	0	0	16	0	0	0	0	0	0	0	0	0	0	0	0	0	0	0	0	0	0	0	0	0	0	0	0	0	0	0	0	0	0	0	0	0	0	0	0	0	0	0	0	0	0	0	0	0	0	0	0	0	0	0	0	0	0	0	83	106	137	110	38	81	186	261	145	166	99	184	21	294	300	27	86	16	18	48	5	58	3	65	146	7	86	88	126	9	23	87	58	58	101	41	85	125	93	4	100	41	196	54	49	102	26	115	33	39	84	219	43	17	96	110	40	88	90	67	17	63	50	115	176	62	88	32	14	72	81	4	260	22	95	19	20	22	85	67	168	261	201	1	129	148	148	134	207	85	3	2	5	29	10	44	27	76	33	13	140	109	156	216	1	2	211	176	165	280	35	41	51	131	256	33	21	50	63	83	47	122	62	85	73	132	298	76	134	83	62	157	38	155	24	76	91	72	71	134	76	18	74	116	17	107	131	28	72	68	49	24	84	22	60	148	93	82	63	24	41	119	101	37	74	80	19	13	167	150	69	66	48	77	175	104	220	160	132	231	34	77	92	57	55	68	80	91	170	29	131	170	264	168	73	75	224	66	106	36	103	33	68	36	58	20	93	51	86	25	135	62	109	52	93	84	33	216	23	225	161	68	133	53	91	117	109	71	28	77	86	271	95	109	166	161	66	20	18	93	183	18	273	273	156	40	55	91	254	67	90	52	84	23	73	107	165	254	40	127	75	88	26	368	95	220	98	52	146	99	234	118	135	48	67	60	117	31	161	67	80	125	204	165	11	90	69	194	71	127	56	64	96	7	87	177	56	85	299	102	237	62	183	47	146	111	121	60	135	80	110	51	24	42	71	121	40	27	94	110	170	195	131	124	44	40	56	266	104	106	44	17	52	57	110	26	156	55	71	35	100	31	86	196	93	35	240	184	45	56	52	33	53	52	113	13	170	122	110	136	59	84	472	90	73	138	91	107	74	106	50	91	87	115	94	54	117	42	43	72	142	223	90	74	206	18	93	205	177	7	54	37	74	252	67	87	13	65	229	53	139	92	75	166	79	124	92	33	164	81	17	78	57	60	25	106	199	73	156	206	50	48	170	88	124	90	113	175	134	168	95	161	125	147	73	178	115	25	16	11	142	20	51	54	98	30	187	104	166	52	121	179	28	171	131	124	46	113	48	100	25	128	42	47	50	74	304	66	126	103	129	22	289	130	22	221	216	111	73	86	151	246	94	57	23	162	74	202	49	38	110	121	8	81	86	137	100	70	99	69	92	178	93	8	106	24	82	105	106	492	151	161	40	41	72	205	108	279	107	26	62	96	100	111	126	128	295	16	90	48	78	26	133	137	59	86	140	41	92	101	154	87	127	188	42	55	120	92	47	36	240	20	98	57	73	90	190	110	68	96	175	74	221	69	590	83	51	174	160	52	32	50	90	29	99	30	39	284	41	38	72	66	192	8	30	10	71	105	127	96	60	94	239	144	154	57	240	54	93	22	78	288	381	194	79	87	33	103	257	57	117	59	43	185	21	129	32	69	101	179	25	73	112	126	55	169	50	67	53	48	67	190	175	228	111	167	61	164	61	122	78	75	156	78	142	81	135	135	352	14	53	32	86	97	54	121	86	32	95	50	29	37	4	95	54	239	88	69	131	81	111	73	96	163	203	168	73	121	40	82	80	68	267	79	70	139	78	53	74	87	100	105	122	52	47	111	62	84	61	70	95	307	86	126	21	119	48	88	63	42	76	16	67	95	65	49	21	59	8	133	257	74	47	185	104	146	21	11	60	124	29	114	56	72	38	33	94	40	39	44	194	70	152	58	150	15	225	80	270	82	29	147	42	46	113	178	461	215	100	152	17	39	55	48	122	70	34	59	19	103	109	127	118	104	293	49	281	125	116	70	207	47	83	168	78	119	133	168	80	142	38	34	29	59	50	33	152	109	123	59	39	125	161	148	79	110	135	215	326	79	40	125	115	102	79	21	93	73	208	93	198	33	95	118	161	89	24	16	49	37	54	32	76	42	74	178	165	54	121	73	195	109	78	137	2	90	106	31	113	51	109	76	19	80	306	25	56	63	123	136	255	51	38	96	71	80	162	15	97	83	55	9	66	102	106	226	268	40	51	40	135	62	37	50	53	21	81	121	72	96	104	118	75	192	56	194	136	118	186	25
2	0	0	0	0	0	0	0	0	0	0	0	95	0	0	0	0	0	0	0	0	0	0	0	0	0	0	0	0	0	0	0	0	0	0	0	0	0	0	0	0	0	0	0	0	0	0	0	0	0	0	0	0	0	0	0	0	0	0	7	0	0	0	0	26	0	0	9	0	0	0	0	0	0	0	0	0	0	0	0	0	0	0	0	0	0	0	0	0	0	0	0	0	0	0	0	0	0	0	0	0	49	31	57	190	87	26	38	12	124	93	75	124	77	66	89	183	10	32	26	48	2	192	231	53	117	46	22	61	3	43	16	171	94	49	4	26	2	108	77	119	110	289	29	37	0	35	48	10	1	41	235	11	45	33	6	92	306	4	65	40	68	82	22	67	143	66	93	4	135	72	240	29	63	25	119	136	18	16	42	0	41	15	60	51	122	14	34	9	84	112	30	0	46	61	216	63	434	13	125	131	117	41	86	104	70	38	152	66	15	159	64	83	116	11	54	22	59	72	37	222	177	357	125	171	90	94	18	136	151	94	213	7	70	64	32	33	0	62	69	113	87	40	30	142	47	36	223	141	132	82	12	109	118	219	128	44	86	76	61	114	119	147	176	71	64	151	186	35	79	95	76	16	25	56	59	79	141	340	14	295	318	127	75	38	77	175	88	70	92	30	47	34	161	158	5	101	66	130	116	29	61	101	87	46	55	168	18	61	257	204	394	82	118	55	80	192	48	139	110	86	68	60	16	145	120	54	12	180	76	71	49	156	78	163	58	57	60	70	72	295	94	140	172	127	13	35	63	21	61	56	39	54	136	74	135	143	95	58	109	49	68	82	70	125	91	10	140	121	78	86	86	187	136	22	73	179	7	17	43	158	219	78	106	100	42	16	153	82	132	53	111	42	107	135	32	35	123	157	185	128	11	58	322	64	158	154	95	176	120	164	69	7	42	154	76	23	233	145	76	91	139	75	53	82	155	222	214	124	182	37	18	83	42	165	35	254	184	90	49	53	9	76	77	75	184	37	77	254	38	106	75	156	141	30	78	106	44	58	145	123	261	133	57	7	39	107	52	63	7	51	21	59	179	190	272	43	35	61	125	135	104	283	140	52	61	115	92	12	96	78	40	352	74	281	81	129	117	99	68	121	73	391	161	9	105	34	50	170	47	29	106	17	45	81	40	156	100	161	74	88	30	112	95	53	63	201	47	92	130	53	68	101	224	15	135	56	31	41	73	43	139	182	74	147	129	215	48	31	23	17	93	41	312	115	204	78	18	43	76	89	30	76	143	37	185	60	83	134	180	66	85	79	37	81	37	312	34	72	12	72	48	49	204	36	86	92	4	104	144	22	355	194	58	81	112	15	82	94	114	26	20	23	80	134	57	72	48	25	26	87	53	121	125	71	39	140	200	79	212	129	64	123	12	131	43	42	207	61	103	159	134	28	281	73	252	28	220	52	126	38	81	67	80	24	173	54	165	200	119	63	227	83	56	111	5	151	78	61	98	90	63	128	154	108	115	117	78	135	72	181	44	136	167	42	73	233	165	66	19	140	40	29	221	117	94	149	85	67	221	155	129	44	101	60	105	23	42	57	125	118	74	66	38	28	191	151	44	53	108	56	71	132	60	87	86	321	55	16	115	51	137	120	280	9	111	111	51	147	121	47	51	169	50	136	71	360	68	15	183	17	42	120	83	154	56	122	242	85	9	80	187	93	106	136	62	319	39	217	63	173	10	84	12	175	184	245	44	115	164	56	31	190	138	22	239	79	91	121	88	66	86	94	88	23	27	134	73	267	9	73	67	209	116	187	64	44	188	57	81	131	14	60	117	75	84	305	178	12	145	74	45	40	91	43	48	58	43	84	95	40	105	41	67	139	8	21	98	19	71	67	13	83	142	46	247	106	141	395	63	160	49	120	50	183	36	81	90	186	46	48	90	132	217	36	160	32	351	173	100	101	47	5	23	201	47	6	56	177	137	48	67	68	75	26	117	133	100	137	49	82	211	139	166	55	109	50	31	21	215	56	188	116	65	37	54	52	189	89	214	137	115	71	12	108	62	22	129	195	5	37	41	132	25	78	42	201	194	194	113	91	138	100	138	109	71	73	15	65	115	195	193	289	289	91	11	336	51	84	74	192	68	65	120	216	59	82	166	115	88	93	232	136	101	121	107	67	150	97	161	104	63	236	142	37	11	155	71	26	43	11	95	39	131	108	17	170	154	75	27	88	144	70	80	93	37	52	106	155	88	80	42	78	311	65	165	2	26	69	19	160
3	0	0	0	0	0	0	0	0	0	0	0	0	0	0	0	0	0	0	0	0	0	0	0	0	0	0	0	0	0	0	0	0	0	0	35	0	0	0	0	0	0	0	0	0	0	0	0	0	0	0	0	0	0	0	0	0	0	0	0	0	0	0	0	0	0	0	0	0	0	0	0	0	0	0	0	0	0	0	0	0	0	0	0	0	0	0	0	0	0	0	0	0	0	0	0	0	0	2	0	0	0	0	0	0	0	13	0	0	15	0	0	9	0	0	0	0	0	8	0	0	0	0	0	0	0	47	0	0	0	0	0	0	84	31	0	0	0	0	0	0	0	120	0	0	0	0	0	0	0	0	0	0	0	0	0	0	35	0	0	0	0	0	0	0	66	2	0	0	0	0	0	0	0	0	0	0	0	0	0	0	44	0	0	0	0	0	0	0	0	0	0	0	0	0	0	0	0	0	61	0	56	53	72	73	11	0	46	24	41	125	40	36	2	12	0	17	0	65	0	21	0	22	0	77	3	0	12	0	0	84	95	0	0	78	0	1	1	0	73	56	6	0	7	0	0	0	75	3	74	0	0	0	0	1	113	0	0	1	0	0	0	8	12	12	0	0	0	0	138	46	0	15	0	0	0	0	32	0	2	0	80	3	12	0	129	0	0	87	175	26	7	85	0	26	0	0	0	0	30	30	35	125	234	139	43	139	180	180	51	12	59	20	7	150	74	60	108	62	94	89	291	30	54	86	145	64	195	88	89	80	14	75	26	122	75	70	131	173	130	51	153	137	235	44	47	66	19	54	134	62	32	50	195	120	97	270	58	58	162	75	93	48	69	38	301	149	130	142	52	190	0	78	223	57	173	44	107	149	176	94	48	161	12	233	52	50	65	48	125	120	98	105	114	89	44	3	46	106	26	17	93	21	85	104	62	40	84	61	199	95	73	25	108	22	83	141	33	201	75	58	149	101	50	177	83	232	71	54	106	99	181	74	111	127	185	45	147	198	94	212	238	250	191	59	34	71	63	125	243	122	109	1	54	80	286	58	22	102	8	85	22	119	60	148	67	78	72	45	280	64	150	27	79	7	33	136	92	61	61	41	49	15	107	300	83	58	61	206	151	76	19	160	66	31	55	137	274	64	181	129	58	148	96	76	125	87	123	106	93	33	195	24	67	149	129	72	340	195	96	264	44	75	181	130	39	75	99	110	33	246	124	81	223	94	162	8	209	126	133	77	35	70	55	28	49	92	67	158	79	46	110	66	49	276	61	27	91	36	32	37	3	79	17	39	120	218	167	164	107	112	67	24	11	166	97	10	20	224	106	235	77	103	36	71	78	78	93	88	57	122	193	45	57	70	118	268	49	92	47	79	170	23	31	77	42	176	37	132	230	112	131	52	68	82	77	71	23	86	122	69	56	89	91	114	97	109	125	137	41	204	257	247	80	39	165	300	118	54	329	18	33	42	168	40	86	135	89	17	131	26	65	8	33	44	42	208	34	61	46	43	161	135	15	51	80	137	13	345	132	93	47	228	190	73	34	64	81	139	33	325	85	135	77	141	59	80	52	203	110	39	51	181	2	70	5	165	77	137	119	159	12	104	132	43	76	37	187	82	49	97	115	102	210	58	66	105	64	140	78	15	240	139	92	107	196	41	208	46	24	96	181	163	144	99	33	98	189	38	31	119	14	141	72	75	54	166	22	37	92	71	77	31	32	138	13	63	36	78	11	300	67	4	247	43	198	40	80	169	34	43	130	59	135	156	314	32	127	191	69	67	18	39	124	71	35	11	182	30	241	10	128	112	75	260	63	38	132	148	11	16	102	15	127	83	44	29	81	28	41	80	60	28	75	36	48	31	30	43	97	59	27	95	20	144	172	67	25	43	98	22	104	49	121	203	154	42	198	57	102	14	35	156	20	108	29	17	39	151	173	188	47	81	29	94	337	91	76	105	260	184	130	111	40	149	72	60	140	19	126	47	241	180	152	62	87	135	202	248	40	103	24	107	79	38	254	31	159	56	8	28	28	52	101	108	157	121	18	213	144	238	204	110	221	68	97	150	46	61	38	66	50	232	63	124	72	58	271	34	69	90	181	3	17	177	32	163	64	61	77	100	84	80	151	51	14	34	230	89	10	54	115	24	72	93	244	136	129	107	154	81	29	152	58	97	88	167	112	66	122	240	52	209	119	212	197	237	211	39	107	86	47	95	23	21	18	40	71	54	83	137	116	28	58	31	84	72	59	54	220	192	80	201	67	129	50	36	21	64	155	128
4	0	0	0	0	0	0	0	0	0	0	0	0	0	0	0	0	0	0	0	0	0	0	0	0	0	0	0	0	0	0	0	0	0	0	101	0	0	0	0	0	0	26	0	0	0	0	0	0	0	0	0	0	0	0	0	0	0	0	0	0	0	0	0	0	0	0	0	0	0	0	0	0	0	0	0	0	13	0	0	0	0	0	0	168	0	0	0	0	0	0	0	0	0	0	0	0	0	0	0	0	0	0	0	0	0	0	0	0	0	0	0	9	0	0	0	9	1	0	0	0	0	23	20	0	0	0	0	4	0	0	0	56	0	0	0	0	0	27	0	0	4	0	0	6	0	4	6	4	0	0	6	0	0	0	0	0	0	20	6	0	0	15	0	0	67	0	0	0	0	0	30	0	50	0	3	0	0	0	0	0	0	0	0	0	0	0	0	18	14	0	0	0	5	0	0	4	0	2	0	0	41	66	14	46	0	0	21	40	94	8	114	234	52	22	0	0	0	0	7	2	1	37	12	25	0	0	34	106	0	0	9	0	0	112	0	67	0	69	0	44	14	131	0	0	0	0	21	25	37	2	0	0	81	17	48	28	0	0	27	11	0	25	8	13	0	51	1	0	167	0	2	0	23	0	10	0	39	10	0	0	53	88	34	15	33	0	15	53	29	0	30	10	49	0	0	22	0	0	129	0	158	108	116	61	23	7	270	14	69	36	45	78	52	121	19	11	126	126	60	150	9	55	75	150	16	94	76	63	122	151	10	198	19	44	71	135	10	32	73	223	322	76	179	88	148	0	23	65	60	22	149	100	130	58	97	164	185	163	69	79	165	134	77	59	78	147	126	123	173	215	258	29	55	14	170	24	225	253	194	120	51	59	38	207	67	165	84	21	108	17	117	42	41	86	67	168	73	89	166	245	183	217	46	191	139	61	65	130	161	127	350	54	88	39	107	61	300	3	62	196	153	232	76	333	325	96	48	32	190	24	85	38	107	43	38	20	89	64	196	8	61	85	150	93	46	108	196	1	78	52	39	145	159	21	67	76	232	110	51	258	272	205	106	188	246	82	295	80	73	76	54	165	111	290	8	174	220	224	11	52	69	65	37	70	177	14	168	181	31	133	41	98	39	131	43	86	254	119	15	28	19	63	73	105	78	189	42	57	77	67	50	106	42	177	136	12	192	67	90	71	77	46	166	277	149	56	142	197	175	237	31	69	37	45	64	165	266	70	103	200	81	184	52	77	212	135	83	37	160	131	93	17	127	76	25	53	130	75	107	148	240	73	159	50	64	61	74	33	318	64	37	55	67	81	124	137	91	100	230	225	74	15	187	497	52	75	112	89	54	44	71	60	27	120	100	10	129	47	132	117	34	19	25	183	81	24	41	49	99	90	9	135	147	9	162	96	78	57	68	43	184	31	12	95	23	175	75	90	81	45	54	23	74	111	30	86	89	49	78	63	51	110	78	183	152	85	43	74	90	75	43	94	73	207	270	191	65	89	160	233	11	52	28	222	131	117	21	27	204	154	87	66	175	205	123	514	59	82	27	109	92	193	34	43	61	97	63	19	148	69	82	61	62	103	77	169	130	76	47	56	32	71	10	44	74	153	76	88	54	15	69	204	145	171	85	103	64	256	112	104	138	128	162	44	388	78	193	119	199	86	51	77	26	87	176	61	20	40	28	168	61	189	147	69	61	90	28	126	46	177	71	155	57	94	119	46	81	109	131	98	93	170	58	82	57	51	25	188	16	185	128	200	119	174	105	179	210	28	115	65	114	37	54	184	11	111	11	155	93	231	104	88	193	47	46	87	77	61	108	43	62	152	111	56	180	70	26	184	41	91	165	120	109	165	179	176	99	37	39	241	43	52	148	43	346	13	35	143	87	293	357	115	69	186	224	95	117	135	45	152	416	33	69	75	258	101	40	88	73	88	129	153	91	72	101	171	90	60	111	94	122	87	21	113	67	52	215	109	96	16	100	111	220	205	105	41	62	120	96	53	119	39	130	64	30	84	52	15	101	240	217	57	99	84	112	126	60	82	79	41	160	104	110	95	58	113	99	266	103	66	2	114	143	111	215	51	132	60	87	188	156	174	160	84	105	141	63	90	160	71	132	146	121	160	8	66	156	135	35	124	143	84	122	25	93	182	97	46	170	275	159	137	127	149	14	118	70	185	72	50	244	20	77	149	5	201	60	57	87	64	33	317	77	2	56	82	85	70	20	89	108	99	47	10	174	123	7	135	124	30	90	328	74	86	106	42	8	117	135	186
5	0	0	0	0	18	0	0	0	0	0	0	0	0	0	0	0	0	0	0	0	0	0	0	0	0	0	0	0	0	0	0	0	0	0	0	0	0	0	0	0	0	0	0	0	0	0	0	0	0	0	0	0	0	0	0	0	0	0	0	0	0	0	0	0	0	0	0	0	0	0	0	0	0	0	0	0	0	0	0	0	0	0	0	0	0	0	0	0	0	8	0	0	0	0	0	0	0	0	0	0	0	0	0	3	65	0	0	33	0	10	0	0	0	5	0	13	0	0	0	0	0	0	0	0	0	0	0	0	0	0	0	0	0	0	0	0	0	0	0	0	3	0	0	0	0	0	1	4	0	42	0	0	0	0	0	0	0	58	0	0	0	0	0	0	0	0	0	0	0	0	5	0	0	0	0	0	4	0	0	0	0	0	1	0	0	0	0	0	0	0	0	0	0	0	0	0	0	0	0	0	26	3	6	45	10	0	0	36	41	15	145	0	29	0	1	0	2	0	0	0	25	70	0	137	0	0	0	0	10	27	174	0	0	2	0	41	0	55	37	11	4	0	0	82	26	0	0	0	87	0	0	0	0	50	44	4	7	12	0	2	34	0	4	11	32	0	0	103	185	0	1	0	9	0	0	0	0	2	22	11	116	72	0	7	107	0	115	178	181	0	31	0	24	0	33	23	30	0	0	55	169	21	85	78	15	63	72	24	70	15	234	169	38	109	17	191	49	31	133	188	134	218	76	46	83	30	135	82	63	132	67	51	35	33	53	33	61	202	139	185	150	162	146	125	145	79	80	118	60	45	54	276	33	148	88	23	210	154	99	220	118	129	172	18	54	23	71	171	21	60	180	121	44	441	35	126	352	194	65	66	94	69	0	47	28	63	103	90	11	147	160	27	11	20	31	13	67	145	141	192	127	309	114	135	10	63	40	127	22	182	52	101	130	7	108	232	118	74	50	348	18	188	145	161	20	11	100	89	120	259	105	362	68	126	49	142	75	96	51	71	98	142	41	101	196	97	56	188	112	118	6	20	109	37	201	85	60	32	14	147	103	90	251	245	62	29	23	93	50	243	165	33	61	40	75	86	132	80	30	144	131	42	47	98	89	99	66	96	83	82	110	164	77	68	91	281	12	82	101	67	43	67	48	29	93	145	80	71	84	181	77	11	100	70	100	33	114	153	73	143	208	149	84	8	44	61	82	24	17	110	180	14	246	59	182	14	7	139	199	202	115	73	260	175	21	68	118	61	81	36	48	184	282	137	147	153	62	58	20	90	60	157	134	90	65	79	115	40	108	265	140	145	225	85	66	138	128	137	126	135	206	91	55	56	92	174	73	207	43	127	67	230	94	44	153	40	174	162	15	79	40	33	28	62	114	81	8	66	75	105	45	175	181	9	93	118	36	37	131	133	34	54	82	89	81	107	2	32	182	209	56	78	150	43	152	349	153	53	35	87	44	232	118	64	389	61	86	32	90	80	105	145	84	106	75	30	20	43	135	42	70	153	85	74	90	110	89	36	14	116	99	54	75	146	135	192	19	79	17	100	82	42	48	157	48	15	60	77	80	218	172	39	67	19	61	15	136	46	39	128	120	70	33	144	57	47	206	207	67	76	28	347	187	174	35	70	53	74	242	43	46	4	126	179	17	81	101	51	4	83	119	37	172	75	45	95	66	63	260	63	105	167	19	130	64	118	121	95	86	27	95	14	178	54	68	60	19	46	3	59	54	143	104	200	25	61	211	215	71	23	63	175	43	171	206	172	73	168	51	48	61	171	77	129	147	100	32	93	94	335	114	154	122	13	69	26	94	66	66	95	130	6	146	66	80	43	174	32	115	408	97	182	95	34	74	65	164	59	45	16	146	60	124	38	46	181	15	75	36	97	63	214	193	64	121	59	66	37	122	81	35	119	212	151	89	166	13	156	96	83	79	98	248	170	40	61	112	163	149	140	71	23	43	53	181	108	128	120	116	64	174	93	47	10	18	86	121	58	69	154	126	47	140	94	62	133	108	97	35	51	39	59	80	330	41	97	128	83	51	216	40	224	222	15	89	35	182	172	32	39	102	59	212	147	108	126	110	33	43	35	23	246	22	60	16	6	183	67	44	142	63	190	47	153	225	94	72	153	42	83	108	57	149	195	102	102	76	76	282	5	70	76	52	65	87	67	182	109	88	84	40	44	284	118	135	27	36	116	122	58	33	47	57	8	19	39	100	40	228	143	16	45	118	141	182	165	51	61	146	83	54	128	252	208	77	243	96	55	8	89
6	0	0	0	0	0	0	0	0	0	0	0	0	0	0	0	0	0	0	0	0	0	0	0	0	0	0	0	0	0	0	0	0	0	0	0	12	0	0	0	0	0	0	0	0	19	0	0	0	0	0	0	0	0	0	0	20	0	0	0	0	0	0	0	0	0	0	0	0	0	0	0	0	0	0	0	0	0	0	0	0	0	0	0	0	0	0	0	0	0	0	0	0	0	0	0	0	0	0	0	0	0	0	0	0	40	0	0	0	53	0	0	0	0	0	0	11	0	1	0	0	0	0	0	0	19	0	0	0	0	13	0	0	6	24	0	0	0	0	0	0	111	7	0	0	1	0	79	0	0	0	0	0	0	0	0	0	46	0	0	0	0	1	0	0	33	0	0	23	0	0	0	0	0	0	0	0	8	0	32	0	65	0	0	0	0	0	34	25	0	0	0	0	0	0	0	0	0	0	0	0	33	0	19	50	78	0	20	158	28	0	238	45	26	20	44	4	0	0	0	0	80	40	0	8	0	3	109	0	89	194	17	4	1	165	19	14	0	25	7	17	14	0	0	65	0	41	24	79	64	0	0	0	0	193	5	5	12	0	2	57	47	63	79	102	29	45	9	0	318	10	19	60	74	0	0	0	0	33	0	27	27	0	0	57	22	0	24	5	0	0	10	0	82	30	0	0	132	34	189	0	54	48	50	27	149	189	45	109	109	109	70	96	42	160	56	94	51	38	118	141	141	122	64	25	177	215	124	27	91	93	21	43	64	80	86	34	23	233	52	165	68	70	41	114	37	34	39	71	44	391	152	56	139	30	86	198	100	4	24	116	8	36	11	150	61	202	110	69	13	25	70	120	76	185	124	99	8	73	66	121	435	53	123	194	54	57	21	41	31	94	101	274	38	84	90	84	65	29	68	67	132	52	92	82	24	55	80	38	68	75	3	101	15	59	239	197	194	186	12	43	116	94	145	160	18	9	76	90	73	160	47	43	6	19	174	119	252	30	124	46	15	62	154	161	169	98	5	126	58	171	105	97	68	260	57	8	151	131	65	143	132	422	17	66	164	78	33	10	108	189	156	123	135	33	21	244	49	129	55	206	118	171	91	42	28	128	114	60	205	60	60	146	202	112	69	94	211	11	28	11	99	38	57	68	30	367	123	58	190	197	58	12	27	29	61	82	139	130	20	46	12	53	55	181	164	110	83	149	37	114	189	8	52	165	130	133	229	42	120	144	144	92	50	53	105	50	94	66	121	32	106	121	78	152	50	20	20	86	67	104	55	126	39	34	118	189	179	29	218	52	80	35	152	68	145	65	241	79	259	27	61	86	107	50	154	125	23	51	135	26	156	26	142	78	92	39	15	158	54	72	23	44	49	212	64	239	11	103	129	56	84	58	78	116	71	30	105	4	27	41	127	161	108	73	32	62	8	144	27	14	32	130	224	89	67	70	56	74	142	86	78	166	179	42	21	49	142	86	286	81	164	99	165	183	135	95	150	194	49	105	151	120	78	56	117	26	54	41	51	62	115	70	47	33	99	65	17	20	22	184	214	67	20	80	157	127	68	50	57	135	97	262	54	80	145	217	169	245	92	88	220	39	101	44	114	61	153	192	26	186	340	64	33	34	27	296	128	94	79	105	89	112	27	71	76	110	123	312	50	109	168	113	180	54	113	135	137	299	102	43	1	114	59	45	209	104	58	85	36	59	174	184	65	61	154	124	5	29	67	100	63	66	128	242	96	55	66	129	21	181	116	55	43	59	304	184	23	39	72	18	479	84	143	168	22	50	187	304	44	81	28	42	129	85	113	86	12	86	152	102	153	77	50	167	182	341	99	104	444	51	62	52	91	66	107	126	95	76	32	107	274	66	22	81	134	87	25	32	114	140	91	309	9	147	49	148	58	46	134	36	92	50	168	241	96	68	98	93	30	72	24	58	314	51	220	16	76	93	250	202	140	105	318	79	134	45	18	141	102	123	96	20	194	189	262	88	47	32	8	49	113	244	28	105	90	46	86	11	99	108	157	28	61	55	66	253	82	33	171	57	59	220	41	202	116	226	33	81	263	58	51	44	71	150	106	100	94	91	158	33	52	34	129	49	228	122	53	180	174	176	147	124	68	36	177	105	172	130	68	205	14	47	87	122	156	97	9	34	63	114	64	107	74	76	107	42	77	148	56	144	93	149	68	78	121	119	153	191	248	37	124	266	9	57	130	149	32	61	31	55	31	82	140	188	99	242	94	51	417	124	136	282	117	105	42	131	91	275	181	290
7	0	0	0	0	0	0	0	0	0	0	0	0	0	0	0	0	0	0	0	0	0	0	0	0	0	0	0	0	0	0	0	0	0	0	0	0	0	53	0	0	32	26	0	0	0	14	0	0	0	0	0	0	0	0	0	0	0	0	0	0	0	0	0	0	0	0	0	0	0	0	0	0	0	0	31	0	0	0	0	0	0	0	0	0	0	0	0	0	0	0	0	0	0	0	0	0	0	0	0	0	13	0	0	0	0	0	0	0	0	0	0	0	0	0	0	3	0	0	0	0	0	0	0	0	0	0	0	2	0	1	0	0	0	0	0	0	0	0	0	0	0	0	0	0	0	0	3	0	0	0	0	23	0	0	0	0	21	0	0	0	0	0	0	0	0	0	0	0	3	0	0	0	0	0	0	0	0	0	28	1	0	0	0	0	0	0	0	0	28	0	0	0	0	0	0	0	94	0	0	0	0	21	81	12	12	4	3	131	1	0	46	117	22	11	31	5	136	2	0	0	0	44	0	33	7	83	0	0	124	1	28	0	0	183	0	46	0	56	59	25	0	0	0	0	22	0	186	0	24	0	13	0	0	8	187	6	0	5	0	38	26	1	0	59	2	0	0	0	84	145	0	0	0	0	0	8	87	18	0	30	35	57	95	104	9	0	93	167	4	0	26	0	1	0	0	2	74	1	5	21	158	19	74	111	130	14	135	114	169	63	37	17	203	66	55	103	7	44	280	76	107	66	191	117	106	146	37	160	48	28	160	49	138	28	26	24	84	152	77	13	45	43	47	83	257	13	44	67	47	65	55	69	44	381	55	96	145	22	81	60	118	208	27	94	151	13	37	126	104	94	86	119	61	108	185	73	127	76	106	21	83	34	118	143	7	54	5	86	0	190	35	14	60	165	101	63	27	196	121	48	76	125	29	143	28	200	101	69	80	18	108	136	12	9	140	39	110	184	202	112	63	163	15	145	105	117	82	29	295	101	187	21	89	137	147	158	129	101	229	55	174	116	80	5	74	66	83	16	30	132	25	49	135	123	115	58	85	41	195	124	130	18	42	109	116	170	54	106	11	70	117	32	189	98	174	12	99	70	108	31	83	272	207	48	253	71	59	81	46	29	55	110	86	49	85	84	42	46	21	129	54	57	240	252	173	201	119	112	200	40	119	120	198	91	41	218	49	163	60	37	50	133	214	8	37	60	75	174	150	40	146	105	41	85	59	150	90	74	62	47	131	182	87	57	27	118	36	101	35	106	199	138	77	48	87	30	1	113	50	67	59	79	74	112	58	60	60	63	101	99	69	63	9	11	123	159	33	135	79	192	240	89	96	11	34	56	56	58	83	237	57	65	302	69	49	89	72	194	27	125	189	370	7	184	23	122	178	10	143	129	64	81	63	95	139	29	96	35	135	133	36	77	118	42	46	36	90	50	1	160	85	337	56	189	31	43	43	38	137	202	24	97	71	53	189	267	67	9	23	17	86	110	74	67	301	30	30	183	65	53	117	40	35	49	167	32	117	247	40	103	171	82	59	242	58	176	149	160	34	256	86	77	129	63	36	102	298	138	69	157	71	6	103	71	189	61	26	146	81	61	88	153	64	137	95	252	91	88	188	289	65	159	75	22	73	141	290	46	21	132	75	70	20	85	57	43	103	108	63	17	238	135	141	90	61	64	41	76	80	47	46	197	113	195	32	145	170	86	64	141	161	62	185	217	111	118	173	44	75	54	114	156	132	26	164	40	17	68	32	70	129	342	244	89	94	41	166	39	146	78	59	92	78	36	92	52	25	43	37	16	7	88	21	182	119	12	103	125	244	101	51	74	162	316	73	81	82	139	175	114	54	27	81	56	327	102	289	6	80	24	43	100	299	16	193	82	126	94	123	34	27	50	70	44	26	197	30	43	12	71	76	37	105	30	110	88	62	146	18	139	41	100	110	100	74	109	32	31	54	87	11	112	98	49	177	32	87	89	183	53	146	34	44	93	190	168	96	85	93	45	195	36	304	145	45	55	24	23	13	22	67	49	182	41	30	71	96	56	11	110	91	106	308	91	60	80	157	40	124	165	75	142	112	166	93	35	26	197	245	262	191	117	153	92	9	78	101	46	111	67	51	53	80	66	93	63	108	82	154	23	95	188	97	180	22	67	73	163	80	110	70	107	48	93	77	118	54	38	21	102	274	60	155	143	10	167	128	182	147	68	102	167	54	48	100	75	45	35	31	143	145	112	150	42	83	35	29	19	248	195	26	103	59	110	38	58	13	125	20	128
8	0	0	0	0	0	0	0	0	0	0	0	0	0	0	0	0	0	0	0	0	0	0	0	0	0	0	0	0	0	0	0	0	0	0	0	0	0	0	0	0	0	0	0	0	0	0	0	0	0	62	0	0	0	0	0	0	0	0	0	0	0	0	0	0	0	0	0	0	0	0	0	0	0	0	0	0	0	0	0	0	1	0	0	0	0	0	0	0	0	0	0	0	0	0	0	0	0	0	0	0	0	0	18	0	0	0	0	27	0	0	0	0	0	0	0	0	0	0	0	0	0	22	0	0	0	1	18	0	0	0	0	0	0	0	0	5	0	0	0	0	0	0	0	0	0	0	0	0	4	0	0	0	0	0	0	0	0	0	12	0	0	0	0	0	0	8	0	0	0	68	0	0	0	0	0	0	0	27	0	0	56	0	0	0	0	0	0	116	0	0	37	0	0	0	0	0	0	0	0	0	64	0	0	94	0	0	20	7	26	188	65	8	16	0	6	0	0	0	0	4	7	112	0	112	0	0	0	0	26	5	12	0	0	51	0	0	0	8	0	0	0	19	2	24	0	0	2	0	13	18	0	0	0	123	87	0	12	0	0	122	0	6	4	67	0	47	4	85	109	0	7	99	0	0	0	0	6	123	0	0	270	22	121	3	178	6	7	0	11	0	57	0	14	21	0	0	0	11	63	5	2	50	148	115	149	65	88	80	118	143	72	25	85	36	28	19	165	64	45	23	68	34	40	26	214	38	99	41	99	12	37	180	31	11	94	48	59	162	207	143	87	77	116	30	7	5	87	169	74	53	155	74	158	120	140	145	77	51	34	61	187	63	71	184	36	89	224	54	257	104	120	118	16	121	120	115	54	6	152	108	93	211	57	6	76	54	12	100	71	30	66	70	51	99	152	185	26	123	15	58	79	84	185	110	149	60	80	79	55	14	157	57	100	65	75	82	116	96	43	43	130	156	81	172	107	143	209	55	112	100	134	131	64	57	212	28	12	52	45	52	122	123	136	42	49	89	21	83	265	19	93	142	82	259	10	80	33	89	270	159	96	173	109	183	17	50	62	103	241	33	195	57	63	64	265	167	140	75	92	243	110	87	82	105	81	84	116	158	102	24	87	31	47	90	123	80	192	92	126	105	193	34	23	138	108	188	51	124	85	46	98	166	145	73	31	31	55	41	130	296	88	35	37	65	110	41	18	92	57	17	106	91	75	103	131	160	55	149	71	228	69	78	113	47	153	82	132	32	87	148	6	230	3	306	29	136	34	152	34	29	163	138	56	39	74	38	98	82	21	30	87	80	59	139	65	11	53	128	83	147	98	22	61	39	21	153	296	105	159	170	13	96	101	150	106	23	13	81	7	392	85	136	71	328	162	192	101	40	24	88	73	36	159	129	59	201	22	85	105	57	91	195	120	208	43	9	118	80	95	17	35	56	4	4	134	86	58	80	69	136	113	90	33	50	25	30	19	58	162	88	96	26	281	76	74	32	99	76	251	96	65	209	11	66	21	174	36	115	107	54	170	99	51	43	142	88	83	36	147	37	242	101	2	230	55	65	93	103	63	81	83	95	45	107	149	54	133	79	55	145	14	11	201	16	212	67	40	181	46	91	66	42	190	212	78	72	86	85	125	159	31	107	55	124	271	355	45	112	28	80	166	33	99	78	90	230	86	191	8	136	12	91	69	157	48	250	128	100	209	107	197	74	84	201	245	443	162	6	120	103	139	110	26	228	72	37	26	94	232	416	155	42	51	285	88	96	130	232	114	130	94	88	98	179	345	41	9	22	141	37	91	235	123	130	207	105	236	64	23	122	146	42	80	31	88	42	33	132	136	36	389	199	58	66	101	56	46	116	93	142	194	100	125	130	50	92	75	126	214	273	172	213	135	57	78	23	20	83	137	109	95	212	104	66	55	71	186	63	74	72	126	137	60	38	100	45	187	71	153	75	57	170	28	118	106	34	70	105	126	102	55	32	109	211	63	5	132	225	133	38	85	56	104	89	77	37	173	44	132	116	202	34	26	30	71	95	24	207	127	85	230	145	145	69	88	63	68	27	116	59	43	253	45	68	29	62	104	194	378	72	31	124	110	34	22	71	41	43	167	120	270	205	51	211	99	118	93	63	50	1	71	49	105	75	397	36	26	73	202	122	85	90	106	96	151	50	48	84	121	65	129	57	18	18	75	224	141	34	93	28	82	93	84	233	54	89	59	74	152	30	80	102	115	175	103	161	116	127	107	67	171	60	55	22	57	100	93	91	69	83
9	80	0	0	0	0	0	0	0	0	0	0	0	0	0	0	0	0	0	0	0	41	0	0	0	0	0	0	0	0	0	0	0	0	0	0	0	0	0	0	0	0	183	38	0	0	0	0	0	0	0	0	0	0	0	0	0	0	0	0	0	0	0	0	0	0	0	37	0	25	0	0	0	0	0	0	0	0	0	0	0	0	0	0	0	0	0	0	39	0	0	0	0	0	0	0	0	0	0	0	0	24	0	0	0	135	0	0	0	0	0	0	0	0	0	3	0	0	0	0	0	0	2	0	0	0	0	9	0	0	0	4	0	20	0	0	0	12	0	0	0	17	0	0	0	64	0	0	0	0	0	0	0	27	0	0	0	0	0	0	0	0	0	0	39	1	0	0	0	0	0	0	0	0	0	0	0	0	0	1	0	0	0	0	0	0	22	0	0	0	0	0	0	37	0	0	0	0	0	0	0	91	11	0	0	0	0	28	0	51	5	27	20	0	50	0	0	83	12	0	0	8	11	2	49	0	65	0	132	67	157	82	64	0	42	0	239	0	43	0	49	0	52	65	6	41	5	196	7	79	0	0	0	0	75	126	42	0	0	0	16	0	32	6	7	15	1	24	0	45	18	0	0	0	22	0	0	170	135	3	186	109	0	14	1	139	0	55	23	19	0	47	8	4	9	0	0	17	3	98	17	70	17	86	219	173	297	7	14	36	73	184	123	143	45	17	29	23	101	224	60	86	124	174	58	3	272	145	73	195	99	170	104	25	91	234	72	238	62	75	65	42	31	179	23	100	36	161	136	24	29	126	22	25	38	43	146	59	378	164	123	35	36	22	95	164	170	66	99	21	43	43	151	41	89	38	55	69	103	223	38	183	60	94	137	49	192	83	56	12	56	319	70	227	94	100	72	28	383	133	61	29	8	205	88	65	72	22	103	46	62	19	245	63	174	96	93	92	188	39	164	99	186	81	39	46	41	299	44	218	47	75	50	48	74	72	197	118	45	132	24	289	131	187	139	86	15	75	98	99	78	24	184	105	101	43	124	149	106	196	79	55	139	77	83	18	16	88	216	169	98	79	36	114	85	143	43	148	128	92	72	196	15	86	192	71	182	167	102	79	71	248	164	132	219	74	36	17	108	83	134	88	185	61	86	50	145	46	70	138	140	96	39	235	71	67	169	114	64	131	4	114	51	196	171	41	107	126	31	27	98	224	152	33	206	65	129	268	83	188	76	116	124	121	88	313	139	48	96	26	85	333	49	41	95	54	201	61	109	159	79	73	212	141	6	123	53	75	144	254	80	140	46	38	152	26	87	59	51	135	219	138	56	165	205	48	30	42	64	297	22	24	166	299	174	12	71	51	170	54	32	216	397	65	127	43	99	75	27	70	111	50	57	36	82	73	95	220	65	37	209	55	25	44	29	14	255	131	189	66	98	143	64	94	139	249	22	101	97	103	263	67	87	90	77	90	45	107	189	139	43	29	78	42	76	197	4	38	216	266	83	51	144	147	17	211	185	1	213	51	148	20	21	84	62	42	142	224	13	262	20	56	44	215	62	194	175	145	68	68	76	61	153	41	68	154	268	236	66	41	40	171	288	187	425	36	150	43	132	25	74	36	147	77	95	61	33	131	105	110	10	112	48	77	17	16	248	30	70	55	119	89	283	277	256	94	96	75	88	131	15	133	69	178	132	33	30	154	211	194	72	73	89	169	112	99	36	100	19	104	19	116	371	20	308	91	112	50	45	15	65	38	27	59	11	276	174	19	204	43	21	183	13	94	120	64	51	168	161	182	421	38	2	206	82	29	51	102	216	13	99	60	16	36	73	59	123	66	259	59	17	207	74	72	70	55	90	56	44	70	109	35	14	33	67	51	40	14	150	9	70	57	90	9	46	81	62	138	18	55	129	195	48	129	149	45	202	15	60	115	76	205	120	44	174	58	51	162	47	139	45	317	21	83	37	140	92	134	97	36	117	62	23	131	77	74	82	202	146	273	235	64	298	28	67	33	40	153	138	30	101	79	141	70	85	109	243	94	67	133	251	112	25	27	13	121	504	99	161	98	92	80	77	13	57	161	120	108	122	56	134	45	126	33	110	59	219	52	60	25	86	32	132	40	42	55	192	47	98	144	225	162	231	257	77	218	3	377	37	194	90	63	177	26	79	166	19	93	88	163	72	85	35	12	107	80	210	45	155	55	154	76	26	98	176	152	134	9	110	43	79	327	98	66	131	71	55	60	71	126	256	176	185	35	44	85	166	46	36	273	37
10	0	0	0	0	0	0	0	0	0	0	0	0	0	0	0	0	0	0	0	0	0	0	0	0	0	0	0	0	0	0	0	0	0	0	0	0	0	0	0	0	0	0	0	0	0	0	0	0	0	0	0	0	0	0	0	0	7	0	0	0	7	44	0	0	0	0	0	0	0	0	0	0	0	0	0	0	0	34	3	0	0	0	0	0	0	0	0	0	0	0	0	0	0	0	0	0	0	0	0	0	0	0	0	0	6	7	0	0	0	0	0	0	0	0	0	0	34	0	3	0	0	0	0	2	0	0	0	25	0	0	0	0	0	0	0	0	0	0	1	0	0	0	0	0	0	0	0	0	0	0	0	0	0	0	0	0	0	0	11	0	0	0	0	0	0	0	2	0	0	0	0	0	0	0	0	0	0	0	13	0	61	0	0	0	2	0	0	0	0	12	0	0	0	0	2	0	0	0	0	30	5	1	18	0	0	0	3	14	15	0	29	101	28	130	69	23	0	0	0	0	0	159	0	76	0	0	87	7	22	0	138	0	0	93	0	57	0	53	46	65	122	9	6	4	66	0	232	0	19	11	0	0	15	35	48	25	0	0	0	8	0	102	7	52	0	20	67	0	103	23	57	12	0	0	0	21	0	3	5	44	36	123	0	96	85	0	0	0	41	12	1	34	108	136	0	51	21	0	67	27	75	32	217	200	33	274	40	6	35	53	14	63	186	63	74	60	74	14	81	67	80	11	0	157	94	123	150	60	43	54	70	124	236	176	137	0	144	28	53	158	129	106	52	86	83	17	226	56	94	82	92	119	89	70	63	59	148	49	56	225	41	53	31	45	110	111	157	59	8	83	268	122	58	34	111	55	35	102	92	5	132	117	39	63	6	131	135	93	0	28	53	147	40	289	139	88	86	52	43	117	79	55	142	10	86	205	146	75	36	226	271	165	195	67	33	93	165	14	250	131	153	8	145	99	33	45	63	121	199	74	131	132	40	73	228	100	187	56	130	80	17	21	26	92	67	230	67	83	71	116	371	223	54	128	35	102	184	55	25	45	51	177	52	34	82	124	21	67	66	20	9	153	183	35	229	59	186	74	179	51	24	96	68	117	59	195	35	34	97	72	26	17	279	202	82	54	38	194	57	23	75	34	241	34	35	367	91	170	38	55	142	167	197	18	41	39	43	17	108	35	30	38	223	74	124	228	119	173	76	178	95	86	13	50	72	117	56	32	161	71	38	166	56	229	95	258	91	11	93	190	69	165	187	19	168	109	206	86	33	34	75	66	192	103	58	73	430	56	58	39	225	225	58	86	163	145	310	34	26	56	161	124	87	62	22	23	66	88	126	89	32	53	267	173	70	133	20	51	82	235	126	93	134	29	103	38	42	116	172	88	83	23	30	145	202	34	113	61	110	51	20	92	38	9	95	162	157	123	81	28	100	58	63	201	41	221	47	24	139	41	165	52	31	107	41	144	98	75	136	59	196	28	64	58	56	57	13	24	58	62	58	22	65	123	119	41	101	75	41	159	173	45	98	175	83	13	156	208	45	111	109	47	60	107	37	131	121	18	17	79	130	66	68	8	385	87	93	72	24	6	84	1	53	36	150	20	98	149	158	165	23	168	52	225	97	102	97	171	141	34	75	270	38	71	127	85	42	72	106	60	98	143	68	122	164	28	9	59	68	60	72	105	19	199	61	156	85	196	177	135	60	71	319	50	45	74	47	71	237	85	27	38	216	80	15	9	95	86	103	121	174	28	120	59	159	114	82	119	103	193	28	170	192	33	74	9	59	87	46	210	25	85	47	85	64	51	46	195	103	166	127	114	22	74	71	135	97	141	48	31	140	151	110	136	79	104	23	154	45	162	107	59	42	25	19	48	82	23	64	131	139	54	265	266	41	95	89	22	69	194	79	45	73	92	66	114	160	56	52	120	108	346	8	72	20	6	166	171	146	166	200	54	104	59	34	49	160	82	162	130	17	60	30	71	56	103	73	68	48	99	4	200	17	22	81	34	97	50	119	181	130	75	51	140	146	111	80	66	27	157	52	103	56	8	50	203	60	48	83	12	186	100	47	37	158	82	131	22	28	61	35	117	106	64	168	28	15	186	319	158	150	71	78	22	206	89	12	15	99	14	198	6	141	68	20	44	78	10	34	33	120	49	61	57	165	63	40	74	60	158	67	54	107	159	199	256	70	68	40	77	235	59	118	76	102	155	188	81	62	28	18	46	69	57	92	27	170	85	80	139	90	201	24	49	313	45	201	60	59	76
11	0	0	0	0	0	0	0	0	0	0	0	0	0	0	0	0	0	0	0	0	0	0	0	0	0	0	0	0	0	0	0	0	0	0	0	0	0	0	0	0	0	0	0	0	0	0	0	0	0	0	0	0	0	0	0	0	0	0	0	0	0	0	0	0	0	0	0	0	0	0	0	0	0	0	0	0	0	0	0	0	0	0	0	0	0	0	0	0	0	0	0	0	0	0	0	0	0	0	0	0	0	0	0	0	0	0	0	0	0	22	0	44	0	80	0	0	0	0	0	0	0	0	0	0	0	0	0	0	103	0	0	0	51	0	0	35	0	0	11	9	0	0	0	30	0	0	0	0	24	0	0	0	0	0	0	0	34	0	0	0	0	0	0	38	42	0	0	0	0	0	0	0	0	0	0	0	0	0	0	0	0	0	12	15	0	6	36	0	0	0	0	0	0	0	0	0	1	0	0	0	82	0	21	136	0	22	6	87	117	34	26	112	17	0	78	0	7	107	48	95	0	5	0	74	0	12	8	5	13	0	231	42	0	123	3	71	0	87	16	0	0	0	0	0	18	8	17	4	241	20	0	0	153	43	84	0	25	0	45	7	123	4	123	75	30	0	40	0	47	0	0	0	0	0	11	0	17	5	0	4	13	41	19	0	158	0	128	222	104	7	0	84	65	316	20	18	13	0	87	0	175	66	18	97	61	120	44	105	30	181	172	19	80	91	33	59	74	43	189	103	93	25	79	117	92	50	87	74	21	131	151	149	5	16	23	94	140	219	205	49	103	210	56	119	24	5	31	68	30	63	137	93	69	32	22	96	47	36	226	139	124	47	126	81	223	56	82	2	98	71	280	66	191	94	88	118	44	105	61	235	228	170	159	24	50	16	117	107	39	14	186	105	90	168	225	45	89	73	89	103	141	79	22	67	59	59	74	21	157	60	60	62	203	70	24	77	25	75	121	109	99	39	118	31	87	168	59	17	140	33	178	145	85	291	32	228	132	153	106	43	48	41	195	44	77	178	62	124	32	138	53	88	40	101	155	214	185	25	69	102	113	143	17	101	116	21	217	178	58	37	124	121	21	42	64	19	138	87	26	80	130	196	59	76	320	32	120	144	83	131	60	161	108	39	69	110	46	171	38	153	86	208	119	82	99	92	74	159	75	119	93	33	92	86	36	19	126	148	90	302	74	69	194	136	166	227	128	19	90	92	147	21	68	172	167	161	92	54	321	14	120	64	3	49	10	53	86	137	227	82	77	48	67	78	43	34	272	50	96	42	181	31	61	55	56	44	23	56	83	92	99	10	32	66	40	175	72	95	33	61	147	34	49	61	100	138	58	114	79	59	240	71	8	198	153	172	179	246	96	87	60	117	99	137	125	48	115	228	49	89	57	68	33	31	46	72	33	130	143	294	42	80	8	9	211	71	149	69	176	64	42	31	55	120	29	31	217	137	32	17	41	74	96	53	84	148	5	158	53	150	112	54	6	13	47	142	24	159	145	126	121	212	89	184	17	54	87	80	68	192	170	31	203	84	45	150	73	48	97	43	91	207	49	110	26	195	118	24	258	170	49	29	68	87	81	143	16	86	100	5	10	57	6	157	135	261	192	138	124	52	67	127	121	80	211	181	28	153	75	56	14	158	52	151	63	18	71	90	208	72	88	64	70	93	158	69	39	54	17	170	122	104	43	50	144	59	162	182	192	59	43	70	147	119	66	318	207	150	188	65	227	75	40	113	30	132	5	78	88	212	157	63	125	159	52	12	185	61	155	162	76	62	48	61	84	142	32	165	29	78	179	174	131	79	119	35	80	175	58	116	140	54	124	67	86	54	109	24	3	126	93	313	152	142	11	161	58	62	98	34	17	279	124	59	160	107	18	97	102	28	171	133	93	21	60	31	139	133	108	143	99	54	136	25	84	131	77	143	18	27	156	43	124	11	160	72	53	96	88	113	80	138	98	84	109	35	153	52	184	20	62	161	48	94	108	159	59	19	70	177	89	120	43	29	20	223	147	35	99	33	67	60	73	61	200	41	136	42	88	152	13	36	196	40	185	77	14	22	53	184	206	60	168	65	114	26	64	13	83	110	56	117	28	104	74	24	113	47	80	127	59	123	59	69	24	54	29	42	84	173	243	25	66	182	77	33	23	215	185	103	127	65	81	121	176	59	88	54	140	116	79	63	12	218	22	89	137	175	100	278	52	32	107	54	107	71	234	58	40	157	63	114	115	137	73	31	74	12	124	110	158	45	116	123	65	22	66	118	19	41
12	0	0	0	0	0	0	0	0	79	0	0	0	0	0	0	0	0	0	0	0	0	0	0	0	0	0	28	0	0	0	0	0	0	0	92	4	0	0	0	0	0	0	0	0	0	0	0	0	0	0	0	0	0	0	0	0	0	0	0	0	0	0	0	0	0	0	0	0	0	0	0	0	49	0	0	0	0	0	0	0	0	0	0	0	0	0	0	0	0	0	0	0	0	0	0	0	0	0	0	0	60	0	99	0	0	20	0	0	54	26	0	7	0	0	0	0	0	0	0	0	0	22	0	21	17	4	0	0	0	0	0	17	35	0	0	0	0	0	0	12	4	0	0	0	0	0	0	0	0	0	0	0	0	0	0	0	0	0	0	0	1	0	3	11	0	0	0	0	0	0	0	11	0	41	0	0	0	0	7	0	8	16	7	0	0	0	0	54	26	0	0	0	0	0	0	0	0	0	0	0	41	14	16	32	21	0	30	21	0	7	135	62	91	67	12	47	17	0	0	11	55	40	49	76	107	79	11	0	19	0	47	6	30	15	0	117	0	3	24	121	1	0	0	58	71	10	46	82	114	0	0	1	3	51	6	13	35	0	0	121	0	41	19	15	0	72	8	0	11	95	1	0	0	6	0	24	38	77	33	3	97	47	154	44	81	0	4	6	82	6	40	42	52	25	1	0	49	7	62	45	64	203	22	63	150	47	93	120	50	138	19	19	309	49	54	24	57	77	21	118	118	30	164	117	281	22	155	20	80	32	148	27	146	7	46	44	40	163	50	294	128	33	137	36	118	3	129	23	7	74	15	120	134	182	236	18	5	142	124	28	71	115	98	162	44	136	53	53	65	82	121	126	103	178	181	35	119	61	50	11	24	95	145	43	129	173	179	35	153	55	135	31	66	23	117	73	43	15	114	139	86	71	76	265	79	202	32	48	14	86	174	59	93	49	57	17	316	37	91	30	39	171	33	25	60	48	111	42	140	147	31	37	17	68	30	87	240	117	154	179	134	86	24	188	126	142	199	67	148	22	28	218	241	114	93	21	65	204	146	101	101	170	116	186	141	42	79	27	71	54	81	74	93	40	117	32	87	131	45	10	42	121	226	113	124	38	69	150	40	52	147	157	61	62	39	103	24	220	72	14	62	37	58	4	233	39	171	310	178	11	73	159	55	269	108	4	134	203	90	137	106	56	192	230	71	84	49	90	209	117	76	148	72	12	165	135	108	37	56	102	33	108	43	44	66	32	200	81	44	224	85	35	143	96	11	57	58	67	41	66	119	77	114	51	177	122	75	47	110	7	54	311	84	90	57	30	28	16	106	239	72	106	160	132	99	44	63	73	65	69	31	151	174	47	24	99	47	168	73	151	43	323	107	112	134	141	18	79	94	81	170	366	98	303	150	93	122	88	262	69	50	70	246	28	232	134	57	89	56	143	188	36	172	119	191	0	163	49	62	20	180	17	65	12	47	100	145	142	51	145	157	92	53	112	47	298	88	32	94	234	79	36	65	59	63	26	50	164	37	81	123	104	153	225	117	153	72	6	141	23	37	78	32	53	55	81	93	100	27	175	79	186	144	45	54	164	33	149	43	43	30	145	48	62	43	162	113	7	192	86	54	64	115	113	48	64	120	51	203	30	62	37	37	77	125	212	63	71	70	19	147	65	116	63	88	38	216	163	202	160	88	195	88	31	259	33	57	53	183	24	86	48	56	79	110	44	50	412	156	190	15	193	9	205	77	83	36	42	26	35	47	339	136	88	96	133	128	306	193	157	33	137	98	18	58	155	69	204	272	97	34	134	50	90	59	25	82	25	79	111	252	169	40	529	226	55	82	182	52	11	34	129	81	87	64	97	95	154	172	35	308	68	40	12	26	32	78	66	19	117	58	289	104	93	212	174	25	61	156	265	53	120	31	118	42	72	117	55	46	40	39	80	116	234	150	43	142	49	62	45	151	83	103	34	39	57	369	53	212	23	63	79	208	50	56	36	103	79	172	107	78	136	115	246	107	155	44	88	120	221	251	22	143	78	32	71	103	110	91	299	199	79	77	58	165	219	47	55	114	132	150	67	186	27	137	72	79	90	45	116	24	165	61	9	169	99	82	95	163	75	44	100	115	83	60	163	155	102	22	57	36	76	267	95	16	51	41	139	192	17	29	184	36	153	98	40	176	162	198	79	115	84	104	126	76	161	96	174	334	76	106	14	274	132	53	151	22	22	183	60	6	37	32	118	39	86	66	51	59	18	157	52	96	115	42	35	174	82	9	68
13	0	0	0	0	0	0	0	0	0	0	0	0	0	0	0	0	0	0	0	0	0	0	0	0	0	0	35	0	0	0	0	0	0	0	0	0	0	0	0	0	0	0	0	0	0	0	0	0	0	0	0	0	0	0	0	0	0	0	12	0	0	114	0	0	0	0	0	0	0	0	0	0	0	0	0	0	0	0	0	0	0	22	0	0	0	0	0	6	0	0	0	0	0	0	263	4	0	0	0	0	0	0	60	0	14	0	0	0	0	0	0	0	0	0	0	0	0	9	11	54	0	0	0	1	0	13	0	0	0	0	0	0	0	0	0	0	0	0	0	38	21	0	0	0	0	0	0	0	0	0	0	0	0	0	0	22	0	0	0	0	16	0	0	0	0	0	0	0	0	0	0	16	2	0	26	0	3	0	0	0	0	0	0	0	0	0	0	0	0	0	0	4	0	0	0	0	0	0	0	4	109	3	0	183	0	0	0	122	143	0	93	76	0	0	40	0	27	12	12	18	2	5	6	18	92	5	1	0	61	0	140	0	17	45	4	20	0	75	0	26	0	10	0	2	0	101	640	75	40	0	45	0	0	2	60	169	5	49	0	104	0	27	38	103	0	72	17	15	71	18	27	0	0	2	0	90	0	15	0	46	199	8	0	0	228	16	8	4	0	13	137	56	0	0	83	5	46	8	158	1	223	64	34	15	204	10	83	61	40	77	68	77	122	47	59	47	41	85	141	94	59	43	139	15	166	162	142	19	32	101	33	9	69	38	101	45	65	90	68	61	12	60	46	19	73	41	66	111	65	110	106	66	137	92	92	58	131	19	147	48	25	105	21	56	202	78	155	6	43	125	89	73	266	219	23	121	364	325	143	195	233	153	24	64	47	67	44	28	315	16	23	60	96	17	94	92	97	92	165	29	86	66	49	295	173	4	44	37	119	101	136	36	64	44	64	128	70	150	34	11	92	57	33	100	110	20	528	15	147	26	32	25	20	64	50	167	148	35	259	82	97	49	83	35	245	144	61	68	142	90	65	46	124	5	271	295	62	79	28	49	113	43	190	138	212	51	82	182	43	91	201	136	10	220	55	91	39	11	14	15	32	32	109	84	77	56	71	18	64	19	69	84	78	107	113	87	74	82	78	113	92	19	232	156	132	51	72	75	93	137	56	93	228	16	74	310	173	37	18	26	24	53	37	172	200	82	52	41	16	61	93	60	103	52	121	103	78	277	63	159	59	104	96	25	25	131	105	102	40	140	147	56	69	201	129	46	68	83	8	64	76	146	13	134	17	31	23	174	109	39	80	58	58	159	245	220	102	34	67	35	43	90	223	94	70	177	25	76	60	36	55	136	62	62	21	168	88	60	90	44	209	110	82	76	195	33	281	49	23	31	39	64	95	23	98	200	30	85	38	96	36	44	105	62	121	185	59	110	44	46	56	60	33	199	31	42	72	25	87	48	109	110	123	60	75	60	113	35	71	110	35	44	19	119	80	77	151	116	267	148	181	74	27	86	98	191	16	99	76	183	21	57	85	81	91	132	113	208	65	66	140	61	20	10	228	81	49	81	97	32	47	191	116	60	91	131	205	48	51	181	111	32	94	174	115	52	64	52	22	31	149	66	13	147	49	98	54	13	93	51	54	114	104	156	137	79	117	189	191	91	128	93	61	151	104	113	224	4	48	36	10	63	115	37	167	105	139	33	21	220	99	127	33	70	74	31	260	63	144	143	53	118	241	196	59	135	59	83	120	254	198	126	57	278	256	11	185	23	94	14	108	41	101	49	54	52	96	156	182	274	10	135	39	17	54	95	91	71	109	94	79	61	198	29	48	67	191	65	85	109	221	97	59	91	109	184	84	114	85	31	132	139	40	128	102	127	105	9	69	15	107	90	93	111	74	171	59	78	30	52	165	15	50	87	24	154	49	50	80	105	39	31	284	157	175	35	10	106	159	160	60	111	95	87	69	91	101	63	40	188	153	86	150	96	34	119	31	289	43	137	94	102	153	165	38	17	150	208	73	231	72	25	108	232	59	47	253	140	30	25	217	241	53	77	60	128	41	20	114	92	70	115	212	138	16	143	31	107	356	68	156	105	221	25	48	56	67	63	19	58	62	76	107	226	170	146	56	36	108	111	82	69	118	164	126	89	143	203	82	36	106	32	168	70	52	124	228	115	51	134	75	18	143	24	120	23	117	128	146	43	116	204	42	184	79	31	75	28	131	22	65	190	70	47	208	30	14	153	83	132	88	34	130	319	93	63	142	107	41	29
14	0	0	0	0	0	0	0	0	0	227	0	0	0	0	0	0	0	0	0	0	0	0	0	0	0	0	0	0	0	0	106	0	0	0	0	0	0	0	0	0	0	0	0	0	0	38	0	0	0	0	0	0	0	0	0	0	0	0	0	0	0	0	0	0	0	0	0	0	0	0	0	0	0	0	4	0	0	0	0	0	0	0	0	0	0	0	0	0	0	0	0	0	0	22	0	0	0	0	0	0	0	0	23	0	62	0	0	0	0	0	0	0	0	0	0	0	0	0	0	0	0	0	0	52	9	0	0	0	0	0	0	0	30	0	0	4	0	0	2	0	0	0	0	0	0	19	0	0	0	0	0	0	0	35	75	8	15	3	0	0	0	0	0	0	0	0	0	0	0	0	0	0	0	0	0	93	30	0	0	0	0	0	0	0	0	0	43	28	0	2	0	0	0	30	0	0	0	0	0	0	95	0	88	88	0	14	21	102	15	0	129	1	0	0	0	0	0	4	5	54	0	182	0	68	0	7	23	171	12	11	123	74	49	74	0	1	23	37	0	86	7	16	0	0	0	0	147	1	108	0	0	0	0	1	69	0	8	0	0	165	0	0	33	115	95	44	0	0	56	0	0	6	0	35	0	0	0	7	0	65	123	33	16	53	110	0	13	161	0	0	9	0	107	82	0	16	11	41	83	0	23	106	85	47	103	80	141	61	13	75	44	45	80	138	93	225	52	91	22	188	19	138	57	32	137	167	127	133	69	75	79	33	27	65	127	47	69	162	15	2	55	71	139	126	68	66	104	47	93	53	34	121	129	106	179	43	118	214	394	24	215	19	286	48	170	75	99	144	44	50	1	60	175	51	33	77	108	67	32	27	64	102	159	168	74	58	68	152	5	27	71	74	0	45	24	89	129	25	17	62	70	233	42	142	149	41	110	164	98	287	5	187	302	54	109	16	210	95	15	38	251	59	375	129	26	40	50	161	28	161	79	55	122	10	61	85	197	113	77	34	69	151	35	35	152	126	59	111	179	69	72	9	109	71	12	122	381	44	165	46	20	97	81	26	135	30	37	156	88	20	82	137	414	49	76	23	106	132	108	229	25	135	162	136	90	149	199	70	50	25	39	191	193	238	214	210	184	20	68	86	59	47	111	83	229	116	17	108	228	33	46	54	154	97	98	52	30	174	17	257	181	187	57	112	182	257	151	128	141	75	183	126	328	158	76	33	219	98	194	169	243	72	161	132	111	34	14	33	13	94	64	103	177	183	209	61	186	151	180	26	79	157	95	165	26	164	81	259	43	66	80	75	94	34	228	87	149	69	130	28	123	61	63	122	118	52	68	80	47	66	48	238	77	198	195	44	116	187	67	66	28	176	52	81	94	18	34	142	127	81	50	184	14	93	40	45	46	71	23	114	33	33	83	31	147	158	111	24	129	38	3	68	28	146	143	179	63	44	169	28	210	197	56	68	32	54	105	77	185	22	265	135	65	129	20	97	114	55	56	115	42	252	39	186	30	67	118	26	96	85	53	44	71	128	157	94	84	155	206	32	108	29	241	70	31	52	42	79	82	35	282	36	50	27	115	155	29	54	67	57	150	65	49	138	166	191	90	87	133	82	76	11	59	113	51	69	41	55	56	91	170	65	10	121	96	38	182	42	104	82	37	174	300	38	207	138	113	89	70	76	111	138	28	46	53	6	182	148	226	267	37	6	211	83	190	107	47	11	135	75	71	8	51	169	91	96	134	176	43	104	35	90	49	36	31	28	149	43	69	64	68	134	104	10	33	198	144	44	133	183	19	249	109	225	64	122	200	96	134	159	113	39	64	193	40	80	89	78	105	9	195	174	106	208	108	44	15	155	123	74	180	100	279	219	104	86	82	98	46	90	15	58	200	161	48	186	55	29	173	138	14	31	51	107	11	80	172	66	165	37	174	94	70	115	286	143	36	124	22	61	4	206	73	85	91	100	26	130	95	88	140	54	119	70	69	37	183	121	131	106	24	186	145	130	148	38	55	88	24	108	62	73	132	125	335	166	83	171	138	188	104	57	66	126	185	18	113	130	107	102	59	69	89	66	109	61	37	189	138	172	35	38	140	240	28	77	90	49	180	14	243	181	160	150	24	40	85	39	66	204	73	121	84	42	121	46	70	165	60	62	30	125	102	100	38	66	115	81	63	57	281	58	116	31	249	291	239	51	89	101	24	32	122	139	26	9	160	60	125	10	91	30	384	49	123	339	272	72	64	61	130	12	93	175	14	97	141	70	153	111
15	0	0	0	0	0	0	0	0	0	0	0	0	0	0	0	0	0	0	0	0	0	0	0	0	0	0	0	0	0	0	0	0	0	0	0	0	0	0	0	0	0	0	0	0	0	0	0	0	0	0	0	0	0	0	0	0	0	0	0	0	0	0	0	0	0	0	0	0	0	0	0	0	0	0	0	0	0	0	0	0	0	0	0	0	0	0	0	0	0	0	0	0	0	0	0	0	0	0	0	0	0	0	0	0	0	52	0	0	0	17	0	0	0	0	65	0	0	0	0	0	0	0	0	0	0	0	0	0	0	0	0	0	0	0	2	0	0	0	1	0	0	0	0	0	0	0	0	0	38	0	0	0	0	0	0	0	178	0	0	11	0	0	0	0	76	0	0	0	0	0	0	0	0	0	0	4	0	0	0	0	0	0	0	0	0	0	0	0	0	0	0	0	0	0	0	0	20	0	2	0	84	0	27	55	4	0	6	46	36	72	210	52	29	0	0	0	0	0	0	0	0	111	0	0	33	0	0	2	102	0	18	12	0	3	0	65	0	61	0	9	11	0	6	2	0	3	492	23	205	0	71	0	29	0	102	2	0	0	0	0	0	22	13	135	5	42	9	0	41	0	0	23	0	0	0	0	0	0	48	37	42	0	0	36	42	0	13	48	0	0	5	0	2	0	0	13	70	7	132	52	55	50	6	4	84	60	59	201	76	156	91	150	19	154	23	62	143	270	76	8	164	76	72	94	127	126	41	175	19	34	1	76	92	112	73	150	124	147	30	73	156	3	160	208	102	4	79	61	16	41	23	95	250	52	27	275	40	9	53	111	14	78	31	333	50	139	81	37	105	15	15	29	127	62	153	175	13	45	202	97	86	18	301	22	26	48	20	15	19	96	51	195	76	156	13	71	53	96	35	170	128	128	142	125	43	24	126	153	171	111	77	251	116	13	160	36	218	134	47	140	188	112	8	46	105	14	198	53	3	306	74	56	68	31	88	96	43	86	91	45	66	61	99	169	178	85	97	63	3	41	36	102	65	72	83	91	144	61	70	15	7	220	65	69	208	62	27	52	125	217	100	12	54	141	34	32	45	84	48	101	183	103	58	168	25	67	26	146	146	40	52	74	120	55	37	102	207	25	116	68	97	397	19	101	107	112	57	126	115	27	8	116	81	63	191	50	126	27	52	85	50	66	60	128	124	120	69	23	143	22	117	31	75	69	10	169	60	36	26	152	101	21	82	32	157	8	68	93	132	222	130	45	75	88	143	62	81	64	21	101	111	12	18	139	36	96	113	122	212	9	104	104	44	67	120	34	47	72	23	208	45	129	131	111	59	13	70	127	111	58	69	30	92	35	101	42	82	78	112	53	16	369	59	112	41	350	18	134	55	114	27	54	44	95	85	222	78	78	34	10	13	29	97	88	32	91	81	80	127	36	204	305	48	133	183	125	28	41	52	71	125	136	227	18	124	82	102	216	80	24	139	44	130	29	67	151	44	112	69	198	21	4	85	197	111	27	90	79	34	57	58	196	340	169	48	70	77	53	61	23	61	103	74	58	111	42	44	113	74	170	62	80	133	156	80	38	93	47	12	35	43	86	40	15	37	59	117	129	106	197	391	113	26	26	23	72	110	149	104	248	72	66	93	43	38	56	41	27	93	101	183	112	104	15	33	124	91	25	16	97	60	34	37	54	107	88	119	123	148	206	123	137	93	43	123	90	126	79	138	96	87	141	85	249	135	55	75	48	33	165	92	44	84	264	116	107	77	18	88	174	104	164	31	177	160	151	31	242	27	161	46	232	38	144	38	67	118	76	146	176	50	97	119	7	68	193	193	98	217	28	42	58	58	110	29	226	78	60	24	80	116	45	32	134	103	26	203	132	226	143	63	86	63	93	34	107	132	106	166	164	127	75	165	14	104	92	202	32	20	3	97	32	137	8	144	139	32	88	97	80	62	12	28	52	149	147	216	27	18	92	40	92	42	159	148	40	134	60	54	159	24	118	92	26	150	86	311	214	185	66	208	86	90	26	233	12	166	123	100	104	83	88	94	161	13	41	75	19	69	34	62	104	147	31	129	205	70	163	112	108	33	211	108	52	63	31	77	67	181	179	50	186	136	28	79	126	29	131	9	221	68	188	70	136	37	42	193	186	75	57	240	137	29	152	113	78	346	35	7	57	135	33	36	75	190	57	69	103	352	225	121	57	129	81	261	204	190	110	24	211	86	237	45	149	120	74	31	18	146	172	145	27	78	297	89	118	121	49	105	76
16	0	0	0	0	0	0	0	0	0	0	0	0	0	0	0	8	0	2	0	0	0	0	0	0	0	0	0	0	0	0	0	0	0	0	0	0	0	0	0	0	0	0	0	0	0	0	0	0	0	0	0	0	0	0	0	0	0	0	0	3	0	0	0	0	0	0	0	0	0	0	0	0	0	0	0	0	0	0	0	0	132	0	0	0	0	11	0	0	0	0	0	0	0	0	0	0	0	0	0	0	81	0	6	30	0	0	0	0	0	7	0	0	0	0	0	0	0	0	0	0	4	0	0	0	0	0	0	0	0	0	0	0	0	0	0	0	0	0	0	0	24	0	0	0	0	0	0	0	0	0	0	0	0	0	0	0	22	0	0	0	0	0	0	0	0	0	0	0	0	0	24	0	0	0	0	0	0	0	0	0	0	0	0	0	0	128	2	0	0	0	0	0	0	0	0	0	55	60	0	0	69	42	18	52	19	0	44	30	232	0	113	32	56	64	50	0	71	0	187	0	44	36	5	92	5	40	73	71	0	52	127	0	42	34	0	339	0	57	3	13	0	0	0	0	0	30	34	21	52	0	32	0	4	57	64	109	4	3	62	25	67	2	2	46	18	1	3	0	310	63	0	10	0	2	24	0	0	0	0	14	55	29	95	7	120	0	3	210	38	0	28	0	0	48	0	17	0	31	24	13	192	59	94	53	22	28	22	101	32	116	43	3	76	44	19	11	166	58	26	14	19	149	55	244	18	192	83	95	53	295	196	38	59	111	54	40	114	205	67	88	177	24	118	39	101	12	20	20	87	101	51	10	109	52	104	115	37	370	19	72	39	25	32	4	110	32	57	90	180	41	46	57	77	43	86	87	52	82	107	261	29	78	79	94	89	50	26	276	34	46	10	141	80	61	52	3	71	139	104	153	118	61	57	244	88	114	131	40	5	93	47	143	24	80	103	142	60	110	66	144	50	105	42	122	55	149	21	92	93	78	34	7	65	55	24	62	76	22	147	62	50	6	96	66	112	70	66	38	144	27	125	31	56	180	140	49	113	33	24	57	103	78	176	79	303	232	106	21	26	81	101	82	166	68	61	26	5	38	81	26	112	202	148	41	59	253	127	259	126	33	56	103	21	57	63	79	194	139	4	127	37	143	15	166	57	42	145	39	202	74	14	146	62	0	73	29	64	135	216	127	101	113	37	81	49	178	156	117	79	8	117	134	160	298	323	35	9	20	85	93	74	17	43	108	82	196	264	225	76	159	108	51	57	125	132	56	183	140	116	95	211	236	122	51	39	376	18	144	161	36	37	53	60	27	150	131	119	107	107	157	85	135	95	82	100	151	55	90	91	75	75	126	88	138	16	34	54	43	72	222	77	54	60	34	45	67	21	82	48	56	140	143	24	148	22	122	192	30	43	116	75	67	81	177	42	167	195	15	162	7	123	84	83	130	13	78	151	21	56	47	57	60	131	149	84	108	74	107	27	87	33	48	47	95	76	178	22	78	113	73	35	26	23	47	187	88	95	199	53	113	55	97	107	136	47	76	20	13	46	178	27	65	150	13	143	208	112	119	139	32	91	92	6	130	60	53	85	20	90	6	83	168	174	88	68	140	215	184	113	43	20	142	17	59	277	22	20	46	114	45	17	57	23	89	84	24	17	44	155	130	130	14	17	99	136	100	199	120	39	63	102	59	73	34	29	44	94	81	51	174	170	89	135	65	219	73	86	73	175	140	40	96	118	166	298	56	13	118	13	48	124	176	141	79	45	129	49	10	52	163	290	190	95	14	162	176	320	81	121	58	66	123	72	160	5	94	30	175	139	224	128	64	303	27	108	92	64	97	164	50	234	114	72	24	62	81	82	87	19	121	70	104	215	224	17	45	30	290	16	188	91	23	68	300	33	77	18	79	68	197	163	64	124	61	291	109	51	24	143	214	217	198	55	171	193	200	26	152	14	76	72	128	59	216	64	100	227	75	45	101	73	34	223	57	49	27	90	56	106	133	28	194	15	84	11	94	53	163	16	161	153	75	20	66	27	24	163	140	109	64	51	172	108	80	106	124	13	164	66	208	171	147	288	115	80	282	65	81	49	71	40	160	22	83	71	188	112	112	91	27	227	115	189	245	56	31	167	69	170	202	119	13	92	157	54	55	258	59	39	36	159	135	92	29	102	29	99	33	205	233	64	304	187	51	103	259	47	77	31	63	19	76	33	125	13	263	261	92	186	198	102	21	83	116	87	181	98	39	116	46	86	27	27	100	102	31	19	246	345	69
17	0	0	0	0	0	0	0	0	0	0	0	0	0	0	0	0	0	0	0	0	0	0	0	0	0	9	0	0	0	0	0	0	0	0	0	0	0	0	0	0	0	0	0	0	0	0	0	0	0	0	0	0	0	0	0	0	0	0	0	10	0	0	0	1	0	0	0	0	0	0	0	0	0	0	0	0	0	0	0	0	0	0	0	0	0	0	0	18	0	0	0	0	0	0	0	0	0	0	0	29	0	0	0	0	17	44	0	1	0	0	21	0	0	33	0	0	0	0	0	0	0	0	0	0	0	0	0	46	0	0	0	0	10	0	0	0	0	11	0	0	22	4	0	2	0	0	0	0	0	0	0	7	0	0	0	0	0	0	0	0	0	8	0	0	0	0	0	0	0	0	0	0	0	5	0	0	0	0	0	0	0	0	0	0	0	0	27	0	118	0	0	0	0	0	0	0	0	0	0	6	66	0	0	74	0	1	23	83	0	0	85	135	71	11	69	0	0	0	0	0	0	122	105	15	1	8	3	0	0	21	7	21	0	112	0	161	0	17	12	27	132	0	6	2	1	0	94	0	69	0	14	0	0	36	152	27	0	0	2	12	1	147	13	57	13	16	0	0	136	22	0	0	0	3	0	3	16	4	0	11	84	57	1	42	48	0	0	1	14	0	53	56	163	0	0	0	60	0	96	1	77	63	71	108	39	194	11	117	19	39	357	77	57	63	130	89	138	81	89	32	84	18	116	198	245	94	135	112	55	111	52	30	104	160	186	158	62	12	40	56	98	139	103	249	148	3	78	16	70	164	104	53	206	69	106	8	52	64	79	53	39	65	37	100	58	84	45	199	15	180	135	32	24	122	12	154	18	138	96	23	41	135	114	30	198	82	178	104	9	145	131	93	165	50	26	83	151	103	26	49	64	39	67	56	73	149	92	186	85	108	245	104	271	21	103	187	89	37	74	108	224	47	214	12	21	122	44	40	151	162	41	75	100	83	106	59	114	107	143	30	62	129	142	34	212	73	59	140	70	125	109	198	147	139	211	53	254	107	145	183	30	105	60	131	42	104	9	38	97	301	184	84	46	15	216	197	118	47	174	66	66	172	134	141	77	36	50	90	159	69	112	79	50	70	34	23	131	73	216	104	49	100	133	95	71	132	305	25	136	80	191	20	28	199	182	4	14	52	40	31	16	141	96	71	154	21	110	83	43	12	114	103	72	12	39	37	67	79	73	102	95	59	194	90	160	35	121	179	36	116	93	69	50	98	171	58	105	44	275	49	399	50	21	341	63	130	76	54	54	45	93	168	15	66	180	36	128	128	76	280	26	143	14	94	114	79	219	41	31	65	160	40	94	60	24	229	28	40	189	85	154	44	52	114	58	109	11	43	42	199	17	28	131	59	91	32	84	175	216	23	24	26	62	55	93	15	130	136	59	111	43	62	79	40	118	155	172	49	108	65	85	57	11	64	101	16	27	174	26	64	59	57	178	15	136	177	23	79	44	116	81	187	212	30	97	109	63	33	78	58	101	331	31	231	43	357	44	86	147	52	32	271	131	15	18	50	262	127	118	94	74	80	76	36	21	275	58	30	35	210	80	182	203	9	70	24	112	61	134	51	205	24	119	10	190	58	129	87	21	80	93	29	170	24	73	63	104	81	96	3	13	217	158	95	20	190	80	67	36	93	68	185	138	102	65	184	105	39	85	86	97	150	117	95	120	183	31	75	228	32	20	85	54	162	143	62	125	211	121	218	78	64	47	29	133	356	132	214	45	66	37	69	48	112	70	149	43	75	41	116	48	94	52	111	261	48	83	240	21	55	199	61	211	42	182	10	126	129	76	186	43	169	37	17	17	17	49	18	174	74	31	74	47	90	49	67	73	37	89	52	124	119	68	103	87	158	61	83	140	443	54	85	35	55	36	192	163	47	49	49	133	92	49	280	32	189	40	171	68	10	82	47	221	71	7	44	67	41	426	88	149	125	51	59	94	42	50	62	60	52	59	53	75	10	83	143	280	67	95	14	58	29	117	128	55	77	262	36	38	115	36	96	91	124	136	123	23	88	27	111	48	175	166	205	87	43	356	107	50	179	234	110	13	26	263	50	41	129	44	25	14	104	31	154	359	133	24	79	60	187	131	73	221	40	39	15	266	39	290	55	133	85	95	91	13	115	64	104	165	113	145	280	19	85	88	32	73	108	43	90	109	99	94	30	8	35	37	44	17	59	31	99	15	65	40	57	198	37	45	85	278	146	208	77	87	14	54	15	189	34
18	0	0	0	0	0	0	0	0	0	0	0	0	0	0	0	0	0	0	0	36	0	0	0	0	0	0	0	0	0	0	11	0	0	0	0	0	0	0	0	0	0	0	0	0	0	120	0	0	0	0	0	0	0	0	0	0	0	0	0	0	0	0	0	0	0	0	0	0	0	0	0	0	0	0	0	0	0	0	0	0	0	0	0	0	0	0	0	0	0	0	0	0	0	0	0	0	0	0	0	0	0	0	0	0	9	0	15	0	0	0	3	0	0	0	0	0	0	0	0	0	0	3	0	0	0	0	19	0	9	0	0	0	0	0	0	0	0	0	0	0	0	0	0	0	0	0	12	0	0	3	0	0	0	0	0	0	0	0	0	0	0	0	0	0	0	0	0	0	0	0	0	0	0	0	78	0	0	0	0	0	0	0	0	1	0	49	0	0	0	0	7	0	0	0	0	0	3	0	0	0	37	5	103	70	0	0	88	0	83	22	7	23	69	7	0	84	1	0	0	46	0	39	0	83	22	18	0	22	1	0	5	0	0	29	0	55	0	109	0	128	0	0	0	26	0	0	34	62	77	0	0	2	0	17	9	27	2	3	0	43	1	24	5	6	0	11	0	0	13	0	0	71	0	4	0	89	28	0	0	0	73	8	20	101	48	0	23	123	40	55	117	0	0	119	0	53	1	0	2	26	133	45	52	72	80	12	25	249	133	56	250	93	254	180	27	34	73	65	20	34	98	235	35	81	359	170	105	66	21	58	125	366	23	50	23	24	96	87	28	17	90	150	175	216	391	25	101	105	87	7	45	60	41	30	83	72	278	55	73	38	25	62	55	13	11	157	63	11	68	288	113	131	49	217	44	123	24	137	30	159	107	205	17	14	57	41	252	90	49	57	25	187	0	111	6	68	60	73	23	132	94	87	103	31	17	259	20	300	45	31	73	49	58	11	158	69	131	96	140	116	124	67	47	79	199	102	33	112	88	20	24	7	119	89	41	186	295	57	18	74	62	84	49	102	180	190	120	44	29	111	88	143	60	82	153	63	15	115	130	134	70	102	18	53	13	138	103	68	13	24	70	304	248	123	102	131	79	172	109	45	33	360	133	182	54	239	88	88	47	65	127	26	22	11	79	103	137	19	152	82	283	40	118	72	51	198	69	87	229	98	238	103	30	149	126	152	71	95	57	25	118	16	177	73	144	71	90	113	155	20	25	133	90	120	251	288	65	44	72	37	33	382	89	122	149	50	127	304	178	128	67	268	17	113	38	36	41	56	55	159	131	141	37	140	112	85	73	85	100	147	101	68	91	34	103	72	47	41	34	95	96	72	107	180	212	168	123	70	22	113	215	182	101	74	84	76	38	59	29	180	180	50	34	134	123	106	27	129	176	72	102	171	93	87	66	146	49	38	115	205	88	118	67	98	97	56	160	53	11	179	14	65	79	151	14	22	21	119	30	114	86	130	79	36	38	48	64	137	86	23	80	22	348	33	66	97	38	204	79	229	82	48	104	53	31	33	14	188	39	55	121	87	6	109	55	124	21	62	46	56	75	56	125	149	55	131	41	314	325	138	132	28	366	240	194	125	53	110	66	80	39	50	59	167	38	127	113	26	38	28	47	178	77	58	34	91	145	43	38	34	40	48	67	75	37	94	104	126	83	132	149	56	53	95	43	192	111	63	14	275	100	113	80	27	53	93	91	12	46	44	63	135	91	136	75	10	54	84	22	22	33	76	154	231	153	77	24	146	14	155	55	60	91	30	67	49	136	267	69	153	287	257	49	41	61	145	166	14	104	119	283	41	33	299	290	205	147	325	119	74	28	78	182	44	25	91	47	58	47	39	11	156	205	107	46	133	163	32	13	71	90	32	164	234	85	98	11	71	29	106	249	67	144	107	133	51	54	60	167	75	51	244	96	14	235	152	78	138	42	129	82	66	17	293	76	52	124	64	80	47	29	126	109	99	110	153	120	112	373	33	121	41	219	14	19	87	72	60	45	165	25	49	33	46	98	101	49	145	54	8	87	202	39	133	147	65	76	38	245	15	59	63	247	82	75	57	86	132	23	178	52	42	32	84	67	77	101	93	57	18	75	64	109	259	83	206	270	39	69	112	88	35	79	56	286	39	115	48	83	67	42	59	137	159	208	36	41	93	95	49	80	265	363	34	115	45	46	15	295	190	167	63	70	256	60	101	132	83	193	166	87	22	38	229	91	39	146	67	48	62	71	12	230	124	50	175	44	123	91	56	89	56	41	96	139	184	57	140	202	164
19	0	0	0	0	0	0	0	0	0	0	0	0	0	0	0	0	0	0	0	0	0	0	29	0	0	0	0	0	0	0	0	0	0	0	0	0	0	0	0	0	0	0	0	0	0	0	0	0	0	0	0	0	0	0	0	0	0	0	92	0	4	0	0	0	0	0	0	0	0	0	0	0	0	0	0	0	0	0	0	0	0	0	11	0	0	0	0	0	0	0	0	0	0	0	0	0	0	0	0	0	0	0	0	0	358	0	0	0	0	0	0	0	0	2	47	0	0	0	0	0	0	0	0	0	0	0	0	35	0	0	0	0	0	0	0	0	0	0	0	0	0	0	0	1	0	0	0	0	3	3	0	0	0	0	0	0	0	0	0	13	0	0	0	0	0	0	0	0	0	0	0	0	0	0	0	92	0	0	0	0	0	0	0	34	7	0	0	0	0	0	0	0	55	0	22	0	0	0	0	0	54	0	37	18	0	0	15	53	0	56	67	89	108	65	9	65	30	24	0	82	43	18	0	29	3	17	12	34	47	29	50	1	0	79	0	0	0	0	69	0	0	0	4	0	110	0	16	0	86	0	0	1	109	2	73	8	194	0	0	47	3	0	43	11	0	28	0	0	191	23	0	0	0	0	90	5	30	21	0	26	219	52	0	2	80	0	14	44	15	9	22	40	34	0	0	0	62	0	5	0	93	170	18	75	39	72	174	137	141	110	52	130	22	51	30	141	63	92	85	56	69	15	24	419	18	37	60	70	51	84	90	202	194	4	73	122	79	79	24	26	56	92	107	116	181	7	24	71	166	84	163	126	112	57	83	77	102	33	93	18	54	49	47	52	94	83	95	43	71	179	173	19	133	39	176	114	191	56	126	90	47	163	103	79	57	68	117	42	47	94	73	86	45	91	170	80	46	33	74	106	87	71	187	139	67	182	103	43	152	43	163	89	51	84	40	345	68	49	60	116	289	53	131	198	204	173	1	160	65	110	117	77	132	180	129	55	62	158	12	223	50	273	180	156	44	135	82	43	162	154	166	131	66	145	38	79	251	118	83	62	131	92	98	85	93	27	147	165	134	257	10	51	67	133	50	167	198	52	27	407	152	30	89	34	144	156	21	99	63	24	140	110	33	24	130	71	64	52	47	10	116	227	47	68	46	52	71	140	77	106	34	76	104	115	30	75	132	30	106	94	67	131	6	42	64	55	173	33	57	10	207	232	64	84	129	65	113	47	124	50	184	194	47	128	17	88	235	16	150	108	73	131	94	61	237	59	186	12	93	227	44	188	32	170	121	83	376	60	60	55	28	229	68	53	21	27	103	41	159	168	57	201	47	9	7	182	220	305	79	54	93	70	245	26	79	105	101	23	118	74	37	30	71	85	66	391	124	28	106	28	30	100	71	177	60	11	95	184	32	58	100	141	70	33	49	99	104	106	185	32	101	37	204	103	212	119	48	26	24	28	282	102	57	101	155	35	116	262	65	89	57	72	234	17	91	50	68	308	115	154	28	14	52	49	85	28	156	91	50	77	26	33	217	167	51	99	162	76	25	52	133	89	93	170	92	36	35	43	84	66	14	89	37	14	137	45	283	122	7	146	64	108	13	106	68	48	64	82	151	89	115	52	158	80	259	400	165	66	143	93	26	89	65	214	56	30	37	44	111	49	203	154	47	40	20	41	59	25	12	101	114	8	45	19	112	140	179	30	109	118	220	147	134	119	38	109	90	58	110	19	51	11	48	12	106	19	96	308	99	229	54	207	126	40	63	108	77	197	83	106	106	84	67	79	134	13	111	168	64	111	150	68	85	160	202	250	96	56	58	109	108	126	97	51	114	73	376	95	55	70	47	226	31	105	92	211	61	91	160	21	129	24	61	5	27	57	175	33	143	87	150	42	116	40	113	120	50	55	85	347	33	31	90	87	82	117	120	126	238	99	137	105	92	63	35	73	161	29	80	119	80	160	62	22	38	60	79	61	55	85	51	66	86	238	191	53	55	145	141	2	73	43	66	118	168	207	101	44	20	89	65	188	122	55	116	123	101	21	81	39	70	92	110	42	74	46	141	4	143	150	282	79	37	165	145	5	79	170	118	187	107	80	76	111	212	101	196	115	17	60	132	87	57	69	96	79	74	254	59	32	231	97	66	47	25	25	161	20	39	106	67	57	105	178	66	84	113	78	129	21	88	154	47	115	42	13	24	63	121	123	96	146	157	15	101	117	199	114	43	43	56	100	183	214	139	233	79	155	61	77	63	34	170	65	41	37	58	147	70	166
20	0	0	69	0	0	0	0	0	0	0	0	0	0	0	0	0	0	0	0	0	0	0	0	0	0	0	0	0	0	0	0	0	0	0	0	0	27	0	0	0	0	0	0	0	0	0	0	0	0	0	3	0	0	0	0	0	0	0	0	0	0	0	0	0	0	0	0	0	0	0	0	0	0	0	0	0	0	0	0	0	0	0	0	0	0	0	0	0	0	0	0	0	0	0	0	0	0	0	0	0	5	0	0	0	11	0	0	0	47	14	112	0	3	0	14	34	0	0	8	98	0	0	0	0	0	71	34	0	0	0	0	0	0	0	0	0	0	0	0	0	0	0	0	0	0	0	0	0	0	2	2	0	36	0	7	0	0	0	0	0	9	5	0	6	0	0	0	0	0	0	0	0	0	0	0	0	0	0	0	0	29	0	0	0	0	0	0	0	5	0	0	0	4	0	0	17	2	0	0	0	0	0	0	34	0	0	4	39	151	3	73	14	106	27	72	32	18	0	0	0	5	55	0	108	0	17	0	1	105	0	37	0	0	56	0	186	17	17	0	24	0	0	1	1	140	0	134	33	114	0	13	1	0	7	28	99	32	0	0	12	0	33	81	88	12	3	0	0	77	0	7	0	0	9	17	16	0	44	0	0	46	21	18	82	48	0	34	96	19	7	124	37	31	66	0	50	114	0	139	38	19	145	107	319	85	99	82	72	114	50	145	73	26	125	48	119	23	154	103	206	116	73	43	72	86	136	148	206	29	140	121	179	72	127	46	62	41	41	106	149	46	29	353	169	195	9	147	75	21	211	141	213	33	265	30	27	21	99	58	41	145	66	77	58	38	206	19	132	61	36	16	119	79	28	88	176	79	54	117	28	65	88	104	40	56	30	124	147	129	61	119	188	22	18	53	87	40	17	70	49	46	84	25	78	42	165	45	46	32	83	60	67	53	80	112	202	205	52	59	66	27	54	222	7	138	16	165	100	21	77	30	51	63	10	75	48	117	46	123	48	16	94	159	36	58	62	91	33	56	92	42	73	24	31	15	212	15	32	107	292	53	32	84	389	97	143	231	80	138	113	215	86	43	185	39	235	29	71	85	139	78	85	26	100	79	65	74	14	11	225	90	185	124	97	104	53	49	91	98	78	101	216	201	200	133	82	199	37	151	48	50	143	49	41	65	23	64	85	48	149	75	142	144	67	106	84	75	261	279	121	13	121	21	18	54	85	21	78	27	121	135	130	106	72	50	131	96	84	119	119	55	21	30	103	76	266	83	48	18	147	93	32	68	60	28	109	108	18	172	68	70	89	79	73	75	92	127	122	126	43	109	90	105	162	12	102	22	145	200	58	98	57	37	45	39	237	97	30	22	104	58	41	207	38	148	23	171	153	61	169	48	51	68	186	92	23	80	137	116	62	142	115	86	54	95	144	71	264	44	33	179	116	172	52	131	36	69	288	101	135	58	160	140	36	255	22	67	48	190	138	31	115	90	69	40	46	203	116	48	92	245	59	93	94	189	148	61	195	194	67	30	156	82	55	134	25	52	102	35	92	129	32	223	100	166	24	100	64	97	99	197	64	115	152	56	68	33	260	19	12	126	102	91	96	150	90	29	91	162	150	110	63	91	239	124	104	68	117	152	291	131	13	211	35	204	51	75	81	43	51	120	30	26	193	35	119	131	128	22	65	46	185	37	124	87	55	35	67	164	45	36	106	183	36	36	182	185	108	73	133	137	60	57	53	236	8	159	247	62	33	24	48	112	55	239	80	9	131	15	92	133	61	100	58	125	31	145	42	239	208	85	29	5	39	30	30	47	12	20	109	289	111	39	47	73	106	113	11	118	91	113	181	215	178	142	22	102	247	99	119	9	105	42	28	75	172	167	17	26	133	63	77	20	206	41	22	105	312	175	77	22	2	113	62	268	20	36	152	74	49	177	68	41	71	74	83	119	101	114	84	138	40	222	58	72	244	71	155	48	33	62	56	41	176	59	27	54	201	12	111	226	187	121	123	58	58	129	240	22	122	104	100	46	23	36	91	170	77	73	58	45	7	100	98	215	31	81	126	36	7	94	8	89	94	65	125	94	17	34	125	25	188	17	64	37	78	45	29	73	223	40	102	58	5	16	71	167	113	43	127	228	100	117	164	169	31	79	51	611	124	109	52	6	94	173	25	65	114	57	132	348	59	40	79	77	220	125	146	51	131	68	81	44	79	157	52	150	24	212	165	54	103	244	22	151	54	302	106	133	130	122	29	46	53	153	98	147	77	232	29
21	0	45	0	0	0	0	0	0	0	0	0	0	0	0	0	0	0	0	0	0	0	0	0	0	0	2	0	0	0	0	0	0	0	0	0	0	0	0	0	0	0	0	0	0	0	0	0	28	0	0	0	0	0	0	0	0	0	0	0	0	0	0	0	0	0	0	0	0	0	0	0	0	0	0	0	0	0	0	0	0	0	0	0	0	0	0	0	0	0	0	0	0	0	0	0	0	0	0	0	0	0	0	0	0	0	0	0	0	0	0	69	0	0	0	0	0	0	2	0	32	0	64	0	0	0	0	30	0	77	0	0	0	0	0	27	0	0	0	2	0	40	0	0	0	0	0	0	4	0	0	0	0	0	0	6	0	0	0	0	0	0	1	0	0	0	0	0	0	0	6	85	0	10	0	0	0	0	1	0	0	0	0	12	0	0	0	0	0	0	0	0	0	0	0	17	0	0	0	0	0	191	0	44	0	0	0	0	11	5	0	107	54	1	0	10	0	0	0	0	0	4	48	0	8	13	0	0	0	87	2	0	0	0	113	0	89	80	127	78	70	33	0	14	2	0	0	52	0	106	0	0	0	14	12	21	7	0	21	12	51	25	18	7	0	11	0	0	0	140	21	29	9	0	44	0	0	0	43	0	9	25	50	0	21	46	0	36	74	34	0	27	1	37	45	0	0	25	53	87	22	20	51	33	150	7	100	208	25	100	39	62	146	339	25	126	74	27	58	113	154	98	32	13	105	32	150	111	97	29	132	24	169	12	38	47	101	80	131	20	91	108	180	185	34	131	11	121	187	7	65	28	97	166	79	63	72	192	56	5	143	26	166	88	37	102	23	17	210	52	164	218	24	220	367	105	118	35	45	137	67	59	80	12	132	2	76	58	68	53	45	96	96	17	72	62	91	115	32	46	209	83	191	192	12	20	43	75	248	42	65	148	45	133	48	109	67	69	201	115	73	63	165	52	61	169	92	116	83	126	13	176	31	204	88	50	15	37	87	12	213	91	215	116	57	82	247	34	99	87	119	131	132	491	153	7	16	98	107	76	79	98	116	113	75	201	43	55	166	18	95	392	76	99	30	77	52	225	91	241	3	82	41	113	105	81	41	163	21	50	190	124	37	35	88	158	178	147	67	15	46	50	71	106	158	275	209	234	31	119	48	165	28	52	335	22	239	183	17	54	24	15	162	24	160	61	72	51	121	125	121	49	126	108	118	118	181	56	226	37	65	473	32	47	85	160	115	206	164	98	203	108	152	238	189	67	8	277	107	29	128	157	323	42	118	88	93	29	48	154	69	137	51	181	84	85	41	31	69	16	12	157	155	40	154	131	188	67	108	115	40	46	372	85	433	153	4	41	119	63	160	164	94	11	69	170	58	149	139	66	60	163	75	299	206	178	61	36	129	36	105	358	122	17	75	135	56	114	48	77	39	115	226	67	151	38	33	110	95	100	24	62	132	72	37	165	208	139	75	177	106	95	37	15	120	172	38	33	106	76	210	125	88	114	197	22	25	92	130	273	6	47	62	86	106	253	65	34	39	56	103	66	102	377	183	4	118	53	11	118	20	179	98	83	80	82	128	68	76	129	67	123	32	85	93	125	137	197	109	35	83	87	32	36	95	117	31	28	103	17	10	34	178	56	90	76	54	42	100	30	349	24	124	220	271	70	51	22	238	175	81	82	125	19	55	8	308	117	182	83	29	48	174	58	55	73	71	74	162	116	97	234	54	19	73	26	43	27	61	139	38	14	71	62	6	165	81	71	177	84	23	154	79	151	77	153	107	25	51	16	118	198	140	143	75	88	37	33	68	30	74	251	217	100	11	139	80	25	5	228	57	260	137	13	32	99	128	46	63	242	72	26	132	18	136	325	65	33	232	114	97	123	126	148	199	25	158	99	142	1	28	100	197	116	140	56	61	127	70	55	134	102	99	67	95	32	51	124	57	65	49	88	117	70	85	70	32	23	19	67	126	268	50	17	444	87	32	32	74	172	80	56	77	76	110	93	143	30	45	141	102	107	104	196	53	80	100	192	41	45	49	21	86	94	81	53	42	103	98	79	94	58	103	157	43	19	84	97	141	27	15	323	42	89	22	48	22	91	39	34	18	187	100	51	229	51	40	95	75	9	232	335	99	107	32	139	275	184	64	57	116	87	78	91	145	166	93	30	81	204	33	70	123	6	64	23	78	60	88	30	121	145	245	193	144	168	125	100	51	82	152	133	67	99	126	58	127	220	160	27	177	33	61	85	89	183	29	126	62	170	77
22	0	0	0	0	0	0	0	0	0	0	0	0	0	0	0	0	0	0	0	0	0	0	0	0	0	7	0	0	0	0	0	0	0	0	0	0	0	0	0	76	0	0	0	0	0	0	0	0	0	0	0	0	0	0	0	0	0	0	0	0	0	0	0	0	19	0	0	0	0	0	0	0	0	0	0	0	49	0	0	0	0	0	0	0	0	0	0	0	0	0	0	0	0	0	0	0	0	0	0	0	38	0	0	8	11	0	0	0	0	0	5	6	0	0	0	0	0	0	65	0	9	0	0	0	4	0	0	0	0	0	0	69	38	0	8	0	0	0	0	0	0	47	0	0	0	0	0	0	0	0	66	0	16	0	0	13	0	0	0	0	27	0	0	0	95	0	0	0	5	0	38	25	0	0	0	0	4	0	0	0	19	0	0	0	0	0	0	10	0	0	0	0	0	0	0	0	20	0	0	0	55	3	54	23	0	13	83	46	23	11	30	37	1	13	10	23	1	150	0	13	27	0	0	44	87	87	10	0	99	49	45	0	0	68	0	156	0	56	81	8	26	8	0	54	31	0	17	0	72	0	0	9	61	31	15	109	38	4	0	83	0	5	66	95	33	14	140	0	98	190	0	0	24	81	0	52	8	244	0	64	130	65	93	33	22	0	26	231	13	0	94	1	33	47	0	0	58	0	61	42	60	298	77	47	170	71	54	58	161	147	92	180	85	48	43	43	117	69	34	105	74	8	68	99	42	76	104	41	73	108	101	271	119	30	17	151	328	120	27	168	80	54	17	55	75	57	115	198	107	27	30	83	72	63	49	163	66	20	63	150	17	80	179	137	159	44	49	230	127	36	85	22	152	257	47	46	67	86	105	115	187	89	128	58	117	95	36	117	141	99	14	59	129	169	129	66	35	95	106	115	138	49	103	47	55	110	57	53	26	58	111	70	99	141	85	144	85	169	59	98	86	158	76	234	113	130	6	118	153	100	19	61	23	66	287	84	160	221	131	113	110	69	80	149	55	182	125	235	61	110	84	24	127	107	34	69	114	121	31	35	34	39	119	189	82	174	26	30	105	56	85	210	42	80	37	183	73	29	103	152	66	56	139	40	67	245	138	100	323	88	128	94	94	392	74	53	236	165	120	105	228	157	57	213	131	84	42	60	18	39	23	160	67	161	88	75	134	66	75	44	53	119	75	59	34	379	13	65	149	20	44	110	210	142	240	71	247	17	30	90	125	58	218	26	142	122	353	44	67	54	20	70	176	197	122	13	94	81	124	98	24	95	13	60	159	139	295	100	141	84	177	253	60	61	293	33	86	50	51	126	31	294	236	34	38	85	24	237	111	234	46	13	69	151	171	159	152	83	140	149	120	122	44	189	138	9	46	124	9	97	114	46	158	126	10	195	78	67	106	41	123	315	202	48	65	43	116	184	125	82	233	7	80	61	67	85	109	77	98	97	119	289	73	377	43	32	51	34	153	116	35	101	180	147	58	72	97	137	218	53	181	178	238	9	48	62	80	143	112	126	23	40	207	110	43	100	92	118	111	88	37	144	57	101	123	15	67	63	116	42	73	167	118	53	92	102	5	91	145	145	8	156	85	104	106	88	24	102	63	39	138	156	123	157	60	227	27	173	32	32	40	100	125	155	48	298	13	174	229	67	220	68	90	69	7	212	97	99	38	106	61	98	201	49	243	23	102	90	49	105	43	141	35	188	44	27	142	80	79	67	44	237	68	117	15	42	63	169	159	191	329	95	98	90	58	25	132	74	40	252	50	129	16	58	40	47	120	30	94	133	70	91	194	82	214	95	173	132	146	16	54	61	253	57	44	245	39	13	98	24	102	41	86	317	124	185	252	203	93	117	84	46	60	32	101	53	51	54	144	147	47	103	15	90	69	39	55	76	41	209	23	62	139	72	96	22	66	139	125	218	40	41	77	143	71	7	31	85	389	39	15	110	374	67	202	187	181	95	19	52	221	54	96	75	151	43	49	24	29	100	134	3	23	121	63	41	28	56	65	23	110	79	165	177	74	29	48	50	212	138	100	91	100	191	225	67	134	25	117	161	70	156	45	150	45	43	173	137	39	120	115	219	134	123	175	214	208	166	203	58	242	115	58	80	179	117	124	101	122	359	28	208	92	191	74	31	5	43	183	81	42	44	196	339	39	241	104	108	230	146	171	129	102	186	210	16	60	139	337	62	87	168	46	43	18	62	62	173	41	238	188	15	75	115	7	191	62	31	33	170	55	34	72	31	232	95	44	140	41	93
23	0	0	0	0	0	0	0	0	0	0	0	0	0	0	0	0	0	0	0	0	0	0	0	0	0	0	0	0	0	0	0	43	0	0	0	0	0	0	0	0	0	0	0	0	0	0	0	0	0	0	0	0	0	0	0	0	0	0	0	21	0	0	0	0	0	0	0	0	0	0	0	0	0	0	0	0	0	0	0	0	0	0	0	0	0	0	0	0	0	0	0	0	0	0	0	0	0	0	0	0	0	0	0	0	6	0	4	2	0	0	0	0	0	0	0	0	0	0	0	0	0	0	0	0	26	0	0	0	0	0	0	0	0	10	0	0	0	0	0	0	0	18	0	0	0	2	51	0	0	11	0	0	0	0	0	0	0	0	0	0	2	0	0	14	0	0	0	0	0	40	5	10	0	0	0	0	0	0	43	0	0	0	0	17	39	0	10	0	0	0	0	0	0	0	0	0	0	0	0	0	43	0	0	4	0	0	15	52	13	110	32	43	25	45	101	183	6	2	0	0	0	54	0	166	0	12	0	4	0	0	11	0	45	22	0	0	0	0	0	1	62	0	53	113	8	0	15	0	40	0	0	0	0	0	133	0	11	0	13	35	0	16	4	156	0	1	0	0	13	50	18	71	0	0	36	0	35	19	0	7	36	2	0	5	95	0	26	34	108	16	11	13	24	0	0	12	54	3	87	0	31	47	38	184	137	25	66	81	141	75	69	29	31	101	46	49	46	134	27	88	78	131	66	78	113	69	97	245	13	172	30	213	64	11	102	86	55	2	95	33	285	58	84	46	40	4	122	37	72	104	19	46	60	114	85	68	69	129	12	99	50	115	88	34	36	75	55	43	70	91	66	48	24	145	28	262	91	207	67	42	59	189	41	48	14	112	89	210	93	191	11	36	184	68	306	16	61	91	84	26	197	215	74	88	14	89	96	49	4	66	195	103	102	127	40	54	130	112	139	126	64	12	92	94	130	330	171	146	108	20	62	100	42	155	101	81	133	138	60	72	31	73	99	25	37	76	66	82	97	70	54	95	118	38	92	23	294	63	170	194	39	42	30	161	177	24	46	21	69	35	69	141	140	226	54	17	25	129	75	114	84	15	117	9	23	103	8	90	46	34	122	181	115	237	88	36	124	120	76	127	52	203	53	10	104	178	27	66	117	20	92	274	150	82	55	34	193	147	189	9	111	17	157	92	46	36	13	202	150	78	98	20	113	102	92	136	37	54	23	93	92	84	86	108	39	177	212	56	64	96	285	82	169	37	42	47	40	261	147	75	8	87	76	78	4	31	46	122	83	37	27	149	36	128	220	78	154	101	29	142	68	97	95	84	125	84	5	404	154	51	121	5	41	43	42	18	190	103	62	57	104	80	225	38	40	98	140	112	59	73	19	36	56	25	68	46	61	67	127	8	45	118	46	56	274	65	39	69	114	199	218	84	178	62	24	57	57	70	42	8	64	22	58	271	52	260	144	43	62	62	130	79	60	99	260	70	70	39	134	60	72	110	100	60	238	190	249	60	66	138	10	16	47	81	95	47	92	68	125	145	48	150	37	105	114	63	73	55	69	69	55	127	111	66	182	137	88	69	17	120	100	87	131	60	215	29	95	119	53	75	15	7	67	10	55	224	130	220	134	21	29	32	153	34	271	113	18	42	232	214	118	98	43	37	172	45	69	88	39	22	14	10	107	226	144	141	222	169	41	135	24	116	71	125	379	81	80	47	391	35	130	33	125	42	60	69	138	24	37	29	38	13	104	96	20	166	65	142	286	40	141	335	152	141	169	26	156	14	66	12	112	59	41	60	130	66	87	99	115	179	73	46	70	216	87	77	70	30	52	84	48	78	51	16	45	31	93	28	94	198	171	194	35	92	4	58	172	122	66	187	106	85	209	102	144	82	29	130	137	122	107	27	67	141	26	80	175	211	59	189	99	86	48	29	56	82	52	24	128	182	38	80	19	52	19	218	171	45	26	92	189	47	72	159	111	100	86	15	31	32	88	319	95	40	113	61	270	121	77	227	40	113	163	73	64	144	192	161	41	85	73	60	44	19	122	83	27	266	61	88	99	42	103	89	142	107	56	56	123	31	199	3	170	24	285	67	52	87	119	119	66	62	85	28	458	88	139	47	52	25	65	111	98	126	131	127	149	149	115	54	219	57	29	126	39	48	285	92	45	64	61	83	102	122	137	17	66	48	66	98	37	141	218	86	39	112	88	32	234	49	102	16	126	70	35	207	86	51	237	34	144	100	58	40	64	206	69	84	76	199
24	0	0	0	0	0	0	0	0	0	0	0	0	0	0	0	0	0	0	0	0	0	0	0	0	0	0	0	0	0	0	0	0	0	0	0	0	0	0	0	0	0	0	0	0	0	28	0	0	1	0	0	0	0	0	0	0	0	0	0	0	0	0	0	0	0	0	0	0	0	0	0	0	0	0	0	0	0	0	0	0	0	0	0	0	0	0	0	14	0	0	0	0	0	0	0	0	0	0	0	0	0	81	0	24	0	0	46	22	0	30	0	27	0	0	0	7	0	0	0	29	0	0	0	0	0	0	0	14	0	0	0	0	0	0	0	3	0	0	0	61	95	0	0	0	0	0	0	0	0	0	0	0	0	3	0	0	0	0	13	0	0	8	0	0	4	0	2	0	0	0	0	0	0	4	0	0	0	0	0	0	64	0	0	0	0	0	46	8	23	0	0	0	3	0	0	0	2	23	0	0	38	10	9	0	4	0	0	41	55	14	103	96	27	125	72	0	0	0	1	32	44	46	0	92	0	0	0	62	201	6	16	11	38	77	0	0	0	112	0	26	13	40	0	7	89	0	9	35	80	23	0	0	0	72	8	0	51	0	0	58	0	0	4	68	0	26	64	4	46	19	0	0	0	1	0	45	0	85	0	67	43	0	2	3	95	0	18	27	0	0	1	0	0	0	0	57	12	35	64	2	83	68	90	120	10	53	214	40	17	33	234	356	68	45	169	77	75	34	10	36	206	84	51	21	52	88	56	78	55	110	91	167	34	187	44	176	80	167	111	5	43	97	65	158	34	115	143	65	41	61	68	5	140	161	80	172	13	88	96	31	10	22	43	26	55	51	155	74	46	98	31	75	21	27	21	194	113	62	47	106	50	137	240	102	387	147	138	35	37	37	72	141	221	31	124	139	19	24	34	202	14	264	116	19	125	118	319	106	19	34	85	68	99	59	13	48	89	62	130	88	64	49	31	355	165	69	107	111	219	102	28	10	21	223	146	87	36	125	106	59	64	82	3	41	80	33	25	99	60	141	152	1	56	74	69	40	162	38	52	216	242	99	142	33	91	171	30	128	31	124	3	140	103	19	90	54	35	118	91	211	243	157	84	11	64	65	130	91	181	132	107	177	114	146	114	109	35	109	78	35	387	38	76	92	197	166	146	121	143	153	80	159	89	34	57	135	19	136	160	127	181	91	87	89	86	79	15	60	29	71	43	136	48	101	95	101	22	99	165	30	44	97	94	38	26	98	48	74	122	49	172	45	109	72	215	27	88	68	51	36	34	225	225	131	85	137	57	65	82	185	68	192	159	365	123	1	21	38	36	7	58	23	87	7	298	91	170	48	82	15	53	145	27	351	53	80	63	318	112	40	268	189	60	103	263	145	89	100	114	132	123	32	157	196	147	10	38	88	138	72	85	46	66	134	142	121	92	212	159	92	44	37	85	86	223	91	55	93	138	116	44	73	187	95	20	144	58	15	67	86	7	22	20	43	118	80	56	70	43	63	81	64	6	34	157	50	186	266	72	11	29	319	100	55	41	82	107	102	23	22	51	40	65	12	115	128	168	42	95	60	88	59	47	139	42	206	37	117	15	53	101	61	72	52	28	163	14	16	239	211	163	225	157	119	117	63	49	116	95	113	70	79	72	112	57	77	146	76	181	191	53	27	34	94	54	175	9	56	19	111	48	165	71	136	185	84	149	208	138	53	41	45	46	145	17	150	99	31	23	36	89	180	175	19	88	337	68	60	5	69	108	142	71	92	64	97	63	52	58	72	250	74	134	147	44	110	24	77	268	203	22	137	37	57	33	149	55	27	55	43	143	140	102	101	77	93	19	254	192	9	170	47	83	39	49	61	45	78	236	85	43	25	232	22	47	13	73	199	17	61	162	50	245	61	45	148	176	60	136	118	132	91	187	74	224	115	55	65	72	427	95	70	202	47	114	48	180	55	25	70	43	173	86	103	177	69	110	33	84	51	27	21	16	71	32	155	10	162	122	57	46	48	15	10	32	136	138	28	117	252	77	59	59	52	63	47	111	73	30	78	237	123	146	117	27	26	79	85	112	130	24	225	82	80	28	3	99	21	215	179	70	102	93	71	140	16	26	40	32	57	70	151	106	45	56	46	28	54	11	24	94	53	1	10	67	149	48	187	43	87	33	32	58	158	66	79	74	101	41	30	39	45	56	86	49	54	82	111	45	234	48	174	118	36	62	44	157	141	190	115	116	53	38	189	320	173	11	192	14	34	50	62	41	41	16	182	97	108	135	102
25	0	0	0	0	0	0	0	0	0	0	0	0	0	0	0	0	0	0	0	0	0	0	0	0	0	0	0	0	0	0	0	0	0	0	0	0	0	0	0	0	0	0	0	0	0	0	0	0	0	0	0	0	0	0	0	0	0	0	0	0	0	0	0	0	0	0	0	0	0	0	0	0	0	0	0	0	0	0	0	0	0	0	0	0	0	0	0	0	0	0	0	0	0	0	0	0	0	0	0	0	0	0	5	0	0	0	0	0	0	0	0	30	0	41	1	0	0	0	15	0	0	32	0	0	0	0	36	0	0	0	0	0	17	0	0	0	6	0	0	33	4	40	0	0	0	0	0	6	0	61	5	0	0	3	0	0	0	0	0	6	0	0	0	0	2	1	4	0	0	3	0	0	0	0	73	0	6	0	0	0	1	0	0	0	0	5	15	0	0	0	7	0	0	0	0	0	1	8	0	5	47	0	72	41	42	0	7	70	151	0	497	0	60	1	122	0	9	0	56	18	13	7	0	23	8	23	62	23	6	2	170	3	3	31	0	66	0	119	8	15	66	0	0	0	3	0	55	70	18	0	5	0	0	24	27	16	192	0	2	31	36	0	40	12	0	32	11	0	20	39	0	0	0	76	54	1	84	0	0	71	273	6	3	3	125	0	44	10	31	0	156	25	8	0	0	0	78	0	0	36	218	7	223	56	107	103	90	40	46	62	135	26	127	111	93	66	5	65	145	88	210	29	32	14	34	81	152	21	119	111	13	108	203	16	236	33	60	37	67	46	260	98	86	99	36	3	91	122	0	72	184	276	151	17	17	183	64	42	7	110	18	214	206	268	43	110	96	109	82	61	40	27	139	39	66	99	197	80	70	58	32	111	69	185	127	19	68	34	139	73	124	74	31	39	95	27	21	7	82	99	126	173	182	46	96	81	111	242	360	169	30	49	132	50	50	46	118	15	48	34	262	176	96	19	172	48	34	563	119	31	66	0	204	11	55	15	125	50	39	106	17	58	119	47	105	113	23	202	205	26	142	92	167	110	134	250	36	53	18	147	25	115	15	45	169	130	127	22	119	84	119	185	65	72	168	104	31	12	174	49	215	87	41	27	3	153	64	79	82	29	66	110	26	52	208	152	194	281	54	117	149	159	21	21	57	85	94	142	27	67	25	84	130	168	15	24	66	19	113	36	61	81	14	79	199	21	10	90	28	113	133	7	57	38	63	30	304	148	92	28	118	117	77	37	114	188	53	61	153	133	147	126	61	40	116	147	193	74	65	24	113	209	52	92	169	15	40	55	61	43	82	96	65	131	135	36	86	28	39	199	34	73	25	20	57	191	55	56	175	87	49	107	217	84	157	135	78	61	45	48	49	196	38	73	317	86	55	233	113	113	57	86	50	334	45	314	222	30	49	117	64	55	105	132	254	80	174	212	49	53	121	107	302	82	262	84	190	102	348	63	105	64	199	95	144	131	56	125	216	40	148	79	96	138	103	61	57	147	35	44	39	181	87	225	144	15	170	77	305	17	75	219	306	58	12	74	227	153	120	95	34	57	30	71	308	45	62	50	78	234	115	59	55	161	19	73	141	112	125	211	132	90	246	43	51	151	62	49	110	120	89	40	22	55	161	15	93	248	75	108	235	38	59	57	124	24	68	204	12	53	19	22	59	159	267	69	60	120	55	113	56	286	75	17	141	60	82	18	26	74	36	61	20	53	78	338	51	150	175	101	100	82	169	50	20	263	154	19	122	125	126	27	20	90	12	25	74	79	115	38	51	36	117	189	87	22	60	9	159	88	11	191	94	8	138	125	346	264	36	63	93	132	18	61	197	101	210	29	31	190	126	43	95	40	34	133	148	61	191	96	111	81	121	121	112	135	36	155	62	135	67	206	62	125	50	81	1	140	96	38	33	152	90	64	36	143	71	190	94	38	18	23	106	129	77	16	203	28	29	276	249	129	50	98	110	41	46	251	128	129	104	69	38	69	212	97	86	132	48	75	14	187	154	150	113	14	100	214	8	12	49	10	91	69	38	61	164	86	21	161	141	148	44	22	199	137	127	101	31	63	121	118	15	29	41	70	90	106	252	32	136	26	17	12	59	115	100	147	144	181	95	59	86	143	124	41	108	134	65	194	19	43	6	204	49	132	61	115	96	172	20	86	167	34	80	151	53	10	34	240	149	38	114	73	90	45	117	32	202	145	44	58	93	58	70	190	209	43	40	71	2	28	87	188	119	64	64	169	91	20	73	156	122	93	106	11	16	100	69	25
26	0	0	0	0	0	0	0	0	0	0	0	0	0	0	0	0	0	0	0	0	0	0	0	0	0	0	0	0	0	0	0	0	0	0	0	0	0	0	0	0	0	0	0	0	0	0	0	0	0	0	0	0	0	0	0	0	0	0	0	0	0	0	0	0	0	0	0	0	0	0	0	0	0	0	0	0	0	0	0	0	0	0	0	0	0	0	0	0	0	0	0	0	0	0	0	0	0	0	0	0	31	177	242	32	173	98	138	8	108	95	0	137	220	156	174	105	36	155	28	21	71	180	176	82	71	19	40	40	71	112	232	80	170	97	51	168	36	94	94	4	122	45	165	3	15	117	55	108	224	4	45	27	113	117	75	215	20	77	47	53	187	58	87	83	42	81	108	0	68	14	41	369	43	114	158	3	5	20	37	19	133	218	5	113	70	50	62	0	49	5	4	18	26	175	22	118	35	29	72	142	166	53	104	135	15	169	233	113	13	135	110	6	52	76	107	92	89	16	146	104	159	71	37	68	105	57	116	205	69	191	32	131	78	70	66	38	80	132	145	64	31	36	112	147	110	258	54	15	258	128	81	8	13	20	221	96	26	89	198	112	97	27	109	91	75	44	29	147	92	108	111	20	57	80	174	91	66	29	43	76	14	66	148	25	6	149	142	17	135	2	112	79	48	93	167	108	132	252	140	24	90	68	173	138	101	160	123	35	121	32	31	63	125	148	176	63	45	284	217	212	175	50	66	199	65	21	60	17	90	211	76	92	100	56	46	135	154	200	38	206	89	81	240	91	108	90	63	138	103	145	94	40	93	53	57	62	79	7	36	17	72	90	256	52	12	83	405	88	87	41	97	69	186	34	204	77	122	61	43	225	77	128	242	33	191	100	157	34	27	105	150	78	147	69	36	63	218	87	77	203	60	45	192	63	215	21	54	75	61	141	57	29	41	17	91	71	53	93	110	29	128	89	44	114	31	78	14	64	33	68	46	294	115	50	30	2	155	63	197	67	267	94	21	91	322	118	183	177	64	26	217	40	62	97	96	109	32	61	38	59	109	77	59	94	88	248	60	69	58	40	73	100	52	41	63	141	115	33	226	27	78	82	76	66	107	212	136	165	110	66	71	98	48	52	5	124	203	86	35	146	25	144	112	32	84	60	21	89	57	137	26	91	108	53	65	114	140	48	71	183	100	36	92	315	174	136	167	104	465	39	153	79	70	154	22	74	17	53	51	96	20	57	227	20	34	84	111	290	96	201	79	293	67	237	104	306	248	43	10	56	23	179	103	183	137	10	55	125	148	27	25	27	67	22	157	31	63	89	127	114	34	49	14	87	46	79	51	132	213	16	89	54	51	188	42	118	127	20	97	5	190	328	122	40	87	98	108	117	42	82	25	76	94	157	82	77	133	110	214	44	88	16	156	105	129	45	64	115	41	34	44	129	102	88	34	134	86	89	53	58	127	191	133	134	69	110	40	20	83	83	66	28	95	121	114	42	26	73	225	60	68	106	111	14	130	156	13	41	68	35	29	15	90	178	156	109	47	86	35	22	140	122	107	94	146	23	25	108	113	136	85	92	217	107	261	24	34	122	75	78	96	24	74	144	137	215	84	119	56	87	115	70	94	7	36	145	27	81	226	4	12	95	146	61	154	74	124	47	168	130	157	9	95	221	171	63	130	117	150	61	104	162	51	0	190	65	61	26	122	73	59	62	276	81	214	71	113	134	101	48	73	149	87	29	65	176	4	153	87	137	188	51	100	31	27	78	44	160	187	51	61	56	223	104	220	87	156	92	15	130	60	34	134	24	201	42	36	184	77	144	114	74	41	22	126	78	141	91	41	9	36	220	258	337	100	158	312	150	23	53	35	156	47	18	16	55	283	2	59	189	149	48	175	210	35	147	124	229	93	180	73	23	119	25	122	238	101	134	24	39	207	115	44	143	22	92	114	48	58	125	191	58	143	61	8	95	55	78	63	159	65	33	70	70	107	76	96	95	16	154	195	51	314	91	83	187	17	33	156	90	37	34	10	124	135	54	141	86	101	136	34	156	173	78	38	66	101	87	25	47	240	47	105	55	60	144	71	77	184	59	73	47	97	297	250	41	120	90	191	95	140	261	56	183	353	146	89	121	171	157	287	213	46	137	68	190	190	38	19	25	148	116	108	178	208	261	66	88	56	29	78	199	13	14	49	7	21	268	143	58	100	39	125	64	59	68	45	136	86	22	88	302	184	153	20	17	55	38	58	30	92	29	28	50	99	316	97	274	13	29
27	0	0	0	4	10	0	0	0	0	0	0	0	0	0	0	37	0	0	0	0	0	0	0	0	0	0	0	0	0	0	0	0	0	0	0	0	0	0	0	0	0	0	0	0	0	0	0	0	0	0	0	0	0	0	0	0	0	0	0	0	0	0	0	0	0	17	0	0	0	0	0	0	0	0	0	0	0	0	0	0	0	0	0	0	0	0	0	0	0	0	0	0	0	0	0	0	0	0	0	0	3	12	279	27	20	50	264	18	18	103	11	18	57	322	117	44	62	50	137	28	36	92	38	75	16	26	13	369	156	5	69	116	33	36	28	36	49	125	0	59	141	64	26	17	180	26	167	77	29	32	90	80	145	246	136	159	10	3	50	90	5	291	0	58	0	77	74	14	9	72	127	21	231	0	86	215	73	58	37	34	128	41	124	48	95	78	7	162	61	27	27	13	131	329	21	219	48	140	116	14	79	46	80	353	16	29	44	74	56	87	29	102	67	61	307	68	7	129	93	93	32	161	92	59	104	36	26	48	187	301	182	37	178	136	43	78	50	84	95	33	70	201	83	6	33	143	168	73	48	36	104	50	124	89	83	74	34	165	86	146	79	47	125	53	45	50	25	124	105	22	38	9	118	132	125	330	65	93	12	41	83	81	205	32	133	48	130	87	84	179	12	149	136	48	116	134	107	219	82	22	96	88	148	185	62	172	35	51	121	153	184	181	31	111	49	70	76	220	50	62	100	39	72	122	117	69	133	173	29	39	73	29	82	132	51	50	33	18	47	19	96	3	102	98	14	145	14	55	46	96	31	48	58	75	105	323	84	94	24	46	49	100	126	10	49	73	84	42	134	53	136	84	66	155	46	148	43	45	124	176	30	64	73	108	69	153	114	97	155	338	206	178	79	30	95	74	48	134	78	59	40	37	9	71	379	39	96	84	153	71	35	35	22	213	85	67	30	48	129	149	145	14	161	130	90	59	116	134	190	217	35	63	32	257	187	61	16	209	22	56	101	106	88	64	71	10	80	100	161	36	43	146	282	131	99	118	34	153	55	221	156	43	153	34	43	104	10	83	87	61	46	73	70	52	187	39	13	52	57	51	93	239	129	32	219	43	25	92	62	28	134	63	51	24	19	41	201	116	54	81	46	74	65	165	61	114	34	72	126	16	24	132	203	134	74	29	23	146	198	199	89	42	30	27	22	116	117	25	34	51	128	38	34	46	116	28	51	62	149	28	77	180	120	60	62	11	134	0	96	5	230	20	50	119	38	99	119	131	169	88	143	174	88	11	50	155	84	47	63	199	98	11	54	185	68	48	49	77	229	192	77	34	57	133	60	74	112	31	46	219	82	129	106	107	22	75	86	233	77	59	116	226	140	19	189	105	54	35	50	48	254	130	40	91	45	181	214	111	88	24	63	183	39	12	106	128	143	29	57	29	109	155	100	214	39	96	20	160	49	63	101	174	46	80	194	38	56	65	45	23	54	63	82	8	127	42	67	328	149	112	53	267	85	42	247	68	231	275	49	167	43	129	166	23	22	186	21	183	44	53	145	127	44	52	249	34	94	60	53	37	103	165	43	263	144	71	79	119	8	112	122	76	82	208	148	36	33	103	28	123	155	52	111	113	39	46	23	113	72	74	130	9	32	50	141	68	76	162	354	5	211	32	33	104	198	125	81	99	262	75	94	61	135	249	141	75	253	83	83	201	203	37	267	72	99	43	80	235	21	46	113	21	9	44	66	42	48	86	287	109	82	20	134	106	155	140	168	126	52	157	20	171	26	65	79	77	69	88	375	115	28	211	154	56	34	150	17	22	106	217	16	191	170	163	108	135	32	28	49	65	34	119	182	37	49	23	53	113	9	15	73	59	131	92	173	104	20	199	25	87	46	43	85	130	51	172	114	85	62	40	197	33	206	87	63	125	100	6	85	103	357	26	191	78	63	33	127	94	218	114	12	147	26	16	110	166	43	145	58	34	87	305	16	74	293	64	40	32	118	84	31	114	36	112	42	36	146	147	35	17	156	31	193	129	177	55	135	76	30	36	172	124	43	85	61	106	103	244	186	77	104	172	14	123	72	56	20	21	144	177	185	107	40	186	118	123	82	89	82	29	70	135	53	52	119	92	39	54	26	149	6	113	228	19	139	94	71	20	39	185	192	60	88	102	90	67	108	26	141	32	138	89	35	310	77	352	188	218	69	70	66	26	189	51	261	92	65	142	77	76	76	175	29	87	120	18	313	80	202	13	119	108	64	26	61	36	24	107	31	215
28	0	0	0	0	0	0	0	0	0	0	0	0	0	0	0	0	0	0	0	0	0	0	0	18	0	19	0	0	0	0	0	0	0	0	0	0	0	0	0	0	0	0	0	0	0	0	0	0	0	0	0	0	0	0	0	0	0	29	0	0	0	5	0	0	0	0	0	82	0	0	0	0	0	0	0	0	0	0	16	0	0	0	0	0	0	0	0	0	0	0	0	0	0	0	0	0	0	0	0	0	1	0	0	0	47	0	0	0	0	0	0	0	0	0	38	0	0	0	0	7	0	0	199	0	0	0	0	0	37	0	0	0	0	0	0	0	0	0	0	0	10	0	0	0	0	0	0	0	0	4	0	0	0	0	0	0	0	0	0	0	0	0	0	0	65	0	20	0	149	0	0	3	0	0	0	0	0	0	0	0	0	0	1	0	0	0	7	0	0	0	0	0	0	48	0	0	0	0	0	187	134	0	0	0	0	196	0	0	0	9	39	0	16	21	0	0	0	0	162	0	13	88	27	58	0	77	10	3	14	25	96	0	0	4	1	45	0	0	150	0	0	8	18	0	0	0	153	0	2	48	17	61	0	45	0	74	20	0	101	0	0	0	1	10	0	79	3	6	0	79	19	0	8	0	36	66	266	158	0	116	1	266	39	0	0	0	5	79	72	18	0	0	30	58	113	0	18	0	157	44	38	1	170	68	133	73	55	161	166	41	35	72	135	5	92	62	357	80	5	65	6	72	215	92	82	102	164	95	189	76	105	302	68	122	42	61	122	148	6	105	21	54	233	16	145	212	308	139	0	130	18	64	32	192	58	203	154	78	255	4	48	190	54	78	15	121	18	121	50	347	17	49	177	132	20	130	89	85	50	92	176	131	94	201	101	26	48	116	80	24	40	64	95	6	30	54	121	133	46	188	30	62	128	59	91	372	126	146	36	225	293	4	47	45	202	73	187	92	50	145	135	5	67	57	192	64	38	42	129	53	29	84	36	52	196	49	182	20	63	149	26	25	240	36	60	240	64	35	187	59	223	140	53	9	64	13	83	281	37	69	52	47	49	64	49	65	22	51	31	60	23	62	146	165	47	110	34	67	197	63	19	99	63	95	111	16	38	136	77	123	118	146	28	64	49	117	112	25	86	144	71	205	77	159	64	303	100	96	52	148	140	206	27	13	41	61	78	63	91	218	161	283	296	31	145	64	432	67	12	45	95	27	4	66	124	274	218	214	104	98	158	94	65	39	49	223	76	44	75	100	63	85	114	74	63	26	90	82	37	71	148	87	71	60	46	280	81	110	152	114	158	148	86	97	40	76	5	51	41	161	73	23	98	43	80	87	50	78	72	126	52	46	81	13	41	143	75	30	9	210	161	165	20	55	174	37	46	36	140	47	88	168	69	97	208	21	229	79	23	99	12	86	129	219	191	117	31	48	235	107	25	14	124	126	404	153	92	63	95	12	37	16	157	117	362	122	40	90	155	93	140	349	93	78	196	54	61	23	36	138	72	92	21	57	47	85	225	80	91	94	80	43	96	64	38	111	81	201	95	76	114	109	166	86	96	136	151	82	35	136	141	27	149	13	257	217	130	26	75	80	157	151	50	104	212	107	299	51	40	53	33	198	76	147	137	47	73	138	150	139	275	51	42	77	13	31	89	170	60	25	94	58	244	92	83	3	8	120	9	71	27	65	24	9	17	78	78	387	53	134	45	205	39	77	20	17	187	83	40	57	156	67	34	176	70	75	46	211	44	59	16	48	228	30	297	63	76	134	163	81	59	141	146	27	158	111	135	150	59	282	50	70	51	67	122	71	118	9	43	109	26	289	72	170	200	102	16	178	112	102	111	328	130	78	89	236	88	59	33	148	121	303	99	11	77	120	115	112	68	44	94	39	95	56	166	36	67	69	143	124	288	343	130	175	50	169	160	88	196	29	5	71	3	91	48	157	157	301	31	146	50	201	52	189	11	102	183	152	62	107	95	123	138	2	64	37	117	120	55	145	127	28	23	60	76	168	13	253	74	32	62	155	92	34	221	28	83	43	42	290	51	147	78	122	81	75	79	47	45	49	97	70	63	94	27	341	81	49	120	33	217	156	18	52	93	32	90	42	134	32	9	103	66	133	100	26	44	159	68	161	31	205	16	52	27	47	85	140	6	166	61	213	252	122	75	105	99	139	122	105	22	97	105	188	139	170	30	74	52	178	92	357	143	87	35	19	36	45	181	126	131	185	141	87	286	176	26	307	188	145	132	222	53	116	252	131	254	279	84	91
29	0	0	0	0	0	0	0	0	0	0	0	0	0	0	0	0	0	0	0	0	0	0	0	0	0	0	0	0	0	0	0	0	0	0	0	0	0	0	0	0	0	0	0	0	0	0	0	0	0	0	0	0	0	0	0	0	0	0	0	0	0	0	0	0	0	0	0	0	0	0	0	0	0	0	0	0	0	0	0	0	0	0	0	0	0	0	0	0	0	0	0	0	0	0	0	0	0	0	0	0	0	0	0	0	81	0	5	0	0	0	0	0	0	0	0	0	0	0	0	0	0	30	0	0	0	0	0	0	0	8	0	0	24	0	0	0	0	20	0	5	0	0	0	0	0	0	0	11	0	0	0	30	0	0	0	23	0	0	0	0	5	0	0	0	0	0	0	0	0	0	3	27	0	0	0	0	0	0	0	0	0	62	0	0	0	0	0	0	0	0	0	0	0	2	0	0	0	0	0	0	102	60	0	120	16	42	0	166	0	33	56	23	36	0	52	57	1	2	89	0	3	57	0	58	7	67	22	56	21	231	3	0	21	11	85	204	10	28	4	0	14	73	3	0	0	0	7	30	0	202	2	0	0	65	115	101	4	6	51	75	0	207	0	39	9	7	59	229	6	117	19	2	0	0	9	122	27	6	0	8	88	55	0	0	0	110	81	0	20	3	0	114	14	33	50	0	7	0	2	25	54	1	74	126	206	101	37	65	225	52	85	28	52	28	51	211	158	125	50	0	134	152	49	118	123	53	164	5	199	50	156	160	24	14	65	41	11	29	6	119	195	60	107	25	103	116	20	53	26	175	10	31	60	99	9	30	32	62	55	142	54	59	78	40	91	1	1	20	71	62	103	172	83	29	66	49	261	78	162	168	45	18	103	215	73	254	52	124	4	189	99	65	103	82	114	24	189	26	168	202	22	36	19	78	87	120	76	57	200	105	140	211	82	24	57	106	105	160	45	48	80	242	258	153	19	78	68	182	161	54	157	60	166	49	79	118	30	175	48	83	24	15	140	85	79	32	205	201	77	126	68	54	33	71	25	89	181	16	108	18	206	49	51	11	130	195	294	56	45	126	29	109	36	92	58	87	87	115	58	173	30	22	67	105	30	22	180	133	145	82	100	76	24	81	19	190	90	62	80	126	42	59	135	129	127	145	174	97	107	105	81	95	269	54	49	179	192	182	70	43	44	117	90	258	173	46	195	44	27	117	5	33	34	174	61	68	137	18	127	58	215	100	46	198	152	38	51	148	124	117	55	96	138	126	33	66	7	105	413	150	33	118	43	130	261	88	54	85	61	148	11	235	10	65	59	111	70	53	77	274	76	20	108	45	62	260	65	43	38	36	81	11	200	362	141	8	196	17	156	176	402	111	73	66	79	246	99	138	45	28	145	3	103	267	72	134	25	44	97	36	49	102	124	138	158	168	94	84	137	86	28	239	97	43	97	69	44	67	121	51	151	60	35	93	362	119	31	41	107	307	64	153	148	77	229	135	279	26	25	198	161	129	231	22	116	96	103	141	7	94	93	177	40	276	70	81	65	117	133	42	77	57	86	123	103	99	70	110	176	21	45	38	161	118	130	48	138	17	77	105	124	125	208	129	122	250	134	124	75	182	94	44	31	29	91	19	129	337	13	91	123	99	101	143	76	82	78	66	41	51	228	150	81	31	88	87	49	17	114	16	176	66	113	216	13	117	28	216	97	63	204	37	113	127	87	72	149	32	37	20	56	219	62	69	12	19	68	122	118	71	245	113	196	64	36	80	36	70	58	50	13	102	266	280	143	33	94	308	205	171	48	30	237	100	95	60	219	41	118	112	196	159	44	61	39	38	49	122	9	44	73	124	220	102	57	236	22	82	181	117	124	96	16	17	69	241	176	52	113	108	62	158	32	195	126	117	66	103	31	26	64	85	40	67	357	28	266	123	52	119	11	36	121	146	98	96	115	52	118	89	57	220	113	99	47	145	112	155	174	171	221	45	106	58	328	494	20	50	111	26	116	31	58	99	290	77	81	31	262	105	77	279	90	100	233	78	153	103	50	35	280	67	190	133	67	168	269	36	161	130	112	28	138	199	92	40	88	75	43	193	54	73	52	5	60	30	33	259	42	79	80	19	54	70	57	86	141	107	166	133	122	48	141	258	22	50	39	70	26	34	1	40	25	212	45	300	125	101	70	280	43	191	68	56	86	216	11	36	83	30	157	63	188	99	128	38	28	55	25	23	34	200	145	100	62	129	67	54	62	115	75	360	87	287	79	77	168	124	103	41
30	0	0	0	0	0	0	0	0	0	0	0	0	0	0	0	0	0	0	0	0	0	0	0	0	0	0	0	0	0	0	0	0	0	0	0	0	0	0	0	0	0	0	0	0	0	0	0	0	0	0	0	0	0	0	0	0	0	0	0	0	0	0	0	0	0	0	0	0	0	0	0	0	0	0	0	0	0	0	0	0	0	0	24	0	0	0	0	0	0	0	0	0	0	0	0	0	0	0	0	0	0	0	15	0	0	0	0	0	0	0	0	0	0	0	0	0	0	0	0	0	0	0	0	0	0	0	0	0	31	0	0	0	1	0	0	0	0	34	0	0	51	0	0	0	0	31	0	0	0	0	0	5	36	0	0	0	0	0	0	0	0	0	0	0	0	0	0	0	0	0	0	0	0	0	0	0	0	0	0	0	0	0	0	0	0	0	5	0	22	0	0	0	0	8	0	0	0	0	0	0	48	0	41	101	0	0	7	53	0	1	49	0	117	0	44	35	6	0	189	0	0	69	94	0	0	23	0	18	9	348	4	0	0	0	0	39	0	143	171	0	60	52	20	0	0	0	32	0	0	63	14	0	13	14	0	11	0	0	76	9	15	36	0	0	4	24	20	0	61	59	71	2	0	0	32	23	0	73	0	64	0	5	0	0	0	3	24	86	69	0	0	0	27	203	18	0	0	11	0	0	16	53	23	64	240	108	105	148	54	95	89	46	111	85	55	227	49	45	151	231	17	118	146	3	118	23	119	91	195	27	90	55	69	16	210	93	33	8	0	8	124	278	28	62	10	120	37	105	41	56	10	92	48	25	1	157	32	108	77	28	132	93	123	147	81	27	155	93	141	128	49	49	38	27	109	114	54	138	28	145	97	16	58	154	50	128	45	24	91	194	11	107	65	69	234	171	229	50	113	99	70	94	139	75	97	129	92	72	96	128	78	185	41	43	48	15	173	54	121	181	42	30	82	92	64	172	59	37	99	217	106	38	19	44	166	89	196	201	133	101	128	39	65	131	63	71	71	246	86	176	16	80	32	58	61	64	80	142	105	39	103	107	147	114	184	142	52	113	66	152	80	92	60	81	40	217	91	39	55	6	348	102	167	42	147	73	24	93	125	50	120	67	112	77	57	71	30	92	144	58	141	6	18	188	20	235	159	32	34	52	128	19	33	233	70	115	93	52	10	12	114	164	55	54	146	79	87	313	212	126	84	24	104	120	97	154	134	64	59	93	84	183	58	32	30	31	107	61	26	226	24	33	371	119	70	16	22	115	72	65	115	40	25	194	61	122	39	51	114	183	63	46	91	98	48	177	73	61	116	114	37	69	58	143	42	141	82	129	54	34	124	39	143	87	42	213	13	165	149	49	58	120	351	40	142	77	80	53	96	71	87	127	12	30	44	43	40	104	46	40	219	18	36	193	17	122	44	40	89	129	99	97	56	16	130	40	43	198	3	250	48	226	127	234	315	208	89	157	54	97	67	173	3	270	48	95	12	244	116	153	90	87	125	27	156	33	175	107	151	54	68	58	60	208	73	25	67	31	48	246	110	80	253	56	96	74	41	200	96	42	18	17	15	25	174	154	35	104	31	38	30	36	64	73	182	44	59	105	189	51	13	102	90	112	72	54	102	133	65	63	163	104	45	95	34	172	10	98	180	113	121	134	74	84	115	57	68	93	25	113	113	28	114	47	78	305	68	10	107	83	6	112	115	102	41	131	25	136	101	179	203	11	124	24	67	85	246	56	40	114	52	100	31	225	171	32	134	75	44	50	117	39	188	151	90	100	175	87	48	31	137	97	106	61	174	191	56	19	231	83	125	14	83	77	52	88	38	147	98	56	100	253	42	139	62	202	134	30	85	22	19	232	25	126	69	49	26	67	127	169	115	114	14	87	145	134	29	92	85	139	43	182	149	10	46	108	22	118	77	44	140	125	104	12	61	90	103	101	133	141	107	260	22	146	211	200	112	59	85	44	83	161	238	84	25	86	34	43	121	19	64	12	139	368	67	92	176	136	66	103	70	333	215	171	38	74	118	201	109	27	160	143	78	100	151	202	53	87	41	324	109	39	141	128	122	77	27	54	166	116	34	207	19	49	111	70	158	44	54	300	74	162	132	83	38	161	146	77	107	51	15	16	63	23	193	64	70	16	64	190	182	133	152	93	74	156	133	44	118	141	43	36	37	42	6	71	152	170	63	154	10	57	158	19	161	58	17	124	67	84	59	69	106	105	156	58	59	119	133	290	163	106	51	78	84	58	18	127	56	3
31	0	0	0	0	0	0	0	0	0	0	0	51	0	0	0	0	0	0	0	0	0	0	0	0	0	0	0	0	0	0	0	24	0	0	0	0	0	32	74	0	0	0	0	0	0	0	0	0	0	0	0	0	0	0	0	0	0	0	0	0	0	0	0	0	0	0	0	0	0	0	0	0	0	0	0	0	0	0	0	0	0	0	0	0	0	0	0	0	0	0	0	0	0	0	0	0	0	0	0	0	0	0	39	0	0	0	0	0	0	0	0	0	0	0	15	0	0	0	0	0	0	0	31	0	0	0	0	39	0	0	0	0	0	0	0	63	0	0	16	0	0	0	45	0	69	0	0	0	0	0	0	0	0	0	46	25	0	0	0	0	0	0	1	0	0	0	0	6	7	0	14	0	49	5	0	0	0	0	0	0	6	0	0	0	0	0	0	0	0	0	0	0	0	8	0	0	0	1	19	0	221	6	52	0	0	20	0	68	10	161	59	0	44	9	0	6	0	17	79	0	0	100	0	105	0	88	40	0	0	41	0	77	71	43	3	83	0	8	7	0	0	18	24	0	0	0	59	0	0	54	76	0	0	53	40	39	6	0	81	1	0	40	3	0	90	84	97	0	5	126	109	0	8	84	8	7	59	65	0	122	4	313	98	0	0	28	32	44	59	50	0	0	17	75	54	69	10	213	5	47	286	3	139	65	26	183	60	9	30	90	89	21	103	5	197	74	51	147	115	72	118	126	310	27	146	20	93	72	122	107	210	57	170	20	43	24	112	50	14	136	241	65	142	142	63	58	137	44	61	90	40	85	72	239	30	211	120	88	131	64	13	81	195	156	152	144	150	169	89	127	153	41	42	69	133	98	76	51	105	57	133	6	19	107	95	10	108	57	43	111	289	62	86	257	58	232	192	79	37	178	103	117	53	458	289	23	105	118	128	145	36	98	44	33	112	64	105	6	189	66	66	28	179	63	100	151	262	93	40	189	91	233	35	94	10	125	121	75	169	82	93	54	31	40	71	238	274	36	81	31	39	216	41	112	122	86	71	67	76	60	372	37	15	99	30	167	261	142	202	32	54	270	81	173	113	194	158	12	50	263	41	77	114	125	175	73	52	118	36	58	39	32	56	289	114	52	54	63	47	104	26	17	87	183	41	60	77	36	90	89	191	219	60	102	151	61	141	26	134	313	153	38	75	64	27	215	127	275	25	290	75	46	13	152	168	83	55	84	68	132	151	311	11	62	101	43	144	286	145	94	114	91	196	67	177	110	29	171	373	23	70	37	55	76	30	44	58	61	133	63	16	33	37	227	43	157	75	79	169	27	89	82	35	22	129	44	43	109	138	82	65	154	146	314	44	127	7	22	280	53	106	36	61	76	82	32	28	76	85	26	47	99	155	96	74	43	246	71	106	100	123	7	127	26	151	13	152	164	34	252	41	21	30	76	105	18	101	171	112	332	78	246	65	41	162	96	78	129	136	83	100	87	11	57	333	65	41	234	37	107	164	61	226	34	20	209	79	39	97	42	123	201	212	65	29	162	77	22	95	19	147	300	105	108	56	75	96	104	41	9	76	154	63	49	151	216	249	53	110	92	42	60	225	289	79	142	55	41	131	50	67	257	217	181	22	123	46	162	240	40	120	366	55	41	136	62	118	181	3	95	113	335	47	164	155	149	102	226	99	75	118	54	7	61	82	23	130	86	68	39	64	102	95	81	29	40	43	166	282	14	221	265	60	208	71	188	248	45	84	67	64	63	112	47	161	251	13	101	52	115	46	2	51	129	108	244	135	131	13	36	160	102	23	73	63	54	213	53	58	28	57	53	53	92	80	13	103	145	159	110	87	80	44	10	58	114	93	200	41	60	48	242	161	30	32	230	159	185	78	114	243	107	204	48	32	136	70	36	134	111	20	142	70	110	87	34	105	52	146	35	236	51	140	46	40	231	49	49	58	27	94	154	33	109	148	29	70	58	125	87	111	17	65	4	79	8	215	89	67	70	75	33	33	186	159	184	16	163	108	262	33	48	63	35	54	56	84	82	95	257	130	126	19	78	31	110	111	89	94	37	143	142	141	61	42	212	78	130	55	39	52	70	69	155	85	101	125	27	34	316	11	55	106	142	160	55	151	110	7	141	283	122	25	212	100	86	19	154	150	58	49	232	78	123	383	55	79	43	119	142	40	56	98	77	98	11	110	125	49	66	80	127	240	152	145	27	5	44	102	26	67	39	116	50	92	44	98	174	101	104	106	72	54	53	158	16	51	33	39	169
32	0	0	0	0	0	0	63	0	0	0	0	0	0	0	126	0	0	0	0	0	51	0	0	0	0	0	0	0	0	0	0	0	0	0	0	0	0	0	0	0	0	0	0	0	0	0	0	0	0	0	0	0	0	0	0	0	0	0	0	0	0	0	0	0	0	0	0	0	0	0	0	0	0	0	0	0	0	0	0	0	0	0	0	0	0	147	0	0	0	0	0	0	0	0	0	0	0	0	0	0	0	0	21	0	0	0	0	0	0	0	0	0	0	0	0	0	0	0	0	56	0	0	18	0	0	101	14	0	83	0	0	0	0	0	0	22	0	0	0	0	0	0	0	0	0	0	0	18	0	0	0	0	9	0	17	90	0	0	0	9	30	5	0	2	0	51	0	0	0	0	32	0	3	0	0	0	0	0	0	0	0	0	2	13	24	0	33	0	0	0	0	0	0	85	0	0	0	0	0	6	9	14	26	0	0	182	0	111	3	55	29	19	116	0	20	1	4	0	11	0	0	39	59	15	6	46	0	23	130	194	72	0	51	106	73	78	95	0	99	21	47	7	89	10	0	25	183	36	21	118	74	3	0	56	18	123	7	0	16	5	37	120	0	95	33	34	32	40	15	64	88	6	94	82	65	92	125	49	17	75	83	99	20	0	0	22	27	114	19	21	39	0	33	10	37	15	71	27	17	48	97	74	55	93	59	215	68	179	63	165	64	56	41	57	71	39	157	223	52	99	289	104	97	26	140	72	106	51	328	89	59	12	57	78	114	118	42	102	35	306	47	58	47	215	57	104	32	13	21	34	238	239	75	193	62	16	191	39	138	346	133	70	38	244	105	83	131	107	26	102	138	167	207	25	85	35	24	109	75	86	67	23	264	16	20	91	61	11	85	58	117	64	141	131	23	52	211	41	95	23	72	23	54	82	228	59	113	21	22	59	75	24	70	83	108	149	110	36	182	37	143	69	209	216	76	123	127	56	168	42	190	53	54	176	74	280	92	149	173	61	78	26	347	236	57	55	176	122	35	74	216	141	37	70	271	30	71	61	217	97	59	33	37	70	18	48	31	68	59	146	37	66	132	107	108	27	40	269	15	0	25	19	36	43	59	154	68	67	39	105	103	119	31	114	129	125	35	141	72	34	84	117	74	220	4	51	80	224	114	76	169	139	187	74	163	41	119	74	91	39	51	14	135	256	101	123	83	52	121	229	51	64	116	43	84	82	77	52	90	167	185	54	96	53	32	47	63	11	166	107	39	74	86	15	154	59	47	93	25	104	17	169	49	41	50	136	25	81	62	47	214	115	152	258	160	28	33	261	90	87	95	15	203	99	241	143	12	101	45	20	71	114	23	67	96	86	125	81	142	244	24	95	31	111	38	168	35	71	69	54	70	256	82	91	179	77	20	149	234	192	171	29	30	181	19	26	13	42	81	54	105	289	35	54	104	20	80	88	140	145	138	11	46	70	291	89	43	40	208	88	2	14	41	24	88	87	170	29	161	34	189	167	90	157	105	32	175	109	81	274	53	207	33	42	65	232	55	156	17	240	38	34	243	195	156	31	41	82	320	57	50	112	122	141	185	34	207	11	110	18	14	66	164	96	74	11	129	71	53	20	128	31	47	84	44	85	131	29	81	134	80	49	28	84	275	28	38	297	63	21	162	34	76	129	79	54	82	112	43	198	123	188	120	105	33	91	96	289	163	48	135	98	132	24	222	74	123	50	100	41	70	75	67	32	46	78	220	60	152	127	19	28	95	159	36	187	27	37	169	25	32	40	64	209	151	70	62	68	65	42	95	63	82	60	375	106	36	127	58	226	252	112	45	198	92	97	96	66	133	152	125	234	16	11	141	44	46	36	24	52	128	35	88	204	35	21	24	205	86	94	73	94	24	35	314	148	44	91	241	66	63	100	228	146	122	87	125	43	117	183	17	112	69	55	90	246	343	98	186	57	259	24	99	26	83	168	43	183	86	71	83	320	169	77	71	50	47	133	97	67	94	106	138	145	63	191	196	30	58	117	129	20	49	190	95	191	47	129	212	64	25	103	25	20	32	84	37	41	104	90	100	112	77	136	61	135	49	100	89	25	62	3	67	102	285	63	57	129	127	71	204	69	104	221	25	68	104	58	101	91	189	16	46	123	26	18	115	66	66	18	29	88	129	83	151	119	42	90	326	133	64	23	101	93	54	101	116	90	13	23	9	82	64	15	13	27	19	86	107	97	175	64	21	20	46	136	78	32	8	79	153	125	143	33	181	219	47	47	65	105
33	0	0	0	0	0	0	0	0	0	0	0	0	0	0	0	0	0	0	0	0	0	0	0	0	0	0	0	0	0	0	0	0	0	0	0	0	0	0	0	0	0	0	0	0	0	32	0	0	0	0	0	0	0	0	0	0	0	0	0	0	0	0	0	0	0	0	0	0	0	0	0	0	0	0	28	0	0	0	0	0	0	0	0	0	0	0	0	0	0	0	0	0	0	0	0	0	0	0	0	0	0	0	0	0	0	0	0	0	0	0	0	0	0	0	0	0	0	0	0	38	0	0	9	13	0	18	10	21	0	0	0	23	39	0	0	6	0	0	0	45	0	0	0	0	21	0	0	0	0	19	25	0	0	0	0	0	0	0	0	48	0	79	0	0	0	0	0	0	10	0	62	0	0	0	1	0	2	0	0	0	25	0	0	0	0	4	0	0	0	0	0	0	0	70	0	0	0	0	0	0	43	0	37	39	0	27	0	18	88	93	38	0	0	0	12	0	28	0	66	0	30	3	0	17	0	24	72	215	209	199	156	75	20	0	0	144	163	0	61	0	19	49	0	12	81	0	162	0	0	30	0	9	0	8	0	77	34	0	0	20	38	29	73	9	75	22	12	31	108	0	40	0	4	42	42	15	1	0	0	93	10	2	0	0	0	1	233	0	55	5	0	0	197	110	43	67	77	0	9	10	35	31	84	50	38	57	240	97	16	53	13	82	45	15	142	121	90	129	0	47	71	51	235	19	25	107	40	69	39	105	146	58	54	5	40	109	189	44	59	61	178	221	57	30	73	119	76	45	43	91	36	1	60	34	72	23	102	28	74	14	131	166	199	50	68	129	41	100	39	101	161	107	206	175	117	80	19	10	29	64	169	5	48	69	66	125	3	275	14	194	186	106	70	48	70	130	186	29	26	101	251	105	71	144	32	167	158	33	31	117	84	67	142	43	206	295	88	40	79	169	100	137	137	18	77	41	153	178	18	184	49	19	79	121	79	99	120	92	160	244	117	150	186	92	117	59	58	12	101	25	95	102	84	7	92	28	92	67	149	58	69	69	139	116	130	67	46	69	56	28	121	150	242	112	192	68	155	223	35	61	58	183	12	123	69	62	163	104	272	72	94	18	66	132	11	37	80	155	63	81	125	74	58	25	71	163	32	85	146	21	153	87	47	14	80	44	145	111	66	17	86	94	126	27	143	355	95	175	46	0	180	22	119	112	37	209	94	74	78	28	176	71	33	110	116	32	19	124	47	274	102	166	141	205	198	36	135	157	150	39	137	38	47	212	128	388	96	114	80	113	276	61	39	118	37	12	121	107	43	71	90	55	33	69	318	275	135	18	305	48	297	36	99	127	176	58	20	88	122	63	65	27	201	63	121	62	81	66	229	84	375	52	58	12	55	111	67	42	274	70	35	84	86	146	37	172	125	67	94	52	106	20	79	192	28	146	130	71	11	152	260	166	67	181	117	353	98	78	12	19	99	58	113	20	129	2	111	99	57	139	53	135	40	38	51	95	46	78	119	192	22	7	118	53	23	65	121	63	19	31	54	227	50	267	17	76	30	37	37	22	28	66	84	243	62	134	42	243	35	42	60	215	46	168	31	157	59	30	68	434	127	86	50	2	20	81	74	208	64	217	82	163	292	137	295	195	102	89	37	86	5	131	93	161	149	126	81	46	64	143	151	30	133	177	117	65	152	89	37	33	77	26	41	108	162	99	70	48	92	172	65	58	54	82	154	130	163	61	33	43	71	59	49	252	54	154	37	228	188	56	101	99	30	92	86	91	124	41	40	84	115	45	48	34	113	23	57	96	147	86	130	72	109	36	95	89	90	21	41	50	101	34	29	61	16	21	29	34	176	51	44	69	25	109	86	51	22	92	22	109	70	7	112	142	106	34	41	108	25	188	150	120	14	42	33	237	96	83	106	166	33	297	79	43	54	31	40	302	146	164	146	33	145	148	57	57	102	24	138	23	106	99	113	60	151	117	55	63	98	285	135	52	321	71	139	108	70	16	91	84	36	359	93	73	12	68	127	268	61	87	39	66	195	35	101	75	65	15	114	44	67	88	146	65	305	46	202	59	16	99	132	54	132	53	131	14	309	34	74	60	34	125	51	11	201	251	174	31	75	84	82	89	466	78	235	20	51	164	60	165	99	95	81	191	17	120	74	91	145	32	59	111	50	81	120	119	121	84	48	74	108	67	43	103	209	83	113	3	48	49	69	52	129	264	15	79	139	91	82	90	50	77	117	118	165	43	272	64	40	180
34	0	0	0	0	0	0	0	0	0	0	0	0	0	0	0	0	0	0	0	0	0	0	0	0	0	0	0	0	0	0	29	0	0	0	0	0	0	0	0	0	0	0	0	0	0	0	0	0	0	0	0	0	0	0	0	0	0	0	0	0	0	0	0	0	0	0	0	0	0	0	0	0	0	0	0	0	0	0	0	0	0	0	0	0	0	0	0	0	0	0	0	0	0	0	0	0	0	0	0	0	0	29	0	16	0	19	0	0	3	0	0	0	0	0	0	0	5	0	0	0	0	0	48	0	0	0	0	1	0	0	0	1	0	0	0	0	0	0	0	0	0	0	0	0	0	0	0	1	0	0	32	0	0	0	58	20	37	0	18	0	0	0	0	0	0	0	0	0	3	0	0	5	0	0	31	0	0	0	0	0	32	5	0	0	0	0	0	0	0	0	0	0	0	0	0	0	76	173	9	9	52	0	230	12	0	78	0	28	14	29	35	34	46	1	24	54	0	0	83	170	0	19	1	24	0	9	84	5	2	9	19	30	29	7	143	27	0	31	91	0	11	67	0	0	0	0	48	0	14	4	0	0	18	11	0	112	0	0	0	0	0	9	7	7	9	5	21	0	0	0	79	0	0	134	31	0	156	529	0	183	22	19	0	0	27	180	83	9	68	0	0	0	0	16	88	9	0	7	171	0	15	19	292	54	146	31	12	204	109	138	111	56	137	1	163	181	44	146	64	10	168	91	47	28	156	136	65	50	136	4	109	90	156	76	10	33	156	7	57	27	202	49	80	30	74	55	135	202	110	74	56	7	48	239	60	74	68	123	4	13	133	51	94	122	72	80	13	112	248	49	33	129	55	55	113	58	63	63	52	88	109	19	15	41	61	52	187	68	124	125	102	235	8	38	179	36	53	41	117	88	69	33	83	38	278	265	47	39	20	105	153	10	90	37	82	196	41	82	79	81	53	43	91	57	189	121	129	136	138	124	46	224	344	103	110	153	62	56	105	153	7	100	99	71	55	28	134	159	53	93	35	32	70	81	68	125	281	131	43	28	276	9	34	158	98	9	63	113	287	77	112	52	47	132	107	39	80	195	47	97	144	39	33	332	63	17	123	59	209	149	301	98	89	307	58	120	5	51	79	130	68	224	18	8	34	183	446	208	159	25	162	29	86	72	57	29	275	7	85	83	242	22	44	225	79	175	153	126	159	89	243	109	48	203	94	29	73	148	235	44	83	67	28	189	54	50	151	29	78	115	39	216	49	173	109	89	107	159	78	9	227	119	101	53	76	111	478	109	23	10	41	277	7	78	85	276	138	109	46	207	100	104	129	290	168	24	106	199	7	35	114	48	223	71	150	29	221	124	286	93	123	48	20	31	128	55	65	253	104	93	93	126	122	34	205	59	118	72	157	51	43	237	40	14	31	84	43	58	35	7	13	97	133	130	79	44	224	28	29	50	57	55	220	22	49	56	79	51	20	109	130	97	372	9	71	56	19	134	277	100	47	136	230	4	208	68	78	61	26	226	63	60	22	62	38	170	145	122	62	15	102	17	92	45	78	127	27	27	81	105	44	105	55	186	108	126	45	136	46	52	86	51	32	102	157	147	97	70	123	228	91	1	162	100	132	218	56	133	136	187	65	143	49	8	83	37	153	26	84	91	63	68	48	40	74	106	153	37	19	67	80	210	10	83	181	77	170	63	113	241	18	66	91	84	81	57	133	74	38	98	44	82	31	111	112	23	26	314	117	86	59	50	54	24	222	149	62	188	33	31	31	184	81	186	37	102	20	33	37	144	12	50	162	78	158	37	41	67	89	75	67	203	41	67	7	156	134	41	233	33	142	166	292	60	79	133	62	109	90	107	141	40	126	49	11	154	118	36	50	116	14	154	144	60	211	274	95	49	96	35	70	61	112	132	123	58	134	51	184	285	63	90	193	52	21	325	127	77	73	46	159	176	34	121	101	26	138	50	89	41	200	199	170	98	92	81	186	62	236	83	43	83	39	214	64	61	87	20	88	60	48	112	78	142	152	216	53	146	24	175	142	73	135	55	194	19	134	142	296	154	332	18	89	156	76	53	203	59	70	164	30	22	255	61	62	71	97	50	40	86	101	178	58	38	86	147	40	297	82	76	53	60	80	41	124	40	243	81	85	189	103	115	132	70	110	106	54	188	30	71	344	9	57	163	175	48	120	109	129	95	76	157	82	94	96	161	162	55	60	43	102	73	25	80	105	74	168	31	27	63	153	37	164	142	368	48	39	252	63	79
35	0	0	0	0	0	0	0	0	0	0	0	0	0	0	0	0	0	0	0	0	0	0	0	0	0	0	0	0	0	0	0	0	0	0	0	0	0	0	0	0	0	0	0	0	0	0	0	0	0	91	0	0	0	0	0	0	0	0	0	0	0	0	0	0	0	0	0	0	0	0	0	0	0	0	0	0	0	0	0	0	0	0	0	0	0	0	0	0	0	0	0	0	0	0	0	0	0	0	0	0	0	0	0	0	0	0	0	0	0	0	0	0	40	0	147	0	0	0	0	3	0	0	0	0	0	0	25	0	0	0	0	2	11	0	0	61	0	39	0	0	0	0	40	0	0	12	0	19	0	7	0	6	27	0	170	0	0	198	0	0	0	0	0	0	0	0	0	0	0	0	0	0	18	0	0	0	0	0	0	0	0	0	0	0	34	76	3	0	0	0	0	0	0	30	7	0	0	0	2	0	0	0	8	3	0	18	0	266	6	0	74	12	275	4	39	8	0	0	135	0	0	0	89	1	33	71	95	6	16	234	142	22	5	0	50	36	72	53	44	0	27	53	7	0	1	22	282	0	0	19	0	0	0	45	0	82	0	2	68	14	6	11	0	0	0	0	4	0	22	12	116	0	0	40	30	9	0	13	91	94	1	127	0	3	0	5	155	16	26	4	0	0	78	4	67	0	106	72	53	2	172	0	16	87	198	138	230	134	87	20	32	116	46	28	22	148	19	214	6	18	69	93	52	61	133	31	101	40	60	42	166	230	209	64	80	39	236	154	0	88	201	30	237	105	73	127	34	219	29	161	46	47	91	2	15	229	74	104	29	16	19	40	128	132	159	37	53	21	76	14	18	40	29	60	90	139	324	244	124	78	178	72	92	50	53	126	18	41	167	118	27	216	19	164	78	153	17	14	132	40	242	138	144	68	75	285	209	112	13	186	90	6	276	177	37	231	88	331	44	117	17	110	41	114	19	106	57	138	18	46	100	133	11	174	54	110	177	156	101	74	78	157	43	117	197	56	181	100	288	69	69	8	100	82	108	203	150	55	54	43	129	107	226	87	150	280	245	31	93	42	93	107	222	53	68	90	47	52	36	70	49	26	150	51	256	42	198	9	175	70	41	39	196	294	161	133	50	78	78	109	157	195	53	66	16	63	18	165	67	8	88	75	182	52	152	137	22	161	137	52	63	132	150	69	42	112	237	23	238	17	143	109	18	100	101	150	128	84	57	121	6	14	38	102	39	61	71	90	91	43	54	164	144	87	158	196	53	51	228	41	163	168	113	54	74	35	117	74	361	30	130	57	101	59	95	207	127	68	305	146	92	15	46	72	62	36	86	183	177	87	76	73	13	105	127	229	45	28	125	161	41	147	166	57	164	101	120	154	16	28	119	112	51	76	225	179	278	99	34	59	116	119	235	189	155	49	53	16	93	386	44	98	96	136	137	137	62	82	36	239	78	128	69	47	25	94	71	233	183	32	168	27	108	71	84	40	99	70	248	269	310	214	155	345	203	87	133	191	120	87	108	58	140	180	118	163	68	49	94	205	81	54	161	48	86	59	49	46	24	65	49	102	68	47	81	40	131	33	24	66	86	15	34	74	307	29	10	118	16	180	174	85	58	223	67	151	110	68	25	150	98	122	142	98	35	38	150	38	99	218	57	40	114	40	219	97	75	67	48	36	74	34	18	73	51	75	60	286	155	7	84	45	131	87	51	74	98	97	46	158	146	94	180	19	70	116	35	43	61	106	232	45	122	251	125	87	106	41	142	112	138	245	57	124	92	63	205	94	127	59	93	72	8	84	64	233	192	62	65	165	98	265	76	73	75	1	33	110	41	99	62	68	48	153	63	145	107	33	305	38	33	131	180	38	63	138	98	65	92	43	219	92	6	176	94	95	28	171	68	78	66	96	26	241	2	97	116	38	190	44	56	104	39	132	18	150	49	24	114	112	27	87	47	57	135	23	118	4	226	41	247	198	132	133	41	69	95	38	43	50	12	118	93	13	99	118	171	65	37	118	124	1	120	165	73	32	28	12	204	208	147	134	56	149	260	69	70	157	24	147	284	72	78	152	52	118	35	46	132	58	118	50	98	142	167	47	208	31	3	37	64	60	69	17	73	76	94	163	252	128	14	26	96	430	105	60	213	45	27	64	47	242	90	71	17	46	172	69	352	188	242	60	69	110	137	54	134	111	116	110	51	54	115	17	51	59	37	20	209	128	60	125	118	133	95	160	95	97	131	67	36	23	168	51	148	71	36	29	61	47
36	0	0	0	0	0	0	0	0	0	0	26	0	0	0	0	0	0	0	0	0	0	0	0	0	0	0	0	0	0	0	0	0	0	0	0	0	0	0	0	0	0	0	0	0	0	0	0	0	0	0	0	0	0	0	0	0	0	0	0	0	0	0	25	0	0	0	0	0	0	0	0	0	0	0	0	0	0	0	0	0	0	0	0	0	0	0	0	0	0	0	0	0	0	0	0	0	0	0	0	0	0	0	64	0	38	0	0	0	0	24	0	0	0	0	0	0	0	0	2	0	0	0	0	0	0	0	0	0	0	0	0	16	0	0	0	0	0	0	0	0	12	0	0	0	0	0	0	0	0	0	0	0	0	0	0	46	0	0	0	0	0	4	0	9	0	0	105	0	0	0	0	0	0	0	0	0	12	0	0	2	61	0	0	0	0	0	3	0	0	0	0	0	0	55	0	0	0	0	0	7	3	18	0	14	16	0	0	0	0	110	19	8	16	1	0	89	0	0	138	0	53	16	0	100	0	81	79	12	0	58	131	0	46	8	57	0	2	0	117	111	10	44	0	0	0	0	60	0	2	1	0	20	0	0	0	130	0	0	2	0	0	0	0	2	0	101	36	0	0	0	0	0	0	2	0	42	0	0	38	34	47	30	3	0	19	0	68	39	35	22	65	72	44	37	197	0	39	1	0	7	47	3	73	32	150	90	49	68	78	27	53	36	118	4	48	82	67	111	296	120	108	70	166	33	24	64	53	164	268	237	74	46	231	94	70	83	125	48	0	77	152	66	69	122	25	104	57	77	203	250	60	127	179	169	16	243	87	187	234	63	115	131	19	60	34	0	123	190	103	0	13	87	54	16	40	285	36	81	7	105	15	6	4	73	196	44	15	61	80	80	49	29	69	138	77	325	174	58	137	83	138	166	110	207	72	109	58	55	63	130	59	78	32	28	207	31	308	8	121	73	59	166	130	40	20	63	59	94	141	57	6	72	104	178	66	45	10	74	142	174	85	96	12	69	58	69	199	53	73	156	17	64	21	98	231	76	125	27	122	248	40	88	139	90	210	153	166	131	35	68	132	107	71	105	105	133	114	95	101	181	199	115	101	53	91	123	27	55	86	63	143	62	40	112	62	123	45	21	96	64	118	104	113	138	112	54	108	63	76	173	149	53	51	30	78	151	138	98	188	115	117	34	6	146	112	12	67	119	186	60	171	116	167	32	105	115	220	91	281	183	103	60	12	30	8	113	172	146	228	20	60	89	171	43	237	112	5	88	108	270	84	196	106	98	152	65	214	130	61	123	128	140	88	73	183	318	19	74	80	38	332	76	53	250	74	12	53	38	19	127	75	72	7	129	131	70	162	104	47	107	35	124	73	139	107	124	16	22	209	194	264	93	47	74	73	174	47	135	48	123	220	57	86	58	73	82	106	15	84	74	80	37	154	36	223	63	10	53	54	18	211	120	168	29	65	129	29	15	39	104	58	126	127	100	190	32	77	114	46	99	45	90	37	43	26	96	72	131	90	25	140	140	39	14	84	13	63	172	35	99	57	87	57	185	177	85	86	116	36	73	55	225	165	138	48	90	99	99	132	42	134	84	43	64	239	2	87	288	251	63	82	203	211	235	88	188	13	69	62	61	528	68	253	163	69	91	182	33	21	105	32	35	38	45	242	112	104	173	146	115	80	195	87	57	103	101	170	190	106	209	211	30	112	518	103	203	21	52	55	55	104	55	44	24	306	129	192	76	50	179	95	142	74	127	123	259	92	16	93	162	274	75	58	53	49	153	46	58	115	78	100	30	19	54	41	147	43	110	56	186	447	43	84	158	43	28	61	83	25	184	94	33	219	178	47	74	10	136	2	62	38	252	70	22	218	94	60	40	190	188	423	123	81	37	285	33	154	44	130	75	104	54	68	16	73	70	81	49	89	165	152	101	143	34	206	20	263	145	103	145	60	175	151	149	90	106	52	269	25	88	141	152	85	44	36	124	104	124	99	18	105	119	60	67	18	9	40	173	161	104	153	31	81	196	81	294	90	105	55	67	26	179	42	170	250	179	68	15	37	25	91	120	92	127	73	19	178	56	74	41	59	79	70	33	62	148	79	111	35	28	30	150	43	142	21	44	82	178	69	58	171	157	105	5	245	200	130	31	168	61	50	81	210	48	126	49	14	77	54	5	139	156	36	255	142	225	38	65	201	215	63	16	143	53	35	186	212	18	118	169	129	310	97	96	67	71	54	51	95	45	66	33	18	83	71	59	106	60	36	65
37	0	0	0	0	0	0	0	0	0	0	0	0	0	0	0	0	15	0	0	0	0	0	0	0	0	0	0	0	0	0	0	0	0	0	0	0	0	0	0	0	0	0	0	0	0	0	0	0	0	0	0	0	0	0	0	0	0	0	0	0	0	0	0	0	0	0	0	0	0	0	0	0	0	0	0	0	0	0	0	0	0	0	0	0	0	0	0	0	0	0	0	17	0	0	0	0	0	0	0	0	0	0	0	0	51	17	0	0	0	0	0	0	0	0	0	0	13	0	0	0	0	13	0	32	0	0	0	62	31	0	0	0	1	0	0	0	0	0	4	0	0	0	107	0	0	0	0	0	0	4	0	0	17	0	14	0	0	0	0	46	6	0	0	49	0	27	0	0	0	0	0	0	0	0	0	0	0	2	0	0	57	0	2	0	0	0	0	0	0	0	0	0	0	242	0	0	0	0	0	0	21	0	25	18	0	2	1	33	143	43	15	74	5	7	232	29	0	0	129	0	0	0	50	58	0	94	48	8	23	285	70	1	65	2	0	7	110	0	53	14	0	36	15	0	0	0	83	0	141	47	14	0	8	0	20	5	4	0	0	52	18	0	99	0	21	87	57	0	0	0	36	0	0	0	64	45	30	41	0	69	74	30	0	0	0	36	26	0	38	0	49	12	105	0	4	0	57	38	109	0	67	70	66	92	19	132	123	47	149	125	123	143	22	38	72	82	21	161	7	239	22	295	140	21	81	92	172	20	31	97	72	131	54	69	148	31	70	120	3	121	6	408	133	348	49	64	108	31	73	99	0	114	57	119	77	328	132	43	218	64	87	246	103	136	218	142	77	127	83	150	38	88	201	102	223	48	89	6	189	49	71	27	35	180	148	150	85	95	11	16	75	78	19	117	127	46	112	34	246	4	48	33	121	102	80	22	252	91	118	215	98	12	7	214	88	108	104	93	21	6	12	82	95	54	27	17	47	266	150	98	42	63	141	89	173	107	491	239	31	90	5	18	42	60	0	26	182	69	29	5	102	23	63	34	111	66	115	49	36	82	34	186	67	55	88	0	47	116	167	146	14	88	83	87	206	11	103	23	121	86	46	71	64	365	101	136	249	16	140	214	50	44	176	157	48	197	117	109	51	332	165	96	211	17	37	78	9	128	78	146	33	231	95	119	109	5	190	138	124	41	97	83	97	160	244	225	91	113	37	149	32	142	85	138	204	103	221	76	38	116	130	18	178	6	85	119	36	286	44	24	136	49	72	49	124	21	82	31	76	55	0	11	67	106	41	33	35	65	69	116	160	186	110	16	128	150	40	161	71	70	74	213	93	52	23	68	15	13	388	23	49	251	95	142	213	186	119	161	80	69	6	93	79	123	50	275	78	122	46	28	39	165	23	52	64	6	32	63	63	335	420	14	79	52	47	47	103	127	57	38	74	105	89	32	68	143	115	74	79	29	96	62	22	107	189	73	140	145	42	156	125	173	11	82	84	69	69	6	129	336	71	54	125	9	87	99	18	64	166	91	106	50	71	106	104	59	67	187	33	186	27	29	122	156	76	112	53	151	144	243	120	158	67	59	45	68	145	141	141	279	288	14	64	46	82	49	38	39	190	71	338	69	18	101	22	156	62	196	153	2	247	119	130	109	137	196	68	137	42	54	123	258	108	37	234	225	14	140	33	1	156	79	46	82	101	31	47	324	49	4	139	76	113	48	339	33	103	60	131	117	204	48	33	133	74	86	40	53	171	153	229	98	16	134	52	76	141	114	76	126	116	24	68	217	93	153	311	96	183	241	158	149	81	166	14	59	53	203	58	49	291	15	58	62	127	229	132	88	82	62	102	10	60	66	81	59	46	73	147	109	81	118	189	158	176	94	22	14	82	121	77	77	152	179	147	117	120	77	98	58	82	94	182	78	213	193	68	55	51	100	64	53	54	32	86	43	42	213	81	362	194	8	60	98	64	50	186	36	246	6	146	16	19	130	98	70	51	88	44	14	71	231	55	8	62	44	79	191	108	12	87	140	33	31	61	89	27	108	69	121	73	1	244	47	46	6	139	183	172	96	13	30	116	43	83	159	207	27	79	76	124	41	37	136	64	67	89	153	142	52	150	31	9	96	51	60	37	143	100	16	57	97	102	22	101	66	74	113	40	25	206	95	9	135	128	162	64	118	89	88	112	161	93	87	102	62	23	27	60	33	198	124	18	38	41	135	79	142	33	47	20	11	111	148	26	97	39	59	59	81	82	65	27	82	56	123	241	84	87	287
38	0	0	0	0	0	0	0	0	0	0	0	0	0	0	0	0	0	10	0	0	0	0	0	0	0	0	0	0	0	0	0	0	0	0	0	0	0	0	0	0	0	0	0	0	0	0	0	0	0	0	0	0	87	0	0	0	0	0	0	0	0	0	10	0	0	0	0	0	0	0	0	0	0	0	0	0	0	0	0	0	0	0	0	0	0	0	0	0	0	0	0	0	0	0	0	0	0	0	0	0	0	0	0	0	0	0	0	0	0	0	13	0	20	0	0	0	0	0	0	0	0	56	0	0	0	17	0	24	19	0	0	1	179	0	0	0	6	0	0	0	56	0	0	0	0	0	0	0	0	0	22	0	0	0	12	166	0	0	0	0	0	7	0	3	0	0	0	0	5	0	0	0	0	0	12	0	0	2	0	0	140	0	0	0	0	0	9	0	0	22	0	0	0	0	0	0	0	8	0	6	39	0	0	15	0	69	0	49	0	22	16	229	41	0	9	46	0	0	0	0	0	54	0	9	0	3	179	66	0	35	74	0	32	0	2	76	0	0	16	1	0	133	5	9	0	142	32	7	0	4	0	0	8	22	95	24	0	15	130	0	55	94	83	0	31	0	66	0	0	39	97	0	80	104	17	227	122	28	2	8	8	130	0	6	0	83	72	5	207	65	0	7	48	168	162	77	61	0	65	32	38	12	22	128	92	42	55	19	93	50	138	112	59	0	159	51	59	237	41	78	166	62	32	3	50	15	59	47	119	117	91	204	87	113	146	46	16	30	10	192	89	66	29	127	42	74	86	13	187	153	32	52	62	46	30	87	74	12	24	5	75	58	59	136	2	21	83	74	25	113	11	46	356	230	61	81	64	73	125	220	101	140	53	41	49	24	183	40	71	205	55	65	117	136	35	139	57	60	3	48	256	125	36	38	36	69	47	44	48	41	126	95	68	12	15	216	52	23	83	330	86	29	11	20	133	118	197	113	28	93	34	84	78	147	194	429	124	87	119	41	8	211	44	221	92	131	36	123	165	165	61	27	29	10	27	103	49	46	80	126	156	31	113	120	16	185	221	23	239	257	138	128	322	115	44	37	89	82	102	68	34	70	91	35	222	91	95	96	53	136	65	96	6	62	69	24	36	28	13	100	58	62	121	25	60	1	84	43	16	81	134	215	1	212	80	137	133	75	91	62	21	68	31	32	34	107	86	240	101	121	144	78	55	177	90	113	82	137	192	42	96	84	72	100	53	88	159	103	101	116	141	21	140	16	64	176	63	37	24	67	80	158	115	120	157	75	129	50	112	18	59	229	14	64	123	173	117	35	30	51	52	10	3	357	179	53	146	128	240	120	63	112	18	75	127	74	59	8	42	41	210	27	148	289	107	230	23	134	49	8	108	177	18	71	68	150	59	145	219	65	66	28	65	45	39	137	156	139	68	27	135	316	38	59	60	141	28	125	112	52	89	278	115	49	13	77	22	23	136	207	330	88	55	30	24	34	50	85	74	280	18	62	17	78	213	160	26	36	279	130	92	111	16	63	22	51	44	22	62	104	15	38	119	100	141	133	120	69	51	220	51	82	68	93	90	107	69	79	13	42	34	85	86	134	83	19	22	15	29	50	57	39	137	55	214	49	67	203	199	93	108	106	119	68	216	57	106	20	103	27	26	185	123	270	111	37	48	115	176	216	48	141	18	64	34	135	79	9	37	54	36	75	59	412	63	55	49	127	46	15	171	18	82	60	50	12	27	160	184	150	126	118	111	103	158	28	235	183	14	194	48	252	34	54	10	21	88	17	138	17	101	254	81	48	104	414	151	95	90	70	188	58	90	49	18	79	52	45	42	27	71	139	150	73	150	128	111	101	119	131	166	105	120	147	61	175	67	64	51	119	87	113	32	26	243	134	121	42	118	98	83	61	141	125	132	63	50	68	70	138	31	20	69	212	182	175	106	184	150	91	297	42	324	10	183	238	123	66	161	81	93	191	187	188	173	67	125	20	256	49	42	45	56	76	28	52	115	205	49	81	107	133	105	40	10	62	114	29	72	47	135	47	19	68	179	75	177	49	274	101	34	38	195	102	136	53	172	294	81	45	98	290	58	70	134	21	60	93	74	227	96	88	108	95	141	26	208	53	116	5	156	92	33	261	197	9	57	252	91	54	107	31	251	86	81	30	104	98	45	119	109	143	115	122	22	37	47	61	148	114	272	132	96	97	51	119	39	213	64	116	48	100	33	105	131	3	15	29	91	130	86	50	53	88	195	6	89	56	259	111
39	0	0	0	0	0	0	0	0	0	0	0	0	0	0	0	0	0	0	1	0	0	0	0	0	0	0	0	0	0	0	0	0	0	0	0	0	0	0	0	0	0	0	0	0	0	0	0	0	0	0	0	0	0	0	0	0	0	0	0	0	0	0	0	0	0	0	0	0	0	0	0	0	0	0	0	0	0	0	0	0	0	0	0	0	0	0	0	0	0	0	0	0	0	0	0	0	0	0	0	0	0	0	0	0	83	0	0	0	0	0	9	0	0	0	33	0	0	0	35	0	45	0	0	0	4	0	0	0	12	0	0	0	18	21	0	0	0	4	0	0	0	0	0	16	4	0	0	0	0	0	0	0	25	8	0	10	0	0	13	0	36	0	0	0	0	53	0	0	4	0	26	0	27	0	0	0	0	0	0	0	0	0	0	0	0	0	0	0	0	0	0	5	0	0	0	0	0	0	0	0	0	0	36	87	2	32	0	12	0	184	86	86	55	8	84	23	9	28	0	0	0	1	28	13	59	58	76	5	0	50	86	0	13	0	7	0	3	0	18	0	0	30	65	1	0	23	30	40	24	8	19	0	0	45	6	9	0	0	0	6	47	74	0	7	8	79	0	0	47	0	222	0	17	47	18	2	92	118	26	98	48	164	2	82	0	2	23	0	9	73	0	0	133	115	141	19	3	0	7	22	183	4	215	97	53	191	52	20	108	7	97	118	12	27	137	130	106	1	28	62	64	103	74	167	132	166	47	36	113	37	40	170	64	37	65	102	25	131	10	282	290	139	114	65	255	112	61	58	123	105	86	26	82	125	114	8	130	126	61	96	62	84	24	165	92	88	51	56	59	87	54	60	96	119	100	130	195	67	46	65	76	24	147	46	203	80	27	121	127	43	63	48	51	63	23	30	79	103	191	57	10	68	199	206	146	89	63	292	145	147	242	30	2	30	69	225	207	27	36	69	113	14	159	1	80	268	98	89	114	66	116	30	31	30	22	82	207	47	58	175	92	77	90	173	7	136	63	21	90	15	148	268	89	65	141	169	2	26	150	99	109	65	36	183	67	110	98	144	52	53	201	63	140	37	27	44	0	3	17	177	50	41	174	39	144	67	37	68	19	118	148	114	49	49	96	115	35	85	77	89	4	151	9	94	35	25	171	176	170	182	45	73	87	26	186	77	201	50	154	227	98	41	112	33	199	130	20	73	79	34	42	11	99	109	38	32	122	45	30	174	74	5	177	46	36	32	26	41	73	87	71	48	7	62	177	117	57	84	133	159	108	126	42	79	131	26	62	39	40	21	132	54	145	100	29	15	133	47	208	26	205	154	116	81	69	68	208	68	78	220	113	80	36	71	18	24	41	42	85	79	188	42	157	117	15	40	25	116	225	68	140	250	47	247	143	68	73	257	72	19	114	12	118	74	95	22	131	177	113	26	28	102	65	70	153	69	73	32	73	246	48	51	46	141	36	126	74	141	87	120	352	116	26	28	69	93	16	144	57	99	36	51	107	47	216	65	214	69	25	38	24	21	60	106	166	242	14	69	158	156	47	28	70	174	154	94	73	133	32	236	65	163	82	64	49	73	31	94	19	75	37	144	151	43	58	23	220	46	58	48	94	41	121	91	341	108	114	140	66	113	181	102	75	48	39	93	203	38	163	101	62	190	39	81	217	285	156	42	311	33	23	51	110	220	33	10	202	104	114	204	156	112	76	148	321	31	145	132	159	159	168	170	79	84	163	29	114	62	30	48	30	209	176	111	96	180	38	36	25	228	53	94	121	40	113	52	37	14	100	71	79	86	64	100	177	37	34	188	108	33	168	36	21	64	192	137	67	25	302	53	52	238	126	90	170	13	156	114	70	245	175	126	235	124	68	37	155	53	60	77	110	98	96	68	59	250	259	83	68	9	57	59	26	87	165	183	75	94	136	312	122	279	169	45	28	112	108	72	57	49	155	231	35	103	80	13	98	180	104	55	236	31	31	370	92	32	173	69	39	181	179	80	81	51	159	36	58	84	121	34	191	159	120	174	43	91	17	38	142	59	211	50	74	69	124	345	216	55	172	62	18	37	51	107	66	67	72	50	54	125	35	128	145	35	18	122	74	37	59	106	136	87	132	68	224	217	73	96	27	104	104	46	9	60	319	80	185	224	118	119	41	26	83	106	135	68	127	77	125	47	37	101	116	185	35	50	189	80	108	73	51	64	75	53	146	194	71	172	8	190	49	175	63	200	49	124	50	32	60	27	79	8	46	18	137	13	67	134	162	39
40	0	0	0	0	0	0	0	0	0	0	0	0	0	0	0	0	0	0	0	0	0	0	0	0	0	0	0	0	0	0	0	0	0	0	0	0	0	0	0	0	0	0	0	0	0	0	0	0	0	0	0	0	0	0	0	0	0	0	0	0	0	0	0	0	0	0	0	0	0	0	0	36	0	0	0	0	0	0	0	0	0	0	0	0	0	0	0	0	0	7	0	0	0	0	0	0	0	0	0	0	0	0	0	0	0	0	0	0	0	0	0	0	0	0	0	0	0	0	0	0	0	0	0	0	0	0	0	0	7	0	0	0	0	0	0	0	15	39	0	0	0	0	0	0	44	0	0	66	0	0	0	0	0	0	0	0	0	0	0	128	0	0	0	0	0	59	0	0	0	0	0	0	60	0	9	0	0	0	5	0	87	0	0	141	14	0	28	5	0	0	0	0	0	93	0	0	0	0	0	0	0	0	41	40	0	137	0	198	0	0	30	17	119	4	0	218	136	0	98	0	11	30	10	5	0	5	0	218	12	160	46	0	27	0	4	149	0	21	162	27	0	123	5	0	0	1	48	0	24	51	0	0	0	32	27	45	0	0	0	0	0	0	11	0	0	179	43	0	37	0	101	5	0	33	66	15	110	9	0	148	0	210	148	0	3	104	149	0	46	7	5	0	111	23	50	44	0	0	51	17	87	0	35	194	189	42	34	84	127	79	98	28	240	0	68	105	95	85	37	221	170	44	23	103	57	30	134	110	147	26	94	266	80	14	365	159	122	139	0	112	55	127	50	31	36	153	299	114	27	77	36	32	108	72	106	123	47	63	119	272	169	53	44	178	21	80	31	52	140	240	224	102	124	44	185	229	177	112	40	92	41	36	177	162	90	19	119	42	30	104	113	57	64	117	198	228	36	13	74	230	209	24	138	256	33	96	105	132	73	35	149	127	193	56	62	101	132	58	61	37	75	50	219	51	105	131	99	53	48	32	149	29	35	64	85	90	278	76	126	199	68	66	61	48	167	68	90	49	25	177	296	72	47	6	120	93	93	225	15	58	35	171	59	27	7	62	29	60	144	94	28	52	173	8	131	62	36	161	28	90	32	98	41	83	116	94	195	52	101	164	20	76	107	42	48	108	205	196	56	219	125	116	77	23	115	78	53	100	214	91	130	71	83	118	152	144	33	153	226	11	87	24	59	17	113	34	322	117	73	153	110	30	41	18	439	140	14	10	93	95	138	245	211	54	61	46	49	104	116	120	110	116	115	52	191	31	171	162	84	120	138	147	9	38	14	50	72	84	38	182	228	157	34	73	31	38	292	141	169	36	143	47	153	60	115	78	230	90	43	112	134	20	35	165	25	42	82	41	30	123	25	84	81	89	50	38	74	56	63	52	168	87	161	57	212	57	40	92	28	86	25	235	102	101	64	123	43	16	45	196	203	164	187	151	69	3	47	45	86	91	8	73	126	209	38	219	14	51	61	98	18	222	82	16	25	161	158	226	75	102	101	93	86	213	51	223	46	147	86	123	53	82	50	142	91	191	96	22	51	168	50	32	120	79	197	76	195	18	119	83	87	67	56	128	176	43	86	73	170	123	168	217	100	461	102	13	116	79	19	165	243	152	225	32	83	42	184	127	116	106	52	65	47	81	184	40	14	49	159	20	69	172	205	105	102	200	54	86	143	29	82	79	237	24	135	33	69	0	88	191	6	43	42	235	50	205	64	171	18	191	67	11	215	24	34	119	124	135	115	11	24	50	71	290	6	253	113	123	118	63	82	69	44	72	17	37	17	103	127	133	25	117	35	31	74	90	141	112	35	184	121	35	165	18	91	81	12	30	146	108	29	36	53	38	156	48	101	188	446	74	196	196	284	145	21	24	75	62	291	91	157	130	99	219	71	161	52	468	52	239	87	37	110	65	65	333	39	119	60	199	70	115	50	287	32	143	252	133	124	179	65	16	105	27	121	81	75	55	204	61	201	31	47	48	8	58	214	106	24	35	53	134	46	26	170	86	120	109	44	50	50	112	44	252	73	41	146	157	80	19	41	117	55	55	148	116	125	100	48	54	180	80	38	23	57	152	64	133	229	157	3	80	131	123	301	228	174	10	120	96	78	84	119	149	129	245	38	62	44	98	16	79	196	74	221	223	102	57	75	10	44	24	194	95	101	110	157	16	138	106	88	60	93	44	67	47	40	79	424	211	150	123	55	65	82	75	302	206	56	108	197	152	5	118	5	74	203	111	35	32	37	103	58	215	10	145	136	268	106	46
41	0	0	0	0	0	0	0	0	0	0	0	0	0	0	0	0	0	0	0	0	0	0	0	0	0	0	0	0	9	0	0	0	115	0	0	0	0	0	0	0	0	0	0	0	0	82	0	0	0	0	0	0	0	80	0	0	0	0	0	0	0	0	0	0	0	0	0	0	0	0	0	0	0	0	0	0	0	0	0	0	0	0	0	0	0	0	0	0	0	0	0	0	0	0	0	0	0	0	5	0	0	0	0	0	0	0	0	0	0	0	0	0	0	0	0	0	0	0	0	0	0	0	0	0	0	17	33	20	0	0	0	4	23	0	0	23	58	12	1	0	0	62	0	0	0	0	0	25	6	0	0	52	26	0	9	32	0	0	0	16	0	0	0	0	0	0	0	0	0	0	11	0	0	0	0	0	0	0	0	0	0	0	0	0	0	0	0	0	0	0	0	0	22	45	0	0	0	0	10	0	0	18	10	56	0	8	0	58	0	33	77	6	153	0	0	178	0	0	39	47	0	3	0	0	0	378	60	61	0	156	385	24	6	0	56	6	0	0	213	1	0	84	13	0	0	0	47	0	30	0	72	12	1	106	51	7	0	0	57	0	85	114	0	19	0	0	12	2	1	5	10	0	10	55	3	25	33	0	0	12	210	90	7	0	0	77	112	71	96	56	0	3	6	1	90	0	15	0	53	95	71	22	148	214	51	43	122	67	84	173	52	56	115	0	49	3	137	52	33	30	31	101	3	8	89	19	65	234	269	37	37	182	168	39	143	63	33	15	2	144	50	30	184	34	116	77	99	27	239	43	119	71	49	194	67	29	46	83	58	30	111	238	181	19	108	7	187	50	65	128	4	72	310	99	154	18	115	306	206	208	113	41	118	32	60	90	89	139	29	22	94	56	96	31	264	13	161	51	124	95	174	66	48	67	67	221	17	93	309	41	64	34	42	89	172	149	77	159	23	93	41	124	103	73	121	191	50	44	50	113	123	92	35	116	82	27	421	213	70	131	22	13	123	49	174	28	37	93	227	202	125	47	60	86	59	141	10	235	121	98	69	31	198	79	91	320	12	61	57	130	118	127	102	108	113	89	53	98	88	26	146	106	103	61	135	131	6	44	13	11	175	98	5	116	40	121	130	58	69	66	1	132	91	52	26	74	104	61	82	133	29	28	175	168	13	3	371	75	346	54	87	39	24	53	121	156	337	160	150	113	54	238	52	71	71	62	127	42	41	69	101	115	63	263	121	136	15	56	56	57	16	17	23	68	22	88	48	81	49	91	144	157	72	120	125	20	122	131	53	23	66	38	41	37	139	171	59	246	20	188	311	159	128	94	65	200	13	79	60	10	125	102	79	80	325	42	26	42	200	71	101	81	106	135	152	110	99	26	53	162	124	112	22	35	112	76	77	170	161	222	30	49	161	217	58	141	124	150	142	85	46	116	26	138	24	158	51	306	43	62	78	115	57	65	162	38	50	104	29	37	22	123	45	33	77	161	25	93	63	95	59	62	118	190	12	85	73	26	40	38	124	52	218	164	89	56	98	43	143	124	83	113	115	178	145	164	106	31	82	53	16	38	27	163	40	156	126	78	193	56	43	15	67	102	102	44	74	99	22	41	71	50	59	143	158	167	45	129	164	162	95	212	44	277	47	224	119	48	11	108	16	166	96	186	24	95	69	55	55	105	53	53	110	26	143	122	76	181	51	201	66	70	34	45	125	27	135	15	103	38	87	358	173	149	40	255	13	36	99	117	193	117	120	135	223	38	124	232	46	31	38	119	287	44	51	28	40	87	47	45	17	73	131	73	8	122	240	9	51	163	318	196	45	94	69	9	97	55	58	126	173	40	155	99	24	25	79	84	356	98	74	63	108	15	35	12	333	33	94	92	62	106	114	51	114	24	51	175	102	17	162	208	266	30	63	85	266	6	96	77	43	115	21	171	94	40	70	131	37	48	77	101	180	23	196	121	278	106	96	141	97	20	245	128	37	180	99	140	112	116	7	58	69	71	18	2	142	37	76	79	69	176	72	18	127	122	71	301	166	189	89	32	117	92	130	22	227	32	35	116	122	125	26	82	10	151	66	69	38	91	51	8	53	125	85	151	52	81	38	131	68	125	115	288	33	59	96	160	89	251	151	116	69	56	71	126	27	86	104	164	196	129	240	26	127	19	63	45	112	110	20	262	145	37	263	264	179	35	28	100	88	87	54	73	68	33	66	73	21	16	163	143	14	128	109	76	51	143	25	68	158	8	47	202	124	45	231	67	108	125
42	0	0	0	0	0	0	0	0	0	0	0	0	0	0	0	0	0	7	0	0	0	0	0	0	0	0	0	0	0	0	0	0	0	0	0	0	0	0	0	0	0	0	0	0	0	0	0	0	0	0	0	0	0	0	0	0	0	0	0	0	0	0	0	0	0	0	0	0	0	0	0	0	0	0	0	0	0	0	0	0	0	0	0	0	0	0	0	0	0	0	0	0	0	0	0	0	0	0	0	0	0	0	0	5	0	0	0	0	0	0	0	0	3	0	0	0	0	0	0	0	8	0	0	0	0	0	0	14	4	0	0	0	0	0	18	0	0	26	24	0	131	0	0	0	0	0	0	26	0	0	0	0	5	6	3	0	0	0	9	0	0	0	0	0	0	19	0	0	0	0	56	0	61	0	0	0	0	7	0	0	0	0	0	0	0	0	143	0	0	0	0	6	54	0	0	0	0	0	0	37	68	0	1	187	0	16	0	15	0	146	38	0	17	96	0	13	2	0	69	0	0	3	0	91	26	12	150	85	0	75	86	68	0	68	1	50	110	25	109	0	5	9	37	0	0	56	71	0	0	0	33	3	89	2	113	146	1	50	73	11	69	67	2	0	0	43	76	52	0	38	24	0	10	41	65	6	0	1	0	15	5	82	19	0	0	304	23	13	15	0	3	23	78	56	0	0	83	0	29	19	164	15	70	57	61	61	221	71	66	233	14	92	81	21	328	131	32	133	65	122	29	79	7	170	18	414	98	55	58	36	115	189	47	75	159	87	147	8	11	9	72	95	87	191	54	74	72	127	109	53	106	128	90	39	0	16	193	69	3	62	209	12	24	375	112	81	92	91	20	207	25	90	63	145	113	130	102	66	19	72	288	41	65	46	93	15	138	114	4	75	6	58	43	75	34	70	35	102	206	64	152	201	13	78	21	59	169	26	215	285	34	42	33	21	57	95	71	115	155	16	168	238	89	290	198	45	96	115	50	108	47	53	126	19	169	184	83	106	61	37	111	52	80	42	94	26	177	38	52	66	299	29	84	94	58	192	55	14	99	34	207	43	104	128	286	58	208	29	11	186	51	88	222	108	87	51	102	164	279	99	331	13	336	75	22	84	25	143	175	119	54	40	120	144	207	20	62	14	70	103	170	18	32	140	20	358	23	48	117	125	135	78	45	66	71	78	10	326	69	7	65	26	120	84	66	23	267	50	175	98	100	51	66	103	9	147	136	12	89	84	60	210	49	33	122	101	233	96	57	135	110	144	177	83	138	87	128	14	151	130	188	36	29	163	25	161	52	5	18	22	90	127	157	135	83	180	35	85	113	112	166	232	34	115	29	225	60	327	131	258	3	83	34	28	58	193	33	28	5	43	78	75	49	137	38	236	31	130	261	119	122	159	59	60	42	43	113	192	64	150	52	35	52	176	291	152	161	16	88	112	232	48	104	47	173	111	156	257	101	264	47	78	56	23	238	11	218	148	35	244	20	53	430	57	23	130	11	66	44	31	64	86	194	74	51	180	327	124	139	144	60	77	46	92	164	101	16	39	76	139	169	107	112	52	32	35	168	130	44	84	32	78	326	130	344	56	31	105	81	65	75	108	4	117	56	20	61	83	130	76	98	72	228	105	94	314	118	309	129	34	18	34	110	98	326	68	120	146	161	29	122	25	56	184	149	128	101	28	77	303	220	43	87	190	84	211	130	148	73	189	148	112	35	21	32	235	122	50	113	52	49	181	60	183	276	285	71	88	80	299	60	13	118	73	49	86	68	47	53	92	48	39	273	64	45	44	22	60	135	46	79	97	105	265	38	60	156	298	62	149	108	124	31	11	136	152	95	196	150	33	149	209	9	92	154	316	85	99	109	20	25	124	63	107	240	70	106	59	42	136	44	30	38	6	56	87	76	86	96	180	96	115	156	37	75	111	109	25	39	172	18	109	17	155	24	64	99	298	274	125	84	107	60	65	70	83	47	69	85	162	52	108	127	46	84	56	146	65	93	199	38	224	44	158	161	139	49	22	56	141	21	173	6	100	82	194	100	153	146	96	42	319	22	64	67	54	149	22	71	116	73	92	51	90	53	35	27	47	85	29	52	59	109	113	55	31	47	99	48	55	36	110	125	98	216	220	66	143	225	7	47	77	54	69	148	56	18	77	38	213	64	170	88	32	42	41	50	86	89	58	121	215	164	160	31	151	45	125	75	259	59	56	147	87	52	74	18	81	174	134	82	69	51	73	63	67	17	65	21	23	60	34	88	62	46	9	91	64	65	61
43	0	0	0	0	0	0	0	0	0	0	0	0	0	0	0	0	0	0	0	0	0	0	0	0	0	0	0	0	0	0	0	0	0	0	0	0	0	0	0	0	0	0	0	0	0	0	0	0	0	0	0	0	0	0	0	20	0	0	0	0	0	0	0	0	0	0	0	0	0	0	0	0	0	0	12	0	0	0	0	0	0	0	0	0	0	0	0	0	0	29	0	0	0	29	0	0	0	0	3	0	0	0	87	0	67	100	0	0	0	0	0	0	0	0	0	0	0	0	0	21	0	0	0	0	0	0	0	0	0	0	0	0	0	0	5	3	0	78	0	0	0	0	0	0	0	0	0	0	0	0	1	0	5	0	79	131	0	0	0	0	0	0	0	0	0	0	0	0	8	13	0	121	0	0	0	0	0	0	0	12	4	7	0	0	6	0	2	0	0	0	0	0	0	65	0	0	0	0	11	0	0	0	0	143	0	0	5	21	29	76	0	28	9	2	0	1	0	0	12	0	34	142	0	0	43	20	14	33	13	28	217	131	0	0	85	117	52	0	90	0	0	2	24	0	17	0	136	0	74	44	0	0	0	0	17	82	0	0	48	0	79	0	0	0	114	4	15	0	0	17	136	0	1	41	12	41	0	0	0	74	48	39	1	59	0	108	48	13	149	28	93	0	0	30	20	0	165	33	49	42	44	0	127	173	39	133	24	69	209	143	93	139	9	9	88	71	85	68	52	81	136	77	30	146	190	43	72	71	137	27	184	69	39	57	90	154	56	35	1	87	106	56	321	190	123	159	294	173	25	59	57	100	51	195	132	27	28	157	111	62	31	63	74	231	206	58	267	10	29	244	19	57	42	64	136	3	109	84	77	35	191	106	30	36	151	92	113	113	105	40	199	118	163	50	146	35	56	70	93	29	47	142	53	154	75	146	287	58	57	94	240	161	74	72	86	353	2	122	136	172	80	36	134	79	106	82	57	163	55	355	84	45	76	64	193	67	142	150	87	167	130	87	46	95	267	97	130	108	109	16	62	20	137	26	73	72	174	104	19	220	159	56	149	70	209	117	238	91	42	99	54	114	67	86	38	116	271	108	55	29	95	269	69	113	53	8	50	46	63	118	81	80	47	15	16	22	107	168	74	77	48	78	83	72	26	9	102	26	114	60	193	73	144	52	69	31	29	93	5	97	150	82	76	4	24	24	104	53	144	51	70	239	162	207	101	83	104	88	156	105	106	72	54	144	20	132	251	238	220	136	44	20	74	72	68	49	68	97	397	76	49	41	34	166	7	45	220	334	43	323	89	99	13	25	84	70	109	217	76	297	121	269	35	98	170	104	107	101	205	33	53	21	54	109	78	150	215	52	77	273	58	81	50	43	112	102	176	79	131	100	235	86	130	75	52	109	34	118	41	186	28	218	76	172	44	83	103	48	60	38	230	91	72	178	110	216	65	137	259	16	52	317	25	112	81	37	165	97	158	110	62	137	23	154	66	36	142	111	115	21	122	41	92	130	34	126	20	91	170	40	140	244	67	107	169	344	110	94	191	184	70	151	103	242	123	120	75	25	34	38	94	249	92	36	57	132	212	60	92	137	150	75	147	11	28	90	179	98	113	105	143	27	12	140	123	18	199	154	19	122	96	33	85	207	155	70	37	48	85	116	282	60	129	79	83	43	51	238	17	99	196	94	133	65	56	263	114	397	19	71	117	130	94	50	111	230	187	36	55	34	64	39	136	96	57	225	276	145	92	20	93	52	96	67	203	142	18	35	83	55	118	105	11	48	135	61	97	91	160	172	21	45	135	82	11	43	30	89	60	35	255	39	110	8	119	67	179	184	18	114	50	56	59	30	52	81	161	60	87	93	15	37	56	236	268	26	60	80	25	91	60	52	170	156	285	177	192	116	34	128	189	102	139	109	9	155	28	264	150	96	62	119	146	30	248	116	159	116	139	34	43	177	227	120	80	133	14	53	38	48	71	51	166	93	101	79	31	95	18	15	47	113	74	138	8	116	59	21	136	117	33	90	18	222	116	132	107	242	259	129	68	119	59	118	185	96	60	47	52	72	21	47	117	75	10	141	98	87	148	40	78	33	188	244	86	108	21	195	75	55	11	56	181	33	28	352	87	128	8	83	230	4	84	30	64	186	108	65	75	149	248	61	120	65	121	48	167	152	136	271	95	27	39	84	62	39	68	163	127	47	42	235	122	63	53	33	88	125	38	53	43	110	39	32	82	120	23	185	19	88	112	39	9	54	103	71	207	157	68	163
44	0	0	0	0	0	0	0	0	0	0	0	0	0	0	0	0	0	0	0	0	0	0	0	0	0	0	0	0	0	0	0	0	0	0	0	0	0	0	0	0	0	0	0	0	0	0	0	0	0	0	0	41	0	0	0	0	0	67	0	25	0	0	0	0	0	0	0	0	0	0	0	0	0	0	0	0	0	0	0	0	0	0	0	0	0	0	0	0	0	0	0	0	0	0	0	0	0	0	0	0	0	27	54	0	0	0	0	0	0	0	0	0	0	0	2	0	0	0	0	0	0	33	0	1	2	0	0	7	0	0	151	3	7	0	0	0	0	7	11	0	0	0	0	0	0	0	0	11	33	0	51	26	0	0	71	0	0	0	0	0	0	0	3	15	0	0	2	3	0	0	68	0	0	0	0	0	0	0	0	0	1	0	0	0	0	0	0	0	1	0	0	0	0	0	0	0	2	0	2	0	76	0	45	17	0	32	0	148	27	9	42	5	93	12	82	26	12	0	37	0	0	87	51	12	38	13	23	12	15	145	54	56	41	4	43	10	18	0	50	0	72	29	19	1	0	1	37	9	4	73	16	71	0	30	64	74	0	13	9	86	170	100	83	1	14	100	24	0	27	67	63	12	7	87	0	34	8	95	0	75	44	30	60	0	18	46	29	8	14	6	18	47	0	37	160	46	14	0	15	8	49	150	152	64	47	94	30	132	52	64	236	88	39	19	103	247	18	40	0	91	16	88	19	57	159	172	44	49	29	18	113	241	53	149	130	131	20	36	35	136	125	43	236	49	24	237	37	22	22	47	10	87	110	55	26	58	3	221	27	102	33	16	158	56	69	45	35	38	90	89	255	231	97	156	353	63	30	40	143	126	32	92	48	73	202	10	78	134	59	35	169	97	123	39	68	58	73	57	181	50	174	230	106	69	212	359	71	48	114	135	100	46	56	50	28	17	102	296	191	74	88	272	95	293	59	53	63	15	260	89	63	52	148	28	58	48	69	7	116	85	227	95	80	30	92	48	103	31	91	58	37	286	23	45	146	43	19	10	26	147	47	59	44	213	177	60	81	58	27	46	79	157	39	47	153	109	143	98	47	150	104	100	89	159	54	79	194	78	83	24	167	85	144	156	38	129	39	73	47	70	301	207	12	162	130	45	143	6	53	15	176	46	48	29	6	7	38	58	99	49	132	124	35	177	68	340	138	51	31	29	143	61	120	100	23	53	69	85	20	52	64	163	67	119	174	121	128	90	213	8	309	267	130	361	130	99	56	49	59	296	136	95	23	139	24	107	132	177	84	141	35	138	228	123	24	18	193	23	195	168	109	150	97	25	80	63	111	104	103	222	8	49	39	126	25	71	135	80	12	104	84	116	149	191	52	136	31	102	64	76	59	170	100	141	151	48	133	27	62	16	111	50	91	38	15	102	84	65	87	105	14	10	27	89	13	57	46	215	147	51	150	176	39	40	60	68	31	131	34	42	214	145	109	138	70	66	161	182	193	67	297	153	72	24	15	68	73	114	92	161	138	16	94	80	108	79	114	144	115	48	238	66	78	117	66	68	276	234	56	147	293	36	347	31	140	129	79	114	42	48	179	265	155	36	175	267	173	34	68	25	46	135	47	89	49	60	27	58	41	119	121	59	7	285	9	129	132	105	236	59	90	46	36	3	134	12	20	369	87	125	124	115	15	34	49	14	64	84	65	42	58	31	200	102	54	28	27	29	38	300	84	267	109	85	74	38	33	144	63	82	98	24	102	163	125	89	47	146	269	285	55	187	48	83	53	41	135	69	216	23	97	129	84	133	190	98	62	18	118	232	48	134	42	131	41	25	221	49	218	96	66	85	135	85	68	122	89	44	66	87	161	125	67	105	207	69	343	83	88	298	217	107	141	38	171	93	40	109	106	31	27	260	21	100	38	15	116	35	121	83	89	49	99	116	73	94	119	48	49	98	227	107	220	170	32	92	41	88	37	19	97	44	130	88	13	125	28	76	19	80	84	39	51	51	32	20	33	36	27	57	25	156	18	45	257	28	204	79	257	34	159	50	100	18	224	161	154	93	110	45	70	47	91	123	163	143	31	167	41	95	27	169	26	144	142	122	174	188	94	92	55	39	215	126	33	261	22	20	66	142	43	101	34	114	114	55	57	204	121	158	81	77	34	8	160	176	52	130	109	197	41	87	205	42	69	77	204	20	46	86	177	23	76	243	66	192	145	86	63	70	77	85	17	80	150	49	95	110	19	184	91	51	75	72	47	55	84	107	62	218
45	0	0	0	0	0	0	0	0	0	0	0	0	0	0	0	0	0	0	0	0	0	19	0	0	0	0	0	0	0	0	0	0	0	0	0	0	0	0	0	0	31	0	0	0	0	0	0	0	0	0	0	0	0	0	0	0	0	0	0	0	0	0	0	0	0	0	0	0	0	0	0	0	5	0	0	0	0	0	0	0	0	0	0	0	0	0	0	0	0	0	0	0	0	0	0	0	0	0	0	0	0	0	106	0	0	0	0	0	0	27	0	0	0	4	0	0	0	10	0	0	6	16	0	0	0	0	13	18	0	13	0	0	20	0	0	0	0	0	0	0	0	0	0	0	0	0	0	0	0	0	0	8	0	0	14	4	0	0	0	0	0	66	5	0	2	45	0	0	0	0	0	0	0	0	0	0	0	0	0	0	0	0	0	0	0	0	0	0	0	0	0	0	0	1	61	13	0	0	4	51	1	21	4	99	0	150	40	52	6	125	85	0	27	4	0	162	0	8	42	0	0	0	0	0	0	65	20	3	54	8	0	0	66	293	9	7	0	149	41	0	0	3	8	0	0	0	48	0	93	24	0	0	4	0	0	13	9	0	0	0	9	27	11	0	87	0	31	0	0	0	94	0	62	0	148	55	140	3	0	176	15	78	43	14	0	40	76	0	34	0	0	0	36	0	0	44	21	0	191	0	84	27	133	120	58	94	123	15	327	72	26	60	27	0	63	68	70	159	35	254	7	24	73	147	153	114	54	58	44	78	52	140	24	9	3	44	60	17	0	63	110	24	66	188	22	85	263	31	6	38	23	30	9	19	59	20	232	180	88	5	24	39	89	326	58	0	179	72	80	102	163	149	136	28	521	188	259	28	113	139	64	130	42	33	54	199	8	124	52	75	44	88	312	67	225	66	17	51	151	83	85	83	97	127	85	15	35	110	125	65	174	262	86	275	54	26	104	160	22	142	314	29	89	45	268	20	50	63	159	62	412	80	72	63	58	97	201	128	309	136	238	109	29	287	44	74	77	198	46	59	57	72	90	159	166	243	229	43	70	79	265	40	93	30	66	91	130	350	40	71	151	113	61	45	288	214	237	46	105	39	116	104	153	103	53	3	59	121	30	52	15	174	105	13	96	44	174	52	180	105	15	13	116	80	60	150	144	43	25	124	101	39	24	114	102	87	93	36	112	26	92	68	27	123	27	88	7	65	52	76	120	73	45	113	37	100	97	120	15	67	36	121	25	2	69	82	168	59	112	81	67	143	364	126	113	23	27	50	75	88	61	107	34	88	37	109	69	15	163	179	396	127	201	121	81	28	59	181	190	308	223	74	105	135	40	123	132	95	60	164	278	34	148	65	46	44	36	50	3	42	77	99	124	103	182	61	111	54	35	76	137	166	98	115	73	216	97	131	74	221	138	67	160	9	107	63	104	145	197	15	71	144	58	6	65	109	54	61	108	52	300	193	146	37	22	90	110	167	11	263	53	114	36	179	75	36	82	13	175	53	174	123	27	115	295	145	288	157	44	61	47	71	63	110	138	26	265	281	18	82	341	95	63	137	83	59	221	65	162	92	20	96	158	37	146	27	115	92	174	118	38	68	100	199	149	127	98	175	202	48	60	15	224	249	80	82	67	40	270	40	55	38	86	46	59	176	95	85	72	36	135	260	88	93	220	109	193	172	145	63	136	159	17	129	321	37	153	131	125	53	265	108	49	129	277	93	128	32	160	163	159	64	33	183	133	138	121	81	108	132	100	24	44	246	60	105	61	43	44	13	62	75	99	57	356	77	30	72	98	329	243	24	28	108	141	81	18	11	94	46	75	46	35	88	83	215	85	80	179	56	85	102	38	82	193	195	31	139	300	229	54	47	287	111	53	161	114	170	31	51	75	139	152	62	97	75	72	187	78	13	64	62	44	175	75	57	67	75	72	134	263	9	98	210	58	51	87	117	160	52	30	120	125	242	137	53	115	100	45	122	290	38	86	83	108	135	82	45	65	118	147	188	184	87	109	102	171	78	108	256	21	84	41	80	124	51	225	196	126	50	200	195	2	56	37	28	391	77	44	20	42	105	104	85	33	111	76	37	59	13	88	77	291	201	65	88	146	97	164	61	60	21	82	112	11	26	206	66	340	173	11	45	62	211	82	156	52	43	31	25	81	58	75	79	35	163	18	61	95	47	62	69	80	262	26	54	23	96	237	96	38	123	177	128	8	5	55	73	44	125	73	241	88	100	35	89	533	80	95	155	110	9	302	147	18	35	77	47	10	68
46	0	0	0	0	0	0	0	0	0	0	0	0	0	0	0	0	0	0	0	0	0	0	0	0	71	6	0	0	0	0	0	0	0	0	0	0	0	0	0	0	0	0	0	0	0	0	0	0	0	0	0	0	0	0	0	0	0	0	0	30	0	0	0	0	0	0	0	0	0	0	0	0	0	0	0	0	5	0	0	0	0	0	0	0	0	0	0	0	0	0	0	0	0	0	0	0	0	0	0	0	0	8	0	0	49	17	0	1	0	0	0	0	0	0	4	0	17	0	0	0	0	0	0	0	0	0	0	11	0	0	0	0	0	0	0	0	0	27	0	0	0	0	0	0	0	0	0	0	0	0	0	0	0	0	0	3	0	0	2	0	0	2	0	24	0	0	0	0	5	0	37	0	0	0	0	0	0	0	0	0	37	0	0	14	0	0	0	0	0	0	0	0	0	0	0	0	1	0	9	0	0	0	0	28	0	28	0	58	63	2	105	0	24	86	0	48	16	0	110	132	0	43	1	0	5	2	78	1	10	34	36	0	0	0	0	43	0	29	25	0	0	31	0	0	0	0	122	0	12	23	8	11	0	14	3	126	3	0	78	67	8	17	0	0	13	19	0	0	0	63	70	0	4	14	0	120	6	23	11	76	11	19	51	0	0	105	79	59	41	29	0	0	68	54	0	3	23	20	1	28	43	0	8	21	156	149	11	107	49	22	136	198	186	0	80	191	153	156	35	45	86	105	35	242	203	17	39	167	13	67	110	50	21	40	84	106	122	1	19	86	135	189	34	70	78	130	68	59	20	56	51	123	173	30	7	88	186	13	65	65	112	85	38	113	126	49	123	44	66	27	115	119	92	4	132	148	48	24	66	21	242	53	164	102	135	33	105	28	47	33	128	50	18	22	322	264	62	41	153	130	58	78	47	161	148	148	50	89	38	73	83	176	74	186	118	48	242	82	46	33	100	58	92	133	66	174	44	200	52	140	78	293	124	82	165	28	196	29	58	162	120	272	68	48	76	35	73	170	56	108	79	190	49	19	110	67	0	61	129	43	228	259	83	55	125	73	46	89	35	236	200	35	57	92	179	195	167	20	107	122	110	19	181	149	214	104	35	40	9	50	63	75	110	65	51	130	131	136	110	27	161	107	54	98	92	183	65	54	20	213	157	107	53	60	75	171	15	22	90	28	105	61	17	47	142	76	130	145	81	103	65	163	12	71	200	58	29	32	34	50	39	315	67	68	58	106	79	113	100	113	35	103	126	106	52	358	13	80	128	63	188	75	39	74	132	422	24	128	188	10	69	76	248	69	94	131	74	181	32	20	41	186	44	119	88	41	71	50	60	192	38	97	278	29	30	88	135	33	232	65	16	194	45	41	296	104	37	48	112	98	12	23	50	107	44	76	128	45	74	73	79	174	88	120	36	288	20	57	169	109	50	127	82	81	146	64	25	112	115	72	56	91	235	105	147	12	34	123	55	288	41	39	209	31	26	109	92	121	17	34	92	132	121	23	184	62	62	74	95	157	143	84	89	38	44	37	181	2	75	89	38	247	133	74	14	122	103	97	58	57	83	46	45	43	95	125	192	101	92	29	106	166	52	121	75	308	76	114	48	42	54	81	56	25	28	45	120	112	242	34	232	178	42	30	47	178	158	95	110	111	73	124	97	70	54	79	38	71	180	34	65	155	187	306	180	220	90	173	259	79	54	98	14	139	29	143	51	18	97	266	41	151	141	239	55	179	87	307	69	24	133	63	55	24	27	5	65	353	289	11	42	10	27	30	12	57	50	187	170	163	145	168	366	58	84	257	53	27	273	189	76	52	123	216	81	87	278	160	114	48	182	52	152	101	128	67	90	44	138	71	100	69	24	101	74	127	67	142	8	70	222	51	119	44	50	43	21	52	86	263	87	80	241	125	51	121	75	322	8	164	52	158	77	149	199	56	185	91	43	161	55	71	54	160	22	147	63	109	60	64	73	49	238	215	86	48	105	81	146	177	169	66	55	188	63	49	66	90	15	68	86	185	56	96	163	76	33	43	5	107	12	44	12	24	74	16	84	47	96	32	13	118	36	163	104	230	266	39	32	210	62	87	106	16	168	76	50	267	105	129	121	240	4	86	220	51	144	60	192	86	123	46	154	185	45	12	121	102	84	82	143	19	175	89	115	153	116	3	100	96	39	33	333	45	54	73	125	131	45	58	36	21	98	108	147	35	15	107	59	142	52	37	51	244	13	127	122	244	45	45	184	94	431	50	22	25	226	37	47	27
47	0	0	0	0	0	0	0	0	0	0	0	0	0	0	0	0	0	0	0	0	0	0	0	0	17	0	0	0	0	0	0	0	0	0	0	33	0	0	0	0	0	0	7	0	0	0	0	0	0	0	0	0	0	0	0	0	0	0	0	0	0	0	0	0	0	0	0	0	0	0	0	0	0	0	0	0	0	0	0	0	0	0	0	0	0	0	0	0	0	0	0	0	0	36	0	0	0	0	0	0	0	0	0	0	1	0	0	0	0	1	0	0	0	0	0	9	0	0	0	0	0	0	0	0	0	0	0	77	0	1	0	0	0	1	93	7	0	0	0	0	32	0	0	45	0	0	0	56	0	0	0	0	0	0	5	0	0	0	0	0	0	34	0	0	0	0	0	0	0	0	0	0	0	0	0	70	0	0	6	0	0	0	9	6	0	0	0	0	0	0	0	0	0	39	0	0	0	0	0	0	0	4	40	15	3	68	0	37	32	227	61	0	122	4	21	23	84	0	0	0	13	24	46	14	0	53	37	13	8	33	310	14	25	0	7	108	27	0	0	31	7	5	0	0	1	0	143	0	109	284	21	0	0	35	0	79	1	0	76	1	95	23	10	0	14	118	21	0	0	27	38	0	25	38	23	16	80	134	0	176	18	293	95	0	6	170	25	9	27	15	0	0	28	14	207	71	35	32	206	125	92	38	192	170	70	23	145	11	221	78	88	69	54	5	114	86	34	109	48	82	297	17	52	33	54	11	35	101	227	54	91	53	35	30	94	3	38	1	13	55	56	63	61	119	88	148	90	105	42	221	19	12	37	155	116	9	141	37	23	88	100	131	151	23	91	70	130	25	121	23	271	240	62	44	125	117	17	77	17	148	51	35	127	89	59	21	43	280	86	117	46	17	92	103	178	48	92	86	59	166	93	73	77	153	70	191	80	204	36	32	93	129	258	59	104	135	46	112	237	33	163	33	172	70	110	134	77	121	113	17	90	27	170	284	71	120	148	66	160	277	122	54	30	155	10	163	75	80	138	62	6	224	17	251	176	297	8	295	91	96	10	76	76	159	47	72	26	74	86	31	452	149	66	42	59	54	55	126	165	33	97	138	54	183	125	123	153	163	113	140	67	286	57	246	208	87	134	48	14	43	84	83	29	37	80	89	110	33	89	93	183	129	72	42	107	210	113	207	342	30	137	152	125	64	60	107	48	43	166	65	134	34	46	17	159	90	126	49	117	151	46	105	89	265	144	130	30	114	87	26	116	78	168	9	34	33	22	115	194	266	5	33	154	147	113	39	90	116	218	76	66	161	70	133	109	113	311	155	126	47	169	162	83	85	70	35	186	4	48	132	11	25	154	62	48	99	29	6	84	165	61	165	170	216	88	49	130	62	183	30	137	96	60	57	27	31	98	43	113	65	224	111	89	71	228	132	164	240	4	24	301	79	84	139	66	81	81	73	39	137	353	105	215	85	132	159	49	38	42	114	46	222	54	107	77	163	52	188	39	12	95	139	23	74	281	156	54	6	29	48	65	107	84	102	104	261	61	32	59	157	122	487	33	211	37	59	176	336	178	105	124	156	96	17	228	53	290	135	69	57	84	93	58	39	169	61	14	70	122	142	45	41	113	58	30	74	67	340	83	92	57	38	125	215	71	53	190	286	187	34	82	88	307	113	73	75	6	84	152	96	68	37	157	250	137	368	11	100	186	83	82	100	12	167	91	280	256	88	35	150	125	76	220	17	132	69	27	105	100	167	132	144	34	40	57	81	351	47	215	40	28	171	89	219	36	96	181	85	66	164	20	14	167	229	25	158	62	240	112	87	20	119	30	49	27	32	26	115	40	202	146	9	286	77	116	153	51	54	68	35	215	87	94	106	72	32	242	37	98	61	14	93	299	117	205	56	88	144	12	8	22	31	115	153	185	51	65	61	16	20	73	202	96	23	245	75	31	66	41	125	119	83	29	195	87	41	147	109	6	172	31	21	107	86	85	61	14	101	70	18	331	7	84	285	56	64	132	29	14	67	57	130	80	41	153	65	97	179	128	161	47	146	90	131	52	204	64	70	105	93	66	43	104	68	86	22	67	92	38	93	33	34	55	49	150	64	91	83	23	140	110	62	107	50	259	76	123	97	158	134	51	100	248	54	113	44	65	2	73	110	137	47	559	72	57	188	168	200	69	49	56	84	3	113	23	84	211	71	16	64	110	39	161	139	107	69	126	115	143	142	51	49	14	91	78	42	145	182	102	84	220	62	42	116	84	157	71	59	178	100
48	0	0	0	0	0	0	0	0	0	0	0	0	0	0	0	0	0	0	0	0	0	0	0	0	0	36	0	0	0	0	0	0	0	0	0	0	0	0	0	0	0	0	0	0	0	0	0	0	0	0	0	0	0	0	0	0	0	0	0	0	0	0	0	0	0	0	0	0	0	0	0	0	0	0	0	0	23	0	0	0	0	0	0	0	0	0	0	0	31	0	0	0	0	0	0	0	0	0	0	0	0	0	0	0	131	0	0	0	0	0	0	0	0	0	0	0	0	0	0	0	0	0	0	4	0	0	0	0	0	0	0	0	18	0	0	0	0	54	0	0	0	0	0	0	19	41	0	0	0	0	0	0	0	0	0	0	0	17	0	0	0	27	0	0	0	0	0	0	0	0	1	0	18	0	0	0	0	0	8	6	0	0	0	0	0	0	1	0	0	0	0	0	0	42	0	0	0	0	0	0	21	0	0	42	0	323	5	19	86	234	144	0	72	1	0	98	0	8	1	40	0	55	15	2	60	237	2	95	0	115	46	0	27	0	3	12	94	206	1	0	22	12	101	129	0	0	73	0	0	14	12	0	10	0	71	128	0	0	0	107	357	19	0	0	46	55	53	0	22	51	11	4	0	59	0	109	10	45	0	29	0	32	0	2	20	29	81	0	42	42	15	46	56	30	113	0	28	60	65	13	28	0	31	43	259	101	29	91	69	68	132	49	20	10	176	183	24	282	9	121	25	7	53	181	328	66	121	73	78	120	52	37	121	47	33	58	30	218	0	114	152	60	115	64	124	149	98	24	30	20	4	183	58	39	36	0	87	127	19	73	103	65	91	144	68	16	54	133	146	163	186	103	57	80	116	233	132	24	101	80	63	115	80	84	43	188	18	121	33	125	25	117	36	167	102	29	54	40	134	41	119	164	70	10	40	23	35	70	94	88	39	77	187	114	225	105	146	187	36	205	84	160	70	101	254	79	30	180	254	64	81	166	271	122	119	198	197	12	210	65	143	368	80	82	89	54	310	81	145	206	6	63	115	125	78	81	71	35	258	56	367	172	155	178	167	73	143	32	164	79	145	22	12	188	16	120	63	275	78	9	131	102	45	114	104	107	48	108	168	246	103	62	70	66	68	87	119	54	132	93	100	103	106	48	118	134	143	66	149	152	59	48	52	63	141	49	61	12	28	182	390	124	182	218	211	53	50	56	14	119	49	129	91	56	27	265	40	82	78	76	102	62	232	97	70	26	82	37	37	70	26	29	85	56	48	152	109	85	143	2	70	53	181	36	51	113	62	84	38	113	48	82	117	40	27	98	67	57	155	60	98	87	68	83	97	65	91	141	39	133	71	76	70	59	155	44	83	142	69	313	37	83	43	150	242	39	155	33	48	131	39	83	46	56	213	34	227	256	44	219	100	107	69	263	71	61	110	99	168	84	71	68	34	62	102	35	246	61	60	137	44	74	159	110	31	275	114	42	55	43	34	66	91	94	38	197	73	28	56	79	152	97	58	168	70	93	29	107	65	166	126	187	89	108	57	252	78	63	27	4	43	109	139	102	256	17	86	23	65	112	254	4	92	182	58	94	102	80	81	231	114	117	23	133	86	33	54	153	105	128	39	108	115	61	198	74	81	110	200	233	80	46	32	46	207	70	88	198	74	142	53	19	14	91	81	39	30	100	123	70	39	81	43	29	121	44	111	253	30	194	33	44	33	128	37	153	101	113	29	129	37	26	130	71	95	127	89	170	152	27	87	119	58	118	61	17	79	17	14	65	30	156	117	57	55	137	94	55	53	20	80	59	55	116	4	181	100	56	73	37	184	139	77	181	106	88	62	31	76	39	36	146	100	72	145	162	17	51	99	111	25	140	114	15	161	149	39	127	357	124	41	27	67	92	44	54	66	181	150	65	163	78	57	94	64	148	58	118	51	148	64	91	114	23	34	104	71	163	138	75	122	187	189	19	200	29	161	117	34	221	87	182	92	157	96	17	103	91	215	19	67	79	148	275	17	38	109	47	86	146	45	115	59	46	34	130	57	63	189	49	96	35	77	111	86	102	42	67	62	141	15	268	73	74	76	43	26	47	49	121	144	34	108	88	100	91	66	69	392	95	64	113	85	40	104	69	183	91	144	53	78	101	168	333	15	78	26	76	11	8	162	88	90	85	140	96	58	147	234	70	43	39	85	71	101	79	62	215	177	217	45	254	98	99	124	98	71	36	152	89	24	163	52	14	307	323	25	210	163	229	21	102	59	193	33	119	166	266	81	57
49	0	38	0	0	0	0	0	0	0	0	0	0	0	0	0	0	0	0	0	0	0	0	40	0	0	0	0	0	0	0	0	0	0	0	0	0	0	0	0	0	3	0	0	0	0	0	0	0	0	0	0	0	0	0	0	0	0	0	0	0	0	0	0	0	0	0	0	0	0	0	0	0	0	0	0	0	0	0	0	0	0	0	0	0	0	0	0	0	0	0	0	0	0	12	0	0	0	0	0	0	0	0	0	0	0	0	0	0	0	0	0	113	0	0	43	0	0	0	0	0	0	0	0	0	0	0	0	0	0	0	0	0	0	73	0	0	0	0	0	0	0	0	0	0	0	0	0	0	0	0	0	0	82	0	0	68	0	0	0	0	0	0	0	0	0	0	0	3	22	0	0	0	0	0	0	0	0	0	0	0	0	0	0	111	0	0	0	0	0	0	0	0	0	176	0	0	0	0	0	0	1	100	3	12	0	32	15	83	1	15	2	3	88	2	0	103	0	0	47	0	0	31	2	0	35	41	59	11	49	0	58	5	25	10	25	49	27	0	169	4	57	0	1	5	0	0	22	0	56	2	20	22	0	0	1	220	40	32	0	0	175	2	120	0	0	36	52	0	99	2	44	0	0	99	19	104	378	2	0	135	82	46	0	0	0	0	66	0	36	0	0	0	53	11	21	0	76	53	71	6	31	82	9	129	178	170	76	24	5	66	110	33	4	0	47	76	43	10	176	54	38	107	84	169	24	60	17	309	45	86	38	32	87	126	188	27	60	117	0	115	69	56	100	11	99	72	18	91	42	41	48	12	51	47	63	62	86	128	79	164	100	109	121	200	10	18	58	19	6	47	51	59	211	87	33	66	122	22	117	102	52	115	36	29	83	236	15	67	57	62	147	96	4	157	96	75	243	119	174	113	68	211	170	7	76	34	143	52	169	265	46	71	6	56	146	68	146	51	50	66	60	118	55	125	31	45	105	16	263	119	13	76	112	66	109	20	94	230	163	246	76	32	109	77	53	67	85	100	31	174	41	33	234	102	195	16	94	129	27	128	85	14	11	58	34	79	74	83	190	78	65	59	131	55	136	70	52	59	66	192	180	213	30	163	236	31	18	151	92	208	76	92	85	43	69	42	53	84	101	77	28	62	116	96	125	163	41	85	57	72	44	98	41	82	388	111	221	150	79	53	126	49	60	113	41	59	165	156	103	114	81	51	222	103	68	121	103	43	35	78	157	31	239	56	3	97	45	66	697	126	119	183	72	130	60	72	180	36	109	109	63	223	9	77	36	227	67	24	64	86	59	71	208	207	34	169	12	52	181	13	139	128	40	175	197	140	84	151	107	36	172	73	9	51	301	230	26	144	30	33	198	13	5	198	61	159	10	129	78	44	92	120	70	4	64	77	78	94	46	35	65	279	53	98	75	40	159	179	81	103	27	406	111	118	125	131	68	170	288	76	153	113	214	47	21	51	117	3	98	56	213	69	131	27	306	231	174	41	99	125	214	142	28	56	130	212	41	44	80	31	50	37	150	177	103	35	108	79	65	122	114	150	148	5	22	140	224	127	158	23	47	171	85	95	105	26	106	53	102	53	64	209	91	76	217	66	21	75	137	68	90	108	85	115	111	142	69	117	58	47	149	307	8	121	26	106	62	29	149	153	67	5	33	75	153	101	69	79	7	81	53	42	93	68	59	70	167	58	111	203	189	94	50	195	70	55	90	13	123	40	104	34	122	153	72	65	59	93	153	74	221	104	169	60	93	82	15	65	108	90	154	66	317	212	59	55	148	37	128	30	62	260	28	65	145	36	5	252	40	68	48	150	56	147	152	82	66	34	181	40	71	60	18	252	134	139	130	87	124	84	102	23	83	261	28	16	145	140	86	17	51	51	68	128	86	49	200	34	39	155	61	99	79	27	81	91	171	36	30	36	69	48	133	59	55	83	57	49	79	129	50	58	77	51	44	326	46	411	139	28	28	63	50	124	156	135	31	65	41	10	219	38	12	41	72	46	269	112	197	41	85	109	49	79	27	67	77	93	290	62	156	45	11	60	79	117	90	315	154	65	91	65	57	114	20	126	41	53	91	35	65	66	25	102	131	39	31	43	179	365	58	100	14	89	63	70	82	184	114	102	27	38	68	105	90	34	266	56	25	134	44	79	47	46	278	216	70	29	189	59	125	130	114	124	40	43	29	157	54	69	144	153	101	274	204	44	55	87	58	15	31	179	99	95	78	87	22	216	73	115	323	27	23	72	81	65	102	100	127	45
50	0	0	0	0	0	0	0	0	0	0	0	0	0	0	0	0	0	0	0	0	0	0	0	0	0	0	0	0	0	0	0	0	0	0	0	0	0	0	0	0	0	0	0	0	0	0	0	0	0	0	0	0	0	0	0	0	0	0	0	0	0	0	0	0	0	0	0	0	0	0	0	14	0	0	0	0	0	0	0	0	0	0	0	0	0	0	0	0	0	0	0	0	0	0	0	0	0	0	0	0	0	0	0	0	46	128	0	0	0	0	0	0	0	0	0	0	0	0	0	0	0	0	0	0	0	0	0	27	23	0	13	0	0	0	0	0	45	0	0	0	0	0	0	0	0	0	0	3	11	0	0	0	0	24	13	0	0	0	0	3	136	0	0	1	0	83	0	0	0	0	0	0	0	8	0	0	0	0	0	0	11	0	0	0	0	0	0	0	0	0	0	0	0	153	0	0	0	0	0	0	12	0	14	24	0	45	21	98	0	8	216	5	27	43	0	103	0	0	18	10	0	61	0	17	0	135	256	112	0	99	34	0	147	14	2	132	20	0	79	3	2	99	0	0	0	76	21	0	3	149	0	0	0	1	14	68	15	0	9	9	51	15	71	0	7	0	46	24	12	7	37	35	0	30	0	7	68	18	0	33	54	108	0	0	0	102	46	164	2	36	0	0	76	69	91	32	88	0	46	0	135	30	67	21	237	131	43	113	46	161	83	98	75	202	203	102	182	150	71	92	39	355	148	10	197	31	38	194	51	55	154	267	64	76	98	218	32	152	3	227	44	10	114	232	86	127	167	85	0	164	259	40	79	35	50	36	150	70	110	87	155	50	26	90	224	139	105	42	58	18	32	133	44	155	216	89	96	253	135	164	9	5	93	189	165	86	151	88	33	16	92	136	117	23	266	75	163	96	39	130	173	43	33	145	74	89	157	134	82	61	181	46	65	14	99	96	157	58	128	44	25	27	126	284	22	57	115	30	211	40	140	40	83	69	85	42	64	138	104	91	67	28	259	21	128	71	76	2	87	271	208	38	51	46	34	99	113	13	73	188	174	27	139	118	78	165	189	88	11	145	104	107	151	115	123	46	17	21	38	67	121	15	192	163	67	228	75	220	114	57	29	102	201	52	204	4	241	24	39	25	138	85	55	39	4	46	59	78	245	151	37	149	288	239	129	28	40	47	48	219	149	45	275	62	27	82	30	106	127	80	79	60	51	61	76	16	53	44	102	41	85	28	220	62	188	121	60	5	28	273	70	35	72	118	234	173	49	243	129	69	104	28	60	120	44	41	133	32	70	37	78	134	159	63	87	96	76	143	136	138	73	246	26	226	78	110	83	90	170	24	73	36	134	78	137	74	116	29	105	74	296	43	111	70	151	42	34	49	218	9	14	219	74	35	29	85	52	295	51	37	28	47	78	32	28	112	122	48	66	80	126	96	282	146	173	154	91	93	250	82	173	72	231	55	53	65	60	95	24	206	94	33	122	32	138	195	94	57	91	126	131	19	100	98	183	101	37	68	154	362	11	124	43	47	58	108	206	102	84	73	66	132	75	60	101	62	46	77	147	90	22	273	120	97	106	104	83	132	22	45	52	31	104	84	110	66	148	94	96	282	81	89	14	55	44	216	31	45	123	127	31	73	225	31	121	209	84	76	45	55	105	32	68	185	193	80	55	126	171	73	119	242	28	68	105	97	61	54	32	85	45	31	37	315	185	177	288	79	48	11	202	73	151	189	92	90	80	135	314	67	46	92	43	131	116	111	36	89	194	87	47	182	236	346	40	179	233	218	22	150	130	110	51	242	96	283	106	74	5	287	37	167	53	242	30	85	46	109	35	102	54	132	98	81	61	54	161	87	110	114	98	38	16	27	149	123	206	13	0	28	48	114	100	26	265	102	106	174	169	63	37	111	106	94	80	72	51	133	101	157	69	42	26	133	36	155	56	81	117	55	81	101	62	35	186	445	62	122	8	27	73	117	225	52	186	77	146	51	21	62	149	240	39	109	17	127	58	100	157	97	77	109	130	17	93	122	36	115	94	176	49	28	142	249	58	50	94	159	174	88	48	223	201	47	16	10	75	70	51	125	168	141	131	147	269	100	162	35	125	63	33	12	112	58	65	66	165	108	108	110	3	75	170	100	273	30	139	115	75	46	117	19	69	64	179	94	22	119	28	19	136	169	64	49	141	199	55	59	153	100	98	98	48	79	159	82	212	72	31	108	26	269	71	63	37	87	111	107	159	114	17	42	36	117	174	42	90	57	76	112
51	0	0	0	0	0	0	0	0	0	0	0	0	0	0	0	0	0	0	0	0	0	0	0	0	0	0	0	0	0	0	0	0	0	0	0	0	0	0	0	0	0	0	0	0	0	0	0	0	0	0	0	0	0	0	0	0	0	0	0	0	0	0	0	0	0	0	0	0	0	0	0	0	0	0	0	0	0	0	0	0	0	0	0	0	0	0	0	0	0	0	0	0	0	0	0	0	0	0	0	0	0	0	0	0	0	0	0	0	0	0	0	0	0	0	0	0	0	0	0	0	0	0	0	0	0	0	0	0	0	0	0	0	0	0	0	0	0	0	0	0	0	0	0	0	0	0	0	0	0	0	0	0	0	0	0	0	0	0	0	0	0	0	0	0	0	0	0	0	0	0	0	0	0	0	0	0	0	0	0	0	76	0	0	0	0	0	0	0	0	0	0	0	0	0	0	0	0	0	27	0	0	0	0	0	0	0	0	0	0	0	0	0	0	0	0	0	0	0	0	0	0	0	0	18	0	11	0	10	0	0	38	0	0	0	0	136	0	0	111	0	0	8	0	0	0	0	0	0	0	0	0	0	8	0	0	11	21	0	0	0	0	25	0	0	0	0	0	0	5	0	0	0	0	0	0	0	0	0	0	10	12	8	1	0	98	0	0	0	67	0	0	0	0	0	13	0	0	0	0	0	2	0	1	50	19	34	28	0	128	7	12	53	5	12	57	52	43	40	1	10	42	0	17	13	47	144	3	0	0	77	0	47	0	50	0	8	0	39	0	8	31	8	178	60	0	0	26	72	11	0	14	2	7	1	85	0	39	52	11	29	0	81	5	181	0	7	27	58	117	237	6	48	76	54	45	117	0	20	93	13	75	4	105	6	7	6	0	19	0	9	0	0	100	7	23	45	8	93	42	28	37	73	18	185	88	62	266	3	64	61	76	133	12	17	95	23	8	136	94	76	26	32	110	23	154	142	54	28	5	123	25	130	1	36	4	14	265	59	16	4	322	4	167	87	44	35	53	113	80	126	87	0	107	25	198	12	7	25	104	1	69	67	10	97	125	0	6	64	34	34	117	110	51	91	52	31	26	40	58	113	71	86	146	241	103	5	93	91	172	81	13	88	6	0	29	3	16	68	157	23	114	30	69	72	227	39	21	38	88	33	4	121	70	206	16	2	37	38	120	85	42	71	8	179	142	127	35	7	35	1	249	49	64	3	44	18	108	17	37	33	1	44	70	36	115	44	234	25	38	44	122	34	13	13	117	41	87	152	16	63	19	131	169	35	7	12	30	0	48	167	9	95	80	36	8	221	86	30	12	63	49	71	52	95	106	28	80	19	22	39	56	43	105	143	18	8	44	167	40	57	27	2	61	60	3	104	11	16	59	28	10	24	67	28	98	145	17	152	31	22	34	131	45	59	29	50	17	10	38	21	32	151	152	59	16	132	108	52	132	42	41	1	34	36	59	98	92	16	1	22	117	85	15	129	19	104	134	90	4	47	4	27	38	4	21	10	129	109	58	139	14	105	0	86	88	11	22	140	15	0	2	137	3	96	146	32	71	152	47	117	74	102	223	48	33	44	165	63	35	371	87	11	117	60	101	32	186	10	76	14	43	83	97	41	81	119	23	102	4	11	82	58	82	34	58	15	47	50	121	101	73	7	67	43	5	29	86	23	14	126	0	73	201	18	11	7	61	21	4	24	255	17	40	21	159	91	26	87	142	117	27	19	39	40	61	38	75	124	62	23	135	3	40	14	84	51	297	212	46	63	31	184	128	46	156	64	16	88	24	209	19	55	20	80	1	25	49	23	5	341	174	70	42	12	67	86	18	4	252	36	20	82	89	9	101	117	22	99	14	0	126	2	45	49	0	103	104	7	11	12	183	84	11	102	143	57	42	6	75	187	71	62	42	32	50	90	178	49	10	30	26	64	59	69	17	74	196	26	39	8	102	68	143	38	15	6	68	28	98	46	113	205	3	163	17	21	17	38	36	168	7	18	107	21	184	39	188	15	134	70	74	54	54	58	18	62	34	79	41	26	256	5	58	143	19	15	85	76	15	0	28	42	26	48	98	106	351	68	239	129	92	80	17	102	152	107	237	28	35	16	120	60	14	23	108	28	33	23	130	10	58	41	82	14	69	32	37	27	10	62	75	28	48	47	218	240	126	2	72	18	87	124	48	16	22	109	50	66	114	336	4	81	12	48	105	101	141	9	41	2	122	81	19	120	183	35	113	206	38	15	91	68	119	29	59	20	62	33	53	5
52	0	0	0	0	0	0	0	0	0	0	0	0	0	0	0	0	0	0	0	0	0	0	0	0	0	0	0	0	0	0	0	0	0	0	0	0	0	0	0	0	0	0	0	0	0	0	0	0	0	0	0	0	0	0	0	0	0	0	0	0	0	0	0	0	0	0	0	0	0	0	0	0	0	0	0	0	0	0	0	0	0	0	0	0	0	0	0	0	0	0	0	0	0	0	0	0	0	0	0	0	0	0	0	0	0	0	0	0	0	0	0	0	0	0	0	0	0	0	0	0	0	0	0	0	0	0	0	69	0	0	0	0	0	0	0	0	0	0	0	0	0	0	0	0	0	0	0	0	0	0	0	0	0	0	0	0	0	0	0	0	0	1	0	0	0	0	0	0	0	0	0	0	0	0	0	0	0	0	0	0	0	0	0	0	0	0	0	0	0	0	0	0	0	0	0	0	0	0	0	0	0	0	0	0	0	0	0	0	0	30	3	0	0	0	0	0	0	0	0	0	0	0	0	14	0	0	0	12	58	79	33	0	0	0	0	0	0	0	14	0	3	0	0	0	0	0	0	0	2	0	0	0	0	0	0	0	0	0	0	0	0	0	0	0	0	7	0	0	0	0	0	0	0	0	0	0	14	0	0	49	0	21	15	0	0	0	66	0	0	0	0	0	0	0	0	0	0	0	87	0	7	0	0	36	132	136	23	86	50	0	72	7	49	3	23	119	64	16	0	143	18	23	3	9	27	0	78	145	0	125	9	40	6	148	3	159	139	2	0	61	25	20	92	36	80	65	4	1	0	68	5	56	5	95	47	46	4	78	6	80	8	9	84	6	67	26	34	4	16	222	84	68	52	56	52	41	81	3	12	193	104	23	95	25	16	3	0	0	19	33	95	2	131	55	58	0	37	86	69	2	34	66	9	16	68	6	32	54	33	32	26	96	120	9	139	7	15	108	67	137	37	0	38	14	46	2	71	167	2	7	150	14	1	33	104	88	128	152	83	70	92	26	4	59	87	10	135	82	54	29	106	7	1	128	43	43	6	4	12	1	22	170	5	66	41	12	0	57	31	169	51	246	121	35	0	68	16	45	8	260	64	45	59	47	10	40	135	30	95	12	1	45	16	58	24	18	31	128	59	2	52	41	93	117	53	58	47	93	87	111	134	5	38	2	0	18	164	307	42	20	132	36	120	36	1	14	136	13	19	8	39	16	40	0	14	318	34	68	131	39	17	105	57	44	81	51	40	98	257	5	244	71	22	44	119	73	40	24	28	63	87	48	76	9	12	0	29	5	123	12	108	38	58	62	108	103	4	57	58	44	481	82	52	240	67	134	57	58	4	6	42	216	33	112	153	107	39	40	26	446	170	5	1	82	2	12	2	50	40	98	1	76	34	31	104	334	75	40	21	65	74	132	9	60	36	31	4	109	206	62	36	60	78	51	32	23	135	65	114	56	6	104	14	244	98	193	59	121	42	28	94	6	79	70	22	8	2	169	84	89	23	24	2	9	35	93	41	32	202	53	57	24	6	14	21	33	67	383	38	114	8	190	124	79	81	1	15	54	15	59	47	55	155	25	26	28	103	38	2	68	85	96	198	0	108	35	28	93	108	135	2	95	22	13	177	169	28	125	45	26	50	115	2	24	81	45	50	134	62	59	169	44	15	71	58	13	143	14	53	135	14	55	63	17	61	13	88	54	6	1	73	90	138	46	15	20	60	123	64	144	1	48	4	112	27	140	72	111	101	42	18	49	16	21	179	40	66	152	67	223	51	103	104	57	45	163	14	105	14	16	3	136	85	72	14	4	3	63	233	105	17	34	11	170	9	108	70	11	112	89	33	13	65	65	263	55	8	130	28	9	194	18	183	84	28	61	140	43	1	44	8	151	26	28	137	117	64	16	39	358	17	29	118	99	418	102	48	172	37	17	3	44	11	117	53	92	41	96	43	34	28	64	19	18	72	67	89	139	46	30	31	100	11	67	143	3	124	80	124	102	122	85	98	81	60	18	159	13	114	52	24	30	307	65	16	100	87	1	82	58	73	19	225	238	82	101	160	66	8	0	57	68	29	24	8	33	58	7	23	3	110	16	18	16	104	21	44	4	70	124	44	13	3	53	178	211	28	41	46	148	32	91	63	59	35	21	123	95	83	25	46	24	67	77	76	56	140	6	38	40	33	117	96	86	40	226	25	81	18	80	6	156	165	100	54	128	43	2	0	128	14	229	69	5	68	103	90	8	59	20	87	139	58	104	15	6	71	0	22	42
53	0	0	0	0	0	0	0	0	0	0	0	0	0	0	0	0	0	0	0	0	0	0	0	0	0	0	0	0	0	0	0	0	0	0	0	0	0	0	0	0	0	0	0	0	0	0	0	0	0	0	0	0	0	0	0	0	0	0	0	0	0	0	0	0	0	0	0	0	0	0	0	0	0	0	0	0	0	0	0	0	0	0	0	0	0	0	0	0	0	0	0	0	0	0	0	0	0	0	0	0	0	0	0	0	0	0	0	0	0	0	0	0	0	0	0	0	0	0	0	0	0	0	0	0	0	0	0	0	0	0	0	0	0	0	0	0	0	0	0	0	0	0	0	0	0	0	0	0	0	0	0	0	0	0	0	0	0	0	0	0	0	0	0	0	0	0	0	0	0	0	0	0	0	0	0	0	0	0	0	0	0	0	0	0	0	0	0	0	0	0	0	0	0	38	0	0	0	0	0	0	0	0	0	199	0	1	0	0	0	0	8	0	0	0	1	0	0	0	0	0	0	21	0	3	0	0	12	0	0	145	0	0	5	0	0	2	0	0	52	0	0	0	0	0	0	0	0	0	162	0	0	0	0	0	0	0	0	0	0	0	0	0	0	0	0	184	0	0	0	0	0	0	0	0	0	0	0	0	0	30	30	0	0	0	0	0	23	41	0	0	0	0	53	0	0	0	30	115	27	0	75	6	40	90	4	34	26	0	25	6	93	94	25	1	3	19	71	27	11	5	15	28	142	41	134	43	54	0	78	58	0	10	8	16	0	0	40	31	5	11	71	2	27	14	16	56	62	29	0	156	39	37	0	148	31	25	117	85	39	61	0	111	6	44	0	17	58	14	0	126	9	116	0	62	20	184	23	91	9	47	15	181	210	103	24	86	0	90	142	23	131	6	0	46	107	24	0	6	81	32	138	83	88	20	110	28	13	4	5	67	12	194	1	1	17	0	6	122	28	205	153	172	83	7	10	22	50	12	13	8	36	84	24	65	0	9	4	141	107	6	55	18	157	13	85	62	20	21	17	58	113	28	158	39	23	78	4	19	133	22	4	60	67	17	169	43	8	25	2	160	204	49	19	143	186	52	50	65	8	55	104	2	154	40	6	52	25	63	159	49	73	46	1	88	36	4	9	202	88	48	68	65	144	362	90	29	37	28	219	26	16	1	5	5	11	27	131	2	25	9	18	101	8	88	11	13	43	40	198	21	9	13	47	11	9	19	33	7	35	86	24	129	66	2	23	33	99	26	58	106	46	52	4	28	93	5	23	1	67	48	102	292	254	11	39	110	4	0	256	43	112	91	106	35	39	18	4	7	24	73	103	125	133	21	70	68	192	3	86	12	10	190	54	209	75	93	165	68	33	62	125	53	2	89	3	15	1	30	51	85	17	25	89	105	140	37	71	11	7	7	220	53	124	146	321	20	9	55	12	11	122	145	167	41	175	165	63	24	301	110	28	43	19	54	105	40	44	23	1	5	162	15	66	32	6	21	0	51	127	28	60	23	16	4	105	60	134	40	180	36	45	36	80	45	17	144	95	63	67	10	25	27	113	218	86	25	4	119	19	53	187	38	160	273	12	141	69	182	4	34	24	152	20	24	18	61	14	39	22	72	59	112	91	1	53	39	34	54	1	31	56	39	64	106	10	36	10	28	87	58	113	27	76	75	9	33	74	25	26	73	86	16	28	94	84	1	5	205	11	18	69	103	62	71	71	3	11	32	89	28	21	39	45	32	69	25	39	41	168	141	13	15	48	3	13	12	112	170	12	17	26	84	13	9	13	208	70	86	6	131	1	34	70	6	34	202	11	35	18	26	52	85	9	114	51	64	38	7	90	74	67	47	2	19	6	222	2	0	109	5	36	2	15	141	16	13	34	30	96	3	6	25	61	25	88	10	4	36	27	71	74	36	92	170	57	43	43	140	34	158	10	58	2	52	5	24	98	0	129	30	69	27	6	34	73	14	31	37	6	20	28	177	57	8	163	23	73	69	47	119	36	9	52	372	63	166	31	32	86	123	103	19	72	136	129	10	65	53	41	117	340	4	86	129	26	206	291	11	19	0	10	83	0	16	155	2	187	11	218	18	117	5	73	109	2	205	32	3	81	147	129	37	157	37	57	58	20	37	54	19	66	168	42	85	3	107	110	76	36	96	16	73	21	72	29	89	118	5	44	104	141	94	35	77	75	167	9	28	52	130	3	55	35	95	99	99	32	19	7	4	78	65	184	27	125	27	34	35	1	19	172	131	5	6	14	36	31	76	72	55
