0	0	0	0	0	0	0	0	0	0	0	0	0	0	0	0	0	0	0	0	0	0	0	0	0	0	0	0	0	0	0	0	0	0	0	0	0	0	0	0	0	0	0	0	0	0	0	0	0	0	0	0	0	0	0	0	0	0	0	0	0	0	0	0	0	0	0	0	0	0	0	0	0	0	0	0	0	0	0	0	0	0	0	0	0	0	0	0	0	0	0	0	0	0	0	0	0	0	0	0	0	12	12	12	12	12	12	12	12	12	12	12	12	12	12	12	12	12	12	12	12	12	12	12	12	12	12	12	12	12	12	12	12	12	12	12	12	12	12	12	12	12	12	12	12	12	12	12	12	12	12	12	12	12	12	12	12	12	12	12	12	12	12	12	12	12	12	12	12	12	12	12	12	12	12	12	12	12	12	12	12	12	12	12	12	12	12	12	12	12	12	12	12	12	12	12	12	12	12	12	12	24	24	24	24	24	24	24	24	24	24	24	24	24	24	24	24	24	24	24	24	24	24	24	24	24	24	24	24	24	24	24	24	24	24	24	24	24	24	24	24	24	24	24	24	24	24	24	24	24	24	24	24	24	24	24	24	24	24	24	24	24	24	24	24	24	24	24	24	24	24	24	24	24	24	24	24	24	24	24	24	24	24	24	24	24	24	24	24	24	24	24	24	24	24	24	24	24	24	24	24	48	48	48	48	48	48	48	48	48	48	48	48	48	48	48	48	48	48	48	48	48	48	48	48	48	48	48	48	48	48	48	48	48	48	48	48	48	48	48	48	48	48	48	48	48	48	48	48	48	48	48	48	48	48	48	48	48	48	48	48	48	48	48	48	48	48	48	48	48	48	48	48	48	48	48	48	48	48	48	48	48	48	48	48	48	48	48	48	48	48	48	48	48	48	48	48	48	48	48	48	72	72	72	72	72	72	72	72	72	72	72	72	72	72	72	72	72	72	72	72	72	72	72	72	72	72	72	72	72	72	72	72	72	72	72	72	72	72	72	72	72	72	72	72	72	72	72	72	72	72	72	72	72	72	72	72	72	72	72	72	72	72	72	72	72	72	72	72	72	72	72	72	72	72	72	72	72	72	72	72	72	72	72	72	72	72	72	72	72	72	72	72	72	72	72	72	72	72	72	72	96	96	96	96	96	96	96	96	96	96	96	96	96	96	96	96	96	96	96	96	96	96	96	96	96	96	96	96	96	96	96	96	96	96	96	96	96	96	96	96	96	96	96	96	96	96	96	96	96	96	96	96	96	96	96	96	96	96	96	96	96	96	96	96	96	96	96	96	96	96	96	96	96	96	96	96	96	96	96	96	96	96	96	96	96	96	96	96	96	96	96	96	96	96	96	96	96	96	96	96	120	120	120	120	120	120	120	120	120	120	120	120	120	120	120	120	120	120	120	120	120	120	120	120	120	120	120	120	120	120	120	120	120	120	120	120	120	120	120	120	120	120	120	120	120	120	120	120	120	120	120	120	120	120	120	120	120	120	120	120	120	120	120	120	120	120	120	120	120	120	120	120	120	120	120	120	120	120	120	120	120	120	120	120	120	120	120	120	120	120	120	120	120	120	120	120	120	120	120	120	144	144	144	144	144	144	144	144	144	144	144	144	144	144	144	144	144	144	144	144	144	144	144	144	144	144	144	144	144	144	144	144	144	144	144	144	144	144	144	144	144	144	144	144	144	144	144	144	144	144	144	144	144	144	144	144	144	144	144	144	144	144	144	144	144	144	144	144	144	144	144	144	144	144	144	144	144	144	144	144	144	144	144	144	144	144	144	144	144	144	144	144	144	144	144	144	144	144	144	144	180	180	180	180	180	180	180	180	180	180	180	180	180	180	180	180	180	180	180	180	180	180	180	180	180	180	180	180	180	180	180	180	180	180	180	180	180	180	180	180	180	180	180	180	180	180	180	180	180	180	180	180	180	180	180	180	180	180	180	180	180	180	180	180	180	180	180	180	180	180	180	180	180	180	180	180	180	180	180	180	180	180	180	180	180	180	180	180	180	180	180	180	180	180	180	180	180	180	180	180	240	240	240	240	240	240	240	240	240	240	240	240	240	240	240	240	240	240	240	240	240	240	240	240	240	240	240	240	240	240	240	240	240	240	240	240	240	240	240	240	240	240	240	240	240	240	240	240	240	240	240	240	240	240	240	240	240	240	240	240	240	240	240	240	240	240	240	240	240	240	240	240	240	240	240	240	240	240	240	240	240	240	240	240	240	240	240	240	240	240	240	240	240	240	240	240	240	240	240	240	300	300	300	300	300	300	300	300	300	300	300	300	300	300	300	300	300	300	300	300	300	300	300	300	300	300	300	300	300	300	300	300	300	300	300	300	300	300	300	300	300	300	300	300	300	300	300	300	300	300	300	300	300	300	300	300	300	300	300	300	300	300	300	300	300	300	300	300	300	300	300	300	300	300	300	300	300	300	300	300	300	300	300	300	300	300	300	300	300	300	300	300	300	300	300	300	300	300	300	300
0	0	0	0	0	0	0	0	0	0	0	0	0	0	0	0	0	0	0	0	0	0	0	0	0	0	0	0	0	0	0	0	0	0	0	0	0	0	0	0	0	0	0	0	0	0	0	0	0	0	0	0	0	0	0	0	0	0	0	0	0	0	0	0	0	0	0	0	0	0	0	0	0	0	0	0	0	0	0	0	0	0	0	0	0	0	0	0	0	0	0	0	0	0	0	0	0	0	0	0	0	100	100	100	100	100	100	100	100	100	100	100	100	100	100	100	100	100	100	100	100	100	100	100	100	100	100	100	100	100	100	100	100	100	100	100	100	100	100	100	100	100	100	100	100	100	100	100	100	100	100	100	100	100	100	100	100	100	100	100	100	100	100	100	100	100	100	100	100	100	100	100	100	100	100	100	100	100	100	100	100	100	100	100	100	100	100	100	100	100	100	100	100	100	100	100	100	100	100	100	100	100	100	100	100	100	100	100	100	100	100	100	100	100	100	100	100	100	100	100	100	100	100	100	100	100	100	100	100	100	100	100	100	100	100	100	100	100	100	100	100	100	100	100	100	100	100	100	100	100	100	100	100	100	100	100	100	100	100	100	100	100	100	100	100	100	100	100	100	100	100	100	100	100	100	100	100	100	100	100	100	100	100	100	100	100	100	100	100	100	100	100	100	100	100	100	100	100	100	100	100	100	100	100	100	100	100	100	100	100	100	100	100	100	100	100	100	100	100	100	100	100	100	100	100	100	100	100	100	100	100	100	100	100	100	100	100	100	100	100	100	100	100	100	100	100	100	100	100	100	100	100	100	100	100	100	100	100	100	100	100	100	100	100	100	100	100	100	100	100	100	100	100	100	100	100	100	100	100	100	100	100	100	100	100	100	100	100	100	100	100	100	100	100	100	100	100	100	100	100	100	100	100	100	100	100	100	100	100	100	100	100	100	100	100	100	100	100	100	100	100	100	100	100	100	100	100	100	100	100	100	100	100	100	100	100	100	100	100	100	100	100	100	100	100	100	100	100	100	100	100	100	100	100	100	100	100	100	100	100	100	100	100	100	100	100	100	100	100	100	100	100	100	100	100	100	100	100	100	100	100	100	100	100	100	100	100	100	100	100	100	100	100	100	100	100	100	100	100	100	100	100	100	100	100	100	100	100	100	100	100	100	100	100	100	100	100	100	100	100	100	100	100	100	100	100	100	100	100	100	100	100	100	100	100	100	100	100	100	100	100	100	100	100	100	100	100	100	100	100	100	100	100	100	100	100	100	100	100	100	100	100	100	100	100	100	100	100	100	100	100	100	100	100	100	100	100	100	100	100	100	100	100	100	100	100	100	100	100	100	100	100	100	100	100	100	100	100	100	100	100	100	100	100	100	100	100	100	100	100	100	100	100	100	100	100	100	100	100	100	100	100	100	100	100	100	100	100	100	100	100	100	100	100	100	100	100	100	100	100	100	100	100	100	100	100	100	100	100	100	100	100	100	100	100	100	100	100	100	100	100	100	100	100	100	100	100	100	100	100	100	100	100	100	100	100	100	100	100	100	100	100	100	100	100	100	100	100	100	100	100	100	100	100	100	100	100	100	100	100	100	100	100	100	100	100	100	100	100	100	100	100	100	100	100	100	100	100	100	100	100	100	100	100	100	100	100	100	100	100	100	100	100	100	100	100	100	100	100	100	100	100	100	100	100	100	100	100	100	100	100	100	100	100	100	100	100	100	100	100	100	100	100	100	100	100	100	100	100	100	100	100	100	100	100	100	100	100	100	100	100	100	100	100	100	100	100	100	100	100	100	100	100	100	100	100	100	100	100	100	100	100	100	100	100	100	100	100	100	100	100	100	100	100	100	100	100	100	100	100	100	100	100	100	100	100	100	100	100	100	100	100	100	100	100	100	100	100	100	100	100	100	100	100	100	100	100	100	100	100	100	100	100	100	100	100	100	100	100	100	100	100	100	100	100	100	100	100	100	100	100	100	100	100	100	100	100	100	100	100	100	100	100	100	100	100	100	100	100	100	100	100	100	100	100	100	100	100	100	100	100	100	100	100	100	100	100	100	100	100	100	100	100	100	100	100	100	100	100	100	100	100	100	100	100	100	100	100	100	100	100	100	100	100	100	100	100	100	100	100	100	100	100	100	100	100	100	100	100	100	100	100	100	100	100	100	100	100	100	100	100	100	100	100	100	100	100	100	100	100	100	100	100	100	100	100	100	100	100	100	100	100	100	100	100	100	100	100	100	100	100	100	100	100	100	100	100	100	100	100	100	100	100	100	100	100	100	100	100	100	100	100	100	100	100	100	100	100	100	100	100	100	100	100	100	100	100	100	100	100	100	100	100	100	100	100	100	100	100	100	100	100	100	100	100	100	100	100	100	100	100	100	100	100	100	100	100	100	100	100	100	100	100	100	100	100	100	100	100	100	100	100	100	100	100	100	100	100	100	100	100	100	100	100	100	100	100	100	100	100	100	100	100	100	100	100	100	100	100	100	100
1	0	0	0	0	0	0	0	0	0	0	0	0	0	0	0	0	0	0	0	0	0	0	0	0	0	0	0	0	0	0	0	0	0	0	0	0	0	0	0	0	0	0	0	0	0	0	0	0	0	0	0	0	0	0	0	0	0	0	0	0	0	0	0	0	0	0	0	0	0	0	0	0	0	0	0	0	0	0	0	0	0	0	0	0	0	0	0	0	0	0	0	0	0	0	0	0	0	0	0	0	6	0	0	0	0	0	0	60	2	0	6	0	0	0	0	50	0	0	0	0	0	27	0	0	0	0	0	0	0	0	0	13	0	69	0	0	5	0	0	0	19	0	8	0	0	0	0	7	0	0	0	0	0	0	0	0	0	0	0	0	0	0	0	0	0	0	11	28	0	0	0	0	0	0	24	0	0	0	0	0	0	16	0	0	0	0	0	0	0	0	0	0	0	0	0	0	0	0	0	0	5	0	0	0	235	80	1	26	0	1	0	83	52	0	0	3	0	3	0	0	0	0	0	0	0	3	4	2	0	0	0	0	31	6	0	0	0	0	0	1	91	0	5	0	0	0	0	56	67	0	0	0	39	14	0	6	18	0	0	0	0	85	0	0	0	149	0	0	0	0	0	0	0	0	0	13	0	34	0	12	0	0	0	0	0	0	0	0	0	24	0	117	0	0	0	22	0	7	2	0	0	0	42	40	53	7	1	0	0	3	30	1	42	74	0	0	43	27	0	89	315	51	6	92	82	55	0	83	0	84	32	0	21	0	0	3	118	3	0	0	24	0	0	0	2	0	0	6	0	0	9	0	74	4	0	2	6	0	0	0	0	0	8	13	3	44	0	0	64	14	0	42	0	0	7	1	0	1	0	0	0	3	0	24	0	12	91	51	29	172	0	61	28	0	3	0	0	29	0	78	28	105	0	4	147	0	0	58	75	1	0	4	4	0	1	91	45	3	62	93	211	102	135	21	99	44	0	205	100	74	0	65	60	37	3	121	103	0	37	0	67	0	168	1	0	106	94	54	326	0	0	284	10	88	6	18	0	162	0	73	0	93	52	107	73	28	141	0	0	114	194	292	76	0	117	0	0	8	9	0	34	126	5	77	75	10	0	0	48	0	0	0	191	6	146	32	56	56	73	112	0	0	0	0	0	0	0	0	0	0	0	0	0	0	30	0	0	0	0	51	83	0	0	57	0	0	0	0	188	0	21	0	0	0	0	0	0	0	0	0	0	137	0	0	0	0	0	0	0	0	26	0	0	0	0	0	0	0	0	0	72	0	0	0	0	0	0	0	0	0	0	0	0	0	0	0	0	0	78	0	24	0	0	103	0	0	13	0	0	0	5	77	0	0	0	0	0	0	0	0	0	0	0	0	0	0	0	23	0	0	0	61	0	0	0	0	0	0	119	1	0	81	0	0	51	169	167	53	0	0	35	0	0	0	0	0	0	0	63	0	0	0	0	0	0	0	0	159	200	0	0	0	0	0	0	0	0	0	0	0	0	0	0	0	0	0	0	0	187	0	95	61	0	0	0	0	0	26	0	0	0	0	0	0	0	72	0	0	0	0	0	0	0	0	0	0	0	0	66	0	0	64	0	0	0	152	0	55	0	133	51	0	0	0	0	59	0	0	0	17	44	92	0	0	82	0	126	0	0	0	0	0	0	0	0	79	41	0	0	181	85	0	0	0	133	0	10	154	112	0	93	0	32	0	159	36	0	71	274	84	0	100	0	0	0	0	184	218	119	0	0	0	0	113	0	14	245	0	0	0	0	0	0	61	0	0	0	0	44	27	0	0	2	8	0	0	78	0	0	0	0	0	0	55	0	338	0	26	0	0	41	0	0	0	0	0	0	87	0	0	0	61	0	0	1	0	0	0	0	0	0	190	0	0	0	143	0	143	0	0	70	0	40	0	51	109	77	109	0	0	0	0	120	83	12	0	106	0	0	50	0	154	0	142	0	0	21	123	0	136	0	0	134	60	81	136	88	64	0	169	0	0	182	19	0	105	0	61	31	0	0	65	0	136	273	62	93	36	143	0	0	75	52	84	0	383	0	0	0	0	32	0	0	132	0	114	89	237	0	65	84	50	423	0	86	35	114	87	181	0	27	366	0	27	11	131	215	113	3	0	66	0	217	33	23	58	13	0	0	0	84	29	0	191	58	86	0	87	69	0	61	86	20	0	0	0	109	0	95	30	0	0	0	0	0	0	126	0	0	0	0	0	8	0	0	0	94	0	0	280	0	0	302	0	6	89	89	0	0	0	69	0	40	275	126	53	0	0	24	0	0	0	0	116	158	176	0	101	0	2	126	120	54	0	0	88	115	0	0	150	0	0	0	0	0	67	0	107	0	0	38	31	1	288	0	57	27	0	139	0	17	47	0	43	0	184	34	70	0	0	26	0	0	0	24	175	48	66	96	0	0	140	23	96	89	0	25	0	0	0	0	191	0	0	111	23	0	0	0	0	0	119	0	0	49	0	11	0	15	0
2	0	0	0	0	0	0	0	0	0	0	0	0	0	0	0	0	0	0	0	0	0	0	0	0	0	0	0	0	0	0	0	0	0	0	0	0	0	0	0	0	0	0	0	0	0	0	0	0	0	0	0	0	0	0	0	0	0	0	0	0	0	0	0	0	0	0	0	0	0	0	0	0	0	0	0	0	0	0	0	0	0	0	0	0	0	0	0	0	0	0	0	0	0	0	0	0	0	0	0	0	0	0	0	0	0	65	0	0	103	0	0	0	0	0	15	0	0	0	0	0	3	110	0	0	17	0	0	0	0	0	0	34	0	23	0	0	0	0	0	0	0	0	0	0	0	0	0	35	23	0	0	0	0	0	0	0	0	0	0	0	0	18	0	0	0	0	0	27	0	10	11	0	0	0	0	0	0	0	24	0	6	0	0	50	0	0	0	0	2	0	0	3	0	0	0	0	0	123	0	0	0	0	0	0	26	10	0	0	0	26	0	0	0	0	2	0	0	0	0	0	0	0	0	0	0	0	0	0	0	0	0	1	0	23	1	34	0	0	0	0	9	0	0	0	0	2	5	0	107	0	0	0	5	34	0	23	0	0	0	2	0	0	1	0	0	0	0	2	2	0	10	0	0	51	0	0	0	18	0	0	38	0	0	1	0	0	0	0	0	45	9	18	0	0	0	0	0	0	0	4	0	0	0	12	32	0	7	0	0	0	1	0	106	6	23	0	135	66	0	0	46	12	0	0	2	0	3	22	60	23	0	0	0	0	0	0	76	0	146	0	0	0	1	0	0	0	0	11	25	0	14	1	46	0	0	0	0	0	0	6	10	0	0	0	0	0	0	0	101	0	0	4	0	0	0	30	0	10	26	0	0	0	0	0	0	2	13	116	17	38	178	0	24	2	0	8	0	115	0	2	100	7	0	0	77	0	0	67	153	0	0	0	0	0	0	129	86	0	21	0	117	115	48	0	90	40	4	12	41	255	0	1	150	48	40	84	130	3	91	19	103	25	182	0	0	304	46	7	156	0	33	25	140	41	21	0	0	26	0	47	0	50	42	71	105	52	321	0	0	24	102	17	264	0	135	0	0	44	0	0	28	12	0	28	118	41	0	6	24	0	7	1	195	24	132	122	88	22	0	5	0	0	0	0	0	0	0	1	0	0	0	0	0	0	21	0	0	0	0	106	205	0	0	95	0	0	0	0	40	0	0	0	0	0	0	0	0	0	0	0	0	67	0	0	0	0	0	0	3	0	122	0	0	0	0	0	12	0	0	0	0	0	0	0	0	0	0	0	0	0	0	0	0	0	0	0	0	0	186	0	237	0	0	105	0	0	0	0	0	0	0	101	0	0	0	0	0	0	0	0	0	0	0	0	0	0	0	316	0	0	0	85	0	0	0	0	0	0	193	0	0	144	0	0	45	27	152	132	0	0	34	0	0	0	0	0	0	0	127	0	0	0	0	0	0	0	0	78	11	0	0	0	5	0	0	0	0	0	0	0	0	0	0	0	0	0	0	0	267	0	141	95	0	0	0	0	0	215	0	0	0	0	0	0	0	0	0	0	0	0	0	0	0	0	0	0	0	0	120	0	0	136	0	0	0	265	0	18	0	174	41	0	0	0	0	178	0	0	0	32	36	111	0	0	38	0	78	0	0	0	0	0	0	0	0	106	109	0	0	34	128	0	0	0	105	0	0	59	155	0	103	0	31	0	126	116	0	84	120	26	0	81	0	0	0	0	155	309	161	0	0	14	0	19	0	44	75	0	0	0	0	0	0	70	0	0	0	0	169	88	8	0	0	10	0	0	54	0	0	0	0	0	0	71	0	343	0	276	0	0	42	0	0	0	0	0	0	131	0	0	0	73	0	0	0	0	0	0	0	0	0	66	0	0	0	215	0	85	0	0	134	0	50	0	197	51	54	67	0	0	0	0	126	403	0	0	22	0	0	19	0	25	0	144	0	0	59	116	0	139	0	0	68	174	89	67	2	69	0	76	0	0	54	138	0	92	0	116	122	0	0	74	0	107	74	361	136	127	59	0	0	33	10	139	0	189	0	0	0	0	23	0	0	139	0	52	75	280	0	177	170	29	115	0	26	32	71	24	28	0	52	215	0	145	207	66	85	141	101	0	30	0	57	73	39	54	126	0	0	0	25	44	0	184	76	186	0	63	11	0	138	129	116	0	0	0	116	0	45	66	0	0	0	0	0	0	56	0	0	0	0	0	62	0	0	0	41	0	0	152	5	0	29	0	31	26	9	0	0	0	31	0	53	254	148	52	0	0	61	0	0	0	0	90	119	161	0	77	0	0	99	58	103	0	0	109	30	0	0	70	0	0	0	0	0	55	0	164	0	0	39	149	0	167	0	167	35	0	216	0	78	118	0	271	0	13	60	131	0	0	63	0	0	0	124	49	52	31	161	0	0	242	138	168	64	0	208	0	0	0	0	60	0	0	58	64	0	0	0	0	0	80	0	0	153	0	52	0	63	0
3	0	0	0	0	0	0	0	0	0	0	0	0	0	0	0	0	0	0	0	0	0	0	0	0	0	0	0	0	0	0	0	0	0	0	0	0	0	0	0	0	0	0	0	0	0	0	0	0	0	0	0	0	0	0	0	0	0	0	0	0	0	0	0	0	0	0	0	0	0	0	0	0	0	0	0	0	0	0	0	0	0	0	0	0	0	0	0	0	0	0	0	0	0	0	0	0	0	0	0	0	0	0	0	0	0	0	0	57	0	0	0	0	0	0	0	0	0	0	0	0	0	0	0	0	0	0	0	0	0	0	0	0	0	0	0	0	0	0	65	0	0	0	0	0	0	0	0	0	0	0	0	0	0	0	0	0	0	0	0	0	0	0	0	0	0	0	0	0	0	0	0	0	0	0	0	0	0	0	0	0	0	0	0	0	0	0	0	0	0	0	0	0	0	0	0	0	0	0	0	0	0	0	0	0	0	0	0	0	0	0	0	0	0	22	0	31	0	0	0	0	0	0	0	0	0	0	0	0	0	0	0	0	0	12	0	0	0	0	0	0	0	0	0	0	0	0	0	8	117	0	0	0	0	0	0	67	0	0	0	0	1	0	0	0	0	35	0	0	0	0	0	0	0	0	0	0	0	0	0	0	0	0	0	0	0	0	0	0	0	0	0	189	0	0	0	0	0	0	0	0	0	0	0	210	17	48	0	0	0	0	0	0	112	0	0	0	27	102	0	0	145	3	4	23	0	82	0	112	0	107	0	0	0	0	0	0	39	2	0	0	0	0	0	0	0	0	0	0	45	0	0	0	3	0	0	0	0	0	0	81	133	0	7	50	0	0	0	0	37	0	0	1	0	1	3	61	0	0	27	0	0	0	21	0	0	0	0	18	0	48	4	0	128	0	0	0	0	51	0	0	113	11	0	0	77	0	0	47	110	0	6	0	0	0	0	39	53	0	66	0	29	199	170	0	80	41	0	217	92	27	0	0	297	169	0	75	35	0	124	6	88	0	128	0	0	60	101	178	27	0	0	40	0	287	0	3	0	10	0	81	0	14	65	242	48	64	151	0	0	129	50	16	29	0	21	0	1	29	0	0	193	24	0	97	10	0	0	0	102	0	0	0	94	0	161	29	120	136	0	179	0	0	0	8	0	0	0	0	0	0	0	0	0	0	35	0	0	0	0	39	112	43	0	55	0	0	0	0	170	0	107	0	0	0	0	0	0	0	0	0	0	117	0	0	0	0	0	0	0	0	36	0	0	0	0	0	4	0	0	0	26	0	0	0	0	0	0	0	0	0	133	0	0	0	0	0	0	0	202	0	76	0	0	87	0	0	63	0	28	0	0	29	0	0	0	0	0	104	0	0	0	0	0	0	0	0	0	202	0	2	18	130	0	0	0	0	0	0	171	0	0	63	274	0	70	140	80	274	0	0	110	0	0	0	0	0	0	0	270	0	0	0	0	0	3	0	0	15	149	0	0	0	0	0	0	0	0	273	0	0	0	0	0	1	0	0	0	0	87	0	50	122	0	0	0	0	0	11	23	0	0	0	0	0	0	89	0	0	0	0	0	0	0	0	0	0	0	0	74	0	0	54	0	0	0	192	0	8	0	194	99	0	0	0	0	134	0	0	0	142	38	258	0	0	119	0	99	0	0	1	0	0	0	0	0	108	155	0	0	195	403	0	0	0	107	0	138	25	151	0	103	0	44	0	80	56	0	45	52	142	2	145	0	0	0	0	5	100	336	0	0	0	1	124	0	16	86	26	0	0	0	0	0	46	0	0	0	0	50	53	0	0	0	66	0	0	153	0	0	0	0	0	0	109	0	47	0	17	0	0	175	0	0	0	0	0	0	37	0	0	7	35	0	0	0	0	0	0	0	0	0	39	0	0	0	6	0	65	0	0	41	0	134	0	69	140	42	77	0	0	0	0	64	13	0	0	54	0	0	132	0	89	0	27	0	0	115	32	0	66	0	0	63	107	95	109	127	45	0	54	107	0	49	19	0	20	0	114	228	0	0	73	0	113	27	124	115	99	87	0	0	20	86	79	44	193	0	0	0	0	64	0	0	108	0	178	17	188	0	188	33	116	109	0	255	63	49	232	24	0	99	70	0	6	192	36	72	60	175	0	126	0	36	168	121	92	126	0	0	0	78	100	0	104	48	120	0	233	38	59	303	205	203	0	0	0	7	0	156	41	0	0	0	0	0	0	212	0	0	0	0	0	0	0	0	0	115	0	0	20	0	0	251	0	84	141	106	0	0	0	151	0	15	32	105	18	0	0	81	0	0	0	0	8	122	189	0	16	0	0	130	135	125	0	0	87	44	0	0	76	0	0	0	1	0	52	0	212	0	0	59	44	0	196	0	63	124	0	267	0	52	69	0	26	0	19	76	29	0	0	408	0	0	0	67	50	158	80	104	0	0	90	80	39	127	0	169	0	0	0	0	36	0	0	191	133	0	0	0	0	0	67	0	0	40	0	57	0	112	0
4	0	0	0	0	0	18	0	0	0	0	0	0	0	0	0	0	0	0	0	0	0	0	0	0	0	0	0	9	0	0	0	0	0	0	0	0	0	0	0	0	0	0	0	0	0	0	0	0	0	0	0	0	0	0	0	0	0	0	0	0	0	0	0	0	0	0	0	0	0	0	0	0	0	0	0	0	0	0	0	0	0	0	0	0	0	0	0	0	0	0	0	0	0	0	0	0	0	0	0	0	0	0	0	0	0	0	0	149	0	0	0	0	0	0	0	0	0	0	0	0	0	0	4	0	0	0	126	0	0	0	0	0	0	0	0	0	0	0	0	0	0	0	0	0	0	0	0	0	0	0	0	0	0	0	0	34	0	0	0	0	0	0	0	0	0	0	0	0	0	0	0	0	0	0	0	0	0	0	0	0	0	0	0	0	0	0	0	0	0	0	0	0	0	0	0	0	0	0	4	0	0	0	0	0	0	0	0	0	0	0	0	0	20	0	0	0	0	0	0	0	0	0	0	0	0	9	0	0	0	0	0	0	0	0	0	0	0	0	0	0	0	0	0	0	0	0	5	0	16	0	0	0	0	0	0	33	0	0	0	0	0	0	0	0	0	0	0	0	0	0	0	0	0	0	0	0	0	0	0	0	27	0	0	0	0	0	0	0	0	0	0	75	0	0	0	0	0	0	0	0	0	0	0	8	62	77	12	0	0	0	0	0	141	0	0	0	23	85	0	0	31	0	0	0	0	10	0	54	0	5	0	0	0	0	0	0	49	0	0	0	0	0	0	0	0	2	4	0	0	0	0	0	53	0	0	0	0	0	0	0	6	0	0	0	0	0	0	0	81	0	0	0	0	61	0	57	0	0	24	0	0	0	0	0	0	0	0	71	4	68	190	0	50	0	0	0	0	141	0	62	138	22	0	0	154	0	0	148	178	0	0	0	0	0	0	52	76	0	140	12	135	18	52	6	114	61	0	102	40	63	0	0	90	80	0	81	69	0	50	0	119	0	161	0	0	76	97	28	50	0	4	112	0	87	0	175	0	0	0	20	0	122	114	23	234	186	18	0	0	12	43	96	40	0	17	0	24	65	0	0	80	73	0	15	38	0	0	0	106	0	0	0	102	0	91	36	94	84	0	110	0	0	0	7	0	0	1	0	0	0	0	0	0	0	175	0	0	0	0	49	44	13	0	100	0	0	0	0	61	0	67	0	0	0	0	0	0	0	0	0	0	132	0	0	0	0	0	0	0	0	80	0	0	0	0	0	93	0	0	0	88	0	14	0	0	0	0	0	0	0	0	0	0	0	0	0	0	0	131	0	99	4	0	138	0	0	56	0	0	0	0	186	0	0	0	0	0	67	0	0	0	0	0	0	0	0	0	104	0	0	5	41	0	0	0	0	0	0	36	0	0	55	58	0	12	46	139	150	0	0	144	0	0	0	0	0	0	0	204	0	0	0	0	0	0	0	6	229	32	0	0	0	0	0	0	0	0	178	0	0	4	0	0	14	0	0	0	0	69	0	37	273	0	0	0	0	0	38	0	0	0	0	0	0	0	121	0	0	0	0	0	0	0	0	0	0	0	0	70	0	0	69	0	0	0	114	0	58	0	84	59	0	0	0	1	98	0	0	0	210	65	102	0	0	87	0	54	0	0	0	0	0	0	1	0	113	322	0	0	54	129	0	0	0	7	0	190	50	189	0	85	0	56	0	103	7	0	67	80	104	0	232	0	0	0	0	27	36	10	0	0	17	0	108	0	57	224	0	0	0	0	0	0	188	0	0	0	0	89	64	0	0	0	64	0	0	29	0	0	0	0	0	0	58	0	296	0	229	0	0	64	84	0	0	0	0	0	94	0	0	0	66	0	0	0	0	0	0	0	0	0	158	0	0	0	32	0	45	0	15	19	0	109	0	9	49	51	233	29	0	0	0	204	33	0	0	43	0	0	100	0	35	0	24	0	0	89	176	0	30	0	0	24	30	91	95	78	43	0	60	0	0	212	25	0	41	0	95	123	0	0	88	0	41	133	205	26	57	241	0	0	66	30	53	0	44	0	0	0	0	14	0	0	92	0	63	47	30	0	112	124	124	130	0	85	35	115	112	73	0	17	11	0	109	13	72	54	143	27	0	43	0	197	28	70	58	40	0	0	0	32	157	0	16	53	134	0	168	225	13	146	46	116	0	0	0	218	0	58	45	0	0	0	0	0	0	36	0	0	0	0	0	0	0	0	1	156	37	0	90	0	0	72	0	34	42	44	0	0	0	85	0	61	132	26	143	0	0	37	0	0	0	0	176	192	42	0	155	0	0	109	116	65	0	0	112	76	0	0	176	0	0	0	0	0	56	0	66	0	0	98	31	0	161	0	40	20	0	148	0	140	127	0	79	0	46	313	281	0	0	111	0	0	0	69	57	71	12	37	0	0	44	244	41	132	0	32	0	0	0	0	60	0	0	19	191	0	0	0	0	0	78	18	0	184	0	88	0	121	0
5	0	0	0	0	0	0	0	0	0	0	0	0	0	0	0	0	0	0	0	0	0	0	0	0	0	0	0	0	0	0	0	0	0	0	0	0	0	0	0	0	0	0	0	0	0	0	0	0	0	0	0	0	0	0	0	0	0	0	0	0	0	0	0	0	0	0	0	0	0	0	0	0	0	0	0	0	0	0	0	0	0	0	0	0	0	0	0	0	0	0	0	0	0	0	0	0	0	0	0	0	0	0	0	0	0	0	0	0	0	0	0	0	0	0	0	0	0	0	0	0	0	0	0	3	0	0	0	0	0	0	0	0	0	0	0	0	0	0	0	0	0	0	0	0	0	0	0	6	0	0	0	0	0	0	0	0	0	0	0	0	0	1	0	0	0	0	0	0	0	0	0	0	0	0	0	0	0	0	0	0	0	0	0	0	0	0	0	0	0	0	0	0	0	0	0	0	0	0	0	0	0	0	0	0	29	0	0	0	0	0	0	0	0	0	0	58	0	38	0	0	0	0	0	0	0	0	0	0	10	0	0	0	0	0	0	0	0	0	0	0	0	0	0	0	0	0	1	30	128	0	0	0	0	0	0	0	0	0	0	0	0	0	0	0	0	28	0	0	0	0	0	0	0	0	0	0	0	0	0	51	0	0	0	0	0	0	0	0	0	0	0	155	0	0	0	0	0	0	0	0	0	0	0	131	131	126	0	0	0	11	0	0	50	0	0	0	100	86	0	0	111	0	11	20	0	152	0	268	0	53	0	0	0	0	46	0	47	0	0	0	0	0	0	0	0	0	0	0	0	0	0	0	10	0	0	0	0	0	0	36	296	0	0	0	0	0	0	0	41	4	0	0	0	0	0	118	0	0	64	0	0	0	0	0	1	0	0	50	0	36	112	0	143	0	2	0	0	109	0	89	80	12	0	0	43	0	0	79	245	0	0	48	0	0	0	0	127	26	73	0	66	100	175	0	159	73	0	51	184	49	0	0	73	15	9	166	69	9	39	12	110	0	97	0	0	74	137	269	224	0	0	90	19	239	0	25	0	0	0	90	0	28	15	183	140	38	54	0	0	46	81	91	74	0	64	0	0	77	0	0	102	70	0	0	127	0	0	0	47	0	0	0	258	79	114	39	20	37	0	76	0	0	0	0	0	0	0	0	0	0	0	60	1	34	110	0	0	0	0	98	8	0	0	121	1	0	0	0	193	0	102	3	0	6	0	0	0	0	0	0	0	68	0	0	0	0	0	0	0	0	160	0	0	0	0	0	49	0	0	0	36	0	0	0	34	0	0	0	0	0	0	0	0	0	0	0	0	0	68	0	118	0	0	147	0	0	106	0	0	0	0	147	0	0	0	0	0	74	0	0	0	0	0	0	0	0	0	131	0	0	0	9	0	0	27	0	0	0	118	0	0	76	240	0	48	69	67	84	0	0	7	0	0	0	0	0	1	0	83	0	0	0	0	4	0	0	0	176	22	0	0	0	0	0	0	0	0	159	0	12	0	0	0	2	0	0	0	0	93	0	159	103	0	0	24	0	0	197	80	0	0	0	0	0	0	173	0	0	0	0	0	0	0	0	0	0	0	0	39	0	0	38	0	0	0	22	0	68	0	108	70	15	0	0	0	32	0	0	0	120	90	236	1	0	49	0	59	0	0	0	0	0	0	0	0	155	126	0	0	59	177	0	0	0	86	0	14	29	91	0	134	0	206	0	111	99	0	41	245	4	2	149	0	0	0	0	150	59	78	0	0	69	1	22	0	27	109	0	0	0	0	0	0	50	0	0	0	0	49	79	0	0	0	43	0	0	115	0	0	0	0	2	0	91	0	36	0	126	0	0	241	1	0	0	0	0	58	41	0	0	0	23	0	0	0	0	0	0	0	0	0	117	0	5	1	255	0	184	0	0	274	0	83	1	71	89	193	193	20	0	0	0	368	306	0	0	98	0	0	95	0	173	0	213	0	0	85	65	0	21	0	0	54	25	132	158	168	105	0	104	0	0	98	91	0	36	0	120	142	0	0	38	0	80	216	108	150	123	73	0	0	83	132	70	0	120	0	0	0	0	72	0	0	142	0	261	133	13	0	62	9	70	169	0	53	82	178	45	70	0	33	42	0	50	31	36	140	140	129	0	35	0	89	158	47	73	22	0	0	10	109	41	0	33	126	143	0	105	39	110	200	173	94	0	0	0	77	0	37	248	0	0	0	0	0	0	135	0	0	1	0	0	0	0	39	0	114	0	0	207	0	0	30	0	85	73	108	0	0	0	62	0	31	24	59	49	0	0	52	0	0	0	0	145	58	41	0	40	0	0	81	8	32	0	0	119	235	0	0	38	0	0	0	0	0	8	0	170	0	0	93	381	15	65	0	149	58	17	197	0	70	61	0	38	0	3	52	133	0	0	51	0	0	0	74	62	53	177	96	0	0	94	76	97	26	0	109	0	0	0	0	191	0	0	68	35	0	0	0	0	0	157	0	0	7	0	128	0	265	0
6	0	0	0	0	0	0	0	0	0	0	0	0	0	0	48	0	0	0	0	0	0	0	0	0	0	0	0	0	0	0	0	0	0	0	0	0	0	0	0	0	0	0	0	0	0	0	0	0	0	0	0	0	0	0	0	0	0	0	0	0	0	0	0	0	0	0	0	0	0	0	0	0	0	0	0	0	0	0	0	0	0	0	0	0	0	0	0	0	0	0	0	0	0	0	0	0	0	0	0	0	0	0	0	0	0	0	0	34	0	0	0	0	0	0	0	0	0	0	0	0	0	0	0	49	0	0	122	0	0	0	0	0	16	0	0	10	0	0	0	0	0	0	0	0	0	0	0	0	0	0	0	0	0	0	0	0	0	0	0	0	0	0	0	0	23	0	0	15	0	0	0	0	0	0	0	0	0	0	0	0	0	0	0	0	0	0	0	0	0	0	0	0	0	0	0	0	0	0	0	0	0	0	0	0	17	0	0	0	0	0	0	0	15	0	0	14	0	18	0	0	0	0	0	1	0	151	0	0	1	0	0	9	0	0	0	1	0	0	0	0	0	0	0	0	0	0	0	16	169	0	0	0	0	0	1	126	0	0	0	0	0	0	0	0	0	141	0	0	0	0	0	0	0	0	0	0	0	0	0	17	0	0	0	0	0	0	0	0	0	0	0	53	0	0	0	1	0	0	0	0	0	0	0	72	205	147	111	0	0	0	33	0	46	0	0	0	36	256	0	0	243	11	0	65	0	177	27	116	0	91	0	0	0	0	0	0	12	0	0	0	0	0	0	3	79	0	0	0	0	0	0	0	4	0	0	0	0	0	0	0	172	0	0	30	0	0	0	0	35	0	0	0	0	0	26	161	0	0	13	0	0	0	11	0	0	0	0	107	52	126	209	0	118	0	3	0	0	224	2	205	108	24	16	10	47	0	0	82	125	0	1	0	0	0	0	0	99	0	279	9	101	87	42	0	150	37	0	50	180	99	0	0	23	48	0	118	39	0	122	41	152	0	148	0	0	189	63	192	187	0	0	57	8	73	0	31	0	34	0	97	0	63	84	8	200	59	210	0	0	100	70	71	18	0	67	0	1	60	51	0	115	59	0	81	161	0	0	0	41	3	0	0	138	74	96	71	297	2	0	236	0	0	0	8	0	0	0	44	58	0	1	0	0	28	50	7	0	0	0	59	37	24	0	190	0	0	0	0	25	0	136	0	0	0	0	0	0	0	0	0	0	358	0	0	0	0	0	0	3	52	211	0	0	0	0	0	147	3	0	0	78	0	0	0	9	0	0	0	0	0	0	0	0	0	0	0	0	0	109	0	70	4	0	73	0	4	50	0	0	0	0	180	0	0	0	0	79	76	0	0	0	0	2	1	0	92	1	67	0	0	60	23	0	0	9	0	3	0	14	24	0	85	67	0	95	46	174	61	0	0	52	0	0	0	0	0	0	0	64	69	0	0	0	15	0	0	0	98	182	0	0	0	0	0	0	0	2	81	0	0	2	0	0	0	0	0	0	0	57	9	93	25	0	0	20	2	0	71	70	0	0	0	0	0	0	21	0	0	0	0	0	0	0	3	26	0	0	0	116	0	0	49	19	0	0	49	0	96	0	81	128	0	0	0	0	122	0	0	0	125	68	142	0	0	59	0	50	0	0	0	0	16	1	0	86	43	67	0	0	135	120	0	0	0	76	0	108	79	39	0	56	0	62	0	60	86	1	118	93	46	0	93	0	0	0	94	124	177	74	0	0	97	0	157	0	371	26	7	0	0	0	0	9	21	0	0	0	0	113	93	0	0	0	63	0	0	210	0	0	1	0	0	0	224	5	48	0	172	0	0	52	0	0	0	0	0	0	124	0	0	9	61	0	0	0	0	0	0	0	0	18	6	0	0	0	160	1	99	0	35	169	0	40	0	42	21	33	45	65	0	0	0	76	146	0	0	59	0	0	98	0	11	0	37	0	0	120	141	6	68	36	0	117	113	187	135	38	44	0	56	0	0	72	23	0	219	0	30	52	0	0	119	0	69	316	29	35	202	112	0	0	200	209	76	3	88	0	0	0	0	46	0	0	193	0	202	59	158	0	56	113	169	141	0	36	138	87	124	114	0	35	167	0	173	73	31	86	61	96	0	90	0	17	16	43	136	71	0	0	0	23	227	0	229	92	102	0	123	3	62	51	245	27	0	0	0	23	0	96	80	0	0	2	0	0	0	135	0	0	0	0	0	0	0	0	0	116	0	0	51	0	0	39	0	87	107	68	63	0	0	60	0	12	97	102	78	0	0	62	0	0	0	0	58	78	52	0	302	0	0	46	19	67	0	0	45	108	0	0	122	0	0	0	0	0	68	0	112	0	0	115	142	0	70	0	206	197	0	53	0	170	46	0	164	0	111	35	70	0	14	55	0	0	0	25	128	151	79	45	0	0	248	101	115	83	0	45	0	3	0	0	104	0	0	110	66	0	55	0	0	0	41	0	0	57	0	132	0	62	0
7	0	0	0	0	0	0	0	0	0	0	0	0	0	0	0	0	0	0	0	0	0	0	0	0	0	0	0	0	0	0	0	0	0	0	0	0	0	0	0	0	0	0	0	0	0	0	0	0	0	0	0	0	0	0	0	0	0	0	0	0	0	0	0	0	0	0	0	0	0	0	0	0	0	0	0	0	0	0	0	0	0	0	0	0	0	0	0	0	0	0	0	0	0	0	0	0	0	0	0	0	0	0	0	0	0	0	0	0	0	0	0	0	0	0	0	0	0	0	0	0	0	0	0	0	0	0	67	0	0	0	0	0	22	0	3	4	0	0	4	2	0	0	0	0	0	0	0	0	0	0	0	9	0	0	0	0	0	0	0	0	0	0	0	0	32	0	0	0	0	0	0	0	0	53	0	0	0	0	0	0	0	0	0	0	0	0	0	0	0	0	0	0	0	0	0	0	0	0	0	0	0	0	0	0	8	0	0	0	0	0	0	0	66	0	0	0	0	0	0	0	0	0	0	0	0	3	0	0	0	0	1	0	0	36	0	0	0	0	0	0	4	0	0	4	0	0	0	88	173	10	54	0	31	0	0	154	0	0	0	0	0	0	0	0	0	50	0	0	0	0	0	9	0	0	0	0	0	1	0	2	0	0	0	0	0	6	0	0	0	0	0	52	0	2	0	0	0	0	7	0	0	0	0	109	25	51	136	0	0	0	0	0	113	0	0	0	101	46	0	0	115	4	2	83	0	50	1	90	0	107	0	0	6	0	0	0	63	0	1	0	0	0	0	0	7	0	0	0	0	0	0	0	32	0	0	6	0	1	0	0	6	0	9	0	0	0	0	23	40	13	0	29	0	0	9	41	0	0	106	0	0	0	0	0	0	0	0	4	0	89	49	0	69	0	0	0	0	119	0	12	132	130	0	0	180	0	0	206	42	0	0	0	0	0	0	0	64	4	19	0	43	70	61	0	252	96	0	59	40	95	0	0	225	65	8	19	137	0	122	28	86	0	90	0	0	139	54	113	29	0	0	71	0	178	0	47	1	186	0	33	0	233	145	105	79	140	347	5	0	111	79	98	52	2	75	0	0	29	0	0	94	41	0	174	146	79	0	0	121	0	0	0	75	107	45	33	54	101	12	171	0	0	0	75	0	0	0	84	0	0	0	0	0	30	56	20	0	0	0	39	29	15	0	7	0	0	10	0	210	0	89	0	0	0	87	0	0	0	0	0	0	29	0	0	0	0	0	0	0	0	33	0	0	0	0	0	127	0	0	0	96	0	0	0	2	0	0	132	0	0	0	0	0	0	0	0	0	0	244	0	68	0	0	53	0	2	230	0	0	0	0	10	0	0	74	0	0	89	2	0	0	0	0	0	0	0	0	47	0	0	154	25	0	0	0	0	0	0	47	0	0	55	79	0	46	40	32	57	0	0	54	0	0	0	0	0	0	0	76	46	0	0	0	0	0	0	0	113	152	0	0	0	0	0	54	0	0	192	0	0	42	0	0	42	0	0	0	0	10	6	117	93	0	0	0	5	0	135	77	0	0	0	0	0	19	148	0	0	0	0	0	0	0	0	1	0	0	0	132	0	0	127	0	0	0	58	0	44	24	194	343	0	0	0	0	153	0	0	0	113	79	129	0	0	129	0	92	0	0	0	0	0	0	0	0	211	41	0	0	81	97	0	0	5	117	0	87	32	68	0	248	0	89	0	107	29	0	218	41	101	0	160	0	0	0	0	84	82	196	0	0	120	0	61	20	104	45	0	0	0	0	0	0	75	0	0	0	0	54	77	0	0	0	235	0	0	41	0	0	0	0	0	0	86	0	138	0	158	0	0	115	0	0	0	0	0	0	61	0	0	0	96	0	32	0	0	0	0	0	0	0	172	0	0	0	40	2	41	0	0	56	0	159	0	89	82	68	108	103	0	35	0	326	123	0	0	70	0	0	110	0	11	0	109	0	0	33	110	0	18	0	0	240	70	109	84	208	180	0	50	0	0	89	74	0	143	0	20	150	0	0	102	0	136	75	54	153	95	33	0	0	138	24	86	0	103	0	0	0	0	154	0	0	39	0	244	39	81	19	79	47	21	115	11	9	185	74	125	84	0	55	93	0	57	76	8	55	152	62	0	232	0	109	27	80	55	158	14	0	0	164	70	0	179	42	101	0	113	221	198	98	149	99	0	0	1	185	0	116	125	0	0	0	0	1	2	115	0	0	0	0	9	0	0	0	0	398	0	0	88	0	0	277	0	17	59	53	0	0	0	163	0	56	152	162	66	19	0	131	0	0	0	5	51	100	1	0	72	5	0	176	119	51	0	0	96	68	0	0	9	8	0	0	0	0	13	0	171	0	68	119	234	1	125	0	29	18	0	145	0	26	141	0	48	0	23	239	15	0	0	103	0	0	0	120	108	76	31	40	0	0	115	161	172	169	0	140	0	2	0	0	5	0	0	28	153	0	0	0	0	0	56	0	0	7	0	70	0	15	0
8	0	0	0	0	0	0	0	0	0	0	23	0	0	0	0	0	0	0	0	0	0	0	0	0	0	0	0	0	0	0	0	0	0	0	0	0	0	0	0	0	0	0	0	0	0	0	0	0	0	0	0	0	0	0	0	0	0	0	0	0	0	0	0	0	0	0	0	0	0	0	0	0	0	0	0	0	0	0	0	0	0	0	0	0	0	0	0	0	0	0	0	0	0	0	0	0	0	0	0	0	0	0	0	0	0	0	0	0	0	0	0	0	0	0	0	0	0	0	0	0	0	0	0	0	0	0	0	0	0	16	0	0	0	0	0	0	0	0	0	0	0	67	0	0	0	0	0	0	0	0	0	0	0	0	0	0	0	0	0	0	0	0	0	0	0	0	0	0	0	0	0	0	0	2	0	0	0	0	0	0	0	0	0	0	0	0	0	0	0	0	0	0	0	0	0	0	0	0	0	0	0	0	0	0	18	0	0	0	0	0	0	0	4	0	0	0	0	0	0	0	0	0	0	0	0	0	0	0	0	0	0	0	0	0	0	0	0	0	0	0	1	0	0	0	0	0	0	203	56	0	9	0	0	0	0	175	0	0	3	0	0	0	0	0	0	72	0	0	49	0	0	0	0	0	0	0	0	0	0	15	0	0	0	0	0	0	0	0	0	104	0	43	0	0	0	0	0	0	0	0	0	0	11	203	173	30	14	0	0	0	81	0	10	0	77	5	208	126	0	1	167	0	1	4	0	31	9	99	0	230	0	0	0	0	0	0	86	0	0	0	0	0	0	0	0	0	0	1	0	0	0	0	87	0	0	0	0	0	1	3	78	0	0	0	0	5	0	0	249	43	0	0	0	0	0	30	13	0	143	0	0	5	0	0	0	0	0	49	9	111	100	0	155	0	0	0	0	26	0	12	63	0	0	0	147	7	0	124	126	0	113	1	0	0	0	41	55	26	70	17	31	21	123	0	170	36	0	72	65	172	0	0	73	52	0	62	14	0	41	9	43	0	90	80	0	104	68	110	109	0	0	8	1	99	0	61	0	8	0	198	0	132	72	47	99	310	86	0	0	70	94	90	88	0	8	0	0	77	0	0	36	9	0	27	119	0	0	0	141	0	0	0	152	0	165	92	59	95	0	20	0	0	0	3	0	0	0	261	0	0	0	5	0	0	60	106	0	0	9	11	59	151	0	115	0	0	0	0	203	0	105	0	0	0	1	0	0	0	0	0	0	150	0	0	0	0	0	0	0	1	206	0	0	0	0	0	26	0	0	0	49	0	1	0	0	0	0	3	0	0	0	0	0	0	0	0	0	0	8	0	162	0	0	40	0	0	17	0	0	0	0	43	0	2	0	0	0	14	0	0	0	0	0	0	0	0	0	77	0	0	75	172	0	0	0	0	0	0	125	0	0	116	38	0	35	29	256	61	0	0	162	0	0	1	0	0	0	0	87	0	0	0	0	0	0	0	0	143	42	0	0	0	1	0	0	0	15	54	0	0	0	0	0	0	0	0	0	0	50	0	96	17	0	0	0	2	74	27	2	0	7	0	0	0	0	162	0	0	0	1	0	0	0	1	1	0	0	0	66	0	0	89	0	0	0	122	0	60	0	21	76	0	0	0	0	87	0	0	0	102	38	262	1	0	32	0	196	0	0	0	0	0	37	0	6	26	172	0	0	119	46	0	0	0	43	0	131	68	95	0	324	0	91	0	111	230	0	109	101	58	0	179	1	0	0	0	33	41	31	0	0	41	0	165	0	106	90	0	0	0	0	0	0	17	0	0	0	0	105	161	18	0	0	106	0	0	39	0	0	0	3	0	0	85	0	107	0	14	0	0	21	0	0	0	0	0	0	122	0	0	0	66	0	0	0	0	0	0	0	0	0	20	0	0	0	18	0	101	0	0	76	0	102	0	63	27	51	30	74	0	0	0	213	86	0	0	117	0	0	85	0	112	0	122	2	0	154	38	0	145	0	0	7	59	173	108	14	47	0	68	0	0	124	30	0	149	0	81	122	0	0	126	0	118	99	68	43	158	88	0	0	28	84	78	0	47	0	0	0	0	99	0	0	109	0	99	110	70	0	11	207	102	231	0	22	168	154	16	214	0	114	66	0	15	192	36	132	51	84	0	121	58	201	84	111	47	37	0	0	0	77	60	0	57	245	19	0	190	22	28	128	45	73	0	0	0	178	23	125	70	0	0	3	0	0	0	114	2	0	0	0	0	0	0	0	0	25	0	0	219	0	1	139	0	25	26	90	0	0	0	100	0	34	78	121	146	70	0	241	0	0	0	0	62	53	60	0	50	0	0	54	53	76	0	0	129	34	0	0	107	0	0	0	0	0	61	0	61	0	0	4	75	0	69	0	55	174	0	198	0	39	120	0	15	0	162	112	188	0	0	16	8	0	0	130	89	195	156	39	0	0	26	36	108	7	0	174	0	0	0	0	27	0	0	100	131	0	0	0	0	0	8	0	0	141	0	14	0	115	0
9	0	0	0	0	0	0	0	0	0	0	0	0	0	0	0	0	0	0	0	0	0	0	0	0	0	0	0	0	0	0	0	0	0	0	0	0	0	0	0	0	0	0	0	0	0	0	0	0	0	0	0	0	0	0	0	0	0	0	0	0	0	0	0	0	0	0	0	0	0	0	0	0	0	0	0	0	0	0	0	0	0	0	0	0	0	0	0	0	0	0	0	0	0	0	0	35	0	0	0	0	0	0	0	0	0	0	0	24	0	0	0	0	0	0	0	0	0	0	22	0	0	0	0	0	0	0	161	0	0	0	0	0	0	0	45	0	0	0	0	0	0	0	0	0	0	0	0	0	0	0	0	0	0	0	0	0	0	0	0	0	0	15	0	0	0	0	0	0	0	0	0	0	0	0	0	0	0	0	0	0	0	0	0	3	0	0	0	0	0	0	0	0	0	0	0	0	0	0	0	0	0	0	0	0	0	0	0	0	0	0	0	0	0	0	0	15	1	0	0	0	0	0	0	18	0	0	0	0	0	0	0	0	0	33	21	0	0	0	0	0	1	0	0	0	0	0	0	0	39	0	0	0	0	39	0	94	0	0	0	0	0	3	0	1	0	83	0	0	3	0	0	0	0	0	0	0	0	0	0	3	107	0	0	0	0	5	0	0	0	0	0	57	0	23	0	0	0	4	0	0	0	0	0	16	99	40	25	0	0	0	13	0	155	0	0	0	40	134	0	0	48	20	1	95	0	74	0	37	0	62	0	0	0	0	0	1	79	1	0	0	0	0	0	0	48	0	0	3	0	0	0	0	96	0	0	0	0	0	0	74	2	0	0	28	0	0	151	0	122	2	0	3	0	0	0	6	1	0	0	0	0	0	29	0	0	0	0	80	3	31	117	0	75	0	0	0	0	268	0	30	57	295	0	9	13	0	0	34	39	0	1	0	0	0	21	2	42	3	132	0	1	85	24	0	76	69	0	105	60	87	0	0	40	140	0	345	359	0	67	204	185	0	32	0	0	175	152	174	33	0	0	90	0	126	13	0	0	70	0	147	0	120	158	24	62	82	62	0	0	25	64	77	97	0	144	0	0	151	13	0	41	80	0	161	121	0	0	0	80	0	0	0	127	0	182	144	129	75	0	183	0	0	0	44	0	0	0	31	0	0	0	0	0	125	42	18	0	0	0	20	90	2	26	44	0	0	0	0	109	0	174	40	0	0	0	0	0	0	0	0	0	199	4	12	0	0	0	0	0	0	7	0	0	0	0	0	279	0	0	0	107	0	0	0	0	0	0	32	0	0	0	0	0	0	0	0	0	0	215	0	45	0	0	102	0	0	36	0	0	0	0	70	0	11	0	0	0	59	50	7	0	0	0	0	3	0	58	50	0	0	344	112	0	0	0	0	0	0	46	0	0	65	10	0	160	36	210	96	0	0	252	0	0	20	0	0	0	0	84	19	0	0	0	0	0	0	0	42	82	0	0	0	0	0	0	0	0	109	0	0	43	0	0	16	0	0	0	1	118	0	135	62	0	0	3	0	1	38	75	0	0	0	0	0	1	26	0	0	0	0	0	0	0	0	0	3	0	0	83	0	0	28	0	0	0	126	0	287	0	18	264	0	0	0	0	138	0	0	0	49	193	137	0	0	55	0	140	0	0	0	0	0	0	0	0	98	253	0	13	56	108	0	1	0	94	0	46	146	128	0	42	0	28	0	67	93	0	136	41	99	0	34	0	0	0	14	110	264	76	0	0	157	0	211	0	62	142	0	0	0	0	0	0	257	0	0	0	0	10	189	0	0	0	36	0	0	171	0	0	0	0	0	0	256	0	89	0	88	0	0	62	0	0	0	16	0	0	130	0	0	0	15	0	0	47	0	0	0	0	0	0	14	0	0	0	185	0	107	3	0	68	0	100	0	13	36	30	91	201	0	2	0	82	22	0	0	87	0	0	298	0	127	0	49	0	0	64	82	0	136	0	0	165	68	58	117	190	89	0	96	0	0	246	49	0	65	0	204	46	0	0	95	0	195	157	139	83	63	79	0	1	128	254	74	11	37	0	0	0	0	97	0	0	80	0	56	112	28	0	196	9	143	79	0	223	202	114	38	294	0	173	130	0	69	132	26	30	64	31	0	116	0	116	30	33	105	75	1	0	0	87	11	0	101	139	44	0	241	54	150	241	211	115	0	0	7	78	0	65	28	0	0	0	0	0	0	59	2	3	0	0	0	0	6	0	0	33	0	0	18	0	0	151	0	125	59	43	0	0	0	112	0	109	120	147	38	0	0	55	0	0	0	0	8	88	73	0	27	0	0	48	180	168	0	0	11	89	0	1	57	0	0	0	0	3	355	0	186	0	2	42	54	0	62	0	130	189	0	31	0	112	69	0	147	0	16	70	409	0	0	66	0	0	63	55	99	125	42	132	0	0	59	52	86	24	0	66	0	1	0	0	48	0	0	36	117	0	0	0	0	0	28	0	0	40	0	166	0	50	0
10	0	0	0	0	0	0	0	0	0	0	0	0	0	0	0	0	0	0	0	0	0	0	0	0	0	0	0	0	0	0	0	0	0	0	0	0	0	0	0	0	0	0	0	0	0	0	0	0	0	0	0	0	0	0	0	0	0	0	0	0	0	0	0	0	0	0	0	0	0	0	0	0	0	0	19	0	0	0	0	0	0	0	0	0	0	0	0	0	0	0	0	0	0	0	0	0	0	0	0	0	0	0	0	0	0	0	0	66	0	0	0	0	0	0	0	0	0	0	0	0	0	0	0	0	0	0	50	0	0	0	0	0	0	0	0	0	0	0	0	0	0	0	0	0	0	0	0	0	0	0	0	0	0	0	0	0	0	0	0	0	0	0	0	0	0	0	0	0	0	0	0	0	0	0	0	0	0	0	0	0	0	0	0	0	0	0	0	0	0	0	0	0	0	0	0	0	0	0	0	0	0	0	0	0	0	0	0	18	0	0	0	0	0	0	0	3	0	0	0	0	0	0	0	0	0	0	17	0	0	0	0	0	0	0	0	0	0	0	0	0	0	0	0	0	0	0	0	0	142	0	0	0	0	0	0	144	0	0	0	0	0	0	0	0	0	32	0	0	0	0	4	0	0	0	0	30	0	0	0	0	0	0	0	0	0	25	0	0	0	0	0	308	0	0	0	0	0	0	0	0	0	0	0	72	141	66	7	0	0	0	145	0	66	0	44	0	25	126	0	0	244	0	0	89	9	53	0	45	0	39	0	0	0	0	0	0	14	0	0	0	0	0	0	0	42	0	0	6	0	0	0	0	2	0	0	0	0	0	0	0	10	0	0	0	0	17	0	0	66	0	0	0	0	0	0	117	0	0	42	0	0	0	0	0	0	0	0	65	0	397	39	0	62	3	0	0	0	53	0	17	24	20	0	0	44	0	0	137	153	0	0	0	0	0	0	37	36	0	151	14	123	80	293	0	77	213	0	105	180	134	0	0	87	144	0	77	116	0	43	0	33	0	192	0	0	29	51	9	46	0	0	53	34	12	48	68	0	0	0	275	0	21	172	19	79	123	125	0	0	162	105	66	73	0	28	0	0	46	0	0	106	44	0	44	103	0	0	0	35	0	0	0	63	26	15	63	106	172	0	13	0	0	0	89	0	0	0	64	0	0	0	0	0	36	30	0	0	0	0	225	150	3	0	187	0	0	0	0	306	0	67	0	0	0	0	0	0	0	0	0	0	16	0	0	0	0	0	56	0	0	161	0	0	0	0	0	9	0	0	0	91	1	0	0	0	0	0	0	0	0	0	0	0	0	0	0	0	0	57	0	50	0	0	48	0	0	19	0	0	0	0	144	0	25	0	0	0	65	0	0	0	0	0	0	0	0	1	95	0	0	11	204	0	0	0	0	0	0	241	0	0	169	56	0	35	37	128	110	0	0	93	0	0	0	0	0	0	0	35	0	0	0	0	0	0	0	0	158	73	1	0	0	0	0	0	0	0	306	0	0	0	0	0	0	0	0	0	0	73	0	136	22	0	0	0	0	0	237	179	0	0	0	0	0	0	107	0	0	0	0	0	0	0	0	0	0	0	0	105	0	0	100	3	0	0	71	0	80	0	125	5	77	0	0	0	98	0	0	0	208	9	24	0	0	89	0	179	0	0	0	1	0	0	0	0	113	195	0	35	464	194	0	0	0	17	0	159	48	151	0	110	0	59	0	23	242	0	53	111	120	0	36	0	0	0	0	135	114	29	0	0	137	0	122	0	64	78	0	39	2	0	0	0	140	0	0	0	0	55	25	1	0	0	152	0	0	122	0	0	0	0	0	0	34	0	117	0	81	0	0	94	0	0	0	0	0	0	74	0	0	0	57	0	0	0	0	0	0	0	0	0	126	0	0	0	140	1	27	0	0	102	0	38	0	61	228	147	128	63	0	0	0	156	147	0	0	122	0	0	92	0	173	0	45	0	0	36	128	0	54	0	0	110	119	59	64	31	157	0	208	0	0	50	129	0	213	0	156	197	0	0	12	0	193	12	71	24	126	28	0	0	72	150	19	0	114	0	0	0	0	103	0	0	120	0	271	23	126	0	94	25	107	134	0	60	227	79	19	57	0	22	124	0	179	85	233	38	111	58	0	57	22	127	64	13	126	34	0	0	0	97	25	0	213	61	18	0	24	156	50	87	46	81	0	0	0	145	0	110	57	0	0	0	0	0	0	50	0	0	0	0	0	0	0	0	0	95	0	0	106	0	0	106	0	153	69	130	0	0	0	84	0	431	34	189	63	0	0	40	0	0	0	0	17	117	34	0	145	0	0	49	29	68	0	0	39	80	0	0	163	0	0	0	0	0	73	0	274	0	0	93	188	0	159	0	72	57	0	5	0	50	182	0	197	0	151	199	198	0	0	39	0	0	0	21	91	22	45	28	0	0	18	71	79	218	0	100	0	0	0	0	186	0	0	118	111	0	0	0	0	0	155	0	0	233	0	29	0	131	0
11	0	0	0	0	0	0	0	0	0	0	0	0	0	0	0	0	0	0	0	0	0	0	0	0	0	0	0	0	0	0	0	181	0	0	0	0	0	0	0	0	0	0	0	0	0	0	0	0	0	0	0	0	0	0	0	0	0	0	0	0	0	0	0	0	0	0	0	0	0	0	0	0	0	29	0	0	0	0	0	0	0	0	0	0	0	0	0	0	0	0	0	0	0	0	0	0	0	0	0	0	0	0	0	0	0	36	0	5	0	0	0	0	5	0	0	0	0	1	0	0	0	0	0	0	0	0	182	0	0	0	0	0	0	25	0	0	0	0	0	0	0	0	0	0	0	0	0	0	0	0	0	0	0	0	0	0	0	0	0	0	0	0	0	0	0	0	0	0	0	0	0	0	0	0	0	0	0	0	0	0	0	0	0	0	0	0	0	0	0	4	0	0	0	0	64	0	0	0	0	0	0	0	0	0	0	0	0	0	0	0	2	0	17	0	0	0	0	0	0	0	0	0	0	0	0	9	0	0	0	0	0	0	0	0	0	0	0	0	39	0	8	0	0	0	0	0	0	126	21	0	0	0	0	0	0	39	0	0	0	0	0	0	0	0	83	75	0	0	0	0	0	0	8	0	0	0	0	73	0	25	0	0	0	0	0	4	0	0	0	0	0	52	0	0	0	0	2	0	0	0	0	0	0	22	6	10	2	0	2	0	6	0	78	31	0	0	50	23	0	0	23	1	0	101	0	31	8	10	0	54	0	0	27	1	0	0	107	0	0	0	0	72	0	0	63	0	0	0	0	0	0	0	68	0	0	0	0	0	0	0	16	0	0	44	0	0	0	0	70	1	0	0	0	2	50	77	0	0	44	0	0	101	0	0	0	0	24	99	6	230	12	0	218	0	0	0	5	175	0	14	37	268	0	0	187	0	0	133	28	0	50	2	0	0	0	0	45	0	62	0	61	63	40	0	91	43	3	128	345	132	0	9	86	138	2	28	95	0	78	9	179	0	8	0	0	127	132	31	104	0	0	105	0	16	7	56	0	0	3	137	0	67	60	333	40	53	253	34	0	100	208	65	9	0	154	0	0	122	13	33	21	5	0	4	38	5	0	0	30	0	0	0	142	42	47	106	251	90	0	161	0	0	0	13	0	0	26	13	0	0	0	0	0	0	168	24	0	0	0	36	7	0	0	89	0	4	0	4	7	0	515	97	0	0	0	0	17	0	0	0	0	37	0	0	0	0	0	0	0	0	36	0	0	0	0	0	19	0	0	0	195	0	0	0	0	0	0	7	0	0	0	0	6	0	0	0	9	0	146	0	95	3	0	31	0	0	50	32	0	0	31	128	0	0	0	0	0	158	2	0	0	0	0	0	0	0	0	65	0	0	93	34	0	0	0	0	0	0	32	0	0	84	63	0	30	72	281	61	0	0	134	0	0	0	0	0	0	0	187	0	0	0	0	0	0	0	1	122	52	0	0	0	0	0	0	0	12	97	0	0	190	0	0	0	0	9	5	0	65	77	95	55	0	0	0	0	58	133	0	0	0	0	0	0	0	184	0	0	0	0	0	0	0	0	0	0	0	0	261	0	0	7	0	0	0	15	0	138	0	14	131	0	0	0	0	38	0	0	0	105	38	146	0	0	82	0	73	0	0	0	0	0	0	0	0	71	157	0	0	51	105	0	0	0	93	0	23	180	83	0	146	0	82	0	96	9	0	163	86	146	0	194	0	0	0	0	183	58	28	0	0	176	0	103	0	208	331	0	0	0	0	0	0	86	0	0	0	0	114	18	0	0	0	72	0	0	178	0	0	0	0	0	0	63	0	81	0	58	0	0	11	0	0	0	0	0	0	62	0	0	1	108	0	0	0	0	0	0	0	0	0	174	0	0	0	46	0	39	0	0	182	2	70	0	142	18	21	73	75	0	0	0	89	143	36	0	185	0	0	63	0	253	0	55	0	0	61	45	0	45	0	0	107	205	57	109	62	33	0	131	0	0	178	97	0	40	0	73	398	0	0	130	0	74	111	63	53	236	118	0	0	5	54	82	0	70	0	0	0	0	62	0	0	95	12	66	99	83	0	20	292	66	151	0	71	114	166	46	84	0	108	199	0	80	213	74	118	236	332	1	77	0	257	181	45	98	68	3	0	0	29	256	0	119	216	52	0	13	36	69	153	92	92	0	0	0	182	0	29	59	2	0	0	47	0	0	6	0	129	0	0	0	0	0	0	0	91	0	0	165	0	0	137	0	270	72	197	0	0	0	230	0	184	85	27	195	12	0	19	0	0	0	13	31	102	34	0	195	0	0	141	12	43	0	0	51	84	3	0	78	0	0	0	0	0	77	0	146	0	0	84	42	0	171	0	92	99	0	23	0	96	133	0	284	0	25	83	331	0	0	19	0	0	0	28	130	94	24	143	0	0	21	101	64	36	0	19	0	1	0	0	33	1	0	10	35	0	0	0	0	0	55	0	0	167	0	33	0	39	0
12	0	0	0	0	0	0	0	0	0	0	0	0	0	0	0	0	0	0	0	0	0	0	0	0	0	0	0	0	0	0	0	0	0	0	0	0	0	0	0	0	0	0	0	0	0	0	0	0	0	0	0	0	0	0	0	0	0	0	0	0	0	0	0	0	0	0	0	0	0	0	0	0	0	0	0	0	0	0	0	0	0	0	0	0	0	0	0	0	0	0	0	0	0	0	0	0	0	0	0	0	0	0	0	0	0	0	0	20	0	0	54	0	0	0	0	0	0	0	0	0	0	0	19	125	0	0	6	0	0	0	0	0	0	0	0	0	0	0	0	0	0	0	0	0	0	0	0	0	0	0	0	0	0	0	0	0	0	0	0	0	0	0	0	0	0	0	0	0	0	0	0	0	0	0	0	76	0	0	0	0	26	0	0	0	0	0	0	0	0	0	0	0	0	0	0	0	0	16	0	0	0	0	0	0	0	0	0	0	0	0	0	0	34	0	0	0	0	0	0	0	0	0	0	0	0	0	0	0	0	0	0	0	0	0	0	0	0	0	0	0	0	0	0	0	0	0	0	26	37	0	0	0	0	0	0	0	0	0	0	0	0	0	0	0	9	9	0	4	0	0	0	0	0	0	6	0	0	0	0	54	0	0	0	0	0	0	0	0	0	0	0	52	0	0	0	0	0	0	0	0	0	0	0	49	73	60	157	0	0	0	26	0	22	0	0	0	75	29	0	0	45	0	0	82	0	118	22	116	0	67	0	0	0	0	0	0	45	0	0	0	0	0	0	0	0	0	0	0	0	0	0	0	32	0	0	0	0	0	0	0	118	0	59	18	0	0	0	0	55	0	0	0	0	0	2	157	0	0	109	0	0	0	0	0	0	0	0	267	2	25	11	0	126	0	0	0	0	85	0	50	172	37	0	4	70	0	0	88	67	0	2	0	0	0	84	0	44	0	24	0	245	135	89	0	125	34	0	166	58	66	0	0	144	27	0	69	114	0	50	24	92	0	6	0	0	74	85	30	42	0	0	45	1	174	0	69	0	65	0	12	0	168	47	221	181	88	131	0	0	126	87	99	276	0	203	0	12	48	0	0	116	0	0	72	124	0	0	0	22	0	0	0	48	269	346	121	24	96	0	113	0	0	16	37	0	0	0	0	0	0	0	0	0	76	37	15	0	0	0	78	171	0	0	81	0	0	27	8	13	0	184	31	0	0	0	0	0	0	0	0	0	23	0	0	0	0	0	6	0	0	149	0	0	0	0	0	234	0	0	0	31	0	0	0	0	0	0	0	0	0	0	0	0	0	0	0	0	0	109	0	130	0	0	27	0	11	42	0	0	0	0	172	0	0	12	0	0	90	0	0	0	0	7	0	0	0	0	0	0	0	10	90	0	0	0	4	0	0	211	0	0	72	119	0	18	214	21	70	0	0	70	0	0	0	0	5	0	0	166	31	0	9	0	0	0	0	0	71	50	0	0	0	0	0	0	0	18	188	0	0	40	0	0	0	0	5	0	0	77	0	109	72	0	0	2	0	15	43	8	0	0	0	0	0	0	155	0	0	0	0	0	0	0	0	0	0	0	0	45	1	0	131	0	0	0	30	0	94	0	146	236	0	0	0	0	47	0	0	0	367	50	77	0	0	300	0	71	0	0	0	0	0	0	0	0	69	21	0	0	49	200	0	0	0	26	0	150	42	45	0	390	0	171	0	165	151	0	132	34	30	48	64	0	0	0	1	118	166	47	0	0	29	0	36	0	222	64	0	0	0	0	0	0	126	0	0	0	0	206	86	0	0	0	126	0	0	17	0	0	0	0	0	0	143	0	77	0	65	0	0	40	0	0	0	2	0	55	65	0	0	0	74	0	0	1	11	0	0	0	0	0	158	0	0	0	268	0	129	0	0	125	0	34	0	230	23	30	33	89	0	0	0	258	77	0	0	260	0	0	139	0	42	0	141	0	0	106	34	0	24	0	0	104	75	195	90	81	258	0	31	0	0	46	191	0	223	0	173	67	0	0	15	1	135	65	39	76	144	159	0	0	149	100	93	0	72	0	0	0	0	23	0	0	86	0	23	89	144	0	35	60	219	42	0	45	13	29	153	72	0	60	89	0	36	114	48	55	121	89	0	122	0	50	239	87	96	43	0	0	0	140	24	4	63	56	15	0	49	45	156	94	135	127	0	0	0	20	0	87	42	0	0	0	0	0	0	62	0	0	0	0	0	0	5	0	0	140	0	0	224	0	0	75	0	82	117	35	0	0	0	154	0	84	17	142	42	43	0	194	0	0	0	0	123	21	36	0	93	0	0	34	45	140	0	0	114	93	0	0	125	0	0	0	0	0	239	0	199	0	0	11	235	0	32	0	80	131	0	46	0	126	151	0	79	0	108	24	68	0	0	122	0	0	0	89	180	106	18	222	0	0	67	84	155	5	0	154	0	0	0	0	82	0	7	16	30	1	0	0	0	0	57	0	0	110	0	210	0	86	0
13	0	0	0	0	0	0	0	0	0	0	0	0	0	0	0	0	0	0	0	0	0	0	0	0	0	0	0	0	0	0	0	0	0	0	0	0	0	0	0	0	0	0	0	0	0	0	0	0	0	0	0	0	0	0	0	0	0	0	0	0	0	0	19	0	0	0	0	0	0	0	0	0	0	0	0	0	0	0	0	0	0	0	0	0	0	0	0	0	0	0	0	0	0	0	0	0	0	0	0	0	0	0	0	0	0	0	0	0	0	0	0	0	0	0	0	0	0	0	0	0	0	0	0	0	0	0	31	0	0	0	0	0	0	0	0	0	0	0	0	0	0	0	0	0	0	0	0	0	0	0	0	0	0	0	0	0	0	0	0	0	0	0	0	0	0	0	0	0	0	0	0	0	0	0	0	0	0	0	0	0	0	0	4	0	0	0	0	0	0	0	0	0	0	0	0	0	0	0	0	0	0	0	0	0	0	0	0	0	0	0	0	0	72	0	0	0	0	0	0	0	0	0	0	0	0	9	0	0	0	0	0	0	0	0	0	0	0	0	0	0	0	0	0	0	0	0	0	70	137	1	0	0	0	0	0	27	0	0	0	0	0	0	0	0	0	37	0	0	0	0	0	0	0	0	0	0	0	0	17	0	0	0	0	0	0	0	0	0	0	0	0	87	0	0	0	0	0	0	0	0	0	0	0	176	16	60	8	0	0	0	0	0	80	0	0	0	29	31	0	0	84	0	1	87	0	70	0	68	0	32	14	0	0	0	0	0	100	0	0	0	0	0	0	0	0	0	0	0	0	0	0	0	26	0	0	0	0	0	0	0	0	0	0	0	0	0	0	0	50	23	0	0	0	0	0	150	0	0	12	0	0	0	0	0	0	0	0	4	0	174	0	0	102	0	0	0	0	150	0	117	76	8	0	18	81	0	0	131	23	0	9	0	0	0	0	0	151	0	9	0	32	14	48	0	90	192	0	25	147	47	0	0	58	82	0	121	71	3	57	0	63	0	136	0	0	186	91	113	23	0	0	42	0	52	0	27	0	0	0	31	0	123	74	62	38	148	390	0	0	81	104	86	67	0	28	0	0	40	0	0	65	2	0	0	56	0	0	0	5	0	0	0	29	37	158	118	60	11	0	111	0	0	0	23	0	0	0	0	0	0	0	0	15	0	147	0	0	0	0	171	59	0	0	124	0	0	0	0	91	0	86	0	0	0	18	0	0	0	0	0	0	33	0	0	0	0	0	0	0	0	31	0	0	0	0	0	231	0	0	0	146	0	0	0	0	0	0	9	0	0	0	0	0	0	0	0	0	0	139	0	22	0	0	142	0	0	88	0	0	0	0	68	0	0	0	0	0	64	0	0	0	0	0	0	0	0	0	86	0	0	66	36	0	0	0	0	0	0	109	0	0	162	103	0	80	18	90	33	0	0	214	0	0	0	0	0	0	0	67	0	0	0	0	0	0	0	0	45	107	0	0	3	0	0	0	0	0	6	0	0	0	0	0	0	0	0	0	0	104	0	55	19	0	0	0	0	0	90	0	0	0	0	0	0	0	28	0	0	0	0	0	0	0	0	1	0	0	0	92	0	0	13	0	0	0	31	0	104	0	125	179	0	0	0	0	55	0	0	0	100	46	121	0	0	97	0	80	0	0	0	0	0	0	0	0	5	97	8	5	337	32	0	0	0	83	0	127	176	61	0	42	0	96	0	71	144	0	174	90	46	0	59	0	0	0	0	51	332	210	0	0	54	0	61	0	143	89	0	0	0	0	0	0	189	0	0	0	0	7	51	0	0	0	92	0	0	23	0	0	0	0	0	0	40	0	171	0	157	0	0	150	0	0	0	0	0	0	52	0	0	0	80	0	0	0	0	0	0	0	0	0	87	0	0	14	109	0	44	0	0	147	0	63	0	119	37	37	23	69	0	0	0	78	116	0	0	61	0	0	61	0	103	0	82	0	0	12	261	0	210	0	0	22	35	48	20	289	89	0	72	0	0	185	70	0	56	0	48	19	0	0	36	0	113	163	69	137	144	34	0	0	67	134	119	0	53	0	0	0	0	71	0	0	37	0	95	117	269	0	34	42	62	23	0	289	101	52	126	95	0	134	57	0	141	60	89	84	92	93	0	19	0	160	102	107	26	17	0	0	0	81	30	0	131	11	28	0	58	135	13	34	351	159	0	0	0	182	0	30	186	0	0	0	0	0	0	10	0	0	0	0	0	0	0	0	0	88	0	0	27	0	0	64	0	71	174	108	0	0	0	196	0	53	22	76	86	1	0	131	0	0	0	0	75	58	87	0	95	0	0	128	19	47	0	0	51	54	0	0	35	0	0	0	0	0	7	0	67	0	0	128	30	0	53	0	213	384	0	122	0	23	36	0	163	14	33	110	65	0	0	30	0	0	0	215	96	106	111	8	0	0	104	76	50	89	0	63	0	0	0	0	24	0	0	123	94	0	0	0	0	0	67	0	0	80	0	161	0	136	0
14	0	0	0	0	0	29	0	0	0	0	0	0	0	0	0	0	0	0	0	0	0	0	0	0	93	0	0	0	0	0	0	0	0	0	0	0	0	0	0	0	0	0	0	0	0	0	0	0	0	0	0	0	0	0	0	0	0	0	0	0	0	0	0	0	0	0	0	0	0	0	0	0	0	0	0	0	0	0	0	0	0	0	0	0	0	0	0	0	0	0	0	68	0	0	0	0	0	0	0	0	0	0	0	0	0	0	0	109	0	0	0	0	9	0	0	0	0	0	0	0	0	0	0	127	0	0	1	0	0	0	0	0	0	0	0	1	0	0	0	0	0	0	6	0	0	0	0	0	0	0	0	0	0	0	0	0	0	0	0	0	0	0	0	0	43	0	0	0	0	0	0	0	0	0	0	3	0	0	4	0	0	0	0	0	0	0	0	0	0	0	0	0	0	0	0	0	0	0	0	0	0	0	0	0	0	0	0	161	0	1	0	0	44	0	0	0	0	10	0	0	0	0	0	0	0	0	1	0	0	0	0	0	0	98	0	0	0	0	7	0	0	0	0	0	0	0	0	11	21	0	0	0	0	0	0	1	0	0	0	0	0	0	0	0	0	140	0	0	0	0	0	0	0	0	0	0	0	5	0	23	0	0	6	0	0	0	0	0	0	0	0	77	0	0	0	0	0	3	0	0	0	0	0	31	126	3	7	0	0	0	0	0	100	0	0	0	153	82	0	0	152	9	8	176	0	302	4	79	42	46	0	0	0	0	0	0	76	0	0	0	0	12	0	2	23	0	0	0	0	0	0	0	0	0	0	11	0	0	0	0	45	0	0	0	0	0	0	0	32	0	0	0	0	0	19	136	0	0	96	0	2	0	0	0	0	0	0	138	0	76	28	0	40	0	0	0	0	107	0	80	99	96	0	0	82	0	0	32	212	0	0	0	5	0	0	0	9	0	47	0	84	71	134	0	118	72	2	158	67	82	0	0	22	123	0	30	137	0	169	0	135	0	53	0	0	54	106	11	79	0	19	190	10	15	0	265	0	43	0	227	0	172	39	17	147	19	82	0	0	93	36	57	27	0	45	0	0	196	0	0	65	45	0	29	58	0	0	0	47	0	0	0	146	46	66	63	37	8	0	192	0	0	0	104	3	0	0	0	0	0	0	0	0	121	38	68	0	0	0	150	79	3	0	230	0	0	0	0	267	0	149	3	0	0	0	0	0	0	11	0	0	129	0	0	0	0	0	0	0	0	358	0	0	0	0	0	59	0	0	0	97	0	14	0	0	0	0	20	0	0	0	0	0	0	0	2	0	0	114	0	82	0	0	72	0	0	251	0	0	0	0	210	0	0	12	0	0	145	0	0	0	0	0	0	0	0	0	31	0	0	217	82	0	0	0	0	7	0	39	0	0	67	35	0	13	168	93	52	0	0	270	0	0	0	0	0	0	0	100	4	0	0	0	0	0	0	0	219	125	0	0	0	0	1	0	0	35	90	0	0	2	0	0	0	0	0	0	0	75	0	18	155	0	0	0	0	8	43	0	0	0	0	0	0	0	29	0	0	0	1	0	0	0	0	0	0	0	0	43	0	0	57	0	52	0	77	0	143	0	142	70	0	0	0	18	72	0	0	0	61	76	42	0	0	241	0	129	0	0	0	0	0	0	0	0	69	13	1	0	36	69	0	0	0	131	0	105	86	32	0	64	0	95	15	127	100	0	8	130	68	0	84	0	0	0	0	203	332	39	0	0	158	0	130	2	65	88	2	0	1	0	0	0	116	0	0	0	0	58	101	5	0	0	75	0	0	121	3	0	0	0	0	0	35	0	72	0	174	0	0	181	0	0	0	0	0	49	116	0	0	59	37	0	0	0	0	0	0	0	0	0	235	7	0	0	147	0	168	0	0	240	0	38	0	61	73	51	121	9	0	0	0	25	70	0	0	40	0	0	20	0	46	0	87	0	0	78	137	0	50	0	32	164	38	51	143	42	98	0	109	0	22	122	405	0	19	0	33	94	0	2	123	0	162	65	183	245	172	107	0	0	171	80	30	0	91	0	2	0	0	19	0	0	71	0	74	112	31	13	167	54	102	28	0	59	47	149	87	122	0	85	122	0	51	43	84	121	54	150	0	49	0	54	67	93	117	58	0	0	0	125	21	0	217	90	78	0	82	87	118	173	80	389	0	0	0	141	0	111	24	0	0	0	0	0	0	58	0	1	0	0	7	0	0	0	4	48	0	0	33	0	0	236	2	126	24	170	0	0	0	106	0	166	73	33	166	0	0	169	0	0	0	0	126	118	16	0	22	0	0	201	45	66	0	0	126	103	0	0	3	8	0	0	0	0	79	0	92	0	0	111	60	0	273	0	54	49	0	80	0	160	12	0	113	0	146	105	14	2	0	5	1	0	0	107	53	92	200	49	0	0	173	82	62	24	0	48	0	0	0	0	99	0	0	222	52	8	0	0	0	0	105	29	0	102	0	61	0	24	0
15	0	0	0	0	0	0	0	0	0	0	0	0	0	0	0	0	0	0	0	0	0	0	0	0	0	0	0	0	0	0	0	0	0	0	0	0	0	0	0	0	0	0	0	0	0	0	0	0	0	0	0	0	0	0	0	0	0	0	0	0	0	0	0	0	0	0	0	0	0	0	0	0	0	0	0	0	0	0	0	0	0	0	0	0	0	0	0	0	0	0	0	0	0	0	0	0	0	0	0	0	0	0	0	0	0	22	0	0	0	0	0	0	0	0	0	0	0	0	0	0	0	0	0	0	0	0	1	0	0	0	0	0	0	0	0	0	0	0	0	0	0	0	1	0	0	0	0	0	0	0	0	0	0	0	0	0	0	0	0	0	0	0	3	0	79	0	0	0	0	0	0	0	0	0	0	0	0	0	0	0	24	0	0	0	0	0	0	0	0	0	0	0	0	0	0	0	0	0	0	0	0	0	0	0	0	15	0	0	0	0	0	0	0	0	0	43	0	0	0	0	0	0	0	0	0	0	0	0	0	0	0	0	0	0	0	0	0	0	0	0	0	0	0	0	0	0	0	46	67	0	0	0	0	0	0	0	0	0	0	0	0	0	0	0	0	19	0	0	0	0	0	4	0	0	0	0	0	0	0	0	0	0	0	9	0	0	1	0	0	0	0	122	0	2	0	0	0	0	2	0	0	0	0	180	186	0	67	0	0	0	0	0	76	102	3	0	22	133	0	32	187	0	0	201	0	39	0	15	0	54	0	0	0	0	0	0	32	0	0	0	0	0	0	0	0	0	4	49	0	0	0	0	138	0	0	0	0	0	0	0	63	0	0	50	0	0	0	0	80	0	3	1	0	0	37	14	5	0	115	0	0	0	0	0	8	0	0	45	0	104	0	0	121	0	0	0	0	192	0	30	105	0	0	0	292	0	0	67	111	0	0	0	0	0	0	0	205	1	122	12	324	107	111	0	143	18	0	79	18	30	0	0	185	108	4	31	167	0	91	55	77	0	140	0	0	97	8	0	175	0	77	132	5	147	0	43	0	73	5	85	0	41	114	91	92	95	29	0	0	45	225	43	41	0	182	0	67	14	0	0	121	114	0	126	12	10	0	0	65	0	0	0	119	72	221	21	55	43	0	64	0	0	47	20	0	0	0	0	0	10	0	0	0	44	56	15	0	0	0	57	137	24	0	27	0	0	0	0	78	0	60	0	0	0	0	0	0	1	0	0	0	330	0	0	0	0	0	0	0	0	106	0	0	0	0	0	116	0	0	0	274	0	0	0	1	0	0	0	0	0	0	0	0	0	0	0	0	0	70	0	198	11	0	62	0	0	105	0	0	0	0	131	0	0	0	3	0	55	0	0	0	0	0	0	0	0	0	179	0	0	122	124	0	0	0	0	0	0	54	1	0	47	85	0	59	45	131	175	0	0	142	0	1	0	0	0	0	0	42	0	22	0	0	0	0	0	0	108	4	0	0	0	0	0	0	0	0	37	0	0	14	0	0	0	0	0	0	0	124	0	128	208	0	0	0	0	0	117	102	0	0	0	0	1	0	51	0	0	0	0	0	0	0	0	0	0	0	0	235	0	0	73	0	0	0	49	0	52	0	53	206	0	0	0	0	6	0	0	0	80	50	68	0	0	18	0	106	0	0	0	0	0	0	0	0	10	85	0	0	210	89	0	0	0	17	0	142	101	107	0	103	0	44	3	225	20	0	51	225	32	0	54	0	0	0	18	38	26	25	0	0	5	0	22	0	144	106	0	0	0	0	0	0	165	0	0	0	0	87	133	0	0	0	130	0	40	113	0	0	0	0	0	0	150	0	67	0	173	0	0	169	0	0	32	0	0	45	154	0	0	0	12	0	0	0	18	0	0	0	0	0	52	0	0	2	25	0	20	0	0	168	0	72	0	255	127	162	39	83	0	0	0	30	28	0	0	165	0	0	163	0	64	0	272	0	0	93	111	0	251	0	0	130	50	113	121	197	0	0	62	0	0	14	171	0	170	0	116	58	0	0	93	0	145	10	280	7	152	90	36	0	68	90	398	0	61	0	0	0	0	47	0	0	27	0	17	142	10	0	24	34	69	91	0	88	91	108	228	170	0	49	226	0	283	164	56	92	78	20	1	78	0	329	76	39	89	81	0	0	0	78	123	0	281	13	313	0	41	150	92	59	97	87	0	0	0	67	0	119	112	0	1	0	0	0	0	48	0	0	0	0	0	0	0	0	0	58	0	0	107	0	0	35	0	147	19	65	0	0	0	32	0	100	10	121	23	3	0	48	0	0	0	0	124	133	135	0	56	0	0	143	19	213	0	0	77	70	5	0	108	0	0	0	0	0	112	0	202	0	0	159	45	0	75	1	19	235	0	155	0	77	148	0	25	0	80	98	219	0	1	23	3	0	0	49	16	107	64	64	0	0	75	96	37	3	0	137	0	0	0	0	52	0	0	72	133	0	0	0	0	0	21	0	0	192	0	246	0	61	0
16	0	0	0	0	0	0	0	0	0	0	0	0	0	0	0	0	0	0	0	0	0	0	0	0	0	0	0	0	0	0	0	0	0	0	0	0	0	0	0	0	0	0	0	0	0	0	0	0	0	0	0	0	0	0	0	0	0	0	0	0	0	0	0	0	0	0	0	0	0	0	0	0	0	0	0	0	0	0	0	0	0	0	0	0	0	0	0	0	0	26	0	0	0	0	0	0	0	0	0	0	0	0	0	0	0	0	0	4	0	0	0	0	0	0	0	0	0	0	0	0	0	0	0	166	0	0	0	0	0	0	0	0	0	0	0	0	0	0	0	0	0	0	0	0	0	0	0	0	0	0	0	0	0	0	0	0	0	0	0	0	0	0	0	0	21	0	0	0	0	0	0	0	0	0	0	0	0	0	0	0	0	26	0	0	0	0	0	0	0	0	0	0	0	0	0	0	0	0	0	0	0	0	0	0	41	0	14	0	0	0	0	0	0	0	0	0	0	0	0	12	0	0	0	0	0	0	0	0	0	0	0	0	0	3	0	0	0	0	0	0	0	0	0	0	0	0	0	54	37	0	0	0	0	0	0	130	0	0	0	0	0	0	0	0	0	100	0	0	9	0	0	0	6	0	0	0	0	1	0	0	0	0	0	0	2	0	0	0	0	0	0	93	0	0	0	0	0	0	0	0	0	0	0	247	54	68	0	0	0	0	1	0	161	3	0	0	117	98	0	0	123	0	0	174	0	24	6	362	0	215	0	0	16	0	0	0	75	0	0	1	0	0	0	0	0	0	0	0	0	0	0	0	0	0	0	0	0	0	0	2	5	0	0	91	0	0	0	22	18	0	0	0	0	0	0	178	0	0	0	0	0	0	0	0	0	0	0	46	21	36	196	0	8	0	0	1	0	20	0	73	94	0	0	0	134	0	0	106	175	0	0	0	0	0	0	82	147	0	75	0	39	33	88	0	133	3	0	141	69	7	0	3	94	194	0	73	291	0	138	1	134	0	146	0	0	142	66	41	53	0	0	96	0	40	0	0	0	14	0	27	0	68	120	80	90	104	103	0	0	150	59	178	163	0	142	0	0	163	0	0	105	19	0	21	27	0	0	0	104	0	0	0	89	11	15	72	98	4	12	111	0	0	0	57	0	0	0	0	0	0	0	0	0	100	134	0	0	0	0	47	18	0	0	56	0	0	0	0	70	0	69	0	0	0	0	0	0	0	0	0	0	169	0	12	0	0	0	0	0	0	111	0	0	0	0	0	57	0	0	0	52	0	0	0	1	0	0	56	0	0	0	0	11	0	0	0	0	0	142	0	127	0	0	53	0	0	39	0	0	0	0	92	0	0	0	0	0	45	0	0	0	0	0	0	0	0	0	57	0	0	89	72	0	0	22	0	0	0	62	62	0	67	248	0	222	111	89	57	0	12	57	0	0	0	0	0	0	0	48	0	0	0	0	0	0	0	0	86	10	0	0	0	0	0	1	0	0	66	0	0	0	17	0	0	0	0	0	0	166	0	45	227	0	0	0	0	0	76	80	0	0	22	0	0	0	116	0	0	0	0	0	0	0	0	0	0	0	0	182	0	0	246	0	0	0	89	0	26	0	318	34	0	0	0	0	11	0	0	0	85	110	61	0	0	75	0	202	0	0	0	0	0	0	0	0	38	131	0	0	151	205	0	0	0	38	0	20	87	51	0	92	0	0	0	209	16	0	15	120	200	18	51	0	0	3	0	139	33	59	3	0	228	0	15	0	22	71	0	0	0	0	0	0	80	0	0	0	0	25	201	0	0	0	138	0	0	82	0	0	0	0	0	0	151	0	156	0	37	0	0	45	0	0	0	0	0	0	155	0	0	0	96	0	0	0	0	0	0	1	0	0	28	0	0	0	170	0	53	0	0	85	0	54	0	102	214	9	135	28	0	0	0	45	142	0	0	72	0	0	96	0	95	0	174	0	0	97	78	0	16	0	0	97	133	157	74	61	90	0	37	0	0	73	21	0	213	0	82	155	0	0	33	0	46	109	33	85	70	177	0	0	114	43	53	0	29	0	0	0	0	69	27	0	67	0	184	123	77	0	128	248	36	80	0	123	197	269	348	90	0	65	56	0	143	96	45	18	87	49	0	32	0	206	105	39	91	140	0	0	0	79	194	0	104	184	176	0	85	5	31	132	57	70	0	0	0	31	0	153	120	0	0	0	0	0	0	181	0	0	0	0	0	0	0	0	0	43	0	0	113	0	0	141	0	138	318	48	0	0	0	76	0	100	40	41	39	0	0	99	0	0	0	0	85	105	85	0	249	0	0	3	84	99	0	0	70	157	0	0	56	0	0	0	0	0	62	0	91	0	6	275	206	0	63	0	244	123	0	89	0	81	51	0	43	0	69	93	54	0	0	49	0	0	0	21	76	82	95	39	0	0	102	41	289	85	0	10	0	0	10	0	14	0	0	116	48	0	0	0	0	0	57	0	0	133	0	139	0	87	0
17	0	0	0	0	0	0	0	0	0	0	0	0	0	58	0	0	0	0	0	0	0	0	0	0	0	0	0	0	0	0	0	0	0	0	0	0	0	0	0	0	0	0	0	0	0	0	0	0	0	0	0	0	0	0	0	0	0	0	0	0	0	0	0	0	0	0	0	0	0	0	0	0	0	0	0	0	0	0	0	0	0	0	0	0	0	0	0	0	0	0	0	0	0	0	0	0	0	0	0	0	0	0	0	0	0	0	0	110	0	0	0	0	0	0	0	0	0	0	0	0	0	0	0	0	18	0	25	0	0	0	0	0	0	0	0	0	0	0	0	0	0	0	0	0	0	0	0	0	0	0	0	0	0	0	0	0	0	0	0	0	0	0	0	0	0	0	0	0	0	0	0	0	0	0	0	0	0	0	0	0	0	0	0	0	0	0	0	0	0	0	0	0	0	0	0	0	0	42	0	0	0	0	0	0	75	0	0	0	0	0	0	0	11	0	0	0	0	0	0	0	0	0	0	0	0	0	0	0	0	0	0	0	0	0	0	0	0	0	0	0	0	0	0	0	0	0	0	51	19	0	0	0	0	0	0	75	0	0	0	0	0	0	0	0	0	10	0	0	0	0	0	0	0	0	0	0	0	1	0	0	0	0	0	0	0	0	0	0	0	0	0	139	0	0	0	0	0	0	0	0	0	0	0	163	85	14	83	0	0	0	171	0	108	0	14	1	19	70	0	2	78	0	6	50	0	105	0	242	0	91	0	0	0	0	0	0	79	0	0	0	0	0	0	0	0	0	0	0	0	0	40	0	10	0	0	0	0	0	0	240	41	0	0	88	0	0	0	0	52	0	0	0	0	0	58	27	0	0	11	0	0	32	0	0	0	0	0	166	0	82	57	97	3	0	0	0	0	4	0	164	62	55	0	0	269	0	0	49	74	0	20	0	0	0	0	0	15	11	95	0	67	194	35	0	20	25	0	207	93	78	0	0	132	205	0	10	87	0	153	0	82	0	24	0	0	41	108	6	84	0	68	130	18	113	0	59	0	20	0	287	0	106	167	18	83	116	183	0	0	93	49	116	31	0	87	0	0	45	0	0	25	0	0	122	115	0	0	0	43	0	0	0	50	39	175	28	34	33	0	76	0	0	0	0	0	0	0	0	0	0	0	18	0	32	90	124	0	0	0	125	86	0	0	171	0	0	0	0	34	0	57	0	0	0	0	0	0	0	0	0	0	57	0	0	0	0	0	0	0	0	55	0	0	0	0	5	90	0	0	0	168	0	0	0	0	0	0	0	0	0	0	0	0	0	0	0	0	0	29	0	40	0	0	66	0	0	12	0	0	0	0	75	0	0	0	0	0	85	0	1	0	0	0	0	0	0	0	409	0	0	129	27	0	0	0	0	0	0	181	0	0	83	96	0	126	18	115	295	0	0	152	0	0	0	0	0	0	0	104	29	0	0	0	0	4	0	0	121	168	3	1	0	0	0	0	0	0	128	0	0	4	0	0	0	0	0	0	0	41	8	111	233	0	0	0	0	0	91	0	0	0	0	0	0	0	11	0	0	0	0	0	0	0	0	0	0	0	0	139	0	0	82	0	0	0	79	0	61	0	43	25	0	0	0	0	81	0	0	0	48	67	115	0	0	97	0	40	0	0	0	0	0	0	0	0	67	31	0	85	92	367	0	0	0	38	0	166	65	74	0	126	0	71	0	231	56	0	170	144	131	0	118	0	0	0	0	123	42	203	0	0	119	0	111	0	415	62	0	0	0	0	0	0	137	0	0	0	0	65	133	0	0	0	114	0	0	39	0	7	0	0	0	0	138	0	49	0	90	0	0	70	0	0	0	0	0	0	75	0	0	9	69	0	0	0	0	0	0	63	0	0	94	0	0	0	157	0	78	0	0	81	0	79	0	119	74	282	81	35	0	0	0	23	204	0	0	5	0	0	106	0	103	0	26	0	0	61	111	0	276	0	0	59	47	31	98	150	23	0	35	0	0	155	5	0	218	0	54	95	0	0	65	0	82	76	12	199	116	126	0	0	90	20	48	0	135	0	0	0	0	64	0	0	70	0	128	69	92	0	124	150	48	54	0	66	88	25	121	112	0	53	165	0	94	88	39	34	176	101	0	175	0	50	13	105	145	42	0	0	0	82	47	0	39	74	30	0	15	113	141	85	66	101	0	0	0	181	0	55	91	0	0	0	0	0	0	96	0	0	0	0	0	0	0	0	0	81	0	0	79	0	0	127	0	426	128	93	0	0	0	152	0	195	185	227	141	0	0	130	0	0	0	0	171	102	113	0	198	0	0	34	22	200	0	0	62	162	0	0	52	0	0	0	0	0	5	0	341	0	0	62	22	0	200	0	22	240	0	120	0	37	120	0	77	0	49	43	30	0	0	148	10	0	8	76	100	105	69	40	4	0	81	104	190	36	0	67	0	0	0	0	51	0	0	74	146	5	0	0	0	0	157	0	0	268	0	64	0	149	0
18	0	0	0	0	0	0	0	0	0	0	0	0	0	0	0	0	0	0	0	0	0	0	0	0	0	0	0	0	0	0	0	0	0	0	0	0	20	0	0	0	0	0	0	0	0	0	0	0	0	0	0	0	0	0	0	0	0	0	0	0	0	0	0	0	0	0	0	0	0	0	0	48	0	0	0	0	0	0	0	0	0	0	0	0	0	0	0	0	0	0	0	0	0	0	0	0	0	0	0	0	0	0	0	0	0	0	0	25	0	0	0	0	0	0	0	0	0	0	0	0	0	0	0	42	0	0	317	0	0	0	0	0	0	0	0	0	0	0	0	0	0	0	0	0	0	0	0	0	0	0	0	0	0	0	0	0	0	0	0	0	0	0	0	0	3	0	0	0	0	0	0	0	0	0	0	0	0	0	3	0	0	0	0	0	0	0	0	0	0	0	0	0	0	0	0	0	0	0	0	0	0	0	0	0	0	0	0	0	0	0	0	0	0	0	0	0	0	0	0	0	0	0	0	0	0	111	0	0	0	0	0	0	0	7	0	0	0	0	0	0	16	0	0	0	0	0	11	37	157	0	0	0	0	0	0	40	0	0	0	0	0	0	0	0	0	31	0	0	1	0	0	0	6	0	1	0	0	13	0	127	0	0	0	1	0	0	0	0	0	4	0	75	0	8	18	0	0	0	0	0	0	0	0	14	59	7	7	0	0	0	11	0	74	35	0	12	25	67	0	43	23	0	0	3	0	195	10	110	19	141	0	1	0	1	0	0	73	0	0	0	0	6	0	0	0	0	0	0	40	1	0	0	90	0	0	0	0	0	0	67	37	0	0	0	0	0	0	0	168	0	0	3	0	0	39	37	8	0	4	0	76	0	2	0	0	0	0	56	3	161	22	0	93	0	0	0	0	96	0	23	64	28	0	1	147	0	0	159	80	0	0	14	0	0	0	71	94	0	64	2	23	8	34	2	119	172	0	159	75	201	0	8	74	61	0	77	27	29	61	0	92	0	143	0	0	135	74	40	79	0	2	150	34	124	60	121	2	101	68	119	0	179	140	44	169	154	50	0	0	51	65	50	23	0	22	0	0	178	1	0	62	431	0	155	174	0	0	0	70	0	7	0	50	74	118	20	64	43	2	63	0	0	49	86	1	0	0	76	0	0	2	0	0	37	47	137	0	0	8	81	37	0	0	79	41	0	0	8	104	0	2	6	0	0	0	0	0	0	0	0	0	10	0	0	0	2	0	0	0	0	119	0	0	0	0	0	19	0	0	0	37	1	6	0	0	0	0	83	0	0	0	0	0	0	0	0	0	0	91	0	283	0	0	37	3	0	6	1	3	0	0	143	0	0	0	0	8	69	3	0	0	0	0	1	0	0	37	127	0	49	88	56	0	0	0	0	0	0	103	0	1	87	122	0	249	163	184	84	0	0	82	0	0	0	0	0	0	0	41	9	0	0	0	0	0	0	0	100	53	0	0	0	0	0	0	0	6	91	0	0	168	0	0	0	6	0	0	0	27	28	126	245	0	6	0	0	117	86	5	0	0	0	0	0	0	267	0	0	0	22	0	0	0	0	0	0	0	0	93	0	0	140	0	0	0	256	0	92	0	101	61	0	0	0	0	46	0	0	0	182	131	85	0	0	30	0	192	50	0	0	1	0	0	0	0	191	80	3	0	69	352	0	0	0	12	0	268	193	84	0	98	0	83	0	434	108	2	402	100	46	0	217	0	0	1	0	113	45	47	0	0	36	0	138	2	39	2	0	0	0	0	0	0	97	0	0	0	0	47	31	6	0	2	152	0	0	21	0	0	0	0	0	0	37	0	90	0	62	0	0	43	0	0	0	45	0	0	34	0	0	4	101	0	0	5	0	0	0	0	0	0	162	0	0	0	53	0	12	0	0	134	0	179	0	88	181	65	334	23	0	0	0	95	86	0	0	184	0	0	60	0	38	0	50	0	0	173	29	0	31	0	0	35	133	28	29	95	71	0	235	0	0	68	13	0	42	0	151	43	0	0	41	0	51	14	67	35	56	132	0	0	74	57	225	0	63	0	0	0	0	136	0	0	299	0	47	81	123	1	95	45	252	4	0	100	207	156	90	42	15	187	130	0	72	146	59	139	31	16	0	21	5	138	170	191	290	67	0	0	0	24	33	0	48	60	108	0	64	30	71	65	176	64	0	0	0	126	0	241	53	0	1	0	0	0	0	87	19	0	0	0	0	1	0	0	0	108	0	1	26	0	0	50	0	40	149	67	0	0	6	29	0	112	21	34	206	2	0	135	0	0	0	0	231	137	154	0	158	0	0	12	91	54	0	0	73	100	0	0	35	0	0	0	0	0	236	0	89	0	0	87	60	0	60	0	199	135	54	90	0	118	169	0	101	0	83	206	249	0	2	170	1	0	0	35	36	35	110	252	0	0	102	277	147	16	0	73	0	0	0	0	37	0	0	94	94	0	0	0	0	0	141	0	0	55	0	105	0	233	0
19	0	0	0	0	0	0	0	0	0	0	0	0	0	0	0	0	0	0	0	0	0	0	0	0	0	0	0	0	0	0	0	0	0	0	0	0	0	0	0	0	0	0	0	0	0	0	0	0	0	0	62	0	0	0	0	0	0	0	0	0	0	0	0	0	0	0	0	0	0	0	0	0	0	0	0	14	0	0	81	0	0	0	0	0	0	0	0	0	0	0	0	0	0	0	0	0	0	0	0	0	0	0	0	0	0	0	0	0	0	0	0	0	0	0	0	0	0	0	0	0	0	0	0	0	0	0	7	0	0	0	0	0	0	0	0	0	0	0	0	0	0	16	0	0	0	0	0	0	0	0	0	0	0	0	0	0	0	0	0	0	0	0	0	0	0	0	0	0	0	0	0	0	0	0	0	0	0	0	0	0	0	0	0	0	0	0	0	0	0	0	0	0	0	1	0	0	0	0	0	0	0	0	0	0	0	0	0	0	0	0	0	0	8	0	0	0	0	0	0	23	0	0	0	0	0	0	0	0	0	0	0	0	0	0	0	0	0	0	0	0	0	0	0	0	0	0	0	11	40	0	1	0	19	0	0	66	0	0	0	0	1	0	0	0	0	60	0	0	0	0	0	0	0	0	0	8	0	70	0	0	0	0	0	0	0	0	0	0	0	33	0	139	0	0	0	0	0	0	0	0	18	0	1	120	164	0	29	0	0	0	0	0	171	0	79	0	103	152	0	0	93	11	0	91	0	179	8	47	12	9	0	0	0	0	0	0	78	0	0	0	0	0	0	0	26	0	0	0	0	0	0	0	74	0	0	0	2	0	0	1	119	0	0	9	0	0	0	0	105	4	0	0	0	0	32	172	0	18	4	0	0	0	0	0	10	0	0	98	0	62	166	0	56	0	0	0	0	131	0	26	27	10	0	0	107	0	0	102	20	0	0	0	0	0	0	0	79	0	230	0	94	46	207	0	99	48	9	110	166	0	0	0	145	35	9	153	19	0	114	0	86	0	130	0	0	180	31	79	89	0	0	364	0	171	0	9	0	35	0	79	0	95	25	59	110	152	63	0	0	83	141	106	23	0	121	0	0	1	0	0	50	18	0	352	130	0	0	0	26	0	0	0	139	13	9	25	40	94	0	16	0	0	0	73	0	0	0	170	0	0	0	0	0	2	97	160	0	0	0	97	93	0	5	9	0	0	0	0	20	0	53	7	0	0	0	0	0	0	0	0	0	67	0	0	0	0	0	0	0	0	32	0	0	0	0	0	56	0	0	0	84	0	0	0	7	0	0	0	0	0	0	0	0	0	0	0	1	0	98	0	114	0	0	138	0	0	26	0	0	0	0	83	0	0	0	0	0	108	0	17	0	0	0	0	0	0	0	85	0	0	87	58	0	0	0	0	0	0	183	0	0	189	62	0	222	153	207	236	0	0	32	0	0	0	89	0	0	0	119	19	0	5	0	0	0	0	0	18	16	0	0	0	0	0	0	0	26	104	0	0	89	1	19	0	0	0	0	0	79	2	115	87	0	3	25	0	13	37	36	0	0	0	0	0	0	217	0	39	0	4	0	0	0	0	3	0	0	0	55	0	14	194	0	0	0	121	0	87	0	32	86	0	0	0	0	36	0	0	0	140	58	76	0	0	306	0	170	0	0	0	0	0	0	0	2	63	285	0	0	38	199	0	0	0	113	0	40	85	138	0	7	0	207	0	126	63	36	119	0	59	0	87	0	0	0	3	43	36	35	0	0	127	13	190	1	53	163	0	0	0	0	0	0	143	0	0	0	0	27	108	8	0	0	52	0	0	79	0	0	0	0	0	0	56	0	51	0	56	0	0	185	0	0	0	0	0	0	41	0	29	13	159	0	0	0	0	0	0	0	0	0	98	0	0	0	13	0	23	0	0	75	0	289	0	73	163	128	39	0	0	0	0	230	88	0	0	95	0	0	145	0	34	0	111	0	0	71	67	0	144	0	0	3	108	57	53	208	84	0	140	0	9	64	21	0	253	0	63	85	0	0	160	0	125	198	73	25	72	99	0	0	124	37	82	0	87	0	0	5	0	254	0	0	55	0	147	85	85	0	46	137	59	211	0	32	59	62	64	133	0	129	115	0	72	201	156	233	97	45	1	16	0	103	64	86	227	70	0	0	11	14	38	0	154	134	49	0	37	88	99	181	69	86	0	0	0	92	0	46	16	0	0	0	0	0	0	103	0	0	0	0	0	0	0	0	0	134	0	0	66	1	0	50	0	24	83	36	0	0	0	53	0	175	54	114	40	0	0	59	0	0	0	0	67	53	98	0	221	0	0	111	72	401	0	0	118	24	0	0	148	0	0	0	0	0	86	0	8	0	0	162	289	0	105	0	110	21	0	93	0	62	148	0	198	0	98	93	98	0	0	104	0	0	6	150	132	68	88	100	0	0	64	70	50	41	0	104	0	0	0	0	72	0	0	59	225	0	0	0	0	0	89	0	0	129	0	93	0	51	0
20	0	0	0	0	0	0	0	0	0	0	0	0	0	0	0	0	0	0	0	0	0	0	0	0	0	0	0	0	0	0	0	0	0	0	0	0	0	0	0	0	0	0	0	0	0	0	0	0	0	0	0	0	0	0	0	0	0	0	0	0	0	0	0	0	0	0	0	0	0	0	0	0	0	0	0	0	0	0	0	0	0	0	0	0	0	0	0	0	0	0	0	0	0	0	0	0	0	0	0	0	0	0	0	25	0	0	4	0	0	0	0	0	0	0	0	0	0	0	0	0	0	0	0	0	0	0	0	0	0	0	0	0	0	0	0	0	0	0	0	0	0	0	0	0	0	0	0	0	0	0	0	0	0	0	0	0	0	0	0	0	0	0	0	0	0	0	0	0	0	0	0	0	0	0	0	0	0	0	0	0	0	0	0	0	0	0	0	0	0	0	0	0	0	0	0	0	0	0	0	0	0	0	0	0	0	0	0	0	0	0	0	0	20	0	0	0	0	0	0	0	0	0	0	0	0	0	0	0	0	0	0	0	0	0	0	0	0	0	0	0	0	0	0	0	0	0	0	0	131	0	0	0	0	0	0	0	0	0	0	0	0	0	0	0	0	8	0	0	0	0	0	0	0	0	0	0	0	0	0	0	0	0	0	0	0	0	0	0	0	0	0	0	0	0	0	0	0	0	0	0	0	0	0	179	16	0	0	0	0	0	16	0	100	0	0	0	83	94	0	0	107	0	0	108	0	11	0	86	0	118	0	0	0	0	0	0	23	0	0	0	0	0	0	0	0	0	0	0	0	0	0	0	0	0	0	0	0	0	0	0	171	0	0	0	0	0	0	0	128	0	0	0	0	0	0	91	0	0	3	0	0	0	0	0	0	0	0	54	0	165	10	0	16	0	0	0	0	73	0	36	88	0	0	0	210	0	0	77	27	0	0	0	0	0	0	0	159	0	115	0	125	189	214	0	136	88	0	54	75	77	0	0	89	36	0	157	33	0	41	0	89	0	64	0	0	85	44	69	175	0	145	60	0	90	0	20	0	0	0	86	0	117	19	39	204	23	204	0	0	29	81	60	200	0	36	0	0	75	0	0	25	113	0	0	148	0	0	0	38	0	0	0	159	0	19	92	117	83	0	188	0	0	0	0	0	0	0	0	0	0	0	0	0	0	99	0	0	0	0	240	76	0	0	85	0	0	0	0	151	0	25	0	0	0	0	0	0	0	0	0	0	121	0	0	0	0	0	0	0	0	48	0	0	0	0	0	50	0	0	0	68	0	0	0	0	0	0	0	0	0	0	0	0	0	0	0	0	0	118	0	41	0	0	106	0	0	87	0	0	0	0	167	0	2	0	0	0	12	0	0	0	0	0	0	0	0	0	91	0	0	2	178	0	0	0	0	0	0	12	0	0	51	10	0	161	66	132	39	0	0	224	0	0	0	0	0	0	0	61	0	0	0	0	0	0	0	0	19	157	0	0	0	0	0	0	0	2	77	0	0	0	0	1	0	0	0	0	0	45	0	76	95	0	0	0	0	0	78	0	0	0	0	0	0	0	32	0	0	0	0	0	0	0	0	0	0	0	0	141	0	0	81	0	0	0	67	0	57	0	12	48	0	0	0	0	8	12	0	0	66	80	278	63	0	47	0	212	0	0	0	0	0	0	0	0	180	58	0	0	134	136	0	0	0	107	0	105	66	15	0	87	0	38	0	103	259	0	71	206	133	0	71	0	0	0	0	115	141	167	0	0	36	0	58	0	33	251	0	0	0	0	0	0	29	0	0	0	0	64	96	0	0	0	193	0	0	64	0	0	0	0	0	0	11	0	317	0	107	0	0	59	0	0	0	0	0	0	89	1	0	0	112	0	0	0	0	0	0	0	0	0	111	0	0	0	58	0	128	0	0	331	0	89	0	1	112	130	115	0	0	0	0	38	68	0	0	19	0	0	36	0	90	0	131	0	0	94	115	0	102	0	0	23	48	367	63	52	120	0	39	0	0	121	33	0	16	0	55	73	0	0	188	0	83	92	42	366	65	50	0	0	174	20	42	0	55	0	0	0	0	79	0	0	92	0	70	69	123	0	69	126	287	47	0	70	13	201	79	279	0	86	107	0	49	51	99	89	111	267	0	125	0	6	182	340	100	126	0	0	0	160	88	0	50	167	42	0	50	162	35	74	56	155	0	0	0	9	0	39	35	0	0	0	0	0	0	125	0	0	0	0	0	0	0	0	0	14	0	0	209	0	0	153	0	205	49	64	0	0	0	26	0	160	19	80	79	0	0	133	0	0	0	0	13	258	239	0	182	0	0	80	55	34	0	0	78	167	0	0	395	0	0	0	0	0	212	0	177	0	0	68	185	0	40	0	38	67	0	135	0	222	70	0	33	0	228	197	7	0	8	58	0	0	0	12	84	274	128	108	0	0	85	357	127	171	0	76	0	0	0	0	166	0	0	29	12	0	0	0	0	0	16	0	0	89	0	211	0	206	0
21	0	0	0	0	0	0	0	0	0	0	0	0	0	0	0	0	0	0	0	0	0	0	0	0	0	0	0	0	0	0	0	0	0	0	0	0	0	0	0	0	0	0	0	0	0	0	0	0	0	0	0	0	0	0	0	0	0	0	0	0	0	0	0	0	0	0	0	0	0	0	0	0	0	0	0	0	0	0	0	0	0	0	0	0	0	0	0	0	0	0	0	0	0	0	30	0	0	0	0	0	0	0	0	0	0	103	0	6	0	0	0	0	0	0	0	0	0	0	36	0	0	0	0	0	0	0	0	0	0	1	1	7	0	0	0	0	0	0	0	0	0	0	0	0	0	0	0	0	0	0	0	0	0	0	0	0	0	0	9	0	0	0	0	0	0	0	0	0	0	0	0	0	0	0	0	0	0	0	0	0	0	0	0	0	0	0	0	0	0	0	0	0	0	0	0	0	0	0	0	0	0	0	0	0	19	0	0	0	0	0	0	0	6	0	0	0	0	0	22	0	0	0	0	0	0	0	0	0	0	0	0	0	0	8	0	0	0	0	0	0	0	0	0	0	0	0	0	4	122	0	0	0	0	2	0	10	0	0	0	0	0	0	0	0	0	28	0	0	0	0	0	0	0	0	0	0	0	31	0	0	0	0	0	0	0	0	0	0	0	0	0	0	0	0	0	0	0	0	0	0	0	0	36	78	42	29	43	0	0	0	18	0	125	0	0	0	160	94	0	0	132	0	0	113	0	63	0	92	0	113	0	0	0	0	0	0	21	0	0	0	0	0	0	0	0	0	0	0	0	2	0	0	264	0	0	0	6	0	0	0	102	0	1	0	0	0	4	0	2	0	0	0	0	0	0	63	0	0	93	0	24	0	0	0	0	0	3	33	0	73	0	0	80	0	0	0	0	25	0	66	218	3	0	3	76	0	0	139	108	3	0	0	0	0	0	0	36	0	142	0	154	106	18	0	174	55	0	84	136	172	0	0	98	42	0	239	100	1	86	59	51	0	107	0	0	128	285	117	167	0	0	62	0	98	0	30	0	4	0	104	0	24	44	29	207	206	59	0	0	129	112	57	245	0	10	0	0	246	0	0	182	36	0	0	142	2	0	26	272	1	0	0	130	115	125	164	153	300	0	70	0	0	0	0	0	0	0	0	0	5	0	0	0	0	89	36	0	0	0	76	197	0	0	154	0	0	0	0	32	0	43	0	0	0	1	0	0	0	0	0	0	97	0	0	0	0	0	0	0	0	108	0	0	0	0	0	60	0	0	0	33	0	0	0	0	0	0	0	2	0	0	0	0	0	0	0	0	0	70	0	15	0	0	73	0	0	157	0	0	0	0	26	0	0	0	0	0	59	0	0	0	0	0	0	0	0	0	90	0	0	89	42	0	0	0	0	0	0	166	0	0	50	0	0	125	65	79	7	0	0	160	0	0	0	0	0	0	0	128	1	0	0	0	0	0	0	0	92	72	0	0	0	0	0	0	0	0	52	0	0	0	0	0	0	0	0	0	0	44	0	31	63	0	0	0	0	0	79	0	0	0	0	0	0	0	71	0	0	0	0	0	0	0	0	0	0	0	0	27	0	0	121	2	0	0	370	0	85	0	75	70	0	0	0	0	125	0	0	0	19	43	18	0	0	191	0	29	0	0	0	0	0	0	0	0	64	99	0	0	111	70	0	0	0	176	0	342	103	8	0	94	0	75	0	23	186	0	174	6	24	0	18	0	0	0	0	56	110	16	0	0	95	0	138	9	92	160	0	0	0	0	0	0	87	0	0	0	0	52	148	0	0	0	65	0	0	182	0	0	0	0	0	0	92	0	199	0	39	0	0	55	0	0	0	0	0	23	284	0	0	0	65	0	0	0	0	0	0	0	0	0	32	0	0	0	18	0	152	0	0	88	0	21	0	53	67	28	239	196	0	0	0	149	55	0	0	115	0	0	91	0	176	0	160	0	0	35	55	0	159	0	0	43	43	223	84	92	254	0	215	0	0	31	337	0	74	0	26	203	0	0	30	0	151	91	116	73	117	15	0	0	86	37	178	0	14	0	0	0	0	289	0	0	29	0	37	121	44	0	59	190	231	136	0	276	46	236	28	326	90	21	44	0	119	78	52	44	93	93	0	106	0	69	136	10	44	21	0	0	0	7	104	0	52	127	169	0	32	59	60	86	307	41	0	1	0	118	1	192	26	0	0	0	0	0	0	59	0	0	0	0	0	0	0	0	0	43	0	0	79	0	0	26	0	80	48	220	0	0	0	98	0	79	325	55	72	0	0	100	0	0	0	0	86	50	51	0	52	0	0	44	34	3	3	0	134	10	0	0	84	0	0	0	0	0	83	0	17	0	0	25	76	0	100	0	112	75	3	144	0	93	35	0	64	0	116	172	66	0	0	17	0	0	0	122	110	37	12	41	0	0	87	64	78	13	0	152	0	0	0	0	30	1	0	364	186	0	0	0	0	0	167	0	0	84	0	119	0	94	0
22	0	0	0	0	0	0	0	0	0	0	0	0	0	0	0	0	0	0	0	0	0	0	0	0	0	0	0	0	0	0	0	0	0	0	0	0	0	0	0	0	0	0	0	0	0	0	0	0	0	0	0	0	0	0	0	0	0	0	0	0	0	0	0	0	0	0	0	0	0	0	0	0	0	0	0	0	0	0	0	0	0	0	0	0	0	0	0	0	0	0	0	0	0	0	0	0	0	0	0	0	0	1	0	0	0	0	0	0	0	0	17	0	0	0	0	0	0	0	0	0	0	35	0	0	0	0	7	0	0	0	0	0	0	0	0	0	0	0	0	0	0	0	0	0	0	0	0	0	0	0	0	0	0	0	0	0	0	0	0	0	0	0	0	0	0	0	0	0	0	0	0	0	0	0	0	0	0	0	0	0	0	0	16	0	0	0	0	0	0	0	0	0	0	0	0	0	0	0	0	0	0	0	0	0	0	0	0	0	0	0	0	0	0	0	0	0	0	0	0	0	0	0	0	0	0	4	0	0	0	0	0	0	0	29	0	0	0	0	0	0	0	0	0	0	0	0	0	108	246	0	0	0	0	0	0	30	2	0	0	0	0	0	0	0	0	103	0	0	0	0	0	0	0	0	0	0	0	3	0	0	0	0	0	0	0	0	0	0	0	0	0	139	0	0	0	0	0	0	0	0	0	0	0	81	85	278	117	0	0	0	37	0	38	0	10	0	50	126	0	0	61	0	0	41	1	15	53	77	0	95	0	0	0	0	0	0	133	0	0	0	0	0	0	0	17	0	0	0	0	0	0	0	0	0	0	0	0	0	0	0	71	0	0	0	0	0	0	0	54	3	0	0	0	16	93	74	0	0	0	0	0	0	0	0	0	0	0	35	0	92	249	0	76	0	0	0	0	17	0	163	19	74	0	0	230	0	0	48	84	0	0	0	0	0	0	75	53	0	22	54	98	58	111	0	6	107	4	45	146	170	0	0	77	88	0	87	40	0	52	13	37	0	155	0	0	74	116	59	90	0	0	138	0	120	0	78	0	67	0	123	0	54	128	182	119	80	146	0	0	157	61	17	110	0	322	0	0	154	0	0	94	26	0	44	64	0	0	0	67	0	0	0	50	11	70	240	21	66	0	135	0	0	0	9	0	0	0	147	6	0	0	0	0	145	90	0	0	0	0	172	133	90	0	39	0	0	0	0	198	0	114	1	0	0	0	0	0	0	0	0	0	48	0	0	0	0	0	6	0	0	74	10	0	0	0	0	16	0	0	0	138	0	0	0	0	0	0	76	0	0	0	0	0	0	0	0	0	0	122	0	193	0	0	78	0	0	38	0	0	0	0	103	0	40	0	0	0	36	0	4	0	0	0	0	0	0	5	39	0	0	56	15	0	0	0	0	0	0	57	0	0	67	45	0	83	76	180	12	0	0	59	0	0	0	0	0	0	0	137	36	0	0	0	0	0	0	0	36	110	0	0	0	1	0	6	0	0	60	0	0	1	0	0	0	0	0	0	0	50	2	70	111	0	11	0	0	0	65	392	0	0	59	0	0	0	5	0	0	0	0	0	0	0	0	0	0	0	0	45	0	0	181	23	0	0	283	0	26	0	30	134	0	0	0	0	24	0	0	0	93	56	59	3	0	105	0	38	6	0	44	0	0	0	0	0	71	73	0	0	57	34	0	0	0	28	0	48	15	45	0	105	0	111	0	62	159	0	67	42	76	0	35	1	0	0	0	171	47	97	0	0	102	0	42	3	135	90	0	0	0	0	0	0	178	0	0	0	0	12	68	0	0	0	100	0	0	182	0	0	0	0	0	0	4	0	131	0	47	0	0	26	0	0	0	0	0	0	12	0	0	0	109	0	0	0	0	0	0	0	0	0	77	5	0	0	165	0	188	0	0	68	0	59	0	40	119	118	87	41	0	0	0	131	84	0	0	133	0	0	13	0	15	0	86	0	0	45	167	1	67	0	0	39	54	240	264	128	196	0	80	0	0	65	7	0	246	0	6	107	0	0	168	0	73	62	75	108	163	112	0	0	124	62	37	0	87	0	0	0	0	194	0	0	119	0	9	104	35	0	34	54	7	136	5	177	24	71	112	44	0	82	229	25	122	171	72	178	75	107	0	115	0	66	76	2	19	119	0	0	0	216	148	0	230	103	50	0	35	47	34	281	37	136	0	0	0	85	0	227	179	0	0	0	0	0	0	95	0	0	0	0	0	0	0	0	0	47	0	0	47	0	0	62	0	140	70	138	0	0	0	131	0	248	139	97	211	2	0	59	0	0	0	0	124	151	39	0	100	0	0	135	31	189	0	0	78	40	0	0	68	0	0	0	0	0	85	0	174	0	0	87	37	0	85	0	57	47	0	135	0	45	16	0	194	0	61	81	135	0	0	81	0	0	0	226	65	124	101	10	0	0	58	22	73	196	0	135	0	0	0	0	145	0	0	87	111	0	1	0	0	0	46	0	0	110	0	101	0	15	0
23	0	0	0	0	0	0	0	0	0	0	0	0	0	0	0	0	0	0	0	0	0	0	0	0	0	0	0	0	0	0	0	0	0	0	0	0	0	0	0	0	0	0	0	0	0	0	0	0	0	0	0	0	0	0	0	0	0	0	0	0	0	0	0	0	0	0	0	0	0	0	0	0	0	0	0	0	0	0	0	0	0	0	0	0	0	0	0	0	0	0	0	0	0	0	0	0	0	0	0	0	0	0	0	0	0	0	0	0	0	0	0	0	0	0	0	0	0	0	0	0	0	0	0	19	0	0	0	0	0	0	0	0	0	0	0	0	0	0	0	0	0	0	0	0	0	0	0	0	0	0	0	0	0	0	0	0	0	0	0	0	0	0	0	0	2	0	0	0	0	0	0	0	0	0	0	0	0	0	0	1	0	0	0	0	0	0	0	0	0	0	0	0	0	0	0	0	0	0	0	0	0	0	0	0	9	0	0	0	9	0	0	0	29	0	0	0	0	0	0	0	0	0	0	0	0	0	0	0	0	0	0	0	0	0	0	0	0	0	0	0	0	0	0	0	0	0	0	63	10	0	0	0	0	0	0	47	0	0	0	0	0	0	0	0	0	65	0	0	0	0	0	0	0	0	0	0	0	0	0	0	21	0	0	0	0	0	0	0	5	0	0	53	0	0	0	0	0	0	0	0	0	0	0	77	101	97	10	0	0	18	0	0	151	0	0	0	80	39	0	104	11	0	0	6	0	76	0	24	8	199	0	0	0	0	1	0	45	0	0	0	0	0	0	25	0	0	0	0	0	0	0	0	85	0	0	0	0	0	0	0	206	0	0	0	0	0	14	0	48	0	0	0	0	0	0	51	0	0	53	0	0	0	0	0	0	0	0	97	0	72	172	0	355	0	0	0	0	98	0	170	118	113	0	0	50	0	0	42	19	0	0	10	0	0	0	0	90	18	115	0	53	41	57	0	65	163	0	143	195	111	0	0	303	31	0	69	56	2	146	153	232	0	48	0	0	37	19	96	38	0	33	73	0	211	0	21	0	127	1	26	0	179	123	52	41	37	254	0	0	77	80	320	40	11	88	0	0	101	0	0	39	92	0	71	25	0	0	0	102	0	0	0	242	19	341	59	133	66	27	53	0	0	21	0	0	0	0	0	0	0	1	0	22	47	27	7	0	0	0	158	25	0	0	123	0	0	0	0	152	0	41	2	0	0	0	0	0	0	0	0	0	64	0	0	0	0	10	0	0	0	29	0	0	0	0	0	23	0	0	0	238	0	0	0	5	0	0	3	0	0	0	0	0	0	0	9	0	0	26	0	15	0	0	80	5	0	152	1	0	0	0	26	0	0	0	0	0	82	0	1	0	0	0	0	0	0	0	55	0	0	17	168	0	0	0	0	0	0	19	67	0	60	186	0	52	26	26	176	0	0	127	0	0	0	0	0	0	0	86	0	0	0	0	0	0	0	62	114	94	0	0	0	0	0	0	0	0	14	0	0	0	0	0	0	0	0	0	0	313	0	51	103	0	0	0	0	0	30	0	0	0	0	0	0	0	27	0	0	0	0	0	0	0	0	0	0	0	0	125	0	0	190	0	0	0	198	0	67	0	89	22	0	0	0	0	144	0	0	108	74	117	64	0	0	58	0	87	0	0	0	0	0	0	0	0	97	28	0	0	62	93	0	0	0	51	0	257	55	23	0	74	0	71	0	68	96	0	191	172	46	2	59	0	0	0	0	207	80	179	1	0	87	0	109	0	74	151	0	0	0	0	0	0	37	0	1	0	0	97	59	0	0	0	111	0	0	59	1	1	0	0	0	0	122	0	137	0	160	0	0	97	0	0	0	0	0	0	35	0	0	0	81	0	0	0	0	0	0	0	0	0	153	0	0	0	69	2	90	0	0	156	0	112	0	36	82	138	17	0	0	0	0	3	160	0	0	35	0	0	200	0	50	0	32	0	0	191	124	0	69	0	0	77	36	186	178	170	219	0	110	1	0	73	92	0	263	0	249	97	4	0	58	0	227	65	63	53	141	265	0	0	184	257	259	0	81	0	0	0	0	173	0	0	97	0	36	77	58	0	77	86	97	178	0	10	103	80	46	42	0	169	74	0	153	112	78	266	73	72	0	158	0	5	28	45	28	83	0	0	0	32	78	0	18	36	62	0	67	36	177	113	136	75	0	0	0	83	0	175	56	0	0	0	0	0	0	158	0	0	0	0	0	0	0	0	0	122	0	0	28	0	0	116	0	87	88	35	0	0	0	198	0	111	176	69	105	15	0	114	0	0	0	0	25	133	47	0	99	0	0	91	187	408	0	0	112	150	0	0	123	0	0	1	0	32	55	0	41	0	0	417	48	0	153	0	42	15	0	19	0	37	110	0	110	0	93	98	32	6	0	251	0	0	0	36	117	101	59	275	0	0	30	170	87	31	0	72	0	0	0	0	155	0	0	148	210	0	0	0	0	0	43	0	0	83	0	46	0	152	0
24	0	0	0	0	0	0	0	0	0	0	0	0	0	0	0	0	0	0	0	0	0	0	13	0	0	0	0	0	0	0	0	7	0	0	0	0	0	0	0	0	0	0	8	0	0	0	0	0	0	0	0	0	0	0	0	0	0	43	0	0	0	0	0	0	0	0	0	0	0	0	0	0	0	0	0	0	0	0	0	0	0	0	0	0	0	0	0	0	0	0	0	0	0	0	0	0	0	0	0	0	0	0	3	0	0	0	0	4	0	0	2	0	0	0	0	0	0	0	0	0	0	0	0	0	0	0	21	0	0	0	0	0	0	0	0	0	0	0	0	0	0	0	0	0	0	0	0	0	0	3	0	0	0	0	0	0	0	0	0	0	0	0	0	0	0	0	0	0	0	0	0	0	0	0	0	0	0	0	0	0	0	0	0	0	0	0	0	0	0	17	0	0	0	0	0	0	0	0	0	0	0	0	0	0	21	0	0	0	0	0	0	0	20	0	0	0	0	0	0	0	0	0	0	0	0	0	0	0	0	0	0	0	0	16	0	0	0	3	0	0	71	0	0	0	0	0	0	86	86	0	0	0	13	0	3	25	0	0	0	0	0	0	0	33	14	6	0	0	3	0	0	0	0	0	0	0	2	105	0	0	0	0	0	0	0	0	0	0	0	0	0	76	0	7	0	0	0	0	5	0	0	0	0	89	104	192	88	0	0	1	100	0	176	0	0	0	169	30	0	0	69	5	0	41	80	181	26	29	11	36	0	1	0	0	0	0	93	0	0	0	0	0	0	0	50	1	0	0	0	0	0	0	38	0	0	0	0	0	0	43	38	0	0	1	0	0	0	0	33	0	0	54	1	0	27	158	0	0	18	0	0	0	0	0	0	0	0	244	9	26	12	0	192	0	0	0	0	72	0	71	192	177	0	0	201	0	0	40	100	0	11	0	0	0	0	2	177	0	206	16	207	192	9	0	368	45	0	32	78	34	0	4	177	45	0	96	12	2	55	112	54	0	100	0	0	22	94	22	118	0	0	77	0	37	19	79	0	51	0	73	0	67	38	73	206	99	164	0	0	252	78	60	132	0	88	0	0	32	0	0	128	0	0	67	149	0	0	0	101	0	0	0	97	52	146	90	10	91	0	169	0	0	0	149	0	0	0	168	0	0	0	0	0	148	78	35	0	0	4	122	158	19	0	38	0	0	0	1	26	0	179	14	0	0	0	0	0	0	16	0	0	127	0	0	16	0	0	0	0	0	170	0	0	0	0	0	84	0	0	0	100	0	2	0	0	0	0	0	0	0	0	0	0	0	0	0	0	0	207	0	86	65	0	113	2	0	50	43	0	0	0	187	0	2	0	0	0	28	0	0	0	0	0	0	0	0	6	177	0	0	230	62	0	0	0	1	0	0	83	16	0	15	263	0	85	41	108	102	0	2	133	0	0	0	0	0	0	0	50	44	0	0	0	0	0	0	0	277	45	0	0	0	0	2	0	0	34	32	0	0	218	0	0	0	0	29	0	0	87	0	113	312	80	0	0	0	290	14	0	0	1	0	0	0	0	69	0	9	0	0	0	0	0	0	0	0	0	0	155	0	6	124	0	0	0	46	0	36	0	89	33	0	0	0	0	107	0	0	0	90	58	102	1	0	83	0	105	1	0	0	0	0	0	0	0	84	42	6	0	45	81	0	0	0	120	0	35	89	65	0	202	0	1	0	97	66	0	59	17	192	0	52	0	0	0	0	65	257	60	0	0	110	0	192	51	22	186	0	0	0	0	0	0	122	0	0	0	0	121	157	0	0	0	118	0	0	185	0	0	0	0	0	0	72	10	103	0	166	10	0	40	0	0	0	0	0	0	43	1	0	3	107	0	0	0	0	4	0	0	0	0	41	0	0	0	26	0	26	0	0	43	0	25	0	262	75	40	66	41	0	0	41	88	54	0	0	47	1	0	108	0	132	0	219	0	0	212	85	1	145	0	0	92	101	158	71	25	28	0	108	0	3	174	148	0	65	0	65	207	0	0	109	0	10	139	483	73	108	192	0	2	103	143	248	0	151	0	2	0	0	249	0	0	78	0	60	87	8	0	78	29	20	27	1	31	116	236	121	105	0	181	105	0	50	56	43	121	16	34	0	23	0	146	51	104	121	133	0	0	0	119	88	0	62	137	101	0	81	128	111	50	58	10	0	0	2	20	0	193	40	0	0	0	0	0	0	197	0	0	0	4	0	0	0	0	0	24	0	0	53	0	0	115	0	63	67	59	0	0	0	97	0	30	152	42	258	23	0	69	0	1	0	0	17	44	263	0	189	0	0	150	24	43	0	0	21	102	0	1	123	0	0	2	0	0	147	0	51	0	0	301	135	0	46	0	72	223	0	69	0	54	68	0	213	0	106	111	120	0	0	44	28	0	0	99	49	340	50	25	0	26	229	95	159	59	0	38	0	0	0	0	134	0	0	188	141	0	0	0	0	0	35	1	10	58	0	304	0	40	0
25	0	0	0	0	0	0	0	0	0	0	0	0	0	0	0	0	0	0	0	0	0	0	0	0	0	0	0	0	0	0	0	0	0	0	0	0	0	0	0	0	0	0	0	0	0	0	0	0	0	0	0	0	0	0	0	0	0	0	0	0	0	0	0	0	0	0	0	0	0	0	0	0	0	0	0	0	15	0	0	0	7	0	0	0	0	0	0	0	0	0	0	0	0	0	0	0	0	0	0	0	0	0	0	0	0	0	0	0	0	0	0	0	0	0	0	0	0	0	0	0	0	0	0	0	0	0	0	0	0	0	0	0	0	0	0	0	0	0	0	0	0	0	0	0	0	0	0	0	0	0	0	0	0	0	0	0	0	0	0	0	0	0	0	0	0	0	0	30	0	0	9	0	0	0	0	0	0	0	0	0	0	0	0	0	0	0	0	0	0	0	0	0	0	0	0	0	0	21	0	0	0	0	0	0	0	0	0	0	0	0	0	0	0	0	0	0	0	0	0	0	0	0	0	0	0	2	1	0	0	0	0	0	0	0	0	0	0	0	0	0	5	0	0	0	0	0	6	53	148	0	0	0	0	0	26	64	0	0	0	0	0	0	0	0	0	43	0	0	0	0	0	0	0	0	0	0	0	8	0	3	0	0	0	0	0	0	6	0	13	0	0	51	0	0	0	0	0	0	0	0	0	0	0	132	157	27	114	0	0	0	22	0	145	11	0	0	111	100	0	0	9	0	0	112	0	200	0	113	0	32	0	0	27	0	0	0	32	0	0	0	0	0	0	0	34	0	0	0	0	0	0	0	37	0	0	0	0	0	0	0	30	0	0	66	0	0	0	0	128	7	0	0	0	0	38	72	0	0	105	0	0	0	41	0	0	0	0	188	0	233	106	0	35	0	0	0	0	293	0	108	91	132	0	0	44	0	0	174	17	0	0	0	0	0	0	0	184	0	96	1	12	239	7	0	140	124	0	58	70	74	0	0	104	40	0	227	25	0	113	78	230	0	234	0	0	143	84	69	231	0	0	64	36	60	0	43	0	47	0	36	0	22	140	47	270	35	53	0	0	25	128	117	102	0	72	0	0	177	0	0	38	170	7	26	51	0	0	0	89	0	0	0	153	0	52	171	16	30	0	51	0	0	0	86	0	0	0	44	0	0	0	0	0	92	39	3	0	0	0	36	140	35	0	43	9	0	8	0	87	0	34	0	0	0	0	0	0	0	0	0	0	118	0	0	0	0	0	0	0	0	116	0	0	14	0	0	11	0	0	0	282	0	0	0	0	0	0	12	0	0	0	0	0	0	0	3	0	0	62	0	81	3	0	55	0	0	157	0	0	0	0	214	0	0	0	0	0	67	0	0	0	0	0	0	0	0	0	67	0	0	200	305	0	0	72	0	0	0	37	0	0	98	131	0	57	223	135	12	0	0	69	0	182	0	0	0	0	0	54	0	0	0	0	0	0	0	0	120	33	0	0	0	2	0	0	0	0	19	0	0	10	0	0	20	0	0	0	0	269	0	68	181	0	0	0	0	8	30	0	0	0	17	0	0	3	38	0	0	29	0	0	0	0	0	0	0	0	0	196	0	0	60	0	0	0	52	0	43	0	68	86	0	0	0	0	149	0	0	0	40	209	97	0	0	84	0	24	0	0	0	0	0	0	0	0	31	54	0	0	61	121	0	0	0	264	0	118	83	12	0	243	0	51	0	195	64	0	70	157	20	8	67	0	0	0	0	155	56	65	0	0	239	0	98	0	82	46	0	0	202	5	0	28	309	0	0	0	0	140	51	0	0	0	181	0	0	60	0	0	0	0	0	0	148	0	73	0	87	0	0	208	0	0	0	0	0	0	71	0	2	60	246	0	0	0	0	0	0	0	0	0	36	0	0	0	109	0	36	0	0	118	0	151	0	456	180	39	78	64	0	0	0	121	216	0	0	72	0	0	50	0	47	0	12	0	0	71	225	0	82	0	0	151	58	92	83	75	147	1	103	0	0	50	8	0	17	0	46	18	0	0	60	0	18	62	66	112	6	27	0	0	67	46	103	0	36	0	0	0	0	24	0	0	65	0	32	39	73	0	70	21	62	188	1	171	14	76	330	53	0	114	177	0	148	301	114	34	64	161	0	145	0	54	212	9	81	65	7	0	0	87	191	0	44	36	34	0	176	228	37	50	200	162	0	0	2	144	0	125	55	0	2	0	0	0	0	34	0	0	0	0	0	0	0	0	0	109	0	0	177	0	0	22	1	140	34	125	0	1	0	112	1	57	70	76	69	3	2	116	0	0	0	0	176	56	137	0	176	0	0	110	89	89	0	0	77	8	0	0	46	0	0	0	0	1	141	0	87	0	28	91	108	7	34	0	171	22	0	70	0	370	174	0	153	0	121	115	59	0	0	3	0	0	0	219	164	75	79	215	0	0	161	37	69	188	0	54	0	0	63	0	95	0	0	125	156	0	0	0	0	0	33	0	0	205	0	20	0	79	65
26	0	0	0	0	0	0	0	0	0	0	0	0	0	0	0	0	0	0	0	0	0	0	0	0	0	0	0	0	0	0	0	0	0	0	0	0	0	0	0	0	0	0	0	0	0	0	0	0	0	0	0	0	0	0	0	0	0	0	0	0	0	0	0	0	0	0	0	0	0	0	0	0	0	0	0	0	0	0	0	0	0	0	0	0	0	0	0	0	0	0	0	0	0	0	0	0	0	0	0	0	0	0	0	0	0	0	0	0	0	0	0	0	0	0	0	0	0	0	0	0	0	0	0	0	0	0	0	0	0	0	0	0	0	0	0	0	0	0	0	0	0	0	0	0	0	0	0	0	0	0	0	0	0	0	0	0	0	0	0	0	0	0	0	0	0	0	0	0	0	0	0	0	0	0	0	0	0	0	0	0	0	0	0	0	0	0	0	0	0	0	0	0	0	0	0	0	0	0	0	0	0	0	0	0	0	0	0	0	0	0	0	0	0	0	0	0	0	0	0	0	0	0	0	0	0	0	0	0	0	0	0	0	0	0	0	9	0	0	0	0	0	0	0	0	0	0	0	0	0	0	0	0	0	0	0	0	0	0	0	0	0	0	0	0	0	0	0	0	0	0	0	0	0	0	0	0	0	0	0	0	0	0	0	0	0	0	0	0	0	0	0	0	0	0	0	0	0	0	0	0	0	0	0	0	0	0	0	0	0	0	0	0	0	0	0	0	0	0	0	0	0	0	0	0	0	0	0	0	0	0	0	0	0	0	0	0	0	0	0	0	0	0	0	0	0	0	0	0	0	0	0	0	3	0	0	0	0	0	0	0	0	0	0	0	0	0	0	0	0	0	0	0	0	0	0	0	0	0	0	0	0	0	0	0	0	0	0	0	0	0	0	0	0	2	0	0	0	0	0	0	0	0	0	0	0	0	0	0	0	0	0	0	0	0	0	0	0	0	0	0	0	0	0	0	0	0	0	0	0	0	0	0	0	0	0	0	24	0	0	0	0	0	0	0	0	47	0	0	0	0	0	0	0	0	0	0	0	0	0	0	0	0	0	0	0	0	0	0	0	0	0	0	0	0	0	0	0	0	0	0	0	0	0	0	0	0	0	0	0	0	0	0	4	0	0	0	0	0	0	0	0	0	0	0	0	0	0	0	0	0	0	0	0	0	0	0	0	0	0	0	0	0	0	0	0	0	0	0	0	0	0	0	0	0	0	0	0	0	0	0	0	0	0	0	0	0	0	0	0	0	0	0	0	0	0	0	0	0	0	0	0	0	0	0	0	0	0	0	0	0	0	0	0	0	0	0	0	0	0	0	0	0	0	0	0	0	0	0	0	0	0	76	0	0	0	0	0	0	0	0	0	0	0	0	0	0	0	0	0	0	0	0	0	0	0	0	0	0	0	0	0	0	0	0	0	128	0	34	0	0	0	0	0	0	0	0	0	0	0	0	0	0	0	0	0	0	0	0	0	0	0	0	0	0	0	0	0	0	0	0	0	0	0	0	0	0	0	0	0	0	0	0	0	0	0	0	0	0	0	0	0	0	0	0	0	0	0	0	0	0	0	0	0	0	0	0	0	0	0	0	0	4	0	0	0	0	0	1	0	41	0	0	0	0	0	0	0	0	0	0	0	0	0	0	0	0	0	0	0	0	0	0	0	0	0	0	1	0	0	0	0	0	0	0	0	0	0	114	0	0	0	0	0	0	0	0	0	0	14	0	0	0	0	0	0	0	0	0	0	0	0	0	0	0	0	0	0	0	0	0	0	0	0	0	0	0	0	0	0	0	0	0	0	22	0	0	0	0	0	0	0	0	0	0	0	0	0	4	0	0	0	0	0	0	0	0	0	0	0	0	0	0	0	0	0	0	0	0	0	0	0	0	0	0	0	0	0	0	0	0	9	0	0	0	0	0	0	0	0	0	0	0	0	9	0	0	41	0	0	0	0	0	0	0	0	0	0	5	0	13	0	0	0	0	0	0	0	0	0	3	0	0	0	0	0	0	0	0	0	0	0	0	0	0	0	0	0	0	0	0	0	9	0	0	0	0	0	0	0	0	0	0	0	0	0	0	0	0	0	0	37	0	6	0	0	0	0	0	0	0	0	0	0	5	0	0	0	0	0	0	0	0	0	0	0	0	0	0	0	0	0	1	0	0	0	0	0	0	0	0	0	0	0	0	0	0	0	0	0	0	0	0	0	0	0	0	0	0	0	0	0	0	0	0	0	0	0	0	0	0	0	0	0	0	0	0	0	0	0	0	0	0	14	0	0	0	0	0	0	0	0	0	0	13	79	0	0	0	0	0	0	0	0	0	0	0	0	0	0	0	0	0	0	0	0	0	0	8	0	0	1	0	0	0	0	0	3	0	0	0	0	0	0	0	0	0	0	5	0	0	0	0	0	0	2	0	11	0	0	0	0	0	0	0	0	0	0	0	0	0	0	0	0	0	0	0	0	0	0	0	0	0	0	0	0	0	0	0	0	0
27	0	0	0	0	0	0	0	0	0	0	0	0	0	0	0	0	0	0	0	0	0	0	0	0	0	0	0	0	0	0	0	0	0	0	0	0	0	0	0	0	0	0	0	0	0	0	0	0	0	0	0	0	0	0	0	0	0	0	0	0	0	0	0	0	0	0	0	0	0	0	0	0	0	0	0	0	0	0	0	0	0	0	0	0	0	0	0	0	0	0	0	0	0	0	0	0	0	0	0	0	0	0	0	0	0	0	0	0	0	0	0	0	0	0	0	0	0	0	0	0	0	0	0	0	0	0	0	0	0	0	0	0	0	0	0	0	0	10	0	0	0	0	0	0	0	0	0	0	0	0	0	0	0	0	0	0	0	0	0	0	0	0	0	0	0	0	0	0	0	0	0	0	0	0	0	0	0	0	0	0	0	0	0	0	0	0	0	0	0	0	0	0	0	0	0	0	0	0	0	0	0	0	0	0	0	0	0	0	0	0	0	0	0	0	0	0	0	0	0	0	0	0	0	0	0	0	0	0	0	0	0	0	0	0	0	0	0	0	0	0	0	0	0	0	0	0	0	0	0	0	0	0	0	0	0	0	0	0	0	0	0	0	0	0	0	0	0	0	0	0	0	0	0	0	0	0	0	0	0	0	0	0	0	0	0	0	0	0	0	0	0	0	0	0	0	0	0	0	0	0	0	0	0	0	0	0	0	0	0	0	0	0	0	0	0	0	0	0	0	0	0	0	0	0	0	0	0	0	0	0	0	0	0	0	0	0	0	0	0	0	0	0	0	0	0	0	0	0	0	0	0	0	0	0	0	0	0	0	0	0	0	0	0	0	0	0	0	0	0	0	0	0	0	0	0	0	0	0	0	0	0	0	0	0	0	0	0	0	0	0	0	0	0	0	0	0	0	0	0	0	0	0	0	0	0	0	0	0	0	0	0	0	0	0	0	0	3	0	0	0	0	0	0	0	0	0	0	0	0	0	0	0	0	0	0	0	0	0	0	0	0	0	0	0	0	0	0	0	0	0	0	0	0	0	0	0	0	0	0	0	0	0	0	0	0	0	0	0	0	0	0	0	0	0	0	0	0	0	0	0	0	0	0	0	0	0	0	0	0	0	0	0	85	0	0	0	0	0	0	0	0	0	0	0	0	0	0	0	0	0	0	0	0	0	1	0	0	0	0	0	0	0	0	0	0	0	0	0	0	0	0	0	0	0	0	0	0	0	0	0	0	0	0	0	0	0	0	0	0	0	0	0	0	0	0	0	0	0	0	0	0	0	0	0	0	0	0	0	0	0	0	0	0	0	0	0	0	0	0	0	0	0	0	0	0	0	0	0	0	0	0	23	0	0	0	0	0	0	0	0	0	0	0	0	0	0	0	0	0	0	0	0	0	0	0	0	0	0	0	0	0	0	0	0	0	0	0	0	0	0	0	0	0	0	0	0	0	0	0	0	0	0	0	0	0	0	0	0	0	0	0	0	0	0	0	0	0	0	0	0	0	0	0	0	0	0	0	0	0	0	31	16	0	0	0	0	0	0	0	0	0	0	0	0	0	0	1	0	0	0	0	0	0	0	0	0	0	0	0	0	0	0	0	0	0	0	0	0	0	0	0	0	0	0	0	0	0	0	0	0	0	0	0	0	6	0	0	0	0	0	0	0	0	0	0	0	0	0	0	0	22	0	0	0	0	0	0	0	0	0	0	0	0	0	0	0	0	0	4	0	0	0	0	0	0	0	0	0	0	0	0	0	0	0	0	0	0	0	0	0	0	0	0	0	0	0	0	0	0	0	0	0	0	0	0	0	0	0	0	0	0	0	0	0	0	0	0	0	0	0	0	0	0	0	0	0	0	0	0	0	0	0	0	0	0	0	0	0	0	0	0	0	0	0	0	0	0	0	0	0	15	0	0	0	0	0	0	0	0	0	0	0	0	0	0	0	8	0	0	0	0	0	0	0	0	0	0	1	0	0	0	0	0	0	0	0	0	0	0	0	0	0	0	0	0	0	0	0	0	0	0	0	0	0	0	0	0	0	0	0	0	2	0	3	0	1	0	0	0	0	1	0	0	0	0	0	0	0	0	0	0	0	9	0	0	0	0	0	38	0	0	0	0	0	0	0	0	3	1	0	0	0	0	0	0	0	0	0	0	0	0	0	0	0	0	0	0	0	1	0	0	0	0	0	0	0	0	1	0	0	0	0	0	0	0	0	0	0	0	0	0	0	0	0	0	0	0	0	0	6	0	0	0	0	12	0	0	0	0	0	0	0	4	0	0	0	0	0	0	0	0	0	0	6	0	0	0	5	0	0	51	0	0	0	0	0	59	0	0	0	0	0	0	0	0	0	0	0	0	0	0	0	0	0	0	0	15	0	0	0	39	0	0	0	0	0	0	0	0	0	0	0	0	0	0	0	0	0	25	0	0	0	0	0	0	0	3	0	0	0	0	0	0	0	0	0	0	0	0	0	0	0	0	0	0	0	0	0	0	0
28	0	0	0	0	0	0	0	0	0	0	0	0	0	0	0	0	0	0	0	0	0	0	0	0	0	0	0	0	0	0	0	0	0	0	0	0	0	0	0	0	0	0	0	0	0	0	0	0	0	0	0	0	0	0	0	0	0	0	0	0	0	0	0	0	0	0	0	0	0	0	0	0	0	0	0	0	0	0	0	0	0	0	0	0	0	0	0	0	0	0	0	0	0	0	0	0	0	0	0	0	0	0	0	0	0	0	0	0	0	0	6	0	0	0	0	0	0	0	0	0	0	0	0	0	0	0	0	0	0	0	0	0	0	0	36	0	0	0	0	0	0	0	0	0	0	0	0	0	0	0	0	0	0	0	0	0	0	0	0	0	0	0	0	0	0	0	0	0	0	0	0	0	0	0	0	0	0	0	0	0	0	0	0	0	0	0	0	0	0	0	0	0	0	0	0	0	0	0	0	0	0	0	0	0	0	0	0	0	0	0	0	0	0	0	0	0	0	0	0	0	0	0	0	0	0	3	0	0	0	0	0	0	0	0	0	0	0	0	0	0	0	0	0	0	0	0	0	0	0	0	0	42	0	0	0	0	0	0	0	0	0	0	0	37	0	0	0	0	0	0	0	0	0	0	0	0	0	0	0	0	0	0	0	0	0	0	0	19	0	0	0	0	0	0	0	0	0	0	0	0	0	0	0	0	0	0	0	0	0	0	0	0	0	0	0	0	0	0	0	0	0	0	0	0	0	0	0	0	0	0	0	0	0	0	0	0	0	0	0	0	0	0	0	0	0	0	0	0	0	0	0	0	0	0	0	0	0	0	0	0	0	0	0	0	0	0	0	0	0	0	0	0	0	0	0	0	0	0	0	0	0	0	0	0	0	3	0	0	0	0	0	0	0	0	0	0	0	0	0	0	0	0	0	0	0	0	0	0	0	0	0	0	5	0	0	0	0	0	0	0	0	0	0	0	0	0	0	0	0	0	1	0	0	0	0	0	0	0	0	0	0	0	0	0	0	0	0	0	0	0	0	0	0	0	0	0	0	0	0	0	0	0	0	0	0	0	0	0	0	0	0	0	0	0	0	0	0	0	0	0	0	0	0	0	0	0	0	0	0	7	0	0	0	0	0	0	0	0	0	0	0	0	0	0	0	0	0	0	0	0	0	0	0	0	0	0	0	0	0	0	0	0	0	0	0	0	0	0	0	0	0	0	0	0	0	0	0	0	0	0	0	0	0	0	0	0	0	0	0	128	0	0	0	0	0	0	0	0	0	0	0	0	0	0	0	0	0	0	0	0	2	0	0	0	0	0	0	0	0	0	0	0	0	0	0	0	0	0	0	0	0	0	0	0	0	0	0	0	0	0	0	0	0	0	0	0	0	0	0	0	0	0	0	0	0	0	0	0	0	0	0	0	0	2	0	0	0	0	0	0	0	0	0	0	0	0	0	0	0	0	0	0	0	0	0	0	0	0	0	0	0	0	0	0	0	0	0	0	0	0	0	0	0	0	0	0	0	0	0	0	0	0	0	0	0	0	0	0	0	0	0	0	0	0	0	0	0	0	0	0	0	0	0	0	0	0	0	0	0	0	0	0	0	0	0	0	0	0	0	0	0	0	0	0	0	0	0	0	0	0	0	0	0	0	0	0	0	0	0	0	0	0	0	0	0	0	0	0	0	0	0	0	0	0	0	0	0	0	0	0	0	0	0	0	0	0	0	0	0	0	0	0	0	0	0	0	0	0	0	0	0	0	0	0	0	0	0	0	0	0	0	0	0	0	0	0	0	0	0	0	0	0	0	0	0	0	0	0	0	0	0	0	0	0	0	0	0	0	0	0	0	0	0	0	0	0	0	0	0	0	0	0	0	0	0	0	0	0	0	0	0	0	0	0	0	0	0	0	0	0	0	0	0	0	0	0	0	0	0	0	0	0	0	0	0	0	0	0	0	0	0	0	0	0	0	0	0	0	0	0	0	0	0	0	0	0	0	0	0	0	0	0	0	0	0	0	0	0	0	0	3	0	0	0	0	0	0	0	0	0	0	0	0	0	0	0	0	0	0	0	0	0	0	0	0	0	0	0	0	0	0	0	0	0	0	0	0	0	0	0	0	0	0	0	0	0	0	0	0	0	0	0	0	0	0	0	0	0	0	0	0	0	0	0	0	0	0	0	0	0	0	0	0	0	0	0	0	0	0	0	0	0	0	0	0	0	0	0	0	0	0	0	0	0	1	0	0	0	0	0	0	0	0	0	0	0	0	0	0	0	0	0	0	0	0	0	0	0	0	0	0	0	0	0	0	0	0	0	0	0	0	0	0	0	0	0	0	0	0	0	0	0	0	0	0	0	0	0	0	0	0	0	0	0	0	0	0	0	0	0	0	0	0	0	0	0	0	0	0	0	0	0	0	0	0	0	0	0	0	0	0	0	0	0	0	0	0	0	0	0	0	0	0	0	0	0	0	0	0	0	0	0	0	0	0	0	0	0	0	0
29	0	0	0	0	0	0	0	0	0	0	0	0	0	0	0	0	0	0	0	0	0	0	0	0	0	0	0	0	0	0	0	0	0	0	0	0	0	0	0	0	0	0	0	0	0	0	0	0	0	0	0	0	0	0	0	0	0	0	0	0	0	0	0	0	0	0	0	0	0	0	0	0	0	0	0	0	0	0	0	0	0	0	0	0	0	0	0	0	0	0	0	0	0	0	0	0	0	0	0	0	0	0	0	0	0	0	0	7	0	0	0	0	0	0	0	0	0	0	0	0	0	0	0	0	0	0	0	0	0	0	0	0	0	0	0	0	0	0	0	0	0	0	0	0	0	0	0	0	0	0	0	0	0	0	0	0	0	0	0	0	0	0	0	0	0	0	0	0	0	0	0	0	0	0	0	0	0	0	0	0	0	0	0	0	0	0	0	0	0	0	0	0	0	0	0	0	0	0	0	0	0	0	0	0	0	0	0	0	0	0	0	0	0	0	0	0	0	0	0	0	0	0	0	0	0	0	0	0	0	0	0	0	0	0	0	0	0	0	0	0	0	0	0	0	0	0	0	0	0	0	0	0	0	0	0	0	0	0	0	0	0	0	0	7	0	0	0	0	0	0	0	0	0	0	0	0	0	0	0	0	0	0	0	0	0	0	0	0	0	0	0	0	0	0	0	0	0	0	0	0	0	0	0	0	0	0	0	0	0	0	0	0	0	0	0	0	0	0	0	0	0	0	0	0	0	0	0	0	0	0	0	0	0	0	0	0	0	0	0	0	0	0	0	0	0	0	0	0	0	0	0	0	0	0	0	0	0	0	0	0	0	0	0	0	0	0	0	0	0	0	1	0	0	0	0	0	0	0	0	0	0	0	0	0	0	0	0	0	0	0	0	0	0	0	0	0	0	0	0	0	0	0	0	0	0	0	0	0	0	0	33	0	0	0	0	0	0	0	0	0	0	0	0	0	0	0	0	0	0	0	0	0	0	0	0	0	0	0	0	0	0	0	0	0	0	0	0	0	0	0	0	0	0	0	0	0	0	0	0	0	0	0	0	0	0	0	0	0	0	0	0	0	0	0	0	0	0	0	0	0	0	0	0	0	0	0	0	0	0	0	0	0	0	0	0	0	0	0	0	0	0	0	0	0	0	0	0	0	0	0	0	0	0	0	0	0	0	0	0	0	0	0	0	0	0	0	0	0	0	0	0	0	0	0	0	0	0	0	0	0	0	0	0	0	0	0	0	0	0	1	0	0	0	0	0	0	0	0	0	0	0	0	0	0	0	0	0	0	0	0	0	0	0	0	0	0	0	0	0	0	0	0	0	0	0	0	0	0	0	0	0	0	0	0	0	0	0	0	0	0	4	0	0	0	0	0	0	0	0	0	0	0	0	0	0	0	0	0	0	0	0	0	0	0	0	0	0	0	0	0	0	0	0	0	0	0	0	0	0	0	0	0	0	0	0	0	0	0	0	0	0	0	0	0	0	0	0	0	0	0	0	0	0	0	0	0	0	0	0	0	0	0	0	0	0	0	0	0	0	0	0	0	0	0	0	0	0	0	0	0	0	0	0	0	0	0	0	0	0	0	0	0	0	0	0	0	0	0	0	0	0	0	0	0	0	0	0	0	0	0	0	0	0	0	0	0	0	0	0	0	0	2	0	0	0	0	0	0	0	0	0	0	0	0	0	0	0	0	0	0	0	0	0	0	0	0	0	0	0	0	0	0	0	0	0	0	0	0	0	0	0	0	0	0	0	0	0	0	0	0	0	0	0	0	0	0	0	0	0	0	0	0	0	0	0	0	0	0	0	0	0	0	0	0	0	0	0	0	0	0	0	0	0	0	0	0	0	0	0	0	0	0	0	0	0	0	0	0	0	0	0	0	0	0	0	0	0	0	0	0	0	0	0	0	0	0	0	0	0	0	0	0	0	0	0	0	0	0	0	0	0	0	0	0	0	0	0	0	0	0	0	0	0	0	0	0	0	0	0	0	0	0	0	0	0	0	0	0	0	0	36	0	0	0	0	0	0	0	0	58	0	0	0	0	0	0	0	0	0	0	0	0	0	0	0	0	0	0	0	0	0	0	0	0	0	0	0	0	0	0	0	0	0	0	0	0	0	0	0	0	0	0	0	0	0	0	0	0	0	0	0	0	0	0	0	0	0	0	0	0	0	0	0	0	0	0	0	0	0	0	0	0	0	0	0	0	0	0	0	0	0	0	0	0	0	0	0	0	0	0	0	0	0	0	0	0	0	0	0	0	0	0	0	0	0	0	0	0	0	0	0	0	0	0	0	0	0	0	0	0	0	0	0	0	0	0	0	0	0	0	0	0	0	0	0	0	0	0	0	0	0	0	0	0	0	0	0	0	0	0	0	0	0	0	0	0	0	0	0	0	0	0	0	0	0	0	0	0	0	1	0	0	0	0	0	0	0	0	0	0	0	0	0	0	0	0	0	0	0	0	0	0	0	0	0	0	0	0	0	0
30	0	0	0	0	0	0	0	0	0	0	0	0	0	0	0	0	0	0	0	0	0	0	0	0	0	0	0	0	0	0	0	0	0	0	0	0	0	0	0	0	0	0	0	0	0	0	0	0	0	0	0	0	0	0	0	0	0	0	0	0	0	0	0	0	0	0	0	0	0	0	0	0	0	0	0	0	0	0	0	0	0	0	0	0	0	0	0	0	0	0	0	0	0	0	0	62	0	0	0	0	0	0	0	0	0	0	0	0	0	0	0	0	0	0	0	0	0	0	0	0	0	0	0	0	0	0	0	0	0	0	0	0	0	0	0	0	0	0	0	0	0	0	0	0	0	0	0	0	0	0	0	0	0	0	0	4	0	0	0	0	0	0	0	0	0	0	0	0	0	0	0	0	0	0	0	0	0	0	0	0	0	0	0	0	0	0	0	0	0	0	0	0	0	0	0	0	0	0	0	0	0	0	0	0	0	0	0	0	0	0	0	0	0	0	0	0	0	0	0	0	0	0	0	0	0	0	0	0	0	0	0	0	0	0	0	0	0	0	0	0	0	0	0	0	0	0	0	0	0	0	0	0	0	0	0	0	0	0	0	0	0	0	0	0	0	0	0	0	0	0	0	0	0	0	0	0	0	0	0	0	0	0	0	0	0	0	0	0	0	0	0	0	0	0	0	0	0	0	0	0	0	0	0	0	0	0	0	0	0	0	0	0	0	0	0	0	0	0	0	0	0	0	0	0	0	0	0	0	0	0	0	0	0	0	0	0	0	0	0	0	0	0	0	0	0	0	0	13	0	0	0	0	0	0	0	0	0	0	0	0	0	0	0	0	2	0	0	0	0	0	0	0	100	0	0	0	0	0	0	0	0	0	0	0	0	0	0	0	0	0	0	0	0	0	0	0	0	0	0	0	0	0	0	0	0	0	0	0	0	0	0	0	0	0	0	0	0	0	0	0	0	0	0	0	0	0	0	0	0	0	0	0	0	0	0	0	0	0	0	0	0	0	0	0	0	0	0	0	0	0	0	0	0	0	0	0	0	0	0	0	0	0	0	0	0	0	0	0	0	0	0	0	0	0	0	0	0	0	0	0	0	0	0	0	0	48	0	0	0	0	0	0	0	0	0	0	0	0	0	0	0	0	0	0	0	0	0	0	0	0	0	0	0	0	0	0	0	0	0	0	0	0	0	0	0	0	0	0	0	0	0	0	0	0	0	0	6	0	0	0	0	0	0	0	0	0	0	0	0	0	0	0	0	0	0	0	0	0	0	0	0	0	0	0	0	0	0	0	0	0	0	0	0	0	0	0	0	0	0	0	0	0	0	0	0	0	0	0	0	0	0	0	0	0	0	0	0	0	0	0	0	0	0	0	0	0	0	0	0	0	0	0	0	0	0	0	0	0	0	0	0	0	0	0	0	0	0	0	0	0	0	0	0	0	0	0	0	0	0	0	0	0	0	0	0	0	0	0	0	0	0	0	0	0	0	0	0	0	0	0	0	0	0	0	0	0	0	0	0	0	0	0	0	0	0	0	0	0	0	0	0	0	0	0	0	0	0	0	0	0	0	0	0	0	0	0	0	0	0	0	0	0	0	0	0	0	0	0	0	0	0	0	0	0	0	0	0	0	0	0	0	0	0	0	0	0	0	0	0	0	0	0	0	0	0	0	0	0	0	0	0	0	0	0	0	0	0	0	0	0	0	0	0	0	0	0	0	0	0	0	0	0	0	0	3	0	0	0	0	0	0	0	0	0	0	0	0	0	0	2	0	0	0	0	0	0	0	0	0	0	0	0	0	0	0	0	0	0	0	0	0	0	0	0	0	0	0	0	0	0	0	0	0	0	0	0	0	0	0	0	0	0	0	0	0	0	4	0	13	0	0	0	0	0	0	0	0	0	0	0	0	0	0	0	0	0	0	0	0	0	0	0	0	0	0	0	0	0	0	0	0	0	0	0	0	0	0	0	0	0	0	0	0	0	0	0	0	0	0	0	0	0	0	0	0	0	0	0	0	0	0	0	0	0	0	0	0	0	0	0	0	0	0	0	0	0	0	0	0	0	0	0	0	0	0	0	0	0	0	0	0	0	0	0	0	0	0	0	0	0	0	0	0	0	0	0	0	0	0	0	0	0	0	0	0	0	0	0	0	0	0	0	0	0	0	0	0	0	0	0	0	0	0	0	0	0	0	0	0	0	0	0	0	0	0	0	0	0	0	0	0	0	0	0	0	0	0	0	0	0	0	0	0	0	0	0	0	0	0	0	0	0	0	0	0	0	0	0	0	0	0	0	0	0	0	0	0	0	0	0	0	0	0	0	0	0	0	0	0	0	0	0	0	0	0	0	0	0	0	0	0	0	0	0	0	0	0	0	0	0	0	0	0	0	0	0	0	0	0	0	0	0	0	0	0	0	0	0	0	0	0	0	0	0	0	0	0	0	0	0	0	0	0	0	0	0	0	0	0	0	0	0	0	0	0	0	0	0	0	0
31	0	0	0	0	0	0	0	0	0	0	0	0	0	0	0	0	0	0	0	0	0	0	0	0	0	0	0	0	0	0	0	0	0	0	0	0	0	0	0	0	0	0	0	0	0	0	0	0	0	0	0	0	0	0	0	0	0	0	0	0	0	0	0	0	0	0	0	0	0	0	0	0	0	0	0	0	0	0	0	0	0	0	0	0	0	0	0	0	0	0	0	0	0	0	0	0	0	0	0	0	0	0	0	0	0	0	0	0	0	0	0	0	0	0	0	0	0	0	0	0	0	0	0	0	0	0	0	0	0	0	0	0	0	0	0	0	0	0	0	0	0	0	0	0	0	0	0	0	0	0	0	0	0	0	0	0	0	3	0	0	0	0	0	8	0	0	0	0	0	0	0	0	0	0	0	0	0	0	0	0	0	0	0	0	0	0	0	0	0	0	0	0	0	0	0	0	0	0	0	0	0	0	0	0	0	0	0	0	0	0	0	0	0	0	0	0	0	0	0	0	0	0	0	0	2	0	0	0	0	0	0	0	0	0	0	0	0	0	0	0	0	0	0	0	0	0	0	0	0	0	0	0	0	0	0	0	0	0	0	0	0	0	0	0	0	0	0	0	0	0	0	0	0	0	0	0	0	0	0	0	0	0	0	0	0	0	0	0	0	0	0	0	0	0	0	0	0	0	0	0	0	0	6	0	0	0	0	0	0	0	0	1	0	0	0	0	0	0	0	0	0	0	0	0	0	0	0	0	0	0	0	0	0	0	0	0	0	0	0	0	0	0	0	0	0	0	0	0	0	0	0	2	0	0	0	0	0	0	0	5	0	0	0	3	0	0	0	0	0	0	0	0	0	0	0	0	0	0	0	0	0	0	0	0	0	0	0	0	0	0	0	0	0	0	0	0	0	0	0	0	0	0	0	0	0	0	0	0	0	0	0	0	0	0	0	0	0	0	0	0	0	0	0	0	0	0	0	0	0	0	0	0	0	0	0	0	0	0	0	0	0	0	0	0	0	0	0	0	0	0	0	0	0	0	0	0	0	0	0	0	0	0	0	0	0	0	0	0	0	0	0	0	0	0	0	0	0	0	0	0	0	0	0	0	0	0	0	0	0	0	0	0	0	0	0	0	0	0	0	0	0	0	0	0	0	0	0	0	0	0	0	0	0	0	0	0	0	0	0	0	0	2	0	0	0	0	0	0	0	0	0	0	0	0	0	0	0	0	0	0	0	0	0	0	0	0	0	0	0	0	0	0	0	0	0	0	0	0	0	0	0	0	0	0	5	0	0	0	0	0	0	0	0	0	0	0	0	0	0	0	0	0	0	0	0	0	0	0	0	0	0	0	75	0	0	0	0	0	0	0	0	0	0	0	0	0	0	0	0	0	0	0	0	0	0	0	0	0	0	0	0	0	0	0	0	0	0	0	0	0	0	0	0	0	0	0	0	0	0	0	0	0	0	0	0	0	0	0	0	0	0	0	0	0	0	0	0	0	0	0	0	0	0	3	0	0	0	0	0	0	0	0	0	0	0	0	0	0	0	0	0	0	0	0	0	0	0	1	0	0	0	0	0	0	0	0	0	0	0	0	0	0	0	0	0	0	0	0	0	0	0	0	8	0	0	0	0	0	0	0	0	0	0	0	0	0	0	0	0	0	0	0	0	0	0	0	0	0	0	0	0	0	0	1	0	0	0	0	0	0	0	0	0	0	0	0	0	0	0	0	0	0	0	0	0	0	0	0	0	0	0	0	0	0	0	0	0	0	0	0	0	0	0	0	0	0	0	0	0	0	0	0	0	0	0	0	0	0	0	0	0	0	0	0	0	0	0	0	0	0	0	0	0	0	0	0	0	0	0	0	0	0	0	0	0	0	0	0	0	0	0	0	0	0	0	0	0	0	0	0	0	0	0	0	0	0	0	0	0	0	0	0	0	0	0	0	0	0	0	0	0	0	0	0	0	0	0	0	0	0	0	0	0	0	0	0	0	0	0	0	0	0	0	0	0	0	0	0	0	2	0	0	0	0	0	0	0	0	0	0	0	0	0	0	0	0	0	0	0	0	0	0	0	0	0	0	0	0	0	0	0	0	0	0	0	0	0	0	0	0	0	0	0	0	0	0	0	0	0	0	0	0	0	0	0	0	0	0	0	0	0	0	0	0	0	0	0	0	0	0	0	0	0	0	0	0	0	0	0	0	0	0	0	0	0	0	0	0	0	0	0	0	0	0	0	0	0	0	0	0	0	0	0	0	0	0	0	0	0	0	0	0	0	0	0	0	0	0	0	0	0	0	0	0	0	0	0	0	0	0	0	0	0	0	0	0	0	0	0	0	0	0	0	0	0	0	0	0	0	0	0	0	0	0	0	0	0	0	0	0	0	0	0	0	0	0	0	0	0	0	0	0	0	0	0	0	0	0	0	0	0	0	0	0	0	0	0	0	0	0	0	0	0	0	0	0	0	0	0	0	0	0	0	0	0	0	0	0	0	0
32	0	0	0	0	4	0	0	0	0	0	0	0	0	0	0	0	0	0	0	0	0	0	0	0	0	0	0	0	0	0	0	0	0	0	0	0	0	0	0	0	0	0	0	0	0	0	0	0	0	0	0	0	0	0	0	0	0	0	0	0	0	0	0	0	0	0	0	0	0	0	0	0	0	0	0	0	0	0	0	0	0	0	0	0	0	0	0	0	0	0	0	0	0	0	0	0	0	0	0	0	0	0	0	0	0	0	0	0	0	0	0	0	0	0	0	0	0	0	0	0	0	0	0	0	0	0	0	0	0	0	0	0	0	0	0	0	0	0	0	0	0	0	0	0	0	0	0	0	0	0	0	0	0	0	0	0	0	0	0	0	0	0	0	0	0	0	0	0	0	0	0	0	0	0	0	0	0	0	0	0	0	0	0	0	0	0	0	0	0	0	0	0	0	0	0	0	0	0	0	0	0	0	0	0	0	0	0	0	0	0	0	0	0	0	0	0	0	0	0	0	0	0	0	0	0	0	0	0	0	0	0	0	0	0	0	0	0	0	0	6	0	0	0	0	0	0	0	0	0	0	0	0	0	0	0	0	0	0	0	0	0	0	0	0	0	0	0	0	0	0	0	0	0	0	0	0	0	0	0	0	0	0	0	0	0	0	0	0	0	0	0	0	0	0	0	0	0	0	0	0	0	0	0	0	0	0	0	0	0	0	0	0	0	0	0	0	0	0	0	0	0	0	0	0	0	0	0	0	0	0	0	0	0	0	0	0	0	0	0	0	0	0	0	0	0	0	0	0	0	0	0	0	0	0	0	0	0	0	0	0	0	0	0	0	0	0	0	0	0	0	0	0	0	0	0	0	0	0	2	0	0	0	0	0	0	0	0	0	0	0	0	0	0	2	0	0	0	0	0	0	0	0	0	0	0	0	0	0	0	0	0	0	0	0	0	0	0	0	0	0	0	0	0	0	0	0	0	0	0	0	0	0	0	0	0	0	0	0	0	0	0	0	0	0	0	0	0	0	0	0	0	0	0	0	0	0	0	0	0	0	0	0	0	0	0	0	0	0	0	0	0	0	0	0	0	0	0	0	0	0	0	0	0	0	0	0	0	0	0	0	0	0	0	0	0	0	0	0	0	0	0	0	0	0	0	0	0	0	0	0	0	0	0	0	0	0	0	0	0	0	0	0	0	0	0	0	0	0	0	6	0	0	0	0	0	0	0	0	0	0	0	0	0	0	0	0	0	0	0	0	0	0	0	0	0	0	0	0	0	0	0	0	0	0	0	0	29	0	0	0	0	0	0	0	0	0	0	0	0	0	0	0	0	0	0	0	0	0	0	0	0	0	0	0	0	0	0	0	0	0	0	0	0	0	0	0	0	0	0	0	0	0	0	0	0	0	0	0	0	0	0	0	0	0	0	0	0	0	0	0	0	0	0	0	0	0	0	0	0	0	0	0	0	0	0	23	0	0	0	0	0	0	0	0	0	0	0	0	0	0	0	0	0	0	0	0	0	0	0	0	0	0	0	0	0	0	0	0	0	0	0	0	0	0	0	0	0	0	0	0	0	0	0	1	0	0	0	0	0	0	0	0	0	0	0	0	0	0	0	0	0	0	0	0	0	0	0	0	0	0	0	0	0	0	0	0	0	0	0	0	0	0	0	0	0	0	0	0	0	0	0	0	0	0	0	0	0	0	0	0	0	0	0	0	0	0	0	0	0	0	0	0	0	0	0	0	0	0	0	2	0	0	0	0	0	0	0	0	0	0	0	0	0	0	0	0	0	0	0	0	0	0	0	0	0	0	0	0	0	0	0	0	0	0	0	0	0	0	0	0	0	0	0	0	0	0	0	0	0	0	0	0	0	0	0	0	0	0	0	0	0	0	0	0	0	0	0	0	1	0	0	0	0	0	0	0	0	0	0	0	0	0	0	0	0	0	0	0	0	0	0	0	0	0	1	0	0	0	0	0	0	0	0	0	0	0	0	0	0	0	0	0	0	0	0	0	0	0	0	0	0	0	0	0	0	0	0	0	0	0	0	0	0	0	0	0	0	0	0	0	0	0	0	0	0	0	0	0	0	0	0	0	0	0	0	0	0	0	0	0	0	0	0	0	0	0	0	0	0	0	0	0	0	0	0	0	0	0	0	0	0	0	0	0	0	0	0	0	0	0	0	0	0	0	0	0	0	0	0	0	0	0	0	0	0	0	0	0	0	0	0	0	0	0	0	0	0	0	0	0	0	0	0	0	0	0	0	0	0	0	0	0	0	0	0	0	0	0	0	0	0	0	0	0	0	0	0	0	0	0	0	0	0	0	0	0	0	0	0	0	0	0	0	0	0	0	0	0	0	0	0	0	0	0	0	0	0	0	0	0	0	0	0	0	0	0	0	0	0	0	0	0	0	0	0	0	0	0	0	0	0	0	0	0	0	0	0	0	0	0	0	0	0	0	0	0	0	0	0	0	0	0	0	0	0	0	0	0	0	0
33	0	0	0	0	0	0	0	0	0	0	0	0	0	0	0	0	0	0	0	0	0	0	0	0	0	0	0	0	0	0	0	0	0	0	0	0	0	0	0	0	0	0	0	0	0	0	0	0	0	0	0	0	0	0	0	0	0	0	0	0	0	0	0	0	0	0	0	0	0	0	0	0	0	0	0	0	0	0	0	0	0	0	0	0	0	0	0	0	0	0	0	0	0	0	0	0	0	0	0	0	0	0	0	0	0	0	0	0	0	0	0	0	0	0	0	0	0	0	0	0	0	0	0	0	0	0	0	0	0	0	0	0	0	0	0	0	0	0	0	0	0	0	0	0	0	0	0	0	0	0	0	0	0	0	0	0	0	0	0	0	0	0	0	0	0	0	0	0	0	0	0	0	0	0	0	0	0	0	0	0	0	0	0	0	0	0	0	0	0	0	0	0	0	0	0	0	0	0	0	0	0	0	0	0	0	0	0	0	0	0	0	0	0	0	0	0	0	0	0	0	0	0	0	0	0	0	0	0	0	0	0	0	0	0	0	0	0	0	0	0	0	0	0	0	0	0	0	0	0	0	0	0	0	0	0	0	0	0	0	0	0	0	0	0	0	0	0	0	0	0	0	0	0	0	0	0	0	0	0	0	0	0	0	0	0	0	0	0	0	0	0	0	0	0	0	0	1	0	0	0	0	0	0	0	0	0	0	0	0	0	0	0	0	0	0	0	0	0	22	0	0	0	0	0	0	0	0	0	0	0	0	0	0	0	0	0	0	0	0	0	0	0	0	0	0	0	0	0	0	0	0	0	0	0	0	0	0	0	0	0	0	0	0	0	0	0	0	0	0	0	0	0	2	0	0	0	0	0	0	0	0	0	0	0	0	0	0	0	0	0	0	0	0	0	0	0	0	0	0	0	0	0	0	0	0	0	0	0	0	0	0	0	0	0	0	0	0	0	0	0	0	0	0	0	0	0	0	0	0	0	0	0	0	0	0	0	0	0	0	0	0	0	0	0	0	0	0	0	0	0	0	0	0	0	0	0	0	0	0	0	0	0	0	0	0	0	0	0	0	0	0	0	0	0	0	0	0	0	0	0	0	0	0	0	1	0	0	0	0	0	0	0	0	0	0	0	0	0	0	0	0	0	0	0	0	0	0	0	0	0	0	0	0	0	0	0	0	0	0	0	0	0	0	0	0	0	0	0	0	0	0	0	0	0	0	0	0	0	0	0	0	0	0	0	0	0	0	0	0	0	0	0	0	0	0	0	0	0	0	0	0	0	0	0	0	0	0	0	0	0	0	0	0	0	0	0	0	0	0	0	0	0	0	0	0	0	0	0	0	0	0	0	0	0	0	0	0	0	0	0	0	0	0	0	0	0	0	0	0	0	0	0	0	0	0	0	0	0	0	0	2	0	0	0	0	0	0	0	0	0	0	0	0	0	0	0	0	0	0	0	0	0	0	0	0	1	0	0	0	20	0	0	1	0	0	0	0	0	0	0	0	0	0	0	0	0	0	0	0	0	0	0	0	0	0	0	0	0	0	0	0	0	0	0	0	0	0	0	0	0	0	0	0	0	0	0	0	0	0	0	0	0	0	0	0	0	0	0	0	0	0	0	0	0	0	0	0	0	0	0	0	0	0	0	0	0	0	0	0	0	0	0	0	0	0	0	0	0	0	0	0	0	0	0	0	0	0	0	0	0	0	0	0	0	0	0	0	0	0	0	0	0	0	8	0	0	0	0	0	0	0	0	0	0	0	0	0	0	0	0	10	0	0	0	0	0	0	0	0	0	0	0	0	0	0	0	0	0	0	0	0	0	0	0	0	0	0	0	1	0	0	0	0	0	0	0	0	0	0	0	0	0	0	0	0	0	0	0	0	0	0	0	0	0	0	0	0	0	0	0	0	0	0	0	0	0	0	0	0	0	0	1	0	0	0	0	0	0	0	0	0	0	0	0	0	0	0	0	0	0	0	0	0	0	0	0	0	0	0	0	0	0	0	0	0	0	0	0	0	0	0	0	0	0	0	0	0	0	0	0	0	0	0	0	0	0	0	0	0	0	0	0	0	0	0	0	0	0	0	0	0	0	0	0	0	0	0	0	0	0	0	0	0	0	0	0	0	0	0	0	0	0	0	0	0	0	0	0	0	0	0	0	0	0	0	0	0	0	0	0	0	0	0	0	0	0	0	0	0	0	0	0	0	0	0	0	0	0	0	0	0	0	0	0	0	0	0	0	0	0	0	0	0	0	0	0	0	0	0	0	0	0	0	0	0	0	0	0	0	0	0	0	0	0	0	0	0	0	0	0	0	0	0	0	0	0	0	0	0	0	0	0	0	0	0	0	0	0	0	0	0	0	0	0	0	0	0	0	0	0	0	0	0	0	0	0	0	0	0	0	0	0	0	0	0	0	0	0	0	0	0	0	0	0	0	0	0	0	0	0	0	0	0	0	0	0	0	0	0	0	0	0	0	0	0	0	0	0	0	0
34	0	0	0	0	0	0	0	0	0	0	0	0	0	0	0	0	0	0	0	0	0	0	0	0	0	0	0	0	59	0	0	0	0	0	0	0	0	0	0	0	0	0	0	0	0	0	0	0	0	0	0	0	0	0	0	0	0	0	0	0	0	0	0	0	0	0	0	0	0	0	0	0	0	0	0	0	0	0	0	0	0	0	0	0	0	0	0	0	0	0	0	0	0	0	0	0	0	0	0	0	0	0	0	0	0	0	0	0	16	0	0	0	0	0	0	0	0	0	0	0	0	0	0	0	0	0	0	0	0	0	0	0	0	0	0	0	0	0	2	0	0	0	0	0	0	0	0	0	0	0	0	0	0	0	0	0	0	0	0	0	0	0	0	0	0	0	0	0	0	0	0	0	0	0	0	0	0	0	0	0	0	0	0	0	0	0	0	0	0	0	0	0	0	0	0	0	0	0	0	0	0	0	0	0	0	0	0	0	0	0	0	0	0	6	0	0	0	0	0	0	0	0	0	0	0	0	0	0	0	0	0	0	0	0	0	0	0	0	0	0	0	0	0	0	0	0	0	0	0	0	0	0	0	0	0	0	0	0	0	0	0	0	0	0	0	0	0	0	0	0	0	0	0	0	0	0	0	21	0	0	0	0	0	0	0	0	0	0	0	0	0	0	0	0	0	0	0	0	0	0	0	0	0	0	0	0	0	0	0	0	0	0	0	0	0	0	0	0	0	0	0	0	0	0	0	0	0	0	0	0	0	0	0	0	0	0	0	0	0	0	3	0	0	0	0	0	0	0	0	0	0	0	0	0	0	0	0	0	0	0	0	0	0	0	0	0	0	0	0	0	0	0	0	0	0	0	0	0	0	0	0	0	0	0	0	0	0	0	0	0	0	0	0	0	0	0	0	0	0	0	0	0	0	0	0	0	0	0	0	0	0	0	0	0	0	0	0	0	0	0	0	0	0	0	0	0	0	0	0	0	0	0	0	0	0	0	0	0	0	0	0	0	0	0	0	0	0	0	0	0	0	0	0	0	0	0	0	0	0	0	0	0	0	0	0	0	0	0	0	0	0	0	0	0	0	0	0	0	0	0	0	0	0	0	0	0	0	0	0	0	0	0	0	0	0	0	0	0	0	0	0	0	0	0	0	0	0	0	0	0	0	0	0	0	0	0	0	0	0	0	0	0	0	0	0	0	0	0	0	0	0	0	0	0	0	0	0	0	0	0	0	0	0	0	0	0	0	0	0	0	0	0	0	0	0	0	0	0	4	0	0	0	0	0	0	0	0	0	0	0	0	0	0	0	0	0	0	0	0	0	0	0	0	0	0	0	0	0	0	0	0	0	0	0	0	0	0	0	0	0	0	0	9	0	0	0	0	0	0	0	0	0	0	0	0	0	0	0	0	0	0	0	0	0	0	0	0	0	0	0	0	0	0	0	0	0	0	0	0	0	4	0	0	0	0	0	0	0	0	0	0	0	0	0	0	0	0	0	0	0	0	0	0	0	0	0	0	0	0	0	0	0	0	0	0	0	0	0	0	0	0	0	0	0	0	0	0	0	0	0	0	0	0	0	0	0	0	0	0	0	0	0	0	65	0	0	0	0	0	0	0	0	0	0	0	0	0	0	0	0	0	0	0	0	0	0	0	0	0	0	0	0	0	0	0	0	0	0	0	0	0	0	0	0	0	0	0	0	0	0	0	0	0	0	0	0	0	0	0	0	0	0	0	0	0	0	0	0	0	0	0	0	0	0	8	0	0	0	0	0	0	0	0	0	0	0	0	0	0	0	0	0	0	0	0	0	0	0	0	0	0	0	0	0	0	0	0	0	0	0	0	0	0	0	0	0	0	0	0	0	0	0	0	0	0	0	0	0	0	0	0	0	0	0	0	0	0	0	0	0	0	0	0	0	0	0	0	0	0	0	0	0	0	0	0	0	0	0	0	0	0	0	0	0	0	0	0	0	0	0	0	0	0	0	0	0	0	0	0	0	0	0	0	0	0	0	0	0	0	0	0	0	0	0	0	0	0	0	0	0	0	0	0	0	0	0	0	0	0	0	0	0	0	0	0	0	0	0	0	0	0	0	0	0	0	0	0	0	0	0	0	0	0	0	0	0	0	0	0	0	0	0	0	0	0	0	0	0	0	0	0	0	0	0	0	0	0	0	0	0	0	0	0	0	0	0	0	0	0	0	0	0	0	0	0	0	0	0	0	0	0	0	0	0	0	0	0	0	0	0	0	0	0	0	0	0	0	0	0	0	0	0	0	0	0	0	0	0	0	0	0	0	0	0	0	0	0	0	0	0	0	0	0	0	0	0	0	0	0	0	0	0	0	0	0	0	0	0	0	0	0	0	0	0	0	0	0	0	0	0	0	0	0	0	0	0	0	0	0	0	0	0	0	0	0	0	0	0	0	0	0	0	0	0	0	0	0	1	0	0	0	0	0	0	0	0	0	0	0	0	0	0	0	0	0	0	0	0	0	0
35	0	0	0	0	0	0	0	0	0	0	0	0	0	0	0	0	0	0	0	0	0	0	0	0	0	0	0	0	0	0	0	0	0	0	0	0	0	0	0	0	0	0	0	0	0	0	0	0	0	0	0	0	0	0	0	0	0	0	0	0	0	0	0	0	0	0	0	0	0	0	0	0	0	0	0	0	0	0	0	0	0	0	0	0	0	0	0	0	0	0	0	0	0	0	0	0	0	0	0	0	0	0	0	0	0	0	0	0	0	0	0	0	0	0	0	0	0	0	0	0	0	0	0	0	0	0	0	0	0	0	0	0	0	0	0	0	0	0	0	0	0	0	0	0	0	0	0	0	0	0	0	0	0	0	0	0	0	0	0	0	0	0	0	0	0	0	0	0	0	0	0	0	0	0	0	0	0	0	0	0	0	0	0	0	0	0	0	0	0	0	0	0	0	0	0	0	0	0	0	0	0	0	0	0	0	0	0	0	0	0	0	0	0	0	0	0	0	0	0	0	0	0	0	0	0	0	0	0	0	0	0	0	0	0	0	0	0	0	0	0	0	0	0	0	0	0	0	0	0	0	0	0	0	0	0	0	0	0	0	0	0	0	0	0	0	0	0	0	0	0	0	0	0	0	0	0	0	0	0	0	0	0	0	0	0	0	0	0	0	0	0	0	0	0	0	0	0	0	0	0	0	0	0	0	0	0	0	0	0	0	0	0	0	0	0	0	0	0	0	0	0	0	0	0	0	0	0	0	0	0	0	0	0	0	0	0	0	0	0	0	0	0	0	0	0	0	0	0	0	0	0	0	0	0	0	0	0	0	0	0	0	0	0	0	0	0	0	0	0	0	0	0	0	0	0	0	0	0	0	0	0	0	0	0	0	0	0	0	0	0	0	0	0	0	0	0	0	0	0	0	0	0	0	0	0	0	0	0	0	0	0	0	3	0	0	0	0	0	0	0	0	0	0	0	0	0	0	0	0	0	0	0	0	0	0	0	0	0	0	0	0	0	0	0	0	0	0	0	0	0	0	0	0	0	0	0	33	0	0	0	0	0	0	0	0	0	0	0	0	0	0	0	0	0	0	0	0	0	0	0	0	0	0	0	0	0	0	0	0	0	0	0	0	0	0	0	0	0	0	0	0	0	0	0	0	0	0	0	0	0	0	0	0	0	0	0	0	0	0	0	0	0	0	0	0	0	0	0	0	0	0	0	0	0	0	0	0	0	0	0	0	0	0	3	0	0	0	0	0	0	0	0	0	0	0	0	0	1	0	0	0	0	0	0	0	0	0	0	0	0	0	0	0	0	0	0	0	0	0	0	0	0	0	0	0	0	0	0	0	0	0	0	0	0	0	0	0	0	0	0	0	0	0	0	0	0	0	0	0	0	0	0	0	0	0	0	0	0	0	0	0	0	0	0	0	0	0	0	0	0	0	0	0	0	0	0	0	0	0	0	0	0	0	0	0	0	0	0	0	0	0	0	0	0	0	0	0	0	0	0	0	0	0	0	0	0	0	0	0	0	0	0	0	0	0	0	0	0	0	0	0	21	0	0	0	0	0	0	0	0	0	0	0	0	0	0	0	0	0	0	0	0	0	0	0	0	0	0	0	0	0	0	0	0	0	0	0	0	0	0	0	0	0	0	0	0	0	0	0	0	0	0	0	0	0	0	0	0	0	0	0	0	0	0	0	0	0	0	0	0	0	0	0	0	0	0	0	0	0	0	0	0	0	0	0	0	0	0	0	0	0	0	0	0	0	0	0	0	0	0	0	0	0	0	0	0	0	0	0	0	0	0	0	0	0	0	0	0	0	0	0	0	0	0	0	0	0	0	0	0	0	0	0	0	0	0	0	0	0	0	0	0	0	0	0	0	0	0	0	0	0	0	0	0	0	0	0	0	0	0	0	0	0	0	0	0	0	0	0	0	0	0	0	0	0	0	0	0	0	0	0	0	0	0	0	0	0	0	23	0	0	0	0	0	0	0	0	0	0	0	0	0	0	0	0	0	0	0	0	0	0	0	0	0	0	0	0	0	0	0	0	0	0	0	0	0	0	0	0	0	0	0	0	0	0	0	0	0	0	0	0	0	0	0	0	0	0	0	0	13	0	0	0	0	0	0	0	0	0	0	0	0	0	0	0	0	0	0	0	0	0	0	0	0	0	0	0	0	0	0	0	0	0	0	0	0	0	0	0	0	0	0	0	0	0	0	0	0	0	0	0	0	0	0	0	0	0	0	0	0	0	0	0	0	0	0	0	0	0	0	0	0	0	0	0	0	0	0	0	0	0	22	0	0	0	0	0	0	0	0	0	0	0	0	0	0	0	0	0	0	0	0	0	0	0	0	0	0	0	0	0	0	0	0	0	0	0	0	0	0	0	0	0	0	0	0	0	0	0	0	0	0	0	0	0	0	0	0	0	0	0	0	0	0	0	0	0	0	0	0	0	0	0	0	0	0	0	0	0	0	0	0	0	0	0	0	0	0	0	0
36	0	0	0	0	0	0	0	0	0	0	0	0	0	0	0	0	0	0	0	0	0	0	0	0	0	0	0	0	0	0	0	0	0	0	0	0	0	0	0	0	0	0	0	0	0	0	0	0	0	0	0	0	0	0	0	0	0	0	0	0	0	0	0	0	0	0	0	0	0	0	0	0	0	0	0	0	0	0	0	0	0	0	0	0	0	153	0	0	0	0	0	0	0	0	0	0	0	0	0	1	0	0	0	0	0	0	0	0	0	0	0	0	0	0	0	0	0	0	0	0	0	0	0	0	0	0	0	0	0	0	0	0	0	0	0	0	0	0	0	0	0	0	0	0	0	0	0	0	0	0	0	0	0	0	0	0	0	0	0	0	0	0	8	0	0	0	0	0	0	2	0	0	0	0	0	0	0	0	0	0	0	0	0	0	0	0	0	0	0	0	0	0	0	0	0	0	0	0	0	0	0	0	0	0	0	0	0	0	0	0	0	0	0	0	0	0	0	0	0	0	0	0	0	0	0	0	0	0	0	0	0	0	0	0	0	0	0	0	0	0	0	0	0	0	0	0	0	0	0	0	0	0	0	0	0	0	0	0	0	0	0	0	0	0	0	0	0	0	0	0	0	0	0	0	0	0	0	0	0	0	0	0	0	0	0	0	41	0	0	0	0	0	0	0	0	0	0	0	0	0	0	0	0	0	0	0	0	0	0	0	0	0	0	0	0	0	0	0	0	0	0	0	0	0	0	0	0	0	0	0	0	0	0	0	0	0	0	0	0	0	0	23	0	0	0	0	0	0	0	0	0	0	0	0	0	0	0	0	0	0	0	0	0	0	6	0	0	0	0	0	0	0	0	0	0	0	0	0	0	0	0	0	0	0	0	0	0	0	0	0	0	0	0	0	34	0	0	0	0	0	0	0	0	0	0	0	0	0	0	0	0	0	0	0	0	0	0	0	0	0	0	0	0	0	0	0	0	0	0	0	0	0	0	0	0	0	0	0	0	0	0	0	0	0	0	0	0	0	0	0	0	0	0	0	0	0	0	0	0	0	0	0	0	0	0	0	0	0	0	0	0	0	0	0	0	0	0	0	0	0	0	0	0	0	0	0	0	0	0	0	0	0	0	0	0	0	0	0	0	0	0	0	0	0	0	0	0	0	0	0	0	0	0	0	0	0	0	0	0	0	0	0	0	0	0	0	0	0	0	0	0	0	0	0	0	0	0	0	0	0	0	0	0	0	0	0	0	0	0	0	0	0	0	0	0	0	0	0	0	0	0	0	0	0	0	0	0	0	0	0	0	0	0	0	0	0	0	0	0	0	0	0	0	0	0	0	0	0	0	0	0	0	0	0	0	0	0	0	0	0	0	0	0	0	0	0	0	0	0	0	0	0	0	0	0	0	0	0	0	0	0	0	0	0	0	0	0	0	0	0	0	0	0	0	0	0	0	0	0	0	0	0	0	0	0	0	0	0	0	0	0	0	0	0	0	0	0	0	0	0	0	0	0	3	0	0	0	0	0	0	0	0	0	0	0	0	0	0	0	0	0	0	0	0	0	0	1	0	0	0	0	0	0	0	0	0	0	0	0	0	0	0	0	0	0	0	0	0	0	0	0	0	0	0	0	0	0	0	0	0	0	0	0	0	0	0	0	0	0	0	0	0	0	0	0	0	0	0	0	0	0	0	0	0	0	0	0	0	0	0	0	0	0	0	0	0	0	0	0	0	0	0	0	0	0	0	0	0	0	0	0	0	0	0	0	0	0	0	0	0	0	0	0	0	0	0	0	0	0	0	0	0	0	0	0	0	0	0	0	0	1	0	0	0	0	0	0	0	0	0	0	0	0	0	0	0	0	0	0	0	0	0	0	0	0	0	0	0	0	0	0	0	0	0	0	0	0	0	0	0	0	0	0	0	0	0	0	0	0	0	0	0	0	0	0	0	0	0	0	0	0	0	0	0	0	0	0	0	0	0	0	0	0	0	0	0	0	0	0	0	0	0	0	0	0	0	0	0	0	0	0	0	0	0	0	0	0	0	0	0	0	0	0	0	0	0	0	0	0	0	0	0	0	0	0	0	0	0	0	0	0	0	0	0	0	0	0	0	0	0	0	0	0	0	0	0	0	0	0	0	0	0	0	0	0	0	0	0	0	0	0	0	0	0	0	0	0	0	0	0	0	0	0	0	0	0	0	0	0	0	0	0	0	0	0	0	0	0	0	0	0	0	0	0	0	0	0	0	0	0	0	0	0	0	0	0	0	0	0	0	0	0	0	0	0	0	0	0	0	0	0	0	0	0	0	0	0	0	0	0	0	0	0	0	0	0	0	0	0	0	0	0	0	0	0	0	0	0	0	0	0	0	0	0	0	0	0	0	0	0	0	0	0	0	0	0	0	0	0	0	0	0	0	0	0	0	0	0	0	0	0	0	0	0	0	0	0	0	0	0	0	0	0	0	0	0	0	0	0	0	0	0	0	0	0	0	0	0	0	0
37	0	0	0	0	0	0	0	0	0	0	0	0	0	0	0	0	0	0	0	0	0	0	0	0	0	0	0	0	0	0	0	0	0	0	0	0	0	0	0	0	0	0	0	0	0	0	0	0	0	0	0	0	0	0	0	0	0	0	0	0	0	0	0	0	0	0	0	0	0	0	0	0	0	0	0	0	0	0	0	0	0	0	0	0	0	0	0	0	0	0	0	0	0	0	0	0	0	0	0	0	0	0	0	0	0	0	0	0	0	0	0	0	0	0	0	0	0	0	0	0	0	0	0	0	0	0	0	0	0	0	0	0	0	0	0	0	0	0	0	0	0	0	0	0	0	0	0	0	0	0	0	0	0	0	0	0	0	0	0	0	0	0	0	0	0	0	0	0	0	0	0	0	0	0	0	0	0	0	0	0	0	0	0	0	0	0	0	0	0	0	0	0	0	0	0	0	0	0	25	0	0	0	0	0	0	0	0	0	0	0	0	0	0	0	0	0	0	0	0	0	0	0	0	0	0	0	0	0	0	0	0	0	0	0	0	0	0	0	0	0	0	0	0	0	0	0	0	0	0	0	0	0	0	0	0	0	0	0	0	0	0	0	0	0	0	0	0	0	0	0	0	0	0	0	0	0	0	0	0	0	0	0	0	0	0	0	0	0	0	0	0	0	0	0	0	0	0	0	0	0	0	0	0	0	0	0	0	0	0	0	0	0	0	0	0	0	0	0	0	0	0	0	0	0	0	0	0	0	3	0	0	0	0	0	0	0	0	0	0	0	0	0	0	0	0	0	0	0	0	0	0	0	0	0	0	0	0	0	0	0	0	0	0	0	0	0	0	0	0	0	0	0	0	0	0	0	0	0	0	0	0	0	0	0	2	0	0	0	0	0	0	0	0	0	0	0	0	0	0	0	0	0	0	0	0	0	0	0	0	0	0	0	0	0	1	0	0	0	0	0	0	0	0	0	0	0	0	0	0	0	0	0	0	0	0	0	0	0	0	0	0	0	0	0	0	0	0	0	0	0	0	0	0	0	0	0	0	0	0	0	0	0	0	0	0	0	0	0	0	0	0	0	0	0	0	0	0	0	0	0	0	0	0	0	0	30	0	0	0	0	0	0	0	0	0	0	0	0	0	0	0	0	0	0	0	0	0	0	0	0	0	0	0	0	0	0	0	0	0	0	0	0	0	0	0	0	0	0	0	0	0	0	0	0	0	0	0	0	0	0	0	0	0	0	0	0	0	0	0	0	0	0	0	0	0	0	0	0	0	0	0	0	0	0	0	0	0	0	0	0	5	0	0	0	0	0	0	0	0	0	0	0	0	0	0	0	0	0	0	0	0	0	0	0	0	0	71	0	0	0	0	0	0	0	0	0	0	0	0	0	0	0	0	0	0	0	0	0	0	0	0	0	0	0	0	0	0	0	0	0	0	0	0	3	0	0	0	0	0	0	0	0	0	0	0	0	0	0	0	0	0	0	0	0	0	0	0	0	0	0	0	0	0	0	0	0	0	0	0	0	0	0	0	0	0	0	0	0	0	0	0	0	0	0	0	0	0	0	0	0	0	0	0	0	0	0	0	16	0	0	0	0	0	0	0	0	0	0	0	0	0	0	0	0	0	0	0	0	0	0	0	0	0	0	0	0	0	0	0	0	0	0	0	0	0	0	0	0	0	0	0	0	0	0	0	0	0	0	0	0	0	0	0	0	0	0	0	0	0	0	0	0	0	0	0	0	0	0	0	0	0	0	0	0	0	0	0	0	0	0	0	0	0	0	0	0	0	0	0	0	0	0	0	0	0	0	0	0	0	0	0	0	0	0	0	0	0	0	0	0	0	0	0	0	0	0	0	0	0	0	0	0	0	0	0	0	0	0	0	0	0	0	0	0	0	0	0	0	0	0	0	0	0	0	0	0	0	0	0	0	0	0	0	0	0	0	0	0	0	0	0	0	4	0	0	0	0	0	0	0	0	0	0	0	0	0	0	0	0	0	0	0	0	0	0	0	0	0	0	0	0	0	0	0	0	0	0	0	0	0	0	0	0	0	0	0	0	0	0	0	0	0	0	0	0	0	0	0	0	0	0	0	0	0	0	0	0	0	0	0	0	0	0	0	0	0	0	0	0	0	0	0	0	0	0	0	0	0	0	0	0	0	0	0	0	0	0	0	0	0	0	0	0	0	0	0	0	0	0	0	0	0	0	0	0	0	0	0	0	0	0	0	0	0	0	0	0	0	0	0	0	0	0	0	0	0	0	0	0	0	0	0	0	0	0	0	0	0	0	0	0	0	0	0	0	0	0	0	0	0	0	0	0	0	0	0	0	49	0	0	0	0	0	0	0	0	0	0	0	0	0	0	0	0	0	0	0	0	0	0	0	0	0	0	0	0	0	0	0	0	0	0	0	0	0	0	0	0	0	0	0	0	0	0	0	0	0	0	0	0	0	0	0	0	0	0	0	0	0	0	0	0	0	0	0	0	0	0	0	0
38	0	0	0	0	0	0	0	0	0	0	0	0	0	0	0	0	0	0	0	0	0	0	0	0	0	0	0	0	0	0	0	0	0	0	0	0	0	0	0	0	0	0	0	0	0	16	0	0	0	0	0	0	0	0	0	0	0	0	0	0	0	0	0	0	0	0	0	0	0	0	0	0	0	0	0	0	0	0	0	0	0	0	0	0	0	0	0	0	1	0	0	0	0	0	0	0	0	0	0	0	0	0	0	0	0	0	0	0	0	0	0	0	0	0	0	0	0	0	0	0	0	0	6	0	0	0	0	0	0	0	0	0	0	0	0	0	0	0	0	0	0	0	0	0	0	0	0	0	0	0	0	0	0	0	0	0	0	0	0	0	0	0	0	0	0	0	0	0	0	0	0	0	0	0	0	0	0	0	0	0	0	0	0	0	0	0	0	0	0	0	0	0	0	0	0	0	0	0	0	0	0	0	0	0	0	0	0	0	0	0	0	0	0	0	0	0	0	0	0	0	0	0	0	0	0	0	0	0	0	0	0	0	0	0	0	0	0	0	0	0	0	0	0	9	0	0	0	0	0	0	0	0	0	0	0	0	0	0	0	0	0	0	0	0	0	0	0	0	0	0	0	0	0	0	0	0	0	0	0	0	0	0	0	0	0	0	0	0	0	0	0	0	0	0	0	0	0	0	0	0	0	0	0	0	0	0	0	0	0	0	0	0	0	0	0	0	0	0	0	0	0	0	0	0	0	0	0	0	0	0	0	0	0	0	0	0	0	0	0	0	0	0	0	0	0	0	0	0	0	0	0	0	0	0	0	0	0	0	0	0	0	0	0	0	45	0	0	0	0	0	0	0	0	0	0	0	0	0	0	0	0	0	0	0	0	0	0	0	0	0	0	0	0	0	0	0	0	0	0	0	0	0	0	0	0	0	0	0	0	0	0	0	0	0	0	0	0	0	0	0	0	0	0	0	0	0	0	0	0	0	0	0	0	0	0	0	0	0	0	0	0	0	0	0	0	0	0	0	0	0	0	0	0	0	0	0	0	0	0	0	0	0	0	0	0	0	0	0	0	0	0	0	0	0	0	0	0	0	0	0	0	0	0	0	0	0	0	0	0	0	0	0	0	0	0	0	0	0	0	0	0	0	0	0	0	0	0	0	0	0	0	0	0	0	0	0	0	0	0	0	0	0	0	0	0	0	0	0	0	0	0	0	0	0	0	0	0	0	0	0	0	0	0	0	0	0	0	0	0	0	0	0	0	0	0	0	0	0	0	0	0	0	0	0	0	0	0	0	0	0	0	0	0	0	0	0	0	0	0	0	0	0	0	0	0	0	0	0	0	0	0	0	0	0	0	0	0	0	0	0	0	0	0	0	0	0	0	0	0	0	0	0	0	0	0	0	0	0	0	0	0	0	0	0	0	0	0	0	0	0	0	0	0	0	0	0	0	0	0	0	0	0	0	0	0	0	0	0	0	0	0	0	0	0	0	0	0	0	0	0	0	0	0	0	0	0	0	0	0	0	0	0	0	0	0	0	0	0	0	0	0	0	0	0	0	0	0	0	0	0	0	0	0	0	0	0	0	0	0	0	0	0	0	0	0	0	0	0	0	0	0	0	0	0	0	0	0	0	0	0	0	0	0	0	0	0	0	0	0	0	0	0	0	0	0	0	0	0	0	0	0	0	0	0	0	0	0	0	0	0	0	0	0	0	0	0	0	0	0	0	0	0	0	0	0	0	0	0	0	0	0	0	0	0	0	0	0	0	0	0	0	0	0	0	0	0	0	0	0	0	0	0	0	0	0	0	0	0	0	0	0	0	0	0	0	0	0	0	0	0	0	0	0	0	0	0	0	0	0	0	0	0	0	0	0	0	0	0	0	0	0	0	0	0	0	0	0	0	0	0	0	0	0	0	0	0	0	0	0	0	0	0	0	0	0	0	0	0	0	0	0	0	0	0	0	0	0	0	0	0	0	0	0	0	0	0	0	0	0	0	0	0	0	0	12	0	0	0	0	0	0	0	0	0	0	0	0	0	0	0	0	0	0	0	0	0	0	0	0	0	0	0	0	0	0	0	0	0	0	0	0	0	0	0	0	0	0	0	0	0	0	0	0	0	0	0	0	0	0	0	0	0	0	0	0	0	0	0	0	0	0	0	0	0	0	0	0	0	0	0	0	0	0	0	0	0	0	0	0	0	0	0	0	0	0	0	0	0	0	0	0	0	0	0	0	0	0	0	0	0	0	0	0	0	0	0	0	0	0	0	0	0	0	0	0	0	0	0	0	0	0	0	0	0	0	0	0	0	0	0	0	0	0	0	0	0	0	0	0	0	0	0	0	0	0	0	0	0	0	0	0	0	101	0	0	0	0	0	0	0	0	0	0	0	0	0	0	0	0	0	0	0	0	0	0	0	0	0	0	0	0	0	0	0	0	0	0	0	0	0	0	0	0	0	0	0	0	0	0	0	0	0	0	0	0	0	0	0	0	0
39	0	0	0	0	0	0	0	0	0	0	0	0	0	0	0	0	0	0	0	0	0	0	0	0	0	0	0	0	0	0	0	0	0	0	0	11	0	0	0	0	0	0	0	0	0	0	0	0	0	0	0	0	0	0	0	0	0	0	0	0	0	0	0	0	0	0	0	0	0	0	0	0	0	0	0	0	0	0	0	0	0	0	0	0	0	0	0	0	0	0	0	0	0	0	0	0	0	0	0	0	0	0	0	0	0	0	0	0	0	0	0	0	0	0	0	0	0	0	0	0	0	0	0	0	0	0	0	0	0	0	0	0	0	0	0	0	0	0	0	0	0	0	0	0	0	0	0	0	0	0	0	0	0	0	0	0	0	0	0	0	0	0	0	0	0	0	0	0	0	0	0	0	0	0	0	0	0	0	0	0	2	0	0	0	0	0	0	0	0	0	0	0	0	0	0	0	0	0	0	0	0	0	0	0	0	0	0	1	0	0	0	0	1	0	0	0	0	0	0	0	0	0	0	0	0	0	0	0	0	0	0	0	0	0	0	0	0	0	0	0	0	0	0	1	0	0	0	0	0	0	0	0	0	0	0	0	0	0	0	0	0	0	0	0	0	0	0	0	0	20	0	0	0	0	0	0	0	0	0	0	0	0	0	0	1	0	0	0	0	0	0	0	0	0	0	0	0	0	0	0	0	0	40	0	0	0	9	0	0	0	0	0	0	0	0	0	0	0	0	0	0	0	0	0	0	0	0	0	0	0	0	0	0	0	0	0	0	0	0	0	0	0	0	0	0	0	0	0	0	0	0	0	0	0	0	0	0	0	0	0	0	0	0	0	0	0	0	0	0	0	0	0	0	0	0	0	0	0	0	0	0	0	0	0	0	0	0	0	0	0	0	0	0	0	0	0	0	0	0	0	0	0	0	0	0	0	1	0	0	0	0	0	0	0	0	0	0	0	0	0	0	0	0	0	0	0	0	0	0	0	0	0	0	0	0	0	0	0	0	0	0	0	0	0	0	0	0	0	0	0	0	1	0	0	0	0	0	0	0	0	0	0	0	0	0	0	0	0	0	0	0	0	0	0	0	0	0	0	0	0	0	0	0	0	0	0	0	0	0	0	0	0	0	0	0	0	0	0	0	0	0	0	0	0	0	0	0	0	0	0	0	0	0	0	0	0	0	0	0	0	0	0	0	0	0	0	0	0	0	0	0	0	0	0	0	0	0	0	0	0	0	0	0	0	0	0	0	0	0	0	0	0	0	0	0	0	0	0	0	0	0	0	0	0	0	0	0	0	0	0	0	0	0	0	0	0	0	0	0	0	0	0	0	0	0	0	0	0	0	0	0	0	0	0	0	0	0	0	0	0	0	0	0	3	0	0	0	0	0	0	0	0	0	0	0	0	0	0	0	0	0	0	0	0	0	0	0	0	0	0	0	0	0	0	0	0	0	0	0	0	0	0	0	0	0	0	0	0	0	0	0	0	0	0	0	0	1	0	0	0	0	0	0	0	0	0	0	0	0	15	0	0	0	0	0	0	0	0	0	0	0	0	0	0	0	0	0	0	0	0	0	0	0	0	0	0	0	0	0	0	0	0	0	0	0	0	0	0	0	0	0	0	0	0	0	0	0	0	0	0	0	0	0	0	0	0	0	0	0	0	0	0	0	0	0	0	0	0	0	0	0	0	0	0	0	0	0	0	0	0	0	0	0	0	0	0	0	0	0	0	0	0	0	0	0	0	0	0	0	0	0	0	0	0	0	0	0	0	0	0	0	0	0	0	0	0	0	0	0	0	0	0	0	0	0	0	0	0	0	0	0	0	0	0	0	0	0	0	0	0	0	0	0	0	0	0	0	0	0	0	0	0	0	0	0	0	0	0	0	0	0	0	0	0	0	0	0	0	0	0	0	0	0	0	0	0	0	0	0	0	0	0	0	0	0	0	0	0	0	0	0	0	0	0	0	0	0	0	0	0	0	0	0	0	0	0	0	0	0	0	0	0	0	0	0	0	0	0	0	0	0	0	0	0	0	0	0	0	0	0	0	0	0	0	0	0	0	0	0	0	0	0	0	0	0	0	0	0	0	0	0	0	0	0	0	0	0	0	0	0	0	0	0	0	0	0	0	0	0	0	0	0	0	0	0	0	0	0	0	0	0	0	0	0	0	0	0	0	0	0	0	0	0	0	0	0	0	0	0	0	0	0	0	0	0	0	0	0	0	0	0	0	0	0	0	0	0	0	0	0	0	0	0	0	0	0	0	0	0	0	0	0	0	0	0	0	0	0	0	0	0	0	0	0	0	0	0	0	0	0	0	0	0	0	0	0	0	0	0	0	0	0	0	0	0	0	0	0	0	0	0	0	0	0	0	0	0	0	0	0	0	0	0	0	0	0	0	0	0	0	0	0	0	0	0	0	0	0	0	0	0	0	0	0	0	0	0	0	0	0	0	0	0	0	0	0	0	0	0	0	0	0	0	0	0	0	0	0	0	0
40	0	0	0	0	0	0	0	0	0	0	0	0	0	0	0	0	0	0	0	0	0	0	0	0	0	0	0	0	0	0	0	0	0	0	0	0	0	0	0	0	0	0	0	0	0	0	0	0	0	0	0	0	0	0	0	0	0	0	0	0	0	0	0	0	0	0	0	0	0	0	0	0	0	0	0	0	0	0	0	0	0	0	0	0	0	0	0	0	0	0	0	0	0	0	0	0	0	0	0	0	0	0	0	0	0	0	0	0	0	0	0	0	0	0	0	0	0	0	0	0	0	0	0	0	0	0	0	0	0	0	0	0	0	0	0	0	0	0	0	0	0	0	0	0	0	0	0	0	0	0	0	0	0	0	0	0	0	0	0	0	0	0	0	0	0	0	0	0	0	0	0	0	0	0	0	0	0	0	0	0	0	0	0	0	0	0	0	0	0	0	0	0	0	0	0	0	0	0	0	0	0	0	0	0	0	0	0	0	0	0	0	0	0	0	0	0	0	0	0	0	0	0	0	4	0	0	0	0	0	0	0	0	0	0	0	0	0	0	5	0	0	0	0	0	0	0	0	0	0	0	0	0	0	0	0	0	0	0	0	0	0	0	0	0	0	0	0	0	0	0	0	0	0	0	0	0	0	0	0	0	0	0	0	0	0	0	0	0	0	0	0	0	0	0	0	0	0	0	0	0	0	0	0	0	0	0	0	0	0	0	0	0	0	0	0	0	0	0	0	0	0	0	0	0	0	0	0	0	0	0	0	0	0	0	0	0	0	0	0	0	0	0	0	0	0	0	0	0	0	0	0	0	0	0	0	0	0	0	0	0	0	0	0	0	0	0	0	0	0	0	0	0	0	0	0	0	0	0	0	0	0	0	0	0	0	0	0	0	0	0	0	0	0	0	0	0	0	0	0	0	0	0	0	0	0	0	0	0	0	0	0	0	0	0	0	0	0	0	0	0	0	0	0	0	0	0	0	0	0	0	0	0	0	0	0	0	0	0	0	0	0	0	0	0	0	0	0	0	0	0	0	0	0	0	0	0	0	0	0	0	0	0	0	0	0	0	0	0	0	0	0	0	0	0	0	0	0	0	0	0	0	0	0	0	0	0	0	0	0	0	0	0	0	12	0	0	0	0	0	0	0	0	0	0	0	0	0	0	0	0	0	0	0	0	0	0	0	0	0	0	0	0	0	0	0	5	0	0	0	0	0	0	0	0	0	0	0	0	0	0	0	0	0	0	0	0	0	0	0	0	0	0	0	0	0	0	0	0	0	0	0	0	0	0	0	0	0	0	0	0	0	0	0	0	0	0	0	0	0	0	0	0	0	0	0	0	0	0	0	0	0	0	0	0	0	0	0	0	0	0	0	0	0	0	0	0	0	0	0	0	0	0	0	0	0	0	0	0	0	0	0	0	0	0	0	0	0	0	0	0	0	0	0	0	0	0	0	0	0	0	0	0	0	0	0	0	0	0	0	0	0	0	0	0	0	0	0	0	0	0	0	0	0	0	0	0	0	0	0	0	0	0	0	0	0	0	0	0	0	0	0	0	0	0	0	0	0	0	0	0	0	0	0	0	0	0	0	0	0	0	0	0	0	0	0	0	0	0	0	0	0	0	0	0	0	0	0	0	0	0	0	0	0	0	0	0	0	0	0	0	0	0	0	0	0	0	0	0	0	0	0	0	0	0	0	0	0	0	0	0	0	0	0	0	0	0	0	0	0	0	0	0	0	0	0	0	0	0	0	0	0	0	0	0	0	0	0	0	0	0	0	0	0	0	0	0	0	0	0	0	0	0	0	0	0	0	0	0	0	0	0	0	0	0	2	0	0	0	0	0	0	0	0	0	0	0	0	0	0	0	0	0	0	0	0	0	0	0	0	174	0	0	0	0	0	0	0	0	0	0	0	0	0	0	0	0	0	0	0	0	0	0	0	0	0	0	0	0	0	0	0	0	0	0	0	0	0	0	0	0	0	0	0	0	0	0	0	0	0	0	0	0	0	0	0	0	0	0	0	0	0	0	0	0	0	0	0	0	0	0	0	0	0	0	0	0	0	0	0	0	0	0	0	0	0	0	0	0	0	0	0	0	0	0	0	0	0	0	0	0	0	0	0	0	0	0	0	0	0	0	0	0	0	0	0	0	0	0	0	0	0	0	0	0	0	0	0	0	0	0	0	0	0	0	0	0	0	0	0	0	0	0	1	0	0	0	0	0	0	0	0	0	0	0	0	0	0	0	0	0	0	0	0	0	0	0	0	0	0	0	0	0	0	0	0	0	0	0	0	0	0	0	0	0	0	0	0	0	0	0	0	0	0	0	0	0	0	0	0	0	0	0	0	0	0	0	0	0	0	0	0	0	0	0	0	0	0	0	0	0	0	0	0	0	0	0	0	0	0	0	0	0	0	0	0	0	0	0	0	0	0	0	0	0	0	0	0	0	0	0	0	0	0	0	0	0	0	0	0	0	0	0	0	0	0	0	0	0	0	0
41	0	0	0	0	0	0	0	0	0	0	0	0	0	0	0	0	0	0	0	0	0	0	0	0	0	0	0	0	0	0	0	0	0	0	0	0	0	0	0	0	0	0	0	0	0	0	0	0	0	0	0	0	0	0	0	0	0	0	0	0	0	0	0	0	0	0	0	0	0	0	0	0	0	0	0	0	0	0	0	0	0	0	0	0	0	0	0	0	0	0	0	0	0	0	0	0	0	0	0	0	0	0	0	0	0	0	0	0	0	0	0	0	0	0	0	0	0	0	0	0	0	0	0	0	0	0	0	0	0	0	0	0	0	31	0	0	0	0	0	0	0	0	0	0	0	0	0	0	0	0	0	0	0	0	0	0	0	0	0	0	0	0	0	0	0	0	0	0	0	0	0	0	0	0	0	0	0	0	0	0	0	0	0	0	0	0	0	0	0	0	0	0	0	0	0	0	0	0	0	0	0	0	0	0	0	0	0	0	0	0	0	0	0	0	0	0	0	0	0	0	0	0	0	0	0	0	0	0	0	0	0	0	0	0	0	0	0	0	6	0	0	0	0	0	0	0	0	0	0	0	0	0	0	0	0	0	0	0	0	0	0	0	0	0	0	0	0	0	0	0	0	0	0	0	0	0	0	0	0	0	0	0	0	0	0	0	0	0	0	0	0	0	0	0	0	0	0	0	0	0	0	0	0	0	0	0	0	0	0	0	0	0	0	0	0	9	0	0	0	0	0	0	0	0	0	0	0	0	0	0	0	0	0	0	0	0	0	0	0	0	0	0	0	0	0	0	0	0	0	0	0	0	0	0	0	0	0	0	0	0	0	0	0	0	0	0	0	0	0	0	0	0	0	2	0	0	0	0	0	0	0	0	0	0	0	0	0	0	0	0	0	0	0	0	0	0	0	0	0	0	0	0	0	0	0	0	0	0	0	0	0	0	0	0	0	0	0	0	0	0	0	0	0	0	0	0	0	0	0	0	0	0	0	0	0	0	0	0	0	0	0	0	0	0	0	0	0	0	0	0	0	0	0	0	0	0	0	0	0	0	0	0	0	0	0	0	0	0	0	0	0	0	0	0	0	0	0	0	0	0	0	0	0	0	0	0	0	0	0	0	0	0	0	0	0	0	0	0	0	0	0	0	0	0	0	0	0	0	0	0	0	34	0	0	0	0	0	0	0	0	0	0	0	0	0	6	0	0	0	0	0	0	0	0	0	0	0	0	0	0	0	0	0	0	0	0	0	0	0	0	0	0	0	0	0	0	0	0	0	0	0	0	0	4	0	0	0	0	0	0	0	0	0	0	0	0	0	0	0	0	0	0	0	0	0	0	0	0	0	0	0	0	0	0	0	0	0	0	0	0	0	0	0	0	0	0	0	0	0	0	0	0	0	0	0	0	0	0	0	0	0	0	0	0	0	0	0	0	0	0	0	0	0	0	0	0	0	0	0	0	0	0	0	0	0	0	0	0	0	0	0	0	0	0	0	0	0	0	0	0	0	0	0	0	0	0	0	0	0	0	0	0	0	0	0	0	0	0	0	0	0	0	0	0	0	0	0	0	0	0	0	0	0	0	0	0	0	0	0	0	0	0	0	0	0	0	0	0	0	0	0	0	0	0	0	0	0	0	0	0	0	0	0	0	0	0	0	0	0	0	0	0	0	0	0	0	0	0	0	0	0	0	0	0	0	0	0	0	0	0	0	0	0	0	0	0	0	0	0	0	0	0	3	0	0	0	0	0	0	0	0	0	0	0	0	0	0	0	0	0	0	0	5	0	0	0	0	0	0	0	0	0	0	0	0	0	0	0	0	0	0	0	0	0	0	0	0	0	0	0	0	0	0	0	0	0	0	0	0	0	0	0	0	0	0	0	0	0	0	0	0	0	0	0	0	0	0	0	0	0	0	0	0	0	0	0	0	0	0	0	0	0	0	0	0	0	0	0	0	0	0	0	0	0	0	0	0	0	0	0	0	0	0	0	0	0	0	0	0	0	0	0	0	0	0	0	0	0	0	0	0	0	0	0	0	0	0	0	0	0	0	0	0	0	0	0	0	0	0	0	0	0	0	0	0	0	0	0	0	0	0	0	0	0	0	0	0	0	0	0	0	0	0	0	0	0	0	0	0	0	0	0	0	0	0	0	0	0	0	0	0	0	0	0	0	0	0	0	0	0	0	0	0	0	0	0	0	0	0	0	0	0	0	0	0	0	0	0	0	0	0	0	0	0	0	0	0	0	0	0	0	0	0	0	0	0	0	0	0	0	0	0	0	0	0	0	0	0	0	0	0	0	0	0	0	0	0	0	0	0	0	0	0	0	0	0	0	0	0	0	0	0	0	0	0	0	0	0	0	0	0	0	0	0	0	0	0	0	0	0	0	0	0	0	0	0	0	0	0	0	0	0	0	0	0	0	0	0	0	0	0	0	0	0	0	0	0	0	0	0	0	0	0	0	0	0	0	0	0	0	0	0	0	0	0	0	0	0	0	0
42	0	0	0	0	0	0	0	0	0	0	0	0	0	0	0	0	0	0	0	0	0	0	0	0	0	0	0	0	0	0	0	0	0	0	0	0	0	0	0	0	0	0	0	0	0	0	0	0	0	0	0	0	0	0	0	0	0	0	0	0	0	0	0	0	0	0	17	0	0	0	0	0	0	0	0	0	0	0	0	0	0	0	0	0	0	0	0	0	0	0	0	0	0	0	0	0	0	0	0	0	0	0	0	0	0	0	0	0	0	0	0	0	0	0	0	0	0	0	0	0	0	0	0	0	0	0	0	0	0	0	0	0	0	0	0	0	0	0	0	0	0	0	0	0	0	0	0	0	0	0	0	0	0	0	0	0	0	0	0	0	0	0	0	0	0	0	0	0	0	0	0	0	0	0	0	0	0	0	0	0	0	0	0	0	0	0	0	0	0	0	0	0	0	0	0	0	0	0	0	0	0	0	0	0	37	0	0	0	0	0	0	0	0	0	0	0	0	0	0	0	0	0	0	0	0	0	0	0	0	0	0	0	0	0	0	0	0	0	0	0	0	0	0	0	0	0	0	0	0	0	0	0	0	0	0	0	0	0	0	0	0	0	0	0	0	0	0	0	0	0	0	0	0	0	0	0	0	0	0	0	0	0	0	0	0	0	0	0	0	0	0	0	0	0	0	0	0	0	0	0	0	0	0	0	0	0	0	0	0	0	0	0	0	0	0	1	0	0	0	0	0	0	0	0	0	0	0	0	0	0	0	0	0	0	0	0	0	0	0	0	0	0	0	0	0	0	0	0	0	0	0	0	0	0	0	0	0	0	0	0	0	0	0	0	0	0	0	0	0	0	0	0	0	0	0	0	0	0	0	0	0	0	0	0	0	0	0	0	0	0	0	0	0	0	0	0	0	0	0	0	0	0	0	0	0	0	0	0	0	0	0	0	0	0	0	0	0	0	0	0	0	0	0	0	0	0	0	0	0	0	0	0	0	0	0	0	0	0	0	0	0	0	0	0	0	0	0	0	0	0	0	0	0	0	0	0	0	0	0	0	0	0	0	0	0	0	0	0	0	0	0	0	0	0	0	0	0	0	0	0	0	0	0	0	0	0	0	1	0	0	0	0	0	0	0	0	0	0	0	0	0	0	0	0	0	0	0	0	0	0	0	0	0	0	0	0	0	0	0	0	0	0	0	0	0	0	0	0	0	0	0	0	0	0	0	0	0	0	0	0	0	0	0	0	0	0	0	0	0	0	0	0	0	0	0	0	0	0	0	0	0	0	0	0	0	0	0	0	0	0	0	0	0	0	0	0	0	0	0	0	0	0	0	0	0	0	0	0	0	0	0	0	0	0	0	0	0	0	0	0	0	0	0	0	0	0	0	0	0	0	0	0	0	0	0	0	0	0	0	0	0	0	0	0	0	0	0	0	0	0	0	0	0	0	0	0	0	0	0	0	0	0	0	0	0	0	0	0	0	0	0	0	0	0	0	0	0	0	0	0	0	0	0	0	0	0	0	0	2	0	0	0	0	0	0	0	0	0	0	0	0	0	0	0	0	0	0	0	0	0	0	0	0	0	0	0	0	4	0	0	0	0	0	0	0	0	0	0	0	0	0	0	0	0	0	0	0	0	0	0	0	0	0	0	0	0	0	0	0	0	0	0	0	0	0	0	0	0	0	0	0	0	0	0	0	0	0	0	0	0	0	0	0	0	0	0	0	0	0	0	0	0	0	0	0	0	0	0	0	0	0	0	0	0	0	0	0	0	0	0	0	0	0	0	0	0	0	0	0	0	0	0	0	0	0	0	0	0	0	0	0	0	0	0	0	0	0	0	0	0	0	0	0	0	0	0	0	0	0	0	0	0	0	0	0	0	0	0	0	0	0	0	0	0	0	0	0	0	0	0	0	0	0	0	0	0	0	0	0	0	0	0	0	0	0	0	0	0	0	0	0	0	0	0	0	0	0	0	0	0	0	0	0	0	0	0	0	0	0	0	8	0	0	0	0	0	0	0	0	0	0	0	0	0	0	0	0	0	0	0	0	0	0	0	9	0	0	0	0	0	0	0	0	0	0	0	0	0	0	0	0	0	0	0	0	0	0	0	0	0	0	0	0	0	0	0	0	0	0	0	0	0	0	0	0	0	0	0	0	0	0	0	0	0	0	0	0	0	0	0	0	0	0	0	0	0	0	0	0	0	0	0	0	0	0	0	0	0	0	0	0	0	0	0	0	0	0	0	0	0	0	0	0	0	0	0	0	0	0	0	0	0	0	0	0	0	0	0	0	0	0	0	0	0	0	0	0	0	0	0	0	0	0	0	0	0	0	0	0	0	0	0	0	0	0	0	0	0	0	0	0	0	0	0	0	0	0	0	0	0	0	0	0	0	0	0	0	0	0	0	0	0	10	0	0	0	0	0	0	0	0	0	0	0	0	0	0	0	0	0	0	0	0	0	0	0	0	0	0	0	1	0	0	0	0	0	0	0	0	0
43	0	0	0	0	0	0	0	0	0	0	0	0	0	0	0	0	0	0	0	0	0	0	0	0	0	0	0	0	0	0	0	0	0	0	0	0	0	0	0	0	0	0	0	0	0	0	0	0	0	0	0	0	0	0	0	0	0	0	0	0	0	0	0	0	0	0	0	0	0	0	0	0	0	0	0	0	0	0	0	0	0	0	0	0	0	0	0	0	0	0	0	0	0	0	0	0	0	0	0	0	0	0	0	0	0	0	0	0	0	0	0	0	0	0	0	0	0	0	0	0	0	0	0	0	0	0	0	0	0	0	0	0	0	0	0	0	0	0	0	0	0	0	0	0	0	0	0	0	0	0	0	0	0	0	0	0	0	0	0	0	0	0	0	0	0	0	0	0	0	0	0	0	0	0	0	0	0	0	0	0	0	0	0	0	0	0	0	0	0	0	0	0	0	0	0	0	0	0	0	0	0	0	0	0	0	0	0	0	0	0	0	0	0	0	0	0	0	0	0	0	0	0	0	0	0	0	0	0	0	0	0	0	0	0	0	0	0	0	0	0	0	0	0	0	0	0	0	0	0	0	0	0	0	0	0	0	0	0	0	0	0	0	0	0	0	0	0	0	0	0	0	0	0	0	0	0	0	0	0	0	0	0	0	0	0	0	0	0	0	0	0	0	0	0	0	0	0	0	0	0	0	0	0	0	0	0	0	0	0	0	0	0	0	0	0	0	0	0	0	0	0	0	0	0	0	0	0	0	0	0	0	0	0	0	0	0	0	0	0	0	0	0	0	0	0	0	0	0	0	0	0	0	0	0	0	0	0	0	0	0	0	0	0	0	0	0	0	0	0	0	0	0	0	0	0	0	0	0	0	0	0	0	0	0	0	0	0	0	0	0	0	0	0	0	0	0	0	0	0	0	0	0	0	0	0	0	0	0	0	0	0	0	0	0	0	0	0	0	0	0	0	0	0	0	0	0	0	0	0	0	0	0	0	0	0	0	0	0	0	0	0	0	0	0	0	0	0	0	0	0	0	0	0	0	0	0	0	0	0	0	0	0	0	0	0	0	0	0	0	0	0	0	0	0	0	0	0	0	0	0	0	0	0	0	0	0	0	0	0	0	0	3	0	0	0	0	0	0	0	0	0	0	0	0	0	0	0	0	0	0	0	0	0	0	0	0	0	0	0	0	0	0	0	0	0	0	0	0	0	0	0	0	0	0	0	0	0	0	0	0	0	0	0	0	0	0	0	0	0	0	0	0	0	0	0	0	0	0	0	0	0	0	0	0	0	0	0	0	0	0	0	0	0	0	0	0	0	0	0	0	0	0	0	0	0	0	0	0	0	0	0	0	0	0	0	0	0	0	0	0	0	0	0	0	0	0	0	0	0	0	0	0	0	0	0	0	0	0	0	0	0	0	0	0	0	0	0	0	0	0	0	0	0	0	0	0	0	0	0	0	0	0	0	0	0	0	0	0	0	0	0	0	0	0	0	0	0	0	0	0	0	0	0	0	0	0	0	0	0	0	0	0	0	0	0	0	0	0	0	0	0	0	0	0	0	0	0	0	0	0	0	0	0	0	0	0	0	0	0	0	0	0	0	0	0	0	0	0	0	0	0	0	0	0	0	0	0	0	0	0	0	0	0	0	0	0	0	0	0	0	0	0	0	0	0	0	0	0	0	0	0	0	0	0	0	0	0	0	0	4	0	0	0	0	0	0	0	0	0	0	0	0	0	0	0	0	0	0	0	0	0	0	0	0	0	0	0	0	0	0	0	0	0	0	0	0	0	0	0	0	0	0	0	0	0	0	0	0	0	0	0	0	0	0	0	0	0	0	0	0	0	0	0	0	0	0	0	0	0	0	0	0	0	0	0	0	0	0	0	0	0	0	0	0	0	0	0	0	0	0	0	0	0	0	0	0	0	0	0	0	0	0	0	0	0	0	0	0	0	0	0	0	0	0	0	0	0	0	0	0	0	0	0	0	0	0	0	0	0	0	0	0	0	0	0	0	0	0	0	0	0	0	0	0	0	0	0	0	0	0	0	0	0	0	0	0	0	0	0	0	0	0	0	0	0	0	0	0	0	0	0	0	0	0	0	0	0	0	0	0	0	0	0	0	0	0	0	0	0	0	0	0	0	0	0	0	0	0	0	0	0	0	0	0	0	0	0	0	0	0	0	0	0	0	0	0	0	0	0	0	0	0	0	0	0	0	0	0	0	0	0	0	0	0	0	0	0	0	0	0	0	0	0	0	0	0	0	0	0	0	0	0	0	0	0	0	0	0	0	0	0	0	0	0	0	0	0	0	0	0	0	0	0	0	0	0	0	0	0	0	0	0	0	0	0	0	0	0	0	0	0	0	0	0	0	0	0	0	0	0	0	0	0	0	0	0	0	0	0	0	0	0	0	0	0	0	0	0	0	0	0	0	0	0	0	0	0	0	0	60	0	0	0	0	0	0	0	0	0	0	0	0	0	0	0	0	0	0	0	0
44	0	0	0	0	0	0	0	0	0	0	0	0	0	0	0	0	0	0	0	0	0	0	0	0	0	0	0	0	0	0	0	0	0	0	0	0	0	0	0	0	0	0	0	0	0	0	0	0	0	0	0	0	0	0	0	0	0	0	0	0	0	0	0	0	0	0	0	0	0	0	0	0	0	0	0	0	0	0	0	0	0	0	0	0	0	0	0	0	0	0	0	0	0	0	0	0	0	0	0	0	0	0	0	0	0	0	0	0	0	0	0	0	0	0	0	0	0	0	0	0	0	0	0	0	0	0	0	0	0	0	0	0	0	0	0	0	0	0	0	0	0	0	0	0	0	0	0	0	0	0	0	0	0	0	0	0	0	0	0	0	0	0	0	0	0	0	0	0	0	0	0	0	0	0	0	0	0	0	0	0	0	0	0	0	0	0	0	0	0	0	0	0	0	0	0	0	0	0	0	0	0	0	0	0	0	0	0	0	0	0	0	0	0	0	0	0	0	0	0	0	0	0	0	0	0	0	0	0	0	0	0	0	0	0	1	0	0	0	0	0	0	0	0	0	0	0	0	0	0	0	0	0	0	0	0	0	0	0	0	0	0	0	0	0	0	0	0	0	0	0	0	0	0	0	0	0	0	0	0	0	0	0	0	0	0	0	0	0	0	0	0	0	0	0	0	0	0	0	0	0	0	0	0	0	0	0	0	0	0	0	0	0	0	0	0	0	0	0	0	0	0	0	0	0	0	0	0	0	0	0	0	0	0	0	0	0	0	0	0	0	0	0	0	0	0	0	0	0	0	0	0	0	0	0	0	0	0	0	0	0	0	0	0	0	0	0	0	0	0	0	0	0	0	0	0	0	0	0	0	0	0	0	0	0	0	0	0	0	0	0	0	0	0	0	0	0	0	0	0	0	0	0	0	0	0	0	0	0	0	0	0	0	0	0	0	0	0	0	0	0	0	0	0	0	0	0	0	0	0	0	0	0	0	0	0	0	0	0	0	0	0	0	0	0	0	0	0	0	0	0	0	0	0	0	0	0	0	0	0	0	0	0	0	0	0	0	0	0	0	0	0	0	0	0	0	0	0	0	0	0	0	0	0	0	0	0	0	0	0	0	0	0	0	0	0	0	0	0	0	0	0	0	0	0	0	0	0	0	0	0	0	0	0	0	0	0	0	0	0	0	0	0	0	0	0	0	0	0	0	0	0	0	0	0	0	0	0	0	0	0	0	0	0	0	0	0	0	0	0	0	0	0	0	0	0	0	0	0	0	0	0	0	0	0	0	0	0	0	0	0	0	0	0	0	0	0	0	0	0	0	0	0	0	0	0	0	0	0	0	0	0	0	0	0	0	0	0	0	0	0	0	0	0	0	0	0	0	0	0	0	0	0	0	0	0	0	0	0	0	0	0	0	0	0	0	0	0	0	0	0	0	0	0	0	0	0	0	0	0	0	0	0	0	0	0	0	0	0	0	0	0	0	0	0	0	0	1	0	0	0	0	0	0	0	0	0	0	0	0	0	0	0	0	0	0	0	0	0	0	0	0	0	0	0	0	0	0	6	0	0	0	0	0	0	0	0	0	0	0	0	0	0	0	0	0	0	0	0	0	0	0	0	0	0	0	0	0	0	0	0	0	0	0	0	0	0	0	0	0	0	0	0	0	0	0	0	0	0	0	0	0	0	0	0	0	0	0	0	0	0	0	0	0	0	0	0	0	0	0	0	0	0	0	0	0	0	0	0	0	0	0	0	0	0	0	0	0	0	10	0	0	0	0	0	0	0	0	0	0	0	0	0	0	0	0	0	0	0	0	0	0	0	0	0	0	0	0	0	0	0	0	0	0	1	0	0	0	0	2	0	0	0	0	0	0	0	0	0	0	0	0	0	0	0	0	0	0	0	0	0	0	0	0	0	0	0	0	0	0	0	0	0	0	0	0	0	0	0	0	0	0	0	0	0	0	0	0	0	0	0	0	0	0	0	0	0	0	0	0	0	0	0	0	0	0	0	0	0	0	0	0	0	0	0	0	0	0	0	0	0	0	0	0	0	0	0	0	0	0	0	0	0	0	0	0	0	0	0	0	0	0	0	0	0	0	0	0	0	0	0	0	0	0	0	0	0	0	0	0	0	0	0	0	0	0	0	0	0	0	0	0	0	0	0	0	0	0	0	0	0	0	0	0	0	0	0	0	0	0	0	0	0	0	0	0	0	0	0	0	0	0	0	0	0	0	0	0	0	0	0	0	0	0	0	0	0	0	0	0	0	0	0	0	0	0	0	0	0	0	0	0	0	0	0	0	0	0	0	0	0	0	0	0	0	0	0	0	0	0	0	0	0	0	0	0	0	0	0	0	0	0	0	0	0	0	0	0	0	0	0	0	0	0	0	0	0	0	0	0	0	0	0	0	0	0	0	0	0	0	0	0	0	0	0	0	0	0	0	0	0	0	0	0	0	0	0	0	0	0	0	0	0	0	0	0	0	0	0	0	0
45	0	0	0	0	0	0	0	0	0	0	0	0	0	0	0	0	0	0	0	0	0	0	0	0	0	0	0	0	0	0	0	0	0	0	0	0	0	0	0	0	0	0	0	0	0	0	0	0	0	0	0	0	0	0	0	0	0	0	0	0	0	0	0	0	0	0	0	0	0	0	0	0	0	0	0	0	0	0	0	0	0	0	15	0	0	0	0	0	0	0	0	0	0	0	0	0	0	0	0	0	0	0	0	0	0	0	0	0	0	0	0	0	0	0	0	0	0	0	0	0	0	0	0	0	0	0	0	5	0	0	0	0	0	0	0	0	0	0	0	0	0	0	0	0	0	0	0	0	0	0	0	0	0	0	0	0	0	0	0	0	0	0	0	0	0	0	0	0	0	3	0	0	0	0	0	0	0	0	0	0	0	0	0	32	0	0	0	0	0	0	0	0	0	0	0	0	0	0	0	0	0	0	0	0	0	0	0	0	0	0	0	0	0	0	0	0	0	0	0	0	0	0	0	0	0	0	0	0	0	0	0	21	0	0	0	0	0	0	0	0	0	0	0	0	0	0	0	0	0	0	0	0	0	0	0	0	0	0	0	0	0	0	0	0	0	0	0	0	0	0	0	0	0	0	0	0	0	0	1	0	0	0	0	0	0	0	0	0	0	0	0	0	0	0	0	0	0	0	0	0	0	0	0	0	0	0	0	0	0	0	0	0	0	0	0	0	0	0	0	0	0	0	0	0	0	0	0	0	0	0	0	0	0	0	0	0	0	0	0	0	0	0	0	0	0	0	0	0	0	0	0	0	0	0	0	0	0	0	0	0	0	0	0	0	0	0	0	0	0	0	0	0	0	0	0	0	0	0	0	0	0	0	0	0	0	0	0	0	0	0	0	0	0	0	0	0	0	0	0	0	0	0	0	0	0	0	0	0	0	0	0	0	0	0	0	0	0	0	0	0	0	0	0	0	0	0	0	0	0	0	0	0	0	0	0	0	0	0	0	0	0	0	0	0	0	0	0	0	0	0	0	0	0	0	0	0	0	0	0	0	0	0	0	0	0	0	0	0	0	0	0	0	0	0	0	0	0	0	0	0	0	0	0	0	0	0	0	0	0	0	0	0	0	0	0	0	0	0	0	0	0	0	0	0	0	0	0	0	0	0	0	0	0	0	0	0	0	0	0	0	0	0	0	0	0	0	0	0	0	0	0	0	0	0	0	0	0	0	0	0	0	0	0	0	0	0	0	0	0	0	0	0	0	0	0	0	0	0	0	0	0	0	0	0	0	0	0	0	0	0	0	0	0	0	0	0	0	0	0	0	0	0	0	0	0	0	0	0	0	0	0	0	0	0	0	0	0	0	0	0	0	0	0	0	0	0	0	0	0	0	0	0	0	0	0	0	0	0	0	0	0	0	0	0	0	0	0	0	0	0	0	0	0	0	0	0	0	0	0	0	0	0	0	0	0	0	0	0	0	0	0	0	0	0	0	0	0	0	0	0	0	0	0	0	0	0	0	0	0	0	0	0	0	0	0	0	0	0	0	0	0	0	0	0	0	0	0	0	0	0	0	0	0	0	0	0	0	0	0	0	0	0	0	25	0	0	0	0	0	0	0	0	0	0	0	0	0	0	0	0	0	0	0	0	0	0	0	0	0	0	0	0	0	0	0	0	0	0	0	0	0	0	0	0	0	0	0	0	0	0	0	0	0	0	0	0	0	0	0	0	0	0	0	0	0	0	0	0	0	0	0	0	0	0	0	0	0	0	0	0	0	0	0	0	0	0	0	0	0	0	0	0	0	0	0	0	0	0	0	0	0	0	0	0	0	0	0	0	0	0	0	0	0	0	0	0	0	0	0	0	0	0	0	0	0	0	0	0	0	0	0	0	0	0	0	0	0	0	0	0	0	0	0	0	0	0	0	0	0	0	0	0	0	0	0	0	0	0	0	0	0	0	0	0	0	0	0	0	0	0	0	0	0	0	0	0	0	0	0	0	0	0	0	0	0	0	0	0	0	0	0	0	0	0	0	0	0	0	0	0	0	0	0	0	0	0	0	0	0	0	0	0	0	0	0	0	0	0	0	0	0	0	0	0	0	0	0	0	0	0	0	0	0	0	0	0	0	0	0	0	0	0	0	0	0	0	0	0	0	0	0	0	0	0	0	0	0	0	0	0	0	0	0	0	21	0	0	0	0	0	0	0	0	0	0	0	0	0	0	0	0	0	0	0	0	0	0	1	0	0	0	0	0	0	0	0	0	0	0	0	0	0	0	0	0	0	0	0	0	0	0	0	0	0	0	0	0	0	0	0	0	0	0	0	0	0	0	0	0	0	0	0	0	0	0	0	0	0	0	0	0	0	0	0	0	0	0	0	0	0	0	0	0	0	0	0	0	0	0	0	0	0	0	0	0	0	0	0	0	0	0	0	0	0	0	0	0	0	0	0	0	0	0	0	0	0	0	0	0	0	0	0	0	0	0	0	0	0	0	0
46	0	0	0	0	0	0	0	0	0	0	0	0	0	0	0	0	0	0	0	0	0	0	0	0	0	0	0	0	0	0	0	0	0	0	0	0	0	0	0	0	0	0	0	0	0	0	0	0	0	0	0	0	0	0	0	0	0	0	0	0	0	0	0	0	0	0	0	0	0	0	0	0	0	0	0	0	0	0	0	0	0	0	0	0	0	0	0	0	0	0	0	0	0	0	0	0	0	0	0	0	0	0	0	0	0	0	0	0	0	0	0	0	0	0	0	0	0	0	0	0	0	0	0	0	0	0	0	0	0	0	0	0	0	0	0	0	0	0	0	0	0	0	0	0	0	0	0	0	0	0	0	0	0	0	0	0	0	0	0	0	0	0	0	0	0	0	0	0	0	0	0	0	0	0	0	0	0	0	0	0	0	0	0	0	0	0	0	0	0	0	0	0	0	0	0	0	0	0	0	0	0	0	0	0	0	0	0	0	0	0	0	0	0	0	0	0	0	0	0	0	0	0	0	0	0	0	0	5	0	0	0	0	0	0	0	0	0	0	0	0	0	0	0	0	0	0	0	0	0	0	0	0	0	0	0	0	0	0	0	0	0	0	0	0	0	0	0	0	0	0	0	0	0	0	0	0	0	0	0	0	0	0	0	0	0	2	0	0	0	0	0	0	0	0	0	0	0	0	0	0	0	0	0	0	0	0	0	0	0	0	0	0	0	0	0	0	0	0	0	0	0	0	0	0	0	0	0	0	0	0	0	0	0	0	0	0	0	0	0	0	0	0	0	0	0	0	0	0	0	0	0	0	0	0	0	0	0	0	0	0	0	0	0	0	0	0	0	0	0	0	0	0	0	0	0	0	0	0	0	0	0	0	0	0	0	0	0	0	0	0	0	0	0	0	0	0	0	0	0	0	0	0	0	0	0	0	0	0	0	0	0	0	0	0	0	0	0	0	0	0	0	0	0	0	0	0	0	0	0	0	0	0	0	0	0	0	0	0	0	0	0	0	0	0	0	0	0	0	0	0	0	0	0	0	0	0	0	0	0	0	0	0	0	0	0	0	0	0	0	0	0	0	0	0	0	0	0	0	0	0	0	0	0	0	0	0	0	0	0	0	0	0	0	0	0	0	0	0	0	0	0	0	0	0	0	0	0	0	0	0	0	0	0	0	0	0	0	0	0	0	0	0	0	0	0	0	0	0	0	0	0	0	2	0	0	0	0	0	0	0	0	0	0	0	0	0	0	0	0	0	0	0	0	0	0	0	0	0	0	0	0	0	0	0	0	0	0	0	0	0	15	0	0	0	0	0	0	0	0	0	0	0	0	0	0	0	0	0	0	0	0	0	0	0	0	0	0	0	0	0	0	0	0	5	0	0	0	0	0	0	0	0	0	0	0	4	0	2	0	0	0	0	0	0	0	0	0	0	0	0	0	0	0	0	0	0	0	0	0	0	0	0	0	0	0	0	0	0	0	0	0	0	0	0	0	0	0	0	0	0	0	0	0	0	0	0	0	0	0	1	0	0	0	0	0	0	0	0	0	0	0	0	0	0	0	0	0	0	0	0	0	0	0	0	0	0	0	0	0	0	0	0	0	0	0	0	0	0	0	0	0	0	0	0	0	0	0	0	0	0	0	0	0	0	0	0	0	0	0	0	0	0	0	0	0	0	0	0	0	0	0	0	0	0	0	6	0	0	0	0	0	0	0	0	0	0	0	0	0	0	0	0	0	0	0	0	0	0	0	0	0	0	0	0	0	0	0	0	0	0	0	0	0	0	0	0	0	0	0	0	0	0	0	0	0	0	0	0	0	0	0	0	0	0	0	0	0	0	0	0	0	0	0	0	0	0	0	0	0	0	0	0	0	0	0	0	0	0	0	0	0	0	0	0	0	0	0	0	0	0	0	0	0	0	0	0	0	0	0	0	0	0	0	0	0	0	0	0	0	0	0	0	0	0	0	0	0	0	0	0	0	0	0	0	0	0	0	0	0	0	0	0	0	0	0	0	0	0	0	0	0	0	0	0	0	0	0	0	0	0	0	0	0	0	0	0	0	0	0	0	0	0	0	0	0	0	0	0	0	0	0	0	0	0	0	0	0	0	0	0	0	0	0	0	0	0	0	0	0	0	0	0	0	0	0	0	0	0	0	0	0	0	0	0	0	0	0	0	0	0	0	0	0	0	0	0	0	0	0	0	0	0	0	0	0	0	0	0	0	0	0	0	0	0	0	0	0	0	0	0	0	0	0	0	0	0	0	0	0	0	0	0	0	0	0	0	0	0	0	0	0	0	0	0	0	0	0	0	0	0	0	0	0	0	0	0	0	0	0	0	0	0	0	0	0	0	20	0	0	0	0	0	0	0	0	0	0	0	0	0	0	0	0	0	0	0	0	0	0	0	0	0	0	0	0	0	0	0	0	0	0	0	0	0	0	0	0	0	0	0	0	0	0	0	0	0	0	0	0	0	0	0	0	0	0	0	0	0	0	0
47	0	0	0	0	0	0	0	0	0	0	0	0	0	0	0	0	0	0	0	0	0	0	0	0	0	0	0	0	0	0	0	0	0	0	0	0	0	0	0	0	0	0	0	0	0	0	0	0	0	0	0	0	0	0	0	0	0	0	0	0	0	0	0	0	0	0	0	0	0	0	0	0	0	0	0	0	0	0	0	0	0	0	0	0	0	0	0	0	0	0	0	0	0	0	0	0	0	0	0	0	0	0	0	0	0	0	0	0	0	0	0	0	0	0	0	0	0	0	0	0	0	0	0	0	2	0	0	0	0	0	0	0	0	0	0	0	0	0	0	0	0	0	0	0	0	0	0	0	0	0	0	0	0	0	0	0	0	0	0	0	0	0	0	0	0	0	0	0	0	0	0	0	0	0	0	0	0	0	0	0	0	0	0	0	0	0	0	0	0	0	0	0	0	0	0	0	0	0	0	0	0	0	0	0	0	0	0	0	0	0	0	0	0	0	0	0	0	0	0	0	0	0	0	0	0	0	0	0	0	0	0	0	0	0	0	0	0	0	0	0	0	0	0	0	0	0	0	0	0	0	0	0	0	0	0	0	0	0	0	0	0	0	0	0	0	0	0	0	0	0	0	0	0	0	0	0	0	0	0	0	0	0	0	0	0	0	0	0	0	0	0	0	0	0	0	0	0	0	0	0	0	0	0	0	0	0	0	0	0	0	0	0	0	0	0	0	0	0	0	0	0	0	0	0	0	0	0	0	0	0	0	0	0	0	0	0	0	0	0	0	0	0	0	0	0	0	0	0	0	0	0	0	0	0	0	0	0	0	0	0	0	0	0	0	0	0	0	0	0	0	0	0	0	0	0	0	0	0	0	0	0	0	0	0	0	0	0	0	1	0	0	0	0	0	0	0	0	0	0	0	0	0	0	0	0	0	0	0	0	0	0	0	0	0	0	0	0	0	0	0	0	0	0	0	0	0	0	0	0	0	0	0	0	0	0	0	0	0	0	0	0	0	0	0	0	0	0	0	0	0	0	0	0	0	0	0	0	0	0	0	2	0	0	0	0	0	0	0	0	0	0	0	0	0	0	0	0	0	0	0	0	0	0	0	0	0	0	0	0	0	0	0	0	0	0	0	0	0	0	0	0	0	0	0	2	0	0	0	0	0	0	0	0	0	0	0	0	0	0	0	0	0	0	0	0	0	0	0	0	0	0	0	0	0	0	0	0	0	0	0	0	0	0	0	0	0	0	0	0	0	0	0	0	0	0	0	0	0	0	0	0	0	0	9	0	0	0	0	0	0	0	0	0	0	0	1	0	0	0	0	0	0	0	0	0	0	0	0	0	0	0	0	0	0	0	0	0	0	0	0	0	0	0	0	0	0	0	0	0	0	0	0	0	0	0	0	0	0	0	0	0	0	0	0	0	0	0	0	0	0	0	0	0	0	0	0	0	0	0	0	0	0	0	1	0	0	0	0	0	0	0	0	0	0	0	0	0	0	0	0	0	0	0	0	0	0	0	0	0	0	0	0	0	0	0	0	0	0	0	0	0	0	0	0	0	0	0	0	0	0	0	0	0	0	0	0	0	0	0	0	1	0	0	0	0	0	0	0	7	0	0	0	0	0	0	0	0	0	0	0	0	0	0	0	0	0	0	0	0	0	0	0	0	0	0	0	0	0	0	0	0	0	0	0	0	0	0	0	0	0	0	0	0	0	0	0	0	0	0	0	0	0	0	0	0	0	0	0	0	0	0	0	0	0	0	0	0	0	0	0	0	0	0	0	0	0	0	0	0	0	0	0	0	0	0	0	0	0	0	0	0	0	0	0	0	0	0	0	0	0	0	0	0	0	0	0	0	0	0	0	0	0	0	0	0	0	0	0	0	0	0	0	0	0	0	0	0	0	0	0	0	0	0	0	0	0	0	0	0	0	0	0	0	0	0	0	0	0	0	0	0	0	0	0	0	0	0	0	0	0	0	0	0	0	0	0	0	0	0	0	0	0	0	0	0	0	0	0	0	0	0	0	1	0	0	0	0	0	0	0	0	0	0	0	0	0	0	0	0	0	0	0	0	0	0	0	0	0	0	0	0	0	0	0	0	0	0	0	0	0	0	0	0	0	0	0	0	0	0	0	0	0	0	0	0	0	0	0	0	0	0	0	0	0	0	0	0	0	0	0	0	0	0	0	0	0	0	0	0	0	0	0	0	0	0	0	0	0	0	0	0	0	0	0	0	0	0	0	0	0	0	0	0	0	0	0	0	0	0	0	0	0	0	0	0	0	0	0	0	0	0	0	0	0	0	0	0	0	0	0	0	0	0	0	0	0	0	0	0	0	0	0	0	0	0	0	0	0	0	0	0	0	0	0	0	0	0	0	0	0	0	0	0	0	0	0	0	0	0	0	0	0	0	0	0	0	0	0	0	0	0	0	0	0	0	0	0	0	0	0	0	0	0	0	0	0	0	0	0	0	0	0	0	0	0	0	0	0	0	0
48	0	0	0	0	0	0	0	0	0	0	0	0	0	0	0	0	0	0	0	0	0	0	0	0	0	0	0	0	0	0	0	0	0	0	0	0	0	0	0	0	0	0	0	0	0	0	0	0	0	0	0	0	0	0	0	0	0	0	0	0	0	0	0	0	0	0	0	0	0	0	0	0	0	0	0	0	0	0	0	0	0	0	0	0	0	0	0	0	0	0	0	0	0	0	0	0	0	0	0	0	0	0	0	0	0	0	0	0	0	0	0	0	0	0	0	0	0	0	0	0	0	0	0	0	0	0	0	0	0	0	0	0	0	0	0	0	0	0	0	0	0	0	0	0	0	0	0	0	0	0	0	0	0	0	0	0	0	0	0	0	0	0	0	0	0	0	0	0	0	0	0	0	0	0	0	0	0	0	0	0	0	0	0	0	0	0	0	0	0	0	0	0	0	0	0	0	0	0	0	0	0	0	0	0	0	0	0	0	0	0	0	0	0	4	0	0	0	0	0	0	0	0	0	0	0	0	0	0	0	0	0	0	0	0	6	0	0	0	0	0	0	0	0	0	0	0	0	0	0	0	0	0	0	0	0	0	0	0	0	0	0	0	0	0	0	0	0	0	0	0	0	0	0	0	0	0	0	0	0	0	0	0	0	0	0	0	0	0	0	0	0	0	0	0	0	0	0	0	0	0	0	0	0	0	0	0	0	0	0	0	0	0	0	0	0	0	0	0	0	0	0	0	0	0	0	0	0	0	0	0	0	0	0	0	0	0	0	0	0	0	0	0	0	0	0	0	0	0	0	0	0	0	0	0	0	0	0	0	0	0	0	0	0	0	0	0	0	0	0	0	0	0	0	0	0	0	0	0	0	0	0	0	0	0	0	0	0	0	0	0	0	0	0	9	0	0	0	0	0	0	0	0	0	0	0	0	0	0	0	0	0	0	0	0	0	0	0	0	0	0	0	0	0	0	0	0	0	0	0	0	0	0	0	0	0	0	0	0	0	0	0	0	0	0	0	0	0	0	0	0	0	0	2	0	0	0	0	0	0	0	0	0	0	0	0	0	0	0	0	0	0	0	0	0	0	0	0	0	0	0	0	0	0	0	0	0	0	0	0	0	0	0	0	0	0	0	0	0	0	0	0	0	0	0	0	0	0	0	0	0	0	0	0	0	0	0	0	0	0	0	0	0	0	0	0	0	0	0	0	0	0	0	0	0	0	0	0	0	0	0	0	0	0	0	0	0	0	0	0	0	0	0	0	0	0	0	0	0	0	0	0	0	0	0	0	0	0	0	0	0	0	0	0	0	0	0	0	0	0	0	0	0	0	0	0	0	0	0	0	0	0	0	0	0	0	0	0	0	0	0	0	0	0	0	0	0	0	0	0	0	0	0	0	0	0	0	0	0	0	0	0	0	0	0	0	0	0	0	0	0	0	0	0	0	0	0	0	0	0	0	0	0	0	0	0	0	0	0	0	0	0	0	0	0	0	0	0	0	0	0	0	0	0	2	0	0	0	0	0	0	0	0	0	0	0	0	0	0	7	0	0	0	0	0	0	0	0	0	0	0	0	0	0	0	2	0	0	0	0	0	0	0	0	0	0	0	0	0	0	0	0	0	0	0	0	0	0	0	0	0	0	0	0	0	0	0	0	0	0	0	0	0	0	0	0	0	0	0	0	0	0	0	0	0	0	0	0	0	0	0	0	0	0	0	0	0	0	0	0	0	0	0	0	0	0	0	0	0	0	0	0	0	0	0	0	0	0	0	0	0	0	0	0	0	0	0	0	0	0	0	0	0	0	0	0	0	0	0	0	0	0	0	0	0	0	0	0	0	0	0	0	0	0	0	0	0	0	0	0	0	2	0	0	0	0	0	0	0	0	0	0	0	0	0	0	0	0	0	0	0	0	0	0	0	0	0	0	0	0	0	0	0	0	0	0	0	0	3	0	0	0	0	0	0	0	0	0	0	0	0	0	0	0	0	0	0	0	0	0	0	0	0	0	0	0	0	0	0	0	0	0	0	0	0	0	0	0	0	0	0	0	0	0	0	0	0	0	0	0	0	0	0	0	0	0	0	0	0	0	0	0	0	0	0	0	0	0	0	0	0	0	0	0	0	0	0	0	0	0	0	0	0	0	0	0	0	0	0	0	0	0	0	0	0	0	0	0	0	0	0	0	0	0	0	0	0	0	0	0	0	0	0	0	0	0	0	0	0	0	0	0	0	0	0	0	0	0	0	0	0	0	0	0	0	0	0	0	0	0	0	0	0	0	0	0	0	0	0	0	0	0	0	0	0	0	0	0	0	9	0	0	0	0	0	0	0	0	0	0	0	0	0	0	0	0	0	0	0	0	0	0	0	0	0	0	0	0	0	0	0	0	0	0	0	0	0	0	0	0	0	0	0	0	0	0	0	0	0	0	0	0	0	0	0	0	0	0	0	0	0	0	0	0	0	0	0	0	0	0	1	0	0	0	0	0	0	0	0	0	0
49	0	0	0	0	0	0	0	0	0	0	0	0	0	0	0	0	0	0	0	0	0	0	0	0	0	0	0	0	0	0	0	0	0	0	0	0	0	0	0	0	0	0	0	0	0	0	0	0	0	0	0	0	0	0	0	0	0	0	0	0	0	0	0	0	0	0	0	0	0	0	0	0	0	0	0	0	0	0	0	0	0	0	0	0	0	0	0	0	0	0	0	0	0	0	0	0	0	0	0	0	0	0	0	0	0	0	0	0	0	0	0	0	0	0	0	0	0	18	0	0	0	0	0	0	0	0	0	0	0	0	0	0	0	0	0	0	0	0	0	0	0	0	0	0	0	0	0	0	0	0	0	0	0	0	0	0	0	0	0	0	0	0	0	0	0	0	0	0	0	0	0	0	0	0	0	0	0	0	0	0	0	0	0	0	0	0	0	0	0	0	0	0	0	0	0	0	0	0	0	0	0	0	0	0	0	0	0	0	0	0	0	0	0	0	0	0	0	0	0	0	0	0	0	0	0	0	0	0	0	0	0	0	0	0	0	0	0	0	0	0	0	0	0	0	4	0	0	0	0	0	0	0	0	0	0	0	0	0	0	0	0	0	0	0	0	0	0	0	0	0	0	0	0	0	0	0	0	0	0	0	0	0	0	0	0	0	0	0	0	0	0	0	27	0	0	0	0	0	0	0	0	0	0	0	0	0	0	0	0	0	0	0	0	0	0	0	0	0	0	0	0	0	0	0	0	0	0	0	0	0	0	0	0	0	0	0	0	0	0	0	0	0	0	0	0	0	0	0	0	0	0	0	0	0	0	0	0	0	0	0	0	0	0	0	0	0	0	0	0	0	0	0	0	0	0	0	0	0	0	0	0	0	0	0	0	0	0	0	0	0	0	0	0	0	0	0	0	0	0	0	0	0	0	0	0	0	0	0	0	0	0	0	0	0	0	0	0	0	0	0	0	0	0	0	0	0	0	0	0	0	0	0	0	0	0	0	0	0	0	0	0	0	0	0	0	0	0	0	0	0	0	0	0	0	0	0	0	0	0	0	0	0	0	0	0	0	0	0	0	0	0	0	0	0	0	0	0	0	0	0	0	0	0	0	0	8	0	0	0	0	0	0	0	0	0	0	0	0	0	0	0	0	0	0	0	0	0	0	0	0	0	0	0	0	0	0	0	0	0	0	0	0	0	0	0	0	0	0	0	0	0	0	0	0	0	0	0	0	0	0	0	0	0	0	0	0	0	0	0	0	0	0	0	0	0	0	0	0	0	0	0	0	0	0	0	0	0	0	0	0	0	0	0	0	0	0	0	0	0	0	0	0	0	0	0	0	0	0	0	0	0	0	0	0	1	0	0	0	0	0	0	0	0	0	0	0	0	0	0	0	0	0	0	0	0	0	0	0	0	0	0	0	0	0	0	0	0	0	0	0	0	0	0	0	0	0	0	0	0	0	0	0	0	0	0	0	0	0	0	0	0	0	0	0	0	0	0	0	0	0	0	0	0	0	0	0	0	0	0	0	0	0	0	0	0	0	0	0	0	0	0	0	0	0	0	0	0	0	0	0	0	0	0	0	0	0	0	0	0	0	0	0	0	0	0	0	0	0	0	0	0	0	0	0	0	0	0	0	0	0	0	0	0	0	0	0	0	0	0	0	0	0	0	0	0	0	0	0	0	0	0	0	0	0	0	0	0	0	0	0	0	0	0	0	0	0	0	0	0	0	0	0	0	0	0	0	0	0	0	0	0	0	0	0	0	0	0	0	0	0	0	0	0	0	0	0	0	0	0	0	0	0	0	0	0	0	0	0	0	0	0	0	0	0	0	0	0	0	0	0	0	0	0	0	0	0	0	0	0	0	0	0	0	0	0	0	0	0	0	0	0	0	0	0	0	0	0	0	0	0	0	0	0	0	0	0	0	0	0	0	0	0	0	43	0	0	0	0	0	0	0	0	0	0	0	0	0	0	0	0	0	0	0	0	0	0	0	0	0	0	0	0	0	0	0	0	0	0	0	0	0	0	0	0	0	0	0	0	0	0	0	0	0	0	0	0	0	0	0	0	0	0	0	0	0	0	0	0	0	0	0	0	0	0	0	0	0	0	0	0	0	0	0	0	0	0	0	0	0	0	0	0	0	0	0	0	0	0	0	0	0	0	0	0	0	1	0	0	0	0	0	0	0	0	0	0	0	0	0	0	0	0	0	0	0	0	0	0	0	0	0	0	0	0	0	0	0	0	0	39	0	0	0	0	0	0	0	0	0	0	0	0	0	0	0	0	0	0	0	0	0	0	0	0	0	0	0	0	0	0	0	0	0	0	0	0	0	0	0	0	0	0	0	0	0	0	0	0	0	0	0	0	0	0	0	0	0	0	0	0	0	0	0	0	0	0	0	0	0	0	0	0	0	0	0	0	0	0	0	0	0	0	0	0	0	0	0	0	0	0	0	0	0	0	0	0	0	0	0	0	0	0	0	0	0	0	0	0	0	0
50	0	0	0	0	0	0	0	0	0	0	0	0	0	0	0	0	0	0	0	0	0	0	0	0	0	0	0	0	0	0	0	0	0	0	0	0	0	0	0	0	0	0	0	0	0	0	0	0	0	0	0	0	0	0	0	0	0	0	0	0	0	0	0	0	0	0	0	0	0	0	0	0	0	0	0	0	0	0	0	0	0	0	0	0	0	0	0	0	0	0	0	0	0	0	0	0	0	0	0	0	0	0	0	0	0	0	0	0	0	0	0	0	0	0	0	0	0	0	0	0	0	0	0	0	0	0	0	0	0	0	0	0	0	0	0	0	0	0	0	0	0	0	0	0	0	0	0	0	0	0	0	0	4	0	0	0	0	0	0	0	0	0	0	0	0	0	0	0	0	0	0	0	0	0	0	0	0	0	0	0	0	0	0	0	0	0	0	0	0	0	0	0	0	0	0	0	0	0	0	0	0	0	0	0	0	0	0	0	0	0	0	0	0	0	0	0	0	0	0	0	0	0	0	3	0	0	0	0	0	0	0	0	0	0	0	0	0	0	0	0	0	0	0	0	0	0	0	0	0	0	0	0	0	0	0	0	0	0	0	0	0	0	0	0	0	0	0	0	0	0	0	0	0	0	0	0	0	0	0	0	0	0	0	0	0	0	0	0	0	0	0	0	0	0	0	0	0	0	0	0	0	0	0	0	0	0	2	0	1	0	0	0	0	0	0	0	0	0	0	0	0	0	0	0	0	0	0	0	0	0	0	0	0	0	0	0	0	0	0	0	0	0	0	0	0	0	0	0	0	0	0	1	0	0	0	0	0	0	0	0	0	0	0	0	0	0	0	0	0	0	0	0	0	0	0	0	0	0	0	0	0	0	0	0	0	0	0	0	0	0	0	0	0	0	0	0	0	0	0	0	0	0	0	0	0	0	4	0	0	0	0	0	0	0	0	0	0	0	0	0	0	0	0	0	0	0	0	0	0	0	0	0	0	0	0	0	0	0	0	0	0	0	0	0	0	0	0	0	0	0	0	0	0	0	0	0	0	0	0	0	0	0	0	0	0	0	0	0	0	0	0	0	0	0	0	0	0	0	0	0	0	0	0	0	0	0	0	0	0	0	0	0	0	0	0	0	0	0	0	0	0	0	0	0	0	0	0	0	0	0	0	0	0	0	0	0	0	0	0	0	0	0	0	0	0	0	0	0	0	0	0	0	0	0	0	0	0	0	0	0	0	0	0	0	0	0	0	0	0	0	0	0	0	0	0	0	0	0	0	0	0	0	0	0	0	0	0	0	0	0	0	0	0	0	0	0	0	0	0	0	0	0	0	0	0	0	0	0	0	0	0	0	0	0	0	0	0	0	0	0	0	0	0	0	0	14	0	0	0	0	0	0	0	0	0	0	0	14	0	0	0	0	0	0	0	0	0	0	0	0	0	0	0	0	0	0	0	0	0	0	0	0	0	0	0	0	0	0	0	0	0	0	0	0	0	1	0	0	0	0	0	0	0	0	0	0	0	0	0	0	0	0	0	0	0	0	0	0	0	0	0	0	0	0	0	0	0	0	0	0	3	0	0	0	0	0	0	0	0	0	0	0	0	0	0	0	0	0	0	0	0	0	2	0	0	0	0	0	0	0	0	0	0	0	0	0	0	0	0	0	0	0	10	0	0	0	0	0	0	0	0	0	0	0	0	0	0	0	0	4	0	0	0	0	0	0	0	0	0	0	0	0	0	0	0	0	0	0	0	0	0	0	0	0	0	0	0	0	0	0	0	0	0	0	0	0	0	0	0	0	0	0	0	0	0	0	0	0	2	0	0	0	0	0	0	0	0	0	0	0	0	0	0	0	0	0	0	0	0	0	0	0	0	0	0	0	0	0	0	0	0	0	0	0	0	0	0	0	0	0	0	0	0	0	0	0	0	0	0	0	0	0	0	0	0	0	0	0	0	0	0	0	0	0	0	6	0	0	0	0	0	0	0	0	0	0	0	0	0	0	0	0	0	0	0	0	0	0	0	0	0	0	0	0	0	0	0	0	0	0	0	0	0	0	0	0	0	0	0	0	0	0	0	0	0	0	0	0	0	0	0	0	0	0	0	0	0	0	0	0	0	0	0	0	0	0	0	0	0	0	0	0	0	0	0	0	0	0	0	0	0	0	0	0	0	0	0	0	0	0	0	0	0	0	0	0	0	0	0	0	0	0	0	0	0	0	0	0	0	0	0	0	0	0	0	0	0	0	0	0	0	0	0	0	0	0	0	0	0	0	0	0	0	0	0	0	0	0	0	0	0	0	0	0	0	0	0	0	0	0	0	0	0	0	0	0	0	0	0	0	0	0	0	0	0	0	0	0	0	0	0	0	0	0	0	0	0	0	0	0	0	0	0	0	0	0	0	0	0	0	0	0	0	0	0	0	0	0	0	1	0	0	0	0	0	0	0	0	0	0	0	0	0	0	0	0	0	0	0	0	0	0	0	0	0	0	0	0	0	0
