0	0	0	0	0	0	0	0	0	0	0	0	0	0	0	0	0	0	0	0	0	0	0	0	0	0	0	0	0	0	0	0	0	0	0	0	0	0	0	0	0	0	0	0	0	0	0	0	0	0	0	0	0	0	0	0	0	0	0	0	0	0	0	0	0	0	0	0	0	0	0	0	0	0	0	0	0	0	0	0	0	0	0	0	0	0	0	0	0	0	0	0	0	0	0	0	0	0	0	0	0	12	12	12	12	12	12	12	12	12	12	12	12	12	12	12	12	12	12	12	12	12	12	12	12	12	12	12	12	12	12	12	12	12	12	12	12	12	12	12	12	12	12	12	12	12	12	12	12	12	12	12	12	12	12	12	12	12	12	12	12	12	12	12	12	12	12	12	12	12	12	12	12	12	12	12	12	12	12	12	12	12	12	12	12	12	12	12	12	12	12	12	12	12	12	12	12	12	12	12	12	24	24	24	24	24	24	24	24	24	24	24	24	24	24	24	24	24	24	24	24	24	24	24	24	24	24	24	24	24	24	24	24	24	24	24	24	24	24	24	24	24	24	24	24	24	24	24	24	24	24	24	24	24	24	24	24	24	24	24	24	24	24	24	24	24	24	24	24	24	24	24	24	24	24	24	24	24	24	24	24	24	24	24	24	24	24	24	24	24	24	24	24	24	24	24	24	24	24	24	24	48	48	48	48	48	48	48	48	48	48	48	48	48	48	48	48	48	48	48	48	48	48	48	48	48	48	48	48	48	48	48	48	48	48	48	48	48	48	48	48	48	48	48	48	48	48	48	48	48	48	48	48	48	48	48	48	48	48	48	48	48	48	48	48	48	48	48	48	48	48	48	48	48	48	48	48	48	48	48	48	48	48	48	48	48	48	48	48	48	48	48	48	48	48	48	48	48	48	48	48	72	72	72	72	72	72	72	72	72	72	72	72	72	72	72	72	72	72	72	72	72	72	72	72	72	72	72	72	72	72	72	72	72	72	72	72	72	72	72	72	72	72	72	72	72	72	72	72	72	72	72	72	72	72	72	72	72	72	72	72	72	72	72	72	72	72	72	72	72	72	72	72	72	72	72	72	72	72	72	72	72	72	72	72	72	72	72	72	72	72	72	72	72	72	72	72	72	72	72	72	96	96	96	96	96	96	96	96	96	96	96	96	96	96	96	96	96	96	96	96	96	96	96	96	96	96	96	96	96	96	96	96	96	96	96	96	96	96	96	96	96	96	96	96	96	96	96	96	96	96	96	96	96	96	96	96	96	96	96	96	96	96	96	96	96	96	96	96	96	96	96	96	96	96	96	96	96	96	96	96	96	96	96	96	96	96	96	96	96	96	96	96	96	96	96	96	96	96	96	96	120	120	120	120	120	120	120	120	120	120	120	120	120	120	120	120	120	120	120	120	120	120	120	120	120	120	120	120	120	120	120	120	120	120	120	120	120	120	120	120	120	120	120	120	120	120	120	120	120	120	120	120	120	120	120	120	120	120	120	120	120	120	120	120	120	120	120	120	120	120	120	120	120	120	120	120	120	120	120	120	120	120	120	120	120	120	120	120	120	120	120	120	120	120	120	120	120	120	120	120	144	144	144	144	144	144	144	144	144	144	144	144	144	144	144	144	144	144	144	144	144	144	144	144	144	144	144	144	144	144	144	144	144	144	144	144	144	144	144	144	144	144	144	144	144	144	144	144	144	144	144	144	144	144	144	144	144	144	144	144	144	144	144	144	144	144	144	144	144	144	144	144	144	144	144	144	144	144	144	144	144	144	144	144	144	144	144	144	144	144	144	144	144	144	144	144	144	144	144	144	180	180	180	180	180	180	180	180	180	180	180	180	180	180	180	180	180	180	180	180	180	180	180	180	180	180	180	180	180	180	180	180	180	180	180	180	180	180	180	180	180	180	180	180	180	180	180	180	180	180	180	180	180	180	180	180	180	180	180	180	180	180	180	180	180	180	180	180	180	180	180	180	180	180	180	180	180	180	180	180	180	180	180	180	180	180	180	180	180	180	180	180	180	180	180	180	180	180	180	180	240	240	240	240	240	240	240	240	240	240	240	240	240	240	240	240	240	240	240	240	240	240	240	240	240	240	240	240	240	240	240	240	240	240	240	240	240	240	240	240	240	240	240	240	240	240	240	240	240	240	240	240	240	240	240	240	240	240	240	240	240	240	240	240	240	240	240	240	240	240	240	240	240	240	240	240	240	240	240	240	240	240	240	240	240	240	240	240	240	240	240	240	240	240	240	240	240	240	240	240	300	300	300	300	300	300	300	300	300	300	300	300	300	300	300	300	300	300	300	300	300	300	300	300	300	300	300	300	300	300	300	300	300	300	300	300	300	300	300	300	300	300	300	300	300	300	300	300	300	300	300	300	300	300	300	300	300	300	300	300	300	300	300	300	300	300	300	300	300	300	300	300	300	300	300	300	300	300	300	300	300	300	300	300	300	300	300	300	300	300	300	300	300	300	300	300	300	300	300	300
0	0	0	0	0	0	0	0	0	0	0	0	0	0	0	0	0	0	0	0	0	0	0	0	0	0	0	0	0	0	0	0	0	0	0	0	0	0	0	0	0	0	0	0	0	0	0	0	0	0	0	0	0	0	0	0	0	0	0	0	0	0	0	0	0	0	0	0	0	0	0	0	0	0	0	0	0	0	0	0	0	0	0	0	0	0	0	0	0	0	0	0	0	0	0	0	0	0	0	0	0	100	100	100	100	100	100	100	100	100	100	100	100	100	100	100	100	100	100	100	100	100	100	100	100	100	100	100	100	100	100	100	100	100	100	100	100	100	100	100	100	100	100	100	100	100	100	100	100	100	100	100	100	100	100	100	100	100	100	100	100	100	100	100	100	100	100	100	100	100	100	100	100	100	100	100	100	100	100	100	100	100	100	100	100	100	100	100	100	100	100	100	100	100	100	100	100	100	100	100	100	100	100	100	100	100	100	100	100	100	100	100	100	100	100	100	100	100	100	100	100	100	100	100	100	100	100	100	100	100	100	100	100	100	100	100	100	100	100	100	100	100	100	100	100	100	100	100	100	100	100	100	100	100	100	100	100	100	100	100	100	100	100	100	100	100	100	100	100	100	100	100	100	100	100	100	100	100	100	100	100	100	100	100	100	100	100	100	100	100	100	100	100	100	100	100	100	100	100	100	100	100	100	100	100	100	100	100	100	100	100	100	100	100	100	100	100	100	100	100	100	100	100	100	100	100	100	100	100	100	100	100	100	100	100	100	100	100	100	100	100	100	100	100	100	100	100	100	100	100	100	100	100	100	100	100	100	100	100	100	100	100	100	100	100	100	100	100	100	100	100	100	100	100	100	100	100	100	100	100	100	100	100	100	100	100	100	100	100	100	100	100	100	100	100	100	100	100	100	100	100	100	100	100	100	100	100	100	100	100	100	100	100	100	100	100	100	100	100	100	100	100	100	100	100	100	100	100	100	100	100	100	100	100	100	100	100	100	100	100	100	100	100	100	100	100	100	100	100	100	100	100	100	100	100	100	100	100	100	100	100	100	100	100	100	100	100	100	100	100	100	100	100	100	100	100	100	100	100	100	100	100	100	100	100	100	100	100	100	100	100	100	100	100	100	100	100	100	100	100	100	100	100	100	100	100	100	100	100	100	100	100	100	100	100	100	100	100	100	100	100	100	100	100	100	100	100	100	100	100	100	100	100	100	100	100	100	100	100	100	100	100	100	100	100	100	100	100	100	100	100	100	100	100	100	100	100	100	100	100	100	100	100	100	100	100	100	100	100	100	100	100	100	100	100	100	100	100	100	100	100	100	100	100	100	100	100	100	100	100	100	100	100	100	100	100	100	100	100	100	100	100	100	100	100	100	100	100	100	100	100	100	100	100	100	100	100	100	100	100	100	100	100	100	100	100	100	100	100	100	100	100	100	100	100	100	100	100	100	100	100	100	100	100	100	100	100	100	100	100	100	100	100	100	100	100	100	100	100	100	100	100	100	100	100	100	100	100	100	100	100	100	100	100	100	100	100	100	100	100	100	100	100	100	100	100	100	100	100	100	100	100	100	100	100	100	100	100	100	100	100	100	100	100	100	100	100	100	100	100	100	100	100	100	100	100	100	100	100	100	100	100	100	100	100	100	100	100	100	100	100	100	100	100	100	100	100	100	100	100	100	100	100	100	100	100	100	100	100	100	100	100	100	100	100	100	100	100	100	100	100	100	100	100	100	100	100	100	100	100	100	100	100	100	100	100	100	100	100	100	100	100	100	100	100	100	100	100	100	100	100	100	100	100	100	100	100	100	100	100	100	100	100	100	100	100	100	100	100	100	100	100	100	100	100	100	100	100	100	100	100	100	100	100	100	100	100	100	100	100	100	100	100	100	100	100	100	100	100	100	100	100	100	100	100	100	100	100	100	100	100	100	100	100	100	100	100	100	100	100	100	100	100	100	100	100	100	100	100	100	100	100	100	100	100	100	100	100	100	100	100	100	100	100	100	100	100	100	100	100	100	100	100	100	100	100	100	100	100	100	100	100	100	100	100	100	100	100	100	100	100	100	100	100	100	100	100	100	100	100	100	100	100	100	100	100	100	100	100	100	100	100	100	100	100	100	100	100	100	100	100	100	100	100	100	100	100	100	100	100	100	100	100	100	100	100	100	100	100	100	100	100	100	100	100	100	100	100	100	100	100	100	100	100	100	100	100	100	100	100	100	100	100	100	100	100	100	100	100	100	100	100	100	100	100	100	100	100	100	100	100	100	100	100	100	100	100	100	100	100	100	100	100	100	100	100	100	100	100	100	100	100	100	100	100	100	100	100	100	100	100	100	100	100	100	100	100	100	100	100	100	100	100	100	100	100	100	100	100	100	100	100	100	100	100	100	100	100	100	100	100	100	100	100	100	100	100	100	100	100	100	100	100	100	100	100	100	100	100	100	100	100	100	100	100	100	100	100	100	100	100	100	100	100	100	100	100	100	100	100	100
1	0	0	0	0	0	0	0	0	0	0	0	0	0	0	0	0	0	0	0	0	0	0	0	0	0	0	0	0	0	0	0	0	0	0	0	0	0	0	0	0	0	0	0	0	0	0	0	0	0	0	0	0	0	0	0	0	0	0	0	0	0	0	0	0	0	0	0	0	0	0	0	0	0	0	0	0	0	0	0	0	0	0	0	0	0	0	0	0	0	0	0	0	0	0	0	0	0	0	0	0	0	0	0	0	0	0	4	0	18	0	15	10	0	112	0	0	0	0	0	0	0	0	16	0	0	6	0	0	0	0	0	0	0	0	0	0	24	7	0	0	0	23	0	0	0	0	0	0	0	0	9	83	0	0	0	11	0	46	0	0	0	0	327	0	0	16	0	0	4	0	0	0	60	0	0	0	77	20	0	0	0	0	0	0	0	0	60	0	0	0	0	0	22	0	0	0	0	0	0	0	0	0	0	2	0	0	0	193	0	0	21	0	0	23	0	37	0	0	1	0	14	35	2	0	0	0	0	0	0	0	33	90	2	35	41	9	0	0	5	0	0	0	82	0	0	0	3	55	0	0	0	0	0	12	0	0	0	17	55	60	0	6	9	3	0	0	0	0	0	0	0	0	0	0	3	0	0	10	5	0	0	0	2	10	11	0	0	0	7	0	24	6	0	0	0	0	0	5	174	0	7	136	0	0	31	20	235	1	56	133	0	52	37	76	0	0	121	153	0	0	0	0	51	29	15	1	0	49	7	195	15	2	0	3	69	0	0	48	6	0	0	0	0	0	50	4	57	73	0	4	153	113	5	0	2	17	32	0	0	121	154	0	2	183	0	0	12	13	60	0	10	0	0	38	32	76	0	26	51	0	0	33	1	0	0	0	23	0	0	67	0	9	30	0	1	0	11	54	49	57	64	20	0	2	0	2	18	0	19	0	0	124	145	70	37	36	182	78	0	29	35	4	0	0	0	1	0	66	0	194	20	1	13	134	0	0	67	0	98	0	0	33	41	35	115	93	69	81	116	0	17	136	0	14	72	115	37	41	0	147	78	90	0	0	80	18	0	77	47	6	20	83	34	72	0	174	46	47	0	130	0	0	136	69	59	58	121	78	108	156	156	0	204	3	0	0	0	40	0	52	0	0	0	0	0	0	0	0	1	0	0	0	0	0	6	0	0	0	0	0	0	0	0	0	0	0	0	49	0	0	205	0	0	0	0	0	31	0	0	0	0	0	0	0	0	0	0	0	0	0	0	0	0	0	0	0	0	14	0	0	0	0	0	0	215	0	0	0	0	4	0	0	4	0	0	0	0	0	0	21	0	0	0	0	0	0	0	0	0	54	0	0	0	0	296	0	0	0	0	0	89	110	0	0	0	0	57	0	0	0	0	260	0	0	106	51	0	0	0	0	83	0	91	0	0	0	0	30	0	108	0	0	0	381	0	166	0	136	0	0	0	0	0	0	0	0	0	104	7	0	0	0	0	0	0	0	0	0	0	0	0	0	0	133	38	19	0	0	0	0	0	11	0	194	0	0	0	0	0	98	88	43	0	0	0	0	0	0	0	0	0	117	65	60	0	0	144	0	0	0	0	59	92	0	0	0	39	0	0	0	0	33	0	0	0	140	22	0	0	0	0	81	0	0	0	0	89	0	0	0	0	0	0	0	0	80	0	0	0	75	0	0	0	0	0	0	0	0	79	0	0	0	0	0	0	0	93	0	0	0	263	0	0	46	0	0	0	0	179	0	15	140	0	121	0	71	58	85	191	21	74	0	0	0	0	0	39	0	0	0	0	254	0	0	0	39	0	0	0	0	0	137	0	0	0	0	0	0	0	0	0	0	268	0	0	0	7	0	0	137	87	89	0	198	0	127	106	32	0	0	0	0	0	0	0	120	0	217	0	59	85	77	30	0	32	139	0	34	0	70	0	0	48	0	0	0	0	0	28	104	0	0	161	13	0	175	24	0	0	0	0	19	72	0	0	0	114	194	0	0	0	224	149	118	0	71	0	0	0	0	0	0	46	265	0	54	0	0	0	45	0	1	0	0	0	43	0	0	106	0	0	0	0	61	0	199	0	0	4	0	25	0	214	83	243	0	0	0	5	0	0	329	173	47	42	0	0	12	64	0	88	86	68	0	0	49	0	0	0	0	0	41	0	157	0	60	159	0	115	0	0	42	0	146	0	33	0	0	0	33	13	94	0	0	0	45	0	49	0	72	127	0	0	63	37	104	41	85	28	0	0	75	0	52	0	0	0	0	0	0	0	189	0	113	0	0	20	23	0	58	54	100	41	245	0	136	103	0	123	228	0	175	238	97	0	0	90	233	90	0	27	0	99	0	0	0	0	0	41	57	142	62	0	180	66	0	0	55	24	24	0	0	0	205	141	0	58	0	39	198	0	73	0	56	0	133	147	0	0	139	56	79	91	177	12	51	123	59	180	0	71	0	0	107	170	18	0	22	0	116	132	0	0	68	0	0	44	0	0	218
2	0	0	0	0	0	0	0	0	0	0	0	0	0	0	0	0	0	0	0	0	0	0	0	0	0	0	0	0	0	0	0	0	0	0	0	0	0	0	0	0	0	0	0	0	0	0	0	0	0	0	0	0	0	0	0	0	0	0	0	0	0	0	0	0	0	0	0	0	0	0	0	0	0	0	0	0	0	0	0	0	0	0	0	0	0	0	0	0	0	0	0	0	0	0	0	0	0	0	0	0	0	0	0	0	6	2	0	0	8	61	0	0	0	0	3	1	0	0	0	0	0	0	0	1	0	0	0	0	0	0	0	0	0	0	0	0	24	0	0	0	31	10	0	87	0	0	0	0	0	0	82	1	0	0	0	8	2	2	0	0	0	2	0	0	130	0	0	0	0	0	0	2	0	7	0	8	0	0	0	0	8	56	0	1	0	0	0	0	0	0	0	44	3	1	17	0	0	0	0	0	0	0	0	0	0	0	0	220	0	1	0	0	0	8	34	0	12	27	0	0	0	7	0	0	2	0	0	27	0	0	0	0	0	11	0	10	0	0	7	0	0	0	0	0	0	0	0	0	0	0	0	0	0	0	12	0	2	0	67	119	0	0	0	102	0	6	0	6	0	0	9	0	52	0	0	30	0	0	0	4	0	0	35	0	0	1	0	0	11	13	0	0	0	5	0	0	0	0	33	0	0	283	0	104	15	74	68	0	3	318	18	34	74	118	0	0	32	177	0	2	0	54	151	22	1	0	0	46	1	9	0	0	0	0	103	1	0	122	0	0	63	0	0	0	7	0	0	95	0	31	142	84	0	0	32	119	0	0	0	58	70	31	1	28	0	0	61	40	0	0	1	0	0	0	36	5	0	5	1	0	3	38	0	0	0	0	1	0	0	1	0	3	48	0	14	0	129	0	96	109	161	2	0	0	0	0	31	0	265	16	0	133	76	6	18	101	109	68	8	189	124	79	0	0	34	0	13	128	0	153	47	0	18	17	0	0	123	7	67	0	0	109	249	54	196	234	181	136	129	0	12	136	1	1	152	213	62	171	1	186	27	75	0	0	111	4	32	143	273	0	185	155	80	96	2	108	67	25	0	81	0	5	107	117	93	0	200	33	116	67	9	0	65	0	0	1	5	260	0	0	0	0	0	0	0	0	0	0	0	0	0	0	0	0	125	0	0	0	0	0	0	0	0	0	0	0	0	0	0	0	20	0	0	0	0	0	73	0	0	0	0	0	0	0	0	0	0	0	0	0	0	0	0	0	0	0	0	55	0	0	0	0	0	0	3	0	0	0	0	0	0	0	0	0	0	0	0	0	0	27	0	0	0	0	0	0	0	0	0	0	0	0	0	0	243	0	0	0	0	0	243	101	0	0	0	0	59	0	0	0	0	36	0	0	97	178	0	0	0	0	153	0	112	0	0	0	0	63	0	31	0	0	0	248	0	30	0	89	0	0	0	0	0	0	148	0	0	80	34	0	0	0	0	0	0	0	0	0	0	0	31	0	0	34	90	94	0	0	0	0	0	204	0	58	0	15	0	0	0	151	98	154	0	0	0	0	0	0	0	0	0	191	71	58	0	0	329	0	0	0	0	89	12	0	3	0	164	0	0	0	0	160	0	0	0	42	0	0	0	0	0	212	0	0	0	0	117	0	0	0	0	0	0	0	0	85	0	0	0	58	0	8	0	0	0	0	0	0	64	0	0	0	0	0	0	0	18	0	0	0	47	0	0	70	0	0	0	0	122	0	14	130	0	64	0	195	98	119	130	82	68	0	0	0	0	0	155	0	0	0	0	238	0	0	0	183	0	0	0	0	0	203	0	0	0	0	0	0	0	0	0	0	59	0	0	0	0	0	0	123	92	124	0	117	0	139	127	160	0	0	0	0	0	0	0	16	0	92	0	162	79	134	0	0	265	50	0	106	0	0	0	5	49	0	0	0	0	0	93	37	0	0	159	153	0	24	43	0	0	0	0	68	68	0	0	0	102	17	0	0	0	31	82	111	0	56	0	0	0	0	0	24	45	115	0	122	0	0	0	116	0	14	0	0	0	216	0	47	40	0	0	0	0	50	0	23	0	0	35	0	112	0	63	63	87	0	0	0	37	0	0	135	52	85	164	0	0	85	270	0	196	112	106	0	0	170	0	0	0	0	0	68	0	179	0	55	148	0	38	0	3	136	0	132	0	124	0	0	0	75	70	79	0	0	0	89	0	181	0	157	14	0	0	7	44	122	144	28	51	0	0	45	0	94	0	0	0	0	0	0	0	146	0	97	0	0	45	12	0	89	56	261	107	74	0	90	45	0	74	120	0	63	82	124	0	0	257	110	162	0	120	0	43	0	0	0	0	0	499	94	70	193	0	56	133	0	0	38	40	36	0	0	0	147	10	0	188	0	68	29	0	90	0	209	0	209	21	0	0	100	97	42	108	4	101	93	150	124	50	0	33	0	0	156	40	54	0	0	0	103	56	0	0	91	0	0	54	0	0	206
3	0	0	0	0	0	0	0	0	0	0	0	0	0	0	0	0	0	0	0	0	0	0	0	0	0	0	0	0	0	0	0	0	0	0	42	0	0	0	0	0	0	0	0	0	0	0	0	0	0	0	0	0	0	0	0	0	0	0	0	0	0	0	0	0	0	0	0	0	0	0	0	0	0	0	0	0	0	0	0	0	0	0	0	0	0	0	0	0	0	0	0	0	0	0	0	0	0	0	0	0	0	0	0	0	0	0	0	0	0	0	0	0	0	0	0	0	0	0	0	0	0	0	0	7	0	0	0	0	0	0	0	0	0	0	0	0	0	0	0	0	0	0	0	0	0	0	0	0	0	0	0	0	4	0	0	0	0	0	0	0	0	0	0	0	0	0	0	0	0	2	0	0	0	0	0	0	0	0	0	0	0	0	0	0	0	0	0	0	0	0	0	0	0	0	0	0	0	0	0	0	0	0	0	0	0	0	0	116	0	0	0	0	0	0	0	0	0	0	0	0	0	0	0	0	0	0	0	0	0	0	0	0	0	0	0	0	0	0	0	0	0	0	0	0	0	0	0	0	0	0	0	0	0	0	0	0	0	0	145	0	0	0	0	0	0	0	0	0	3	0	0	0	0	0	0	0	0	0	0	0	0	0	228	0	0	0	0	0	0	0	0	0	0	24	0	0	0	0	6	0	0	13	0	27	0	0	138	0	0	19	0	78	173	112	9	0	31	88	0	0	0	0	141	78	0	0	0	134	0	163	0	0	0	0	96	0	0	85	0	0	0	0	0	0	72	0	13	104	0	0	80	99	0	0	0	5	24	13	42	165	384	0	0	76	0	56	71	29	9	0	0	0	0	10	3	0	0	0	46	0	0	44	0	0	0	0	0	0	0	0	0	0	143	81	0	0	108	0	87	248	68	0	0	0	0	0	146	0	188	0	0	181	44	14	91	56	87	32	0	102	128	132	1	0	0	0	0	145	0	86	16	0	0	143	0	0	12	0	110	0	0	74	5	90	70	67	83	28	117	0	212	36	0	0	54	40	87	4	0	11	124	122	0	0	165	1	0	2	140	0	91	114	191	25	0	154	296	10	0	181	0	0	57	255	57	0	93	69	26	81	363	0	169	0	0	0	0	99	0	0	0	0	0	0	0	0	0	0	0	0	0	0	0	0	5	0	0	0	0	0	0	29	0	0	0	0	0	0	0	0	55	0	0	0	0	0	101	0	0	0	0	0	0	0	0	0	0	0	0	1	0	0	0	0	0	0	0	188	0	0	0	0	0	0	90	0	0	47	0	35	0	0	192	0	0	0	0	0	0	27	0	0	0	1	0	0	0	0	0	80	0	0	0	0	245	0	0	0	0	36	281	112	0	0	0	0	55	0	0	1	0	162	0	0	65	98	0	0	0	0	101	0	291	0	0	0	0	120	0	21	0	9	0	84	0	30	0	217	0	0	0	0	0	0	57	0	38	71	65	0	0	0	0	102	0	0	0	0	0	0	20	0	0	27	115	66	0	0	0	0	0	61	0	82	0	0	1	0	0	23	51	80	0	13	0	0	0	0	13	0	0	72	124	52	0	0	11	0	0	0	0	83	21	0	0	0	71	0	4	0	1	148	0	0	0	442	0	0	0	0	0	188	0	0	0	0	126	0	0	0	0	0	0	0	0	302	0	0	0	5	0	0	0	0	0	0	0	0	67	0	0	0	0	0	0	0	166	0	0	0	57	0	0	60	0	0	5	0	55	0	121	95	0	98	0	146	10	19	79	21	271	0	0	0	0	0	50	0	0	0	64	33	0	6	0	87	0	0	0	0	0	117	0	0	0	0	0	0	0	0	40	0	131	0	0	0	0	0	0	32	211	79	0	46	0	28	10	92	0	0	0	0	0	0	2	82	0	129	0	49	87	72	58	0	173	126	0	53	0	167	0	0	136	0	0	1	0	0	42	66	0	0	308	37	0	26	171	0	0	1	0	44	268	0	0	0	73	52	0	0	0	101	24	216	0	161	0	0	0	0	0	28	218	79	0	144	0	0	0	270	0	282	0	0	0	173	0	102	17	0	0	0	0	62	0	49	66	0	41	0	103	0	53	59	38	0	0	0	71	0	66	189	103	141	21	0	0	60	158	0	89	87	40	0	0	77	0	0	0	0	0	178	0	89	0	161	120	0	126	0	0	103	0	112	69	48	0	0	0	83	29	70	0	0	8	152	0	235	0	46	80	0	10	46	198	214	42	223	69	0	0	111	0	148	0	0	0	0	0	0	0	176	0	42	0	0	137	112	0	60	30	18	74	77	0	68	19	0	213	46	0	9	47	39	0	0	17	281	160	0	57	0	86	0	0	0	0	0	199	76	129	41	0	119	66	0	0	80	137	76	14	0	0	45	128	0	85	0	71	150	0	31	0	12	0	27	45	47	0	260	89	39	26	123	65	59	161	23	98	0	202	70	0	82	25	77	42	0	0	54	113	0	0	379	0	0	117	0	0	50
4	0	0	0	0	0	0	0	0	0	0	0	0	0	0	0	0	0	0	0	0	0	0	0	0	0	0	0	0	0	0	0	0	0	0	0	0	0	0	0	0	0	0	0	0	0	0	0	0	0	0	0	0	0	0	0	0	0	0	0	0	0	0	0	0	0	0	0	0	0	0	0	0	0	0	0	0	0	0	0	0	0	0	0	0	0	0	0	0	0	0	0	0	0	0	0	0	0	0	0	0	0	0	0	0	0	15	0	0	0	0	0	0	0	0	0	0	0	0	0	0	0	0	0	0	0	0	0	0	0	0	0	0	0	0	0	0	0	0	0	0	0	0	0	0	0	0	0	0	0	0	0	0	0	0	0	0	0	0	0	0	0	0	0	0	0	0	0	0	0	0	8	0	0	0	0	0	0	0	0	0	0	0	1	0	0	0	0	0	0	0	0	0	0	5	0	0	0	0	2	0	0	0	0	0	0	0	0	82	0	0	0	0	0	0	0	0	0	0	0	0	0	45	0	0	0	0	0	16	0	0	0	0	0	0	0	0	0	0	0	0	0	0	0	0	0	0	0	0	0	0	0	0	0	0	0	0	0	0	36	0	0	0	0	0	0	0	0	0	0	0	0	0	0	0	0	0	0	0	17	0	0	0	142	0	0	0	0	0	0	0	0	0	0	0	0	0	0	0	12	0	0	31	0	4	0	71	5	0	0	129	0	136	120	71	0	0	80	19	0	0	0	0	23	311	0	0	0	93	0	68	0	0	0	0	224	0	0	20	0	0	0	0	0	0	80	0	143	176	0	0	81	74	0	0	0	103	67	12	0	74	73	0	0	55	0	0	0	38	0	0	0	0	0	110	8	0	0	0	109	0	0	69	0	0	0	0	0	0	0	0	0	0	204	0	0	0	42	0	122	92	97	0	0	0	0	0	112	0	172	0	0	72	99	87	74	141	66	176	0	87	181	56	0	0	0	0	0	20	0	94	83	0	0	114	0	0	182	0	55	0	0	140	196	229	142	195	117	62	152	0	86	183	0	0	50	50	12	291	0	111	97	152	0	0	64	0	0	156	176	0	79	213	61	162	0	131	66	35	0	47	0	0	41	133	13	0	63	171	72	31	66	0	93	0	55	0	0	100	0	0	0	0	0	0	0	0	0	0	0	0	0	0	0	0	29	0	6	0	0	0	0	0	0	0	0	0	0	16	0	0	199	0	0	0	0	0	164	0	0	0	0	0	0	0	0	0	0	0	0	0	0	0	1	0	0	0	0	96	0	0	0	0	0	0	116	0	0	0	0	66	0	0	120	0	0	0	0	0	0	132	0	0	0	1	0	0	0	0	0	108	0	0	0	0	15	0	0	0	0	0	101	39	0	0	0	0	52	49	0	17	0	128	31	0	5	124	0	0	0	0	18	0	56	0	0	0	15	45	0	135	0	0	0	34	0	176	0	98	0	0	0	0	0	0	73	0	0	263	54	0	0	101	0	0	0	0	0	0	0	0	113	0	0	80	29	31	0	0	0	20	0	69	0	99	0	34	0	0	0	274	68	40	0	0	0	0	0	0	56	0	0	99	175	47	0	0	36	0	0	0	0	30	35	0	0	0	13	0	0	0	0	125	0	0	0	23	0	0	0	0	0	75	0	0	0	0	366	0	0	0	0	0	0	0	0	188	0	0	0	18	0	0	0	0	0	0	0	0	74	0	0	0	0	0	0	0	145	0	0	0	232	0	0	82	0	0	0	0	98	0	112	95	0	206	0	93	62	64	20	188	69	0	0	0	0	0	200	0	0	0	0	197	0	0	0	88	0	0	0	0	0	75	0	0	0	0	1	0	0	0	0	0	126	0	2	0	75	0	0	147	26	108	83	216	0	130	140	17	0	0	0	0	0	0	0	29	0	92	0	85	116	59	86	0	120	49	0	192	7	151	0	0	210	0	0	0	0	0	118	29	0	0	125	21	0	58	35	0	0	0	0	168	21	1	0	0	277	221	0	0	2	186	76	169	0	92	0	0	0	164	0	30	116	96	0	130	0	0	0	59	0	166	0	0	0	56	0	255	19	0	0	0	1	155	0	108	253	0	13	0	90	0	100	87	108	0	0	0	139	0	23	218	227	111	15	0	0	40	163	0	199	152	26	0	0	87	0	0	0	0	0	116	0	94	0	345	138	72	66	0	0	114	0	14	1	182	0	0	0	52	62	64	0	0	0	17	0	143	0	30	36	0	11	262	77	66	276	76	244	0	15	67	0	50	0	0	0	0	0	0	0	178	0	172	0	0	161	70	0	32	223	248	184	151	0	37	6	0	105	72	0	49	222	49	5	14	126	40	92	0	53	0	66	0	0	0	0	0	145	75	115	81	0	13	188	0	0	112	106	34	0	0	0	73	117	0	168	0	62	259	0	30	0	125	0	214	152	0	0	214	87	34	44	114	240	98	61	22	159	0	42	0	0	73	180	124	20	0	0	10	156	0	0	105	0	1	93	0	0	275
5	0	0	0	0	0	0	0	0	0	0	0	0	0	0	0	0	0	0	0	0	0	0	0	0	0	0	0	0	0	0	0	0	0	0	0	0	44	0	0	0	0	0	0	0	92	0	0	0	0	0	0	0	0	0	0	0	0	0	0	0	0	0	0	0	0	0	0	0	0	0	0	0	0	0	0	0	0	0	0	0	0	0	0	0	43	0	0	0	0	0	0	0	0	0	0	0	0	0	0	0	0	0	3	0	0	0	0	0	0	0	0	0	0	0	0	0	0	0	0	0	0	0	0	0	0	0	0	0	0	0	0	0	0	0	0	0	36	0	0	0	0	0	0	0	0	0	0	0	0	0	0	0	0	0	0	0	0	0	0	0	1	27	0	0	0	0	0	0	0	0	7	0	0	0	0	0	26	0	0	0	0	23	0	0	0	0	0	0	0	0	0	0	0	11	0	1	0	0	0	0	0	0	0	0	0	0	0	30	0	0	0	0	0	0	0	0	0	0	0	0	0	9	1	0	0	1	0	0	0	0	0	0	0	26	0	0	8	0	0	0	0	0	0	0	0	0	0	0	0	0	0	0	0	0	0	0	0	0	57	0	0	0	0	0	0	0	10	0	0	0	0	0	0	0	0	0	0	0	0	0	0	0	34	0	0	0	0	0	0	0	0	0	0	91	0	0	0	0	1	0	0	68	0	102	0	43	70	0	0	59	0	8	36	61	0	0	56	175	0	0	0	0	47	110	0	25	0	178	0	18	0	0	0	0	194	0	0	78	0	0	0	0	0	0	212	0	0	80	0	0	69	78	0	0	0	71	16	0	0	55	119	0	0	78	0	122	29	235	0	0	13	0	0	13	0	0	0	75	2	21	0	79	0	0	0	0	0	0	0	0	0	0	48	0	0	0	19	0	85	189	27	0	0	0	0	0	215	0	43	0	0	112	6	39	120	96	94	288	0	39	28	8	0	0	152	0	0	42	70	161	46	0	0	53	0	0	4	13	51	0	0	83	109	123	124	197	96	143	63	0	30	54	0	0	87	73	17	131	0	110	50	84	0	0	63	0	0	127	52	0	33	28	36	45	0	224	147	86	0	164	0	0	93	147	163	0	100	137	293	84	56	0	76	0	0	0	0	108	5	0	0	0	2	0	3	0	0	0	0	0	0	0	0	0	26	0	0	0	0	23	0	109	0	0	0	0	0	47	0	0	153	0	0	0	0	0	66	0	0	0	0	0	0	0	0	0	0	0	1	0	0	0	0	0	0	0	0	26	0	0	0	0	0	0	86	0	0	0	0	33	0	0	5	0	0	0	0	0	0	49	0	0	0	0	0	0	0	0	0	28	0	0	12	0	49	57	0	0	0	0	38	47	0	0	0	0	150	65	0	0	0	92	24	0	90	33	0	0	0	0	68	0	314	0	0	0	0	94	0	118	0	0	0	24	0	95	0	128	0	0	0	0	0	0	194	0	0	57	116	0	0	0	0	0	0	0	0	0	0	0	74	0	0	68	136	88	0	0	0	0	0	161	0	140	0	0	0	0	0	132	112	27	0	0	0	0	1	0	92	0	0	194	136	53	0	0	163	0	0	0	0	18	102	0	0	0	30	0	0	0	0	111	0	0	0	41	0	0	0	0	0	115	0	0	0	0	95	0	0	0	4	11	8	0	0	174	4	0	0	47	0	0	0	0	0	0	0	0	21	0	0	0	0	0	0	0	55	0	0	0	242	0	0	34	0	0	0	0	108	0	1	39	0	208	0	101	137	166	134	45	138	0	0	0	0	0	62	2	0	0	0	117	0	0	0	104	0	0	0	1	0	56	0	0	0	0	0	0	0	0	0	0	81	0	0	0	0	0	0	116	94	97	0	119	0	123	178	52	5	0	0	0	0	23	0	148	0	247	0	53	137	52	101	0	148	184	0	44	0	35	0	0	31	5	0	0	0	31	30	87	0	1	154	147	0	41	126	9	0	0	0	190	57	0	0	0	44	47	0	0	0	92	122	88	0	152	0	0	0	0	59	263	82	97	0	113	0	0	0	55	0	190	0	2	0	252	0	244	104	57	0	0	0	206	0	133	167	0	129	0	131	0	226	164	54	0	0	0	92	77	44	140	90	263	29	81	0	87	92	0	114	30	151	0	0	109	0	1	0	0	0	48	10	19	0	357	88	0	253	0	11	77	0	48	82	66	0	0	8	129	174	165	0	0	0	53	0	89	0	125	31	0	128	82	46	59	375	130	143	0	0	227	0	136	0	3	0	0	0	0	1	69	4	99	0	0	101	76	0	126	199	60	59	163	0	66	53	0	19	29	0	56	103	160	0	0	112	213	41	0	39	0	34	0	0	0	0	0	103	191	28	154	0	95	52	0	0	97	54	158	3	0	0	292	34	0	297	0	82	55	0	24	0	105	0	83	45	0	0	157	139	84	22	151	304	50	236	50	102	0	111	0	0	109	194	111	0	0	1	7	52	0	0	297	0	0	196	0	0	269
6	0	0	0	0	0	0	0	0	0	0	0	0	0	0	0	0	0	0	0	0	0	0	0	0	0	0	0	0	0	0	0	0	0	0	0	0	0	0	0	0	0	0	0	0	0	0	0	0	0	0	0	0	0	0	0	0	0	0	0	0	0	0	0	0	0	0	0	0	0	0	0	0	0	0	0	0	0	0	0	0	0	0	0	0	0	0	0	0	0	0	0	0	0	0	0	0	0	0	0	0	0	0	0	0	0	0	0	0	0	0	0	0	0	0	0	0	0	4	0	0	0	0	0	0	3	0	0	0	0	0	0	0	0	0	0	0	0	0	0	0	0	0	0	0	0	0	0	0	0	0	50	0	0	0	0	0	0	0	0	0	0	78	0	0	0	0	0	0	0	2	0	0	0	0	0	28	0	0	0	0	0	0	0	0	0	0	0	0	0	0	0	0	0	0	0	0	0	0	0	0	0	0	0	0	0	0	0	239	0	0	0	0	0	0	0	0	0	0	0	0	0	31	0	0	4	0	23	0	0	0	0	0	0	3	0	0	0	0	0	0	0	0	0	0	0	0	0	0	0	0	0	0	1	0	8	0	0	0	192	85	0	0	0	0	0	0	24	0	0	0	0	0	0	0	0	0	0	0	0	0	0	0	12	0	5	0	0	0	72	0	0	0	0	0	0	0	0	0	47	0	0	56	0	11	33	3	44	0	57	204	0	34	142	106	0	0	234	116	0	0	0	0	211	44	0	0	0	235	1	82	0	0	0	0	83	0	0	98	0	0	71	0	0	40	294	0	169	121	0	0	41	103	12	0	1	164	4	0	0	49	56	8	0	233	0	92	0	40	0	0	0	0	0	90	115	0	0	0	77	0	0	39	0	0	0	0	196	0	0	0	0	0	168	0	0	0	209	33	134	168	38	0	0	0	0	14	66	0	16	40	7	46	224	27	12	59	77	59	2	57	161	108	0	0	66	9	0	47	24	23	66	0	0	38	0	1	36	0	59	47	0	78	171	175	85	106	46	382	223	0	90	46	0	0	116	37	170	56	135	40	44	344	0	0	179	0	0	45	29	0	44	186	157	4	0	112	145	82	0	97	0	0	89	117	36	7	59	62	16	91	15	0	77	20	11	0	3	176	0	0	0	0	0	0	0	0	0	0	0	0	0	0	0	0	157	0	0	0	0	0	0	40	0	0	1	1	3	13	0	0	31	0	0	0	0	46	68	0	0	0	0	0	2	0	0	0	2	0	0	0	0	0	0	5	0	0	0	15	0	0	0	0	21	0	139	0	0	0	0	99	0	0	31	0	0	0	1	0	0	40	0	0	0	1	0	57	0	0	0	29	0	0	0	0	126	0	0	4	0	0	89	5	2	0	0	0	35	138	0	56	0	160	3	0	107	71	0	0	0	1	80	0	68	0	0	0	0	56	0	27	0	0	0	25	0	92	0	161	0	0	0	0	0	60	71	22	141	76	263	0	0	0	0	0	0	0	0	0	0	0	344	3	2	61	37	58	0	0	0	0	0	65	0	255	0	0	0	0	0	158	28	84	0	13	0	0	0	16	41	0	0	52	161	59	0	0	22	0	0	0	0	62	56	0	3	0	95	0	1	0	0	31	0	0	0	9	0	0	0	0	100	93	4	0	0	0	76	0	0	0	1	4	0	0	0	66	0	0	0	96	10	0	0	17	73	29	3	0	144	0	0	0	0	0	0	0	118	0	0	0	206	0	0	81	6	0	0	0	103	0	52	46	0	215	0	83	63	127	221	120	56	0	0	0	0	0	149	0	2	0	0	48	0	0	0	62	0	0	0	0	4	135	0	0	0	0	0	0	0	0	0	0	58	2	0	0	17	0	0	303	22	30	0	235	0	132	54	25	0	0	0	0	0	0	0	54	0	69	0	26	98	52	258	0	76	131	0	395	0	128	0	0	42	0	0	0	0	0	256	37	0	0	220	125	0	44	135	0	0	0	0	95	13	0	0	0	38	125	0	0	0	155	26	56	39	41	0	0	0	0	0	160	199	178	0	16	0	0	0	139	0	127	0	0	0	104	0	46	111	0	0	0	0	114	0	79	154	0	87	0	137	0	137	97	183	0	0	0	60	0	35	15	87	184	231	0	0	338	72	0	114	104	85	0	0	28	0	0	2	0	3	15	0	89	0	113	183	0	144	0	0	39	0	36	46	76	17	0	0	176	60	32	0	0	0	25	0	110	0	107	211	0	23	69	42	107	42	166	166	0	0	133	2	38	11	0	0	0	0	11	0	47	4	159	0	0	82	388	0	105	248	199	59	214	0	93	120	0	59	107	0	72	412	26	0	1	26	108	15	0	206	0	146	0	1	0	0	0	61	12	113	43	0	45	71	0	0	94	48	45	3	0	0	229	90	0	199	4	139	108	0	78	55	45	0	97	19	14	0	113	26	97	17	378	110	173	23	77	47	0	153	78	0	14	96	31	22	0	11	34	38	0	0	180	0	0	123	0	0	69
7	0	0	0	0	0	0	0	0	0	0	0	0	0	0	0	0	0	0	0	0	0	0	0	0	0	0	0	0	0	0	0	0	0	0	0	0	0	0	0	0	0	0	0	0	28	0	0	0	0	0	0	0	0	0	0	0	0	0	0	0	0	0	0	0	0	0	0	0	0	0	0	0	0	0	0	0	0	0	0	0	0	0	0	0	0	0	0	0	0	0	0	0	0	0	0	0	0	0	0	0	0	0	0	0	0	0	0	0	0	0	0	0	0	0	0	0	0	0	0	0	0	0	0	0	0	0	0	0	0	0	0	0	0	0	0	0	0	1	0	0	0	0	0	0	0	0	0	0	0	0	0	0	0	0	0	0	0	0	0	0	0	0	0	0	0	0	0	0	0	0	0	0	0	0	0	0	0	0	0	0	0	0	0	0	0	0	0	0	0	0	0	0	0	0	0	0	0	0	0	0	0	0	0	0	0	0	0	24	0	0	0	0	0	0	2	0	0	0	0	0	0	69	0	0	0	0	0	0	0	0	0	0	0	0	0	0	0	0	0	0	0	0	0	0	0	0	0	0	0	1	0	0	0	0	0	0	0	0	40	5	0	0	0	0	0	11	0	43	0	0	0	0	35	0	0	0	0	0	0	0	0	0	63	0	0	0	0	0	0	0	0	0	0	0	0	0	0	0	255	1	0	67	0	52	0	71	67	0	37	117	0	36	258	88	0	0	317	55	0	0	0	0	61	10	0	0	0	96	0	138	0	0	0	0	57	0	0	67	0	0	0	0	0	0	50	0	191	33	0	2	48	68	0	0	0	132	64	0	0	29	38	0	0	40	0	2	52	141	0	0	0	0	0	13	23	0	0	0	27	0	0	70	0	0	0	0	0	0	0	0	0	0	66	0	0	0	69	76	26	6	108	0	0	13	0	4	143	0	108	39	0	202	147	217	263	47	36	7	0	138	194	40	0	0	0	0	0	41	0	5	29	0	0	96	0	18	286	0	114	0	18	3	88	99	126	113	34	97	138	0	274	91	0	0	84	56	69	69	0	24	19	76	24	0	74	0	0	107	171	0	97	24	365	22	0	27	84	133	0	142	1	0	153	92	118	2	26	90	171	106	87	0	45	0	0	0	0	41	0	0	0	0	4	0	0	0	0	0	0	0	0	0	0	0	28	0	0	0	0	15	0	170	0	0	0	0	0	216	0	0	116	0	0	0	0	0	76	0	0	0	0	0	0	0	0	0	0	0	0	0	0	0	0	0	0	0	0	26	0	0	0	0	64	0	30	0	0	20	0	39	0	0	33	0	0	0	0	0	0	48	0	0	0	0	105	0	0	0	0	74	0	0	0	0	83	0	0	0	1	0	79	189	4	0	0	0	21	8	0	0	0	10	82	0	44	165	0	0	0	0	26	0	156	0	0	0	0	179	0	54	0	0	0	44	0	76	0	73	0	0	0	0	0	0	58	0	0	24	159	0	0	0	0	0	0	1	0	0	0	0	51	0	0	280	37	78	0	0	0	0	0	118	0	2	0	0	0	0	0	121	83	64	0	30	0	0	0	0	155	0	0	236	129	16	0	0	155	0	0	0	2	48	189	0	5	0	55	0	8	0	0	19	0	0	0	103	2	0	0	0	0	75	0	0	0	0	78	0	0	0	70	0	0	0	0	126	0	0	0	115	0	0	1	0	0	0	41	0	84	0	0	0	0	0	0	0	340	56	0	0	53	73	0	13	0	0	0	0	106	0	79	38	0	51	0	230	14	64	113	77	110	0	0	0	0	1	60	24	0	0	0	250	0	0	0	123	0	0	0	0	0	102	0	0	0	14	0	0	0	0	0	1	187	0	0	0	44	0	0	48	127	60	114	89	0	137	88	70	0	0	0	0	0	0	0	36	0	122	0	83	112	22	318	0	102	26	0	44	16	157	0	0	52	0	0	0	0	0	60	97	0	0	37	160	1	73	7	0	0	0	0	70	78	0	0	0	158	24	0	0	0	60	272	62	22	44	0	0	0	0	0	119	109	58	0	265	0	0	0	38	0	29	0	0	2	20	0	3	63	0	0	8	0	94	0	78	24	0	104	0	154	0	104	160	92	0	0	0	41	0	112	21	71	52	28	0	0	96	90	0	102	206	126	0	0	33	0	0	0	0	0	73	0	230	0	14	56	0	139	10	58	95	0	29	50	53	0	0	0	112	162	84	0	16	0	101	0	278	0	102	107	0	7	126	78	67	173	32	199	0	0	73	0	173	0	1	164	21	0	0	0	40	0	152	0	0	129	211	0	178	141	25	165	32	0	89	111	0	22	164	0	122	49	219	0	0	103	68	57	0	189	0	110	0	0	0	0	0	10	113	187	77	0	119	80	4	0	156	64	53	0	0	0	177	32	0	200	0	87	71	0	50	0	127	0	151	29	0	0	55	55	131	72	133	113	46	88	43	99	0	93	0	0	77	96	23	6	0	1	168	133	0	0	26	0	0	10	0	0	86
8	28	0	0	0	0	0	0	0	0	12	0	0	0	0	0	0	0	0	0	0	0	0	0	0	0	0	0	0	0	0	0	0	0	0	0	0	0	0	0	0	0	0	0	0	0	0	0	0	0	0	0	0	0	0	0	0	0	0	0	0	0	0	0	0	0	0	0	0	0	0	0	0	0	0	0	0	0	0	0	0	0	0	0	0	0	0	0	0	0	0	0	0	0	0	0	0	0	0	0	0	0	0	0	0	0	0	0	0	0	0	0	0	0	0	0	0	0	0	0	0	0	1	0	0	0	0	0	0	0	0	0	0	0	0	0	0	0	0	0	0	0	0	0	0	0	0	0	0	0	0	0	5	0	0	0	0	0	0	0	0	0	0	0	0	0	0	0	0	0	0	1	0	0	0	0	0	0	0	0	0	0	0	0	0	0	0	0	1	0	0	0	0	0	0	0	0	0	0	0	0	1	0	0	0	0	0	37	222	0	0	0	0	32	0	0	0	0	15	0	0	0	59	0	14	0	0	0	0	0	0	0	0	0	0	0	0	0	0	0	0	0	0	0	0	0	0	0	0	0	0	0	0	0	0	0	0	5	0	21	0	0	0	0	0	0	0	0	0	0	0	0	0	0	0	0	0	0	0	0	0	0	0	331	0	0	0	0	0	0	0	0	0	0	53	0	0	0	0	71	0	0	43	0	0	4	179	98	0	0	109	0	23	76	153	0	0	148	75	0	0	0	0	25	310	0	50	0	22	0	132	48	0	0	5	150	0	33	57	0	0	0	0	0	0	210	0	3	106	0	0	52	240	25	0	0	27	4	0	0	128	127	0	0	48	0	27	47	183	0	0	0	0	0	238	17	0	0	0	208	0	0	87	0	0	0	0	0	0	0	0	0	0	5	0	0	0	111	103	26	55	234	0	0	0	0	0	41	0	75	33	0	79	232	134	188	9	22	16	0	36	120	90	0	0	0	0	0	73	8	122	29	0	0	162	0	0	93	0	262	0	0	64	331	154	116	110	152	240	107	0	18	83	0	0	314	96	31	97	10	98	99	81	0	0	108	0	0	116	220	0	228	147	81	31	0	110	99	159	0	16	0	0	21	57	111	0	146	80	106	64	72	0	105	0	0	0	0	53	0	61	0	0	0	0	0	0	0	0	0	0	0	0	0	0	38	0	0	0	0	0	0	43	0	0	0	0	0	39	1	0	114	0	0	0	0	0	65	0	0	0	0	0	0	2	0	0	0	0	0	0	0	0	0	0	0	0	0	34	0	0	0	0	82	1	137	1	0	0	0	21	0	0	183	0	0	0	28	0	0	9	0	0	0	0	0	0	0	0	0	111	0	0	0	0	68	0	0	0	1	0	112	131	0	0	0	0	52	363	0	0	0	167	68	0	139	55	0	0	0	47	73	0	103	0	0	0	0	109	0	66	0	0	0	229	0	170	0	62	0	0	0	0	0	0	134	0	3	72	15	0	0	0	0	0	0	0	0	0	0	0	104	0	0	27	25	63	0	23	0	0	0	179	0	18	0	0	0	0	0	17	68	212	0	0	0	0	0	0	31	0	0	87	49	182	0	0	71	1	0	0	0	114	31	0	0	0	175	0	0	0	0	57	0	0	0	63	0	0	0	0	178	206	0	0	0	0	148	0	0	0	6	0	0	0	0	165	0	0	0	16	0	0	0	0	6	0	0	0	48	0	0	19	2	0	0	0	96	0	1	0	202	2	0	23	0	0	0	0	181	0	58	109	0	25	0	159	107	179	22	77	178	0	10	0	0	0	144	2	0	0	0	19	0	0	0	152	0	0	0	0	0	107	0	0	0	0	0	0	0	0	13	0	135	0	0	0	8	0	0	147	72	137	0	124	0	37	147	67	1	0	0	0	0	34	0	113	0	101	0	160	88	65	379	0	159	202	0	126	0	65	0	0	74	0	0	0	0	0	107	97	0	0	232	124	0	125	25	0	0	0	0	69	277	0	0	0	63	27	0	0	0	253	139	163	0	132	0	0	0	0	0	187	73	396	0	68	0	0	0	97	0	49	0	0	0	30	0	283	209	0	0	0	0	2	0	99	0	0	54	0	324	0	152	141	55	0	0	0	127	0	37	94	160	56	211	0	0	71	9	0	79	192	39	7	1	143	0	0	0	0	0	335	0	12	34	242	38	0	154	0	0	149	0	215	24	117	0	0	0	27	31	35	0	0	0	69	0	134	0	52	43	0	29	144	109	171	89	97	193	0	0	44	0	131	0	0	0	171	0	0	0	87	0	67	0	0	108	124	0	21	66	26	14	527	0	94	53	0	121	161	0	26	99	257	0	0	22	34	53	0	88	0	123	0	0	0	0	0	121	135	15	205	0	115	147	3	0	58	144	237	0	0	0	65	86	0	237	0	92	136	0	40	0	175	0	70	83	1	0	206	74	12	181	46	71	61	109	89	237	0	192	0	0	107	74	33	0	0	0	98	26	0	0	111	0	0	39	0	0	88
9	0	0	0	0	0	0	0	0	0	0	0	0	0	0	0	0	0	0	0	0	0	0	0	0	0	0	0	0	0	0	0	0	0	0	0	0	0	0	0	0	0	0	0	0	0	0	0	0	0	0	0	0	0	0	19	0	0	0	0	0	0	0	0	0	0	0	0	0	0	0	0	0	0	0	0	0	0	0	0	0	0	0	0	0	0	0	0	0	0	0	0	0	0	0	0	0	0	0	0	0	0	12	0	0	0	0	0	0	0	0	0	0	0	0	0	0	0	0	0	2	0	0	0	0	0	0	0	0	0	0	0	0	0	0	0	0	0	0	0	0	17	0	0	0	0	0	0	0	0	0	0	0	0	0	0	0	0	0	0	0	0	34	0	2	0	0	0	0	0	0	0	0	0	0	0	0	0	0	0	0	0	0	7	0	0	0	0	0	0	0	0	0	0	0	0	0	0	0	0	10	0	0	2	0	0	0	0	38	0	0	0	103	0	0	0	0	0	0	0	0	8	57	0	0	0	0	0	0	0	0	0	0	0	188	0	0	0	0	0	0	0	0	0	0	0	0	0	30	0	0	0	0	0	0	0	0	0	33	159	104	0	4	0	0	0	0	0	0	0	0	0	0	0	0	0	0	0	0	0	0	0	0	42	0	0	0	0	0	0	0	0	0	0	4	0	0	0	0	40	0	0	106	0	35	2	120	61	0	23	173	0	52	97	51	0	0	121	129	0	0	0	0	48	225	0	0	0	185	0	223	0	0	0	0	150	0	0	177	0	0	0	0	95	5	79	0	64	183	0	0	191	114	0	0	0	52	7	0	0	264	59	0	11	188	0	1	20	88	0	0	0	0	0	110	34	0	0	0	6	1	0	161	0	0	0	0	0	0	0	0	0	14	51	0	0	4	34	20	189	197	44	0	0	0	0	0	48	0	63	0	4	237	116	0	11	83	112	26	0	115	93	133	0	0	57	0	0	90	0	44	5	8	0	270	56	0	137	0	36	0	0	105	148	11	57	33	79	43	64	0	101	79	0	0	13	89	38	131	0	181	93	40	0	0	59	0	0	219	117	0	17	255	56	135	0	4	281	202	0	128	0	0	141	72	23	57	98	22	33	124	132	0	137	0	0	14	0	46	0	2	0	0	0	0	0	0	0	0	0	0	0	0	0	0	33	0	0	0	0	0	0	75	0	0	0	0	0	0	0	0	13	0	0	0	0	0	146	0	0	0	0	13	0	0	0	2	0	0	1	0	0	0	0	47	0	0	0	121	0	0	0	0	27	0	62	0	1	0	0	75	0	0	77	0	0	0	0	0	0	155	0	0	108	0	0	0	6	0	0	5	0	0	0	0	155	0	0	0	0	0	220	111	3	4	0	0	15	50	0	0	0	195	18	0	40	57	0	0	0	0	97	0	90	0	0	0	46	182	0	21	0	0	0	124	0	20	0	53	0	0	11	0	0	0	41	0	67	87	61	0	0	0	0	0	0	0	0	0	0	8	163	0	0	38	149	246	0	28	0	0	0	18	0	177	0	111	0	0	0	5	95	26	8	0	0	0	0	0	1	0	6	103	21	57	0	71	94	0	0	0	3	74	49	0	0	0	217	0	0	0	0	133	0	0	0	159	0	0	0	0	28	136	1	0	0	0	149	0	0	0	9	0	0	1	3	53	0	0	0	39	0	0	0	0	0	0	107	0	153	0	0	0	1	0	0	0	32	0	0	0	119	0	0	40	0	0	0	0	135	0	63	57	0	124	0	85	74	156	62	120	108	0	21	0	0	0	106	0	0	0	0	182	0	2	0	51	0	0	0	0	0	140	0	0	2	0	0	0	0	0	0	0	110	0	0	5	131	0	0	62	57	62	24	55	0	37	277	40	0	0	0	0	0	10	0	137	0	134	0	23	13	160	107	0	47	120	0	68	0	10	0	0	72	0	0	0	0	0	149	60	3	0	238	67	0	74	77	0	1	0	0	146	40	0	0	1	141	73	0	0	0	317	116	123	78	144	0	0	0	107	0	294	76	113	0	65	0	0	0	129	0	76	0	0	0	61	0	50	262	0	0	0	10	57	0	64	14	0	40	0	244	0	247	227	16	0	0	0	201	0	20	181	21	216	8	0	0	94	224	0	28	73	105	0	0	62	0	0	0	0	0	56	0	73	0	315	149	0	95	0	1	59	0	58	17	149	1	0	0	168	61	96	0	0	0	135	0	161	0	74	87	0	33	173	194	133	23	276	113	0	35	2	0	129	0	0	0	18	6	11	0	49	5	40	0	0	127	114	0	59	46	23	76	177	0	50	72	0	97	136	2	113	196	117	0	0	62	154	81	0	70	0	152	0	0	0	0	0	57	38	70	155	0	73	259	0	0	11	156	372	0	0	0	24	50	0	29	0	50	78	8	75	0	162	0	181	148	14	0	37	302	47	240	246	241	83	95	95	34	0	130	4	0	66	49	78	20	0	0	60	117	0	0	205	0	0	45	0	0	103
10	0	0	0	0	0	0	0	0	0	0	0	0	0	0	0	0	0	0	0	0	0	0	0	0	0	0	0	0	0	0	0	0	0	0	0	0	0	0	0	0	0	0	0	0	0	0	0	0	0	0	0	0	0	0	0	0	0	0	0	0	0	0	0	0	0	0	0	0	0	0	0	0	0	0	0	0	0	0	0	0	0	0	0	0	0	0	0	0	0	0	0	0	0	0	0	0	0	0	0	0	0	0	21	0	0	0	0	0	0	0	0	0	0	0	0	0	0	0	0	0	0	0	0	0	0	0	0	0	0	0	0	0	0	0	0	0	0	2	0	0	0	0	0	0	0	0	0	0	0	0	0	0	0	0	0	0	0	0	0	0	0	0	0	19	0	3	0	0	0	0	0	0	0	0	0	0	0	0	0	0	0	0	0	0	0	0	0	0	0	0	0	0	0	0	0	0	0	0	0	0	0	0	0	0	0	0	0	132	0	0	0	0	0	0	0	0	0	0	0	0	0	48	0	0	0	0	0	0	0	0	0	0	0	0	0	0	0	0	0	0	0	0	0	0	0	0	0	0	0	0	0	0	0	0	0	0	0	0	62	0	0	0	0	0	0	0	0	0	0	0	0	0	0	0	0	0	0	0	0	0	0	0	362	0	0	0	0	0	0	0	0	0	0	19	0	0	0	0	109	0	4	14	0	39	0	7	40	0	0	223	0	111	144	184	0	0	49	16	0	0	0	0	67	26	0	0	0	87	0	146	0	0	0	0	106	0	0	16	0	0	18	0	0	0	89	0	79	57	0	0	92	190	0	0	0	51	27	0	0	105	162	0	0	80	0	141	17	130	0	0	9	0	0	6	16	0	0	0	26	0	0	51	0	0	0	13	0	0	0	27	0	0	52	0	0	0	53	72	161	155	60	0	0	0	0	0	211	0	65	21	0	91	168	76	146	38	61	94	0	75	39	62	0	0	0	0	0	78	0	270	29	0	0	172	65	0	55	0	46	0	0	101	116	144	137	69	232	122	129	0	234	254	0	0	128	162	57	43	65	78	307	30	0	0	37	0	0	72	78	6	80	171	141	8	0	234	9	226	0	178	0	0	80	99	69	0	87	282	125	58	12	0	99	0	0	0	5	122	0	0	16	0	0	0	0	0	0	0	7	0	0	80	0	0	95	0	0	0	1	0	0	126	0	0	0	0	0	131	0	0	95	0	0	1	0	0	28	0	0	0	0	0	0	0	0	0	0	0	0	0	0	0	0	0	0	0	0	239	0	0	0	0	10	0	151	0	0	0	0	27	0	0	52	0	0	0	0	0	0	20	0	0	0	0	0	0	0	0	0	186	0	0	0	0	226	0	0	0	0	0	16	68	0	0	0	0	31	2	0	0	0	85	46	0	14	59	0	0	0	0	31	0	32	0	0	0	0	64	0	171	0	0	0	86	1	34	0	198	0	0	0	0	0	0	156	0	117	154	107	0	0	0	0	0	0	0	0	0	0	0	63	0	0	31	18	193	0	0	0	0	0	90	0	15	0	0	0	0	0	50	121	100	0	0	0	0	0	0	3	0	0	82	313	312	0	0	30	0	0	0	0	47	134	0	0	0	148	0	0	0	0	59	0	0	0	45	0	0	0	0	78	54	0	0	0	0	103	0	0	0	0	0	0	0	0	80	0	0	0	168	0	0	0	0	12	1	0	0	45	0	0	0	0	0	0	0	36	0	0	0	94	0	0	64	0	0	0	0	43	0	48	72	0	22	0	50	161	16	84	70	165	0	0	0	0	0	95	16	0	0	0	129	0	0	0	176	0	0	0	0	0	147	0	0	0	0	0	0	0	0	0	0	79	0	0	0	88	0	0	51	43	74	0	41	0	79	48	81	0	2	0	0	0	0	0	41	0	196	0	174	4	55	43	0	162	72	0	47	0	33	0	0	31	0	0	0	0	35	14	97	0	0	144	352	0	3	68	0	0	0	0	187	308	0	0	0	71	153	0	0	0	58	15	36	0	109	0	0	0	0	0	113	126	38	0	30	0	0	0	50	0	10	0	1	0	74	0	24	14	0	0	0	0	174	0	218	47	0	202	0	46	0	25	134	21	0	0	0	70	0	46	60	53	112	171	0	0	70	9	0	90	371	118	0	0	124	0	0	3	0	0	187	0	72	0	118	10	0	179	0	0	115	0	124	51	12	0	0	0	161	115	49	0	0	0	11	0	168	0	86	165	0	21	168	17	60	119	14	84	0	0	45	0	72	0	0	0	0	0	0	0	149	0	153	0	0	150	121	0	328	142	38	125	74	0	50	75	0	41	72	0	59	35	219	0	0	100	54	154	0	138	0	259	0	0	0	0	0	173	156	33	92	0	244	107	0	0	58	114	121	0	0	0	59	71	0	84	2	94	21	0	89	3	121	0	37	50	16	0	36	80	106	50	74	26	91	140	183	14	0	54	32	0	41	13	21	46	0	0	73	26	0	0	109	0	0	153	0	0	50
11	0	0	0	0	0	0	0	0	0	0	0	0	0	0	0	0	0	0	0	0	0	0	0	0	0	0	0	0	0	0	0	0	0	0	0	0	0	0	0	0	0	0	0	0	0	0	0	0	0	0	0	0	0	0	0	0	0	0	0	6	0	0	0	0	0	0	0	0	0	0	0	0	0	0	0	0	0	0	0	0	0	0	0	0	0	0	0	0	0	0	0	0	0	0	0	0	0	0	0	0	0	0	0	0	0	0	0	0	0	0	0	0	0	0	0	0	0	0	0	0	0	0	0	0	0	0	0	0	0	0	0	0	0	0	0	0	0	0	0	0	0	0	0	0	0	0	0	73	0	0	7	0	0	5	0	0	0	0	0	0	0	0	0	0	0	0	0	0	0	0	0	0	0	0	0	0	0	0	0	0	0	0	0	0	0	0	0	0	0	5	0	0	0	0	0	0	0	0	0	1	0	0	0	0	0	0	0	136	0	0	0	0	0	0	1	0	4	0	0	0	0	16	0	0	41	0	0	0	0	11	0	0	0	126	0	0	0	0	1	0	0	0	0	0	0	0	0	3	0	0	0	0	0	0	0	0	0	0	31	0	0	0	18	0	0	12	0	0	0	0	0	0	0	0	6	0	0	0	0	0	0	0	74	0	0	0	0	0	0	0	0	0	0	16	0	0	0	0	158	0	0	143	0	0	0	51	178	0	110	35	0	143	299	25	0	0	238	101	1	0	0	0	152	144	0	0	0	70	0	40	0	0	0	0	79	0	0	145	0	0	0	0	51	0	142	35	278	36	0	1	52	239	0	0	0	69	390	0	1	20	36	0	0	32	0	39	24	21	0	0	2	0	0	79	18	0	0	0	84	0	0	4	0	0	0	0	0	0	22	0	0	0	147	0	0	0	203	116	183	93	138	0	0	10	0	0	53	10	82	40	94	53	106	21	118	37	12	137	0	149	257	47	0	0	6	0	0	68	0	20	209	0	0	274	0	0	78	0	113	0	0	194	146	143	31	11	56	69	29	0	18	117	0	0	148	193	58	139	0	22	78	45	0	0	40	0	0	24	52	0	302	118	101	14	0	38	248	78	0	129	0	0	147	134	32	87	61	39	75	125	40	0	29	0	1	0	0	62	0	4	0	0	0	0	0	0	3	0	0	0	0	7	0	0	57	0	0	0	0	0	0	2	0	0	0	0	0	3	0	0	234	0	0	2	0	0	127	0	0	0	0	0	0	0	0	0	0	0	0	0	0	0	0	0	0	0	0	133	36	0	0	0	1	0	56	0	0	0	0	152	0	0	20	0	0	0	0	0	0	96	0	0	6	0	0	0	0	0	0	75	0	0	0	0	145	0	0	0	0	0	256	147	0	0	0	0	32	62	0	7	0	13	17	0	106	159	0	0	2	0	206	0	216	0	183	0	0	322	0	79	0	0	0	19	0	27	0	141	0	0	0	0	0	0	61	6	0	285	43	0	0	0	0	0	0	0	0	0	0	0	36	0	0	104	136	46	0	0	0	0	0	34	0	36	0	0	0	0	1	102	40	97	0	0	0	0	0	0	2	0	0	13	36	241	0	14	68	0	0	0	1	132	44	0	0	0	160	0	0	0	0	57	0	0	0	190	0	0	0	0	0	8	5	0	0	0	28	0	0	0	3	0	0	0	0	443	0	0	3	79	0	0	0	0	0	0	0	0	44	2	0	0	0	0	0	0	149	0	0	0	73	0	7	104	0	0	0	0	43	0	157	124	0	163	0	87	64	185	205	173	162	0	6	0	0	0	55	0	0	0	0	118	15	0	0	121	0	0	0	1	0	26	0	0	1	0	0	0	0	0	0	140	52	0	0	0	0	0	7	75	49	82	4	73	0	52	178	85	0	0	0	0	85	0	0	187	0	90	0	105	42	13	53	0	180	44	0	390	0	44	0	0	108	0	0	0	0	0	59	144	0	0	109	45	0	189	39	0	0	0	0	174	122	0	0	0	95	70	0	0	0	168	30	181	72	12	0	0	0	103	0	98	132	285	0	138	0	0	0	236	0	218	0	0	0	216	0	305	48	0	0	0	0	130	0	106	143	0	304	0	40	0	116	85	81	0	0	0	35	0	205	3	105	103	71	0	0	27	77	0	56	10	118	0	0	238	0	0	0	0	0	22	15	43	0	166	187	49	45	0	0	22	0	133	1	67	0	0	0	226	102	241	0	0	0	64	0	137	0	83	36	0	260	65	92	48	87	16	52	0	3	194	0	65	0	0	0	0	0	0	0	87	0	21	0	0	181	63	0	73	123	51	27	31	0	198	112	0	53	105	3	40	12	143	0	0	241	138	105	0	75	0	103	0	0	0	0	0	94	57	28	73	0	144	63	0	0	119	136	98	0	0	0	86	67	0	177	5	7	38	0	41	25	109	0	152	147	12	0	199	61	112	89	104	38	262	66	70	192	0	97	0	0	160	33	8	85	0	0	60	73	0	0	194	0	0	245	0	0	63
12	0	0	0	0	0	0	0	0	0	0	0	0	0	0	0	0	0	0	0	0	0	0	0	0	0	0	0	0	0	0	0	0	0	0	0	0	0	0	0	0	0	0	0	0	0	0	0	0	0	0	36	0	0	0	0	0	0	0	0	0	0	0	0	0	0	0	0	0	0	0	0	0	0	0	0	0	0	0	0	0	0	0	0	0	0	0	0	0	0	0	0	0	0	0	0	0	0	0	0	0	0	0	0	0	0	0	0	0	0	0	0	0	0	0	0	0	17	70	0	7	0	0	0	0	20	0	0	0	0	0	0	0	0	0	0	0	0	0	0	0	0	0	0	0	0	0	0	0	0	0	0	0	3	0	0	0	0	0	0	0	0	0	0	0	0	0	0	1	0	0	0	0	0	0	0	0	0	0	0	0	0	0	0	0	0	0	0	0	0	0	0	0	0	0	0	0	0	0	0	0	0	0	0	0	0	0	0	75	0	0	0	0	0	0	0	0	0	0	0	0	0	0	0	0	0	0	0	0	0	0	0	0	0	0	0	0	0	0	0	0	0	26	0	0	0	0	0	0	0	0	0	0	0	0	0	0	0	0	20	0	0	0	0	16	0	0	0	0	0	0	0	0	0	0	0	0	0	0	50	0	0	0	31	0	0	0	0	0	0	0	0	0	0	0	0	0	0	0	19	0	0	160	0	97	0	42	124	0	0	20	0	106	45	90	0	0	35	72	0	0	0	0	25	175	0	0	0	30	0	219	0	0	0	3	42	0	0	42	1	0	16	0	0	0	99	0	36	84	0	0	81	230	0	0	0	127	21	0	0	190	2	0	0	65	0	0	61	72	0	0	0	0	0	75	1	0	0	10	10	0	0	75	0	6	0	0	0	0	0	0	0	0	49	0	0	17	90	91	143	117	109	0	0	0	33	0	59	0	34	6	0	66	22	77	39	0	54	45	0	115	39	68	0	0	0	0	32	142	27	75	60	0	0	83	0	0	22	0	90	61	0	50	159	123	180	21	64	93	129	0	210	66	0	0	103	260	362	97	0	103	21	78	0	0	86	3	0	50	49	15	7	41	276	21	0	178	52	193	0	158	0	0	44	110	186	0	117	160	363	248	76	0	82	0	9	0	0	66	0	0	0	0	0	0	0	0	0	0	0	0	0	0	0	0	65	0	0	0	0	0	0	0	0	0	0	0	0	39	0	0	35	0	0	0	0	62	66	0	9	0	0	0	0	0	0	0	0	0	10	0	0	0	0	0	0	0	0	73	0	0	0	0	0	0	41	0	0	0	0	166	0	0	268	0	0	0	0	0	0	90	0	0	0	0	0	0	0	0	0	102	0	0	0	0	170	0	0	0	28	0	111	135	0	0	0	0	164	148	0	7	0	162	4	0	189	64	0	0	0	20	51	0	101	0	0	0	0	119	0	206	0	0	0	68	0	115	0	98	0	0	0	0	0	0	41	0	15	166	109	0	0	0	0	0	0	0	0	0	0	0	67	0	0	103	49	207	0	0	0	0	0	106	0	38	0	0	0	0	0	58	89	58	0	0	0	0	0	0	0	0	0	184	28	79	0	22	59	0	0	0	0	34	33	0	0	0	30	0	0	0	0	121	1	0	0	8	0	0	27	0	4	149	0	0	0	5	102	0	0	0	0	0	0	2	0	76	1	0	0	47	0	0	0	0	0	0	0	0	78	11	0	0	0	0	0	0	121	0	0	0	93	3	0	46	0	0	0	0	140	0	31	81	0	122	0	100	64	73	127	37	95	0	0	0	0	0	106	0	0	0	0	127	0	0	0	121	0	0	0	0	0	125	0	0	0	0	0	0	0	0	6	0	95	0	0	0	1	0	0	19	67	110	0	80	0	190	47	20	0	0	0	13	0	83	0	100	0	87	0	75	36	36	193	0	10	28	0	165	0	104	0	12	122	0	0	0	0	0	48	119	0	0	36	15	0	98	222	0	0	0	0	57	42	0	0	0	115	110	0	0	0	242	61	145	51	154	0	0	0	0	0	54	75	101	0	33	0	0	8	149	0	172	0	0	0	38	0	122	48	0	0	1	0	28	0	126	6	0	11	0	48	0	70	25	107	0	0	0	174	6	153	103	66	35	27	0	0	63	194	0	200	326	44	0	0	60	0	0	0	0	0	126	0	67	0	165	103	0	181	0	0	51	0	55	64	35	0	0	0	46	173	143	0	0	0	79	0	33	8	125	57	1	153	22	140	102	51	48	167	0	0	141	0	125	0	0	0	0	0	1	0	125	0	135	0	0	82	320	0	8	15	57	4	61	0	76	45	0	60	146	0	145	12	136	0	0	25	116	270	0	106	0	180	0	0	0	0	0	99	48	44	169	0	187	55	0	8	151	94	30	0	0	0	119	175	0	70	0	74	131	7	82	0	11	0	76	114	0	0	106	65	152	50	53	105	25	76	41	223	0	89	6	0	89	291	105	0	0	14	246	82	0	0	117	0	0	92	6	0	23
13	0	0	0	0	0	0	0	0	0	0	0	0	0	0	0	0	0	0	0	0	0	0	0	0	0	0	0	0	0	0	0	0	0	0	0	0	0	0	0	0	0	0	0	0	0	0	0	0	0	0	0	0	0	0	0	0	0	0	0	0	0	0	0	0	0	0	0	0	0	0	0	0	0	0	0	0	0	0	0	0	0	0	0	0	0	0	0	0	0	0	0	0	0	0	0	0	0	0	0	0	0	0	0	0	0	0	28	0	0	0	0	0	0	0	0	0	0	0	0	0	0	0	0	0	50	0	0	0	0	0	0	0	0	0	0	0	0	0	0	0	0	0	0	0	0	0	0	0	0	0	0	0	0	0	0	0	0	0	0	0	0	0	0	0	0	0	0	0	0	4	0	0	0	0	0	0	0	0	0	0	0	0	0	0	0	0	0	0	0	0	0	0	0	0	0	0	0	0	0	0	0	0	0	0	0	0	0	94	0	0	0	0	0	0	0	0	0	0	0	0	0	53	0	0	0	0	0	0	0	0	0	0	0	0	0	0	0	0	0	0	0	0	0	0	0	0	0	0	0	0	0	0	0	0	0	0	0	0	21	0	0	0	0	0	0	0	0	0	0	0	0	0	0	0	0	0	0	0	0	0	0	0	38	0	0	0	0	0	0	0	0	0	0	0	0	0	0	0	118	0	28	114	0	0	21	77	54	0	0	100	0	73	179	19	0	0	30	97	0	0	0	0	38	131	0	0	0	11	0	31	0	0	0	0	83	0	0	36	0	0	0	0	0	0	85	0	28	101	0	0	167	13	0	0	0	44	0	0	0	55	67	0	0	85	0	22	33	33	0	0	0	0	0	0	0	0	0	0	17	0	0	62	0	0	0	0	0	0	0	0	0	0	55	0	0	0	35	105	148	117	51	0	0	0	0	2	63	0	198	0	0	27	131	0	67	4	137	287	0	102	104	50	0	0	0	0	0	49	0	106	210	0	0	158	0	0	40	0	63	36	0	110	80	27	7	49	92	52	134	0	141	81	0	0	201	54	129	62	0	165	92	45	0	0	87	0	0	12	64	0	44	172	169	40	0	62	90	61	0	48	0	0	63	197	1	0	1	6	54	183	233	0	102	0	0	0	0	71	0	0	0	0	0	0	0	0	0	0	0	0	0	0	0	0	85	0	0	0	0	1	0	0	7	3	0	0	0	126	0	0	111	0	0	0	4	0	30	0	0	0	0	0	0	0	0	0	0	0	0	0	0	0	0	0	0	0	0	60	0	0	0	0	5	0	42	0	0	0	0	10	0	0	26	0	0	0	0	0	0	84	0	0	0	0	0	0	0	0	0	26	13	0	0	0	73	0	0	21	0	0	11	67	3	0	0	0	128	100	0	0	0	90	157	0	11	111	0	0	0	0	21	0	102	0	0	0	0	52	0	75	0	0	0	243	0	202	0	19	0	0	0	0	0	0	51	0	0	75	159	0	0	0	0	0	0	0	1	0	0	0	51	0	0	105	222	135	0	2	0	0	0	57	0	37	0	0	0	0	0	135	17	36	0	0	0	0	0	0	3	0	0	69	29	26	0	0	38	0	0	0	0	124	93	0	0	0	21	0	3	0	0	284	0	0	0	72	60	0	0	0	85	77	0	0	0	0	198	0	0	0	0	0	0	0	0	200	0	0	0	32	0	0	0	0	0	0	0	0	75	0	0	0	0	0	0	0	114	0	0	0	29	7	0	58	0	0	0	0	81	0	48	142	0	19	0	42	79	112	85	157	36	0	0	0	0	0	91	0	1	0	0	171	0	0	0	237	0	0	0	0	0	104	0	0	0	0	2	0	0	0	0	0	394	0	0	0	3	0	0	67	8	52	0	52	0	119	90	159	0	0	0	0	0	0	0	98	0	29	0	7	107	238	27	0	196	105	0	47	0	82	0	0	47	0	3	0	0	0	78	76	0	0	78	140	0	84	105	0	0	0	0	58	175	2	0	0	86	75	0	0	0	42	121	56	0	125	0	0	0	0	2	35	95	32	0	31	0	0	0	97	0	72	0	0	0	58	0	1	129	0	0	0	0	79	0	35	0	0	45	0	105	1	48	182	204	0	0	0	55	20	81	5	37	91	29	0	0	42	4	0	104	67	77	0	0	50	0	0	0	0	0	21	0	76	0	145	16	0	68	0	0	174	0	189	13	33	0	0	0	125	6	104	0	0	0	183	0	174	0	42	173	0	77	141	34	23	64	58	219	0	0	136	0	98	0	0	0	5	0	0	0	71	0	19	0	0	100	32	0	85	98	35	244	18	69	237	72	0	86	169	0	95	141	26	0	0	83	61	171	0	253	0	104	0	0	0	0	0	41	187	23	77	0	78	165	0	1	166	161	99	0	2	0	196	67	0	15	0	63	42	0	107	0	219	0	111	196	0	0	62	13	97	25	62	53	91	87	203	17	0	22	0	0	154	27	31	15	0	1	36	66	0	0	5	0	0	152	2	0	118
14	0	0	0	0	0	0	0	0	0	0	0	0	0	0	0	0	0	0	0	0	0	0	0	0	0	0	0	0	0	0	0	0	0	0	0	0	0	0	0	0	0	0	0	0	0	0	0	0	0	0	0	0	0	0	0	0	0	0	0	0	0	0	0	0	0	0	0	0	0	0	0	0	0	0	0	0	0	0	0	0	0	0	0	0	0	0	0	0	0	0	0	0	0	0	0	0	0	0	0	0	0	0	0	0	0	0	0	0	0	0	0	0	0	0	0	0	0	0	0	0	0	0	0	0	0	0	0	0	0	0	0	0	0	0	0	0	0	0	0	0	0	0	0	0	0	0	0	0	0	0	0	0	0	0	0	0	42	0	0	0	0	0	0	0	0	0	0	1	0	0	0	0	0	0	0	0	0	0	0	0	0	0	0	0	0	0	0	0	0	0	12	0	0	0	0	0	0	0	0	0	0	0	0	0	0	0	0	56	0	0	0	0	0	0	0	0	0	0	0	0	0	78	0	0	0	0	0	0	0	0	0	0	0	0	0	0	0	0	1	3	0	0	0	0	0	0	0	0	0	0	0	0	0	0	0	0	0	0	53	8	0	0	0	0	27	0	0	0	0	0	0	0	0	0	0	0	0	60	0	0	0	0	21	1	0	0	0	0	0	21	0	0	0	75	0	0	0	0	36	0	0	16	0	273	0	41	115	0	0	59	0	51	5	27	1	0	80	53	0	0	0	17	43	40	0	0	0	72	0	44	0	7	0	0	20	0	0	22	0	0	84	0	0	0	22	0	68	47	39	0	103	77	0	0	0	23	38	0	0	131	53	0	0	57	0	31	108	221	0	0	0	0	0	85	41	0	0	0	76	0	0	85	0	86	0	0	25	0	0	0	0	0	60	0	0	0	133	54	52	81	85	0	0	0	0	0	51	0	67	50	16	90	54	104	43	45	122	93	0	120	117	293	0	0	192	0	80	18	0	53	88	0	0	158	0	0	28	0	266	26	1	124	21	105	75	39	8	62	50	0	14	71	0	2	35	110	176	103	0	129	47	78	0	0	88	0	0	23	7	6	139	159	145	116	0	36	57	112	0	49	0	0	63	85	19	0	14	112	44	182	43	0	117	0	0	0	8	234	9	0	0	0	23	0	0	0	0	0	0	0	0	6	0	0	28	0	0	0	0	6	0	163	0	0	0	0	0	85	0	0	44	0	0	0	0	0	64	0	0	3	0	0	0	0	0	0	0	0	0	0	0	0	0	10	0	0	0	70	0	0	0	1	4	0	106	0	0	2	0	0	0	0	100	0	0	0	0	0	0	78	0	0	0	0	0	0	3	0	0	116	0	0	0	0	47	0	0	0	0	0	300	70	0	0	0	0	94	66	0	6	0	209	61	0	210	63	0	0	0	0	127	0	84	0	0	0	0	87	0	116	0	0	0	156	0	27	0	128	0	0	0	0	0	0	97	0	536	31	155	0	0	0	0	0	17	0	0	0	0	0	136	0	0	118	172	127	0	0	0	0	0	189	0	239	0	0	0	0	0	206	41	58	0	59	8	0	0	14	36	0	0	49	161	151	0	0	71	0	0	0	0	148	130	0	1	0	102	0	20	0	0	74	0	0	0	398	48	0	0	10	103	204	18	0	11	0	7	0	0	0	47	0	0	0	0	99	0	0	0	98	0	0	0	0	9	0	24	0	53	3	0	0	0	0	0	0	28	0	0	0	139	0	0	146	0	0	0	6	111	0	112	45	0	99	0	129	85	228	76	20	118	0	0	0	0	0	57	5	4	0	0	64	0	0	0	134	0	0	0	0	0	184	0	19	0	0	4	0	0	0	0	0	142	0	0	0	162	0	0	101	156	244	0	43	0	29	110	139	0	0	0	0	1	30	0	58	0	102	1	106	51	154	38	0	201	160	0	146	0	77	0	0	132	0	0	0	0	0	68	104	0	0	56	6	0	13	94	30	0	2	0	32	30	0	0	0	110	191	0	0	0	96	94	86	138	51	0	0	0	0	0	177	124	90	0	186	0	0	0	88	0	223	0	1	0	457	0	47	34	0	0	0	0	175	0	52	119	0	66	0	39	0	106	103	98	0	0	0	94	47	62	81	40	70	71	0	0	145	54	0	119	94	113	20	0	44	0	0	0	0	0	74	0	143	0	50	23	0	38	0	37	31	0	42	207	33	0	0	0	6	69	3	0	0	26	57	0	82	0	106	68	0	11	138	85	6	19	44	49	0	0	46	0	126	0	0	3	0	0	40	0	143	0	83	0	0	59	55	0	142	57	143	62	102	0	72	134	0	31	154	0	72	123	67	0	0	67	68	50	0	70	0	3	0	0	0	0	0	34	173	20	13	0	220	15	0	0	250	70	36	0	0	0	224	132	0	239	0	15	144	0	234	0	190	0	379	47	4	0	96	6	46	274	33	43	104	105	140	171	0	135	0	0	45	45	112	9	0	0	98	90	0	0	93	0	0	368	0	0	241
15	0	0	0	0	0	0	0	0	0	0	0	0	0	0	0	0	0	0	0	0	0	0	0	0	0	0	0	0	0	0	0	0	0	0	0	0	0	0	0	0	0	0	0	0	0	0	0	0	0	0	0	0	0	0	0	0	0	0	0	0	0	0	0	0	0	0	0	0	0	0	0	0	0	0	0	0	0	0	0	0	0	0	0	0	0	0	0	0	17	0	0	0	0	0	0	0	0	0	0	0	0	0	0	0	0	0	0	0	0	0	0	0	0	0	0	0	0	0	0	0	0	0	0	0	0	0	0	0	0	0	0	0	0	0	0	0	63	0	0	0	0	0	0	0	0	0	0	0	0	0	2	0	0	0	0	0	0	0	0	0	0	0	0	0	0	0	0	0	0	0	0	0	0	0	0	0	0	0	0	0	0	0	0	0	0	0	0	8	0	0	0	0	0	0	0	0	0	0	0	0	0	0	0	0	0	0	0	53	0	0	0	0	0	0	0	0	0	0	0	0	0	12	0	0	0	0	0	0	0	0	0	0	0	114	0	0	0	0	0	0	0	0	0	0	0	0	0	0	0	0	0	0	0	0	0	0	0	0	223	0	0	0	0	0	3	0	0	0	0	15	0	0	0	0	0	1	0	0	0	0	0	0	32	0	0	0	0	0	0	0	0	0	0	33	0	0	0	0	96	0	0	64	0	0	2	76	174	0	18	159	0	170	66	43	2	0	180	95	0	0	0	0	55	96	0	0	0	19	0	68	11	0	0	0	7	0	0	75	0	0	9	0	0	0	99	0	22	33	0	0	55	86	0	0	0	23	0	0	0	206	60	0	0	32	0	0	22	71	0	0	0	0	0	87	13	0	0	0	9	0	0	107	0	0	0	0	0	0	15	0	0	8	13	0	0	0	102	4	21	35	53	0	0	0	0	0	77	0	89	0	0	179	56	108	191	20	106	17	0	47	71	63	0	0	0	1	0	75	14	113	103	0	0	34	0	0	66	0	60	0	0	275	157	3	56	34	79	59	6	0	88	108	0	0	78	29	53	95	0	97	98	51	0	0	55	0	0	278	22	0	27	44	6	119	24	54	58	126	0	25	0	0	83	24	138	5	103	136	47	342	163	0	48	0	4	0	0	91	0	0	0	0	16	0	0	0	0	0	0	0	0	0	0	0	77	0	0	0	0	0	0	83	0	0	0	0	0	76	0	0	200	0	0	0	0	0	170	0	0	0	0	0	0	0	0	0	0	0	0	0	0	0	0	1	0	0	0	30	0	0	0	0	0	0	277	0	0	4	0	220	0	0	94	0	0	0	0	0	0	105	0	0	0	0	0	0	0	0	0	148	0	0	0	0	283	0	0	0	0	0	21	110	0	0	1	0	154	58	0	0	0	14	0	0	230	67	0	0	0	0	49	0	325	0	0	0	0	160	0	23	0	0	0	68	0	195	0	20	0	0	0	0	0	1	22	0	102	132	42	0	0	0	0	0	0	0	0	0	0	0	124	0	0	72	92	68	0	0	0	0	0	234	0	164	0	0	0	0	0	59	80	178	0	62	0	0	0	0	0	0	21	120	81	38	0	0	78	0	0	0	0	89	84	0	0	1	71	0	0	1	0	38	0	0	0	102	0	0	0	0	31	35	1	0	0	0	233	0	0	0	0	0	0	0	0	183	0	0	0	99	0	0	15	0	0	0	4	0	119	0	0	0	0	0	0	0	89	0	0	0	143	0	0	79	0	0	0	0	28	0	45	48	0	9	0	162	139	34	60	131	208	0	0	0	0	0	132	3	0	0	0	168	0	0	0	60	0	0	0	28	0	647	0	0	0	0	0	0	0	0	0	0	272	0	0	0	5	0	0	183	25	79	0	71	0	60	55	124	0	0	0	0	0	0	0	66	0	160	6	33	9	99	31	0	81	92	0	134	0	212	0	0	95	0	0	4	0	0	90	29	0	0	19	12	0	27	43	0	0	57	0	24	195	0	0	0	150	23	0	0	0	275	52	276	0	129	0	0	0	0	0	40	135	56	0	38	1	0	0	27	0	375	0	0	0	129	0	189	41	2	0	0	0	165	0	190	12	0	85	0	40	0	54	34	7	0	0	0	107	0	17	39	65	83	26	0	0	118	167	0	34	43	18	0	0	28	0	0	0	0	0	39	0	113	0	176	22	0	46	0	5	44	0	136	14	68	0	0	0	91	233	79	0	0	13	51	0	78	0	186	67	0	136	76	239	65	29	215	42	0	0	86	0	30	0	0	19	4	0	0	0	115	0	67	0	0	167	139	0	53	20	62	146	87	0	49	149	0	56	167	1	121	49	5	0	0	47	37	181	0	225	0	105	0	0	0	0	0	36	120	103	100	0	128	42	0	0	157	123	142	5	0	6	190	35	0	124	0	114	121	5	145	0	103	0	101	133	8	0	66	154	22	30	68	92	34	221	132	50	0	102	0	0	61	9	185	23	0	0	5	27	0	0	36	10	0	12	0	0	55
16	0	0	0	0	0	0	0	0	0	0	0	0	0	0	0	0	0	0	0	0	0	0	0	0	0	0	0	0	0	0	0	0	0	0	0	0	0	0	0	0	0	0	0	0	0	0	0	0	0	0	0	0	0	0	0	0	0	0	0	0	0	0	0	0	0	0	0	0	0	0	0	0	0	0	0	0	0	0	0	0	0	0	0	0	0	0	0	24	0	0	0	0	0	0	0	0	0	0	0	0	0	0	0	0	0	0	0	0	0	0	0	0	0	0	0	0	0	0	0	0	0	0	0	0	26	0	0	0	0	0	0	0	0	0	0	0	0	34	0	0	0	0	0	0	0	0	9	0	0	0	0	0	0	0	0	0	0	0	0	0	0	0	0	0	0	0	0	0	0	0	0	0	0	0	0	0	0	0	0	0	0	0	0	0	0	0	7	0	0	0	0	0	0	0	0	0	0	0	0	0	0	0	0	0	0	0	0	67	0	0	0	0	0	0	0	0	0	0	0	0	0	56	0	0	0	0	74	0	0	0	0	0	0	0	0	0	0	0	0	0	0	0	0	0	0	0	0	0	0	0	0	0	0	0	0	0	0	0	11	27	0	0	0	0	0	0	0	0	0	0	0	0	0	0	0	0	0	0	0	0	0	0	0	0	0	0	0	0	0	0	0	0	0	66	0	0	0	0	0	0	0	280	0	6	0	24	28	0	24	164	0	144	127	0	0	0	143	12	0	0	0	0	103	96	0	0	0	118	1	41	0	0	0	0	262	0	0	69	0	0	0	0	0	0	84	0	127	59	0	0	236	202	0	0	0	237	0	83	0	115	63	0	0	148	0	0	24	142	0	0	0	0	0	208	0	0	0	0	41	0	0	194	0	0	0	0	0	0	0	0	0	0	129	0	0	0	0	11	128	9	69	0	0	0	0	0	31	0	162	27	0	29	53	0	140	111	38	82	0	54	152	24	0	0	14	0	6	23	0	37	275	0	0	82	0	1	29	0	64	0	0	10	45	32	36	104	64	99	139	0	63	190	0	0	99	15	118	31	15	73	58	150	0	0	61	0	0	84	25	0	107	74	130	120	0	122	119	88	0	35	0	0	116	14	38	0	232	21	102	190	90	0	38	0	0	0	0	164	0	0	0	0	0	0	0	0	0	0	40	0	0	0	0	0	126	0	0	0	0	0	0	22	0	0	0	0	0	0	0	0	263	0	0	0	0	0	127	0	0	0	0	0	0	0	0	0	0	0	0	0	0	0	1	0	0	0	0	49	0	0	0	0	16	0	80	0	0	0	0	83	0	0	25	0	0	0	0	0	0	69	0	0	0	0	0	0	0	0	0	2	0	0	0	0	26	0	0	0	0	16	125	16	0	0	0	0	49	40	0	0	0	82	8	0	54	87	0	0	1	0	156	0	127	10	0	0	0	99	0	18	0	0	0	63	3	14	0	85	0	0	0	0	0	0	131	0	8	70	38	0	0	0	0	0	0	0	0	0	0	0	86	0	0	23	89	156	0	0	0	0	0	90	0	122	0	0	75	0	0	46	66	15	0	0	0	0	0	0	24	0	0	53	46	41	0	0	25	0	0	0	0	42	49	0	0	0	56	0	0	0	0	224	0	0	0	136	0	0	0	0	4	176	0	0	0	0	117	0	9	0	0	0	0	0	0	194	0	0	0	240	0	17	0	0	0	0	0	0	165	0	0	0	14	0	0	0	164	0	0	0	65	0	0	35	0	0	0	0	31	0	82	74	2	68	0	159	376	1	108	36	24	0	0	0	0	3	57	0	0	0	0	175	0	0	0	108	1	0	0	0	0	27	0	6	0	0	0	0	0	0	0	4	55	0	0	1	5	0	0	198	188	34	84	80	0	158	88	134	0	0	0	0	0	3	0	188	2	21	0	85	152	46	89	0	148	73	0	132	0	71	0	0	96	0	0	0	0	0	53	176	0	0	77	30	0	35	54	0	2	0	0	138	144	0	0	4	158	63	1	0	0	207	103	228	17	95	0	0	0	0	0	202	86	195	0	184	0	0	0	181	0	119	0	0	0	221	0	53	61	0	0	0	0	98	0	70	45	0	346	0	42	0	201	85	267	0	0	0	115	0	18	73	108	37	77	0	0	26	289	0	155	95	139	0	0	116	0	0	0	0	0	30	0	11	1	87	56	0	58	0	0	35	0	108	122	115	0	0	0	204	80	81	0	0	0	84	0	81	0	146	95	0	115	135	114	153	60	25	104	0	5	46	0	16	0	0	0	31	0	0	0	156	0	28	0	0	62	85	0	36	123	19	37	75	0	214	95	0	146	155	0	70	20	77	0	0	280	116	40	1	53	0	54	0	0	0	0	0	39	181	19	167	0	77	303	0	0	9	70	257	0	0	0	152	84	0	89	7	101	0	0	74	7	156	0	33	84	0	0	82	210	160	60	49	104	83	170	62	86	0	230	0	0	125	336	58	12	0	0	86	86	0	0	140	0	0	54	0	0	55
17	0	0	0	0	0	0	0	0	0	0	0	0	0	0	0	0	0	0	0	0	0	0	0	0	0	0	0	0	0	0	0	0	0	0	0	0	0	0	0	0	0	0	0	0	0	0	0	65	0	0	0	0	0	0	0	0	0	0	0	0	0	0	0	0	0	0	0	0	0	0	0	0	0	0	0	0	0	0	0	0	0	0	0	0	0	0	0	0	0	0	0	0	0	0	0	0	0	0	0	0	0	0	0	0	0	0	0	0	0	0	0	0	0	0	0	0	0	0	0	0	0	0	0	0	0	0	0	0	0	0	0	0	0	0	0	0	3	0	0	0	0	0	0	0	0	0	0	0	0	0	0	0	0	0	0	0	0	0	0	0	0	0	0	0	0	0	0	0	0	0	3	0	0	0	0	0	0	0	0	0	0	0	0	2	0	0	0	0	0	0	0	0	0	0	0	0	0	0	0	0	0	0	0	0	0	0	0	53	0	0	0	0	0	0	0	0	2	0	0	0	0	69	0	0	0	0	0	0	0	0	0	0	0	0	0	0	0	0	0	0	0	0	0	0	0	0	0	5	42	0	0	0	0	0	0	0	0	0	229	0	50	0	0	0	0	0	0	0	0	0	0	0	0	0	0	0	0	0	0	0	0	0	47	0	0	0	0	0	0	0	0	0	0	0	0	0	0	0	24	0	0	40	0	11	0	46	73	0	33	72	0	61	107	28	0	6	40	25	0	0	0	0	200	88	0	0	0	124	0	155	0	0	0	0	166	0	0	70	0	0	0	0	0	0	14	0	3	12	0	0	94	105	0	0	0	257	113	0	0	25	75	0	0	139	0	0	0	75	0	0	0	0	0	0	0	0	0	0	32	0	0	61	0	0	0	0	0	0	0	0	0	1	110	0	0	0	113	117	193	37	98	11	0	0	0	0	15	0	162	37	0	37	12	76	21	37	64	114	0	6	49	269	0	0	24	0	29	34	0	41	144	0	0	213	0	0	99	0	13	0	0	212	54	2	22	136	156	86	182	0	9	70	0	1	47	80	9	70	0	19	252	156	0	0	35	0	0	47	136	2	118	107	145	87	0	26	177	19	0	47	0	0	122	172	104	0	253	160	122	160	77	0	31	1	0	0	0	48	0	0	0	0	0	0	0	0	0	0	0	0	0	12	0	0	154	0	0	0	0	0	0	66	0	0	0	0	0	25	0	0	60	0	0	0	0	0	40	0	0	0	0	0	0	0	0	0	0	0	0	0	0	0	0	5	0	0	0	226	0	0	0	0	7	0	105	0	0	0	0	72	0	4	86	0	0	0	0	0	0	30	0	0	0	0	0	2	4	0	0	57	0	0	0	0	174	0	0	0	0	0	167	104	0	13	0	0	49	61	0	0	0	53	77	0	85	36	0	0	0	0	118	0	57	0	0	0	0	131	0	85	0	0	0	89	0	46	0	210	0	0	0	0	0	0	191	0	0	21	86	0	0	0	0	0	0	0	0	0	0	0	61	0	0	23	116	173	0	0	0	0	0	162	0	156	0	0	0	0	0	93	170	47	0	14	0	0	0	0	0	0	0	115	46	141	0	0	37	0	0	0	0	284	85	0	0	0	17	0	0	0	0	92	0	0	0	17	6	17	0	0	0	45	0	0	0	0	18	0	0	0	0	0	0	0	0	61	75	0	0	232	0	0	0	0	0	0	0	0	29	0	0	0	0	0	0	0	139	0	42	0	81	0	0	186	0	0	0	0	79	3	121	42	0	150	0	12	64	18	99	116	116	0	0	0	0	0	168	15	0	0	0	154	0	0	0	148	0	0	0	0	0	11	0	0	0	0	0	0	0	0	0	0	54	0	0	0	27	0	0	71	87	157	0	29	0	154	144	179	0	0	0	0	0	60	0	279	0	111	0	125	128	110	253	0	175	150	0	116	2	31	0	0	27	0	0	0	0	0	62	214	0	0	59	88	0	213	91	0	0	0	0	77	118	0	0	0	128	137	0	0	0	97	134	117	0	124	0	0	0	0	0	34	154	140	0	38	1	0	0	14	0	16	0	0	6	111	0	105	177	0	0	0	0	53	0	102	61	0	74	0	114	3	98	220	39	0	0	0	82	1	127	142	180	57	110	0	0	71	32	0	135	144	57	0	0	86	0	0	0	0	0	42	0	48	0	98	35	0	213	0	0	153	0	7	55	223	0	0	0	75	115	127	0	33	0	97	0	22	0	179	147	0	109	117	66	79	52	137	14	0	0	19	0	178	0	0	0	0	0	0	0	27	0	128	0	0	8	143	0	73	126	27	154	237	0	13	22	0	118	12	0	8	22	185	0	0	74	17	37	0	21	0	58	0	0	0	0	0	94	42	323	91	0	184	185	76	0	127	84	330	0	0	0	181	103	0	156	0	116	53	0	38	0	27	0	167	93	0	0	138	4	140	83	88	186	161	228	320	69	0	70	0	0	126	19	53	0	0	0	108	53	0	0	116	0	0	87	31	6	179
18	0	0	0	0	0	0	0	0	0	0	0	0	0	0	0	0	0	0	0	0	0	0	64	0	0	0	0	9	0	0	0	0	0	0	0	0	0	0	0	16	0	0	0	0	0	0	0	0	0	0	0	0	0	0	0	0	0	8	0	0	0	0	0	0	0	0	0	0	0	0	0	0	0	0	0	0	0	0	0	0	0	0	0	0	0	0	0	0	0	0	0	0	0	0	0	0	0	0	0	0	0	0	0	0	0	0	0	0	0	0	0	0	0	0	0	0	0	0	0	0	0	0	0	0	0	0	0	0	0	0	0	0	2	0	0	7	88	43	0	0	0	0	0	0	0	0	0	0	0	0	0	0	0	0	0	37	0	0	0	0	0	0	0	0	0	0	0	0	0	0	0	0	0	0	0	0	0	0	0	0	0	0	0	0	0	0	76	0	0	0	0	0	0	0	0	0	0	0	11	0	1	0	0	0	0	0	0	222	0	0	0	0	0	0	0	0	0	0	0	0	0	36	0	0	0	0	44	0	0	95	0	0	0	11	0	0	0	0	4	0	0	0	0	0	0	0	13	1	0	9	0	0	0	0	4	0	0	0	30	0	0	0	0	0	0	0	0	0	1	0	0	0	0	0	0	0	0	0	1	0	0	0	43	1	0	0	0	0	0	0	0	3	0	42	0	0	0	2	129	0	0	38	0	37	0	11	44	0	168	113	0	87	253	19	0	0	90	100	0	0	0	0	77	14	0	0	0	49	3	52	0	0	0	0	107	0	0	13	8	0	1	0	0	0	162	0	100	201	0	0	111	103	6	0	0	171	165	0	0	66	143	0	0	94	0	31	90	79	0	0	8	0	0	133	53	0	0	0	70	0	3	5	0	0	0	0	11	0	0	0	0	0	124	0	0	0	9	83	207	130	212	2	0	22	0	0	17	0	180	9	0	11	32	74	79	29	49	52	0	267	39	119	0	0	3	39	55	40	65	81	72	0	0	140	0	0	240	0	265	14	0	38	42	140	17	253	96	272	114	0	31	146	0	0	97	125	96	78	2	86	424	78	0	0	109	0	0	84	53	0	115	225	42	89	0	24	67	179	0	64	26	0	10	44	77	15	53	137	88	52	187	0	36	0	0	0	0	58	6	3	0	0	261	0	0	0	0	0	0	0	0	7	0	0	27	2	1	0	0	0	5	5	0	0	0	0	0	116	0	0	71	0	0	0	0	17	166	0	26	0	0	0	0	0	0	0	0	0	0	0	0	2	0	0	0	0	0	96	1	0	0	0	1	0	24	0	0	0	1	221	0	0	149	0	0	0	0	0	0	94	0	0	0	8	0	0	0	0	0	40	0	0	0	0	53	0	0	0	0	0	72	158	0	0	0	0	140	256	0	17	0	154	74	1	144	110	0	0	1	0	159	0	119	0	7	0	1	78	0	175	0	0	0	48	0	181	0	16	0	0	5	0	1	0	115	0	25	276	160	0	0	0	0	0	0	0	0	0	0	0	24	0	0	35	138	86	0	7	0	0	0	202	18	107	0	0	0	0	0	156	96	226	0	0	0	0	0	0	130	0	0	91	91	151	0	2	152	0	8	0	44	30	55	0	0	0	103	0	6	0	5	89	0	0	0	220	32	0	0	0	191	117	2	0	0	0	132	0	0	1	170	7	0	0	0	170	0	0	0	60	0	0	0	0	8	0	31	0	120	0	0	0	0	0	0	0	93	1	0	0	142	0	0	86	0	0	0	0	95	0	83	129	0	41	0	135	18	109	241	20	226	0	20	1	0	0	101	0	0	0	0	286	0	0	0	195	0	0	0	0	0	38	0	20	0	0	0	0	0	0	14	0	70	0	0	0	138	0	0	68	76	101	1	101	0	53	51	13	0	0	6	0	0	22	0	29	0	316	0	63	191	192	73	0	112	111	0	221	0	27	0	0	51	1	0	0	84	0	130	99	0	0	76	17	0	152	102	0	0	0	0	204	35	0	4	0	45	137	0	0	0	93	61	60	6	135	0	0	0	0	0	57	74	138	0	102	0	0	0	107	0	269	0	0	0	391	0	60	98	0	16	0	0	170	0	227	0	0	150	1	76	9	77	55	21	0	0	0	118	0	34	44	51	226	81	0	0	26	36	0	91	289	207	0	0	82	0	0	0	0	0	49	0	52	0	21	115	34	6	0	0	82	0	129	41	56	0	0	10	40	15	182	0	0	0	104	0	150	0	95	31	0	178	42	58	104	163	43	185	0	0	71	0	213	0	0	0	0	0	3	10	42	2	48	0	0	48	162	0	182	35	80	310	167	0	135	182	0	30	214	43	89	120	28	0	2	118	240	161	0	218	0	164	0	0	0	0	0	73	36	120	51	0	37	54	0	0	141	133	19	0	0	0	344	157	0	111	0	81	18	0	86	65	3	0	101	16	0	0	146	42	86	175	50	90	118	212	18	49	0	93	0	0	165	122	52	59	0	0	50	12	0	0	183	48	0	89	0	0	62
19	0	0	0	0	0	0	0	0	0	0	0	0	0	0	0	0	0	0	0	0	0	0	0	0	0	0	0	0	0	0	0	0	0	0	0	0	0	0	0	0	0	0	0	0	0	0	0	0	0	0	0	0	0	0	0	0	0	0	0	0	0	157	0	0	0	0	0	0	0	0	0	0	0	0	0	0	0	0	0	0	0	0	0	0	0	0	0	0	0	0	0	0	0	0	0	0	0	0	0	0	0	0	0	0	0	0	0	0	0	0	0	0	0	0	0	0	0	0	0	0	5	0	0	0	0	0	0	0	0	0	0	0	0	0	0	0	0	0	0	0	0	0	0	0	0	0	0	0	0	0	27	2	0	0	0	0	0	0	0	0	0	0	0	0	0	0	0	0	0	0	0	0	0	0	0	0	0	0	0	0	0	0	0	0	0	0	0	0	0	3	0	0	0	0	0	0	0	0	0	0	0	0	0	0	0	0	0	30	0	0	0	6	0	0	0	0	5	0	0	0	0	80	0	0	0	0	0	0	0	0	0	0	0	0	0	0	0	0	0	0	0	0	0	0	0	0	0	0	0	0	0	0	0	0	0	0	0	0	92	0	0	0	0	0	0	0	0	0	0	0	0	0	20	0	0	0	0	0	0	0	0	0	5	0	0	0	0	0	0	0	0	0	0	0	0	0	0	0	8	0	0	57	0	22	0	234	84	0	16	36	28	164	117	54	0	0	34	203	0	12	0	0	226	281	0	0	0	91	0	266	0	0	0	0	40	0	1	85	0	0	18	0	0	0	210	0	15	257	0	0	52	66	0	0	0	87	150	0	0	36	123	0	0	97	0	0	58	50	0	0	0	0	0	40	88	0	0	0	41	0	0	67	0	0	0	0	0	6	1	0	0	0	77	0	0	0	3	136	33	34	169	0	0	0	0	0	79	0	178	22	0	86	20	178	80	7	83	33	54	63	48	238	0	0	12	0	0	47	172	139	90	0	90	135	0	0	18	0	181	0	0	155	133	42	91	84	118	243	87	0	108	74	0	0	92	6	26	41	0	80	66	134	0	0	38	0	0	37	58	0	7	366	69	78	5	30	171	128	0	61	0	0	9	281	17	0	199	212	61	196	22	0	75	0	0	0	0	53	0	0	0	0	0	0	0	0	0	0	0	0	0	0	0	0	158	0	0	5	0	0	0	79	0	0	0	0	0	100	0	0	100	0	0	0	0	0	62	0	0	0	0	0	0	0	0	0	0	0	0	0	0	0	0	0	0	0	0	157	0	0	0	0	38	0	40	0	0	0	0	47	0	1	139	0	0	0	1	0	0	77	0	0	0	0	0	0	0	0	0	231	0	0	0	0	112	0	0	0	63	0	24	149	0	0	0	0	64	301	0	0	0	201	11	0	140	167	0	0	0	0	20	0	42	0	0	0	0	155	0	62	0	0	0	35	1	82	0	66	0	0	0	0	0	0	73	16	0	23	95	0	0	0	0	0	0	0	0	54	0	0	86	0	0	240	65	130	7	18	0	0	0	42	0	32	0	0	0	0	0	60	227	115	0	0	0	0	0	0	6	0	0	183	112	146	0	0	51	6	0	0	0	49	81	0	0	0	151	0	0	0	0	35	0	0	0	89	0	0	0	0	37	58	0	0	0	0	73	0	0	0	0	0	0	0	0	164	11	0	0	185	0	58	0	77	8	0	0	0	42	0	0	0	0	0	0	0	260	0	0	0	68	0	0	253	0	0	0	0	30	0	176	76	0	181	0	95	217	65	93	92	69	0	0	0	0	0	60	0	0	0	0	341	0	0	0	125	0	61	0	0	0	50	0	0	0	0	0	0	0	0	0	20	69	0	0	0	64	0	0	8	189	384	22	62	0	112	300	149	0	0	0	0	0	4	0	218	0	36	0	54	326	82	103	0	37	72	0	21	0	168	0	0	15	0	0	0	0	0	86	119	0	0	145	171	0	67	55	0	0	0	0	186	90	0	0	0	177	219	0	0	0	180	155	18	72	180	0	0	0	26	0	76	74	78	0	116	0	0	0	188	0	311	0	0	0	24	0	184	178	0	0	0	0	123	0	65	57	0	44	0	34	0	213	80	267	0	0	0	146	0	15	58	150	87	40	0	0	105	205	0	7	148	24	0	0	232	0	0	0	0	0	194	0	120	0	129	93	0	117	0	0	66	0	88	72	172	0	0	0	121	165	44	0	0	1	251	0	32	0	93	85	0	42	210	132	32	40	58	321	0	0	147	0	202	0	0	35	0	0	0	0	50	0	221	0	0	81	142	2	24	36	47	50	40	0	341	64	0	201	68	2	133	48	189	0	0	128	115	33	0	105	0	18	0	0	0	0	0	168	11	144	309	0	22	73	0	0	194	29	66	0	0	0	53	79	0	69	0	91	210	0	60	60	62	0	75	24	0	0	65	77	377	9	368	175	23	28	151	210	0	6	0	0	80	78	15	0	0	0	42	95	0	0	65	0	0	23	0	0	38
20	0	0	0	0	0	0	0	0	0	0	0	0	0	0	0	0	0	0	0	0	0	0	0	0	0	0	0	0	0	0	0	0	0	0	0	0	0	0	0	0	0	0	0	0	0	0	0	0	0	0	0	0	0	0	0	0	0	0	0	0	0	0	0	0	0	0	0	0	0	0	0	0	0	0	0	0	0	0	0	0	0	0	0	0	0	0	0	0	0	0	0	0	0	0	0	0	0	0	0	0	0	0	0	0	0	0	0	0	0	0	0	0	0	0	0	0	0	0	0	0	0	0	0	0	0	0	0	0	0	0	0	0	0	0	0	0	0	0	0	0	0	0	0	0	0	0	0	0	0	0	0	0	0	0	0	2	0	0	0	0	0	0	0	0	0	0	0	0	0	0	0	0	0	0	0	3	0	0	0	0	0	0	0	0	0	0	0	0	0	0	0	0	0	0	0	0	0	0	0	0	0	0	0	0	0	0	0	51	0	0	0	0	0	0	0	0	0	0	0	0	0	27	0	0	0	0	0	0	0	0	0	0	0	0	0	0	0	0	0	0	0	0	0	0	0	0	0	0	0	0	0	0	0	0	0	0	0	0	157	0	0	0	0	0	0	0	0	0	0	0	0	0	0	0	0	0	0	0	0	0	0	0	55	0	0	0	0	0	0	0	0	0	0	0	0	0	0	0	31	0	0	53	0	0	0	121	134	0	72	42	0	67	60	46	0	0	67	9	0	0	0	0	262	75	0	0	0	147	0	56	0	0	0	0	136	0	0	219	0	0	0	0	0	0	58	0	0	98	0	0	153	170	0	0	0	142	0	0	0	110	28	0	0	37	0	0	3	89	0	0	0	0	0	67	0	0	0	0	38	0	0	180	0	0	0	0	0	0	0	4	0	0	37	0	0	0	122	11	461	45	55	0	0	0	0	0	20	0	78	0	0	67	341	163	41	0	201	94	0	134	118	59	0	0	0	0	0	76	0	79	112	0	0	23	0	0	65	0	82	0	0	147	28	118	65	112	59	59	43	0	169	92	0	0	131	72	81	135	0	46	31	90	0	0	39	0	0	99	79	0	222	58	187	37	0	0	150	56	0	31	0	0	12	79	5	0	71	150	42	40	100	0	210	0	0	0	0	184	0	0	0	0	0	0	0	0	0	0	0	0	0	0	0	0	116	0	0	0	0	0	0	101	0	0	0	0	0	25	0	0	123	0	0	0	0	0	86	0	0	0	0	0	0	0	0	0	0	0	0	0	0	0	0	0	0	0	0	27	0	0	0	0	0	13	105	0	0	0	0	64	0	0	15	0	0	0	0	0	0	70	0	0	0	0	0	0	0	0	0	249	0	0	0	0	46	0	0	0	0	0	86	33	0	0	0	0	133	0	0	7	0	69	0	0	173	66	0	0	0	0	223	0	79	0	0	0	0	153	0	63	0	0	0	83	0	117	0	112	0	0	0	0	0	0	33	0	0	133	250	0	0	0	0	0	0	0	0	0	0	0	32	0	0	123	58	32	0	0	0	0	0	107	0	69	0	0	0	0	0	42	208	21	0	0	0	0	0	0	0	0	0	109	107	121	0	0	119	0	0	0	0	68	135	0	0	0	115	0	0	0	0	27	0	0	0	68	0	0	0	0	3	59	0	0	0	0	232	0	0	0	0	0	0	0	0	36	0	0	0	195	0	0	0	0	0	0	0	0	108	0	0	0	0	0	0	0	186	0	0	0	153	0	0	56	0	0	0	0	220	0	142	103	0	126	0	74	55	51	71	108	133	0	0	0	0	0	164	0	0	0	0	78	0	0	0	116	0	0	0	0	0	91	0	0	0	0	0	0	0	0	0	0	52	0	0	0	0	0	0	100	182	52	0	56	0	40	100	65	0	0	0	0	0	0	0	25	0	42	0	49	70	85	22	0	139	60	0	57	0	25	0	0	81	0	0	0	0	0	9	61	0	0	85	104	0	70	85	0	0	0	0	22	166	0	0	0	73	118	0	0	0	68	79	30	0	102	0	0	0	0	0	68	87	58	0	63	0	0	0	18	0	224	0	0	0	124	0	34	206	0	0	0	0	80	0	36	0	0	203	0	63	0	26	44	31	0	0	0	32	0	26	80	75	71	253	0	0	59	38	0	181	103	83	0	0	149	0	0	0	0	0	99	0	166	0	77	168	0	91	0	0	87	0	36	13	4	0	0	0	25	0	100	0	0	0	71	0	35	0	113	185	0	30	35	111	39	83	25	48	0	0	184	0	108	0	0	0	0	0	0	0	43	0	57	0	0	29	132	0	35	145	113	114	150	0	76	75	0	213	64	0	17	236	45	0	0	124	4	67	0	73	0	54	0	0	0	0	0	184	96	117	81	0	146	77	0	0	145	44	160	0	0	0	56	19	0	24	0	127	55	0	45	0	204	0	157	231	5	0	45	110	96	131	306	177	119	88	312	88	0	110	0	0	107	33	54	0	0	0	287	175	0	0	162	0	0	142	0	0	86
21	0	0	0	0	0	0	0	0	0	0	0	0	0	0	0	0	0	0	0	0	0	0	0	9	0	0	0	0	0	0	0	0	0	0	0	0	0	0	0	0	0	0	0	0	0	0	0	0	0	0	0	0	0	0	0	0	27	0	0	0	0	0	0	0	34	0	0	0	0	0	0	0	0	0	0	0	0	0	0	0	0	0	0	0	0	0	0	0	0	0	0	5	0	0	0	0	0	0	0	0	0	0	0	0	0	0	0	0	6	0	0	0	0	0	0	0	0	0	0	0	0	0	0	0	0	0	0	0	0	0	0	0	0	0	0	0	0	0	0	0	0	0	0	0	0	0	0	0	0	0	0	0	0	13	0	0	0	0	0	0	0	0	0	0	0	0	0	0	0	0	0	0	0	0	0	0	0	0	0	0	0	0	0	0	0	0	0	0	0	0	0	0	0	0	0	0	0	0	0	0	0	0	0	0	0	0	0	62	0	0	0	0	0	0	0	0	0	0	0	0	0	0	0	0	0	0	0	0	1	0	0	0	0	0	0	0	0	0	0	0	0	0	0	0	0	0	0	0	0	0	3	2	0	76	0	0	0	0	63	0	0	0	0	0	0	0	0	0	0	0	0	0	0	0	0	0	0	0	0	0	0	0	61	0	0	0	0	0	0	0	0	0	0	0	0	0	0	0	148	0	0	29	0	48	0	44	117	0	176	66	0	122	37	198	0	0	16	156	0	0	0	0	84	77	0	0	0	97	0	48	0	0	0	0	107	0	0	112	0	0	0	0	42	0	237	0	107	29	0	0	106	44	0	0	0	41	7	0	0	56	115	0	24	56	0	3	34	109	0	0	0	0	0	7	0	0	0	0	47	0	0	55	0	0	0	0	0	0	0	0	0	0	96	0	0	0	0	178	245	82	101	0	0	0	0	0	68	0	4	3	0	73	90	2	65	144	45	144	0	118	58	83	0	0	0	0	0	174	0	92	77	0	0	35	0	0	67	0	90	0	0	93	97	142	41	105	173	46	105	0	83	176	0	0	95	65	66	137	0	27	47	180	0	0	83	0	0	76	15	0	145	100	16	108	0	0	81	253	0	105	0	0	125	27	85	0	187	180	14	32	24	0	17	0	0	0	0	39	0	0	0	109	3	0	0	0	0	0	0	0	0	0	0	0	33	0	0	0	0	2	0	0	0	0	0	0	0	0	1	0	14	0	7	0	0	0	32	0	0	0	0	0	0	0	0	0	0	0	0	0	0	11	0	0	0	0	0	172	0	0	0	0	4	0	50	0	0	0	0	58	0	0	46	0	0	0	38	0	0	118	0	0	0	0	0	0	0	0	0	68	0	0	0	0	41	0	0	0	0	0	348	58	0	0	0	0	42	13	0	0	0	313	17	0	34	88	0	0	0	0	147	0	19	0	0	0	0	12	0	290	0	0	0	75	0	93	0	2	0	0	0	0	0	0	349	0	0	94	121	0	0	0	0	0	0	0	0	0	0	1	36	0	0	71	116	26	0	0	0	0	0	126	0	128	0	0	0	0	0	180	35	31	0	0	0	0	0	0	45	0	0	74	125	166	0	0	126	0	0	0	0	17	55	0	0	0	97	0	0	0	0	48	0	0	0	18	0	0	0	0	0	162	0	0	0	0	230	0	0	0	1	4	0	15	0	1	0	0	0	35	0	0	0	0	0	0	0	0	177	0	0	0	0	0	0	0	38	0	0	0	55	0	0	152	0	0	0	0	46	0	33	61	0	22	0	47	340	125	30	65	144	0	0	63	0	0	40	0	0	0	2	181	0	0	0	110	0	0	0	0	0	59	0	0	0	0	0	0	0	0	0	0	108	0	0	0	0	0	0	79	55	23	61	73	68	95	202	52	0	0	0	0	0	29	0	84	0	1	0	127	103	21	52	0	177	26	0	3	0	62	0	0	169	0	0	0	0	0	148	57	0	0	32	89	0	161	77	0	0	0	0	167	6	0	0	0	95	113	0	0	0	108	208	90	0	179	0	0	0	0	0	16	17	93	0	55	0	0	0	98	0	100	0	0	0	236	0	105	102	0	0	0	0	147	0	151	23	0	221	0	132	0	98	50	107	0	0	0	97	0	219	149	63	246	104	0	0	126	378	0	115	45	9	0	0	80	0	0	0	0	0	53	0	146	0	41	71	0	16	0	0	134	0	33	0	99	0	0	0	168	88	7	0	0	0	62	0	213	0	20	159	0	40	55	140	152	118	94	66	0	0	80	0	139	0	0	0	0	0	0	0	109	0	67	0	0	75	40	0	100	148	74	182	144	0	72	19	0	32	23	0	133	29	26	0	0	256	182	50	0	179	0	140	0	0	0	0	0	107	155	32	83	0	41	134	2	0	19	70	84	0	0	0	141	373	0	157	0	118	33	0	201	0	75	0	165	62	0	0	68	197	146	62	103	20	105	104	53	65	0	79	0	0	99	58	24	0	0	0	21	64	0	0	97	0	0	164	0	0	154
22	0	0	0	0	0	0	0	0	0	0	0	0	0	0	0	0	0	0	0	0	0	0	0	0	0	0	0	0	0	0	0	0	0	0	4	0	0	0	0	0	0	0	0	0	0	0	0	0	0	0	0	0	0	0	0	0	0	0	0	0	0	0	0	0	0	0	0	0	0	0	0	0	0	0	0	0	0	0	0	0	0	0	0	0	0	0	0	0	0	0	0	0	0	0	0	21	0	0	0	0	0	0	0	0	0	0	0	0	0	0	0	0	0	0	0	0	0	0	0	0	0	0	0	0	0	0	0	0	0	0	0	0	0	0	0	0	0	0	0	0	0	0	0	0	0	0	0	0	0	0	0	0	0	0	0	0	0	0	0	0	0	0	0	0	0	0	0	0	1	0	0	0	0	1	0	0	0	0	0	0	0	0	0	0	0	0	0	0	0	0	0	0	0	0	0	0	0	0	0	0	0	0	0	0	0	0	0	73	0	0	0	0	0	0	0	0	0	0	0	0	0	166	0	0	23	0	0	0	0	0	0	0	0	0	0	0	0	0	0	0	0	0	0	0	0	0	1	0	0	0	0	0	0	0	1	0	0	0	14	34	0	0	0	0	0	0	0	0	0	0	0	0	0	0	0	0	0	0	0	0	0	0	92	0	2	0	0	0	0	0	6	0	0	62	0	0	0	0	59	0	0	128	0	211	0	145	9	0	18	15	0	305	12	255	0	0	81	179	0	0	5	0	118	59	0	0	0	47	0	73	0	25	0	0	219	0	0	135	0	0	5	0	9	0	65	0	101	73	0	0	71	45	0	0	0	106	85	0	0	10	104	0	0	95	0	25	0	244	0	0	0	0	0	94	72	0	0	0	122	0	0	83	2	0	0	1	0	0	0	0	0	0	123	0	11	0	49	31	49	199	39	0	0	12	0	0	22	0	200	0	5	186	174	41	110	87	100	65	0	139	78	178	0	0	0	0	0	62	0	10	139	0	0	79	0	0	63	0	98	0	34	24	136	171	43	212	33	71	34	0	165	62	0	0	213	172	49	41	6	16	34	12	0	0	92	15	0	74	69	0	212	59	203	46	6	67	39	118	0	33	10	0	78	13	57	6	170	41	59	234	126	0	60	8	0	0	12	281	0	0	0	0	0	0	0	0	0	0	0	0	0	0	0	0	119	0	0	0	0	0	0	9	0	0	0	0	0	63	0	0	60	0	0	0	0	0	47	0	0	0	0	0	0	0	0	0	0	0	0	0	0	189	0	6	0	0	0	116	0	0	0	0	0	0	4	0	0	0	0	92	0	0	63	0	0	0	0	0	0	67	0	0	0	0	0	0	0	0	0	62	0	0	0	0	213	0	0	0	2	3	156	123	13	0	0	0	129	4	0	0	0	57	96	0	76	172	0	0	0	0	5	0	40	0	0	0	0	193	0	67	0	0	0	30	0	162	0	184	0	0	0	1	0	10	112	0	173	39	77	0	0	0	0	0	0	0	0	0	0	0	102	0	0	223	15	231	0	0	0	0	0	122	0	50	0	0	0	0	0	26	147	174	0	0	0	0	0	0	144	0	0	164	136	61	0	0	34	0	0	0	0	18	132	0	0	0	141	0	0	0	0	34	0	0	0	102	0	0	0	0	30	62	0	0	0	0	52	0	0	0	7	0	0	0	0	82	0	0	0	82	0	6	0	7	22	0	0	0	90	0	0	0	0	0	0	0	25	0	0	0	64	6	0	66	0	0	0	0	98	0	63	98	0	239	0	176	49	143	215	190	217	0	1	0	0	3	61	46	0	0	0	44	0	0	0	68	0	5	0	0	0	13	0	0	0	0	0	0	0	0	0	0	114	0	0	0	11	0	0	17	214	46	0	15	0	109	59	163	0	0	0	0	0	22	0	59	0	108	0	43	104	8	10	0	45	157	0	130	0	21	0	0	133	0	0	0	0	0	77	201	0	0	180	9	0	82	22	0	0	0	0	171	62	0	0	0	70	34	0	0	0	230	12	185	96	105	0	0	0	4	0	55	139	141	0	51	0	0	0	90	0	17	0	0	0	29	0	69	19	0	0	0	0	214	0	103	34	0	27	0	62	0	49	29	122	0	0	0	37	0	79	173	8	132	6	0	0	80	177	0	75	168	51	0	0	102	0	0	0	0	0	9	0	44	0	125	120	0	156	0	0	68	19	26	20	117	0	0	0	112	77	115	0	0	0	67	0	243	0	167	59	0	119	91	90	53	28	132	74	0	0	120	0	214	0	0	0	0	0	0	0	27	0	113	0	0	100	81	0	200	51	204	127	38	0	62	33	0	12	45	0	9	153	104	0	0	31	94	21	0	163	0	212	0	0	0	0	0	37	79	93	118	9	633	69	0	0	192	12	120	0	0	0	120	89	0	263	0	22	95	0	15	0	52	0	59	177	36	0	282	125	30	103	35	25	13	215	61	68	0	143	0	0	72	109	88	6	0	0	59	104	0	0	68	0	0	71	0	0	209
23	0	0	0	0	0	0	0	0	0	0	0	0	0	0	0	0	0	0	0	0	0	0	0	0	0	0	0	0	0	0	0	0	0	0	0	0	0	0	0	0	0	0	0	0	0	0	0	0	0	0	0	0	0	0	0	65	0	0	0	0	0	0	0	0	0	0	0	0	0	0	0	0	0	0	0	0	0	0	0	0	0	0	0	0	0	0	0	10	0	0	0	0	0	0	0	0	0	0	0	0	0	0	0	0	0	0	0	0	0	0	0	0	0	0	3	0	0	0	0	0	23	0	0	0	0	0	0	0	0	0	0	0	0	0	0	0	0	0	0	0	0	0	0	0	0	0	0	0	0	0	0	0	0	0	0	0	0	0	0	0	0	0	0	0	0	0	0	0	0	0	0	0	0	0	0	0	0	0	0	0	0	0	0	0	0	0	0	0	0	0	0	0	0	0	0	0	0	0	0	0	0	0	0	0	0	0	0	76	0	0	0	0	0	0	1	46	0	0	0	0	0	192	0	1	0	0	0	0	0	0	0	0	0	0	0	0	0	0	0	0	0	0	0	0	0	0	0	0	0	0	0	0	0	0	0	0	0	0	98	0	0	11	0	0	0	0	0	0	0	0	0	0	0	0	0	0	0	0	0	0	0	0	112	0	0	0	0	0	0	0	0	0	0	0	0	0	0	0	49	0	0	83	0	134	0	95	367	0	52	41	0	159	86	278	0	0	43	350	0	0	0	0	108	38	0	0	0	33	0	400	0	0	0	0	91	0	0	72	0	0	0	0	0	0	152	0	0	125	0	0	186	101	0	0	0	118	122	0	0	58	29	0	0	133	0	16	0	122	0	0	0	0	0	62	19	0	0	0	97	0	0	101	0	0	0	0	0	0	0	0	0	0	200	0	2	0	75	3	70	5	101	0	0	0	0	0	81	0	66	0	0	186	113	0	67	77	105	64	19	125	26	90	0	0	0	0	0	133	0	166	80	0	0	2	0	0	52	0	277	26	0	75	113	34	41	40	103	181	147	0	314	69	0	0	74	4	18	57	0	20	45	81	0	0	208	0	0	108	175	0	95	17	209	12	0	2	143	120	0	176	0	0	6	28	50	0	105	43	49	78	121	0	32	0	2	0	0	81	0	13	0	0	0	0	0	0	0	0	0	0	0	55	0	0	185	0	0	0	0	0	0	19	0	0	0	0	0	165	0	0	193	0	4	0	0	0	112	0	0	0	0	0	0	1	0	0	0	0	0	0	0	0	0	0	0	7	0	302	2	0	0	0	25	0	93	0	0	1	0	317	0	0	13	0	0	0	0	0	0	74	0	0	0	0	0	0	0	0	0	228	0	0	0	0	31	0	0	0	0	0	67	112	0	0	0	0	336	101	0	0	0	44	30	0	94	228	0	0	0	0	58	0	404	0	0	0	0	89	0	230	0	0	0	46	0	161	0	121	0	0	0	0	0	0	75	0	0	159	9	0	0	0	0	0	0	0	0	0	0	0	254	0	0	139	72	66	0	0	0	0	0	46	0	91	0	0	0	0	0	56	111	44	0	0	0	0	0	0	6	0	0	67	113	144	0	3	35	0	0	0	0	172	186	0	0	0	101	0	0	0	0	155	0	0	0	98	0	0	0	0	80	59	0	0	0	0	531	0	0	0	0	0	0	0	0	124	0	0	0	69	0	32	0	0	0	0	0	0	50	0	0	0	0	0	0	0	29	0	0	0	26	0	0	118	0	0	0	0	46	0	144	23	0	271	0	325	27	95	36	101	56	0	3	0	0	0	86	0	0	0	0	219	0	0	0	31	0	0	0	0	0	103	0	0	0	0	0	1	0	0	0	0	40	0	0	0	32	0	1	103	96	96	0	59	0	39	45	46	0	0	0	0	0	23	0	121	7	108	0	108	107	19	12	0	47	80	0	42	0	103	0	0	93	0	0	5	0	0	197	121	0	0	86	112	0	102	126	0	0	0	0	68	102	0	0	0	32	68	0	0	0	115	77	35	0	89	0	0	0	2	0	14	269	26	0	178	0	0	0	33	0	95	0	0	0	22	0	76	116	0	0	0	0	228	0	111	30	66	119	0	68	0	100	153	93	0	0	0	66	7	50	114	152	90	80	0	0	42	173	0	96	103	76	0	0	45	0	0	0	0	0	59	0	134	0	181	81	0	155	0	0	56	0	124	27	40	0	0	0	130	275	103	4	0	0	189	0	34	0	94	82	0	97	58	91	127	301	79	368	0	0	93	0	94	0	0	2	0	0	0	0	122	9	111	0	0	25	76	0	52	133	244	152	63	3	81	147	0	289	184	0	125	61	47	0	1	44	31	98	0	136	0	47	0	0	0	0	0	134	15	184	18	0	145	115	0	0	59	116	70	0	0	0	186	196	0	40	0	156	25	0	169	0	76	0	138	62	0	0	32	28	130	7	179	45	28	121	133	59	0	115	0	0	184	544	12	0	0	0	91	13	0	0	237	0	0	86	0	0	18
24	0	0	0	0	0	0	0	0	0	0	0	0	0	0	0	0	0	0	0	0	0	0	0	0	0	0	0	0	0	0	0	0	0	0	0	0	0	0	0	0	0	0	0	0	0	0	0	0	0	0	0	0	0	0	0	0	0	0	0	0	0	0	0	0	0	0	0	0	0	0	0	0	0	0	0	0	0	0	0	0	0	0	0	0	0	0	0	0	0	0	0	0	0	0	0	172	0	0	1	0	0	0	22	0	0	0	0	0	0	0	0	0	0	0	0	0	0	0	0	0	45	0	0	0	0	0	0	0	0	4	0	0	0	0	0	0	0	0	0	0	0	0	0	0	0	0	7	0	0	0	0	0	0	3	0	25	0	0	0	0	0	0	0	0	0	0	0	0	0	0	0	0	0	0	0	0	0	0	0	0	0	0	6	0	0	0	0	0	0	0	0	0	0	0	0	0	0	0	0	0	0	0	0	0	0	0	0	74	0	0	0	0	0	0	0	0	0	0	0	0	0	43	0	0	0	0	31	0	0	11	0	0	0	11	0	0	0	0	1	0	0	0	0	0	6	0	40	0	0	3	3	0	0	0	0	0	0	4	0	0	0	0	0	0	0	0	0	0	1	0	0	0	0	0	12	0	0	0	0	0	0	0	40	0	0	0	0	0	0	0	0	6	0	188	0	0	0	0	39	0	4	47	0	115	0	65	105	0	1	137	0	42	45	50	0	0	26	37	0	31	0	0	241	138	0	0	0	58	0	106	0	0	0	0	58	0	0	109	0	0	0	0	147	0	149	0	32	59	4	0	67	133	0	0	0	96	88	135	0	94	70	0	0	44	0	84	99	40	7	0	0	0	0	142	19	0	0	0	66	0	0	186	0	0	0	0	0	0	0	0	0	0	71	0	0	11	225	377	106	104	35	0	0	0	0	0	48	0	102	14	10	347	174	64	127	157	139	129	0	110	149	233	0	0	8	0	45	90	77	82	41	0	0	54	0	0	110	0	69	39	0	9	231	60	33	250	88	99	146	0	38	89	0	0	93	25	65	33	57	135	275	28	2	0	209	0	0	117	70	7	142	181	31	112	1	31	80	87	0	34	0	0	187	21	19	0	42	95	70	92	216	0	114	0	13	0	58	68	7	0	0	0	29	0	0	0	0	0	0	0	0	0	0	0	152	0	0	0	0	0	0	150	0	0	0	0	0	101	0	0	189	0	0	0	0	0	46	0	0	0	0	0	0	0	0	0	0	0	0	0	0	0	0	0	0	0	0	27	29	0	0	0	26	0	172	0	0	0	0	44	0	0	18	0	0	0	0	0	0	96	0	0	0	0	0	0	0	0	0	26	0	0	0	0	105	0	0	86	7	0	134	178	0	0	0	1	159	123	0	3	0	153	75	5	58	33	0	0	0	0	49	0	29	0	0	0	0	101	0	199	0	0	0	25	5	35	0	301	0	0	0	0	0	0	60	0	1	42	43	0	0	0	0	0	0	0	0	0	0	0	109	0	0	70	130	24	0	5	0	0	0	189	0	94	0	0	0	0	0	1	176	26	0	0	1	0	0	0	90	0	0	384	135	109	0	0	111	3	0	0	0	38	77	1	0	0	164	35	10	0	0	104	0	0	0	32	0	0	0	0	37	14	4	0	16	0	67	0	0	0	37	0	0	0	0	71	0	0	20	125	0	0	0	13	78	0	31	0	22	1	0	0	0	0	0	7	82	0	0	0	172	0	0	96	0	0	0	0	104	0	168	86	0	26	0	46	51	110	166	37	128	0	10	26	0	5	11	6	0	0	0	136	0	0	0	59	0	0	0	0	0	48	0	0	0	24	137	0	0	0	0	0	47	0	0	0	125	0	0	136	67	61	0	77	0	108	108	77	0	0	0	0	2	25	0	51	0	16	0	214	67	97	29	0	136	117	0	179	0	17	0	0	181	0	0	0	0	0	22	18	0	0	99	96	0	93	196	0	0	0	0	18	102	0	0	0	57	219	0	0	0	77	111	59	15	17	0	0	0	0	0	38	100	22	0	119	0	0	0	51	0	114	0	0	0	88	2	44	127	0	0	0	0	197	0	10	141	0	38	0	70	0	131	50	79	0	0	0	157	0	62	29	84	320	222	0	3	59	16	0	123	277	113	0	0	37	0	0	0	0	0	31	0	8	0	220	133	0	120	0	14	18	0	42	43	65	0	0	0	9	45	53	0	0	0	122	0	69	0	35	131	0	84	91	69	31	3	197	108	0	0	75	0	42	0	0	27	0	0	98	0	28	0	155	20	0	63	78	0	88	64	11	85	74	0	100	93	0	10	143	6	118	109	30	0	0	41	130	44	67	212	0	100	0	0	0	1	0	22	113	99	75	2	115	78	0	0	101	153	64	0	0	0	169	42	0	110	0	210	173	9	153	23	73	0	12	62	0	0	10	132	152	135	38	33	71	68	133	15	0	229	41	0	67	18	55	78	0	11	174	39	0	0	49	0	0	85	0	0	14
25	0	0	0	0	0	0	0	0	0	0	0	0	0	0	0	0	0	0	0	0	0	0	0	0	0	0	0	0	0	55	0	0	0	0	0	0	0	0	0	0	0	0	0	0	0	0	0	0	0	0	0	0	0	0	0	0	0	0	0	0	0	0	0	0	0	0	0	0	0	0	0	0	0	0	10	0	0	0	0	0	0	0	0	0	0	0	0	0	0	0	0	0	0	0	0	0	0	0	0	8	0	0	0	0	0	0	0	0	0	0	0	0	0	0	0	0	0	0	0	0	0	0	0	0	0	0	0	0	0	0	0	0	5	0	0	0	0	0	0	0	0	72	0	0	0	0	0	0	0	0	47	0	9	0	0	0	0	0	0	0	0	0	0	0	0	0	0	0	0	0	0	0	0	0	0	0	0	0	0	0	0	0	0	0	0	0	0	0	0	0	0	0	0	0	0	0	0	0	0	0	0	0	0	0	0	0	0	111	0	0	0	0	0	0	0	29	0	0	0	0	0	46	5	0	0	0	0	0	0	0	0	0	0	0	0	0	0	0	0	0	0	0	0	0	0	0	0	0	0	0	0	0	0	0	2	0	0	0	145	30	0	0	0	0	0	0	0	18	0	0	0	0	0	0	0	0	0	0	0	0	0	0	30	0	7	0	21	0	0	0	0	0	0	0	0	0	0	0	25	0	0	97	0	27	0	62	89	0	87	25	0	81	637	192	0	0	260	143	0	0	0	0	264	167	0	0	0	20	0	56	0	0	0	0	38	0	0	58	0	0	0	0	35	0	59	0	44	32	0	0	98	148	11	0	8	128	97	0	0	118	353	0	0	60	0	10	50	78	0	0	99	0	0	18	34	0	0	0	18	0	0	95	0	0	0	0	0	0	0	0	0	0	59	3	0	0	1	115	212	22	48	0	0	2	0	0	1	0	193	28	0	199	35	32	36	121	52	78	0	59	25	108	0	0	0	107	0	31	32	266	21	0	0	329	0	0	63	0	81	0	0	74	64	53	147	43	62	14	27	0	72	10	0	0	32	131	44	98	0	106	154	293	0	0	103	0	0	145	62	0	151	72	42	110	0	153	104	75	0	95	0	0	134	65	127	0	18	188	130	179	29	0	26	0	0	0	56	115	0	11	0	0	0	0	0	0	0	0	0	0	0	0	0	0	59	0	0	1	3	0	0	77	0	0	0	0	0	69	0	0	61	0	0	0	0	18	11	0	0	0	0	0	0	0	0	1	0	16	1	0	0	8	0	0	0	1	0	71	10	0	0	1	3	0	392	0	0	0	0	50	0	0	162	0	0	0	0	0	0	36	0	0	0	0	0	0	0	0	0	76	0	7	0	0	108	0	0	0	0	0	66	118	0	23	0	0	52	6	0	19	0	82	38	0	72	29	0	0	1	0	54	0	71	0	0	0	0	85	0	103	0	0	0	169	0	93	0	190	0	0	3	0	0	0	220	0	0	261	88	0	0	0	0	71	0	0	0	0	0	0	174	0	0	45	86	94	0	1	0	0	12	50	0	107	0	0	0	0	0	37	80	37	0	37	0	1	0	0	172	0	53	128	241	114	0	0	116	0	0	16	0	171	8	0	0	0	133	0	0	0	0	70	0	0	0	175	0	0	0	0	9	174	92	0	0	0	28	0	0	0	16	0	4	0	0	53	0	0	0	103	0	13	1	0	0	0	1	0	186	0	0	0	0	0	0	0	19	0	0	0	18	0	0	76	0	0	0	0	302	0	70	16	0	86	0	251	22	17	43	109	342	0	115	1	0	0	85	0	0	0	0	68	0	0	0	35	0	0	0	3	0	167	0	0	0	0	0	0	0	0	0	0	68	0	0	0	45	0	0	132	200	87	23	50	0	19	161	114	0	0	0	0	0	223	0	86	0	15	0	290	147	80	66	0	37	21	0	112	0	69	0	0	114	0	1	0	0	0	107	44	0	0	33	71	0	58	76	0	0	0	0	118	193	0	0	0	115	54	0	0	0	87	56	83	73	66	0	0	0	0	18	15	123	43	0	160	0	0	0	78	0	83	0	0	0	107	0	35	54	0	0	0	0	71	0	18	116	0	153	0	321	0	28	14	145	0	0	0	155	0	104	52	61	32	109	0	0	16	177	0	234	145	31	0	1	50	0	0	0	0	0	93	0	12	0	134	57	0	240	0	0	10	0	137	12	23	0	0	0	61	116	50	3	0	0	54	0	39	0	16	64	0	74	61	11	247	123	181	24	0	0	103	0	205	0	0	0	0	0	0	0	132	0	237	0	0	24	107	0	117	93	38	32	3	4	33	54	0	96	173	1	39	22	70	0	0	16	66	53	0	47	0	160	0	1	0	0	7	166	110	27	49	0	155	57	2	0	69	283	112	0	0	0	156	104	0	56	0	66	51	0	23	0	127	0	120	46	5	0	123	54	9	41	134	94	22	49	27	53	0	31	0	0	61	14	144	3	0	0	64	155	0	0	30	0	0	43	0	0	75
26	0	0	0	0	0	0	0	0	0	0	0	0	0	0	0	0	0	0	0	0	0	0	0	0	0	0	0	0	0	0	0	0	0	0	0	0	0	0	0	0	0	0	0	0	0	0	0	0	0	0	0	0	0	0	0	0	0	0	0	0	0	0	0	0	0	0	0	0	0	0	0	0	0	0	0	0	0	0	0	0	0	0	0	0	0	0	0	0	0	0	0	0	0	0	0	0	0	0	0	0	0	0	0	0	0	0	0	0	0	0	0	0	1	0	0	0	0	0	0	0	0	0	0	0	0	0	0	0	0	0	0	0	0	0	0	0	0	0	0	0	0	0	0	0	0	0	0	0	0	0	0	0	0	0	0	0	0	0	0	0	0	0	0	0	0	0	0	0	0	0	0	0	0	0	0	0	0	0	0	0	0	0	0	0	0	0	0	0	0	0	0	0	0	0	0	0	0	0	0	0	0	0	0	0	0	0	0	0	0	0	0	0	0	0	0	0	0	0	0	0	0	0	0	0	0	0	0	0	0	0	0	0	0	0	0	0	0	0	0	0	0	0	0	0	0	0	0	0	0	0	0	0	0	0	0	0	0	0	0	0	0	0	0	0	0	0	0	0	0	0	0	0	0	0	0	0	0	0	0	0	0	0	0	0	0	0	0	0	0	0	0	0	0	0	0	0	0	0	0	0	0	0	0	0	0	0	0	0	0	0	0	0	0	0	0	0	0	0	0	0	0	0	0	0	0	0	0	0	0	0	0	0	0	0	17	0	0	0	0	0	0	0	0	0	0	0	0	0	0	0	0	0	0	0	0	0	0	0	0	0	0	0	0	0	0	0	0	0	0	0	0	0	0	0	0	0	0	0	0	0	0	0	0	0	0	0	0	0	0	0	0	0	0	0	0	0	0	0	0	0	0	0	0	0	0	0	0	0	0	0	0	0	0	0	0	0	0	0	0	0	0	0	0	0	0	0	0	0	0	0	0	0	0	0	0	0	13	0	0	0	0	0	0	0	0	0	0	0	8	0	0	0	0	0	0	0	1	0	0	0	0	0	0	0	0	0	0	0	0	0	0	0	0	2	0	0	0	4	0	0	0	0	0	0	0	0	0	0	0	0	0	0	0	0	0	0	0	0	0	0	0	0	0	0	0	0	0	0	0	0	0	0	0	0	0	0	0	0	0	0	0	0	0	0	0	0	0	0	0	0	0	0	0	0	0	0	0	0	0	0	0	0	0	0	0	0	0	0	0	0	0	0	0	0	0	0	0	0	0	0	0	0	0	0	0	0	0	0	0	0	0	0	0	0	0	0	0	0	0	0	0	0	0	0	0	0	0	0	0	0	0	0	0	0	124	0	0	0	0	0	0	0	3	0	0	0	20	0	0	0	0	19	0	0	0	0	0	0	0	0	0	0	0	0	0	0	0	0	0	0	0	0	0	0	0	0	0	0	0	0	0	0	0	0	0	0	0	0	0	0	0	0	0	0	0	0	0	0	0	0	0	0	0	0	0	0	0	0	0	0	0	0	0	0	0	0	0	0	0	0	0	0	0	0	0	0	0	0	0	0	0	0	0	0	0	0	0	0	0	0	0	0	0	0	0	0	0	0	0	0	0	0	0	0	0	0	0	0	0	0	0	0	0	0	0	0	0	0	0	0	0	0	0	0	0	0	0	0	0	0	0	0	0	0	0	0	0	0	124	0	0	0	0	0	0	0	0	0	0	0	0	0	0	0	0	0	0	0	0	0	0	0	0	0	0	0	0	11	0	0	0	0	0	0	0	0	0	0	0	0	0	0	0	0	0	1	0	0	0	0	0	0	0	0	0	0	0	0	0	0	0	0	0	0	0	0	0	0	0	37	0	0	0	0	0	0	0	0	0	0	0	0	0	0	0	0	0	0	0	0	0	0	0	0	0	0	0	0	0	0	0	0	0	0	0	0	0	0	0	0	0	0	0	0	0	0	0	0	0	0	0	0	0	0	0	0	0	0	0	0	0	0	0	0	0	2	0	0	0	0	0	0	0	2	0	1	0	0	0	0	0	0	0	0	0	0	0	0	0	0	0	0	0	2	0	0	0	0	0	0	0	0	0	0	0	0	0	0	0	0	0	156	90	0	0	0	0	0	18	0	0	0	0	0	0	0	0	0	0	0	0	0	0	1	0	2	78	0	0	0	0	0	0	0	0	0	0	0	0	60	0	0	0	0	0	0	0	0	0	0	0	0	0	0	0	0	0	4	0	0	0	0	0	0	0	0	0	0	0	0	0	0	0	0	0	0	0	0	0	0	0	0	0	0	0	0	0	0	0	0	0	0	0	27	0	0	0	0	0	0	0	0	24	0	0	0	0	0	0	2	0	0	0	0	1	0	0	0	0	0	0	0	0	0	0	0	0	0	0	0	0	0	0	0	0	0	0	0	0	0	0	1	0	0	4	0	0	0	30	0	0	0	0	0	0	0	0	0	0	0	0	0	0	29	0	0	0	0	0	0
27	0	0	0	0	0	0	0	0	0	0	0	0	0	0	0	0	0	0	0	0	0	0	0	0	0	0	0	0	0	0	0	0	0	0	0	0	0	0	0	0	0	0	0	0	0	0	0	0	0	0	0	0	0	0	0	0	0	0	0	0	0	0	0	0	0	0	0	0	0	0	0	0	0	0	0	0	0	0	0	0	0	0	0	0	0	0	0	0	0	0	0	0	0	0	0	0	0	0	0	0	0	0	0	0	0	0	0	0	0	0	0	0	0	0	0	0	0	0	0	0	0	0	0	0	0	0	0	0	0	0	0	0	0	0	0	0	0	0	0	0	0	0	0	0	0	0	0	0	0	0	0	0	0	0	0	0	0	0	0	0	0	0	0	0	0	0	0	0	0	0	0	0	0	0	0	0	0	0	0	0	0	0	0	0	0	0	0	0	0	0	0	0	0	0	0	0	0	0	0	0	0	0	0	0	0	0	0	0	0	0	0	0	0	0	0	0	0	0	0	0	0	0	0	0	0	0	0	0	0	0	0	0	0	0	0	0	0	0	0	0	0	0	0	0	0	0	0	0	0	0	0	0	0	0	0	0	0	0	0	0	0	0	0	29	0	0	0	0	0	0	0	0	0	0	0	0	0	0	0	0	0	0	0	0	0	0	0	0	0	0	0	0	0	0	0	0	0	0	0	0	0	0	0	0	0	0	0	0	0	0	0	0	0	0	0	0	0	0	0	0	0	0	0	0	0	0	0	0	0	0	0	0	0	0	0	0	0	0	0	0	0	0	0	0	0	0	0	0	0	0	0	0	0	0	0	0	0	0	0	0	0	0	0	0	0	0	0	0	0	0	0	0	0	0	0	0	0	0	0	0	0	0	0	0	0	0	0	0	0	0	0	0	0	0	0	0	0	0	8	0	0	0	0	0	0	0	0	0	0	0	0	0	0	0	0	0	0	0	0	0	0	0	0	0	0	0	0	0	0	0	0	0	0	0	0	0	0	0	0	0	0	0	0	0	3	0	0	0	0	0	0	0	0	0	0	15	0	0	0	0	0	0	0	0	0	0	0	0	0	0	0	0	0	0	0	0	0	2	0	0	0	0	0	0	0	0	1	0	0	0	0	0	21	0	0	0	0	0	0	0	0	0	0	0	0	0	0	0	0	0	0	0	0	0	0	0	0	0	0	0	0	0	0	0	0	0	0	0	0	0	0	0	0	0	0	0	0	0	0	0	0	0	0	0	0	0	0	0	0	0	0	0	0	0	0	0	0	0	0	0	0	0	0	0	0	0	0	0	0	0	0	0	0	0	0	0	0	0	0	0	0	0	0	0	0	0	0	0	0	0	0	0	0	0	0	0	0	0	0	0	0	0	0	0	0	0	36	0	0	0	0	1	0	0	0	0	0	0	0	0	0	0	0	0	0	0	0	0	0	0	0	0	0	0	0	0	0	0	0	0	0	0	0	0	0	0	0	0	0	0	0	0	0	0	0	0	0	0	0	0	0	0	0	0	0	3	0	0	0	0	0	0	0	5	0	0	0	0	0	0	112	0	0	0	0	0	0	0	0	0	0	0	0	1	0	0	64	0	0	0	0	0	0	0	0	0	0	0	0	0	0	0	0	0	0	0	0	0	0	0	0	0	0	0	0	0	0	0	0	0	0	0	0	0	0	0	0	0	0	5	0	0	0	0	0	0	0	0	0	0	0	0	0	0	0	0	0	0	0	0	0	0	0	0	0	0	0	0	0	0	0	0	0	0	0	33	0	0	34	0	0	0	0	0	0	0	0	0	0	0	0	30	0	0	0	0	0	0	0	0	0	0	0	0	0	0	0	0	0	0	0	0	0	0	0	0	0	0	0	0	0	0	0	0	0	0	133	0	0	0	0	0	0	0	0	0	0	0	0	0	0	0	0	0	0	0	0	0	0	0	0	0	0	0	0	0	0	0	0	25	0	0	0	0	0	0	4	0	0	0	0	4	0	0	0	0	0	0	0	0	0	0	5	0	0	5	0	0	0	0	0	0	7	0	0	0	0	0	0	0	0	0	0	0	0	0	0	0	0	0	0	0	0	4	0	0	0	0	0	0	0	0	0	0	0	0	0	0	0	0	0	43	0	0	0	0	0	0	0	0	0	0	0	0	0	0	0	0	0	0	0	0	0	0	0	1	0	0	0	0	0	0	0	0	0	0	0	0	0	0	0	0	0	0	0	0	0	35	0	2	0	0	0	0	0	0	0	0	0	0	0	0	0	0	0	0	0	0	0	0	0	0	0	0	0	0	0	1	0	0	0	61	0	0	0	0	0	0	0	1	0	0	0	20	0	0	1	13	145	0	0	0	0	0	0	0	0	0	0	0	0	0	0	0	0	0	0	0	0	1	0	0	0	0	0	0	0	0	0	0	0	0	0	0	0	0	0	0	0	33	0	0	0	25	0	0	7	0	2	0	1	0	0	1	0	0	0	0	0	0	7	0	0	30	0	0	0	0	0	15
28	0	0	0	0	0	0	0	0	0	0	0	0	0	0	0	0	0	0	0	0	0	0	0	0	0	0	0	0	0	0	0	0	0	0	0	0	0	0	0	0	0	0	0	0	0	0	0	0	0	0	0	0	0	0	0	0	0	0	0	0	0	0	0	0	0	0	0	0	0	0	0	0	0	0	0	0	0	0	0	0	0	0	0	0	0	0	0	0	0	0	0	0	0	0	0	0	0	0	0	0	0	0	0	0	0	0	0	0	0	0	0	0	0	0	0	0	0	0	0	0	0	0	0	0	0	0	0	0	0	0	0	0	0	0	0	0	0	0	0	0	0	0	0	0	0	0	0	0	0	0	0	0	0	0	9	0	0	0	0	0	0	0	0	0	0	0	0	0	0	0	0	0	0	0	0	0	0	0	0	0	0	0	0	0	0	0	0	0	0	0	0	0	0	0	0	0	0	0	0	0	0	0	0	0	0	0	0	0	0	0	0	0	0	0	0	0	0	0	0	0	0	0	0	0	0	0	3	0	0	0	0	0	0	0	0	0	0	0	0	0	0	0	0	0	0	0	0	0	0	0	0	0	0	0	0	0	0	0	0	0	0	0	0	0	0	0	0	0	0	0	0	0	0	0	0	0	0	0	0	0	0	0	0	0	0	0	0	0	0	0	0	0	0	0	0	0	0	0	0	0	0	0	0	0	0	0	0	0	0	0	0	0	0	0	0	0	0	0	0	0	0	0	0	0	0	0	0	0	0	0	0	0	0	0	0	0	0	0	0	0	0	0	0	0	0	0	1	0	0	0	0	0	0	0	0	0	0	0	0	0	0	0	0	0	0	0	0	0	0	0	0	0	0	0	0	0	0	0	0	0	0	0	0	0	0	0	1	0	0	0	0	0	0	0	0	0	0	0	0	0	0	0	0	0	0	0	0	0	0	0	0	0	0	0	0	0	0	0	0	0	0	0	0	0	0	0	0	0	0	0	0	0	0	0	0	0	0	0	0	0	0	0	0	0	0	0	0	0	0	0	0	0	0	0	0	0	0	0	0	0	0	0	0	0	0	0	0	0	0	0	0	0	0	0	0	0	0	0	0	0	0	0	0	0	0	0	0	0	0	0	0	0	0	0	0	0	0	0	0	0	14	0	0	0	0	0	0	0	0	0	0	0	0	0	0	0	0	0	0	0	0	0	0	0	0	0	0	0	0	0	0	0	0	0	0	0	0	0	0	0	0	0	0	0	0	0	0	0	0	0	0	0	0	0	0	0	0	0	0	0	0	0	0	0	0	0	0	0	0	0	0	0	0	0	0	0	0	0	0	0	0	0	0	0	0	0	0	0	0	0	0	0	0	0	0	0	0	0	0	0	0	0	0	0	0	0	0	0	0	0	0	0	0	0	0	0	0	0	0	0	0	0	0	0	0	0	0	0	0	0	0	0	0	0	0	0	0	0	0	0	0	0	0	0	0	0	0	0	0	0	0	0	0	0	0	0	0	0	0	0	0	0	0	0	0	0	0	0	0	0	0	0	0	0	0	0	0	0	0	0	0	0	0	0	0	0	0	0	4	0	0	0	0	0	0	0	0	0	0	0	0	0	0	0	0	0	0	0	0	0	0	0	0	0	0	0	0	0	0	0	0	0	0	0	0	0	0	0	0	0	0	0	0	0	0	0	0	0	0	0	0	1	0	0	0	0	0	0	0	0	0	0	0	0	0	0	0	0	0	0	0	0	0	0	0	0	0	0	0	0	0	0	0	0	0	0	0	0	0	0	0	0	0	0	0	0	0	0	0	0	0	0	0	0	0	0	0	0	0	0	0	0	0	0	0	1	0	0	0	0	0	0	0	0	0	0	0	0	0	0	0	0	0	0	0	0	0	0	0	0	0	0	0	21	0	0	0	0	0	0	0	0	0	0	0	0	0	0	0	0	0	0	0	0	0	0	0	0	0	0	0	0	0	0	0	0	0	0	0	0	0	0	0	0	0	0	0	0	0	0	0	0	0	0	0	0	0	0	0	0	0	0	0	0	0	0	0	0	11	0	0	0	0	0	0	0	0	0	0	0	0	0	0	0	0	0	0	0	0	0	0	0	0	0	0	0	0	0	0	0	0	0	0	0	0	0	0	0	0	0	0	0	0	0	0	0	0	0	0	0	0	0	0	0	0	0	0	0	0	0	0	0	0	0	0	0	0	0	0	0	0	0	0	0	0	0	0	0	0	0	0	0	0	0	0	0	0	0	0	0	0	0	0	0	0	0	0	0	0	0	0	0	0	0	0	0	0	0	0	0	0	0	0	0	0	0	0	0	0	0	0	0	0	0	0	0	0	0	0	0	0	0	0	0	0	0	0	0	0	0	0	0	0	0	0	0	0	0	0	0	0	0	0	0	0	0	0	0	0	0	0	0	0	0	0	0	0	0	0	0	0	0	0	0	0	0	0	0	0	0	0	0	0	0	0	0	0	0	0	0	0	0	0	0	0	0	0	0	0	0
29	0	0	0	0	0	0	0	0	0	0	0	0	0	0	0	0	0	0	0	0	0	0	0	0	0	0	0	0	0	0	0	0	0	0	0	0	0	0	0	0	0	0	0	0	0	0	0	0	0	0	0	0	0	0	0	0	0	0	0	0	0	0	0	0	0	0	0	0	0	0	0	0	0	0	0	0	0	0	0	0	0	0	0	0	0	0	0	0	0	0	0	0	0	0	0	0	0	0	0	0	0	0	0	0	0	0	0	0	0	0	0	0	0	0	0	0	0	0	0	0	0	0	0	0	0	0	0	0	0	0	0	0	0	0	0	0	0	0	0	0	0	0	0	0	0	0	0	0	0	0	0	0	0	0	0	0	0	0	0	0	0	0	0	0	0	0	0	0	0	0	0	0	0	0	0	0	0	0	0	0	0	0	0	0	0	0	0	0	0	0	0	0	0	0	0	0	0	0	0	0	0	0	0	0	0	0	0	0	0	0	0	0	0	0	0	0	0	0	0	0	0	0	0	0	0	0	0	0	0	0	0	0	0	0	0	0	0	0	0	0	0	0	0	0	0	0	0	0	0	0	13	0	0	0	1	0	0	0	0	0	0	0	0	0	0	0	0	0	0	0	0	0	0	0	0	0	0	0	0	0	0	0	0	0	0	0	0	0	0	0	0	0	0	0	0	0	0	0	0	0	0	0	0	0	0	0	0	0	0	0	0	0	0	0	0	0	0	0	0	0	0	0	0	0	0	0	0	0	0	0	0	0	0	0	0	0	3	0	0	0	0	0	0	0	0	0	0	0	0	0	0	0	0	0	0	0	0	0	0	0	0	0	0	0	0	0	0	0	0	0	0	0	0	0	0	0	0	0	0	0	0	0	0	0	0	0	0	0	0	0	0	0	0	0	0	0	0	0	0	0	0	0	0	0	0	0	0	0	0	0	0	0	0	0	0	0	0	0	0	0	0	0	0	0	0	0	0	0	0	0	0	0	0	0	0	0	0	0	0	0	0	0	0	0	0	0	0	0	0	0	0	0	0	0	0	0	0	0	0	0	0	0	0	0	0	0	0	0	0	0	0	0	0	0	0	0	0	0	0	0	0	0	0	0	0	0	0	0	0	0	0	0	0	0	0	0	0	0	0	0	0	0	0	0	0	0	0	0	0	0	0	0	0	0	0	0	0	0	0	0	0	0	0	0	0	0	0	0	0	0	0	0	0	0	0	0	0	0	0	0	0	0	0	0	0	0	0	0	0	0	0	0	0	0	0	0	0	0	0	0	0	0	0	0	0	0	0	0	0	0	0	0	0	0	0	0	0	0	0	0	0	0	0	0	0	0	0	0	0	0	0	0	0	0	0	0	0	0	0	0	0	0	0	0	0	0	0	0	0	0	0	0	0	0	0	0	0	0	0	0	0	0	0	0	0	0	0	0	0	0	0	0	0	0	0	0	0	0	0	0	0	0	0	0	0	0	0	0	0	0	0	0	0	0	0	0	0	0	0	0	0	0	0	0	0	0	0	0	0	0	0	0	0	0	0	0	0	0	0	0	0	0	0	0	0	0	0	0	0	0	0	0	0	0	0	0	0	0	0	0	0	0	0	0	0	0	0	0	9	0	0	0	0	0	0	0	0	0	0	0	0	0	0	0	0	0	0	0	0	0	0	0	0	0	0	0	0	0	0	0	0	0	0	0	0	0	0	0	0	0	0	0	0	0	0	0	0	0	0	0	0	0	0	0	0	0	0	0	0	0	0	0	0	0	0	0	0	0	0	0	0	0	0	0	0	0	0	0	0	0	0	0	0	0	0	0	0	0	0	0	0	0	0	0	0	0	0	0	0	0	0	0	0	0	0	0	0	1	0	0	0	0	0	0	0	0	0	0	0	0	0	0	0	0	0	0	0	0	0	0	0	0	0	0	0	0	0	0	0	0	0	0	0	0	0	0	0	0	0	0	0	0	0	0	0	0	0	0	0	0	0	0	0	0	0	0	0	0	0	0	0	0	0	0	0	0	0	0	0	0	0	0	0	0	0	0	0	0	0	0	0	0	0	0	0	0	0	0	0	0	0	0	0	0	0	0	0	0	0	0	0	0	0	0	0	0	0	0	0	0	0	0	0	0	0	0	0	0	0	0	0	0	0	0	0	0	0	0	0	0	0	0	0	0	0	0	0	0	0	0	0	0	0	0	1	0	0	0	0	0	0	0	0	0	0	0	0	0	0	0	0	0	0	0	0	0	0	0	0	0	0	0	0	0	0	0	0	0	0	0	0	0	0	0	0	4	0	0	0	0	0	0	0	0	0	0	0	0	0	0	0	0	0	0	0	0	0	0	0	0	0	0	0	0	0	0	0	0	0	0	0	0	0	0	0	0	0	0	0	0	0	8	0	0	0	0	0	0	0	0	0	0	0	0	0	0	0	0	0	0	0	0	0	0	0	0	0	0	0	0	0	0	0	0	0	0	0	0	0	0	0	0	0	0	0	0	0	0	0	0
30	0	0	0	0	0	0	0	0	0	0	0	0	0	0	0	0	0	0	0	0	0	0	0	0	0	0	0	0	0	0	0	0	0	0	0	0	0	0	0	0	0	0	0	0	0	0	0	0	0	0	0	0	0	0	0	0	0	0	0	0	0	0	0	0	0	0	0	0	0	0	0	0	0	0	0	0	0	0	0	0	0	0	0	0	0	0	0	0	0	0	0	0	0	0	0	0	0	0	0	0	0	0	0	0	0	0	0	0	0	0	0	0	0	0	0	0	0	0	0	0	0	0	0	0	0	0	0	0	0	0	0	0	0	0	0	0	0	0	0	0	0	0	0	0	0	0	0	0	0	0	0	0	0	0	0	0	0	0	0	0	0	0	0	0	0	0	0	0	0	0	0	0	0	0	0	0	0	0	0	0	0	0	0	0	0	0	0	0	0	0	0	0	0	0	0	0	0	0	0	0	0	0	0	0	0	0	0	0	0	0	0	0	0	0	0	0	0	0	0	0	0	0	0	0	0	0	0	0	0	0	0	0	0	0	0	0	0	0	0	0	0	0	0	0	0	0	0	0	0	0	0	0	0	0	0	0	0	0	0	0	0	0	0	0	0	0	0	0	0	0	0	0	0	0	0	0	0	0	0	0	0	0	0	0	0	0	0	0	0	0	0	0	0	0	0	0	0	0	0	0	0	0	0	0	0	0	0	0	0	0	0	0	0	0	0	0	0	0	0	0	0	0	0	0	0	0	0	0	0	0	0	0	0	0	0	0	0	0	0	0	0	0	0	0	0	0	0	0	0	0	0	0	0	0	0	0	0	0	0	0	0	0	0	0	0	0	0	0	0	0	0	0	0	0	0	0	0	0	0	0	0	0	0	0	0	0	0	0	0	25	0	0	0	0	0	0	0	0	0	0	0	0	0	0	0	0	0	0	0	0	0	0	0	0	0	0	0	0	0	0	0	0	0	0	0	0	0	0	0	0	0	0	0	0	0	0	0	0	0	0	0	0	0	0	0	0	0	0	0	0	0	0	0	0	0	0	0	0	0	0	0	0	0	0	0	0	0	0	0	0	0	0	0	0	0	0	0	0	0	0	0	0	0	0	0	0	0	0	0	0	0	0	0	0	0	0	0	0	0	0	0	0	0	0	0	0	0	0	0	0	0	0	0	0	0	0	0	0	0	0	0	0	0	0	0	0	0	0	0	0	0	0	0	0	0	0	0	0	0	0	0	0	0	0	0	0	0	0	0	0	0	0	0	0	0	0	0	0	0	0	0	0	0	0	0	0	0	0	0	0	0	0	0	0	0	0	0	0	0	0	0	0	0	0	0	0	0	0	0	0	0	0	0	0	0	0	0	0	0	0	0	0	0	0	0	0	0	0	0	0	0	0	0	0	0	0	0	0	0	0	0	0	0	0	0	0	0	0	0	0	0	0	0	0	0	0	0	0	0	0	0	0	0	0	0	0	0	0	0	0	0	0	0	0	0	0	0	0	0	0	0	0	0	0	0	0	0	0	0	0	0	0	0	0	0	0	0	0	0	0	0	0	0	0	0	0	0	0	0	0	0	0	0	0	0	0	0	0	0	0	0	0	0	0	0	0	0	0	0	0	0	0	0	0	0	0	0	0	0	0	0	0	0	0	0	0	0	0	0	0	0	0	0	0	0	0	0	0	11	0	0	0	0	0	0	0	0	0	0	0	0	0	0	0	0	0	0	0	0	0	0	0	0	0	0	0	0	0	0	0	0	0	0	0	0	0	0	0	0	0	0	0	0	0	0	0	0	0	0	0	0	0	0	0	0	0	0	0	0	0	0	0	25	0	0	0	0	0	0	0	0	0	0	0	0	0	0	0	0	0	0	0	0	0	0	0	0	0	0	0	0	0	0	0	0	0	0	0	0	0	0	0	0	0	0	0	0	0	0	0	0	0	0	0	0	1	0	0	0	0	0	1	0	0	0	0	0	0	0	0	0	0	0	0	0	0	0	0	0	0	0	0	0	0	0	0	0	0	0	0	0	0	0	0	0	0	0	0	0	0	0	0	0	0	0	0	0	0	0	0	0	0	0	0	0	0	0	0	0	0	0	0	0	0	0	0	0	0	0	0	0	0	0	0	0	0	0	0	0	0	0	0	0	0	0	0	0	0	0	0	0	0	0	0	0	0	0	0	0	0	0	0	0	0	0	0	0	0	0	0	0	0	0	0	0	0	0	0	0	0	0	0	0	0	0	0	0	0	0	0	0	0	0	0	0	0	0	0	9	0	0	0	0	0	0	0	0	0	0	0	0	0	0	0	0	0	0	0	0	0	0	0	0	0	0	0	0	0	0	0	0	0	0	0	0	0	0	0	0	0	0	0	0	0	0	0	0	0	0	0	0	0	0	0	0	0	0	0	0	0	0	0	0	0	0	0	0	0	0	0	0	0	0	0	0	0	0	0	0	0	0	0	0	0	0	0	0	0	0	0	0	0	0	0	0	0	0	0	0	0
31	0	0	0	0	0	0	0	0	0	0	0	0	0	0	0	0	0	0	0	0	0	0	0	0	0	0	0	0	0	0	0	0	0	0	0	0	0	0	0	0	0	0	0	0	0	0	0	0	0	0	0	0	0	0	0	0	0	0	0	0	0	0	0	0	0	0	0	0	0	0	0	0	0	0	0	0	0	0	0	17	0	0	0	0	0	0	0	0	0	0	0	0	0	0	0	0	0	0	0	14	0	0	0	0	0	0	0	0	0	0	0	0	0	0	0	0	0	0	0	0	0	0	0	0	0	0	0	0	0	0	0	0	0	0	0	0	0	0	0	0	0	0	0	0	0	0	0	0	0	0	0	0	0	0	0	0	0	0	0	0	0	0	0	0	0	0	0	0	0	0	0	0	0	0	0	0	0	0	0	0	0	0	0	0	0	0	0	0	0	0	0	0	0	0	0	0	0	0	0	0	0	0	0	0	0	1	0	0	0	0	0	0	0	0	0	0	0	0	0	0	0	0	0	0	0	0	0	0	0	0	0	0	0	0	0	0	0	0	0	0	0	0	0	0	0	0	0	0	0	0	0	0	0	0	0	0	0	0	0	0	0	1	2	0	0	0	0	0	0	0	0	1	0	0	0	0	0	0	0	0	0	0	0	0	0	0	0	0	0	0	0	0	0	0	0	0	0	0	0	0	0	0	0	0	0	0	0	0	0	0	0	0	0	0	0	0	0	0	0	0	0	0	0	0	0	0	0	0	0	0	0	0	0	0	0	0	0	0	0	0	0	8	0	0	0	0	0	0	0	0	0	0	0	0	0	0	0	0	0	0	0	0	0	0	0	0	0	0	0	0	0	0	0	0	0	6	0	0	0	0	0	0	0	0	0	0	0	0	0	0	0	0	0	0	0	0	0	0	0	0	0	0	0	0	0	0	0	0	0	0	0	0	0	0	0	0	0	0	0	0	0	0	0	0	0	0	0	0	0	0	0	0	0	0	0	0	0	0	0	0	0	0	0	0	0	0	0	0	0	0	0	0	0	0	0	0	0	0	0	0	0	0	0	0	0	0	0	0	0	0	0	0	0	0	0	0	0	0	0	0	0	0	0	0	0	0	0	0	0	0	0	0	0	0	0	0	0	0	0	0	0	0	0	0	0	0	0	0	0	0	0	0	0	0	0	0	0	0	0	0	0	0	0	0	0	0	0	0	0	0	0	0	0	0	0	0	0	0	0	0	0	0	0	0	0	0	0	0	0	0	0	0	0	0	0	0	0	0	0	0	0	0	0	0	0	0	0	0	0	0	0	0	0	0	0	0	0	0	0	0	0	0	0	0	0	0	0	0	0	0	0	0	0	0	0	0	0	0	0	0	0	0	0	0	0	0	0	0	0	0	0	0	0	0	0	0	0	0	0	0	0	0	0	0	0	0	0	0	0	0	0	0	0	0	0	0	0	0	0	0	0	0	0	0	0	0	0	0	0	0	0	0	0	0	0	0	0	0	0	0	0	0	0	0	0	0	0	0	0	0	0	0	0	0	0	0	0	0	0	0	0	0	0	0	0	0	0	0	0	0	0	0	0	0	0	0	0	0	0	0	0	0	0	0	0	0	0	0	0	0	0	0	0	0	0	0	0	0	0	0	0	0	0	0	0	0	0	0	0	0	0	0	0	0	0	0	0	0	0	0	0	0	0	0	0	0	0	0	0	0	0	0	0	0	0	0	0	0	0	0	0	0	0	0	0	0	0	0	0	0	0	0	0	0	0	0	0	0	0	0	0	0	0	0	0	0	0	0	0	0	0	0	0	0	0	0	0	0	0	0	0	0	0	0	0	0	0	0	0	0	0	0	0	0	0	0	0	0	0	0	0	0	0	0	0	0	0	0	0	0	0	0	0	0	0	0	0	0	0	0	0	0	0	0	0	0	0	0	0	0	0	0	0	0	0	0	0	0	0	0	0	0	0	0	0	0	0	0	0	0	0	0	0	0	0	0	0	0	0	0	0	0	0	0	0	0	0	0	0	0	0	0	0	0	0	0	0	0	0	0	0	0	0	0	0	0	0	0	0	0	0	0	0	0	0	0	0	0	0	0	0	0	0	0	0	0	0	0	0	0	0	0	0	0	0	0	0	0	0	0	0	0	0	0	0	0	0	0	0	0	0	0	0	0	0	0	0	0	0	0	0	0	0	0	0	0	0	0	0	0	0	0	0	0	0	0	0	0	0	0	0	0	0	0	0	0	0	0	0	0	0	0	0	0	0	0	0	0	0	0	0	0	0	0	0	0	0	0	0	0	0	0	0	0	0	0	0	0	0	0	0	0	0	0	0	0	0	0	0	0	0	0	0	0	0	0	0	0	0	0	0	0	0	0	0	0	0	0	0	0	0	0	0	0	0	0	0	0	0	0	0	0	0	0	0	0	0	0	0	0	0	0	0	0	0	0	0	0	0	0	0	0	0	0	0	0	0	0	0	0	0	0	0	0	0	0	0	0	0	0
32	0	0	0	0	0	0	0	0	0	0	0	0	0	0	0	0	0	0	0	0	0	0	0	0	0	0	0	0	0	0	0	0	0	0	0	0	0	0	0	0	0	0	0	0	0	0	0	0	0	0	0	0	0	0	0	0	0	0	0	0	0	0	0	0	0	0	0	0	0	0	0	0	1	0	0	0	0	0	0	0	0	0	0	0	0	0	0	0	0	0	0	0	0	0	0	0	0	0	0	0	0	0	0	0	0	0	0	0	0	0	0	0	0	0	0	0	0	0	0	0	0	0	0	0	0	0	0	0	0	0	0	0	0	0	0	0	0	0	5	0	0	0	0	0	0	0	0	0	0	0	0	0	0	0	0	0	0	0	0	0	0	0	0	0	0	0	0	0	0	0	0	0	0	0	0	0	0	0	0	0	0	0	0	0	0	0	0	0	0	0	0	0	0	0	0	0	0	0	0	0	0	0	0	0	0	0	0	0	0	0	0	0	0	0	0	0	0	0	0	0	0	0	0	0	0	0	0	0	0	0	0	0	0	0	0	0	0	0	0	0	0	0	0	0	0	0	0	0	0	0	0	0	0	0	0	0	0	0	0	0	0	0	0	0	4	0	0	0	0	0	0	0	0	0	0	0	0	0	0	0	0	0	0	0	0	0	0	0	0	0	0	0	0	0	0	0	0	0	0	0	0	0	0	0	0	0	0	0	0	0	0	0	0	0	0	0	0	0	0	0	0	0	0	0	0	0	0	0	0	0	0	0	0	0	0	0	0	0	0	0	0	0	0	0	0	0	0	0	0	0	0	0	0	0	0	0	0	0	0	0	0	0	0	0	0	0	0	0	0	0	0	0	0	0	0	0	0	0	0	0	0	0	10	0	0	0	0	0	0	0	0	27	0	0	0	0	0	0	0	0	0	0	0	0	0	0	0	0	0	0	0	0	0	0	0	0	0	0	0	0	0	0	0	0	0	0	0	0	0	0	0	0	0	0	0	0	0	0	0	0	0	0	0	0	0	0	0	0	0	0	0	0	0	0	0	0	0	0	0	0	0	0	0	0	0	0	0	0	0	0	0	0	0	0	0	0	0	0	0	0	0	0	0	0	0	0	0	0	0	0	0	0	0	0	0	0	0	0	0	0	0	0	0	0	0	0	0	0	0	0	0	0	0	0	0	0	0	0	0	0	0	0	0	0	0	0	0	0	0	0	0	0	0	0	0	0	0	0	0	0	0	0	0	0	0	0	0	0	0	0	0	0	0	0	0	0	0	0	0	0	0	0	0	0	0	0	0	0	0	0	0	3	0	0	0	0	0	0	0	0	0	0	0	0	0	0	0	0	0	0	0	0	0	0	0	0	0	0	0	0	0	0	0	0	0	0	0	0	0	33	0	0	0	0	0	0	0	0	1	0	0	0	0	0	0	0	0	0	0	0	0	0	0	0	0	0	0	0	0	0	0	0	0	0	0	0	0	0	0	0	0	0	0	0	0	0	0	0	0	0	0	0	0	0	0	0	0	0	0	0	0	0	0	0	0	0	0	0	0	0	0	0	0	0	0	0	0	0	0	0	0	0	0	0	1	0	0	0	0	0	0	0	0	0	0	0	0	0	0	0	0	0	0	0	0	0	0	0	0	0	0	0	0	0	0	0	0	0	0	0	0	0	0	0	0	0	0	0	0	0	0	0	0	0	0	0	0	0	0	0	0	0	0	0	0	0	0	0	0	10	0	0	0	0	0	0	0	0	0	0	0	0	0	0	0	0	0	0	0	0	0	0	0	0	0	0	0	0	0	0	0	0	0	0	0	0	0	0	0	0	0	0	0	0	0	0	0	0	0	0	0	0	0	0	0	0	0	0	0	0	0	0	0	0	0	0	0	0	0	0	0	0	0	0	0	0	0	0	0	0	0	0	0	0	0	0	0	0	0	0	0	0	0	0	0	0	0	0	0	0	0	0	0	0	0	0	0	0	0	0	0	0	0	0	0	0	0	0	0	0	0	0	0	0	0	0	0	0	0	0	0	0	0	0	0	0	0	0	0	0	0	0	0	0	0	0	0	0	0	0	0	2	0	0	0	0	0	0	0	0	0	0	0	0	0	0	0	0	0	0	0	0	0	0	0	0	0	0	0	0	0	0	0	0	0	0	0	0	0	0	0	0	0	0	0	0	0	0	0	0	0	0	0	0	0	0	0	0	0	0	0	0	0	0	0	0	0	0	0	0	0	0	0	0	0	0	0	0	0	0	0	0	0	0	0	0	0	0	0	0	0	0	0	0	0	0	0	0	0	0	0	0	0	0	0	0	0	0	0	0	0	0	0	0	0	0	0	0	0	0	0	0	0	0	0	0	0	0	0	0	0	0	0	0	0	0	0	0	0	0	0	0	0	0	0	0	0	0	0	0	0	0	0	0	0	0	0	0	0	0	0	0	0	0	0	0	0	0	0	0	0	0	0	0	0	0	0	0	0	0	0	0	0	0	0	0	0	0	0	0
33	0	0	0	0	0	0	0	0	0	0	0	0	0	0	0	0	0	0	0	0	0	0	0	0	0	0	0	0	0	0	0	0	0	0	0	0	0	0	0	0	0	0	0	0	0	0	0	0	0	0	0	0	0	0	0	0	0	0	0	0	0	0	0	0	0	0	0	0	0	0	0	0	0	0	0	0	0	0	0	0	0	0	0	0	0	0	0	0	0	0	0	0	0	0	0	0	0	0	0	0	0	0	0	0	0	0	0	0	0	0	0	0	0	0	0	0	0	0	0	0	0	0	0	0	0	0	0	0	0	0	0	12	0	1	5	0	0	0	0	0	0	0	0	0	0	0	0	0	0	0	0	0	0	0	0	0	0	0	0	0	0	0	0	0	0	0	0	0	0	0	0	0	0	0	0	0	0	0	0	0	0	0	0	0	0	0	0	0	0	0	0	0	0	0	0	0	0	0	0	0	0	0	0	0	0	0	0	0	0	0	0	0	0	0	0	0	0	0	0	0	0	0	0	0	0	0	0	0	0	0	0	0	0	0	0	0	0	0	0	0	0	0	0	0	0	0	0	0	0	0	0	0	0	0	0	0	0	0	0	0	0	0	0	0	0	0	0	0	0	0	0	0	0	0	0	0	0	0	0	0	0	0	0	0	0	0	0	0	0	0	0	0	0	0	0	5	0	0	0	0	0	0	0	0	0	0	0	0	0	0	0	0	0	0	0	0	0	0	0	0	0	0	0	0	0	0	0	0	0	0	0	0	0	0	0	0	0	0	0	0	0	0	0	0	0	0	0	0	0	0	0	0	0	0	0	0	0	0	0	0	0	0	0	0	0	0	0	0	0	0	0	0	0	0	0	0	0	0	0	0	0	0	0	0	0	0	0	0	0	0	0	0	0	0	0	0	0	0	0	0	0	0	1	0	0	0	0	0	0	0	0	0	0	0	0	0	0	0	0	0	0	0	0	0	0	0	0	0	0	0	0	0	0	0	0	0	0	0	0	0	0	0	0	0	0	0	0	0	0	0	0	0	0	0	0	0	0	0	0	0	0	0	0	0	0	0	0	0	0	0	0	0	0	0	0	0	0	0	0	0	0	0	0	0	0	0	0	0	0	0	0	0	0	0	0	0	0	0	0	0	0	0	0	0	0	0	0	1	0	0	0	45	0	0	0	0	0	0	0	0	0	0	0	0	0	0	0	0	0	0	0	0	0	0	0	0	0	0	0	0	0	0	0	0	0	0	0	0	0	0	0	0	0	0	0	0	0	0	0	0	0	0	0	0	0	0	0	0	0	0	0	0	0	0	0	0	0	0	0	0	0	0	0	0	0	0	0	0	0	0	0	0	0	0	0	0	0	0	0	0	0	0	0	0	0	0	0	0	0	0	0	0	0	0	0	0	0	0	0	0	0	0	0	0	0	0	0	0	0	0	0	0	0	0	0	0	0	0	0	0	0	0	0	0	0	0	0	0	0	0	1	0	0	0	0	0	0	0	0	0	0	0	0	0	0	0	0	0	0	0	0	0	0	0	0	0	0	0	0	0	0	0	1	0	0	0	0	0	0	0	0	0	0	0	0	0	0	0	0	0	0	0	0	0	0	0	0	0	0	0	0	0	0	0	0	0	0	0	0	0	0	0	0	0	0	0	0	0	0	0	0	0	0	0	0	0	0	0	0	0	0	0	0	0	0	0	0	0	0	0	0	0	0	0	0	0	0	0	0	8	0	0	0	0	0	0	0	0	0	0	0	0	0	0	0	0	0	0	0	0	0	0	0	0	0	0	0	0	0	0	0	0	0	0	0	0	0	0	0	0	0	0	0	0	0	0	0	0	0	0	0	0	0	10	0	0	0	0	0	0	0	0	0	0	0	0	0	0	0	0	0	0	0	0	0	0	0	0	0	0	0	0	0	0	0	0	0	0	0	0	0	0	0	0	0	3	0	0	0	0	0	0	0	0	0	0	0	0	0	0	0	0	0	0	0	0	0	0	0	0	0	0	0	0	0	0	0	0	0	0	0	0	0	0	0	0	0	0	0	0	0	0	0	0	0	0	0	0	0	0	0	0	0	0	0	0	0	0	0	0	0	0	0	0	0	0	0	0	0	0	0	0	0	0	0	0	0	0	0	0	0	0	0	0	0	0	0	0	0	0	0	0	0	0	0	0	0	0	0	0	0	0	0	0	0	0	0	0	0	0	0	0	0	0	0	0	0	0	0	0	0	0	0	0	0	0	0	0	0	0	0	0	0	0	0	0	0	0	0	0	0	0	0	0	0	0	0	0	0	0	0	0	0	0	0	0	0	0	0	0	0	0	0	0	0	0	0	0	0	0	0	0	0	0	0	0	0	0	0	0	0	0	0	0	0	0	0	0	0	0	0	0	0	0	0	0	0	0	0	0	0	0	0	0	0	0	0	0	0	0	0	0	0	0	0	0	0	0	0	0	0	0	0	0	0	0	0	0	0	0	0	0	0	0	0	0	0	0	0	0
34	0	0	0	0	0	0	0	0	0	0	0	0	0	0	0	0	0	0	0	0	0	0	0	0	0	0	0	0	0	0	0	0	0	0	0	0	0	0	0	0	0	0	0	0	0	0	0	0	0	0	0	0	0	0	0	0	0	0	0	0	0	0	0	0	0	0	0	0	0	0	0	0	0	0	0	0	0	0	0	0	0	0	0	0	0	0	0	0	0	0	0	0	0	0	0	0	0	0	0	0	0	0	0	1	0	0	0	0	0	0	0	0	0	0	0	0	0	0	0	0	0	0	9	0	11	0	0	0	0	0	0	0	0	0	0	0	0	0	0	0	0	0	0	0	0	0	0	0	0	0	0	0	0	0	0	0	0	0	0	0	0	0	0	0	0	0	0	0	0	0	0	0	0	0	0	0	0	0	0	0	0	0	0	0	0	0	0	0	0	0	0	0	0	0	0	0	0	0	0	0	0	0	0	0	0	0	0	0	0	0	0	0	0	0	0	0	0	0	0	0	0	0	0	0	0	0	0	0	8	0	0	0	0	0	0	0	0	0	0	0	0	0	0	0	0	0	0	0	0	0	0	0	0	0	0	0	0	0	0	0	0	0	0	0	0	0	0	0	0	0	0	0	0	5	0	0	0	0	0	0	0	0	0	0	0	0	0	0	0	0	0	0	0	0	0	0	0	0	0	0	0	0	0	0	0	0	0	0	0	0	0	0	0	0	0	0	0	0	0	0	0	0	0	0	0	0	0	0	0	0	0	0	0	0	0	0	0	0	0	43	0	0	0	0	0	0	0	0	0	0	0	0	0	0	0	0	0	0	0	0	0	0	0	0	0	0	0	0	0	0	0	0	0	0	0	0	0	0	0	0	0	0	0	0	0	0	0	0	0	0	0	0	0	0	0	0	0	0	0	0	0	0	0	0	0	0	0	0	0	0	0	0	0	0	0	0	0	0	0	0	0	0	0	0	0	0	0	0	0	0	0	0	0	0	0	0	0	0	0	0	0	0	0	0	0	0	0	0	0	0	0	0	0	0	0	0	0	0	0	0	0	0	0	0	0	0	0	0	0	0	0	0	0	0	0	0	0	0	0	0	0	0	0	0	0	0	0	0	0	0	0	0	0	0	0	0	0	0	0	0	0	0	0	0	0	0	0	0	0	0	0	0	0	0	0	0	0	0	0	0	0	0	0	0	0	0	0	0	0	0	0	0	0	0	0	0	0	0	0	0	0	0	0	0	0	0	0	0	0	0	0	0	0	0	0	0	0	0	0	0	0	0	0	0	0	0	0	0	0	0	0	0	0	0	0	0	0	0	0	0	0	0	0	0	0	0	0	0	0	0	0	6	0	0	0	0	0	0	0	0	0	0	0	0	0	0	0	0	0	0	0	0	0	0	0	0	0	0	0	0	0	0	0	0	0	0	0	0	0	0	0	0	0	0	0	0	0	0	0	0	0	0	0	0	0	0	0	0	0	0	0	0	0	0	0	0	0	0	0	0	0	0	0	0	0	0	0	0	0	0	0	0	0	0	0	0	0	0	0	0	0	0	0	0	0	0	0	0	0	0	0	0	0	0	0	0	0	0	0	0	0	0	0	0	0	0	0	0	0	0	0	0	0	0	0	0	0	0	0	0	0	0	0	0	0	0	0	0	0	0	0	0	0	0	0	0	0	0	0	0	0	0	0	0	0	0	0	0	0	0	0	0	0	0	0	0	0	0	0	0	0	0	0	0	0	0	0	0	0	0	0	0	0	0	0	0	0	0	0	0	0	0	0	0	0	0	0	0	0	0	0	0	0	0	0	0	0	0	0	0	0	0	0	0	0	0	0	0	0	0	0	0	0	0	0	0	0	0	0	0	0	0	0	0	0	0	0	0	0	0	0	0	6	0	0	0	0	0	0	0	0	0	0	0	0	0	0	0	0	0	0	0	0	0	0	0	0	0	0	0	0	0	0	0	0	0	0	0	0	0	0	0	0	0	0	0	0	0	0	0	0	0	0	0	0	0	0	0	0	0	0	0	0	0	0	0	0	0	0	0	0	0	9	0	0	0	0	0	0	0	0	0	0	0	0	0	0	0	0	0	0	0	0	0	0	0	0	0	0	0	0	0	0	0	0	0	0	0	0	0	0	0	0	0	0	0	0	0	0	0	0	0	0	0	0	0	0	0	0	0	0	0	0	0	0	0	0	0	0	0	0	0	0	0	0	0	0	0	0	0	0	0	0	0	0	0	0	0	0	0	0	0	0	0	0	0	0	0	0	0	0	0	0	0	0	0	0	0	0	0	0	0	0	0	0	0	0	0	0	0	0	0	0	0	0	0	0	0	0	0	0	0	0	0	0	0	0	0	0	0	0	0	0	0	0	0	0	0	0	0	0	0	3	0	0	0	0	0	0	0	0	0	0	0	0	0	0	0	0	0	0	0	0	0	0	0	0	0	0	0	0	0	0	0	0	0	0	0	0	0	0	0	0	0	0	0	0	0	0	0
35	0	0	0	0	0	0	0	0	0	0	0	0	0	0	0	0	0	0	0	0	0	0	0	0	0	0	0	0	0	0	0	0	0	0	0	0	0	0	0	0	0	0	0	0	0	0	0	0	0	0	0	0	0	0	0	0	0	0	0	0	0	0	0	0	0	0	0	0	0	0	0	0	0	0	0	0	0	0	0	0	0	0	0	0	0	0	0	0	0	0	0	0	0	0	0	0	0	0	0	0	0	0	0	0	0	0	0	0	0	0	0	0	0	0	0	0	0	0	0	0	0	0	0	0	3	0	0	0	0	0	0	0	0	0	0	0	0	0	0	0	0	0	0	0	0	0	0	0	0	0	0	0	0	0	0	0	0	0	0	0	0	0	0	0	0	0	0	0	0	0	0	0	0	0	0	0	0	0	0	0	0	0	0	0	0	0	0	0	0	0	0	0	0	0	0	2	0	0	0	0	0	0	0	0	0	0	0	0	0	0	0	0	0	0	0	0	0	0	0	0	0	0	0	0	0	0	0	0	0	0	0	0	0	0	0	0	0	0	0	4	0	0	0	0	0	0	0	0	0	0	0	0	0	0	0	0	0	0	0	0	0	0	0	0	0	0	0	0	15	0	0	0	0	0	0	0	0	0	0	0	0	0	0	0	0	0	0	0	0	0	0	0	0	0	0	0	0	0	0	0	0	0	0	0	0	0	0	0	0	0	0	0	0	0	0	0	0	0	0	0	0	0	0	0	0	0	0	0	0	0	0	0	0	0	0	0	0	0	0	0	0	0	0	0	0	0	0	0	0	0	0	0	0	0	0	0	0	0	0	0	0	0	0	0	0	0	0	0	0	0	0	0	0	0	0	0	0	0	0	0	0	0	0	0	0	0	0	0	0	0	0	0	0	0	0	0	0	0	0	0	0	0	0	0	0	0	0	0	0	0	0	0	0	0	0	0	0	0	0	0	0	0	0	0	0	0	0	0	0	0	0	0	0	0	0	0	0	0	0	0	0	0	0	0	0	0	0	0	0	0	0	0	0	0	0	0	0	0	0	0	0	0	0	0	0	0	0	0	0	0	0	0	0	0	0	0	0	0	0	0	0	0	0	0	0	0	0	0	0	0	0	0	0	0	0	0	0	0	0	0	0	0	0	0	0	0	0	0	0	0	0	0	0	0	0	0	0	0	0	0	0	0	0	0	0	0	0	0	0	0	0	0	0	0	0	0	0	0	0	0	0	0	0	0	0	0	0	0	0	0	0	0	6	0	0	0	0	0	0	0	0	0	0	0	0	0	0	0	0	0	0	0	0	0	0	0	0	0	0	0	0	0	0	0	0	0	0	0	0	0	0	0	0	0	0	0	0	0	0	0	0	0	0	0	0	0	0	0	0	0	0	0	0	0	0	0	0	0	0	0	0	0	0	0	0	0	0	0	0	0	0	0	0	0	0	0	0	0	0	0	0	0	0	3	0	0	0	0	0	0	0	0	0	0	0	0	0	0	0	0	0	0	0	0	0	0	0	0	0	0	0	0	0	0	0	0	0	0	0	0	0	0	0	0	0	0	0	0	0	0	0	0	0	0	0	0	0	0	0	0	0	0	0	0	0	0	0	0	0	0	0	0	0	0	0	0	0	0	0	0	0	0	0	0	0	0	0	0	0	0	0	0	0	0	0	0	0	0	0	0	0	0	0	0	0	0	0	0	0	0	0	0	0	0	0	0	0	0	0	0	0	0	0	0	0	0	0	0	0	0	0	0	0	0	0	0	0	0	0	0	0	0	0	0	0	0	0	0	0	0	0	0	0	0	0	0	0	8	0	0	0	0	0	0	0	0	0	0	0	0	0	0	0	0	0	0	0	33	0	0	0	0	0	0	0	0	0	0	0	0	0	0	0	0	0	0	0	0	0	0	0	0	0	0	0	0	0	0	0	0	0	0	0	0	0	0	0	0	0	0	0	0	0	0	0	0	0	0	0	0	0	0	0	0	0	0	0	0	0	0	0	0	0	0	0	0	0	0	0	0	0	0	0	0	0	0	0	0	0	0	0	0	0	0	0	0	0	0	0	0	0	0	0	0	0	0	0	0	0	0	0	0	0	0	0	0	0	0	0	0	0	0	0	0	0	0	0	0	0	0	0	0	0	0	0	0	0	0	0	0	0	0	0	0	0	0	0	0	0	0	0	0	0	0	0	0	0	0	0	0	0	0	0	0	0	0	0	0	0	0	0	0	0	0	0	0	0	0	0	0	0	0	0	0	0	0	0	0	0	0	0	0	0	0	0	0	0	0	0	0	0	0	0	0	0	0	0	0	0	0	0	0	0	0	0	0	0	0	0	0	0	0	0	0	0	0	0	0	0	0	0	0	0	0	0	0	0	0	0	0	0	0	0	0	0	0	0	0	0	0	0	0	0	0	0	0	0	0	0	0	0	0	0	0	0	0	0	0	0	0	0	0	0	0	0	0	0	0	0	0	0	0	0	0	0	0	0	0	0	0
36	0	0	0	0	0	0	0	0	0	0	0	0	0	0	0	0	0	0	0	0	0	0	0	0	0	0	0	0	0	0	0	0	0	0	0	0	0	0	0	0	0	0	0	0	0	0	0	0	0	0	0	0	0	0	0	0	0	0	0	0	0	0	0	0	0	0	0	0	0	0	0	0	0	0	0	0	0	0	0	0	0	0	0	0	0	0	0	0	0	0	0	0	0	0	0	0	0	0	0	0	0	0	0	0	0	0	0	0	0	0	0	0	0	0	0	0	0	0	0	0	0	0	0	0	0	0	0	0	0	0	0	0	0	0	0	0	0	0	0	0	0	0	0	14	0	0	0	0	0	0	0	0	0	0	0	0	0	0	0	0	0	0	0	0	0	0	0	0	6	0	0	0	0	0	0	0	0	0	0	0	45	0	0	0	0	0	0	0	0	0	0	0	0	0	0	0	0	0	0	0	0	0	0	0	0	0	0	0	0	0	0	0	0	0	0	0	0	0	0	0	0	0	0	0	0	0	0	0	0	0	0	0	0	0	0	0	0	0	0	0	0	0	0	0	0	0	0	0	0	0	0	2	0	0	0	0	0	0	0	0	0	0	0	0	0	0	0	0	0	0	0	0	0	0	0	0	0	0	0	0	0	0	0	0	0	0	0	0	0	0	0	0	0	0	0	0	0	0	0	0	0	0	0	0	0	0	0	0	0	0	0	0	0	0	0	0	0	0	0	0	0	0	0	0	0	0	0	0	0	0	0	0	0	0	0	0	0	0	0	0	0	0	0	0	0	0	0	0	0	0	0	0	0	0	0	0	0	0	0	0	0	0	0	0	0	0	0	0	0	0	0	0	0	0	0	0	0	0	0	0	0	0	0	0	0	0	0	0	0	0	0	0	0	0	0	0	0	0	0	0	0	0	0	0	0	0	0	0	0	0	0	0	0	0	0	0	0	0	0	0	0	0	0	0	0	0	0	0	0	0	0	0	0	0	0	0	0	0	0	0	0	0	0	0	0	0	0	0	0	0	0	0	0	0	0	0	0	0	0	0	0	0	0	0	0	2	0	0	0	0	0	0	0	0	0	0	0	0	0	0	0	0	0	0	0	0	0	0	0	0	0	0	0	0	0	0	0	0	0	0	0	0	0	0	0	0	0	0	0	0	0	0	0	0	0	0	0	0	0	0	0	0	0	0	0	0	0	0	0	0	0	0	0	0	0	0	0	0	0	0	0	0	0	0	0	0	0	0	0	0	0	0	0	0	1	0	0	0	0	0	0	0	0	0	0	0	0	0	0	0	0	0	0	0	0	0	0	0	0	0	0	0	0	0	0	0	0	0	0	0	0	0	0	0	0	0	0	0	0	0	0	0	0	0	0	0	0	0	0	0	0	0	0	0	0	0	0	0	0	0	0	0	0	0	0	0	0	0	0	0	0	0	0	0	0	0	0	0	0	0	0	0	0	0	0	0	0	0	0	0	1	0	0	0	0	0	0	0	0	0	0	0	0	0	0	0	0	0	0	0	0	0	0	0	0	0	0	0	0	0	0	0	0	0	0	0	0	0	0	0	0	0	0	0	0	0	0	0	0	0	0	0	0	0	0	0	0	0	0	0	0	0	0	0	0	0	0	0	0	0	0	0	0	0	0	0	0	0	0	0	0	0	0	0	0	0	0	0	0	0	0	0	0	0	0	0	0	0	0	0	0	0	0	0	0	0	0	0	0	0	0	0	0	0	0	0	0	0	0	0	0	0	0	0	0	0	0	0	0	0	0	0	0	0	0	0	0	0	0	0	3	0	0	0	0	0	0	0	0	0	0	0	0	0	0	0	0	0	0	0	0	0	0	0	0	0	0	0	0	0	0	0	0	0	0	0	0	0	0	0	0	0	0	0	0	0	0	0	0	0	0	0	0	0	0	0	0	0	0	0	0	0	0	0	0	0	0	0	0	0	0	0	0	0	0	0	0	0	0	0	0	0	0	0	0	0	0	0	0	0	0	0	0	0	0	0	0	0	0	0	0	0	0	0	0	0	0	0	0	0	0	0	0	0	0	0	0	0	0	0	0	0	0	0	0	0	0	0	0	0	0	0	0	0	0	0	0	0	0	0	0	0	0	0	0	0	0	0	0	0	0	0	0	0	1	0	0	0	0	0	0	0	0	0	0	0	0	0	0	0	0	0	0	0	0	0	0	0	0	0	0	0	0	0	0	0	0	0	0	0	0	0	0	0	0	0	0	0	0	0	0	0	0	0	0	0	0	0	0	0	0	0	0	0	0	0	0	0	0	0	0	0	0	0	0	0	0	0	0	0	0	0	0	0	0	0	0	0	0	0	0	0	0	0	0	0	0	0	0	0	0	0	0	0	0	0	0	0	0	0	0	0	0	0	0	0	0	0	0	0	0	0	0	0	0	0	0	0	0	0	0	0	0	0	0	0	0	0	0	0	0	0	0	0	0	0	0	0	0	0	0	0	0	0	0	0	0	0	0	0
37	0	0	0	0	0	0	0	0	0	0	0	0	0	0	0	0	0	0	0	0	0	0	0	0	0	0	0	0	0	0	0	0	0	0	0	0	0	0	0	0	0	0	0	0	0	0	0	0	0	0	0	0	0	0	0	0	0	0	0	0	0	0	0	0	0	0	0	0	0	0	0	0	0	0	0	0	0	0	0	0	0	0	0	0	0	0	0	0	0	0	0	0	0	0	0	0	0	0	0	0	0	0	0	0	0	0	0	0	0	0	0	0	0	0	0	0	0	0	0	0	0	0	0	0	0	0	0	0	0	0	0	0	0	0	0	0	0	0	0	0	0	0	0	0	0	0	0	0	0	0	0	0	0	0	0	0	5	0	0	0	0	0	0	0	0	0	0	0	0	0	0	0	0	0	0	0	0	0	0	0	0	0	0	0	0	0	0	0	0	0	0	0	0	0	0	0	0	0	0	0	0	0	0	0	0	0	0	0	0	0	0	0	0	0	0	0	0	0	0	0	0	0	0	0	0	0	0	0	0	0	0	0	0	0	0	0	0	0	0	0	0	0	0	0	0	0	0	0	0	0	0	0	0	1	0	0	0	0	0	0	0	0	0	0	0	0	0	0	0	0	0	0	0	0	0	0	0	0	0	0	0	0	0	0	0	0	0	0	0	0	0	0	0	0	0	0	0	0	0	0	0	0	0	0	0	0	0	0	0	0	0	0	0	0	0	0	0	0	0	0	0	0	0	0	0	0	0	0	0	0	0	0	0	0	0	0	0	0	0	0	0	0	0	0	0	0	0	0	0	0	0	0	0	0	0	0	0	0	0	0	0	0	0	0	0	0	0	0	0	0	0	0	0	0	0	0	0	0	0	0	0	0	0	0	0	0	0	0	0	0	0	0	0	0	0	0	0	0	0	0	0	0	0	0	0	0	0	0	0	0	0	0	0	0	0	0	1	0	0	0	0	0	0	0	0	0	0	0	0	0	0	0	0	0	0	0	0	0	0	0	0	0	0	0	0	0	0	0	0	1	0	0	0	0	0	0	0	0	0	0	0	0	0	0	0	0	0	0	0	0	0	0	0	0	0	0	0	0	0	0	0	0	0	0	0	0	0	0	0	0	0	0	0	0	0	0	0	0	0	0	0	0	0	0	0	0	0	0	0	0	0	6	0	0	0	0	2	0	0	0	0	0	2	0	0	0	0	0	0	0	0	0	5	0	0	0	0	0	0	0	0	0	0	0	0	0	0	0	0	0	0	0	0	0	0	0	0	0	0	0	0	0	0	0	0	0	0	0	0	0	0	0	0	1	0	0	0	0	0	0	0	0	0	0	1	0	0	1	0	0	0	0	0	0	0	0	0	0	0	0	0	0	0	0	0	0	0	0	0	0	0	0	0	0	0	0	0	0	0	0	0	0	0	0	0	0	0	0	0	0	0	0	0	0	0	0	0	0	0	0	0	0	0	0	0	0	0	0	0	0	0	0	0	0	0	0	0	0	0	0	0	0	0	0	0	0	0	0	0	0	0	0	0	0	0	0	0	0	0	0	0	0	0	0	0	0	0	0	0	0	0	0	0	0	0	0	0	0	0	0	0	0	0	0	0	0	0	0	0	0	0	0	0	0	0	0	0	0	0	0	0	0	0	0	0	0	0	0	0	0	0	0	0	0	0	0	0	0	0	0	0	0	0	0	0	0	0	0	0	0	0	0	0	0	0	0	0	0	0	0	0	0	0	0	0	0	0	0	0	0	0	0	0	0	0	0	0	0	0	0	0	0	0	0	0	0	0	0	0	0	0	0	0	0	0	0	0	0	0	0	0	0	0	0	0	0	0	0	0	0	0	0	0	0	0	0	0	0	0	0	0	0	0	0	0	0	0	0	0	0	0	0	0	0	0	0	0	0	0	0	0	0	0	0	0	0	0	0	0	0	0	0	0	0	0	0	0	0	0	0	0	0	0	0	0	0	0	0	0	0	0	0	0	0	0	0	0	0	0	0	0	0	0	0	0	0	0	0	0	0	0	0	0	0	0	0	0	0	0	0	0	0	0	0	0	0	0	0	0	0	0	0	0	0	0	0	0	0	0	0	0	0	0	0	0	0	0	0	0	0	0	0	0	0	0	0	0	0	0	0	0	0	0	0	0	0	0	0	0	0	0	0	0	0	0	0	0	0	0	0	0	0	0	0	0	0	0	0	0	0	0	0	0	0	0	0	0	0	0	0	0	0	0	0	0	0	0	0	0	0	0	0	0	0	0	0	0	0	0	0	0	0	0	0	0	0	0	0	0	0	0	0	0	0	0	0	0	0	0	0	0	0	0	0	0	0	0	0	0	0	0	0	0	0	0	0	0	0	0	0	0	0	0	0	0	0	0	0	0	0	0	0	0	0	0	0	0	0	0	0	0	0	0	0	0	0	0	0	0	0	0	0	0	0	0	0	0	0	0	0	0	0	0	0	0	0	0	0	0	0	0	0	0	0	0	0	0	0	0	0
38	0	0	0	0	0	0	0	0	0	6	0	0	0	0	0	0	0	0	0	0	0	0	0	0	0	0	0	0	0	0	0	0	0	0	0	0	0	0	0	0	0	0	0	0	0	0	0	0	0	0	0	0	0	0	0	0	0	0	0	0	0	0	0	0	0	0	0	0	0	0	0	0	0	0	0	0	0	0	0	0	0	0	0	0	0	0	0	0	0	0	0	0	0	0	0	0	0	0	0	0	0	0	0	0	0	0	0	0	0	0	0	0	0	0	0	0	0	0	0	0	0	0	0	0	0	0	0	0	0	0	0	0	0	0	0	0	0	0	0	0	0	0	0	0	0	0	0	0	0	0	0	0	0	0	0	0	0	0	0	0	0	0	0	0	0	0	0	0	0	0	0	0	0	0	0	0	0	0	0	0	0	0	0	0	0	0	0	0	0	0	0	0	0	0	0	0	0	0	0	0	0	0	0	0	0	0	0	0	0	0	0	0	0	0	0	0	0	0	0	0	0	0	0	0	0	0	0	0	0	0	0	0	0	0	0	0	0	0	0	0	0	0	0	0	0	0	0	0	0	0	0	0	0	0	0	0	0	0	0	0	0	0	20	0	0	0	0	0	0	0	0	0	0	0	0	0	0	0	0	0	0	0	0	0	0	0	0	0	0	0	0	2	0	0	0	0	0	0	0	0	0	0	0	0	0	0	0	0	4	0	0	0	0	0	0	0	0	0	0	0	0	0	0	0	0	0	0	0	0	0	0	0	0	0	0	0	0	0	0	0	0	0	0	0	0	0	0	0	0	0	0	0	0	0	0	0	0	0	0	0	0	0	0	0	0	0	0	0	0	0	0	0	0	0	0	0	0	0	0	0	0	0	0	0	0	0	0	0	0	0	0	0	0	0	0	0	0	0	0	0	0	0	0	0	0	0	0	0	0	0	0	0	0	0	0	0	0	0	0	0	0	0	0	0	0	0	0	0	0	0	0	0	0	0	0	0	0	0	0	0	0	0	0	0	0	0	0	0	0	0	0	0	0	0	0	0	0	0	0	0	0	0	0	0	0	0	0	0	0	0	0	0	0	0	0	0	0	0	0	0	0	0	0	0	0	0	0	0	0	0	0	0	0	0	0	0	0	0	0	0	0	0	0	0	0	0	0	0	0	0	0	0	0	0	0	0	0	0	0	0	122	0	0	0	0	0	0	0	0	0	0	0	0	0	0	0	0	0	0	0	0	0	0	0	0	0	0	0	0	0	46	0	0	0	0	0	0	0	0	0	0	0	0	0	0	0	0	0	0	0	0	0	0	0	0	0	0	0	0	0	0	0	0	0	0	0	0	0	0	0	0	0	0	0	0	0	0	0	0	0	0	0	0	0	0	0	0	0	0	0	0	0	0	0	0	0	0	0	0	0	0	0	0	0	0	0	0	0	0	0	0	0	0	0	0	0	0	0	0	0	0	0	0	0	0	0	0	0	0	0	0	0	0	0	0	0	0	0	17	0	0	0	0	0	0	0	0	0	0	0	0	0	0	0	0	0	0	0	0	0	0	0	0	0	0	0	0	0	0	0	0	0	0	0	0	0	0	0	0	0	0	0	0	0	0	0	0	0	0	0	0	0	0	0	0	0	0	0	0	0	0	0	0	0	0	0	0	0	0	0	0	0	0	0	0	0	0	0	0	0	0	0	0	0	0	0	0	0	0	0	0	0	0	0	0	0	0	0	0	0	0	0	0	0	0	0	0	0	0	0	0	0	0	0	0	0	0	0	0	0	0	0	0	0	0	0	0	0	0	0	0	0	0	0	0	0	0	3	0	0	0	0	0	0	0	0	0	0	0	0	0	0	0	0	0	0	0	0	0	0	0	0	0	0	0	0	0	0	0	0	0	0	0	0	0	0	0	0	0	0	0	0	0	0	0	0	0	0	0	0	0	0	0	0	0	0	0	0	0	0	0	0	0	0	0	0	0	0	0	0	0	0	0	0	0	0	0	0	0	0	0	0	0	0	0	0	0	0	0	0	0	0	0	0	0	0	0	0	2	0	0	0	0	0	0	0	0	0	0	0	0	0	0	0	0	0	0	0	0	0	0	0	0	0	0	0	0	0	0	0	0	0	0	0	0	0	0	0	0	0	0	0	0	0	0	0	0	0	0	0	0	0	0	0	0	0	0	0	0	0	0	0	0	0	0	0	0	0	3	0	0	0	0	0	0	0	0	0	0	0	0	0	0	0	0	0	0	0	0	0	0	0	0	0	0	0	0	0	0	0	0	0	0	0	0	0	0	0	0	0	0	0	0	0	0	0	0	0	0	0	0	0	0	0	0	0	0	0	0	0	0	0	0	0	0	0	0	0	0	0	0	0	0	0	0	0	3	0	0	0	0	0	0	0	0	0	0	0	0	0	0	0	0	0	0	0	0	0	0	0	0	0	0	0	0	0	0	0	0	0	0	0	0	0	0	0	0	0	0	0	0	42	0	0	0	0	0	0	0	0
39	0	0	0	0	0	0	0	0	0	0	0	0	0	0	0	0	0	0	0	0	0	0	0	0	0	0	0	0	0	0	0	0	0	0	0	0	0	0	0	0	0	0	0	0	0	0	0	0	0	0	0	0	19	0	0	0	0	0	0	0	0	0	0	0	0	0	0	0	0	0	0	0	0	0	0	0	0	0	0	0	0	0	0	0	0	0	0	0	0	0	0	0	0	0	0	0	0	0	0	0	0	0	0	0	0	0	0	0	0	0	0	0	0	0	0	0	0	0	0	0	0	0	0	0	0	0	0	0	0	0	0	0	0	0	0	0	0	0	0	0	0	0	0	0	0	0	0	0	0	0	0	0	0	0	0	0	0	0	0	0	0	0	0	0	0	0	0	0	0	0	0	0	0	0	0	0	0	0	0	0	0	0	0	0	0	0	0	0	0	0	0	0	0	0	0	0	0	0	0	0	0	0	0	0	0	12	0	0	0	0	0	0	0	0	0	0	0	0	0	0	0	0	0	0	0	0	0	0	0	0	0	0	0	0	0	0	0	0	0	0	0	12	0	0	0	0	0	0	0	0	0	0	0	0	0	0	0	0	0	0	0	0	0	0	0	0	0	0	0	0	0	0	0	0	0	0	0	0	0	0	0	0	0	0	0	0	0	0	0	0	0	0	0	0	0	0	0	0	0	0	0	0	0	0	0	0	0	0	7	0	0	0	0	0	0	0	0	0	0	0	0	0	0	0	0	0	0	0	0	0	0	0	0	0	0	0	0	0	0	0	0	0	0	0	0	0	0	0	0	0	0	0	0	0	0	0	0	0	0	0	0	0	0	0	0	0	0	0	1	0	0	0	0	0	0	0	0	0	0	0	0	0	0	0	0	0	0	0	0	0	0	0	0	0	0	0	0	0	0	0	0	0	0	0	0	0	0	0	0	0	0	0	0	0	0	0	0	0	0	0	0	0	0	0	0	0	0	0	0	0	0	0	0	0	0	0	0	0	0	0	0	0	0	0	0	0	0	0	0	0	0	0	0	0	0	0	0	0	0	0	0	0	0	0	0	0	0	0	0	0	0	0	0	0	0	0	0	0	0	0	0	0	0	0	0	0	0	0	0	0	0	0	0	0	0	0	31	0	0	0	0	0	0	0	0	0	0	0	0	0	0	0	0	0	0	0	0	0	0	0	0	0	0	0	0	0	0	0	0	0	0	0	0	0	0	0	0	0	0	0	0	0	0	0	0	0	0	0	0	0	0	0	0	0	0	0	0	0	0	0	0	0	0	0	0	0	0	0	0	0	0	0	0	0	0	0	0	0	0	0	0	0	0	0	0	0	1	0	0	0	0	0	0	0	0	0	0	0	0	0	0	0	0	0	0	0	0	0	0	0	0	0	0	0	0	0	0	0	0	0	0	0	0	0	0	0	0	0	0	0	0	0	0	0	0	0	0	0	0	0	0	0	0	0	0	0	0	0	0	0	0	0	0	0	0	0	0	0	0	0	0	0	0	0	0	0	0	0	0	0	0	0	0	0	0	0	0	0	0	0	0	0	0	0	0	0	0	0	0	0	0	0	0	0	0	0	0	0	0	0	0	0	0	0	0	0	0	0	0	0	0	0	0	0	0	0	0	0	0	0	0	0	0	0	0	0	0	0	0	0	0	0	0	0	0	0	0	0	0	0	0	0	0	0	0	0	0	0	0	0	0	0	0	0	16	0	0	0	0	0	0	0	0	0	0	0	0	0	0	0	0	0	0	0	0	0	0	0	0	0	0	0	0	0	0	0	0	0	0	0	0	0	0	0	0	0	0	0	0	0	0	0	0	0	0	0	0	0	0	0	0	0	0	0	0	0	0	0	0	0	0	0	0	0	0	0	0	0	0	0	0	0	0	0	0	0	0	0	0	0	0	0	0	0	0	0	0	0	0	0	0	0	0	0	0	0	0	3	0	0	0	0	0	0	0	0	0	0	0	0	0	0	0	0	0	0	0	0	0	0	0	0	0	0	0	0	0	0	0	0	0	0	0	0	0	0	0	0	0	0	0	0	0	0	0	0	0	0	0	0	0	0	0	0	0	0	0	0	0	0	0	0	0	0	0	0	0	0	0	0	0	0	0	0	0	0	0	0	0	0	0	0	0	0	0	0	0	0	0	0	0	0	0	0	0	0	0	0	0	0	0	0	0	0	0	0	0	0	0	0	0	0	0	0	0	0	0	0	0	0	0	0	0	0	0	0	0	0	0	0	0	0	0	0	0	0	0	0	0	0	0	0	0	0	0	0	0	0	0	0	0	0	0	0	0	0	0	0	0	0	0	0	0	0	0	0	0	0	0	0	0	0	0	0	0	0	0	0	0	0	0	0	0	0	0	0	0	0	0	0	0	0	0	0	0	0	0	0	0	0	0	0	0	0	0	0	0	0	0	0	0	0	0	0	0	0	0	0	0	0	0	0	0	0	0	0	0	0	0	0	0	0	0	0	0	0	0	0	0	0
40	0	9	0	0	0	0	0	0	0	0	0	0	0	0	0	0	0	0	0	0	0	0	0	0	0	0	0	0	0	0	0	0	0	0	0	0	0	0	0	0	0	0	0	0	0	0	0	0	0	0	0	0	0	0	0	0	0	0	0	0	0	0	0	0	0	0	0	0	0	0	0	0	0	0	0	0	0	0	0	0	0	0	0	0	0	0	0	0	0	0	0	0	0	0	0	0	0	0	0	0	0	0	0	0	0	0	0	0	0	0	0	0	0	0	0	0	0	0	0	0	0	0	0	0	0	0	0	0	0	0	0	0	0	0	0	0	0	0	0	0	0	0	0	0	0	0	0	0	0	0	0	0	0	0	0	0	0	0	0	0	0	0	0	0	0	0	0	0	0	20	0	0	0	0	0	0	0	0	0	0	0	0	0	0	0	0	0	0	0	0	0	0	0	0	0	0	0	0	0	0	0	0	0	0	0	0	0	0	0	0	0	0	0	0	0	0	0	0	0	0	0	0	0	0	0	0	0	0	0	0	0	0	0	0	0	0	0	0	0	0	0	0	0	0	0	0	0	0	0	0	0	0	0	0	0	0	0	0	0	0	0	0	0	0	0	0	0	0	0	0	0	0	0	0	0	0	0	0	0	0	0	0	0	0	0	0	0	0	0	0	0	0	0	0	0	0	0	0	0	0	0	0	0	0	0	0	0	0	0	0	0	0	0	0	0	0	0	0	0	0	0	0	0	0	0	0	0	0	0	0	0	0	0	0	0	0	0	0	0	0	0	0	0	0	0	0	0	0	0	0	0	0	0	0	0	0	0	0	0	0	0	0	4	0	0	0	0	0	0	0	0	0	0	0	0	0	0	0	0	0	0	0	0	0	0	0	0	0	0	0	0	0	0	0	0	0	0	0	0	0	0	0	0	0	0	0	0	0	0	0	0	0	0	0	0	0	0	0	0	0	0	0	0	0	0	0	0	0	0	0	0	0	0	0	0	0	0	0	0	0	0	0	0	0	0	0	0	0	0	0	0	0	0	0	0	0	0	0	0	0	0	0	0	0	0	0	0	0	0	0	0	0	0	0	0	0	0	0	0	0	0	0	0	0	0	0	0	0	0	0	0	0	0	0	0	0	0	0	0	0	0	0	0	0	0	0	0	0	0	0	0	0	0	0	0	0	0	0	0	0	0	0	0	0	0	0	0	0	0	0	0	0	0	0	0	0	0	0	0	0	0	0	0	0	0	0	0	0	0	0	0	0	0	0	0	0	0	0	0	0	0	0	0	0	0	0	0	0	0	0	0	0	0	0	0	0	0	0	0	0	0	0	0	0	0	0	0	0	0	0	0	0	0	0	0	0	0	0	0	0	0	0	0	0	0	0	0	0	0	0	0	0	0	0	0	0	0	0	0	0	0	0	0	0	0	0	0	0	0	0	0	0	0	0	0	0	0	0	0	0	0	0	0	2	0	0	0	0	0	0	0	0	0	0	0	0	0	0	0	0	0	0	0	0	0	0	0	0	0	0	0	0	0	0	0	0	0	0	0	0	0	0	0	0	0	0	0	0	0	0	0	0	0	0	0	0	0	0	0	0	0	0	0	0	0	0	0	0	0	0	0	0	0	0	0	0	0	0	0	0	0	0	0	0	0	0	0	0	0	0	0	0	0	0	0	0	0	0	0	0	0	0	0	0	0	0	0	0	0	0	0	0	0	0	0	0	0	0	0	0	0	0	0	0	0	0	0	0	0	0	0	0	0	0	0	0	0	0	0	0	0	0	0	0	0	0	0	0	0	0	0	0	0	0	0	0	0	0	0	0	0	0	0	0	0	0	0	0	0	0	0	0	0	0	0	5	0	0	0	0	0	0	0	0	0	0	0	0	0	0	0	0	0	0	0	0	0	0	0	0	0	0	0	0	0	0	0	0	0	0	0	0	0	0	0	0	0	0	0	0	0	0	0	0	0	0	0	0	0	0	0	0	0	0	0	0	0	0	0	0	0	0	0	0	0	0	0	0	0	0	0	0	0	0	0	0	0	0	14	0	0	0	0	0	0	0	0	0	0	0	0	0	0	0	0	0	0	0	0	0	0	0	0	0	0	0	0	0	0	0	0	0	0	0	0	0	0	0	0	0	0	0	0	0	0	0	0	0	0	0	0	0	0	0	0	0	0	0	0	0	0	0	0	0	0	0	21	0	0	0	0	0	0	0	0	0	0	0	0	0	0	0	0	0	0	0	0	0	0	0	0	0	0	0	0	0	0	0	0	0	0	0	0	0	0	0	0	0	0	0	0	0	0	0	0	0	0	0	0	0	0	0	0	0	0	0	0	0	0	0	0	0	0	0	0	0	0	0	0	0	0	0	0	0	0	0	0	0	0	0	0	0	0	0	0	0	0	0	0	0	0	0	0	0	0	0	0	0	0	0	0	0	0	0	0	0	0	0	0	0	0	0	0	0	0	0	0	0	0	0	0	0	0	0	0	0	0	0	0	0
41	0	0	0	0	0	0	0	0	0	0	0	0	0	0	0	0	0	0	0	0	0	0	0	0	0	0	0	0	0	0	0	0	0	0	0	0	0	0	0	0	0	0	0	0	0	0	0	0	0	0	0	0	0	0	0	0	0	0	0	0	0	0	0	0	0	0	0	0	0	0	0	0	0	0	0	0	0	0	0	0	0	0	0	0	0	0	0	0	0	0	0	0	0	0	0	0	0	0	0	0	0	0	0	0	0	0	0	0	0	0	0	0	0	0	0	0	0	0	0	0	0	0	0	0	0	0	0	0	0	0	0	0	0	0	0	0	0	0	0	0	0	0	0	0	0	0	0	0	0	0	0	0	0	0	0	0	0	0	0	0	0	0	0	0	0	0	0	0	0	0	0	0	0	0	0	0	0	0	0	0	0	0	0	0	0	0	0	0	0	0	0	0	0	0	0	0	0	0	0	0	0	0	0	0	0	0	0	0	0	0	0	0	0	0	9	0	0	0	0	0	0	0	0	0	0	0	1	0	0	0	0	0	0	0	0	0	0	0	9	0	0	0	0	0	0	0	0	0	0	0	0	0	0	0	0	0	0	0	0	0	0	0	0	0	0	0	0	0	0	0	0	0	0	0	0	0	0	0	0	0	0	0	0	0	0	0	0	0	0	0	0	0	0	0	0	3	0	0	0	0	0	0	0	0	0	0	0	0	0	0	0	0	0	0	0	0	0	0	0	0	0	0	0	0	0	0	0	0	0	0	0	0	0	0	0	0	0	0	0	0	0	0	0	0	0	0	0	0	0	0	0	0	0	0	0	0	0	0	0	0	0	0	0	0	0	0	0	0	4	0	0	0	0	0	0	0	0	0	0	0	0	0	0	0	0	0	0	0	0	0	0	0	0	0	0	0	0	0	0	0	0	0	0	0	0	0	0	0	0	4	0	0	0	0	0	0	0	0	0	0	0	0	0	0	0	0	0	0	0	0	0	0	0	0	0	0	0	0	0	0	0	0	0	0	0	0	0	0	0	0	0	0	0	0	0	0	0	0	0	0	0	0	0	0	0	0	0	0	0	0	0	0	0	0	0	0	0	0	0	0	0	0	0	0	0	0	0	0	0	0	0	0	0	0	0	0	0	0	0	0	0	0	0	0	0	0	0	0	0	0	0	0	0	0	0	0	0	0	0	0	0	0	0	0	0	0	0	0	0	1	0	0	0	0	0	0	0	0	0	0	0	0	0	0	0	0	0	0	0	0	0	0	0	0	0	0	0	0	0	0	0	0	0	0	0	0	0	0	0	0	0	0	0	0	0	0	0	0	0	0	0	0	0	0	0	0	0	0	0	0	0	0	0	0	0	0	0	0	0	0	0	0	0	0	0	0	0	0	0	0	0	0	0	0	0	0	0	0	0	0	0	0	0	0	0	0	0	0	0	0	0	0	0	0	0	0	0	0	0	0	0	0	0	0	0	0	0	0	0	6	0	0	0	0	0	0	0	0	0	0	0	0	0	0	0	0	0	0	0	0	0	0	0	0	0	0	0	0	0	0	0	0	0	0	0	0	0	0	0	0	0	0	0	0	0	0	0	0	0	0	0	0	0	0	0	0	0	0	0	0	0	0	0	0	0	0	0	0	0	0	0	0	0	0	0	0	0	0	0	0	0	0	3	0	0	0	0	0	0	0	0	0	0	0	0	0	0	0	0	0	0	0	0	0	0	0	0	0	0	0	0	0	0	0	0	0	0	0	0	0	0	0	0	0	0	0	0	0	0	0	0	0	0	0	0	0	0	0	0	0	0	0	0	0	0	0	0	0	0	0	0	0	0	0	0	0	0	0	0	0	0	0	0	0	0	0	0	0	0	0	0	0	0	0	0	0	0	0	0	0	0	0	0	0	1	0	0	0	0	0	0	0	0	0	0	0	0	0	0	0	0	0	0	0	0	0	0	0	0	0	0	0	0	0	0	0	0	0	0	0	0	0	0	0	0	0	0	0	0	0	0	0	0	0	0	0	0	0	0	0	0	0	0	0	0	0	0	0	0	0	0	0	0	0	0	0	0	0	0	0	0	0	0	0	0	0	0	0	0	0	0	0	0	0	0	0	0	0	0	0	0	0	0	0	0	0	0	0	0	0	0	0	0	0	0	0	0	0	0	0	0	0	0	0	0	0	0	0	0	0	0	0	0	0	0	0	0	0	0	0	0	0	0	0	0	0	0	0	0	0	0	0	0	0	0	0	0	0	0	0	0	0	0	0	0	0	0	0	0	0	0	0	0	0	0	0	0	0	0	0	0	0	0	0	0	0	0	0	0	0	0	0	0	0	0	0	0	0	0	0	0	0	0	0	0	0	0	0	0	0	0	0	0	0	0	0	0	0	0	0	0	0	0	0	0	0	0	0	0	0	0	0	0	0	0	0	0	0	0	0	0	0	0	0	0	0	0	0	0	0	0	0	0	0	0	0	0	0	0	0	0	0	0	0	0	0	0	0	0	0
42	0	0	0	0	0	0	0	0	0	0	0	0	0	0	0	0	0	0	0	0	0	0	0	0	0	0	0	0	0	0	0	0	0	0	0	0	0	0	0	0	0	0	0	0	0	0	0	0	0	0	0	0	0	0	0	0	0	0	0	0	0	0	0	0	0	0	0	0	0	0	0	0	0	0	0	0	0	0	0	0	0	0	0	0	0	0	0	0	0	0	0	0	0	0	0	0	0	0	0	0	0	0	0	0	0	0	0	0	0	0	0	0	0	0	0	0	0	0	0	0	0	0	0	0	0	0	0	0	0	0	0	0	0	0	0	0	0	0	0	0	0	0	0	0	0	0	0	0	0	0	0	0	0	0	0	0	0	0	0	0	0	0	0	0	0	0	0	0	0	0	10	0	0	0	0	0	0	0	0	0	0	0	0	0	0	0	0	0	0	0	0	0	0	0	0	0	0	0	0	0	2	0	0	0	0	0	0	0	0	0	0	0	0	0	0	0	0	0	0	0	0	0	0	0	0	0	0	0	0	0	0	0	0	0	0	0	0	0	0	0	0	0	0	0	0	0	0	0	0	0	0	0	0	0	1	0	0	0	0	0	0	0	0	0	0	0	0	0	0	0	0	0	0	0	0	0	0	0	0	0	0	0	0	0	0	0	0	0	0	0	0	0	0	0	0	0	0	0	0	0	0	0	0	0	0	0	0	0	0	0	0	0	0	0	0	0	0	0	0	0	0	0	0	0	0	0	0	0	0	0	2	0	0	0	0	0	0	0	0	0	0	0	0	0	0	0	0	0	0	0	0	0	0	0	0	1	0	0	0	0	0	0	0	0	0	0	0	0	0	0	0	0	0	0	0	0	0	0	0	0	0	0	0	0	0	0	0	0	0	0	0	0	0	0	0	0	0	0	0	0	0	0	0	0	0	0	0	0	0	1	0	0	0	0	0	0	0	0	0	0	0	0	0	0	0	0	0	0	8	0	0	0	0	0	0	0	0	0	0	0	0	0	0	0	0	0	0	0	0	0	0	0	0	0	0	0	0	0	0	0	0	0	0	0	0	0	0	0	0	0	0	0	0	0	0	0	0	0	0	0	0	0	0	0	0	0	0	0	0	0	0	0	0	0	0	0	0	0	0	0	0	0	0	0	0	0	0	0	0	0	0	0	0	0	0	0	0	0	0	0	0	0	0	0	0	0	0	0	0	0	0	0	0	0	0	0	0	0	0	0	44	0	0	1	0	1	0	0	0	0	0	0	0	0	0	0	0	0	0	0	0	0	0	0	0	0	0	0	0	0	0	0	0	0	0	0	0	0	0	0	0	0	0	0	0	0	0	0	0	0	0	0	0	0	0	0	0	0	0	0	0	0	0	0	0	0	0	0	0	0	0	0	0	0	0	0	0	0	0	0	0	0	0	0	0	0	0	0	0	0	0	0	0	0	0	0	0	0	0	0	0	0	0	0	0	0	0	0	0	0	0	0	0	0	0	0	0	0	22	0	0	0	0	0	0	0	0	0	0	0	0	0	0	0	0	0	0	0	0	0	0	0	0	0	0	0	0	0	0	0	0	0	0	0	0	0	0	0	0	0	0	0	0	0	0	0	0	0	0	0	0	0	0	0	2	0	0	0	0	0	0	0	0	0	0	0	0	0	0	0	0	0	0	0	0	0	0	0	0	0	0	0	0	0	0	0	0	0	0	0	0	0	0	0	0	0	0	0	0	0	0	0	2	0	0	0	0	0	0	0	0	0	0	0	0	0	0	0	0	0	0	0	0	0	0	0	0	0	0	0	0	0	0	0	0	0	0	0	0	0	0	0	0	0	0	0	0	0	0	0	0	0	0	1	4	0	0	0	0	0	0	0	0	0	0	0	0	0	0	0	0	0	0	0	0	0	0	0	0	0	0	0	0	0	0	0	0	0	0	0	0	0	0	0	0	0	0	0	0	0	0	1	0	0	0	0	0	0	0	0	0	0	0	0	0	0	0	0	0	0	0	0	0	0	0	0	0	0	0	0	0	0	0	0	0	0	0	0	0	0	0	0	0	0	0	0	0	0	0	0	0	0	0	0	0	0	0	0	0	0	0	0	0	0	0	0	0	0	0	0	0	0	0	0	0	0	0	0	0	0	0	0	0	0	0	0	0	0	0	0	0	0	0	0	0	0	0	0	0	0	0	0	0	0	0	0	0	0	0	0	0	0	0	0	0	0	0	0	0	0	0	0	0	0	0	0	0	0	0	0	0	0	0	0	0	0	0	0	0	0	0	0	0	0	0	0	0	0	0	0	0	0	0	0	0	0	0	0	0	0	0	0	0	0	0	0	0	0	0	0	0	0	0	0	0	0	0	0	0	0	0	0	0	0	0	0	0	0	0	0	0	0	0	0	0	0	0	0	0	0	0	0	0	0	0	0	0	0	0	0	0	0	0	0	0	0	0	0	0	0	0	0	0	0	0	0	0	0	0	0	0	0	0	0	0	0	0	0	0	0
43	0	0	0	0	0	0	0	0	0	0	0	0	0	0	0	0	0	0	0	0	0	0	0	0	0	0	0	0	0	0	0	0	0	0	0	0	0	0	0	0	0	0	0	0	0	0	0	0	0	0	0	0	0	0	0	0	0	0	0	0	0	0	0	0	0	0	0	0	0	0	0	0	0	0	0	0	0	0	0	0	0	0	0	0	0	0	0	0	0	0	0	0	0	0	0	0	0	0	0	0	0	0	0	0	0	0	0	0	0	0	0	0	0	0	0	0	0	0	0	0	0	0	0	0	0	0	0	0	0	0	0	0	0	0	0	0	0	0	0	0	0	0	0	0	0	0	0	0	0	0	0	0	0	0	0	0	0	0	0	0	0	0	0	0	0	0	0	0	0	0	0	0	0	0	0	0	0	0	0	0	0	0	0	0	0	0	2	0	0	0	0	0	0	0	0	0	0	0	0	0	0	0	0	0	0	0	0	0	0	0	0	0	0	0	0	0	0	0	0	0	3	0	0	0	0	0	0	0	0	0	0	0	0	0	0	0	0	0	0	0	0	0	0	0	0	0	0	0	0	0	0	0	0	0	0	0	0	0	0	0	0	0	0	0	0	0	0	3	0	0	0	0	0	0	0	0	0	0	0	0	0	0	0	0	0	0	0	0	0	0	0	0	0	0	0	0	0	0	0	0	0	0	0	0	0	0	0	0	0	0	0	0	0	0	0	0	0	0	0	0	0	0	0	0	0	0	0	0	0	0	0	0	0	0	0	0	0	0	0	2	0	0	0	0	0	0	0	0	0	0	0	0	0	0	0	0	0	0	0	0	0	0	0	0	0	0	0	0	0	0	0	0	0	0	0	0	0	0	0	0	0	0	0	0	0	0	0	0	0	0	0	0	0	0	0	0	0	0	0	0	0	0	0	0	0	0	0	0	0	0	0	0	0	0	0	0	0	0	0	0	0	0	0	0	0	0	0	0	0	0	0	0	0	0	0	0	0	0	0	0	0	0	0	0	0	0	0	0	0	0	0	0	0	0	0	0	0	0	0	0	0	0	0	0	0	0	0	0	0	0	0	0	0	0	0	0	0	0	0	0	0	0	0	0	0	0	0	0	0	0	0	0	0	0	0	0	0	0	0	0	0	0	0	0	0	0	0	0	0	0	0	0	0	0	0	0	0	0	0	0	0	0	0	0	0	0	0	0	0	0	0	0	0	0	0	0	0	0	0	0	0	0	0	0	0	0	0	0	0	0	0	0	0	0	0	0	0	0	0	0	0	0	0	0	0	0	0	0	0	0	0	0	0	0	0	0	0	0	0	0	0	0	0	0	0	0	0	0	0	0	4	0	0	0	0	0	0	0	0	0	0	0	0	0	0	0	0	0	0	0	0	0	0	0	0	0	0	0	0	0	0	0	0	0	0	0	0	0	0	0	0	0	0	0	0	0	0	0	0	0	0	0	0	0	0	0	0	0	0	0	0	0	0	0	0	0	0	0	0	0	0	0	0	0	0	0	0	0	0	0	0	0	0	0	0	0	0	0	0	0	0	0	0	0	0	0	0	0	0	0	0	0	0	0	0	0	0	0	0	0	0	0	0	0	0	0	0	0	0	0	0	0	0	0	0	0	0	0	0	0	0	0	0	0	0	0	0	0	0	0	0	0	0	0	0	0	0	0	0	0	0	0	0	0	0	0	0	0	0	0	0	0	0	0	0	0	0	0	0	0	0	0	0	0	0	0	0	2	0	0	0	0	0	0	0	0	0	0	0	0	0	0	0	0	0	0	0	0	0	0	0	0	0	0	0	0	0	0	0	0	0	0	0	0	0	0	0	0	0	0	0	0	0	0	0	0	0	0	0	0	0	0	0	0	0	0	0	0	0	0	0	0	0	0	0	0	0	0	0	0	0	0	0	0	0	0	0	0	0	0	0	0	0	0	0	0	0	0	0	0	0	0	0	0	0	0	0	0	0	0	0	0	0	0	0	0	0	0	0	0	0	0	0	0	0	0	0	0	0	0	0	0	0	0	0	0	0	0	0	0	0	0	0	0	0	0	0	0	0	0	0	0	0	0	0	0	0	0	0	0	0	0	0	0	0	0	0	0	0	0	0	0	0	0	0	0	0	0	0	0	0	0	0	0	0	0	0	0	0	0	0	0	0	0	0	0	0	0	0	0	0	0	0	0	0	0	0	0	0	0	0	0	0	0	0	0	0	0	0	0	0	0	0	0	0	0	0	0	0	0	0	0	0	0	0	0	0	0	0	0	0	0	0	0	0	0	0	0	0	0	0	0	0	0	0	0	0	0	0	0	0	0	0	0	0	0	0	0	0	0	0	0	0	0	0	0	0	0	0	0	0	0	0	0	0	0	0	0	0	0	0	0	0	0	0	0	0	0	0	0	0	0	0	0	0	0	0	0	0	0	0	0	0	0	0	0	0	0	0	0	0	0	0	0	0	0	0	0	0	0	0	0	0	0	0	0	0	0	0	0
44	0	0	0	0	0	0	0	0	0	0	0	0	0	0	0	0	0	0	0	0	0	0	0	0	0	0	0	0	0	0	0	0	0	0	0	0	0	0	0	0	0	0	0	0	0	0	0	0	0	0	0	6	0	0	0	0	0	0	0	0	0	0	0	0	0	0	0	0	0	0	0	0	0	0	0	0	0	0	0	0	0	0	0	0	0	0	0	0	0	0	0	0	0	0	0	0	0	0	0	0	0	0	0	0	0	0	0	0	0	0	0	0	0	0	0	0	0	0	0	0	0	0	0	0	0	0	0	0	0	0	0	0	0	0	0	0	0	0	0	0	0	0	0	0	0	0	0	0	0	0	0	0	0	0	0	0	0	0	0	0	0	0	0	0	0	0	0	0	0	0	0	0	19	0	0	0	0	0	0	0	0	0	0	0	0	0	0	0	0	0	0	0	0	0	0	0	0	0	0	0	0	0	0	0	0	0	0	0	0	0	0	0	0	0	0	0	0	0	0	0	0	0	0	0	0	0	8	0	0	0	0	0	0	0	0	0	0	0	0	0	0	0	0	0	0	0	0	0	0	0	0	0	0	0	0	0	0	0	0	0	0	0	0	0	0	0	0	0	0	0	0	0	0	0	0	0	0	0	0	0	0	0	0	0	0	0	0	0	0	0	0	0	0	0	0	0	0	0	0	0	0	0	0	0	0	0	0	0	0	0	0	0	0	0	0	0	0	0	0	0	0	0	0	0	0	0	0	0	0	0	0	0	0	0	1	0	0	0	0	0	0	0	0	0	0	0	0	0	0	0	0	0	2	0	0	0	0	0	0	0	0	0	0	0	0	0	0	0	9	0	0	0	0	0	0	0	0	0	0	0	0	0	0	0	0	0	0	0	0	0	0	0	0	0	0	0	0	0	0	0	0	0	0	0	0	0	0	0	0	0	0	0	0	0	0	0	0	0	0	0	0	0	0	0	0	0	0	0	0	0	0	0	0	0	0	0	0	0	0	0	0	0	0	0	0	0	0	0	0	0	0	0	0	0	0	0	0	0	0	0	0	0	0	0	0	0	0	0	0	0	0	0	0	0	0	0	0	0	0	0	0	0	0	0	0	0	0	0	0	0	0	0	0	0	0	0	0	0	0	0	0	0	0	0	0	0	0	0	0	0	0	1	0	0	0	0	0	0	0	0	0	0	0	0	0	0	0	0	0	0	0	0	0	0	0	0	0	0	0	0	0	0	0	0	0	0	0	0	0	0	0	0	0	0	0	0	0	0	0	0	0	0	0	0	0	0	0	0	0	0	0	0	0	0	0	0	0	0	0	0	0	0	0	0	0	0	0	0	0	0	0	0	0	0	0	0	0	0	0	0	0	0	0	0	0	0	0	0	0	0	0	0	0	0	0	0	0	0	0	0	0	0	0	0	0	0	0	0	0	0	0	0	0	0	0	0	0	0	0	0	0	0	0	0	0	0	0	0	0	0	0	0	0	0	0	0	0	0	0	0	0	0	0	0	0	0	0	0	0	0	0	0	0	0	0	81	0	0	0	0	0	0	0	0	0	0	0	0	0	0	0	0	0	0	0	0	0	0	0	0	0	0	0	0	0	0	0	0	0	0	0	0	0	0	0	0	0	0	0	0	0	0	0	0	0	0	0	0	0	0	0	0	0	0	0	0	0	0	1	0	0	0	0	0	0	0	0	0	0	0	0	0	0	0	0	0	0	0	0	0	0	7	0	0	0	0	0	0	0	0	0	0	0	0	0	0	0	0	0	0	0	0	0	0	0	0	0	0	0	0	0	0	0	0	0	0	0	0	0	0	0	0	0	0	0	0	0	0	0	0	0	0	0	0	0	0	0	0	0	0	0	0	0	0	0	0	0	0	0	0	0	0	0	0	0	0	0	0	0	0	0	0	0	0	0	0	0	0	0	0	0	0	0	0	0	0	0	0	0	0	0	0	0	0	0	0	0	38	0	0	11	0	0	0	0	0	0	0	0	0	0	0	0	0	0	0	0	0	0	0	7	0	0	0	0	0	0	0	0	0	0	0	0	0	0	0	0	0	0	0	0	0	0	0	0	0	0	0	0	0	0	0	0	0	0	0	0	0	0	0	0	0	0	0	0	0	0	0	0	0	0	0	0	0	0	0	1	0	0	0	0	0	0	0	0	0	0	0	0	0	0	0	0	0	0	0	0	0	0	0	0	0	0	0	0	0	0	0	0	0	0	0	0	0	0	0	0	0	0	0	0	0	0	0	0	0	0	0	0	0	0	0	0	0	0	0	0	0	0	0	0	0	0	0	0	0	0	0	0	0	0	0	0	0	0	0	0	0	0	0	0	0	0	0	0	0	0	0	0	0	0	0	0	0	0	0	0	0	0	0	0	0	0	0	0	0	0	0	0	0	0	0	0	0	0	0	0	0	0	0	0	0	0	0	0	0	0	0	0	0	0	0	0	0	0	0	0	0	0	0	0	0	0	0	0	0	0	0	0	0
45	0	0	0	0	0	0	0	0	0	0	0	0	0	0	0	0	0	0	0	0	0	0	0	0	0	0	0	0	0	0	0	0	0	0	0	0	0	0	0	0	0	0	0	0	0	0	0	0	0	0	0	0	0	0	0	0	0	0	0	0	0	0	0	0	0	0	0	0	0	0	0	0	0	0	0	0	0	0	0	0	0	0	0	0	0	0	0	0	0	0	0	0	0	0	0	0	0	0	0	0	0	0	0	0	0	0	0	0	0	0	0	0	0	0	0	0	0	0	0	0	0	0	0	0	0	0	0	0	0	0	0	0	0	0	0	0	0	0	0	0	0	0	0	0	0	0	0	0	0	0	0	0	0	0	0	0	0	0	0	0	0	0	0	0	0	0	0	0	0	0	0	0	0	0	0	0	0	0	0	0	0	0	0	0	0	0	0	0	0	0	0	0	0	0	0	0	0	0	0	0	0	0	0	0	0	0	0	0	0	0	1	0	0	0	0	0	0	0	0	0	0	0	0	0	0	0	0	0	0	0	0	0	0	0	0	0	0	0	0	0	0	0	0	0	5	0	0	0	0	0	0	0	0	0	0	0	0	0	0	0	0	0	0	0	0	0	0	0	0	0	0	0	0	0	0	0	0	0	0	0	0	0	0	0	0	0	0	0	0	0	0	0	0	0	0	0	0	0	0	0	0	0	0	0	0	0	0	0	0	0	0	0	0	0	0	0	0	0	0	0	0	0	0	0	0	0	0	0	0	0	0	0	0	0	0	0	0	0	0	0	0	0	0	0	0	0	0	0	0	0	0	0	0	0	11	0	0	0	0	0	0	0	0	0	0	0	0	0	0	0	0	0	0	0	0	0	0	0	0	0	0	0	0	0	0	0	0	0	0	0	0	0	0	0	0	0	0	0	0	0	0	0	0	0	0	0	0	0	0	0	0	0	0	0	0	0	0	0	0	0	0	0	0	0	0	0	0	0	0	0	0	0	0	0	0	0	0	0	0	0	0	0	0	0	0	0	0	0	0	0	0	0	0	0	0	0	0	0	0	0	0	0	0	0	0	0	0	0	0	0	0	0	0	0	0	0	0	0	0	0	0	0	0	0	0	0	0	0	0	0	0	0	0	0	0	0	0	0	0	0	0	0	0	0	0	0	0	0	0	0	0	0	0	0	0	0	0	0	0	0	0	0	0	0	0	0	0	0	0	0	0	0	0	0	0	0	0	0	0	0	0	0	0	0	0	0	0	0	0	0	0	0	0	0	0	0	0	0	0	0	0	0	0	0	0	0	0	0	0	0	0	0	0	0	0	0	0	0	0	0	0	0	0	0	0	0	0	0	0	0	0	0	0	0	0	0	0	0	0	0	0	0	0	0	0	0	0	0	15	0	0	0	0	0	0	0	0	0	0	0	0	0	0	0	0	0	0	0	0	0	0	0	0	0	0	0	0	0	0	0	0	0	0	0	0	0	0	0	0	0	0	0	0	0	0	0	0	0	0	0	0	0	0	0	0	0	0	0	0	0	0	0	0	0	0	0	0	0	0	0	0	0	0	0	0	0	0	0	0	0	0	0	0	0	0	0	0	0	0	0	0	0	0	0	0	0	0	0	0	0	0	0	0	0	0	0	0	0	0	0	0	0	0	0	0	0	0	0	0	0	0	0	0	0	0	0	0	0	0	0	0	0	0	0	0	0	0	0	0	0	0	0	0	0	0	0	0	0	0	0	0	0	0	0	0	0	0	0	0	0	0	0	0	0	0	0	0	0	0	0	0	0	0	0	0	0	0	0	0	0	0	0	0	0	0	0	0	0	0	0	0	0	0	0	0	0	0	0	0	0	0	0	0	0	0	0	0	0	0	0	0	0	0	0	0	0	0	0	0	0	0	0	0	0	0	0	0	0	0	0	0	0	0	0	0	0	0	0	0	0	0	0	0	0	0	0	0	0	0	0	0	0	0	0	0	0	0	0	0	0	0	0	0	0	0	0	0	0	0	0	0	0	0	0	0	0	0	0	0	0	0	0	0	0	0	0	0	0	0	0	0	0	0	0	0	0	0	0	0	0	0	0	0	0	0	0	0	0	0	0	0	0	0	0	0	0	0	0	0	0	0	0	0	0	0	0	0	0	0	0	0	0	0	0	0	0	0	0	0	0	0	0	0	0	0	0	0	0	0	0	0	0	0	0	0	0	0	0	0	0	0	0	0	0	0	0	0	0	0	0	0	0	0	0	0	0	0	0	0	0	0	0	0	0	0	0	0	0	0	0	0	0	0	0	0	0	0	0	0	0	0	0	0	0	0	0	0	0	0	0	0	0	0	0	0	0	0	0	0	0	0	0	0	0	0	0	0	0	0	0	0	0	0	0	0	0	0	0	0	0	0	0	0	0	0	0	0	0	0	0	0	0	0	0	0	0	0	0	0	0	0	0	0	0	0	0	0	0	0	0	0	0	0	0	0	0	0	0	0	0	0	0	0	0	0	0	0	0	0	0
46	0	0	0	0	0	0	0	0	0	0	0	0	0	0	0	0	0	0	0	0	0	0	0	0	0	0	0	0	0	0	0	0	0	0	0	0	0	0	0	0	0	0	0	0	0	0	0	0	0	0	0	0	0	0	0	0	0	0	0	0	0	0	0	0	0	0	0	0	0	0	0	0	0	0	0	24	0	0	0	0	0	0	0	0	0	0	0	0	0	0	0	0	0	0	0	0	0	0	0	0	0	0	0	0	0	0	0	0	0	0	0	0	0	0	0	0	0	0	0	0	0	0	0	0	0	0	0	0	0	1	0	0	0	0	0	0	0	0	0	0	0	0	0	0	0	0	0	0	0	0	0	0	0	0	0	0	0	0	0	0	0	0	0	0	0	0	0	0	0	0	0	0	0	0	0	0	0	0	0	0	0	0	0	0	0	0	0	0	0	0	0	0	0	0	0	0	0	0	0	0	0	0	0	0	0	0	0	0	0	0	0	0	0	0	0	0	0	0	0	0	0	0	0	0	0	0	0	0	0	0	0	0	0	0	0	0	0	0	0	0	0	0	0	0	0	0	0	0	0	0	0	0	0	0	0	0	0	0	0	0	0	0	0	0	0	0	0	0	0	0	0	0	0	0	0	0	0	0	0	0	0	0	0	0	0	0	0	0	0	0	0	0	0	0	0	0	0	0	0	0	0	0	0	0	0	0	0	0	0	0	0	0	0	0	0	0	0	0	0	0	0	0	0	0	0	0	0	0	0	0	0	0	0	0	0	0	0	0	0	0	0	0	0	0	0	0	0	0	0	0	0	0	0	0	0	0	0	0	0	0	0	0	0	0	0	0	0	0	0	0	0	0	0	0	0	0	0	0	0	0	0	0	0	0	0	0	0	0	0	0	0	0	0	0	0	0	0	0	0	0	0	0	0	0	0	0	0	0	0	0	0	0	0	0	0	0	0	0	0	0	0	0	0	0	0	0	0	0	0	0	0	0	0	0	0	0	0	0	0	0	0	0	0	0	0	0	0	0	0	0	0	0	0	0	0	0	0	0	0	0	0	0	0	0	0	0	0	0	0	0	0	0	0	0	0	0	0	0	0	0	0	0	0	0	0	0	0	0	0	0	0	0	0	0	0	0	0	0	0	0	0	0	0	0	0	0	0	0	0	0	0	0	0	0	0	0	0	0	0	0	0	0	0	0	0	0	0	0	0	0	0	0	0	0	0	0	0	0	0	0	0	0	0	0	0	0	0	0	0	0	0	9	0	0	0	0	0	0	0	0	0	0	0	0	0	0	0	0	0	0	0	0	0	0	0	0	0	0	0	0	0	0	0	0	0	0	0	0	0	0	0	0	0	0	0	0	0	0	0	0	0	0	0	0	0	0	0	0	0	0	0	0	0	0	0	0	0	0	0	0	0	0	0	0	0	0	0	0	0	0	0	0	1	0	0	0	0	0	0	0	0	0	0	0	0	0	0	0	0	0	0	0	0	0	0	0	0	0	0	0	0	0	0	0	0	0	0	0	0	0	0	0	0	0	0	0	0	0	0	0	0	0	0	0	0	0	0	0	0	0	0	0	0	0	0	0	0	0	0	0	0	0	0	0	0	0	0	0	0	0	0	0	0	0	0	0	0	0	0	0	0	0	0	0	0	0	0	0	0	0	0	0	0	0	0	0	0	0	0	0	0	0	0	0	0	0	0	0	0	0	0	0	0	0	0	0	0	0	0	0	0	0	0	0	0	0	0	0	0	0	0	0	0	0	0	0	0	0	0	0	0	0	0	0	0	0	0	0	0	0	0	0	0	0	0	0	0	0	0	0	0	0	0	0	0	0	0	0	0	0	0	0	0	0	0	0	0	0	0	0	0	0	0	0	0	0	0	0	0	0	0	0	0	0	0	0	0	0	0	0	0	0	0	0	0	0	0	0	0	0	0	0	0	0	0	0	0	0	0	0	0	0	0	0	0	0	0	0	0	0	0	0	0	0	0	0	0	0	0	0	0	0	0	0	0	0	0	0	0	0	0	0	0	0	0	0	0	3	0	0	0	0	0	0	0	0	0	0	0	0	0	0	0	0	0	0	0	0	0	0	0	0	0	0	0	0	0	0	0	0	0	0	0	0	0	0	0	0	0	0	0	0	0	0	0	0	0	0	0	0	0	0	0	0	0	0	0	0	0	0	0	0	0	0	0	0	0	0	0	0	0	0	0	0	0	0	0	0	5	0	0	0	0	0	0	0	0	0	0	0	0	0	0	0	0	0	0	0	0	0	0	0	0	0	0	0	0	0	0	0	0	0	0	0	0	0	0	0	0	0	0	0	0	0	0	0	0	0	0	0	0	0	0	0	0	0	0	0	0	0	0	0	0	0	0	0	0	0	0	0	0	0	0	0	0	0	0	0	0	0	0	0	0	0	0	0	0	0	0	0	0	0	0	0	0	0	0	0	0	0	0	0	0	0	0	0	0	0	0	0	0	0	0	0	0	0	0	0	0	0
47	0	0	0	0	0	0	0	0	0	0	0	0	0	0	0	0	0	0	0	0	0	0	0	0	0	0	0	0	0	0	0	0	0	0	0	0	0	0	0	0	0	0	0	0	0	0	0	0	0	0	0	0	0	0	0	0	0	0	0	0	0	0	0	0	0	0	0	0	0	0	0	0	0	0	0	0	0	0	0	0	0	0	0	0	0	0	0	0	0	0	0	0	0	0	0	0	0	0	0	0	0	0	0	0	0	0	0	0	0	0	0	7	0	0	0	1	0	0	0	0	0	0	0	0	0	0	0	0	0	0	0	0	0	3	0	0	0	0	0	0	0	0	0	0	0	0	0	0	0	0	0	0	0	0	0	0	0	0	0	0	0	0	0	0	0	0	0	0	0	0	0	0	0	0	0	0	0	0	0	0	0	0	0	0	0	0	0	0	0	0	0	0	0	0	0	0	0	0	0	0	0	0	0	0	0	0	0	0	0	0	0	0	0	0	0	0	0	0	0	0	0	0	0	0	0	0	0	0	0	0	0	0	0	0	0	0	0	0	0	0	0	0	0	0	0	0	0	0	0	0	0	0	0	0	0	0	0	0	0	0	0	0	0	0	0	0	0	0	0	0	0	0	0	0	0	0	0	0	0	0	0	0	0	0	0	0	0	0	0	0	0	0	0	0	0	0	0	0	0	0	0	0	0	0	0	0	0	0	0	0	0	0	0	0	0	0	0	0	0	0	0	0	0	0	0	0	0	0	0	0	0	0	0	0	0	0	0	0	0	0	0	0	0	0	0	0	0	0	0	0	0	0	0	0	0	0	0	0	0	0	0	0	0	0	0	0	0	0	0	0	0	0	0	0	0	0	0	0	0	0	0	0	0	0	0	0	0	15	0	0	0	0	0	0	0	0	0	0	0	0	0	32	0	2	0	0	0	0	0	0	0	0	0	0	0	0	0	0	0	0	0	0	0	53	0	0	0	0	0	0	0	0	0	0	0	0	0	0	0	0	0	0	0	0	0	0	0	0	0	0	0	0	0	0	0	0	0	0	0	0	0	0	0	0	0	0	0	0	0	0	0	0	0	0	0	0	0	0	0	0	0	0	0	0	0	0	0	0	0	0	0	0	0	0	0	0	0	0	0	0	0	0	0	0	0	0	0	0	0	0	0	0	0	0	0	0	0	0	0	0	0	0	0	0	0	0	0	0	0	0	0	0	0	0	0	0	0	0	0	0	0	0	0	0	0	2	0	0	0	0	0	0	0	0	0	0	0	0	0	0	0	0	0	0	0	0	0	0	0	0	0	0	0	0	0	0	0	0	0	0	0	0	0	0	0	0	0	0	0	0	0	0	0	0	0	0	0	0	0	0	0	0	0	0	0	0	0	0	0	0	0	0	0	0	0	0	0	0	0	0	0	0	0	0	3	0	0	0	0	0	0	0	0	0	0	0	0	0	0	0	0	0	0	0	0	0	0	0	0	0	0	0	0	0	0	0	0	0	0	0	0	0	0	0	0	0	0	0	0	0	0	0	0	0	0	0	0	0	0	0	0	0	0	0	0	0	0	0	0	0	0	0	0	0	0	0	0	0	0	0	0	0	0	0	0	0	0	0	0	0	0	0	0	0	0	0	0	0	0	0	0	0	0	0	0	0	0	0	0	0	0	0	0	0	0	0	0	0	0	0	0	0	0	0	0	0	0	0	0	0	0	0	0	0	0	5	0	0	0	0	0	0	0	0	0	0	0	0	0	0	0	0	0	0	0	0	0	0	0	0	0	0	0	0	0	0	0	0	0	0	0	0	0	0	0	0	0	0	0	0	0	0	0	0	0	0	0	0	0	0	0	0	0	0	0	0	0	0	0	0	0	0	0	0	0	0	0	0	0	0	0	0	0	0	0	0	0	0	0	0	0	0	0	0	0	0	0	0	0	0	0	0	0	0	0	0	0	0	0	0	0	0	0	0	0	0	0	0	0	0	0	0	0	0	0	0	0	0	0	0	0	0	0	0	0	0	0	0	0	0	0	0	0	0	0	0	0	0	0	0	0	0	0	0	0	0	0	0	0	0	0	0	0	0	0	0	0	0	0	0	0	0	0	0	0	0	0	0	0	0	0	0	0	0	0	0	0	0	0	0	0	0	0	0	0	0	0	0	0	0	0	0	0	0	0	0	0	0	0	0	0	0	0	0	0	0	0	0	0	0	0	0	0	0	0	0	0	0	0	0	0	0	0	0	0	0	0	0	0	0	0	0	0	0	0	0	0	0	0	0	0	0	0	0	0	0	0	0	0	0	0	0	0	0	0	0	0	0	0	0	0	0	0	0	0	0	0	0	0	4	0	0	0	0	0	0	0	0	0	0	0	0	0	0	0	0	0	0	0	0	0	0	0	0	0	0	0	0	0	0	0	0	0	0	0	0	0	0	0	0	0	0	0	0	0	0	0	0	0	0	0	0	0	0	0	0	0	0	0	0	0	0	0	0	0	0	0	0	0	0
48	0	0	0	0	0	0	0	0	0	0	0	0	0	0	0	0	0	0	0	0	0	0	0	0	0	0	0	0	0	0	0	0	0	0	0	0	0	0	0	0	0	0	0	0	0	0	0	0	0	0	0	0	0	0	0	0	0	0	0	0	0	0	0	0	0	0	0	0	0	0	0	0	0	0	0	0	0	0	0	0	0	0	0	0	0	0	0	0	0	0	0	0	0	0	0	0	0	0	0	0	0	0	0	0	0	0	0	0	0	0	0	0	0	0	0	0	0	0	0	0	0	0	0	6	0	0	0	0	0	0	0	0	0	0	0	0	0	0	0	0	0	0	0	0	0	0	0	0	1	0	0	0	0	0	0	0	0	0	0	0	0	0	0	0	0	0	0	0	0	0	0	0	0	0	0	0	0	0	0	0	0	0	0	0	0	0	0	0	0	0	0	0	0	6	0	0	0	0	0	0	0	0	0	0	0	0	0	0	0	0	0	0	0	0	0	0	0	0	0	0	0	0	0	0	0	0	0	0	0	0	0	0	0	0	0	0	0	0	0	0	13	0	0	0	0	0	0	0	0	0	0	0	0	0	0	0	0	0	0	0	0	0	0	0	0	0	0	0	0	0	0	0	0	0	0	0	0	0	0	0	0	0	0	0	0	0	0	0	0	0	0	0	0	55	0	0	0	0	0	0	0	0	0	0	0	1	0	0	0	0	0	0	0	0	0	0	0	0	0	0	0	0	0	0	0	0	0	0	0	0	0	0	0	0	0	0	0	0	0	0	0	0	0	0	0	0	0	0	0	0	0	0	0	0	0	0	0	0	0	0	0	0	0	0	0	0	0	0	0	0	0	0	0	0	0	0	0	0	0	0	0	0	0	0	0	0	0	0	0	0	0	0	0	0	0	0	0	0	0	0	0	0	0	0	0	0	0	0	0	0	0	0	0	0	0	0	0	0	0	0	0	0	0	0	0	0	0	0	0	0	0	0	0	0	0	0	0	0	0	0	0	0	0	0	0	0	0	0	0	0	0	0	0	0	0	0	0	0	0	0	0	0	0	0	0	0	0	0	0	0	0	0	0	0	0	0	0	0	0	0	0	0	0	0	0	0	0	0	0	0	0	0	0	0	0	0	0	0	0	0	0	0	0	0	0	0	0	0	0	0	69	0	0	0	0	0	0	0	0	0	0	0	0	0	0	0	0	0	0	21	0	0	0	0	0	0	0	0	0	0	0	0	0	0	0	0	0	0	0	0	0	0	0	0	0	0	0	0	0	0	0	0	0	0	0	0	0	0	0	0	0	0	0	0	0	0	0	0	0	0	0	0	0	0	0	0	0	0	0	0	0	0	0	0	0	0	0	0	0	0	0	0	0	0	0	0	0	0	0	0	0	0	0	6	0	0	0	0	0	0	0	0	0	0	0	0	0	0	0	0	0	0	0	0	1	0	0	0	0	0	0	0	0	0	0	0	0	0	0	0	0	0	0	0	0	0	0	0	0	0	0	0	0	0	0	0	0	0	0	0	0	0	0	0	0	0	0	0	0	0	0	0	0	0	0	0	0	0	0	0	0	0	0	0	0	0	0	0	0	0	0	0	0	0	0	0	0	0	0	0	0	0	0	0	0	0	0	0	0	0	0	0	0	0	0	0	0	0	0	0	230	0	0	0	0	0	0	0	0	0	0	0	0	0	0	0	0	0	0	9	0	0	0	0	0	0	0	0	0	0	0	0	0	0	0	0	0	0	0	0	0	0	0	0	0	0	0	0	0	0	0	0	0	0	0	0	0	0	0	0	3	0	0	0	0	0	0	0	0	0	0	0	0	0	0	0	0	0	0	0	0	0	0	0	0	0	0	0	0	0	0	0	0	0	0	0	0	0	0	0	0	0	0	0	0	0	0	0	0	0	0	0	0	0	0	0	0	0	0	0	0	0	0	0	0	0	0	0	0	0	0	0	0	0	0	0	0	0	0	0	0	0	0	0	0	0	0	0	0	0	0	0	0	0	0	0	0	0	0	0	0	0	0	0	0	0	0	1	0	0	0	0	0	0	0	0	0	0	0	0	0	41	0	0	0	0	0	0	0	0	0	0	0	0	0	0	0	0	0	0	0	0	0	0	0	0	0	0	0	0	0	0	0	0	0	0	0	0	0	0	0	0	0	0	0	0	0	0	0	0	0	0	0	0	0	0	0	0	0	0	0	0	0	0	0	0	0	0	0	0	0	0	0	0	0	0	0	0	0	0	0	0	0	0	0	0	0	0	0	34	0	0	0	0	0	0	0	0	0	0	0	0	0	0	0	0	0	0	0	0	0	0	0	0	0	0	0	0	0	0	0	0	0	0	0	0	0	0	0	0	0	0	0	0	0	0	0	0	0	0	0	0	0	0	0	0	0	0	0	0	0	0	0	0	0	0	0	0	0	0	0	0	0	0	0	0	0	0	0	0	0	0	0	0	0	0	0	0	0	0	0	0	0	0	0	0	0	0	0	0
49	0	0	0	0	0	0	0	0	0	0	0	0	0	0	0	0	0	0	0	0	0	0	0	0	0	0	0	0	0	0	0	0	0	0	0	0	0	0	0	0	0	0	0	0	0	0	0	0	0	0	0	0	0	0	0	0	0	0	0	0	0	0	0	0	0	0	0	0	0	0	0	0	0	0	0	0	0	0	0	0	0	0	0	0	0	0	0	0	0	0	0	0	0	0	0	0	0	0	0	0	0	0	0	0	0	0	0	0	0	0	0	0	0	0	0	0	0	0	0	0	0	0	0	0	0	0	0	0	0	0	0	0	0	0	0	0	0	0	0	0	0	0	0	0	0	0	0	0	0	0	0	0	0	0	0	0	0	0	0	0	0	0	0	0	0	0	0	0	0	0	0	0	0	0	0	0	0	0	0	0	24	0	0	0	0	0	0	0	0	0	0	0	0	0	0	0	0	0	0	0	0	0	0	0	0	0	0	0	0	0	0	0	0	0	0	0	0	0	0	0	0	0	0	0	0	0	0	0	0	0	0	0	0	0	0	0	0	0	0	0	0	0	0	0	0	0	0	0	0	0	0	0	0	0	0	0	0	3	0	0	0	0	0	0	0	0	0	0	0	0	0	0	0	0	0	1	0	0	0	0	0	0	0	2	0	0	0	0	0	0	0	0	0	0	0	0	10	0	0	0	0	0	0	0	0	0	0	0	0	0	0	0	0	0	0	0	0	0	0	0	0	0	0	0	0	0	0	0	0	0	0	0	0	0	0	0	0	0	0	0	0	0	0	0	0	0	0	0	0	0	0	0	0	0	0	0	0	0	0	0	0	0	0	0	0	0	0	0	0	0	0	0	0	0	0	0	0	0	0	0	0	0	0	0	0	0	0	0	0	0	0	0	0	0	0	0	0	0	0	0	0	0	0	0	0	0	0	0	0	0	0	0	0	0	0	0	0	0	0	0	0	0	0	0	0	0	0	0	0	0	0	0	0	0	0	0	0	0	0	0	0	0	0	0	0	0	0	0	0	0	0	0	0	0	0	0	0	0	0	0	0	0	0	0	0	0	0	0	0	0	0	0	0	0	0	0	0	0	0	0	0	0	0	0	0	0	0	0	0	0	0	0	0	0	0	0	0	0	0	0	0	0	0	0	0	0	0	0	0	0	0	0	0	0	0	0	0	0	0	0	0	0	0	0	0	0	0	0	0	0	0	0	0	0	0	0	0	0	0	0	0	0	0	0	0	0	0	0	0	0	0	0	0	0	0	0	0	0	0	0	0	0	0	0	0	0	0	0	0	0	0	0	0	0	0	0	0	0	0	0	0	0	0	0	0	0	0	0	0	0	0	0	0	0	0	0	0	0	0	0	0	0	0	0	0	0	0	0	0	0	0	0	0	0	0	0	0	0	0	0	0	0	0	0	0	0	0	0	0	0	0	0	0	0	0	0	0	0	0	0	0	0	0	0	0	0	0	0	0	0	0	0	0	0	0	0	0	0	0	0	0	0	0	0	0	0	0	0	0	0	0	0	0	0	0	0	0	0	0	0	0	0	0	0	0	0	0	0	0	0	0	0	0	0	0	0	0	0	0	0	0	0	0	0	0	0	0	0	0	0	0	0	0	0	0	0	0	0	0	0	0	0	0	0	0	0	0	0	0	0	0	0	0	0	0	0	0	0	0	0	0	0	0	0	0	0	0	0	0	0	0	0	0	0	0	0	0	0	0	0	0	0	0	0	0	0	0	0	0	0	0	0	0	0	0	0	0	0	0	0	0	0	0	0	0	0	0	0	0	0	0	0	0	0	0	0	0	0	0	0	0	0	0	0	0	0	0	0	0	0	0	0	0	0	0	0	0	0	0	0	0	0	0	0	0	0	0	0	0	0	0	0	0	0	0	0	0	0	0	0	0	0	0	0	0	0	0	0	0	0	0	0	0	0	0	0	0	0	0	0	0	0	0	0	0	0	0	0	0	0	0	0	0	0	0	0	0	0	0	0	0	0	1	0	0	0	0	0	0	0	0	0	0	0	0	0	69	0	0	0	0	0	0	0	0	0	0	0	0	0	0	0	0	0	0	0	0	0	0	0	0	0	0	0	0	0	0	0	0	0	0	0	21	0	0	0	0	0	0	0	0	0	0	0	0	0	0	0	0	0	0	0	0	0	0	0	0	0	0	0	0	0	0	0	0	0	0	0	0	0	0	0	0	0	0	0	0	0	0	0	0	0	0	0	0	0	0	0	0	0	0	0	0	0	0	0	0	0	0	0	0	0	0	0	0	0	0	0	0	0	0	0	0	0	0	0	0	0	0	0	0	0	0	0	0	0	0	0	0	0	0	0	0	0	0	0	0	0	0	0	0	0	0	0	0	0	0	0	0	0	0	0	0	0	0	0	0	0	0	0	0	0	0	0	0	0	0	0	0	0	0	0	0	0	0	0	0	0	0	0	0	0	0	0	0	0	0	0	0	0	0	0	0	0	0	0	0	0	0	0
50	0	0	0	0	0	0	0	0	0	0	0	0	0	0	0	0	0	0	0	0	0	0	0	0	0	0	0	0	0	0	0	0	0	0	0	0	0	0	0	0	0	0	0	0	0	0	0	0	0	0	0	0	0	0	0	0	0	0	0	0	0	0	0	0	0	0	0	0	0	0	0	0	0	0	0	0	0	0	0	0	0	0	0	0	0	0	0	0	0	0	0	0	0	0	0	0	0	0	0	0	0	0	0	0	0	0	0	0	0	0	0	0	0	0	0	0	0	0	0	0	0	0	0	0	0	0	0	0	0	0	0	0	0	0	9	0	0	0	0	0	0	0	0	0	0	0	0	0	0	0	0	0	0	0	0	0	0	0	0	0	0	0	0	0	0	0	0	0	0	0	0	0	0	0	0	0	0	0	0	0	0	0	0	0	0	0	0	0	0	0	0	0	0	0	0	0	0	0	0	0	0	0	0	8	0	0	0	0	0	0	0	0	0	0	0	0	0	0	0	0	0	0	0	0	0	0	0	0	0	0	0	0	0	0	0	0	0	0	0	0	0	0	0	0	0	0	0	0	0	0	0	0	0	0	0	0	0	0	0	0	0	0	0	0	0	0	0	0	0	0	0	0	0	0	0	0	0	0	0	0	0	0	0	0	0	0	0	0	0	0	0	0	0	0	0	0	0	0	0	0	0	0	0	0	0	0	0	0	0	0	0	0	0	0	0	0	0	0	0	0	0	0	0	0	0	0	0	0	0	0	0	0	0	0	0	0	0	0	0	0	0	0	0	0	0	0	0	0	0	0	0	0	0	0	0	0	0	0	0	0	0	0	0	0	0	0	0	0	0	0	0	0	0	0	0	0	0	0	0	0	0	0	0	0	1	0	0	0	0	0	0	0	0	0	0	0	0	0	0	0	0	0	0	0	0	0	0	0	0	0	0	0	0	0	0	0	0	0	0	0	0	0	0	0	0	0	0	0	0	0	0	0	0	0	0	0	0	0	0	0	0	0	0	0	0	0	0	0	0	0	0	0	0	0	0	0	0	0	0	0	0	0	0	0	0	0	0	0	0	0	0	0	0	0	0	0	0	0	0	0	0	0	0	0	0	0	0	0	0	0	0	0	0	0	0	0	0	0	0	0	0	0	0	0	0	0	0	0	0	0	0	0	0	0	0	0	0	0	0	0	0	0	0	0	0	0	0	0	0	0	0	0	0	0	0	0	0	0	0	0	0	0	0	0	0	0	0	0	0	0	0	0	0	0	0	0	0	0	0	0	0	0	0	0	0	0	0	0	0	0	0	0	0	0	0	0	0	0	0	0	0	0	0	0	0	0	0	0	0	0	0	0	0	24	0	0	0	0	0	0	0	0	0	0	0	0	0	0	0	0	0	0	58	0	0	0	0	0	0	0	0	0	0	0	0	0	0	0	0	0	1	0	0	0	0	0	0	0	0	0	0	0	0	0	0	0	0	0	0	0	0	0	0	0	0	0	0	0	0	0	0	0	0	0	0	0	0	0	0	0	0	0	0	0	0	0	0	0	0	0	0	0	0	0	0	0	0	0	0	0	0	0	0	0	0	0	0	0	0	0	0	0	0	0	0	0	0	0	0	0	0	0	0	0	0	0	0	0	0	0	0	0	0	0	0	0	0	0	0	0	0	0	0	0	0	0	0	0	0	0	0	0	0	0	0	0	0	0	0	0	0	0	0	0	0	0	0	0	0	0	0	0	0	0	0	0	0	0	0	0	0	0	0	0	0	0	0	0	0	0	0	0	0	0	0	0	0	0	0	0	0	0	0	0	0	0	0	0	0	0	0	0	0	0	0	0	0	0	0	0	0	0	0	0	0	0	0	0	0	0	0	0	0	0	0	0	0	0	0	0	0	0	0	0	0	0	0	0	0	0	0	0	0	0	0	0	0	0	0	0	0	0	0	0	0	0	0	0	0	0	0	0	0	0	0	0	0	0	0	0	0	0	0	0	0	0	0	0	0	0	0	0	0	0	0	0	0	0	0	0	0	0	0	0	0	0	0	0	0	0	0	0	0	0	0	0	0	0	0	0	0	0	0	0	0	0	0	0	0	0	0	0	0	0	0	0	0	0	0	0	0	0	0	0	0	0	0	0	0	0	0	0	0	0	0	0	0	0	0	0	0	0	0	0	0	0	0	0	0	0	0	0	0	0	0	0	0	0	6	0	0	0	0	0	0	0	0	0	0	0	0	0	0	0	0	0	0	0	0	0	0	0	0	0	0	0	0	0	0	0	0	0	0	0	0	0	0	0	0	0	0	0	0	0	0	0	0	0	0	0	0	0	0	0	0	0	0	0	0	0	0	0	0	0	0	0	0	0	0	0	0	0	0	0	0	0	0	0	0	0	0	0	0	0	0	0	0	0	0	0	0	0	0	0	0	0	0	0	0	0	0	0	0	0	0	0	0	0	0	0	0	0	0	0	0	0	0	0	0	0	0	0	0	0	0	0	0	0	0	0
