0	0	0	0	0	0	0	0	0	0	0	0	0	0	0	0	0	0	0	0	0	0	0	0	0	0	0	0	0	0	0	0	0	0	0	0	0	0	0	0	0	0	0	0	0	0	0	0	0	0	0	0	0	0	0	0	0	0	0	0	0	0	0	0	0	0	0	0	0	0	0	0	0	0	0	0	0	0	0	0	0	0	0	0	0	0	0	0	0	0	0	0	0	0	0	0	0	0	0	0	0	12	12	12	12	12	12	12	12	12	12	12	12	12	12	12	12	12	12	12	12	12	12	12	12	12	12	12	12	12	12	12	12	12	12	12	12	12	12	12	12	12	12	12	12	12	12	12	12	12	12	12	12	12	12	12	12	12	12	12	12	12	12	12	12	12	12	12	12	12	12	12	12	12	12	12	12	12	12	12	12	12	12	12	12	12	12	12	12	12	12	12	12	12	12	12	12	12	12	12	12	24	24	24	24	24	24	24	24	24	24	24	24	24	24	24	24	24	24	24	24	24	24	24	24	24	24	24	24	24	24	24	24	24	24	24	24	24	24	24	24	24	24	24	24	24	24	24	24	24	24	24	24	24	24	24	24	24	24	24	24	24	24	24	24	24	24	24	24	24	24	24	24	24	24	24	24	24	24	24	24	24	24	24	24	24	24	24	24	24	24	24	24	24	24	24	24	24	24	24	24	48	48	48	48	48	48	48	48	48	48	48	48	48	48	48	48	48	48	48	48	48	48	48	48	48	48	48	48	48	48	48	48	48	48	48	48	48	48	48	48	48	48	48	48	48	48	48	48	48	48	48	48	48	48	48	48	48	48	48	48	48	48	48	48	48	48	48	48	48	48	48	48	48	48	48	48	48	48	48	48	48	48	48	48	48	48	48	48	48	48	48	48	48	48	48	48	48	48	48	48	72	72	72	72	72	72	72	72	72	72	72	72	72	72	72	72	72	72	72	72	72	72	72	72	72	72	72	72	72	72	72	72	72	72	72	72	72	72	72	72	72	72	72	72	72	72	72	72	72	72	72	72	72	72	72	72	72	72	72	72	72	72	72	72	72	72	72	72	72	72	72	72	72	72	72	72	72	72	72	72	72	72	72	72	72	72	72	72	72	72	72	72	72	72	72	72	72	72	72	72	96	96	96	96	96	96	96	96	96	96	96	96	96	96	96	96	96	96	96	96	96	96	96	96	96	96	96	96	96	96	96	96	96	96	96	96	96	96	96	96	96	96	96	96	96	96	96	96	96	96	96	96	96	96	96	96	96	96	96	96	96	96	96	96	96	96	96	96	96	96	96	96	96	96	96	96	96	96	96	96	96	96	96	96	96	96	96	96	96	96	96	96	96	96	96	96	96	96	96	96	120	120	120	120	120	120	120	120	120	120	120	120	120	120	120	120	120	120	120	120	120	120	120	120	120	120	120	120	120	120	120	120	120	120	120	120	120	120	120	120	120	120	120	120	120	120	120	120	120	120	120	120	120	120	120	120	120	120	120	120	120	120	120	120	120	120	120	120	120	120	120	120	120	120	120	120	120	120	120	120	120	120	120	120	120	120	120	120	120	120	120	120	120	120	120	120	120	120	120	120	144	144	144	144	144	144	144	144	144	144	144	144	144	144	144	144	144	144	144	144	144	144	144	144	144	144	144	144	144	144	144	144	144	144	144	144	144	144	144	144	144	144	144	144	144	144	144	144	144	144	144	144	144	144	144	144	144	144	144	144	144	144	144	144	144	144	144	144	144	144	144	144	144	144	144	144	144	144	144	144	144	144	144	144	144	144	144	144	144	144	144	144	144	144	144	144	144	144	144	144	180	180	180	180	180	180	180	180	180	180	180	180	180	180	180	180	180	180	180	180	180	180	180	180	180	180	180	180	180	180	180	180	180	180	180	180	180	180	180	180	180	180	180	180	180	180	180	180	180	180	180	180	180	180	180	180	180	180	180	180	180	180	180	180	180	180	180	180	180	180	180	180	180	180	180	180	180	180	180	180	180	180	180	180	180	180	180	180	180	180	180	180	180	180	180	180	180	180	180	180	240	240	240	240	240	240	240	240	240	240	240	240	240	240	240	240	240	240	240	240	240	240	240	240	240	240	240	240	240	240	240	240	240	240	240	240	240	240	240	240	240	240	240	240	240	240	240	240	240	240	240	240	240	240	240	240	240	240	240	240	240	240	240	240	240	240	240	240	240	240	240	240	240	240	240	240	240	240	240	240	240	240	240	240	240	240	240	240	240	240	240	240	240	240	240	240	240	240	240	240	300	300	300	300	300	300	300	300	300	300	300	300	300	300	300	300	300	300	300	300	300	300	300	300	300	300	300	300	300	300	300	300	300	300	300	300	300	300	300	300	300	300	300	300	300	300	300	300	300	300	300	300	300	300	300	300	300	300	300	300	300	300	300	300	300	300	300	300	300	300	300	300	300	300	300	300	300	300	300	300	300	300	300	300	300	300	300	300	300	300	300	300	300	300	300	300	300	300	300	300
0	0	0	0	0	0	0	0	0	0	0	0	0	0	0	0	0	0	0	0	0	0	0	0	0	0	0	0	0	0	0	0	0	0	0	0	0	0	0	0	0	0	0	0	0	0	0	0	0	0	0	0	0	0	0	0	0	0	0	0	0	0	0	0	0	0	0	0	0	0	0	0	0	0	0	0	0	0	0	0	0	0	0	0	0	0	0	0	0	0	0	0	0	0	0	0	0	0	0	0	0	100	100	100	100	100	100	100	100	100	100	100	100	100	100	100	100	100	100	100	100	100	100	100	100	100	100	100	100	100	100	100	100	100	100	100	100	100	100	100	100	100	100	100	100	100	100	100	100	100	100	100	100	100	100	100	100	100	100	100	100	100	100	100	100	100	100	100	100	100	100	100	100	100	100	100	100	100	100	100	100	100	100	100	100	100	100	100	100	100	100	100	100	100	100	100	100	100	100	100	100	100	100	100	100	100	100	100	100	100	100	100	100	100	100	100	100	100	100	100	100	100	100	100	100	100	100	100	100	100	100	100	100	100	100	100	100	100	100	100	100	100	100	100	100	100	100	100	100	100	100	100	100	100	100	100	100	100	100	100	100	100	100	100	100	100	100	100	100	100	100	100	100	100	100	100	100	100	100	100	100	100	100	100	100	100	100	100	100	100	100	100	100	100	100	100	100	100	100	100	100	100	100	100	100	100	100	100	100	100	100	100	100	100	100	100	100	100	100	100	100	100	100	100	100	100	100	100	100	100	100	100	100	100	100	100	100	100	100	100	100	100	100	100	100	100	100	100	100	100	100	100	100	100	100	100	100	100	100	100	100	100	100	100	100	100	100	100	100	100	100	100	100	100	100	100	100	100	100	100	100	100	100	100	100	100	100	100	100	100	100	100	100	100	100	100	100	100	100	100	100	100	100	100	100	100	100	100	100	100	100	100	100	100	100	100	100	100	100	100	100	100	100	100	100	100	100	100	100	100	100	100	100	100	100	100	100	100	100	100	100	100	100	100	100	100	100	100	100	100	100	100	100	100	100	100	100	100	100	100	100	100	100	100	100	100	100	100	100	100	100	100	100	100	100	100	100	100	100	100	100	100	100	100	100	100	100	100	100	100	100	100	100	100	100	100	100	100	100	100	100	100	100	100	100	100	100	100	100	100	100	100	100	100	100	100	100	100	100	100	100	100	100	100	100	100	100	100	100	100	100	100	100	100	100	100	100	100	100	100	100	100	100	100	100	100	100	100	100	100	100	100	100	100	100	100	100	100	100	100	100	100	100	100	100	100	100	100	100	100	100	100	100	100	100	100	100	100	100	100	100	100	100	100	100	100	100	100	100	100	100	100	100	100	100	100	100	100	100	100	100	100	100	100	100	100	100	100	100	100	100	100	100	100	100	100	100	100	100	100	100	100	100	100	100	100	100	100	100	100	100	100	100	100	100	100	100	100	100	100	100	100	100	100	100	100	100	100	100	100	100	100	100	100	100	100	100	100	100	100	100	100	100	100	100	100	100	100	100	100	100	100	100	100	100	100	100	100	100	100	100	100	100	100	100	100	100	100	100	100	100	100	100	100	100	100	100	100	100	100	100	100	100	100	100	100	100	100	100	100	100	100	100	100	100	100	100	100	100	100	100	100	100	100	100	100	100	100	100	100	100	100	100	100	100	100	100	100	100	100	100	100	100	100	100	100	100	100	100	100	100	100	100	100	100	100	100	100	100	100	100	100	100	100	100	100	100	100	100	100	100	100	100	100	100	100	100	100	100	100	100	100	100	100	100	100	100	100	100	100	100	100	100	100	100	100	100	100	100	100	100	100	100	100	100	100	100	100	100	100	100	100	100	100	100	100	100	100	100	100	100	100	100	100	100	100	100	100	100	100	100	100	100	100	100	100	100	100	100	100	100	100	100	100	100	100	100	100	100	100	100	100	100	100	100	100	100	100	100	100	100	100	100	100	100	100	100	100	100	100	100	100	100	100	100	100	100	100	100	100	100	100	100	100	100	100	100	100	100	100	100	100	100	100	100	100	100	100	100	100	100	100	100	100	100	100	100	100	100	100	100	100	100	100	100	100	100	100	100	100	100	100	100	100	100	100	100	100	100	100	100	100	100	100	100	100	100	100	100	100	100	100	100	100	100	100	100	100	100	100	100	100	100	100	100	100	100	100	100	100	100	100	100	100	100	100	100	100	100	100	100	100	100	100	100	100	100	100	100	100	100	100	100	100	100	100	100	100	100	100	100	100	100	100	100	100	100	100	100	100	100	100	100	100	100	100	100	100	100	100	100	100	100	100	100	100	100	100	100	100	100	100	100	100	100	100	100	100	100	100	100	100	100	100	100	100	100	100	100	100	100	100	100	100	100	100	100	100	100	100	100	100	100	100	100	100	100	100	100	100	100	100	100	100	100	100	100	100	100	100	100	100	100	100	100	100	100	100	100	100	100	100	100	100	100	100	100	100	100	100	100	100	100	100	100	100	100	100	100	100	100
1	0	0	0	0	0	0	0	0	0	0	0	0	0	0	0	0	0	0	0	0	0	0	0	0	0	0	0	0	0	0	0	0	0	0	0	0	0	0	0	0	0	0	0	0	0	0	0	0	0	0	0	0	0	0	0	0	0	0	0	0	0	0	0	0	0	0	0	0	0	0	0	0	0	0	0	0	0	0	0	0	0	0	0	0	0	0	0	0	0	0	0	0	0	0	0	0	0	0	0	0	18	9	0	0	80	0	56	0	4	0	0	0	0	0	0	0	0	0	0	0	0	0	4	19	34	0	0	0	0	0	0	0	23	0	0	0	0	0	0	0	189	0	0	0	0	0	0	0	73	0	0	0	0	0	0	0	14	3	0	0	0	0	0	0	0	0	46	25	0	2	7	0	2	0	0	0	0	0	0	17	0	0	0	0	2	0	80	6	0	0	0	0	0	0	0	0	0	0	10	0	0	0	71	0	0	160	9	23	0	6	0	0	15	33	0	6	0	1	35	0	0	0	9	0	6	0	1	2	0	0	0	0	0	0	0	0	0	0	0	0	0	0	0	26	0	1	105	0	0	0	70	0	46	0	0	7	0	11	0	19	0	0	0	0	0	1	0	64	1	0	0	37	0	0	0	0	0	136	128	122	0	0	0	0	1	7	3	0	4	0	0	60	0	99	0	0	0	0	139	0	0	28	64	0	7	0	0	96	0	211	0	12	17	113	0	0	0	0	0	116	0	42	0	0	17	0	12	184	0	27	0	2	0	7	43	0	0	15	7	0	94	0	0	3	0	0	111	0	17	61	0	109	2	0	0	0	0	20	150	0	64	0	3	15	0	0	3	6	5	64	0	0	19	7	0	0	28	1	0	0	83	7	15	3	0	12	15	71	1	53	87	1	5	92	0	53	0	0	32	107	0	3	0	218	2	99	37	47	97	7	0	0	202	0	0	116	73	5	103	0	55	4	1	0	88	0	65	0	61	5	3	24	86	0	0	125	252	0	64	231	0	58	60	1	0	70	0	132	294	136	0	0	4	2	72	1	65	3	0	237	0	74	0	105	13	120	0	137	2	111	0	0	47	0	34	132	0	66	10	160	96	171	202	181	52	0	0	0	16	17	73	0	6	34	1	0	93	0	68	17	0	0	0	0	0	1	69	0	0	0	0	0	0	0	0	0	49	0	0	0	0	83	0	0	0	0	0	0	0	0	0	0	0	0	0	0	0	0	6	43	0	0	0	74	0	0	30	290	0	0	0	0	27	0	0	65	0	0	1	0	0	0	63	0	0	0	0	0	0	0	49	72	0	38	0	0	0	0	39	0	0	0	0	0	0	26	0	55	0	36	0	0	0	0	0	165	0	0	0	0	0	32	0	0	0	0	0	31	0	81	0	0	0	0	0	71	67	0	0	0	0	66	0	0	0	0	0	0	0	0	169	0	0	0	0	0	0	44	55	163	0	0	48	18	0	0	0	0	47	0	0	0	0	0	0	75	0	0	0	0	144	0	0	0	0	0	166	0	0	0	0	0	145	116	75	0	0	154	130	0	0	0	0	0	0	98	0	34	0	0	1	0	0	0	0	0	0	0	0	0	0	0	25	134	0	249	44	0	236	118	52	226	179	0	0	120	0	0	0	0	346	0	172	0	43	0	0	0	0	0	0	0	0	142	0	0	0	0	186	0	0	0	97	0	0	0	27	0	0	0	0	0	0	0	215	0	0	0	81	0	12	48	0	69	245	0	0	0	67	197	77	0	83	27	61	0	0	0	106	0	54	149	0	0	110	0	55	0	0	0	40	0	0	0	34	0	0	274	41	75	110	0	0	0	0	0	125	0	10	49	29	116	0	24	0	15	0	67	0	0	0	0	0	60	0	72	160	68	172	0	0	0	0	15	0	0	0	0	0	0	32	150	0	0	0	0	69	60	157	0	0	0	0	0	92	0	0	42	0	0	51	0	21	0	0	33	41	254	49	0	65	90	0	0	0	32	0	0	0	0	0	0	0	0	0	88	110	0	0	0	0	82	0	240	57	187	0	109	139	0	0	77	0	89	48	0	87	18	0	34	0	0	317	139	44	0	0	0	37	8	0	0	41	151	0	0	0	21	0	0	0	0	133	0	155	31	0	2	0	0	0	98	121	0	0	0	19	0	57	0	150	243	0	81	0	0	20	19	0	0	0	6	0	116	0	6	0	0	0	48	0	198	140	36	0	26	70	0	123	105	0	0	85	247	163	0	0	55	0	0	0	0	50	71	0	0	0	0	0	0	57	296	0	0	0	0	0	10	125	0	0	219	26	0	114	0	63	0	80	0	0	30	18	0	42	0	0	0	71	0	0	7	90	0	0	79	143	0	107	0	0	78	0	44	154	129	14	35	165	50	290	0	170	0	76	260	97	123	0	107	0	99	33	0	0	96	0	55	128	63	78	102	33	0	0	86	211	26	0	88	0	89	65	28	88	182	0	0	91	0	275	55	0	64	150	28	84	0	0	39
2	0	0	0	0	0	0	0	0	0	0	0	0	0	0	0	0	0	0	0	0	0	0	0	0	0	0	0	0	0	0	0	0	0	0	0	0	0	0	0	0	0	0	0	0	0	0	0	0	0	0	0	0	0	0	0	0	0	0	0	0	0	0	0	0	0	0	0	0	0	0	0	0	0	0	0	0	0	0	0	0	0	0	0	0	0	0	0	0	0	0	0	0	0	0	0	0	0	0	0	0	0	0	0	1	0	0	0	0	0	2	0	0	0	0	0	0	0	3	2	0	0	0	0	0	0	0	0	0	0	0	19	0	0	0	0	0	0	0	14	1	12	0	11	89	0	0	0	0	0	0	0	0	6	8	3	0	0	0	0	0	0	2	0	0	0	0	26	0	0	0	0	0	0	0	0	0	0	0	90	0	0	0	0	0	0	0	60	0	0	22	0	0	0	0	0	13	1	0	0	7	0	0	21	2	0	20	14	0	2	0	0	0	124	2	1	0	0	0	11	0	0	0	0	4	159	0	2	0	4	0	4	18	7	0	0	0	0	0	0	0	0	0	31	0	0	0	0	0	0	0	0	0	22	8	0	0	0	7	2	0	0	1	0	0	0	3	0	0	47	0	0	11	0	0	0	0	0	18	23	134	0	0	0	0	0	10	1	0	5	0	0	0	9	42	0	3	0	0	88	2	1	43	142	0	0	0	0	49	0	97	0	8	0	66	0	0	5	11	0	130	0	27	0	0	356	0	87	93	16	89	0	1	4	3	151	0	79	45	191	0	67	0	26	21	10	0	63	13	50	1	8	15	0	0	0	0	0	0	191	1	27	0	0	14	5	0	0	0	35	31	5	0	0	22	9	0	29	31	43	0	162	0	0	0	0	1	21	0	0	0	5	29	17	0	1	50	1	0	0	24	0	0	53	82	0	57	5	69	96	2	0	0	109	0	0	189	153	0	48	0	107	32	0	0	95	0	50	0	102	48	0	0	1	0	0	16	143	0	45	0	13	34	35	8	0	71	0	29	56	121	36	0	2	0	107	0	64	4	0	26	0	22	56	27	0	107	0	97	3	155	1	1	37	0	54	70	6	20	0	152	169	83	43	104	24	0	0	0	1	0	86	0	73	0	0	0	4	11	128	3	0	0	0	0	0	0	181	0	0	0	0	0	0	0	0	0	60	0	0	0	0	227	0	0	0	0	0	0	0	0	0	0	0	0	0	0	0	0	0	33	0	0	3	111	0	0	133	66	0	0	0	0	190	0	0	97	0	0	0	0	5	0	93	0	0	0	0	0	0	0	141	217	0	440	0	0	0	0	86	0	0	0	0	0	0	254	0	86	0	24	0	0	0	0	2	104	0	0	0	0	0	306	0	0	0	0	0	134	0	48	0	0	0	0	0	72	104	0	0	0	0	103	0	0	0	0	0	0	0	0	89	0	0	0	0	0	0	113	0	153	0	0	159	116	0	0	0	0	187	0	0	0	0	0	0	47	0	0	0	0	169	0	0	0	0	0	79	0	0	0	0	0	41	18	17	0	0	86	192	0	0	0	0	0	0	109	0	127	0	0	155	0	0	0	0	0	0	0	0	0	0	0	57	71	0	73	73	0	91	45	56	95	50	0	0	71	0	0	0	0	119	0	257	0	159	0	0	0	0	0	0	0	0	197	0	0	0	0	109	0	0	0	175	0	0	0	138	0	0	0	0	0	0	0	39	0	0	0	14	0	14	106	0	194	98	0	0	0	179	110	69	0	147	126	21	0	0	0	267	0	21	54	0	0	72	0	207	0	0	0	208	0	0	0	173	0	0	168	19	135	111	0	0	0	0	0	58	0	115	140	38	205	0	211	0	103	0	29	0	0	0	0	0	6	0	50	129	50	67	0	0	0	0	156	0	0	0	0	0	0	41	85	0	0	0	0	12	103	61	0	0	0	0	0	51	0	0	48	0	0	100	0	22	0	0	67	176	86	58	0	51	256	0	0	0	45	0	50	0	0	0	0	0	0	0	67	103	0	0	0	0	122	0	303	21	16	0	107	60	0	0	73	0	114	133	0	206	92	0	270	0	0	111	41	64	0	0	0	75	0	0	0	234	36	0	0	0	120	0	0	0	0	26	0	51	130	0	44	0	0	0	82	48	0	0	0	20	0	69	0	159	22	0	141	0	0	5	54	0	0	0	48	0	77	0	239	0	0	0	50	0	137	28	60	12	309	30	0	28	143	0	0	114	90	71	0	0	108	0	0	0	0	126	166	0	0	0	0	0	0	57	39	0	0	0	0	0	105	41	0	0	45	136	0	224	36	75	0	72	0	0	74	95	0	48	0	0	0	38	0	0	11	69	6	0	105	200	0	56	0	0	30	0	19	112	64	65	39	105	168	257	0	42	0	16	61	28	205	37	79	0	170	51	0	0	88	0	46	49	80	190	11	18	0	0	236	30	154	0	128	0	241	110	100	40	94	0	0	105	0	264	103	0	27	68	62	130	0	0	33
3	0	0	0	0	0	0	0	0	0	0	0	0	0	0	0	0	0	0	0	0	0	0	0	0	0	0	0	0	0	0	0	0	0	0	0	0	0	0	0	0	0	0	0	0	0	0	0	0	0	0	0	0	0	0	0	0	0	0	0	0	0	0	0	0	0	0	0	0	0	0	0	0	0	0	0	0	0	0	0	0	0	0	0	0	0	0	0	0	0	0	0	0	0	0	0	0	0	0	0	0	0	0	0	0	0	0	0	0	0	0	0	0	0	0	0	0	0	0	0	0	0	0	0	0	0	0	0	0	0	0	0	0	0	0	0	0	0	0	0	0	0	0	0	0	0	0	0	0	0	0	0	0	0	0	0	0	0	6	0	0	0	1	0	0	0	0	0	0	0	0	0	0	0	0	0	0	0	0	0	0	0	0	0	0	0	0	0	0	0	0	0	0	0	0	0	0	0	0	0	0	0	0	0	0	0	97	7	0	0	0	0	0	0	0	15	0	0	0	0	0	0	0	0	0	0	0	0	0	0	0	0	0	0	0	0	0	0	0	0	0	0	0	0	0	0	0	0	0	2	0	0	0	21	0	0	0	0	0	0	0	0	0	0	0	0	0	0	0	0	0	0	81	0	0	0	0	0	0	27	95	0	0	0	0	0	0	16	0	0	0	0	0	0	0	6	0	0	0	95	0	0	0	7	0	0	0	0	88	0	506	0	0	0	175	0	0	0	72	0	71	0	90	0	0	188	0	60	160	0	101	0	0	0	0	187	0	64	67	63	0	86	0	0	0	0	0	116	0	61	0	0	83	0	0	0	0	0	0	176	0	56	0	0	166	0	0	0	0	0	1	0	0	0	0	0	0	85	0	0	0	53	0	0	0	0	0	0	54	0	0	121	0	0	24	0	17	0	0	0	24	1	0	41	42	0	24	153	328	10	1	0	0	257	0	1	263	121	0	19	1	81	0	0	0	127	0	235	0	74	0	3	0	0	0	0	0	95	0	3	0	22	24	298	0	0	112	0	26	251	82	0	0	0	0	58	0	39	0	0	28	0	103	0	15	0	60	0	55	0	59	0	0	284	0	115	167	0	0	0	104	57	23	21	39	0	0	0	0	0	0	180	0	0	0	0	0	99	0	112	0	0	0	0	0	0	0	30	0	0	0	0	0	0	0	0	0	163	0	0	0	0	361	0	0	0	0	0	0	0	0	0	0	0	0	0	0	0	0	0	34	54	0	0	140	2	0	38	32	0	0	0	0	131	0	0	317	0	0	44	0	0	0	139	0	0	0	0	76	0	12	64	94	0	31	0	0	0	0	191	0	0	0	0	0	0	43	0	73	0	34	0	0	0	0	69	122	0	0	0	0	0	147	0	0	0	0	0	48	0	130	0	0	0	3	0	36	39	0	0	0	0	50	0	0	0	0	0	0	0	0	89	0	0	0	0	0	0	129	0	179	0	0	173	74	0	0	0	0	102	0	0	0	0	0	0	290	0	0	72	0	17	0	0	0	0	0	135	0	0	0	0	0	111	185	114	0	0	27	63	0	0	0	0	5	0	173	0	33	0	0	47	0	0	0	0	0	0	0	0	0	0	0	102	31	0	102	122	0	124	66	185	243	70	0	6	36	0	0	0	0	56	0	100	0	28	0	0	0	0	0	0	0	0	77	0	0	0	0	81	0	0	0	140	0	0	0	72	0	0	0	1	2	0	0	63	0	0	0	161	114	56	181	0	198	96	0	0	0	154	43	59	0	35	96	272	0	0	0	130	0	146	53	0	0	48	0	67	0	0	0	102	0	0	0	143	0	0	165	6	66	47	0	0	4	0	0	85	0	116	11	231	65	0	100	0	78	0	37	0	0	0	1	0	49	0	66	32	55	78	0	0	0	0	55	0	0	0	0	0	0	57	49	0	0	0	0	8	52	120	0	0	0	0	0	231	0	0	100	0	0	98	0	14	0	0	197	55	63	26	0	119	105	0	0	0	49	0	0	0	0	0	0	0	0	0	354	39	0	0	0	0	54	0	16	45	67	0	7	216	0	0	116	0	38	203	0	84	278	0	81	0	0	256	33	164	0	0	11	52	0	0	0	191	125	0	0	0	45	0	0	0	0	73	0	51	62	0	110	0	0	0	29	176	0	0	0	83	0	27	0	11	84	0	188	0	0	30	62	38	0	0	17	0	79	0	112	0	1	0	62	3	128	64	48	0	146	43	0	191	51	0	0	149	41	46	0	0	89	0	0	0	0	110	111	0	0	0	0	0	0	131	43	1	0	0	0	0	197	47	0	0	66	92	0	63	0	37	0	155	0	0	47	112	0	141	0	0	0	46	0	0	23	197	100	0	94	97	1	39	0	0	139	0	93	84	22	245	8	4	141	121	0	140	0	31	46	102	108	0	148	0	66	39	0	0	245	0	46	46	87	133	219	93	0	0	28	57	91	0	292	0	35	144	78	117	138	0	0	178	0	177	118	0	48	173	113	110	0	0	175
4	0	0	0	0	0	0	0	0	0	0	0	0	0	0	0	0	0	0	0	0	0	0	0	46	0	0	0	0	0	0	0	0	0	0	0	0	0	0	0	0	0	0	0	0	0	0	0	0	0	0	0	0	0	0	0	0	0	0	0	0	0	0	0	0	0	0	0	0	0	0	0	0	0	0	0	0	0	0	0	0	0	0	0	0	0	0	0	0	0	0	6	0	0	0	0	0	0	0	0	0	0	0	0	0	0	0	0	0	0	0	0	0	0	0	2	0	0	0	0	0	0	0	0	0	0	0	0	0	0	0	0	0	0	0	0	0	59	0	0	0	0	0	0	0	0	0	0	0	0	0	0	0	0	0	0	0	0	0	0	0	0	0	0	0	0	0	0	0	0	0	0	0	0	0	0	0	0	0	0	0	0	0	0	0	0	0	0	0	0	0	0	0	0	0	0	0	0	0	0	0	0	0	0	0	0	15	0	137	0	0	0	369	0	0	0	0	11	0	0	0	0	0	0	0	0	0	0	0	0	0	0	0	11	0	0	0	0	0	0	0	0	0	0	0	0	0	0	0	0	66	0	0	1	0	0	0	0	0	0	0	0	0	0	0	0	0	0	0	0	0	0	0	0	0	0	0	0	0	96	15	0	0	0	0	0	0	119	0	50	0	0	0	0	0	0	27	0	0	208	0	0	11	168	0	0	0	0	119	0	57	0	0	0	93	0	0	0	102	0	91	0	115	0	0	29	0	63	23	0	187	0	0	0	0	0	0	65	140	38	0	129	0	0	0	0	0	32	32	84	0	0	184	0	0	0	0	9	0	22	0	42	0	0	73	0	6	6	0	5	0	2	0	0	0	0	0	40	0	0	0	108	81	0	0	0	0	0	46	0	0	31	0	0	0	0	139	0	0	0	158	0	0	17	99	0	123	3	52	115	0	0	0	57	0	0	51	127	0	39	0	24	0	0	0	102	0	49	0	176	0	0	0	0	0	0	0	27	0	1	0	0	233	80	0	0	89	0	96	4	39	0	0	0	0	135	0	124	0	0	310	0	65	0	113	0	46	0	101	0	90	0	0	87	0	116	42	2	0	0	178	79	40	23	65	0	0	0	0	0	0	96	0	1	0	0	0	148	0	190	0	0	0	0	1	0	0	69	0	0	0	0	0	0	0	0	0	61	0	0	0	0	91	0	0	1	0	0	0	0	0	0	0	0	0	0	0	0	0	0	33	309	0	0	106	0	0	98	215	0	0	0	0	281	0	0	27	0	0	74	0	0	0	89	0	0	37	0	117	69	0	299	20	0	7	0	0	0	0	91	0	9	0	0	0	0	29	0	212	0	82	0	0	0	0	106	4	0	0	0	0	0	69	0	0	0	0	0	136	0	75	0	0	0	0	0	45	101	0	0	0	0	128	0	0	0	0	0	0	0	0	54	0	0	0	0	0	0	44	0	93	12	0	125	173	0	0	0	0	22	0	0	0	0	48	0	121	0	0	38	0	268	0	0	0	0	0	96	0	0	0	0	0	140	45	55	0	0	20	17	0	0	0	0	0	0	211	0	10	0	0	43	0	0	0	0	0	0	0	0	0	0	0	195	57	0	187	211	0	131	85	83	59	103	0	0	148	0	0	0	0	84	0	88	0	35	0	0	0	0	0	0	0	0	42	0	0	0	0	73	0	0	0	145	0	0	0	178	0	0	0	69	0	0	0	182	1	0	0	37	0	102	162	0	440	19	0	0	0	180	173	52	0	106	24	132	0	0	0	25	0	77	87	0	0	72	0	78	0	0	0	97	0	0	0	153	0	0	73	83	77	134	0	0	45	0	0	116	1	39	31	262	270	0	6	0	297	0	142	0	0	0	0	0	12	0	53	51	64	34	0	0	0	0	75	0	0	15	0	0	0	3	72	0	0	0	0	45	79	56	0	0	0	0	0	142	0	0	380	0	0	60	0	234	0	0	29	78	108	158	0	100	49	0	0	0	93	26	0	0	0	0	0	0	14	0	47	165	0	0	0	22	102	0	60	26	105	0	242	58	0	0	149	0	49	118	0	13	284	0	121	0	0	212	102	276	0	0	0	10	0	0	0	177	48	0	0	0	37	0	0	0	0	64	0	108	14	0	104	0	0	0	100	80	0	0	0	71	0	16	20	24	107	0	102	0	0	31	112	12	0	0	244	0	70	0	47	0	0	0	109	0	20	21	148	0	69	74	0	59	62	0	0	234	158	53	0	0	124	0	0	0	0	50	396	0	0	0	0	0	0	50	166	0	0	0	0	0	154	134	0	0	65	106	0	168	0	165	0	85	0	0	50	104	0	48	0	0	0	32	0	0	105	155	72	0	180	208	0	142	0	0	39	0	220	36	143	51	32	47	118	42	0	18	0	149	183	48	65	0	165	0	87	56	0	0	125	0	45	159	28	76	73	109	0	0	184	7	115	58	145	0	280	301	188	238	2	0	0	173	0	106	26	0	43	168	54	31	0	0	112
5	0	0	0	0	93	0	0	0	53	0	0	0	0	0	0	0	0	0	0	0	0	0	0	0	0	0	0	0	0	0	0	0	0	0	0	0	0	0	0	0	0	0	0	0	0	0	0	0	0	0	0	0	0	0	0	0	0	0	0	0	0	0	0	0	0	0	0	0	0	0	8	0	0	0	0	0	0	0	0	0	0	0	0	0	0	0	0	0	0	0	0	0	0	0	0	0	0	0	0	0	0	0	0	0	0	0	0	0	0	0	0	0	0	0	0	0	0	0	0	0	0	0	0	0	0	0	0	0	0	0	31	0	0	0	0	0	0	0	0	0	0	0	0	0	0	0	36	0	0	0	0	0	0	0	0	0	0	0	0	0	0	0	0	0	0	0	0	0	0	0	0	0	0	0	0	0	3	0	0	0	0	0	0	0	0	0	0	0	0	0	0	0	0	0	10	0	0	0	0	0	0	0	0	0	0	110	0	0	0	0	0	0	0	0	0	0	0	0	0	0	0	0	0	0	0	0	0	0	0	0	0	0	0	0	0	0	0	0	0	0	0	0	0	0	0	0	0	0	0	74	0	0	5	0	0	22	0	0	0	0	0	2	0	7	0	0	0	0	0	0	0	7	10	0	0	0	0	0	0	118	0	0	0	0	0	0	118	0	38	0	0	0	0	0	0	54	0	0	31	0	0	0	10	0	0	0	0	239	0	200	0	0	0	176	0	0	0	50	0	157	0	101	0	0	41	0	89	80	0	23	0	0	0	0	271	0	54	75	80	0	169	0	0	0	0	0	12	0	94	0	0	126	0	0	0	0	0	0	81	0	97	0	0	15	0	0	8	0	14	0	2	0	0	0	0	0	21	0	0	0	114	0	0	0	0	0	0	158	0	0	141	0	7	44	6	243	0	0	0	34	0	0	0	214	0	29	62	152	46	0	10	0	52	0	12	197	40	0	115	0	38	0	0	0	137	0	50	0	41	40	0	0	0	13	0	0	245	0	0	0	0	65	117	0	0	27	0	44	155	75	0	0	0	4	23	0	95	0	0	160	0	87	0	113	0	79	0	24	0	182	0	0	122	0	48	160	0	0	0	7	148	204	189	16	0	0	0	0	0	0	131	1	0	29	0	0	124	0	166	5	0	0	0	0	4	0	230	0	0	0	8	0	0	0	0	0	54	0	0	0	0	164	0	0	0	0	0	0	0	0	5	0	0	0	0	0	0	0	0	165	68	0	0	13	0	0	105	139	0	0	0	19	136	0	0	6	0	30	42	0	0	0	82	0	9	38	0	54	0	0	34	61	0	40	5	0	10	0	114	0	0	0	0	0	0	138	0	168	0	22	0	0	0	0	48	107	0	0	0	0	0	96	0	0	0	0	0	7	0	49	0	0	0	0	0	127	208	0	0	0	0	14	0	0	0	0	0	12	0	0	289	0	0	0	0	0	0	30	0	25	0	0	305	84	0	0	1	0	267	0	40	0	0	1	0	75	0	0	33	0	115	0	0	0	0	0	25	0	0	0	0	0	163	30	106	0	0	41	178	0	0	0	0	0	0	110	0	19	0	0	61	0	0	0	0	0	0	0	0	0	0	0	101	166	0	60	124	0	88	87	115	282	131	0	0	5	0	0	0	0	81	0	41	0	48	0	0	7	0	0	0	0	0	46	0	0	0	0	45	0	0	0	46	0	0	0	68	0	0	0	1	0	0	0	81	0	0	0	168	0	126	35	0	103	64	0	0	0	44	6	48	235	25	35	61	0	0	0	196	0	64	24	0	0	22	0	43	0	0	0	43	0	1	0	98	0	0	52	117	95	39	0	0	0	0	73	125	0	47	72	138	42	0	61	0	256	0	74	0	0	0	0	0	51	0	172	90	21	173	0	0	0	0	32	0	0	41	0	0	0	159	46	0	0	0	0	177	24	131	0	0	0	0	0	101	3	0	43	0	0	14	0	65	0	0	198	24	121	45	0	46	67	0	0	0	39	47	0	0	0	0	0	0	0	0	176	213	0	0	0	0	87	0	110	123	69	0	23	71	0	0	331	0	65	61	0	109	25	0	52	0	0	25	56	43	0	0	0	75	0	0	0	198	138	0	0	0	71	0	0	0	0	250	0	30	80	0	66	0	0	0	38	78	0	0	0	99	0	164	2	206	116	9	61	0	0	74	78	19	0	0	370	0	117	0	270	0	0	0	30	0	146	148	28	38	37	99	0	85	27	0	0	274	62	129	0	0	6	0	0	0	0	58	227	0	0	0	0	0	0	61	73	0	0	0	0	0	33	117	0	0	96	210	0	23	0	76	0	64	48	0	65	55	0	46	0	0	0	31	0	0	191	193	178	0	128	14	0	17	0	0	90	0	118	18	58	113	57	127	164	92	0	73	0	168	86	112	189	29	118	1	30	38	0	0	80	0	102	52	51	161	171	207	11	0	180	48	91	0	389	0	88	61	85	415	79	0	0	42	0	233	43	0	70	170	123	7	0	0	101
6	0	0	0	0	0	0	0	0	0	0	0	0	0	0	0	0	0	0	0	0	0	0	0	0	0	0	0	0	0	0	0	0	0	0	0	0	78	0	0	0	0	0	0	0	0	0	0	0	0	0	0	0	0	0	0	0	0	0	0	0	0	0	0	0	0	0	0	0	0	0	0	0	0	0	0	0	0	0	0	0	0	0	0	0	0	0	0	0	0	0	0	0	0	0	0	0	0	0	0	0	0	0	0	0	0	0	0	0	0	0	0	0	0	0	0	0	0	0	0	12	0	38	0	0	0	0	0	0	0	0	0	0	0	0	0	0	0	0	0	0	0	0	0	0	0	0	0	0	0	0	0	0	0	0	0	0	0	0	0	0	2	0	0	0	0	0	0	0	0	0	0	0	0	0	0	0	0	0	0	0	0	0	0	0	0	0	0	0	0	0	0	0	0	0	0	0	0	0	0	0	0	0	0	0	90	51	0	0	0	0	0	0	0	174	0	0	1	0	0	7	0	0	7	0	0	0	2	0	0	0	0	0	0	2	0	0	0	3	0	0	0	0	0	0	0	0	0	0	0	16	0	0	102	0	0	0	0	0	0	0	0	0	0	0	0	0	0	0	0	0	0	21	0	0	0	0	0	1	129	59	0	0	0	0	0	0	98	0	128	0	0	0	0	0	0	0	2	0	116	0	0	0	50	0	0	0	0	254	0	61	24	9	0	147	0	0	0	93	0	65	0	132	21	0	103	3	21	76	9	10	0	0	0	0	41	0	26	64	84	0	139	0	0	3	0	0	160	0	46	4	0	11	83	0	0	0	0	0	58	0	166	0	0	77	2	0	0	55	0	2	20	0	0	0	0	0	253	0	0	0	81	0	0	5	75	0	0	36	0	0	90	0	98	36	0	28	0	0	0	59	0	2	41	42	0	24	172	56	31	78	0	0	189	0	7	149	51	0	63	0	39	0	0	0	77	0	102	0	81	0	0	0	10	0	1	0	69	0	0	1	4	114	17	0	0	78	0	217	80	76	51	0	5	0	288	0	95	0	0	168	0	64	0	31	0	232	0	98	0	53	0	0	33	0	89	65	0	3	0	40	187	80	126	38	0	0	0	0	0	0	226	0	0	0	0	0	17	0	118	0	0	25	0	0	0	0	58	0	0	0	1	0	0	0	0	4	286	1	0	22	0	47	0	0	0	0	0	0	0	0	1	0	0	0	0	0	0	7	0	68	116	0	0	71	0	0	71	168	0	0	0	0	94	1	1	256	0	0	49	0	0	0	75	0	0	0	0	106	0	0	18	76	0	151	0	0	0	0	17	0	0	0	0	0	0	38	0	63	0	63	0	0	0	0	53	143	0	0	0	16	0	4	0	0	0	0	19	69	5	121	0	0	0	41	0	76	51	0	0	0	0	31	0	0	0	0	0	0	0	29	107	0	0	0	0	10	0	33	0	91	0	29	80	17	0	0	0	0	111	0	2	0	0	0	0	168	0	0	264	3	83	0	0	0	0	0	140	0	25	0	0	0	410	69	39	0	0	142	136	0	0	14	0	0	0	51	0	103	20	0	436	0	0	0	0	0	0	0	0	0	0	0	94	75	0	90	22	0	20	63	258	9	88	0	0	47	0	0	0	0	106	0	144	0	33	0	0	6	0	0	0	0	0	11	0	0	0	0	283	0	0	0	20	0	0	0	166	0	0	0	120	11	0	0	128	0	1	0	49	0	10	189	0	98	104	0	0	0	25	23	39	3	73	168	147	0	0	0	61	0	37	156	0	0	106	0	94	0	0	0	118	0	0	0	23	0	0	208	42	256	125	0	0	3	0	0	20	0	139	48	46	66	0	42	0	28	0	61	0	0	0	0	0	62	0	94	52	64	213	0	0	0	0	46	0	0	67	0	24	0	38	158	0	0	0	0	98	44	32	0	2	0	0	0	201	0	0	212	0	0	51	0	126	0	0	89	171	113	67	0	88	83	0	0	0	18	126	0	0	6	0	0	0	0	0	65	21	0	0	0	0	130	0	253	128	27	0	62	62	0	0	216	0	107	63	0	33	58	0	194	0	0	125	140	38	0	0	0	131	5	0	0	141	132	0	0	0	201	0	0	0	0	126	0	168	182	0	72	0	0	0	21	19	0	0	0	26	0	116	10	70	167	90	36	0	0	9	59	1	0	0	62	0	120	0	207	0	0	0	141	2	216	171	101	1	110	223	0	207	22	92	0	32	14	83	0	0	72	10	0	0	0	19	88	0	0	0	0	0	0	95	126	0	0	0	0	0	10	92	0	0	4	109	0	98	0	45	0	45	0	0	111	90	19	77	0	0	0	94	0	0	151	90	128	0	179	77	0	92	0	0	29	0	88	53	109	62	102	21	141	86	0	64	0	68	82	108	71	0	34	0	92	20	0	1	63	0	44	166	23	9	24	15	0	0	139	124	139	0	26	0	13	47	46	70	24	0	0	98	0	56	303	0	124	46	15	139	0	1	3
7	0	0	0	0	38	0	0	0	0	0	0	0	0	0	0	0	0	0	0	0	0	0	0	0	0	0	0	0	0	0	0	0	0	0	0	0	0	0	0	0	0	0	0	0	0	0	0	0	0	0	0	0	0	0	0	0	0	0	0	0	0	0	0	0	0	0	0	0	0	0	0	0	0	0	0	0	0	0	0	0	0	0	0	0	0	0	0	0	0	0	0	0	0	0	0	0	0	0	54	0	0	0	0	0	0	0	0	0	0	0	0	0	0	0	0	0	0	0	0	0	0	0	0	0	0	0	0	0	1	0	0	0	0	0	0	0	0	0	0	0	0	0	0	0	0	0	0	0	0	0	0	0	0	0	0	0	0	0	0	0	0	0	0	31	0	34	0	0	0	0	0	0	0	0	0	4	0	0	0	0	0	0	0	0	0	0	0	0	0	0	0	0	0	0	0	8	0	0	0	0	0	0	0	0	0	74	0	0	0	0	0	19	0	0	0	0	0	0	0	0	0	0	0	0	0	0	0	0	0	0	0	0	22	0	0	0	0	0	0	0	0	0	0	0	0	0	0	0	0	175	0	0	0	0	0	0	4	0	0	0	0	0	0	0	0	0	0	0	0	0	0	34	0	0	0	0	0	0	70	205	0	0	0	0	8	0	77	0	42	0	0	0	0	0	0	7	0	0	0	0	0	0	71	0	0	0	0	150	0	136	0	0	0	11	0	0	0	24	0	123	0	181	0	0	30	0	129	42	0	62	0	0	1	52	125	0	79	74	74	0	26	0	0	0	0	0	251	53	18	0	0	175	160	0	0	0	0	126	18	0	36	0	0	12	0	0	0	0	0	108	0	0	0	0	0	0	56	0	40	0	149	0	1	0	0	0	14	0	0	0	62	0	42	0	0	13	0	10	0	59	0	0	32	148	0	38	108	23	189	1	0	0	33	0	2	81	232	0	68	0	124	0	14	0	107	0	22	0	31	0	52	0	0	0	0	0	194	15	1	10	0	106	28	0	0	54	0	31	109	207	0	0	0	43	61	0	67	0	0	124	0	108	15	132	0	67	0	35	0	44	0	0	190	42	15	167	0	0	0	24	148	100	98	130	0	0	0	0	3	0	85	0	0	0	0	0	55	0	110	19	0	0	0	0	0	0	84	0	0	0	0	0	0	0	0	0	161	101	0	0	0	85	0	0	0	0	0	0	0	0	67	0	0	0	0	0	0	0	0	153	57	0	0	207	0	0	94	25	0	0	0	1	74	0	0	79	1	68	45	0	0	0	307	0	0	0	0	162	0	0	145	48	0	78	0	0	0	0	39	0	18	0	0	0	5	107	0	186	0	98	0	0	0	0	103	23	0	0	0	0	0	144	0	0	0	0	1	48	0	74	0	0	0	0	0	48	29	0	0	0	0	26	0	0	0	0	0	0	14	40	49	0	0	0	0	4	0	23	60	76	0	0	16	56	0	0	0	0	41	0	0	0	0	0	0	82	0	0	30	0	75	0	0	0	0	0	77	0	0	0	0	0	116	147	114	0	0	34	22	0	0	0	0	0	3	295	0	148	0	75	33	0	0	0	0	0	0	0	0	0	0	0	61	111	0	59	16	0	125	20	114	94	412	30	35	61	0	0	0	0	186	0	157	0	136	0	0	0	0	0	0	0	0	136	0	0	0	1	47	0	0	0	30	0	0	0	70	0	0	0	51	35	0	0	76	0	0	0	51	0	133	179	0	74	49	0	0	1	21	45	55	37	80	113	95	0	0	1	104	0	7	145	0	0	52	0	37	1	0	0	262	1	50	2	340	0	0	220	94	122	44	0	0	77	0	0	108	0	160	190	17	62	0	81	0	127	0	73	0	0	0	0	0	41	0	61	198	138	105	0	0	0	0	176	0	0	8	0	0	1	41	11	0	0	0	0	82	173	42	0	0	0	4	0	79	0	0	41	0	0	56	0	98	0	0	52	81	58	43	0	96	34	0	0	0	126	5	0	0	0	0	0	0	0	0	107	336	0	0	0	0	192	0	44	149	90	0	101	98	0	0	23	0	202	99	0	41	91	0	102	0	6	125	98	38	0	0	0	67	0	0	0	82	71	0	0	0	56	0	0	0	0	218	0	12	13	0	106	0	0	0	52	196	0	0	0	35	0	16	0	24	74	0	123	0	0	167	50	0	0	0	258	0	77	0	116	0	0	0	163	0	92	51	34	0	23	113	0	23	68	1	0	67	89	88	0	0	9	13	0	0	0	26	158	1	0	0	0	0	0	221	53	0	0	0	0	0	168	135	0	0	257	40	0	291	0	104	0	22	0	0	59	66	0	42	0	0	0	73	0	0	97	68	179	0	129	25	0	46	0	0	23	0	84	59	130	238	126	50	93	50	0	32	0	63	75	55	271	6	65	0	127	34	0	0	146	0	236	112	144	80	132	113	0	0	12	73	155	0	30	0	11	56	33	167	7	0	0	115	0	66	127	1	78	32	30	52	4	48	78
8	0	0	0	0	0	0	0	0	0	0	0	0	0	0	0	0	0	0	0	0	0	0	0	0	0	0	0	0	0	0	0	0	0	0	0	0	0	0	0	0	0	0	0	0	0	0	0	0	0	0	0	0	0	0	0	0	0	0	0	0	0	0	0	0	0	0	0	0	0	0	0	0	0	0	0	0	0	0	0	0	0	0	0	0	0	0	0	0	0	0	0	0	0	0	0	0	0	0	0	0	0	0	0	0	0	0	0	0	0	0	0	0	0	0	0	0	0	0	0	0	0	0	0	0	0	0	0	0	0	0	0	0	0	0	0	0	0	0	76	0	0	0	0	0	12	0	0	0	0	0	0	0	0	0	0	0	13	0	0	0	0	0	0	0	0	0	0	0	0	0	0	0	0	0	0	0	0	0	0	14	0	0	0	0	0	0	0	0	0	0	0	0	0	0	87	0	0	0	0	0	0	0	0	0	0	0	0	0	0	2	0	0	0	377	0	0	0	2	0	0	0	0	0	0	0	0	0	0	0	0	0	0	0	0	0	0	0	0	0	0	0	0	0	0	0	0	0	0	0	0	0	0	22	0	0	0	0	0	0	0	0	10	0	0	0	0	0	0	0	0	6	0	0	5	0	0	0	0	41	106	0	0	0	0	0	2	58	0	0	0	0	13	0	0	0	0	0	0	20	0	0	50	64	0	0	0	0	140	0	108	0	0	0	123	0	0	0	97	0	213	0	66	1	0	326	0	90	135	0	199	0	0	6	0	65	0	5	87	116	0	193	0	0	0	0	0	79	0	132	0	0	101	13	0	0	0	0	0	59	0	161	0	0	44	0	0	0	8	0	0	8	0	0	14	0	0	92	0	0	0	55	0	0	0	0	0	0	0	0	0	171	0	113	0	0	23	0	0	0	27	0	0	0	164	39	94	70	21	115	0	0	0	71	0	45	83	140	0	84	0	104	0	0	0	62	0	35	0	89	0	0	0	0	0	0	0	47	0	0	0	0	136	137	0	0	12	0	61	78	67	12	0	0	33	69	0	39	0	0	148	0	150	0	97	0	12	0	70	0	34	4	0	95	0	30	192	0	0	0	35	70	69	118	230	0	0	0	0	0	0	30	0	2	0	0	0	53	0	104	0	0	0	0	0	2	0	115	12	0	0	0	0	0	0	0	0	6	2	0	0	0	55	0	0	0	0	0	0	0	0	0	0	0	0	0	13	0	2	0	240	44	0	0	8	0	0	10	52	0	0	0	1	41	0	0	116	0	3	144	0	0	0	39	0	0	0	0	26	0	0	111	122	0	69	0	0	0	0	46	0	11	0	0	0	0	194	0	23	0	32	0	0	0	0	54	47	0	0	0	0	0	169	0	0	0	0	0	39	0	77	0	0	0	0	5	30	20	0	1	0	0	68	0	0	0	0	0	0	0	0	45	0	0	0	0	0	0	84	0	86	0	0	105	39	0	0	6	0	26	0	0	0	0	0	0	6	0	0	20	0	114	0	0	0	0	0	129	0	0	0	0	0	106	82	261	0	0	217	188	0	0	0	0	0	20	304	91	40	0	0	65	0	0	0	0	0	0	0	0	0	0	0	131	10	0	55	115	0	117	27	107	27	103	0	0	227	0	0	0	0	105	0	83	0	36	0	0	0	0	0	0	0	0	185	0	0	0	0	12	3	0	0	130	0	0	0	107	0	0	0	1	0	0	0	33	0	0	0	132	0	54	82	0	24	53	0	0	0	13	44	211	25	74	32	99	0	0	0	208	0	262	140	0	0	25	0	81	0	0	0	177	0	0	0	72	0	0	69	247	192	81	0	0	52	0	0	50	0	17	320	32	75	0	83	0	36	0	21	0	0	0	0	0	191	0	112	34	123	134	0	0	0	0	103	0	0	229	0	0	0	232	254	0	9	4	0	75	108	38	0	0	0	0	0	102	0	0	43	0	0	154	0	211	0	0	97	62	133	45	0	42	62	0	0	0	61	118	0	0	0	0	0	0	0	0	126	133	0	0	0	0	66	0	161	156	33	0	85	183	0	0	37	0	63	3	0	41	25	0	53	0	0	207	130	115	0	0	0	190	0	0	0	88	67	1	0	0	342	1	1	0	0	193	0	67	200	0	21	0	0	0	137	149	0	0	0	69	0	74	0	51	116	0	10	0	0	52	25	30	0	6	138	0	175	0	29	0	0	0	64	0	30	77	48	0	295	89	0	99	76	0	0	5	58	6	0	0	109	0	0	0	0	189	209	1	0	0	0	0	0	65	182	0	0	7	0	0	32	73	0	0	249	133	0	132	0	39	0	28	0	0	60	328	0	21	0	0	0	13	0	0	388	45	11	0	204	105	0	78	0	0	184	0	66	31	167	132	43	366	110	106	0	104	0	17	207	76	45	0	30	0	93	29	0	0	82	0	47	126	145	83	24	44	0	0	303	159	32	0	80	0	61	89	117	122	76	0	0	117	0	158	49	3	115	260	18	38	2	0	338
9	0	0	0	0	0	0	0	0	0	0	0	0	0	0	0	0	0	0	0	0	0	0	0	0	0	0	0	0	0	0	0	0	0	0	0	0	0	0	0	0	0	0	0	0	0	0	71	0	0	0	0	0	0	0	0	0	0	0	0	0	0	0	0	0	0	0	0	0	0	0	0	0	0	0	0	0	0	0	0	0	0	0	0	0	0	0	0	0	0	0	0	0	0	0	0	0	0	0	0	0	2	22	0	0	0	0	0	0	0	0	0	0	0	0	0	0	0	0	0	0	0	0	0	0	0	0	0	0	0	0	0	0	0	0	0	2	0	0	0	0	0	0	0	0	0	0	0	0	0	0	0	0	0	0	0	0	0	0	1	0	0	0	0	0	0	0	0	0	0	0	0	0	0	0	0	0	0	0	0	0	0	0	0	0	0	0	0	0	92	0	0	0	16	0	0	0	0	2	0	0	31	0	0	0	13	266	0	0	0	51	0	37	0	0	0	0	0	0	0	0	0	0	0	0	1	0	0	0	0	0	0	0	24	0	0	0	0	0	0	0	0	0	0	0	0	0	0	0	0	136	0	0	118	0	0	0	95	0	0	0	0	0	0	6	0	0	0	0	0	0	0	139	1	1	9	1	0	0	256	313	0	0	0	0	0	3	54	0	0	0	0	0	0	0	0	0	0	0	28	0	0	0	48	4	0	0	0	114	1	113	0	57	0	74	0	0	103	27	0	16	1	52	0	0	67	0	48	239	0	269	0	0	0	0	35	0	21	212	88	0	125	0	0	0	0	0	88	0	33	53	0	33	4	0	0	0	72	0	124	0	26	0	0	77	0	0	0	0	4	15	0	0	0	0	0	0	19	0	0	0	51	0	0	0	0	0	0	252	0	0	181	0	272	70	0	108	1	0	0	60	0	14	12	45	0	120	68	36	175	0	0	0	242	0	1	36	69	0	75	0	63	0	0	0	80	0	39	0	131	0	0	0	5	0	0	0	27	1	0	253	0	144	56	0	0	134	0	57	98	117	12	0	0	24	10	0	83	0	0	70	0	88	0	52	0	173	0	85	0	90	0	0	145	0	122	56	1	34	0	65	46	44	134	72	0	0	0	0	0	0	78	0	20	0	0	0	25	0	105	0	0	0	0	0	54	0	74	0	0	0	3	0	0	0	0	0	123	0	0	0	0	23	0	0	0	2	0	0	0	0	37	0	0	0	70	15	0	0	26	170	35	0	0	65	0	0	39	79	0	0	0	0	162	0	0	120	0	24	108	0	0	0	57	0	0	46	0	108	0	0	138	52	7	210	45	0	0	0	137	0	15	0	0	0	0	48	0	76	0	232	0	0	0	0	72	55	0	0	0	0	0	66	0	2	0	0	0	291	0	108	0	0	9	5	0	294	28	0	0	0	0	52	0	0	0	7	0	0	0	5	52	0	0	0	0	70	8	112	0	135	0	0	70	6	0	0	0	0	188	0	0	2	0	0	0	309	0	0	145	0	132	0	0	0	0	0	96	0	0	0	0	0	112	49	59	0	0	116	65	0	0	5	0	0	0	48	0	234	0	0	69	0	0	0	5	0	0	0	0	0	0	0	74	85	0	66	262	0	67	193	69	23	20	0	0	72	0	0	0	0	189	0	121	0	59	0	0	0	0	0	0	0	0	128	0	0	0	13	301	0	0	0	29	0	0	0	109	0	0	0	115	52	0	0	96	0	0	0	123	23	153	146	0	29	75	2	0	0	33	87	113	12	378	59	86	0	0	0	128	0	102	50	0	0	116	0	79	0	0	0	89	0	0	0	94	0	0	93	48	11	78	0	0	196	0	0	26	27	85	133	49	151	0	39	0	99	32	176	0	0	0	0	0	213	0	90	191	82	202	0	0	0	0	165	0	0	6	0	0	0	137	41	0	0	20	0	172	121	67	0	0	0	0	0	107	0	0	61	0	0	76	0	71	26	0	272	111	62	108	0	328	44	0	0	0	150	21	3	1	3	0	0	0	0	0	23	79	0	0	0	0	67	0	16	57	68	0	253	73	0	0	103	0	39	265	0	25	150	0	59	0	0	86	77	229	0	0	0	44	0	0	0	111	67	0	0	0	119	0	0	0	0	86	0	134	287	0	64	0	0	0	87	58	0	0	0	61	0	75	0	28	181	4	32	0	0	97	39	4	0	0	75	0	38	0	42	0	0	0	12	0	76	62	140	5	36	32	0	79	51	0	0	40	277	55	0	0	36	12	0	0	0	43	379	6	0	0	0	0	0	55	124	0	0	0	0	0	100	177	0	0	158	38	0	146	0	127	0	221	0	0	67	66	0	123	0	0	0	56	0	0	82	23	77	0	132	122	0	15	0	0	151	0	191	72	85	68	137	93	173	141	0	34	0	24	153	56	70	14	129	0	42	157	0	0	62	0	19	138	199	64	30	22	0	2	27	203	208	0	112	0	122	38	20	49	103	0	0	163	0	37	65	1	58	111	85	119	0	0	77
10	0	0	0	0	0	0	0	0	0	0	0	0	0	0	0	0	0	0	0	0	0	0	0	0	0	0	0	0	0	0	0	0	0	0	0	0	0	0	0	0	0	0	0	0	0	0	0	0	0	0	0	0	0	0	0	0	0	0	0	0	0	0	0	0	0	0	0	0	0	0	0	0	0	0	0	0	0	0	0	0	0	0	0	0	0	0	0	0	0	0	0	0	0	0	0	0	0	0	0	0	0	0	0	0	0	0	0	0	0	0	0	0	0	0	0	0	0	0	0	0	0	0	1	0	0	0	0	0	0	0	0	0	0	0	0	0	0	0	0	0	0	0	0	0	0	0	0	0	0	0	0	0	0	0	0	0	49	0	0	0	0	28	0	0	0	9	0	0	0	0	0	0	0	0	0	0	0	0	0	0	0	0	0	0	0	0	0	0	0	0	0	0	0	0	0	0	0	0	0	0	0	0	0	0	0	230	0	0	0	0	0	0	0	0	0	0	0	0	0	0	0	0	0	0	0	0	0	0	0	0	0	0	0	0	0	0	0	0	1	0	0	0	0	0	0	0	0	0	0	0	0	0	0	0	15	0	0	0	0	0	0	0	0	0	0	0	0	0	0	0	0	301	0	0	0	0	0	0	55	110	0	0	0	0	0	0	82	0	13	0	0	0	0	0	0	0	0	0	62	0	0	0	1	0	0	0	0	108	0	59	0	0	0	48	0	2	0	52	0	24	0	150	0	0	101	0	45	63	0	60	0	0	0	0	31	0	63	52	61	0	220	0	0	0	0	0	64	0	165	6	0	207	7	0	0	2	0	0	75	0	47	0	0	9	37	0	0	0	0	0	0	0	0	0	0	0	165	0	0	0	60	0	0	0	0	0	0	22	0	0	209	0	154	26	0	13	0	0	0	100	0	0	0	156	1	0	116	108	89	0	0	0	17	0	0	26	237	0	263	0	58	0	0	0	54	0	75	0	24	0	0	0	0	0	0	0	88	0	1	0	0	120	90	0	0	107	0	79	95	31	19	0	15	34	85	0	45	0	0	109	0	104	0	21	0	54	0	146	0	199	16	0	30	0	97	81	0	83	0	156	210	110	16	176	80	2	0	0	0	0	122	0	0	0	0	0	72	0	167	0	0	0	0	0	0	0	175	0	0	0	0	0	0	0	0	0	298	0	0	0	0	92	0	0	0	0	0	0	0	0	0	0	0	0	0	3	0	0	0	84	0	0	0	62	0	0	146	170	0	0	0	0	249	0	0	184	0	9	16	0	24	0	410	0	0	0	0	23	0	0	108	61	81	84	0	0	0	0	111	0	0	0	0	0	0	148	0	60	4	163	0	0	0	0	90	90	0	0	0	0	0	123	0	0	0	0	0	44	0	182	0	0	0	0	0	177	84	0	0	0	0	43	1	0	0	0	0	0	0	0	71	0	0	0	13	0	0	238	0	214	0	0	51	166	0	0	0	0	15	0	6	0	0	0	0	73	0	20	62	0	49	0	0	0	0	0	90	0	0	7	0	0	217	45	152	0	0	63	160	0	0	0	0	0	0	17	0	31	0	0	53	0	0	0	0	0	1	3	0	0	0	0	61	72	0	80	96	2	153	88	45	211	112	0	0	30	61	0	0	0	162	0	23	0	194	0	0	0	0	0	0	0	0	55	0	0	0	0	44	0	0	0	82	0	0	0	61	0	0	38	1	0	0	0	8	0	0	0	27	1	92	19	0	109	126	0	0	0	189	65	179	41	192	64	79	0	0	0	134	0	58	108	0	0	57	0	129	0	0	0	63	0	0	0	24	0	0	13	115	31	154	0	0	7	0	0	256	0	183	75	134	124	0	29	0	74	0	29	0	0	0	0	0	123	0	29	25	61	43	0	0	0	0	42	0	0	80	0	0	0	211	172	0	0	0	0	79	79	96	0	0	0	0	0	207	0	0	85	0	0	92	0	50	0	0	22	68	25	80	0	61	53	0	0	0	100	166	0	0	0	0	0	0	0	0	90	100	0	0	0	0	173	0	4	149	109	0	54	50	0	0	117	0	94	265	0	75	118	0	152	0	0	86	112	102	0	0	0	65	0	21	1	144	24	0	0	0	150	0	0	0	0	37	1	226	138	0	74	0	0	0	193	95	0	1	0	227	0	163	0	32	81	114	109	0	0	118	50	0	0	0	0	0	96	0	80	0	0	0	181	0	39	59	81	0	176	42	0	38	35	0	0	144	160	99	0	0	115	0	0	0	0	327	166	0	0	0	0	0	0	98	43	0	0	0	0	0	21	11	0	0	181	98	0	55	0	177	0	147	0	0	24	8	0	186	0	0	0	50	0	0	68	73	33	0	44	50	0	107	0	0	127	0	54	162	157	101	104	21	199	138	0	64	0	242	60	195	11	0	140	0	222	54	0	0	258	0	47	25	72	150	138	169	0	2	90	19	25	0	238	0	29	173	28	83	121	0	0	48	0	109	77	1	80	120	63	108	0	0	166
11	0	0	0	0	0	0	0	0	0	0	0	0	0	0	0	0	0	0	0	0	0	0	0	0	0	0	0	0	0	0	0	0	0	0	0	0	0	0	0	0	0	0	0	0	0	0	0	0	0	0	0	0	0	0	0	0	0	0	0	0	0	0	0	0	0	0	0	0	0	41	0	0	0	0	0	0	0	0	0	0	0	0	0	0	0	0	0	0	0	0	0	0	0	0	0	0	0	0	0	0	0	0	0	0	0	0	0	0	8	0	0	0	0	0	0	0	0	0	0	0	0	0	0	0	0	0	0	0	0	0	0	0	0	0	0	0	0	0	0	0	0	0	0	0	0	0	0	0	0	0	0	0	40	0	0	0	0	0	0	0	0	0	0	0	0	0	0	0	0	0	0	0	0	0	0	42	0	0	0	0	0	0	0	0	0	0	0	0	0	0	0	0	0	0	0	0	0	0	0	0	0	0	0	0	0	98	0	0	0	0	0	258	2	0	0	0	0	0	0	0	0	0	0	0	0	0	0	0	0	0	0	0	0	0	0	0	0	0	5	0	0	0	0	0	0	0	0	1	0	94	0	0	82	0	0	0	0	0	0	0	0	0	0	0	0	0	0	0	0	0	0	192	0	0	0	0	0	0	171	47	0	0	0	0	0	0	114	0	0	3	0	0	0	2	1	0	11	0	35	0	0	0	18	0	0	0	0	106	0	23	0	54	0	103	0	0	5	149	0	24	0	86	0	0	40	0	111	134	3	24	0	24	0	0	164	0	29	136	270	0	160	0	0	0	0	0	386	1	23	4	0	27	4	21	0	0	0	0	29	0	39	0	0	52	0	2	2	0	0	0	0	0	0	0	1	0	43	0	0	0	52	0	0	0	0	0	0	107	0	0	30	11	10	116	0	44	0	1	23	32	0	0	90	38	0	62	27	57	23	0	0	1	35	0	6	17	52	0	39	0	55	5	0	0	252	0	90	0	248	11	0	0	0	0	74	77	74	0	0	74	0	252	76	0	0	194	0	103	194	128	0	0	13	0	91	0	199	0	0	144	0	159	0	112	0	43	0	29	0	186	0	0	44	95	149	286	1	0	0	122	114	44	40	69	0	0	0	0	0	0	133	0	20	0	0	0	52	0	98	0	0	0	0	3	0	0	174	0	0	0	0	0	0	0	0	0	146	13	0	0	0	29	0	0	0	0	0	0	0	0	1	0	0	0	0	0	27	0	1	175	76	0	0	5	0	0	124	120	0	0	0	0	77	0	0	88	2	0	126	0	0	0	62	0	0	0	0	41	1	0	29	216	0	17	0	0	0	0	128	0	0	0	0	0	0	86	0	172	0	120	0	0	0	0	72	144	0	0	0	0	0	36	0	0	0	0	0	98	0	121	0	0	0	3	0	47	114	0	0	0	0	56	0	0	0	0	0	0	0	0	38	2	0	0	0	29	0	72	0	180	12	0	133	158	1	0	0	0	42	6	0	7	0	1	0	64	0	0	74	0	72	0	0	14	0	0	32	0	2	0	0	0	231	67	154	1	0	172	201	0	0	0	0	0	0	69	0	42	0	0	68	0	0	0	158	0	0	0	0	0	0	5	30	114	0	95	71	0	258	77	166	8	57	0	0	157	0	0	0	0	88	0	171	0	147	0	0	0	0	0	0	0	0	134	0	0	0	0	178	0	0	0	89	0	0	0	19	0	0	21	94	46	1	0	195	0	0	0	7	0	99	184	0	85	8	0	0	0	45	191	83	84	61	44	285	0	0	0	143	0	4	75	0	0	125	0	9	0	0	0	73	0	0	1	13	0	0	42	22	118	126	0	0	69	0	0	79	0	57	130	7	267	0	186	0	99	0	221	0	48	0	0	0	95	0	74	83	74	170	0	0	0	0	87	0	0	209	0	0	0	38	39	0	0	0	0	238	226	220	0	0	0	0	0	82	0	0	99	0	0	50	0	149	0	0	208	66	5	30	0	30	101	0	0	62	11	167	0	0	2	0	0	0	0	0	71	4	0	0	0	0	81	0	17	56	52	2	78	35	0	0	62	0	17	54	0	126	49	0	14	0	1	51	41	45	0	0	0	258	0	0	0	81	18	1	0	0	83	0	0	0	0	123	0	102	53	0	42	0	0	0	123	76	0	0	0	53	0	110	85	58	74	0	84	0	0	89	120	0	0	2	70	0	34	0	49	0	0	0	23	0	92	25	253	0	146	88	0	33	80	30	0	76	54	119	0	0	19	0	0	15	0	202	38	8	0	0	0	0	0	68	93	0	0	0	0	0	53	191	0	0	109	57	0	33	0	19	0	18	0	0	194	81	0	104	0	0	0	6	0	0	114	186	70	0	75	317	0	73	0	2	60	0	82	180	113	107	117	1	83	171	0	50	0	259	67	43	84	0	57	0	193	17	0	0	53	0	7	125	31	99	48	27	0	0	187	14	39	0	146	0	50	66	148	113	48	0	0	101	0	31	101	0	94	15	14	54	0	0	49
12	0	0	0	0	0	0	0	0	0	0	0	0	0	0	0	0	0	0	0	0	0	0	0	0	0	0	0	0	0	22	0	0	0	0	0	0	0	0	0	0	0	0	0	0	0	0	0	0	0	0	0	0	0	0	0	0	0	0	0	0	0	0	0	0	0	0	0	0	0	0	0	0	0	0	0	0	0	0	0	0	0	0	0	0	0	0	0	0	0	0	0	0	0	0	0	0	0	0	0	0	0	0	0	0	0	0	0	0	0	0	0	0	0	0	0	0	0	0	0	0	0	0	0	0	0	0	0	0	0	0	0	0	0	4	0	0	0	0	0	0	0	0	0	0	0	0	0	0	0	0	0	0	0	0	0	0	0	0	0	0	0	0	0	0	0	0	0	1	0	0	1	0	0	0	0	1	0	0	0	0	0	17	0	0	0	0	0	0	0	0	0	0	0	0	0	0	0	0	0	2	0	6	0	0	0	9	70	0	0	0	2	24	0	0	0	0	0	0	0	0	0	0	0	0	0	0	0	0	0	0	0	0	0	0	0	0	0	0	0	0	0	0	0	0	0	0	0	0	0	0	0	0	17	0	0	22	0	0	0	0	0	0	0	0	0	0	0	0	0	0	0	17	0	0	0	0	0	0	133	168	0	0	0	0	0	22	146	0	0	0	0	0	0	0	0	0	0	0	95	0	0	0	29	0	0	0	0	78	0	86	0	64	0	138	0	0	0	97	0	84	0	110	0	0	46	0	39	93	0	10	0	0	0	0	0	0	3	45	106	0	50	0	0	0	0	0	107	0	93	0	0	139	0	0	0	2	0	0	56	0	160	0	0	103	0	12	0	0	0	5	0	1	0	0	0	0	207	0	0	0	138	0	0	0	0	2	0	77	0	7	30	0	0	0	0	149	0	7	0	115	0	0	89	205	8	109	23	72	25	49	0	0	106	0	0	151	214	0	177	0	156	0	0	1	57	0	98	0	34	0	0	0	0	41	14	1	105	0	0	81	7	12	215	0	0	161	0	135	30	150	5	0	0	0	6	0	111	0	0	234	0	118	0	290	0	123	0	10	0	83	0	0	90	2	141	109	0	0	0	17	96	68	58	125	0	0	0	0	1	0	38	0	8	0	0	0	197	0	119	0	0	0	0	0	0	0	181	0	0	0	4	0	0	0	0	0	29	2	0	0	0	181	0	0	0	0	0	0	0	0	0	0	0	0	0	0	0	0	0	60	269	0	0	7	0	50	183	86	0	0	0	0	117	0	0	21	0	98	134	0	1	0	18	0	15	3	0	45	0	0	95	75	0	179	0	0	0	0	41	0	0	0	0	0	0	147	0	314	0	110	0	0	0	0	98	35	0	0	0	0	0	10	0	0	0	0	0	107	0	2	0	0	0	0	0	228	24	0	0	0	0	129	0	0	0	0	0	1	0	5	49	0	0	0	0	11	0	79	0	28	0	0	32	20	0	0	0	0	275	0	0	38	0	0	0	90	0	0	98	0	53	0	0	0	0	0	54	0	0	0	0	0	13	82	92	0	1	159	122	0	0	0	0	0	0	80	49	35	0	0	94	0	0	0	4	0	0	0	0	0	0	0	65	12	0	132	112	0	6	71	98	43	151	0	0	472	0	0	0	105	129	0	82	0	40	0	0	0	85	0	0	0	0	146	0	0	0	0	116	0	0	0	114	3	0	0	91	0	0	0	27	0	0	0	20	0	0	0	128	0	52	13	0	19	14	0	0	0	29	169	159	3	31	74	14	0	0	0	74	0	82	90	0	0	27	0	52	0	0	24	153	0	0	0	21	0	0	97	224	197	49	0	0	3	0	10	100	0	205	87	62	36	0	155	0	59	0	112	0	0	0	0	0	69	0	126	71	195	32	51	0	0	0	72	0	0	0	0	0	0	71	106	0	0	0	0	106	164	71	0	0	0	0	0	101	0	0	109	0	0	36	0	100	0	0	55	275	106	197	0	47	71	0	0	1	106	188	0	0	0	0	0	0	0	0	34	193	0	0	0	0	33	0	51	136	62	0	79	35	0	0	28	0	77	40	0	63	152	0	289	0	0	51	105	27	0	0	0	152	0	0	0	40	254	0	0	0	47	0	0	0	0	55	5	327	110	1	57	0	0	12	22	48	0	0	0	152	0	138	0	106	116	0	57	0	0	16	28	0	0	0	39	0	65	0	15	0	0	0	144	0	26	31	338	0	109	35	0	19	16	0	0	19	72	98	0	0	45	0	0	0	0	13	43	0	0	0	0	0	0	39	42	0	0	0	0	0	252	60	0	0	62	75	0	76	0	213	0	10	0	0	86	139	0	20	0	0	0	37	0	0	71	181	17	0	73	23	0	164	0	0	44	0	362	51	38	7	191	107	81	74	0	158	0	26	89	172	62	0	102	0	23	140	0	0	97	0	84	24	43	6	91	77	0	0	75	133	248	0	265	0	25	95	99	156	44	0	0	55	0	70	35	0	117	97	82	254	0	1	56
13	0	0	0	0	0	0	0	0	0	0	0	0	0	0	0	0	0	0	0	0	0	0	0	0	0	0	0	0	0	0	0	0	0	0	0	0	0	0	0	0	0	0	0	0	0	0	0	0	0	0	0	0	0	0	0	0	0	0	0	0	0	0	0	0	0	0	0	0	0	0	0	0	0	0	0	0	0	0	0	0	0	0	0	0	0	0	0	0	0	0	0	0	0	0	0	0	0	0	0	0	0	0	0	0	0	0	0	0	0	0	0	0	0	0	0	0	0	0	0	0	0	0	0	0	0	0	0	0	0	0	0	0	0	0	20	0	0	0	0	0	0	0	0	0	0	0	0	0	0	0	0	0	0	0	0	0	0	0	0	0	17	0	0	0	0	0	0	0	0	0	0	0	0	0	0	0	0	0	0	0	0	0	0	0	0	0	0	0	0	7	0	0	0	0	0	0	0	0	0	0	0	0	0	0	0	43	0	0	0	0	0	0	0	21	0	0	0	0	0	0	0	12	0	12	0	0	0	0	0	0	0	0	0	0	0	0	0	34	0	0	0	0	0	0	0	0	0	0	0	0	0	0	0	0	0	0	0	0	0	0	0	69	0	0	0	0	0	0	0	0	0	55	0	0	0	0	0	0	151	55	0	0	0	0	0	0	79	0	0	0	0	0	0	0	0	0	0	0	198	0	0	0	189	0	4	0	0	17	0	223	0	0	0	186	0	0	0	10	0	297	0	35	0	0	37	0	47	9	0	78	0	0	0	0	53	0	111	42	31	0	108	0	0	0	0	0	63	0	9	0	0	104	188	0	0	0	0	32	16	0	26	0	0	122	12	0	0	0	0	0	0	0	0	0	0	0	134	0	0	3	82	0	0	0	0	0	12	0	0	0	1	0	122	0	0	60	0	0	0	160	0	0	8	60	0	27	75	52	111	0	0	0	17	0	0	1	82	0	234	0	165	0	0	0	112	0	127	0	157	0	0	0	0	0	18	0	319	0	0	0	0	292	59	0	0	88	0	239	73	178	0	0	0	0	22	0	8	0	0	147	0	174	0	60	0	61	0	27	0	47	0	0	61	0	66	30	0	0	0	187	263	23	35	171	0	0	0	0	0	0	113	0	0	0	0	0	79	0	27	0	0	0	0	0	2	0	185	0	0	0	12	0	0	0	0	0	27	4	0	0	0	11	0	0	0	0	0	0	0	0	0	0	0	0	0	0	0	0	0	299	19	0	0	142	0	0	57	120	0	0	0	2	146	0	0	164	0	3	0	0	0	0	46	0	0	0	0	47	0	0	19	188	0	66	0	0	0	0	58	0	0	0	0	0	0	172	0	56	0	80	0	0	0	0	0	207	0	0	0	0	0	127	0	0	0	0	0	66	0	145	0	0	0	0	0	21	191	0	0	0	0	116	0	0	0	0	0	0	0	1	144	0	0	0	0	0	0	110	0	133	0	0	134	74	0	0	0	0	238	0	0	0	0	0	0	106	0	0	39	0	133	0	0	0	0	0	195	0	0	0	0	0	110	85	25	0	0	85	114	0	0	0	0	0	6	145	80	68	0	0	126	0	0	0	0	3	0	0	0	0	0	0	24	140	0	121	170	0	28	92	64	31	114	0	0	213	0	0	0	0	177	0	84	0	88	0	0	0	0	0	0	0	0	53	0	0	2	0	218	0	0	0	96	0	0	0	122	0	0	0	11	0	0	0	130	0	0	0	151	0	26	103	0	90	52	0	0	0	54	122	85	150	48	81	32	0	0	0	28	0	98	179	0	0	132	0	195	0	0	0	109	0	0	0	34	0	0	61	7	78	40	0	0	145	0	0	161	0	107	82	14	142	0	185	0	59	0	68	0	0	0	0	0	65	0	91	24	111	51	0	0	0	0	91	0	0	4	0	0	0	53	75	0	0	0	0	83	70	41	0	0	0	0	0	112	0	0	265	0	0	296	0	150	0	0	15	174	163	70	0	53	227	0	0	0	157	27	0	0	0	0	0	0	3	0	131	95	0	0	0	0	97	0	75	16	15	0	136	169	0	0	65	0	108	180	0	146	123	0	116	0	0	161	33	246	0	0	0	317	0	2	0	36	8	0	0	0	242	0	0	0	0	96	0	50	100	0	54	0	0	0	73	69	0	0	0	52	0	109	0	73	90	0	155	0	0	92	85	0	0	0	30	0	81	0	44	0	0	0	165	0	172	233	132	0	90	107	0	43	22	0	0	341	249	81	0	0	148	0	0	0	0	184	38	0	0	0	0	0	0	228	194	0	0	0	0	0	75	10	0	0	107	57	0	176	11	38	0	175	0	0	102	380	0	82	12	0	0	73	0	0	105	139	20	0	73	57	0	147	0	0	164	0	31	143	53	108	86	92	54	139	0	54	0	214	131	47	213	0	16	0	25	137	0	59	47	0	260	82	55	312	86	89	0	5	17	51	113	0	85	0	138	105	109	23	124	0	0	126	0	71	120	0	76	59	61	60	16	0	63
14	0	0	0	0	0	0	0	0	0	0	0	0	0	0	0	0	0	0	0	0	0	0	0	0	0	0	0	0	0	0	0	0	0	0	0	0	0	0	0	0	0	0	0	0	0	0	0	0	0	0	0	0	0	0	0	0	0	0	0	0	0	0	0	0	0	0	0	0	0	0	0	0	0	0	0	0	0	0	0	0	0	0	0	0	0	0	0	0	0	0	0	0	0	0	0	0	0	0	0	0	0	0	0	0	0	0	0	0	0	0	0	41	0	0	0	0	0	0	0	0	0	0	0	0	7	0	0	0	0	0	0	0	0	0	0	0	0	0	0	0	0	0	0	0	0	0	0	0	0	0	0	0	0	0	0	0	0	0	0	0	0	0	0	0	0	0	0	0	0	0	0	4	0	0	0	0	0	0	0	0	0	0	0	0	0	0	0	0	0	0	0	0	0	0	0	0	0	0	0	0	0	0	0	0	0	45	2	0	0	0	0	42	0	13	0	0	0	0	0	0	0	0	0	0	0	8	5	0	0	0	0	0	0	0	0	0	90	0	0	0	0	0	0	0	0	0	0	0	0	2	0	0	177	0	0	0	0	0	4	0	0	0	0	0	0	0	0	0	0	0	0	100	0	0	0	0	0	0	303	34	0	0	0	0	0	0	40	0	22	6	0	0	0	0	0	3	0	0	100	10	0	0	38	0	0	0	0	41	0	119	0	2	0	62	0	0	0	25	13	48	0	11	0	0	88	0	107	62	0	169	0	0	0	0	138	0	4	299	151	0	59	1	0	0	0	0	153	0	192	0	0	71	125	0	0	0	0	0	76	0	93	0	0	57	0	0	13	38	0	4	0	0	0	0	0	0	131	0	0	0	26	0	0	0	0	1	0	55	0	7	45	0	72	9	0	46	0	0	0	108	0	0	46	53	23	218	35	36	36	0	0	0	71	0	0	285	79	0	69	0	129	0	3	0	77	0	82	0	148	45	33	0	0	0	0	0	48	0	0	3	0	113	410	0	0	58	0	260	264	56	57	0	24	12	63	6	118	0	0	109	0	111	0	114	0	188	0	49	0	68	3	0	118	0	145	37	0	0	0	37	37	174	139	309	0	0	0	0	8	0	87	0	0	0	0	0	195	0	20	0	0	0	0	18	0	0	95	0	0	0	0	0	0	0	0	0	65	123	0	0	0	184	0	0	0	0	0	0	0	0	0	0	0	0	0	11	0	0	0	98	56	0	0	57	0	0	191	119	0	0	0	0	46	0	0	99	0	16	40	0	0	0	161	0	0	16	0	78	0	0	133	95	0	183	0	0	0	0	139	0	0	0	9	0	0	78	0	58	0	221	0	0	0	0	73	72	0	0	0	0	0	46	0	0	0	0	0	32	0	43	0	0	0	20	0	74	43	0	0	0	0	138	0	0	0	22	0	0	0	5	255	7	0	0	0	0	0	204	0	234	0	0	16	161	0	0	0	0	55	0	22	0	0	0	0	98	1	0	0	3	138	26	0	1	0	0	115	0	0	0	0	0	10	217	82	6	9	49	202	2	0	0	0	0	0	131	31	252	0	0	54	0	0	0	0	0	0	0	0	0	0	0	188	109	0	187	162	0	221	55	198	91	169	0	0	41	4	0	0	158	447	0	245	0	260	0	0	0	1	0	0	0	0	78	0	0	0	0	8	0	0	0	194	9	0	0	124	0	0	0	68	0	0	0	60	0	0	0	165	0	71	123	0	23	129	0	0	0	98	89	13	107	108	21	122	0	0	0	74	2	46	342	1	1	148	0	49	0	0	0	18	0	0	0	20	0	0	135	155	119	193	0	0	39	0	20	114	0	77	182	61	145	0	6	0	131	0	134	0	0	0	0	3	42	0	171	88	397	140	0	0	0	0	123	0	0	35	0	0	0	139	54	0	13	0	0	113	68	90	0	0	0	0	0	207	0	0	113	0	0	203	0	121	0	0	74	39	192	126	0	112	66	0	0	0	123	194	0	0	0	0	0	0	0	0	59	237	0	0	0	0	66	0	74	13	31	0	55	161	0	0	39	0	28	70	0	25	128	0	83	0	0	52	24	87	0	0	0	132	0	0	0	28	44	0	0	0	31	0	0	0	0	148	0	91	171	0	179	0	0	0	87	10	0	0	0	107	0	187	13	60	159	144	42	0	1	83	22	3	0	0	16	0	104	0	105	0	0	0	232	0	180	246	183	0	157	24	0	157	149	0	0	142	109	175	0	0	226	0	0	0	2	123	254	0	0	0	0	97	0	70	67	0	0	0	0	0	144	67	0	0	24	177	0	20	0	2	0	115	0	0	38	2	0	95	0	0	0	131	0	0	31	61	146	0	40	56	0	203	0	0	157	0	89	137	49	81	71	93	43	108	0	186	0	100	132	56	38	0	105	0	27	117	0	0	195	0	9	300	124	24	33	2	0	0	174	148	10	0	27	0	94	81	50	4	297	0	0	24	0	25	36	0	198	101	119	24	44	0	112
15	0	0	0	0	0	0	0	0	0	0	0	0	0	0	0	0	0	0	56	0	0	0	0	0	0	0	0	0	0	0	0	0	0	0	0	0	0	0	0	0	0	0	0	0	0	0	0	0	0	0	0	0	0	0	0	0	0	0	0	0	0	0	0	0	0	0	0	0	0	0	0	0	0	0	0	0	0	0	0	0	0	0	13	0	0	0	0	0	0	0	0	0	0	0	0	0	0	0	0	0	0	0	0	28	0	0	0	0	0	0	0	0	0	0	0	0	0	0	0	0	0	0	0	0	0	0	0	0	0	0	0	0	0	0	0	0	0	0	0	0	1	0	0	0	0	0	0	0	0	0	0	0	0	0	0	4	0	0	0	0	0	0	3	0	0	0	0	0	0	0	0	0	0	0	2	0	0	0	0	1	0	0	0	0	0	0	0	0	0	0	0	0	0	0	0	0	0	0	0	0	0	0	0	0	0	120	0	0	0	0	0	0	0	0	0	0	0	0	0	0	0	0	0	0	0	0	0	0	0	2	0	0	0	0	0	0	0	6	0	0	0	0	0	0	0	0	0	0	0	0	0	0	67	0	0	0	0	0	0	0	0	0	0	5	0	0	0	0	0	0	0	11	0	0	0	0	0	0	13	104	0	25	0	0	0	5	29	0	32	0	0	0	0	0	0	21	0	0	97	0	0	9	4	0	0	0	0	114	0	100	0	0	0	46	0	0	0	35	10	114	0	181	0	0	23	0	83	74	0	37	0	0	0	0	0	0	65	135	10	0	72	0	0	0	0	0	223	0	262	76	0	99	46	0	0	0	0	0	86	0	77	0	0	257	0	0	0	0	0	0	0	0	0	0	0	0	30	0	0	0	135	0	0	0	0	0	0	0	0	0	102	0	0	17	2	0	0	0	0	76	0	0	75	133	29	66	37	92	17	45	9	0	16	0	0	61	51	0	99	0	93	0	23	0	80	0	182	0	73	0	0	0	0	1	0	0	120	0	0	0	4	133	11	0	0	33	0	97	29	132	0	0	0	0	56	0	204	0	0	160	0	85	0	7	0	25	0	95	0	23	0	0	29	0	143	48	9	24	0	98	28	115	15	180	0	0	0	0	0	0	159	0	0	0	0	0	9	0	14	0	0	0	1	11	2	0	28	0	0	0	0	0	0	0	0	0	57	0	0	0	0	82	0	0	0	0	0	0	0	0	0	0	0	0	0	0	0	0	0	149	72	0	0	211	0	0	149	68	0	0	0	0	8	0	0	31	0	0	13	0	0	0	63	0	0	0	0	28	0	0	45	43	0	115	0	0	0	0	116	0	0	0	0	0	0	172	0	63	0	88	0	21	0	0	54	49	0	0	0	0	0	47	0	0	0	0	0	89	0	100	0	0	0	0	0	118	184	0	0	0	0	6	0	0	0	0	0	0	0	11	15	0	0	0	0	0	0	155	0	75	0	4	195	167	0	0	0	0	208	0	2	0	0	0	0	206	0	0	48	0	226	0	0	2	0	0	171	0	0	0	0	0	173	105	139	0	0	249	16	0	0	0	0	0	0	41	0	154	0	3	208	0	0	0	0	0	0	0	0	0	0	0	48	23	0	88	58	0	56	263	192	129	24	0	0	42	0	0	0	0	94	0	204	0	65	0	0	0	0	0	0	0	0	43	0	0	0	0	49	0	0	0	62	0	0	1	298	5	0	0	0	0	0	0	35	0	0	0	69	0	43	123	0	28	62	0	0	0	72	225	261	142	300	49	77	0	0	0	10	0	60	58	0	0	91	0	131	0	0	0	75	0	0	0	16	0	0	254	65	107	170	0	0	118	0	0	74	0	172	32	39	19	0	33	0	333	2	169	0	0	0	0	0	22	3	204	93	173	48	3	0	0	0	62	0	0	0	0	0	0	86	273	0	2	0	0	93	97	50	0	0	24	0	0	35	0	0	53	0	0	62	0	94	0	0	41	22	27	100	0	94	90	0	0	0	45	8	0	0	0	0	0	0	0	0	94	54	0	0	0	0	160	0	53	204	124	0	11	129	0	0	83	0	169	44	0	183	32	0	57	0	1	281	76	57	0	0	0	114	0	0	0	51	259	0	0	0	2	0	0	0	0	120	0	108	123	0	45	0	0	0	82	132	0	0	0	63	0	191	0	82	2	13	153	0	0	228	146	0	0	0	282	0	55	0	94	0	0	0	107	0	91	63	120	0	40	121	1	128	21	0	0	88	15	19	11	0	63	0	0	0	0	82	54	0	0	0	0	0	0	71	125	0	0	0	0	0	69	83	0	0	17	78	0	54	31	188	0	54	0	0	22	37	0	165	0	0	0	195	0	0	6	163	32	0	153	25	0	43	12	0	67	0	158	80	172	13	91	139	131	152	0	149	0	339	133	156	166	0	60	0	137	44	0	0	161	0	122	275	125	96	80	190	0	0	54	93	37	0	204	0	400	14	147	43	144	0	0	114	0	5	9	0	115	32	117	173	1	8	56
16	0	0	0	0	0	0	0	0	0	0	0	0	0	0	0	0	0	0	0	0	0	0	0	0	0	0	0	0	0	0	0	0	0	0	0	0	0	0	0	0	0	0	0	0	0	0	0	0	0	0	0	0	0	0	0	0	0	0	0	0	0	0	0	0	0	0	0	0	0	0	0	0	0	0	0	0	0	0	0	0	0	0	0	0	0	0	0	0	0	0	0	0	0	0	0	0	0	0	0	0	0	0	0	0	0	0	0	0	0	0	0	0	0	0	0	0	0	0	0	0	0	0	0	0	0	0	0	0	0	0	0	0	0	0	0	0	0	0	0	9	0	5	0	0	0	0	0	0	0	0	0	0	0	0	0	0	0	0	0	0	0	0	0	0	0	0	0	0	0	0	0	0	0	0	0	0	0	0	0	0	0	0	0	0	0	0	0	0	0	0	23	0	0	0	0	0	0	0	0	0	0	0	4	0	0	157	0	0	0	113	0	0	0	0	0	0	0	0	0	0	0	0	0	0	0	0	0	0	0	0	0	0	0	0	0	0	0	0	0	0	0	0	0	0	0	0	0	0	0	16	0	0	1	0	0	0	0	0	10	0	0	0	0	0	0	0	0	0	0	0	0	35	0	0	0	0	0	0	70	8	0	0	0	0	0	0	24	0	0	0	0	0	0	0	0	0	5	0	31	0	0	0	80	0	0	0	0	113	0	70	0	0	0	0	0	0	0	288	0	14	0	30	0	0	83	0	120	46	0	127	0	8	0	0	182	0	34	84	60	0	54	0	0	0	0	0	88	0	80	28	0	127	306	0	0	0	0	0	51	0	35	0	0	60	0	0	0	0	0	63	0	0	0	0	0	0	23	0	0	0	85	0	0	0	0	0	0	1	0	14	17	80	0	0	0	168	3	0	0	99	0	0	113	108	0	20	23	35	27	9	0	0	27	0	0	71	22	0	90	0	91	0	0	0	119	0	292	0	50	0	0	30	0	0	0	0	74	1	0	0	0	50	56	0	0	21	0	81	32	50	2	0	0	0	69	0	109	1	0	170	0	209	0	14	0	94	0	111	0	26	0	0	124	0	130	68	0	0	0	67	22	107	30	30	0	0	0	0	0	0	128	0	0	0	0	0	66	0	124	0	0	2	0	0	0	0	121	0	0	0	0	0	0	1	0	0	35	0	0	0	0	111	0	0	0	0	0	0	0	0	56	0	0	0	0	0	0	0	0	79	22	0	0	86	0	0	70	105	0	0	0	0	107	0	0	19	0	6	44	0	0	0	54	0	0	0	0	108	0	0	131	226	0	102	0	0	2	0	16	0	0	0	0	1	0	61	0	69	0	119	0	0	0	0	41	107	0	0	0	0	0	49	0	0	0	0	0	51	0	47	0	0	0	0	0	132	111	0	0	0	0	39	0	0	0	2	0	0	0	0	128	0	0	0	0	0	0	45	0	285	0	0	66	17	0	0	0	0	108	0	0	0	0	0	0	114	0	0	64	5	43	0	0	0	0	0	129	0	0	0	0	0	25	95	55	0	0	269	112	0	0	0	0	0	0	50	0	191	0	0	90	0	0	0	0	0	0	0	0	0	0	0	28	171	0	45	43	0	72	99	15	45	102	0	0	27	0	0	0	0	134	0	204	0	15	0	0	0	0	0	0	0	0	323	0	0	0	0	161	0	0	0	76	8	0	0	80	0	0	0	148	0	0	0	60	0	0	0	267	0	148	8	0	106	131	0	0	0	25	43	16	17	57	91	97	1	0	0	66	0	66	133	0	0	156	0	53	0	0	0	98	0	0	0	31	0	0	78	126	137	83	0	0	34	0	0	164	0	33	12	187	70	0	103	0	31	0	69	0	0	0	0	0	140	0	155	25	273	151	0	0	0	0	161	0	0	1	0	0	0	61	100	0	0	0	0	35	113	11	0	0	0	0	0	105	0	0	177	0	0	11	0	108	0	0	143	231	48	105	0	53	100	0	0	0	6	13	0	0	0	0	0	0	0	0	50	8	0	0	0	0	12	0	38	16	157	0	55	60	0	0	16	0	114	145	0	240	72	0	61	0	0	18	164	16	0	0	0	241	0	0	0	118	70	0	0	0	35	0	0	0	0	57	1	12	94	0	179	46	0	0	87	25	0	0	0	53	0	137	0	137	107	0	163	0	0	21	221	0	27	0	61	0	107	0	138	0	0	0	48	0	30	123	75	0	181	82	0	102	104	0	0	52	92	29	0	0	101	0	0	0	0	26	137	0	0	0	0	0	0	56	401	0	0	0	0	0	122	127	0	0	105	103	0	161	15	129	0	38	0	0	120	173	0	55	0	0	0	56	0	0	32	342	87	0	16	177	0	74	0	0	46	0	51	23	51	54	18	48	74	79	0	44	0	59	107	99	45	0	94	0	69	59	0	0	86	0	176	145	73	24	296	85	0	0	196	80	529	0	32	0	197	34	110	175	26	2	0	90	0	135	271	0	52	95	68	86	0	0	74
17	0	0	0	0	0	0	0	0	0	0	0	0	0	0	0	0	0	0	0	0	0	0	0	0	0	0	0	0	0	0	0	0	0	0	0	0	0	0	0	0	0	0	0	0	0	0	0	0	0	0	0	0	0	0	0	0	0	0	0	0	0	0	0	0	0	0	0	0	0	0	0	0	34	0	0	0	0	0	0	0	0	0	0	0	0	0	0	0	0	0	0	0	0	0	0	0	0	0	0	0	0	0	0	0	0	0	0	0	0	0	0	0	0	0	0	0	0	0	0	0	14	0	0	0	0	0	0	0	0	0	0	0	0	0	0	0	0	0	0	0	0	0	0	0	0	0	0	0	0	0	10	0	0	0	0	0	0	0	0	0	0	0	0	0	0	0	0	0	0	0	0	0	0	0	0	0	0	0	0	0	0	0	0	0	0	0	0	0	0	0	0	0	0	0	0	0	0	0	0	0	0	0	0	0	0	0	0	0	0	0	0	0	0	0	0	0	0	0	0	0	2	0	0	0	0	0	0	0	0	0	0	0	0	0	0	0	0	0	6	0	0	0	0	0	0	0	0	0	0	0	0	0	160	0	0	0	23	0	0	0	0	0	0	0	1	0	0	0	0	0	0	44	0	0	0	0	0	0	16	15	0	0	0	0	3	0	3	0	20	0	0	0	0	18	0	2	0	0	21	0	0	0	59	0	0	0	0	38	0	17	0	0	0	14	0	0	0	49	0	205	0	65	0	0	62	0	112	129	0	41	2	0	0	0	83	0	0	116	175	0	0	0	0	0	0	0	46	0	25	0	0	92	73	0	5	0	0	0	67	0	92	0	0	273	0	0	0	0	0	177	0	0	0	0	0	0	61	0	0	0	259	0	0	0	0	0	0	9	0	0	88	0	18	0	0	48	0	0	0	63	0	0	0	65	0	18	65	71	11	0	0	0	12	0	0	6	76	0	91	0	82	0	0	0	113	0	53	0	23	0	0	0	0	4	0	0	140	0	0	11	0	168	131	0	0	324	0	119	12	94	0	0	0	0	82	0	112	0	0	95	0	62	0	81	0	153	0	60	0	380	0	0	255	0	237	204	0	0	0	154	138	71	82	113	0	0	0	0	0	0	122	0	10	0	0	0	97	0	60	0	0	0	0	0	0	0	22	0	0	0	0	0	0	0	0	0	14	139	0	0	1	98	0	0	0	0	0	0	0	0	0	0	0	0	0	3	13	0	0	43	65	0	0	71	0	0	148	117	0	0	0	10	127	0	0	88	0	3	149	0	0	0	187	0	0	0	0	6	0	0	67	87	0	206	0	0	0	0	211	0	8	0	0	3	20	138	0	80	0	125	0	0	0	0	39	108	0	0	0	0	0	146	0	0	0	0	0	143	0	60	0	0	0	35	0	79	49	0	0	0	0	54	0	0	0	0	0	0	0	0	225	0	0	0	0	0	0	62	0	58	3	0	332	100	0	0	0	0	65	0	0	0	1	0	0	125	0	0	97	0	51	0	0	0	0	0	155	0	0	0	0	0	102	54	214	0	6	25	23	0	0	0	0	0	100	218	1	42	0	0	98	0	2	0	0	1	0	0	0	0	0	0	54	45	0	213	101	0	90	101	139	28	110	0	0	4	0	0	0	29	30	0	38	0	103	0	0	0	0	0	1	0	0	56	0	0	0	0	74	0	0	0	48	0	0	0	14	0	0	0	0	0	0	0	66	0	0	0	170	0	79	247	0	31	43	0	0	0	174	96	150	0	137	148	74	1	0	0	65	0	17	149	0	0	81	0	30	0	0	0	36	0	0	0	47	0	0	200	217	46	63	0	0	112	0	0	25	0	137	65	131	35	0	38	0	46	24	67	0	0	0	0	0	160	0	110	89	25	154	0	0	0	0	33	0	0	0	0	0	0	142	97	0	0	0	0	13	354	151	1	0	0	0	0	53	0	0	155	0	0	106	0	141	0	0	18	33	96	72	0	295	47	0	0	0	165	0	0	0	0	0	4	0	0	0	31	138	0	0	0	0	57	0	65	95	278	0	166	127	0	0	18	0	61	16	0	91	77	0	30	0	0	73	308	41	0	0	0	51	0	1	2	192	31	2	0	0	168	4	0	0	0	46	2	67	210	0	26	0	0	0	69	40	0	0	0	131	0	204	0	195	130	57	38	0	0	153	78	0	0	0	83	0	207	0	26	0	0	0	76	0	302	137	97	0	105	69	0	116	115	0	0	25	14	170	0	0	174	0	0	0	0	33	78	0	0	0	0	0	0	56	41	0	0	0	0	0	86	42	0	0	109	54	0	54	0	127	0	34	0	0	35	98	0	7	0	0	0	127	0	0	78	88	40	0	228	144	0	86	0	0	52	0	122	87	257	148	26	10	61	78	0	69	0	114	60	106	30	0	77	0	61	110	0	0	109	0	35	51	70	129	86	53	0	0	87	48	104	0	45	0	63	36	109	146	26	0	0	178	0	20	80	0	13	85	301	63	7	0	99
18	0	0	0	0	0	0	0	0	0	0	0	0	0	0	0	0	0	0	0	0	0	0	0	0	0	0	0	0	0	0	0	0	0	0	0	0	0	0	0	0	0	0	0	0	0	0	0	0	0	0	0	0	0	0	0	0	0	0	0	0	0	0	0	0	0	0	0	0	0	0	0	0	0	0	0	0	0	0	0	0	0	0	0	0	0	0	0	0	0	0	53	0	0	0	0	0	0	0	0	0	0	0	0	0	0	0	2	0	0	0	0	0	0	0	0	16	0	0	0	0	0	0	0	0	0	0	0	0	0	0	0	0	0	0	0	0	20	0	0	0	10	0	0	0	0	0	0	0	0	0	0	20	0	0	0	0	0	0	0	0	0	0	0	0	0	0	0	0	0	0	0	0	0	0	0	22	0	0	0	0	0	0	0	0	0	0	0	0	0	0	0	0	0	0	0	0	0	0	0	0	0	0	0	0	0	172	0	0	0	0	0	18	0	48	0	0	0	0	0	0	0	0	1	0	0	0	0	0	0	0	0	0	0	0	0	0	0	0	0	0	0	0	0	0	0	0	0	0	0	28	0	0	0	0	0	25	25	0	0	0	0	0	0	0	0	0	0	0	0	0	0	0	0	0	0	0	0	5	84	105	0	0	0	1	0	5	268	0	0	0	0	0	0	0	5	0	0	0	170	0	0	9	322	0	0	0	0	120	0	123	0	11	0	149	0	0	0	73	0	30	0	145	0	0	180	0	61	21	0	61	0	0	0	0	64	0	6	166	115	0	44	0	0	0	0	0	370	32	173	153	0	189	296	0	0	0	0	0	43	0	16	0	0	96	1	0	0	106	0	8	5	0	0	0	1	0	164	0	0	0	19	0	0	0	0	0	0	124	20	169	3	28	194	18	0	42	0	0	15	22	0	0	13	42	0	46	79	6	70	1	10	0	110	0	11	28	67	0	78	0	106	34	0	0	28	0	87	0	104	0	0	0	0	0	0	0	81	0	1	12	0	188	28	9	0	143	0	50	34	59	39	2	2	0	35	0	126	0	0	242	3	239	0	58	0	153	0	119	0	78	1	9	18	1	73	62	0	0	0	111	37	51	63	167	0	0	0	0	42	0	121	0	1	2	0	0	42	11	85	0	0	0	0	3	0	0	92	0	0	46	45	2	0	0	0	0	138	0	0	0	0	22	0	0	0	0	0	0	3	0	29	0	0	33	0	0	30	0	0	71	240	0	0	224	0	0	334	34	0	0	0	0	30	0	0	94	0	1	29	0	0	0	109	0	0	0	0	110	0	0	143	37	4	83	0	0	0	0	122	2	23	0	0	0	22	187	0	44	0	162	0	0	0	0	6	114	0	0	0	0	0	41	0	0	0	0	7	89	0	65	0	0	0	7	0	333	61	61	0	0	0	148	0	0	0	0	0	0	0	0	69	0	0	0	0	4	0	134	0	158	0	0	54	114	0	0	0	0	92	0	62	0	0	0	0	68	0	0	148	0	186	1	0	0	0	0	96	0	0	0	0	0	72	158	51	0	0	57	161	0	0	0	44	0	0	173	10	29	0	0	84	0	0	0	0	3	0	0	0	0	0	0	107	26	0	120	123	0	54	74	51	16	21	0	0	8	0	0	0	1	60	62	253	0	180	0	0	61	0	0	0	0	0	116	0	0	0	0	75	0	0	0	152	0	0	14	96	0	0	0	122	25	0	0	36	0	0	5	23	0	114	169	0	97	90	0	0	0	100	67	62	47	170	62	119	0	0	0	43	0	73	43	0	0	221	0	144	0	0	1	85	0	0	0	83	0	0	54	249	65	87	0	0	47	0	0	62	0	31	56	96	28	0	14	0	87	0	145	0	8	0	0	0	14	8	42	122	149	63	0	0	0	0	39	0	0	15	0	0	0	16	53	0	0	0	0	68	40	12	0	48	0	0	0	120	17	0	179	27	0	52	0	216	0	0	78	130	273	237	0	113	126	0	0	0	39	204	0	0	6	0	0	0	0	0	102	126	0	1	0	0	90	0	68	156	121	0	86	17	0	0	27	0	210	116	0	129	167	0	42	0	0	191	70	41	0	0	0	360	0	0	0	66	82	0	0	0	104	0	0	0	0	52	0	133	18	0	48	0	0	0	36	105	0	0	0	121	0	32	0	109	115	0	91	0	0	11	57	0	0	0	192	0	114	0	227	0	0	0	104	0	282	191	115	0	82	92	0	75	66	5	0	81	80	72	0	0	34	0	0	0	0	140	41	0	0	0	0	3	0	60	48	0	0	1	0	17	184	45	0	0	108	54	0	100	98	100	0	4	1	0	163	61	0	85	0	0	0	19	3	0	51	39	12	0	51	214	0	104	0	0	83	0	97	261	101	25	174	67	19	71	32	86	0	54	79	147	13	0	44	4	18	132	0	0	102	0	63	75	104	75	109	66	0	1	47	206	135	0	51	0	263	38	55	143	49	0	0	96	0	248	206	0	133	111	173	105	15	7	36
19	0	0	0	0	0	0	0	0	0	0	0	0	0	0	0	0	0	0	0	0	0	0	0	0	0	0	0	0	0	0	0	0	0	0	0	0	0	0	0	0	0	0	35	0	0	0	0	0	0	0	0	0	0	0	0	0	0	0	0	0	0	0	0	0	0	0	0	0	0	0	0	0	0	0	0	0	0	0	0	0	0	0	0	0	0	0	0	0	0	0	0	0	0	0	0	0	0	0	0	0	0	8	0	0	0	0	0	0	0	0	0	0	0	0	0	0	0	0	0	0	0	0	0	92	0	0	0	0	0	0	0	0	0	0	0	0	0	0	0	55	0	0	0	0	0	0	0	0	0	0	0	0	0	0	0	0	0	0	0	0	0	0	0	0	0	0	0	0	0	0	0	0	0	9	0	0	0	0	0	0	0	0	0	0	0	0	0	0	0	0	0	0	0	0	0	0	0	0	0	0	0	0	40	0	42	23	4	0	0	0	0	84	0	46	0	0	0	0	0	0	0	0	0	0	0	0	2	0	0	0	0	0	0	2	0	0	0	0	0	0	0	0	0	0	0	0	55	0	0	16	0	0	85	0	0	0	3	0	0	0	0	0	0	0	0	0	0	0	0	0	0	0	0	0	0	7	0	0	1	82	0	0	0	0	0	4	49	0	42	0	0	7	0	0	0	0	5	0	4	0	0	0	127	0	0	0	0	10	0	46	0	10	0	38	0	0	0	27	0	52	0	9	6	0	45	0	188	207	0	26	0	0	0	0	44	0	30	88	81	0	41	0	0	0	0	0	138	106	62	0	0	91	4	0	0	0	0	29	43	0	159	0	0	56	2	0	0	0	5	51	0	0	0	0	0	0	145	3	0	0	208	0	1	0	0	0	0	18	0	0	155	9	128	24	0	105	0	14	0	269	0	0	80	75	4	119	36	47	39	22	0	0	83	0	0	71	51	0	109	0	25	0	0	0	21	0	80	0	17	0	0	50	0	0	0	0	145	0	0	1	28	120	298	0	0	109	0	28	62	104	15	0	0	0	42	0	218	0	0	56	0	60	67	39	0	94	0	42	0	47	123	0	64	0	90	191	37	0	0	43	8	82	120	40	0	0	0	0	20	0	178	0	0	0	0	0	96	0	264	0	0	0	0	0	0	0	180	0	0	0	0	0	0	0	0	0	158	10	0	0	0	176	0	0	0	0	0	0	0	0	89	0	0	0	0	0	4	0	0	152	73	0	0	155	15	0	157	156	0	0	0	0	7	0	0	9	0	8	175	0	0	0	105	0	2	0	0	207	0	0	106	85	0	40	11	0	0	0	22	0	0	0	0	0	16	300	0	35	0	169	0	0	0	0	14	62	0	0	0	0	0	90	0	0	0	0	0	29	0	212	0	0	0	0	0	206	94	0	0	0	0	36	0	0	0	0	0	0	0	0	342	0	0	0	0	0	0	5	0	66	0	0	123	185	0	0	0	0	59	0	0	0	0	0	0	24	0	0	43	0	189	0	0	0	0	0	88	0	0	0	0	0	106	39	78	0	0	49	74	0	0	0	0	0	0	61	0	135	0	0	160	0	0	0	0	0	0	0	0	0	0	0	363	28	0	71	27	0	180	46	75	63	263	0	0	6	0	0	0	0	170	0	264	0	70	0	0	0	0	0	0	0	0	129	0	0	0	0	37	0	0	0	221	0	0	0	188	3	0	0	4	0	0	0	129	0	0	0	47	1	145	30	0	94	54	0	0	0	59	49	130	14	128	113	34	0	0	0	92	0	259	68	0	0	42	0	60	0	0	0	119	0	14	0	173	0	0	30	161	33	50	0	0	95	0	0	25	0	55	88	19	43	0	182	0	155	0	145	0	1	0	0	0	62	0	27	42	89	64	0	0	0	0	283	0	0	0	0	0	0	161	59	0	0	0	0	107	88	71	0	41	2	0	0	23	0	0	70	6	0	73	0	53	0	0	170	25	88	68	0	87	100	0	0	0	136	120	0	0	1	0	0	0	0	1	74	28	0	0	0	0	18	1	149	145	81	0	120	5	0	0	167	0	52	304	0	99	213	2	48	0	0	13	119	36	0	0	0	200	0	0	0	168	80	0	0	0	81	0	0	0	0	64	0	149	76	0	47	0	0	0	111	4	0	0	0	67	0	338	0	78	23	0	80	0	0	190	138	0	0	0	67	0	84	0	14	0	0	0	167	0	179	112	59	0	153	88	0	127	41	0	0	280	124	103	0	0	63	0	0	0	0	21	178	0	0	0	0	0	0	354	153	0	0	0	0	0	35	54	0	0	63	132	0	79	0	49	0	33	20	0	28	69	0	22	0	0	0	96	0	0	196	78	158	0	59	128	0	59	0	0	88	0	191	135	54	249	75	101	199	11	0	46	0	11	61	233	67	0	1	0	211	152	0	0	20	0	132	274	178	106	14	102	0	0	60	174	47	0	65	0	104	99	39	109	91	0	0	121	0	210	139	0	38	105	114	180	0	0	20
20	0	0	0	0	0	0	0	0	0	0	0	0	0	0	0	0	0	0	0	0	0	0	0	0	0	0	0	51	0	0	0	0	0	0	0	0	0	0	0	0	0	0	0	0	0	0	0	0	0	0	0	0	0	0	0	0	0	0	0	0	0	0	0	0	0	0	0	0	0	0	0	0	0	0	0	0	0	0	0	0	0	0	0	0	0	0	0	0	0	0	0	0	0	0	0	0	0	0	0	0	0	0	0	0	0	0	0	0	0	0	0	0	0	0	0	0	0	0	0	0	0	0	0	0	0	0	0	0	0	0	0	0	0	0	0	0	0	0	0	0	0	0	0	0	0	0	0	0	0	0	0	0	0	0	0	0	0	0	0	0	0	0	0	0	0	0	0	0	0	0	0	0	0	0	0	0	0	0	0	0	0	0	0	0	0	0	0	0	0	0	0	0	0	0	0	0	0	0	0	0	0	0	0	0	0	41	0	0	0	0	0	0	0	0	0	0	0	0	0	0	0	0	0	0	0	0	0	0	0	0	0	0	0	0	0	0	0	0	0	0	0	0	0	0	0	0	0	0	0	0	0	0	0	0	0	0	0	0	0	0	0	0	0	0	0	0	0	0	0	0	0	0	0	0	0	0	0	0	0	72	0	0	0	0	0	0	0	0	0	0	0	0	0	0	0	0	0	0	36	3	0	0	42	0	0	0	0	75	0	114	0	19	0	37	0	0	0	29	0	205	0	41	0	0	102	0	119	23	0	68	0	0	0	0	0	0	31	90	97	0	96	0	0	0	0	0	113	0	0	3	0	70	164	0	0	0	0	0	138	0	36	0	0	63	0	0	0	0	0	0	0	0	0	0	0	0	323	0	0	0	29	0	0	0	0	0	0	0	0	0	6	0	19	0	0	113	0	0	0	87	0	0	0	43	0	104	47	60	135	0	0	0	92	0	0	22	62	0	23	0	137	0	0	0	199	0	98	0	180	0	0	0	0	0	0	0	75	0	0	0	0	131	52	0	0	67	0	15	130	101	0	0	9	0	14	0	17	0	0	165	0	134	0	43	0	72	0	6	0	90	0	0	16	0	380	38	0	0	0	193	14	172	131	64	0	0	0	0	0	0	65	0	0	0	0	0	87	0	189	0	0	0	0	0	0	0	172	0	0	0	0	0	0	0	0	0	85	0	0	0	0	0	0	0	0	0	0	0	0	0	0	0	0	0	0	0	0	0	0	75	205	0	2	26	0	0	296	29	0	0	0	0	104	0	0	70	0	0	0	0	0	0	99	0	0	0	0	0	0	0	64	130	0	224	0	0	0	0	107	0	0	0	16	0	0	128	0	40	0	241	0	0	0	0	65	119	0	0	0	0	0	195	0	0	0	0	0	8	0	15	0	0	0	0	0	118	122	0	0	0	0	157	0	0	0	0	0	0	0	0	45	0	0	0	0	0	0	245	0	103	0	0	16	10	0	0	0	0	28	0	0	0	0	0	0	36	0	0	96	0	255	0	0	0	0	0	199	0	0	0	0	0	33	139	14	0	0	144	17	0	0	0	0	0	0	103	0	147	0	0	59	0	0	0	0	0	0	0	0	0	0	0	118	59	0	183	46	0	51	46	83	96	27	0	0	96	0	0	0	0	211	0	66	0	41	0	0	0	0	0	0	0	0	153	0	0	0	0	153	0	0	0	141	0	0	0	198	0	0	1	0	0	0	0	44	0	0	0	79	0	126	96	0	39	64	0	0	0	67	139	42	0	52	50	96	0	0	0	53	0	118	113	0	0	151	0	189	0	0	0	96	0	0	0	110	0	0	176	128	174	285	0	0	155	0	0	96	0	16	155	92	47	0	64	0	71	0	116	0	0	0	0	0	32	0	137	60	41	152	0	0	0	0	41	0	0	0	0	0	0	139	31	0	0	0	0	32	129	88	0	0	0	0	0	76	0	0	109	0	0	105	0	53	0	0	36	48	67	70	0	33	175	0	0	0	56	0	0	0	0	0	0	0	0	0	61	1	0	0	0	0	94	0	61	128	10	0	33	177	0	0	90	0	115	107	0	47	54	0	51	0	0	162	205	67	0	0	0	165	0	0	0	29	26	0	0	0	139	0	0	0	0	56	0	213	90	0	89	0	0	0	63	17	0	0	0	78	0	111	0	15	28	0	64	0	0	66	82	0	0	0	88	0	101	0	29	0	0	0	33	0	47	200	128	0	119	6	0	71	182	0	0	160	126	13	0	0	86	0	0	0	0	74	140	0	0	0	0	0	0	81	47	0	0	0	0	0	14	188	0	0	53	95	0	202	0	39	0	51	0	0	83	117	0	244	0	0	0	88	0	0	167	65	25	0	90	70	0	197	44	0	75	0	115	49	124	23	108	23	82	140	0	104	0	45	156	245	64	0	44	0	145	113	0	0	292	0	92	47	116	230	83	188	0	0	162	165	35	0	51	0	81	26	67	88	21	0	0	77	0	161	150	0	35	47	224	98	2	0	31
21	0	0	0	0	0	0	0	0	0	0	0	74	0	0	0	0	0	0	0	0	0	0	0	0	0	0	0	0	0	0	0	0	0	0	0	0	0	0	0	0	0	0	0	0	0	0	0	0	0	0	0	0	0	0	0	0	0	0	0	0	0	0	4	0	0	0	0	0	0	0	0	0	0	0	0	0	0	0	0	0	0	0	0	0	0	0	0	0	0	0	0	0	0	0	0	0	0	0	0	0	3	0	0	0	0	0	0	0	0	0	0	0	0	0	0	0	0	0	0	0	0	0	0	0	0	0	0	0	0	0	0	0	0	0	0	0	0	0	0	0	0	0	0	0	0	0	0	0	0	0	0	0	0	0	0	0	0	0	0	0	0	1	0	0	0	0	0	0	0	0	0	0	0	0	0	4	0	0	0	0	0	0	0	0	0	0	0	0	0	0	0	0	0	0	0	0	0	0	0	0	0	0	0	0	0	42	0	0	0	0	0	131	0	0	12	0	3	0	0	0	0	0	0	0	0	0	0	0	0	106	0	0	0	0	0	0	0	0	0	0	0	0	0	0	0	0	0	0	0	15	0	0	2	0	0	0	7	0	0	2	0	0	0	0	0	0	0	0	0	0	0	0	0	0	0	0	0	0	26	52	0	0	0	0	0	0	51	0	46	0	0	0	0	0	26	0	0	0	85	0	0	0	86	0	0	0	0	41	0	129	0	0	0	181	0	27	0	92	0	34	0	104	0	0	8	0	24	109	0	64	0	0	0	0	130	0	191	193	84	0	67	0	0	0	0	0	63	0	6	0	0	69	0	0	31	0	0	0	141	0	2	0	0	70	0	0	0	1	0	0	3	0	0	0	0	0	94	0	0	0	53	0	0	0	0	0	14	28	0	0	253	0	68	97	3	67	0	0	0	82	0	0	0	169	0	312	142	14	64	0	0	0	173	0	11	206	192	0	87	0	270	0	0	0	208	0	41	0	48	0	0	0	0	0	0	0	77	0	0	0	0	83	9	0	0	196	0	128	73	35	0	0	0	0	33	0	50	0	0	145	0	68	0	186	0	74	0	57	0	40	0	0	31	0	84	185	0	0	0	18	80	205	82	77	0	0	0	16	0	0	61	0	0	9	0	0	1	0	91	0	0	0	0	0	0	0	62	0	0	0	0	0	0	0	0	0	238	0	0	0	0	123	0	0	0	0	0	0	0	0	0	0	0	0	0	0	0	0	0	23	25	0	0	145	0	0	131	14	0	0	0	100	173	0	0	85	0	0	4	0	0	0	125	0	0	0	0	0	0	0	45	19	0	11	0	0	0	0	127	0	6	0	0	0	42	180	0	121	0	131	0	0	0	0	8	154	0	0	0	0	0	1	0	0	0	0	0	74	0	350	0	0	0	0	0	36	154	0	1	0	0	241	0	0	0	1	7	0	0	0	34	0	0	0	1	0	0	124	1	186	0	0	169	27	0	0	0	0	146	0	0	0	0	0	0	41	0	0	231	0	214	0	0	0	0	0	124	0	0	0	0	0	69	64	73	0	0	37	104	0	0	0	0	0	1	72	0	86	0	0	1	0	0	0	0	0	0	0	0	0	0	0	42	148	0	59	19	0	41	69	32	79	47	0	0	99	0	0	0	0	58	0	89	0	24	0	0	0	0	0	0	0	0	27	0	0	0	0	216	0	0	0	159	0	1	0	379	1	0	0	0	0	0	0	91	0	0	0	70	0	18	154	0	75	285	0	0	0	150	81	101	120	44	70	81	0	0	0	162	0	130	74	0	0	85	0	155	0	0	0	108	0	0	0	59	0	0	17	34	258	141	17	0	31	0	0	166	0	46	32	97	41	0	137	0	67	0	137	0	0	0	0	0	6	0	34	30	42	148	0	0	0	0	43	0	0	96	0	0	0	16	83	0	0	6	0	63	171	34	0	0	0	0	0	26	0	0	82	0	0	82	0	54	0	0	60	90	199	76	0	238	24	0	0	0	239	0	4	0	0	0	0	0	7	0	86	168	0	1	5	0	243	0	14	34	13	0	110	53	0	0	108	0	59	103	0	340	130	0	29	0	0	170	26	242	0	0	0	71	0	0	0	91	50	0	0	0	237	0	0	0	0	37	0	108	92	0	196	0	0	0	86	45	0	0	0	30	0	89	0	98	56	0	147	0	0	172	303	0	0	0	86	0	156	0	102	0	0	0	118	0	90	78	118	0	84	172	0	60	116	0	0	603	115	46	1	0	19	0	0	0	0	199	160	0	0	0	0	0	0	74	95	0	0	0	0	0	118	118	0	0	80	26	0	88	11	340	0	236	0	0	64	249	13	75	0	0	0	102	0	0	22	15	67	0	86	17	0	85	0	0	45	0	104	221	18	59	98	67	59	152	0	66	0	147	85	101	163	0	159	0	40	47	0	34	69	0	48	30	329	35	198	68	0	0	120	24	38	0	57	0	150	100	173	234	17	0	0	40	0	50	169	0	93	79	50	2	0	0	182
22	0	0	0	0	0	0	0	0	0	0	0	0	0	0	0	0	0	0	0	0	0	0	0	0	0	0	0	0	0	0	0	0	0	0	0	0	0	0	0	0	0	0	0	0	0	0	0	0	0	0	0	0	0	0	0	0	0	0	0	0	0	0	0	0	0	0	0	0	0	0	0	0	0	0	0	0	0	0	0	0	0	0	0	0	0	0	0	0	0	0	0	0	0	0	0	0	0	0	0	0	0	1	0	0	0	0	0	0	0	0	0	0	0	0	0	0	0	0	0	0	0	23	0	0	0	0	0	0	0	0	0	0	100	0	0	0	0	0	0	0	0	0	0	0	0	0	0	0	0	0	0	0	0	0	0	0	0	0	0	0	0	0	0	0	0	0	0	0	0	0	0	0	0	0	0	44	0	0	0	0	0	0	0	0	0	0	0	0	0	0	1	0	0	0	0	0	0	0	0	0	0	0	0	0	21	66	0	0	0	0	0	93	0	0	0	0	0	0	0	0	0	0	0	0	0	0	0	0	0	0	0	0	0	0	0	0	0	0	0	0	0	0	0	0	7	0	0	0	0	0	0	0	41	0	0	78	0	0	0	0	0	0	0	0	0	0	0	0	0	0	0	0	0	0	0	0	0	0	31	10	0	0	0	0	0	0	42	0	21	0	0	0	0	0	0	0	0	0	92	0	0	0	13	0	0	0	7	66	0	40	0	41	0	51	0	0	0	126	1	103	0	32	0	0	119	0	43	78	6	139	0	1	0	0	144	0	37	10	26	0	65	0	0	0	75	0	129	0	38	8	0	97	60	0	0	0	0	0	81	0	169	0	0	75	0	0	0	0	23	1	0	0	0	0	0	0	75	0	0	0	121	0	0	0	0	0	0	383	0	0	73	0	78	89	0	26	13	0	0	76	0	19	0	63	0	108	114	77	160	57	0	0	256	0	0	93	71	0	30	2	68	0	0	0	79	0	36	0	129	0	0	0	0	0	0	0	64	0	59	20	0	20	55	0	0	196	0	139	149	22	0	0	0	24	119	0	60	0	0	65	0	33	0	161	0	97	0	62	0	293	12	0	11	0	20	220	0	0	0	40	46	2	122	50	0	0	0	0	0	0	51	4	30	0	0	0	36	0	105	0	0	0	0	0	0	0	88	0	0	0	0	0	0	0	0	0	238	0	0	0	0	22	0	0	0	0	0	0	0	0	24	0	0	0	0	0	0	0	0	55	98	0	0	183	0	0	176	102	0	0	0	0	36	0	5	56	0	29	17	0	0	0	72	0	1	0	0	130	0	0	56	63	4	36	0	0	0	0	73	0	0	0	1	0	0	109	0	20	0	24	0	0	0	0	13	136	1	0	0	0	0	111	0	0	0	0	0	15	0	112	0	0	0	0	0	80	131	105	0	0	0	63	0	0	0	0	0	0	0	0	111	0	0	0	0	4	0	120	0	127	0	0	189	116	0	0	0	0	14	0	0	0	0	0	0	103	0	0	25	0	174	0	0	0	0	0	47	0	0	0	0	0	91	209	42	0	0	38	141	0	0	0	0	0	0	155	0	199	0	0	326	0	0	0	0	0	0	0	0	0	0	0	54	194	0	115	226	0	63	141	97	19	96	0	0	47	0	0	0	0	35	0	89	0	12	0	0	0	16	0	0	0	0	145	0	0	0	0	63	0	0	0	139	0	0	0	96	0	0	0	119	8	0	0	39	0	0	0	42	0	105	169	0	291	184	0	0	0	45	224	29	133	129	58	131	0	0	0	42	3	64	101	0	0	10	0	209	0	0	0	46	0	0	0	60	0	0	139	211	68	125	0	0	4	0	0	123	0	235	167	64	18	0	228	0	85	0	267	0	0	0	0	0	63	0	93	77	25	57	0	0	0	15	4	0	0	202	0	31	30	114	149	0	0	27	0	38	152	72	0	0	0	0	0	77	2	1	80	0	0	135	0	43	0	0	173	204	140	33	0	123	152	0	0	0	22	83	0	0	0	0	0	0	0	0	26	199	0	0	0	0	160	0	48	7	59	0	87	115	0	0	52	0	193	89	0	193	87	0	136	0	0	45	550	29	0	0	0	27	0	5	0	150	81	0	0	1	35	0	0	0	0	81	0	126	78	0	210	0	0	0	37	74	0	0	0	135	0	286	89	247	127	0	102	0	0	22	8	0	0	2	203	0	248	0	43	0	0	0	129	0	53	172	63	0	32	372	0	10	43	0	0	184	105	42	0	0	106	0	0	0	0	71	127	0	0	0	0	0	0	111	293	0	0	0	0	0	163	68	0	0	27	301	0	189	0	128	0	77	0	0	150	149	0	345	0	0	0	201	0	0	161	111	35	0	174	78	0	48	0	0	104	0	103	38	108	61	191	50	85	56	0	15	0	130	98	152	105	0	70	0	160	29	0	0	92	0	45	26	89	229	23	105	0	0	192	67	148	0	135	0	12	126	102	13	72	153	0	243	0	197	127	0	15	32	246	63	0	3	89
23	0	0	0	0	0	0	0	0	0	0	0	0	0	0	0	0	0	0	0	0	0	0	0	0	0	0	0	0	0	0	0	0	0	0	0	0	0	0	0	0	0	0	0	0	0	0	0	0	0	0	0	0	0	0	0	0	0	0	0	0	0	0	0	0	0	0	0	0	0	0	0	0	0	0	0	0	0	0	0	0	0	0	0	0	0	0	0	0	0	0	0	0	0	0	0	0	0	0	0	0	0	0	0	0	0	0	0	0	0	0	0	0	0	0	0	0	0	0	0	0	0	0	0	0	0	0	0	0	0	0	0	0	0	0	0	0	0	0	0	0	0	0	0	0	0	0	0	0	0	0	0	0	0	0	0	0	0	0	0	0	0	0	0	0	0	0	0	0	0	0	0	0	0	0	0	0	0	0	0	0	0	0	0	0	0	0	0	0	6	0	0	0	0	0	0	0	0	0	0	0	0	0	0	0	0	83	0	0	0	0	0	66	0	0	0	0	0	0	0	1	0	0	0	0	0	0	0	0	0	0	0	0	0	0	0	0	0	0	0	0	0	0	0	0	0	0	0	0	0	6	0	0	69	0	0	0	0	0	0	0	0	0	0	0	0	0	0	0	0	0	0	0	0	0	0	20	0	0	90	461	0	0	0	0	0	0	56	0	0	0	0	0	0	0	1	0	0	0	89	0	0	0	123	0	0	0	0	48	0	123	0	15	0	255	0	0	0	3	0	41	0	93	0	0	34	0	32	40	0	77	0	6	0	0	286	0	133	31	83	0	153	0	0	0	0	0	261	0	0	89	0	145	21	0	0	93	0	24	39	0	101	29	0	30	0	0	0	0	0	0	0	0	0	0	0	0	55	8	0	0	159	0	0	0	0	0	0	0	0	0	176	0	0	0	0	22	0	0	0	39	0	0	53	233	0	53	37	12	78	0	0	0	56	0	2	44	110	0	142	0	287	0	0	0	184	0	153	0	30	0	0	0	5	0	0	0	50	0	0	17	0	334	196	3	0	96	9	18	27	106	0	0	0	13	35	0	126	0	0	200	0	301	0	90	0	243	0	68	0	145	0	0	160	0	93	131	6	0	0	154	75	93	95	29	0	0	0	0	9	0	5	0	0	0	0	0	36	0	201	2	0	0	0	0	1	0	186	0	0	0	0	0	0	0	0	0	52	0	0	0	0	150	0	0	0	0	1	0	0	0	20	0	0	0	0	0	0	0	0	108	29	0	0	62	0	0	75	35	0	0	0	0	265	0	0	51	0	0	96	0	0	0	342	0	0	24	0	0	0	0	38	111	0	48	0	0	0	0	61	0	0	0	0	0	0	27	0	265	0	52	0	0	0	0	37	139	0	0	0	0	0	80	0	0	0	0	0	42	0	78	0	0	0	1	0	42	127	0	0	0	0	49	0	0	0	0	0	0	0	0	56	0	0	1	0	0	0	111	0	107	0	0	21	30	0	0	0	0	59	0	0	1	0	0	0	42	0	0	40	0	95	0	0	0	0	0	117	0	0	0	0	0	73	64	150	0	0	75	73	0	40	0	0	0	0	12	0	10	0	0	152	0	0	0	0	0	0	0	0	0	0	0	266	10	0	201	142	0	91	68	110	164	16	0	0	16	0	0	0	0	80	0	183	0	168	0	0	0	0	0	0	0	0	73	0	0	0	0	117	0	0	0	149	0	0	0	83	0	0	0	13	0	0	0	113	0	0	0	76	0	127	208	0	151	8	0	0	0	60	24	131	7	13	65	72	0	0	0	213	0	198	292	0	0	147	0	63	0	0	0	24	0	0	0	90	0	0	141	4	54	82	0	0	26	0	0	282	0	87	210	195	99	0	67	0	2	0	60	0	0	0	0	0	158	0	125	223	69	86	0	0	0	0	41	0	0	94	0	0	0	201	175	0	0	0	0	88	20	165	0	0	0	0	0	40	0	0	154	0	0	196	0	54	0	0	70	134	52	77	0	77	45	2	0	0	186	32	0	0	0	0	0	0	0	0	144	88	0	0	0	0	164	0	132	59	195	0	148	211	0	0	75	0	81	71	0	89	64	0	118	0	0	303	12	285	0	0	0	199	0	0	0	259	154	0	0	0	12	0	0	0	0	57	0	12	77	0	70	0	0	0	6	35	0	0	0	22	0	25	0	127	96	0	75	0	0	80	145	0	0	0	40	0	62	0	22	0	0	0	39	0	256	79	91	0	42	70	0	88	78	0	0	65	70	156	0	0	74	0	0	0	0	59	141	0	0	0	0	0	0	45	100	0	0	0	0	1	65	66	0	0	108	64	0	127	0	72	0	21	2	0	8	77	0	47	0	0	0	51	0	0	100	177	78	0	50	33	0	76	0	0	194	0	113	56	210	111	92	37	27	66	0	431	0	95	39	107	43	0	31	0	21	35	0	0	47	0	123	65	196	16	275	163	2	9	52	78	68	0	42	1	76	65	82	98	112	0	0	91	0	51	76	0	179	51	71	167	11	1	102
24	0	0	0	0	0	0	0	0	0	0	0	0	0	0	0	0	0	0	0	0	0	0	0	0	0	0	0	0	0	0	0	0	0	0	0	0	0	0	0	0	0	0	0	0	0	0	0	0	0	0	0	0	0	0	0	0	0	0	0	0	0	0	0	0	0	0	0	0	0	0	0	0	0	0	0	0	0	0	0	0	0	0	0	0	0	0	0	0	0	0	0	0	0	0	0	0	0	0	0	7	13	0	0	90	0	0	0	0	0	0	0	0	0	0	0	22	0	0	0	0	0	0	0	0	0	0	0	0	0	0	0	0	0	0	0	0	0	0	0	14	0	0	0	0	0	0	0	0	0	0	0	0	0	0	0	0	0	0	0	0	0	0	0	0	1	0	0	0	0	0	0	0	2	0	0	34	0	0	0	0	0	0	0	0	0	0	0	0	0	0	0	0	0	0	0	0	0	0	0	0	2	0	0	0	11	100	4	0	0	4	0	52	0	0	0	0	0	0	0	0	0	0	0	0	0	0	3	0	0	0	0	0	0	0	0	0	0	0	0	0	0	0	0	0	0	6	0	0	0	160	0	0	16	0	0	20	11	0	0	0	0	0	5	0	0	0	0	51	0	0	0	94	0	0	0	0	0	0	173	257	0	0	0	18	0	19	7	0	9	0	0	0	0	23	0	0	0	0	127	0	0	0	96	0	0	0	0	199	0	81	0	14	0	98	0	0	0	112	0	48	0	249	14	0	85	0	82	59	0	51	0	2	0	0	201	0	12	79	13	0	217	0	0	0	1	0	262	1	64	2	0	129	104	0	0	0	0	0	108	0	9	51	0	148	19	0	0	129	0	0	50	0	0	0	2	0	111	0	0	0	79	0	0	0	0	0	0	46	0	0	190	0	0	15	0	98	0	0	2	65	0	15	2	174	19	16	198	91	41	0	0	0	304	0	7	114	144	0	81	0	307	0	0	56	108	0	146	0	32	0	8	0	0	0	0	0	155	0	0	83	0	14	127	0	0	88	7	127	41	122	2	0	60	0	129	0	40	0	0	76	0	56	0	129	0	6	0	27	0	31	26	6	78	0	15	23	0	86	0	117	125	49	60	48	15	0	0	50	7	0	32	0	28	0	0	4	95	0	91	0	0	0	0	0	0	6	110	0	0	0	0	0	0	0	0	0	45	3	0	0	0	138	0	0	0	0	0	0	0	0	62	0	0	0	0	0	0	1	24	105	104	5	0	83	0	13	120	49	0	0	0	0	66	0	0	26	0	3	151	0	0	0	90	0	0	0	0	124	0	0	54	138	9	65	21	0	0	0	56	25	0	0	0	0	1	38	0	65	0	148	1	0	0	0	19	132	0	0	0	0	0	231	0	31	5	0	0	110	0	77	0	0	0	18	0	54	89	38	0	0	0	211	0	0	2	9	31	0	0	43	34	0	0	0	0	3	0	110	0	249	0	0	64	77	0	0	0	0	148	0	9	20	0	0	0	293	0	0	120	0	67	0	0	0	0	0	7	0	0	0	0	0	135	46	172	0	0	91	25	0	0	0	16	0	1	82	0	45	0	0	73	0	3	0	5	1	0	0	0	0	0	0	98	73	0	99	33	0	87	261	51	30	97	0	0	180	0	0	0	0	132	0	34	0	5	0	0	0	0	0	0	1	0	45	0	0	0	0	12	4	0	0	117	0	1	0	81	0	1	0	9	94	0	0	115	0	0	1	16	0	241	8	0	22	55	0	0	0	143	46	153	63	59	246	26	0	0	0	12	0	158	62	0	0	88	0	100	0	0	0	64	0	0	0	107	0	0	98	109	115	23	0	0	56	0	0	183	0	157	70	81	381	0	51	0	67	0	170	14	0	0	0	0	266	0	115	84	8	57	0	0	0	0	23	0	0	80	0	0	95	21	116	0	0	0	0	23	143	314	0	0	0	0	0	128	0	1	39	0	0	123	0	91	0	0	43	36	122	92	0	17	6	0	0	0	62	145	0	0	78	0	0	0	0	0	85	29	0	0	0	0	81	0	106	10	153	0	174	54	0	0	113	0	88	57	0	104	73	0	116	0	0	74	86	45	0	0	0	100	0	0	0	31	48	0	0	0	19	0	0	0	0	87	0	48	36	0	301	0	0	0	211	158	0	0	1	100	0	73	5	128	27	0	138	0	0	162	72	9	0	1	41	0	78	0	53	0	0	1	172	0	31	6	152	0	206	25	0	69	73	5	0	377	187	16	0	0	42	3	0	0	0	302	22	0	0	0	0	0	0	69	53	0	0	0	0	0	48	52	0	0	91	18	0	166	0	27	0	40	24	0	63	71	0	106	0	0	0	113	0	0	153	78	263	0	118	108	0	32	0	0	220	14	53	121	21	174	43	433	145	40	2	34	0	102	17	13	53	0	104	0	127	64	0	0	79	0	72	164	137	86	225	46	0	0	39	85	127	0	74	0	16	120	31	101	129	0	0	26	0	44	29	0	51	225	51	51	1	6	136
25	0	0	0	0	0	0	0	0	0	0	0	0	0	0	0	0	0	0	0	0	0	0	0	0	0	0	0	0	0	0	0	0	0	0	0	0	0	0	0	0	0	0	0	0	0	0	0	0	0	0	0	0	0	0	0	0	0	0	0	0	0	0	0	0	0	0	0	0	0	0	0	0	0	0	0	0	0	0	0	0	0	0	0	0	0	0	0	0	0	0	0	0	0	0	0	0	0	0	0	0	11	0	0	0	0	0	0	0	0	0	4	0	0	0	0	0	0	35	0	0	0	0	0	0	0	0	0	0	0	0	0	41	0	0	3	0	0	0	0	0	0	0	0	0	0	0	0	0	0	0	0	0	0	0	0	0	0	0	0	0	0	0	0	0	0	0	0	0	0	0	0	0	0	0	0	39	0	0	0	0	0	0	0	0	0	0	0	0	0	0	0	0	0	0	2	0	0	0	0	0	0	0	0	0	0	42	0	0	0	0	35	119	0	0	0	0	0	0	0	0	0	0	0	0	0	0	0	0	0	65	0	0	0	0	0	0	0	0	0	0	0	0	0	0	0	0	0	0	0	11	0	3	3	0	0	0	11	0	0	0	0	0	0	0	0	0	0	0	0	0	0	46	0	0	0	0	0	0	40	17	0	0	0	0	0	0	95	0	0	0	0	0	0	5	0	69	0	0	88	0	0	0	2	0	0	0	0	165	0	218	0	19	0	64	0	0	0	81	0	316	0	146	0	0	93	0	107	203	0	96	0	0	0	0	60	0	74	230	110	0	41	0	0	0	0	0	94	0	31	94	0	13	42	0	0	0	0	0	36	0	103	0	0	214	0	1	0	0	0	0	0	0	0	0	1	0	120	0	4	0	155	0	0	0	0	0	0	0	0	4	0	0	4	0	0	122	0	0	0	51	0	19	0	42	0	122	50	119	24	0	0	0	28	0	24	24	93	0	60	0	70	0	0	0	112	0	83	0	43	0	0	0	0	0	0	0	185	0	0	9	0	355	86	0	0	107	0	37	60	46	39	0	0	0	76	0	59	0	0	23	0	39	62	68	0	51	0	69	0	52	0	0	48	0	99	15	0	0	0	122	143	259	48	164	0	0	0	0	0	0	120	0	64	0	1	0	82	0	161	0	0	0	0	0	0	0	43	0	0	0	0	0	0	0	0	3	117	0	0	0	0	170	0	0	0	0	0	0	0	0	8	0	0	0	0	0	0	0	0	39	162	0	0	141	0	0	12	59	0	0	14	0	7	0	0	76	0	8	97	0	0	0	120	0	0	0	0	95	0	0	103	8	0	67	0	0	1	0	353	0	0	0	0	0	0	185	0	32	0	52	0	0	0	0	77	42	0	0	0	0	0	143	0	5	0	0	5	77	0	42	0	0	0	16	0	13	74	0	0	0	0	79	0	0	0	1	0	1	0	8	86	0	0	0	0	20	0	90	14	84	0	0	51	95	0	0	0	0	102	0	0	0	12	0	0	33	0	0	123	0	103	0	0	0	0	0	148	0	0	0	0	0	25	47	147	0	0	126	38	20	0	0	0	0	0	141	0	134	0	0	106	0	0	0	0	0	0	0	0	0	0	0	25	104	0	44	22	0	58	52	176	83	31	0	0	214	0	0	0	0	115	0	29	0	114	0	0	0	0	0	0	0	0	42	10	0	0	0	42	0	0	0	20	0	0	9	33	0	0	0	32	71	0	0	100	0	0	0	29	0	334	275	0	115	74	0	0	0	99	49	96	76	102	20	156	0	103	0	124	0	160	65	0	0	213	0	61	0	0	0	100	0	0	0	89	0	0	133	19	86	338	0	0	14	0	0	13	0	192	32	65	111	0	140	0	269	0	217	0	0	0	0	0	97	0	83	203	68	196	0	0	0	0	181	0	0	25	0	0	0	117	31	0	0	0	0	85	195	67	0	0	0	0	0	176	0	0	129	0	6	59	0	163	0	0	207	23	106	88	0	91	99	0	0	0	24	49	0	0	19	0	0	0	3	0	149	123	0	0	0	0	126	0	103	142	174	0	102	158	0	0	21	0	115	65	0	143	38	0	18	0	1	165	87	64	0	0	0	30	0	0	0	62	92	0	0	0	85	1	0	0	0	224	2	135	45	0	44	0	0	0	42	45	0	0	44	371	0	143	85	91	160	0	77	3	0	169	110	30	0	0	71	0	44	0	24	1	0	0	67	0	84	22	41	19	141	56	0	183	18	0	0	33	44	231	0	0	60	1	0	0	0	326	169	0	0	0	0	0	0	145	142	0	0	0	0	0	78	268	0	0	22	80	0	43	0	69	0	130	0	0	225	28	0	146	0	0	0	184	0	0	213	66	7	0	30	174	0	83	60	0	85	0	24	37	222	298	136	47	131	139	0	35	21	121	183	214	303	0	17	0	184	156	0	0	43	0	98	98	19	15	17	73	0	0	292	56	213	0	86	0	72	60	95	108	124	0	0	79	0	54	156	0	35	183	165	129	0	0	348
26	0	0	0	0	0	0	0	0	0	0	0	0	0	0	0	0	0	0	0	0	0	0	0	0	0	0	0	0	0	0	0	0	0	0	0	0	0	0	0	0	0	0	0	0	0	0	0	0	0	0	0	0	0	0	0	0	0	0	0	0	0	0	0	0	0	0	0	0	0	0	0	0	0	0	0	0	0	0	0	0	0	0	0	0	0	0	0	0	0	0	0	0	0	0	0	0	0	0	0	0	0	0	0	0	0	0	0	0	0	0	0	0	0	0	0	0	0	0	0	0	0	0	0	0	0	0	0	0	0	0	0	0	0	0	0	0	0	0	0	0	0	0	0	0	0	0	0	0	0	0	0	0	0	0	0	0	0	0	0	0	0	0	0	0	0	0	0	0	0	0	0	0	0	0	0	0	0	0	0	0	0	0	0	0	0	0	0	0	0	0	0	0	0	0	0	0	0	0	0	0	0	0	0	0	0	0	0	1	0	0	0	0	0	0	0	0	0	0	0	0	0	0	0	0	0	0	0	0	0	0	0	0	0	0	0	0	0	0	0	0	0	0	0	0	0	0	0	0	0	0	0	0	0	0	0	0	0	0	0	0	0	0	0	0	0	0	0	0	0	0	0	0	0	0	0	0	0	0	0	0	0	0	0	0	0	0	0	0	0	0	0	0	0	0	0	0	0	0	0	0	0	0	0	0	0	0	0	0	0	0	0	0	0	0	0	0	0	0	0	33	0	0	0	0	0	0	0	38	0	0	0	0	0	0	0	0	0	0	0	0	0	0	0	0	0	0	0	0	0	0	0	0	0	0	0	0	0	0	0	0	0	0	0	0	0	0	0	0	0	0	0	0	0	0	0	0	0	0	0	0	0	0	0	0	0	0	0	0	0	0	0	0	0	0	0	0	0	0	0	0	0	0	0	0	0	0	0	0	0	0	0	0	0	0	0	0	0	0	0	0	0	0	0	0	0	0	0	0	0	0	0	0	0	0	0	0	0	0	0	0	0	0	0	0	0	0	0	0	0	0	0	0	0	0	0	0	0	0	0	0	0	0	0	0	0	0	0	0	0	4	0	0	0	0	0	0	0	0	0	0	0	18	0	0	0	0	0	0	0	0	15	0	0	0	0	0	0	0	0	0	0	0	0	0	0	0	0	0	0	0	0	0	0	0	0	0	0	0	0	0	0	0	0	0	0	0	0	0	0	0	0	0	0	0	0	0	0	0	0	0	0	0	0	0	0	0	0	0	0	0	0	0	0	0	0	0	0	0	0	0	0	0	0	0	0	0	0	0	0	0	0	0	0	5	0	0	0	0	0	0	0	0	0	0	0	0	0	4	0	0	0	0	0	0	0	3	0	0	0	0	0	0	0	0	0	0	0	0	0	2	0	0	0	0	0	0	0	0	0	0	0	0	0	0	0	0	0	0	0	0	0	11	0	0	0	0	0	0	0	0	0	0	0	0	0	0	0	0	0	0	0	0	0	0	0	3	0	0	0	0	0	0	0	0	0	0	0	0	0	0	0	0	0	0	0	0	0	0	2	0	0	0	0	0	0	0	0	10	0	0	0	0	0	0	0	0	0	0	0	0	0	0	0	0	0	19	0	0	0	0	0	0	2	0	0	0	0	0	0	0	0	0	4	0	0	0	0	0	0	0	0	0	0	0	0	0	0	0	0	0	0	0	0	0	0	0	0	0	0	0	0	0	0	0	0	0	0	0	0	0	0	0	0	0	14	0	0	0	0	0	0	0	0	0	0	0	0	0	0	0	0	0	0	0	0	0	0	0	0	0	0	0	0	0	0	0	0	0	0	0	0	0	0	0	0	0	0	0	0	0	0	27	0	5	0	0	0	0	0	0	0	0	0	0	0	0	0	0	0	0	0	0	0	0	0	0	0	0	0	0	0	0	0	0	0	0	0	0	0	0	0	0	0	0	0	0	0	0	0	0	0	0	0	0	0	0	0	0	0	0	0	0	0	0	0	0	0	0	0	0	0	0	0	0	0	10	0	0	0	0	0	0	0	0	0	0	0	0	0	0	0	0	0	0	0	0	0	4	0	0	0	0	0	0	0	0	0	0	0	0	0	0	11	14	0	0	0	0	0	0	0	0	0	0	0	0	0	0	0	0	0	0	0	0	0	0	0	0	169	0	2	0	0	0	0	0	0	0	0	0	0	0	0	0	0	4	0	0	0	0	0	0	3	0	0	6	7	0	0	24	0	0	0	59	0	2	0	0	0	0	0	0	0	27	0	0	0	0	0	0	0	0	0	0	0	0	0	0	0	0	0	0	3	0	0	0	0	0	0	0	0	0	0	0	0	0	0	0	0	0	0	0	0	0	0	1	0	0	0	0	0	0	0	0	9	0	0	0	0	0	7	0	1	0	0	0	0	55	0	2	0	0	0	0	0	0	0	0	0	0	0	5	0	0	0	0	0	62	0	0	0	3	0	0	0	0	0	0	4	0	19	1	0	0	0	0	0	0	0	0
27	0	0	0	0	0	0	0	0	0	0	0	0	0	0	0	0	0	0	0	0	0	0	0	0	0	0	0	0	0	0	0	0	0	0	0	0	0	0	0	0	0	0	0	0	0	0	0	0	0	0	0	0	0	0	0	0	0	0	0	0	0	0	0	0	0	0	0	0	0	0	0	0	0	0	0	0	0	0	0	0	0	0	0	0	0	0	0	0	0	0	0	0	0	0	0	0	0	0	0	0	0	0	0	0	0	0	0	0	6	0	0	0	0	0	0	0	0	0	0	0	0	0	0	0	0	0	0	0	0	0	0	0	0	0	0	0	0	0	0	0	0	0	0	0	0	0	0	0	0	0	0	0	0	0	0	0	0	0	0	0	0	0	0	0	0	0	0	0	0	0	0	0	0	0	0	0	0	0	0	0	0	0	0	0	0	0	0	0	0	0	0	0	0	0	0	0	0	0	0	0	0	0	0	0	0	0	0	0	0	0	0	0	0	0	0	0	0	0	0	0	0	0	0	0	0	0	0	0	0	0	0	0	0	0	0	0	0	0	0	0	0	0	0	0	0	0	0	0	0	0	0	0	0	0	0	0	0	0	0	0	0	0	0	0	0	0	0	0	0	0	0	0	0	0	0	0	0	0	0	0	0	0	0	0	0	0	0	0	0	0	0	0	0	0	0	0	0	0	0	0	0	0	0	0	0	0	0	0	0	0	0	0	0	0	0	0	0	0	0	0	0	0	0	0	0	0	0	0	0	0	0	0	0	0	0	0	0	0	0	0	0	0	0	0	0	0	0	0	0	0	0	0	0	0	0	0	0	0	0	0	0	0	0	0	0	0	0	0	0	0	0	0	0	0	0	0	0	0	0	0	0	0	0	0	0	0	0	0	0	0	0	0	0	0	0	0	0	0	0	0	0	0	0	0	0	0	0	0	0	0	0	0	0	0	0	0	0	0	0	0	0	0	0	0	0	0	0	0	0	0	0	0	0	0	0	0	0	0	0	0	0	0	0	0	0	0	0	0	0	0	0	0	0	0	0	0	0	0	0	0	0	0	0	0	0	0	0	20	0	0	0	0	0	0	0	0	0	0	0	0	0	116	0	0	0	0	0	0	0	0	0	0	0	0	0	0	6	0	3	0	0	0	0	0	0	0	7	0	0	0	0	0	0	0	0	0	0	0	0	0	0	0	0	0	0	0	0	0	0	0	0	0	0	0	0	0	0	0	0	0	0	0	0	0	0	0	0	0	0	0	0	0	0	0	0	0	0	0	0	0	0	0	0	0	0	0	0	0	0	0	11	0	0	0	0	0	0	0	0	0	0	0	0	0	0	0	0	0	0	0	0	0	0	0	0	0	0	0	0	0	0	0	0	0	0	0	0	0	0	7	0	0	0	0	0	0	0	0	0	0	0	0	0	0	0	0	0	0	0	0	0	0	0	0	0	0	0	0	0	0	0	0	0	0	0	0	0	0	3	0	0	0	0	0	0	0	0	0	0	0	0	0	0	0	0	0	45	0	0	0	0	0	0	0	4	0	0	0	0	0	0	0	0	0	0	0	0	6	0	0	0	0	0	0	0	0	0	0	0	0	0	0	0	0	0	0	0	0	0	32	0	0	0	0	0	0	0	0	0	0	0	0	0	0	0	0	0	0	0	0	0	0	0	0	0	0	0	0	0	0	0	0	0	0	0	0	0	0	0	0	0	0	0	0	0	0	0	0	43	0	0	0	0	2	0	0	0	0	0	0	0	0	0	0	0	0	0	0	0	0	0	0	0	0	0	0	0	0	0	0	0	0	0	0	0	0	0	0	0	8	0	0	0	0	0	0	0	0	0	5	0	1	0	72	0	0	0	0	0	0	0	0	0	0	0	0	0	0	0	0	0	0	0	0	0	0	0	0	0	0	0	0	0	0	0	0	0	0	3	0	0	0	0	0	0	0	0	0	0	0	0	0	0	0	0	0	18	0	0	0	0	0	0	0	0	0	0	0	0	0	0	0	0	0	0	23	0	0	0	0	0	0	0	0	0	0	0	0	0	0	0	0	0	5	0	0	0	0	0	0	0	0	0	0	0	0	0	0	0	0	0	0	0	0	0	0	0	0	0	0	0	0	0	0	0	1	0	0	0	0	0	0	0	0	0	4	4	0	6	0	0	0	0	0	0	0	2	0	0	0	0	0	0	0	0	0	0	0	0	1	0	0	0	0	58	0	41	0	0	10	0	0	0	0	0	0	0	0	0	0	0	0	1	0	0	0	0	0	0	0	0	0	0	0	0	0	0	0	4	0	0	3	0	0	0	0	0	0	0	0	0	0	0	0	0	0	0	0	0	0	0	0	0	0	0	4	0	0	39	0	0	0	0	0	0	0	1	0	0	0	21	0	7	0	0	0	0	0	0	0	0	0	0	0	0	0	0	0	8	0	0	0	0	0	0	0	0	0	0	15	0	47	0	128	0	0	0	0	0	0	1	0	0	0	0	4	1	0	0	0
28	0	0	0	0	0	0	0	0	0	0	0	0	0	0	0	0	0	0	0	0	0	0	0	0	0	0	0	0	0	0	0	0	0	0	0	0	0	0	0	0	0	0	0	0	0	0	0	20	0	0	0	0	0	0	0	0	0	0	0	0	0	0	0	0	0	0	0	0	0	0	0	0	0	0	0	0	0	0	0	0	0	0	0	0	0	0	0	0	0	0	0	0	0	0	0	0	0	0	0	0	0	0	2	0	0	0	0	0	0	0	0	0	0	0	0	0	0	0	0	0	0	0	0	0	0	0	0	0	0	0	0	0	0	0	0	0	0	0	0	0	0	0	0	0	0	0	0	0	0	0	0	0	0	0	0	0	0	0	0	0	0	0	0	0	0	0	0	0	0	0	0	0	0	0	0	0	0	0	0	0	0	0	0	0	0	0	0	0	0	0	0	0	0	0	0	0	0	0	0	0	0	0	0	0	0	0	0	0	0	0	0	0	0	0	0	0	0	0	0	0	0	0	0	0	0	1	0	0	0	0	0	0	0	0	0	0	0	0	0	0	0	0	0	0	0	0	0	0	0	0	0	0	0	0	0	0	0	0	0	0	0	0	0	0	0	0	0	0	0	0	0	0	0	0	0	0	8	0	0	0	0	0	0	0	0	0	0	0	0	0	0	0	0	0	0	0	0	26	0	0	0	0	0	0	0	0	0	0	0	0	0	0	0	0	0	0	0	0	0	0	0	0	0	0	0	0	0	0	0	0	0	0	0	0	0	0	0	0	0	0	0	0	0	0	0	0	0	0	0	0	0	0	0	0	0	0	0	0	0	0	0	0	0	0	0	0	0	0	0	0	0	0	0	0	0	0	0	0	0	0	0	0	0	0	0	0	0	0	0	0	0	0	0	0	0	0	0	0	0	0	0	0	0	0	0	0	0	0	0	0	0	0	0	0	0	0	0	0	0	0	0	0	0	0	0	0	0	0	0	9	0	0	0	0	0	0	0	0	0	0	0	0	0	0	0	0	0	0	0	0	0	0	0	0	0	0	0	0	0	0	0	0	0	0	0	0	0	0	0	0	0	0	0	0	0	0	0	0	0	0	0	0	0	0	0	0	0	0	0	0	0	0	0	0	0	0	0	0	0	0	0	0	0	0	0	0	0	0	0	0	0	0	0	0	0	0	0	0	0	0	0	0	1	0	0	0	0	0	0	0	0	0	0	0	0	0	0	0	0	0	0	0	0	0	0	0	0	0	0	0	0	0	0	1	0	0	0	0	0	0	0	0	0	0	0	0	0	0	19	0	0	0	0	0	0	0	0	0	0	0	0	0	0	0	0	0	0	0	0	0	0	0	0	0	0	0	0	0	0	0	0	0	0	0	0	0	0	0	0	0	0	0	0	0	0	0	0	0	0	0	0	0	0	0	0	0	0	0	0	0	0	0	0	0	0	0	0	0	0	0	0	0	0	0	0	0	0	0	0	0	0	0	0	0	0	0	0	0	0	0	0	0	0	0	0	0	0	0	0	0	0	0	0	0	0	0	0	0	0	0	0	0	0	6	0	0	0	0	1	0	0	0	0	0	0	0	0	0	0	0	0	0	0	0	0	0	0	0	0	0	0	0	0	0	0	0	0	0	0	0	0	0	0	0	0	0	0	0	0	0	0	0	0	0	0	0	0	0	0	0	0	0	0	0	0	0	0	0	0	0	78	0	0	0	0	0	0	0	0	0	0	0	0	0	0	0	0	0	0	0	0	0	0	0	0	0	0	0	0	0	0	0	0	0	0	0	0	0	0	0	0	0	0	0	0	0	0	0	0	0	0	0	0	0	0	0	0	2	0	0	0	0	0	0	0	0	0	0	0	0	0	0	0	0	0	0	0	0	0	0	0	0	0	0	0	0	0	45	0	0	0	0	0	0	0	0	0	0	0	0	0	0	0	0	0	0	0	0	0	0	0	0	0	0	0	0	0	0	0	0	0	0	0	0	0	0	0	0	0	0	0	0	0	0	0	0	0	0	0	0	0	0	2	0	0	0	0	0	0	0	0	0	0	0	0	0	0	0	0	0	0	0	0	0	0	0	0	0	0	0	0	2	0	0	0	0	0	0	0	0	0	0	0	0	0	0	0	0	0	0	0	0	0	0	0	0	0	0	0	0	0	0	0	0	0	0	0	0	0	0	0	0	0	0	0	0	0	0	0	0	0	0	0	0	0	0	0	0	0	0	0	0	0	0	0	0	0	0	0	0	0	0	0	0	0	0	0	0	0	0	0	0	0	0	0	0	0	0	0	0	0	0	0	0	0	0	0	0	0	0	0	0	0	0	0	0	0	52	0	0	0	0	0	0	0	0	0	0	0	0	0	0	0	0	0	0	0	0	0	0	0	0	0	0	0	0	0	0	0	0	0	0	0	0	0	0	0	0	0	0	0	0	0	0	0	0	0	0	0	0	0	0	0	0	0	0	0	0	0	0	0	0	0	0	0	0	0	0	0	0
29	0	0	0	0	0	0	0	0	0	0	0	0	0	0	0	0	0	0	0	0	0	0	0	0	0	0	0	0	0	0	0	0	0	0	0	0	0	0	0	0	0	0	0	0	0	0	0	0	0	0	0	0	0	0	0	0	0	0	0	0	0	0	0	0	0	0	0	0	0	0	0	0	0	0	0	0	0	0	0	0	0	0	0	0	0	0	0	0	0	0	0	0	0	0	0	0	0	0	0	0	0	0	0	0	0	0	0	0	0	0	0	0	0	0	0	0	0	0	0	0	0	0	0	0	0	0	0	0	0	0	0	0	0	0	0	0	0	0	0	0	0	0	0	0	0	0	0	0	0	0	0	0	0	0	0	0	0	0	0	0	0	0	0	0	0	0	0	0	0	0	0	0	0	0	0	0	0	0	0	0	0	0	0	0	0	0	0	0	0	0	0	0	0	0	0	0	0	0	0	0	0	0	0	0	0	0	0	0	0	0	0	0	0	0	0	0	0	0	0	0	0	0	0	0	0	0	0	0	0	0	7	0	0	0	0	0	0	0	0	0	0	0	0	0	0	0	0	0	0	0	0	0	0	0	0	0	0	0	0	0	0	0	0	0	0	0	0	0	0	0	0	0	0	0	0	0	0	0	0	0	0	0	0	0	0	0	0	0	0	0	0	0	0	0	0	0	0	0	0	0	0	0	0	0	0	0	0	0	0	0	0	0	0	0	0	0	0	0	0	0	0	0	0	0	0	0	0	0	0	0	0	0	0	0	0	0	0	0	0	0	0	0	0	0	0	0	0	0	0	0	0	0	0	0	0	0	0	0	0	0	0	0	0	0	0	0	0	0	0	0	0	0	0	0	0	0	0	0	0	0	0	0	0	0	0	0	0	0	0	0	0	0	0	0	0	0	0	0	0	0	0	0	0	0	0	0	0	0	0	0	0	0	0	0	0	0	0	0	0	0	0	0	0	0	0	0	0	0	0	0	0	0	0	0	0	0	0	0	0	0	0	0	0	0	0	0	0	0	0	0	0	0	0	0	0	0	0	0	0	0	0	0	0	0	0	0	0	0	0	0	0	0	0	0	0	0	0	0	0	0	0	0	0	0	0	0	0	0	0	0	0	0	0	0	0	0	0	0	0	0	0	0	0	0	0	0	0	0	0	0	0	0	0	0	1	0	0	0	0	0	0	0	0	0	0	0	0	0	0	0	0	0	0	0	0	0	0	0	0	0	0	0	0	0	0	0	0	0	0	0	0	0	0	0	0	0	0	0	0	0	0	0	0	0	0	0	0	0	0	0	0	0	0	0	0	0	0	0	0	0	0	0	0	0	0	0	0	0	0	0	0	0	0	0	0	0	0	0	0	0	0	0	0	0	0	0	0	0	0	0	0	0	0	0	0	0	0	0	0	0	0	0	0	0	0	0	0	0	0	0	0	0	0	0	0	0	0	0	0	0	21	0	0	0	0	0	0	0	0	0	0	0	0	0	0	0	0	0	0	0	0	0	0	0	0	0	0	0	0	0	0	0	0	0	0	0	0	0	0	0	0	0	0	0	0	0	0	0	0	0	0	0	0	4	0	0	0	0	0	0	0	0	0	0	0	0	0	0	0	0	0	0	0	0	0	0	0	0	0	0	0	0	0	0	0	0	0	0	0	0	0	0	0	0	0	0	0	0	0	0	0	0	0	0	0	0	0	0	0	0	0	0	0	0	0	0	0	0	0	0	0	0	0	0	0	0	0	0	0	0	0	0	0	0	0	0	0	0	0	0	0	0	0	0	0	0	0	0	0	0	0	0	0	0	0	0	0	0	0	0	0	0	0	0	0	0	0	0	0	0	0	0	0	0	0	0	0	0	0	0	0	0	0	0	0	0	0	0	0	0	0	0	0	0	0	0	0	0	0	0	0	0	0	0	0	0	0	0	0	0	0	0	0	0	0	0	0	0	0	0	0	0	0	0	0	0	0	0	0	0	0	0	0	0	0	0	0	0	0	0	0	0	0	0	0	0	0	0	0	0	0	0	0	0	0	0	0	0	0	0	0	0	0	0	0	0	0	0	0	0	0	0	0	0	0	0	0	0	0	0	0	0	0	0	0	0	0	0	0	0	0	0	0	0	0	0	0	0	0	0	0	0	0	0	0	0	0	0	0	0	0	0	0	0	0	0	0	0	0	0	0	0	0	0	0	0	0	0	0	0	0	0	0	0	0	0	0	0	0	0	0	0	0	0	0	0	0	0	0	0	0	0	0	0	0	0	0	0	0	0	0	0	0	0	0	0	0	0	0	8	0	0	0	0	0	0	0	0	0	0	0	0	0	0	0	0	0	0	0	0	0	0	0	0	0	0	0	0	0	0	0	0	0	0	0	0	0	0	0	0	0	0	0	0	0	0	0	0	0	0	0	0	0	0	0	0	0	0	0	0	0	0	0	0	0	0	0	0	0	0	0	0	0	0	0	0	0	0	0	0	0	0	0	0	0	0	0	0	0	0
30	0	0	0	0	0	0	0	0	0	0	0	0	0	0	0	0	0	0	0	0	0	0	0	0	0	0	0	0	0	0	0	0	0	0	0	0	0	0	0	0	0	0	0	0	0	0	0	0	0	0	0	0	0	0	0	0	0	0	0	0	0	0	0	0	0	0	0	0	0	0	0	0	0	0	0	0	0	0	0	0	0	0	0	0	0	17	0	0	0	0	0	0	0	0	0	0	0	0	0	0	0	0	0	0	0	0	0	0	0	0	0	0	0	0	0	0	0	0	0	0	0	0	0	0	0	0	0	1	0	0	0	0	0	0	0	0	0	0	0	0	0	0	0	0	0	0	0	0	0	0	0	0	0	0	0	0	0	0	0	0	0	0	0	0	0	0	0	0	0	0	0	0	0	0	0	0	0	0	0	0	0	0	0	0	0	0	0	0	0	0	0	0	0	0	0	0	0	0	0	0	0	0	0	0	0	0	0	0	0	0	0	0	0	0	0	0	0	0	0	0	0	0	0	0	0	0	0	0	0	0	0	0	0	0	0	0	0	0	0	0	0	0	0	0	0	0	0	0	0	0	0	0	0	0	0	0	0	0	0	0	0	0	0	0	0	0	0	0	0	0	0	0	0	0	0	0	0	0	0	0	0	0	0	0	0	0	0	0	0	0	0	0	0	0	0	0	0	0	0	0	0	0	0	0	0	0	0	0	0	0	0	0	0	0	0	0	0	0	0	0	0	0	0	0	0	0	0	0	0	0	0	0	0	0	0	0	0	0	0	0	0	0	0	0	0	0	0	0	0	0	0	0	0	0	0	0	0	0	0	0	0	0	0	0	0	0	0	0	0	0	0	0	0	0	0	0	0	0	0	0	0	0	0	0	0	0	0	0	0	0	0	0	0	0	0	0	0	0	0	0	0	0	0	0	0	0	0	0	0	0	0	0	0	0	0	0	0	0	0	0	0	0	0	0	0	0	0	0	0	0	0	0	0	0	0	0	0	0	0	0	0	0	0	0	0	0	0	0	0	0	0	9	0	0	0	0	0	0	0	0	0	0	0	0	0	0	0	0	0	0	0	0	0	0	0	0	0	0	0	0	0	0	0	0	0	0	0	0	0	0	0	0	0	0	0	0	0	0	0	0	0	0	0	0	0	0	0	0	0	0	0	0	0	5	0	0	0	0	0	0	0	0	0	0	0	0	0	0	0	0	0	0	0	0	0	0	0	0	0	0	0	0	0	0	0	0	0	0	0	2	0	0	0	0	0	0	0	0	0	0	0	0	0	0	0	0	0	0	0	0	0	0	0	0	0	0	0	0	0	0	0	0	0	0	0	0	0	0	0	0	0	0	0	0	0	0	0	0	0	0	0	0	0	0	0	0	0	0	0	0	0	0	0	0	0	0	0	0	0	0	0	0	0	0	0	0	0	0	0	0	0	0	0	0	0	0	0	0	0	0	0	0	0	0	0	0	16	0	0	0	0	0	0	0	0	0	0	0	0	0	0	0	2	0	0	0	0	0	0	0	0	0	0	0	0	0	0	0	0	0	0	0	0	0	0	0	0	0	0	0	0	0	0	0	0	0	0	0	0	0	0	0	0	0	0	0	0	0	0	0	0	0	0	7	0	0	0	0	0	0	0	0	0	0	0	0	0	0	0	0	0	0	0	0	0	0	0	0	0	0	0	0	0	0	0	0	0	0	0	0	0	0	0	0	0	0	0	0	0	0	0	0	0	0	0	0	0	0	0	0	0	0	0	0	0	0	0	0	0	0	0	0	0	0	0	0	0	0	0	0	0	0	0	0	0	0	0	0	0	0	0	0	0	0	0	0	0	0	0	0	0	0	0	0	0	0	0	0	0	0	0	0	0	0	0	0	0	0	0	0	0	0	0	0	0	0	0	0	0	0	0	0	0	0	0	0	0	0	0	0	0	0	0	0	0	0	0	0	0	0	0	0	0	0	0	0	0	0	0	0	0	0	0	0	0	0	0	0	0	0	0	0	0	0	0	0	0	0	0	0	0	0	0	0	0	0	0	0	0	0	0	0	0	0	0	0	0	0	0	0	0	0	0	0	0	0	0	0	0	0	0	0	0	0	0	0	0	0	0	0	0	0	0	0	0	0	0	0	0	0	0	0	0	0	0	0	0	0	0	0	0	0	0	0	0	0	0	0	0	0	0	0	0	0	0	0	0	0	0	0	0	0	0	0	0	0	0	0	0	0	0	0	0	0	0	0	0	0	0	0	0	0	0	0	0	0	0	0	0	0	0	0	0	0	0	0	0	0	0	0	0	0	0	0	0	0	0	0	0	0	0	0	0	0	0	0	0	0	0	0	0	0	0	0	0	0	0	0	0	0	0	0	0	0	0	0	0	0	0	0	0	0	0	0	0	0	0	0	0	0	0	0	0	0	0	0	0	0	0	0	0	0	0	0	0	0	0	0	0	0	0	0	0	0	0	0	0	0	0	0	0	0	0	0	0	0	0	0	0	0
31	0	0	0	0	0	0	0	0	95	0	0	0	0	0	0	0	0	0	0	0	0	0	0	0	0	0	0	0	0	0	0	0	0	0	0	0	0	0	0	0	0	0	0	0	0	0	0	0	0	0	0	36	0	0	0	0	0	0	0	0	0	0	0	0	0	0	0	0	0	0	0	0	0	0	0	0	0	0	0	0	0	0	0	0	0	0	0	0	0	0	0	0	0	0	0	0	0	0	0	0	0	0	0	0	0	0	0	0	0	0	0	0	0	0	0	0	0	0	0	0	0	0	0	0	0	0	0	0	0	0	0	0	0	0	0	0	0	0	0	0	0	0	0	0	0	0	0	0	0	0	0	0	0	0	0	0	0	0	0	0	0	0	0	0	0	0	0	0	0	0	0	0	0	0	0	0	0	0	0	0	0	0	0	0	0	0	0	0	0	0	0	0	0	0	0	0	0	0	0	0	0	0	0	0	0	0	0	0	0	0	0	0	0	0	0	0	0	0	0	0	0	0	0	0	0	0	0	0	0	0	0	0	0	0	0	0	0	0	0	0	0	0	0	0	0	1	0	0	0	0	0	0	0	0	0	0	0	0	0	0	0	0	0	0	0	0	0	0	0	0	0	0	0	0	0	0	0	0	0	0	0	0	0	0	0	0	0	0	0	0	0	0	0	0	0	0	0	0	0	0	0	0	0	0	0	0	0	0	0	0	0	0	0	0	0	0	0	0	0	0	0	0	0	0	0	0	0	0	0	0	0	0	0	0	0	0	0	0	0	0	0	0	0	0	0	0	0	0	0	0	0	0	0	0	0	0	0	0	0	0	0	0	0	0	0	0	0	0	0	0	0	0	0	0	0	0	0	0	0	0	0	0	0	0	0	0	0	0	0	0	0	0	0	0	0	0	0	0	0	0	0	0	0	0	0	0	0	0	0	0	0	0	0	0	0	0	0	0	0	0	0	0	0	0	0	0	0	0	0	0	0	0	0	0	0	0	0	0	0	0	0	0	0	0	0	0	0	0	0	0	0	0	0	0	0	5	0	0	0	0	0	0	0	0	0	0	0	0	0	0	6	0	0	0	0	0	0	0	0	0	0	0	0	0	0	0	0	0	0	0	0	0	0	0	0	0	0	0	0	0	0	0	0	0	0	0	0	0	0	0	0	0	0	0	0	0	0	0	0	0	0	0	0	0	5	0	0	0	0	0	0	0	0	0	0	0	1	0	0	0	0	0	0	0	0	0	0	0	0	0	0	0	0	0	0	0	0	0	0	0	0	0	0	0	0	0	0	0	0	0	0	0	0	0	0	0	0	0	0	0	0	0	0	0	0	0	0	0	0	0	0	0	8	0	0	0	0	0	0	0	0	0	0	0	0	0	0	0	0	0	0	0	0	0	0	0	0	0	0	0	0	0	0	0	0	0	0	0	0	0	0	0	0	0	0	0	0	0	0	0	0	0	0	0	0	0	0	0	0	0	0	0	0	0	0	0	0	0	0	0	0	0	0	63	0	0	0	0	0	0	0	0	0	0	0	0	0	0	0	0	0	0	0	0	0	0	0	0	0	0	0	0	0	0	0	0	0	0	0	0	0	0	0	0	0	0	0	0	0	0	0	0	0	0	0	0	0	0	0	0	0	0	0	0	0	0	0	0	0	0	0	0	0	0	0	0	0	0	0	0	0	0	0	0	0	0	0	0	1	0	0	0	0	0	0	0	0	0	0	0	0	0	0	0	0	0	0	0	0	0	0	0	0	0	0	0	0	0	0	0	0	0	0	0	0	0	0	0	0	0	0	0	0	0	0	0	0	0	0	0	0	0	0	0	0	0	0	0	0	0	0	0	0	0	0	0	0	0	0	0	0	0	0	0	0	0	0	0	0	0	0	0	0	0	0	0	0	0	0	0	0	0	0	0	0	0	0	0	0	0	0	0	0	0	0	0	0	0	0	0	0	0	0	0	0	0	0	0	0	0	0	0	0	0	0	0	0	0	0	0	0	0	0	0	0	0	0	0	0	0	0	0	0	0	0	0	0	0	0	16	0	0	0	0	0	0	0	0	0	0	0	1	0	0	0	0	0	0	0	0	0	0	0	0	0	0	0	0	0	0	1	0	0	0	0	0	0	0	0	0	0	0	0	0	0	0	0	0	0	0	0	0	0	0	0	0	0	0	0	0	0	0	0	0	0	0	0	0	0	0	0	0	0	0	0	0	0	0	0	0	0	0	0	0	0	0	0	0	0	0	0	0	0	0	0	0	0	0	0	0	0	0	0	0	0	0	0	0	0	0	0	0	0	0	0	0	0	0	0	0	0	0	0	0	0	0	0	0	0	0	1	0	0	0	0	0	0	0	0	0	0	0	0	0	0	0	0	0	0	0	0	0	0	0	0	0	0	0	0	0	0	0	0	0	0	0	0	0	0	0	0	0	0	0	0	0	0	0	0	0	0	0	0	0	0	0	0	0	0	0	0	0	0	0	0	0	0	0	0	0
32	0	0	0	0	0	0	0	0	0	0	0	0	0	0	0	0	0	0	0	0	0	0	0	0	0	0	0	0	0	0	0	0	0	0	0	0	0	0	0	0	0	0	0	0	0	0	0	0	0	0	0	0	0	0	0	0	0	0	0	0	0	0	0	0	0	0	0	0	0	0	0	0	0	0	0	0	0	0	0	0	0	0	0	0	0	0	0	0	0	0	0	0	0	0	0	0	0	0	0	0	0	0	0	0	0	0	0	0	0	0	0	0	0	0	0	0	0	0	0	0	0	0	0	0	0	0	0	0	0	0	0	0	0	0	0	0	0	0	0	0	0	0	0	0	0	0	0	0	0	0	0	0	0	0	0	0	0	0	0	0	0	0	0	0	0	0	0	0	0	0	0	0	0	0	0	0	0	0	0	0	0	0	23	0	0	0	0	0	0	0	0	0	0	0	0	0	0	0	0	0	0	0	0	0	0	0	0	0	0	0	0	0	0	0	0	0	0	0	0	0	0	0	0	0	0	0	0	0	0	0	0	0	0	0	0	0	0	0	0	0	0	0	0	0	0	0	0	0	0	0	0	0	5	0	0	0	0	0	0	0	0	0	0	0	0	0	0	0	0	0	0	0	0	0	0	0	0	0	0	0	0	0	0	0	38	0	0	0	0	0	0	0	0	0	0	0	0	0	0	0	0	0	0	0	0	0	0	0	0	0	0	0	0	0	0	0	0	0	0	0	0	0	0	0	0	0	0	0	0	0	0	0	0	0	0	0	0	0	0	0	0	0	0	0	0	0	0	0	0	0	0	0	0	0	0	0	0	0	0	0	0	0	0	0	0	0	0	0	0	0	0	0	0	0	0	0	0	0	0	0	0	0	0	0	0	0	0	0	0	0	0	0	0	0	0	0	0	0	0	0	0	0	0	0	0	0	0	0	0	0	0	0	0	0	0	0	0	0	0	0	0	0	0	0	0	0	0	0	0	0	0	0	0	0	0	0	0	0	0	0	0	0	0	0	0	0	0	0	0	0	0	0	0	0	0	0	0	0	0	0	0	0	0	0	0	0	0	0	0	0	0	0	0	0	0	0	0	0	0	0	0	0	0	0	0	0	0	0	0	0	0	0	0	0	0	0	0	0	0	0	1	0	0	0	0	0	0	0	0	0	0	0	0	0	0	0	0	0	0	0	0	0	0	0	0	0	0	0	0	0	0	0	0	0	0	0	0	0	0	0	0	0	0	0	0	0	0	0	0	0	0	0	0	0	0	0	0	0	0	0	0	0	0	0	0	0	0	0	0	0	0	0	0	0	0	0	0	0	0	0	0	0	0	0	0	0	0	0	0	0	0	0	0	0	0	0	0	0	0	0	0	0	0	0	0	0	0	0	0	0	0	0	0	0	0	0	0	4	0	0	0	0	0	0	0	0	0	0	0	0	0	0	0	0	0	0	0	0	0	0	0	0	0	0	0	0	0	0	0	0	0	0	0	0	0	0	0	0	0	0	0	0	0	1	0	0	0	0	0	0	0	0	0	0	0	0	0	0	0	0	0	0	0	0	0	0	0	0	0	0	0	0	0	0	0	0	0	0	0	0	0	0	0	0	0	0	0	0	0	0	0	0	0	0	0	0	0	0	0	0	0	0	0	0	0	0	0	0	0	0	0	0	0	0	0	0	0	0	0	0	0	0	0	0	0	0	0	0	0	0	0	0	0	0	0	0	0	0	0	0	0	0	0	0	0	0	0	0	0	0	0	0	0	0	0	0	0	0	0	0	0	0	0	0	0	0	0	0	0	0	0	0	0	0	0	0	0	0	0	0	0	0	0	0	0	1	0	0	0	0	0	0	0	0	0	0	0	0	0	0	0	0	0	0	0	0	0	0	0	0	0	0	0	0	0	0	0	0	0	0	0	0	0	0	0	0	0	0	0	0	0	0	0	0	0	0	0	0	0	0	0	0	0	0	0	0	0	0	0	0	0	0	0	0	0	0	0	1	0	0	0	0	0	0	0	0	0	0	0	0	0	0	0	0	0	0	0	0	0	0	0	0	0	0	0	0	0	0	0	0	0	7	0	0	0	0	0	0	0	0	0	0	0	0	0	0	0	0	0	0	0	0	0	0	0	0	18	0	0	0	0	0	0	0	0	0	0	0	0	0	0	0	0	0	0	0	0	0	0	0	0	0	0	0	0	0	0	0	0	0	0	0	0	0	0	0	0	0	0	0	0	0	0	0	0	1	0	0	0	0	0	0	0	0	0	0	0	0	0	0	0	0	0	0	0	0	0	0	0	0	0	0	0	0	0	0	0	0	0	0	0	0	0	0	0	0	0	0	0	0	0	0	0	0	0	0	0	0	0	0	0	0	0	0	0	0	0	0	0	0	0	0	0	0	0	0	0	0	0	0	0	0	0	0	0	0	0	0	0	0	0	0	0	0	0	0	0	0	0	0	0	0	0	0	0	0	0	0	0	0	0	0	0	0	0	0	0	50	0	0
33	0	0	0	0	0	0	0	0	0	0	0	0	0	0	0	0	0	0	0	0	0	0	0	0	0	0	0	0	0	0	0	0	0	0	0	0	0	17	0	0	0	0	0	0	0	0	0	0	27	0	0	0	0	0	0	0	0	0	0	0	0	0	0	0	0	0	0	0	0	0	0	0	0	0	0	0	0	0	0	0	0	0	0	0	0	0	0	0	0	0	0	0	0	0	0	0	0	0	0	0	0	0	0	0	0	0	0	0	0	0	0	0	0	0	0	0	0	0	0	0	0	0	0	0	0	0	0	0	0	0	0	0	0	0	0	0	0	0	0	0	0	0	0	0	0	0	0	0	0	0	0	0	0	0	0	0	0	0	0	0	0	0	0	0	0	0	0	0	0	0	0	0	0	0	0	0	0	0	0	0	0	0	0	0	0	0	0	0	0	0	0	0	0	0	0	0	0	0	0	0	0	0	0	0	0	0	0	0	0	0	1	0	0	0	0	0	0	0	0	0	0	0	0	0	0	0	0	0	0	0	0	0	0	0	0	0	0	0	0	0	0	0	0	0	0	0	0	0	0	0	0	0	0	0	0	0	0	0	0	0	0	0	0	0	0	0	0	0	0	0	0	0	0	0	0	7	0	0	0	0	0	0	0	0	0	0	0	0	0	0	0	0	0	0	0	0	0	0	0	0	0	0	0	0	0	0	0	0	0	0	0	0	0	0	0	0	0	0	0	0	0	0	0	0	0	0	0	0	0	0	0	0	0	0	0	0	0	0	0	0	0	0	0	0	0	0	0	0	0	0	0	0	0	0	0	0	0	0	0	0	0	0	0	0	0	0	0	0	0	0	0	0	0	0	0	0	0	0	0	0	0	0	0	0	0	0	0	0	0	0	0	0	16	0	0	0	0	0	0	0	0	0	0	0	0	0	0	0	0	0	0	0	0	0	0	0	0	0	0	0	0	0	0	0	0	0	0	0	0	0	0	0	0	0	0	0	0	0	0	0	0	0	0	0	0	0	0	0	0	0	0	0	0	0	0	0	0	0	0	0	0	0	0	0	0	0	0	0	0	0	0	0	0	0	0	0	0	0	0	0	0	0	0	0	0	0	0	0	0	0	0	0	0	0	0	0	0	0	0	0	0	0	0	0	0	0	0	0	0	0	0	0	0	0	0	0	0	0	0	0	0	0	0	0	0	0	0	0	0	0	0	0	0	0	0	0	0	0	0	0	0	0	0	0	0	0	0	0	0	0	0	0	0	0	0	0	0	0	0	0	0	0	0	0	0	0	0	0	0	0	0	0	0	0	0	0	0	0	0	0	0	0	0	0	0	0	0	0	0	0	0	0	0	0	0	0	0	0	0	0	0	0	0	0	7	0	0	0	0	0	0	0	0	0	0	0	0	0	0	0	0	0	0	0	2	0	0	0	0	0	0	0	0	0	0	0	0	0	0	0	0	0	0	0	0	0	0	0	0	0	0	0	0	0	0	0	0	0	0	0	0	0	0	0	0	0	0	0	0	0	0	0	0	0	0	0	0	0	0	0	0	0	0	0	0	0	0	0	0	0	0	0	0	0	0	0	0	0	0	0	0	0	0	0	0	0	0	0	0	0	0	0	0	0	0	0	0	0	0	0	0	0	0	0	0	0	0	0	0	0	0	0	0	0	0	0	0	0	0	0	0	0	0	0	0	0	0	0	0	0	0	0	0	0	0	0	0	0	0	0	0	0	0	0	0	0	0	0	0	0	0	0	0	0	0	1	0	0	0	23	0	0	0	0	0	0	0	0	0	0	0	0	0	1	0	0	0	0	0	0	0	0	0	0	0	0	0	0	0	0	0	0	0	0	0	0	0	0	0	0	0	0	0	0	0	0	0	0	0	0	0	0	0	0	0	0	0	0	0	0	0	0	0	0	0	0	0	0	0	0	0	5	0	21	0	0	0	0	0	0	0	0	0	0	0	0	0	0	0	0	0	0	0	0	0	0	0	0	0	0	0	0	0	0	0	0	0	0	0	0	0	0	0	0	0	0	0	0	0	0	0	0	0	0	0	0	0	0	0	0	0	0	0	0	0	0	0	0	0	0	0	0	0	0	0	0	0	0	0	0	0	0	0	0	0	0	0	0	0	0	0	0	0	0	0	0	0	0	0	0	0	0	0	0	0	0	0	0	0	0	0	0	0	0	0	0	0	0	0	0	0	0	0	0	0	0	0	0	0	0	0	0	0	0	0	0	0	0	0	0	103	0	0	0	0	0	0	0	0	0	0	0	0	0	0	0	0	0	0	0	0	0	0	0	0	0	0	0	0	0	0	0	0	0	0	0	0	0	0	0	0	0	0	0	0	0	0	2	0	0	0	0	0	0	0	0	0	0	0	0	0	0	0	0	0	0	0	0	0	0	0	0	0	0	0	0	0	0	0	0	0	0	0	0	0	0	0	0	0	0	0	0	0	0	0	0	0	0	0	0	0	0	0	0	0	0	0	0	0	0
34	0	0	0	0	0	0	0	0	0	19	0	0	0	0	0	0	0	0	0	0	0	0	0	0	0	0	0	0	0	0	0	0	0	0	0	0	0	0	0	0	0	0	0	0	0	0	0	0	0	0	0	0	0	0	0	0	0	0	0	0	0	0	0	0	0	0	0	0	0	0	0	0	0	0	0	0	0	0	0	0	0	0	0	0	0	0	0	0	0	0	0	0	0	0	0	0	0	0	0	0	0	0	0	0	0	0	0	0	0	0	0	0	0	0	0	0	0	0	0	0	0	0	0	0	0	0	0	0	0	0	0	0	0	0	0	0	0	0	0	0	0	0	0	0	0	0	0	0	0	0	0	0	0	0	0	0	0	0	0	0	0	7	0	0	0	0	0	0	0	0	0	0	0	0	0	0	0	0	0	0	0	0	0	0	0	0	0	0	0	0	0	0	0	0	0	0	0	0	23	0	0	0	0	0	0	0	0	0	0	0	0	0	0	0	0	0	0	0	0	0	0	0	0	0	0	0	0	0	0	0	0	0	0	0	0	0	0	0	0	0	0	0	0	0	0	0	0	0	0	0	0	0	0	0	0	0	0	0	0	0	0	0	0	0	0	0	0	0	0	0	0	0	27	0	0	0	0	0	0	0	0	0	0	0	0	0	0	0	0	0	0	0	0	0	0	0	0	0	0	0	0	0	0	0	0	0	0	0	0	0	0	0	0	0	0	0	0	0	0	0	0	0	0	0	0	0	0	0	0	0	0	0	0	0	0	0	0	0	0	0	0	0	0	0	0	0	0	0	0	0	0	0	0	0	0	0	0	0	0	0	0	0	0	0	0	0	0	0	0	0	0	0	0	0	0	0	0	0	0	0	0	0	0	0	0	0	0	0	0	0	18	0	0	0	0	0	0	0	0	0	0	0	0	0	0	0	0	0	0	0	0	0	0	0	0	0	0	0	0	0	0	0	0	0	0	0	0	0	0	0	20	0	0	0	0	0	0	0	0	0	0	0	0	0	2	0	0	0	0	0	0	0	0	0	0	0	0	0	0	0	0	0	0	0	0	0	0	0	0	0	0	0	0	0	0	0	0	0	0	0	0	1	0	0	0	0	0	0	0	0	0	0	0	0	0	0	0	0	0	0	0	0	0	0	0	0	0	0	0	0	0	0	0	0	0	0	0	0	0	0	0	0	0	0	0	0	0	0	0	0	0	5	0	0	0	0	0	0	0	0	0	0	0	0	0	0	0	0	0	0	0	0	0	0	0	0	0	0	0	0	0	0	0	0	0	0	0	0	0	0	0	0	0	0	0	0	0	0	0	0	0	0	0	0	0	0	0	0	0	0	0	0	0	0	0	0	0	0	0	0	0	0	0	0	0	0	0	0	0	0	0	0	0	0	0	0	0	0	0	0	0	0	0	0	0	0	1	0	0	0	0	0	0	0	0	0	0	0	0	0	0	0	0	0	0	0	0	0	0	0	0	0	0	0	0	0	0	49	0	0	0	0	0	0	0	0	0	0	0	0	0	0	0	0	0	0	0	0	0	0	0	0	0	0	0	0	0	0	0	0	0	0	0	0	0	0	0	0	0	0	0	0	0	0	0	0	0	0	0	0	0	0	0	0	0	0	0	0	0	0	0	0	0	0	0	0	0	0	0	0	0	0	0	0	0	0	0	0	0	0	0	0	0	0	0	0	0	0	124	0	0	0	0	0	0	0	0	0	0	0	0	0	0	0	0	0	0	1	0	0	0	0	0	0	0	0	0	0	0	0	0	0	0	0	0	0	0	0	0	0	0	0	0	0	0	0	0	0	0	0	0	0	0	0	0	0	0	0	0	0	0	0	0	0	0	0	0	0	7	0	0	0	0	0	0	0	0	0	0	0	0	0	0	0	0	0	0	0	0	0	0	0	0	0	0	0	0	0	0	0	0	0	0	0	0	0	0	0	0	0	0	0	0	0	0	0	0	0	0	0	0	0	0	0	0	0	0	0	0	0	0	0	0	0	0	0	0	0	0	0	0	0	0	0	0	0	0	0	0	0	0	0	0	0	0	0	0	0	10	0	0	0	0	0	0	0	0	0	0	0	0	0	0	0	0	0	0	0	0	0	0	0	0	0	0	0	0	0	0	0	0	0	0	0	0	0	0	0	0	9	0	0	0	0	0	0	0	0	0	0	0	0	0	0	0	0	0	0	0	0	0	0	0	0	0	0	0	0	0	0	0	0	0	0	0	0	0	0	0	0	0	0	0	0	0	0	0	10	0	0	0	0	0	0	0	0	0	0	0	0	0	0	0	0	0	0	0	0	0	0	0	0	0	0	0	0	0	0	0	0	0	0	0	0	0	0	0	0	0	0	0	0	0	0	0	0	0	0	0	0	0	0	0	0	0	0	0	0	0	0	0	0	0	0	0	0	0	0	0	0	0	0	0	0	0	0	0	0	0	0	0	0	0	0	0	0	0	0	0	0	0	0	0	0	0	0	0	0	0	0
35	0	0	0	0	0	0	0	0	0	0	0	0	0	0	0	0	0	0	0	0	0	0	0	0	0	0	0	0	0	0	0	0	0	0	0	0	0	0	0	0	0	0	0	0	0	0	0	0	0	0	0	0	0	0	0	0	0	0	0	0	0	0	0	0	0	0	0	0	0	0	0	0	0	0	0	0	0	0	0	0	0	0	0	0	0	0	0	0	0	0	0	0	0	0	0	0	0	0	0	0	0	0	0	0	0	0	0	0	0	0	0	0	0	0	0	0	0	0	0	7	0	0	0	0	0	0	0	0	0	0	0	0	0	0	0	0	0	0	0	0	0	0	0	0	0	0	0	0	0	0	0	0	0	0	0	0	0	0	0	0	0	0	0	0	0	0	0	0	0	0	0	0	0	0	0	0	0	0	0	0	0	0	0	0	0	0	0	0	0	0	0	0	0	0	0	0	0	0	0	0	0	0	0	1	0	0	0	0	0	0	0	0	0	0	0	0	0	0	0	0	0	0	0	0	0	0	0	0	0	0	0	0	0	0	0	0	0	0	0	0	0	0	0	0	0	0	0	0	0	0	0	0	0	0	0	0	0	0	0	0	0	0	0	0	0	0	0	0	0	0	0	0	0	2	8	0	0	0	0	0	0	0	0	0	0	0	0	0	0	0	0	0	0	0	0	0	0	0	0	0	0	0	0	0	0	0	0	0	0	0	0	0	5	0	0	0	0	0	0	0	0	0	0	0	0	0	0	0	0	0	0	0	0	0	0	0	0	0	0	0	0	0	0	0	0	0	0	0	0	0	0	0	0	0	0	0	0	0	0	0	0	0	0	0	0	0	0	0	0	0	0	0	0	0	0	0	0	0	0	0	0	0	0	0	0	0	0	0	0	0	0	0	0	0	0	0	0	0	0	0	0	0	0	0	0	0	0	0	0	0	0	0	0	0	0	0	0	0	0	0	0	0	0	0	0	0	0	0	0	0	0	0	0	0	0	0	0	0	0	0	0	0	0	0	3	0	0	0	0	0	0	0	0	0	0	0	0	0	0	0	0	0	0	0	0	0	0	0	0	0	0	0	0	0	0	0	0	0	0	0	0	0	0	0	0	0	0	0	0	0	0	0	0	0	0	0	0	0	0	0	0	0	0	0	0	0	0	0	0	0	0	0	0	0	0	0	0	0	0	0	0	0	0	0	0	0	0	0	0	0	0	0	0	0	0	0	0	0	0	0	0	0	0	0	0	0	0	0	0	0	0	0	0	0	0	0	0	0	0	0	0	0	0	0	0	0	0	0	0	0	0	0	0	0	0	0	0	0	0	0	0	0	0	0	0	0	69	0	0	0	0	0	0	0	0	0	0	0	0	0	0	0	0	0	0	0	38	0	0	0	0	0	0	0	0	0	0	0	0	0	0	0	0	0	0	0	0	0	0	0	0	0	0	0	0	0	0	0	0	0	0	0	0	0	0	0	0	0	0	0	0	0	0	0	0	0	0	0	0	0	0	0	0	0	0	0	0	0	0	0	0	0	0	0	0	0	0	0	0	0	0	0	0	0	0	0	0	0	0	0	0	0	0	0	0	0	0	0	0	0	0	0	0	0	0	0	0	0	0	0	0	0	0	0	0	0	4	0	0	0	0	0	0	0	0	0	0	0	0	0	0	0	0	0	0	0	0	0	0	0	0	0	0	0	0	0	0	0	0	0	0	0	0	0	0	0	0	0	0	0	0	0	0	0	0	0	0	0	0	0	0	0	0	0	0	0	0	0	0	0	0	0	0	0	0	0	0	0	0	0	0	0	0	0	0	0	0	0	0	0	0	0	0	0	0	0	0	0	0	0	0	0	0	0	0	0	0	0	0	0	0	0	0	0	0	0	0	0	0	0	0	0	0	0	0	0	0	0	0	0	0	0	0	0	0	0	0	0	0	0	0	0	0	0	0	0	0	0	0	0	0	0	0	0	0	0	0	0	0	0	0	0	0	0	0	0	0	0	0	0	0	0	0	65	0	0	0	0	0	0	0	0	0	0	0	0	0	0	0	0	0	0	0	0	0	0	0	0	0	0	0	0	0	0	0	0	0	0	0	0	0	0	0	0	0	0	0	0	0	0	0	0	0	0	0	0	0	0	0	0	0	0	0	0	0	0	0	0	0	0	0	0	0	0	0	0	0	0	0	0	0	0	0	0	0	0	0	0	0	0	0	0	0	0	0	0	0	0	0	0	0	0	0	0	0	0	0	0	0	0	0	0	0	0	0	0	0	0	0	0	0	0	0	0	0	0	0	0	0	0	0	0	0	0	0	0	0	0	0	0	2	0	0	0	0	0	0	0	0	0	0	0	0	0	0	0	0	0	0	0	0	0	0	0	0	0	0	0	0	0	0	0	0	0	0	0	0	0	0	0	0	0	0	0	0	0	0	0	0	0	0	0	0	0	0	0	0	0	0	0	0	0	0	0	0	0	0	0	0	0	0	0	0	0	0	0	0	0	0	0
36	0	0	0	0	0	0	0	0	0	0	0	0	0	0	0	0	0	0	0	0	0	0	0	0	0	0	0	0	0	0	0	0	0	0	0	0	0	0	0	0	0	0	0	0	0	0	0	0	0	0	0	0	0	0	0	0	0	0	0	0	0	0	0	0	0	0	0	0	0	0	0	0	0	0	0	0	0	0	0	0	0	0	0	0	0	0	0	0	0	0	0	0	0	0	0	0	0	0	0	0	0	0	0	0	0	0	0	0	0	0	0	0	0	0	0	0	0	0	0	0	0	0	0	0	0	0	0	0	0	0	0	0	0	0	0	0	0	0	0	0	0	0	0	0	0	0	0	0	0	0	0	0	0	0	0	0	0	0	0	0	0	0	0	0	0	0	0	0	0	0	0	0	0	0	0	0	0	0	0	0	0	0	0	0	0	0	0	0	0	0	0	0	0	0	0	0	0	0	0	0	0	0	0	0	0	0	0	0	0	0	0	0	0	0	0	0	0	0	0	0	0	0	0	0	0	0	0	0	0	0	0	0	0	0	0	0	0	0	0	0	0	0	0	0	0	0	0	0	0	0	0	0	0	0	0	0	0	0	0	0	0	0	0	0	0	0	0	57	0	0	0	15	0	0	0	0	0	0	5	0	0	0	0	0	0	0	0	0	0	0	0	0	0	0	0	0	0	0	0	0	0	0	0	0	0	0	0	0	0	0	0	0	0	0	0	0	0	0	0	0	0	0	0	0	0	0	0	0	0	0	0	0	9	0	0	0	0	0	0	0	0	0	0	0	0	0	0	0	0	0	0	0	0	0	0	0	0	0	0	0	0	0	0	0	0	0	0	0	0	0	0	0	0	19	0	0	0	0	0	0	0	0	0	0	0	0	0	0	0	0	0	0	0	0	0	0	0	0	0	0	0	0	0	0	0	0	0	0	0	0	0	0	0	0	0	0	0	0	0	0	0	0	0	0	0	0	0	0	0	0	0	0	0	0	0	0	0	0	0	0	0	0	0	0	0	0	0	0	0	0	0	0	0	0	0	0	0	0	0	0	0	0	0	0	0	0	0	0	0	0	0	0	0	0	0	0	0	0	0	0	0	0	0	0	0	0	0	0	0	0	0	0	0	0	0	0	0	0	0	0	0	0	0	0	0	0	0	0	4	0	0	0	0	0	0	0	0	0	0	0	0	0	0	0	0	0	0	0	0	0	0	0	0	0	0	0	0	0	0	0	0	0	0	0	0	0	0	0	0	0	0	0	0	0	0	0	0	0	0	0	0	0	0	0	0	0	0	0	0	0	0	0	0	0	0	0	0	0	0	0	0	0	0	0	0	0	0	0	0	0	0	0	0	0	0	0	0	0	0	0	0	0	0	0	0	0	0	0	0	0	0	0	0	0	0	0	0	0	0	0	0	0	0	0	0	4	0	0	0	0	0	0	0	0	0	0	0	0	0	0	0	0	0	0	0	0	0	0	0	0	0	0	0	0	0	0	0	0	0	0	0	0	0	0	0	26	0	0	0	0	0	0	0	0	0	0	0	0	0	0	0	0	0	0	0	0	0	0	0	0	0	0	0	0	0	0	0	0	0	0	0	0	0	0	0	0	0	0	0	0	0	0	0	0	0	0	0	0	0	0	0	0	0	0	0	0	0	0	0	0	0	0	0	0	0	0	0	0	0	0	0	0	0	0	0	0	0	0	0	0	0	0	0	0	0	0	0	0	0	0	0	0	0	0	0	0	0	0	0	0	0	0	0	0	0	0	0	0	0	0	0	0	0	0	0	0	0	0	0	0	0	0	0	0	0	0	0	0	0	0	0	0	0	2	0	0	0	0	0	0	0	0	0	0	0	0	0	0	0	0	0	0	0	0	0	0	0	0	0	0	0	0	0	0	0	0	0	0	0	0	0	0	0	0	0	0	0	0	0	0	0	0	0	0	0	0	0	0	0	0	0	0	0	0	0	0	0	0	0	0	0	0	0	0	0	0	0	0	0	0	0	0	0	0	0	0	0	0	0	0	0	0	0	0	0	0	0	0	0	0	0	0	0	0	0	0	0	0	0	0	0	2	0	0	0	0	0	0	0	0	0	0	0	0	0	0	0	0	0	0	0	0	0	0	0	0	0	0	0	0	0	0	0	0	0	0	0	0	0	0	0	0	0	0	0	0	0	0	0	0	0	0	0	0	0	0	0	0	0	0	0	0	0	0	0	0	0	0	0	0	0	0	0	0	0	0	0	0	0	0	0	0	0	0	0	0	0	0	0	0	0	0	0	0	0	0	0	0	0	0	0	0	0	0	0	0	0	0	0	0	0	0	0	0	0	0	0	0	0	0	0	0	0	0	0	0	0	0	0	0	0	0	0	0	0	0	0	0	0	0	0	0	0	0	0	0	0	0	0	0	0	0	0	0	0	0	0	0	0	0	0	0	0	0	0	0	0	0	0	0	0	0	0	0	0	0	0	0	0	0	0	0	0	0	0	0	0	1	0	0
37	0	0	0	0	0	0	0	0	0	0	0	0	0	0	0	0	0	0	0	0	0	0	0	0	0	0	0	0	0	0	0	0	0	0	0	0	0	0	0	0	0	0	0	0	0	0	0	0	0	0	0	0	0	0	0	0	17	0	0	0	0	0	0	0	0	0	0	0	0	0	0	0	0	0	0	0	0	0	0	0	0	0	0	0	0	0	0	0	0	0	0	0	0	0	0	0	0	0	0	0	0	0	0	0	0	0	0	0	0	0	0	0	0	0	0	0	0	0	0	0	0	0	0	0	0	0	1	0	0	0	0	0	0	0	0	0	0	0	0	0	0	0	0	0	0	0	0	0	0	0	0	0	0	0	0	0	0	0	0	0	0	0	0	0	0	0	0	0	0	0	0	0	0	0	0	0	0	0	0	0	0	0	0	0	0	0	0	0	1	0	0	0	0	0	0	0	0	0	0	0	0	0	0	0	0	0	0	0	0	0	0	0	0	0	0	0	0	0	0	0	0	5	0	0	0	0	0	0	0	0	0	0	0	0	0	0	0	0	0	0	0	0	0	0	0	0	0	0	0	0	0	0	0	0	0	0	0	0	0	0	0	0	0	0	0	0	0	0	0	0	0	0	0	0	0	0	0	0	0	0	0	0	0	0	0	0	0	0	0	0	0	0	0	0	0	0	0	0	0	0	0	0	0	0	0	0	0	0	0	0	0	0	0	0	0	0	0	0	0	0	0	0	0	0	0	14	0	0	0	0	0	0	0	0	0	0	0	0	0	0	0	0	0	0	0	0	0	0	0	0	0	0	0	0	0	0	0	0	0	0	0	0	0	0	0	0	0	0	0	0	0	0	0	0	0	0	0	21	0	0	0	0	0	0	0	0	0	0	0	0	0	0	0	0	0	0	0	0	0	0	0	0	0	0	0	0	0	0	0	0	0	0	0	0	0	0	0	0	0	1	0	0	0	0	0	0	0	0	0	0	0	0	0	0	0	0	0	0	0	0	0	0	0	11	0	0	0	0	0	0	0	0	0	0	0	0	0	0	0	0	0	0	0	0	0	0	0	0	0	0	0	0	0	0	0	0	0	0	0	0	0	0	0	0	0	0	0	0	0	0	0	0	0	0	0	0	0	0	0	0	0	0	0	0	0	0	0	0	0	0	0	0	0	0	0	0	0	0	0	0	0	0	0	0	0	0	0	0	0	0	0	0	0	0	0	0	0	0	0	0	0	0	0	0	0	0	0	0	0	0	0	0	0	0	0	0	0	0	0	0	0	0	0	0	0	0	0	0	0	0	0	0	0	0	0	0	0	0	0	0	0	0	0	0	0	0	0	0	0	0	0	0	0	0	0	0	0	0	0	0	0	0	0	0	0	0	0	0	0	0	0	0	0	0	0	0	0	0	0	0	0	0	0	0	0	0	0	0	0	0	0	0	0	0	0	0	0	0	0	0	3	0	0	0	0	0	0	0	0	0	0	0	0	0	0	0	0	0	0	0	0	0	0	0	0	0	0	0	0	0	0	0	0	0	0	0	0	0	0	0	0	0	0	0	0	0	0	0	0	0	0	0	0	0	0	0	0	0	0	0	0	0	0	0	0	0	0	0	0	0	0	0	0	0	0	0	0	0	0	0	0	0	0	0	0	0	0	0	0	0	0	0	0	0	0	0	0	0	0	0	0	0	0	0	0	0	0	0	0	0	0	0	0	0	0	0	0	0	0	0	0	0	0	0	0	0	0	0	0	0	0	0	0	0	0	0	0	0	0	0	0	0	0	0	0	0	0	0	0	0	0	0	0	0	0	0	0	0	0	0	0	0	0	0	0	0	0	0	0	0	0	0	0	0	0	0	0	0	0	0	0	0	0	0	0	0	0	0	0	0	0	0	0	0	0	0	0	0	0	0	0	0	0	0	0	0	0	0	0	0	0	0	0	0	0	0	0	0	0	0	0	0	0	0	0	0	0	0	0	0	0	0	0	0	0	0	0	0	0	0	0	0	0	0	0	0	0	0	0	0	0	0	0	0	0	0	0	0	0	0	0	0	7	0	0	0	0	0	0	0	0	0	0	0	0	0	0	0	0	0	0	0	0	0	0	0	0	0	0	0	0	0	0	0	0	0	0	0	0	0	0	0	0	0	0	0	0	0	0	0	0	0	0	0	0	0	0	0	0	0	0	0	0	0	0	0	0	0	0	0	0	0	0	0	0	0	0	0	0	0	0	0	0	0	0	0	0	0	0	0	0	0	0	0	0	0	0	0	0	0	0	0	0	0	0	0	0	0	0	0	0	0	0	0	0	0	0	0	0	0	0	0	0	0	0	0	0	0	0	0	0	0	0	0	0	0	0	0	0	0	0	0	0	0	0	0	0	0	0	0	0	0	0	0	0	0	0	0	0	0	0	0	0	0	0	0	0	0	0	0	0	0	0	0	0	0	0	0	0	0	0	0	0	0	0	0	0	3	0	0	0	0	0	0	0	0	0	1	0	0
38	0	0	0	0	0	0	0	0	0	0	0	0	0	0	0	0	0	0	0	0	0	0	0	0	0	0	0	0	0	0	0	0	0	0	0	0	0	0	0	0	0	0	0	0	0	0	0	0	0	0	0	0	0	0	0	0	0	0	0	0	0	0	0	0	0	0	0	0	0	0	0	0	0	0	0	0	0	0	0	0	0	0	0	0	0	0	0	0	0	0	0	0	0	0	0	0	0	0	0	0	0	0	0	0	0	0	0	0	0	0	0	0	0	0	0	0	0	0	0	0	0	0	0	0	0	0	0	0	0	0	0	0	0	0	0	0	0	0	0	0	0	0	0	0	0	0	0	0	0	0	0	0	0	0	0	0	0	0	0	0	0	0	0	0	6	0	0	0	0	0	0	0	0	0	0	0	0	0	0	0	0	0	0	0	0	0	0	0	0	0	0	0	0	0	0	0	0	0	0	0	0	0	0	0	0	0	0	0	0	0	0	0	0	0	0	0	0	0	0	0	0	0	0	0	5	0	0	0	0	0	0	0	0	0	0	0	0	0	0	0	0	0	0	0	0	0	0	0	0	0	0	0	0	0	0	0	0	0	0	0	0	0	0	0	0	0	0	0	0	0	0	0	0	0	0	0	0	0	0	0	0	0	0	0	0	0	0	0	0	0	0	0	0	0	0	0	0	0	0	0	0	0	0	0	0	0	0	0	0	0	0	0	0	0	0	0	0	0	0	0	0	0	0	0	0	0	0	0	0	0	0	0	13	0	0	0	0	0	0	0	0	0	0	0	0	0	0	0	0	0	0	0	0	0	0	0	0	0	0	0	0	0	0	0	0	0	0	0	0	0	0	0	0	0	0	0	0	0	0	0	0	0	0	0	0	0	0	0	0	0	0	0	0	0	0	0	0	0	0	0	0	0	0	0	0	0	0	0	0	0	0	0	0	0	0	0	0	0	0	0	0	0	0	0	0	0	0	0	0	0	0	0	0	0	0	0	0	0	0	0	0	0	0	0	0	0	0	0	0	0	0	0	0	0	0	0	0	0	0	0	0	0	0	0	0	0	0	0	0	0	0	0	0	0	0	0	0	0	0	0	0	0	0	0	0	0	0	0	0	0	0	0	0	0	0	0	0	0	0	0	0	0	0	0	0	0	0	0	0	0	0	0	0	0	0	0	0	0	0	0	0	0	0	0	0	0	0	0	0	0	0	0	0	0	0	0	0	0	0	0	0	0	38	0	0	0	0	0	0	0	0	0	0	0	0	0	0	0	0	0	0	0	0	0	0	0	0	0	0	0	0	0	0	0	0	0	0	0	0	0	0	0	0	0	0	0	0	0	0	0	0	0	0	0	0	0	0	0	0	0	0	0	0	0	0	0	0	0	0	0	0	0	0	0	0	0	0	0	0	0	0	0	0	0	0	0	0	0	0	0	0	0	0	0	0	0	0	0	0	0	0	0	0	0	0	0	0	0	0	0	0	0	0	0	0	0	0	0	0	0	0	2	0	0	0	0	0	0	0	0	0	0	0	0	0	0	0	0	0	0	0	0	0	0	0	0	0	0	0	0	0	0	0	0	0	0	0	0	0	0	0	0	0	0	0	0	0	0	0	0	0	0	0	0	0	0	0	0	0	0	0	0	0	0	0	0	0	0	0	0	0	0	0	0	0	0	0	0	0	0	17	0	0	0	0	0	0	0	0	0	0	0	0	0	0	0	0	0	0	0	0	0	0	0	0	0	0	0	0	0	0	0	0	0	0	0	0	0	0	0	0	0	0	0	0	0	0	0	0	0	0	0	0	0	0	0	0	0	0	0	0	3	0	0	0	0	0	0	0	0	0	0	0	0	0	0	0	0	0	0	13	0	0	0	0	0	0	0	0	0	0	0	0	0	0	0	0	0	0	0	0	0	0	0	0	0	0	0	0	0	0	0	0	0	0	0	0	0	0	0	0	0	0	0	0	0	0	0	0	0	0	0	0	0	0	0	0	7	0	0	0	0	0	0	0	0	0	0	0	0	0	0	116	0	0	0	0	0	0	0	0	0	0	0	0	0	0	0	0	0	0	0	0	0	0	0	0	0	0	0	0	0	0	0	0	0	0	0	0	0	0	0	0	0	0	0	0	0	0	0	0	0	0	0	0	0	0	18	0	0	0	0	0	0	0	0	0	0	0	0	0	0	0	0	0	0	0	0	0	0	0	0	0	0	0	0	0	0	0	0	0	0	0	0	0	0	0	0	0	0	0	0	0	0	0	0	0	0	0	0	0	0	0	0	0	0	0	0	0	0	0	0	0	0	0	0	0	0	0	0	0	0	0	0	0	0	0	0	0	0	0	0	0	0	0	0	0	0	0	0	3	0	0	0	0	0	0	0	0	0	0	0	0	0	0	0	0	0	0	0	0	0	0	0	0	0	0	0	0	0	0	0	0	0	0	0	0	0	0	0	4	0	0	0	0	0	0	0	0	15	0	0	0	0	0	0	0	0	0	0
39	0	0	0	0	0	0	0	0	0	0	0	0	0	0	0	0	0	0	0	0	0	0	0	0	0	0	0	0	0	0	0	0	0	0	0	0	0	0	0	0	0	0	0	0	0	0	0	0	0	0	0	0	0	0	0	0	0	0	0	0	0	0	0	0	0	0	0	0	0	0	0	0	0	0	0	0	0	0	0	0	0	0	0	0	0	0	0	0	0	0	0	0	0	0	0	0	0	0	0	0	21	0	0	0	0	0	0	0	0	0	0	0	0	0	0	5	0	0	0	0	0	0	0	0	0	0	0	0	0	0	0	0	0	0	0	0	0	0	0	0	0	0	0	0	0	0	0	0	0	0	0	0	0	0	0	0	0	0	0	0	0	0	0	0	0	0	0	0	0	0	0	0	0	0	0	0	0	0	0	0	0	0	0	0	0	0	0	0	12	0	0	0	0	0	0	0	0	0	0	0	0	0	0	0	0	0	0	0	0	0	0	0	0	0	0	0	0	0	0	0	0	0	0	0	0	0	0	0	0	0	0	0	0	0	0	0	0	0	0	0	0	0	0	0	0	22	0	0	0	0	0	0	0	0	0	0	0	0	0	0	0	0	0	0	0	0	0	0	0	0	1	0	0	0	0	12	0	0	0	0	0	0	0	0	0	0	0	0	0	0	0	0	0	0	0	0	0	0	0	0	0	1	0	0	0	0	0	0	0	0	0	0	0	0	3	0	0	0	0	0	0	0	0	0	0	0	0	0	0	0	0	0	0	0	0	0	0	0	0	0	0	0	0	0	0	0	0	0	0	0	0	0	0	0	0	0	0	0	0	0	0	0	0	0	0	0	0	0	0	0	0	0	0	0	0	0	0	0	0	0	0	0	0	0	0	0	0	0	0	0	0	0	0	0	0	0	0	0	0	0	0	0	0	0	0	0	0	0	0	0	0	0	0	0	0	0	0	0	0	0	0	0	0	0	0	0	0	0	0	0	0	4	0	0	0	0	0	0	0	0	0	0	0	0	0	0	0	0	0	0	0	0	0	0	0	0	0	0	0	0	0	0	0	0	0	0	0	0	0	0	0	0	0	0	0	0	0	0	0	0	0	0	0	0	0	0	0	0	0	0	0	12	0	0	0	0	0	0	0	0	0	0	0	0	0	0	0	0	0	0	0	0	0	0	0	0	0	0	0	0	0	0	0	0	0	0	0	0	0	0	0	0	0	0	0	0	0	0	0	0	0	0	0	0	0	0	0	0	0	0	0	0	0	0	0	0	0	0	0	1	0	0	0	0	0	0	0	0	0	0	0	0	0	0	0	0	0	1	0	0	0	0	0	0	0	0	0	0	0	0	0	0	0	0	0	0	0	0	0	0	0	0	0	0	0	0	0	0	0	0	0	0	0	0	0	0	0	0	0	0	0	0	0	0	0	0	0	0	0	0	0	0	0	0	0	0	0	0	0	0	0	0	0	0	0	0	0	0	0	0	0	0	0	0	0	0	0	0	0	0	0	0	0	0	0	0	0	0	0	0	0	0	0	0	0	0	0	0	0	0	0	0	0	0	0	0	0	0	0	38	0	0	0	0	0	0	0	0	0	0	0	0	0	0	0	0	0	0	0	0	0	0	0	0	0	0	0	0	0	0	0	0	0	0	0	0	0	0	0	0	0	0	0	0	0	0	0	0	0	0	0	0	0	0	0	0	0	0	0	0	0	0	0	0	0	0	0	0	0	0	0	0	0	0	0	0	0	0	0	0	0	0	0	0	0	0	0	0	0	0	0	0	0	0	0	0	0	0	0	0	0	1	0	0	0	0	0	0	0	0	0	0	0	0	0	0	0	0	0	0	0	0	0	0	0	0	0	0	0	0	0	0	0	0	0	0	0	0	0	0	0	0	0	0	0	0	0	0	0	0	0	0	0	0	2	0	0	0	0	0	0	0	0	0	0	0	0	0	0	0	0	0	0	0	0	0	0	0	0	0	0	0	0	0	0	0	0	0	0	0	0	0	0	0	0	0	0	0	0	0	0	0	0	0	0	0	0	0	0	0	0	0	0	0	0	0	0	0	0	0	0	0	0	0	0	0	0	0	0	0	0	0	0	0	0	0	0	0	0	1	0	0	0	0	0	0	0	0	0	0	0	0	0	0	0	0	0	0	0	0	0	0	0	0	0	0	0	0	0	0	0	0	0	0	0	0	0	0	0	0	0	0	0	0	0	0	0	0	0	0	0	0	0	0	0	0	0	0	0	0	0	0	0	0	0	0	0	0	0	0	0	0	0	0	0	0	0	0	0	0	0	0	0	0	0	0	0	0	0	0	0	0	0	0	0	0	0	0	0	0	0	0	0	0	0	0	0	0	0	0	0	0	0	0	0	0	0	0	0	0	0	0	0	0	0	0	0	0	0	0	0	0	0	0	0	0	0	0	0	0	0	0	0	0	0	0	0	0	0	0	0	0	0	0	0	0	0	0	0	0	0	0	0	0	0	0	0	0	0	0
40	0	0	0	0	0	0	0	0	0	0	0	0	0	0	0	0	0	0	0	0	0	0	0	0	0	0	0	0	0	0	0	0	0	0	0	0	0	0	0	0	0	0	0	0	0	0	0	0	0	0	0	0	0	0	0	0	0	0	0	0	0	0	0	0	0	0	0	0	0	0	0	0	0	0	0	0	0	0	0	0	0	0	0	0	0	0	0	0	0	0	0	0	0	0	0	0	0	0	0	0	0	0	0	0	0	0	0	0	0	0	0	0	0	0	0	0	0	0	0	0	0	0	0	0	0	0	0	0	0	0	0	0	0	0	0	0	0	0	0	0	0	0	0	0	0	0	0	0	0	0	0	0	0	0	0	0	0	0	0	0	0	0	0	0	0	0	0	0	0	0	0	0	0	0	28	0	0	0	0	0	0	0	0	0	0	0	0	0	0	0	0	0	0	0	0	0	0	0	3	0	0	0	0	0	0	0	0	0	0	0	0	0	0	0	0	0	0	0	0	0	0	0	0	0	0	0	0	0	0	0	0	0	0	0	0	0	0	0	0	0	0	0	0	0	0	0	0	0	0	0	0	0	0	0	0	0	0	0	0	0	0	0	0	0	0	0	0	0	0	0	0	0	0	0	0	0	0	0	0	0	0	0	0	0	0	0	0	0	0	0	0	0	8	0	0	0	0	0	0	0	0	0	0	0	0	0	0	0	0	0	0	0	0	0	0	0	0	0	0	0	0	0	0	0	0	0	0	0	0	0	0	0	0	0	0	0	0	0	0	0	0	0	0	0	0	0	0	0	0	0	0	0	0	0	0	0	0	0	0	0	0	0	0	0	0	0	0	0	0	0	0	0	0	0	0	0	0	0	0	0	0	0	0	0	0	0	0	0	0	0	0	0	0	0	0	0	0	0	0	0	0	0	0	0	0	0	0	0	0	0	0	0	0	0	0	0	0	0	0	0	0	0	0	0	0	0	0	0	0	0	0	0	0	0	0	0	0	0	0	0	0	0	0	0	0	0	0	0	0	0	0	0	0	0	0	0	0	0	0	0	0	0	0	0	0	0	0	0	0	0	0	0	0	0	0	0	0	0	0	0	0	0	0	0	0	0	0	0	0	0	0	0	0	0	0	0	0	0	0	0	0	0	0	0	0	0	0	0	0	0	0	0	0	0	0	0	0	0	0	0	0	0	0	0	0	0	0	0	0	0	0	0	0	0	0	0	0	0	0	0	0	0	0	0	0	0	0	0	0	6	0	0	0	2	0	0	0	0	0	0	0	1	0	0	0	0	0	0	0	0	0	0	0	0	0	0	0	0	0	0	0	0	0	0	0	0	0	0	0	0	0	0	0	0	0	0	0	0	0	0	0	0	0	0	0	0	0	0	0	0	0	0	0	0	0	0	0	0	0	0	0	0	0	0	0	0	0	0	0	0	0	0	0	0	1	0	0	0	0	0	0	0	0	0	0	0	0	0	0	0	0	0	0	0	0	0	0	0	0	0	0	0	0	0	0	0	0	0	0	0	0	0	0	0	0	0	0	0	0	0	0	0	0	0	0	0	0	0	0	0	0	0	0	2	0	0	0	0	0	0	0	0	0	0	0	0	0	0	0	0	0	0	0	0	0	0	0	0	0	0	0	0	0	0	0	0	0	0	0	0	0	0	0	0	0	0	0	0	0	0	0	0	0	0	0	0	0	0	0	0	0	0	0	0	0	0	0	0	0	0	0	0	0	0	0	0	0	0	0	0	0	0	0	0	0	0	0	2	0	0	0	0	0	0	0	0	0	0	0	0	0	0	0	0	0	0	0	0	0	0	0	0	0	0	0	0	0	0	0	0	0	0	0	0	0	0	0	0	0	0	0	0	0	0	0	0	0	0	0	0	0	0	0	0	0	0	0	0	3	0	0	0	0	0	0	0	0	0	0	0	0	0	0	0	0	0	0	0	0	0	0	0	0	0	0	0	0	0	0	0	0	0	0	0	0	0	0	0	0	0	0	0	0	0	0	0	0	0	0	0	0	0	0	0	0	0	0	0	0	0	0	0	0	0	0	0	0	0	0	0	0	0	0	0	0	0	0	0	0	0	0	0	0	0	18	0	0	0	0	0	0	0	0	0	0	0	0	0	0	0	0	0	0	0	0	0	0	0	0	0	0	0	0	0	0	0	0	0	0	0	0	0	0	0	0	0	0	0	0	0	0	0	0	0	0	0	0	0	0	0	0	0	0	0	0	0	0	0	0	0	0	0	0	0	0	0	0	0	0	0	0	0	0	0	0	0	0	0	0	0	0	0	0	0	0	0	0	0	0	0	0	0	0	0	0	0	0	0	0	0	0	0	0	0	0	0	0	1	0	0	0	0	0	0	0	0	0	0	0	0	0	0	0	0	0	0	0	0	0	0	0	0	0	0	0	0	0	0	0	0	0	0	0	0	0	0	0	0	0	0	0	0	0	0	0	0	0	0	0	0	0	0	0	0	0	0	0	0	0	0
41	0	0	0	0	0	0	0	0	0	0	0	0	0	0	0	0	0	0	0	0	0	0	0	0	0	0	0	0	0	0	0	0	0	0	0	0	0	0	0	0	0	0	0	0	0	0	0	0	0	0	0	0	0	0	0	0	0	0	0	0	0	0	0	0	0	0	0	0	0	0	67	0	0	0	0	0	0	0	0	0	0	0	0	0	0	0	0	0	0	0	0	0	0	0	0	0	0	0	0	0	0	0	0	0	0	0	0	0	0	0	0	0	0	0	0	0	0	0	0	0	0	0	0	0	0	0	0	0	0	0	0	0	0	0	0	0	0	0	0	0	0	0	0	0	0	0	0	0	0	0	0	0	0	0	0	0	0	0	0	0	0	0	0	0	0	0	0	0	0	0	0	0	0	0	0	0	0	0	0	0	0	0	0	0	0	0	0	0	0	0	0	0	0	0	0	0	0	0	0	0	0	0	0	0	0	0	0	0	0	0	0	0	0	0	0	0	0	0	0	0	0	0	0	0	0	2	0	0	0	1	0	0	0	0	0	0	0	0	0	0	0	0	0	0	0	0	0	0	0	0	0	0	0	0	0	0	0	0	0	0	0	0	0	0	0	0	0	0	0	0	0	0	0	0	0	0	0	0	0	0	0	0	0	0	0	0	0	0	0	0	0	0	0	0	0	0	0	0	0	0	0	0	0	0	0	0	0	0	0	0	0	0	0	0	0	0	0	0	0	0	0	0	0	0	0	0	0	0	0	0	0	0	0	0	0	0	0	0	0	0	0	0	0	0	0	0	0	0	0	0	0	0	0	0	0	0	0	0	0	0	0	0	0	0	0	0	0	0	0	0	0	0	0	0	0	0	0	0	0	0	0	0	0	0	0	0	0	0	0	0	0	0	0	0	0	0	0	0	0	0	0	0	0	0	3	0	0	0	0	0	0	0	0	0	0	0	0	0	0	0	0	0	0	0	0	0	0	0	0	0	0	0	0	0	0	0	0	0	0	0	0	0	0	0	0	0	0	0	0	0	0	0	0	0	0	0	0	0	0	0	0	0	0	0	0	0	0	0	0	0	0	0	0	0	0	0	0	0	0	0	0	0	0	0	0	0	0	0	0	0	0	0	0	0	0	0	0	0	0	0	0	0	0	4	0	0	0	0	0	0	0	0	0	0	0	0	0	0	0	0	0	0	0	0	0	0	0	0	0	0	0	0	0	0	0	0	0	0	0	0	0	0	0	0	0	0	0	0	0	0	0	0	0	0	0	0	0	0	0	0	0	0	0	0	0	0	0	0	0	0	0	0	0	0	0	0	0	0	0	0	0	0	0	0	0	0	0	0	0	0	0	0	0	2	0	0	0	0	0	0	0	0	0	0	0	0	0	0	0	0	0	0	0	0	0	0	0	0	0	0	0	0	0	0	0	0	0	0	0	0	0	0	0	0	0	0	0	0	0	0	0	0	0	0	0	0	0	0	0	0	0	0	0	0	0	0	0	6	0	0	0	0	0	0	0	0	0	0	0	0	0	0	0	0	0	0	0	0	0	0	0	0	0	0	0	0	6	0	0	0	0	0	0	0	0	0	0	0	0	0	0	0	0	0	0	0	0	0	0	0	0	0	0	0	0	0	0	0	0	0	0	0	0	0	0	0	0	0	0	0	0	0	0	0	0	0	0	0	0	0	0	0	0	0	0	0	0	0	0	0	0	0	0	0	0	0	0	0	0	0	0	0	0	0	0	0	0	0	0	0	0	0	0	0	0	0	0	0	0	0	0	0	0	0	0	0	0	0	0	0	0	0	0	0	0	0	0	0	0	0	0	0	0	0	0	0	0	0	0	0	0	0	0	0	0	0	0	0	0	0	36	0	0	0	0	0	0	0	0	0	0	0	1	0	0	0	0	0	0	0	0	0	0	0	0	0	0	0	0	0	0	0	0	0	0	0	0	0	0	0	0	0	0	0	0	0	0	0	0	0	0	0	0	0	0	0	0	0	0	0	0	0	0	0	0	0	0	0	0	0	0	0	0	0	0	0	0	0	0	0	0	0	0	0	0	0	0	0	10	0	0	1	0	0	0	0	0	0	0	0	0	0	0	0	0	0	0	0	0	0	0	0	0	0	0	0	0	0	0	0	0	0	0	0	0	0	0	0	0	0	0	0	0	0	0	2	0	0	0	0	0	0	0	0	0	0	0	0	0	0	0	0	0	0	0	0	0	0	0	0	0	0	0	0	0	0	0	0	0	0	0	0	0	0	0	0	0	0	0	0	0	0	0	0	0	0	0	0	0	0	0	0	0	0	0	0	0	0	0	0	0	0	0	0	0	0	0	0	0	0	0	0	0	0	0	0	0	0	0	0	0	0	0	0	0	0	0	0	0	0	0	0	0	0	0	0	0	0	0	0	0	0	0	0	0	0	0	0	0	0	0	0	0	0	23	0	0	0	0	0	0	0	0	0	0	0	0	0	0	0	0	0	0	0	0	0	0	0	0	0
42	0	0	0	0	0	0	0	0	0	0	0	0	0	0	0	0	0	0	0	0	0	0	0	0	0	0	0	0	0	0	0	0	0	0	0	0	0	0	0	0	0	0	0	0	0	0	0	0	0	0	0	0	0	0	0	0	0	0	0	0	0	0	0	0	0	0	0	0	0	0	0	0	0	0	0	0	0	0	0	0	0	0	0	0	0	0	0	0	0	0	0	0	0	0	0	0	0	0	0	0	0	0	0	0	0	0	0	0	0	0	0	6	0	0	0	0	0	0	0	0	0	0	0	0	0	0	0	0	0	0	0	0	0	0	0	0	0	0	0	0	0	0	0	0	0	0	0	0	0	0	0	0	0	0	0	0	0	0	0	0	0	0	0	0	0	0	0	0	0	0	0	0	0	0	0	0	0	0	0	0	0	0	0	0	0	0	0	0	0	0	0	0	0	0	0	0	0	0	0	0	0	0	0	0	0	0	0	0	0	0	0	0	0	0	0	0	0	0	0	0	0	0	0	0	0	0	0	0	0	0	0	0	0	0	0	0	0	0	0	0	0	0	0	0	0	0	0	0	0	0	0	0	0	0	0	0	0	0	0	0	0	0	0	0	0	0	0	0	0	0	0	0	0	0	0	0	0	0	0	0	0	0	0	0	0	0	0	0	0	0	0	0	0	0	0	0	0	0	0	0	0	0	0	0	0	0	0	0	0	0	0	0	0	0	0	0	0	0	0	0	0	0	0	0	0	0	0	0	0	0	0	0	0	0	0	0	0	0	0	0	0	0	0	0	0	0	0	0	0	0	0	0	0	0	0	0	0	0	0	0	0	0	0	0	0	0	0	0	0	0	0	0	0	0	0	0	0	0	0	0	0	0	0	0	0	0	0	0	0	0	0	0	0	0	0	0	0	0	0	0	0	0	0	0	0	0	0	0	0	0	0	0	0	0	0	0	0	0	0	0	0	0	0	0	0	0	0	0	0	0	0	0	0	0	0	0	0	0	0	38	0	0	0	0	0	0	0	0	0	0	0	0	0	0	0	0	0	0	0	0	0	0	0	0	0	0	0	0	0	0	0	0	0	0	0	0	0	0	0	0	0	0	0	0	0	0	0	0	0	0	0	0	0	0	0	0	0	0	0	0	0	0	0	0	0	0	0	0	0	0	0	0	0	0	0	0	0	0	0	0	0	0	0	0	0	2	0	0	0	0	0	0	0	0	0	0	0	0	0	0	0	0	0	0	0	0	0	0	0	0	0	0	0	0	0	0	0	0	0	0	0	0	0	0	0	0	0	0	1	0	0	0	0	0	0	0	0	0	0	0	0	0	0	0	0	0	0	0	0	0	0	0	0	0	0	0	0	0	0	0	0	0	0	0	0	0	0	0	0	0	0	0	50	0	0	0	0	0	0	0	0	0	0	0	0	0	0	0	0	0	0	0	0	0	0	0	0	0	0	0	1	0	0	0	0	0	0	0	0	0	0	0	0	0	0	0	0	0	0	0	0	0	0	0	0	0	0	0	0	0	0	0	0	0	0	0	0	0	0	0	0	0	0	0	0	0	0	0	0	0	0	0	0	0	0	0	0	0	0	0	0	0	0	0	0	0	0	0	0	0	0	0	0	0	0	0	0	0	0	0	0	0	0	0	0	0	0	0	0	0	0	0	0	0	0	0	0	0	0	0	0	0	0	0	2	0	0	0	0	0	0	0	0	0	0	0	0	0	0	0	0	0	0	0	0	0	0	0	0	0	0	0	0	0	0	0	0	0	0	0	0	0	0	0	0	0	0	0	0	0	0	0	0	0	0	0	0	0	0	0	0	0	0	0	0	0	0	0	0	0	0	0	0	0	0	0	0	0	0	0	0	0	0	0	0	0	0	0	0	0	0	0	0	0	0	0	0	0	0	0	0	0	0	0	0	0	0	0	0	0	0	0	0	0	0	0	0	0	0	0	0	0	0	0	0	0	0	0	0	0	0	0	0	0	0	0	0	0	0	0	0	0	0	0	0	0	0	0	0	0	0	0	0	0	0	0	0	0	0	0	0	0	0	0	0	0	0	0	0	0	0	0	0	0	0	0	0	0	0	0	0	0	0	0	0	0	0	0	0	0	0	0	0	0	0	0	0	0	0	0	0	0	0	0	0	0	0	0	0	0	0	0	0	0	0	0	0	0	0	0	0	0	0	0	0	0	0	0	0	0	0	0	0	0	0	0	0	0	0	0	0	0	0	0	0	0	0	0	0	0	0	0	0	0	0	0	0	0	0	0	0	0	0	0	0	0	0	0	0	0	0	0	0	0	0	0	0	0	0	0	0	0	0	0	0	0	0	0	0	0	0	0	0	0	0	0	0	0	0	0	0	0	0	0	0	0	0	0	0	0	0	0	0	0	0	0	0	0	0	0	0	0	0	0	0	0	0	0	0	0	0	0	0	0	0	0	0	0	0	0	0	0	0	0	0	0	0	0	0	0	0	0	0	0	0	0	0	0	0	0
43	0	0	0	0	0	0	0	0	0	0	0	0	0	0	0	0	0	0	0	0	0	0	0	0	0	0	0	0	0	0	0	0	0	0	0	0	0	0	0	0	0	0	0	0	0	0	0	0	0	0	0	0	0	0	0	0	0	0	0	0	0	0	0	0	0	0	0	0	0	0	0	0	0	0	0	0	0	0	0	0	0	0	0	0	0	0	0	0	0	0	0	0	0	0	0	0	0	0	0	0	0	0	0	0	0	0	0	0	52	0	0	0	0	0	0	0	0	7	0	0	0	0	0	0	0	0	0	0	0	0	0	0	0	0	0	0	0	0	0	0	0	0	0	0	0	0	0	0	0	0	0	63	0	0	0	0	0	0	0	0	0	0	0	0	0	0	0	0	0	0	0	0	0	0	0	0	0	0	0	0	0	0	0	0	0	0	0	0	0	0	0	0	0	0	0	0	0	0	0	0	4	0	0	0	0	0	0	0	0	0	0	0	0	0	0	0	0	0	0	0	0	0	0	0	0	0	0	0	0	0	0	0	0	0	0	0	0	0	0	0	0	0	0	0	0	0	0	0	0	0	0	0	0	0	0	0	0	0	0	0	0	0	0	0	0	0	0	0	0	0	0	0	0	0	0	0	0	0	0	0	0	0	0	0	0	0	0	0	0	0	0	0	0	0	0	0	0	0	0	0	0	0	0	0	0	0	0	0	0	0	0	0	0	0	0	0	0	0	0	0	0	0	0	0	0	0	0	0	0	0	0	0	0	0	0	0	0	0	0	0	0	0	0	0	0	0	0	0	1	0	76	0	0	0	0	0	0	0	0	0	0	0	0	0	0	0	0	0	0	0	0	0	0	0	4	0	0	0	0	0	0	0	0	0	0	0	0	0	0	0	0	0	0	0	0	0	0	0	0	0	0	0	0	0	0	0	0	0	0	0	0	0	0	0	0	0	0	0	0	0	0	0	0	0	0	0	0	0	0	0	0	0	0	0	0	0	0	0	0	0	0	0	0	0	0	0	0	0	0	0	0	0	0	0	0	0	0	0	0	0	0	0	0	0	0	0	0	0	0	0	0	0	0	0	0	0	0	3	0	0	0	0	0	0	0	0	0	0	0	0	0	0	0	0	0	0	0	0	0	0	0	0	0	0	0	0	0	0	0	0	0	0	0	0	0	0	0	0	0	0	0	0	0	0	0	0	0	0	0	0	0	0	0	0	0	0	0	0	0	0	0	0	0	0	0	0	0	0	0	0	0	0	0	0	0	0	0	0	0	0	0	0	0	0	0	0	0	0	0	0	0	0	0	0	0	0	0	0	0	0	0	0	0	0	0	0	0	0	0	0	0	0	0	0	0	0	0	0	0	0	0	0	0	0	0	0	0	0	0	0	0	0	0	0	0	0	0	0	0	0	0	0	0	0	0	0	0	0	0	0	0	0	0	0	0	0	0	0	0	0	0	0	0	0	0	0	0	0	0	0	0	0	0	0	0	0	0	0	0	0	0	0	0	0	0	0	0	0	0	0	0	0	0	0	0	0	0	0	0	0	0	0	0	0	0	0	0	0	0	0	0	0	0	0	0	0	0	0	0	0	0	0	0	0	0	0	0	0	0	0	0	0	0	0	0	0	0	0	0	0	0	0	0	0	0	0	0	0	0	0	0	0	0	0	0	0	0	0	0	0	0	0	0	12	0	0	0	0	0	0	0	0	0	0	0	0	0	0	0	0	0	0	0	0	0	0	0	0	0	0	0	0	0	0	0	0	0	0	0	0	0	0	0	0	0	0	0	0	0	0	0	0	0	0	0	0	0	0	0	0	0	0	0	0	0	0	0	0	0	0	0	0	0	0	0	0	0	0	0	0	0	0	0	0	0	0	0	0	0	0	0	0	0	0	0	0	0	0	0	0	0	0	0	0	0	0	0	0	0	0	0	0	0	0	0	0	0	0	0	0	0	0	0	0	0	0	0	0	0	0	0	0	0	0	0	0	0	0	0	0	0	0	0	0	0	0	0	0	0	0	0	0	0	0	0	0	0	0	0	0	0	0	0	0	0	0	0	0	0	0	0	0	0	0	0	0	0	0	0	0	0	0	0	0	0	0	0	0	0	0	0	0	0	0	0	0	0	0	0	0	0	0	0	0	0	0	0	0	0	0	0	0	0	0	0	0	0	0	0	0	0	0	0	0	0	0	0	0	0	0	0	0	0	0	0	0	0	0	0	0	0	0	0	0	0	0	0	0	0	0	0	0	0	0	0	0	0	0	0	0	0	0	0	0	0	0	0	0	0	18	0	0	0	1	0	0	0	0	0	0	0	0	0	0	0	0	0	0	0	0	0	0	0	0	0	0	0	0	0	0	0	0	0	0	0	0	0	0	0	0	0	0	0	0	0	0	0	0	0	0	0	0	0	0	0	0	0	0	0	0	0	0	0	0	0	0	0	0	0	0	0	0	0	0	0	0	0	0	0	0	0	0	0	0	0	0	0	0	0	0
44	0	0	0	0	0	0	0	0	0	0	0	0	0	0	0	0	0	0	0	0	0	0	0	0	0	0	0	0	0	0	0	0	0	0	0	0	0	0	0	0	0	0	0	0	0	0	0	0	0	0	0	0	0	0	0	0	0	0	0	0	0	0	0	0	0	0	0	0	0	0	0	0	0	0	0	0	0	0	0	0	0	0	0	0	0	0	0	0	0	0	0	0	0	0	0	0	0	0	0	0	0	0	0	0	0	0	0	0	0	0	0	0	0	0	0	0	0	0	0	0	0	0	0	0	0	0	0	0	0	0	0	0	0	0	0	0	0	0	0	0	0	0	0	0	0	0	0	0	0	0	0	0	0	0	0	0	0	0	0	0	0	0	0	0	0	0	0	0	0	0	0	0	0	0	0	0	0	0	0	0	0	0	0	0	0	0	0	0	0	0	0	0	0	0	0	0	0	0	0	0	0	0	0	0	0	0	0	0	0	0	0	0	0	0	0	0	0	0	0	0	0	0	0	0	0	0	0	0	0	0	0	0	0	0	0	0	0	0	0	0	0	0	0	0	0	0	0	0	0	0	0	0	0	0	0	0	0	0	0	0	0	0	0	0	0	0	0	0	0	0	0	0	0	0	0	0	0	0	0	0	0	0	0	0	0	0	0	0	0	0	0	0	0	0	0	0	0	0	0	0	0	0	0	0	0	0	0	0	0	0	0	0	0	0	0	0	0	0	0	0	0	0	0	0	0	0	0	1	0	0	0	0	0	0	0	0	0	0	0	0	0	0	0	0	0	0	0	0	0	0	0	0	0	0	0	0	0	0	0	0	0	0	0	0	0	0	0	0	0	0	0	0	0	0	0	0	0	0	0	0	0	0	0	0	0	0	0	0	0	0	0	0	0	0	0	0	0	0	0	0	0	0	0	0	0	0	0	0	0	0	0	0	0	0	0	0	0	0	0	0	0	0	0	0	0	0	0	0	0	0	0	0	0	0	0	0	0	0	0	0	0	0	0	0	4	0	0	0	0	0	0	0	0	0	0	0	0	0	0	0	0	0	0	0	0	0	0	0	0	0	0	0	0	0	0	0	0	0	0	0	0	0	0	0	0	0	0	0	0	0	0	0	0	0	0	0	0	0	0	0	0	0	0	0	0	0	0	0	0	0	0	0	0	0	0	0	0	0	0	0	0	0	0	0	0	0	0	0	0	0	0	0	0	0	0	0	0	0	0	0	0	0	0	0	0	0	0	0	0	0	0	0	0	0	0	0	0	0	0	0	0	0	0	0	0	0	0	0	0	0	0	0	0	0	0	0	0	0	0	0	0	0	0	0	0	0	0	0	0	0	0	0	0	0	0	0	0	0	0	0	0	0	0	0	0	0	0	0	0	0	0	0	0	0	0	0	0	0	0	0	0	0	0	0	0	0	0	0	0	0	0	0	0	0	0	0	0	0	0	0	0	0	0	0	0	0	0	0	0	0	0	0	0	0	0	0	0	0	0	0	0	0	0	0	0	0	0	0	0	0	0	0	0	0	0	0	0	0	0	0	0	0	0	0	0	0	0	0	9	0	0	0	0	0	0	0	0	0	0	0	0	0	0	0	0	0	0	0	0	0	0	0	0	0	0	0	5	0	0	0	0	0	0	0	0	0	0	0	0	0	0	0	0	0	0	0	0	0	0	0	0	0	0	0	0	0	0	0	0	0	0	0	0	0	0	0	1	0	0	0	0	0	0	0	0	0	0	0	0	0	0	0	0	0	0	0	0	0	0	0	0	0	0	0	0	0	0	0	0	0	0	0	1	0	0	0	0	0	0	0	0	0	0	0	0	0	0	0	0	0	0	0	0	0	0	0	0	0	0	0	0	0	0	0	0	0	0	0	0	0	0	0	0	0	0	0	0	0	0	0	0	0	0	0	0	0	0	0	0	0	0	12	0	0	0	0	0	0	0	0	0	0	0	0	0	0	0	0	0	0	0	0	0	0	0	0	0	0	0	0	0	0	0	0	0	0	0	0	0	0	0	0	0	0	0	0	0	0	0	0	0	0	0	0	0	0	0	0	0	0	0	0	0	0	0	0	0	0	0	0	0	0	0	0	0	0	0	0	0	0	0	0	0	80	0	0	0	0	0	0	0	0	0	0	0	0	0	0	0	0	0	0	0	0	0	0	0	0	0	0	0	0	0	0	0	0	0	0	0	0	0	0	0	0	0	0	0	0	0	0	0	0	0	0	0	0	0	0	0	0	0	0	0	0	0	0	0	0	0	0	0	0	0	0	0	0	0	0	0	0	0	0	0	0	0	0	0	0	0	0	0	0	0	0	0	0	0	0	0	0	0	0	0	0	0	0	0	0	0	0	0	0	0	0	0	0	0	0	0	0	0	0	0	0	0	0	0	0	0	0	0	0	0	0	0	0	0	0	0	0	0	0	0	0	0	0	0	0	0	0	0	0	0	0	0	0	0	0	0	0	0	0	0	0	0	0	0	0	0	0
45	0	0	0	0	0	0	0	0	0	0	0	0	0	0	0	0	0	0	0	0	0	0	0	0	0	0	0	0	0	0	0	0	0	0	0	0	0	0	0	0	0	0	0	0	0	0	0	0	0	0	0	0	0	0	0	0	0	0	0	0	0	0	0	0	0	0	0	0	0	0	0	0	0	0	0	0	0	0	0	0	0	0	0	0	0	0	0	0	0	0	0	0	0	0	0	0	0	0	0	0	2	0	0	0	0	0	0	0	0	0	0	0	0	0	0	0	0	0	0	0	0	0	0	0	32	0	0	0	0	0	0	0	0	0	0	0	0	0	0	0	0	0	0	0	0	0	0	0	0	0	0	0	0	0	0	0	0	0	0	0	0	0	0	0	0	0	0	0	0	0	0	0	0	0	0	0	0	0	0	0	0	0	0	0	0	0	0	0	0	0	0	2	0	0	0	0	0	0	0	0	0	0	0	0	0	0	0	0	0	0	0	0	0	0	0	0	0	0	0	0	0	0	0	0	0	0	0	0	0	0	0	0	0	0	0	0	0	0	0	0	0	0	0	0	0	0	0	0	0	0	0	0	0	0	0	0	0	0	0	0	0	0	0	0	0	0	0	0	0	0	0	0	0	0	0	0	0	0	0	0	0	0	0	0	7	0	0	0	0	0	0	0	0	0	0	0	0	0	0	0	0	0	0	0	0	0	0	0	0	0	0	0	16	0	0	0	0	0	0	0	0	0	0	0	0	0	0	0	0	0	0	0	0	0	0	0	0	0	0	0	0	0	0	0	0	0	0	0	0	0	0	0	0	0	73	0	0	0	0	0	0	0	0	0	0	0	0	0	0	0	0	0	0	0	0	0	0	0	0	0	0	0	0	0	3	0	0	0	0	0	0	0	0	0	0	0	0	0	0	0	0	0	0	0	0	0	0	0	0	0	0	0	0	0	0	0	0	0	0	0	0	0	0	0	0	0	0	0	0	0	0	0	0	0	0	0	0	0	0	0	0	0	0	0	28	0	0	0	0	0	0	0	0	0	0	0	0	0	0	0	0	0	0	0	0	0	0	0	0	0	0	0	0	0	0	1	0	0	0	0	0	0	0	0	0	0	0	0	0	0	0	0	0	0	0	0	0	0	0	0	0	0	0	0	0	0	0	0	0	0	0	0	0	0	0	0	0	0	0	0	0	0	0	0	0	0	0	0	0	0	0	0	0	0	0	0	0	0	0	0	0	0	0	0	0	0	0	0	0	0	0	0	0	0	0	0	0	0	0	0	0	0	0	0	0	0	0	0	0	0	0	0	0	0	0	0	0	0	0	0	0	0	0	0	0	0	0	0	0	0	0	0	0	0	0	0	0	0	0	0	0	0	0	0	0	0	0	0	0	0	0	0	0	0	0	0	0	0	0	0	0	0	0	0	0	0	0	0	0	0	0	0	0	0	0	0	0	0	0	0	0	0	0	0	0	0	0	0	0	0	0	0	0	0	0	0	0	0	0	0	0	0	0	0	0	0	0	0	0	0	0	0	0	0	0	0	0	0	0	0	0	0	0	0	13	0	0	0	0	0	0	0	0	0	0	0	0	0	0	0	0	0	0	0	0	0	0	0	0	0	0	0	0	0	0	0	0	0	0	0	0	0	0	0	0	0	0	0	0	0	0	0	0	0	0	0	0	0	0	0	0	0	0	0	0	0	0	0	0	0	0	0	0	0	0	0	0	0	0	0	0	0	0	0	0	0	0	0	0	0	0	0	0	0	0	0	0	0	0	0	0	0	0	0	0	0	0	0	0	0	0	0	0	0	0	0	0	0	0	0	0	0	0	0	0	0	0	0	0	0	0	0	0	0	0	0	0	0	0	0	0	0	0	0	0	0	0	0	0	0	0	0	0	0	0	1	0	0	0	0	0	0	0	0	0	0	0	0	0	0	0	0	0	0	0	0	0	0	0	0	0	0	0	0	0	0	0	0	0	0	0	0	0	0	0	0	0	0	0	0	0	0	0	0	0	0	0	0	0	0	0	0	0	0	0	0	0	0	0	0	0	0	0	0	0	0	0	0	0	0	0	0	0	0	0	0	0	0	0	0	0	0	0	0	0	0	0	0	0	0	0	0	0	0	0	0	0	0	0	0	0	0	0	0	0	0	0	0	0	0	0	0	0	0	0	0	0	0	0	0	0	0	0	0	0	0	0	0	0	0	0	0	0	0	0	0	0	0	0	0	0	0	0	0	0	0	0	0	0	0	0	0	0	0	0	0	0	0	0	0	0	0	0	0	0	0	0	0	0	0	0	0	0	0	0	0	0	0	0	0	0	0	0	0	0	0	0	0	0	0	0	0	0	0	0	0	0	0	0	0	0	0	0	0	0	0	0	0	0	0	0	0	0	0	0	0	0	0	0	0	0	0	0	0	0	0	0	0	0	0	0	0	0	0	0	0	0	0	0	0	0	0	0	0	0	0	0	0	0	0	0	0	0	0	0	0	0	0	0	0
46	0	0	0	0	0	0	0	0	0	0	0	0	0	0	0	0	0	0	0	0	0	0	0	0	0	0	0	0	0	0	0	0	0	0	0	0	0	0	0	0	0	0	0	0	0	0	0	0	0	0	0	0	0	0	0	0	0	0	0	0	0	0	0	0	0	0	0	0	0	0	0	0	0	0	0	0	0	0	0	0	0	0	0	0	0	0	0	0	0	0	0	0	0	0	0	0	0	0	0	0	0	19	0	0	0	0	0	0	0	0	0	0	0	0	0	0	0	0	0	0	0	0	0	0	0	0	0	0	0	0	0	0	0	0	0	0	0	0	0	0	0	0	0	0	3	0	0	0	0	0	0	0	0	0	0	0	0	0	0	0	0	0	0	0	0	0	0	0	0	0	0	0	0	0	0	0	0	0	0	0	0	0	0	0	0	0	0	0	0	0	0	0	0	0	0	0	0	0	0	0	0	0	0	0	0	0	0	0	2	0	0	0	0	0	0	0	0	0	0	0	0	0	0	0	0	0	0	0	0	0	0	0	0	0	0	0	0	0	0	0	0	0	0	0	0	0	0	0	0	0	0	0	0	0	0	0	0	0	0	0	0	0	0	0	0	0	0	0	0	0	0	0	0	0	0	0	0	0	0	0	0	0	0	0	0	0	0	0	0	0	0	0	0	0	0	0	0	0	0	0	0	0	0	0	0	0	0	0	0	0	0	0	0	0	0	0	0	0	0	0	0	0	0	0	0	0	0	0	0	0	0	0	0	0	0	0	0	0	0	0	0	0	0	0	0	0	0	0	0	0	0	0	0	0	0	0	0	0	0	0	0	0	0	0	0	0	0	0	0	0	0	0	0	0	0	0	0	0	0	0	0	0	0	0	0	0	0	0	0	0	0	0	0	0	0	0	0	0	0	0	0	0	0	0	0	0	0	0	0	0	0	0	0	0	0	0	0	0	0	0	0	0	0	0	0	0	0	0	0	0	0	0	0	0	0	0	0	0	0	0	0	0	0	0	0	0	0	0	0	0	0	0	0	0	0	0	0	0	0	0	0	0	0	0	0	0	0	0	0	0	0	0	0	0	0	0	0	0	0	0	0	0	0	0	0	0	0	0	0	0	0	0	0	0	0	0	0	0	0	0	0	0	0	0	0	0	0	0	2	0	0	0	0	0	0	0	0	0	0	0	0	0	0	0	0	0	0	0	0	0	0	0	0	0	0	0	0	0	0	0	0	0	0	0	0	0	0	0	0	0	0	0	0	0	0	0	0	0	0	0	0	0	0	0	0	0	0	0	0	0	0	0	0	0	0	0	0	0	0	0	0	0	0	23	0	0	0	0	0	0	0	0	0	0	0	0	0	0	0	0	0	0	0	0	0	0	0	0	0	0	0	0	0	0	0	0	0	0	0	0	0	0	0	0	0	0	0	0	0	0	0	0	0	0	0	0	0	0	0	0	0	0	0	0	0	0	0	0	0	0	0	0	0	0	0	0	0	0	0	0	0	0	0	0	0	0	0	0	0	0	0	0	0	0	0	0	0	0	0	0	0	0	0	0	0	0	0	0	0	0	0	0	0	0	1	0	0	0	0	0	0	0	0	0	0	0	0	0	0	0	0	0	0	0	0	0	0	0	0	0	0	0	0	0	0	0	0	0	0	0	0	0	0	0	0	0	0	0	0	0	0	0	0	0	0	0	0	0	0	0	0	0	0	0	0	0	0	0	0	0	0	0	0	0	0	0	0	0	0	0	0	0	0	0	0	0	0	0	0	0	0	0	0	0	0	0	0	0	0	0	0	0	0	0	0	0	0	0	0	0	0	0	0	0	0	0	0	0	0	0	0	0	0	0	0	0	0	0	0	0	0	0	0	0	0	0	0	0	0	0	0	0	0	0	0	0	0	0	0	0	0	0	0	0	0	0	0	0	0	0	0	0	0	0	0	0	0	0	0	0	0	0	0	0	0	0	0	0	0	0	0	0	0	0	0	0	0	0	0	0	0	0	0	0	0	0	0	0	0	0	0	0	0	0	0	0	0	0	0	0	0	0	0	0	0	0	0	0	0	0	0	0	0	0	0	0	0	0	0	0	0	0	0	0	0	0	0	0	0	0	0	0	0	0	0	0	0	0	0	0	0	0	0	0	0	0	0	0	0	0	0	0	0	0	0	0	0	0	0	0	2	0	0	0	0	0	0	0	0	0	0	0	0	0	0	0	0	0	0	0	0	0	0	0	0	0	0	0	0	0	0	0	0	0	0	0	0	0	0	0	0	0	0	0	0	0	0	0	0	0	0	0	0	0	0	0	0	0	0	0	0	0	0	0	0	0	0	0	0	0	0	0	0	0	0	0	0	0	0	0	0	0	0	0	0	0	0	0	0	0	0	0	0	0	0	0	0	0	0	0	1	0	0	0	0	0	0	0	0	0	0	0	0	0	0	0	0	0	0	0	0	0	0	0	0	0	0	0	0	0	0	0	0	0	0	0	0	0	0	0
47	0	0	0	0	0	0	0	0	0	0	0	0	0	0	0	0	9	0	0	0	0	0	0	0	0	0	0	0	0	0	0	0	0	0	0	0	0	0	0	0	0	0	0	0	0	0	0	0	0	0	0	0	0	0	0	0	0	0	0	0	0	0	0	0	0	0	0	0	0	0	0	0	0	0	0	0	0	0	0	0	0	0	0	0	0	0	0	0	0	0	0	0	0	0	0	0	0	0	0	0	0	0	0	0	0	0	0	0	0	0	0	0	0	0	0	0	0	0	0	0	4	0	0	0	0	0	0	0	0	0	2	0	0	0	0	0	0	0	0	0	0	0	0	0	0	0	0	0	0	0	0	0	0	0	0	0	0	0	0	0	0	0	0	4	0	0	0	0	0	0	0	0	0	0	0	0	0	0	0	0	0	0	0	0	0	0	0	0	0	0	0	0	0	0	0	0	0	0	0	0	0	0	0	0	0	0	0	0	0	0	0	0	0	0	0	0	0	0	0	0	0	0	0	0	0	0	0	0	0	0	0	0	0	0	0	0	0	0	0	0	0	0	0	0	0	0	0	0	0	0	0	0	0	0	0	0	0	0	0	0	0	0	0	0	0	0	0	0	0	0	0	0	0	0	0	0	0	0	0	0	0	0	0	0	0	0	0	0	0	0	0	0	0	0	0	0	0	0	0	0	0	0	0	0	0	0	0	0	0	0	0	0	0	0	0	0	0	0	0	0	0	0	0	0	0	0	0	0	0	0	0	0	0	0	0	0	0	0	0	0	0	0	0	0	0	0	0	0	0	0	0	0	0	0	0	0	0	0	0	0	0	0	0	0	0	0	0	0	0	0	0	0	0	0	0	0	0	0	0	0	0	0	0	0	0	0	0	4	0	0	0	0	0	0	0	0	0	0	0	0	0	0	0	0	0	0	0	0	0	0	0	0	0	0	0	0	0	0	0	0	0	0	0	0	0	0	0	0	0	0	0	0	0	0	0	0	0	0	0	0	0	0	0	0	0	0	0	0	0	0	0	0	0	0	0	0	0	0	0	0	0	0	0	0	0	0	0	0	0	0	0	0	0	0	0	0	0	0	0	0	0	0	0	0	0	0	0	0	0	0	0	0	0	0	0	0	0	0	0	0	0	0	0	0	0	0	0	0	0	0	0	0	0	0	0	0	0	0	0	0	0	0	0	0	0	0	0	0	0	0	0	0	0	0	0	0	0	0	0	0	0	4	0	0	0	0	0	0	0	0	0	0	0	0	0	0	0	0	0	0	0	0	0	0	0	0	0	0	0	0	0	0	0	0	0	0	0	0	0	0	0	0	0	0	0	0	0	0	0	0	0	0	0	0	0	0	0	0	0	0	0	0	0	0	0	0	0	0	0	0	0	0	0	0	0	0	0	0	0	0	0	0	0	0	0	0	0	0	0	0	0	0	0	0	0	0	0	0	0	0	0	0	0	0	0	0	0	0	0	0	0	0	0	0	0	0	0	0	0	0	0	0	0	1	0	0	0	0	0	0	0	0	0	0	0	0	0	0	0	0	0	0	0	0	0	0	0	0	0	0	0	0	0	0	0	0	0	0	0	0	0	0	0	0	0	0	0	0	0	0	0	0	0	0	0	0	0	0	0	0	0	0	0	0	0	0	0	0	0	0	0	0	0	0	0	1	0	0	0	0	0	0	0	0	0	0	0	0	0	0	0	0	0	0	0	0	0	0	0	0	0	0	1	0	0	0	0	0	0	0	0	0	0	0	0	0	0	0	0	0	0	0	0	0	0	0	0	0	0	0	0	0	0	0	0	0	0	0	0	0	0	0	0	0	0	0	0	0	0	0	0	0	0	0	0	0	0	0	0	0	0	0	0	0	0	0	0	0	0	0	0	0	0	0	0	0	0	0	0	0	0	0	0	0	0	0	0	0	0	0	0	0	0	0	0	0	0	0	0	0	0	0	0	0	0	0	0	0	0	12	0	0	0	0	0	0	0	0	0	0	0	0	0	0	0	0	0	0	0	0	0	0	0	0	0	0	0	0	0	0	0	0	0	0	0	0	0	0	0	0	0	0	0	0	0	0	0	0	0	0	0	0	0	0	0	0	0	0	0	0	0	0	0	0	0	0	0	0	0	0	0	0	0	0	0	0	0	0	0	0	0	0	0	0	0	0	0	0	0	0	0	0	0	0	0	0	0	0	0	0	0	0	0	0	0	0	0	0	0	0	0	0	0	0	0	0	0	0	0	0	0	0	0	0	0	0	0	0	0	0	0	0	0	0	0	0	0	0	0	0	0	0	0	0	0	0	0	0	0	0	0	0	0	0	0	0	0	0	0	0	0	0	0	0	0	0	0	0	0	2	0	0	0	0	0	0	0	0	0	0	0	0	0	0	0	0	0	0	0	0	0	0	0	0	0	0	0	0	0	0	0	0	0	0	0	0	0	0	0	0	0	0	0	0	0	0	0	0	0	0	0	0	0	0	0	0	0	0	0	0
48	0	0	0	0	0	0	0	0	0	53	0	0	0	0	0	0	0	0	0	0	0	0	0	0	0	0	0	0	0	0	0	0	0	0	0	0	0	0	0	0	0	0	0	0	0	0	0	0	0	0	0	0	0	0	0	0	0	0	0	0	0	0	0	0	0	0	0	0	0	0	0	0	0	0	0	0	0	0	0	0	0	0	0	0	0	0	0	0	0	0	0	0	0	0	0	0	0	0	0	0	0	0	0	0	0	0	0	0	0	0	0	0	0	0	0	0	0	0	0	0	0	0	0	0	0	0	0	0	0	0	0	0	0	0	0	0	0	0	0	0	0	0	0	0	0	0	0	0	0	0	0	0	0	0	0	0	0	0	0	0	0	0	0	0	0	0	0	0	0	0	0	0	0	0	0	0	0	0	0	0	0	0	0	0	0	0	0	0	0	0	0	0	0	0	0	0	0	0	0	0	0	0	0	0	0	0	0	0	0	4	0	0	0	0	0	0	0	0	0	0	0	0	0	0	0	0	0	0	0	0	0	0	0	0	0	0	7	0	0	0	0	0	0	0	0	0	0	0	0	0	0	0	0	0	0	0	0	0	0	0	0	0	0	0	0	0	0	0	0	0	0	0	0	0	0	0	0	0	0	0	0	0	0	0	0	0	0	0	0	0	0	59	0	0	0	0	0	0	0	0	0	0	0	0	0	0	0	0	0	0	0	0	0	0	0	0	0	0	0	0	0	0	0	6	0	0	0	0	0	0	0	0	0	0	0	0	0	0	0	0	0	0	0	0	0	0	0	11	0	0	0	0	0	0	0	0	0	0	0	0	0	0	0	0	0	0	0	0	0	0	0	0	0	0	0	0	0	0	0	0	0	0	0	0	0	0	0	0	0	0	0	0	0	0	0	0	0	0	0	0	0	0	0	0	0	0	0	0	0	0	0	0	0	0	0	0	0	0	0	0	0	0	0	0	0	0	0	0	0	0	0	0	0	0	0	0	0	0	0	0	0	0	0	0	0	0	0	0	0	0	0	0	0	0	0	0	0	0	0	0	0	0	0	0	0	0	0	0	0	0	0	0	0	0	0	0	0	0	0	0	0	0	0	0	0	0	0	0	0	0	0	0	0	0	0	0	0	0	0	0	46	0	0	0	0	0	0	0	0	0	0	0	0	0	0	0	0	0	0	0	0	0	0	0	0	0	0	0	0	0	0	0	0	0	0	0	0	0	0	0	0	0	0	0	0	0	0	0	0	0	0	0	0	0	0	0	0	0	0	0	0	0	0	0	0	0	0	0	0	0	0	0	0	0	0	0	0	0	0	0	0	0	0	0	0	0	0	0	0	0	0	0	0	0	0	0	0	0	0	0	0	0	0	0	0	0	0	0	0	0	0	0	0	0	0	0	0	0	0	0	0	0	0	0	0	0	0	0	0	0	0	0	0	0	0	0	0	0	0	0	1	0	0	0	0	0	0	0	0	0	0	0	0	0	0	0	0	0	0	0	0	0	0	0	0	0	0	0	0	0	0	0	0	0	0	0	0	0	0	0	0	0	0	0	0	0	0	0	0	0	0	0	0	0	0	0	0	0	0	0	0	0	0	0	0	0	0	0	0	0	0	0	0	0	0	0	0	0	0	0	0	0	0	0	0	0	0	0	0	0	0	0	0	0	0	0	0	0	0	0	0	0	0	0	0	0	0	0	0	0	0	0	0	0	0	0	0	0	0	0	0	0	0	0	0	0	0	0	0	0	0	0	0	0	0	0	0	0	0	0	0	0	0	0	0	0	0	0	0	0	0	0	0	0	0	0	0	0	0	0	0	0	0	0	0	0	0	0	0	0	0	0	0	0	0	0	0	0	0	67	0	0	0	0	0	0	0	0	0	0	0	0	0	0	0	0	0	0	0	0	0	0	0	0	0	0	0	0	0	0	0	0	0	0	0	0	0	0	0	0	0	0	0	0	0	0	0	0	0	0	0	0	0	0	0	0	0	0	0	0	0	0	0	0	0	0	0	0	0	0	0	0	0	0	0	0	0	0	0	0	0	0	0	0	0	0	0	0	0	0	0	0	0	0	0	0	0	0	0	0	0	0	0	0	0	0	0	0	0	0	0	0	0	0	0	0	0	0	0	0	0	0	0	0	0	0	0	0	0	0	0	0	0	0	0	0	0	0	0	0	0	0	0	0	0	0	0	0	0	0	0	0	0	0	0	0	0	0	0	0	2	0	0	0	0	0	0	0	0	0	0	0	0	0	0	0	0	0	0	0	0	0	0	0	0	0	0	0	0	0	0	0	0	0	0	0	0	0	0	0	0	0	0	0	0	0	0	0	0	0	0	0	0	0	0	0	0	0	0	0	0	0	0	0	0	0	0	0	0	0	0	0	0	0	0	0	0	0	0	0	0	0	0	0	0	0	0	0	0	0	0	0	0	0	0	0	0	0	0	0	0	0	0	0	0	0	0	0	0	0	0	0	0	0	0	0	0	0	0	0
49	0	0	0	0	0	0	0	0	0	0	0	0	0	0	0	0	0	0	0	0	0	0	0	0	0	0	0	0	0	0	0	0	0	0	0	0	0	0	0	0	0	0	0	0	0	0	0	0	0	0	0	0	0	0	0	0	0	0	0	0	0	0	0	0	0	0	0	0	0	0	0	0	0	0	0	0	0	0	0	0	0	0	0	0	0	0	0	0	0	0	0	0	0	0	0	0	0	0	0	0	0	0	0	0	0	0	0	0	0	0	0	0	0	0	0	0	0	0	0	0	0	0	0	0	0	0	0	0	0	0	0	0	0	0	0	0	0	0	0	0	0	0	0	0	0	0	0	0	0	0	0	0	0	0	0	0	0	0	0	0	0	0	0	0	0	0	0	0	0	0	0	0	0	0	0	0	0	0	0	0	0	0	0	0	0	0	0	0	0	0	0	0	0	0	0	0	0	4	0	0	0	0	0	0	0	0	0	0	0	0	0	0	0	0	0	0	0	0	0	0	0	0	0	0	0	0	0	0	0	0	0	0	0	0	0	0	0	0	0	0	0	0	0	0	0	0	0	0	0	0	0	0	0	0	0	0	0	0	0	0	0	0	0	0	0	0	0	0	0	0	0	0	0	0	0	0	0	0	0	0	0	0	0	0	0	0	0	0	0	0	0	0	0	0	0	0	0	0	0	0	0	0	0	0	0	0	0	0	0	0	0	0	0	0	0	0	0	0	0	0	0	0	0	0	0	0	0	0	0	0	0	0	0	0	0	0	0	0	0	0	14	0	0	0	0	0	0	0	14	0	0	0	16	0	0	0	0	0	0	0	0	0	0	0	0	0	0	0	0	0	0	0	0	0	0	0	0	0	0	0	0	0	0	0	0	0	0	0	0	0	0	0	0	0	0	0	0	0	0	0	0	0	0	0	0	0	0	0	0	1	0	0	0	0	0	0	0	0	0	0	0	0	0	0	0	0	0	0	0	0	0	0	0	0	0	0	0	0	0	0	0	0	0	0	0	0	0	0	0	0	0	0	0	0	0	0	0	0	0	0	0	0	0	0	0	0	0	0	0	0	0	0	0	0	0	0	0	0	0	0	0	0	0	0	0	0	0	0	0	0	0	0	0	0	0	0	0	0	0	0	0	0	0	0	0	0	0	0	0	0	0	0	0	0	0	0	0	0	0	0	0	0	0	0	0	0	0	0	0	0	0	0	0	0	0	0	0	0	0	0	0	0	0	0	0	0	0	0	0	0	0	0	0	0	0	0	0	0	0	0	0	0	0	0	0	1	0	0	0	0	0	0	0	0	0	0	0	0	0	0	0	0	0	0	0	0	0	0	0	0	0	0	0	0	0	0	0	0	0	0	0	0	0	0	0	0	0	0	0	0	0	0	0	0	0	0	0	0	0	0	0	0	0	0	0	0	0	0	0	0	0	0	0	0	0	0	0	0	0	0	0	0	0	0	0	0	0	0	0	0	0	0	0	0	0	3	0	0	0	0	0	0	0	0	0	0	0	0	0	0	0	0	0	0	0	0	0	0	0	0	0	0	0	0	0	0	0	0	0	0	0	0	0	0	0	0	0	0	0	0	0	0	0	0	0	0	0	0	0	0	0	0	0	0	0	0	0	0	0	0	0	0	0	0	0	0	0	0	0	0	0	0	0	0	0	0	0	0	0	0	0	0	0	0	0	0	0	0	0	0	0	0	0	0	0	0	0	0	0	0	0	0	0	0	0	0	0	0	0	0	0	0	0	0	0	0	0	0	0	0	0	0	0	0	0	0	0	0	0	0	0	0	0	0	0	0	0	0	0	0	0	0	0	0	0	0	0	0	0	0	0	0	0	0	0	0	0	0	0	0	0	0	0	0	0	0	0	0	0	0	0	0	0	0	0	0	0	0	0	0	0	0	0	0	0	0	0	0	0	0	0	0	6	0	0	0	0	0	0	0	0	0	0	0	0	0	0	0	0	0	0	0	0	0	0	0	0	0	0	0	0	0	0	0	0	0	0	0	0	0	0	0	0	0	0	0	0	0	0	0	0	0	0	0	0	0	0	0	0	0	0	0	0	0	0	0	0	0	0	0	0	0	0	0	0	0	0	0	0	0	0	0	0	0	0	0	0	0	0	0	0	0	0	0	0	0	0	0	0	0	0	0	0	0	0	0	0	0	0	0	0	0	0	0	0	0	0	0	0	0	0	0	0	0	0	0	68	0	0	0	0	0	0	0	0	0	0	0	0	0	0	0	0	0	0	0	0	0	0	0	0	0	0	0	0	0	0	0	0	0	0	0	0	0	0	0	0	0	0	0	0	0	0	0	0	0	0	0	0	0	0	0	0	0	0	12	0	0	0	0	0	0	0	0	0	0	0	0	0	0	0	0	0	0	0	0	0	0	0	0	0	0	0	0	0	0	0	0	0	0	0	0	0	0	0	0	0	0	0	0	0	0	0	0	0	0	0	0	0	0	0	0	0	0	0	0	0	0	0	0
50	0	0	0	0	0	0	0	0	0	0	0	0	0	0	0	0	0	0	0	0	0	0	0	0	0	0	0	0	0	0	0	0	0	0	0	0	0	0	0	0	0	0	0	0	0	0	0	0	0	0	0	0	0	0	0	0	0	0	0	0	0	0	0	0	0	0	0	0	0	0	0	0	0	0	0	0	0	0	0	0	0	0	0	0	0	0	0	0	0	0	0	0	0	0	0	0	0	0	0	0	0	0	0	0	0	0	0	0	0	0	0	0	0	0	0	0	0	0	0	0	0	0	0	0	0	0	0	0	0	0	0	0	0	0	0	0	0	0	0	0	0	0	0	0	0	0	0	0	0	0	0	0	0	0	0	0	0	0	0	0	0	0	0	0	0	0	0	0	0	0	0	0	0	0	0	0	0	0	0	0	0	0	0	0	0	0	0	0	0	0	0	0	0	0	0	0	0	0	0	0	0	0	0	0	0	0	0	0	0	9	0	0	0	0	0	0	0	0	0	0	0	0	0	0	0	0	0	0	0	0	0	0	0	0	0	24	0	0	0	0	0	0	0	0	0	0	0	0	0	0	0	0	0	0	0	0	0	0	0	0	0	0	0	0	0	0	0	0	0	0	0	0	0	0	0	0	0	0	0	0	0	0	0	0	0	0	0	0	0	0	0	0	0	0	0	0	0	0	0	0	0	0	0	0	0	0	0	0	0	0	0	0	0	0	0	0	0	0	0	0	0	0	0	0	0	0	0	0	0	0	0	0	0	0	0	0	0	0	0	0	0	0	0	0	0	0	0	0	0	0	0	0	0	0	0	0	0	0	0	0	0	0	0	0	0	0	0	0	0	0	0	0	0	0	0	0	0	0	0	0	0	0	0	0	0	0	0	0	0	0	0	0	0	0	0	0	0	0	0	0	0	0	0	0	0	0	0	0	0	0	0	0	0	0	0	0	0	0	0	0	0	0	0	0	0	0	0	0	0	0	0	0	0	0	0	0	0	0	0	0	0	0	0	0	0	0	0	0	0	0	0	0	0	0	0	0	0	0	0	0	0	0	0	0	0	0	0	0	0	0	0	0	0	0	0	0	0	0	0	0	0	0	0	0	0	0	0	0	0	0	0	0	0	0	0	0	0	0	0	0	0	0	0	0	0	0	0	0	0	0	0	0	0	0	0	0	0	0	0	0	0	0	0	0	0	0	0	0	0	0	0	0	0	0	0	0	0	0	0	0	0	0	0	0	0	0	0	0	0	0	0	0	0	0	0	0	0	0	0	0	0	0	0	0	121	0	0	0	0	0	0	0	0	0	0	0	0	0	0	0	0	0	0	0	0	0	0	0	0	0	0	0	0	0	0	0	0	0	0	0	0	0	0	0	0	0	0	0	0	0	0	0	0	0	0	0	0	0	0	0	0	0	0	0	0	5	0	0	0	0	0	0	0	0	0	0	0	0	0	0	0	0	0	0	0	0	0	0	0	0	0	0	0	0	0	0	0	0	0	0	0	0	0	0	0	0	0	0	0	0	0	0	0	0	0	0	0	0	0	0	0	0	0	0	0	0	0	0	0	0	0	0	0	0	0	0	0	1	6	0	0	0	0	0	0	0	0	0	0	0	0	0	0	0	0	0	0	0	0	0	0	0	0	0	0	0	0	0	0	0	0	0	0	0	0	0	0	0	0	0	0	0	0	0	0	0	0	0	0	0	0	0	0	0	0	0	0	0	0	0	0	0	0	0	0	0	0	0	0	0	0	0	0	0	0	0	0	0	0	0	0	0	0	0	0	0	0	0	0	25	0	0	0	0	0	0	0	0	0	0	0	0	0	0	0	0	0	0	0	0	0	0	0	0	0	0	0	0	0	0	0	0	11	0	0	0	0	0	0	0	0	0	0	0	0	0	0	0	0	0	0	0	0	0	0	0	0	0	0	0	0	0	0	0	0	0	0	0	0	0	0	0	0	0	0	0	0	0	0	0	0	0	0	0	0	0	0	0	0	0	0	0	0	0	0	0	0	0	0	0	0	0	0	0	0	0	0	0	0	0	0	0	0	0	0	0	0	0	0	0	0	0	0	0	0	0	0	0	0	0	0	0	0	0	0	0	0	0	0	0	0	0	0	0	0	0	0	0	0	0	0	0	0	0	0	0	0	0	0	0	0	0	0	0	0	4	0	0	0	0	0	0	0	0	0	0	0	0	0	0	0	0	0	0	0	0	0	0	0	0	73	0	0	0	0	0	0	0	0	0	0	0	0	0	0	0	0	0	0	0	0	0	0	0	0	0	0	0	0	0	0	0	0	0	0	0	0	0	0	0	0	0	0	0	0	0	0	0	0	0	0	0	0	0	0	0	0	0	0	0	0	0	0	0	0	0	0	0	0	0	0	0	0	0	0	0	0	0	0	0	0	0	0	0	0	0	0	0	0	0	0	0	0	0	0	0	0	0	0	0	0	0	0	0	0	0	0	0	0	0	0	0	0	0	0	0	0	0	0	0
